ethanol_SE,natgas_SE,ethane_SE,natgas_demand_SE,biowood_SE,bioherb_SE,elec_SE,ethylene_SE,h2_SE,co2_captured_SE,gasoline_SE,gasoline_demand_SE,jetfuel_SE,jetfuel_demand_SE,diesel_SE,diesel_demand_SE
14.058029999999999,14.058029999999999,14.058029999999999,26.614711219999997,86.55,86.4192,12.952084172065252,32.052380531452116,14.809897722455895,-6.1,94.95991,94.95991,75.68131,75.68131,97.34841,97.34841
14.058029999999999,14.058029999999999,14.058029999999999,26.614711219999997,86.55,86.4192,9.972880001280538,31.75743931854443,14.839689764163744,-6.1,94.95991,94.95991,75.68131,75.68131,97.34841,97.34841
14.058029999999999,14.058029999999999,14.058029999999999,26.614711219999997,86.55,86.4192,9.972880001280538,116.08234184025932,14.839689764163744,-6.1,94.95991,94.95991,75.68131,75.68131,97.34841,97.34841
14.058029999999999,14.058029999999999,14.058029999999999,26.614711219999997,86.55,169.9262060605,9.972880001280538,31.75743931854443,14.839689764163744,-6.1,94.95991,94.95991,75.68131,75.68131,97.34841,97.34841
14.058029999999999,14.058029999999999,14.058029999999999,26.614711219999997,86.55,86.4192,9.972880001280538,31.75743931854443,14.839689764163744,58.06537833231503,94.95991,94.95991,75.68131,75.68131,97.34841,97.34841
14.058029999999999,14.058029999999999,14.058029999999999,26.614711219999997,86.55,86.4192,9.972880001280538,116.08234184025932,14.839689764163744,-6.1,94.95991,94.95991,75.68131,75.68131,97.34841,97.34841
14.058029999999999,14.058029999999999,14.058029999999999,26.614711219999997,86.55,169.9262060605,13.297953481644974,32.126515453545444,15.20537763380945,-6.1,94.95991,94.95991,75.68131,75.68131,97.34841,97.34841
14.058029999999999,14.058029999999999,14.058029999999999,26.614711219999997,86.55,86.4192,0.0,30.77012419841766,14.93941856417655,-6.1,94.95991,94.95991,75.68131,75.68131,97.34841,97.34841
14.058029999999999,14.058029999999999,14.058029999999999,26.614711219999997,86.55,86.4192,0.0,102.63781516351843,14.93941856417655,-6.1,94.95991,94.95991,75.68131,75.68131,97.34841,97.34841
14.058029999999999,14.058029999999999,14.058029999999999,26.614711219999997,86.55,86.4192,9.972880001280538,31.75743931854443,14.839689764163744,-6.1,94.95991,94.95991,75.68131,75.68131,97.34841,97.34841
14.058029999999999,14.058029999999999,14.058029999999999,26.614711219999997,86.55,86.4192,9.972880001280538,31.75743931854443,14.839689764163744,-4.700476796691511,94.95991,94.95991,75.68131,75.68131,97.34841,97.34841
14.058029999999999,14.058029999999999,14.058029999999999,26.614711219999997,86.55,169.9262060605,9.972880001280538,116.08234184025932,14.839689764163744,-6.1,94.95991,94.95991,75.68131,75.68131,97.34841,97.34841
14.058029999999999,14.058029999999999,14.058029999999999,26.614711219999997,86.55,86.4192,9.972880001280538,31.75743931854443,14.839689764163744,-6.1,94.95991,94.95991,75.68131,75.68131,97.34841,97.34841
14.058029999999999,14.058029999999999,14.058029999999999,26.614711219999997,86.55,86.4192,0.0,30.77012419841766,14.93941856417655,-6.1,94.95991,94.95991,75.68131,75.68131,97.34841,97.34841
14.058029999999999,14.058029999999999,14.058029999999999,26.614711219999997,86.55,86.4192,0.0,102.63781516351843,14.93941856417655,24.64,94.95991,94.95991,75.68131,75.68131,97.34841,97.34841
14.058029999999999,14.058029999999999,14.058029999999999,26.614711219999997,86.55,86.4192,0.0,30.77012419841766,14.93941856417655,24.64,94.95991,94.95991,75.68131,75.68131,97.34841,97.34841
14.058029999999999,14.058029999999999,14.058029999999999,26.614711219999997,86.55,86.4192,13.297953481644974,32.126515453545444,15.20537763380945,-5.555812882572402,94.95991,94.95991,75.68131,75.68131,97.34841,97.34841
14.058029999999999,14.058029999999999,14.058029999999999,26.614711219999997,86.55,86.4192,13.297953481644974,120.55675176426952,15.20537763380945,-6.1,94.95991,94.95991,75.68131,75.68131,97.34841,97.34841
14.058029999999999,14.058029999999999,14.058029999999999,26.614711219999997,86.55,86.4192,13.297953481644974,32.126515453545444,15.20537763380945,-6.1,94.95991,94.95991,75.68131,75.68131,97.34841,97.34841
14.058029999999999,14.058029999999999,14.058029999999999,26.614711219999997,86.55,86.4192,12.952084172065252,32.052380531452116,14.809897722455899,58.29598030731823,94.95991,94.95991,75.68131,75.68131,97.34841,97.34841
14.058029999999999,14.058029999999999,14.058029999999999,26.614711219999997,86.55,111.9207168089445,9.972880001280538,116.08234184025932,14.839689764163744,-6.1,94.95991,94.95991,75.68131,75.68131,97.34841,97.34841
14.058029999999999,14.058029999999999,14.058029999999999,26.614711219999997,86.55,86.4192,9.972880001280538,31.75743931854443,14.839689764163744,-6.1,94.95991,94.95991,75.68131,75.68131,97.34841,97.34841
14.058029999999999,14.058029999999999,14.058029999999999,26.614711219999997,86.55,86.4192,12.952084172065252,32.052380531452116,14.809897722455895,-6.1,94.95991,94.95991,75.68131,75.68131,97.34841,97.34841
14.058029999999999,14.058029999999999,14.058029999999999,26.614711219999997,86.55,86.4192,12.952084172065252,32.052380531452116,14.809897722455899,-6.1,94.95991,94.95991,75.68131,75.68131,97.34841,97.34841
14.058029999999999,14.058029999999999,14.058029999999999,26.614711219999997,86.55,86.4192,13.297953481644974,32.126515453545444,15.20537763380945,57.50652164611216,94.95991,94.95991,75.68131,75.68131,97.34841,97.34841
14.058029999999999,14.058029999999999,14.058029999999999,26.614711219999997,86.55,86.4192,13.297953481644974,32.126515453545444,15.20537763380945,-6.1,94.95991,94.95991,75.68131,75.68131,97.34841,97.34841
14.058029999999999,14.058029999999999,14.058029999999999,26.614711219999997,86.55,86.4192,13.297953481644974,120.55675176426952,15.20537763380945,57.50652164611216,94.95991,94.95991,75.68131,75.68131,97.34841,97.34841
14.058029999999999,14.058029999999999,14.058029999999999,26.614711219999997,86.55,86.4192,13.297953481644974,32.126515453545444,15.20537763380945,-6.1,94.95991,94.95991,75.68131,75.68131,97.34841,97.34841
14.058029999999999,14.058029999999999,14.058029999999999,26.614711219999997,86.55,86.4192,13.297953481644974,32.126515453545444,15.20537763380945,57.50652164611216,94.95991,94.95991,75.68131,75.68131,97.34841,97.34841
14.058029999999999,14.058029999999999,14.058029999999999,26.614711219999997,86.55,86.4192,151.8173983449609,307.2111233488177,17.97576653107577,-6.1,94.95991,94.95991,75.68131,75.68131,97.34841,97.34841
14.058029999999999,14.058029999999999,14.058029999999999,26.614711219999997,86.55,86.4192,151.8173983449609,46.25549882960367,17.97576653107577,-6.1,94.95991,94.95991,75.68131,75.68131,97.34841,97.34841
14.058029999999999,14.058029999999999,14.058029999999999,26.614711219999997,86.55,86.4192,9.972880001280538,31.682904430529923,14.094340884018658,-6.1,94.95991,94.95991,75.68131,75.68131,97.34841,97.34841
14.058029999999999,14.058029999999999,14.058029999999999,26.614711219999997,86.55,86.4192,0.0,102.65304334176773,14.194069684031465,-6.1,94.95991,94.95991,75.68131,75.68131,97.34841,97.34841
14.058029999999999,14.058029999999999,14.058029999999999,26.614711219999997,86.55,86.4192,0.0,30.695589310403143,14.194069684031465,-6.1,94.95991,94.95991,75.68131,75.68131,97.34841,97.34841
14.058029999999999,14.058029999999999,14.058029999999999,26.614711219999997,86.55,86.4192,0.0,30.695589310403143,14.194069684031465,-6.1,94.95991,94.95991,75.68131,75.68131,97.34841,97.34841
14.058029999999999,14.058029999999999,14.058029999999999,26.614711219999997,86.55,86.4192,0.0,102.65304334176773,14.194069684031465,-6.1,94.95991,94.95991,75.68131,75.68131,97.34841,97.34841
14.058029999999999,14.058029999999999,14.058029999999999,26.614711219999997,86.55,86.4192,0.0,30.695589310403143,14.194069684031465,-6.1,94.95991,94.95991,75.68131,75.68131,97.34841,97.34841
14.058029999999999,14.058029999999999,14.058029999999999,26.614711219999997,86.55,86.4192,0.0,30.695589310403143,14.194069684031465,-6.1,94.95991,94.95991,75.68131,75.68131,97.34841,97.34841
14.058029999999999,14.058029999999999,14.058029999999999,26.614711219999997,86.55,86.4192,0.0,102.65304334176773,14.194069684031465,-6.1,94.95991,94.95991,75.68131,75.68131,97.34841,97.34841
14.058029999999999,14.058029999999999,14.058029999999999,26.614711219999997,86.55,86.4192,0.0,30.695589310403143,14.194069684031465,-6.1,94.95991,94.95991,75.68131,75.68131,97.34841,97.34841
14.058029999999999,14.058029999999999,14.058029999999999,26.614711219999997,86.55,86.4192,0.0,30.695589310403143,14.194069684031465,-6.1,94.95991,94.95991,75.68131,75.68131,97.34841,97.34841
14.058029999999999,14.058029999999999,14.058029999999999,26.614711219999997,86.55,86.4192,12.634499633478972,119.67797866185407,14.446759676701042,-6.1,94.95991,94.95991,75.68131,75.68131,97.34841,97.34841
14.058029999999999,14.058029999999999,14.058029999999999,26.614711219999997,86.55,86.4192,12.634499633478972,31.984308273018,14.446759676701042,-6.1,94.95991,94.95991,75.68131,75.68131,97.34841,97.34841
14.058029999999999,14.058029999999999,14.058029999999999,26.614711219999997,86.55,86.4192,9.972880001280538,31.682904430529923,14.094340884018658,-6.1,94.95991,94.95991,75.68131,75.68131,97.34841,97.34841
14.058029999999999,14.058029999999999,14.058029999999999,26.614711219999997,86.55,86.4192,9.972880001280538,31.682904430529923,14.094340884018658,59.59036569938479,94.95991,94.95991,75.68131,75.68131,97.34841,97.34841
14.058029999999999,14.058029999999999,14.058029999999999,26.614711219999997,86.55,86.4192,9.972880001280538,31.682904430529923,14.094340884018658,-6.1,94.95991,94.95991,75.68131,75.68131,97.34841,97.34841
14.058029999999999,14.058029999999999,14.058029999999999,26.614711219999997,86.55,86.4192,9.972880001280538,31.682904430529923,14.094340884018658,-6.1,94.95991,94.95991,75.68131,75.68131,97.34841,97.34841
14.058029999999999,14.058029999999999,14.058029999999999,26.614711219999997,86.55,86.4192,9.972880001280538,31.682904430529923,14.094340884018658,-6.1,94.95991,94.95991,75.68131,75.68131,97.34841,97.34841
14.058029999999999,14.058029999999999,14.058029999999999,26.614711219999997,86.55,86.4192,9.972880001280538,31.682904430529923,14.094340884018658,-6.1,94.95991,94.95991,75.68131,75.68131,97.34841,97.34841
14.058029999999999,14.058029999999999,14.058029999999999,26.614711219999997,86.55,169.9262060605,9.972880001280538,31.682904430529923,14.094340884018658,-6.1,94.95991,94.95991,75.68131,75.68131,97.34841,97.34841
14.058029999999999,14.058029999999999,14.058029999999999,26.614711219999997,86.55,86.4192,9.972880001280538,116.09757001850862,14.094340884018658,-6.1,94.95991,94.95991,75.68131,75.68131,97.34841,97.34841
14.058029999999999,14.058029999999999,14.058029999999999,26.614711219999997,86.55,86.4192,9.972880001280538,31.682904430529923,14.094340884018658,33.28181085838124,94.95991,94.95991,75.68131,75.68131,97.34841,97.34841
14.058029999999999,14.058029999999999,14.058029999999999,26.614711219999997,86.55,86.4192,9.972880001280538,31.682904430529923,14.094340884018658,-6.1,94.95991,94.95991,75.68131,75.68131,97.34841,97.34841
14.058029999999999,14.058029999999999,14.058029999999999,26.614711219999997,86.55,86.4192,9.972880001280538,116.09757001850862,14.094340884018658,-6.1,94.95991,94.95991,75.68131,75.68131,97.34841,97.34841
14.058029999999999,14.058029999999999,14.058029999999999,26.614711219999997,86.55,169.9262060605,9.972880001280538,31.682904430529923,14.094340884018658,-6.1,94.95991,94.95991,75.68131,75.68131,97.34841,97.34841
14.058029999999999,14.058029999999999,14.058029999999999,26.614711219999997,86.55,86.4192,0.0,30.695589310403143,14.194069684031465,-6.1,94.95991,94.95991,75.68131,75.68131,97.34841,97.34841
14.058029999999999,14.058029999999999,14.058029999999999,26.614711219999997,86.55,86.55000000000001,0.0,102.65304334176773,14.194069684031465,58.90773364923863,94.95991,94.95991,75.68131,75.68131,97.34841,97.34841
14.058029999999999,14.058029999999999,14.058029999999999,26.614711219999997,86.55,86.4192,0.0,30.695589310403143,14.194069684031465,-6.1,94.95991,94.95991,75.68131,75.68131,97.34841,97.34841
14.058029999999999,14.058029999999999,14.058029999999999,26.614711219999997,86.55,86.4192,0.0,30.695589310403143,14.194069684031465,-6.1,94.95991,94.95991,75.68131,75.68131,97.34841,97.34841
14.058029999999999,14.058029999999999,14.058029999999999,26.614711219999997,86.55,86.4192,0.0,102.65304334176773,14.194069684031465,24.64,94.95991,94.95991,75.68131,75.68131,97.34841,97.34841
14.058029999999999,14.058029999999999,14.058029999999999,26.614711219999997,86.55,86.4192,0.0,30.695589310403143,14.194069684031465,-6.1,94.95991,94.95991,75.68131,75.68131,97.34841,97.34841
14.058029999999999,14.058029999999999,14.058029999999999,26.614711219999997,86.55,86.4192,0.0,30.695589310403143,14.194069684031465,-6.1,94.95991,94.95991,75.68131,75.68131,97.34841,97.34841
14.058029999999999,14.058029999999999,14.058029999999999,26.614711219999997,86.55,86.4192,0.0,102.65304334176773,14.194069684031465,-6.1,94.95991,94.95991,75.68131,75.68131,97.34841,97.34841
14.058029999999999,14.058029999999999,14.058029999999999,26.614711219999997,86.55,86.4192,0.0,30.695589310403143,14.194069684031465,-6.1,94.95991,94.95991,75.68131,75.68131,97.34841,97.34841
14.058029999999999,14.058029999999999,14.058029999999999,26.614711219999997,86.55,86.4192,0.0,30.695589310403143,14.194069684031465,-6.1,94.95991,94.95991,75.68131,75.68131,97.34841,97.34841
14.058029999999999,14.058029999999999,14.058029999999999,26.614711219999997,86.55,86.4192,12.634499633478972,31.984308273018,14.446759676701042,-6.1,94.95991,94.95991,75.68131,75.68131,97.34841,97.34841
14.058029999999999,14.058029999999999,14.058029999999999,26.614711219999997,86.55,86.4192,9.972880001280538,31.682904430529923,14.094340884018658,-6.1,94.95991,94.95991,75.68131,75.68131,97.34841,97.34841
14.058029999999999,14.058029999999999,14.058029999999999,26.614711219999997,86.55,86.4192,9.972880001280538,31.682904430529923,14.094340884018658,59.59036569938479,94.95991,94.95991,75.68131,75.68131,97.34841,97.34841
14.058029999999999,14.058029999999999,14.058029999999999,26.614711219999997,86.55,86.4192,9.972880001280538,116.09757001850862,14.094340884018658,-6.1,94.95991,94.95991,75.68131,75.68131,97.34841,97.34841
14.058029999999999,14.058029999999999,14.058029999999999,26.614711219999997,86.55,86.4192,9.972880001280538,31.682904430529923,14.094340884018658,-6.1,94.95991,94.95991,75.68131,75.68131,97.34841,97.34841
14.058029999999999,14.058029999999999,14.058029999999999,26.614711219999997,86.55,86.4192,13.297953481644974,32.126515453545444,15.20537763380945,-6.1,94.95991,94.95991,75.68131,75.68131,97.34841,97.34841
14.058029999999999,14.058029999999999,14.058029999999999,26.614711219999997,86.55,86.4192,13.65305880125366,121.02710400393076,15.611418344650975,-6.1,94.95991,94.95991,75.68131,75.68131,97.34841,97.34841
14.058029999999999,14.058029999999999,14.058029999999999,26.614711219999997,86.55,86.4192,13.65305880125366,32.202630056590465,15.611418344650975,-6.1,94.95991,94.95991,75.68131,75.68131,97.34841,97.34841
14.058029999999999,14.058029999999999,14.058029999999999,26.614711219999997,86.55,86.4192,13.65305880125366,32.202630056590465,15.611418344650975,-6.1,94.95991,94.95991,75.68131,75.68131,97.34841,97.34841
14.058029999999999,14.058029999999999,14.058029999999999,26.614711219999997,86.55,86.4192,13.65305880125366,32.202630056590465,15.611418344650975,-6.1,94.95991,94.95991,75.68131,75.68131,97.34841,97.34841
14.058029999999999,14.058029999999999,14.058029999999999,26.614711219999997,86.55,86.4192,13.65305880125366,32.202630056590465,15.611418344650975,69.79224924988006,94.95991,94.95991,75.68131,75.68131,97.34841,97.34841
14.058029999999999,14.058029999999999,14.058029999999999,26.614711219999997,86.55,86.4192,13.65305880125366,32.202630056590465,15.611418344650975,40.43426330424068,94.95991,94.95991,75.68131,75.68131,97.34841,97.34841
14.058029999999999,14.058029999999999,14.058029999999999,26.614711219999997,86.55,86.4192,13.65305880125366,32.202630056590465,15.611418344650975,-6.1,94.95991,94.95991,75.68131,75.68131,97.34841,97.34841
14.058029999999999,14.058029999999999,14.058029999999999,26.614711219999997,86.55,86.4192,13.65305880125366,32.202630056590465,15.611418344650975,-6.1,94.95991,94.95991,75.68131,75.68131,97.34841,97.34841
14.058029999999999,14.058029999999999,14.058029999999999,26.614711219999997,86.55,86.4192,9.972880001280538,31.797333178989366,15.238628368613094,-6.1,94.95991,94.95991,75.68131,75.68131,97.34841,97.34841
14.058029999999999,14.058029999999999,14.058029999999999,26.614711219999997,86.55,86.4192,9.972880001280538,116.07419114956814,15.238628368613094,-6.1,94.95991,94.95991,75.68131,75.68131,97.34841,97.34841
14.058029999999999,14.058029999999999,14.058029999999999,26.614711219999997,86.55,86.4192,9.972880001280538,31.797333178989366,15.238628368613094,-6.1,94.95991,94.95991,75.68131,75.68131,97.34841,97.34841
14.058029999999999,14.058029999999999,14.058029999999999,26.614711219999997,86.55,86.4192,9.972880001280538,31.797333178989366,15.238628368613094,-6.1,94.95991,94.95991,75.68131,75.68131,97.34841,97.34841
14.058029999999999,14.058029999999999,14.058029999999999,26.614711219999997,86.55,86.4192,9.972880001280538,116.07419114956814,15.238628368613094,-6.1,94.95991,94.95991,75.68131,75.68131,97.34841,97.34841
14.058029999999999,14.058029999999999,14.058029999999999,26.614711219999997,86.55,86.4192,9.972880001280538,31.797333178989366,15.238628368613094,-6.1,94.95991,94.95991,75.68131,75.68131,97.34841,97.34841
14.058029999999999,14.058029999999999,14.058029999999999,26.614711219999997,86.55,86.4192,9.972880001280538,31.797333178989366,15.238628368613094,-6.1,94.95991,94.95991,75.68131,75.68131,97.34841,97.34841
14.058029999999999,14.058029999999999,14.058029999999999,26.614711219999997,86.55,86.4192,9.972880001280538,31.797333178989366,15.238628368613094,-6.1,94.95991,94.95991,75.68131,75.68131,97.34841,97.34841
14.058029999999999,14.058029999999999,14.058029999999999,26.614711219999997,86.55,86.4192,9.972880001280506,31.797333178989362,15.238628368613098,-6.1,94.95991,94.95991,75.68131,75.68131,97.34841,97.34841
14.058029999999999,14.058029999999999,14.058029999999999,26.614711219999997,86.55,86.4192,13.65305880125366,32.202630056590465,15.611418344650975,-6.1,94.95991,94.95991,75.68131,75.68131,97.34841,97.34841
14.058029999999999,14.058029999999999,14.058029999999999,26.614711219999997,169.9262060605,86.4192,263.87406507150615,458.1988615771239,20.615838470056023,-6.1,94.95991,94.95991,75.68131,75.68131,97.34841,97.34841
14.058029999999999,14.058029999999999,14.058029999999999,26.614711219999997,86.55,86.4192,13.65305880125366,32.202630056590465,15.611418344650975,1.5321534962361316,94.95991,94.95991,75.68131,75.68131,97.34841,97.34841
14.058029999999999,14.058029999999999,14.058029999999999,26.614711219999997,86.55,86.4192,13.297953481644974,32.126515453545444,15.20537763380945,-6.1,94.95991,94.95991,75.68131,75.68131,97.34841,97.34841
14.058029999999999,14.058029999999999,14.058029999999999,26.614711219999997,86.55,86.4192,9.972880001280538,31.797333178989366,15.238628368613094,-6.1,94.95991,94.95991,75.68131,75.68131,97.34841,97.34841
14.058029999999999,14.058029999999999,14.058029999999999,26.614711219999997,86.55,86.4192,9.972880001280538,31.797333178989366,15.238628368613094,-6.1,94.95991,94.95991,75.68131,75.68131,97.34841,97.34841
14.058029999999999,14.058029999999999,14.058029999999999,26.614711219999997,86.55,86.4192,9.972880001280538,31.797333178989366,15.238628368613094,-6.1,94.95991,94.95991,75.68131,75.68131,97.34841,97.34841
14.058029999999999,14.058029999999999,14.058029999999999,26.614711219999997,86.55,86.4192,9.972880001280538,116.07419114956814,15.238628368613094,-6.1,94.95991,94.95991,75.68131,75.68131,97.34841,97.34841
14.058029999999999,14.058029999999999,14.058029999999999,26.614711219999997,86.55,86.4192,9.972880001280538,31.797333178989366,15.238628368613094,57.249148043080176,94.95991,94.95991,75.68131,75.68131,97.34841,97.34841
14.058029999999999,14.058029999999999,14.058029999999999,26.614711219999997,86.55,86.4192,9.972880001280538,31.797333178989366,15.238628368613094,-6.100000000000003,94.95991,94.95991,75.68131,75.68131,97.34841,97.34841
14.058029999999999,14.058029999999999,14.058029999999999,26.614711219999997,86.55,86.4192,9.972880001280538,116.07419114956814,15.238628368613094,-6.1,94.95991,94.95991,75.68131,75.68131,97.34841,97.34841
14.058029999999999,14.058029999999999,14.058029999999999,26.614711219999997,86.55,86.4192,13.297953481644974,32.126515453545444,15.20537763380945,-6.1,94.95991,94.95991,75.68131,75.68131,97.34841,97.34841
14.058029999999999,14.058029999999999,14.058029999999999,26.614711219999997,86.55,86.4192,13.297953481644974,32.126515453545444,15.20537763380945,-6.1,94.95991,94.95991,75.68131,75.68131,97.34841,97.34841
14.058029999999999,14.058029999999999,14.058029999999999,26.614711219999997,86.55,86.4192,13.297953481644974,120.55675176426952,15.20537763380945,-6.1,94.95991,94.95991,75.68131,75.68131,97.34841,97.34841
14.058029999999999,14.058029999999999,14.058029999999999,26.614711219999997,86.55,86.4192,13.297953481644974,32.126515453545444,15.20537763380945,-6.1,94.95991,94.95991,75.68131,75.68131,97.34841,97.34841
14.058029999999999,14.058029999999999,14.058029999999999,26.614711219999997,86.55,86.4192,8.981300001699678,31.699166759030863,15.248544168608904,-6.1,94.95991,94.95991,75.68131,75.68131,97.34841,97.34841
14.058029999999999,14.058029999999999,14.058029999999999,26.614711219999997,86.55,86.4192,9.972880001280538,116.07419114956814,15.238628368613094,-6.1,94.95991,94.95991,75.68131,75.68131,97.34841,97.34841
14.058029999999999,14.058029999999999,14.058029999999999,26.614711219999997,86.55,86.4192,9.972880001280538,31.797333178989366,15.238628368613094,-6.1,94.95991,94.95991,75.68131,75.68131,97.34841,97.34841
14.058029999999999,14.058029999999999,14.058029999999999,26.614711219999997,86.55,86.4192,9.972880001280538,31.797333178989366,15.238628368613094,-6.1,94.95991,94.95991,75.68131,75.68131,97.34841,97.34841
14.058029999999999,14.058029999999999,14.058029999999999,26.614711219999997,86.55,86.4192,9.972880001280538,116.07419114956814,15.238628368613094,-6.1,94.95991,94.95991,75.68131,75.68131,97.34841,97.34841
14.058029999999999,14.058029999999999,14.058029999999999,26.614711219999997,86.55,86.4192,9.972880001280538,31.797333178989366,15.238628368613094,-6.1,94.95991,94.95991,75.68131,75.68131,97.34841,97.34841
14.058029999999999,14.058029999999999,14.058029999999999,26.614711219999997,86.55,86.4192,9.972880001280538,31.797333178989366,15.238628368613094,-4.700476796691511,94.95991,94.95991,75.68131,75.68131,97.34841,97.34841
14.058029999999999,14.058029999999999,14.058029999999999,26.614711219999997,86.55,86.4192,0.0,102.62966447282723,15.338357168625901,-6.1,94.95991,94.95991,75.68131,75.68131,97.34841,97.34841
14.058029999999999,14.058029999999999,14.058029999999999,26.614711219999997,86.55,86.4192,0.0,30.81001805886259,15.338357168625901,-6.1,94.95991,94.95991,75.68131,75.68131,97.34841,97.34841
14.058029999999999,14.058029999999999,14.058029999999999,26.614711219999997,86.55,86.55000000000003,32.50042634420826,36.242445344506855,37.16220368086028,13.765520808485537,94.95991,94.95991,75.68131,75.68131,97.34841,97.34841
14.058029999999999,14.058029999999999,14.058029999999999,26.614711219999997,86.55,86.4192,149.30329820924484,303.3776094560869,39.74408384049118,-6.1,94.95991,94.95991,75.68131,75.68131,97.34841,97.34841
14.058029999999999,14.058029999999999,14.058029999999999,26.614711219999997,86.55,86.4192,60.24901377937241,39.09738353512662,37.96299815189373,-6.1,94.95991,94.95991,75.68131,75.68131,97.34841,97.34841
14.058029999999999,14.058029999999999,14.058029999999999,26.614711219999997,86.55,86.4192,32.71923935304359,36.289346543641074,37.41240266336715,-6.1,94.95991,94.95991,75.68131,75.68131,97.34841,97.34841
14.058029999999999,14.058029999999999,14.058029999999999,26.614711219999997,86.55,86.4192,32.71923935304359,146.28107861124545,37.41240266336715,-6.1,94.95991,94.95991,75.68131,75.68131,97.34841,97.34841
14.058029999999999,14.058029999999999,14.058029999999999,26.614711219999997,86.55,86.4192,32.71923935304359,36.289346543641074,37.41240266336715,-6.1,94.95991,94.95991,75.68131,75.68131,97.34841,97.34841
14.058029999999999,14.058029999999999,14.058029999999999,26.614711219999997,86.55,86.4192,32.652970633958645,36.275142258408145,37.3366285301228,-6.1,94.95991,94.95991,75.68131,75.68131,97.34841,97.34841
14.058029999999999,14.058029999999999,14.058029999999999,26.614711219999997,86.55,86.4192,32.652970633958645,146.19330284805656,37.3366285301228,-6.1,94.95991,94.95991,75.68131,75.68131,97.34841,97.34841
14.058029999999999,14.058029999999999,14.058029999999999,26.614711219999997,86.55,86.4192,32.719239353043555,36.28934654364107,37.41240266336712,-6.1,94.95991,94.95991,75.68131,75.68131,97.34841,97.34841
14.058029999999999,14.058029999999999,14.058029999999999,26.614711219999997,86.55,86.4192,32.71923935304359,36.289346543641074,37.41240266336715,-6.1,94.95991,94.95991,75.68131,75.68131,97.34841,97.34841
14.058029999999999,14.058029999999999,14.058029999999999,26.614711219999997,104.80211895425167,86.4192,32.71923935304359,36.289346543641074,37.41240266336715,25.72825095311956,94.95991,94.95991,75.68131,75.68131,97.34841,97.34841
14.058029999999999,14.058029999999999,14.058029999999999,26.614711219999997,86.55,86.4192,58.504756584939315,38.91946930129444,37.92811300800506,-6.1,94.95991,94.95991,75.68131,75.68131,97.34841,97.34841
14.058029999999999,14.058029999999999,14.058029999999999,26.614711219999997,86.55,86.4192,60.24901377937241,39.09738353512662,37.96299815189373,-1.4358456417292553,94.95991,94.95991,75.68131,75.68131,97.34841,97.34841
14.058029999999999,14.058029999999999,14.058029999999999,26.614711219999997,86.55,86.4192,147.14269194331203,300.4662015652505,39.700871715172525,15.099564328212512,94.95991,94.95991,75.68131,75.68131,97.34841,97.34841
14.058029999999999,14.058029999999999,14.058029999999999,26.614711219999997,86.55,86.4192,107.20007407709986,43.886391685494814,38.902019357848275,14.370226560818118,94.95991,94.95991,75.68131,75.68131,97.34841,97.34841
14.058029999999999,14.058029999999999,14.058029999999999,26.614711219999997,86.55,86.4192,13.297953481644974,34.268481524313486,36.62503834148983,13.771101180630861,94.95991,94.95991,75.68131,75.68131,97.34841,97.34841
14.058029999999999,14.058029999999999,14.058029999999999,26.614711219999997,86.55,86.4192,0.0,102.19204067008826,36.75801787630628,12.652480327818088,94.95991,94.95991,75.68131,75.68131,97.34841,97.34841
14.058029999999999,14.058029999999999,14.058029999999999,26.614711219999997,86.55,86.4192,0.0,32.95198412963063,36.75801787630628,-6.1,94.95991,94.95991,75.68131,75.68131,97.34841,97.34841
14.058029999999999,14.058029999999999,14.058029999999999,26.614711219999997,86.55,86.4192,0.0,32.95198412963063,36.75801787630628,-6.1,94.95991,94.95991,75.68131,75.68131,97.34841,97.34841
14.058029999999999,14.058029999999999,14.058029999999999,26.614711219999997,86.55,86.4192,0.0,102.19204067008826,36.75801787630628,12.652480327818088,94.95991,94.95991,75.68131,75.68131,97.34841,97.34841
14.058029999999999,14.058029999999999,14.058029999999999,26.614711219999997,86.55,86.4192,0.0,32.95198412963063,36.75801787630628,-6.1,94.95991,94.95991,75.68131,75.68131,97.34841,97.34841
14.058029999999999,14.058029999999999,14.058029999999999,26.614711219999997,86.55,86.4192,0.0,32.95198412963063,36.75801787630628,12.741787927635388,94.95991,94.95991,75.68131,75.68131,97.34841,97.34841
14.058029999999999,14.058029999999999,14.058029999999999,26.614711219999997,86.55,86.4192,0.0,102.19204067008826,36.75801787630628,12.652480327818088,94.95991,94.95991,75.68131,75.68131,97.34841,97.34841
14.058029999999999,14.058029999999999,14.058029999999999,26.614711219999997,86.55,86.4192,0.0,32.95198412963063,36.75801787630628,12.652480327818088,94.95991,94.95991,75.68131,75.68131,97.34841,97.34841
14.058029999999999,14.058029999999999,14.058029999999999,26.614711219999997,86.55,86.4192,0.0,32.95198412963063,36.75801787630628,-6.1,94.95991,94.95991,75.68131,75.68131,97.34841,97.34841
14.058029999999999,14.058029999999999,14.058029999999999,26.614711219999997,86.55,86.4192,32.71923935304359,146.28107861124545,37.41240266336715,-6.1,94.95991,94.95991,75.68131,75.68131,97.34841,97.34841
14.058029999999999,14.058029999999999,14.058029999999999,26.614711219999997,86.55,86.4192,32.71923935304359,36.289346543641074,37.41240266336715,13.17676494822698,94.95991,94.95991,75.68131,75.68131,97.34841,97.34841
14.058029999999999,14.058029999999999,14.058029999999999,26.614711219999997,86.55,86.4192,32.71923935304359,36.289346543641074,37.41240266336716,-6.1,94.95991,94.95991,75.68131,75.68131,97.34841,97.34841
14.058029999999999,14.058029999999999,14.058029999999999,26.614711219999997,86.55,86.4192,31.868237675181575,145.15389035740864,36.43933549955446,-6.1,94.95991,94.95991,75.68131,75.68131,97.34841,97.34841
14.058029999999999,14.058029999999999,14.058029999999999,26.614711219999997,86.55,86.4192,13.297953481644974,34.268481524313486,36.625038341489834,-6.1,94.95991,94.95991,75.68131,75.68131,97.34841,97.34841
14.058029999999999,14.058029999999999,14.058029999999999,26.614711219999997,102.65742299207493,169.9262060605,13.297953481644974,34.268481524313486,36.625038341489834,24.76892447316918,94.95991,94.95991,75.68131,75.68131,97.34841,97.34841
14.058029999999999,14.058029999999999,14.058029999999999,26.614711219999997,86.55,86.4192,13.297953481644974,34.268481524313486,36.625038341489834,24.76892447316918,94.95991,94.95991,75.68131,75.68131,97.34841,97.34841
14.058029999999999,14.058029999999999,14.058029999999999,26.614711219999997,95.01038047488947,86.4192,31.868237675181575,36.1069396594736,36.43933549955446,20.98509032661363,94.95991,94.95991,75.68131,75.68131,97.34841,97.34841
14.058029999999999,14.058029999999999,14.058029999999999,26.614711219999997,86.55,86.4192,31.868237675181575,36.1069396594736,36.43933549955446,29.830891294470366,94.95991,94.95991,75.68131,75.68131,97.34841,97.34841
14.058029999999999,14.058029999999999,14.058029999999999,26.614711219999997,86.55,86.4192,32.71923935304359,146.28107861124545,37.41240266336715,13.17676494822698,94.95991,94.95991,75.68131,75.68131,97.34841,97.34841
14.058029999999999,14.058029999999999,14.058029999999999,26.614711219999997,86.55,86.4192,32.71923935304359,36.289346543641074,37.41240266336715,-6.1,94.95991,94.95991,75.68131,75.68131,97.34841,97.34841
14.058029999999999,14.058029999999999,14.058029999999999,26.614711219999997,86.55,86.4192,32.71923935304359,36.289346543641074,37.41240266336715,13.26607254804428,94.95991,94.95991,75.68131,75.68131,97.34841,97.34841
14.058029999999999,14.058029999999999,14.058029999999999,26.614711219999997,86.55,86.4192,120.77515789039538,264.9360599036395,39.17352103411419,14.58775018926427,94.95991,94.95991,75.68131,75.68131,97.34841,97.34841
14.058029999999999,14.058029999999999,14.058029999999999,26.614711219999997,86.55,86.4192,120.77515789039538,45.27105023445096,39.17352103411419,14.58775018926427,94.95991,94.95991,75.68131,75.68131,97.34841,97.34841
14.058029999999999,14.058029999999999,14.058029999999999,26.614711219999997,86.55,86.4192,9.972880001280538,33.939299249757404,36.65828907629348,13.513727577598848,94.95991,94.95991,75.68131,75.68131,97.34841,97.34841
14.058029999999999,14.058029999999999,14.058029999999999,26.614711219999997,86.55,86.4192,9.972880001280538,33.939299249757404,36.65828907629348,13.42441997778156,94.95991,94.95991,75.68131,75.68131,97.34841,97.34841
14.058029999999999,14.058029999999999,14.058029999999999,26.614711219999997,86.55,86.4192,13.297953481644974,34.268481524313486,36.62503834148983,24.768924473169207,94.95991,94.95991,75.68131,75.68131,97.34841,97.34841
14.058029999999999,14.058029999999999,14.058029999999999,26.614711219999997,86.55,86.4192,13.297953481644974,34.268481524313486,36.62503834148983,13.681793580813562,94.95991,94.95991,75.68131,75.68131,97.34841,97.34841
14.058029999999999,14.058029999999999,14.058029999999999,26.614711219999997,86.55,86.4192,10.656867268668718,34.00701398922883,36.65144920361959,-6.1,94.95991,94.95991,75.68131,75.68131,97.34841,97.34841
14.058029999999999,14.058029999999999,14.058029999999999,26.614711219999997,86.55,86.4192,9.972880001280538,33.939299249757404,36.65828907629348,13.42441997778156,94.95991,94.95991,75.68131,75.68131,97.34841,97.34841
14.058029999999999,14.058029999999999,14.058029999999999,26.614711219999997,86.55,86.4192,9.972880001280538,33.939299249757404,36.65828907629348,-6.1,94.95991,94.95991,75.68131,75.68131,97.34841,97.34841
14.058029999999999,14.058029999999999,14.058029999999999,26.614711219999997,86.55,86.4192,9.972880001280538,115.63656734682917,36.65828907629348,13.42441997778156,94.95991,94.95991,75.68131,75.68131,97.34841,97.34841
14.058029999999999,14.058029999999999,14.058029999999999,26.614711219999997,86.55,86.4192,9.972880001280538,33.939299249757404,36.65828907629348,13.42441997778156,94.95991,94.95991,75.68131,75.68131,97.34841,97.34841
14.058029999999999,14.058029999999999,14.058029999999999,26.614711219999997,86.55,86.4192,32.71923935304359,36.289346543641074,37.41240266336715,13.26607254804428,94.95991,94.95991,75.68131,75.68131,97.34841,97.34841
14.058029999999999,14.058029999999999,14.058029999999999,26.614711219999997,86.55,86.4192,32.71923935304359,146.28107861124545,37.41240266336715,13.17676494822698,94.95991,94.95991,75.68131,75.68131,97.34841,97.34841
14.058029999999999,14.058029999999999,14.058029999999999,26.614711219999997,86.55,86.4192,32.71923935304359,36.289346543641074,37.41240266336715,13.17676494822698,94.95991,94.95991,75.68131,75.68131,97.34841,97.34841
14.058029999999999,14.058029999999999,14.058029999999999,26.614711219999997,86.55,86.4192,32.71923935304359,36.289346543641074,37.41240266336715,11.85783822620422,94.95991,94.95991,75.68131,75.68131,97.34841,97.34841
14.058029999999999,14.058029999999999,14.058029999999999,26.614711219999997,86.55,86.4192,32.71923935304359,146.28107861124545,37.41240266336715,-6.1,94.95991,94.95991,75.68131,75.68131,97.34841,97.34841
14.058029999999999,14.058029999999999,14.058029999999999,26.614711219999997,86.55,86.4192,32.71923935304359,36.289346543641074,37.41240266336715,-6.1,94.95991,94.95991,75.68131,75.68131,97.34841,97.34841
14.058029999999999,14.058029999999999,14.058029999999999,26.614711219999997,86.55,86.4192,32.71923935304359,36.289346543641074,37.41240266336715,13.17676494822698,94.95991,94.95991,75.68131,75.68131,97.34841,97.34841
14.058029999999999,14.058029999999999,14.058029999999999,26.614711219999997,86.55,86.4192,32.71923935304359,146.28107861124545,37.41240266336715,13.17676494822698,94.95991,94.95991,75.68131,75.68131,97.34841,97.34841
14.05803,14.05803,14.05803,26.614711220000004,86.55,86.4192,57.813213210684765,179.82259986070872,51.25206224151092,-6.1,94.95991,94.95991,75.68131,75.68131,97.34841,97.34841
14.05803,14.05803,14.05803,26.614711220000004,86.55,86.4192,57.813213210684765,179.82259986070872,51.25206224151092,-6.1,94.95991,94.95991,75.68131,75.68131,97.34841,97.34841
14.05803,14.05803,14.05803,26.614711220000004,86.55,86.4192,57.813213210684765,179.82259986070872,51.25206224151092,-6.1,94.95991,94.95991,75.68131,75.68131,97.34841,97.34841
14.05803,14.05803,14.05803,26.614711220000004,86.55,86.4192,57.813213210684765,179.82259986070872,51.25206224151092,-6.1,94.95991,94.95991,75.68131,75.68131,97.34841,97.34841
14.05803,14.05803,14.05803,26.614711220000004,97.56524928871141,97.56524928871141,57.813213210684765,179.82259986070872,51.25206224151092,-6.1,94.95991,94.95991,75.68131,75.68131,97.34841,97.34841
14.05803,14.05803,14.05803,26.614711220000004,97.56524928871141,86.4192,57.813213210684765,179.82259986070872,51.25206224151092,-6.1,94.95991,94.95991,75.68131,75.68131,97.34841,97.34841
14.05803,14.05803,14.05803,26.614711220000004,86.55,86.4192,6.594645633083849,111.07993620330143,36.809729804688985,12.9222018987128,94.95991,94.95991,75.68131,75.68131,97.34841,97.34841
14.05803,14.05803,14.05803,26.614711220000004,86.55,86.4192,9.97288000128054,115.63416347543061,36.775947461007014,6.583282533070926,94.95991,94.95991,75.68131,75.68131,97.34841,97.34841
14.05803,14.05803,14.05803,26.614711220000004,86.55,86.4192,9.97288000128054,115.63416347543061,36.775947461007014,48.14375326491607,94.95991,94.95991,75.68131,75.68131,97.34841,97.34841
14.05803,14.05803,14.05803,26.614711220000004,86.55,154.34117780568954,9.97288000128054,115.63416347543061,36.775947461007014,23.342986591855272,94.95991,94.95991,75.68131,75.68131,97.34841,97.34841
14.05803,14.05803,14.05803,26.614711220000004,86.55,86.4192,0.0,102.18963679868969,36.87567626101982,20.624536666523998,94.95991,94.95991,75.68131,75.68131,97.34841,97.34841
14.05803,14.05803,14.05803,26.614711220000004,86.55,98.44765452325595,0.0,102.18963679868969,36.87567626101982,20.624536666523998,94.95991,94.95991,75.68131,75.68131,97.34841,97.34841
14.05803,14.05803,14.05803,26.614711220000004,86.55,86.4192,0.0,102.18963679868969,36.87567626101982,12.411750710993484,94.95991,94.95991,75.68131,75.68131,97.34841,97.34841
14.05803,14.05803,14.05803,26.614711220000004,86.55,86.4192,0.0,102.18963679868969,36.87567626101982,12.411750710993484,94.95991,94.95991,75.68131,75.68131,97.34841,97.34841
14.05803,14.05803,14.05803,26.614711220000004,86.55,86.4192,0.0,102.18963679868969,36.87567626101982,20.53289576866709,94.95991,94.95991,75.68131,75.68131,97.34841,97.34841
14.05803,14.05803,14.05803,26.614711220000004,86.55,86.4192,0.0,102.18963679868969,36.87567626101982,19.397250842358133,94.95991,94.95991,75.68131,75.68131,97.34841,97.34841
14.05803,14.05803,14.05803,26.614711220000004,86.55,86.4192,0.0,102.18963679868969,36.87567626101984,12.50105831081073,94.95991,94.95991,75.68131,75.68131,97.34841,97.34841
14.05803,14.05803,14.05803,26.614711220000004,86.55,86.4192,43.628211992495004,160.97772850061648,37.78451707344115,13.125923443804766,94.95991,94.95991,75.68131,75.68131,97.34841,97.34841
14.05803,14.05803,14.05803,26.614711220000004,86.55,86.4192,217.13242449090865,394.7739278942794,41.254601323409425,-6.1,94.95991,94.95991,75.68131,75.68131,97.34841,97.34841
14.05803,14.05803,14.05803,26.614711220000004,86.55,86.4192,32.85626074329257,146.46256932463754,37.569078048457136,12.86400888601955,94.95991,94.95991,75.68131,75.68131,97.34841,97.34841
14.05803,14.05803,14.05803,26.614711220000004,86.55,86.4192,32.719239353043584,146.28107861124545,37.412402663367146,27.047177675142354,94.95991,94.95991,75.68131,75.68131,97.34841,97.34841
14.05803,14.05803,14.05803,26.614711220000004,86.55,86.4192,32.67506020698697,146.22256143578622,37.36188657453759,13.366912976879869,94.95991,94.95991,75.68131,75.68131,97.34841,97.34841
14.05803,14.05803,14.05803,26.614711220000004,86.55,86.4192,32.67506020698697,146.22256143578622,37.36188657453759,13.277605377062562,94.95991,94.95991,75.68131,75.68131,97.34841,97.34841
14.05803,14.05803,14.05803,26.614711220000004,86.55,86.4192,32.67506020698697,146.22256143578622,37.36188657453759,13.277605377062573,94.95991,94.95991,75.68131,75.68131,97.34841,97.34841
14.05803,14.05803,14.05803,26.614711220000004,86.55,86.4192,32.71923935304359,146.28107861124545,37.412402663367146,25.72825095311959,94.95991,94.95991,75.68131,75.68131,97.34841,97.34841
14.05803,14.05803,14.05803,26.614711220000004,86.55,86.4192,32.71923935304359,146.28107861124545,37.412402663367146,13.266072548044285,94.95991,94.95991,75.68131,75.68131,97.34841,97.34841
14.05803,14.05803,14.05803,26.614711220000004,86.55,86.4192,32.71923935304359,146.28107861124545,37.41240266336715,13.26607254804427,94.95991,94.95991,75.68131,75.68131,97.34841,97.34841
14.05803,14.05803,14.05803,26.614711220000004,86.55,86.4192,32.856260743292545,146.4625693246375,37.5690780484571,12.953316485836908,94.95991,94.95991,75.68131,75.68131,97.34841,97.34841
14.05803,14.05803,14.05803,26.614711220000004,86.55,86.4192,43.62821199249501,160.97772850061648,37.78451707344115,26.576884593705678,94.95991,94.95991,75.68131,75.68131,97.34841,97.34841
14.05803,14.05803,14.05803,26.614711220000004,86.55,86.4192,43.62821199249501,160.97772850061648,37.78451707344115,13.03661584398747,94.95991,94.95991,75.68131,75.68131,97.34841,97.34841
14.05803,14.05803,14.05803,26.614711220000004,86.55,86.4192,32.71923935304359,146.28107861124545,37.41240266336715,39.76193556531939,94.95991,94.95991,75.68131,75.68131,97.34841,97.34841
14.05803,14.05803,14.05803,26.614711220000004,86.55,86.4192,19.94576000256108,129.07794898769387,36.71249523356565,-6.1,94.95991,94.95991,75.68131,75.68131,97.34841,97.34841
14.05803,14.05803,14.05803,26.614711220000004,98.32173689322956,86.4192,0.0,102.18889563421207,36.91195283359126,20.464340609709236,94.95991,94.95991,75.68131,75.68131,97.34841,97.34841
14.05803,14.05803,14.05803,26.614711220000004,86.55,86.4192,0.0,102.18889563421207,36.91195283359126,24.64,94.95991,94.95991,75.68131,75.68131,97.34841,97.34841
14.05803,14.05803,14.05803,26.614711220000004,86.55,86.4192,0.0,102.18889563421207,36.91195283359126,12.426836270145394,94.95991,94.95991,75.68131,75.68131,97.34841,97.34841
14.05803,14.05803,14.05803,26.614711220000004,86.55,86.4192,0.0,102.18889563421207,36.91195283359126,20.464340609709236,94.95991,94.95991,75.68131,75.68131,97.34841,97.34841
14.05803,14.05803,14.05803,26.614711220000004,86.55,86.4192,0.0,102.18889563421207,36.91195283359126,19.145413887686438,94.95991,94.95991,75.68131,75.68131,97.34841,97.34841
14.05803,14.05803,14.05803,26.614711220000004,86.55,86.4192,9.97288000128054,115.63342231095297,36.81222403357845,24.428443550284257,94.95991,94.95991,75.68131,75.68131,97.34841,97.34841
14.05803,14.05803,14.05803,26.614711220000004,86.55,86.4192,9.97288000128054,115.63342231095297,36.81222403357845,-6.1,94.95991,94.95991,75.68131,75.68131,97.34841,97.34841
14.05803,14.05803,14.05803,26.614711220000004,86.55,86.4192,6.594645633083849,111.07919503882381,36.846006377260416,4.05145393226623,94.95991,94.95991,75.68131,75.68131,97.34841,97.34841
14.05803,14.05803,14.05803,26.614711220000004,86.55,86.4192,32.71923935304359,146.28107861124545,37.41240266336715,25.72825095311955,94.95991,94.95991,75.68131,75.68131,97.34841,97.34841
14.05803,14.05803,14.05803,26.614711220000004,86.55,86.4192,60.24901377937242,183.35806060003867,38.906356922267435,-1.8977931196163051,94.95991,94.95991,75.68131,75.68131,97.34841,97.34841
14.05803,14.05803,14.05803,26.614711220000004,86.55,86.4192,186.32116387499275,353.2397546367926,41.427799924179844,-6.1,94.95991,94.95991,75.68131,75.68131,97.34841,97.34841
14.05803,14.05803,14.05803,26.614711220000004,86.55,86.4192,43.62821199249501,160.96159983005668,38.57394088652988,-6.1,94.95991,94.95991,75.68131,75.68131,97.34841,97.34841
14.05803,14.05803,14.05803,26.614711220000004,86.55,86.4192,33.55894680156588,147.39330717348702,38.3725555827113,-6.1,94.95991,94.95991,75.68131,75.68131,97.34841,97.34841
14.05803,14.05803,14.05803,26.614711220000004,86.55,86.4192,32.71923935304359,146.28107861124545,37.41240266336715,13.176764948226987,94.95991,94.95991,75.68131,75.68131,97.34841,97.34841
14.05803,14.05803,14.05803,26.614711220000004,86.55,86.4192,32.71923935304359,146.28107861124545,37.41240266336715,-6.1,94.95991,94.95991,75.68131,75.68131,97.34841,97.34841
14.05803,14.05803,14.05803,26.614711220000004,86.55,86.4192,33.55894680156588,147.39330717348702,38.3725555827113,21.68005957716916,94.95991,94.95991,75.68131,75.68131,97.34841,97.34841
14.05803,14.05803,14.05803,26.614711220000004,86.55,120.25986760880585,43.62821199249501,160.96159983005668,38.57394088652988,23.090817056221134,94.95991,94.95991,75.68131,75.68131,97.34841,97.34841
14.05803,14.05803,14.05803,26.614711220000004,86.55,120.25986760880585,43.62821199249501,160.96159983005668,38.57394088652988,-6.1,94.95991,94.95991,75.68131,75.68131,97.34841,97.34841
14.05803,14.05803,14.05803,26.614711220000004,86.55,86.4192,60.24901377937242,183.35806060003867,38.906356922267435,-1.8977931196163011,94.95991,94.95991,75.68131,75.68131,97.34841,97.34841
14.05803,14.05803,14.05803,26.614711220000004,86.55,86.4192,60.24901377937242,183.35806060003867,38.906356922267435,11.530776105850743,94.95991,94.95991,75.68131,75.68131,97.34841,97.34841
14.05803,14.05803,14.05803,26.614711220000004,86.55,86.4192,86.93908075717894,219.32281402659038,39.44015826182357,-3.783406699687788,94.95991,94.95991,75.68131,75.68131,97.34841,97.34841
14.05803,14.05803,14.05803,26.614711220000004,86.55,86.4192,86.93908075717894,219.32281402659038,39.44015826182357,12.115453101638257,94.95991,94.95991,75.68131,75.68131,97.34841,97.34841
14.05803,14.05803,14.05803,26.614711220000004,86.55,86.4192,33.55894680156589,147.39330717348702,38.37255558271131,13.809797313817901,94.95991,94.95991,75.68131,75.68131,97.34841,97.34841
14.05803,14.05803,14.05803,26.614711220000004,86.55,86.4192,33.55894680156589,147.39330717348702,38.37255558271131,30.358738063355663,94.95991,94.95991,75.68131,75.68131,97.34841,97.34841
14.05803,14.05803,14.05803,26.614711220000004,86.55,86.4192,32.71923935304359,146.28107861124545,37.41240266336715,13.26607254804427,94.95991,94.95991,75.68131,75.68131,97.34841,97.34841
14.05803,14.05803,14.05803,26.614711220000004,86.55,86.4192,32.68610499350112,146.23719072965102,37.37451559674498,27.13364320705118,94.95991,94.95991,75.68131,75.68131,97.34841,97.34841
14.05803,14.05803,14.05803,26.614711220000004,86.55,86.4192,32.68610499350112,146.23719072965102,37.37451559674498,24.56906346978463,94.95991,94.95991,75.68131,75.68131,97.34841,97.34841
14.05803,14.05803,14.05803,26.614711220000004,86.55,86.4192,32.68610499350112,146.23719072965102,37.37451559674498,13.341702869670979,94.95991,94.95991,75.68131,75.68131,97.34841,97.34841
14.05803,14.05803,14.05803,26.614711220000004,86.55,86.4192,32.68610499350112,146.23719072965102,37.37451559674498,25.88799019180743,94.95991,94.95991,75.68131,75.68131,97.34841,97.34841
14.05803,14.05803,14.05803,26.614711220000004,86.55,86.4192,9.97288000128054,115.62878352014789,37.03927138456083,22.18015749229678,94.95991,94.95991,75.68131,75.68131,97.34841,97.34841
14.05803,14.05803,14.05803,26.614711220000004,86.55,86.4192,9.97288000128054,115.62806294357244,37.07454027456084,22.02441132594907,94.95991,94.95991,75.68131,75.68131,97.34841,97.34841
14.05803,14.05803,14.05803,26.614711220000004,86.55,86.4192,9.97288000128054,115.62878352014789,37.03927138456083,22.18015749229678,94.95991,94.95991,75.68131,75.68131,97.34841,97.34841
14.05803,14.05803,14.05803,26.614711220000004,86.55,86.4192,32.68610499350112,146.23719072965102,37.37451559674498,27.13364320705116,94.95991,94.95991,75.68131,75.68131,97.34841,97.34841
14.05803,14.05803,14.05803,26.614711220000004,86.55,86.4192,43.62821199249501,160.96159983005668,38.573940886529904,23.09081705622106,94.95991,94.95991,75.68131,75.68131,97.34841,97.34841
14.05803,14.05803,14.05803,26.614711220000004,86.55,86.4192,215.68970468999726,392.81374033669886,42.01517074047995,-6.1,94.95991,94.95991,75.68131,75.68131,97.34841,97.34841
14.05803,14.05803,14.05803,26.614711220000004,86.55,86.4192,33.5589468015659,147.39330717348702,38.37255558271132,11.349411255023753,94.95991,94.95991,75.68131,75.68131,97.34841,97.34841
14.05803,14.05803,14.05803,26.614711220000004,86.55,86.4192,32.71923935304359,146.28107861124545,37.41240266336715,11.857838226204178,94.95991,94.95991,75.68131,75.68131,97.34841,97.34841
14.05803,14.05803,14.05803,26.614711220000004,86.55,123.98814928504615,32.71923935304359,146.28107861124545,37.41240266336715,38.828085195206285,94.95991,94.95991,75.68131,75.68131,97.34841,97.34841
14.05803,14.05803,14.05803,26.614711220000004,86.55,86.4192,32.71923935304359,146.28107861124545,37.41240266336715,13.176764948226975,94.95991,94.95991,75.68131,75.68131,97.34841,97.34841
14.05803,14.05803,14.05803,26.614711220000004,86.55,86.4192,32.71923935304359,146.28107861124545,37.41240266336715,-6.1,94.95991,94.95991,75.68131,75.68131,97.34841,97.34841
14.05803,14.05803,14.05803,26.614711220000004,86.55,86.4192,32.71923935304359,146.28107861124545,37.41240266336715,25.728250953119556,94.95991,94.95991,75.68131,75.68131,97.34841,97.34841
14.05803,14.05803,14.05803,26.614711220000004,86.55,86.55,32.71923935304359,146.28107861124545,37.41240266336715,13.26607254804427,94.95991,94.95991,75.68131,75.68131,97.34841,97.34841
14.05803,14.05803,14.05803,26.614711220000004,86.55,86.4192,32.71923935304359,146.28107861124545,37.41240266336715,13.26607254804427,94.95991,94.95991,75.68131,75.68131,97.34841,97.34841
14.05803,14.05803,14.05803,26.614711220000004,86.55,151.54571024148856,32.71923935304359,146.28107861124545,37.41240266336715,25.728250953119556,94.95991,94.95991,75.68131,75.68131,97.34841,97.34841
14.05803,14.05803,14.05803,26.614711220000004,86.55,86.4192,33.5589468015659,147.39330717348702,38.37255558271132,-6.1,94.95991,94.95991,75.68131,75.68131,97.34841,97.34841
14.05803,14.05803,14.05803,26.614711220000004,86.55,86.4192,33.5589468015659,147.39330717348702,38.37255558271132,11.260103655206457,94.95991,94.95991,75.68131,75.68131,97.34841,97.34841
14.05803,14.05803,14.05803,26.614711220000004,86.55,86.4192,32.68610499350113,146.23719072965102,37.37451559674499,25.887990191807376,94.95991,94.95991,75.68131,75.68131,97.34841,97.34841
14.05803,14.05803,14.05803,26.614711220000004,86.55,86.4192,32.68610499350113,146.23719072965102,37.37451559674499,17.514098443413545,94.95991,94.95991,75.68131,75.68131,97.34841,97.34841
14.05803,14.05803,14.05803,26.614711220000004,86.55,86.4192,32.71923935304359,146.28107861124545,37.412402663367146,13.266072548044285,94.95991,94.95991,75.68131,75.68131,97.34841,97.34841
14.05803,14.05803,14.05803,26.614711220000004,86.55,104.92530495828834,32.68610499350113,146.23719072965102,37.37451559674499,25.887990191807376,94.95991,94.95991,75.68131,75.68131,97.34841,97.34841
14.05803,14.05803,14.05803,26.614711220000004,86.55,86.4192,32.68610499350113,146.23719072965102,37.37451559674499,25.887990191807376,94.95991,94.95991,75.68131,75.68131,97.34841,97.34841
14.05803,14.05803,14.05803,26.614711220000004,86.55,86.4192,32.71923935304359,146.28107861124545,37.412402663367146,13.266072548044285,94.95991,94.95991,75.68131,75.68131,97.34841,97.34841
14.05803,14.05803,14.05803,26.614711220000004,86.55,86.4192,32.71923935304359,146.28107861124545,37.41240266336715,25.728250953119556,94.95991,94.95991,75.68131,75.68131,97.34841,97.34841
14.05803,14.05803,14.05803,26.614711220000004,86.55,86.4192,32.719239353043584,146.28107861124545,37.412402663367146,-6.1,94.95991,94.95991,75.68131,75.68131,97.34841,97.34841
14.05803,14.05803,14.05803,26.614711220000004,86.55,86.4192,32.719239353043584,146.28107861124545,37.412402663367146,24.83473476523166,94.95991,94.95991,75.68131,75.68131,97.34841,97.34841
14.05803,14.05803,14.05803,26.614711220000004,86.55,86.4192,33.5589468015659,147.39330717348702,38.37255558271132,11.26010365520647,94.95991,94.95991,75.68131,75.68131,97.34841,97.34841
14.05803,14.05803,14.05803,26.614711220000004,86.55,86.4192,43.62821199249501,160.96159983005668,38.573940886529904,24.33647007146481,94.95991,94.95991,75.68131,75.68131,97.34841,97.34841
14.05803,14.05803,14.05803,26.614711220000004,86.55,86.4192,57.81321321068475,180.07582953924927,38.8576409108937,4.627722757402539,94.95991,94.95991,75.68131,75.68131,97.34841,97.34841
14.05803,14.05803,14.05803,26.614711220000004,86.55,86.4192,179.66173845273977,344.2662067819673,41.2946114157348,-6.1,94.95991,94.95991,75.68131,75.68131,97.34841,97.34841
14.05803,14.05803,14.05803,26.614711220000004,86.55,86.4192,57.813213210684765,180.0758295392493,38.8576409108937,5.2271205927464175,94.95991,94.95991,75.68131,75.68131,97.34841,97.34841
14.05803,14.05803,14.05803,26.614711220000004,86.55,86.4192,57.813213210684765,180.0758295392493,38.8576409108937,5.2271205927464175,94.95991,94.95991,75.68131,75.68131,97.34841,97.34841
14.05803,14.05803,14.05803,26.614711220000004,86.55,86.4192,43.628211992495004,160.96159983005668,38.573940886529904,-6.1,94.95991,94.95991,75.68131,75.68131,97.34841,97.34841
14.05803,14.05803,14.05803,26.614711220000004,86.55,86.4192,43.62821199249501,160.96159983005668,38.573940886529904,11.42145095370139,94.95991,94.95991,75.68131,75.68131,97.34841,97.34841
14.05803,14.05803,14.05803,26.614711220000004,86.55,86.4192,57.813213210684765,180.0758295392493,38.8576409108937,-6.1,94.95991,94.95991,75.68131,75.68131,97.34841,97.34841
14.05803,14.05803,14.05803,26.614711220000004,86.55,86.4192,43.62821199249501,160.96159983005668,38.573940886529904,11.510758553518686,94.95991,94.95991,75.68131,75.68131,97.34841,97.34841
14.05803,14.05803,14.05803,26.614711220000004,86.55,86.4192,43.62821199249501,160.96159983005668,38.573940886529904,-6.1,94.95991,94.95991,75.68131,75.68131,97.34841,97.34841
14.05803,14.05803,14.05803,26.614711220000004,86.55,86.55000000000001,43.62821199249501,160.96159983005668,38.573940886529904,11.510758553518686,94.95991,94.95991,75.68131,75.68131,97.34841,97.34841
14.05803,14.05803,14.05803,26.614711220000004,86.55,86.4192,43.62821199249501,160.96159983005668,38.573940886529904,11.42145095370139,94.95991,94.95991,75.68131,75.68131,97.34841,97.34841
14.05803,14.05803,14.05803,26.614711220000004,86.55,86.4192,43.62821199249501,160.96159983005668,38.573940886529904,-6.1,94.95991,94.95991,75.68131,75.68131,97.34841,97.34841
14.05803,14.05803,14.05803,26.614711220000004,86.55,86.4192,32.5867019148737,146.1055270848677,37.260854396878436,26.36720790787102,94.95991,94.95991,75.68131,75.68131,97.34841,97.34841
14.05803,14.05803,14.05803,26.614711220000004,86.55,86.4192,0.0,102.18963679868969,36.875676261019834,-6.1,94.95991,94.95991,75.68131,75.68131,97.34841,97.34841
14.05803,14.05803,14.05803,26.614711220000004,86.55,86.4192,0.0,83315.09238719362,36.875676261019834,20.624536666523944,94.95991,94.95991,75.68131,75.68131,97.34841,97.34841
14.05803,14.05803,14.05803,26.614711220000004,86.55,86.4192,0.0,102.18963679868969,36.875676261019834,12.41175071099346,94.95991,94.95991,75.68131,75.68131,97.34841,97.34841
14.05803,14.05803,14.05803,26.614711220000004,86.55,86.4192,0.0,102.18963679868969,36.875676261019834,-6.1,94.95991,94.95991,75.68131,75.68131,97.34841,97.34841
14.05803,14.05803,14.05803,26.614711220000004,86.55,86.4192,0.0,102.18963679868969,36.875676261019834,20.624536666523944,94.95991,94.95991,75.68131,75.68131,97.34841,97.34841
14.05803,14.05803,14.05803,26.614711220000004,86.55,86.4192,0.0,102.18963679868969,36.875676261019834,20.624536666523944,94.95991,94.95991,75.68131,75.68131,97.34841,97.34841
14.05803,14.05803,14.05803,26.614711220000004,86.55,86.4192,0.0,102.18963679868969,36.875676261019834,-6.1,94.95991,94.95991,75.68131,75.68131,97.34841,97.34841
14.05803,14.05803,14.05803,26.614711220000004,86.55,86.4192,0.0,102.18963679868969,36.875676261019834,20.624536666523944,94.95991,94.95991,75.68131,75.68131,97.34841,97.34841
14.05803,14.05803,14.05803,26.614711220000004,86.55,86.4192,0.0,102.18963679868969,36.87567626101983,21.87018968176771,94.95991,94.95991,75.68131,75.68131,97.34841,97.34841
14.05803,14.05803,14.05803,26.614711220000004,86.55,86.4192,0.0,102.18963679868969,36.87567626101983,20.62453666652396,94.95991,94.95991,75.68131,75.68131,97.34841,97.34841
14.05803,14.05803,14.05803,26.614711220000004,86.55,86.4192,0.0,32.96374996810198,36.87567626101983,12.501058310810768,94.95991,94.95991,75.68131,75.68131,97.34841,97.34841
14.05803,14.05803,14.05803,26.614711220000004,86.55,86.4192,32.71923935304359,146.28107861124545,37.41240266336715,27.047177675142354,94.95991,94.95991,75.68131,75.68131,97.34841,97.34841
14.05803,14.05803,14.05803,26.614711220000004,86.55,86.4192,162.70864680976695,321.4320289634307,40.46403326958185,-6.1,94.95991,94.95991,75.68131,75.68131,97.34841,97.34841
14.05803,14.05803,14.05803,26.614711220000004,86.55,86.4192,57.813213210684765,180.08587167955523,38.366124597600205,-6.1,94.95991,94.95991,75.68131,75.68131,97.34841,97.34841
14.05803,14.05803,14.05803,26.614711220000004,86.55,86.4192,57.813213210684765,180.08587167955523,38.366124597600205,5.2271205927464175,94.95991,94.95991,75.68131,75.68131,97.34841,97.34841
14.05803,14.05803,14.05803,26.614711220000004,86.55,86.4192,57.813213210684765,180.08587167955523,38.366124597600205,-6.1,94.95991,94.95991,75.68131,75.68131,97.34841,97.34841
14.05803,14.05803,14.05803,26.614711220000004,86.55,86.4192,57.813213210684765,180.08587167955523,38.366124597600205,-6.1,94.95991,94.95991,75.68131,75.68131,97.34841,97.34841
14.05803,14.05803,14.05803,26.614711220000004,86.55,86.4192,57.813213210684765,180.08587167955523,38.366124597600205,12.654392464232082,94.95991,94.95991,75.68131,75.68131,97.34841,97.34841
14.05803,14.05803,14.05803,26.614711220000004,86.55,86.4192,57.813213210684765,180.08587167955523,38.366124597600205,-6.1,94.95991,94.95991,75.68131,75.68131,97.34841,97.34841
14.05803,14.05803,14.05803,26.614711220000004,86.55,86.4192,57.813213210684765,180.08587167955523,38.366124597600205,-6.1,94.95991,94.95991,75.68131,75.68131,97.34841,97.34841
14.05803,14.05803,14.05803,26.614711220000004,86.55,86.4192,57.813213210684765,180.08587167955523,38.366124597600205,12.743700064049378,94.95991,94.95991,75.68131,75.68131,97.34841,97.34841
14.05803,14.05803,14.05803,26.614711220000004,105.17074561098643,86.4192,57.813213210684765,180.08587167955523,38.366124597600205,25.457569309657178,94.95991,94.95991,75.68131,75.68131,97.34841,97.34841
14.05803,14.05803,14.05803,26.614711220000004,86.55,86.4192,71.99821442887452,199.2001013887478,38.649824621964,12.97099685108446,94.95991,94.95991,75.68131,75.68131,97.34841,97.34841
14.05803,14.05803,14.05803,26.614711220000004,86.55,86.4192,43.62821199249501,160.97164197036264,38.08242457323641,12.516403277014314,94.95991,94.95991,75.68131,75.68131,97.34841,97.34841
14.05803,14.05803,14.05803,26.614711220000004,86.55,86.4192,0.0,102.1828091039582,37.20986033338651,11.817316103354953,94.95991,94.95991,75.68131,75.68131,97.34841,97.34841
14.05803,14.05803,14.05803,26.614711220000004,86.55,86.4192,0.0,102.1828091039582,37.20986033338651,17.82986494301243,94.95991,94.95991,75.68131,75.68131,97.34841,97.34841
14.05803,14.05803,14.05803,26.614711220000004,86.55,86.4192,0.0,102.1828091039582,37.20986033338651,11.817316103354953,94.95991,94.95991,75.68131,75.68131,97.34841,97.34841
14.05803,14.05803,14.05803,26.614711220000004,86.55,86.4192,9.97288000128054,115.62733578069913,37.1101315333737,12.589255753318433,94.95991,94.95991,75.68131,75.68131,97.34841,97.34841
14.05803,14.05803,14.05803,26.614711220000004,86.55,86.4192,9.97288000128054,115.62733578069913,37.1101315333737,12.499948153501137,94.95991,94.95991,75.68131,75.68131,97.34841,97.34841
14.05803,14.05803,14.05803,26.614711220000004,86.55,86.4192,9.97288000128054,115.62733578069913,37.1101315333737,-6.1,94.95991,94.95991,75.68131,75.68131,97.34841,97.34841
14.05803,14.05803,14.05803,26.614711220000004,86.55,86.4192,32.25997323781245,145.67276092640333,36.887260601008386,37.2041805040276,94.95991,94.95991,75.68131,75.68131,97.34841,97.34841
14.05803,14.05803,14.05803,26.614711220000004,86.55,86.4192,32.719239353043584,36.289346543641074,37.412402663367146,-6.1,94.95991,94.95991,75.68131,75.68131,97.34841,97.34841
14.05803,14.05803,14.05803,26.614711220000004,86.55,86.4192,32.78211250967914,146.3643568062066,37.484294183441484,13.03325479370181,94.95991,94.95991,75.68131,75.68131,97.34841,97.34841
14.05803,14.05803,14.05803,26.614711220000004,86.55,86.4192,33.12143572698367,36.375554819490986,37.87228904792618,23.789280547071588,94.95991,94.95991,75.68131,75.68131,97.34841,97.34841
14.05803,14.05803,14.05803,26.614711220000004,86.55,86.4192,57.813213210684765,38.8941161228285,38.366124597600205,5.227120592746427,94.95991,94.95991,75.68131,75.68131,97.34841,97.34841
14.05803,14.05803,14.05803,26.614711220000004,86.55,86.4192,57.813213210684765,180.08587167955523,38.366124597600205,5.2271205927464175,94.95991,94.95991,75.68131,75.68131,97.34841,97.34841
14.05803,14.05803,14.05803,26.614711220000004,86.55,86.4192,168.18505226883107,50.15204370675942,40.57356137876313,-6.1,94.95991,94.95991,75.68131,75.68131,97.34841,97.34841
14.05803,14.05803,14.05803,26.614711220000004,86.55,86.4192,60.24901377937242,39.14256778083464,38.414840608973954,-6.1,94.95991,94.95991,75.68131,75.68131,97.34841,97.34841
14.05803,14.05803,14.05803,26.614711220000004,86.55,86.4192,60.24901377937242,183.3681027403446,38.414840608973954,-6.1,94.95991,94.95991,75.68131,75.68131,97.34841,97.34841
14.05803,14.05803,14.05803,26.614711220000004,86.55,86.4192,57.813213210684765,38.8941161228285,38.366124597600205,5.2271205927464175,94.95991,94.95991,75.68131,75.68131,97.34841,97.34841
14.05803,14.05803,14.05803,26.614711220000004,86.55,86.4192,57.813213210684765,38.8941161228285,38.366124597600205,5.2271205927464175,94.95991,94.95991,75.68131,75.68131,97.34841,97.34841
14.05803,14.05803,14.05803,26.614711220000004,86.55,86.4192,57.813213210684765,180.08587167955523,38.366124597600205,5.2271205927464175,94.95991,94.95991,75.68131,75.68131,97.34841,97.34841
14.05803,14.05803,14.05803,26.614711220000004,86.55,86.4192,57.813213210684765,38.8941161228285,38.366124597600205,5.2271205927464175,94.95991,94.95991,75.68131,75.68131,97.34841,97.34841
14.05803,14.05803,14.05803,26.614711220000004,86.55,86.4192,57.813213210684765,38.8941161228285,38.366124597600205,5.227120592746427,94.95991,94.95991,75.68131,75.68131,97.34841,97.34841
14.05803,14.05803,14.05803,26.614711220000004,86.55,86.4192,57.813213210684765,180.08587167955523,38.366124597600205,-6.1,94.95991,94.95991,75.68131,75.68131,97.34841,97.34841
14.05803,14.05803,14.05803,26.614711220000004,86.55,86.4192,57.813213210684765,38.8941161228285,38.366124597600205,5.242063252278374,94.95991,94.95991,75.68131,75.68131,97.34841,97.34841
14.05803,14.05803,14.05803,26.614711220000004,86.55,86.4192,57.813213210684765,38.8941161228285,38.366124597600205,5.776935750191796,94.95991,94.95991,75.68131,75.68131,97.34841,97.34841
14.05803,14.05803,14.05803,26.614711220000004,86.55,86.4192,57.813213210684765,180.08587167955523,38.366124597600205,25.457569309657178,94.95991,94.95991,75.68131,75.68131,97.34841,97.34841
14.05803,14.05803,14.05803,26.614711220000004,86.55,86.4192,32.71923935304359,36.289346543641074,37.412402663367146,28.146285466612586,94.95991,94.95991,75.68131,75.68131,97.34841,97.34841
14.05803,14.05803,14.05803,26.614711220000004,86.55,86.4192,32.71923935304359,36.289346543641074,37.41240266336715,13.176764948226975,94.95991,94.95991,75.68131,75.68131,97.34841,97.34841
14.05803,14.05803,14.05803,26.614711220000004,86.55,86.4192,9.97288000128054,115.63169107984231,36.89695978781512,12.936098562595152,94.95991,94.95991,75.68131,75.68131,97.34841,97.34841
14.05803,14.05803,14.05803,26.614711220000004,86.55,86.4192,9.97288000128054,33.963166320909565,36.89695978781512,25.856199790977765,94.95991,94.95991,75.68131,75.68131,97.34841,97.34841
14.05803,14.05803,14.05803,26.614711220000004,86.55,86.4192,0.0,32.97585120078279,36.996688587827926,12.25346651244897,94.95991,94.95991,75.68131,75.68131,97.34841,97.34841
14.05803,14.05803,14.05803,26.614711220000004,86.55,98.1618325946732,0.0,102.18716440310142,36.996688587827926,20.181791424608104,94.95991,94.95991,75.68131,75.68131,97.34841,97.34841
14.05803,14.05803,14.05803,26.614711220000004,86.55,86.4192,0.0,32.96374996810198,36.87567626101983,20.532895768667068,94.95991,94.95991,75.68131,75.68131,97.34841,97.34841
14.05803,14.05803,14.05803,26.614711220000004,86.55,86.4192,0.0,32.96575629142117,36.89573949421172,12.460008839918345,94.95991,94.95991,75.68131,75.68131,97.34841,97.34841
14.05803,14.05803,14.05803,26.614711220000004,86.55,86.4192,0.0,102.18716440310142,36.996688587827926,12.25346651244897,94.95991,94.95991,75.68131,75.68131,97.34841,97.34841
14.05803,14.05803,14.05803,26.614711220000004,86.55,86.4192,0.0,32.97585120078279,36.996688587827926,24.635947137016075,94.95991,94.95991,75.68131,75.68131,97.34841,97.34841
14.05803,14.05803,14.05803,26.614711220000004,86.55,86.4192,19.94576000256108,34.95048144103634,36.79723098780231,15.292726494515593,94.95991,94.95991,75.68131,75.68131,97.34841,97.34841
14.05803,14.05803,14.05803,26.614711220000004,86.55,115.9238783429942,45.14011591725237,163.0132814735413,37.89949090617298,33.03267126746331,94.95991,94.95991,75.68131,75.68131,97.34841,97.34841
14.05803,14.05803,14.05803,26.614711220000004,86.55,86.4192,70.48631050411714,40.165454872202744,38.40641479791027,-6.1,94.95991,94.95991,75.68131,75.68131,97.34841,97.34841
14.05803,14.05803,14.05803,26.614711220000004,86.55,86.4192,57.813213210684765,38.87279894827264,38.15295285204162,-6.1,94.95991,94.95991,75.68131,75.68131,97.34841,97.34841
14.05803,14.05803,14.05803,26.614711220000004,86.55,86.4192,57.813213210684765,180.0902269786984,38.15295285204162,5.2271205927464175,94.95991,94.95991,75.68131,75.68131,97.34841,97.34841
14.05803,14.05803,14.05803,26.614711220000004,86.55,86.4192,57.813213210684765,38.87279894827264,38.15295285204162,5.2271205927464175,94.95991,94.95991,75.68131,75.68131,97.34841,97.34841
14.05803,14.05803,14.05803,26.614711220000004,86.55,86.4192,60.24901377937242,39.12125060627878,38.20166886341538,-1.8977931196163011,94.95991,94.95991,75.68131,75.68131,97.34841,97.34841
14.05803,14.05803,14.05803,26.614711220000004,86.55,86.4192,162.510070569722,321.1688036111081,40.24688999922237,-6.1,94.95991,94.95991,75.68131,75.68131,97.34841,97.34841
14.058029999999999,14.058029999999999,14.058029999999999,26.614711219999997,142.95455056827453,86.4192,90.35741390532135,223.36109847196866,67.30485488372774,-6.1,94.95991,94.95991,75.68131,75.68131,97.34841,97.34841
14.058029999999999,14.058029999999999,14.058029999999999,26.614711219999997,86.55,86.4192,90.35741390532135,45.0424092209049,67.30485488372774,-6.1,94.95991,94.95991,75.68131,75.68131,97.34841,97.34841
14.058029999999999,14.058029999999999,14.058029999999999,26.614711219999997,86.55,86.4192,90.35741390532137,223.36109847196872,67.30485488372774,-6.1,94.95991,94.95991,75.68131,75.68131,97.34841,97.34841
14.058029999999999,14.058029999999999,14.058029999999999,26.614711219999997,86.55,86.4192,60.249013779372405,41.97135240805811,66.70268688120876,-6.1,94.95991,94.95991,75.68131,75.68131,97.34841,97.34841
14.058029999999999,14.058029999999999,14.058029999999999,26.614711219999997,86.55,86.4192,60.249013779372405,41.97135240805811,66.70268688120876,-6.1,94.95991,94.95991,75.68131,75.68131,97.34841,97.34841
14.058029999999999,14.058029999999999,14.058029999999999,26.614711219999997,86.55,86.4192,60.249013779372405,182.7901554504273,66.70268688120876,-6.1,94.95991,94.95991,75.68131,75.68131,97.34841,97.34841
14.058029999999999,14.058029999999999,14.058029999999999,26.614711219999997,86.55,86.4192,57.81321321068475,41.668082804481294,66.10579141412822,-6.1,94.95991,94.95991,75.68131,75.68131,97.34841,97.34841
14.058029999999999,14.058029999999999,14.058029999999999,26.614711219999997,86.55,86.4192,57.81321321068475,41.668082804481294,66.10579141412822,-6.1,94.95991,94.95991,75.68131,75.68131,97.34841,97.34841
14.058029999999999,14.058029999999999,14.058029999999999,26.614711219999997,107.37153132282677,86.4192,47.432091489991485,165.76888285491057,54.235628366591634,-6.1,94.95991,94.95991,75.68131,75.68131,97.34841,97.34841
14.058029999999999,14.058029999999999,14.058029999999999,26.614711219999997,86.55,86.4192,45.184109377923015,38.96111342958066,51.66520149788361,-6.1,94.95991,94.95991,75.68131,75.68131,97.34841,97.34841
14.058029999999999,14.058029999999999,14.058029999999999,26.614711219999997,86.55,86.4192,45.184109377923015,38.96111342958066,51.66520149788361,-6.1,94.95991,94.95991,75.68131,75.68131,97.34841,97.34841
14.058029999999999,14.058029999999999,14.058029999999999,26.614711219999997,86.55,115.79770949713688,45.184109377923015,162.7913340468697,51.66520149788361,-6.1,94.95991,94.95991,75.68131,75.68131,97.34841,97.34841
14.058029999999999,14.058029999999999,14.058029999999999,26.614711219999997,86.55,86.4192,9.97288000128054,33.97739748058413,37.03927138456082,-6.1,94.95991,94.95991,75.68131,75.68131,97.34841,97.34841
14.058029999999999,14.058029999999999,14.058029999999999,26.614711219999997,86.55,86.4192,9.97288000128054,33.97739748058413,37.03927138456082,-6.1,94.95991,94.95991,75.68131,75.68131,97.34841,97.34841
14.058029999999999,14.058029999999999,14.058029999999999,26.614711219999997,99.85652164480786,86.4192,45.184109377923015,162.7913340468697,51.66520149788361,-6.1,94.95991,94.95991,75.68131,75.68131,97.34841,97.34841
14.058029999999999,14.058029999999999,14.058029999999999,26.614711219999997,107.37153132282677,86.4192,47.432091489991485,39.44295432765831,54.235628366591634,-6.1,94.95991,94.95991,75.68131,75.68131,97.34841,97.34841
14.058029999999999,14.058029999999999,14.058029999999999,26.614711219999997,86.55,86.4192,48.69870653955611,39.714445337183875,55.68392341228267,-6.1,94.95991,94.95991,75.68131,75.68131,97.34841,97.34841
14.058029999999999,14.058029999999999,14.058029999999999,26.614711219999997,86.55,86.4192,57.81321321068475,179.7283284122618,55.866213545705236,-6.1,94.95991,94.95991,75.68131,75.68131,97.34841,97.34841
14.058029999999999,14.058029999999999,14.058029999999999,26.614711219999997,86.55,86.4192,60.249013779372405,40.89257667564514,55.914929557079,-6.1,94.95991,94.95991,75.68131,75.68131,97.34841,97.34841
14.058029999999999,14.058029999999999,14.058029999999999,26.614711219999997,86.55,86.4192,60.249013779372405,40.89257667564514,55.914929557079,-6.1,94.95991,94.95991,75.68131,75.68131,97.34841,97.34841
14.058029999999999,14.058029999999999,14.058029999999999,26.614711219999997,86.55,86.4192,60.249013779372405,183.01055947305116,55.914929557079,-6.1,94.95991,94.95991,75.68131,75.68131,97.34841,97.34841
14.058029999999999,14.058029999999999,14.058029999999999,26.614711219999997,86.55,111.3347614366772,60.249013779372405,40.89257667564514,55.914929557079,-6.1,94.95991,94.95991,75.68131,75.68131,97.34841,97.34841
14.058029999999999,14.058029999999999,14.058029999999999,26.614711219999997,86.55,86.4192,60.249013779372405,40.89257667564514,55.914929557079,-6.1,94.95991,94.95991,75.68131,75.68131,97.34841,97.34841
14.058029999999999,14.058029999999999,14.058029999999999,26.614711219999997,111.3347614366772,86.4192,60.249013779372405,183.01055947305116,55.914929557079,-6.1,94.95991,94.95991,75.68131,75.68131,97.34841,97.34841
14.058029999999999,14.058029999999999,14.058029999999999,26.614711219999997,86.55,86.4192,60.249013779372405,40.89257667564514,55.914929557079,-6.1,94.95991,94.95991,75.68131,75.68131,97.34841,97.34841
14.058029999999999,14.058029999999999,14.058029999999999,26.614711219999997,86.55,86.4192,102.33621871012998,45.18547157858241,56.75667365569415,-6.1,94.95991,94.95991,75.68131,75.68131,97.34841,97.34841
14.058029999999999,14.058029999999999,14.058029999999999,26.614711219999997,107.44863969398452,86.4192,102.33621871012998,239.7228917802758,56.75667365569415,-6.1,94.95991,94.95991,75.68131,75.68131,97.34841,97.34841
14.058029999999999,14.058029999999999,14.058029999999999,26.614711219999997,111.3347614366772,86.4192,60.249013779372405,40.89257667564514,55.914929557079,-6.1,94.95991,94.95991,75.68131,75.68131,97.34841,97.34841
14.058029999999999,14.058029999999999,14.058029999999999,26.614711219999997,111.3347614366772,86.4192,60.249013779372405,40.89257667564514,55.914929557079,-6.1,94.95991,94.95991,75.68131,75.68131,97.34841,97.34841
14.058029999999999,14.058029999999999,14.058029999999999,26.614711219999997,86.55,86.4192,60.249013779372405,183.01055947305116,55.914929557079,-6.1,94.95991,94.95991,75.68131,75.68131,97.34841,97.34841
14.058029999999999,14.058029999999999,14.058029999999999,26.614711219999997,111.39192574766255,86.4192,57.81321321068475,40.64412501763899,55.866213545705236,-6.1,94.95991,94.95991,75.68131,75.68131,97.34841,97.34841
14.058029999999999,14.058029999999999,14.058029999999999,26.614711219999997,111.39192574766255,86.4192,57.81321321068475,40.64412501763899,55.866213545705236,-6.1,94.95991,94.95991,75.68131,75.68131,97.34841,97.34841
14.058029999999999,14.058029999999999,14.058029999999999,26.614711219999997,86.55,86.4192,32.84466527770447,146.44721063269992,37.55581935918963,-6.1,94.95991,94.95991,75.68131,75.68131,97.34841,97.34841
14.058029999999999,14.058029999999999,14.058029999999999,26.614711219999997,86.55,86.4192,32.32109407441538,36.204006594719914,36.95714845278381,14.174852916598168,94.95991,94.95991,75.68131,75.68131,97.34841,97.34841
14.058029999999999,14.058029999999999,14.058029999999999,26.614711219999997,86.55,86.4192,9.97288000128054,33.991533401479565,37.18063059351516,12.445014339706708,94.95991,94.95991,75.68131,75.68131,97.34841,97.34841
14.058029999999999,14.058029999999999,14.058029999999999,26.614711219999997,86.55,86.4192,9.97288000128054,115.62589541863127,37.18063059351516,12.445014339706708,94.95991,94.95991,75.68131,75.68131,97.34841,97.34841
14.058029999999999,14.058029999999999,14.058029999999999,26.614711219999997,86.55,86.4192,9.97288000128054,33.991533401479565,37.18063059351516,11.12608761768391,94.95991,94.95991,75.68131,75.68131,97.34841,97.34841
14.058029999999999,14.058029999999999,14.058029999999999,26.614711219999997,86.55,86.4192,0.0,33.00421828135279,37.28035939352797,11.673074689743245,94.95991,94.95991,75.68131,75.68131,97.34841,97.34841
14.058029999999999,14.058029999999999,14.058029999999999,26.614711219999997,95.11127960533534,86.4192,0.0,102.1813687418904,37.28035939352797,17.51854359583804,94.95991,94.95991,75.68131,75.68131,97.34841,97.34841
14.058029999999999,14.058029999999999,14.058029999999999,26.614711219999997,86.55,86.4192,0.0,33.00421828135279,37.28035939352797,11.673074689743245,94.95991,94.95991,75.68131,75.68131,97.34841,97.34841
14.058029999999999,14.058029999999999,14.058029999999999,26.614711219999997,86.55,86.4192,0.0,33.00421828135279,37.28035939352797,11.583767089925969,94.95991,94.95991,75.68131,75.68131,97.34841,97.34841
14.058029999999999,14.058029999999999,14.058029999999999,26.614711219999997,86.55,86.4192,33.547607077755515,147.37828722251237,38.35958931816256,11.285986966994589,94.95991,94.95991,75.68131,75.68131,97.34841,97.34841
14.058029999999999,14.058029999999999,14.058029999999999,26.614711219999997,86.55,86.4192,171.3489988077919,50.522643938055516,41.1156171527633,-6.1,94.95991,94.95991,75.68131,75.68131,97.34841,97.34841
14.058029999999999,14.058029999999999,14.058029999999999,26.614711219999997,86.55,86.4192,60.249013779372405,39.19044546515673,38.8936174521949,-6.1,94.95991,94.95991,75.68131,75.68131,97.34841,97.34841
14.058029999999999,14.058029999999999,14.058029999999999,26.614711219999997,86.55,86.4192,57.81321321068475,180.07608981859795,38.84490144082115,-6.1,94.95991,94.95991,75.68131,75.68131,97.34841,97.34841
14.058029999999999,14.058029999999999,14.058029999999999,26.614711219999997,86.55,86.4192,57.81321321068475,38.94199380715058,38.84490144082115,5.227120592746444,94.95991,94.95991,75.68131,75.68131,97.34841,97.34841
14.058029999999999,14.058029999999999,14.058029999999999,26.614711219999997,86.55,96.7198343597459,51.83632010263133,38.332350710129134,38.72536357866008,11.668348169389652,94.95991,94.95991,75.68131,75.68131,97.34841,97.34841
14.058029999999999,14.058029999999999,14.058029999999999,26.614711219999997,86.55,86.4192,57.81321321068475,180.07608981859795,38.84490144082115,10.74795473130489,94.95991,94.95991,75.68131,75.68131,97.34841,97.34841
14.058029999999999,14.058029999999999,14.058029999999999,26.614711219999997,86.55,86.4192,49.14836526286081,38.05817931647255,38.67160448186467,-6.1,94.95991,94.95991,75.68131,75.68131,97.34841,97.34841
14.058029999999999,14.058029999999999,14.058029999999999,26.614711219999997,86.55,86.4192,57.81321321068475,38.94199380715058,38.84490144082115,-6.1,94.95991,94.95991,75.68131,75.68131,97.34841,97.34841
14.058029999999999,14.058029999999999,14.058029999999999,26.614711219999997,86.55,86.4192,57.81321321068475,180.07608981859795,38.84490144082115,19.72819455521585,94.95991,94.95991,75.68131,75.68131,97.34841,97.34841
14.058029999999999,14.058029999999999,14.058029999999999,26.614711219999997,86.55,86.4192,60.249013779372405,39.19044546515673,38.8936174521949,-6.1,94.95991,94.95991,75.68131,75.68131,97.34841,97.34841
14.058029999999999,14.058029999999999,14.058029999999999,26.614711219999997,86.55,86.4192,60.249013779372405,39.19044546515673,38.8936174521949,-6.1,94.95991,94.95991,75.68131,75.68131,97.34841,97.34841
14.058029999999999,14.058029999999999,14.058029999999999,26.614711219999997,86.55,86.4192,60.249013779372405,183.35832087938732,38.8936174521949,11.803150994826252,94.95991,94.95991,75.68131,75.68131,97.34841,97.34841
14.058029999999999,14.058029999999999,14.058029999999999,26.614711219999997,86.55,86.4192,33.547607077755515,36.466901981591796,38.35958931816256,11.285986966994589,94.95991,94.95991,75.68131,75.68131,97.34841,97.34841
14.058029999999999,14.058029999999999,14.058029999999999,26.614711219999997,86.55,86.4192,32.719239353043584,36.289346543641074,37.41240266336714,-6.1,94.95991,94.95991,75.68131,75.68131,97.34841,97.34841
14.058029999999999,14.058029999999999,14.058029999999999,26.614711219999997,86.55,86.4192,32.67506020698696,146.2225614357862,37.361886574537586,-6.1,94.95991,94.95991,75.68131,75.68131,97.34841,97.34841
14.058029999999999,14.058029999999999,14.058029999999999,26.614711219999997,86.55,86.4192,32.67506020698696,36.27987702015245,37.361886574537586,13.277605377062583,94.95991,94.95991,75.68131,75.68131,97.34841,97.34841
14.058029999999999,14.058029999999999,14.058029999999999,26.614711219999997,86.55,86.4192,32.67506020698696,36.27987702015245,37.361886574537586,-6.1,94.95991,94.95991,75.68131,75.68131,97.34841,97.34841
14.058029999999999,14.058029999999999,14.058029999999999,26.614711219999997,86.55,86.4192,10.216997843207759,115.94665131564331,37.58646719817538,-6.1,94.95991,94.95991,75.68131,75.68131,97.34841,97.34841
14.058029999999999,14.058029999999999,14.058029999999999,26.614711219999997,86.55,86.4192,9.97288000128054,33.99150503658413,37.180346944560824,-6.1,94.95991,94.95991,75.68131,75.68131,97.34841,97.34841
14.058029999999999,14.058029999999999,14.058029999999999,26.614711219999997,86.55,86.4192,9.97288000128054,34.032361179787515,37.588908376594645,-6.1,94.95991,94.95991,75.68131,75.68131,97.34841,97.34841
14.058029999999999,14.058029999999999,14.058029999999999,26.614711219999997,86.55,86.4192,9.97288000128054,115.61755391974185,37.588908376594645,-6.1,94.95991,94.95991,75.68131,75.68131,97.34841,97.34841
14.058029999999999,14.058029999999999,14.058029999999999,26.614711219999997,86.55,86.4192,9.97288000128054,33.97739748058413,37.03927138456082,-6.1,94.95991,94.95991,75.68131,75.68131,97.34841,97.34841
14.058029999999999,14.058029999999999,14.058029999999999,26.614711219999997,86.55,86.4192,32.67506020698696,36.27987702015245,37.361886574537586,-6.1,94.95991,94.95991,75.68131,75.68131,97.34841,97.34841
14.058029999999999,14.058029999999999,14.058029999999999,26.614711219999997,86.55,86.4192,57.81321321068475,179.78130393326728,53.273306855876534,-6.1,94.95991,94.95991,75.68131,75.68131,97.34841,97.34841
14.058029999999999,14.058029999999999,14.058029999999999,26.614711219999997,86.55,86.4192,60.249013779372405,40.63328600666227,53.32202286725028,-6.1,94.95991,94.95991,75.68131,75.68131,97.34841,97.34841
14.058029999999999,14.058029999999999,14.058029999999999,26.614711219999997,86.55,86.4192,57.81321321068475,40.38483434865612,53.273306855876534,-6.1,94.95991,94.95991,75.68131,75.68131,97.34841,97.34841
14.058029999999999,14.058029999999999,14.058029999999999,26.614711219999997,86.55,86.4192,57.81321321068475,179.78130393326728,53.273306855876534,-6.1,94.95991,94.95991,75.68131,75.68131,97.34841,97.34841
14.058029999999999,14.058029999999999,14.058029999999999,26.614711219999997,86.55,86.4192,57.81321321068475,40.38483434865612,53.273306855876534,-6.1,94.95991,94.95991,75.68131,75.68131,97.34841,97.34841
14.058029999999999,14.058029999999999,14.058029999999999,26.614711219999997,103.59490946863183,86.4192,58.970612561206686,40.50288908240936,53.29645484288698,-6.1,94.95991,94.95991,75.68131,75.68131,97.34841,97.34841
14.058029999999999,14.058029999999999,14.058029999999999,26.614711219999997,86.55,86.4192,60.249013779372405,183.06353499405665,53.32202286725028,-6.1,94.95991,94.95991,75.68131,75.68131,97.34841,97.34841
14.058029999999999,14.058029999999999,14.058029999999999,26.614711219999997,103.56490745379581,86.4192,60.249013779372405,40.63328600666227,53.32202286725028,-6.1,94.95991,94.95991,75.68131,75.68131,97.34841,97.34841
14.058029999999999,14.058029999999999,14.058029999999999,26.614711219999997,86.55,86.4192,60.249013779372405,40.63328600666227,53.32202286725028,-6.1,94.95991,94.95991,75.68131,75.68131,97.34841,97.34841
14.058029999999999,14.058029999999999,14.058029999999999,26.614711219999997,86.55,86.4192,60.249013779372405,183.06353499405665,53.32202286725028,-6.1,94.95991,94.95991,75.68131,75.68131,97.34841,97.34841
14.058029999999999,14.058029999999999,14.058029999999999,26.614711219999997,86.55,86.4192,60.249013779372405,40.63328600666227,53.32202286725028,-6.1,94.95991,94.95991,75.68131,75.68131,97.34841,97.34841
14.058029999999999,14.058029999999999,14.058029999999999,26.614711219999997,101.5660324399633,86.4192,145.42210187404953,49.32094099231933,55.02548462914383,-6.1,94.95991,94.95991,75.68131,75.68131,97.34841,97.34841
14.058029999999999,14.058029999999999,14.058029999999999,26.614711219999997,86.55,86.4192,60.249013779372405,183.06353499405665,53.32202286725028,-6.1,94.95991,94.95991,75.68131,75.68131,97.34841,97.34841
14.058029999999999,14.058029999999999,14.058029999999999,26.614711219999997,86.55,86.4192,55.37741264199709,40.13638269064998,53.22459084450278,-6.1,94.95991,94.95991,75.68131,75.68131,97.34841,97.34841
14.058029999999999,14.058029999999999,14.058029999999999,26.614711219999997,86.55,86.4192,45.184109377923015,38.96111342958066,51.66520149788361,-6.1,94.95991,94.95991,75.68131,75.68131,97.34841,97.34841
14.058029999999999,14.058029999999999,14.058029999999999,26.614711219999997,86.55,86.4192,31.583775382486785,144.75096224613497,37.393776512394126,-6.1,94.95991,94.95991,75.68131,75.68131,97.34841,97.34841
14.058029999999999,14.058029999999999,14.058029999999999,26.614711219999997,86.55,86.4192,9.97288000128054,33.97739748058413,37.03927138456082,-6.1,94.95991,94.95991,75.68131,75.68131,97.34841,97.34841
14.058029999999999,14.058029999999999,14.058029999999999,26.614711219999997,86.55,86.4192,31.583775382486785,36.173937531488086,37.393776512394126,-6.1,94.95991,94.95991,75.68131,75.68131,97.34841,97.34841
14.058029999999999,14.058029999999999,14.058029999999999,26.614711219999997,99.85652164480786,86.4192,45.184109377923015,162.7913340468697,51.66520149788361,-6.1,94.95991,94.95991,75.68131,75.68131,97.34841,97.34841
14.058029999999999,14.058029999999999,14.058029999999999,26.614711219999997,86.55,99.85652164480786,45.184109377923015,38.96111342958066,51.66520149788361,-6.1,94.95991,94.95991,75.68131,75.68131,97.34841,97.34841
14.058029999999999,14.058029999999999,14.058029999999999,26.614711219999997,99.85652164480786,86.4192,45.184109377923015,38.96111342958066,51.66520149788361,-6.1,94.95991,94.95991,75.68131,75.68131,97.34841,97.34841
14.058029999999999,14.058029999999999,14.058029999999999,26.614711219999997,132.64736049260185,86.4192,45.184109377923015,162.7913340468697,51.66520149788361,-6.1,94.95991,94.95991,75.68131,75.68131,97.34841,97.34841
14.058029999999999,14.058029999999999,14.058029999999999,26.614711219999997,99.85652164480786,86.4192,45.184109377923015,38.96111342958066,51.66520149788361,-6.1,94.95991,94.95991,75.68131,75.68131,97.34841,97.34841
14.058029999999999,14.058029999999999,14.058029999999999,26.614711219999997,86.55,86.4192,55.37741264199709,41.14598419557619,63.32060589376483,-6.1,94.95991,94.95991,75.68131,75.68131,97.34841,97.34841
14.058029999999999,14.058029999999999,14.058029999999999,26.614711219999997,133.81843067137106,133.81843067137106,60.249013779372405,182.8572639163461,63.41803791651233,-6.1,94.95991,94.95991,75.68131,75.68131,97.34841,97.34841
14.058029999999999,14.058029999999999,14.058029999999999,26.614711219999997,119.05030973503153,86.4192,689.5262106021886,105.82916158751573,76.00358185296867,-6.1,94.95991,94.95991,75.68131,75.68131,97.34841,97.34841
14.058029999999999,14.058029999999999,14.058029999999999,26.614711219999997,132.0677722505741,86.4192,134.84546571677302,49.25172560920334,64.90996695526034,-6.1,94.95991,94.95991,75.68131,75.68131,97.34841,97.34841
14.058029999999999,14.058029999999999,14.058029999999999,26.614711219999997,133.81843067137106,86.4192,60.249013779372405,182.8572639163461,63.41803791651233,-6.1,94.95991,94.95991,75.68131,75.68131,97.34841,97.34841
14.058029999999999,14.058029999999999,14.058029999999999,26.614711219999997,86.55,86.4192,60.249013779372405,41.64288751158847,63.41803791651233,-6.1,94.95991,94.95991,75.68131,75.68131,97.34841,97.34841
14.058029999999999,14.058029999999999,14.058029999999999,26.614711219999997,86.55,86.4192,60.249013779372405,41.64288751158847,63.41803791651233,-6.1,94.95991,94.95991,75.68131,75.68131,97.34841,97.34841
14.058029999999999,14.058029999999999,14.058029999999999,26.614711219999997,86.55,86.4192,60.249013779372405,182.8572639163461,63.41803791651233,-6.1,94.95991,94.95991,75.68131,75.68131,97.34841,97.34841
14.058029999999999,14.058029999999999,14.058029999999999,26.614711219999997,86.55,86.4192,60.249013779372405,41.64288751158847,63.41803791651233,-6.1,94.95991,94.95991,75.68131,75.68131,97.34841,97.34841
14.058029999999999,14.058029999999999,14.058029999999999,26.614711219999997,86.55,86.4192,60.249013779372405,41.64288751158847,63.41803791651233,-6.1,94.95991,94.95991,75.68131,75.68131,97.34841,97.34841
14.058029999999999,14.058029999999999,14.058029999999999,26.614711219999997,86.55,86.4192,60.249013779372405,182.8572639163461,63.41803791651233,-6.1,94.95991,94.95991,75.68131,75.68131,97.34841,97.34841
14.058029999999999,14.058029999999999,14.058029999999999,26.614711219999997,86.55,86.4192,60.249013779372405,41.64288751158847,63.41803791651233,-6.1,94.95991,94.95991,75.68131,75.68131,97.34841,97.34841
14.058029999999999,14.058029999999999,14.058029999999999,26.614711219999997,86.55,86.4192,60.249013779372405,41.64288751158847,63.41803791651233,-6.1,94.95991,94.95991,75.68131,75.68131,97.34841,97.34841
14.058029999999999,14.058029999999999,14.058029999999999,26.614711219999997,133.87559498235646,86.4192,57.81321321068475,179.57503285555669,63.369321905138584,-6.1,94.95991,94.95991,75.68131,75.68131,97.34841,97.34841
14.058029999999999,14.058029999999999,14.058029999999999,26.614711219999997,86.55,86.4192,57.81321321068475,41.39443585358233,63.369321905138584,-6.1,94.95991,94.95991,75.68131,75.68131,97.34841,97.34841
14.058029999999999,14.058029999999999,14.058029999999999,26.614711219999997,133.87559498235646,86.4192,57.81321321068475,41.39443585358233,63.369321905138584,-6.1,94.95991,94.95991,75.68131,75.68131,97.34841,97.34841
14.058029999999999,14.058029999999999,14.058029999999999,26.614711219999997,99.85652164480786,99.85652164480786,45.184109377923015,38.96111342958066,51.66520149788361,-6.1,94.95991,94.95991,75.68131,75.68131,97.34841,97.34841
14.058029999999999,14.058029999999999,14.058029999999999,26.614711219999997,99.85652164480786,86.4192,45.184109377923015,38.96111342958066,51.66520149788361,-6.1,94.95991,94.95991,75.68131,75.68131,97.34841,97.34841
14.058029999999999,14.058029999999999,14.058029999999999,26.614711219999997,99.85652164480786,86.4192,45.184109377923015,38.96111342958066,51.66520149788361,-6.1,94.95991,94.95991,75.68131,75.68131,97.34841,97.34841
14.058029999999999,14.058029999999999,14.058029999999999,26.614711219999997,86.55,86.4192,45.184109377923015,162.7913340468697,51.66520149788361,-6.1,94.95991,94.95991,75.68131,75.68131,97.34841,97.34841
14.058029999999999,14.058029999999999,14.058029999999999,26.614711219999997,86.55,86.4192,45.184109377923015,38.96111342958066,51.66520149788361,-6.1,94.95991,94.95991,75.68131,75.68131,97.34841,97.34841
14.058029999999999,14.058029999999999,14.058029999999999,26.614711219999997,86.55,127.64528826806273,17.983441387050572,35.26619656870296,41.91670087997909,-6.1,94.95991,94.95991,75.68131,75.68131,97.34841,97.34841
14.058029999999999,14.058029999999999,14.058029999999999,26.614711219999997,86.55,86.4192,9.97288000128054,115.62878352014788,37.03927138456082,-6.1,94.95991,94.95991,75.68131,75.68131,97.34841,97.34841
14.058029999999999,14.058029999999999,14.058029999999999,26.614711219999997,99.85652164480786,86.4192,45.184109377923015,38.96111342958066,51.66520149788361,-6.1,94.95991,94.95991,75.68131,75.68131,97.34841,97.34841
14.058029999999999,14.058029999999999,14.058029999999999,26.614711219999997,99.85652164480786,86.4192,45.184109377923015,38.96111342958066,51.66520149788361,-6.1,94.95991,94.95991,75.68131,75.68131,97.34841,97.34841
14.058029999999999,14.058029999999999,14.058029999999999,26.614711219999997,86.55,86.4192,57.81321321068475,179.78130393326728,53.273306855876534,-6.1,94.95991,94.95991,75.68131,75.68131,97.34841,97.34841
14.058029999999999,14.058029999999999,14.058029999999999,26.614711219999997,86.55,86.4192,60.249013779372405,40.63328600666227,53.32202286725028,-6.1,94.95991,94.95991,75.68131,75.68131,97.34841,97.34841
14.058029999999999,14.058029999999999,14.058029999999999,26.614711219999997,86.55,86.4192,60.249013779372405,40.63328600666227,53.32202286725028,-6.1,94.95991,94.95991,75.68131,75.68131,97.34841,97.34841
14.058029999999999,14.058029999999999,14.058029999999999,26.614711219999997,86.55,86.4192,60.249013779372405,183.06353499405665,53.32202286725028,-6.1,94.95991,94.95991,75.68131,75.68131,97.34841,97.34841
14.058029999999999,14.058029999999999,14.058029999999999,26.614711219999997,86.55,86.4192,60.249013779372405,40.63328600666227,53.32202286725028,-6.1,94.95991,94.95991,75.68131,75.68131,97.34841,97.34841
14.058029999999999,14.058029999999999,14.058029999999999,26.614711219999997,86.55,103.56490745379581,60.249013779372405,40.63328600666227,53.32202286725028,-6.1,94.95991,94.95991,75.68131,75.68131,97.34841,97.34841
14.058029999999999,14.058029999999999,14.058029999999999,26.614711219999997,86.55,86.4192,60.249013779372405,183.06353499405665,53.32202286725028,-6.1,94.95991,94.95991,75.68131,75.68131,97.34841,97.34841
14.058029999999999,14.058029999999999,14.058029999999999,26.614711219999997,86.55,86.4192,60.249013779372405,40.63328600666227,53.32202286725028,-6.1,94.95991,94.95991,75.68131,75.68131,97.34841,97.34841
14.058029999999999,14.058029999999999,14.058029999999999,26.614711219999997,86.55,86.4192,60.249013779372405,40.63328600666227,53.32202286725028,-6.1,94.95991,94.95991,75.68131,75.68131,97.34841,97.34841
14.058029999999999,14.058029999999999,14.058029999999999,26.614711219999997,86.55,86.4192,60.249013779372405,183.06353499405665,53.32202286725028,-6.1,94.95991,94.95991,75.68131,75.68131,97.34841,97.34841
14.058029999999999,14.058029999999999,14.058029999999999,26.614711219999997,86.55,86.4192,60.249013779372405,40.63328600666227,53.32202286725028,-6.1,94.95991,94.95991,75.68131,75.68131,97.34841,97.34841
14.058029999999999,14.058029999999999,14.058029999999999,26.614711219999997,101.78810653971014,86.4192,135.9594107450933,48.355746497165796,54.8362308065647,-6.1,94.95991,94.95991,75.68131,75.68131,97.34841,97.34841
14.058029999999999,14.058029999999999,14.058029999999999,26.614711219999997,86.55,86.4192,60.249013779372405,183.06353499405665,53.32202286725028,-6.1,94.95991,94.95991,75.68131,75.68131,97.34841,97.34841
14.058029999999999,14.058029999999999,14.058029999999999,26.614711219999997,86.55,103.6220717647812,57.81321321068475,40.38483434865612,53.273306855876534,-6.1,94.95991,94.95991,75.68131,75.68131,97.34841,97.34841
14.058029999999999,14.058029999999999,14.058029999999999,26.614711219999997,86.55,86.4192,45.184109377923015,38.96111342958066,51.66520149788361,-6.1,94.95991,94.95991,75.68131,75.68131,97.34841,97.34841
14.058029999999999,14.058029999999999,14.058029999999999,26.614711219999997,86.55,86.4192,40.56556693093131,156.67387631262076,46.38418723345409,-6.1,94.95991,94.95991,75.68131,75.68131,97.34841,97.34841
14.058029999999999,14.058029999999999,14.058029999999999,26.614711219999997,86.55,86.4192,9.97288000128054,33.97739748058413,37.03927138456082,-6.1,94.95991,94.95991,75.68131,75.68131,97.34841,97.34841
14.058029999999999,14.058029999999999,14.058029999999999,26.614711219999997,86.55,86.4192,9.97288000128054,33.97739748058413,37.03927138456082,12.644928356258395,94.95991,94.95991,75.68131,75.68131,97.34841,97.34841
14.058029999999999,14.058029999999999,14.058029999999999,26.614711219999997,99.85652164480786,86.4192,45.184109377923015,162.7913340468697,51.66520149788361,-6.1,94.95991,94.95991,75.68131,75.68131,97.34841,97.34841
14.058029999999999,14.058029999999999,14.058029999999999,26.614711219999997,99.85652164480786,115.79770949713688,45.184109377923015,38.96111342958066,51.66520149788361,-6.1,94.95991,94.95991,75.68131,75.68131,97.34841,97.34841
14.058029999999999,14.058029999999999,14.058029999999999,26.614711219999997,99.85652164480786,86.4192,45.184109377923015,38.96111342958066,51.66520149788361,-6.1,94.95991,94.95991,75.68131,75.68131,97.34841,97.34841
14.058029999999999,14.058029999999999,14.058029999999999,26.614711219999997,86.55,134.36264215206592,45.184109377923015,162.7913340468697,51.66520149788361,-6.1,94.95991,94.95991,75.68131,75.68131,97.34841,97.34841
14.058029999999999,14.058029999999999,14.058029999999999,26.614711219999997,86.55,86.4192,57.81321321068475,41.668082804481294,66.10579141412822,-6.1,94.95991,94.95991,75.68131,75.68131,97.34841,97.34841
14.058029999999999,14.058029999999999,14.058029999999999,26.614711219999997,86.55,86.4192,57.81321321068475,41.668082804481294,66.10579141412822,-6.1,94.95991,94.95991,75.68131,75.68131,97.34841,97.34841
14.058029999999999,14.058029999999999,14.058029999999999,26.614711219999997,86.55,86.4192,60.249013779372405,182.8013552719961,66.15450742550196,-6.1,94.95991,94.95991,75.68131,75.68131,97.34841,97.34841
14.058029999999999,14.058029999999999,14.058029999999999,26.614711219999997,86.55,86.4192,60.249013779372405,41.916534462487434,66.15450742550196,-6.1,94.95991,94.95991,75.68131,75.68131,97.34841,97.34841
14.058029999999999,14.058029999999999,14.058029999999999,26.614711219999997,86.55,86.4192,60.249013779372405,41.916534462487434,66.15450742550196,-6.1,94.95991,94.95991,75.68131,75.68131,97.34841,97.34841
14.058029999999999,14.058029999999999,14.058029999999999,26.614711219999997,86.55,86.4192,60.249013779372405,182.8013552719961,66.15450742550196,-6.1,94.95991,94.95991,75.68131,75.68131,97.34841,97.34841
14.058029999999999,14.058029999999999,14.058029999999999,26.614711219999997,86.55,86.4192,60.249013779372405,41.916534462487434,66.15450742550196,-6.1,94.95991,94.95991,75.68131,75.68131,97.34841,97.34841
14.058029999999999,14.058029999999999,14.058029999999999,26.614711219999997,86.55,86.4192,60.249013779372405,41.916534462487434,66.15450742550196,-6.1,94.95991,94.95991,75.68131,75.68131,97.34841,97.34841
14.058029999999999,14.058029999999999,14.058029999999999,26.614711219999997,86.55,86.4192,60.249013779372405,182.8013552719961,66.15450742550196,-6.1,94.95991,94.95991,75.68131,75.68131,97.34841,97.34841
14.058029999999999,14.058029999999999,14.058029999999999,26.614711219999997,86.55,86.4192,60.249013779372405,41.916534462487434,66.15450742550196,-6.1,94.95991,94.95991,75.68131,75.68131,97.34841,97.34841
14.058029999999999,14.058029999999999,14.058029999999999,26.614711219999997,86.55,86.4192,60.249013779372405,41.916534462487434,66.15450742550196,-6.1,94.95991,94.95991,75.68131,75.68131,97.34841,97.34841
14.058029999999999,14.058029999999999,14.058029999999999,26.614711219999997,86.55,86.4192,60.249013779372405,182.8013552719961,66.15450742550196,-6.1,94.95991,94.95991,75.68131,75.68131,97.34841,97.34841
14.058029999999999,14.058029999999999,14.058029999999999,26.614711219999997,86.55,86.4192,60.249013779372405,41.916534462487434,66.15450742550196,-6.1,94.95991,94.95991,75.68131,75.68131,97.34841,97.34841
14.058029999999999,14.058029999999999,14.058029999999999,26.614711219999997,114.1201490694581,86.4192,106.48886459934712,46.632999246124854,67.07930444190147,-6.1,94.95991,94.95991,75.68131,75.68131,97.34841,97.34841
14.058029999999999,14.058029999999999,14.058029999999999,26.614711219999997,86.55,86.4192,106.48886459934712,245.1093605161851,67.07930444190147,-6.1,94.95991,94.95991,75.68131,75.68131,97.34841,97.34841
14.058029999999999,14.058029999999999,14.058029999999999,26.614711219999997,86.55,86.4192,57.81321321068475,41.668082804481294,66.10579141412822,-6.1,94.95991,94.95991,75.68131,75.68131,97.34841,97.34841
14.058029999999999,14.058029999999999,14.058029999999999,26.614711219999997,86.55,86.4192,57.81321321068475,41.668082804481294,66.10579141412822,-6.1,94.95991,94.95991,75.68131,75.68131,97.34841,97.34841
14.058029999999999,14.058029999999999,14.058029999999999,26.614711219999997,86.55,86.4192,40.356890121336804,37.92642919018028,46.145578360466025,-6.1,94.95991,94.95991,75.68131,75.68131,97.34841,97.34841
14.058029999999999,14.058029999999999,14.058029999999999,26.614711219999997,86.55,86.4192,40.14168066547574,37.880300390075426,45.89949981527853,-6.1,94.95991,94.95991,75.68131,75.68131,97.34841,97.34841
14.058029999999999,14.058029999999999,14.058029999999999,26.614711219999997,86.55,86.4192,40.14168066547574,37.880300390075426,45.89949981527853,-6.1,94.95991,94.95991,75.68131,75.68131,97.34841,97.34841
14.058029999999999,14.058029999999999,14.058029999999999,26.614711219999997,86.55,86.4192,40.14168066547574,37.880300390075426,45.89949981527853,-6.1,94.95991,94.95991,75.68131,75.68131,97.34841,97.34841
14.058029999999999,14.058029999999999,14.058029999999999,26.614711219999997,86.55,86.4192,40.14168066547574,37.880300390075426,45.89949981527853,-6.1,94.95991,94.95991,75.68131,75.68131,97.34841,97.34841
14.058029999999999,14.058029999999999,14.058029999999999,26.614711219999997,86.55,86.4192,34.3932645283589,37.18616252103287,44.70653726196989,-6.1,94.95991,94.95991,75.68131,75.68131,97.34841,97.34841
14.058029999999999,14.058029999999999,14.058029999999999,26.614711219999997,86.55,86.4192,34.3932645283589,148.49839681792997,39.32654569254134,9.355744588439757,94.95991,94.95991,75.68131,75.68131,97.34841,97.34841
14.058029999999999,14.058029999999999,14.058029999999999,26.614711219999997,86.55,86.4192,34.3932645283589,37.18616252103287,44.70653726196989,-6.1,94.95991,94.95991,75.68131,75.68131,97.34841,97.34841
14.058029999999999,14.058029999999999,14.058029999999999,26.614711219999997,86.55,86.4192,40.14168066547574,37.880300390075426,45.89949981527853,-6.1,94.95991,94.95991,75.68131,75.68131,97.34841,97.34841
14.058029999999999,14.058029999999999,14.058029999999999,26.614711219999997,86.55,86.4192,57.81321321068475,179.90013285398726,47.457180886146986,-6.1,94.95991,94.95991,75.68131,75.68131,97.34841,97.34841
14.058029999999999,14.058029999999999,14.058029999999999,26.614711219999997,86.55,86.4192,57.81321321068475,39.80322175168317,47.457180886146986,-6.1,94.95991,94.95991,75.68131,75.68131,97.34841,97.34841
14.058029999999999,14.058029999999999,14.058029999999999,26.614711219999997,86.55,86.4192,57.81321321068475,39.80322175168317,47.457180886146986,-6.1,94.95991,94.95991,75.68131,75.68131,97.34841,97.34841
14.058029999999999,14.058029999999999,14.058029999999999,26.614711219999997,86.55,86.4192,57.81321321068475,179.90013285398726,47.457180886146986,-6.1,94.95991,94.95991,75.68131,75.68131,97.34841,97.34841
14.058029999999999,14.058029999999999,14.058029999999999,26.614711219999997,86.55,86.4192,57.81321321068475,39.80322175168317,47.457180886146986,-6.1,94.95991,94.95991,75.68131,75.68131,97.34841,97.34841
14.058029999999999,14.058029999999999,14.058029999999999,26.614711219999997,86.55,86.4192,57.81321321068475,39.80322175168317,47.457180886146986,-6.1,94.95991,94.95991,75.68131,75.68131,97.34841,97.34841
14.058029999999999,14.058029999999999,14.058029999999999,26.614711219999997,86.55,86.4192,57.81321321068475,179.90013285398726,47.457180886146986,-6.1,94.95991,94.95991,75.68131,75.68131,97.34841,97.34841
