bioagri_CA,bioagri_NW,bioagri_SW,bioagri_TX,bioagri_NCEN,bioagri_CEN,bioagri_SE,bioagri_MIDAT,bioagri_NE,bioherb_CA,bioherb_NW,bioherb_SW,bioherb_TX,bioherb_NCEN,bioherb_CEN,bioherb_SE,bioherb_MIDAT,bioherb_NE,biowood_CA,biowood_NW,biowood_SW,biowood_TX,biowood_NCEN,biowood_CEN,biowood_SE,biowood_MIDAT,biowood_NE,ethylene_CA,ethylene_NW,ethylene_SW,ethylene_TX,ethylene_NCEN,ethylene_CEN,ethylene_SE,ethylene_MIDAT,ethylene_NE,ethylene_demand_CA,ethylene_demand_SW,ethylene_demand_NW,ethylene_demand_TX,ethylene_demand_NCEN,ethylene_demand_CEN,ethylene_demand_SE,ethylene_demand_MIDAT,ethylene_demand_NE,natgas_CA,natgas_NW,natgas_SW,natgas_TX,natgas_NCEN,natgas_CEN,natgas_SE,natgas_MIDAT,natgas_NE,natgas_demand_CA,natgas_demand_SW,natgas_demand_NW,natgas_demand_TX,natgas_demand_NCEN,natgas_demand_CEN,natgas_demand_SE,natgas_demand_MIDAT,natgas_demand_NE,elec_CA,elec_NW,elec_SW,elec_TX,elec_NCEN,elec_CEN,elec_SE,elec_MIDAT,elec_NE,h2_CA,h2_NW,h2_SW,h2_TX,h2_NCEN,h2_CEN,h2_SE,h2_MIDAT,h2_NE,co2_captured_CA,co2_captured_NW,co2_captured_SW,co2_captured_TX,co2_captured_NCEN,co2_captured_CEN,co2_captured_SE,co2_captured_MIDAT,co2_captured_NE
38.43085761425916,41.1636820407467,40.96479213155147,38.55701419657308,42.806440512423684,42.084776164447526,39.78380994484786,39.092628502739906,40.23125623663737,87.08708286085808,68.08182040819895,65.28585354974821,67.6028083808693,66.85144962043003,68.98851090439773,66.57958501460779,63.34920253813615,66.0091320793452,44.093958048917585,44.046708277272174,44.106191155457196,44.126779816064285,43.46033323967589,43.38616492865941,43.816141815098874,40.02939439971128,38.6337979472553,811.8108034549788,811.8108034549788,811.8108034549788,811.8108034549788,811.8108034549788,811.8108034549788,811.8108034549788,811.8108034549788,811.8108034549788,-0.0,-0.0,-0.0,811.8108034549788,811.8108034549788,811.8108034549788,811.8108034549788,811.8108034549788,-0.0,13.468407097447374,14.504783406415461,11.89343183129363,11.570642537183701,13.415077134443214,12.808369625017216,11.512422515337622,10.679126683763148,13.726931796310367,-0.0,-0.0,-0.0,-0.0,-0.0,-0.0,-0.0,-0.0,-0.0,156.45672281331636,155.54668374776082,163.6332065255588,166.80280739022197,183.83666437607326,175.44864381986235,185.2207765752887,191.6786071582059,183.55250848301785,28.969613014906304,29.613688251353146,30.708086866298444,33.31853388437539,24.950185080886595,24.519605441858957,29.482584426137432,21.791378806911585,21.851330131589904,-5.33130965940243,-5.260393519019866,-5.141819503512328,-4.9708734806361825,-6.059659806222801,-6.170655555500149,-6.049036234210349,-16.12534107030053,-23.335117323048607
38.42941929995649,41.163827942660404,40.96462928091482,38.55558246909194,42.80650002124622,42.08443663666295,39.78161636177044,39.09188624904041,40.23155895491598,87.14361972536153,68.0840917060124,65.28830390745736,67.60181498778798,66.84828459034367,68.98479529053074,66.57845804047852,63.349262060488435,66.00720583859173,44.094457375891466,44.04711693471907,44.104746408192874,44.126737558719036,43.4707403586399,43.38689130505821,43.81591862327834,40.03334825597513,38.63098004934347,811.7785826869471,811.7785826869471,811.7785826869471,811.7785826869471,811.7785826869471,811.7785826869471,811.7785826869471,811.7785826869471,811.7785826869471,-0.0,-0.0,-0.0,811.7785826869471,811.7785826869471,811.7785826869471,811.7785826869471,811.7785826869471,-0.0,13.575492734715757,14.564145687016415,11.965841174322282,11.620261519531958,13.437279815538082,12.834832969496805,11.511194694956131,10.679582771948906,13.70987170425321,-0.0,-0.0,-0.0,-0.0,-0.0,-0.0,-0.0,-0.0,-0.0,157.37928809073614,156.59082658549158,164.548834832059,167.09364563780343,184.15589075381342,175.75504699585704,186.25041230637996,192.8078305513449,184.60848034291698,29.145701414119852,29.78959556541683,30.87015338170327,33.37910511506273,25.028848251943064,24.64759437744359,29.651776942452987,22.14341844589895,22.242477243984197,-5.332366400882811,-5.260584394883233,-5.1189658632315265,-4.970873830050264,-6.05964183571573,-6.17066369112099,-6.049163212616776,-16.125965943716643,-23.17378578229606
38.43299379658191,41.16551005503274,40.964561288986886,38.562351590891744,42.806613940856785,42.08387448889245,39.78873695946754,39.09464909144933,40.23002806647014,87.18300087948336,68.09628407318496,65.29831881502535,67.64767417529222,66.8655891178088,69.02909816560735,66.59344380931282,63.36062452688178,66.02053589257916,44.09474306025978,44.04722076529207,44.10544429072519,44.119581290629185,43.47166049306873,43.388159971622116,43.8166399207076,40.04178172731604,38.63754977224354,811.6020818184727,811.6020818184727,811.6020818184727,811.6020818184727,811.6020818184727,811.6020818184727,811.6020818184727,811.6020818184727,811.6020818184727,-0.0,-0.0,-0.0,811.6020818184727,811.6020818184727,811.6020818184727,811.6020818184727,811.6020818184727,-0.0,13.572650693419604,14.651423320078006,12.009113636295737,11.701802927098655,13.44861596203018,12.876048247385503,11.538160261117293,10.716196074188389,13.715637138722983,-0.0,-0.0,-0.0,-0.0,-0.0,-0.0,-0.0,-0.0,-0.0,157.99565844793892,157.08615985490295,165.11670766890686,167.4502161007512,184.481356824739,176.13060058066407,187.01830842032786,193.61498248759514,185.33158625521713,29.2417933386998,29.879042259315252,30.93909044097447,33.411527215578886,25.079032306582437,24.701881946525255,29.733117453865187,22.297134870666667,22.421562287481393,-5.3330196023143985,-5.258795226272159,-5.109795653957495,-4.970817887119931,-6.059443782979088,-6.17045607631013,-6.048697019772749,-16.125439966309287,-23.006809221066277
38.42878650815024,41.163476999921606,40.96454407071471,38.55376802569218,42.806344255069995,42.08407967569167,39.778909545158065,39.09104079970505,40.23140859275836,87.16021996127212,68.08341602446018,65.28784441182603,67.59718755939744,66.8456425041875,68.97788426775963,66.57565058723267,63.34435631452174,65.99489132172657,44.09518736264141,44.047190941238014,44.10530302786174,44.11757362895544,43.472984134239276,43.38721701176751,43.8152737832297,40.03211800116179,38.62365120119704,811.7231199404316,811.7231199404316,811.7231199404316,811.7231199404316,811.7231199404316,811.7231199404316,811.7231199404316,811.7231199404316,811.7231199404316,-0.0,-0.0,-0.0,811.7231199404316,811.7231199404316,811.7231199404316,811.7231199404316,811.7231199404316,-0.0,13.60142961023548,14.554925143724214,11.992587832640375,11.659751386159945,13.423667914445776,12.828175793247526,11.50095956095099,10.661744159089318,13.699496993540253,-0.0,-0.0,-0.0,-0.0,-0.0,-0.0,-0.0,-0.0,-0.0,157.46067206462823,156.6114887930656,164.60372260523548,167.5388172778158,184.56829393274694,176.2251069130163,187.11120666749724,193.6922145786857,185.38967854829002,29.21896469166308,29.839668609949943,30.93055665067572,33.43137186253174,25.107018086275115,24.738662518228814,29.764122913809974,22.378643725168924,22.4906489742339,-5.332077834346042,-5.260693332410707,-5.125899531520297,-4.97086760865999,-6.059603577802813,-6.170673815129067,-6.049391963809047,-16.127043832759814,-23.149315771957166
38.37361719257949,41.152916105302054,40.94005580454549,38.536830613542286,42.802339470682405,42.076633393200346,39.77988111269262,39.09071890969887,40.23199695719209,87.46145408862975,68.08917526257353,65.28184959315054,67.58738646547634,66.83518828900341,68.97059093912088,66.5749802048951,63.334192133348374,65.98829225759823,44.08792030603269,44.03976754665995,44.10287258768912,44.09863470460003,43.49092823732891,43.39444397923664,43.821497385402196,40.03928989465744,38.62231692343789,813.3645769195639,813.3645769195639,813.3645769195639,813.3645769195639,813.3645769195639,813.3645769195639,813.3645769195639,813.3645769195639,813.3645769195639,-0.0,-0.0,-0.0,813.3645769195639,813.3645769195639,813.3645769195639,813.3645769195639,813.3645769195639,-0.0,13.732904766900973,14.608047839857877,12.030896494598169,11.674989719554938,13.445163975204437,12.827391437554285,11.521962538197656,10.647345238926642,13.726550891252392,-0.0,-0.0,-0.0,-0.0,-0.0,-0.0,-0.0,-0.0,-0.0,176.18848906829908,174.62154168912056,184.38992661816926,186.85882923265592,205.41509986437308,196.53266967401908,189.9174315575126,196.27068854713826,187.79641067252845,29.821070546383773,30.551503734937768,31.330617709535876,33.86310297463237,25.524251968766002,25.164988272730067,29.800874792035515,22.485070449001352,22.626792538754973,-5.324304209748697,-5.257170991496094,-5.136056761884376,-4.970845343717233,-6.059658894698068,-6.170633806288696,-6.0498602679441165,-16.12707308867122,-23.15803497591689
38.24871943743381,41.10337421145755,40.87494514078476,38.485329278261105,42.786952454403654,42.05134209042031,39.739949713632434,39.05279658333368,40.214357676227536,87.3824535043071,68.09033061490541,65.22741912024435,67.57736140331163,66.77352573193693,68.97033087206957,66.53427655951707,63.31487273998948,66.013082911374,44.08406870942703,44.04248043764241,44.09168933003489,44.09901884087071,43.49445434973395,43.39461484688787,43.82579160854315,39.99404232929996,38.5698041333255,823.9378823111069,823.9378823111069,823.9378823111069,823.9378823111069,823.9378823111069,823.9378823111069,823.9378823111069,823.9378823111069,823.9378823111069,-0.0,-0.0,-0.0,823.9378823111069,823.9378823111069,823.9378823111069,823.9378823111069,823.9378823111069,-0.0,13.782070632969898,14.723458623778644,12.0427954402693,11.780559648420855,13.587524158676306,12.90965438593699,11.623839415223744,10.752271054098696,13.770446606873515,-0.0,-0.0,-0.0,-0.0,-0.0,-0.0,-0.0,-0.0,-0.0,266.7893480341622,264.6878202141959,279.8562093894934,286.68636663286713,304.26853104326847,301.4964226767856,278.29074804402507,282.96178409908475,270.4134221263711,31.65668169930176,32.33370106182349,33.368189660848735,35.849215382208605,27.51739033127853,27.279000604975533,31.53421167271843,24.224889073695394,24.3592649485535,-5.31993275159102,-5.2552810505344345,-5.096788581722999,-4.970801977680916,-6.059468895825633,-6.170334413590111,-6.049726713815785,-16.12413092105889,-22.96413060347935
38.43782324475083,41.16225778165878,40.9672649081419,38.569586742429756,42.809017833184534,42.08894735495059,39.81504925390502,39.10995970975555,40.24171125382877,87.0117607001738,68.08663661368585,65.2894531785157,67.57514220776987,66.8317979030905,68.94959910134763,66.58398604069033,63.328164938819185,65.98642354378993,44.09375872648523,44.045888355053265,44.1029895872923,44.12095154285424,43.44727423765183,43.39157931366071,43.82445731711346,40.042651876244165,38.67080939433605,810.779807878805,810.779807878805,810.779807878805,810.779807878805,810.779807878805,810.779807878805,810.779807878805,810.779807878805,810.779807878805,-0.0,-0.0,-0.0,810.779807878805,810.779807878805,810.779807878805,810.779807878805,810.779807878805,-0.0,13.534438371816531,14.372523098863054,11.825791507607107,11.574649529040599,13.233837301989961,12.774253985015902,11.418419165887471,10.544191142575267,13.694668122423966,-0.0,-0.0,-0.0,-0.0,-0.0,-0.0,-0.0,-0.0,-0.0,155.9329265118395,155.22701167181398,163.19371254168718,166.5073213210458,176.19284102941964,175.0826660978028,161.55223953975204,164.1171404826337,157.58845381507913,29.23975655486533,29.963932879400833,30.955008972112307,33.44998066888057,25.03623032416752,24.771667800744932,29.253838046809033,21.972676628923303,22.160005315338974,-5.330804303378955,-5.2601405481034655,-5.135382238100356,-4.970862692162608,-6.0595957606794135,-6.170734480429202,-6.050881837264328,-16.126063391269405,-23.387739870830252
38.43508452041663,41.15707352031005,40.96455298833101,38.566346828105694,42.80659663264123,42.08775247554295,39.815767423901,39.11036125822443,40.246276281615444,86.76848252533813,68.07327024918881,65.27813887655209,67.54551973641037,66.83050873368374,68.94963544599973,66.5815511294741,63.3353680652539,66.00140484514569,44.08678665749388,44.04299045031801,44.11005203951151,44.09133328898619,43.45942102666473,43.39826357988192,43.821329703492566,40.028866794338995,38.67410966801628,811.467238090449,811.467238090449,811.467238090449,811.467238090449,811.467238090449,811.467238090449,811.467238090449,811.467238090449,811.467238090449,-0.0,-0.0,-0.0,811.467238090449,811.467238090449,811.467238090449,811.467238090449,811.467238090449,-0.0,12.731073957117584,14.269778913883314,11.290401196418722,11.447680953285989,13.350103302366389,12.759679839613245,11.420515774408718,10.63130845088537,13.797570063316288,-0.0,-0.0,-0.0,-0.0,-0.0,-0.0,-0.0,-0.0,-0.0,158.2809020049847,157.393179209219,165.97679252338685,188.17973580733604,179.56789279108796,178.91690852169341,165.02715586346844,166.83692588258842,160.26891722598162,29.386487766677654,29.97835826613036,30.800578188015844,33.90279045129958,25.038593889509798,24.774393759114098,29.26239572066757,21.93957273199606,22.097007635588096,-5.321401583026172,-5.2591682194491804,-5.182016698338129,-4.970866485905073,-6.059493515813929,-6.170844635030261,-6.051469965099673,-16.125077510254904,-23.624481741937373
38.508392638990095,41.17218350627685,40.997127722485324,38.59468016055694,42.81815410449826,42.10199332113315,39.86113018143646,39.12714285767696,40.25096824379281,86.26426040212635,68.0783522695698,65.30577025545684,67.58896846295525,66.86972261185514,68.99272795393816,66.61143475694075,63.356685997750425,66.0138009903722,44.095167526792736,44.04744210289896,44.10763717199873,44.63773112769409,43.47493452761086,43.41443361583974,43.84306681538586,40.09015467358257,38.73012815058091,808.3262113014976,808.3262113014976,808.3262113014976,808.3262113014976,808.3262113014976,808.3262113014976,808.3262113014976,808.3262113014976,808.3262113014976,-0.0,-0.0,-0.0,808.3262113014976,808.3262113014976,808.3262113014976,808.3262113014976,808.3262113014976,-0.0,11.86440497171011,13.60428554237012,11.18412891353127,11.39357379476807,13.328477494593592,12.896640808938923,11.318706844369201,10.67182084195052,13.765608001301159,-0.0,-0.0,-0.0,-0.0,-0.0,-0.0,-0.0,-0.0,-0.0,133.38730029284955,132.3704542465976,139.51927269837304,158.3030844531846,150.81891434652852,150.53119956111308,138.84268851673946,140.02044423342483,134.68655973866544,28.267446596965062,28.441591930379243,29.4281387717839,31.615494528845733,24.42350168464048,24.174493346240485,28.408840913881324,21.428682795315222,21.577939452599207,-5.330759798804518,-5.259654907479212,-5.195609436697368,-4.9709141414161335,-6.059423420685252,-6.170710765754624,-6.051561251923711,-16.12388365454894,-23.85223650129585
38.58608888731708,41.19448339526503,41.05435880895211,38.644712234964366,42.84170984569548,42.138951842951165,39.91551865411089,39.14887079827016,40.24914309906804,85.66401580701346,68.00801208566202,65.27675082882386,67.56034939066919,66.85604623523597,68.92462806362394,66.57697390968586,63.27154157717733,65.90331129151934,44.09517671739252,44.04748541360925,44.10793096246821,44.78748604704538,43.5204430625596,43.43993566151799,43.848905996595946,40.14762559201469,38.81438637491134,800.5392631535425,800.5392631535425,800.5392631535425,800.5392631535425,800.5392631535425,800.5392631535425,800.5392631535425,800.5392631535425,800.5392631535425,-0.0,-0.0,-0.0,800.5392631535425,800.5392631535425,800.5392631535425,800.5392631535425,800.5392631535425,-0.0,10.593398762690304,13.459001255724651,10.291387240278132,10.871546907771622,12.692539167260508,11.970055773696805,10.890622565732007,10.060664875920324,13.132218048109412,-0.0,-0.0,-0.0,-0.0,-0.0,-0.0,-0.0,-0.0,-0.0,67.97920607044964,67.62206982091418,70.78274852468593,80.21062643381372,76.12504667730818,76.34933116482912,70.44231097001195,70.88769728421389,68.85043799739418,26.316404720116818,26.090920473297714,26.83308517944446,29.752757266355687,22.854275125980006,22.651130865944705,26.130288777949886,19.988968158156382,20.21599580581572,-5.331740360986379,-5.261171166633143,-5.202822173754618,-4.970984395285714,-6.059613053063055,-6.170996413810428,-6.054134131250625,-16.124516361421016,-24.13916052678072
38.58142653191126,41.18912013510757,41.052423489566046,38.62632711843788,42.845381310483575,42.143325261778145,39.91573184067001,39.13796969656655,40.23723200174888,85.41704372484288,67.95666624439099,65.22749481304679,67.53993772703377,66.83592081083209,68.90420631279044,66.54215393909239,63.210562004865,65.84796106533916,44.09517350496375,44.04751221821901,44.10797043447829,44.78815939180875,43.5217527016934,43.44190231533987,43.84898279081495,40.157675956931016,38.82708761889359,797.7637261463431,797.7637261463431,797.7637261463431,797.7637261463431,797.7637261463431,797.7637261463431,797.7637261463431,797.7637261463431,797.7637261463431,-0.0,-0.0,-0.0,797.7637261463431,797.7637261463431,797.7637261463431,797.7637261463431,797.7637261463431,-0.0,7.512032255879238,10.661106891442834,8.280295055148118,9.718602959788408,10.748564801094577,9.756745209378712,9.215517322461451,8.569509222223045,11.595264237968374,-0.0,-0.0,-0.0,-0.0,-0.0,-0.0,-0.0,-0.0,-0.0,45.874029898900886,45.75108839928371,47.554926608721644,53.74767943955186,51.148802446946,51.284222540824196,47.33678293512597,47.828817704297016,46.862414505036504,23.410125620235526,22.14479411604817,22.92798275395442,26.27768470859731,22.10053840185667,21.953342542196463,23.890490164455763,19.267921942953652,19.53095453398872,-5.331732041796912,-5.260996311298397,-5.202951973448103,-4.9709839615149924,-6.059624825619111,-6.170886544631672,-6.053430527355498,-16.121661295981376,-23.94237721070622
38.554515359296204,41.17291432367546,41.03419769464499,38.56712632899384,42.843037019460795,42.13584964970106,39.89413508399555,39.108307751110516,40.21718150544643,85.15922726761552,67.89033108930417,65.15038836234493,67.51316704040805,66.79853411403393,68.89686225130117,66.48561760965872,63.13520048047927,65.79647536825364,44.09517872708838,44.04756996974412,44.1080054094318,44.78534734944681,43.52281754384913,43.44202459604367,43.849302610136306,40.1572062722621,38.82556696791445,796.5272519983712,796.5272519983712,796.5272519983712,796.5272519983712,796.5272519983712,796.5272519983712,796.5272519983712,796.5272519983712,796.5272519983712,-0.0,-0.0,-0.0,796.5272519983712,796.5272519983712,796.5272519983712,796.5272519983712,796.5272519983712,-0.0,2.7262553159039147,5.554302055610729,4.901109071993972,5.457050367357392,6.732606461229964,5.4041817665502005,6.038656401656824,5.324938822564647,9.025003250183037,-0.0,-0.0,-0.0,-0.0,-0.0,-0.0,-0.0,-0.0,-0.0,27.207805390376834,27.246896076605204,27.947508026838186,30.298372901676927,30.041394655048112,30.12865253554706,27.850457785475427,28.29209458610713,28.053363067805204,13.925246908695243,13.660953741809822,14.178335469400652,15.524865750534046,16.136457018513727,16.10147061110124,14.665099658014567,16.406543699822336,18.154561445415908,-5.330982934221908,-5.259584793950443,-5.199768154203438,-4.97094419821003,-6.05946373147856,-6.170692658063165,-6.051833946117731,-16.117881833466214,-23.253472563189685
38.51497321429564,41.15376608988242,41.0153662629836,38.4890734608393,42.83819224548559,42.12447604954663,39.85656303587043,39.06602925477023,40.19504026279178,84.91437393347707,67.80601855580595,65.05368979083192,67.40771006272671,66.70227735999418,68.78028597702664,66.39540720156545,63.01247117123206,65.7040062778729,44.09516113523915,44.04749374623615,44.1079675572048,44.78101816149651,43.52015276007623,43.438947180947956,43.84870476927315,40.128511015740614,38.78753595271345,795.4172960354293,795.4172960354293,795.4172960354293,795.4172960354293,795.4172960354293,795.4172960354293,795.4172960354293,795.4172960354293,795.4172960354293,-0.0,-0.0,-0.0,795.4172960354293,795.4172960354293,795.4172960354293,795.4172960354293,795.4172960354293,-0.0,-1.2256505984337924,-0.08105239436155662,0.9368151056651977,0.750456006789867,1.0738731738535874,0.7470896934295284,0.7666475029463845,0.6890944960465437,4.946556833473628,-1.2256505984337924,-0.0,-0.08105239436155662,-0.0,-0.0,-0.0,-0.0,-0.0,-0.0,12.652542048995565,12.685157264006778,12.78242582990905,13.412320130547393,13.662934405881641,13.7655447778183,12.814041275775093,13.026087111685511,13.019744538511903,6.973036202808288,7.835961790200239,8.567924555220936,6.771191573699773,10.158612132441073,9.550730222973968,9.183894666924587,12.689950906485713,15.724502034429905,-5.331738559872024,-5.2612073532034795,-5.203071904519119,-4.970990179418241,-6.059635562962164,-6.170996940505311,-6.053712262786249,-16.122987491532978,-22.863804930370996
38.49865049578779,41.14562587589132,41.007043674924695,38.45446825547855,42.83623882027828,42.118873024655954,39.842448184277536,39.042114748380655,40.181078663461186,84.79822421191568,67.76958318117869,65.00917106549711,67.37652928090243,66.66430993920996,68.74488639154293,66.35849322241113,62.956322732612826,65.66525533684775,44.0951598432149,44.047495285103224,44.10796828457678,44.779778756297134,43.51978135372326,43.43801145312992,43.848668535580316,40.11730174995585,38.7682671145868,793.5713002076836,793.5713002076836,793.5713002076836,793.5713002076836,793.5713002076836,793.5713002076836,793.5713002076836,793.5713002076836,793.5713002076836,-0.0,-0.0,-0.0,793.5713002076836,793.5713002076836,793.5713002076836,793.5713002076836,793.5713002076836,-0.0,-3.9527997494905653,-3.2475658264888096,-2.2181690584336224,-2.576078972664542,-2.3684965651040857,-2.6674222080129284,-2.4886319223607827,-2.4678707989975748,2.5574126379599,-3.9527997494905653,-2.2181690584336224,-3.2475658264888096,-2.576078972664542,-2.3684965651040857,-2.6674222080129284,-2.4886319223607827,-2.4678707989975748,-0.0,5.521020808061359,5.535911858164017,5.528451303571922,5.773863435722186,5.9409043742536785,5.937791988452878,5.706948677749753,5.77301994006456,5.780025293577473,6.102578472574051,6.744460279537898,7.619166745955415,5.509517435968455,9.4494266821567,8.657833006916597,8.373387432661557,11.596855864691758,14.636133523229608,-5.331767125271127,-5.261224170544167,-5.203098564908559,-4.97099100414619,-6.059650878668197,-6.1710132766655175,-6.053837700301255,-16.123253849113144,-22.721492626393324
38.497831963705956,41.144408286139104,41.00456063873088,38.447554715528405,42.83590143073628,42.11616379352978,39.845579953212216,39.03447553957158,40.17456276520452,84.74277237859344,67.76869996779601,65.00597419225903,67.40528766508147,66.67592453522653,68.78608046615113,66.36548176766736,62.956943173470464,65.66809733417824,44.095174281191824,44.04756552433,44.10800116094279,44.77988912326481,43.52134010993737,43.43863676225197,43.849169604871506,40.1230096048478,38.767834262397905,792.7417417175539,792.7417417175539,792.7417417175539,792.7417417175539,792.7417417175539,792.7417417175539,792.7417417175539,792.7417417175539,792.7417417175539,-0.0,-0.0,-0.0,792.7417417175539,792.7417417175539,792.7417417175539,792.7417417175539,792.7417417175539,-0.0,-5.105620621149426,-4.59473431251847,-3.3187111787495462,-3.710403843380863,-3.589522327595543,-3.874407190511379,-3.6380319530275456,-3.504993476678613,1.5203842532487586,-5.105620621149426,-3.3187111787495462,-4.59473431251847,-3.710403843380863,-3.589522327595543,-3.874407190511379,-3.6380319530275456,-3.504993476678613,-0.0,3.318596326072359,3.3291399654100893,3.3118277176398805,3.443712977788336,3.589736554573668,3.544609058266724,3.5313159561961034,3.5628142144271884,3.5674814404051935,5.856427777275391,6.400945873604823,7.271712353611217,5.292551445457985,9.205976840016625,8.415541080084289,8.097885418560965,11.133923844573799,14.065648314387293,-5.33101873592796,-5.259719414153533,-5.199637375749785,-4.97094782339294,-6.05947811604022,-6.170776588182398,-6.05213248917912,-16.12120417998196,-22.64008070849033
38.49403935885907,41.14322217834047,41.00368175544684,38.442343881141426,42.8355882687331,42.11605338570603,39.839118555325676,39.032191333487724,40.174938410427934,84.72408481134123,67.75819131223484,64.99663923623578,67.37370317428041,66.65769450532956,68.74643395165239,66.35063267106389,62.93859301352114,65.65209348717818,44.09517092843168,44.047523356187305,44.107984046877505,44.77958831883176,43.520037323050765,43.43758663750081,43.8489035681269,40.1157829318793,38.75968525135639,792.9371260226843,792.9371260226843,792.9371260226843,792.9371260226843,792.9371260226843,792.9371260226843,792.9371260226843,792.9371260226843,792.9371260226843,-0.0,-0.0,-0.0,792.9371260226843,792.9371260226843,792.9371260226843,792.9371260226843,792.9371260226843,-0.0,-5.073585176939618,-4.526496816083549,-3.539981147116443,-4.031308186886093,-3.7352464103238714,-4.0787902333629855,-3.7898660398507262,-3.701879904659362,1.4361355315659872,-5.073585176939618,-3.539981147116443,-4.526496816083549,-4.031308186886093,-3.7352464103238714,-4.0787902333629855,-3.7898660398507262,-3.701879904659362,-0.0,2.813407390970383,2.8260970280051287,2.8045373204174253,2.9034731349729404,3.0491708697498368,2.996139275105399,3.03910606344429,3.065612764294352,3.0680744899907757,5.736741255140498,6.209936256502646,7.0766627281294365,5.181989644668244,9.093488591933871,8.306824410084667,7.973554768355488,10.877500523807504,13.680274424544033,-5.331730401336026,-5.2610667133634,-5.2021995854542045,-4.970984238425537,-6.059650792067316,-6.1709485908472415,-6.053541463160461,-16.12079828989311,-22.62360455525747
38.49444093127927,41.14382297220183,41.00403808960854,38.44335070989509,42.835804143560964,42.115980312039774,39.840322375517204,39.03255881780917,40.17463035202334,84.72929309392794,67.75918245949526,64.99909919427746,67.3777529473368,66.66182884315911,68.75350033163645,66.35400383364863,62.94151786620921,65.65380774160205,44.09518438124722,44.047525304559606,44.107999595224385,44.77975866255491,43.520399706969364,43.437522087616486,43.84902005895412,40.1188811684224,38.75910389828105,792.9462210437357,792.9462210437357,792.9462210437357,792.9462210437357,792.9462210437357,792.9462210437357,792.9462210437357,792.9462210437357,792.9462210437357,-0.0,-0.0,-0.0,792.9462210437357,792.9462210437357,792.9462210437357,792.9462210437357,792.9462210437357,-0.0,-5.067795241081463,-4.544478444504803,-3.5006223205960363,-4.081383929358313,-3.7208578226947004,-4.079553721096691,-3.745055971371919,-3.6787084428845107,1.3009180140529863,-5.067795241081463,-3.5006223205960363,-4.544478444504803,-4.081383929358313,-3.7208578226947004,-4.079553721096691,-3.745055971371919,-3.6787084428845107,-0.0,2.904861790121228,2.920809706130818,2.893473290738133,2.981536779179166,3.1614042063615613,3.0921921820663507,3.186214508722445,3.2136874508208004,3.2127192513847693,5.6649996231898,6.091115391636873,6.942455239429014,5.13813358596683,9.018662788374803,8.24299323526195,7.863520128903195,10.675799249687284,13.404547524753523,-5.331745751438327,-5.2610574733523565,-5.201647689625394,-4.970978690483911,-6.059662999349563,-6.170918141556582,-6.053408620506129,-16.12183010737476,-22.64821255797128
38.502689208113075,41.14788380305576,41.00645226847913,38.45630763937558,42.836860529268854,42.116544462427825,39.853031651053364,39.038901552192144,40.1746595892618,84.76536146483981,67.77798412723922,65.02118433935857,67.43097599785325,66.69539752265419,68.81664770731143,66.38141994149844,62.97340527761044,65.68044354577303,44.09522379505078,44.047593486544585,44.108073604637816,44.78086665890464,43.52294947977743,43.43871875538493,43.84971364110098,40.13598412228679,38.770572581609756,792.9316395063952,792.9316395063952,792.9316395063952,792.9316395063952,792.9316395063952,792.9316395063952,792.9316395063952,792.9316395063952,792.9316395063952,-0.0,-0.0,-0.0,792.9316395063952,792.9316395063952,792.9316395063952,792.9316395063952,792.9316395063952,-0.0,-4.992060829507177,-4.534343500813538,-3.101082542538009,-3.7076705306289357,-3.397420018101866,-3.7239703840678957,-3.397381063682183,-3.2171707322898677,1.2257600593139113,-4.992060829507177,-3.101082542538009,-4.534343500813538,-3.7076705306289357,-3.397420018101866,-3.7239703840678957,-3.397381063682183,-3.2171707322898677,-0.0,3.9400797089148076,3.965396573626931,3.928404793073105,4.03120540978992,4.3408622736319,4.209368826194353,4.426560148231696,4.459758189621081,4.454876206811969,5.638544049603839,6.021319738672218,6.8602437269692285,5.130029490529477,8.99874588361644,8.242519053763552,7.7871240126519465,10.54872064102573,13.2075495145097,-5.331026975475439,-5.259623122919541,-5.197867833158638,-4.970922208796693,-6.059542818729871,-6.170616104657877,-6.051366571231688,-16.120521201429984,-22.682556299919064
38.50787981966824,41.15218855506183,41.011295711250206,38.46731014673064,42.838186836259645,42.120477623599434,39.85336833811176,39.05378765161689,40.184132755159226,84.8308314587674,67.78902128864725,65.04186093353154,67.42295015552209,66.70300251868916,68.7951171179085,66.39125022422022,63.00689125043086,65.68774417188828,44.09524848323291,44.04749901082275,44.108082453097545,44.78135559356886,43.52293188021318,43.43797274914106,43.849537651220764,40.142874503682876,38.77121323408742,794.6574917977721,794.6574917977721,794.6574917977721,794.6574917977721,794.6574917977721,794.6574917977721,794.6574917977721,794.6574917977721,794.6574917977721,-0.0,-0.0,-0.0,794.6574917977721,794.6574917977721,794.6574917977721,794.6574917977721,794.6574917977721,-0.0,-3.2725652916572487,-2.6239406842145674,-1.2471048226609656,-1.916419397151068,-1.2769594038072207,-1.754237442451219,-1.157121375599192,-1.0649634184908752,2.9324450914686033,-3.2725652916572487,-1.2471048226609656,-2.6239406842145674,-1.916419397151068,-1.2769594038072207,-1.754237442451219,-1.157121375599192,-1.0649634184908752,-0.0,7.937802886166847,7.998813957009813,7.96592398405828,8.169350457635158,8.914611210278668,8.567725810695071,9.13641476009953,9.226242219869976,9.213980031491067,5.6757531311283556,6.013471200566051,6.856102149213048,5.267401611352628,9.045387702648748,8.316524640783978,7.803637927504977,10.52214004193453,13.087787643141358,-5.331847826123564,-5.261358118461053,-5.20076395679951,-4.970946548875862,-6.059744233291084,-6.170777393680263,-6.052009335961772,-16.123313530115027,-22.841664225291424
38.52534512451826,41.162883332312255,41.02038802306215,38.511435788526,42.84016533919258,42.126312163027016,39.87053068758458,39.09138805577696,40.20581669499251,85.01004633791392,67.84930058266576,65.11174417864258,67.49249307281782,66.7691906314863,68.86913695521844,66.4560564380179,63.1107530069094,65.75772509152308,44.095281788267265,44.04744439472758,44.10809820072411,44.7824114030314,43.524754312689666,43.438262744554414,43.849910141074425,40.16203003709951,38.78922750792435,798.613512489817,798.613512489817,798.613512489817,798.613512489817,798.613512489817,798.613512489817,798.613512489817,798.613512489817,798.613512489817,-0.0,-0.0,-0.0,798.613512489817,798.613512489817,798.613512489817,798.613512489817,798.613512489817,-0.0,0.44429147140681857,2.049693688652346,3.3689802274978096,2.0973855732726143,3.784490813335994,2.5997580055721916,3.5275176198946405,3.8313647135321873,7.122641453863021,-0.0,-0.0,-0.0,-0.0,-0.0,-0.0,-0.0,-0.0,-0.0,20.83571188039027,20.988810159254356,21.416379986480898,21.900096134941172,24.00962521998463,23.009845084120585,24.620315436505074,24.99597827978503,24.684786986041672,5.920952104859959,6.190595124006449,7.048486819531153,5.664034574710477,9.425000771629481,8.698213952794722,8.055138562471198,10.682428428828171,13.137066071219529,-5.3318868087969795,-5.261603843068467,-5.200200636250155,-4.970931653839165,-6.059777548167276,-6.17067192259108,-6.051440410509542,-16.123879259812163,-23.245967022954343
38.530046053341245,41.16330389835943,41.01895519025138,38.50630400677684,42.841279902129514,42.125414325755216,39.87679755313749,39.08808357088714,40.19811570021848,84.99207406175685,67.85219582495009,65.1118560871823,67.5458444837538,66.78502603686837,68.91470771719212,66.46307692939578,63.11041461267504,65.75953242679874,44.09532279783581,44.047510332821275,44.10812239507081,44.783376109554744,43.527805726208385,43.43913871052414,43.85067039520633,40.17854101447005,38.797319096400116,797.1657892039497,797.1657892039497,797.1657892039497,797.1657892039497,797.1657892039497,797.1657892039497,797.1657892039497,797.1657892039497,797.1657892039497,-0.0,-0.0,-0.0,797.1657892039497,797.1657892039497,797.1657892039497,797.1657892039497,797.1657892039497,-0.0,-0.7839831617956764,0.17713540983354994,2.377163499542621,1.2021850409853962,2.2644681319005118,1.3509516212966561,2.2043897659069067,2.6437126417688552,5.729076439458903,-0.7839831617956764,-0.0,-0.0,-0.0,-0.0,-0.0,-0.0,-0.0,-0.0,16.815973207201942,16.888757172971374,17.074801712319406,17.20320956805181,18.80657663005202,18.05929209300153,19.27729433901543,19.555617202208236,19.391177283475834,5.8431179249064815,6.0984270671535175,6.930755433227196,5.572628419930154,9.286656443420673,8.56695355961586,7.908018935044125,10.509604129223842,12.93282420050375,-5.331048515119287,-5.259446222973034,-5.194983979300374,-4.970884651655343,-6.059667434171808,-6.1703854771536415,-6.050311249718025,-16.121533566919727,-23.032515675215507
38.52466450797987,41.15972794951659,41.01670173498491,38.48978774131972,42.84077189760539,42.1244771211639,39.863713859691316,39.077220894691926,40.194468137126655,84.96419767960653,67.83536681064088,65.09146148885463,67.48534233312706,66.75446158279871,68.85294944647937,66.43335965146817,63.07716645699024,65.72480154127105,44.09532225201674,44.0474475251668,44.10807301708872,44.78275028173314,43.52629174830754,43.43773199292592,43.85017516793646,40.16892999348049,38.78209071702391,796.6624175820729,796.6624175820729,796.6624175820729,796.6624175820729,796.6624175820729,796.6624175820729,796.6624175820729,796.6624175820729,796.6624175820729,-0.0,-0.0,-0.0,796.6624175820729,796.6624175820729,796.6624175820729,796.6624175820729,796.6624175820729,-0.0,-0.9388617746896496,-0.3365027889292126,1.541901386133016,0.4104921062405103,1.4429735864952253,0.6676997012115177,1.356286311984781,1.6235252581239896,4.894554091847234,-0.9388617746896496,-0.0,-0.3365027889292126,-0.0,-0.0,-0.0,-0.0,-0.0,-0.0,14.120072068546538,14.167897943184089,14.24651961177618,14.177354525766777,15.479237870332621,14.869012692676868,15.85636706145119,16.058321519414754,15.979308216875705,5.7388091709121625,5.968947281942924,6.783061308530378,5.486613318561125,9.012526372650086,8.333835609444739,7.751506443552367,10.308212743511433,12.686611040830153,-5.33174911392691,-5.261168753001299,-5.197760030790052,-4.970942786789317,-6.05983133711219,-6.170646127605869,-6.051219754332013,-16.124119677693578,-23.009898933107923
38.52263294287624,41.15832988007344,41.0155593399662,38.484986688067956,42.840601589352616,42.12373598854341,39.8608997450557,39.07259343725219,40.191533372501596,84.92385296156358,67.82877247738219,65.08430424981553,67.47926119081652,66.74711041550367,68.84802751071008,66.4250345893436,63.061235379964714,65.71528365956559,44.095321771750015,44.04745541024601,44.108064988448675,44.78265420890976,43.52614155683723,43.437698202060595,43.850104791358014,40.16632303740461,38.77846845812624,796.176683570349,796.176683570349,796.176683570349,796.176683570349,796.176683570349,796.176683570349,796.176683570349,796.176683570349,796.176683570349,-0.0,-0.0,-0.0,796.176683570349,796.176683570349,796.176683570349,796.176683570349,796.176683570349,-0.0,-1.4003159381260775,-0.8964735813950969,0.9665771890455538,-0.07564399938989816,0.8042170853697156,0.12750732645817517,0.7400532059616337,0.9737709778168772,4.33504161305747,-1.4003159381260775,-0.0,-0.8964735813950969,-0.07564399938989816,-0.0,-0.0,-0.0,-0.0,-0.0,12.511078052804601,12.532711705360942,12.599300560175964,12.522866292998591,13.65822054247705,13.128069835379906,13.999681644529856,14.168825679582046,14.119674399668869,5.650017207563726,5.86121485283183,6.659197819831807,5.431453528695366,8.892727428703294,8.218831493461325,7.6041576201368,10.155244566101873,12.474580630806422,-5.331757222284956,-5.261152373017586,-5.197301349234523,-4.970945439539477,-6.059829936007001,-6.17063548290482,-6.051260525237124,-16.124608725877245,-22.992922671360077
38.52522473341701,41.158647476044145,41.01501183792272,38.48693481532241,42.84089366066543,42.12293249281345,39.86645135141679,39.0721373192468,40.18760508597846,84.89328276248537,67.83448413682379,65.08889691517024,67.52214779320508,66.76189739001659,68.89256898619695,66.43496490746483,63.06799235442037,65.72426085218196,44.095336395309914,44.04752647134323,44.10809405926434,44.78312692384877,43.52784429888405,43.438661175380375,43.85054257006724,40.17513717777721,38.78428204465061,795.4097012634728,795.4097012634728,795.4097012634728,795.4097012634728,795.4097012634728,795.4097012634728,795.4097012634728,795.4097012634728,795.4097012634728,-0.0,-0.0,-0.0,795.4097012634728,795.4097012634728,795.4097012634728,795.4097012634728,795.4097012634728,-0.0,-2.318584185988868,-1.7874436140297145,0.33996646490041676,-0.6206799836483825,-0.02597182892046301,-0.5814233203361131,-0.01903260783270038,0.25456832308728555,3.609000644643832,-2.318584185988868,-0.0,-1.7874436140297145,-0.6206799836483825,-0.02597182892046301,-0.5814233203361131,-0.01903260783270038,-0.0,-0.0,11.131192496064735,11.1319244568926,11.184957057080473,11.06859578690135,12.052551862552862,11.596561333124708,12.357571138616885,12.500736667946908,12.473829348614325,5.557485730351621,5.7594384558875715,6.543677969884366,5.368169975150752,8.807142817993366,8.138833951481345,7.482051363003007,10.02089325091713,12.284535541112792,-5.33097961327955,-5.259419147386171,-5.193586321125897,-4.970896874313647,-6.059672489356026,-6.1704302510862705,-6.0503700487779,-16.123979123371836,-22.868754952067725
38.521436237594884,41.15680342671237,41.01426245980519,38.47897479876742,42.840489785636166,42.122983241279535,39.85646628093048,39.0682038160425,40.1883647058049,84.89246180872401,67.82468738897549,65.08031140570563,67.47227499436944,66.740788000176,68.8436856205157,66.41561197622602,63.050804802009075,65.70289977695418,44.09533034266988,44.04745509447321,44.1080477542483,44.782586162421865,43.52621863556994,43.43739428044009,43.85004763057332,40.16559442813457,38.77180552897462,795.6590433114454,795.6590433114454,795.6590433114454,795.6590433114454,795.6590433114454,795.6590433114454,795.6590433114454,795.6590433114454,795.6590433114454,-0.0,-0.0,-0.0,795.6590433114454,795.6590433114454,795.6590433114454,795.6590433114454,795.6590433114454,-0.0,-1.8746853735167661,-1.4878510232313338,0.33619698746926274,-0.5939230387339117,0.14424280845326792,-0.45533937498542976,0.07944272407949828,0.30375015470315747,3.718810996806,-1.8746853735167661,-0.0,-1.4878510232313338,-0.5939230387339117,-0.0,-0.45533937498542976,-0.0,-0.0,-0.0,10.966043054953941,10.95649109716119,11.02489021755047,10.902878921999916,11.87203743202308,11.421614092886841,12.161395381556217,12.296069968362344,12.278387040049502,5.493510108323104,5.677914985307153,6.463524755450829,5.324066995767854,8.743297951204463,8.094049182719175,7.413661469197253,9.925187904797701,12.117517853649227,-5.3316950082339325,-5.26110003813306,-5.196776371329268,-4.970948944846361,-6.0598240437295035,-6.170667085032988,-6.051407936564458,-16.125094725809802,-22.98108777573782
38.52692539292226,41.1591603846717,41.01553458405082,38.48608052521267,42.84082820247766,42.12389565611763,39.86114885250264,39.07406609290251,40.191391310402665,84.93737559811865,67.83856335267843,65.09039371023083,67.48793811539643,66.75107445585621,68.85589046790572,66.42681675227503,63.06617261435591,65.71802534846623,44.09534436559029,44.04748573984368,44.108066548672646,44.78293237492441,43.526863932712615,43.43770432830269,43.85024765036684,40.17025426944209,38.778182019273956,796.259296085998,796.259296085998,796.259296085998,796.259296085998,796.259296085998,796.259296085998,796.259296085998,796.259296085998,796.259296085998,-0.0,-0.0,-0.0,796.259296085998,796.259296085998,796.259296085998,796.259296085998,796.259296085998,-0.0,-1.3444593294852125,-0.9322044965638021,0.9594680397970856,-0.012740120874600983,0.8770724590675978,0.19379357567288555,0.7380286156453018,1.0273779289392624,4.285866068218671,-1.3444593294852125,-0.0,-0.9322044965638021,-0.012740120874600983,-0.0,-0.0,-0.0,-0.0,-0.0,12.683302483189292,12.678100836269826,12.787118961834283,12.729661457461754,13.8768045425736,13.342955589709034,14.216908050854027,14.38988245405527,14.352014926224326,5.505663542837506,5.6587151860498395,6.4498845288239295,5.349696476732798,8.769477452543653,8.131725996473378,7.431936628589821,9.903782100607248,12.017355107418368,-5.331607641838275,-5.260827240360868,-5.196399606213097,-4.970944859755592,-6.059849245156086,-6.170579396712572,-6.051202735951327,-16.124289811975324,-22.963621408152303
38.53335351175214,41.16191886051232,41.01709514454126,38.49885278591209,42.84136430529811,42.12465769451784,39.870931007088565,39.08256775011625,40.19340939999523,84.9955016825511,67.8580936361895,65.10992294607061,67.53946681261291,66.7774015000724,68.90975964533422,66.45290325735387,63.09651909259321,65.74451526709223,44.095359359149604,44.047536814024525,44.10809540344652,44.783589465994055,43.52862388609856,43.43867385825154,43.85077888000388,40.180774367900895,38.7880687057717,796.5067136949234,796.5067136949234,796.5067136949234,796.5067136949234,796.5067136949234,796.5067136949234,796.5067136949234,796.5067136949234,796.5067136949234,-0.0,-0.0,-0.0,796.5067136949234,796.5067136949234,796.5067136949234,796.5067136949234,796.5067136949234,-0.0,-1.4968985274479285,-0.8729167412582823,1.4718547271648887,0.42864608565052925,1.2751969287897673,0.5708328364627208,1.177402734452415,1.5905903892611557,4.67529355023517,-1.4968985274479285,-0.0,-0.8729167412582823,-0.0,-0.0,-0.0,-0.0,-0.0,-0.0,14.874656903044173,14.8733079620949,15.042246564789256,15.011730300113465,16.377050387408957,15.744133102198687,16.77744503302003,17.002169211671028,16.923414383400168,5.5042714942187505,5.642387126336484,6.428938929314781,5.352196156159346,8.829392868095407,8.22366251537865,7.455924739768678,9.868674126824951,11.92857803539514,-5.330811397471328,-5.259311949507647,-5.1931202992841845,-4.970893395275939,-6.0596861257787324,-6.170387341848473,-6.050335766191822,-16.123026275870146,-22.94474912978995
38.53377861872133,41.16373522185121,41.01915305603724,38.50789431961162,42.84115989217024,42.12660233173838,39.867393384849116,39.09304917638986,40.203757708996584,85.07417193852069,67.87187906167243,65.12531847029585,67.50426379720054,66.77725652227511,68.87703455955388,66.45841307299118,63.11955539043066,65.75361984440133,44.095350093878494,44.047456500828744,44.10804356248073,44.783049259645864,43.52705450932373,43.43750616957952,43.85035838383927,40.17414090939956,38.782520814543204,798.4556344688591,798.4556344688591,798.4556344688591,798.4556344688591,798.4556344688591,798.4556344688591,798.4556344688591,798.4556344688591,798.4556344688591,-0.0,-0.0,-0.0,798.4556344688591,798.4556344688591,798.4556344688591,798.4556344688591,798.4556344688591,-0.0,0.44347483968280427,1.2706774807335093,3.1543901746582748,1.7895049512626215,3.356365536228401,2.2905472067729526,2.990612042824184,3.320306146449229,6.630110601370815,-0.0,-0.0,-0.0,-0.0,-0.0,-0.0,-0.0,-0.0,-0.0,20.746528671569386,20.76335752284224,21.175865207223975,21.376473390867577,23.361993693904886,22.44372801873491,23.94781662308064,24.300761187680756,24.015654621452057,5.540718147011624,5.652281727430633,6.451632634498761,5.409409667627514,9.003603507758273,8.369628749412641,7.510872350072993,9.913370905610304,11.856343221382692,-5.331570582290403,-5.26088861524868,-5.196992415463482,-4.970943086776476,-6.059826180018522,-6.170602143626708,-6.051301158098201,-16.12490229479115,-23.198965144939926
38.53634362655266,41.16649451506827,41.020208364648234,38.524465710625606,42.84061793593138,42.127412572133096,39.87083864481093,39.10612811617909,40.21360745604672,85.14418744033536,67.89909682631527,65.15262785098508,67.52021375130586,66.79418863726451,68.89490502042555,66.48452102110919,63.15545258787522,65.78541278501257,44.09534140045837,44.0474388320679,44.108010043847,44.782154648109724,43.52640296943535,43.43715035687494,43.8502847215224,40.170344881023865,38.78302801329278,800.4212414958994,800.4212414958994,800.4212414958994,800.4212414958994,800.4212414958994,800.4212414958994,800.4212414958994,800.4212414958994,800.4212414958994,-0.0,-0.0,-0.0,800.4212414958994,800.4212414958994,800.4212414958994,800.4212414958994,800.4212414958994,-0.0,2.11179933762295,3.406677029061273,4.255002274657624,3.076907886797416,5.048246793982286,3.7200215167139215,4.668126806907998,4.775251210223709,8.148091751739472,-0.0,-0.0,-0.0,-0.0,-0.0,-0.0,-0.0,-0.0,-0.0,28.858075935016203,28.904539695429563,29.716996316944318,30.178340580976574,33.04863155124879,31.70809801398765,33.72225286181109,34.241391956132084,33.54382930526373,5.581544483263734,5.667682509764733,6.472196105634199,5.4981003172014375,9.145050233969796,8.509002193379061,7.57858366431923,9.944600519717792,11.785873556062603,-5.331513520954458,-5.260897996227221,-5.197295914391796,-4.9709387204335265,-6.059807780113026,-6.170569111658259,-6.051389026792147,-16.124808747997676,-23.368026225116687
38.534933362065374,41.16280257720548,41.01781462572261,38.51670168803119,42.84075092198795,42.12610180939034,39.87376570973501,39.08930975885373,40.20056356945296,85.071970368744,67.87297038101532,65.12648278335237,67.54505812552446,66.77805536429268,68.91087714017432,66.46367439403086,63.10666261169146,65.75423536396181,44.095318701250285,44.04750948502184,44.107981908699514,44.783306863869534,43.52661699328463,43.438478421786094,43.8503226681392,40.16856872460357,38.78507140610773,797.8375621179559,797.8375621179559,797.8375621179559,797.8375621179559,797.8375621179559,797.8375621179559,797.8375621179559,797.8375621179559,797.8375621179559,-0.0,-0.0,-0.0,797.8375621179559,797.8375621179559,797.8375621179559,797.8375621179559,797.8375621179559,-0.0,-0.6187327506268094,0.22344941972768265,2.354066069116903,1.5078263815665824,2.522845769447873,1.714774212719505,2.062083702619034,2.4799118836360963,5.8203259226021045,-0.6187327506268094,-0.0,-0.0,-0.0,-0.0,-0.0,-0.0,-0.0,-0.0,20.897817655539374,20.90620585525953,21.351254378775586,21.568807663462735,23.348687162690204,22.660765761077528,22.137864893784823,22.630590350786907,22.397513487031482,5.402097147424444,5.486636922898464,6.271233398825036,5.322304169064553,8.859173399913661,8.269546099364732,7.314438267943616,9.632019370378949,11.440621363751525,-5.330636655759772,-5.259287246214864,-5.194033961943837,-4.970883113155884,-6.059624318792895,-6.170363091562439,-6.050689155322294,-16.1239694301045,-23.106684899835656
38.520719983350965,41.15439280646511,41.01183180273469,38.48871677681624,42.839224102959946,42.12356073167781,39.855634492608885,39.066312598945544,40.19036205062576,84.96970990436668,67.82303945233795,65.0683636442691,67.45422177740025,66.72443794462009,68.82001694201927,66.4102701710284,63.03078590165288,65.7006420685891,44.09526310462908,44.047476219953275,44.10791350633905,44.782323171184885,43.52334234572716,43.437589872925535,43.84947651280922,40.1434509109878,38.76898277683242,796.2033198673431,796.2033198673431,796.2033198673431,796.2033198673431,796.2033198673431,796.2033198673431,796.2033198673431,796.2033198673431,796.2033198673431,-0.0,-0.0,-0.0,796.2033198673431,796.2033198673431,796.2033198673431,796.2033198673431,796.2033198673431,-0.0,-2.1860154577004502,-1.7632522632381011,0.09124770461179922,-0.43813597344069893,0.26312289139988265,-0.26076582602731835,-0.14448131364974173,0.1256976186764928,3.6201569761537584,-2.1860154577004502,-0.0,-1.7632522632381011,-0.43813597344069893,-0.0,-0.26076582602731835,-0.14448131364974173,-0.0,-0.0,13.520872748095405,13.529383688379983,13.655462980520786,13.789883963171167,14.646534711450368,14.480339574528072,13.788709532315934,14.099648578569246,14.063368472592709,5.1674284783381035,5.239968289965694,6.024123040650193,5.089787227593601,8.423556746131522,7.942609130607382,7.010348489003562,9.235405766813992,10.97343074427671,-5.331435637374689,-5.2607905617681885,-5.1979798127043955,-4.970939138843172,-6.059735477626759,-6.170570974590473,-6.051757700491838,-16.123205166935477,-22.869836047467114
38.52030198371433,41.156230524244876,41.01459724987822,38.50491123291749,42.838338070851194,42.124746528787284,39.85857890946375,39.073397448042705,40.19687890896017,85.02135646851158,67.83139162989043,65.08891036020641,67.43967541555955,66.73061173711822,68.82941102227991,66.41818237698968,63.04821499954309,65.71936210861817,44.09521587291985,44.047457287708085,44.10788223693457,44.78211710388383,43.52178763898263,43.43810445634216,43.84915320578196,40.134861484823794,38.773677817151096,797.3401920560624,797.3401920560624,797.3401920560624,797.3401920560624,797.3401920560624,797.3401920560624,797.3401920560624,797.3401920560624,797.3401920560624,-0.0,-0.0,-0.0,797.3401920560624,797.3401920560624,797.3401920560624,797.3401920560624,797.3401920560624,-0.0,-1.3758323543808668,0.1479368426355253,0.7721356354636258,-0.22196215026197386,1.5519756083161647,0.8265124964113779,0.8502892882604481,1.2347622416319664,4.98658094830531,-1.3758323543808668,-0.0,-0.0,-0.22196215026197386,-0.0,-0.0,-0.0,-0.0,-0.0,18.375281805104446,18.386698855710502,18.778673560292276,19.195846480568253,19.93654274953677,20.102571210886566,18.662142418608553,19.03178611166278,18.94134641687505,5.118903935419627,5.178190970514432,5.89192784909075,4.96602998516857,8.464733142196676,7.960550529724854,6.901907300547331,9.049755736074983,10.662623428572427,-5.331705908165746,-5.261114311984164,-5.199695453744898,-4.970964394239892,-6.059657848879625,-6.170622393599419,-6.052081181597573,-16.122134480843158,-22.94906084586024
38.51318686793547,41.15127797947837,41.010192877506455,38.49081185750391,42.837169860901206,42.12081312653475,39.8575290734,39.05709788064217,40.186256512869605,84.92531546377337,67.81123144250326,65.05964020216447,67.44867078448318,66.72210114088477,68.8464312638133,66.40717195012519,63.022084252152275,65.71118089514424,44.09519126069771,44.04754869726712,44.10792413858978,44.78165065484428,43.52204107324306,43.43913601572722,43.84928579920573,40.13166990862138,38.775403814773654,795.5097830487323,795.5097830487323,795.5097830487323,795.5097830487323,795.5097830487323,795.5097830487323,795.5097830487323,795.5097830487323,795.5097830487323,-0.0,-0.0,-0.0,795.5097830487323,795.5097830487323,795.5097830487323,795.5097830487323,795.5097830487323,-0.0,-3.601841645190158,-2.4776269009645118,-1.4437325715260363,-1.7862397847234417,-0.9007708985924868,-1.3350229919377345,-1.4633075760911796,-0.8180299857733024,2.93532722426105,-3.601841645190158,-1.4437325715260363,-2.4776269009645118,-1.7862397847234417,-0.9007708985924868,-1.3350229919377345,-1.4633075760911796,-0.8180299857733024,-0.0,12.811262032168301,12.823222932493023,12.996824431913653,13.511259799842676,13.890772301219688,14.00375190299667,13.034522052894827,13.246995572135422,13.238251650505463,4.7096937479422945,4.914959997316462,5.569497500307261,4.754918912866262,7.24384065114636,7.200276189101568,6.284061515817563,8.317090533913243,10.108284699777272,-5.330992693890584,-5.259507013592439,-5.197274676336851,-4.970940408411869,-6.05948266070101,-6.170492717418594,-6.051261003584101,-16.12051611038376,-22.838341507014455
38.50145575289738,41.146136215482635,41.006541578720245,38.47051569195325,42.83527426754741,42.11787279160153,39.84153160085415,39.044986963565,40.18211352992128,84.84646607315756,67.78423319800858,65.0282495431336,67.39143532293406,66.67563043315724,68.76244799428429,66.36966183511962,62.975748149738145,65.677336267982,44.09516125447946,44.047485784420566,44.10788805171013,44.78040466559877,43.519486183276875,43.43735658815623,43.848619332482734,40.114254692916376,38.760172450790726,795.423910529522,795.423910529522,795.423910529522,795.423910529522,795.423910529522,795.423910529522,795.423910529522,795.423910529522,795.423910529522,-0.0,-0.0,-0.0,795.423910529522,795.423910529522,795.423910529522,795.423910529522,795.423910529522,-0.0,-3.902240267648678,-2.946014257816559,-2.3113981615186563,-2.611789188032736,-1.8525050901170674,-2.3072166163662393,-2.2999550284926347,-1.8858096809153553,2.1485786432420193,-3.902240267648678,-2.3113981615186563,-2.946014257816559,-2.611789188032736,-1.8525050901170674,-2.3072166163662393,-2.2999550284926347,-1.8858096809153553,-0.0,9.757936501555006,9.767189563052792,9.867104909332356,10.328865173941805,10.512557388026579,10.622036743980974,9.917601202912165,10.050305013461104,10.0595268265202,4.291555412136318,4.602287580340533,5.247053755387361,4.548103999655061,5.7254134735526625,5.638124081002051,5.522419271947341,7.6543743777895505,9.614887664357632,-5.331800333502614,-5.260930546000477,-5.201648321770068,-4.970991441039224,-6.0596616754878445,-6.1709270104031075,-6.053469901970776,-16.12279239879522,-22.858694173529095
38.49678553746689,41.14377926470414,41.0044844496626,38.462085278210175,42.83462848948734,42.11615237858637,39.83695374382916,39.038676845996555,40.178773812470475,84.80222047484808,67.77449744248331,65.0163787406176,67.3810526632136,66.66364567104176,68.74462735978807,66.35914989375532,62.96116393825454,65.66899339396147,44.095150022119626,44.04747893587711,44.10788250576437,44.77999081085347,43.51903596846272,43.43700335662706,43.84852131188311,40.10942672300604,38.755939748649176,795.1624678121935,795.1624678121935,795.1624678121935,795.1624678121935,795.1624678121935,795.1624678121935,795.1624678121935,795.1624678121935,795.1624678121935,-0.0,-0.0,-0.0,795.1624678121935,795.1624678121935,795.1624678121935,795.1624678121935,795.1624678121935,-0.0,-4.418540481952429,-3.498722150195397,-2.924088820918959,-3.138131029723312,-2.5325622068617966,-2.9732853241109845,-2.9019786779242045,-2.526851227324798,1.6116551901423086,-4.418540481952429,-2.924088820918959,-3.498722150195397,-3.138131029723312,-2.5325622068617966,-2.9732853241109845,-2.9019786779242045,-2.526851227324798,-0.0,8.152263625828702,8.166247282641118,8.225407585008336,8.63039261246108,8.75970614260966,8.84788349019202,8.296924482062241,8.396782770064268,8.406325988364737,3.849643040363414,4.349452574943317,5.017741214432014,4.31053708573523,5.249367814873372,5.025881554999868,5.16512573562054,7.229707803783394,9.244590711715798,-5.331788698058969,-5.26090247494473,-5.202262718040064,-4.9709943499630915,-6.059656834587598,-6.170964946574073,-6.053575753188812,-16.12249175932491,-22.81131202842942
38.49955070024847,41.143735572977576,41.00289658005923,38.458617360081135,42.834442886107695,42.11397617795749,39.84323117215749,39.033956105271706,40.173784662744644,84.75702156202802,67.77860736570376,65.01719784042665,67.41754884879273,66.68095468350235,68.79048012854199,66.36947845432304,62.96947050515803,65.68271570924539,44.09515932400221,44.04757114805088,44.107928609803274,44.78030432059979,43.52073979750619,43.43818056788032,43.84904862482206,40.116416423757194,38.76414104540083,794.4202967438401,794.4202967438401,794.4202967438401,794.4202967438401,794.4202967438401,794.4202967438401,794.4202967438401,794.4202967438401,794.4202967438401,-0.0,-0.0,-0.0,794.4202967438401,794.4202967438401,794.4202967438401,794.4202967438401,794.4202967438401,-0.0,-5.487737614006562,-4.8263153904285225,-3.8059248562411923,-3.807640409613532,-3.6129835247583975,-3.926955461485059,-3.9333701593347077,-3.3473438993060673,0.7549865270058637,-5.487737614006562,-3.8059248562411923,-4.8263153904285225,-3.807640409613532,-3.6129835247583975,-3.926955461485059,-3.9333701593347077,-3.3473438993060673,-0.0,6.266495170152535,6.278221363836508,6.300176161424744,6.601392693729906,6.720466622901618,6.768590519426184,6.413718703791124,6.48056406618634,6.49057705704753,3.5178000567723298,4.147572136559792,4.831059614957623,4.124175711088868,4.963659102236518,4.694646669478477,4.923331365939543,6.9282169250861365,8.928025873821332,-5.330967479178466,-5.259226324946067,-5.1991879364048454,-4.9709510252486915,-6.05950657317044,-6.170691858994576,-6.0515080024095225,-16.112927424285715,-22.65729812586919
38.48962245306107,41.140071532700006,41.000604745034785,38.445102003349504,42.83360223067163,42.113136406322255,39.83074386465903,39.027103090551634,40.1719286260965,84.72393378925835,67.75796562295454,64.99532030699491,67.36943633392711,66.64703160415608,68.72467672209687,66.34171974973063,62.93614715025613,65.64902252859181,44.09514525874822,44.04748926453142,44.107893533177986,44.779413956733485,43.51878624681598,43.43667220178259,43.84848983154434,40.103112824438405,38.74633899594108,794.3963371272023,794.3963371272023,794.3963371272023,794.3963371272023,794.3963371272023,794.3963371272023,794.3963371272023,794.3963371272023,794.3963371272023,-0.0,-0.0,-0.0,794.3963371272023,794.3963371272023,794.3963371272023,794.3963371272023,794.3963371272023,-0.0,-5.525266836981127,-4.840644507552342,-4.153964585264501,-4.363765555022497,-3.989019993180671,-4.3645286316303356,-4.222186112557866,-3.892653658250932,0.4318115252404279,-5.525266836981127,-4.153964585264501,-4.840644507552342,-4.363765555022497,-3.989019993180671,-4.3645286316303356,-4.222186112557866,-3.892653658250932,-0.0,4.676425722287808,4.687167959053221,4.690734466178608,4.904323335322319,5.030017383137557,5.02987942070802,4.85636412660328,4.902085873216399,4.911229766858022,3.3115605356378994,3.9725876724356906,4.681241205544386,3.9769938141355445,4.764076662660037,4.487369093462473,4.747198820337624,6.648127156003109,8.643019909161062,-5.331802165588737,-5.260934762197132,-5.203209839453326,-4.970996933166219,-6.059667989926653,-6.170970349641116,-6.053428198501647,-16.119989435667286,-22.68710411981547
38.48680225984845,41.138752355570674,40.999481987009716,38.44023368079695,42.83327479148712,42.11231048171521,39.82901782792166,39.02358377866906,40.169941028478945,84.70278810906741,67.7527380302959,64.9884360998817,67.36414079318548,66.64053862885879,68.71626532243285,66.33700682377096,62.927557482224096,65.64081924845334,44.095142983772085,44.04748557576738,44.10789052436029,44.77923330720301,43.518680249137425,43.43647563379895,43.84847094689494,40.1014901483252,38.74140773044466,794.1520038002608,794.1520038002608,794.1520038002608,794.1520038002608,794.1520038002608,794.1520038002608,794.1520038002608,794.1520038002608,794.1520038002608,-0.0,-0.0,-0.0,794.1520038002608,794.1520038002608,794.1520038002608,794.1520038002608,794.1520038002608,-0.0,-5.843014281705606,-5.2001708582628146,-4.504298745426569,-4.726494182817196,-4.381717823241121,-4.753574250734736,-4.557780569017511,-4.2751166074784,0.09221312497224608,-5.843014281705606,-4.504298745426569,-5.2001708582628146,-4.726494182817196,-4.381717823241121,-4.753574250734736,-4.557780569017511,-4.2751166074784,-0.0,3.7769102981877363,3.786803433907287,3.7816356518705767,3.9430833981985445,4.07818660056147,4.046985173840089,3.9814004471709903,4.014056795730175,4.021636313957486,3.1848210638295704,3.8526598888547983,4.573167750075977,3.8919637391001234,4.634235358087416,4.3514359205402835,4.620161434966944,6.442157077625286,8.406656681626645,-5.3318457414394045,-5.260979081779558,-5.203486606132983,-4.970998008712858,-6.059676271984953,-6.170971813950759,-6.053652267796067,-16.120901050875116,-22.67335527159042
38.49081011986897,41.13991343444082,40.99950710758775,38.44295804932196,42.833439981757934,42.111373469674945,39.83710989734167,39.02314899526404,40.167688123326805,84.69210223686336,67.76185417483445,64.99674012907403,67.40016172920467,66.6611965155576,68.764527259847,66.35478304269846,62.94320476451433,65.65645521022763,44.09515539686423,44.04755468752397,44.10792312052782,44.77971820818432,43.520310026584895,43.437423985690124,43.848983754111565,40.11099555117814,38.74740028839512,793.6442929720625,793.6442929720625,793.6442929720625,793.6442929720625,793.6442929720625,793.6442929720625,793.6442929720625,793.6442929720625,793.6442929720625,-0.0,-0.0,-0.0,793.6442929720625,793.6442929720625,793.6442929720625,793.6442929720625,793.6442929720625,-0.0,-6.455614651278346,-6.007659276366884,-4.846742109957377,-4.939490672459548,-4.86252662566143,-5.155928460036989,-4.989981430214685,-4.566701465742543,-0.386001666523586,-6.455614651278346,-4.846742109957377,-6.007659276366884,-4.939490672459548,-4.86252662566143,-5.155928460036989,-4.989981430214685,-4.566701465742543,-0.386001666523586,3.414442075793776,3.4251416484531947,3.414927566113787,3.5491602096572854,3.7029817682955657,3.649782753086282,3.6575966654670498,3.6874106339846207,3.694091551641574,3.1021965163793364,3.7681195222483908,4.485900295602047,3.844081341849152,4.530315180350141,4.245675025722422,4.529367124247726,6.29187139760879,8.239961450658733,-5.331088120475704,-5.259416895123513,-5.200180513942847,-4.970956127732536,-6.0595139796662405,-6.170780063092112,-6.0520949980373935,-16.11846878616778,-22.62063421192263
38.48551457337082,41.138646865782185,40.999200600140014,38.438074877027276,42.83311393395262,42.111698581510126,39.828814781426985,39.02198296252162,40.1690682792913,84.69092910765819,67.75023952785389,64.98729551238888,67.36218633845502,66.63938879693681,68.71557372603151,66.33826174247908,62.92442689797337,65.63718660256045,44.095150624278794,44.047482660954444,44.107894915041264,44.779219751101145,43.51870156342572,43.43610990844801,43.84859537306303,40.10264146398332,38.73648927588831,793.9812031955636,793.9812031955636,793.9812031955636,793.9812031955636,793.9812031955636,793.9812031955636,793.9812031955636,793.9812031955636,793.9812031955636,-0.0,-0.0,-0.0,793.9812031955636,793.9812031955636,793.9812031955636,793.9812031955636,793.9812031955636,-0.0,-6.01288957553,-5.366706547764086,-4.623337024567052,-4.943337633541401,-4.585082717857757,-4.9885086101994025,-4.695752197037321,-4.485719778816905,-0.08797500186538067,-6.01288957553,-4.623337024567052,-5.366706547764086,-4.943337633541401,-4.585082717857757,-4.9885086101994025,-4.695752197037321,-4.485719778816905,-0.08797500186538067,3.3706264184209984,3.383110939131435,3.3686588509176945,3.4891036502961033,3.672632927170117,3.599005323662449,3.661981431655311,3.692638300656898,3.698931431052083,3.0372852701076893,3.6881317822467587,4.4111074780343875,3.7954374649666858,4.451317501720789,4.171015872919714,4.464954444944737,6.136896335940693,8.074589110042448,-5.3318708124240874,-5.2609571604161705,-5.203064298854376,-4.970997287067172,-6.059682309771974,-6.171022982481654,-6.05405886165326,-16.121913457971054,-22.618559102817628
38.488820239999384,41.14020505640545,40.999637927493126,38.44067880455856,42.833414453718376,42.11139085605019,39.83232404992936,39.02256329422714,40.16886293530738,84.68915757333565,67.75544739510386,64.9924909255836,67.37519206911446,66.64933403654624,68.73357910265285,66.34389487476655,62.931249902825336,65.64500449532031,44.09516896742431,44.04752145377317,44.10792669725895,44.7796684027788,43.51951880835023,43.43635284725923,43.84883435498736,40.108576147215736,38.74085152595072,793.9755182240568,793.9755182240568,793.9755182240568,793.9755182240568,793.9755182240568,793.9755182240568,793.9755182240568,793.9755182240568,793.9755182240568,-0.0,-0.0,-0.0,793.9755182240568,793.9755182240568,793.9755182240568,793.9755182240568,793.9755182240568,-0.0,-5.982167775740282,-5.376266727935295,-4.495804130335353,-4.977679670356692,-4.561377866938325,-4.996807718890534,-4.683590384687479,-4.448989633173513,-0.12575382225989926,-5.982167775740282,-4.495804130335353,-5.376266727935295,-4.977679670356692,-4.561377866938325,-4.996807718890534,-4.683590384687479,-4.448989633173513,-0.12575382225989926,3.236041765927212,3.251188722957207,3.2342198423239688,3.3316051897160994,3.539275789074954,3.4516467835058786,3.568688483497395,3.597552412745801,3.601139752298943,2.994486794330134,3.6331071336577008,4.351351229295222,3.7697379414924823,4.41548762131915,4.13327054238609,4.3994471145710285,6.041077572119479,7.939879425856676,-5.331757929036098,-5.260699066343699,-5.201745033545752,-4.970984211136293,-6.059701759051224,-6.1708539863488205,-6.053138487629558,-16.11845383757805,-22.563130458469434
38.49550819976245,41.14316867382472,41.00116677033329,38.4500584759475,42.834142707962066,42.11112583172143,39.84239039723874,39.02588489897787,40.1676888686701,84.69630078383362,67.76990610195274,65.00991225557746,67.42578772348524,66.67934571668762,68.7956384553839,66.36666512350507,62.95535537464453,65.6633413271566,44.09520622412314,44.04758969371402,44.1079929311199,44.78059800201432,43.522008264723965,43.43740220092969,43.84946271793972,40.12350991991894,38.74905933497099,793.6930540945888,793.6930540945888,793.6930540945888,793.6930540945888,793.6930540945888,793.6930540945888,793.6930540945888,793.6930540945888,793.6930540945888,-0.0,-0.0,-0.0,793.6930540945888,793.6930540945888,793.6930540945888,793.6930540945888,793.6930540945888,-0.0,-6.255262477490927,-5.845250270357668,-4.297557125950427,-4.838284768430356,-4.681990335935407,-5.03994128366512,-4.783734379910285,-4.377870387969146,-0.3983683303329504,-6.255262477490927,-4.297557125950427,-5.845250270357668,-4.838284768430356,-4.681990335935407,-5.03994128366512,-4.783734379910285,-4.377870387969146,-0.3983683303329504,3.5311570818344538,3.5531401597109924,3.5321997820435675,3.6200748298857333,3.889585348963064,3.7715550987580206,3.9589429269873593,3.9846680395360745,3.9868796949701286,2.960886822523447,3.5923266518039814,4.303467266379983,3.7624345270977275,4.380315338635392,4.101940736730057,4.332127432773729,5.920945946584213,7.825857053007711,-5.330980888613608,-5.259233556810071,-5.197697228322752,-4.970925889167461,-6.059560112005334,-6.17058027431547,-6.051021386564297,-16.11620136577716,-22.589410179712353
38.494526254821736,41.14459737319696,41.00315339252724,38.44829297973958,42.83441003946169,42.11298816943103,39.837214728773084,39.03009854388929,40.170858912651916,84.71855623684453,67.76613481406937,65.0130109038487,67.40665108648106,66.67093690494954,68.75939964438864,66.35980645960025,62.96392221120513,65.66247425700668,44.095234122387495,44.04750156558937,44.10800662303204,44.78059269134778,43.52188134491455,43.43643011128303,43.849299960257994,40.126370907325416,38.74565768583082,794.6001478281486,794.6001478281486,794.6001478281486,794.6001478281486,794.6001478281486,794.6001478281486,794.6001478281486,794.6001478281486,794.6001478281486,-0.0,-0.0,-0.0,794.6001478281486,794.6001478281486,794.6001478281486,794.6001478281486,794.6001478281486,-0.0,-5.318857104485642,-4.763059259684831,-3.459179723115714,-4.043523284690066,-3.7857369452574527,-4.264862918155383,-3.815675290450768,-3.5976637569217185,0.3699594056325113,-5.318857104485642,-3.459179723115714,-4.763059259684831,-4.043523284690066,-3.7857369452574527,-4.264862918155383,-3.815675290450768,-3.5976637569217185,-0.0,4.622909819499235,4.655977769520678,4.637784041579057,4.738458802375459,5.139269435149025,4.959673503646012,5.237906780995595,5.267822305822497,5.27195966935075,2.960383609740456,3.556506467388752,4.2838579240245185,3.8268354902055566,4.353313456966952,4.092198882565566,4.304027872383075,5.84996172360147,7.706373675331985,-5.331836882954949,-5.261063536048825,-5.20047651843089,-4.970951067741389,-6.059735150149807,-6.170792072504164,-6.051630183024488,-16.120387460000664,-22.638383084432583
38.50326589398854,41.14986665835976,41.00797206852228,38.47019325382723,42.83580662672753,42.11639443639196,39.846561771851604,39.04815094186605,40.17991296413829,84.80888666945509,67.78959768444278,65.04208440559744,67.44976438872347,66.7055560168375,68.8019762558994,66.39071540449268,63.011859479402496,65.69130479507608,44.095257055164176,44.04745359274966,44.10800975713747,44.78159171843097,43.52328241349536,43.43682138936641,43.84958875125556,40.13994814439675,38.755600876556606,796.2040721105295,796.2040721105295,796.2040721105295,796.2040721105295,796.2040721105295,796.2040721105295,796.2040721105295,796.2040721105295,796.2040721105295,-0.0,-0.0,-0.0,796.2040721105295,796.2040721105295,796.2040721105295,796.2040721105295,796.2040721105295,-0.0,-3.6883421564182433,-2.8546751511668162,-1.4400545095942496,-2.0928854770272016,-1.7345229284639616,-2.3542976214041698,-1.7094131747264303,-1.4463295102954938,2.2209966082530754,-3.6883421564182433,-1.4400545095942496,-2.8546751511668162,-2.0928854770272016,-1.7345229284639616,-2.3542976214041698,-1.7094131747264303,-1.4463295102954938,-0.0,9.268480265771574,9.330363986972554,9.384235371752792,9.525843326332176,10.398205373535895,9.993161885885426,10.632261619277276,10.736339948300149,10.724777837193175,3.0871528523110587,3.6315397778148513,4.373961515109632,4.09762413489936,4.536315239189957,4.28754626326378,4.421404605766213,5.882157897882731,7.700103515302488,-5.33191558189511,-5.2612940782800335,-5.199537793694223,-4.97093893596397,-6.059743697999045,-6.170699048504098,-6.05108831615007,-16.120948679915273,-22.751290526640666
38.505900659616344,41.14982286105076,41.00670518163761,38.46854198875653,42.83640955533535,42.11554290508532,39.85082410788562,39.04705257016649,40.174899961749084,84.791529986492,67.79641554841031,65.04944402183814,67.49601356987696,66.7228501786306,68.8498654210443,66.40117527662673,63.0178547466248,65.70016182597405,44.09528175015959,44.04749214275133,44.10799150246513,44.782057438081516,43.525465936690566,43.43739174555283,43.850142801632906,40.15095276484849,38.760836802595804,795.2400907219625,795.2400907219625,795.2400907219625,795.2400907219625,795.2400907219625,795.2400907219625,795.2400907219625,795.2400907219625,795.2400907219625,-0.0,-0.0,-0.0,795.2400907219625,795.2400907219625,795.2400907219625,795.2400907219625,795.2400907219625,-0.0,-4.484503356297634,-3.9405580681976335,-2.0427074609257314,-2.697323748297175,-2.7875926691992547,-3.178368000089607,-2.623017232295269,-2.2927678342721003,1.2393957969529126,-4.484503356297634,-2.0427074609257314,-3.9405580681976335,-2.697323748297175,-2.7875926691992547,-3.178368000089607,-2.623017232295269,-2.2927678342721003,-0.0,7.571795386898191,7.590174488802176,7.61356988906274,7.549618883072304,8.204844320288332,7.90769446949255,8.380050910231084,8.44773556723404,8.444483613339997,3.026226188564659,3.5605820036476157,4.286492428323792,3.9920275462496866,4.371840878127028,4.137167100460096,4.292133301742837,5.745080706647845,7.570356557383166,-5.331104650323119,-5.259316352363377,-5.194729145313433,-4.970895072823149,-6.059586435658853,-6.170539659069479,-6.050060459100299,-16.120117661365146,-22.587052192496895
38.504844868295535,41.14846098034579,41.005618007853386,38.459682022173574,42.83620673762166,42.11578346057473,39.84297237011432,39.042820361109015,40.1748005059108,84.77841869187279,67.7893653595591,65.03902809102868,67.45182593163224,66.70220305751758,68.80325588834525,66.38335659823557,62.999050705808685,65.68449146704822,44.09528412640739,44.04744306317546,44.10794700066912,44.781663429252355,43.52431631762401,43.43640410710762,43.84979021901565,40.14413382252413,38.75360186825596,795.5057977720248,795.5057977720248,795.5057977720248,795.5057977720248,795.5057977720248,795.5057977720248,795.5057977720248,795.5057977720248,795.5057977720248,-0.0,-0.0,-0.0,795.5057977720248,795.5057977720248,795.5057977720248,795.5057977720248,795.5057977720248,-0.0,-4.074671741545544,-3.636707292227208,-2.063141802166482,-2.8298473915196825,-2.6373788760492443,-3.1216521642744453,-2.5365087846452807,-2.387170855898161,1.2752565425858207,-4.074671741545544,-2.063141802166482,-3.636707292227208,-2.8298473915196825,-2.6373788760492443,-3.1216521642744453,-2.5365087846452807,-2.387170855898161,-0.0,6.894247032359712,6.900424358333813,6.920292820926348,6.769605299288744,7.34274777476713,7.084175174402856,7.497936299608726,7.5562556238999585,7.552959000058247,2.9702115046964934,3.500628900030901,4.226113412400338,3.9319443543402612,4.299643559630785,4.066990742025561,4.223292581148575,5.662707317444987,7.467964853404676,-5.3317215479739035,-5.2609837777562936,-5.19723429533585,-4.970948466383683,-6.059766076943264,-6.170730739548895,-6.050834617020587,-16.120809890463303,-22.64051886277018
38.504654756996835,41.14794825633004,41.00551043717067,38.45928417317084,42.83625023949025,42.115812835960504,39.84239452381963,39.04296417678602,40.17454656976379,84.77929095275232,67.78843036846496,65.03932724936936,67.44566127258763,66.70325016367187,68.8059606353437,66.38329283680915,63.001410499703574,65.68518418452093,44.09528863038125,44.04742845600755,44.10793873931427,44.7817030451908,43.524438671208806,43.436365802232444,43.84978856177998,40.145336220099054,38.75276801175817,795.4965459116629,795.4965459116629,795.4965459116629,795.4965459116629,795.4965459116629,795.4965459116629,795.4965459116629,795.4965459116629,795.4965459116629,-0.0,-0.0,-0.0,795.4965459116629,795.4965459116629,795.4965459116629,795.4965459116629,795.4965459116629,-0.0,-4.075114385891034,-3.6638256481242455,-2.056847078778571,-2.815140097017158,-2.638506531306792,-3.11553157861955,-2.5371184155280067,-2.3897394050009364,1.25512111344787,-4.075114385891034,-2.056847078778571,-3.6638256481242455,-2.815140097017158,-2.638506531306792,-3.11553157861955,-2.5371184155280067,-2.3897394050009364,-0.0,6.864430041762438,6.861565291946908,6.892444764297166,6.746945878662667,7.313849716368724,7.059437114710255,7.476694720299186,7.541255888212562,7.532646226417958,2.934324140580859,3.458798344473774,4.18125083909054,3.924108916333853,4.2515251124982685,4.025008815117517,4.182815698625966,5.58805501140023,7.384920735197485,-5.331745136283116,-5.261092254202799,-5.196748228142962,-4.970951361252701,-6.059760618058634,-6.170717738699464,-6.050813712779607,-16.120739277948648,-22.63482588928291
38.51051005613635,41.150426083125524,41.00664492025285,38.47059557339226,42.836787471217306,42.11622703384724,39.85212898999965,39.04941973062159,40.17484296146585,84.8073583768504,67.80419506902862,65.05478196355355,67.50241378917111,66.72795292870607,68.86039562830001,66.40471359979897,63.024219746641485,65.70795913525362,44.095302219912945,44.047495709833825,44.107965698933825,44.78242293325196,43.52624010482552,43.437489538478104,43.85027841059183,40.15589484769422,38.76292646031177,795.3967130458409,795.3967130458409,795.3967130458409,795.3967130458409,795.3967130458409,795.3967130458409,795.3967130458409,795.3967130458409,795.3967130458409,-0.0,-0.0,-0.0,795.3967130458409,795.3967130458409,795.3967130458409,795.3967130458409,795.3967130458409,-0.0,-4.39161190244694,-3.8636598631144854,-1.8711018885041903,-2.5699928873343194,-2.6567939001875347,-3.045445403165347,-2.4905383181964575,-2.176816970836377,1.301879663848663,-4.39161190244694,-1.8711018885041903,-3.8636598631144854,-2.5699928873343194,-2.6567939001875347,-3.045445403165347,-2.4905383181964575,-2.176816970836377,-0.0,7.83806222235683,7.837679745624925,7.880705531486553,7.793126179821318,8.457489412748433,8.160689858764977,8.657393309783563,8.742259565306867,8.724508934658449,2.9302779346050287,3.450847519614946,4.171917436372101,3.979015009347872,4.26837165390018,4.044640703569099,4.186379669409926,5.545189508428806,7.336477059275885,-5.33097208215723,-5.259157572381965,-5.192984917396075,-4.9709019329277595,-6.059599000293432,-6.170515161970807,-6.050022616702429,-16.119207217818396,-22.577030017725175
38.50664012315238,41.14913494959897,41.00633474772248,38.464659911625134,42.83640383697916,42.1167337549087,39.843443001044996,39.046887779351486,40.176484186546176,84.81826176957183,67.7947233280259,65.04743864221261,67.45265889765422,66.7074860003759,68.80967161761737,66.38768559731679,63.006709356278,65.69216794063355,44.09529469333813,44.04741143782289,44.107921712531834,44.78194735844084,43.52461950820022,43.43629358961327,43.84979042578174,40.14654637719356,38.75265940679328,795.8783697188207,795.8783697188207,795.8783697188207,795.8783697188207,795.8783697188207,795.8783697188207,795.8783697188207,795.8783697188207,795.8783697188207,-0.0,-0.0,-0.0,795.8783697188207,795.8783697188207,795.8783697188207,795.8783697188207,795.8783697188207,-0.0,-3.723535567522876,-3.2328034893049313,-1.5996810739956708,-2.3516526993093465,-2.1578758428559746,-2.6859838968767664,-2.026330899203836,-1.8983352400182059,1.6905022601611184,-3.723535567522876,-1.5996810739956708,-3.2328034893049313,-2.3516526993093465,-2.1578758428559746,-2.6859838968767664,-2.026330899203836,-1.8983352400182059,-0.0,8.122679113129806,8.118896607679407,8.174383322404088,8.104724261031343,8.797070321468764,8.488794149226903,9.007817657302317,9.099360682271291,9.073560177380614,2.8927651292434744,3.4179986020660813,4.145247547830793,3.9853410460011247,4.248494271153063,4.030414696752532,4.170278418648941,5.480962204965829,7.257260294021036,-5.331725253728698,-5.261124846820216,-5.196463774813506,-4.970953496845594,-6.059757104661932,-6.17078788926453,-6.051034468559277,-16.12203334922886,-22.68136606575185
38.506046000885284,41.14850937664611,41.00600689128096,38.463224568361305,42.83631835938301,42.11640691364312,39.8420712770803,39.04584914273097,40.1757755207964,84.8125865080922,67.7928492931164,65.04644774042825,67.45129586301188,66.70494779444692,68.80738401954983,66.38514461816936,63.003237271858374,65.68775878085678,44.0952975258087,44.04740060935107,44.10791432185641,44.78191752775478,43.524570920479135,43.4361527955342,43.84977527342305,40.145946927312316,38.750129483104615,795.7821183481277,795.7821183481277,795.7821183481277,795.7821183481277,795.7821183481277,795.7821183481277,795.7821183481277,795.7821183481277,795.7821183481277,-0.0,-0.0,-0.0,795.7821183481277,795.7821183481277,795.7821183481277,795.7821183481277,795.7821183481277,-0.0,-3.7961835632865766,-3.3509796406010826,-1.6981895741706996,-2.4453279341324707,-2.28331670562021,-2.7932434132456274,-2.1354073933033932,-2.023097231758916,1.5716241543262883,-3.7961835632865766,-1.6981895741706996,-3.3509796406010826,-2.4453279341324707,-2.28331670562021,-2.7932434132456274,-2.1354073933033932,-2.023097231758916,-0.0,7.845274560259565,7.836227603935134,7.894367941226824,7.8138152618855665,8.478022453858937,8.181869238207597,8.679210818554713,8.764259339435501,8.7409722910203,2.849617935591043,3.3724203055405555,4.103394553590762,3.9465871872174603,4.177765110637416,3.96102286090985,4.12543389906994,5.404493000072301,7.183240271216111,-5.331721349082548,-5.26119947785245,-5.1963692717074075,-4.970952296407152,-6.059752988937782,-6.1707461167655895,-6.051055495531308,-16.12228085934627,-22.671513605329984
38.51179029996567,41.15068043321604,41.00637946648391,38.47014256478052,42.83672250111432,42.11600867537321,39.85184640594047,39.04898845005945,40.17389987183101,84.80723999932651,67.8065431385852,65.05594596481599,67.50869374436036,66.72706275363842,68.8612457420093,66.40392627118189,63.020565809442175,65.70796330230874,44.095313931628205,44.04749976135696,44.10796030644396,44.78261319243785,43.52651276662322,43.437383687401805,43.85036896220369,40.15654347324448,38.7617018281589,795.3988300567752,795.3988300567752,795.3988300567752,795.3988300567752,795.3988300567752,795.3988300567752,795.3988300567752,795.3988300567752,795.3988300567752,-0.0,-0.0,-0.0,795.3988300567752,795.3988300567752,795.3988300567752,795.3988300567752,795.3988300567752,-0.0,-4.42792836800659,-3.8869341596465214,-1.917392537673609,-2.6007219688690815,-2.7538666550849302,-3.124640017146325,-2.525721249625099,-2.2716972889169935,1.1923078867946122,-4.42792836800659,-1.917392537673609,-3.8869341596465214,-2.6007219688690815,-2.7538666550849302,-3.124640017146325,-2.525721249625099,-2.2716972889169935,-0.0,7.639860385653526,7.628186175984053,7.686953915832087,7.593040522720204,8.235025516909065,7.948807659265618,8.433820037913693,8.51569794740226,8.490150063496248,2.8216181335309503,3.342539582624894,4.085533212755997,3.9304718729063746,4.1393380510071625,3.9144717512992937,4.094973111605839,5.361965005071991,7.1364514649112705,-5.330938384763449,-5.259153955041274,-5.192655939569979,-4.970897850521628,-6.059615630823285,-6.1704277404264944,-6.050069745360434,-16.11717479170833,-22.549997478793397
38.50663296051156,41.14883265874989,41.0058452193074,38.46336921903632,42.836235625288154,42.11624308486729,39.8422194716843,39.046360004747264,40.176171153412405,84.81364977341157,67.79507892472141,65.04704611497633,67.45719322888559,66.70501670308447,68.80641046047744,66.38563905181284,63.002557262905846,65.6848000315143,44.095300852052596,44.047406755972375,44.10790901488843,44.78206427291427,43.524625146533964,43.435993214553264,43.84982851011368,40.145394580551134,38.749616859207734,795.8674456922499,795.8674456922499,795.8674456922499,795.8674456922499,795.8674456922499,795.8674456922499,795.8674456922499,795.8674456922499,795.8674456922499,-0.0,-0.0,-0.0,795.8674456922499,795.8674456922499,795.8674456922499,795.8674456922499,795.8674456922499,-0.0,-3.728841962707987,-3.3622035060021256,-1.6952251674419343,-2.40142309205031,-2.2743885183208543,-2.7863731633476956,-2.0920979029481206,-2.001043007174263,1.6294773699271157,-3.728841962707987,-1.6952251674419343,-3.3622035060021256,-2.40142309205031,-2.2743885183208543,-2.7863731633476956,-2.0920979029481206,-2.001043007174263,-0.0,7.84720618748291,7.8366914581186595,7.901490016586872,7.8296779072516065,8.494100989623986,8.198470576327345,8.70427644593811,8.793450746096036,8.766249011629418,2.783958027116251,3.308216898203648,4.058438388106647,3.924092733272484,4.106797033690639,3.8725027365512603,4.08004567868066,5.3016757378196875,7.06839625831654,-5.331750904471162,-5.261143187562795,-5.196767708799867,-4.970947056429338,-6.059763751083575,-6.170671478538693,-6.051147802561123,-16.121388955734485,-22.63295813208963
38.5050575037436,41.14810020999219,41.00538607816425,38.463578464513894,42.8360040286234,42.11583193402277,39.84211088500607,39.045971224774966,40.17696798000183,84.81028408938603,67.79289468303938,65.04479645249317,67.45534474669229,66.69941029770564,68.80332702005487,66.3850260755652,62.9933664728954,65.67198285393323,44.09528847164286,44.04739867433663,44.10788423560873,44.7820012009054,43.524146748872724,43.435899122677895,43.84971891003962,40.14084766189306,38.74575265017596,795.8727672103207,795.8727672103207,795.8727672103207,795.8727672103207,795.8727672103207,795.8727672103207,795.8727672103207,795.8727672103207,795.8727672103207,-0.0,-0.0,-0.0,795.8727672103207,795.8727672103207,795.8727672103207,795.8727672103207,795.8727672103207,-0.0,-3.734090069789305,-3.37218170558615,-1.7302222891609886,-2.385155234934279,-2.280448302583163,-2.796907587500687,-2.1228889009635368,-2.017463697974841,1.677578816647984,-3.734090069789305,-1.7302222891609886,-3.37218170558615,-2.385155234934279,-2.280448302583163,-2.796907587500687,-2.1228889009635368,-2.017463697974841,-0.0,7.890590009701326,7.884350384789359,7.947873215610523,7.894820610655875,8.564570627312648,8.269641561448005,8.755934833453589,8.84298862239368,8.81770453299615,2.7446517815521,3.271816512058301,4.032684190560835,3.9151897476794444,4.067637362397766,3.8160901801163853,4.059894853603875,5.250115207280562,7.015624227977598,-5.331760793083016,-5.261169443372062,-5.197200291330802,-4.9709428113415495,-6.059750482635565,-6.17055588614042,-6.051341359102593,-16.121728847236554,-22.64802413328869
38.502690446929385,41.14536495155984,41.00279995420915,38.46332029630896,42.83559626033254,42.11391272830982,39.84597133679164,39.03856098162307,40.17181020542169,84.75269364070844,67.78824113614363,65.0361201861987,67.49088516746824,66.69826671160673,68.82919486454244,66.38733346529348,62.98467626526316,65.67425926615704,44.09525949324204,44.04747910403371,44.107855482874776,44.78202767966245,43.52409658033121,43.43674420215929,43.8497691202266,40.13727396672039,38.74931746869109,794.853310749137,794.853310749137,794.853310749137,794.853310749137,794.853310749137,794.853310749137,794.853310749137,794.853310749137,794.853310749137,-0.0,-0.0,-0.0,794.853310749137,794.853310749137,794.853310749137,794.853310749137,794.853310749137,-0.0,-5.23984228642984,-4.7422423326947545,-2.90156134361629,-3.2966897646827467,-3.5161854175576654,-3.9063131633061388,-3.499786242135384,-3.17446753874462,0.5508210135431909,-5.23984228642984,-2.90156134361629,-4.7422423326947545,-3.2966897646827467,-3.5161854175576654,-3.9063131633061388,-3.499786242135384,-3.17446753874462,-0.0,6.176420841354352,6.171356244371995,6.202469419258506,6.085641996928055,6.565479400877983,6.3747200860385185,6.538911457892048,6.600503166889956,6.589750078687003,2.647932792651305,3.1851058887667576,3.962850883732433,3.8059039035033035,3.9200843116664674,3.6394601383841105,3.964898339782371,5.164021155489205,6.928275312256816,-5.330969241110272,-5.2592018971073955,-5.194199734016802,-4.970886244872897,-6.0595744681929204,-6.170401307003024,-6.050704823065291,-16.12099304394739,-22.612759351499268
38.48842477567085,41.13840773877793,40.99811438723019,38.44157687190635,42.83387774105339,42.111826675693194,39.82724117580472,39.024574910254245,40.16749996035593,84.68222108391797,67.75398894226072,64.99746332925284,67.40287694525699,66.65124915623197,68.74270482137688,66.34487149098581,62.93427585321316,65.63945049141094,44.09520665498801,44.047393128429285,44.107777003787525,44.7806137167104,43.52064767531455,43.435162517203636,43.84886813145785,40.11278066865193,38.7337931238513,794.2376774630483,794.2376774630483,794.2376774630483,794.2376774630483,794.2376774630483,794.2376774630483,794.2376774630483,794.2376774630483,794.2376774630483,-0.0,-0.0,-0.0,794.2376774630483,794.2376774630483,794.2376774630483,794.2376774630483,794.2376774630483,-0.0,-5.880751159249609,-5.5286460969135485,-4.205835972800819,-4.5007087346731725,-4.636004223899702,-4.934297524032257,-4.640169056384362,-4.443549233126054,-0.19399041323366004,-5.880751159249609,-4.205835972800819,-5.5286460969135485,-4.5007087346731725,-4.636004223899702,-4.934297524032257,-4.640169056384362,-4.443549233126054,-0.19399041323366004,3.3428440627452285,3.344201449986184,3.3464622505339388,3.235987339660735,3.42095897658037,3.3826538114943325,3.385286068173062,3.4133944189068655,3.409424434811892,2.4909364855539406,3.043125424913088,3.866273885910219,3.625206301055312,3.7508457057483064,3.458717202179492,3.8796191800191324,5.0461207551912715,6.81981278636535,-5.331821064155678,-5.261292718753902,-5.199121806600647,-4.970943948531854,-6.05967987025838,-6.170749709884492,-6.052479480090658,-16.122066586220534,-22.601227606108406
38.48336931598124,41.137036344265546,40.99728439952554,38.44115254117584,42.83314566605066,42.110843126528735,39.82674048286553,39.0210395670998,40.1666667234236,84.67092282363986,67.74878517978884,64.98836923909973,67.38657140740449,66.64688375760747,68.7416007560858,66.339609684362,62.928490445331626,65.64288977942883,44.09517465771401,44.0474222721226,44.107803473341775,44.780347869419494,43.52016167426846,43.435852223109485,43.84875236864823,40.10674856930619,38.737440483193346,794.0186410940112,794.0186410940112,794.0186410940112,794.0186410940112,794.0186410940112,794.0186410940112,794.0186410940112,794.0186410940112,794.0186410940112,-0.0,-0.0,-0.0,794.0186410940112,794.0186410940112,794.0186410940112,794.0186410940112,794.0186410940112,-0.0,-6.2365438302565135,-5.795176101063168,-4.820228446656471,-5.229067953339336,-4.876379206671158,-5.259003447321555,-4.997295503839765,-4.702572218479632,-0.3369576483281361,-6.2365438302565135,-4.820228446656471,-5.795176101063168,-5.229067953339336,-4.876379206671158,-5.259003447321555,-4.997295503839765,-4.702572218479632,-0.3369576483281361,2.936338949517569,2.9448512958462936,2.9429311065473525,2.9527392089665274,3.079386632910868,3.0662599383280393,3.035810303281535,3.058684588009543,3.0566880018322204,2.4541931880340653,2.959906807870622,3.8230773612122,3.546213165466619,3.713825438670288,3.3903925405831394,3.849753520557805,5.040342566127917,6.782570689990847,-5.332026746891046,-5.2612464564490615,-5.200740392264985,-4.970962624412983,-6.059656627197192,-6.170625189964283,-6.052294602719105,-16.118386351387848,-22.54843904082767
38.484705284195485,41.13670163440314,40.996548265989425,38.441301984956105,42.83291917621802,42.1093266348972,39.83189590417185,39.017674707103374,40.16375642817354,84.64615556583469,67.75387092936957,64.99051956524673,67.40892051307581,66.65691069240654,68.77672349308902,66.34868282935126,62.935372042541594,65.65751028007666,44.09515590162069,44.047503286067695,44.10783272768624,44.780267045023884,43.52110448657212,43.436982882905916,43.84901098486406,40.10924089645524,38.744636229364644,793.3594559944878,793.3594559944878,793.3594559944878,793.3594559944878,793.3594559944878,793.3594559944878,793.3594559944878,793.3594559944878,793.3594559944878,-0.0,-0.0,-0.0,793.3594559944878,793.3594559944878,793.3594559944878,793.3594559944878,793.3594559944878,-0.0,-7.109052553382125,-6.88686274578661,-5.758128428490145,-5.669498748599751,-5.558737967886152,-5.8469131913485155,-5.726467162297198,-5.237627622548557,-0.9348253185675393,-7.109052553382125,-5.758128428490145,-6.88686274578661,-5.669498748599751,-5.558737967886152,-5.8469131913485155,-5.726467162297198,-5.237627622548557,-0.9348253185675393,2.332004682381595,2.344178558254237,2.3337426147146165,2.4023975144533574,2.486115635876265,2.468506407947533,2.4541913536784996,2.466649968493567,2.466947560569664,2.3932173438372786,2.932793896426576,3.7709852889108553,3.5092068536518632,3.6627088158882053,3.294811663545041,3.8183742757509487,4.977184368265791,6.733984195429339,-5.331347633100113,-5.259802200352776,-5.199007269043629,-4.970938559877766,-6.059504394118046,-6.170564867400452,-6.051355936594925,-16.115235608713782,-22.50280036240556
38.478329233998075,41.13403586673283,40.99535992376403,38.42968808580887,42.83233513498897,42.10939285669224,39.82154057583295,39.01370095539755,40.1641680528084,84.62633558042374,67.73903251146331,64.97375639568838,67.35912299275384,66.62510312807119,68.70739482940246,66.32405716215,62.90764786276593,65.6331799885642,44.095130935709236,44.04743759944694,44.10779706418288,44.7792794867801,43.51927754602414,43.435768790669975,43.84840518091303,40.09676180502708,38.73240764070421,793.6236371418229,793.6236371418229,793.6236371418229,793.6236371418229,793.6236371418229,793.6236371418229,793.6236371418229,793.6236371418229,793.6236371418229,-0.0,-0.0,-0.0,793.6236371418229,793.6236371418229,793.6236371418229,793.6236371418229,793.6236371418229,-0.0,-6.825919245893041,-6.349390817732555,-5.903431661773323,-5.77251010589765,-5.4561787708349625,-5.8482346460414565,-5.6382494722562315,-5.385725868792415,-0.805805049561378,-6.825919245893041,-5.903431661773323,-6.349390817732555,-5.77251010589765,-5.4561787708349625,-5.8482346460414565,-5.6382494722562315,-5.385725868792415,-0.805805049561378,1.8383372604359334,1.8518221644532473,1.8407809445581833,1.8955717784109873,1.9585408628684549,1.9405231860695975,1.9422651809995717,1.9500304062865779,1.9514437359934433,2.3453424871412207,2.9094605553937267,3.7305439190319056,3.4939339717875866,3.6405344862382787,3.2308000119267355,3.7920650507310287,4.906858470860183,6.6776517994473235,-5.332125023255093,-5.261232072971839,-5.2035046068275195,-4.970992867850265,-6.059690583681039,-6.1709117212289595,-6.0535651764962495,-16.12125247395159,-22.58358136863314
38.47809673859778,41.13370153932831,40.995221322260555,38.42774671952761,42.83217821894715,42.10929642210602,39.82118122214091,39.01256640544512,40.163741855089434,84.6196081600809,67.73823642132409,64.97040879323544,67.35403469909413,66.61992880553146,68.69808200309862,66.32196216188814,62.904570645324945,65.63114838089393,44.09512549158877,44.04743912959346,44.10780672435501,44.77913481194324,43.51931656531811,43.435785819768526,43.84835425257285,40.0958734157132,38.731285059832125,793.6202820265293,793.6202820265293,793.6202820265293,793.6202820265293,793.6202820265293,793.6202820265293,793.6202820265293,793.6202820265293,793.6202820265293,-0.0,-0.0,-0.0,793.6202820265293,793.6202820265293,793.6202820265293,793.6202820265293,793.6202820265293,-0.0,-6.873078061431003,-6.38268967296338,-6.044662271885729,-5.827531731117275,-5.521564124145859,-5.910477485777822,-5.696167588722787,-5.459533500062889,-0.8646782465441126,-6.873078061431003,-6.044662271885729,-6.38268967296338,-5.827531731117275,-5.521564124145859,-5.910477485777822,-5.696167588722787,-5.459533500062889,-0.8646782465441126,1.7083106760947806,1.7204168786645533,1.7128183854513652,1.762310047179312,1.8213539856755065,1.8024068777098632,1.807487337591208,1.813818581952093,1.8163952907953709,2.306912521066097,2.900056673252624,3.717109400128173,3.4860951545921957,3.6055368633852867,3.205299824519193,3.7754653953729,4.873526893544295,6.6406858432290345,-5.332091741639081,-5.26121095994177,-5.204193681216876,-4.970997138241495,-6.05968829633257,-6.1709209007288175,-6.053743473829793,-16.120952195530236,-22.57654731101596
38.482631073200935,41.1350711392987,40.99566301558392,38.43210350135297,42.83235292957474,42.1087364228023,39.829023280941264,39.01313393500643,40.16227485816291,84.61972278163847,67.74761352238534,64.98002493742484,67.38985255900246,66.64052000675557,68.74564224746561,66.33946301426302,62.922760619059495,65.64979664036774,44.09513373049605,44.04749660120886,44.107843878680384,44.779592847449564,43.52077440412126,43.43688161341893,43.84879141554883,40.1043808169165,38.7403519310999,793.2059482068722,793.2059482068722,793.2059482068722,793.2059482068722,793.2059482068722,793.2059482068722,793.2059482068722,793.2059482068722,793.2059482068722,-0.0,-0.0,-0.0,793.2059482068722,793.2059482068722,793.2059482068722,793.2059482068722,793.2059482068722,-0.0,-7.344623909021393,-7.534260141249848,-6.554160067058578,-5.914266452725552,-5.913315072038922,-6.190159821078837,-6.046465693249078,-5.637852775557979,-1.2011610712175504,-7.344623909021393,-6.554160067058578,-7.534260141249848,-5.914266452725552,-5.913315072038922,-6.190159821078837,-6.046465693249078,-5.637852775557979,-1.2011610712175504,1.7531941880230844,1.7620266160751092,1.756093785635999,1.8090073315768063,1.8681330029067609,1.8489673754037381,1.854669336325875,1.8609386025339816,1.8638243264783005,2.2913720166716782,2.8893148770777795,3.703045267403563,3.4898641612981414,3.5769199700139147,3.1722892528635986,3.7644037062129834,4.840961103039436,6.620312255659948,-5.331351889463462,-5.259875212032722,-5.2014171913675655,-4.970955913993133,-6.059538055541825,-6.170734475217468,-6.052104975290778,-16.11904182985106,-22.532350847118227
38.47944053574291,41.134529333828276,40.995497211849376,38.428383772945175,42.832074691394894,42.109250378202894,39.82306536400031,39.01275594594682,40.16412161272461,84.62095373489704,67.73991836319215,64.97269864254771,67.3578516995762,66.62289471878543,68.70108005882425,66.32416732445218,62.907561177854966,65.63387528144305,44.09512579989417,44.047449064743674,44.107829400661714,44.77916728574372,43.51912954674834,43.43602934234938,43.84841729817143,40.09580040024722,38.73416752480869,793.715639250698,793.715639250698,793.715639250698,793.715639250698,793.715639250698,793.715639250698,793.715639250698,793.715639250698,793.715639250698,-0.0,-0.0,-0.0,793.715639250698,793.715639250698,793.715639250698,793.715639250698,793.715639250698,-0.0,-6.824388349698684,-6.304270603245922,-6.025627803953756,-5.791711756270127,-5.51133874744388,-5.892939707408001,-5.719203145613987,-5.441476720096565,-0.859687735336756,-6.824388349698684,-6.025627803953756,-6.304270603245922,-5.791711756270127,-5.51133874744388,-5.892939707408001,-5.719203145613987,-5.441476720096565,-0.859687735336756,1.7681906986520177,1.7746456335055771,1.7706072617049715,1.8233807094346146,1.8820855761181723,1.8639134968402962,1.8674651007177723,1.8738243518456592,1.876770579645275,2.279806469873942,2.8726252815258,3.697758790908607,3.4953903861127382,3.5810897875091867,3.159184267502069,3.760714133959476,4.836753065528102,6.60339042526446,-5.332092084905707,-5.261224728616794,-5.204882947171813,-4.970997262780327,-6.059720418136814,-6.170941237479025,-6.05342668284375,-16.117750173956278,-22.56051161036559
38.47878844126893,41.134393899612014,40.99547516749807,38.42783480898065,42.83206038301305,42.10912832868619,39.82274569507345,39.01235780056553,40.164016703836694,84.61940347350753,67.73805643598571,64.9722851201563,67.3563011441571,66.62287829383644,68.7004583458672,66.32399259076557,62.90685540428836,65.63179982355346,44.09512624810267,44.047440178528355,44.10783016519175,44.779130066929625,43.519030742591276,43.43595209100674,43.84841478210047,40.09574877161772,38.73297714968599,793.6782063403548,793.6782063403548,793.6782063403548,793.6782063403548,793.6782063403548,793.6782063403548,793.6782063403548,793.6782063403548,793.6782063403548,-0.0,-0.0,-0.0,793.6782063403548,793.6782063403548,793.6782063403548,793.6782063403548,793.6782063403548,-0.0,-6.8363400230500755,-6.298811073360336,-6.014156780410187,-5.817692771352809,-5.5313930223733205,-5.920408818090503,-5.7376977083644425,-5.4710654339695335,-0.9002152140929518,-6.8363400230500755,-6.014156780410187,-6.298811073360336,-5.817692771352809,-5.5313930223733205,-5.920408818090503,-5.7376977083644425,-5.4710654339695335,-0.9002152140929518,1.7142280806323467,1.7195143899549525,1.7158649241784127,1.764650105025001,1.8230448283369542,1.804213439348515,1.8136443599561118,1.8207356569863553,1.8236918778627869,2.2635853151265346,2.8570220244081144,3.6825872699608104,3.4827960770573676,3.5622069783762917,3.1329519603909817,3.750093297170796,4.80656372053522,6.581549661758982,-5.3321217715549265,-5.261262948687774,-5.204921187939484,-4.970997431074186,-6.059713612213709,-6.170947413678507,-6.053396458145093,-16.118253577578066,-22.546959663163424
38.483533880313495,41.135938608586414,40.99593026867041,38.43197185286926,42.8323664249733,42.108416762271915,39.83089151757104,39.01290202489048,40.16221072652601,84.61469097435659,67.74883399310472,64.98257105902259,67.39389486263394,66.64524446741741,68.75135775423023,66.3418713135133,62.92486419375906,65.648102437533,44.09513890261252,44.04751163178835,44.107868862894435,44.779665892262635,43.52061117372261,43.4369840523298,43.84890718332921,40.10582415942655,38.74060727011802,793.1852903343199,793.1852903343199,793.1852903343199,793.1852903343199,793.1852903343199,793.1852903343199,793.1852903343199,793.1852903343199,793.1852903343199,-0.0,-0.0,-0.0,793.1852903343199,793.1852903343199,793.1852903343199,793.1852903343199,793.1852903343199,-0.0,-7.361258725513734,-7.366950704354368,-6.465723906185097,-5.956735026872519,-5.951596485426784,-6.250971393833878,-6.10865605311485,-5.669688535367806,-1.3217024867165785,-7.361258725513734,-6.465723906185097,-7.366950704354368,-5.956735026872519,-5.951596485426784,-6.250971393833878,-6.10865605311485,-5.669688535367806,-1.3217024867165785,1.6012422109435878,1.6047088004680592,1.6018122065327614,1.6421761310350729,1.6995018173235756,1.6800103651763356,1.6993808828253414,1.7075660409084006,1.7105645783800898,2.249790668351971,2.8476156668835055,3.669987161016995,3.475727441049574,3.5218055797796075,3.103013429043415,3.742328641102276,4.792591014761997,6.560421941024233,-5.331354394582463,-5.259693039668712,-5.201393884815684,-4.970954959556677,-6.0595180417129475,-6.170729852162194,-6.051710345154154,-16.11506938798608,-22.49823971845602
38.47859328741526,41.13471930879198,40.99567676629126,38.427165084792236,42.83206483033088,42.10882568400279,39.822614550506025,39.0116612163483,40.16348045873344,84.61207557927004,67.73811775671076,64.97198033456453,67.35498767975014,66.62416634782113,68.70133135434357,66.32381598065707,62.9057118155308,65.62565962616485,44.09513177688644,44.04744614726767,44.1078438393483,44.77916700212969,43.51892607411223,43.435736761439365,43.848462219594126,40.09757610570006,38.72836023057268,793.5219067267036,793.5219067267036,793.5219067267036,793.5219067267036,793.5219067267036,793.5219067267036,793.5219067267036,793.5219067267036,793.5219067267036,-0.0,-0.0,-0.0,793.5219067267036,793.5219067267036,793.5219067267036,793.5219067267036,793.5219067267036,-0.0,-6.910480560554034,-6.4030072996497385,-5.963495259917289,-5.902804885709215,-5.640337481172691,-6.013678401303169,-5.7822689346513565,-5.5561543024464015,-1.0375162590809306,-6.910480560554034,-5.963495259917289,-6.4030072996497385,-5.902804885709215,-5.640337481172691,-6.013678401303169,-5.7822689346513565,-5.5561543024464015,-1.0375162590809306,1.5200556180676597,1.5221425989503485,1.5203614214437697,1.5531823335119057,1.6124401261824999,1.5909122884938942,1.616826370533682,1.6246726363222228,1.627823981813638,2.233359290848192,2.827491919661438,3.6566509022179288,3.4533941882435872,3.5020259504283544,3.0832802085016597,3.7378624354101344,4.761415818007605,6.533825453693391,-5.332093138487896,-5.261137078612438,-5.2044035734375615,-4.970997061918769,-6.059654567313293,-6.1709754634054095,-6.053687440255824,-16.120833042549027,-22.529624398425824
38.47946435174854,41.13518076765061,40.995999595086275,38.4285010746174,42.83202638689903,42.1085627509128,39.822983352209405,39.01209145175607,40.16367186370777,84.61136418558388,67.73918896476269,64.97435587268734,67.35836787978867,66.62973313212244,68.71068919539721,66.32609217670147,62.908621934764284,65.62410913044619,44.095141809435,44.04745132488396,44.10785467024485,44.779366068367366,43.51903593680521,43.43567000199976,43.84857880740613,40.10033237194381,38.726894142887,793.4558352630673,793.4558352630673,793.4558352630673,793.4558352630673,793.4558352630673,793.4558352630673,793.4558352630673,793.4558352630673,793.4558352630673,-0.0,-0.0,-0.0,793.4558352630673,793.4558352630673,793.4558352630673,793.4558352630673,793.4558352630673,-0.0,-6.907063892109926,-6.399967885231927,-5.789879412086968,-5.926138966892194,-5.635218031172654,-6.009510010614354,-5.7334024661413885,-5.530243909400722,-1.0681936861276122,-6.907063892109926,-5.789879412086968,-6.399967885231927,-5.926138966892194,-5.635218031172654,-6.009510010614354,-5.7334024661413885,-5.530243909400722,-1.0681936861276122,1.4883476013504466,1.4899047607464557,1.4890702902269646,1.5146383715835197,1.581266277389324,1.5564507225547315,1.5941280015613475,1.6010091526597399,1.6035969070020435,2.2224744881429053,2.8169870196763833,3.6400039391279813,3.4346114694640533,3.469178887774595,3.0573324994386386,3.740268168068043,4.743279965398986,6.5384433219943,-5.3320274918224175,-5.261014424514539,-5.203544282493963,-4.970989149011013,-6.0596256273238,-6.170941732506644,-6.0532831511988645,-16.12103098467822,-22.507662202939397
38.48951362075934,41.139531885559016,40.99793106608366,38.43944379264131,42.8329108508672,42.10820440675906,39.836117842243745,39.0160242911121,40.1624611284433,84.62196258033208,67.75900863896983,64.99520190585578,67.41945568734369,66.66695866912963,68.78465725751516,66.35297499758799,62.937370032231,65.6517136616607,44.095190015564995,44.04756542676169,44.10795360079726,44.780528594971535,43.52188173708224,43.43704948884579,43.84940024163627,40.11909807982722,38.74122504080621,793.2126631916362,793.2126631916362,793.2126631916362,793.2126631916362,793.2126631916362,793.2126631916362,793.2126631916362,793.2126631916362,793.2126631916362,-0.0,-0.0,-0.0,793.2126631916362,793.2126631916362,793.2126631916362,793.2126631916362,793.2126631916362,-0.0,-7.148905897050548,-6.975622830410425,-5.499136006148932,-5.768004669432791,-5.712563897013403,-6.039095440304412,-5.821191082045593,-5.405985710867873,-1.3351956861040268,-7.148905897050548,-5.499136006148932,-6.975622830410425,-5.768004669432791,-5.712563897013403,-6.039095440304412,-5.821191082045593,-5.405985710867873,-1.3351956861040268,1.6607656463880711,1.662912796319021,1.6637658147741987,1.6848510090161566,1.7804740876911374,1.7441157437127626,1.8117271775051633,1.820209292841903,1.821203001402695,2.230055699401574,2.8309707700751803,3.6640365022315398,3.463800343575839,3.5146474590445154,3.0985379367658954,3.744496560826039,4.758837658481926,6.560442668150919,-5.331115231801282,-5.259163352268114,-5.198494559048424,-4.970925052622623,-6.059486285939456,-6.170509330492877,-6.0505619729690965,-16.11107996905039,-22.461207936023484
38.487544639203314,41.14058466903954,40.999650262054885,38.435863133058554,42.833028241964286,42.109544402236786,39.82962356775474,39.0186021482997,40.1646737277332,84.64436703668167,67.7531399845299,64.99543826396376,67.39678227411517,66.6562036439187,68.74925986763841,66.34184946033554,62.93770133116102,65.64407004520778,44.09522084451849,44.0474880729684,44.10797876041286,44.78042018941675,43.52161590942089,43.43601755545371,43.84922039591483,40.11986718899975,38.735607734125075,793.9206772841666,793.9206772841666,793.9206772841666,793.9206772841666,793.9206772841666,793.9206772841666,793.9206772841666,793.9206772841666,793.9206772841666,-0.0,-0.0,-0.0,793.9206772841666,793.9206772841666,793.9206772841666,793.9206772841666,793.9206772841666,-0.0,-6.325454109178686,-5.987882519594501,-4.653507137840767,-5.140372161332566,-4.964712941452632,-5.389371079134015,-5.029951493961188,-4.8396832514551065,-0.7122609941553978,-6.325454109178686,-4.653507137840767,-5.987882519594501,-5.140372161332566,-4.964712941452632,-5.389371079134015,-5.029951493961188,-4.8396832514551065,-0.7122609941553978,2.2493958518539037,2.255066517481823,2.2607865053084306,2.286975338003396,2.4524821911181727,2.383775966279095,2.489945844015075,2.4977045206423343,2.4991767449924334,2.2360023991500104,2.8522843501056614,3.6706447294837967,3.5219102215761167,3.5165495951759342,3.1061883533289776,3.747220564736415,4.73794430459541,6.5500630156668835,-5.331922170646136,-5.26098146852076,-5.200604120193908,-4.97094993552716,-6.0596621109597395,-6.170719983358452,-6.051131165971264,-16.117558519938544,-22.504257677791745
38.49298301160515,41.143832055473126,41.002606380162284,38.44825357969754,42.83400578141199,42.111584069718944,39.834709175371636,39.02845712835291,40.16912314303531,84.68660766334965,67.76446134185716,65.01134686557582,67.43176013516175,66.67927935237435,68.77858396830386,66.35889368765851,62.9655455193546,65.65834662854807,44.09524232982873,44.04746368762619,44.107986397951535,44.78111902258893,43.52280538130941,43.43628968215542,43.849456733795726,40.13022557030475,38.741496510920065,794.7299951941282,794.7299951941282,794.7299951941282,794.7299951941282,794.7299951941282,794.7299951941282,794.7299951941282,794.7299951941282,794.7299951941282,-0.0,-0.0,-0.0,794.7299951941282,794.7299951941282,794.7299951941282,794.7299951941282,794.7299951941282,-0.0,-5.4340000562350435,-4.913779362088156,-3.501222463928771,-4.023254064228559,-3.9032678765199864,-4.38433216107578,-3.921254522006137,-3.7272767152788515,0.19347158716957172,-5.4340000562350435,-3.501222463928771,-4.913779362088156,-4.023254064228559,-3.9032678765199864,-4.38433216107578,-3.921254522006137,-3.7272767152788515,-0.0,4.3900668894444195,4.397104862817277,4.420320784530026,4.4444636188632165,4.820384539128371,4.6511302126832845,4.913223296489693,4.940044461342964,4.9414975399493315,2.3035337063254184,2.9124438968591417,3.7314602911338466,3.665590013613554,3.575525377842357,3.1748861805740987,3.795834583115209,4.781075636723359,6.599149855761523,-5.33196241611509,-5.2611887769116805,-5.199495997455393,-4.970936144799499,-6.059663438745748,-6.170651668802583,-6.050627852585436,-16.118624952203014,-22.580959163028474
38.49687185695259,41.14546361723647,41.002686314447125,38.45173918119941,42.83489872899807,42.11159647853078,39.84246100325169,39.032245976517245,40.16667928024877,84.68304461082087,67.77509328410845,65.02664832497409,67.48285297938745,66.70355566962016,68.8332801876101,66.37910797816521,62.98367529878479,65.67529999357673,44.095270482217785,44.0474866984253,44.107975708345656,44.78180382246382,43.525238641477245,43.436925370231606,43.85008615865245,40.14458580035352,38.74964862881518,794.2088035671225,794.2088035671225,794.2088035671225,794.2088035671225,794.2088035671225,794.2088035671225,794.2088035671225,794.2088035671225,794.2088035671225,-0.0,-0.0,-0.0,794.2088035671225,794.2088035671225,794.2088035671225,794.2088035671225,794.2088035671225,-0.0,-5.763697663391072,-5.381878392327622,-3.4835016425353427,-4.145539156970304,-4.367694949673055,-4.706191779577119,-4.228728959909557,-3.9723335078178006,-0.27854787645867435,-5.763697663391072,-3.4835016425353427,-5.381878392327622,-4.145539156970304,-4.367694949673055,-4.706191779577119,-4.228728959909557,-3.9723335078178006,-0.27854787645867435,3.910850333561926,3.9114847802517776,3.9190387881636704,3.7572854193319936,4.051009848696944,3.9190837810417594,4.124958971380752,4.144389025170894,4.142600548141872,2.301893930605828,2.9086327955177897,3.729960247879778,3.650851101895351,3.5538045332556165,3.1473626041999907,3.7784406731262834,4.765266002919176,6.601896691794716,-5.331223560931472,-5.259682281646898,-5.194938101570927,-4.970892276926733,-6.059510051211188,-6.170494027764695,-6.049765956856577,-16.117447342181457,-22.482319842070943
38.49517303915685,41.14373688641378,41.00181971053887,38.44236989702183,42.83472132705786,42.11194293987067,39.832664896936336,39.02839683997722,40.167062046015175,84.67553237779448,67.76626140698325,65.01803588979199,67.43048177662415,66.68251293434564,68.78189874549582,66.36017177772551,62.965564513909506,65.65411174785041,44.09527548482747,44.047408029762096,44.10792591315031,44.78128738390869,43.523932309145806,43.435588418739904,43.84964852527035,40.13736575181357,38.738092655111664,794.4395444883854,794.4395444883854,794.4395444883854,794.4395444883854,794.4395444883854,794.4395444883854,794.4395444883854,794.4395444883854,794.4395444883854,-0.0,-0.0,-0.0,794.4395444883854,794.4395444883854,794.4395444883854,794.4395444883854,794.4395444883854,-0.0,-5.24438578095799,-4.974510941969251,-3.404886090284041,-4.166294869124818,-4.172440849693077,-4.574269517740799,-4.047652967367626,-3.9740539337701337,-0.08628336741739022,-5.24438578095799,-3.404886090284041,-4.974510941969251,-4.166294869124818,-4.172440849693077,-4.574269517740799,-4.047652967367626,-3.9740539337701337,-0.08628336741739022,3.3341152873348348,3.332576197628504,3.3359431550773424,3.197969026228928,3.4298695432036572,3.326509567701479,3.487341780640409,3.5014123724852904,3.499226022599067,2.281757932806079,2.8808883001939583,3.7048976375622327,3.6243559942891914,3.528495662414922,3.1204469427779062,3.7695326835108647,4.7535057433300825,6.606632915679661,-5.331820643663628,-5.261254722589231,-5.197403409949895,-4.970949098299915,-6.059677486813673,-6.170760419558945,-6.0505388545006245,-16.12128255346466,-22.594970406110175
38.497356126327304,41.14453586125839,41.00201165033218,38.443888917157395,42.83497112704455,42.112136822709935,39.83520906609071,39.029672052654966,40.167158181755674,84.67554897049702,67.77085327168079,65.01981168392574,67.43997781754571,66.68629614145107,68.7912103694573,66.3641736574692,62.971103028194186,65.6640589154461,44.095284636002795,44.04743811338612,44.10794053311461,44.78148270709485,43.52436942827541,43.43589314226327,43.84978395255946,40.14048126296508,38.74373012324057,794.4845933881345,794.4845933881345,794.4845933881345,794.4845933881345,794.4845933881345,794.4845933881345,794.4845933881345,794.4845933881345,794.4845933881345,-0.0,-0.0,-0.0,794.4845933881345,794.4845933881345,794.4845933881345,794.4845933881345,794.4845933881345,-0.0,-5.20141392298622,-4.949489911295785,-3.382434631195629,-4.123729372789137,-4.11557887591543,-4.526099791868063,-4.023204514452715,-3.931936950973098,-0.0501365149781948,-5.20141392298622,-3.382434631195629,-4.949489911295785,-4.123729372789137,-4.11557887591543,-4.526099791868063,-4.023204514452715,-3.931936950973098,-0.0501365149781948,3.2886072252713974,3.2831946128759584,3.2898710297648477,3.1570564811069133,3.3829044336798613,3.282909444550351,3.439870122441709,3.45421592535393,3.4504614733405097,2.290733384086213,2.8894323848579058,3.717295427040816,3.6495457205694546,3.555488971861138,3.1456482650846653,3.7842718357209293,4.794105855730358,6.648996313158633,-5.331777787201059,-5.261001599361547,-5.196422717409116,-4.970948659991562,-6.05969816261376,-6.170656763830396,-6.050379030308783,-16.118334980289323,-22.531937962955485
38.50241012056941,41.1460407568757,41.00261300627785,38.45153783127369,42.83546540246869,42.11206834611682,39.843364017851165,39.03378248586394,40.16625609029425,84.6815318951724,67.78225578758581,65.03193738342051,67.4882866673102,66.70806405452092,68.84402921129718,66.3825374323222,62.98850207260387,65.680649178244,44.095297589826885,44.047501192767406,44.10796780337645,44.78205825830579,43.52606292915691,43.43694118359132,43.85024687662471,40.149811322600534,38.75191632200178,794.1592003042734,794.1592003042734,794.1592003042734,794.1592003042734,794.1592003042734,794.1592003042734,794.1592003042734,794.1592003042734,794.1592003042734,-0.0,-0.0,-0.0,794.1592003042734,794.1592003042734,794.1592003042734,794.1592003042734,794.1592003042734,-0.0,-5.6560655787861345,-5.348701835922746,-3.4163386815671934,-4.112115569949339,-4.357994794299721,-4.656040279570847,-4.186278526891807,-3.9689248391121197,-0.30783815769923767,-5.6560655787861345,-3.4163386815671934,-5.348701835922746,-4.112115569949339,-4.357994794299721,-4.656040279570847,-4.186278526891807,-3.9689248391121197,-0.30783815769923767,3.5239284919823644,3.5164511593772074,3.5265978886459277,3.389403924770532,3.6349302094523175,3.52667371694881,3.696804848803467,3.711791412198737,3.7087176103443493,2.2978025393060326,2.9002421653775126,3.7223469805676332,3.665012493018784,3.562378370923253,3.1508803985546683,3.7968871934114077,4.814747083326584,6.6968022578040225,-5.330985892039002,-5.259158711482457,-5.1925410553712315,-4.970900323672679,-6.059535751734342,-6.170436060733555,-6.049748149544527,-16.117016509876386,-22.487371358444562
38.49863553820678,41.144662644341146,41.00240305044936,38.44618189012114,42.835144618948604,42.11267579899127,39.83518533044151,39.03166792683641,40.16861173203361,84.69175116015064,67.7722653598945,65.02481794315344,67.43857794178226,66.68789363487252,68.79291857090357,66.36642553462282,62.97191598603539,65.66117923474062,44.09528729629858,44.04741536970073,44.10792210246301,44.7815569747518,43.52436080990463,43.4357836035959,43.84975476686687,40.140241676862416,38.74166336637608,794.6241146737026,794.6241146737026,794.6241146737026,794.6241146737026,794.6241146737026,794.6241146737026,794.6241146737026,794.6241146737026,794.6241146737026,-0.0,-0.0,-0.0,794.6241146737026,794.6241146737026,794.6241146737026,794.6241146737026,794.6241146737026,-0.0,-5.031394170708965,-4.7455869154002635,-3.146171885037517,-3.8704615251778,-3.874444800455175,-4.293235983297831,-3.7429373526664835,-3.6708689970182222,0.17076314442263918,-5.031394170708965,-3.146171885037517,-4.7455869154002635,-3.8704615251778,-3.874444800455175,-4.293235983297831,-3.7429373526664835,-3.6708689970182222,-0.0,3.878456043565608,3.8699236082315447,3.884137319012661,3.740682333350384,4.019822664214345,3.896067950824324,4.090069126805038,4.107087264200254,4.104777490166828,2.2998994520194134,2.90476753721802,3.73130085789478,3.668819585660072,3.5754449758204085,3.167924276312217,3.817562483077895,4.8476708798580574,6.732876106235192,-5.331721687926738,-5.26113101481126,-5.195969715411537,-4.9709519939142295,-6.05969584030887,-6.1707048838318,-6.050588604907086,-16.120827608581195,-22.582512183957967
38.499041325962516,41.14487902115409,41.00265401938305,38.447877848822564,42.835153200985836,42.11297756639358,39.83568784260729,39.0330163539712,40.16936903223055,84.70239373118133,67.77383023132934,65.0266964653746,67.43854975992642,66.68952424331938,68.79268451110295,66.3685992908341,62.97304043287141,65.65949682726244,44.095287535163976,44.04740999685491,44.107912902267536,44.78159664383071,43.52439492355518,43.435766768677695,43.84975648267493,40.14019464635083,38.740742810581594,794.7302188328828,794.7302188328828,794.7302188328828,794.7302188328828,794.7302188328828,794.7302188328828,794.7302188328828,794.7302188328828,794.7302188328828,-0.0,-0.0,-0.0,794.7302188328828,794.7302188328828,794.7302188328828,794.7302188328828,794.7302188328828,-0.0,-4.9062062858328055,-4.597272806251572,-2.991706543334707,-3.7101426022119264,-3.7156390212487853,-4.13834147006172,-3.568105660756534,-3.496225241476275,0.3201261315455833,-4.9062062858328055,-2.991706543334707,-4.597272806251572,-3.7101426022119264,-3.7156390212487853,-4.13834147006172,-3.568105660756534,-3.496225241476275,-0.0,4.274483156790538,4.266415359977859,4.28161832831372,4.133341503829089,4.45026193049828,4.309014000975979,4.529098818846457,4.54997959812382,4.547532307450016,2.312704491492349,2.9157223033203254,3.7417510870404005,3.6777605164184637,3.5948979081309225,3.1870708838930986,3.841378977564385,4.889346948361639,6.788367323604428,-5.33169480139184,-5.261095971753457,-5.195802977776868,-4.970950977339657,-6.059699371033776,-6.170697082371001,-6.050645792240456,-16.120990568250214,-22.608143751737668
38.50339911026204,41.146446976977884,41.00326390253805,38.45593500949747,42.835556449402866,42.11290302454767,39.84381942995384,39.03706380476699,40.168900877727154,84.71248268965643,67.78621896391373,65.03775305343815,67.48713708815659,66.7095539959294,68.84279685400213,66.38725861672795,62.99222830356784,65.67762984237038,44.09529582210207,44.047485214135826,44.107935702878144,44.782121826452965,43.52580295484627,43.43675554308038,43.850206485369554,40.148757916364445,38.749744761620484,794.4567017978926,794.4567017978926,794.4567017978926,794.4567017978926,794.4567017978926,794.4567017978926,794.4567017978926,794.4567017978926,794.4567017978926,-0.0,-0.0,-0.0,794.4567017978926,794.4567017978926,794.4567017978926,794.4567017978926,794.4567017978926,-0.0,-5.3507775798423935,-4.955632413640264,-2.9780767745355803,-3.650975271967984,-3.930018444372645,-4.231830547854738,-3.679982914120494,-3.460914301928064,0.152310769736468,-5.3507775798423935,-2.9780767745355803,-4.955632413640264,-3.650975271967984,-3.930018444372645,-4.231830547854738,-3.679982914120494,-3.460914301928064,-0.0,4.68871911517915,4.681615926386685,4.6981525308421315,4.549293541565117,4.905369477857346,4.746642504296532,4.998877996294008,5.026709388471687,5.021766226882578,2.34007335437427,2.9308148159840983,3.756671176393772,3.684653788188145,3.613500065109247,3.207125388678685,3.869159392777258,4.940719418225444,6.860707270212397,-5.33090367592925,-5.258928632291909,-5.1920921152763055,-4.970899565698816,-6.059529684456906,-6.170465577756712,-6.04988726606311,-16.1185088340496,-22.50230542703647
38.50146493715467,41.1461579763006,41.0033273907099,38.45234876905648,42.83529088225959,42.11365172356851,39.83816814717846,39.036731736536254,40.17185476159988,84.72755750109636,67.78067393580753,65.03131643298643,67.44799766581224,66.69304987186604,68.79663013188295,66.375101467101,62.9789991485327,65.66290346616064,44.095287812274435,44.047422746547326,44.10790491026169,44.78175943382565,43.524345169251454,43.435853478622164,43.84982407751345,40.14032300302339,38.74388496426249,795.0720095269327,795.0720095269327,795.0720095269327,795.0720095269327,795.0720095269327,795.0720095269327,795.0720095269327,795.0720095269327,795.0720095269327,-0.0,-0.0,-0.0,795.0720095269327,795.0720095269327,795.0720095269327,795.0720095269327,795.0720095269327,-0.0,-4.5439717585189054,-4.197832680091808,-2.6038722046465295,-3.3181794543562453,-3.301011977623522,-3.7460431679083848,-3.125571794295014,-3.038401564582286,0.7659022237574765,-4.5439717585189054,-2.6038722046465295,-4.197832680091808,-3.3181794543562453,-3.301011977623522,-3.7460431679083848,-3.125571794295014,-3.038401564582286,-0.0,5.234509013963567,5.227028279307707,5.249022665214865,5.105436760940138,5.5177200828899355,5.331963811242531,5.6271243153358235,5.663164138741785,5.656949168872743,2.375173864884651,2.9602512240287413,3.786547474898246,3.7009149491102122,3.6694778933589065,3.264197124528334,3.916167179510859,5.022966097273409,6.953317353036935,-5.3317046122735805,-5.26097628939271,-5.196078304009243,-4.970945220666481,-6.059713175035154,-6.170616769706247,-6.050724695927861,-16.119486675724108,-22.5702708839556
38.49981226821485,41.145006986095936,41.00267473043286,38.451584089250304,42.83506736395865,42.11330607937864,39.83749205949333,39.03644639985417,40.17221799403852,84.72243981690954,67.77650743832837,65.02797090432185,67.44395435750273,66.68635977803821,68.79278005377265,66.373555680984,62.97063932161936,65.65648976453136,44.09527524629222,44.0474089021068,44.1078740637118,44.78161504448875,43.5237184901994,43.43568561854312,43.84966405100179,40.136054320893216,38.74138458593695,794.9978230016867,794.9978230016867,794.9978230016867,794.9978230016867,794.9978230016867,794.9978230016867,794.9978230016867,794.9978230016867,794.9978230016867,-0.0,-0.0,-0.0,794.9978230016867,794.9978230016867,794.9978230016867,794.9978230016867,794.9978230016867,-0.0,-4.629244231619173,-4.277456475739994,-2.716830810869981,-3.3448972447135583,-3.362203412874106,-3.786458859644743,-3.192026152778309,-3.0850281344356185,0.7745584574124669,-4.629244231619173,-2.716830810869981,-4.277456475739994,-3.3448972447135583,-3.362203412874106,-3.786458859644743,-3.192026152778309,-3.0850281344356185,-0.0,5.140961722856754,5.1321807836591296,5.1548059442490475,5.025497326188389,5.430139941135644,5.250798520198187,5.527500597576104,5.563633498431072,5.553481203345847,2.376875611727527,2.9633719320820986,3.7902924275310586,3.701803167599405,3.685038292003116,3.2792859648195085,3.9397812434335697,5.07702270412327,7.032848585381911,-5.331713025456567,-5.261052053726601,-5.196565836502638,-4.9709415113886415,-6.05970517521107,-6.170559673964971,-6.050947662311187,-16.11959150281977,-22.561433991763597
38.4967970784211,41.14212691961242,40.99973265551151,38.44892653863927,42.834476618335195,42.111092424941035,39.84045917918175,39.02835473934276,40.1662045153269,84.66648700722256,67.7711434545802,65.01827773287542,67.47900984702281,66.68640767089632,68.82006568517876,66.37472916803749,62.963393145779065,65.65599938183237,44.09525525209157,44.04749185670008,44.10785931623142,44.78161034860953,43.52402595634054,43.436542562817806,43.84977075827847,40.13407872338299,38.74254591508149,793.8192503704236,793.8192503704236,793.8192503704236,793.8192503704236,793.8192503704236,793.8192503704236,793.8192503704236,793.8192503704236,793.8192503704236,-0.0,-0.0,-0.0,793.8192503704236,793.8192503704236,793.8192503704236,793.8192503704236,793.8192503704236,-0.0,-6.175627889136593,-5.8510348801594505,-3.999699296444557,-4.354061669784506,-4.727017955906581,-4.966085479424937,-4.584441193983542,-4.299335980645845,-0.48869649890011185,-6.175627889136593,-3.999699296444557,-5.8510348801594505,-4.354061669784506,-4.727017955906581,-4.966085479424937,-4.584441193983542,-4.299335980645845,-0.48869649890011185,2.9450810613626675,2.9385879036820084,2.950007662612446,2.854732527612211,3.054553900301936,2.9755289392808626,3.0450675711323756,3.0544480181101656,3.053081512389026,2.3078938971408043,2.9196360700202018,3.7580556379994112,3.6631508802885455,3.647374675904715,3.2428027836548323,3.915804603408211,5.112994249984724,7.083306013916611,-5.330916266757428,-5.2591077040985885,-5.193578948665529,-4.970885455326348,-6.059536061908713,-6.170383799638014,-6.050395656049465,-16.118346594708925,-22.535850511035434
38.48665823737961,41.137470455414025,40.99724578776883,38.43426776739517,42.8331956130055,42.1102020072759,39.82606154475402,39.0202643916846,40.165542174521754,84.6295895871845,67.74659112962823,64.99122747140945,67.39781907488377,66.64977096740465,68.741964999515,66.34176884470098,62.92626398957604,65.62603006962664,44.095211752869716,44.04741268677433,44.10780155537028,44.78044266269971,43.520989709504306,43.43520503034506,43.84892449259534,40.11318193865683,38.72934922415862,793.7150040558953,793.7150040558953,793.7150040558953,793.7150040558953,793.7150040558953,793.7150040558953,793.7150040558953,793.7150040558953,793.7150040558953,-0.0,-0.0,-0.0,793.7150040558953,793.7150040558953,793.7150040558953,793.7150040558953,793.7150040558953,-0.0,-6.266843486395078,-5.9676047074900715,-4.641491014109397,-4.895621215554153,-5.043710421425841,-5.335689613680013,-5.022505348083333,-4.85728814713658,-0.6077387833307751,-6.266843486395078,-4.641491014109397,-5.9676047074900715,-4.895621215554153,-5.043710421425841,-5.335689613680013,-5.022505348083333,-4.85728814713658,-0.6077387833307751,1.7990945305501607,1.7978649408247707,1.799922043570587,1.7337160929986049,1.8416423762444898,1.8057041168090875,1.8049188262818285,1.8041067568285978,1.8071150972304635,2.2789309024862727,2.888561377946739,3.748538693259443,3.556929367178999,3.63180643264354,3.2363007741079417,3.9331162108746063,5.132895023242508,7.134855255917975,-5.331746936088459,-5.261097861604287,-5.1984723782770805,-4.970943876295236,-6.059663113151383,-6.170700823286343,-6.052145473117218,-16.120847201340347,-22.5363773328177
38.47864158799083,41.13530610133924,40.996327424064525,38.431309141936154,42.832365434609656,42.1088787294259,39.82237313627857,39.01549826369742,40.16448800211373,84.60883702731942,67.73851203622303,64.98074075089667,67.37199141117198,66.63944051191385,68.72910788532953,66.33076733110506,62.913725617403394,65.62197950841325,44.095174512401876,44.047420001733464,44.10781477038288,44.77988738680551,43.5197285483729,43.435385910632654,43.84863049092498,40.10462909843457,38.728510780823335,793.3532663297049,793.3532663297049,793.3532663297049,793.3532663297049,793.3532663297049,793.3532663297049,793.3532663297049,793.3532663297049,793.3532663297049,-0.0,-0.0,-0.0,793.3532663297049,793.3532663297049,793.3532663297049,793.3532663297049,793.3532663297049,-0.0,-6.6511260315078,-6.332035307405989,-5.265694724297406,-5.552089894203243,-5.339709080896193,-5.64919445313816,-5.377237021827052,-5.18213381201749,-0.8141807247695392,-6.6511260315078,-5.265694724297406,-6.332035307405989,-5.552089894203243,-5.339709080896193,-5.64919445313816,-5.377237021827052,-5.18213381201749,-0.8141807247695392,1.3687432990290065,1.370344121200661,1.3707190329694054,1.3485801573262952,1.4223753438491875,1.3971060950508496,1.3954765918782144,1.3938407148981113,1.3971578703202538,2.274950086595224,2.8726717576505774,3.727287766683073,3.4642892142660155,3.64818125389039,3.2354078110536992,3.954248164329519,5.205138543368435,7.22530206998677,-5.332019587309648,-5.261204441229256,-5.2004739770633,-4.970966505050656,-6.059617269628194,-6.170712274728932,-6.052498241503511,-16.12108189895025,-22.54745011805118
38.48354102137493,41.1367626428866,40.996419258104446,38.43614337124788,42.832361789525216,42.10777804513882,39.831375730721454,39.01474388237304,40.162806554109835,84.59922268883547,67.75109214044011,64.98864673479682,67.40781868753093,66.65989299640468,68.78215866842278,66.34634249234034,62.93013823847708,65.64641979922793,44.09516069067447,44.04753008198765,44.10788070713069,44.78011910011411,43.52090812473648,43.437039240416404,43.84905166060225,40.11028327024956,38.74306551065108,792.9238284674244,792.9238284674244,792.9238284674244,792.9238284674244,792.9238284674244,792.9238284674244,792.9238284674244,792.9238284674244,792.9238284674244,-0.0,-0.0,-0.0,792.9238284674244,792.9238284674244,792.9238284674244,792.9238284674244,792.9238284674244,-0.0,-7.274673454727801,-7.0668366133659575,-5.966572330970545,-5.744996410481637,-5.7142640070398505,-5.941221103525811,-5.818094134921475,-5.403266856257929,-1.2411349863957126,-7.274673454727801,-5.966572330970545,-7.0668366133659575,-5.744996410481637,-5.7142640070398505,-5.941221103525811,-5.818094134921475,-5.403266856257929,-1.2411349863957126,1.2214339527681044,1.2185442318201598,1.2217071158888535,1.2294992310777293,1.2873813846713429,1.2643274081427003,1.2708254706628948,1.2704364707093105,1.2736408120336915,2.299800104712789,2.900406476242464,3.755031707346047,3.4779265840582267,3.709969408339787,3.3070197187298214,3.998852854732554,5.343949834126816,7.369938984447789,-5.33126204913172,-5.259344819352224,-5.198120481502732,-4.970934265905676,-6.05944955541771,-6.170403857704469,-6.050937126686558,-16.112145467314935,-22.502398499926866
38.47811523060004,41.13460155979833,40.99578351493547,38.42726227831952,42.83196410092278,42.10833983637696,39.82174452986089,39.012903435788715,40.16447085635336,84.60072722199351,67.73795780297921,64.97508137259555,67.35901639346808,66.63054402115968,68.71819881370934,66.32390125601584,62.906371961411296,65.62786484023178,44.095138229654886,44.04744923426935,44.1078440998008,44.779197745488496,43.51880327434472,43.43583658572581,43.84844686773756,40.097862862004554,38.73447090609511,793.3008895002412,793.3008895002412,793.3008895002412,793.3008895002412,793.3008895002412,793.3008895002412,793.3008895002412,793.3008895002412,793.3008895002412,-0.0,-0.0,-0.0,793.3008895002412,793.3008895002412,793.3008895002412,793.3008895002412,793.3008895002412,-0.0,-6.779086746688799,-6.356206864831634,-5.716789530928796,-5.671061730447893,-5.441669900834723,-5.753620524122629,-5.538263196216326,-5.321094760856685,-0.864422225533779,-6.779086746688799,-5.716789530928796,-6.356206864831634,-5.671061730447893,-5.441669900834723,-5.753620524122629,-5.538263196216326,-5.321094760856685,-0.864422225533779,1.2382095396160062,1.23640210810936,1.2409294293919628,1.2568762371990516,1.3107591048499052,1.2889366319224127,1.2984345322210742,1.3000277340619646,1.3029416111831014,2.312108765165668,2.913047672922912,3.7720089624897275,3.4851751921794776,3.7560415346486415,3.329123980667323,4.049878663521314,5.430519743299487,7.505769094168499,-5.332010914367695,-5.260922353901257,-5.2023967966184,-4.970987715679,-6.059613350990141,-6.170803478332102,-6.05273751312715,-16.11884691754783,-22.592299678028247
38.47924868330595,41.13466823984264,40.99591013518726,38.42721956164585,42.83204713288374,42.10889770135865,39.822022358450674,39.013376724656304,40.16507836771322,84.61364630630759,67.73865763161928,64.97397471823558,67.35593638425038,66.62656846148774,68.70930353826726,66.32268552992036,62.9053857365771,65.63187606778204,44.095133565844506,44.047442431767045,44.107845242875825,44.77901290160793,43.518742537852866,43.435884852787524,43.84839828110391,40.09779564135902,38.737033751382455,793.415114670312,793.415114670312,793.415114670312,793.415114670312,793.415114670312,793.415114670312,793.415114670312,793.415114670312,793.415114670312,-0.0,-0.0,-0.0,793.415114670312,793.415114670312,793.415114670312,793.415114670312,793.415114670312,-0.0,-6.642008503930155,-6.221074340458302,-5.571451057755462,-5.524633096529361,-5.322493006561181,-5.635741875546862,-5.411693372132566,-5.210134122931172,-0.7468641568025727,-6.642008503930155,-5.571451057755462,-6.221074340458302,-5.524633096529361,-5.322493006561181,-5.635741875546862,-5.411693372132566,-5.210134122931172,-0.7468641568025727,1.4930218279714105,1.4901160897399168,1.4963256348652239,1.5296052585580733,1.5912520478452798,1.5669007626473577,1.580517774108904,1.586134827437795,1.5882906808786754,2.3435924554396146,2.9419896943005863,3.8160093434210287,3.529359022638082,3.836690304249617,3.4055815902692763,4.115822896274993,5.565612511086006,7.668059241499019,-5.331938395449647,-5.260935062340879,-5.202954121059852,-4.970992775015227,-6.059627454841397,-6.170889793266925,-6.052789693952946,-16.119011395722406,-22.63096537007028
38.48468386204294,41.13644829294617,40.99665002494718,38.43366997655224,42.83249515915638,42.108973596379194,39.83093900955223,39.0157822484165,40.16458054093195,84.63178567239716,67.75074227262644,64.98430228706447,67.39227054281832,66.6468043594979,68.75486311365377,66.34120576679973,62.92573377351802,65.65543006674231,44.0951407364559,44.04750288517403,44.10787705171159,44.77948677167668,43.52031231139479,43.43705257706063,43.84883527301343,40.10740120118444,38.7489596169724,793.1396561015799,793.1396561015799,793.1396561015799,793.1396561015799,793.1396561015799,793.1396561015799,793.1396561015799,793.1396561015799,793.1396561015799,-0.0,-0.0,-0.0,793.1396561015799,793.1396561015799,793.1396561015799,793.1396561015799,793.1396561015799,-0.0,-6.93367109066736,-6.730589848399498,-5.739729689607582,-5.403315642279322,-5.436728653117074,-5.685938221261484,-5.506969342195953,-5.14776819749285,-0.8215861580327113,-6.93367109066736,-5.739729689607582,-6.730589848399498,-5.403315642279322,-5.436728653117074,-5.685938221261484,-5.506969342195953,-5.14776819749285,-0.8215861580327113,1.9113283892846291,1.9063866761736212,1.9156910197544903,1.9762071090848394,2.0496636775148014,2.0228310517114254,2.0333893314979714,2.043929765297703,2.046455881309835,2.3933839347870163,2.9845099076900192,3.863215401104069,3.568731984048117,3.9240465288598574,3.498552968247984,4.195574779745047,5.73251500471327,7.8563552856285455,-5.331176726030129,-5.259426253542565,-5.200073944087747,-4.970952816698679,-6.059466522865642,-6.170719878064443,-6.051241006921988,-16.115874162403514,-22.585465513823983
38.48121463869828,41.1358108885522,40.997158945628215,38.43323618362753,42.8324058324852,42.110377257202195,39.824146526799716,39.01793189826844,40.16783808488806,84.66211338969416,67.74314651402742,64.97825505175538,67.35417961625548,66.62645123381157,68.70440388467993,66.32608945168661,62.9120201731654,65.63714319288529,44.095129281327004,44.047421456419045,44.10784202776748,44.77899099866203,43.5186008330703,43.435969497525825,43.84832945674238,40.09859100843206,38.73972162924316,793.7156734207393,793.7156734207393,793.7156734207393,793.7156734207393,793.7156734207393,793.7156734207393,793.7156734207393,793.7156734207393,793.7156734207393,-0.0,-0.0,-0.0,793.7156734207393,793.7156734207393,793.7156734207393,793.7156734207393,793.7156734207393,-0.0,-6.184500661940225,-5.676002590456372,-4.970524354504609,-4.999789595924029,-4.779462468722506,-5.095811856555919,-4.867222117323427,-4.665764165166035,-0.24587846015311404,-6.184500661940225,-4.970524354504609,-5.676002590456372,-4.999789595924029,-4.779462468722506,-5.095811856555919,-4.867222117323427,-4.665764165166035,-0.24587846015311404,2.778577811885503,2.771473130675023,2.787433471869026,2.899000765212773,2.9929991804718235,2.968796902456602,2.9462970092010323,2.968422398310832,2.97195891870328,2.4603941139549943,3.029437553878771,3.9230959721602603,3.6013279067950914,4.055350320181757,3.637569399952639,4.298143997489453,5.926139053417604,8.08010136903973,-5.331957264492576,-5.2611176709353105,-5.20378641575668,-4.970996791309736,-6.059628101205652,-6.170972858367598,-6.052979471493811,-16.120408523776128,-22.67025113758542
38.48853623687423,41.13912031960147,40.999785431087886,38.44578243413927,42.833101964007206,42.11225136482424,39.832072413093385,39.02659597369149,40.172401596779565,84.70914140876626,67.7576225687452,64.99422320934987,67.37048412136095,66.644567648825,68.72593174893895,66.34233431813777,62.9348074698257,65.6518219575212,44.095134854122556,44.04744825150491,44.107859616826474,44.77949112925167,43.51896052304206,43.43658333674442,43.84849107697612,40.10471261197357,38.74811883884514,794.3202348181513,794.3202348181513,794.3202348181513,794.3202348181513,794.3202348181513,794.3202348181513,794.3202348181513,794.3202348181513,794.3202348181513,-0.0,-0.0,-0.0,794.3202348181513,794.3202348181513,794.3202348181513,794.3202348181513,794.3202348181513,-0.0,-5.461790217737368,-4.808289690485117,-4.1301121059427714,-4.1333601476103325,-3.792264542906631,-4.154546222694702,-3.9629012764814813,-3.698137383421743,0.5717495333226539,-5.461790217737368,-4.1301121059427714,-4.808289690485117,-4.1333601476103325,-3.792264542906631,-4.154546222694702,-3.9629012764814813,-3.698137383421743,-0.0,4.87574462592198,4.861849812665495,4.903983998666973,5.1178013594836,5.274683435779494,5.25619661525932,5.113857574549035,5.170382082771233,5.17555713591611,2.6004381114223794,3.126049058446863,4.021484505999586,3.69420447243808,4.282295330545467,3.8990495005233408,4.460336533957441,6.257313772453083,8.392988784763533,-5.331895691257661,-5.260952073162401,-5.203332008499033,-4.970992320373311,-6.059631228991786,-6.170866245197581,-6.052402432163232,-16.11462676671087,-22.636784314061117
38.49844259610702,41.142903122280856,41.00267411072128,38.461881368906774,42.83404184341577,42.113739676964734,39.845075312990794,39.03569609830835,40.17551297625115,84.75691960744216,67.77892244408523,65.01810678151183,67.41698745885303,66.6809396108103,68.78926391052902,66.37277046464064,62.97254957176161,65.68022341372121,44.095147043967316,44.047513123961444,44.10789389954886,44.78029927093247,43.52061281785264,43.43795057102971,43.84897731070067,40.11781601346324,38.761396055012696,794.4790108733507,794.4790108733507,794.4790108733507,794.4790108733507,794.4790108733507,794.4790108733507,794.4790108733507,794.4790108733507,794.4790108733507,-0.0,-0.0,-0.0,794.4790108733507,794.4790108733507,794.4790108733507,794.4790108733507,794.4790108733507,-0.0,-5.295529149828533,-4.605056753638195,-3.7505118673539366,-3.3546602923194624,-3.1203090727890745,-3.450877533289112,-3.351574997441567,-2.859086112546278,1.1785088680919478,-5.295529149828533,-3.7505118673539366,-4.605056753638195,-3.3546602923194624,-3.1203090727890745,-3.450877533289112,-3.351574997441567,-2.859086112546278,-0.0,7.159404355514334,7.140230247410329,7.228778090315893,7.549838258845663,7.774529002152794,7.767023149791942,7.45240191387178,7.548327674918058,7.555070284490111,2.765011262122864,3.2357258421821538,4.12355521247859,3.835648376421221,4.592884204632046,4.287535431178245,4.6489522160179,6.613067704551338,8.748794146968512,-5.331122520272509,-5.259356730669638,-5.199673676472391,-4.9709488692853725,-6.059446055224993,-6.170673057158842,-6.050889701056948,-16.111274336622607,-22.636984030154704
38.496792129446845,41.14299702056408,41.00402361534843,38.46479832479941,42.83434331786847,42.115970607197866,39.840471788701656,39.04098044833023,40.18058192387734,84.78732802916284,67.77515203151393,65.0171678114034,67.38451797733623,66.66899287823028,68.747234157448,66.36406288683136,62.96765839131803,65.66797041502682,44.09513812683127,44.047439654077934,44.10786543466272,44.77994098016676,43.519000943816025,43.437003837406785,43.84855492545596,40.112113785592,38.75482184939238,795.1731522393083,795.1731522393083,795.1731522393083,795.1731522393083,795.1731522393083,795.1731522393083,795.1731522393083,795.1731522393083,795.1731522393083,-0.0,-0.0,-0.0,795.1731522393083,795.1731522393083,795.1731522393083,795.1731522393083,795.1731522393083,-0.0,-4.360835498805294,-3.4026544312528073,-2.8161594779688666,-2.741208119352069,-2.0635933776242763,-2.511602056522594,-2.4052021906840038,-2.062770105852266,1.9706873947417203,-4.360835498805294,-2.8161594779688666,-3.4026544312528073,-2.741208119352069,-2.0635933776242763,-2.511602056522594,-2.4052021906840038,-2.062770105852266,-0.0,8.767243633396642,8.744354517347729,8.877989346606451,9.250428886862577,9.627112654470306,9.547515414838793,9.194690031913314,9.319030900084044,9.325910396685773,2.8787776447360747,3.314392141799434,4.219385446967677,3.9509499384335904,5.120822983688904,4.916425737857846,4.875521276635403,7.03501317586726,9.145972161186826,-5.331864736215195,-5.260984700949107,-5.202753529959412,-4.970991267409704,-6.059620430776266,-6.1709209381685195,-6.052782780139244,-16.119273724480777,-22.734702066660418
38.49990651438653,41.1447956439621,41.00572693074729,38.47145643731689,42.83535740954402,42.117705344090695,39.84487729860623,39.04763328461784,40.18410472285874,84.81386244860762,67.78211012950617,65.02645817614541,67.39329612518725,66.68292850682298,68.7601917300349,66.37426942503264,62.984647578995414,65.67794938015953,44.095151343681835,44.047443939931455,44.107889309923955,44.78018554197668,43.519515510245824,43.43731478610123,43.848653003152435,40.11902620200235,38.75920430375993,795.3806900470323,795.3806900470323,795.3806900470323,795.3806900470323,795.3806900470323,795.3806900470323,795.3806900470323,795.3806900470323,795.3806900470323,-0.0,-0.0,-0.0,795.3806900470323,795.3806900470323,795.3806900470323,795.3806900470323,795.3806900470323,-0.0,-4.0315048050500355,-3.0435769444836716,-2.240515446120459,-2.336090589914702,-1.321005013866468,-1.884814520001851,-1.7648740055533592,-1.3506562773509596,2.5624717312995964,-4.0315048050500355,-2.240515446120459,-3.0435769444836716,-2.336090589914702,-1.321005013866468,-1.884814520001851,-1.7648740055533592,-1.3506562773509596,-0.0,10.085496858944339,10.057328765647505,10.240720198466631,10.612211567291173,11.329118622322168,11.017243144037355,10.902085895440184,11.063676240494175,11.06477313226686,2.971173359917125,3.3848179808972807,4.302818981686939,4.011414430198428,6.016584944849195,5.785016465738515,5.105834830182485,7.6533703911675985,9.667340504880027,-5.331814532045686,-5.260938694114818,-5.20197408006727,-4.970985752492818,-6.059633632576213,-6.170917553998798,-6.052627577375705,-16.119524557932902,-22.76625259514959
38.51164571987836,41.150804801985885,41.0098624917335,38.493592321495925,42.83768984805393,42.12120736109138,39.8618813691677,39.06481634608036,40.19081190698141,84.89008853136073,67.81280377131458,65.06211776922257,67.45514947212078,66.73568712031604,68.84092875798146,66.41774244968532,63.044467936373344,65.7256374533334,44.09519349940673,44.04752080457461,44.10796963457962,44.78126417952221,43.52236628111101,43.43908707860332,43.84933498386991,40.14104119046903,38.77835058745999,795.8151286001811,795.8151286001811,795.8151286001811,795.8151286001811,795.8151286001811,795.8151286001811,795.8151286001811,795.8151286001811,795.8151286001811,-0.0,-0.0,-0.0,795.8151286001811,795.8151286001811,795.8151286001811,795.8151286001811,795.8151286001811,-0.0,-3.7607948199781864,-2.6904320989836923,-1.307553457062133,-1.3110536008174691,0.052628442575774224,-0.6755483412672201,-0.5911364359752801,0.2877393645217629,3.984231249756637,-3.7607948199781864,-1.307553457062133,-2.6904320989836923,-1.3110536008174691,-0.0,-0.6755483412672201,-0.5911364359752801,-0.0,-0.0,13.798907695825067,13.774152651038376,14.115437534853063,14.536958273706016,15.829323544620848,15.196546785139363,15.93053827423302,16.18424065292501,16.15286664092233,3.096994267038031,3.4971402902578577,4.420738636125092,4.100988338203856,8.081075256849376,7.605077099834825,5.347405288277163,8.64042477248076,10.313579504784647,-5.331005093379622,-5.259304751792254,-5.1977141657008525,-4.970927616210313,-6.059500566912379,-6.170657568615079,-6.050550101711076,-16.11650440654243,-22.84625212584519
38.5152828414307,41.15584084430591,41.01359082471936,38.50544264838348,42.83845357816304,42.124672246514244,39.86345793100294,39.08228090465399,40.20210589486349,84.96528272727473,67.83340778328373,65.0866882398306,67.4579599425384,66.74677968101176,68.83397097779387,66.43343987000833,63.087373848309866,65.7566976985266,44.095225359653604,44.04747889445351,44.10800209580975,44.78115140635259,43.52249190338356,43.43866826291208,43.84930374504951,40.147899357843976,38.785952258015804,797.9276997684962,797.9276997684962,797.9276997684962,797.9276997684962,797.9276997684962,797.9276997684962,797.9276997684962,797.9276997684962,797.9276997684962,-0.0,-0.0,-0.0,797.9276997684962,797.9276997684962,797.9276997684962,797.9276997684962,797.9276997684962,-0.0,-1.7208924054734274,-0.4450734138415889,0.6756926909168073,0.502348407188541,2.548511532958896,1.4389678363284741,1.5821002979011756,2.5684678882547956,6.3060621681083235,-1.7208924054734274,-0.0,-0.4450734138415889,-0.0,-0.0,-0.0,-0.0,-0.0,-0.0,19.38477178502702,19.380631207020564,20.02238335917888,20.557322059073034,22.526317798640836,21.570844807297657,23.09802953588398,23.475173541080903,23.340685880500942,3.2379133602022008,3.6135761199338896,4.572469358174697,4.253424832249023,8.831953632430029,8.214906209049344,5.560603276950105,9.348430784703151,10.852432454136157,-5.331762975301442,-5.260833623639393,-5.199469114446299,-4.970947074300985,-6.059714059977341,-6.170739646181815,-6.051020868971339,-16.116380363116495,-23.00419582795082
38.51449262554404,41.162369989567686,41.01227255624399,38.54486819193754,42.83702876520308,42.12565653483279,39.86475981856475,39.116021530795514,40.22730970586486,85.15984339603624,67.9114119954543,65.16301304576747,67.53067415162555,66.81702445075133,68.90617332865187,66.50761664963272,63.21603370706713,65.85790499732742,44.09523763379464,44.0474482252997,44.1079689605129,44.776882926929225,43.52200944134402,43.436868963309784,43.849285389295915,40.14745994298136,38.787128254071554,804.220832013426,804.220832013426,804.220832013426,804.220832013426,804.220832013426,804.220832013426,804.220832013426,804.220832013426,804.220832013426,-0.0,-0.0,-0.0,804.220832013426,804.220832013426,804.220832013426,804.220832013426,804.220832013426,-0.0,3.928163288949794,6.541658219606639,5.046409771340788,5.683650009388892,8.301675788131506,6.744563171565192,7.611223710247348,7.468107896977673,10.493389441301824,-0.0,-0.0,-0.0,-0.0,-0.0,-0.0,-0.0,-0.0,-0.0,42.382905875092625,42.23056081433297,44.21454065233582,45.34565214609916,49.909916216068304,47.66874897723413,51.295857481293964,52.49290342232975,51.26317559747824,3.5693729110693155,3.9036766746612583,4.938653766713626,4.712924164813992,9.47496645273066,8.821283845580938,6.055300388655836,9.937597731956636,11.45853221535651,-5.331814513552302,-5.261008971070996,-5.198233666398146,-4.970934043896869,-6.0597044628607435,-6.170672060093056,-6.050597000214296,-16.11754323141523,-23.45593592343255
38.51503217037422,41.15574344015081,41.01180937318377,38.49605138281498,42.83978601435058,42.12352746460377,39.86568401990082,39.07748313579049,40.193287557959984,84.91216769270189,67.82758111136532,65.084340469277,67.52252854027807,66.76499538658086,68.88947499342919,66.43881752060497,63.082468783451404,65.7466671121509,44.0952722115689,44.04747598570242,44.10796065084649,44.78215859920811,43.52607875836048,43.438940318440665,43.85015425232277,40.166893948665354,38.78803559338579,796.3196004900174,796.3196004900174,796.3196004900174,796.3196004900174,796.3196004900174,796.3196004900174,796.3196004900174,796.3196004900174,796.3196004900174,-0.0,-0.0,-0.0,796.3196004900174,796.3196004900174,796.3196004900174,796.3196004900174,796.3196004900174,-0.0,-3.02753584861987,-2.4035482466594704,0.4446985474331077,0.09974468769124911,1.132173275597529,0.5087323585978617,0.4508177507045336,1.5872814305174319,4.732479406254782,-3.02753584861987,-0.0,-2.4035482466594704,-0.0,-0.0,-0.0,-0.0,-0.0,-0.0,14.650960714659039,14.705555651938994,14.898763548837854,15.082719999295927,16.505985764690056,15.836809331862947,16.926297522009012,17.181456780572127,17.110218792586863,3.2526101009664936,3.6813887011442565,4.620087470580945,4.247196796736828,8.809719580708816,8.239732541542622,5.575946499663079,9.52678675692196,11.226660281733714,-5.331058754408782,-5.25975995338699,-5.193865521193972,-4.970891059591125,-6.059555770836408,-6.170493966062862,-6.049792490791712,-16.116621821187724,-22.813011238080563
38.512581195082284,41.15323550088245,41.0103024132825,38.48248158451744,42.83949276944824,42.12333730091934,39.85456295708291,39.07031165435168,40.19149226861259,84.89851730306633,67.81394015942072,65.0710588098622,67.46531531305622,66.73751861935943,68.83390219883462,66.41526504879185,63.052026188440266,65.7148081138593,44.09527584091532,44.047397608611114,44.10790839731324,44.781637863319354,43.52482385231481,43.4375204355014,43.8497575731312,40.15866266369024,38.773653160562624,796.3109003800023,796.3109003800023,796.3109003800023,796.3109003800023,796.3109003800023,796.3109003800023,796.3109003800023,796.3109003800023,796.3109003800023,-0.0,-0.0,-0.0,796.3109003800023,796.3109003800023,796.3109003800023,796.3109003800023,796.3109003800023,-0.0,-2.3343069159929337,-1.7664665901572012,0.5574741951941394,-0.07736192973429888,1.022223680598763,0.3841791647835453,0.6110303483797525,1.2425502839624079,4.390948536015504,-2.3343069159929337,-0.0,-1.7664665901572012,-0.07736192973429888,-0.0,-0.0,-0.0,-0.0,-0.0,12.940854914003133,12.97095001444344,13.096119767426062,13.125096731462289,14.336898341037905,13.771425825973486,14.692837556054952,14.904299343721204,14.846999415442932,3.237101376431049,3.6684382618550626,4.604588011955561,4.222975475665772,8.744266025634177,8.145160271934095,5.577021178426708,9.570724117185364,11.33547796446866,-5.331665220223092,-5.261135700272509,-5.196462574613789,-4.97094818540374,-6.0597218422399965,-6.170758393024732,-6.0506009397404314,-16.120763820987765,-22.921008455810657
38.51056705902976,41.15162316066997,41.009159648528104,38.47696318494732,42.83934330775212,42.12262377558473,39.85186986755204,39.06624547418359,40.188818806401805,84.86445153537977,67.80615226037507,65.06324356680584,67.46123691190462,66.73167525699525,68.83085637856192,66.40810386744589,63.039757662605574,65.70564001708127,44.09527595933534,44.04739174061272,44.10790251748104,44.7815643948364,43.524780943734235,43.437411739037124,43.84974118919677,40.157311559050946,38.77100823829907,795.8438442997857,795.8438442997857,795.8438442997857,795.8438442997857,795.8438442997857,795.8438442997857,795.8438442997857,795.8438442997857,795.8438442997857,-0.0,-0.0,-0.0,795.8438442997857,795.8438442997857,795.8438442997857,795.8438442997857,795.8438442997857,-0.0,-2.5794896915944183,-2.037738269756502,0.14134461168166787,-0.4156451320342673,0.5197207403304898,-0.0420952513870405,0.24071974051959386,0.7032247000498304,3.9546153536871174,-2.5794896915944183,-0.0,-2.037738269756502,-0.4156451320342673,-0.0,-0.0420952513870405,-0.0,-0.0,-0.0,11.281039927401377,11.29609158129948,11.403884482973107,11.394315475483099,12.4325587020911,11.949307079642985,12.744434978450982,12.924263536786093,12.882743996297195,3.2252031172569837,3.6607140951183204,4.5897876127966875,4.197477140120305,8.75735693711747,8.136875628176684,5.57212088574587,9.63953720390858,11.45891826349284,-5.331669237992296,-5.261166168597509,-5.195865299200684,-4.970949071562782,-6.059722529570496,-6.1707518203623755,-6.050614013805784,-16.12086843066332,-22.86812134219559
38.51770828077835,41.15422879811804,41.0097950650227,38.48563902409352,42.83996053105018,42.12259280585992,39.86254600730946,39.07068380217119,40.18812426084641,84.86748922104485,67.82287785685868,65.07502204279476,67.52083033947446,66.75620453909978,68.89234911585883,66.42948901683906,63.05945315890078,65.72883590744149,44.09529170685228,44.04749531684297,44.10794857780357,44.78230395411575,43.52683293158923,43.43884276501549,43.85035908042588,40.16865090529988,38.7848977436317,795.5980252676857,795.5980252676857,795.5980252676857,795.5980252676857,795.5980252676857,795.5980252676857,795.5980252676857,795.5980252676857,795.5980252676857,-0.0,-0.0,-0.0,795.5980252676857,795.5980252676857,795.5980252676857,795.5980252676857,795.5980252676857,-0.0,-3.1159452356112367,-2.3284078878689467,0.11181616197569481,-0.30911732487820587,0.5106004215578384,0.009679853506783591,0.13463381887106296,0.7834779125288163,3.920232356892908,-3.1159452356112367,-0.0,-2.3284078878689467,-0.30911732487820587,-0.0,-0.0,-0.0,-0.0,-0.0,11.359736378525184,11.377887840003215,11.48524039198304,11.478543375501278,12.524050420886416,12.036480180320057,12.829066851621672,13.001318256550821,12.958255951126239,3.2538595627101508,3.692011756226916,4.627434489720335,4.228131307709501,8.876047868612,8.245823393332314,5.613475449366778,9.797839297295116,11.651829126243383,-5.330854280790927,-5.259079992766539,-5.191781196743333,-4.970896971100506,-6.059586761127957,-6.1703755725673455,-6.0498369995641,-16.116404155606784,-22.753280943460066
38.514489214391816,41.1533738566573,41.01006940354963,38.48279471875791,42.83977185468583,42.12368794589297,39.854935461765756,39.071658417104,40.191930606433,84.8964072972372,67.81781493332929,65.07362986149627,67.47372995836113,66.74042069461964,68.84439551823507,66.41798993031861,63.04988098520347,65.7168751444717,44.09528028347418,44.04741186990739,44.10789829363404,44.78178560986957,43.52508757702893,43.43765324155834,43.84984115300031,40.15958323731982,38.77688604340565,796.3046619890055,796.3046619890055,796.3046619890055,796.3046619890055,796.3046619890055,796.3046619890055,796.3046619890055,796.3046619890055,796.3046619890055,-0.0,-0.0,-0.0,796.3046619890055,796.3046619890055,796.3046619890055,796.3046619890055,796.3046619890055,-0.0,-2.3409791598839993,-1.7432368092310038,0.6595784804949872,0.22815462001467318,1.3373309474273125,0.7318712206375819,0.8889452732141594,1.4863754436803756,4.602177277537592,-2.3409791598839993,-0.0,-1.7432368092310038,-0.0,-0.0,-0.0,-0.0,-0.0,-0.0,12.658319289319792,12.6847266605109,12.811429617178398,12.832048218361997,14.013773979376316,13.4610789055774,14.357813098504515,14.55965248851302,14.487433661618912,3.2832943720984535,3.726905439750151,4.6654526449197515,4.257131191873029,8.993824422439053,8.368772274954212,5.671095991119687,9.959215060049148,11.820835561844879,-5.331637731192341,-5.2610153768834085,-5.195225153847008,-4.970948533365621,-6.059752827250829,-6.170688184091008,-6.050717574593983,-16.120868369972793,-22.837546538093036
38.51740341632288,41.155164359343615,41.011575908411814,38.49148947670247,42.84012807275492,42.12515443269484,39.85801361329533,39.079364115211455,40.196582621794924,84.95331122019876,67.83051080660898,65.08701469695063,67.48127398128076,66.75023459986079,68.85417493521176,66.43042149924156,63.06980243618563,65.72857840832629,44.09528249018101,44.04740187638213,44.10789364878347,44.78191537737825,43.52528308469603,43.437745412523846,43.84990013760674,40.16230664342963,38.77957664497349,797.0363965974092,797.0363965974092,797.0363965974092,797.0363965974092,797.0363965974092,797.0363965974092,797.0363965974092,797.0363965974092,797.0363965974092,-0.0,-0.0,-0.0,797.0363965974092,797.0363965974092,797.0363965974092,797.0363965974092,797.0363965974092,-0.0,-2.2043860397276123,-1.7046246745916596,1.3859985804357609,1.0562168508385859,2.5220661692006967,1.8173859691356162,1.663475729510715,2.6699854035129467,5.60158852151917,-2.2043860397276123,-0.0,-1.7046246745916596,-0.0,-0.0,-0.0,-0.0,-0.0,-0.0,15.360209157660192,15.398760653509111,15.596002925635018,15.74186694722134,17.20822617609958,16.52297277185094,17.635064826513133,17.896968784610767,17.756899179576198,3.3382610098918244,3.7851371774818023,4.72919568742684,4.311795527977103,9.259258866141732,8.65669328044891,5.752819017325813,10.180683421372143,12.024970180773991,-5.331616236794346,-5.261027457412528,-5.195138037429339,-4.970947140272306,-6.059755927377226,-6.170681472130696,-6.050793019647611,-16.12107541303979,-22.91860551838778
38.52877518623247,41.16415105279965,41.01569063368269,38.534819579218585,42.840404986286,42.12788711329388,39.87410720402809,39.113416045760594,40.21691001133785,85.11866639294831,67.90544107577463,65.16257124670997,67.56785418962176,66.82224193502451,68.9487171599158,66.5070459907915,63.18760349472997,65.82305877836966,44.09529376693833,44.04745700147308,44.10791078872622,44.780663005131174,43.526695950881816,43.43837951277246,43.850410121825284,40.17446464252668,38.79693849937203,801.0286309193868,801.0286309193868,801.0286309193868,801.0286309193868,801.0286309193868,801.0286309193868,801.0286309193868,801.0286309193868,801.0286309193868,-0.0,-0.0,-0.0,801.0286309193868,801.0286309193868,801.0286309193868,801.0286309193868,801.0286309193868,-0.0,0.903394977823572,1.8221488147459501,4.067012983677386,4.280635376480894,6.504521192126582,5.221367091724785,5.635326802732399,6.413461182842047,9.481133672400224,-0.0,-0.0,-0.0,-0.0,-0.0,-0.0,-0.0,-0.0,-0.0,32.105262147436505,32.231851560518926,33.14152451319778,33.74774660687563,37.039091376902654,35.46850774746173,37.98567031279502,38.646388297525206,37.77932175084528,3.573746670073302,4.012120297098262,4.971639147314888,4.59358574152132,9.810554429011207,9.136378136030979,6.079494954051486,10.646955325169843,12.413262977048547,-5.330803608393238,-5.2591898910238735,-5.1916622363322045,-4.970895677862763,-6.059593849915791,-6.170447914081193,-6.050052487788434,-16.11965693933552,-23.321683223669282
38.46902156318607,41.15695668079895,40.985875093236096,38.536899311758994,42.827800254137,42.11394740302858,39.8215703190588,39.119637931624894,40.23857462886419,85.41618703093573,67.9886079496093,65.22877135501541,67.55391409272241,66.83932883512176,68.9433607341785,66.54313825735991,63.28266677630468,65.91848372659459,44.09523990096592,44.04733740537374,44.10765178827811,44.74301640230667,43.51496089333576,43.42503423112901,43.84687252251796,40.11180392863934,38.73768003980097,810.0112038892471,810.0112038892471,810.0112038892471,810.0112038892471,810.0112038892471,810.0112038892471,810.0112038892471,810.0112038892471,810.0112038892471,-0.0,-0.0,-0.0,810.0112038892471,810.0112038892471,810.0112038892471,810.0112038892471,810.0112038892471,-0.0,8.345958059662648,11.144526188251417,8.85800979796498,9.1288069353475,11.455604050234298,10.3441654526783,9.991633210520913,9.466718571527549,12.328248411900239,-0.0,-0.0,-0.0,-0.0,-0.0,-0.0,-0.0,-0.0,-0.0,74.25904008867701,73.82093224364158,77.50505210188794,79.46884225132212,87.5099332880385,83.5711937181671,89.61326516187229,91.01204698337384,87.6342160345579,4.250255581380322,4.624134339377092,5.644435109059847,5.4291189228018055,10.88028590901507,10.134714981759144,7.128091597208636,11.605501794161984,13.264996900989939,-5.3315948485847455,-5.261083642627572,-5.194012988364971,-4.970943711583525,-6.059731093805153,-6.170717815073495,-6.051011551125973,-16.122115939020706,-23.532336152817592
38.51787736524918,41.16396520676474,41.0106682276172,38.542163005670524,42.83735611789387,42.126327581766134,39.861941999480734,39.12068290942535,40.2287523867947,85.19675070432422,67.93587660536745,65.18866177072087,67.5447612254677,66.82074373601394,68.92198611949081,66.51507549061913,63.20807797065028,65.84099456102372,44.09526116830641,44.047397194858505,44.10781650116937,44.77491663377099,43.52296196137522,43.43570513471603,43.849680785903864,40.152892626045926,38.784294968856926,805.1254530487856,805.1254530487856,805.1254530487856,805.1254530487856,805.1254530487856,805.1254530487856,805.1254530487856,805.1254530487856,805.1254530487856,-0.0,-0.0,-0.0,805.1254530487856,805.1254530487856,805.1254530487856,805.1254530487856,805.1254530487856,-0.0,5.089133543435142,6.89430112865555,7.167160435575844,7.750441174014439,10.069162533078899,8.889240183145453,8.92709818228167,8.609883242210685,11.113658830372488,-0.0,-0.0,-0.0,-0.0,-0.0,-0.0,-0.0,-0.0,-0.0,45.75377721981681,45.771835866427885,47.53228446580476,48.680924494727705,53.458863689568375,51.18387564134202,52.27333013037354,52.49157736659214,50.85834939201053,3.7884579057932153,4.205069144298151,5.19557500867056,4.862803148213069,10.254163881599291,9.54740840221471,6.384306221565799,11.068509605868567,12.808183505344042,-5.331651363905231,-5.260960214600942,-5.195645105118779,-4.970936513824972,-6.059777833238388,-6.170578668792733,-6.051309319194644,-16.119825121521,-23.473406094293054
38.51966827749988,41.155130326097776,41.011138010869416,38.504463185006315,42.83981809540695,42.12514082539737,39.8656346673476,39.07953356285819,40.19680326661589,84.93743604091415,67.8409019145918,65.0950025024713,67.53021278133363,66.76107749946938,68.8895243930716,66.43999580455255,63.07176408762375,65.73917868447731,44.09523932065754,44.0474768400411,44.107828092060444,44.78215275239717,43.52477400205544,43.438970235120024,43.8498717373389,40.15628927941982,38.78959030608776,796.9247063581292,796.9247063581292,796.9247063581292,796.9247063581292,796.9247063581292,796.9247063581292,796.9247063581292,796.9247063581292,796.9247063581292,-0.0,-0.0,-0.0,796.9247063581292,796.9247063581292,796.9247063581292,796.9247063581292,796.9247063581292,-0.0,-3.192731617490835,-2.68655030229787,1.344099827203104,1.6265999850941237,2.958659088196399,2.407599071884659,1.6181976261233733,2.9089474194654352,5.775433890151282,-3.192731617490835,-0.0,-2.68655030229787,-0.0,-0.0,-0.0,-0.0,-0.0,-0.0,16.691699561048246,16.71914761575039,16.9735038607882,17.092660813243263,18.40268920025816,17.955857237017536,17.31650756807127,17.57896493593113,17.383061755869477,3.3956903535984453,3.8444447070426095,4.805980835246935,4.362444934210391,9.570333700170174,8.924071267422374,5.824094040268952,10.574681374952672,12.460293832020936,-5.330950785300695,-5.259449435243593,-5.193005939456252,-4.970880827380512,-6.059625247492396,-6.170368482845129,-6.050867788942353,-16.118793025891055,-22.83641316590277
38.499231867021976,41.144071684499366,41.00341425057934,38.4635342698558,42.837384395498326,42.12036761800443,39.84099269145443,39.049736407636296,40.18297430573651,84.79937498514022,67.77737851596919,65.02359273575064,67.42228860291884,66.68869305925881,68.77680858133962,66.37184567422483,62.977682131831315,65.67008251617453,44.09519596202123,44.04739689440811,44.10779656851105,44.78065274772487,43.52135041109416,43.4372546263123,43.84894515119256,40.12717806337552,38.76208693381908,794.5031582063748,794.5031582063748,794.5031582063748,794.5031582063748,794.5031582063748,794.5031582063748,794.5031582063748,794.5031582063748,794.5031582063748,-0.0,-0.0,-0.0,794.5031582063748,794.5031582063748,794.5031582063748,794.5031582063748,794.5031582063748,-0.0,-4.438728747568927,-4.025299680952081,-1.5529376390351275,-1.536818871558352,-1.1146289543172623,-1.3687435864905406,-1.540829466507954,-1.2940525833351764,2.905817724643421,-4.438728747568927,-1.5529376390351275,-4.025299680952081,-1.536818871558352,-1.1146289543172623,-1.3687435864905406,-1.540829466507954,-1.2940525833351764,-0.0,7.7012476241732095,7.71743815894524,7.730359212083212,7.656956289500533,8.108187839321111,8.02992430813004,7.661551872490642,7.7213543124189945,7.6907699544456065,3.211937313637537,3.652244078034641,4.627026862538058,4.126787461711515,9.257650775927738,8.579346025943053,5.605380312074251,10.408481263188587,12.338699093781313,-5.331765145101328,-5.261303993922004,-5.197773464247044,-4.970937995276005,-6.0597902332684415,-6.170803307033026,-6.0537707502131095,-16.12209964781713,-22.759163938967685
38.49554275005784,41.14357858916457,41.00426195830103,38.46855789526542,42.8370938616403,42.120637494571945,39.84122689287421,39.04969796744159,40.18479468174253,84.80065257003889,67.77617628724305,65.0211888877354,67.40111555506334,66.68639834160248,68.76779688508817,66.36876013861728,62.976191161821504,65.67052881103105,44.095159749047305,44.04740539672477,44.107818538766196,44.780361985453936,43.52032849425403,43.437772718765515,43.84865609072087,40.12157468715313,38.762213127937464,794.6976965736197,794.6976965736197,794.6976965736197,794.6976965736197,794.6976965736197,794.6976965736197,794.6976965736197,794.6976965736197,794.6976965736197,-0.0,-0.0,-0.0,794.6976965736197,794.6976965736197,794.6976965736197,794.6976965736197,794.6976965736197,-0.0,-4.242912628104924,-3.5537391014736524,-1.5479220949106272,-1.560508575603447,-0.6951238395579095,-1.0049546281276311,-1.2383127318553244,-0.9795766176897067,3.2727613074133073,-4.242912628104924,-1.5479220949106272,-3.5537391014736524,-1.560508575603447,-0.6951238395579095,-1.0049546281276311,-1.2383127318553244,-0.9795766176897067,-0.0,8.602531768922017,8.622933376537107,8.668457874868155,8.876106566465833,9.220148464341685,9.248179799703369,8.664916891479965,8.727867618005867,8.68898301711854,3.231027177827949,3.6547386471288417,4.628042186277672,4.132231044661128,9.294183564414094,8.591198746343876,5.621039791489398,10.482904685059093,12.409988209409171,-5.331998553374731,-5.261457930695442,-5.199882510153661,-4.970961979433892,-6.059771355077237,-6.170903993996271,-6.0554458387117736,-16.121982872112664,-22.7811192792432
38.49826280595024,41.143657645496056,41.004088169859834,38.471020840740316,42.83705334963148,42.119463007285724,39.84669954455318,39.047505730801674,40.18254797779826,84.786879778694,67.7820814513909,65.0252727659133,67.42516011289204,66.70090334800845,68.80465201524994,66.37811903824588,62.98672907530541,65.6842976053265,44.0951446331546,44.04748639115334,44.10786185277578,44.78035444389865,43.52098595812053,43.4389811221198,43.848876585028975,40.12500913279253,38.7690386028907,794.0979304358739,794.0979304358739,794.0979304358739,794.0979304358739,794.0979304358739,794.0979304358739,794.0979304358739,794.0979304358739,794.0979304358739,-0.0,-0.0,-0.0,794.0979304358739,794.0979304358739,794.0979304358739,794.0979304358739,794.0979304358739,-0.0,-5.0740186755568715,-4.483019050807022,-2.1355887314529465,-1.8004687556304435,-1.1006873362926082,-1.389700400272607,-1.766039607749198,-1.331854204587759,2.967460964555052,-5.0740186755568715,-2.1355887314529465,-4.483019050807022,-1.8004687556304435,-1.1006873362926082,-1.389700400272607,-1.766039607749198,-1.331854204587759,-0.0,8.167015860012894,8.173526556404978,8.233688451245472,8.610039816351913,8.785429204163318,8.860494614523791,8.27513472721051,8.334744350291295,8.30006635522308,3.220663641563392,3.66574686192898,4.609892195131171,4.118431260247763,9.316838061625418,8.610949059956221,5.6193194342692045,10.531367829651956,12.451316318687878,-5.331296367176282,-5.259940157309272,-5.198013954043893,-4.970936790195871,-6.059594198185199,-6.170725324781804,-6.054017027649172,-16.12121280252535,-22.71224918354454
38.49407319901953,41.14206591747706,41.00308407031421,38.46197315848233,42.836698230799634,42.119516616552225,39.83881476340102,39.0448174774697,40.183314762110946,84.7765580862262,67.77180851367316,65.01213884589887,67.38462559462276,66.67636046569787,68.75165976542013,66.35775739464333,62.965340229780445,65.66454476449785,44.09512634987494,44.047451610220875,44.10784309497831,44.77962954756937,43.5191967272287,43.43810544897471,43.84841235991885,40.11404145768013,38.760632286635214,794.2673773321025,794.2673773321025,794.2673773321025,794.2673773321025,794.2673773321025,794.2673773321025,794.2673773321025,794.2673773321025,794.2673773321025,-0.0,-0.0,-0.0,794.2673773321025,794.2673773321025,794.2673773321025,794.2673773321025,794.2673773321025,-0.0,-4.913654545899286,-4.349790331025173,-2.3234958376113295,-2.0365325832568244,-1.2863243134863587,-1.562220349618175,-1.989216427500581,-1.5800926254929062,2.8585260774543575,-4.913654545899286,-2.3234958376113295,-4.349790331025173,-2.0365325832568244,-1.2863243134863587,-1.562220349618175,-1.989216427500581,-1.5800926254929062,-0.0,7.560477284954987,7.5729027657721035,7.629013275882079,8.011667461603816,8.116427803034329,8.205095828062579,7.67789401107713,7.737254619597939,7.706102680201654,3.204809150233337,3.6525820394798885,4.616379521222464,4.09482385608674,9.36079265409297,8.656634392980834,5.62563504675151,10.608848228596173,12.48019680749727,-5.331951814311334,-5.261045142619712,-5.2014510158989085,-4.970985257356004,-6.059771789474757,-6.170847912239847,-6.056395164606936,-16.120763495787063,-22.769441120013585
38.49940215855367,41.14412697454235,41.00550481954259,38.47284194230184,42.83724840971802,42.12146044883426,39.84285016435578,39.05279233802161,40.18813151976629,84.8131261854046,67.78309260213885,65.02565447003363,67.39120628477582,66.68498548357846,68.7566907688486,66.36962219735203,62.9834621498294,65.67485152475741,44.09511951476798,44.0474406127186,44.10783963988415,44.77974954549036,43.519025201140906,43.43833648711976,43.84834643983905,40.11619566369727,38.76426705601883,795.0627153032234,795.0627153032234,795.0627153032234,795.0627153032234,795.0627153032234,795.0627153032234,795.0627153032234,795.0627153032234,795.0627153032234,-0.0,-0.0,-0.0,795.0627153032234,795.0627153032234,795.0627153032234,795.0627153032234,795.0627153032234,-0.0,-4.532960830762125,-4.02090565502239,-1.6670515290654433,-0.9918895244839567,-0.061961752880108745,-0.32727076366746277,-1.049219338130971,-0.43228099796182595,3.6249448046773605,-4.532960830762125,-1.6670515290654433,-4.02090565502239,-0.9918895244839567,-0.061961752880108745,-0.32727076366746277,-1.049219338130971,-0.43228099796182595,-0.0,10.285127880012668,10.291837949555175,10.427150007575563,11.034524352907514,11.074709484006684,11.224848179057243,10.444165370548864,10.545712088774964,10.484754150808504,3.2682042065955126,3.716897910296147,4.7011114607078035,4.2132378292257755,9.425312368952186,8.745873727716575,5.709619866869542,10.72556670120579,12.573540137986651,-5.331904175221719,-5.26107401317792,-5.202081352911744,-4.970989346898273,-6.059743000911922,-6.170866742814532,-6.056439829949642,-16.120874490612152,-22.817490913295185
38.51289231807569,41.15006867749144,41.01016559167893,38.50087808075175,42.83843827416635,42.12436844469558,39.85944876367219,39.06974170646591,40.19631345869746,84.91127459288579,67.82008287960504,65.0657006248218,67.44872998727996,66.72993994549577,68.82610220681488,66.41341486380149,63.041598732026394,65.72314812215862,44.095127436076694,44.047502863089996,44.1078714704362,44.78046901264709,43.52068556580633,43.439836175818996,43.848789295320096,40.131290885772586,38.7838002753398,796.3105804311538,796.3105804311538,796.3105804311538,796.3105804311538,796.3105804311538,796.3105804311538,796.3105804311538,796.3105804311538,796.3105804311538,-0.0,-0.0,-0.0,796.3105804311538,796.3105804311538,796.3105804311538,796.3105804311538,796.3105804311538,-0.0,-4.314078649743709,-4.063248427243769,-0.9516496326099121,0.8349946629752898,2.182700089405441,1.7586075743595433,0.36351190004451883,1.7835272788814451,5.366577680595909,-4.314078649743709,-0.9516496326099121,-4.063248427243769,-0.0,-0.0,-0.0,-0.0,-0.0,-0.0,16.23727307124351,16.22460563510927,16.589439232218414,18.080347732651273,17.628527553236918,17.87405301363539,16.55255270689741,16.697539889995593,16.518630738109906,3.3717599570165695,3.821232170402602,4.820705648079923,4.34430570128257,9.605980761733042,9.01782021522506,5.873515520339269,10.91624482266739,12.734803407532745,-5.331143041212422,-5.259602806331946,-5.199314145310705,-4.970949096366516,-6.059570615290842,-6.170670942397732,-6.053867173923051,-16.119252047412747,-22.836372434381435
38.516518171477436,41.15557014934817,41.013279002747126,38.535470839166116,42.83845368619481,42.128558407783196,39.86223665758702,39.10004150498914,40.21792358566977,85.07694038263669,67.87090968649247,65.12142502873468,67.45267965826255,66.75835759309551,68.81882128793008,66.45386988829955,63.11578343824332,65.77054464942326,44.095114521639296,44.04742255295384,44.1078329210247,44.77712203734142,43.51862657925118,43.43841129213612,43.84825526616972,40.12890572959565,38.78547637447876,800.8655703101184,800.8655703101184,800.8655703101184,800.8655703101184,800.8655703101184,800.8655703101184,800.8655703101184,800.8655703101184,800.8655703101184,-0.0,-0.0,-0.0,800.8655703101184,800.8655703101184,800.8655703101184,800.8655703101184,800.8655703101184,-0.0,0.587304468607069,1.3867717189408817,2.4524649557345906,4.717103260998759,6.783952991738825,5.460748696749516,4.15989994760698,5.460555612232622,9.377069816506136,-0.0,-0.0,-0.0,-0.0,-0.0,-0.0,-0.0,-0.0,-0.0,32.761281858350365,32.60013643224616,33.91306008353556,38.198875500180264,36.084375681714654,36.564903111121176,33.768320871364075,33.83886512396812,33.09498433327344,3.5810891293523546,4.001892811714709,5.041619830541763,4.6256381859800895,10.117072627827406,9.447014595449543,6.139643643282311,11.270979117176758,12.957581007207917,-5.331923286762,-5.261270454958617,-5.2030641157623485,-4.970994167888096,-6.059738517122284,-6.170978685734369,-6.056505098584369,-16.121544757812345,-23.35455253755491
38.4983125905611,41.15529160240361,41.0015877866231,38.54926884888386,42.83431828074771,42.12443161377122,39.85572148883657,39.119648316917825,40.234963963811246,85.29700651748755,67.93254170781526,65.1768175611797,67.48281914954381,66.79826201222012,68.85925654294637,66.50342670373547,63.20613470165438,65.84805428096739,44.09510556154416,44.04740892045833,44.107793348523295,44.75971271576707,43.51618063292578,43.43449246594266,43.848022441757394,40.120185588892845,38.780714519213674,807.0330678379197,807.0330678379197,807.0330678379197,807.0330678379197,807.0330678379197,807.0330678379197,807.0330678379197,807.0330678379197,807.0330678379197,-0.0,-0.0,-0.0,807.0330678379197,807.0330678379197,807.0330678379197,807.0330678379197,807.0330678379197,-0.0,5.246319642444286,8.747536079775761,7.4166973593775625,9.638534881181258,11.730623987634935,10.86513631323287,9.767594102720777,9.19835174552331,12.262653590571233,-0.0,-0.0,-0.0,-0.0,-0.0,-0.0,-0.0,-0.0,-0.0,56.46809433810509,56.008383497828326,58.80055000246509,66.52383789274667,62.440681319062975,63.416402657005015,58.52194957304622,58.20336694230451,56.40364465898977,3.953508330731871,4.349570461800417,5.412539103519816,5.122655675956644,10.664108567585911,9.99282400632399,6.591900505391021,11.708112877049096,13.291869159845424,-5.33190438538135,-5.261269770694576,-5.20217985625646,-4.9709921541705215,-6.0597064860370695,-6.170967426751188,-6.055769262656798,-16.121311535560096,-23.593518717468886
38.50476221713487,41.15813177648627,41.00170745512015,38.55777300014373,42.83444494286407,42.1235713830058,39.867209331885725,39.12269700676657,40.23506255448699,85.32573727870519,67.95030465557441,65.19328176515073,67.5296054401083,66.83053932366055,68.92438304064886,66.52724518331452,63.23682469309814,65.88727230342042,44.09512227417062,44.04750921924645,44.10783950484579,44.75903939168944,43.51800347409063,43.43562585508855,43.848713589953555,40.132018738215436,38.80092576946873,806.8884050331357,806.8884050331357,806.8884050331357,806.8884050331357,806.8884050331357,806.8884050331357,806.8884050331357,806.8884050331357,806.8884050331357,-0.0,-0.0,-0.0,806.8884050331357,806.8884050331357,806.8884050331357,806.8884050331357,806.8884050331357,-0.0,4.3833164906579,7.821713086786587,7.417511571234186,9.797928746626438,11.791104706896046,11.004583505992143,9.855798395906259,9.298007655998747,12.6476742631196,-0.0,-0.0,-0.0,-0.0,-0.0,-0.0,-0.0,-0.0,-0.0,57.49090372662232,57.005064736836395,59.87244883944382,67.71598110976171,63.84105921330109,64.57188879100792,59.59742830775573,59.54667666397917,57.73839069729994,3.9865133709447753,4.398924033069169,5.450967462498332,5.150391558727803,10.726641555913384,10.032451010293807,6.640599579953864,11.829412187998356,13.364743881477251,-5.331043825500295,-5.259461507285885,-5.197810745306436,-4.970943267208651,-6.059534402026433,-6.170612600583007,-6.052245870243136,-16.112035477982683,-23.340112555790718
38.49181482434083,41.15564309264723,40.99746770961168,38.55147669688309,42.83273686114192,42.12221944089913,39.85526300038776,39.122880680443465,40.23824892094596,85.38904977145752,67.94687862224484,65.18803974221417,67.49403521619094,66.81416179026397,68.88244228232814,66.51603507566186,63.23088708360623,65.8809617042008,44.095114141899984,44.047429896827516,44.10779393172968,44.7517085602267,43.5156121267532,43.43295839010585,43.84818574265217,40.119942938192004,38.787228492653895,807.8951583697319,807.8951583697319,807.8951583697319,807.8951583697319,807.8951583697319,807.8951583697319,807.8951583697319,807.8951583697319,807.8951583697319,-0.0,-0.0,-0.0,807.8951583697319,807.8951583697319,807.8951583697319,807.8951583697319,807.8951583697319,-0.0,5.4876014503627735,8.687778887912584,7.982439894516542,9.92328909254472,12.077095888441892,11.235717057157848,10.056108154698897,9.475964569090259,12.935098430250859,-0.0,-0.0,-0.0,-0.0,-0.0,-0.0,-0.0,-0.0,-0.0,61.97316633752228,61.440519552454575,64.59080466194183,73.0067935589375,69.27712976431354,69.66158044130835,64.3112019980361,64.69778755538695,62.72391668489366,4.045065042948614,4.45226342200479,5.517855657055079,5.225735819668348,10.814943646329416,10.124572389148492,6.714272845869195,11.875878519902063,13.441498597977347,-5.3317758458611815,-5.261059515247658,-5.200395703047109,-4.970984641378033,-6.059643947517122,-6.170877445126601,-6.054230556143213,-16.11954422623049,-23.459391606361848
38.47769691475395,41.15419476318585,40.99005216042013,38.549822083743244,42.83017523745468,42.118655174504326,39.84945820220166,39.12422450006141,40.24127330359481,85.47980912215185,67.96188504252083,65.1969500349883,67.50127363594127,66.8225756529614,68.89584220976286,66.52672130335156,63.252131427523764,65.89932830106358,44.09512184011377,44.047427480740666,44.10777543488507,44.73716857938265,43.514077447012774,43.42983644729048,43.848072711496755,40.11619568827994,38.77839039269765,809.0871696695367,809.0871696695367,809.0871696695367,809.0871696695367,809.0871696695367,809.0871696695367,809.0871696695367,809.0871696695367,809.0871696695367,-0.0,-0.0,-0.0,809.0871696695367,809.0871696695367,809.0871696695367,809.0871696695367,809.0871696695367,-0.0,6.471575708790997,9.698864999956164,8.58268953491985,10.082168144914734,12.275148461109167,11.46152969707194,10.254646386786382,9.688523061841545,12.946349572908547,-0.0,-0.0,-0.0,-0.0,-0.0,-0.0,-0.0,-0.0,-0.0,69.74652473242377,69.16615093954192,72.79932733159495,81.33566025344122,78.50630611799494,78.51695570693752,72.55228544850708,73.57423421337195,71.31235707086691,4.16560014645451,4.567250366213684,5.651717024934099,5.387376403932841,10.978516144528388,10.276989163666173,6.845175396818253,11.989773328323073,13.53898787882928,-5.331680251265185,-5.260925617608548,-5.199103173251497,-4.970978033625802,-6.059611289625071,-6.170891852234211,-6.053633428095088,-16.11962300872408,-23.424399245310788
38.45576610026343,41.15280001364271,40.977792295597276,38.55426588655319,42.825339418012604,42.11201423068734,39.842656880696836,39.123974740254376,40.24176822205749,85.58670141356795,67.99049898396918,65.21697195018245,67.54905225311127,66.85212267862963,68.96137289395935,66.55391955078122,63.2998863272825,65.94467726954798,44.095131408653096,44.04746576629551,44.10768464598136,44.71332458899263,43.50918433116407,43.42356446108627,43.847440358126384,40.11354188138548,38.765636549525475,810.5595952476812,810.5595952476812,810.5595952476812,810.5595952476812,810.5595952476812,810.5595952476812,810.5595952476812,810.5595952476812,810.5595952476812,-0.0,-0.0,-0.0,810.5595952476812,810.5595952476812,810.5595952476812,810.5595952476812,810.5595952476812,-0.0,7.371152833935205,10.665680707556112,9.140553442084295,10.229781339428174,12.561543729039112,11.699652619637337,10.50194031606133,10.061728976424543,13.157808777678907,-0.0,-0.0,-0.0,-0.0,-0.0,-0.0,-0.0,-0.0,-0.0,80.81580507863947,80.24260806672514,84.51759331368427,87.13656020084484,94.17712421209387,91.158739396484,86.82823243568563,89.00663305613779,86.18676682693741,4.347499137173624,4.758732159219026,5.85482761225836,5.497293728116555,11.279082491364116,10.487404945003009,7.095567124791838,12.193207125486799,13.707635187598964,-5.330808542055016,-5.259223635368796,-5.193412552714854,-4.970921171640906,-6.059432293465555,-6.1707385293941535,-6.050840043355254,-16.116344379185776,-23.34078261631948
38.43419425665856,41.150049032796396,40.97145168516578,38.54067336251668,42.82217145599583,42.10896178502315,39.81402677160244,39.11659364346208,40.24186224529013,85.63016061868764,67.98521243245249,65.20853535662597,67.52248474295133,66.83331566239985,68.92829690285434,66.54395204097749,63.30881288766447,65.95930233000801,44.09510532626654,44.04732270559825,44.107313980375785,44.657897067573195,43.50156270540093,43.41722118157727,43.82856836121717,40.08983598702536,38.73279146523714,812.0163452728767,812.0163452728767,812.0163452728767,812.0163452728767,812.0163452728767,812.0163452728767,812.0163452728767,812.0163452728767,812.0163452728767,-0.0,-0.0,-0.0,812.0163452728767,812.0163452728767,812.0163452728767,812.0163452728767,812.0163452728767,-0.0,8.230255796875111,11.491801268792509,9.620669815832512,10.40660242440548,12.601070636695049,11.887214213552213,10.575670742255392,10.037072424139687,13.30133192835058,-0.0,-0.0,-0.0,-0.0,-0.0,-0.0,-0.0,-0.0,-0.0,85.5365811624309,85.06843153522294,89.58616493300563,91.94281982594795,101.24235217129855,96.62809915544085,102.33766941704074,104.91983678253007,101.32341683899563,4.397898893929958,4.8426970545892,5.958012216055518,5.647393229838364,11.371343239382426,10.571251825829327,7.5869321394846505,12.351178371511557,13.792334386106107,-5.331571561328907,-5.260982128193566,-5.192825298524401,-4.970944439898441,-6.059582016445871,-6.170901307290366,-6.050123744858269,-16.120083769917155,-23.34203729149099
38.42556656921704,41.14943361498085,40.96710962160068,38.53371235299678,42.82238274983668,42.10605846935396,39.809050363034025,39.11359261561542,40.23913202789594,85.80666996294211,67.98967488261579,65.20677860685295,67.55923600907838,66.84108282905817,68.95702263580533,66.54827700431629,63.30744559295812,65.96291355730119,44.09508666245344,44.04749676551429,44.1079369768227,44.13584410804496,43.498184905037824,43.41446451836253,43.828982643843645,40.09987417684782,38.72606573380011,812.5667031133169,812.5667031133169,812.5667031133169,812.5667031133169,812.5667031133169,812.5667031133169,812.5667031133169,812.5667031133169,812.5667031133169,-0.0,-0.0,-0.0,812.5667031133169,812.5667031133169,812.5667031133169,812.5667031133169,812.5667031133169,-0.0,8.609119581015971,11.926636771552497,9.830367691943477,10.547389947247062,12.507415137300212,11.906223346812062,10.573379776567815,10.035338491947062,13.3372024336722,-0.0,-0.0,-0.0,-0.0,-0.0,-0.0,-0.0,-0.0,-0.0,88.82094381153854,88.40637791653081,92.99710339604198,95.41493490192413,105.09577051466842,100.32463924910938,105.51796205364703,108.00603927467607,104.17412016737792,4.415766118617626,4.894518816093808,6.116200989048275,5.778639374631496,11.406385057030217,10.624683423783818,7.498115964796084,12.243194522460005,13.637419773026966,-5.33153695605775,-5.260991914539511,-5.185256553135245,-4.970884288692174,-6.059560020116896,-6.170615269576528,-6.049392186050954,-16.11898340041922,-23.295745254908283
38.52406855426834,41.16599672558358,41.01675395500681,38.53547298895901,42.84025870698365,42.127585172031274,39.87755632903404,39.116185967002046,40.21807945870626,85.16998060685691,67.90234393505042,65.15964486325247,67.57400194709659,66.82861424673222,68.96352542216715,66.51264724261365,63.201711588443715,65.8471189657041,44.09530568159625,44.047456384324136,44.10806022769581,44.78083077358499,43.52746773383729,43.438750846611065,43.85068690907463,40.181603457022085,38.80693607684771,801.50036846225,801.50036846225,801.50036846225,801.50036846225,801.50036846225,801.50036846225,801.50036846225,801.50036846225,801.50036846225,-0.0,-0.0,-0.0,801.50036846225,801.50036846225,801.50036846225,801.50036846225,801.50036846225,-0.0,0.909715832713875,1.757316219775282,4.4508374410303,4.797303168584843,7.094521863608097,5.8046383520079825,5.82420427883789,6.839900272552042,10.138113784647633,-0.0,-0.0,-0.0,-0.0,-0.0,-0.0,-0.0,-0.0,-0.0,33.167302330609566,33.277274115945715,34.29779242098585,34.53587167540126,37.93052944116914,36.29633274228465,38.988133755092605,39.91568206808934,39.33631806487541,3.385489566693594,3.931410403991942,4.959895661493108,4.614351330187271,9.977979043090025,9.270003401830008,5.897712664988649,10.851597746021017,12.328224057597442,-5.3310946138119135,-5.25966477537911,-5.193511194227167,-4.970882956430888,-6.059531073307671,-6.170404379541722,-6.049832165620227,-16.118023579991892,-23.06020195218009
38.50929496802114,41.151789339048236,41.008860077647334,38.466893684228154,42.83718928554627,42.118280386720635,39.85019220601791,39.05697907461335,40.18379806570819,84.84610395966604,67.80085814339672,65.0559391856765,67.46053506422172,66.71918870910201,68.83325897071828,66.40354952878295,63.02617197443777,65.7052333031382,44.09530787806585,44.04738683944877,44.10804476243406,44.78183662194491,43.52592837638363,43.43681142732893,43.850237123820676,40.16179175798833,38.77235419214052,795.5821287326678,795.5821287326678,795.5821287326678,795.5821287326678,795.5821287326678,795.5821287326678,795.5821287326678,795.5821287326678,795.5821287326678,-0.0,-0.0,-0.0,795.5821287326678,795.5821287326678,795.5821287326678,795.5821287326678,795.5821287326678,-0.0,-4.108330139068889,-4.0268248866594165,-0.6308561897502599,-1.1920248592986395,-0.6574763718860025,-1.1210312998815681,-1.1368799574677018,-0.5114015037673948,3.433636760532075,-4.108330139068889,-0.6308561897502599,-4.0268248866594165,-1.1920248592986395,-0.6574763718860025,-1.1210312998815681,-1.1368799574677018,-0.5114015037673948,-0.0,8.840383228578354,8.848411061555067,8.887778761225766,8.675723640820756,9.418712270473634,9.080245329613893,9.635985072486337,9.742373898724656,9.741500139721477,2.9098618024086074,3.5169996133604475,4.513750843758325,4.156019068325188,5.514051277874365,5.26168361484757,5.038231965617083,8.436267797284115,11.065570046556182,-5.33173832381695,-5.261304698873892,-5.196381484732436,-4.970941264730367,-6.0596904620693195,-6.170656650179326,-6.050492709313677,-16.12150124044205,-22.494209376684047
38.50457151238813,41.1487824766065,41.00636692584849,38.45515277092814,42.83608184081228,42.11531388519702,39.843745327244186,39.044741255323444,40.177146839792364,84.7730058303074,67.78706476223029,65.04109898449687,67.44878145998926,66.70364313714046,68.8173194585021,66.38816080267718,63.000168734808526,65.68578395451097,44.095306419029825,44.0473912300673,44.10802987013142,44.781504148094825,43.52555900112845,43.43635058529106,43.850145238189086,40.1554253666516,38.76277088710971,795.0026389582307,795.0026389582307,795.0026389582307,795.0026389582307,795.0026389582307,795.0026389582307,795.0026389582307,795.0026389582307,795.0026389582307,-0.0,-0.0,-0.0,795.0026389582307,795.0026389582307,795.0026389582307,795.0026389582307,795.0026389582307,-0.0,-4.288973725596116,-4.0791185684056,-1.7225026508929935,-2.3788812108684767,-2.125031017095207,-2.5331127340982085,-2.270834468910698,-2.0090966515217126,2.1466518875805884,-4.288973725596116,-1.7225026508929935,-4.0791185684056,-2.3788812108684767,-2.125031017095207,-2.5331127340982085,-2.270834468910698,-2.0090966515217126,-0.0,5.910604624695594,5.90428732832835,5.918177882776182,5.6280688188123875,6.074607810476024,5.873986021061543,6.198211658485693,6.246198484209529,6.247045121129292,2.70811415580251,3.384480854799016,4.368412404664201,3.9758267122180095,4.2314220230461475,4.001839253443196,4.493692690778734,7.138670477747867,10.21473842492345,-5.331749954217507,-5.261284485227775,-5.195936084752656,-4.97094445085803,-6.059688463885203,-6.17066427539634,-6.050520166829037,-16.12158990938823,-22.461452949912832
38.506024312336464,41.14871524459395,41.00546007205238,38.45663582870498,42.83598428284015,42.11380602129215,39.84795618612861,39.04241145970215,40.17276682316817,84.7370776169743,67.79110131015037,65.04429538772021,67.49189054024443,66.71688723047725,68.85978188224334,66.39704153454497,63.00495571058246,65.69463444881715,44.09531363100435,44.047469066379314,44.108043802288094,44.78189194903906,43.52690347463158,43.43712812648855,43.85052850238114,40.16051688936159,38.76666189953249,794.4429963546695,794.4429963546695,794.4429963546695,794.4429963546695,794.4429963546695,794.4429963546695,794.4429963546695,794.4429963546695,794.4429963546695,-0.0,-0.0,-0.0,794.4429963546695,794.4429963546695,794.4429963546695,794.4429963546695,794.4429963546695,-0.0,-5.007683617577991,-4.490623800776909,-2.295011142157941,-2.9395455443168528,-2.9746821769379497,-3.2982424583620653,-2.9737221104187563,-2.7085978956603984,1.3466622144127123,-5.007683617577991,-2.295011142157941,-4.490623800776909,-2.9395455443168528,-2.9746821769379497,-3.2982424583620653,-2.9737221104187563,-2.7085978956603984,-0.0,4.650146618440978,4.641256605207117,4.649922416291983,4.408070248886425,4.7417222753554995,4.5920871056717285,4.825912248264536,4.852711793831447,4.854284199553023,2.544846897669212,3.292104565251896,4.2698279331678055,3.919260221972059,3.776801852612915,3.555543441624325,4.172624660502058,6.482427840274932,9.622509590347603,-5.330982867381105,-5.259141886150372,-5.192026860119497,-4.970896696315551,-6.059522956545707,-6.17043673128027,-6.049873079607848,-16.120509396365122,-22.333497103689187
38.50248040271193,41.146949055006566,41.00434454490813,38.448765559485174,42.835361866109125,42.1133724828889,39.83959098276046,39.03687411093154,40.172473217451255,84.71715534199619,67.77952878523165,65.03171613122919,67.44932211997302,66.69651716209104,68.81051670992174,66.3779736684859,62.982518304305565,65.67301326243181,44.09530356181437,44.04741388423546,44.108000066441406,44.781470600561306,43.52528678965319,43.436139519453825,43.85008332908904,40.14944121445322,38.755988008629146,794.7379607672767,794.7379607672767,794.7379607672767,794.7379607672767,794.7379607672767,794.7379607672767,794.7379607672767,794.7379607672767,794.7379607672767,-0.0,-0.0,-0.0,794.7379607672767,794.7379607672767,794.7379607672767,794.7379607672767,794.7379607672767,-0.0,-4.589009534551837,-4.245408410132693,-2.5009333279445913,-3.148756469791168,-3.122343460001539,-3.4230688497558903,-3.0526451808120014,-2.951016265822127,1.2574176846186056,-4.589009534551837,-2.5009333279445913,-4.245408410132693,-3.148756469791168,-3.122343460001539,-3.4230688497558903,-3.0526451808120014,-2.951016265822127,-0.0,4.042861621071603,4.032972313716734,4.040176230418469,3.8450623931982455,4.129525871180897,4.00126604440167,4.198355542708893,4.217859940795895,4.21747587356481,2.4238949281907374,3.227443654565691,4.198940679840666,3.9041435695186206,3.5356112368394617,3.316803909814799,3.959803218301923,6.069087095701795,9.164332410766969,-5.331700716159461,-5.261150403884055,-5.195501432873711,-4.97094633819123,-6.059709195467446,-6.170603687120389,-6.050591905119573,-16.12113292954484,-22.447165244393148
38.50086451292493,41.146141562856855,41.003725078272794,38.447890290683446,42.83513231108176,42.11294231621588,39.83764208586656,39.03538631225147,40.17180737943371,84.70796616364728,67.77762772542613,65.02957511684374,67.44643177961754,66.69336675856478,68.80727528368212,66.37472510595207,62.977651030748206,65.6661878683069,44.09529538297238,44.047411397992015,44.107971089354564,44.78144173289385,43.5249532484217,43.435976005348074,43.849980683063066,40.14607139781669,38.75167674827456,794.7597391126046,794.7597391126046,794.7597391126046,794.7597391126046,794.7597391126046,794.7597391126046,794.7597391126046,794.7597391126046,794.7597391126046,-0.0,-0.0,-0.0,794.7597391126046,794.7597391126046,794.7597391126046,794.7597391126046,794.7597391126046,-0.0,-4.660479504883266,-4.251776261946104,-2.611590650976861,-3.257827647233294,-3.275765190103893,-3.5813734983054775,-3.154219756168297,-3.0805587515588146,1.0702212220757268,-4.660479504883266,-2.611590650976861,-4.251776261946104,-3.257827647233294,-3.275765190103893,-3.5813734983054775,-3.154219756168297,-3.0805587515588146,-0.0,3.8923877660315727,3.8823548972230064,3.892868782205875,3.723085364533059,3.9994951638314427,3.8737156825832737,4.063155705903887,4.080001563045793,4.078492112577621,2.336005551819386,3.171665086452927,4.128919385326167,3.873206026075474,3.3565281029189946,3.1436264170906623,3.8062050024360334,5.757474864653254,8.811761657460062,-5.331710435663733,-5.261163575812866,-5.1954709854762084,-4.970945925876504,-6.059708416508888,-6.170583977576228,-6.050676697998397,-16.12141324974561,-22.472334415603584
38.50442176428996,41.14736667682643,41.004039131337684,38.4552344951347,42.83537366611467,42.11262971206117,39.84499970563136,39.037858915126414,40.170384211915376,84.70905016855698,67.78769527314334,65.03894826339591,67.49290905230099,66.71126826396802,68.85357505122573,66.39022260965722,62.99331547537031,65.68120486336923,44.09530006566038,44.04748113016091,44.10798849359867,44.7820015904448,43.52633492659064,43.43695555990665,43.85039069291457,40.15300045360916,38.758145497076896,794.5646757519714,794.5646757519714,794.5646757519714,794.5646757519714,794.5646757519714,794.5646757519714,794.5646757519714,794.5646757519714,794.5646757519714,-0.0,-0.0,-0.0,794.5646757519714,794.5646757519714,794.5646757519714,794.5646757519714,794.5646757519714,-0.0,-5.128459264984536,-4.553253729573143,-2.6313646549031757,-3.3034857133182474,-3.516139860580213,-3.7657017418574403,-3.312689295607436,-3.1256936871616134,0.7407200975564106,-5.128459264984536,-2.6313646549031757,-4.553253729573143,-3.3034857133182474,-3.516139860580213,-3.7657017418574403,-3.312689295607436,-3.1256936871616134,-0.0,4.137764098849146,4.128811766657365,4.1397804132032165,3.9736383742815162,4.275278989171631,4.137770492062864,4.346278976480993,4.365737991337538,4.362652203304687,2.277771230064909,3.129063807245791,4.074550735595159,3.8538932201462583,3.2326909777058503,3.0226742695489173,3.691875078415444,5.524834725140626,8.530364980542151,-5.330950875895545,-5.259258890858334,-5.19208321750216,-4.970895127119362,-6.059541808271576,-6.170339180078979,-6.049977389368963,-16.119347465216617,-22.441667728044393
38.49987692016919,41.14583484400863,41.003754324639914,38.45026861867849,42.834843904850686,42.113198831386526,39.8361012327064,39.035838153844544,40.17298097971581,84.72165747759746,67.77779741357038,65.03016991597663,67.44211188462596,66.69054512516526,68.79532035538755,66.37261107822816,62.97539391306301,65.65872595667827,44.09528376794662,44.04739295010824,44.10793353226208,44.78151148751645,43.52443431952887,43.43569482748882,43.84983959043036,40.14078496960894,38.74627391501583,795.1229615913819,795.1229615913819,795.1229615913819,795.1229615913819,795.1229615913819,795.1229615913819,795.1229615913819,795.1229615913819,795.1229615913819,-0.0,-0.0,-0.0,795.1229615913819,795.1229615913819,795.1229615913819,795.1229615913819,795.1229615913819,-0.0,-4.467499717231884,-3.9862445484416664,-2.3692926749937175,-3.077415909396277,-3.117992450045555,-3.4761275346030813,-2.9136161294397875,-2.836963632388607,1.1347894292724654,-4.467499717231884,-2.3692926749937175,-3.9862445484416664,-3.077415909396277,-3.117992450045555,-3.4761275346030813,-2.9136161294397875,-2.836963632388607,-0.0,4.739466206742741,4.73153718565456,4.745178815954361,4.580551388012472,4.94335038220466,4.777433288040571,5.031671270278013,5.058044389768666,5.055346951376214,2.2338917924336545,3.090188447921071,4.0230952683951555,3.8290133687007963,3.1376654205413677,2.935670523107498,3.6135271861284792,5.332886577296831,8.273327854276923,-5.3317654495363564,-5.261316557193672,-5.196422858275716,-4.970945032891426,-6.059705008862574,-6.170640992930968,-6.051052948444199,-16.12199817360374,-22.576004776999145
38.49922503801059,41.145258572298886,41.003446761661316,38.45215607023126,42.834550012975775,42.11320571565755,39.835731723890554,39.0362638224645,40.174583774983276,84.7297874719352,67.77724019708386,65.02892620539046,67.44141911986527,66.68723948962008,68.79194393524557,66.37205294638176,62.97015005206144,65.65212390359794,44.09526637036951,44.04738294710348,44.10789536143793,44.78149523835185,43.52381410799498,43.43557344008595,43.849708923232235,40.13539298426009,38.744171251118665,795.3223387693904,795.3223387693904,795.3223387693904,795.3223387693904,795.3223387693904,795.3223387693904,795.3223387693904,795.3223387693904,795.3223387693904,-0.0,-0.0,-0.0,795.3223387693904,795.3223387693904,795.3223387693904,795.3223387693904,795.3223387693904,-0.0,-4.372423691327099,-3.848991942312301,-2.2470062270311484,-2.947238077185174,-2.9937709505090515,-3.377136794642393,-2.768148574316524,-2.672544650295176,1.3080431824605827,-4.372423691327099,-2.2470062270311484,-3.848991942312301,-2.947238077185174,-2.9937709505090515,-3.377136794642393,-2.768148574316524,-2.672544650295176,-0.0,5.277957576429983,5.273900640933935,5.291053614077585,5.152882749130954,5.575141309823395,5.382448709334704,5.683675522162259,5.716976373163194,5.7050784809509985,2.1965873921938126,3.0521730010632013,3.972742778801915,3.823021413587303,3.0633753080807966,2.860328776260697,3.550709307648528,5.173255593593949,8.077143017223106,-5.331771839628328,-5.261351936617968,-5.197091097878154,-4.970941065605093,-6.0596956692270645,-6.170640979781368,-6.051238294641754,-16.12205480689688,-22.616302488286077
38.50117052603572,41.145086370357056,41.00227249040651,38.457997131879225,42.83443296307673,42.112074385453326,39.84464665829755,39.03396836356083,40.17159665705257,84.70639942717983,67.7837659489852,65.03021167842608,67.49310708604844,66.6944590186921,68.83256862608917,66.38563854536952,62.976197688888085,65.67646898624079,44.095250856561776,44.047483657031115,44.10789236994216,44.78197416060211,43.524465792995485,43.436836712038115,43.84999388263065,40.138044580470556,38.75677263575282,794.8345685075814,794.8345685075814,794.8345685075814,794.8345685075814,794.8345685075814,794.8345685075814,794.8345685075814,794.8345685075814,794.8345685075814,-0.0,-0.0,-0.0,794.8345685075814,794.8345685075814,794.8345685075814,794.8345685075814,794.8345685075814,-0.0,-5.327192175146439,-4.716641776285256,-2.843614499878804,-3.3627807176560114,-3.6416993591525917,-3.9566651738078447,-3.4755096330473685,-3.193320639929596,0.8206318111299508,-5.327192175146439,-2.843614499878804,-4.716641776285256,-3.3627807176560114,-3.6416993591525917,-3.9566651738078447,-3.4755096330473685,-3.193320639929596,-0.0,4.731742120112761,4.728629585787265,4.740788352028864,4.611837399424304,4.982436567525215,4.820879549755684,5.048339383661704,5.0800765626297775,5.052530205982514,2.1206542405457447,2.9930338498805003,3.9147988255599806,3.813058206836568,2.9682070807007768,2.7600697025731082,3.476845912050695,5.048099628930602,7.9103787992887185,-5.3310102788303215,-5.259412284323066,-5.194039309840959,-4.970882365026157,-6.059548765284638,-6.170319609613359,-6.050379025004321,-16.116241699492093,-22.55261499871882
38.48809647877983,41.138884123075584,40.99854727933693,38.43913134818536,42.832804463792996,42.11030211276173,39.827770018673306,39.022245356079466,40.168168289518384,84.65141150096707,67.75302781722509,64.99694365675676,67.4065784809668,66.65330534587211,68.75095362374375,66.34762417208134,62.931406760773754,65.64045951258798,44.095203187259656,44.04740343722998,44.10781916030563,44.780738577493516,43.521151156693186,43.435256637401984,43.84911708489939,40.115010337426256,38.73763176454815,794.424313654895,794.424313654895,794.424313654895,794.424313654895,794.424313654895,794.424313654895,794.424313654895,794.424313654895,794.424313654895,-0.0,-0.0,-0.0,794.424313654895,794.424313654895,794.424313654895,794.424313654895,794.424313654895,-0.0,-5.829489908384301,-5.351170756200939,-3.9109879965489625,-4.37127360789786,-4.56296826358051,-4.797621904172312,-4.470218924015057,-4.277915428546038,0.1902640223858678,-5.829489908384301,-3.9109879965489625,-5.351170756200939,-4.37127360789786,-4.56296826358051,-4.797621904172312,-4.470218924015057,-4.277915428546038,-0.0,2.6753992449717816,2.675751700166481,2.6751424659212546,2.578245606646658,2.749492862397237,2.692732412280176,2.76938583232728,2.786743844848943,2.7713215038374392,1.9733762496073772,2.8582507879558667,3.8034569869424284,3.6849319369452305,2.7752858393383932,2.5961695138958425,3.379593880812523,4.870337778542999,7.683595215059344,-5.331868574282248,-5.261301777318713,-5.198947463220217,-4.970942142225391,-6.059653810623561,-6.1706338895086175,-6.052101818095499,-16.12115163379104,-22.657866830217024
38.47964772975195,41.13617235224836,40.99687178149852,38.434291332697384,42.83172041784525,42.10877238655715,39.82325491955281,39.0159746881245,40.16600314288812,84.62465515438359,67.74187588643525,64.98394082673596,67.37928352525094,66.64040485275858,68.73429238200096,66.33597556095927,62.91635226724874,65.63016920210491,44.09516744184675,44.04740492387848,44.10781922528788,44.78025989592013,43.52006592799851,43.43538456897687,43.84883321438662,40.105881354068494,38.73171836310706,794.0125442714896,794.0125442714896,794.0125442714896,794.0125442714896,794.0125442714896,794.0125442714896,794.0125442714896,794.0125442714896,794.0125442714896,-0.0,-0.0,-0.0,794.0125442714896,794.0125442714896,794.0125442714896,794.0125442714896,794.0125442714896,-0.0,-6.3820562094482,-5.896107434027422,-4.702842919690467,-5.202540387749031,-5.100564597667104,-5.317794379861152,-5.060936038786266,-4.812352441816735,-0.2460348000375219,-6.3820562094482,-4.702842919690467,-5.896107434027422,-5.202540387749031,-5.100564597667104,-5.317794379861152,-5.060936038786266,-4.812352441816735,-0.2460348000375219,1.8746766448003886,1.8799765316982109,1.8758596156140934,1.8551825149017276,1.959381820804363,1.9273223449708852,1.964975148760517,1.9759133869926964,1.9654170062172838,1.887594510011525,2.7467037434019828,3.697336543616179,3.5498962173596214,2.6552316936443896,2.468952671333405,3.3011434902820618,4.748659863609057,7.504277274125645,-5.332140816204222,-5.261463667566594,-5.2012561044132255,-4.970966786632415,-6.059605598593257,-6.170662731716007,-6.05269194479226,-16.121333330415435,-22.686466855241825
38.481235313377205,41.13579646845692,40.99624409574849,38.43362645826839,42.83133703710377,42.10709627910787,39.82807986366754,39.01240972877132,40.16287887408838,84.59368335103049,67.74776847962757,64.98552753553594,67.40121128500773,66.65216199087116,68.77094058689806,66.34535066266933,62.92377704393643,65.64200971433034,44.09515187323564,44.047492238437144,44.10785937649949,44.780269479225986,43.52095544219951,43.43648779689963,43.849090821185364,40.109026636705714,38.736963219171365,793.3552484234783,793.3552484234783,793.3552484234783,793.3552484234783,793.3552484234783,793.3552484234783,793.3552484234783,793.3552484234783,793.3552484234783,-0.0,-0.0,-0.0,793.3552484234783,793.3552484234783,793.3552484234783,793.3552484234783,793.3552484234783,-0.0,-7.268988766828567,-6.985265652903018,-5.674332046429894,-5.670241798245121,-5.775043676402642,-5.9008769465916435,-5.747902033495182,-5.33592496424331,-0.8791241162796769,-7.268988766828567,-5.674332046429894,-6.985265652903018,-5.670241798245121,-5.775043676402642,-5.9008769465916435,-5.747902033495182,-5.33592496424331,-0.8791241162796769,1.2365961319742378,1.2402264973065436,1.2360826240251797,1.2415509960816493,1.3007870522798672,1.2789237372351239,1.3081264405095379,1.3141623320570444,1.3073175839701132,1.808430002851986,2.7244990048702062,3.624559232926319,3.507216617800676,2.5701850805589177,2.3857465386211087,3.231747580388294,4.648450426718851,7.356014756625257,-5.331497016494676,-5.259959724537621,-5.199936523008348,-4.970944793274759,-6.059444118209776,-6.170574242603051,-6.051700685793478,-16.119526311853853,-22.65690802141064
38.47488898545152,41.13325257030024,40.995138096775726,38.42371741117039,42.83064254909725,42.10710425525347,39.81704320967645,39.00924393387983,40.16363996444448,84.5796938177785,67.73426434911195,64.9708032511817,67.35355207402458,66.62202439370314,68.7050121644011,66.32098428261463,62.89773959859251,65.61462891079036,44.09512352196708,44.047423957133866,44.10781491673293,44.77935134861986,43.51873082542933,43.435133581221415,43.84844256259695,40.09429154444349,38.722686208976086,793.6749809515983,793.6749809515983,793.6749809515983,793.6749809515983,793.6749809515983,793.6749809515983,793.6749809515983,793.6749809515983,793.6749809515983,-0.0,-0.0,-0.0,793.6749809515983,793.6749809515983,793.6749809515983,793.6749809515983,793.6749809515983,-0.0,-6.994449341625906,-6.410602422226605,-5.900484611997231,-5.758472717763273,-5.717997335265457,-5.888799660600946,-5.728468788996844,-5.4757712356511,-0.793642052476209,-6.994449341625906,-5.900484611997231,-6.410602422226605,-5.758472717763273,-5.717997335265457,-5.888799660600946,-5.728468788996844,-5.4757712356511,-0.793642052476209,0.9895842401881957,0.992483831522901,0.9893558318275193,0.9916118798537038,1.0345837707539272,1.0186203682209016,1.0379786605888948,1.0421700660791282,1.0371380012822478,1.7520493580239982,2.681624135311459,3.587267817763107,3.499723722926379,2.509540713682973,2.3251346351909667,3.1839826660099813,4.546530111476923,7.223914912814589,-5.332270898639935,-5.26135667855816,-5.204441219367309,-4.970997434834517,-6.059625330253555,-6.170905447666251,-6.053873404477349,-16.122063581634155,-22.74695811341103
38.476846577506144,41.133522584574976,40.99494403699751,38.42352987241269,42.830693417074215,42.10680285400479,39.818638436799475,39.00911035726991,40.163625876293025,84.57269906395342,67.73678314320007,64.97109592176511,67.35738982307521,66.62471960292501,68.70791953662035,66.32233826601811,62.899961266286084,65.62022348177707,44.09511707905817,44.04744880506094,44.107822974335676,44.77939673884875,43.5188844519712,43.435404452011205,43.84850195772309,40.09393370928671,38.726845948444875,793.7378552178765,793.7378552178765,793.7378552178765,793.7378552178765,793.7378552178765,793.7378552178765,793.7378552178765,793.7378552178765,793.7378552178765,-0.0,-0.0,-0.0,793.7378552178765,793.7378552178765,793.7378552178765,793.7378552178765,793.7378552178765,-0.0,-7.070514973089222,-6.46520250847366,-6.203815094642087,-5.830914741013647,-5.770302805631971,-5.966184959405079,-5.851067296663556,-5.555418761657451,-0.8391505040706184,-7.070514973089222,-6.203815094642087,-6.46520250847366,-5.830914741013647,-5.770302805631971,-5.966184959405079,-5.851067296663556,-5.555418761657451,-0.8391505040706184,0.8757494919034209,0.8778625203682993,0.8753020564951401,0.8743839511362038,0.9128747448551421,0.8968630347278422,0.9145011332754838,0.9176661352405862,0.9136233866960666,1.7259874964464545,2.6657371115724215,3.570145491911009,3.5031670782201276,2.486308956248736,2.291620447211083,3.1553769955147413,4.510619150456332,7.137298430330135,-5.332208723305041,-5.261185485529001,-5.205024940375495,-4.970998163312078,-6.059658101031475,-6.170775477549509,-6.053148474848587,-16.11717062016734,-22.69264876061078
38.480704863365894,41.13432159537721,40.99506355076073,38.426812564471874,42.83097301658955,42.10615748427452,39.82545941301162,39.00929332491529,40.161862565523,84.56743600097164,67.74554167283927,64.97942102826728,67.39171304595992,66.64320773997555,68.75075882821136,66.33773642963996,62.916498732217384,65.63839837647895,44.09512107527986,44.04750460041882,44.10784501791038,44.77982356591192,43.52036606260666,43.43637049550909,43.84889138076138,40.1016234519388,38.73557965649343,793.2872524458479,793.2872524458479,793.2872524458479,793.2872524458479,793.2872524458479,793.2872524458479,793.2872524458479,793.2872524458479,793.2872524458479,-0.0,-0.0,-0.0,793.2872524458479,793.2872524458479,793.2872524458479,793.2872524458479,793.2872524458479,-0.0,-7.620244712315365,-8.337482681932297,-6.969337637539644,-6.009438436944335,-6.16979426027635,-6.314578028182675,-6.2707293123740895,-5.815750289281688,-1.2291203148258887,-7.620244712315365,-6.969337637539644,-8.337482681932297,-6.009438436944335,-6.16979426027635,-6.314578028182675,-6.2707293123740895,-5.815750289281688,-1.2291203148258887,0.7991404520708199,0.8006541272568739,0.7981230238874545,0.7947958027797682,0.8305864859096904,0.8144815852850741,0.8330413045682992,0.8359511200791633,0.8323245529429291,1.702691932038828,2.653898517792189,3.550015167505594,3.5087476879343353,2.445331510496748,2.2269941085592033,3.1240464398133425,4.445552864689551,7.076638352290118,-5.331510024131378,-5.259940934470048,-5.202578346214964,-4.970958303948919,-6.059510681458909,-6.170633402619776,-6.051579330854153,-16.1112776557574,-22.608426129609633
38.47526916565784,41.13260047003431,40.994567939174196,38.421258194119055,42.83066678754132,42.106723288761636,39.81632607633186,39.00766217708938,40.16306152897841,84.564877152406,67.73320265731377,64.96708342969414,67.34958862552236,66.61646119739756,68.69043333346212,66.31740437163482,62.89435089727341,65.6163566971355,44.09510625935459,44.04742512326382,44.107806540578025,44.7792420344819,43.51868127053455,43.43513916542404,43.84836495176608,40.091077821955174,38.72439458261246,793.7120012297484,793.7120012297484,793.7120012297484,793.7120012297484,793.7120012297484,793.7120012297484,793.7120012297484,793.7120012297484,793.7120012297484,-0.0,-0.0,-0.0,793.7120012297484,793.7120012297484,793.7120012297484,793.7120012297484,793.7120012297484,-0.0,-7.216482742115602,-6.777256615532664,-6.586241980241083,-5.986521798043825,-5.926033283540468,-6.148927208220197,-6.04106375249159,-5.771245990292421,-1.0733893755327855,-7.216482742115602,-6.586241980241083,-6.777256615532664,-5.986521798043825,-5.926033283540468,-6.148927208220197,-6.04106375249159,-5.771245990292421,-1.0733893755327855,0.7492136516543605,0.7511548136588001,0.7477848567183913,0.7421420715933514,0.7760951693771948,0.7606182951978988,0.7790942506354879,0.7819846372126289,0.7786691311791166,1.6800521853519823,2.6335688599364295,3.539690425031439,3.493120279937248,2.4228894411809136,2.186370088451204,3.0969907583829883,4.36937237693606,6.99661305607916,-5.33231232200008,-5.261490020596198,-5.206900050616276,-4.971004163655199,-6.059693557416498,-6.1709467747552775,-6.053588233128865,-16.12039988158901,-22.688161365860104
38.47418051330153,41.13239604687512,40.9945096595615,38.420962025274555,42.830618017742836,42.10665837047358,39.81631628195146,39.00722478578003,40.162555995685075,84.56295551219152,67.73230437684865,64.96585785102303,67.34763297623589,66.61486431673531,68.68788474630593,66.31659705721478,62.893105427287054,65.6162908937167,44.09510335506476,44.047421272541015,44.1078030409348,44.77923002859933,43.51865312137781,43.4351246304547,43.8483570606105,40.09091974847189,38.72421715022223,793.6867444646784,793.6867444646784,793.6867444646784,793.6867444646784,793.6867444646784,793.6867444646784,793.6867444646784,793.6867444646784,793.6867444646784,-0.0,-0.0,-0.0,793.6867444646784,793.6867444646784,793.6867444646784,793.6867444646784,793.6867444646784,-0.0,-7.267847714120997,-6.851033682125762,-6.717658358021613,-6.038525073856122,-5.980508580758622,-6.192213797608316,-6.0933315616262,-5.839536867543015,-1.1958538835417354,-7.267847714120997,-6.717658358021613,-6.851033682125762,-6.038525073856122,-5.980508580758622,-6.192213797608316,-6.0933315616262,-5.839536867543015,-1.1958538835417354,0.7200312555442798,0.7219910369187967,0.718110652875333,0.7111451606985061,0.7436760234321189,0.7288680277090902,0.7486794204234356,0.7516395053869713,0.7484830693450415,1.663760464026307,2.6228288391579437,3.5299564703187136,3.483958347077072,2.399192936091116,2.160359954706118,3.073979050721509,4.31089542311108,6.922196717740512,-5.332369663958369,-5.2615280670769655,-5.2072637819366845,-4.9710049557206615,-6.059700135651836,-6.170948492345247,-6.053654324437533,-16.12124458289029,-22.701882039522918
38.478904115857596,41.13377502541633,40.99499191664711,38.42579332582791,42.830910400018254,42.10601575714006,39.82432795639086,39.00807353766216,40.16068739604495,84.56084472530564,67.74268133402765,64.97748255202193,67.38657278140933,66.63895473206233,68.74139630958,66.33483032211409,62.91279781487811,65.63896583160516,44.095116941512934,44.04749057357082,44.10783720633754,44.77978803527126,43.520255057586425,43.436187967084244,43.84885208434083,40.10079983564637,38.735528865552574,793.1648534711934,793.1648534711934,793.1648534711934,793.1648534711934,793.1648534711934,793.1648534711934,793.1648534711934,793.1648534711934,793.1648534711934,-0.0,-0.0,-0.0,793.1648534711934,793.1648534711934,793.1648534711934,793.1648534711934,793.1648534711934,-0.0,-7.798676768849565,-8.92232586054404,-7.429637099722226,-6.164779874102635,-6.348542203129719,-6.48737021553641,-6.44525384001463,-6.011498948698493,-1.5722104687235998,-7.798676768849565,-7.429637099722226,-8.92232586054404,-6.164779874102635,-6.348542203129719,-6.48737021553641,-6.44525384001463,-6.011498948698493,-1.5722104687235998,0.6945139317698792,0.696438852494416,0.6923367578564544,0.6838956932139431,0.7153071493407831,0.7011066813917318,0.7219749492918434,0.7251612435704891,0.7221325826753584,1.6519963507005933,2.6213250475880456,3.515110941061699,3.48589222592529,2.3535068285731113,2.1249699241410043,3.05510729629136,4.265350422074018,6.855420095965358,-5.331616113300649,-5.2601560979681015,-5.203615546493359,-4.970960912780095,-6.0595162664810625,-6.170745222566296,-6.051727505278388,-16.117593849675462,-22.637514597756482
38.47712727644042,41.13383992140614,40.995209214023745,38.423833922012356,42.830737029156914,42.106613773466506,39.819514261133264,39.00814469422885,40.16253685751774,84.56121684742563,67.73658973339312,64.9722572035443,67.3578058641934,66.62562250688875,68.70544327588257,66.32286888688905,62.89926604033509,65.62747326479439,44.09511999961205,44.047458791618894,44.10783340876144,44.77960816101215,43.51900758997269,43.435331164051604,43.8486044311073,40.095524608882705,38.731831982907956,793.6977552978143,793.6977552978143,793.6977552978143,793.6977552978143,793.6977552978143,793.6977552978143,793.6977552978143,793.6977552978143,793.6977552978143,-0.0,-0.0,-0.0,793.6977552978143,793.6977552978143,793.6977552978143,793.6977552978143,793.6977552978143,-0.0,-7.270941193722055,-6.69574492124138,-6.586380041412967,-6.06600327872221,-5.957169344251743,-6.169640085516549,-6.041228446784727,-5.7722840076461175,-1.1624707137801684,-7.270941193722055,-6.586380041412967,-6.69574492124138,-6.06600327872221,-5.957169344251743,-6.169640085516549,-6.041228446784727,-5.7722840076461175,-1.1624707137801684,0.6886473174660867,0.691047615903988,0.6863493227781949,0.6756199122912828,0.7067227466658553,0.6935972366330849,0.7160826169461474,0.7196830657555855,0.717004541673876,1.6461219999248164,2.6154966188286126,3.514161013851483,3.4763353380508804,2.345801158332545,2.124222198440012,3.0532361361415163,4.2333468564146814,6.790250365918299,-5.332254223948397,-5.261189985802406,-5.205897676302571,-4.970996696339045,-6.059674737196311,-6.170878743718279,-6.0529772958386365,-16.117419789017976,-22.670480833007346
38.47800090126574,41.13443472090743,40.99570661731843,38.425127388652314,42.83077813224798,42.10657717309367,39.82043865844174,39.00864210980687,40.1626318672714,84.56140072329134,67.73725535615169,64.97538700818059,67.36252138949027,66.63064811376798,68.71372937753098,66.32607655523452,62.902764608887935,65.62478449078247,44.09513519887593,44.04746508419296,44.107849997081345,44.779807998774096,43.51930091088894,43.43526923813945,43.84873384117898,40.09878337077974,38.73096049858571,793.716692060273,793.716692060273,793.716692060273,793.716692060273,793.716692060273,793.716692060273,793.716692060273,793.716692060273,793.716692060273,-0.0,-0.0,-0.0,793.716692060273,793.716692060273,793.716692060273,793.716692060273,793.716692060273,-0.0,-7.227151198484322,-6.674854590035706,-6.303181519852678,-6.052762121577419,-5.922030302507891,-6.148225983532226,-5.955833509416272,-5.739912143300501,-1.1668278101134077,-7.227151198484322,-6.303181519852678,-6.674854590035706,-6.052762121577419,-5.922030302507891,-6.148225983532226,-5.955833509416272,-5.739912143300501,-1.1668278101134077,0.6883283377619509,0.6910323037052905,0.6860354698200642,0.6733287553191857,0.7047197915872835,0.6928304226046024,0.7168310876854225,0.7201949044582201,0.7187214359026606,1.6362590379045667,2.6112511255413438,3.5041255464331384,3.4854426105429708,2.314893245869857,2.101465505526291,3.0413312431633908,4.17155654373379,6.747398647763312,-5.332185306355367,-5.261048965070609,-5.204742264053068,-4.970989902994141,-6.0596573767762925,-6.170884295331554,-6.05268205688914,-16.1173497233815,-22.605051083773947
38.485186026590426,41.137489838864035,40.997241262466794,38.433628718010766,42.83154086385564,42.106209751353326,39.83093759600557,39.01108444300427,40.161135781968376,84.56399018407966,67.75171523319231,64.9918763026085,67.41162675763732,66.65937608812358,68.77380465737994,66.34823086956476,62.928752815884614,65.64354289350328,44.09517577838454,44.04754867056614,44.10792535624619,44.78071322181163,43.52169260293885,43.436330749784744,43.84940653259177,40.11492530386477,38.73925463175911,793.3544370023167,793.3544370023167,793.3544370023167,793.3544370023167,793.3544370023167,793.3544370023167,793.3544370023167,793.3544370023167,793.3544370023167,-0.0,-0.0,-0.0,793.3544370023167,793.3544370023167,793.3544370023167,793.3544370023167,793.3544370023167,-0.0,-7.547468886032185,-7.2826499596673155,-6.166472733109412,-5.984416925816014,-6.098186830426227,-6.279234380295812,-6.140850104359507,-5.746344166398043,-1.6419698826766482,-7.547468886032185,-6.166472733109412,-7.2826499596673155,-5.984416925816014,-6.098186830426227,-6.279234380295812,-6.140850104359507,-5.746344166398043,-1.6419698826766482,0.7450982376777336,0.7484439210143562,0.7436579179231083,0.7287168943535262,0.7653367434857288,0.7525504991507638,0.7808533404159809,0.7835144717764023,0.7835737655700125,1.630545018444616,2.6211304877226094,3.512854352812755,3.498286577895844,2.313121986204998,2.0955856694722534,3.0151156857375283,4.130638924355606,6.696832816430818,-5.331331244782255,-5.259379062559731,-5.200254760275247,-4.970932339821826,-6.059497904276632,-6.170589717178438,-6.0506687782092605,-16.1135731991836,-22.50989657734445
38.48186027478863,41.137815614891764,40.99823448813175,38.42844054047888,42.83166453925244,42.1071707852476,39.82336562516462,39.01229922074225,40.16239307041948,84.57398314113716,67.7434550968924,64.98833653364332,67.38816837549992,66.64636552570535,68.73580176796408,66.33376632157363,62.921572520206226,65.63054555803805,44.09519683758427,44.04747448838547,44.107936068803255,44.780489698941984,43.52115178183992,43.435278054833326,43.84913627004194,40.11346151735379,38.731129478091745,794.0050801248879,794.0050801248879,794.0050801248879,794.0050801248879,794.0050801248879,794.0050801248879,794.0050801248879,794.0050801248879,794.0050801248879,-0.0,-0.0,-0.0,794.0050801248879,794.0050801248879,794.0050801248879,794.0050801248879,794.0050801248879,-0.0,-6.838196545870491,-6.41074569746324,-5.31217635757667,-5.528339134730777,-5.570041954834583,-5.862513882614146,-5.606269289339155,-5.404579066832699,-1.2001167215133752,-6.838196545870491,-5.31217635757667,-6.41074569746324,-5.528339134730777,-5.570041954834583,-5.862513882614146,-5.606269289339155,-5.404579066832699,-1.2001167215133752,0.9377235767747136,0.9416957274016463,0.9361956621434211,0.9200248172835149,0.97305130822689,0.9521558332700755,0.9898913125391956,0.992385385978703,0.9921722735396314,1.6297186251159526,2.6284771106018834,3.5100628474323865,3.557627170584338,2.3129492206271145,2.094192027189158,3.003095140760805,4.09317572685678,6.6405768681844455,-5.332115396766603,-5.261141325976549,-5.202146715985042,-4.970959399285126,-6.05969495919908,-6.170793481008701,-6.051460366235035,-16.120684608451665,-22.550855073856226
38.483878211064365,41.13932811587949,40.9992923778902,38.43438561351592,42.832137036326905,42.10800153979969,39.824965970417225,39.01667581316788,40.16381582813212,84.60294393283772,67.74639396008058,64.995188258829,67.41444515899796,66.66489243321602,68.7590802878495,66.34169910194245,62.93429286850756,65.63510943042537,44.09521688315139,44.047442087224965,44.10793543957362,44.78087900848273,43.52234723100228,43.435470906191874,43.8493771718542,40.120396162482656,38.732635251074846,794.313550633677,794.313550633677,794.313550633677,794.313550633677,794.313550633677,794.313550633677,794.313550633677,794.313550633677,794.313550633677,-0.0,-0.0,-0.0,794.313550633677,794.313550633677,794.313550633677,794.313550633677,794.313550633677,-0.0,-6.459991999461763,-6.009120371222901,-4.700813253245254,-4.978064680591068,-5.167964377561954,-5.49698767590865,-5.1608931573356625,-4.970560777465172,-0.8680217148468066,-6.459991999461763,-4.700813253245254,-6.009120371222901,-4.978064680591068,-5.167964377561954,-5.49698767590865,-5.1608931573356625,-4.970560777465172,-0.8680217148468066,1.6692934498299015,1.6754844682792,1.6703888062519714,1.6325516627154673,1.7449368350014558,1.6968603265839253,1.7761944309822775,1.7831461010919862,1.782288776740425,1.6525049913929637,2.662791239490519,3.5602123466101205,3.692523588391529,2.3276943670903267,2.0938131789297736,3.009382289408614,4.080983737220064,6.624794160444782,-5.3321463824138196,-5.2613845056017325,-5.2008104363743275,-4.970948284569418,-6.05971179023836,-6.170740023974561,-6.050952221249164,-16.12094652404579,-22.55828295657088
38.491886669993775,41.14289853682024,41.00066843420984,38.44584925938931,42.83337552749605,42.10903232358808,39.837919720645395,39.02481277119791,40.16432243596581,84.62740452879324,67.76665415839614,65.0162522995868,67.48102584270303,66.69413898627448,68.82521490714234,66.3712811662209,62.96545736085662,65.66314191733144,44.09524724665644,44.04750433340938,44.10794753928867,44.78186259582156,43.52484878757695,43.43664428259385,43.85011654122988,40.137188059760774,38.74731152113104,794.4322451710021,794.4322451710021,794.4322451710021,794.4322451710021,794.4322451710021,794.4322451710021,794.4322451710021,794.4322451710021,794.4322451710021,-0.0,-0.0,-0.0,794.4322451710021,794.4322451710021,794.4322451710021,794.4322451710021,794.4322451710021,-0.0,-6.366158490342125,-5.9490846994681945,-4.134153011881949,-4.794708991440978,-5.059402218507168,-5.3193906888295,-4.969679828957421,-4.636688063181893,-0.8139388238324076,-6.366158490342125,-4.134153011881949,-5.9490846994681945,-4.794708991440978,-5.059402218507168,-5.3193906888295,-4.969679828957421,-4.636688063181893,-0.8139388238324076,2.394000024222147,2.3932457853188653,2.393111509254452,2.2970368201696045,2.4582435213838343,2.387344348896093,2.506399554473367,2.5174734995593453,2.5141959110820933,1.7037132520317724,2.712757403742836,3.584850305993447,3.727611361485004,2.3651492169881054,2.118536994086274,3.025397079389937,4.1053421759112645,6.642507676479843,-5.331386682033358,-5.259539064653748,-5.195490769691209,-4.9709010488673755,-6.059584961193872,-6.170460587166996,-6.0498330919639445,-16.114922926962695,-22.51012516145703
38.49051606876749,41.14164683887535,41.00023194330029,38.439135803401705,42.833329357703654,42.10988365597076,39.82946519234864,39.02322769605752,40.165957483120394,84.63135188449291,67.76055646006571,65.0097345616027,67.43054531113204,66.67647373156241,68.77431862074486,66.35653973984262,62.95252095793063,65.6451903893438,44.095249663958434,44.0474276275491,44.10789465519359,44.78143395790103,43.523532733685094,43.43535402411516,43.84968551061771,40.13036405166799,38.737482022446756,794.822483017823,794.822483017823,794.822483017823,794.822483017823,794.822483017823,794.822483017823,794.822483017823,794.822483017823,794.822483017823,-0.0,-0.0,-0.0,794.822483017823,794.822483017823,794.822483017823,794.822483017823,794.822483017823,-0.0,-5.7765373994427485,-5.439172029244259,-3.904042318898194,-4.558942907379129,-4.654953709141763,-5.0032679346366224,-4.556121835182478,-4.407004421546195,-0.40235278852103296,-5.7765373994427485,-3.904042318898194,-5.439172029244259,-4.558942907379129,-4.654953709141763,-5.0032679346366224,-4.556121835182478,-4.407004421546195,-0.40235278852103296,2.3945119713925775,2.39279737295113,2.3933625131131566,2.3081434008098225,2.4644481089471006,2.394123299488157,2.5152263719965045,2.528478224001793,2.5240622009332507,1.6999144354552727,2.7034870815296315,3.5770968864152106,3.7256842084164905,2.3498750213492485,2.1066572127235776,3.0216791838592,4.0879530658502645,6.6070560206235545,-5.331970161714366,-5.261152660602551,-5.198055823949013,-4.970957418345564,-6.059750451628364,-6.170766461294038,-6.050690774814883,-16.119948622004724,-22.530304415030823
38.49091551484272,41.141581162381655,41.0002863833637,38.43945687750701,42.83342605734052,42.10995204533583,39.829658996269984,39.023164393415406,40.16574935008973,84.6311043573472,67.7611640404736,65.01068079721104,67.43115482446031,66.67717993741431,68.77587355919002,66.35803218537697,62.95368668663716,65.64555633518694,44.09525396271864,44.047428137430025,44.10789624419961,44.78149312073316,43.52367668349137,43.435404853876456,43.849713241009376,40.13108615327284,38.737145056814896,794.805817354806,794.805817354806,794.805817354806,794.805817354806,794.805817354806,794.805817354806,794.805817354806,794.805817354806,794.805817354806,-0.0,-0.0,-0.0,794.805817354806,794.805817354806,794.805817354806,794.805817354806,794.805817354806,-0.0,-5.794967913633047,-5.444063344832745,-3.9050198725251817,-4.471154628698154,-4.636496839617951,-4.992480021537309,-4.558348005565137,-4.399976082833907,-0.4256702277438073,-5.794967913633047,-3.9050198725251817,-5.444063344832745,-4.471154628698154,-4.636496839617951,-4.992480021537309,-4.558348005565137,-4.399976082833907,-0.4256702277438073,2.371934540436953,2.3679345350503755,2.3701480090750966,2.2892230348359033,2.444296432393709,2.3733859131703907,2.491883130803573,2.5037896631791763,2.4998067555068824,1.6969350069231184,2.7085212721366614,3.5812821879266252,3.7234047305417497,2.3462404663395717,2.102166458340038,3.0195491041723597,4.079944782146812,6.588394172308526,-5.331937997374619,-5.26112883812221,-5.197403793368092,-4.970958443638865,-6.059748456179997,-6.170758652529861,-6.050710534895245,-16.120557547094815,-22.54474840454329
38.49635183228829,41.14300342628034,41.0008020149887,38.446101477943415,42.833929492506314,42.109598086485235,39.83793624599497,39.026342883328006,40.16421130042176,84.6296789899925,67.77212023270528,65.02204066026195,67.47896599554471,66.697384473519,68.82924326491444,66.37587121517477,62.971167312619826,65.66251533647912,44.095269719295125,44.04750001457878,44.10793194274166,44.78207717728489,43.525430811949704,43.43648380748155,43.85020398193185,40.14105145227742,38.74530368976469,794.44919201148,794.44919201148,794.44919201148,794.44919201148,794.44919201148,794.44919201148,794.44919201148,794.44919201148,794.44919201148,-0.0,-0.0,-0.0,794.44919201148,794.44919201148,794.44919201148,794.44919201148,794.44919201148,-0.0,-6.348265361674949,-5.915042595816986,-4.0371566859548516,-4.587561284735769,-4.96432854179691,-5.221954216918711,-4.84196347336039,-4.538033486502738,-0.8000058844628767,-6.348265361674949,-4.0371566859548516,-5.915042595816986,-4.587561284735769,-4.96432854179691,-5.221954216918711,-4.84196347336039,-4.538033486502738,-0.8000058844628767,2.3262154529112116,2.3212347373118067,2.324261544865468,2.247533959323563,2.3964590363823683,2.3287908570566356,2.4413712159534504,2.4517341445562333,2.447907363286292,1.6940121656674758,2.7150339379219472,3.5891002691845757,3.740024835757751,2.345279635470439,2.099608204205872,3.016109130707163,4.077896360518893,6.585728033632299,-5.331092295428424,-5.2591245011105086,-5.193425855328656,-4.970909424407936,-6.059581019320683,-6.1704917346234165,-6.04991551386946,-16.11906767339833,-22.507475130154884
38.49250601963853,41.14175620307251,41.00047634151275,38.43939225482786,42.83362865264142,42.11002445734188,39.82894927708696,39.02368777144288,40.16580648307483,84.63359446566906,67.76206558684686,65.01363490082714,67.42946870776773,66.67770804136927,68.77831245505064,66.35862805381436,62.95455528376918,65.64162296660835,44.09526474524114,44.047415322042276,44.107892991276756,44.78156228694522,43.52383428302385,43.43525911422643,43.84972038861194,40.131966868578154,38.7342525200113,794.7984459646134,794.7984459646134,794.7984459646134,794.7984459646134,794.7984459646134,794.7984459646134,794.7984459646134,794.7984459646134,794.7984459646134,-0.0,-0.0,-0.0,794.7984459646134,794.7984459646134,794.7984459646134,794.7984459646134,794.7984459646134,-0.0,-5.753011853605082,-5.418269497769137,-3.840125740307174,-4.43181436409478,-4.5794656663054365,-4.9390399595457115,-4.499355776944946,-4.34482250325031,-0.39534971822215953,-5.753011853605082,-3.840125740307174,-5.418269497769137,-4.43181436409478,-4.5794656663054365,-4.9390399595457115,-4.499355776944946,-4.34482250325031,-0.39534971822215953,2.4018442013340273,2.3958173374182,2.3998364653258344,2.32217348396416,2.477502395667527,2.40665805073088,2.521744119366399,2.5325520100238896,2.529071073944741,1.6880469256996828,2.7202492248621435,3.59081242114636,3.723504367142298,2.337126400930826,2.094051754686438,3.019819319366719,4.076634618360025,6.581659115523953,-5.331832121781857,-5.2612079800026175,-5.196932572557495,-4.970960173856927,-6.059745848090155,-6.170767193204492,-6.050887660946212,-16.121901786931783,-22.57188679263032
38.4953828279754,41.14302270533941,41.00092411447097,38.44117835010995,42.8338984710754,42.110305672354855,39.83173488785652,39.02529783947762,40.166228443209974,84.63768606468614,67.76738321336103,65.01656624170452,67.4395275776615,66.68188734870907,68.78677190769625,66.3628178410319,62.959422101413764,65.65061537083085,44.09527809398313,44.04744223544309,44.10791397530022,44.78179915748214,43.524357758204374,43.4355208000727,43.8498695329775,40.135295748022486,38.739308151913896,794.894177020016,794.894177020016,794.894177020016,794.894177020016,794.894177020016,794.894177020016,794.894177020016,794.894177020016,794.894177020016,-0.0,-0.0,-0.0,794.894177020016,794.894177020016,794.894177020016,794.894177020016,794.894177020016,-0.0,-5.611889753763493,-5.336622211590479,-3.7414569810875187,-4.351367505078585,-4.483519031052077,-4.834760235406907,-4.400978555504144,-4.250156880477171,-0.3094558619125965,-5.611889753763493,-3.7414569810875187,-5.336622211590479,-4.351367505078585,-4.483519031052077,-4.834760235406907,-4.400978555504144,-4.250156880477171,-0.3094558619125965,2.484909398849235,2.477663521457969,2.483364205295397,2.4026676300876293,2.5636399612111918,2.49036768810461,2.607383380203783,2.61753179232362,2.6137898187180206,1.7055358141122277,2.7412730011257165,3.6184524952995942,3.751414579952228,2.3691128600934896,2.1239022183969802,3.0352710653045585,4.1144130977461115,6.611490344916053,-5.331767976683022,-5.260992069630828,-5.196512073685313,-4.970956480535792,-6.059770871187436,-6.170674019217087,-6.050749610597281,-16.12022202445137,-22.507614849529023
38.49999611142916,41.14442735116386,41.001495017952834,38.44751241083718,42.83440349363578,42.110131961204935,39.839272817617285,39.028741100363035,40.16478068196249,84.63929887481764,67.77784410511126,65.02721162099787,67.48573109931478,66.70107288874834,68.83551346036663,66.37964544869975,62.97571470907962,65.66540858919562,44.095294324008634,44.047503621820674,44.107947106055974,44.78233521887168,43.52600640094532,43.43646382307774,43.850324740007714,40.14454268628087,38.74614913794804,794.5635719658028,794.5635719658028,794.5635719658028,794.5635719658028,794.5635719658028,794.5635719658028,794.5635719658028,794.5635719658028,794.5635719658028,-0.0,-0.0,-0.0,794.5635719658028,794.5635719658028,794.5635719658028,794.5635719658028,794.5635719658028,-0.0,-6.093703711933141,-5.730770765838294,-3.820848400523811,-4.419542158632541,-4.780725417504185,-5.028426670520257,-4.630534169028654,-4.350941623015342,-0.644532710574943,-6.093703711933141,-3.820848400523811,-5.730770765838294,-4.419542158632541,-4.780725417504185,-5.028426670520257,-4.630534169028654,-4.350941623015342,-0.644532710574943,2.533204840674569,2.525601317511766,2.533278152617994,2.4507890772629097,2.6141464438565256,2.5402677909803586,2.656996923344733,2.6669772118517088,2.6637533022775957,1.7139939038184955,2.7567019936503243,3.6241055060088163,3.7529654139428854,2.371293169519593,2.1241697007959712,3.039708257507503,4.12535606058582,6.640716269684257,-5.3309720090502015,-5.259201228090981,-5.19303665213703,-4.970906329257759,-6.059607325318582,-6.170456301916168,-6.0499914130419095,-16.118467038894135,-22.49691826739849
38.49564786556744,41.14307781210466,41.00118306536281,38.44061492649095,42.83408859910822,42.11063530080939,39.83027027761532,39.02612631924936,40.166783462451505,84.64351324233812,67.76836785954711,65.0185008500721,67.43323109514455,66.68041967914341,68.78106332843592,66.36220072005733,62.95898543550056,65.64525295844321,44.095287392311086,44.04742310129323,44.10790880541848,44.78178383400106,43.52436005106234,43.43518929797642,43.84983159101579,40.13524552081351,38.73623015325494,794.9058839211478,794.9058839211478,794.9058839211478,794.9058839211478,794.9058839211478,794.9058839211478,794.9058839211478,794.9058839211478,794.9058839211478,-0.0,-0.0,-0.0,794.9058839211478,794.9058839211478,794.9058839211478,794.9058839211478,794.9058839211478,-0.0,-5.4681240092955985,-5.240262664908525,-3.6282825569478803,-4.243424407405248,-4.385777668342653,-4.734991422204998,-4.276493019408699,-4.141421553871624,-0.1753808456086463,-5.4681240092955985,-3.6282825569478803,-5.240262664908525,-4.243424407405248,-4.385777668342653,-4.734991422204998,-4.276493019408699,-4.141421553871624,-0.1753808456086463,2.6218478275228594,2.611644775315369,2.623221130144246,2.536585042530241,2.7080933502953743,2.6298580367923594,2.7523731158104985,2.7641794571251928,2.760963728094526,1.7162027572415661,2.7666251778283804,3.6325820301518257,3.755589523132773,2.3788394176356906,2.1331120429021553,3.0515633456113487,4.144787713810301,6.652673005426029,-5.331748110586682,-5.26107946040987,-5.197061782236968,-4.970956009664094,-6.059763391567688,-6.170739341767024,-6.051055869571344,-16.121359766521184,-22.54162474304294
38.49426434246975,41.14245493751644,41.00082820776383,38.44007998792084,42.83391900503976,42.110444772467616,39.82999514678668,39.0258442685256,40.167195048732324,84.64109285156282,67.7660868736272,65.01642280994324,67.43080622668211,66.6767065913929,68.77257928855866,66.36092943947014,62.950445643532845,65.63680484665109,44.095281110697854,44.04741543295379,44.10789274790126,44.78170582599635,43.52405942728692,43.43503079245703,43.84974566705794,40.13208240775963,38.73363307813621,794.8576444824516,794.8576444824516,794.8576444824516,794.8576444824516,794.8576444824516,794.8576444824516,794.8576444824516,794.8576444824516,794.8576444824516,-0.0,-0.0,-0.0,794.8576444824516,794.8576444824516,794.8576444824516,794.8576444824516,794.8576444824516,-0.0,-5.504278517878412,-5.27572465017304,-3.689675082491299,-4.257290561089947,-4.414058914935981,-4.7501650610638135,-4.310063719023348,-4.170625836203609,-0.11864177705159326,-5.504278517878412,-3.689675082491299,-5.27572465017304,-4.257290561089947,-4.414058914935981,-4.7501650610638135,-4.310063719023348,-4.170625836203609,-0.11864177705159326,2.5648532157401673,2.5543271436343113,2.5670008693037323,2.4865661598631603,2.65470454962298,2.5782100480256904,2.697940607017368,2.709636321888837,2.706054557114226,1.7209981683254547,2.7809537495031607,3.6406071749499156,3.752223251374863,2.390483296975324,2.142277971626961,3.0626528063884964,4.166672522718664,6.688516217261652,-5.331748052876544,-5.261104239874712,-5.1975404443449875,-4.970952142257913,-6.059757520128148,-6.170682779074714,-6.051281844583575,-16.121915278944595,-22.55927903430001
38.49479535384356,41.14183920025476,40.99989258826906,38.44431127968408,42.83385586363621,42.10939830877626,39.83652408080338,39.02425095016155,40.164615506170385,84.62607998418154,67.76953285712979,65.01876059619433,67.47408867667012,66.68319386368604,68.8096235834691,66.37220685167614,62.956613149605275,65.64938258750325,44.09527178803312,44.0474880447402,44.1078916754586,44.78196790576029,43.52459267662431,43.43588247163911,43.8499337144554,40.13454720791492,38.739553496954,794.3351923281499,794.3351923281499,794.3351923281499,794.3351923281499,794.3351923281499,794.3351923281499,794.3351923281499,794.3351923281499,794.3351923281499,-0.0,-0.0,-0.0,794.3351923281499,794.3351923281499,794.3351923281499,794.3351923281499,794.3351923281499,-0.0,-6.375146084561624,-6.0573539445205,-4.182377627394821,-4.587424118414538,-5.00717149149195,-5.214798278529172,-4.874841073169,-4.578714113646618,-0.643959460539199,-6.375146084561624,-4.182377627394821,-6.0573539445205,-4.587424118414538,-5.00717149149195,-5.214798278529172,-4.874841073169,-4.578714113646618,-0.643959460539199,2.109061260899141,2.1005705274918807,2.1117017710733847,2.0516171290229783,2.181344064891158,2.12532822405625,2.201050083542229,2.2092619894548022,2.2053555604155974,1.7212288725376386,2.7901744386134033,3.6449525990888,3.756238803737883,2.3815518759472276,2.14712869747594,3.0623133166757226,4.192811156474293,6.723858628988881,-5.330956812512042,-5.259240861516513,-5.194522925050599,-4.970896702568772,-6.059589500023104,-6.170462418189466,-6.050599854797576,-16.12113325690493,-22.51896344914527
38.48768329625144,41.13848471053247,40.998034872254834,38.434023891448994,42.83280302277999,42.108823219897886,39.826143923980055,39.018988390566236,40.16456258942683,84.6008947593177,67.75041165456271,64.99598553381192,67.40835951463582,66.65458947848136,68.74544046307052,66.3465391263961,62.92976596600646,65.63175685144421,44.095232879569984,44.047442423236454,44.107850450721024,44.781117058513836,43.52193234799882,43.434916060908805,43.8492674100979,40.11705880873577,38.73156932028998,794.4807431269916,794.4807431269916,794.4807431269916,794.4807431269916,794.4807431269916,794.4807431269916,794.4807431269916,794.4807431269916,794.4807431269916,-0.0,-0.0,-0.0,794.4807431269916,794.4807431269916,794.4807431269916,794.4807431269916,794.4807431269916,-0.0,-6.344040346528451,-6.042695934838662,-4.5920693602930225,-4.894853647956765,-5.128634027127989,-5.379619422596563,-5.100210742355714,-4.887140420737414,-0.5616407515434781,-6.344040346528451,-4.5920693602930225,-6.042695934838662,-4.894853647956765,-5.128634027127989,-5.379619422596563,-5.100210742355714,-4.887140420737414,-0.5616407515434781,1.4286309479201345,1.4250879011411413,1.4300420997936298,1.3854455053254815,1.4622446350940548,1.4361144391226093,1.4644962735811435,1.4675315851084423,1.4663364933370215,1.7174975432375017,2.7908692833827295,3.660036234438893,3.7044218228760877,2.3980907785268086,2.1728268980302743,3.086051589627252,4.254395045352457,6.759895366100268,-5.3317559790560844,-5.260997994379836,-5.198952282178517,-4.970946205775606,-6.059730109878084,-6.170651666103721,-6.052052794730062,-16.12175729507204,-22.51618307649457
38.47906629817537,41.13589115153598,40.996741062776884,38.42958911231088,42.83194195652477,42.10774725862394,39.82211981233753,39.01416952838613,40.16361173396344,84.58136343556507,67.73971452487078,64.9850406295159,67.38097835916207,66.64353882293898,68.7316943925206,66.33591457850967,62.91830418337437,65.62563159166466,44.09519050320068,44.04743829210665,44.107841635563716,44.78049005856876,43.52057253699207,43.43507881704949,43.84896046987733,40.1075179007883,38.72927904686955,794.1380725271958,794.1380725271958,794.1380725271958,794.1380725271958,794.1380725271958,794.1380725271958,794.1380725271958,794.1380725271958,794.1380725271958,-0.0,-0.0,-0.0,794.1380725271958,794.1380725271958,794.1380725271958,794.1380725271958,794.1380725271958,-0.0,-6.791816565832127,-6.378894621012903,-5.253944113516177,-5.640541947920022,-5.471492038220191,-5.829570156061073,-5.499135261428988,-5.227786527112462,-0.8446254163790491,-6.791816565832127,-5.253944113516177,-6.378894621012903,-5.640541947920022,-5.471492038220191,-5.829570156061073,-5.499135261428988,-5.227786527112462,-0.8446254163790491,1.0215528675650116,1.0217176245926578,1.0231963365564785,1.0001555488705158,1.053575945648924,1.0366682400320477,1.0570914145292334,1.0587200988739698,1.058942222290121,1.7172638736650625,2.787348348649147,3.644730135437056,3.596884606183673,2.375063795465849,2.1422012388547444,3.0971112219316117,4.284935593984844,6.795653705545142,-5.332031675438005,-5.2612184794443,-5.200994704533082,-4.970965103869888,-6.059666766637498,-6.170738424545346,-6.052736920144395,-16.121687917592627,-22.507994006969092
38.481281776155974,41.136258438161946,40.99637786811229,38.4337123711426,42.83157255959673,42.106705040830946,39.82822980061322,39.01206285488216,40.161834364284054,84.57794582733541,67.74770173397953,64.98862471569078,67.40413660749894,66.65570747152407,68.76620261604114,66.34619163096025,62.92813093182359,65.64584691777414,44.095169169601576,44.04752125522082,44.10788202128639,44.780514562337565,43.52130031989507,43.43645248529667,43.84921415650723,40.10998334388841,38.73919655350674,793.5929712396631,793.5929712396631,793.5929712396631,793.5929712396631,793.5929712396631,793.5929712396631,793.5929712396631,793.5929712396631,793.5929712396631,-0.0,-0.0,-0.0,793.5929712396631,793.5929712396631,793.5929712396631,793.5929712396631,793.5929712396631,-0.0,-7.487463416476562,-7.25417660815694,-5.986372687894785,-5.937656228888238,-5.945258061161756,-6.238258479637281,-5.990574988927908,-5.521890487182581,-1.293700984815722,-7.487463416476562,-5.986372687894785,-7.25417660815694,-5.937656228888238,-5.945258061161756,-6.238258479637281,-5.990574988927908,-5.521890487182581,-1.293700984815722,0.977001700899488,0.9760242349515487,0.9778752315389467,0.9733737244162809,1.0188480398134139,1.0023950767078098,1.0200424153221053,1.0213200303487782,1.0225661363816574,1.7284869286432554,2.814822305883391,3.6548284786559506,3.5786778250223574,2.3835486261390257,2.137243439278491,3.118108389946562,4.336977093429735,6.864011886416878,-5.331337344353864,-5.259687527417133,-5.199373270529893,-4.9709410670668195,-6.059486318945833,-6.17064197238034,-6.051948139951904,-16.119192333947826,-22.482228936908026
38.47575943886213,41.13404046975027,40.995529789059056,38.42435584882844,42.83102315767187,42.10724620880717,39.818547709608154,39.00957797005008,40.1632957734207,84.57550066409307,67.73534613242381,64.97342305971691,67.35403116538622,66.62604679086414,68.69901593182041,66.32267461048741,62.90330804684453,65.62444539530935,44.095141751915214,44.04745588465324,44.107849357472254,44.77952849984294,43.51912378216912,43.43537681833744,43.848563224629046,40.09659938506845,38.729209579337216,793.9679376969874,793.9679376969874,793.9679376969874,793.9679376969874,793.9679376969874,793.9679376969874,793.9679376969874,793.9679376969874,793.9679376969874,-0.0,-0.0,-0.0,793.9679376969874,793.9679376969874,793.9679376969874,793.9679376969874,793.9679376969874,-0.0,-7.065439654514593,-6.530839608193934,-5.955106615389962,-5.924714941663944,-5.686673351808583,-6.067347704050368,-5.759552467262514,-5.475548796400151,-0.9702445543596654,-7.065439654514593,-5.955106615389962,-6.530839608193934,-5.924714941663944,-5.686673351808583,-6.067347704050368,-5.759552467262514,-5.475548796400151,-0.9702445543596654,0.9291910750949446,0.9291882505590607,0.9306738204073306,0.9297667594169912,0.9711209363221205,0.9542307934562169,0.9687359015648959,0.9695411265182973,0.9713246468783668,1.738563314396297,2.8300594333760154,3.6742220305079365,3.5826160209016034,2.418485956971791,2.1593641727136292,3.1304160842353297,4.381872594622573,6.920121472209619,-5.332094811481705,-5.2610433807432715,-5.203764937587443,-4.970997893881899,-6.059668348660659,-6.170977016281098,-6.054644633057855,-16.12248081964716,-22.523490836394657
38.47601118723097,41.13368095864852,40.99535333896415,38.42324776428094,42.83092807904146,42.10732147144039,39.8176868194953,39.00928083017595,40.16339829812434,84.57836048956413,67.7347815506056,64.97136949136843,67.34995126457363,66.62285542857242,68.69175417241159,66.32027500085549,62.90135329761865,65.62629659810557,44.095134624310866,44.04745136205631,44.10784831112131,44.779318652885955,43.51887123662936,43.4353826606503,43.848483478655204,40.09444039190421,38.73031521781874,794.0208018481559,794.0208018481559,794.0208018481559,794.0208018481559,794.0208018481559,794.0208018481559,794.0208018481559,794.0208018481559,794.0208018481559,-0.0,-0.0,-0.0,794.0208018481559,794.0208018481559,794.0208018481559,794.0208018481559,794.0208018481559,-0.0,-7.021379688324213,-6.479432190768268,-5.989741631828396,-5.851008012115262,-5.665669643197838,-6.036196876046876,-5.750187879448505,-5.462452033745247,-0.9423069062175453,-7.021379688324213,-5.989741631828396,-6.479432190768268,-5.851008012115262,-5.665669643197838,-6.036196876046876,-5.750187879448505,-5.462452033745247,-0.9423069062175453,0.985225530435471,0.9861627685742926,0.986817737697093,0.989976024729447,1.0332167997603965,1.014937829056026,1.0295595203239973,1.0306561652878348,1.0327360846879436,1.7564566914656843,2.8631622471480362,3.70876721209962,3.605512556623437,2.4473876431367345,2.188054481363061,3.1581473414848773,4.446616648102751,6.996372846506138,-5.332038010099418,-5.2610325073955915,-5.204375480640675,-4.97100210981668,-6.0596749495873805,-6.171038708209434,-6.054717475125926,-16.12236456144687,-22.532436606744206
38.4831909797372,41.13607600055126,40.99591067644227,38.429898136176384,42.831351768762836,42.1068542589299,39.828549627766314,39.011629881966215,40.16255463062178,84.58467602190858,67.74967826353787,64.98437351299857,67.39464250017653,66.64973788455725,68.75078948430524,66.3416669637631,62.92507680265452,65.65383391397565,44.09514558796888,44.047545733522945,44.10789267167817,44.77998065156193,43.520694837984664,43.43684336286479,43.84905579845877,40.10455570361016,38.745980350738236,793.7540648811005,793.7540648811005,793.7540648811005,793.7540648811005,793.7540648811005,793.7540648811005,793.7540648811005,793.7540648811005,793.7540648811005,-0.0,-0.0,-0.0,793.7540648811005,793.7540648811005,793.7540648811005,793.7540648811005,793.7540648811005,-0.0,-7.3623668459922715,-7.095298754749722,-6.243538173177855,-5.806458933629062,-5.84389088375805,-6.130385203264453,-5.939019856651738,-5.4441909801522845,-1.1515283738485707,-7.3623668459922715,-6.243538173177855,-7.095298754749722,-5.806458933629062,-5.84389088375805,-6.130385203264453,-5.939019856651738,-5.4441909801522845,-1.1515283738485707,1.125055771776827,1.1263315351243932,1.1261173950551893,1.1367022540452503,1.186884011103858,1.1652475354017147,1.1822023595182691,1.1833397494459126,1.1850404788408093,1.7999612068389954,2.9158859420254717,3.754053666159999,3.6395598699689606,2.4998288637231174,2.236593769653685,3.2010551144314983,4.569360959146461,7.105305231771456,-5.331202204066568,-5.259311736896115,-5.200930813672578,-4.970957680474234,-6.059524038809368,-6.17070922539699,-6.052126692238576,-16.11172402103664,-22.447136570135978
38.4773358338762,41.13450064053141,40.99552173047188,38.4253756444441,42.83105944701213,42.107714912519306,39.81977397814388,39.011166069653726,40.16447324914265,84.59386172522224,67.73754374238584,64.97394911964648,67.35380323926768,66.62549709322255,68.69559020665014,66.32266785125927,62.90561697649256,65.6321465866065,44.09513103349565,44.047459021163206,44.10784983571626,44.779332560471055,43.51877973265643,43.435587013283296,43.84852107744636,40.09373399088084,38.734878566217596,794.2363386010946,794.2363386010946,794.2363386010946,794.2363386010946,794.2363386010946,794.2363386010946,794.2363386010946,794.2363386010946,794.2363386010946,-0.0,-0.0,-0.0,794.2363386010946,794.2363386010946,794.2363386010946,794.2363386010946,794.2363386010946,-0.0,-6.801554698459445,-6.238953899801602,-5.679930087622377,-5.604566362091033,-5.451625016918,-5.807855409569951,-5.536676986060096,-5.242797437925426,-0.755715121719622,-6.801554698459445,-5.679930087622377,-6.238953899801602,-5.604566362091033,-5.451625016918,-5.807855409569951,-5.536676986060096,-5.242797437925426,-0.755715121719622,1.3183751159092048,1.3200503440198017,1.319130455167082,1.3398400474615881,1.3994606835526644,1.373488124841752,1.3933329083856034,1.3952746201389472,1.396652252310819,1.8314460742136565,2.9503297764557113,3.7889234654418105,3.6580580020845543,2.5498505095852377,2.2861837217911054,3.2422837466626455,4.634148803918883,7.2009866977144075,-5.3319999202275365,-5.261032941995869,-5.204822108567999,-4.971003999308584,-6.05970577118531,-6.171019526284084,-6.05433260471558,-16.12049217992442,-22.53849841058545
38.47744442014537,41.13475288298646,40.99576472181966,38.425887126052295,42.83111112996336,42.10796248445731,39.82051476168398,39.01184694668063,40.16486296292794,84.59956908685591,67.73806349696555,64.97420613011674,67.35316615398607,66.62561517641454,68.69412282360344,66.32383280452643,62.90618141046785,65.63251536220848,44.09513367720933,44.04745772216147,44.10785384336336,44.779330429592406,43.518785121956064,43.43555407504978,43.848562497083584,40.09458541508332,38.73481249430601,794.2829840486031,794.2829840486031,794.2829840486031,794.2829840486031,794.2829840486031,794.2829840486031,794.2829840486031,794.2829840486031,794.2829840486031,-0.0,-0.0,-0.0,794.2829840486031,794.2829840486031,794.2829840486031,794.2829840486031,794.2829840486031,-0.0,-6.689823454902829,-6.102469163878684,-5.43487419264434,-5.488620613739555,-5.352365286184588,-5.710432606075847,-5.404817272904715,-5.14536654680913,-0.6551687255494392,-6.689823454902829,-5.43487419264434,-6.102469163878684,-5.488620613739555,-5.352365286184588,-5.710432606075847,-5.404817272904715,-5.14536654680913,-0.6551687255494392,1.4247040747009319,1.426475885865022,1.425458853249296,1.4512044299003457,1.5171533570627833,1.4884795316809367,1.5141587889491217,1.5172031404132622,1.518990258001466,1.869234127117513,2.9971820924083534,3.8314337859054715,3.673108235422987,2.601314662075511,2.3334643452856914,3.294783441597248,4.729392959129338,7.31697548607977,-5.331986670419278,-5.261039581347875,-5.2047942343757585,-4.971004869298503,-6.059717783286407,-6.1710552464492645,-6.054454233616669,-16.121095893783632,-22.509511550300996
38.482640065589685,41.136462996617425,40.996425531253976,38.43075692540233,42.831535385371595,42.107549027343424,39.829282605111395,39.0132992224414,40.16352372685501,84.60067862075401,67.74922674719552,64.98509349076218,67.3915084162989,66.64843297702005,68.74492294200103,66.34265750834464,62.92589765136875,65.65006098534263,44.09514886741423,44.04752951551171,44.10789425763666,44.77986680050753,43.52045836115386,43.43659425931307,43.84908925443856,40.10495839420273,38.74340292035887,793.8870815162978,793.8870815162978,793.8870815162978,793.8870815162978,793.8870815162978,793.8870815162978,793.8870815162978,793.8870815162978,793.8870815162978,-0.0,-0.0,-0.0,793.8870815162978,793.8870815162978,793.8870815162978,793.8870815162978,793.8870815162978,-0.0,-7.056635514300834,-6.635563373126126,-5.507840670314055,-5.463163955430693,-5.546760491270541,-5.844903082792461,-5.559362646869425,-5.206169967866364,-0.9065530534222267,-7.056635514300834,-5.507840670314055,-6.635563373126126,-5.463163955430693,-5.546760491270541,-5.844903082792461,-5.559362646869425,-5.206169967866364,-0.9065530534222267,1.4176251475909132,1.4190800471670875,1.4183061959218886,1.4420682795000699,1.5104667116092851,1.4803875505399613,1.513884152015461,1.5172399631650675,1.519064731284558,1.912136210087944,3.055608032876143,3.873125691494133,3.687683471952968,2.650994684375121,2.3785150638621304,3.3492921191099,4.835879106749609,7.453118093505313,-5.3311892897850885,-5.259427176561088,-5.2011100307398745,-4.970962105815518,-6.0595584834429985,-6.170851775574606,-6.052604770411708,-16.118926044304214,-22.43444690239943
38.4780357113022,41.13532465361208,40.99643002953156,38.426083580169944,42.8314196597205,42.1080861429324,39.82148831216296,39.01247766889121,40.16498161113905,84.60160385157869,67.73820216927409,64.97646118155801,67.35366597743699,66.62871462778755,68.69780556520442,66.32537023052802,62.90767854165272,65.62786821461145,44.09514733340204,44.04745942572082,44.10787461199392,44.77933560159532,43.51887746989018,43.43534274266317,43.8486743520406,40.09776730547645,38.73214998332651,794.2167906161596,794.2167906161596,794.2167906161596,794.2167906161596,794.2167906161596,794.2167906161596,794.2167906161596,794.2167906161596,794.2167906161596,-0.0,-0.0,-0.0,794.2167906161596,794.2167906161596,794.2167906161596,794.2167906161596,794.2167906161596,-0.0,-6.5558385010036675,-5.959172084543901,-5.014124939296195,-5.32295721871161,-5.203829065723411,-5.580549903006959,-5.191211665355979,-5.047853606993371,-0.5432587958403767,-6.5558385010036675,-5.014124939296195,-5.959172084543901,-5.32295721871161,-5.203829065723411,-5.580549903006959,-5.191211665355979,-5.047853606993371,-0.5432587958403767,1.3697234945040604,1.3711237706307227,1.370614731782075,1.3883343537996868,1.456127989217943,1.427538745171624,1.4711921237993555,1.4760169946479604,1.4770851994929795,1.956060681609622,3.1094291384108956,3.916692551599724,3.6852880325170854,2.716266943030415,2.4336274770750728,3.4017326713991247,4.937797447320686,7.591431501012868,-5.3319138777851,-5.261044086709695,-5.203898767604833,-4.97100337299149,-6.059728331048393,-6.171145718983084,-6.055037645530366,-16.122696477421965,-22.4577179807424
38.4817736590219,41.137117483867094,40.997286278935945,38.42947528517515,42.8319546118469,42.108056889982606,39.82562211799101,39.01399757147622,40.16532155070732,84.60219672778324,67.74407806711038,64.98263744003755,67.36721338808765,66.64018461415239,68.71846705193359,66.33271249889174,62.91535869176961,65.63383893432646,44.09516588668055,44.04749998278834,44.10791316170002,44.77974277240036,43.519628964872226,43.435676036577306,43.8489002314164,40.104384026442055,38.736495623164586,794.2244027455837,794.2244027455837,794.2244027455837,794.2244027455837,794.2244027455837,794.2244027455837,794.2244027455837,794.2244027455837,794.2244027455837,-0.0,-0.0,-0.0,794.2244027455837,794.2244027455837,794.2244027455837,794.2244027455837,794.2244027455837,-0.0,-6.409896941549797,-5.851460760279695,-4.718760578115577,-5.181347233693624,-5.015605651715325,-5.425392794277558,-5.059961567803106,-4.893813912400961,-0.4290898978904327,-6.409896941549797,-4.718760578115577,-5.851460760279695,-5.181347233693624,-5.015605651715325,-5.425392794277558,-5.059961567803106,-4.893813912400961,-0.4290898978904327,1.3402548197733695,1.3407646440118153,1.3418426381764736,1.3516617493626264,1.4234070951490028,1.393802972556741,1.44486215020693,1.4498250859390405,1.4504178843901943,2.031063428590177,3.195595693044496,3.99405585661056,3.7092685875283338,2.8510071954358334,2.5334809312672353,3.4662267734403227,5.105634005997981,7.795598780219173,-5.331767724303564,-5.260819457753198,-5.202389999410701,-4.970989807997644,-6.059756750489445,-6.171022974773047,-6.05415168420932,-16.12014645427945,-22.383887239244196
38.48850085529453,41.14026661958823,40.998911406433656,38.43868420195846,42.83274069767318,42.10793329227694,39.835469516448406,39.01713384615658,40.16413244293876,84.61003358238631,67.75803240585844,64.99922620711237,67.4161936651667,66.66957582223831,68.78403717842619,66.35614341677505,62.94070739881317,65.65319829883042,44.09520300285474,44.047573797037415,44.10798596025894,44.780592618806395,43.52201348551645,43.43677138668458,43.84951502376826,40.11997342512154,38.74574054960734,793.899949228839,793.899949228839,793.899949228839,793.899949228839,793.899949228839,793.899949228839,793.899949228839,793.899949228839,793.899949228839,-0.0,-0.0,-0.0,793.899949228839,793.899949228839,793.899949228839,793.899949228839,793.899949228839,-0.0,-6.544499538703437,-6.080613480970547,-4.382160206483586,-4.9322354325787545,-5.0134784924017035,-5.3332295287120655,-5.027254934196221,-4.790257729316486,-0.5678506307617255,-6.544499538703437,-4.382160206483586,-6.080613480970547,-4.9322354325787545,-5.0134784924017035,-5.3332295287120655,-5.027254934196221,-4.790257729316486,-0.5678506307617255,1.4637253265207382,1.4640254571922509,1.4677008221076797,1.4724066134723377,1.5613417948210504,1.5260247017876862,1.586988077853753,1.5919011632045876,1.5924762901170235,2.1256564374684395,3.3058864448377414,4.0937806049660885,3.7549280976833646,2.9848434334654526,2.6920910143783567,3.533840974338093,5.259928191569367,8.037393421897047,-5.330943110145557,-5.25926320843002,-5.197940519235913,-4.970931503909776,-6.059617174501028,-6.170724882736235,-6.0515198648781965,-16.116904259265382,-22.3663901545266
38.48645941076288,41.141692886992665,41.00056793205499,38.43569216171057,42.833148376584425,42.10972547436017,39.830036106280524,39.01995054542658,40.16674752142596,84.63770511373893,67.75301774711754,65.00009944051129,67.39430954066674,66.65878143459408,68.74998133384912,66.34797563618972,62.94535157107932,65.65007340164317,44.09522727301436,44.047501117868435,44.10800057213287,44.78039754555413,43.52169742935947,43.43591506950721,43.84934806188448,40.12189671557686,38.74256098564,794.4916826575142,794.4916826575142,794.4916826575142,794.4916826575142,794.4916826575142,794.4916826575142,794.4916826575142,794.4916826575142,794.4916826575142,-0.0,-0.0,-0.0,794.4916826575142,794.4916826575142,794.4916826575142,794.4916826575142,794.4916826575142,-0.0,-5.745260098128195,-5.125926266291714,-3.7514226636607,-4.350763196394431,-4.372523712164884,-4.716053335956311,-4.3136959307310505,-4.2547273641784065,0.0823868705391781,-5.745260098128195,-3.7514226636607,-5.125926266291714,-4.350763196394431,-4.372523712164884,-4.716053335956311,-4.3136959307310505,-4.2547273641784065,-0.0,2.020217801082728,2.021690634348081,2.029145900344415,2.0408419064791903,2.184524140120742,2.1263506762961146,2.2143169322245484,2.2191346569460686,2.220939915026329,2.283080293077027,3.459588387900196,4.238563299094534,3.88170005966366,3.1779416673390606,2.946747255507938,3.646074684433334,5.509202002190505,8.32614288368267,-5.331740426848062,-5.260903332332648,-5.20021330708,-4.970956034494733,-6.059787687169798,-6.170866921312053,-6.052099422199561,-16.12166684705283,-22.390136458139025
38.49648207148851,41.14759396694589,41.00593639855753,38.457701020009154,42.83479833165864,42.113780592257704,39.84062859156172,39.03826846983577,40.176010366460126,84.7368940316554,67.77610866006908,65.02720447797407,67.43635688656181,66.6933738628824,68.79156331835306,66.37860539144332,62.99002809039815,65.67639432703325,44.09525183175004,44.047481333344194,44.108023657642526,44.781261420259064,43.52309489277116,43.43653712132502,43.84964901327707,40.1360815956225,38.75457986601434,795.9481832075156,795.9481832075156,795.9481832075156,795.9481832075156,795.9481832075156,795.9481832075156,795.9481832075156,795.9481832075156,795.9481832075156,-0.0,-0.0,-0.0,795.9481832075156,795.9481832075156,795.9481832075156,795.9481832075156,795.9481832075156,-0.0,-4.038017351741975,-3.1159351793451058,-1.683531340398811,-2.2256830991280383,-2.235049495880846,-2.6571984001305182,-2.0467825779125204,-2.0433581379045704,1.9163060172972473,-4.038017351741975,-1.683531340398811,-3.1159351793451058,-2.2256830991280383,-2.235049495880846,-2.6571984001305182,-2.0467825779125204,-2.0433581379045704,-0.0,6.149059561785342,6.163498836283511,6.205791216881325,6.261227936009685,6.812065544019795,6.56045413769737,6.950622998199631,6.999523605341868,7.001334673860448,2.655439200660721,3.8478047086775944,4.593270859972001,4.215918223704684,3.6328866189582403,3.4742053907456425,3.909565845731332,5.965065422647693,8.825569020445176,-5.331790879432356,-5.261107768893062,-5.199284367384386,-4.970941280060774,-6.059792395094576,-6.17074893437327,-6.051426752112557,-16.1225391110863,-22.47366373604088
38.50490511732173,41.15133125549325,41.00783668449098,38.46813158409166,42.83625568801405,42.115290813210216,39.8516166637018,39.04839159299915,40.17768559887521,84.78202232874355,67.79642802327348,65.05250173391127,67.49669025322817,66.72660177693307,68.85703874824742,66.40682993263192,63.02002699377301,65.70432240638267,44.095287303861745,44.04750463913685,44.10802566171076,44.78208749149337,43.52574985342183,43.43743181579156,43.85031200681811,40.15323452907072,38.76884003555345,795.905940085006,795.905940085006,795.905940085006,795.905940085006,795.905940085006,795.905940085006,795.905940085006,795.905940085006,795.905940085006,-0.0,-0.0,-0.0,795.905940085006,795.905940085006,795.905940085006,795.905940085006,795.905940085006,-0.0,-3.6179698822873614,-2.5733044246764885,-0.9815722449609393,-1.5399678670823946,-1.7322800267336202,-2.0777277617399323,-1.4100269597815969,-1.4608462107037932,2.3789606089808313,-3.6179698822873614,-0.9815722449609393,-2.5733044246764885,-1.5399678670823946,-1.7322800267336202,-2.0777277617399323,-1.4100269597815969,-1.4608462107037932,-0.0,7.212511686477696,7.226953114151356,7.2500393235001255,7.137986933720961,7.755949201959657,7.472447456792143,7.905486831981734,7.964715309617706,7.964723888156654,3.038637065594296,4.190511515177402,4.896189232051522,4.321754777371426,3.993637326057474,3.8420772225414432,4.13790457698874,6.440434460504906,9.415204610360032,-5.331010121312548,-5.259661226421619,-5.194812432754674,-4.970896221755036,-6.059647645920378,-6.170576692269419,-6.0502861390543625,-16.122259180798146,-22.330489130500634
38.50543402574531,41.150451896518625,41.00753650858902,38.45857526746955,42.83635471181787,42.11588816667062,39.845127040024465,39.045940796109925,40.178333877794515,84.77578369670577,67.79156556608075,65.04463664713192,67.45282089749145,66.7087271744316,68.81420206326987,66.39213589038786,63.00678884348587,65.69535881258983,44.09530159777321,44.0474560905869,44.10801311336672,44.78164486870451,43.52493406065527,43.436519190986544,43.85006528280715,40.1511118230524,38.76644098434364,795.8031455141478,795.8031455141478,795.8031455141478,795.8031455141478,795.8031455141478,795.8031455141478,795.8031455141478,795.8031455141478,795.8031455141478,-0.0,-0.0,-0.0,795.8031455141478,795.8031455141478,795.8031455141478,795.8031455141478,795.8031455141478,-0.0,-3.115896199211721,-2.5442683929955128,-1.1693427749856957,-1.6871842923139266,-1.756250994174031,-2.112115462785239,-1.4884347607584492,-1.7138503229664201,2.5796474222684207,-3.115896199211721,-1.1693427749856957,-2.5442683929955128,-1.6871842923139266,-1.756250994174031,-2.112115462785239,-1.4884347607584492,-1.7138503229664201,-0.0,6.259678389940757,6.257789262544828,6.274824977992827,6.068391665090096,6.569217973922471,6.340545324561104,6.6839973909960655,6.727600839040939,6.726552063880076,3.2412581172311032,4.479137965802208,5.169408137273724,4.383613571004129,4.2318069963866565,4.06542376418547,4.359811154330987,7.024469498209379,10.158500497350479,-5.331609646203898,-5.2610497483913985,-5.197154242461694,-4.970950093478527,-6.059833185171638,-6.17074756443031,-6.051133357733286,-16.122896554495323,-22.323872033061015
38.505352191014644,41.14980665596252,41.00734181461362,38.453892791448595,42.83649786828272,42.1156980052573,39.84333005991836,39.04447402675435,40.17758100298477,84.75869539981242,67.78760502282955,65.04132123146229,67.44772656351978,66.70555163455829,68.81261118812562,66.38782099089505,62.99926946401297,65.68975721105247,44.0953109431603,44.047450266793625,44.10802635366453,44.781459433917824,43.52507376636509,43.43644530046558,43.85003939772223,40.152665932251566,38.766910312450484,795.1443408267914,795.1443408267914,795.1443408267914,795.1443408267914,795.1443408267914,795.1443408267914,795.1443408267914,795.1443408267914,795.1443408267914,-0.0,-0.0,-0.0,795.1443408267914,795.1443408267914,795.1443408267914,795.1443408267914,795.1443408267914,-0.0,-3.2869246431255945,-2.8039792696138144,-1.673200571799428,-2.0166412891820436,-2.110795007765441,-2.419655335534963,-1.8924950589032883,-2.2071181134738334,2.5406070161474363,-3.2869246431255945,-1.673200571799428,-2.8039792696138144,-2.0166412891820436,-2.110795007765441,-2.419655335534963,-1.8924950589032883,-2.2071181134738334,-0.0,5.018378800766805,5.0081065012609685,5.0232042091189415,4.816784178542566,5.195755810478652,5.022191051468743,5.27442335061248,5.300497274597944,5.302322250862316,3.510902876799376,4.91410571625085,5.533342135211683,4.4719240736077515,4.5087753541228235,4.3219442359595,4.6873248476195135,7.839295432018584,11.27162588680869,-5.331582997112169,-5.261107460929198,-5.1965115406135745,-4.9709525345803955,-6.059831644894178,-6.170779793367111,-6.051223504437371,-16.12438803246546,-22.26923731292682
38.5113294912816,41.15230520205651,41.0088937508607,38.458967821419044,42.83738932313303,42.11601990600406,39.85201992916183,39.05129802790454,40.17830620154748,84.75947978033686,67.79927876277232,65.05315209514292,67.4946490538161,66.724965191877,68.86228119641991,66.40435973842752,63.01797162946564,65.70789447766472,44.0953311304418,44.047521320901495,44.108079515212204,44.781825715944535,43.5269211004139,43.43750424343784,43.850522577459515,40.16749062781711,38.78191976470116,794.2000138010336,794.2000138010336,794.2000138010336,794.2000138010336,794.2000138010336,794.2000138010336,794.2000138010336,794.2000138010336,794.2000138010336,-0.0,-0.0,-0.0,794.2000138010336,794.2000138010336,794.2000138010336,794.2000138010336,794.2000138010336,-0.0,-3.218967707614268,-2.7684285818785446,-1.9185237473664092,-2.1474631253078664,-2.1157003054835326,-2.367891333398563,-2.0957087824912572,-2.2820502616144895,3.2478584978028042,-3.218967707614268,-1.9185237473664092,-2.7684285818785446,-2.1474631253078664,-2.1157003054835326,-2.367891333398563,-2.0957087824912572,-2.2820502616144895,-0.0,4.494207563991844,4.481324449401392,4.496297604634669,4.300183871102604,4.626324119075362,4.478389330695153,4.694833621724054,4.7172021680589715,4.71835267223565,4.157255533325647,5.909882017327706,6.3475253726484455,4.7032287249302955,5.189833677400232,4.982354532736358,5.617730575270017,9.821745441134881,13.633041732642331,-5.330747002367303,-5.258952029105893,-5.192217813021698,-4.9709033101732025,-6.05966888288401,-6.170564059298947,-6.050330488387434,-16.1240640493046,-22.142230939652315
