commodity,commodity_subtype,zone,resource_id,component_id,type,capacity,new_capacity,retired_capacity,retrofitted_capacity
Ethane,capacity,ethane_CA,CA_ESC,CA_ESC_ethane_consumption_edge,SteamCracker,0.19754035576778495,0.19754035576778495,0.0,0.0
Ethane,capacity,ethane_SW,SW_ESC,SW_ESC_ethane_consumption_edge,SteamCracker,0.19400059082475873,0.19400059082475873,0.0,0.0
Ethane,capacity,ethane_NW,NW_ESC,NW_ESC_ethane_consumption_edge,SteamCracker,0.19664885917807912,0.19664885917807912,0.0,0.0
Ethane,capacity,ethane_TX,TX_ESC,TX_ESC_ethane_consumption_edge,SteamCracker,0.17855720321524254,0.17855720321524254,0.0,0.0
Ethane,capacity,ethane_NCEN,NCEN_ESC,NCEN_ESC_ethane_consumption_edge,SteamCracker,0.19113030716104543,0.19113030716104543,0.0,0.0
Ethane,capacity,ethane_CEN,CEN_ESC,CEN_ESC_ethane_consumption_edge,SteamCracker,0.18125223145628,0.18125223145628,0.0,0.0
Ethane,capacity,ethane_SE,SE_ESC,SE_ESC_ethane_consumption_edge,SteamCracker,0.18125223145609423,0.18125223145609423,0.0,0.0
Ethane,capacity,ethane_MIDAT,MIDAT_ESC,MIDAT_ESC_ethane_consumption_edge,SteamCracker,0.19081654451953936,0.19081654451953936,0.0,0.0
Ethane,capacity,ethane_NE,NE_ESC,NE_ESC_ethane_consumption_edge,SteamCracker,0.21596442858415826,0.21596442858415826,0.0,0.0
Ethane,capacity,ethane_CA,CA_TSC+CC90,CA_TSC+CC90_ethane_consumption_edge,SteamCracker,1.2615867697536176,1.2615867697536176,0.0,0.0
Ethane,capacity,ethane_CA,CA_TSC:H2,CA_TSC:H2_ethane_consumption_edge,SteamCracker,0.7819349060855577,0.7819349060855577,0.0,0.0
Ethane,capacity,ethane_CA,CA_TSC+CC90:H2,CA_TSC+CC90:H2_ethane_consumption_edge,SteamCracker,67.25664787653774,67.25664787653774,0.0,0.0
Ethane,capacity,ethane_CA,CA_TSC+H2in,CA_TSC+H2in_ethane_consumption_edge,SteamCracker,0.8176297170659098,0.8176297170659098,0.0,0.0
Ethane,capacity,ethane_CA,CA_TSC+H2in:CH4,CA_TSC+H2in:CH4_ethane_consumption_edge,SteamCracker,563.2406225276732,563.2406225276732,0.0,0.0
Ethane,capacity,ethane_SW,SW_TSC+CC90,SW_TSC+CC90_ethane_consumption_edge,SteamCracker,1.1517594576378067,1.1517594576378067,0.0,0.0
Ethane,capacity,ethane_SW,SW_TSC:H2,SW_TSC:H2_ethane_consumption_edge,SteamCracker,0.7932122775406506,0.7932122775406506,0.0,0.0
Ethane,capacity,ethane_SW,SW_TSC+CC90:H2,SW_TSC+CC90:H2_ethane_consumption_edge,SteamCracker,124.71881912987699,124.71881912987699,0.0,0.0
Ethane,capacity,ethane_SW,SW_TSC+H2in,SW_TSC+H2in_ethane_consumption_edge,SteamCracker,0.8092140956574861,0.8092140956574861,0.0,0.0
Ethane,capacity,ethane_SW,SW_TSC+H2in:CH4,SW_TSC+H2in:CH4_ethane_consumption_edge,SteamCracker,646.2018172555842,646.2018172555842,0.0,0.0
Ethane,capacity,ethane_NW,NW_TSC+CC90,NW_TSC+CC90_ethane_consumption_edge,SteamCracker,1.279666784215109,1.279666784215109,0.0,0.0
Ethane,capacity,ethane_NW,NW_TSC:H2,NW_TSC:H2_ethane_consumption_edge,SteamCracker,0.7894011006175248,0.7894011006175248,0.0,0.0
Ethane,capacity,ethane_NW,NW_TSC+CC90:H2,NW_TSC+CC90:H2_ethane_consumption_edge,SteamCracker,141.89861261148124,141.89861261148124,0.0,0.0
Ethane,capacity,ethane_NW,NW_TSC+H2in,NW_TSC+H2in_ethane_consumption_edge,SteamCracker,0.8321418195125073,0.8321418195125073,0.0,0.0
Ethane,capacity,ethane_NW,NW_TSC+H2in:CH4,NW_TSC+H2in:CH4_ethane_consumption_edge,SteamCracker,768.5093967282512,768.5093967282512,0.0,0.0
Ethane,capacity,ethane_TX,TX_TSC+CC90,TX_TSC+CC90_ethane_consumption_edge,SteamCracker,1.1805805815857273,1.1805805815857273,0.0,0.0
Ethane,capacity,ethane_TX,TX_TSC:H2,TX_TSC:H2_ethane_consumption_edge,SteamCracker,0.5475596286811122,0.5475596286811122,0.0,0.0
Ethane,capacity,ethane_TX,TX_TSC+CC90:H2,TX_TSC+CC90:H2_ethane_consumption_edge,SteamCracker,12.776775314459124,12.776775314459124,0.0,0.0
Ethane,capacity,ethane_TX,TX_TSC+H2in,TX_TSC+H2in_ethane_consumption_edge,SteamCracker,0.8138861175133567,0.8138861175133567,0.0,0.0
Ethane,capacity,ethane_TX,TX_TSC+H2in:CH4,TX_TSC+H2in:CH4_ethane_consumption_edge,SteamCracker,23837.782050731723,23837.782050731723,0.0,0.0
Ethane,capacity,ethane_NCEN,NCEN_TSC+CC90,NCEN_TSC+CC90_ethane_consumption_edge,SteamCracker,1.12693542984573,1.12693542984573,0.0,0.0
Ethane,capacity,ethane_NCEN,NCEN_TSC:H2,NCEN_TSC:H2_ethane_consumption_edge,SteamCracker,1.068224776753939,1.068224776753939,0.0,0.0
Ethane,capacity,ethane_NCEN,NCEN_TSC+CC90:H2,NCEN_TSC+CC90:H2_ethane_consumption_edge,SteamCracker,17.170987576203792,17.170987576203792,0.0,0.0
Ethane,capacity,ethane_NCEN,NCEN_TSC+H2in,NCEN_TSC+H2in_ethane_consumption_edge,SteamCracker,0.7772932485986093,0.7772932485986093,0.0,0.0
Ethane,capacity,ethane_NCEN,NCEN_TSC+H2in:CH4,NCEN_TSC+H2in:CH4_ethane_consumption_edge,SteamCracker,17.8778940518441,17.8778940518441,0.0,0.0
Ethane,capacity,ethane_CEN,CEN_TSC+CC90,CEN_TSC+CC90_ethane_consumption_edge,SteamCracker,1.1465145009401416,1.1465145009401416,0.0,0.0
Ethane,capacity,ethane_CEN,CEN_TSC:H2,CEN_TSC:H2_ethane_consumption_edge,SteamCracker,0.5824539988816732,0.5824539988816732,0.0,0.0
Ethane,capacity,ethane_CEN,CEN_TSC+CC90:H2,CEN_TSC+CC90:H2_ethane_consumption_edge,SteamCracker,14.34604533217683,14.34604533217683,0.0,0.0
Ethane,capacity,ethane_CEN,CEN_TSC+H2in,CEN_TSC+H2in_ethane_consumption_edge,SteamCracker,0.814634542968312,0.814634542968312,0.0,0.0
Ethane,capacity,ethane_CEN,CEN_TSC+H2in:CH4,CEN_TSC+H2in:CH4_ethane_consumption_edge,SteamCracker,67.71279642718154,67.71279642718154,0.0,0.0
Ethane,capacity,ethane_SE,SE_TSC+CC90,SE_TSC+CC90_ethane_consumption_edge,SteamCracker,1.1927861251695584,1.1927861251695584,0.0,0.0
Ethane,capacity,ethane_SE,SE_TSC:H2,SE_TSC:H2_ethane_consumption_edge,SteamCracker,0.807423156527097,0.807423156527097,0.0,0.0
Ethane,capacity,ethane_SE,SE_TSC+CC90:H2,SE_TSC+CC90:H2_ethane_consumption_edge,SteamCracker,12.616460678670718,12.616460678670718,0.0,0.0
Ethane,capacity,ethane_SE,SE_TSC+H2in,SE_TSC+H2in_ethane_consumption_edge,SteamCracker,0.8638829198633619,0.8638829198633619,0.0,0.0
Ethane,capacity,ethane_SE,SE_TSC+H2in:CH4,SE_TSC+H2in:CH4_ethane_consumption_edge,SteamCracker,66.8369439163912,66.8369439163912,0.0,0.0
Ethane,capacity,ethane_MIDAT,MIDAT_TSC+CC90,MIDAT_TSC+CC90_ethane_consumption_edge,SteamCracker,0.8894702575714898,0.8894702575714898,0.0,0.0
Ethane,capacity,ethane_MIDAT,MIDAT_TSC:H2,MIDAT_TSC:H2_ethane_consumption_edge,SteamCracker,0.9963908614037775,0.9963908614037775,0.0,0.0
Ethane,capacity,ethane_MIDAT,MIDAT_TSC+CC90:H2,MIDAT_TSC+CC90:H2_ethane_consumption_edge,SteamCracker,3.0532371706939103,3.0532371706939103,0.0,0.0
Ethane,capacity,ethane_MIDAT,MIDAT_TSC+H2in,MIDAT_TSC+H2in_ethane_consumption_edge,SteamCracker,0.7899002967429756,0.7899002967429756,0.0,0.0
Ethane,capacity,ethane_MIDAT,MIDAT_TSC+H2in:CH4,MIDAT_TSC+H2in:CH4_ethane_consumption_edge,SteamCracker,1.7031793563137854,1.7031793563137854,0.0,0.0
Ethane,capacity,ethane_NE,NE_TSC+CC90,NE_TSC+CC90_ethane_consumption_edge,SteamCracker,0.7268637517677083,0.7268637517677083,0.0,0.0
Ethane,capacity,ethane_NE,NE_TSC:H2,NE_TSC:H2_ethane_consumption_edge,SteamCracker,0.851503953372004,0.851503953372004,0.0,0.0
Ethane,capacity,ethane_NE,NE_TSC+CC90:H2,NE_TSC+CC90:H2_ethane_consumption_edge,SteamCracker,1.6351924069346657,1.6351924069346657,0.0,0.0
Ethane,capacity,ethane_NE,NE_TSC+H2in,NE_TSC+H2in_ethane_consumption_edge,SteamCracker,0.7398100797304603,0.7398100797304603,0.0,0.0
Ethane,capacity,ethane_NE,NE_TSC+H2in:CH4,NE_TSC+H2in:CH4_ethane_consumption_edge,SteamCracker,30.70083508373374,30.70083508373374,0.0,0.0
Biomass_Herb,capacity,bioherb_CA,CA_Bio_Electricity_CCS_93_Herb,CA_Bio_Electricity_CCS_93_Herb_biomass_edge,BECCSElectricity,0.008489689424939911,0.008489689424939911,0.0,0.0
Biomass_Herb,capacity,bioherb_NW,NW_Bio_Electricity_CCS_93_Herb,NW_Bio_Electricity_CCS_93_Herb_biomass_edge,BECCSElectricity,0.03936122161687948,0.03936122161687948,0.0,0.0
Biomass_Herb,capacity,bioherb_SW,SW_Bio_Electricity_CCS_93_Herb,SW_Bio_Electricity_CCS_93_Herb_biomass_edge,BECCSElectricity,0.061060351915989804,0.061060351915989804,0.0,0.0
Biomass_Herb,capacity,bioherb_TX,TX_Bio_Electricity_CCS_93_Herb,TX_Bio_Electricity_CCS_93_Herb_biomass_edge,BECCSElectricity,0.07031258052713202,0.07031258052713202,0.0,0.0
Biomass_Herb,capacity,bioherb_NCEN,NCEN_Bio_Electricity_CCS_93_Herb,NCEN_Bio_Electricity_CCS_93_Herb_biomass_edge,BECCSElectricity,0.07745519770887546,0.07745519770887546,0.0,0.0
Biomass_Herb,capacity,bioherb_CEN,CEN_Bio_Electricity_CCS_93_Herb,CEN_Bio_Electricity_CCS_93_Herb_biomass_edge,BECCSElectricity,0.0686541941083229,0.0686541941083229,0.0,0.0
Biomass_Herb,capacity,bioherb_SE,SE_Bio_Electricity_CCS_93_Herb,SE_Bio_Electricity_CCS_93_Herb_biomass_edge,BECCSElectricity,0.080341706809088,0.080341706809088,0.0,0.0
Biomass_Herb,capacity,bioherb_MIDAT,MIDAT_Bio_Electricity_CCS_93_Herb,MIDAT_Bio_Electricity_CCS_93_Herb_biomass_edge,BECCSElectricity,0.04867213791872266,0.04867213791872266,0.0,0.0
Biomass_Herb,capacity,bioherb_NE,NE_Bio_Electricity_CCS_93_Herb,NE_Bio_Electricity_CCS_93_Herb_biomass_edge,BECCSElectricity,0.03116296030763741,0.03116296030763741,0.0,0.0
Biomass_Wood,capacity,biowood_CA,CA_Bio_Electricity_CCS_93_Wood,CA_Bio_Electricity_CCS_93_Wood_biomass_edge,BECCSElectricity,0.082500540249074,0.082500540249074,0.0,0.0
Biomass_Wood,capacity,biowood_NW,NW_Bio_Electricity_CCS_93_Wood,NW_Bio_Electricity_CCS_93_Wood_biomass_edge,BECCSElectricity,0.1191667423979549,0.1191667423979549,0.0,0.0
Biomass_Wood,capacity,biowood_SW,SW_Bio_Electricity_CCS_93_Wood,SW_Bio_Electricity_CCS_93_Wood_biomass_edge,BECCSElectricity,0.11718025267902464,0.11718025267902464,0.0,0.0
Biomass_Wood,capacity,biowood_TX,TX_Bio_Electricity_CCS_93_Wood,TX_Bio_Electricity_CCS_93_Wood_biomass_edge,BECCSElectricity,0.19368830897754308,0.19368830897754308,0.0,0.0
Biomass_Wood,capacity,biowood_NCEN,NCEN_Bio_Electricity_CCS_93_Wood,NCEN_Bio_Electricity_CCS_93_Wood_biomass_edge,BECCSElectricity,0.2382118221019595,0.2382118221019595,0.0,0.0
Biomass_Wood,capacity,biowood_CEN,CEN_Bio_Electricity_CCS_93_Wood,CEN_Bio_Electricity_CCS_93_Wood_biomass_edge,BECCSElectricity,0.2485549374022069,0.2485549374022069,0.0,0.0
Biomass_Wood,capacity,biowood_SE,SE_Bio_Electricity_CCS_93_Wood,SE_Bio_Electricity_CCS_93_Wood_biomass_edge,BECCSElectricity,0.2648190033570525,0.2648190033570525,0.0,0.0
Biomass_Wood,capacity,biowood_MIDAT,MIDAT_Bio_Electricity_CCS_93_Wood,MIDAT_Bio_Electricity_CCS_93_Wood_biomass_edge,BECCSElectricity,0.10574213161581221,0.10574213161581221,0.0,0.0
Biomass_Wood,capacity,biowood_NE,NE_Bio_Electricity_CCS_93_Wood,NE_Bio_Electricity_CCS_93_Wood_biomass_edge,BECCSElectricity,0.06057785854794327,0.06057785854794327,0.0,0.0
Biomass_Agri,capacity,bioagri_CA,CA_Bio_Electricity_CCS_93_Agri,CA_Bio_Electricity_CCS_93_Agri_biomass_edge,BECCSElectricity,0.09242975822256479,0.09242975822256479,0.0,0.0
Biomass_Agri,capacity,bioagri_NW,NW_Bio_Electricity_CCS_93_Agri,NW_Bio_Electricity_CCS_93_Agri_biomass_edge,BECCSElectricity,0.07076414892206374,0.07076414892206374,0.0,0.0
Biomass_Agri,capacity,bioagri_SW,SW_Bio_Electricity_CCS_93_Agri,SW_Bio_Electricity_CCS_93_Agri_biomass_edge,BECCSElectricity,0.061851980342900785,0.061851980342900785,0.0,0.0
Biomass_Agri,capacity,bioagri_TX,TX_Bio_Electricity_CCS_93_Agri,TX_Bio_Electricity_CCS_93_Agri_biomass_edge,BECCSElectricity,0.067507551882713,0.067507551882713,0.0,0.0
Biomass_Agri,capacity,bioagri_NCEN,NCEN_Bio_Electricity_CCS_93_Agri,NCEN_Bio_Electricity_CCS_93_Agri_biomass_edge,BECCSElectricity,0.12881078517272063,0.12881078517272063,0.0,0.0
Biomass_Agri,capacity,bioagri_CEN,CEN_Bio_Electricity_CCS_93_Agri,CEN_Bio_Electricity_CCS_93_Agri_biomass_edge,BECCSElectricity,0.12681734404371892,0.12681734404371892,0.0,0.0
Biomass_Agri,capacity,bioagri_SE,SE_Bio_Electricity_CCS_93_Agri,SE_Bio_Electricity_CCS_93_Agri_biomass_edge,BECCSElectricity,0.09400066920988526,0.09400066920988526,0.0,0.0
Biomass_Agri,capacity,bioagri_MIDAT,MIDAT_Bio_Electricity_CCS_93_Agri,MIDAT_Bio_Electricity_CCS_93_Agri_biomass_edge,BECCSElectricity,0.06066770724762717,0.06066770724762717,0.0,0.0
Biomass_Agri,capacity,bioagri_NE,NE_Bio_Electricity_CCS_93_Agri,NE_Bio_Electricity_CCS_93_Agri_biomass_edge,BECCSElectricity,0.03756967928401756,0.03756967928401756,0.0,0.0
Biomass_Herb,capacity,bioherb_CA,CA_Bio_H2_Herb,CA_Bio_H2_Herb_biomass_edge,BECCSHydrogen,0.004712354158945624,0.004712354158945624,0.0,0.0
Biomass_Herb,capacity,bioherb_NW,NW_Bio_H2_Herb,NW_Bio_H2_Herb_biomass_edge,BECCSHydrogen,0.016911112122321836,0.016911112122321836,0.0,0.0
Biomass_Herb,capacity,bioherb_SW,SW_Bio_H2_Herb,SW_Bio_H2_Herb_biomass_edge,BECCSHydrogen,0.023623702683244395,0.023623702683244395,0.0,0.0
Biomass_Herb,capacity,bioherb_TX,TX_Bio_H2_Herb,TX_Bio_H2_Herb_biomass_edge,BECCSHydrogen,0.01778344401749999,0.01778344401749999,0.0,0.0
Biomass_Herb,capacity,bioherb_NCEN,NCEN_Bio_H2_Herb,NCEN_Bio_H2_Herb_biomass_edge,BECCSHydrogen,0.025864472301206202,0.025864472301206202,0.0,0.0
Biomass_Herb,capacity,bioherb_CEN,CEN_Bio_H2_Herb,CEN_Bio_H2_Herb_biomass_edge,BECCSHydrogen,0.01693784488051952,0.01693784488051952,0.0,0.0
Biomass_Herb,capacity,bioherb_SE,SE_Bio_H2_Herb,SE_Bio_H2_Herb_biomass_edge,BECCSHydrogen,0.025227250508670297,0.025227250508670297,0.0,0.0
Biomass_Herb,capacity,bioherb_MIDAT,MIDAT_Bio_H2_Herb,MIDAT_Bio_H2_Herb_biomass_edge,BECCSHydrogen,0.023826536838219697,0.023826536838219697,0.0,0.0
Biomass_Herb,capacity,bioherb_NE,NE_Bio_H2_Herb,NE_Bio_H2_Herb_biomass_edge,BECCSHydrogen,0.02149029264554786,0.02149029264554786,0.0,0.0
Biomass_Wood,capacity,biowood_CA,CA_Bio_H2_Wood,CA_Bio_H2_Wood_biomass_edge,BECCSHydrogen,0.01682824309530196,0.01682824309530196,0.0,0.0
Biomass_Wood,capacity,biowood_NW,NW_Bio_H2_Wood,NW_Bio_H2_Wood_biomass_edge,BECCSHydrogen,0.024355925641614845,0.024355925641614845,0.0,0.0
Biomass_Wood,capacity,biowood_SW,SW_Bio_H2_Wood,SW_Bio_H2_Wood_biomass_edge,BECCSHydrogen,0.025312586890428663,0.025312586890428663,0.0,0.0
Biomass_Wood,capacity,biowood_TX,TX_Bio_H2_Wood,TX_Bio_H2_Wood_biomass_edge,BECCSHydrogen,0.023587495717925788,0.023587495717925788,0.0,0.0
Biomass_Wood,capacity,biowood_NCEN,NCEN_Bio_H2_Wood,NCEN_Bio_H2_Wood_biomass_edge,BECCSHydrogen,0.03798937415057414,0.03798937415057414,0.0,0.0
Biomass_Wood,capacity,biowood_CEN,CEN_Bio_H2_Wood,CEN_Bio_H2_Wood_biomass_edge,BECCSHydrogen,0.03152606138932692,0.03152606138932692,0.0,0.0
Biomass_Wood,capacity,biowood_SE,SE_Bio_H2_Wood,SE_Bio_H2_Wood_biomass_edge,BECCSHydrogen,0.036488601772003054,0.036488601772003054,0.0,0.0
Biomass_Wood,capacity,biowood_MIDAT,MIDAT_Bio_H2_Wood,MIDAT_Bio_H2_Wood_biomass_edge,BECCSHydrogen,0.03804556397074791,0.03804556397074791,0.0,0.0
Biomass_Wood,capacity,biowood_NE,NE_Bio_H2_Wood,NE_Bio_H2_Wood_biomass_edge,BECCSHydrogen,0.03470550765354578,0.03470550765354578,0.0,0.0
Biomass_Agri,capacity,bioagri_CA,CA_Bio_H2_Agri,CA_Bio_H2_Agri_biomass_edge,BECCSHydrogen,0.026437345156852327,0.026437345156852327,0.0,0.0
Biomass_Agri,capacity,bioagri_NW,NW_Bio_H2_Agri,NW_Bio_H2_Agri_biomass_edge,BECCSHydrogen,0.024539290078540096,0.024539290078540096,0.0,0.0
Biomass_Agri,capacity,bioagri_SW,SW_Bio_H2_Agri,SW_Bio_H2_Agri_biomass_edge,BECCSHydrogen,0.02337060205856608,0.02337060205856608,0.0,0.0
Biomass_Agri,capacity,bioagri_TX,TX_Bio_H2_Agri,TX_Bio_H2_Agri_biomass_edge,BECCSHydrogen,0.022529189665987284,0.022529189665987284,0.0,0.0
Biomass_Agri,capacity,bioagri_NCEN,NCEN_Bio_H2_Agri,NCEN_Bio_H2_Agri_biomass_edge,BECCSHydrogen,0.028258709333245095,0.028258709333245095,0.0,0.0
Biomass_Agri,capacity,bioagri_CEN,CEN_Bio_H2_Agri,CEN_Bio_H2_Agri_biomass_edge,BECCSHydrogen,0.02797174340037089,0.02797174340037089,0.0,0.0
Biomass_Agri,capacity,bioagri_SE,SE_Bio_H2_Agri,SE_Bio_H2_Agri_biomass_edge,BECCSHydrogen,0.02801563143694112,0.02801563143694112,0.0,0.0
Biomass_Agri,capacity,bioagri_MIDAT,MIDAT_Bio_H2_Agri,MIDAT_Bio_H2_Agri_biomass_edge,BECCSHydrogen,0.02846352619226502,0.02846352619226502,0.0,0.0
Biomass_Agri,capacity,bioagri_NE,NE_Bio_H2_Agri,NE_Bio_H2_Agri_biomass_edge,BECCSHydrogen,0.027911226855724988,0.027911226855724988,0.0,0.0
Biomass_Herb,capacity,bioherb_CA,CA_Bio_H2_CCS_99_Herb,CA_Bio_H2_CCS_99_Herb_biomass_edge,BECCSHydrogen,0.010596801710585756,0.010596801710585756,0.0,0.0
Biomass_Herb,capacity,bioherb_NW,NW_Bio_H2_CCS_99_Herb,NW_Bio_H2_CCS_99_Herb_biomass_edge,BECCSHydrogen,0.05547924469491713,0.05547924469491713,0.0,0.0
Biomass_Herb,capacity,bioherb_SW,SW_Bio_H2_CCS_99_Herb,SW_Bio_H2_CCS_99_Herb_biomass_edge,BECCSHydrogen,0.09996086286421227,0.09996086286421227,0.0,0.0
Biomass_Herb,capacity,bioherb_TX,TX_Bio_H2_CCS_99_Herb,TX_Bio_H2_CCS_99_Herb_biomass_edge,BECCSHydrogen,0.11636799036621769,0.11636799036621769,0.0,0.0
Biomass_Herb,capacity,bioherb_NCEN,NCEN_Bio_H2_CCS_99_Herb,NCEN_Bio_H2_CCS_99_Herb_biomass_edge,BECCSHydrogen,0.1376808675847837,0.1376808675847837,0.0,0.0
Biomass_Herb,capacity,bioherb_CEN,CEN_Bio_H2_CCS_99_Herb,CEN_Bio_H2_CCS_99_Herb_biomass_edge,BECCSHydrogen,0.12309702415548182,0.12309702415548184,0.0,0.0
Biomass_Herb,capacity,bioherb_SE,SE_Bio_H2_CCS_99_Herb,SE_Bio_H2_CCS_99_Herb_biomass_edge,BECCSHydrogen,0.09870194521473695,0.09870194521473695,0.0,0.0
Biomass_Herb,capacity,bioherb_MIDAT,MIDAT_Bio_H2_CCS_99_Herb,MIDAT_Bio_H2_CCS_99_Herb_biomass_edge,BECCSHydrogen,0.07385359912070438,0.07385359912070438,0.0,0.0
Biomass_Herb,capacity,bioherb_NE,NE_Bio_H2_CCS_99_Herb,NE_Bio_H2_CCS_99_Herb_biomass_edge,BECCSHydrogen,0.05545779480220779,0.05545779480220779,0.0,0.0
Biomass_Wood,capacity,biowood_CA,CA_Bio_H2_CCS_99_Wood,CA_Bio_H2_CCS_99_Wood_biomass_edge,BECCSHydrogen,20.835377204533565,20.835377204533565,0.0,0.0
Biomass_Wood,capacity,biowood_NW,NW_Bio_H2_CCS_99_Wood,NW_Bio_H2_CCS_99_Wood_biomass_edge,BECCSHydrogen,25.55221278931881,25.55221278931881,0.0,0.0
Biomass_Wood,capacity,biowood_SW,SW_Bio_H2_CCS_99_Wood,SW_Bio_H2_CCS_99_Wood_biomass_edge,BECCSHydrogen,20.959568506823565,20.959568506823565,0.0,0.0
Biomass_Wood,capacity,biowood_TX,TX_Bio_H2_CCS_99_Wood,TX_Bio_H2_CCS_99_Wood_biomass_edge,BECCSHydrogen,79.22005103914704,79.22005103914704,0.0,0.0
Biomass_Wood,capacity,biowood_NCEN,NCEN_Bio_H2_CCS_99_Wood,NCEN_Bio_H2_CCS_99_Wood_biomass_edge,BECCSHydrogen,2.371424980434915,2.371424980434915,0.0,0.0
Biomass_Wood,capacity,biowood_CEN,CEN_Bio_H2_CCS_99_Wood,CEN_Bio_H2_CCS_99_Wood_biomass_edge,BECCSHydrogen,1.0921791076129208,1.0921791076129208,0.0,0.0
Biomass_Wood,capacity,biowood_SE,SE_Bio_H2_CCS_99_Wood,SE_Bio_H2_CCS_99_Wood_biomass_edge,BECCSHydrogen,15.156312810895319,15.15631281089532,0.0,0.0
Biomass_Wood,capacity,biowood_MIDAT,MIDAT_Bio_H2_CCS_99_Wood,MIDAT_Bio_H2_CCS_99_Wood_biomass_edge,BECCSHydrogen,0.49675906026786815,0.49675906026786815,0.0,0.0
Biomass_Wood,capacity,biowood_NE,NE_Bio_H2_CCS_99_Wood,NE_Bio_H2_CCS_99_Wood_biomass_edge,BECCSHydrogen,0.4334844841124876,0.4334844841124875,0.0,0.0
Biomass_Agri,capacity,bioagri_CA,CA_Bio_H2_CCS_99_Agri,CA_Bio_H2_CCS_99_Agri_biomass_edge,BECCSHydrogen,0.22247390199640868,0.22247390199640868,0.0,0.0
Biomass_Agri,capacity,bioagri_NW,NW_Bio_H2_CCS_99_Agri,NW_Bio_H2_CCS_99_Agri_biomass_edge,BECCSHydrogen,0.15006720186881084,0.15006720186881084,0.0,0.0
Biomass_Agri,capacity,bioagri_SW,SW_Bio_H2_CCS_99_Agri,SW_Bio_H2_CCS_99_Agri_biomass_edge,BECCSHydrogen,0.13351887941884627,0.13351887941884627,0.0,0.0
Biomass_Agri,capacity,bioagri_TX,TX_Bio_H2_CCS_99_Agri,TX_Bio_H2_CCS_99_Agri_biomass_edge,BECCSHydrogen,0.10655569957495928,0.10655569957495929,0.0,0.0
Biomass_Agri,capacity,bioagri_NCEN,NCEN_Bio_H2_CCS_99_Agri,NCEN_Bio_H2_CCS_99_Agri_biomass_edge,BECCSHydrogen,0.33849256975308856,0.33849256975308856,0.0,0.0
Biomass_Agri,capacity,bioagri_CEN,CEN_Bio_H2_CCS_99_Agri,CEN_Bio_H2_CCS_99_Agri_biomass_edge,BECCSHydrogen,0.2706414113223968,0.2706414113223968,0.0,0.0
Biomass_Agri,capacity,bioagri_SE,SE_Bio_H2_CCS_99_Agri,SE_Bio_H2_CCS_99_Agri_biomass_edge,BECCSHydrogen,0.1313822234561315,0.1313822234561315,0.0,0.0
Biomass_Agri,capacity,bioagri_MIDAT,MIDAT_Bio_H2_CCS_99_Agri,MIDAT_Bio_H2_CCS_99_Agri_biomass_edge,BECCSHydrogen,0.1323273531218739,0.1323273531218739,0.0,0.0
Biomass_Agri,capacity,bioagri_NE,NE_Bio_H2_CCS_99_Agri,NE_Bio_H2_CCS_99_Agri_biomass_edge,BECCSHydrogen,0.10487909914811418,0.10487909914811418,0.0,0.0
Biomass_Herb,capacity,bioherb_CA,CA_Bio_NG_Herb,CA_Bio_NG_Herb_biomass_edge,BECCSNaturalGas,0.0029501712982544603,0.0029501712982544603,0.0,0.0
Biomass_Herb,capacity,bioherb_NW,NW_Bio_NG_Herb,NW_Bio_NG_Herb_biomass_edge,BECCSNaturalGas,0.00872251243333668,0.00872251243333668,0.0,0.0
Biomass_Herb,capacity,bioherb_SW,SW_Bio_NG_Herb,SW_Bio_NG_Herb_biomass_edge,BECCSNaturalGas,0.010435984683194323,0.010435984683194323,0.0,0.0
Biomass_Herb,capacity,bioherb_TX,TX_Bio_NG_Herb,TX_Bio_NG_Herb_biomass_edge,BECCSNaturalGas,0.008544525867570306,0.008544525867570306,0.0,0.0
Biomass_Herb,capacity,bioherb_NCEN,NCEN_Bio_NG_Herb,NCEN_Bio_NG_Herb_biomass_edge,BECCSNaturalGas,0.010002583186878921,0.010002583186878921,0.0,0.0
Biomass_Herb,capacity,bioherb_CEN,CEN_Bio_NG_Herb,CEN_Bio_NG_Herb_biomass_edge,BECCSNaturalGas,0.008578134564852206,0.008578134564852206,0.0,0.0
Biomass_Herb,capacity,bioherb_SE,SE_Bio_NG_Herb,SE_Bio_NG_Herb_biomass_edge,BECCSNaturalGas,0.009572901069390568,0.009572901069390568,0.0,0.0
Biomass_Herb,capacity,bioherb_MIDAT,MIDAT_Bio_NG_Herb,MIDAT_Bio_NG_Herb_biomass_edge,BECCSNaturalGas,0.010395097467513702,0.010395097467513702,0.0,0.0
Biomass_Herb,capacity,bioherb_NE,NE_Bio_NG_Herb,NE_Bio_NG_Herb_biomass_edge,BECCSNaturalGas,0.010556963267484175,0.010556963267484175,0.0,0.0
Biomass_Wood,capacity,biowood_CA,CA_Bio_NG_Wood,CA_Bio_NG_Wood_biomass_edge,BECCSNaturalGas,0.008085257091736034,0.008085257091736034,0.0,0.0
Biomass_Wood,capacity,biowood_NW,NW_Bio_NG_Wood,NW_Bio_NG_Wood_biomass_edge,BECCSNaturalGas,0.010294243961012231,0.010294243961012231,0.0,0.0
Biomass_Wood,capacity,biowood_SW,SW_Bio_NG_Wood,SW_Bio_NG_Wood_biomass_edge,BECCSNaturalGas,0.010920541731290263,0.010920541731290263,0.0,0.0
Biomass_Wood,capacity,biowood_TX,TX_Bio_NG_Wood,TX_Bio_NG_Wood_biomass_edge,BECCSNaturalGas,0.011202523734035911,0.011202523734035911,0.0,0.0
Biomass_Wood,capacity,biowood_NCEN,NCEN_Bio_NG_Wood,NCEN_Bio_NG_Wood_biomass_edge,BECCSNaturalGas,0.012076710937759312,0.012076710937759312,0.0,0.0
Biomass_Wood,capacity,biowood_CEN,CEN_Bio_NG_Wood,CEN_Bio_NG_Wood_biomass_edge,BECCSNaturalGas,0.01328893000351384,0.01328893000351384,0.0,0.0
Biomass_Wood,capacity,biowood_SE,SE_Bio_NG_Wood,SE_Bio_NG_Wood_biomass_edge,BECCSNaturalGas,0.012138634271108553,0.012138634271108553,0.0,0.0
Biomass_Wood,capacity,biowood_MIDAT,MIDAT_Bio_NG_Wood,MIDAT_Bio_NG_Wood_biomass_edge,BECCSNaturalGas,0.012640209378993331,0.012640209378993331,0.0,0.0
Biomass_Wood,capacity,biowood_NE,NE_Bio_NG_Wood,NE_Bio_NG_Wood_biomass_edge,BECCSNaturalGas,0.012622508779652363,0.012622508779652363,0.0,0.0
Biomass_Agri,capacity,bioagri_CA,CA_Bio_NG_Agri,CA_Bio_NG_Agri_biomass_edge,BECCSNaturalGas,0.010795477064946567,0.010795477064946567,0.0,0.0
Biomass_Agri,capacity,bioagri_NW,NW_Bio_NG_Agri,NW_Bio_NG_Agri_biomass_edge,BECCSNaturalGas,0.010656797395784606,0.010656797395784606,0.0,0.0
Biomass_Agri,capacity,bioagri_SW,SW_Bio_NG_Agri,SW_Bio_NG_Agri_biomass_edge,BECCSNaturalGas,0.010403879985207164,0.010403879985207164,0.0,0.0
Biomass_Agri,capacity,bioagri_TX,TX_Bio_NG_Agri,TX_Bio_NG_Agri_biomass_edge,BECCSNaturalGas,0.010651982801981694,0.010651982801981694,0.0,0.0
Biomass_Agri,capacity,bioagri_NCEN,NCEN_Bio_NG_Agri,NCEN_Bio_NG_Agri_biomass_edge,BECCSNaturalGas,0.00996139778941768,0.00996139778941768,0.0,0.0
Biomass_Agri,capacity,bioagri_CEN,CEN_Bio_NG_Agri,CEN_Bio_NG_Agri_biomass_edge,BECCSNaturalGas,0.011649259291641869,0.011649259291641869,0.0,0.0
Biomass_Agri,capacity,bioagri_SE,SE_Bio_NG_Agri,SE_Bio_NG_Agri_biomass_edge,BECCSNaturalGas,0.010764918137590467,0.010764918137590467,0.0,0.0
Biomass_Agri,capacity,bioagri_MIDAT,MIDAT_Bio_NG_Agri,MIDAT_Bio_NG_Agri_biomass_edge,BECCSNaturalGas,0.011695325144631237,0.011695325144631237,0.0,0.0
Biomass_Agri,capacity,bioagri_NE,NE_Bio_NG_Agri,NE_Bio_NG_Agri_biomass_edge,BECCSNaturalGas,0.011485772370767961,0.011485772370767961,0.0,0.0
Biomass_Herb,capacity,bioherb_CA,CA_Bio_NG_CCS_40_Herb,CA_Bio_NG_CCS_40_Herb_biomass_edge,BECCSNaturalGas,0.003129975124368463,0.003129975124368463,0.0,0.0
Biomass_Herb,capacity,bioherb_NW,NW_Bio_NG_CCS_40_Herb,NW_Bio_NG_CCS_40_Herb_biomass_edge,BECCSNaturalGas,0.009971514223849863,0.009971514223849863,0.0,0.0
Biomass_Herb,capacity,bioherb_SW,SW_Bio_NG_CCS_40_Herb,SW_Bio_NG_CCS_40_Herb_biomass_edge,BECCSNaturalGas,0.013264501381412493,0.013264501381412493,0.0,0.0
Biomass_Herb,capacity,bioherb_TX,TX_Bio_NG_CCS_40_Herb,TX_Bio_NG_CCS_40_Herb_biomass_edge,BECCSNaturalGas,0.010275084207166664,0.010275084207166664,0.0,0.0
Biomass_Herb,capacity,bioherb_NCEN,NCEN_Bio_NG_CCS_40_Herb,NCEN_Bio_NG_CCS_40_Herb_biomass_edge,BECCSNaturalGas,0.01206982019266855,0.01206982019266855,0.0,0.0
Biomass_Herb,capacity,bioherb_CEN,CEN_Bio_NG_CCS_40_Herb,CEN_Bio_NG_CCS_40_Herb_biomass_edge,BECCSNaturalGas,0.010308125963912894,0.010308125963912894,0.0,0.0
Biomass_Herb,capacity,bioherb_SE,SE_Bio_NG_CCS_40_Herb,SE_Bio_NG_CCS_40_Herb_biomass_edge,BECCSNaturalGas,0.011169674356048672,0.011169674356048672,0.0,0.0
Biomass_Herb,capacity,bioherb_MIDAT,MIDAT_Bio_NG_CCS_40_Herb,MIDAT_Bio_NG_CCS_40_Herb_biomass_edge,BECCSNaturalGas,0.013085193738421328,0.013085193738421328,0.0,0.0
Biomass_Herb,capacity,bioherb_NE,NE_Bio_NG_CCS_40_Herb,NE_Bio_NG_CCS_40_Herb_biomass_edge,BECCSNaturalGas,0.011604310892112737,0.011604310892112737,0.0,0.0
Biomass_Wood,capacity,biowood_CA,CA_Bio_NG_CCS_40_Wood,CA_Bio_NG_CCS_40_Wood_biomass_edge,BECCSNaturalGas,0.00922821659260902,0.00922821659260902,0.0,0.0
Biomass_Wood,capacity,biowood_NW,NW_Bio_NG_CCS_40_Wood,NW_Bio_NG_CCS_40_Wood_biomass_edge,BECCSNaturalGas,0.013039484612476946,0.013039484612476946,0.0,0.0
Biomass_Wood,capacity,biowood_SW,SW_Bio_NG_CCS_40_Wood,SW_Bio_NG_CCS_40_Wood_biomass_edge,BECCSNaturalGas,0.013526629653417369,0.013526629653417369,0.0,0.0
Biomass_Wood,capacity,biowood_TX,TX_Bio_NG_CCS_40_Wood,TX_Bio_NG_CCS_40_Wood_biomass_edge,BECCSNaturalGas,0.013701133941425274,0.013701133941425274,0.0,0.0
Biomass_Wood,capacity,biowood_NCEN,NCEN_Bio_NG_CCS_40_Wood,NCEN_Bio_NG_CCS_40_Wood_biomass_edge,BECCSNaturalGas,0.014861958262704379,0.014861958262704379,0.0,0.0
Biomass_Wood,capacity,biowood_CEN,CEN_Bio_NG_CCS_40_Wood,CEN_Bio_NG_CCS_40_Wood_biomass_edge,BECCSNaturalGas,0.01565340107255407,0.01565340107255407,0.0,0.0
Biomass_Wood,capacity,biowood_SE,SE_Bio_NG_CCS_40_Wood,SE_Bio_NG_CCS_40_Wood_biomass_edge,BECCSNaturalGas,0.014246555491269873,0.014246555491269873,0.0,0.0
Biomass_Wood,capacity,biowood_MIDAT,MIDAT_Bio_NG_CCS_40_Wood,MIDAT_Bio_NG_CCS_40_Wood_biomass_edge,BECCSNaturalGas,0.014863025280026492,0.014863025280026492,0.0,0.0
Biomass_Wood,capacity,biowood_NE,NE_Bio_NG_CCS_40_Wood,NE_Bio_NG_CCS_40_Wood_biomass_edge,BECCSNaturalGas,0.015428479086375957,0.015428479086375957,0.0,0.0
Biomass_Agri,capacity,bioagri_CA,CA_Bio_NG_CCS_40_Agri,CA_Bio_NG_CCS_40_Agri_biomass_edge,BECCSNaturalGas,0.013335023687736607,0.013335023687736607,0.0,0.0
Biomass_Agri,capacity,bioagri_NW,NW_Bio_NG_CCS_40_Agri,NW_Bio_NG_CCS_40_Agri_biomass_edge,BECCSNaturalGas,0.013066082689273822,0.013066082689273822,0.0,0.0
Biomass_Agri,capacity,bioagri_SW,SW_Bio_NG_CCS_40_Agri,SW_Bio_NG_CCS_40_Agri_biomass_edge,BECCSNaturalGas,0.011955854683037954,0.011955854683037954,0.0,0.0
Biomass_Agri,capacity,bioagri_TX,TX_Bio_NG_CCS_40_Agri,TX_Bio_NG_CCS_40_Agri_biomass_edge,BECCSNaturalGas,0.012585076467468604,0.012585076467468604,0.0,0.0
Biomass_Agri,capacity,bioagri_NCEN,NCEN_Bio_NG_CCS_40_Agri,NCEN_Bio_NG_CCS_40_Agri_biomass_edge,BECCSNaturalGas,0.012325809549055839,0.012325809549055839,0.0,0.0
Biomass_Agri,capacity,bioagri_CEN,CEN_Bio_NG_CCS_40_Agri,CEN_Bio_NG_CCS_40_Agri_biomass_edge,BECCSNaturalGas,0.014314464147281906,0.014314464147281906,0.0,0.0
Biomass_Agri,capacity,bioagri_SE,SE_Bio_NG_CCS_40_Agri,SE_Bio_NG_CCS_40_Agri_biomass_edge,BECCSNaturalGas,0.013179245066082913,0.013179245066082913,0.0,0.0
Biomass_Agri,capacity,bioagri_MIDAT,MIDAT_Bio_NG_CCS_40_Agri,MIDAT_Bio_NG_CCS_40_Agri_biomass_edge,BECCSNaturalGas,0.013911189289849572,0.013911189289849572,0.0,0.0
Biomass_Agri,capacity,bioagri_NE,NE_Bio_NG_CCS_40_Agri,NE_Bio_NG_CCS_40_Agri_biomass_edge,BECCSNaturalGas,0.012759977832578257,0.012759977832578257,0.0,0.0
Biomass_Herb,capacity,bioherb_CA,CA_Bio_NG_CCS_99_Herb,CA_Bio_NG_CCS_99_Herb_biomass_edge,BECCSNaturalGas,0.0035547676697948406,0.0035547676697948406,0.0,0.0
Biomass_Herb,capacity,bioherb_NW,NW_Bio_NG_CCS_99_Herb,NW_Bio_NG_CCS_99_Herb_biomass_edge,BECCSNaturalGas,0.013598074427462546,0.013598074427462546,0.0,0.0
Biomass_Herb,capacity,bioherb_SW,SW_Bio_NG_CCS_99_Herb,SW_Bio_NG_CCS_99_Herb_biomass_edge,BECCSNaturalGas,0.019372876400932885,0.019372876400932885,0.0,0.0
Biomass_Herb,capacity,bioherb_TX,TX_Bio_NG_CCS_99_Herb,TX_Bio_NG_CCS_99_Herb_biomass_edge,BECCSNaturalGas,0.0178835632520782,0.0178835632520782,0.0,0.0
Biomass_Herb,capacity,bioherb_NCEN,NCEN_Bio_NG_CCS_99_Herb,NCEN_Bio_NG_CCS_99_Herb_biomass_edge,BECCSNaturalGas,0.019541924337511247,0.019541924337511247,0.0,0.0
Biomass_Herb,capacity,bioherb_CEN,CEN_Bio_NG_CCS_99_Herb,CEN_Bio_NG_CCS_99_Herb_biomass_edge,BECCSNaturalGas,0.018133033974442565,0.018133033974442565,0.0,0.0
Biomass_Herb,capacity,bioherb_SE,SE_Bio_NG_CCS_99_Herb,SE_Bio_NG_CCS_99_Herb_biomass_edge,BECCSNaturalGas,0.016563583190293687,0.016563583190293687,0.0,0.0
Biomass_Herb,capacity,bioherb_MIDAT,MIDAT_Bio_NG_CCS_99_Herb,MIDAT_Bio_NG_CCS_99_Herb_biomass_edge,BECCSNaturalGas,0.017224980977538388,0.017224980977538388,0.0,0.0
Biomass_Herb,capacity,bioherb_NE,NE_Bio_NG_CCS_99_Herb,NE_Bio_NG_CCS_99_Herb_biomass_edge,BECCSNaturalGas,0.01478008609502677,0.01478008609502677,0.0,0.0
Biomass_Wood,capacity,biowood_CA,CA_Bio_NG_CCS_99_Wood,CA_Bio_NG_CCS_99_Wood_biomass_edge,BECCSNaturalGas,0.012248175752927243,0.012248175752927243,0.0,0.0
Biomass_Wood,capacity,biowood_NW,NW_Bio_NG_CCS_99_Wood,NW_Bio_NG_CCS_99_Wood_biomass_edge,BECCSNaturalGas,0.018388029570515378,0.018388029570515378,0.0,0.0
Biomass_Wood,capacity,biowood_SW,SW_Bio_NG_CCS_99_Wood,SW_Bio_NG_CCS_99_Wood_biomass_edge,BECCSNaturalGas,0.019946012778881247,0.019946012778881247,0.0,0.0
Biomass_Wood,capacity,biowood_TX,TX_Bio_NG_CCS_99_Wood,TX_Bio_NG_CCS_99_Wood_biomass_edge,BECCSNaturalGas,0.02122959472946267,0.02122959472946267,0.0,0.0
Biomass_Wood,capacity,biowood_NCEN,NCEN_Bio_NG_CCS_99_Wood,NCEN_Bio_NG_CCS_99_Wood_biomass_edge,BECCSNaturalGas,0.02355636347957165,0.02355636347957165,0.0,0.0
Biomass_Wood,capacity,biowood_CEN,CEN_Bio_NG_CCS_99_Wood,CEN_Bio_NG_CCS_99_Wood_biomass_edge,BECCSNaturalGas,0.025586075531302804,0.025586075531302804,0.0,0.0
Biomass_Wood,capacity,biowood_SE,SE_Bio_NG_CCS_99_Wood,SE_Bio_NG_CCS_99_Wood_biomass_edge,BECCSNaturalGas,0.02168677156520788,0.02168677156520788,0.0,0.0
Biomass_Wood,capacity,biowood_MIDAT,MIDAT_Bio_NG_CCS_99_Wood,MIDAT_Bio_NG_CCS_99_Wood_biomass_edge,BECCSNaturalGas,0.021914330648571404,0.021914330648571404,0.0,0.0
Biomass_Wood,capacity,biowood_NE,NE_Bio_NG_CCS_99_Wood,NE_Bio_NG_CCS_99_Wood_biomass_edge,BECCSNaturalGas,0.021117010609989398,0.021117010609989398,0.0,0.0
Biomass_Agri,capacity,bioagri_CA,CA_Bio_NG_CCS_99_Agri,CA_Bio_NG_CCS_99_Agri_biomass_edge,BECCSNaturalGas,0.01783890471697243,0.01783890471697243,0.0,0.0
Biomass_Agri,capacity,bioagri_NW,NW_Bio_NG_CCS_99_Agri,NW_Bio_NG_CCS_99_Agri_biomass_edge,BECCSNaturalGas,0.0184630800586538,0.0184630800586538,0.0,0.0
Biomass_Agri,capacity,bioagri_SW,SW_Bio_NG_CCS_99_Agri,SW_Bio_NG_CCS_99_Agri_biomass_edge,BECCSNaturalGas,0.016540948129979454,0.016540948129979454,0.0,0.0
Biomass_Agri,capacity,bioagri_TX,TX_Bio_NG_CCS_99_Agri,TX_Bio_NG_CCS_99_Agri_biomass_edge,BECCSNaturalGas,0.01669766383254231,0.01669766383254231,0.0,0.0
Biomass_Agri,capacity,bioagri_NCEN,NCEN_Bio_NG_CCS_99_Agri,NCEN_Bio_NG_CCS_99_Agri_biomass_edge,BECCSNaturalGas,0.021203911030301337,0.021203911030301337,0.0,0.0
Biomass_Agri,capacity,bioagri_CEN,CEN_Bio_NG_CCS_99_Agri,CEN_Bio_NG_CCS_99_Agri_biomass_edge,BECCSNaturalGas,0.023790329204594677,0.023790329204594677,0.0,0.0
Biomass_Agri,capacity,bioagri_SE,SE_Bio_NG_CCS_99_Agri,SE_Bio_NG_CCS_99_Agri_biomass_edge,BECCSNaturalGas,0.01756102761069288,0.01756102761069288,0.0,0.0
Biomass_Agri,capacity,bioagri_MIDAT,MIDAT_Bio_NG_CCS_99_Agri,MIDAT_Bio_NG_CCS_99_Agri_biomass_edge,BECCSNaturalGas,0.01825724964724687,0.01825724964724687,0.0,0.0
Biomass_Agri,capacity,bioagri_NE,NE_Bio_NG_CCS_99_Agri,NE_Bio_NG_CCS_99_Agri_biomass_edge,BECCSNaturalGas,0.015761045923758002,0.015761045923758002,0.0,0.0
CO2Captured,capacity,co2_captured_CA,CA_CO2_Injection_CA_Repetto_Sst1,CA_CO2_Injection_CA_Repetto_Sst1_co2_captured_edge,CO2Injection,9239.9,0.0,0.0,0.0
CO2Captured,capacity,co2_captured_CA,CA_CO2_Injection_CA_Temblor1a,CA_CO2_Injection_CA_Temblor1a_co2_captured_edge,CO2Injection,32339.5,0.0,0.0,0.0
CO2Captured,capacity,co2_captured_CA,CA_CO2_Injection_CA_Temblor2a,CA_CO2_Injection_CA_Temblor2a_co2_captured_edge,CO2Injection,128780.6,0.0,0.0,0.0
CO2Captured,capacity,co2_captured_CA,CA_CO2_Injection_CA_Temblor1b,CA_CO2_Injection_CA_Temblor1b_co2_captured_edge,CO2Injection,32339.5,0.0,0.0,0.0
CO2Captured,capacity,co2_captured_CA,CA_CO2_Injection_CA_Temblor2b,CA_CO2_Injection_CA_Temblor2b_co2_captured_edge,CO2Injection,129358.0,0.0,0.0,0.0
CO2Captured,capacity,co2_captured_CA,CA_CO2_Injection_CA_Moreno2,CA_CO2_Injection_CA_Moreno2_co2_captured_edge,CO2Injection,72186.4,0.0,0.0,0.0
CO2Captured,capacity,co2_captured_CA,CA_CO2_Injection_CA_Repetto_Sst2a,CA_CO2_Injection_CA_Repetto_Sst2a_co2_captured_edge,CO2Injection,4042.4,0.0,0.0,0.0
CO2Captured,capacity,co2_captured_CA,CA_CO2_Injection_CA_Panoche1a,CA_CO2_Injection_CA_Panoche1a_co2_captured_edge,CO2Injection,56594.1,0.0,0.0,0.0
CO2Captured,capacity,co2_captured_CA,CA_CO2_Injection_CA_Repetto_Sst2b,CA_CO2_Injection_CA_Repetto_Sst2b_co2_captured_edge,CO2Injection,5197.4,0.0,0.0,0.0
CO2Captured,capacity,co2_captured_CA,CA_CO2_Injection_CA_Panoche1b,CA_CO2_Injection_CA_Panoche1b_co2_captured_edge,CO2Injection,56594.1,0.0,0.0,0.0
CO2Captured,capacity,co2_captured_CA,CA_CO2_Injection_CA_Repetto_Sst2c,CA_CO2_Injection_CA_Repetto_Sst2c_co2_captured_edge,CO2Injection,4042.4,0.0,0.0,0.0
CO2Captured,capacity,co2_captured_CA,CA_CO2_Injection_CA_Repetto_Sst3b,CA_CO2_Injection_CA_Repetto_Sst3b_co2_captured_edge,CO2Injection,1732.5,0.0,0.0,0.0
CO2Captured,capacity,co2_captured_CA,CA_CO2_Injection_CA_Repetto_Sst3a,CA_CO2_Injection_CA_Repetto_Sst3a_co2_captured_edge,CO2Injection,1155.0,0.0,0.0,0.0
CO2Captured,capacity,co2_captured_CA,CA_CO2_Injection_CA_Repetto_Sst3c,CA_CO2_Injection_CA_Repetto_Sst3c_co2_captured_edge,CO2Injection,1155.0,0.0,0.0,0.0
CO2Captured,capacity,co2_captured_CA,CA_CO2_Injection_CA_Repetto_Sst3d,CA_CO2_Injection_CA_Repetto_Sst3d_co2_captured_edge,CO2Injection,577.5,0.0,0.0,0.0
CO2Captured,capacity,co2_captured_CA,CA_CO2_Injection_CA_Temblor3a,CA_CO2_Injection_CA_Temblor3a_co2_captured_edge,CO2Injection,8084.9,0.0,0.0,0.0
CO2Captured,capacity,co2_captured_CA,CA_CO2_Injection_CA_Temblor3b,CA_CO2_Injection_CA_Temblor3b_co2_captured_edge,CO2Injection,8084.9,0.0,0.0,0.0
CO2Captured,capacity,co2_captured_CA,CA_CO2_Injection_CA_Temblor3c,CA_CO2_Injection_CA_Temblor3c_co2_captured_edge,CO2Injection,8084.9,0.0,0.0,0.0
CO2Captured,capacity,co2_captured_CA,CA_CO2_Injection_CA_Stevens1,CA_CO2_Injection_CA_Stevens1_co2_captured_edge,CO2Injection,577.5,0.0,0.0,0.0
CO2Captured,capacity,co2_captured_NW,NW_CO2_Injection_NW_Frontier3,NW_CO2_Injection_NW_Frontier3_co2_captured_edge,CO2Injection,12127.3,0.0,0.0,0.0
CO2Captured,capacity,co2_captured_NW,NW_CO2_Injection_NW_Entrada2,NW_CO2_Injection_NW_Entrada2_co2_captured_edge,CO2Injection,35804.5,0.0,0.0,0.0
CO2Captured,capacity,co2_captured_NW,NW_CO2_Injection_NW_Tensleep4,NW_CO2_Injection_NW_Tensleep4_co2_captured_edge,CO2Injection,31184.5,0.0,0.0,0.0
CO2Captured,capacity,co2_captured_NW,NW_CO2_Injection_NW_Lance1,NW_CO2_Injection_NW_Lance1_co2_captured_edge,CO2Injection,4042.4,0.0,0.0,0.0
CO2Captured,capacity,co2_captured_NW,NW_CO2_Injection_NW_Tensleep5,NW_CO2_Injection_NW_Tensleep5_co2_captured_edge,CO2Injection,18479.7,0.0,0.0,0.0
CO2Captured,capacity,co2_captured_NW,NW_CO2_Injection_NW_Morrison7,NW_CO2_Injection_NW_Morrison7_co2_captured_edge,CO2Injection,6352.4,0.0,0.0,0.0
CO2Captured,capacity,co2_captured_NW,NW_CO2_Injection_NW_Red_River1,NW_CO2_Injection_NW_Red_River1_co2_captured_edge,CO2Injection,57749.1,0.0,0.0,0.0
CO2Captured,capacity,co2_captured_NW,NW_CO2_Injection_NW_Maha01,NW_CO2_Injection_NW_Maha01_co2_captured_edge,CO2Injection,9239.9,0.0,0.0,0.0
CO2Captured,capacity,co2_captured_NW,NW_CO2_Injection_NW_Fort_Union2,NW_CO2_Injection_NW_Fort_Union2_co2_captured_edge,CO2Injection,3464.9,0.0,0.0,0.0
CO2Captured,capacity,co2_captured_NW,NW_CO2_Injection_NW_Entrada6,NW_CO2_Injection_NW_Entrada6_co2_captured_edge,CO2Injection,2887.5,0.0,0.0,0.0
CO2Captured,capacity,co2_captured_NW,NW_CO2_Injection_NW_Morrison8,NW_CO2_Injection_NW_Morrison8_co2_captured_edge,CO2Injection,9239.9,0.0,0.0,0.0
CO2Captured,capacity,co2_captured_NW,NW_CO2_Injection_NW_Madison_GpMission_Canyon__Fm1,NW_CO2_Injection_NW_Madison_GpMission_Canyon__Fm1_co2_captured_edge,CO2Injection,16169.8,0.0,0.0,0.0
CO2Captured,capacity,co2_captured_NW,NW_CO2_Injection_NW_InyanKara2,NW_CO2_Injection_NW_InyanKara2_co2_captured_edge,CO2Injection,12704.8,0.0,0.0,0.0
CO2Captured,capacity,co2_captured_NW,NW_CO2_Injection_NW_Minnelusa2,NW_CO2_Injection_NW_Minnelusa2_co2_captured_edge,CO2Injection,11549.8,0.0,0.0,0.0
CO2Captured,capacity,co2_captured_NW,NW_CO2_Injection_NW_InyanKara3,NW_CO2_Injection_NW_InyanKara3_co2_captured_edge,CO2Injection,39269.4,0.0,0.0,0.0
CO2Captured,capacity,co2_captured_NW,NW_CO2_Injection_NW_InyanKara1,NW_CO2_Injection_NW_InyanKara1_co2_captured_edge,CO2Injection,33494.5,0.0,0.0,0.0
CO2Captured,capacity,co2_captured_NW,NW_CO2_Injection_NW_Arbuckle3,NW_CO2_Injection_NW_Arbuckle3_co2_captured_edge,CO2Injection,1732.5,0.0,0.0,0.0
CO2Captured,capacity,co2_captured_NW,NW_CO2_Injection_NW_Red_River2,NW_CO2_Injection_NW_Red_River2_co2_captured_edge,CO2Injection,13859.8,0.0,0.0,0.0
CO2Captured,capacity,co2_captured_NW,NW_CO2_Injection_NW_Arbuckle2,NW_CO2_Injection_NW_Arbuckle2_co2_captured_edge,CO2Injection,8662.4,0.0,0.0,0.0
CO2Captured,capacity,co2_captured_NW,NW_CO2_Injection_NW_Madison_GpMission_Canyon_Fm4,NW_CO2_Injection_NW_Madison_GpMission_Canyon_Fm4_co2_captured_edge,CO2Injection,21944.7,0.0,0.0,0.0
CO2Captured,capacity,co2_captured_NW,NW_CO2_Injection_NW_Nugget1,NW_CO2_Injection_NW_Nugget1_co2_captured_edge,CO2Injection,10394.8,0.0,0.0,0.0
CO2Captured,capacity,co2_captured_NW,NW_CO2_Injection_NW_Nugget2,NW_CO2_Injection_NW_Nugget2_co2_captured_edge,CO2Injection,35804.5,0.0,0.0,0.0
CO2Captured,capacity,co2_captured_NW,NW_CO2_Injection_NW_Nugget4,NW_CO2_Injection_NW_Nugget4_co2_captured_edge,CO2Injection,3464.9,0.0,0.0,0.0
CO2Captured,capacity,co2_captured_NW,NW_CO2_Injection_NW_Madison1,NW_CO2_Injection_NW_Madison1_co2_captured_edge,CO2Injection,8084.9,0.0,0.0,0.0
CO2Captured,capacity,co2_captured_NW,NW_CO2_Injection_NW_Morrison6,NW_CO2_Injection_NW_Morrison6_co2_captured_edge,CO2Injection,5774.9,0.0,0.0,0.0
CO2Captured,capacity,co2_captured_NW,NW_CO2_Injection_NW_Entrada1,NW_CO2_Injection_NW_Entrada1_co2_captured_edge,CO2Injection,20789.7,0.0,0.0,0.0
CO2Captured,capacity,co2_captured_NW,NW_CO2_Injection_NW_Minnelusa1,NW_CO2_Injection_NW_Minnelusa1_co2_captured_edge,CO2Injection,7507.4,0.0,0.0,0.0
CO2Captured,capacity,co2_captured_NW,NW_CO2_Injection_NW_Madison_GpMission_Canyon_Fm2,NW_CO2_Injection_NW_Madison_GpMission_Canyon_Fm2_co2_captured_edge,CO2Injection,1155.0,0.0,0.0,0.0
CO2Captured,capacity,co2_captured_NW,NW_CO2_Injection_NW_DuperowLower_1,NW_CO2_Injection_NW_DuperowLower_1_co2_captured_edge,CO2Injection,1155.0,0.0,0.0,0.0
CO2Captured,capacity,co2_captured_NW,NW_CO2_Injection_NW_Basal_Cambrian1,NW_CO2_Injection_NW_Basal_Cambrian1_co2_captured_edge,CO2Injection,12704.8,0.0,0.0,0.0
CO2Captured,capacity,co2_captured_NW,NW_CO2_Injection_NW_Dakota02,NW_CO2_Injection_NW_Dakota02_co2_captured_edge,CO2Injection,5774.9,0.0,0.0,0.0
CO2Captured,capacity,co2_captured_NW,NW_CO2_Injection_NW_Basal_Cambrian7,NW_CO2_Injection_NW_Basal_Cambrian7_co2_captured_edge,CO2Injection,14437.3,0.0,0.0,0.0
CO2Captured,capacity,co2_captured_NW,NW_CO2_Injection_NW_Fountain1b,NW_CO2_Injection_NW_Fountain1b_co2_captured_edge,CO2Injection,2310.0,0.0,0.0,0.0
CO2Captured,capacity,co2_captured_NW,NW_CO2_Injection_NW_Fountain2b,NW_CO2_Injection_NW_Fountain2b_co2_captured_edge,CO2Injection,1155.0,0.0,0.0,0.0
CO2Captured,capacity,co2_captured_NW,NW_CO2_Injection_NW_Morrison3,NW_CO2_Injection_NW_Morrison3_co2_captured_edge,CO2Injection,6352.4,0.0,0.0,0.0
CO2Captured,capacity,co2_captured_NW,NW_CO2_Injection_NW_Weber2,NW_CO2_Injection_NW_Weber2_co2_captured_edge,CO2Injection,1155.0,0.0,0.0,0.0
CO2Captured,capacity,co2_captured_NW,NW_CO2_Injection_NW_Basal_Cambrian4,NW_CO2_Injection_NW_Basal_Cambrian4_co2_captured_edge,CO2Injection,13859.8,0.0,0.0,0.0
CO2Captured,capacity,co2_captured_SW,SW_CO2_Injection_SW_Forbes,SW_CO2_Injection_SW_Forbes_co2_captured_edge,CO2Injection,39269.4,0.0,0.0,0.0
CO2Captured,capacity,co2_captured_SW,SW_CO2_Injection_SW_Mokelumne_River1,SW_CO2_Injection_SW_Mokelumne_River1_co2_captured_edge,CO2Injection,4619.9,0.0,0.0,0.0
CO2Captured,capacity,co2_captured_SW,SW_CO2_Injection_SW_Moreno1Starkey,SW_CO2_Injection_SW_Moreno1Starkey_co2_captured_edge,CO2Injection,56594.1,0.0,0.0,0.0
CO2Captured,capacity,co2_captured_SW,SW_CO2_Injection_SW_Mokelumne_River2,SW_CO2_Injection_SW_Mokelumne_River2_co2_captured_edge,CO2Injection,83158.7,0.0,0.0,0.0
CO2Captured,capacity,co2_captured_SW,SW_CO2_Injection_SW_Domengine2,SW_CO2_Injection_SW_Domengine2_co2_captured_edge,CO2Injection,46199.3,0.0,0.0,0.0
CO2Captured,capacity,co2_captured_SW,SW_CO2_Injection_SW_Winters2,SW_CO2_Injection_SW_Winters2_co2_captured_edge,CO2Injection,80271.3,0.0,0.0,0.0
CO2Captured,capacity,co2_captured_SW,SW_CO2_Injection_SW_Starkey1,SW_CO2_Injection_SW_Starkey1_co2_captured_edge,CO2Injection,2887.5,0.0,0.0,0.0
CO2Captured,capacity,co2_captured_SW,SW_CO2_Injection_SW_Seven_Rivers1,SW_CO2_Injection_SW_Seven_Rivers1_co2_captured_edge,CO2Injection,50819.2,0.0,0.0,0.0
CO2Captured,capacity,co2_captured_SW,SW_CO2_Injection_SW_Wolfcamp1,SW_CO2_Injection_SW_Wolfcamp1_co2_captured_edge,CO2Injection,37536.9,0.0,0.0,0.0
CO2Captured,capacity,co2_captured_SW,SW_CO2_Injection_SW_Arbuckle4,SW_CO2_Injection_SW_Arbuckle4_co2_captured_edge,CO2Injection,42734.4,0.0,0.0,0.0
CO2Captured,capacity,co2_captured_SW,SW_CO2_Injection_SW_Domengine1,SW_CO2_Injection_SW_Domengine1_co2_captured_edge,CO2Injection,5774.9,0.0,0.0,0.0
CO2Captured,capacity,co2_captured_SW,SW_CO2_Injection_SW_Wolfcamp2,SW_CO2_Injection_SW_Wolfcamp2_co2_captured_edge,CO2Injection,21367.2,0.0,0.0,0.0
CO2Captured,capacity,co2_captured_SW,SW_CO2_Injection_SW_Morrison2,SW_CO2_Injection_SW_Morrison2_co2_captured_edge,CO2Injection,6929.9,0.0,0.0,0.0
CO2Captured,capacity,co2_captured_SW,SW_CO2_Injection_SW_Seven_Rivers2,SW_CO2_Injection_SW_Seven_Rivers2_co2_captured_edge,CO2Injection,9239.9,0.0,0.0,0.0
CO2Captured,capacity,co2_captured_SW,SW_CO2_Injection_SW_Monterey1a,SW_CO2_Injection_SW_Monterey1a_co2_captured_edge,CO2Injection,124160.6,0.0,0.0,0.0
CO2Captured,capacity,co2_captured_SW,SW_CO2_Injection_SW_Monterey1b,SW_CO2_Injection_SW_Monterey1b_co2_captured_edge,CO2Injection,124738.1,0.0,0.0,0.0
CO2Captured,capacity,co2_captured_SW,SW_CO2_Injection_SW_Morrison1,SW_CO2_Injection_SW_Morrison1_co2_captured_edge,CO2Injection,1155.0,0.0,0.0,0.0
CO2Captured,capacity,co2_captured_SW,SW_CO2_Injection_SW_Leonard2,SW_CO2_Injection_SW_Leonard2_co2_captured_edge,CO2Injection,6929.9,0.0,0.0,0.0
CO2Captured,capacity,co2_captured_SW,SW_CO2_Injection_SW_Canyon2,SW_CO2_Injection_SW_Canyon2_co2_captured_edge,CO2Injection,7507.4,0.0,0.0,0.0
CO2Captured,capacity,co2_captured_SW,SW_CO2_Injection_SW_Leonard1,SW_CO2_Injection_SW_Leonard1_co2_captured_edge,CO2Injection,39269.4,0.0,0.0,0.0
CO2Captured,capacity,co2_captured_SW,SW_CO2_Injection_SW_Canyon1,SW_CO2_Injection_SW_Canyon1_co2_captured_edge,CO2Injection,13859.8,0.0,0.0,0.0
CO2Captured,capacity,co2_captured_SW,SW_CO2_Injection_SW_Canyon4,SW_CO2_Injection_SW_Canyon4_co2_captured_edge,CO2Injection,9817.4,0.0,0.0,0.0
CO2Captured,capacity,co2_captured_SW,SW_CO2_Injection_SW_Canyon3,SW_CO2_Injection_SW_Canyon3_co2_captured_edge,CO2Injection,56594.1,0.0,0.0,0.0
CO2Captured,capacity,co2_captured_SW,SW_CO2_Injection_SW_Navajo01,SW_CO2_Injection_SW_Navajo01_co2_captured_edge,CO2Injection,1155.0,0.0,0.0,0.0
CO2Captured,capacity,co2_captured_SW,SW_CO2_Injection_SW_Queen1,SW_CO2_Injection_SW_Queen1_co2_captured_edge,CO2Injection,32917.0,0.0,0.0,0.0
CO2Captured,capacity,co2_captured_SW,SW_CO2_Injection_SW_Queen2,SW_CO2_Injection_SW_Queen2_co2_captured_edge,CO2Injection,5774.9,0.0,0.0,0.0
CO2Captured,capacity,co2_captured_SW,SW_CO2_Injection_SW_Winters1a,SW_CO2_Injection_SW_Winters1a_co2_captured_edge,CO2Injection,2310.0,0.0,0.0,0.0
CO2Captured,capacity,co2_captured_SW,SW_CO2_Injection_SW_Winters1b,SW_CO2_Injection_SW_Winters1b_co2_captured_edge,CO2Injection,2310.0,0.0,0.0,0.0
CO2Captured,capacity,co2_captured_SW,SW_CO2_Injection_SW_Winters1c,SW_CO2_Injection_SW_Winters1c_co2_captured_edge,CO2Injection,1732.5,0.0,0.0,0.0
CO2Captured,capacity,co2_captured_SW,SW_CO2_Injection_SW_Entrada8,SW_CO2_Injection_SW_Entrada8_co2_captured_edge,CO2Injection,4619.9,0.0,0.0,0.0
CO2Captured,capacity,co2_captured_SW,SW_CO2_Injection_SW_Atoka2,SW_CO2_Injection_SW_Atoka2_co2_captured_edge,CO2Injection,5774.9,0.0,0.0,0.0
CO2Captured,capacity,co2_captured_SW,SW_CO2_Injection_SW_Hermosa1b,SW_CO2_Injection_SW_Hermosa1b_co2_captured_edge,CO2Injection,577.5,0.0,0.0,0.0
CO2Captured,capacity,co2_captured_SW,SW_CO2_Injection_SW_Atoka1,SW_CO2_Injection_SW_Atoka1_co2_captured_edge,CO2Injection,34072.0,0.0,0.0,0.0
CO2Captured,capacity,co2_captured_SW,SW_CO2_Injection_SW_Hermosa1a,SW_CO2_Injection_SW_Hermosa1a_co2_captured_edge,CO2Injection,577.5,0.0,0.0,0.0
CO2Captured,capacity,co2_captured_SW,SW_CO2_Injection_SW_Cisco4,SW_CO2_Injection_SW_Cisco4_co2_captured_edge,CO2Injection,5197.4,0.0,0.0,0.0
CO2Captured,capacity,co2_captured_SW,SW_CO2_Injection_SW_Cisco3,SW_CO2_Injection_SW_Cisco3_co2_captured_edge,CO2Injection,31184.5,0.0,0.0,0.0
CO2Captured,capacity,co2_captured_SW,SW_CO2_Injection_SW_Cisco1,SW_CO2_Injection_SW_Cisco1_co2_captured_edge,CO2Injection,7507.4,0.0,0.0,0.0
CO2Captured,capacity,co2_captured_SW,SW_CO2_Injection_SW_Cisco2,SW_CO2_Injection_SW_Cisco2_co2_captured_edge,CO2Injection,4042.4,0.0,0.0,0.0
CO2Captured,capacity,co2_captured_SW,SW_CO2_Injection_SW_Entrada9,SW_CO2_Injection_SW_Entrada9_co2_captured_edge,CO2Injection,10394.8,0.0,0.0,0.0
CO2Captured,capacity,co2_captured_TX,TX_CO2_Injection_TX_Frio02,TX_CO2_Injection_TX_Frio02_co2_captured_edge,CO2Injection,25987.1,0.0,0.0,0.0
CO2Captured,capacity,co2_captured_TX,TX_CO2_Injection_TX_Frio03a,TX_CO2_Injection_TX_Frio03a_co2_captured_edge,CO2Injection,28297.1,0.0,0.0,0.0
CO2Captured,capacity,co2_captured_TX,TX_CO2_Injection_TX_Frio06,TX_CO2_Injection_TX_Frio06_co2_captured_edge,CO2Injection,42156.9,0.0,0.0,0.0
CO2Captured,capacity,co2_captured_TX,TX_CO2_Injection_TX_Frio09a,TX_CO2_Injection_TX_Frio09a_co2_captured_edge,CO2Injection,54861.7,0.0,0.0,0.0
CO2Captured,capacity,co2_captured_TX,TX_CO2_Injection_TX_Frio12a,TX_CO2_Injection_TX_Frio12a_co2_captured_edge,CO2Injection,46776.8,0.0,0.0,0.0
CO2Captured,capacity,co2_captured_TX,TX_CO2_Injection_TX_Frio12b,TX_CO2_Injection_TX_Frio12b_co2_captured_edge,CO2Injection,42734.4,0.0,0.0,0.0
CO2Captured,capacity,co2_captured_TX,TX_CO2_Injection_TX_Frio07a,TX_CO2_Injection_TX_Frio07a_co2_captured_edge,CO2Injection,38114.4,0.0,0.0,0.0
CO2Captured,capacity,co2_captured_TX,TX_CO2_Injection_TX_Frio10,TX_CO2_Injection_TX_Frio10_co2_captured_edge,CO2Injection,46199.3,0.0,0.0,0.0
CO2Captured,capacity,co2_captured_TX,TX_CO2_Injection_TX_Frio04,TX_CO2_Injection_TX_Frio04_co2_captured_edge,CO2Injection,10972.3,0.0,0.0,0.0
CO2Captured,capacity,co2_captured_TX,TX_CO2_Injection_TX_Frio13a,TX_CO2_Injection_TX_Frio13a_co2_captured_edge,CO2Injection,32339.5,0.0,0.0,0.0
CO2Captured,capacity,co2_captured_TX,TX_CO2_Injection_TX_Frio01,TX_CO2_Injection_TX_Frio01_co2_captured_edge,CO2Injection,12704.8,0.0,0.0,0.0
CO2Captured,capacity,co2_captured_TX,TX_CO2_Injection_TX_Frio03b,TX_CO2_Injection_TX_Frio03b_co2_captured_edge,CO2Injection,13282.3,0.0,0.0,0.0
CO2Captured,capacity,co2_captured_TX,TX_CO2_Injection_TX_Frio09b,TX_CO2_Injection_TX_Frio09b_co2_captured_edge,CO2Injection,25409.6,0.0,0.0,0.0
CO2Captured,capacity,co2_captured_TX,TX_CO2_Injection_TX_Frio13b,TX_CO2_Injection_TX_Frio13b_co2_captured_edge,CO2Injection,29452.1,0.0,0.0,0.0
CO2Captured,capacity,co2_captured_TX,TX_CO2_Injection_TX_Frio13c,TX_CO2_Injection_TX_Frio13c_co2_captured_edge,CO2Injection,25987.1,0.0,0.0,0.0
CO2Captured,capacity,co2_captured_TX,TX_CO2_Injection_TX_Frio11,TX_CO2_Injection_TX_Frio11_co2_captured_edge,CO2Injection,3464.9,0.0,0.0,0.0
CO2Captured,capacity,co2_captured_TX,TX_CO2_Injection_TX_Frio08,TX_CO2_Injection_TX_Frio08_co2_captured_edge,CO2Injection,15014.8,0.0,0.0,0.0
CO2Captured,capacity,co2_captured_TX,TX_CO2_Injection_TX_Lower_Tuscaloosa08,TX_CO2_Injection_TX_Lower_Tuscaloosa08_co2_captured_edge,CO2Injection,86046.2,0.0,0.0,0.0
CO2Captured,capacity,co2_captured_TX,TX_CO2_Injection_TX_Frio05,TX_CO2_Injection_TX_Frio05_co2_captured_edge,CO2Injection,2310.0,0.0,0.0,0.0
CO2Captured,capacity,co2_captured_TX,TX_CO2_Injection_TX_Lower_Tuscaloosa09,TX_CO2_Injection_TX_Lower_Tuscaloosa09_co2_captured_edge,CO2Injection,37536.9,0.0,0.0,0.0
CO2Captured,capacity,co2_captured_TX,TX_CO2_Injection_TX_WashitaFredericksburg3,TX_CO2_Injection_TX_WashitaFredericksburg3_co2_captured_edge,CO2Injection,15592.3,0.0,0.0,0.0
CO2Captured,capacity,co2_captured_TX,TX_CO2_Injection_TX_Paluxy1,TX_CO2_Injection_TX_Paluxy1_co2_captured_edge,CO2Injection,1732.5,0.0,0.0,0.0
CO2Captured,capacity,co2_captured_TX,TX_CO2_Injection_TX_Frio07b,TX_CO2_Injection_TX_Frio07b_co2_captured_edge,CO2Injection,6929.9,0.0,0.0,0.0
CO2Captured,capacity,co2_captured_TX,TX_CO2_Injection_TX_Lower_Tuscaloosa06,TX_CO2_Injection_TX_Lower_Tuscaloosa06_co2_captured_edge,CO2Injection,43311.8,0.0,0.0,0.0
CO2Captured,capacity,co2_captured_NCEN,NCEN_CO2_Injection_NCEN_Mount_Simon03,NCEN_CO2_Injection_NCEN_Mount_Simon03_co2_captured_edge,CO2Injection,90088.6,0.0,0.0,0.0
CO2Captured,capacity,co2_captured_NCEN,NCEN_CO2_Injection_NCEN_Mount_Simon06,NCEN_CO2_Injection_NCEN_Mount_Simon06_co2_captured_edge,CO2Injection,88356.2,0.0,0.0,0.0
CO2Captured,capacity,co2_captured_NCEN,NCEN_CO2_Injection_NCEN_Mount_Simon07,NCEN_CO2_Injection_NCEN_Mount_Simon07_co2_captured_edge,CO2Injection,18479.7,0.0,0.0,0.0
CO2Captured,capacity,co2_captured_NCEN,NCEN_CO2_Injection_NCEN_Mount_Simon05,NCEN_CO2_Injection_NCEN_Mount_Simon05_co2_captured_edge,CO2Injection,5774.9,0.0,0.0,0.0
CO2Captured,capacity,co2_captured_NCEN,NCEN_CO2_Injection_NCEN_Mount_Simon02,NCEN_CO2_Injection_NCEN_Mount_Simon02_co2_captured_edge,CO2Injection,6352.4,0.0,0.0,0.0
CO2Captured,capacity,co2_captured_NCEN,NCEN_CO2_Injection_NCEN_Knox3,NCEN_CO2_Injection_NCEN_Knox3_co2_captured_edge,CO2Injection,6929.9,0.0,0.0,0.0
CO2Captured,capacity,co2_captured_NCEN,NCEN_CO2_Injection_NCEN_Knox5,NCEN_CO2_Injection_NCEN_Knox5_co2_captured_edge,CO2Injection,2310.0,0.0,0.0,0.0
CO2Captured,capacity,co2_captured_NCEN,NCEN_CO2_Injection_NCEN_Knox1,NCEN_CO2_Injection_NCEN_Knox1_co2_captured_edge,CO2Injection,9817.4,0.0,0.0,0.0
CO2Captured,capacity,co2_captured_NCEN,NCEN_CO2_Injection_NCEN_StPeter07,NCEN_CO2_Injection_NCEN_StPeter07_co2_captured_edge,CO2Injection,1732.5,0.0,0.0,0.0
CO2Captured,capacity,co2_captured_NCEN,NCEN_CO2_Injection_NCEN_Mount_Simon08,NCEN_CO2_Injection_NCEN_Mount_Simon08_co2_captured_edge,CO2Injection,4619.9,0.0,0.0,0.0
CO2Captured,capacity,co2_captured_NCEN,NCEN_CO2_Injection_NCEN_Knox4,NCEN_CO2_Injection_NCEN_Knox4_co2_captured_edge,CO2Injection,577.5,0.0,0.0,0.0
CO2Captured,capacity,co2_captured_NCEN,NCEN_CO2_Injection_NCEN_Knox6,NCEN_CO2_Injection_NCEN_Knox6_co2_captured_edge,CO2Injection,577.5,0.0,0.0,0.0
CO2Captured,capacity,co2_captured_NCEN,NCEN_CO2_Injection_NCEN_Mount_Simon10,NCEN_CO2_Injection_NCEN_Mount_Simon10_co2_captured_edge,CO2Injection,15592.3,0.0,0.0,0.0
CO2Captured,capacity,co2_captured_NCEN,NCEN_CO2_Injection_NCEN_Knox2,NCEN_CO2_Injection_NCEN_Knox2_co2_captured_edge,CO2Injection,2310.0,0.0,0.0,0.0
CO2Captured,capacity,co2_captured_NCEN,NCEN_CO2_Injection_NCEN_Niagaran01,NCEN_CO2_Injection_NCEN_Niagaran01_co2_captured_edge,CO2Injection,6929.9,0.0,0.0,0.0
CO2Captured,capacity,co2_captured_CEN,CEN_CO2_Injection_CEN_Woodbine1,CEN_CO2_Injection_CEN_Woodbine1_co2_captured_edge,CO2Injection,150147.7,0.0,0.0,0.0
CO2Captured,capacity,co2_captured_CEN,CEN_CO2_Injection_CEN_Lower_Tuscaloosa01,CEN_CO2_Injection_CEN_Lower_Tuscaloosa01_co2_captured_edge,CO2Injection,75651.4,0.0,0.0,0.0
CO2Captured,capacity,co2_captured_CEN,CEN_CO2_Injection_CEN_Lower_Tuscaloosa10,CEN_CO2_Injection_CEN_Lower_Tuscaloosa10_co2_captured_edge,CO2Injection,46199.3,0.0,0.0,0.0
CO2Captured,capacity,co2_captured_CEN,CEN_CO2_Injection_CEN_Arbuckle1,CEN_CO2_Injection_CEN_Arbuckle1_co2_captured_edge,CO2Injection,9817.4,0.0,0.0,0.0
CO2Captured,capacity,co2_captured_CEN,CEN_CO2_Injection_CEN_Paluxy6,CEN_CO2_Injection_CEN_Paluxy6_co2_captured_edge,CO2Injection,20789.7,0.0,0.0,0.0
CO2Captured,capacity,co2_captured_CEN,CEN_CO2_Injection_CEN_Paluxy2,CEN_CO2_Injection_CEN_Paluxy2_co2_captured_edge,CO2Injection,46776.8,0.0,0.0,0.0
CO2Captured,capacity,co2_captured_CEN,CEN_CO2_Injection_CEN_Paluxy3,CEN_CO2_Injection_CEN_Paluxy3_co2_captured_edge,CO2Injection,36959.4,0.0,0.0,0.0
CO2Captured,capacity,co2_captured_CEN,CEN_CO2_Injection_CEN_Basal_Cambrian8,CEN_CO2_Injection_CEN_Basal_Cambrian8_co2_captured_edge,CO2Injection,25409.6,0.0,0.0,0.0
CO2Captured,capacity,co2_captured_CEN,CEN_CO2_Injection_CEN_Lower_Tuscaloosa07,CEN_CO2_Injection_CEN_Lower_Tuscaloosa07_co2_captured_edge,CO2Injection,4619.9,0.0,0.0,0.0
CO2Captured,capacity,co2_captured_SE,SE_CO2_Injection_SE_WashitaFredericksburg1,SE_CO2_Injection_SE_WashitaFredericksburg1_co2_captured_edge,CO2Injection,19634.7,0.0,0.0,0.0
CO2Captured,capacity,co2_captured_SE,SE_CO2_Injection_SE_Lower_Tuscaloosa02,SE_CO2_Injection_SE_Lower_Tuscaloosa02_co2_captured_edge,CO2Injection,21367.2,0.0,0.0,0.0
CO2Captured,capacity,co2_captured_SE,SE_CO2_Injection_SE_WashitaFredericksburg2,SE_CO2_Injection_SE_WashitaFredericksburg2_co2_captured_edge,CO2Injection,12704.8,0.0,0.0,0.0
CO2Captured,capacity,co2_captured_SE,SE_CO2_Injection_SE_Cedar_KeysLawson2,SE_CO2_Injection_SE_Cedar_KeysLawson2_co2_captured_edge,CO2Injection,14437.3,0.0,0.0,0.0
CO2Captured,capacity,co2_captured_SE,SE_CO2_Injection_SE_Paluxy5,SE_CO2_Injection_SE_Paluxy5_co2_captured_edge,CO2Injection,8662.4,0.0,0.0,0.0
CO2Captured,capacity,co2_captured_SE,SE_CO2_Injection_SE_Lower_Tuscaloosa03,SE_CO2_Injection_SE_Lower_Tuscaloosa03_co2_captured_edge,CO2Injection,55439.2,0.0,0.0,0.0
CO2Captured,capacity,co2_captured_SE,SE_CO2_Injection_SE_Paluxy4,SE_CO2_Injection_SE_Paluxy4_co2_captured_edge,CO2Injection,15014.8,0.0,0.0,0.0
CO2Captured,capacity,co2_captured_SE,SE_CO2_Injection_SE_Lower_Tuscaloosa04,SE_CO2_Injection_SE_Lower_Tuscaloosa04_co2_captured_edge,CO2Injection,6929.9,0.0,0.0,0.0
CO2Captured,capacity,co2_captured_SE,SE_CO2_Injection_SE_Cedar_KeysLawson1,SE_CO2_Injection_SE_Cedar_KeysLawson1_co2_captured_edge,CO2Injection,2887.5,0.0,0.0,0.0
CO2Captured,capacity,co2_captured_SE,SE_CO2_Injection_SE_Lower_Tuscaloosa05,SE_CO2_Injection_SE_Lower_Tuscaloosa05_co2_captured_edge,CO2Injection,9239.9,0.0,0.0,0.0
CO2Captured,capacity,co2_captured_SE,SE_CO2_Injection_SE_Sunniland1,SE_CO2_Injection_SE_Sunniland1_co2_captured_edge,CO2Injection,577.5,0.0,0.0,0.0
CO2Captured,capacity,co2_captured_MIDAT,MIDAT_CO2_Injection_MIDAT_Waste_Gate1,MIDAT_CO2_Injection_MIDAT_Waste_Gate1_co2_captured_edge,CO2Injection,1155.0,0.0,0.0,0.0
CO2Captured,capacity,internal,co2_NW_to_CA,co2_NW_to_CA_charge_edge,GasStorage{CO2Captured},0.6730310441717181,0.6730310441717181,0.0,0.0
CO2Captured,capacity,internal,co2_NW_to_CA,co2_NW_to_CA_discharge_edge,GasStorage{CO2Captured},0.6730310441717181,0.6730310441717181,0.0,0.0
CO2Captured,capacity,internal,co2_CA_to_SW,co2_CA_to_SW_charge_edge,GasStorage{CO2Captured},0.712177344782222,0.7121773447822219,0.0,0.0
CO2Captured,capacity,internal,co2_CA_to_SW,co2_CA_to_SW_discharge_edge,GasStorage{CO2Captured},0.712177344782222,0.7121773447822219,0.0,0.0
CO2Captured,capacity,internal,co2_SW_to_CA,co2_SW_to_CA_charge_edge,GasStorage{CO2Captured},1.1929569719621964,1.1929569719621964,0.0,0.0
CO2Captured,capacity,internal,co2_SW_to_CA,co2_SW_to_CA_discharge_edge,GasStorage{CO2Captured},1.1929569719621964,1.1929569719621964,0.0,0.0
CO2Captured,capacity,internal,co2_NW_to_SW,co2_NW_to_SW_charge_edge,GasStorage{CO2Captured},0.4976382731067749,0.49763827310677483,0.0,0.0
CO2Captured,capacity,internal,co2_NW_to_SW,co2_NW_to_SW_discharge_edge,GasStorage{CO2Captured},0.4976382731067749,0.49763827310677483,0.0,0.0
CO2Captured,capacity,internal,co2_SW_to_NW,co2_SW_to_NW_charge_edge,GasStorage{CO2Captured},0.7549957283358908,0.7549957283358907,0.0,0.0
CO2Captured,capacity,internal,co2_SW_to_NW,co2_SW_to_NW_discharge_edge,GasStorage{CO2Captured},0.7549957283358908,0.7549957283358907,0.0,0.0
CO2Captured,capacity,internal,co2_SW_to_CEN,co2_SW_to_CEN_charge_edge,GasStorage{CO2Captured},0.5867618693880335,0.5867618693880335,0.0,0.0
CO2Captured,capacity,internal,co2_SW_to_CEN,co2_SW_to_CEN_discharge_edge,GasStorage{CO2Captured},0.5867618693880335,0.5867618693880335,0.0,0.0
CO2Captured,capacity,internal,co2_CEN_to_SW,co2_CEN_to_SW_charge_edge,GasStorage{CO2Captured},0.6511951816565896,0.6511951816565896,0.0,0.0
CO2Captured,capacity,internal,co2_CEN_to_SW,co2_CEN_to_SW_discharge_edge,GasStorage{CO2Captured},0.6511951816565896,0.6511951816565896,0.0,0.0
CO2Captured,capacity,internal,co2_TX_to_CEN,co2_TX_to_CEN_charge_edge,GasStorage{CO2Captured},0.8676924717365537,0.8676924717365537,0.0,0.0
CO2Captured,capacity,internal,co2_TX_to_CEN,co2_TX_to_CEN_discharge_edge,GasStorage{CO2Captured},0.8676924717365537,0.8676924717365537,0.0,0.0
CO2Captured,capacity,internal,co2_CEN_to_TX,co2_CEN_to_TX_charge_edge,GasStorage{CO2Captured},0.9409153043245738,0.9409153043245738,0.0,0.0
CO2Captured,capacity,internal,co2_CEN_to_TX,co2_CEN_to_TX_discharge_edge,GasStorage{CO2Captured},0.9409153043245738,0.9409153043245738,0.0,0.0
CO2Captured,capacity,internal,co2_NCEN_to_CEN,co2_NCEN_to_CEN_charge_edge,GasStorage{CO2Captured},1.1756966490039304,1.1756966490039304,0.0,0.0
CO2Captured,capacity,internal,co2_NCEN_to_CEN,co2_NCEN_to_CEN_discharge_edge,GasStorage{CO2Captured},1.1756966490039304,1.1756966490039304,0.0,0.0
CO2Captured,capacity,internal,co2_CEN_to_NCEN,co2_CEN_to_NCEN_charge_edge,GasStorage{CO2Captured},0.8586098785562398,0.8586098785562398,0.0,0.0
CO2Captured,capacity,internal,co2_CEN_to_NCEN,co2_CEN_to_NCEN_discharge_edge,GasStorage{CO2Captured},0.8586098785562398,0.8586098785562398,0.0,0.0
CO2Captured,capacity,internal,co2_NCEN_to_SE,co2_NCEN_to_SE_charge_edge,GasStorage{CO2Captured},0.3547355927365143,0.3547355927365143,0.0,0.0
CO2Captured,capacity,internal,co2_NCEN_to_SE,co2_NCEN_to_SE_discharge_edge,GasStorage{CO2Captured},0.3547355927365143,0.3547355927365143,0.0,0.0
CO2Captured,capacity,internal,co2_SE_to_NCEN,co2_SE_to_NCEN_charge_edge,GasStorage{CO2Captured},0.4481510793229013,0.4481510793229013,0.0,0.0
CO2Captured,capacity,internal,co2_SE_to_NCEN,co2_SE_to_NCEN_discharge_edge,GasStorage{CO2Captured},0.4481510793229013,0.4481510793229013,0.0,0.0
CO2Captured,capacity,internal,co2_NCEN_to_MIDAT,co2_NCEN_to_MIDAT_charge_edge,GasStorage{CO2Captured},0.42782480557758606,0.427824805577586,0.0,0.0
CO2Captured,capacity,internal,co2_NCEN_to_MIDAT,co2_NCEN_to_MIDAT_discharge_edge,GasStorage{CO2Captured},0.42782480557758606,0.427824805577586,0.0,0.0
CO2Captured,capacity,internal,co2_MIDAT_to_NCEN,co2_MIDAT_to_NCEN_charge_edge,GasStorage{CO2Captured},1.5686504466436915,1.5686504466436915,0.0,0.0
CO2Captured,capacity,internal,co2_MIDAT_to_NCEN,co2_MIDAT_to_NCEN_discharge_edge,GasStorage{CO2Captured},1.5686504466436915,1.5686504466436915,0.0,0.0
CO2Captured,capacity,internal,co2_CEN_to_SE,co2_CEN_to_SE_charge_edge,GasStorage{CO2Captured},0.42793616682708746,0.4279361668270874,0.0,0.0
CO2Captured,capacity,internal,co2_CEN_to_SE,co2_CEN_to_SE_discharge_edge,GasStorage{CO2Captured},0.42793616682708746,0.4279361668270874,0.0,0.0
CO2Captured,capacity,internal,co2_SE_to_CEN,co2_SE_to_CEN_charge_edge,GasStorage{CO2Captured},0.6844234719151262,0.6844234719151261,0.0,0.0
CO2Captured,capacity,internal,co2_SE_to_CEN,co2_SE_to_CEN_discharge_edge,GasStorage{CO2Captured},0.6844234719151262,0.6844234719151261,0.0,0.0
CO2Captured,capacity,internal,co2_SE_to_MIDAT,co2_SE_to_MIDAT_charge_edge,GasStorage{CO2Captured},0.7493168021116505,0.7493168021116505,0.0,0.0
CO2Captured,capacity,internal,co2_SE_to_MIDAT,co2_SE_to_MIDAT_discharge_edge,GasStorage{CO2Captured},0.7493168021116505,0.7493168021116505,0.0,0.0
CO2Captured,capacity,internal,co2_MIDAT_to_SE,co2_MIDAT_to_SE_charge_edge,GasStorage{CO2Captured},10.642249389377161,10.64224938937716,0.0,0.0
CO2Captured,capacity,internal,co2_MIDAT_to_SE,co2_MIDAT_to_SE_discharge_edge,GasStorage{CO2Captured},10.642249389377161,10.64224938937716,0.0,0.0
CO2Captured,capacity,internal,co2_MIDAT_to_NE,co2_MIDAT_to_NE_charge_edge,GasStorage{CO2Captured},0.7834242375731112,0.7834242375731112,0.0,0.0
CO2Captured,capacity,internal,co2_MIDAT_to_NE,co2_MIDAT_to_NE_discharge_edge,GasStorage{CO2Captured},0.7834242375731112,0.7834242375731112,0.0,0.0
CO2Captured,capacity,internal,co2_NE_to_MIDAT,co2_NE_to_MIDAT_charge_edge,GasStorage{CO2Captured},2.6036411450945995,2.603641145094599,0.0,0.0
CO2Captured,capacity,internal,co2_NE_to_MIDAT,co2_NE_to_MIDAT_discharge_edge,GasStorage{CO2Captured},2.6036411450945995,2.603641145094599,0.0,0.0
Electricity,capacity,elec_CA,CA_battery_moderate_0,CA_battery_moderate_0_discharge_edge,Battery,0.9852491547270092,0.9852491547270092,0.0,0.0
Electricity,capacity,elec_NW,NW_battery_moderate_0,NW_battery_moderate_0_discharge_edge,Battery,1.0028303386360418,1.0028303386360418,0.0,0.0
Electricity,capacity,elec_SW,SW_battery_moderate_0,SW_battery_moderate_0_discharge_edge,Battery,1.0315025201279757,1.0315025201279757,0.0,0.0
Electricity,capacity,elec_TX,TX_battery_moderate_0,TX_battery_moderate_0_discharge_edge,Battery,1.0834519794079445,1.0834519794079445,0.0,0.0
Electricity,capacity,elec_NCEN,NCEN_battery_moderate_0,NCEN_battery_moderate_0_discharge_edge,Battery,1.0828751324910106,1.0828751324910106,0.0,0.0
Electricity,capacity,elec_CEN,CEN_battery_moderate_0,CEN_battery_moderate_0_discharge_edge,Battery,1.079463021536794,1.079463021536794,0.0,0.0
Electricity,capacity,elec_SE,SE_battery_moderate_0,SE_battery_moderate_0_discharge_edge,Battery,1.046815356831724,1.046815356831724,0.0,0.0
Electricity,capacity,elec_MIDAT,MIDAT_battery_moderate_0,MIDAT_battery_moderate_0_discharge_edge,Battery,1.085674652942884,1.085674652942884,0.0,0.0
Electricity,capacity,elec_NE,NE_battery_moderate_0,NE_battery_moderate_0_discharge_edge,Battery,1.052186681647029,1.052186681647029,0.0,0.0
Electricity,capacity,elec_CA,CA_hydroelectric_pumped_storage_1,CA_hydroelectric_pumped_storage_1_discharge_edge,Battery,0.0,0.0,0.0,0.0
Electricity,capacity,elec_CEN,CEN_hydroelectric_pumped_storage_1,CEN_hydroelectric_pumped_storage_1_discharge_edge,Battery,0.0,0.0,0.0,0.0
Electricity,capacity,elec_MIDAT,MIDAT_hydroelectric_pumped_storage_1,MIDAT_hydroelectric_pumped_storage_1_discharge_edge,Battery,0.0,0.0,0.0,0.0
Electricity,capacity,elec_NE,NE_hydroelectric_pumped_storage_1,NE_hydroelectric_pumped_storage_1_discharge_edge,Battery,0.0,0.0,0.0,0.0
Electricity,capacity,elec_NW,NW_hydroelectric_pumped_storage_1,NW_hydroelectric_pumped_storage_1_discharge_edge,Battery,0.0,0.0,0.0,0.0
Electricity,capacity,elec_NCEN,NCEN_hydroelectric_pumped_storage_1,NCEN_hydroelectric_pumped_storage_1_discharge_edge,Battery,0.0,0.0,0.0,0.0
Electricity,capacity,elec_SE,SE_hydroelectric_pumped_storage_1,SE_hydroelectric_pumped_storage_1_discharge_edge,Battery,0.0,0.0,0.0,0.0
Electricity,capacity,elec_SW,SW_hydroelectric_pumped_storage_1,SW_hydroelectric_pumped_storage_1_discharge_edge,Battery,0.0,0.0,0.0,0.0
CO2,capacity,co2_sink,CA_Sorbent_DAC,CA_Sorbent_DAC_co2_edge,ElectricDAC,0.024038627379487826,0.024038627379487826,0.0,0.0
CO2,capacity,co2_sink,NW_Sorbent_DAC,NW_Sorbent_DAC_co2_edge,ElectricDAC,0.024545114629131542,0.024545114629131542,0.0,0.0
CO2,capacity,co2_sink,SW_Sorbent_DAC,SW_Sorbent_DAC_co2_edge,ElectricDAC,0.0243606443953845,0.0243606443953845,0.0,0.0
CO2,capacity,co2_sink,TX_Sorbent_DAC,TX_Sorbent_DAC_co2_edge,ElectricDAC,0.02584343931529031,0.02584343931529031,0.0,0.0
CO2,capacity,co2_sink,NCEN_Sorbent_DAC,NCEN_Sorbent_DAC_co2_edge,ElectricDAC,0.021966184006472073,0.021966184006472073,0.0,0.0
CO2,capacity,co2_sink,CEN_Sorbent_DAC,CEN_Sorbent_DAC_co2_edge,ElectricDAC,0.02246992916448382,0.02246992916448382,0.0,0.0
CO2,capacity,co2_sink,SE_Sorbent_DAC,SE_Sorbent_DAC_co2_edge,ElectricDAC,0.023132971245274525,0.023132971245274525,0.0,0.0
CO2,capacity,co2_sink,MIDAT_Sorbent_DAC,MIDAT_Sorbent_DAC_co2_edge,ElectricDAC,0.021498926634043628,0.021498926634043628,0.0,0.0
CO2,capacity,co2_sink,NE_Sorbent_DAC,NE_Sorbent_DAC_co2_edge,ElectricDAC,0.02059151149009698,0.02059151149009698,0.0,0.0
Hydrogen,capacity,h2_CA,CA_Electrolyzer,CA_Electrolyzer_h2_edge,Electrolyzer,0.6177949627848596,0.6177949627848596,0.0,0.0
Hydrogen,capacity,h2_NW,NW_Electrolyzer,NW_Electrolyzer_h2_edge,Electrolyzer,0.6107810037850995,0.6107810037850994,0.0,0.0
Hydrogen,capacity,h2_SW,SW_Electrolyzer,SW_Electrolyzer_h2_edge,Electrolyzer,0.6101516440811059,0.6101516440811059,0.0,0.0
Hydrogen,capacity,h2_TX,TX_Electrolyzer,TX_Electrolyzer_h2_edge,Electrolyzer,0.45543073829788966,0.45543073829788966,0.0,0.0
Hydrogen,capacity,h2_NCEN,NCEN_Electrolyzer,NCEN_Electrolyzer_h2_edge,Electrolyzer,0.5397054625360957,0.5397054625360957,0.0,0.0
Hydrogen,capacity,h2_CEN,CEN_Electrolyzer,CEN_Electrolyzer_h2_edge,Electrolyzer,0.48462011143036576,0.4846201114303657,0.0,0.0
Hydrogen,capacity,h2_SE,SE_Electrolyzer,SE_Electrolyzer_h2_edge,Electrolyzer,0.6526488542494443,0.6526488542494443,0.0,0.0
Hydrogen,capacity,h2_MIDAT,MIDAT_Electrolyzer,MIDAT_Electrolyzer_h2_edge,Electrolyzer,0.74021001656275,0.74021001656275,0.0,0.0
Hydrogen,capacity,h2_NE,NE_Electrolyzer,NE_Electrolyzer_h2_edge,Electrolyzer,1.359083826658189,1.359083826658189,0.0,0.0
Ethylene,capacity,ethylene_NE_ethylene_MIDAT,NE_to_MIDAT_Ethylene,NE_to_MIDAT_Ethylene_transmission_edge,TransmissionLink{Ethylene},1.0e24,0.0,0.0,0.0
Ethylene,capacity,ethylene_MIDAT_ethylene_SE,MIDAT_to_SE_Ethylene,MIDAT_to_SE_Ethylene_transmission_edge,TransmissionLink{Ethylene},1.0e24,0.0,0.0,0.0
Ethylene,capacity,ethylene_SE_ethylene_NCEN,SE_to_NCEN_Ethylene,SE_to_NCEN_Ethylene_transmission_edge,TransmissionLink{Ethylene},1.0e24,0.0,0.0,0.0
Ethylene,capacity,ethylene_NCEN_ethylene_CEN,NCEN_to_CEN_Ethylene,NCEN_to_CEN_Ethylene_transmission_edge,TransmissionLink{Ethylene},1.0e24,0.0,0.0,0.0
Ethylene,capacity,ethylene_CEN_ethylene_TX,CEN_to_TX_Ethylene,CEN_to_TX_Ethylene_transmission_edge,TransmissionLink{Ethylene},1.0e24,0.0,0.0,0.0
Ethylene,capacity,ethylene_TX_ethylene_SW,TX_to_SW_Ethylene,TX_to_SW_Ethylene_transmission_edge,TransmissionLink{Ethylene},1.0e24,0.0,0.0,0.0
Ethylene,capacity,ethylene_SW_ethylene_NW,SW_to_NW_Ethylene,SW_to_NW_Ethylene_transmission_edge,TransmissionLink{Ethylene},1.0e24,0.0,0.0,0.0
Ethylene,capacity,ethylene_NW_ethylene_CA,NW_to_CA_Ethylene,NW_to_CA_Ethylene_transmission_edge,TransmissionLink{Ethylene},1.0e24,0.0,0.0,0.0
Electricity,capacity,elec_CA,CA_onshore_wind_turbine_1,CA_onshore_wind_turbine_1_edge,VRE,0.0,0.0,0.0,0.0
Electricity,capacity,elec_CA,CA_solar_photovoltaic_1,CA_solar_photovoltaic_1_edge,VRE,0.0,0.0,0.0,0.0
Electricity,capacity,elec_CEN,CEN_onshore_wind_turbine_1,CEN_onshore_wind_turbine_1_edge,VRE,0.0,0.0,0.0,0.0
Electricity,capacity,elec_CEN,CEN_solar_photovoltaic_1,CEN_solar_photovoltaic_1_edge,VRE,0.0,0.0,0.0,0.0
Electricity,capacity,elec_MIDAT,MIDAT_onshore_wind_turbine_1,MIDAT_onshore_wind_turbine_1_edge,VRE,0.0,0.0,0.0,0.0
Electricity,capacity,elec_MIDAT,MIDAT_solar_photovoltaic_1,MIDAT_solar_photovoltaic_1_edge,VRE,0.0,0.0,0.0,0.0
Electricity,capacity,elec_NE,NE_onshore_wind_turbine_1,NE_onshore_wind_turbine_1_edge,VRE,0.0,0.0,0.0,0.0
Electricity,capacity,elec_NE,NE_solar_photovoltaic_1,NE_solar_photovoltaic_1_edge,VRE,0.0,0.0,0.0,0.0
Electricity,capacity,elec_NW,NW_onshore_wind_turbine_1,NW_onshore_wind_turbine_1_edge,VRE,0.0,0.0,0.0,0.0
Electricity,capacity,elec_NW,NW_solar_photovoltaic_1,NW_solar_photovoltaic_1_edge,VRE,0.0,0.0,0.0,0.0
Electricity,capacity,elec_NCEN,NCEN_onshore_wind_turbine_1,NCEN_onshore_wind_turbine_1_edge,VRE,0.0,0.0,0.0,0.0
Electricity,capacity,elec_NCEN,NCEN_solar_photovoltaic_1,NCEN_solar_photovoltaic_1_edge,VRE,0.0,0.0,0.0,0.0
Electricity,capacity,elec_SE,SE_solar_photovoltaic_1,SE_solar_photovoltaic_1_edge,VRE,0.0,0.0,0.0,0.0
Electricity,capacity,elec_SW,SW_onshore_wind_turbine_1,SW_onshore_wind_turbine_1_edge,VRE,0.0,0.0,0.0,0.0
Electricity,capacity,elec_SW,SW_solar_photovoltaic_1,SW_solar_photovoltaic_1_edge,VRE,0.0,0.0,0.0,0.0
Electricity,capacity,elec_TX,TX_onshore_wind_turbine_1,TX_onshore_wind_turbine_1_edge,VRE,0.0,0.0,0.0,0.0
Electricity,capacity,elec_TX,TX_solar_photovoltaic_1,TX_solar_photovoltaic_1_edge,VRE,0.0,0.0,0.0,0.0
Electricity,capacity,elec_CA,CA_CCGT-H2,CA_CCGT-H2_elec_edge,ThermalPower{Hydrogen},3.7927164356367706,3.7927164356367706,0.0,0.0
Electricity,capacity,elec_NW,NW_CCGT-H2,NW_CCGT-H2_elec_edge,ThermalPower{Hydrogen},2.7316220698014573,2.7316220698014573,0.0,0.0
Electricity,capacity,elec_SW,SW_CCGT-H2,SW_CCGT-H2_elec_edge,ThermalPower{Hydrogen},2.3059552821874947,2.3059552821874947,0.0,0.0
Electricity,capacity,elec_TX,TX_CCGT-H2,TX_CCGT-H2_elec_edge,ThermalPower{Hydrogen},5.007378403476865,5.007378403476865,0.0,0.0
Electricity,capacity,elec_NCEN,NCEN_CCGT-H2,NCEN_CCGT-H2_elec_edge,ThermalPower{Hydrogen},4.185108821063465,4.185108821063465,0.0,0.0
Electricity,capacity,elec_CEN,CEN_CCGT-H2,CEN_CCGT-H2_elec_edge,ThermalPower{Hydrogen},5.685152996440956,5.685152996440956,0.0,0.0
Electricity,capacity,elec_SE,SE_CCGT-H2,SE_CCGT-H2_elec_edge,ThermalPower{Hydrogen},3.858571662485361,3.858571662485361,0.0,0.0
Electricity,capacity,elec_MIDAT,MIDAT_CCGT-H2,MIDAT_CCGT-H2_elec_edge,ThermalPower{Hydrogen},1.846844606674732,1.846844606674732,0.0,0.0
Electricity,capacity,elec_NE,NE_CCGT-H2,NE_CCGT-H2_elec_edge,ThermalPower{Hydrogen},0.8320698306570683,0.8320698306570684,0.0,0.0
Electricity,capacity,elec_CA,CA_OCGT-H2,CA_OCGT-H2_elec_edge,ThermalPower{Hydrogen},1.3433430519936607,1.3433430519936604,0.0,0.0
Electricity,capacity,elec_NW,NW_OCGT-H2,NW_OCGT-H2_elec_edge,ThermalPower{Hydrogen},1.2229355058292002,1.2229355058292002,0.0,0.0
Electricity,capacity,elec_SW,SW_OCGT-H2,SW_OCGT-H2_elec_edge,ThermalPower{Hydrogen},1.097358522318093,1.097358522318093,0.0,0.0
Electricity,capacity,elec_TX,TX_OCGT-H2,TX_OCGT-H2_elec_edge,ThermalPower{Hydrogen},1.527138370357886,1.527138370357886,0.0,0.0
Electricity,capacity,elec_NCEN,NCEN_OCGT-H2,NCEN_OCGT-H2_elec_edge,ThermalPower{Hydrogen},1.2813838178795354,1.2813838178795354,0.0,0.0
Electricity,capacity,elec_CEN,CEN_OCGT-H2,CEN_OCGT-H2_elec_edge,ThermalPower{Hydrogen},1.615569829505656,1.615569829505656,0.0,0.0
Electricity,capacity,elec_SE,SE_OCGT-H2,SE_OCGT-H2_elec_edge,ThermalPower{Hydrogen},1.4051222948170266,1.4051222948170263,0.0,0.0
Electricity,capacity,elec_MIDAT,MIDAT_OCGT-H2,MIDAT_OCGT-H2_elec_edge,ThermalPower{Hydrogen},0.9668738679127535,0.9668738679127534,0.0,0.0
Electricity,capacity,elec_NE,NE_OCGT-H2,NE_OCGT-H2_elec_edge,ThermalPower{Hydrogen},0.5767846313497592,0.5767846313497591,0.0,0.0
Hydrogen,capacity,internal,h2_NW_to_CA,h2_NW_to_CA_charge_edge,GasStorage{Hydrogen},0.8800301146941433,0.8800301146941433,0.0,0.0
Hydrogen,capacity,internal,h2_NW_to_CA,h2_NW_to_CA_discharge_edge,GasStorage{Hydrogen},0.8800301146941433,0.8800301146941433,0.0,0.0
Hydrogen,capacity,internal,h2_CA_to_SW,h2_CA_to_SW_charge_edge,GasStorage{Hydrogen},1.2086833824311523,1.2086833824311523,0.0,0.0
Hydrogen,capacity,internal,h2_CA_to_SW,h2_CA_to_SW_discharge_edge,GasStorage{Hydrogen},1.2086833824311523,1.2086833824311523,0.0,0.0
Hydrogen,capacity,internal,h2_SW_to_CA,h2_SW_to_CA_charge_edge,GasStorage{Hydrogen},1.1333630511785506,1.1333630511785506,0.0,0.0
Hydrogen,capacity,internal,h2_SW_to_CA,h2_SW_to_CA_discharge_edge,GasStorage{Hydrogen},1.1333630511785506,1.1333630511785506,0.0,0.0
Hydrogen,capacity,internal,h2_NW_to_SW,h2_NW_to_SW_charge_edge,GasStorage{Hydrogen},0.9975943183371888,0.9975943183371888,0.0,0.0
Hydrogen,capacity,internal,h2_NW_to_SW,h2_NW_to_SW_discharge_edge,GasStorage{Hydrogen},0.9975943183371888,0.9975943183371888,0.0,0.0
Hydrogen,capacity,internal,h2_SW_to_NW,h2_SW_to_NW_charge_edge,GasStorage{Hydrogen},0.8874781324666076,0.8874781324666075,0.0,0.0
Hydrogen,capacity,internal,h2_SW_to_NW,h2_SW_to_NW_discharge_edge,GasStorage{Hydrogen},0.8874781324666076,0.8874781324666075,0.0,0.0
Hydrogen,capacity,internal,h2_SW_to_CEN,h2_SW_to_CEN_charge_edge,GasStorage{Hydrogen},0.7010587703886312,0.7010587703886312,0.0,0.0
Hydrogen,capacity,internal,h2_SW_to_CEN,h2_SW_to_CEN_discharge_edge,GasStorage{Hydrogen},0.7010587703886312,0.7010587703886312,0.0,0.0
Hydrogen,capacity,internal,h2_CEN_to_SW,h2_CEN_to_SW_charge_edge,GasStorage{Hydrogen},0.72192008643557,0.72192008643557,0.0,0.0
Hydrogen,capacity,internal,h2_CEN_to_SW,h2_CEN_to_SW_discharge_edge,GasStorage{Hydrogen},0.72192008643557,0.72192008643557,0.0,0.0
Hydrogen,capacity,internal,h2_TX_to_CEN,h2_TX_to_CEN_charge_edge,GasStorage{Hydrogen},1.248115049911565,1.248115049911565,0.0,0.0
Hydrogen,capacity,internal,h2_TX_to_CEN,h2_TX_to_CEN_discharge_edge,GasStorage{Hydrogen},1.248115049911565,1.248115049911565,0.0,0.0
Hydrogen,capacity,internal,h2_CEN_to_TX,h2_CEN_to_TX_charge_edge,GasStorage{Hydrogen},1.0554120951916028,1.0554120951916028,0.0,0.0
Hydrogen,capacity,internal,h2_CEN_to_TX,h2_CEN_to_TX_discharge_edge,GasStorage{Hydrogen},1.0554120951916028,1.0554120951916028,0.0,0.0
Hydrogen,capacity,internal,h2_NCEN_to_CEN,h2_NCEN_to_CEN_charge_edge,GasStorage{Hydrogen},0.9367112433475938,0.9367112433475939,0.0,0.0
Hydrogen,capacity,internal,h2_NCEN_to_CEN,h2_NCEN_to_CEN_discharge_edge,GasStorage{Hydrogen},0.9367112433475938,0.9367112433475939,0.0,0.0
Hydrogen,capacity,internal,h2_CEN_to_NCEN,h2_CEN_to_NCEN_charge_edge,GasStorage{Hydrogen},1.3923887015304968,1.3923887015304968,0.0,0.0
Hydrogen,capacity,internal,h2_CEN_to_NCEN,h2_CEN_to_NCEN_discharge_edge,GasStorage{Hydrogen},1.3923887015304968,1.3923887015304968,0.0,0.0
Hydrogen,capacity,internal,h2_NCEN_to_SE,h2_NCEN_to_SE_charge_edge,GasStorage{Hydrogen},0.5456316886845615,0.5456316886845615,0.0,0.0
Hydrogen,capacity,internal,h2_NCEN_to_SE,h2_NCEN_to_SE_discharge_edge,GasStorage{Hydrogen},0.5456316886845615,0.5456316886845615,0.0,0.0
Hydrogen,capacity,internal,h2_SE_to_NCEN,h2_SE_to_NCEN_charge_edge,GasStorage{Hydrogen},0.624938324382883,0.624938324382883,0.0,0.0
Hydrogen,capacity,internal,h2_SE_to_NCEN,h2_SE_to_NCEN_discharge_edge,GasStorage{Hydrogen},0.624938324382883,0.624938324382883,0.0,0.0
Hydrogen,capacity,internal,h2_NCEN_to_MIDAT,h2_NCEN_to_MIDAT_charge_edge,GasStorage{Hydrogen},0.6709464315203822,0.6709464315203822,0.0,0.0
Hydrogen,capacity,internal,h2_NCEN_to_MIDAT,h2_NCEN_to_MIDAT_discharge_edge,GasStorage{Hydrogen},0.6709464315203822,0.6709464315203822,0.0,0.0
Hydrogen,capacity,internal,h2_MIDAT_to_NCEN,h2_MIDAT_to_NCEN_charge_edge,GasStorage{Hydrogen},0.6781398290761409,0.6781398290761409,0.0,0.0
Hydrogen,capacity,internal,h2_MIDAT_to_NCEN,h2_MIDAT_to_NCEN_discharge_edge,GasStorage{Hydrogen},0.6781398290761409,0.6781398290761409,0.0,0.0
Hydrogen,capacity,internal,h2_CEN_to_SE,h2_CEN_to_SE_charge_edge,GasStorage{Hydrogen},0.7589619558782048,0.7589619558782048,0.0,0.0
Hydrogen,capacity,internal,h2_CEN_to_SE,h2_CEN_to_SE_discharge_edge,GasStorage{Hydrogen},0.7589619558782048,0.7589619558782048,0.0,0.0
Hydrogen,capacity,internal,h2_SE_to_CEN,h2_SE_to_CEN_charge_edge,GasStorage{Hydrogen},0.6305219061267925,0.6305219061267925,0.0,0.0
Hydrogen,capacity,internal,h2_SE_to_CEN,h2_SE_to_CEN_discharge_edge,GasStorage{Hydrogen},0.6305219061267925,0.6305219061267925,0.0,0.0
Hydrogen,capacity,internal,h2_SE_to_MIDAT,h2_SE_to_MIDAT_charge_edge,GasStorage{Hydrogen},1.5158433805658964,1.5158433805658964,0.0,0.0
Hydrogen,capacity,internal,h2_SE_to_MIDAT,h2_SE_to_MIDAT_discharge_edge,GasStorage{Hydrogen},1.5158433805658964,1.5158433805658964,0.0,0.0
Hydrogen,capacity,internal,h2_MIDAT_to_SE,h2_MIDAT_to_SE_charge_edge,GasStorage{Hydrogen},1.1802328794496346,1.1802328794496346,0.0,0.0
Hydrogen,capacity,internal,h2_MIDAT_to_SE,h2_MIDAT_to_SE_discharge_edge,GasStorage{Hydrogen},1.1802328794496346,1.1802328794496346,0.0,0.0
Hydrogen,capacity,internal,h2_MIDAT_to_NE,h2_MIDAT_to_NE_charge_edge,GasStorage{Hydrogen},1.7438147179282186,1.7438147179282186,0.0,0.0
Hydrogen,capacity,internal,h2_MIDAT_to_NE,h2_MIDAT_to_NE_discharge_edge,GasStorage{Hydrogen},1.7438147179282186,1.7438147179282186,0.0,0.0
Hydrogen,capacity,internal,h2_NE_to_MIDAT,h2_NE_to_MIDAT_charge_edge,GasStorage{Hydrogen},0.9923770134684948,0.9923770134684949,0.0,0.0
Hydrogen,capacity,internal,h2_NE_to_MIDAT,h2_NE_to_MIDAT_discharge_edge,GasStorage{Hydrogen},0.9923770134684948,0.9923770134684949,0.0,0.0
Hydrogen,capacity,internal,CA_Above_ground_storage,CA_Above_ground_storage_charge_edge,GasStorage{Hydrogen},11.567553313829155,11.567553313829155,0.0,0.0
Hydrogen,capacity,internal,CA_Above_ground_storage,CA_Above_ground_storage_discharge_edge,GasStorage{Hydrogen},15.181564017302419,15.181564017302419,0.0,0.0
Hydrogen,capacity,internal,NW_Above_ground_storage,NW_Above_ground_storage_charge_edge,GasStorage{Hydrogen},11.432618300760092,11.432618300760092,0.0,0.0
Hydrogen,capacity,internal,NW_Above_ground_storage,NW_Above_ground_storage_discharge_edge,GasStorage{Hydrogen},15.590064932125356,15.590064932125356,0.0,0.0
Hydrogen,capacity,internal,SW_Above_ground_storage,SW_Above_ground_storage_charge_edge,GasStorage{Hydrogen},11.529549927810528,11.529549927810528,0.0,0.0
Hydrogen,capacity,internal,SW_Above_ground_storage,SW_Above_ground_storage_discharge_edge,GasStorage{Hydrogen},14.507237661355052,14.507237661355052,0.0,0.0
Hydrogen,capacity,internal,TX_Above_ground_storage,TX_Above_ground_storage_charge_edge,GasStorage{Hydrogen},12.26933733885779,12.26933733885779,0.0,0.0
Hydrogen,capacity,internal,TX_Above_ground_storage,TX_Above_ground_storage_discharge_edge,GasStorage{Hydrogen},42.190321233449716,42.190321233449716,0.0,0.0
Hydrogen,capacity,internal,NCEN_Above_ground_storage,NCEN_Above_ground_storage_charge_edge,GasStorage{Hydrogen},10.987069977280974,10.987069977280974,0.0,0.0
Hydrogen,capacity,internal,NCEN_Above_ground_storage,NCEN_Above_ground_storage_discharge_edge,GasStorage{Hydrogen},9.298621135429492,9.298621135429492,0.0,0.0
Hydrogen,capacity,internal,CEN_Above_ground_storage,CEN_Above_ground_storage_charge_edge,GasStorage{Hydrogen},11.340278512357163,11.340278512357163,0.0,0.0
Hydrogen,capacity,internal,CEN_Above_ground_storage,CEN_Above_ground_storage_discharge_edge,GasStorage{Hydrogen},10.340276029817815,10.340276029817815,0.0,0.0
Hydrogen,capacity,internal,SE_Above_ground_storage,SE_Above_ground_storage_charge_edge,GasStorage{Hydrogen},11.244647699760916,11.244647699760916,0.0,0.0
Hydrogen,capacity,internal,SE_Above_ground_storage,SE_Above_ground_storage_discharge_edge,GasStorage{Hydrogen},11.46105287223778,11.46105287223778,0.0,0.0
Hydrogen,capacity,internal,MIDAT_Above_ground_storage,MIDAT_Above_ground_storage_charge_edge,GasStorage{Hydrogen},10.738000048528649,10.738000048528649,0.0,0.0
Hydrogen,capacity,internal,MIDAT_Above_ground_storage,MIDAT_Above_ground_storage_discharge_edge,GasStorage{Hydrogen},8.854616791864517,8.854616791864517,0.0,0.0
Hydrogen,capacity,internal,NE_Above_ground_storage,NE_Above_ground_storage_charge_edge,GasStorage{Hydrogen},10.329683698337593,10.329683698337593,0.0,0.0
Hydrogen,capacity,internal,NE_Above_ground_storage,NE_Above_ground_storage_discharge_edge,GasStorage{Hydrogen},8.134729369953066,8.134729369953066,0.0,0.0
Electricity,capacity,elec_CA,CA_conventional_hydroelectric_1,CA_conventional_hydroelectric_1_discharge_edge,HydroRes,0.0,0.0,0.0,0.0
Electricity,capacity,hydro_source,CA_conventional_hydroelectric_1,CA_conventional_hydroelectric_1_inflow_edge,HydroRes,0.0,0.0,0.0,0.0
Electricity,capacity,elec_CEN,CEN_conventional_hydroelectric_1,CEN_conventional_hydroelectric_1_discharge_edge,HydroRes,0.0,0.0,0.0,0.0
Electricity,capacity,hydro_source,CEN_conventional_hydroelectric_1,CEN_conventional_hydroelectric_1_inflow_edge,HydroRes,0.0,0.0,0.0,0.0
Electricity,capacity,elec_MIDAT,MIDAT_conventional_hydroelectric_1,MIDAT_conventional_hydroelectric_1_discharge_edge,HydroRes,0.0,0.0,0.0,0.0
Electricity,capacity,hydro_source,MIDAT_conventional_hydroelectric_1,MIDAT_conventional_hydroelectric_1_inflow_edge,HydroRes,0.0,0.0,0.0,0.0
Electricity,capacity,elec_NE,NE_conventional_hydroelectric_1,NE_conventional_hydroelectric_1_discharge_edge,HydroRes,0.0,0.0,0.0,0.0
Electricity,capacity,hydro_source,NE_conventional_hydroelectric_1,NE_conventional_hydroelectric_1_inflow_edge,HydroRes,0.0,0.0,0.0,0.0
Electricity,capacity,elec_NW,NW_conventional_hydroelectric_1,NW_conventional_hydroelectric_1_discharge_edge,HydroRes,0.0,0.0,0.0,0.0
Electricity,capacity,hydro_source,NW_conventional_hydroelectric_1,NW_conventional_hydroelectric_1_inflow_edge,HydroRes,0.0,0.0,0.0,0.0
Electricity,capacity,elec_NCEN,NCEN_conventional_hydroelectric_1,NCEN_conventional_hydroelectric_1_discharge_edge,HydroRes,0.0,0.0,0.0,0.0
Electricity,capacity,hydro_source,NCEN_conventional_hydroelectric_1,NCEN_conventional_hydroelectric_1_inflow_edge,HydroRes,0.0,0.0,0.0,0.0
Electricity,capacity,elec_SE,SE_conventional_hydroelectric_1,SE_conventional_hydroelectric_1_discharge_edge,HydroRes,0.0,0.0,0.0,0.0
Electricity,capacity,hydro_source,SE_conventional_hydroelectric_1,SE_conventional_hydroelectric_1_inflow_edge,HydroRes,0.0,0.0,0.0,0.0
Electricity,capacity,elec_SW,SW_conventional_hydroelectric_1,SW_conventional_hydroelectric_1_discharge_edge,HydroRes,0.0,0.0,0.0,0.0
Electricity,capacity,hydro_source,SW_conventional_hydroelectric_1,SW_conventional_hydroelectric_1_inflow_edge,HydroRes,0.0,0.0,0.0,0.0
Electricity,capacity,elec_TX,TX_conventional_hydroelectric_1,TX_conventional_hydroelectric_1_discharge_edge,HydroRes,0.0,0.0,0.0,0.0
Electricity,capacity,hydro_source,TX_conventional_hydroelectric_1,TX_conventional_hydroelectric_1_inflow_edge,HydroRes,0.0,0.0,0.0,0.0
Electricity,capacity,elec_CA,CA_small_hydroelectric_1,CA_small_hydroelectric_1_elec_edge,MustRun,0.0,0.0,0.0,0.0
Electricity,capacity,elec_CEN,CEN_small_hydroelectric_1,CEN_small_hydroelectric_1_elec_edge,MustRun,0.0,0.0,0.0,0.0
Electricity,capacity,elec_MIDAT,MIDAT_small_hydroelectric_1,MIDAT_small_hydroelectric_1_elec_edge,MustRun,0.0,0.0,0.0,0.0
Electricity,capacity,elec_NE,NE_small_hydroelectric_1,NE_small_hydroelectric_1_elec_edge,MustRun,0.0,0.0,0.0,0.0
Electricity,capacity,elec_NW,NW_small_hydroelectric_1,NW_small_hydroelectric_1_elec_edge,MustRun,0.0,0.0,0.0,0.0
Electricity,capacity,elec_NCEN,NCEN_small_hydroelectric_1,NCEN_small_hydroelectric_1_elec_edge,MustRun,0.0,0.0,0.0,0.0
Electricity,capacity,elec_SE,SE_small_hydroelectric_1,SE_small_hydroelectric_1_elec_edge,MustRun,0.0,0.0,0.0,0.0
Electricity,capacity,elec_SW,SW_small_hydroelectric_1,SW_small_hydroelectric_1_elec_edge,MustRun,0.0,0.0,0.0,0.0
Electricity,capacity,elec_TX,TX_small_hydroelectric_1,TX_small_hydroelectric_1_elec_edge,MustRun,0.0,0.0,0.0,0.0
CO2,capacity,co2_sink,CA_Solvent_wNGCC_DAC,CA_Solvent_wNGCC_DAC_co2_edge,NaturalGasDAC,0.0384695254747664,0.0384695254747664,0.0,0.0
CO2,capacity,co2_sink,NW_Solvent_wNGCC_DAC,NW_Solvent_wNGCC_DAC_co2_edge,NaturalGasDAC,0.03950558554498314,0.03950558554498314,0.0,0.0
CO2,capacity,co2_sink,SW_Solvent_wNGCC_DAC,SW_Solvent_wNGCC_DAC_co2_edge,NaturalGasDAC,0.0372275403192198,0.0372275403192198,0.0,0.0
CO2,capacity,co2_sink,SE_Solvent_wNGCC_DAC,SE_Solvent_wNGCC_DAC_co2_edge,NaturalGasDAC,0.038537837406662556,0.038537837406662556,0.0,0.0
CO2,capacity,co2_sink,MIDAT_Solvent_wNGCC_DAC,MIDAT_Solvent_wNGCC_DAC_co2_edge,NaturalGasDAC,0.03156493693802185,0.03156493693802185,0.0,0.0
CO2,capacity,co2_sink,NE_Solvent_wNGCC_DAC,NE_Solvent_wNGCC_DAC_co2_edge,NaturalGasDAC,0.026750828370567765,0.026750828370567765,0.0,0.0
CO2,capacity,co2_sink,TX_Sorbent_wNGCC_DAC,TX_Sorbent_wNGCC_DAC_co2_edge,NaturalGasDAC,0.009962506883112126,0.009962506883112126,0.0,0.0
CO2,capacity,co2_sink,NCEN_Sorbent_wNGCC_DAC,NCEN_Sorbent_wNGCC_DAC_co2_edge,NaturalGasDAC,0.009458998668501532,0.009458998668501532,0.0,0.0
CO2,capacity,co2_sink,CEN_Sorbent_wNGCC_DAC,CEN_Sorbent_wNGCC_DAC_co2_edge,NaturalGasDAC,0.009548111933294367,0.009548111933294367,0.0,0.0
CO2,capacity,co2_sink,TX_Solvent_wNGCC_DAC,TX_Solvent_wNGCC_DAC_co2_edge,NaturalGasDAC,0.03844358029250821,0.03844358029250821,0.0,0.0
CO2,capacity,co2_sink,NCEN_Solvent_wNGCC_DAC,NCEN_Solvent_wNGCC_DAC_co2_edge,NaturalGasDAC,0.03372244821859865,0.03372244821859865,0.0,0.0
CO2,capacity,co2_sink,CEN_Solvent_wNGCC_DAC,CEN_Solvent_wNGCC_DAC_co2_edge,NaturalGasDAC,0.03479434251148236,0.03479434251148236,0.0,0.0
CO2,capacity,co2_sink,CA_Sorbent_wNGCC_DAC,CA_Sorbent_wNGCC_DAC_co2_edge,NaturalGasDAC,0.009974819748566356,0.009974819748566356,0.0,0.0
CO2,capacity,co2_sink,NW_Sorbent_wNGCC_DAC,NW_Sorbent_wNGCC_DAC_co2_edge,NaturalGasDAC,0.010162662972933256,0.010162662972933256,0.0,0.0
CO2,capacity,co2_sink,SW_Sorbent_wNGCC_DAC,SW_Sorbent_wNGCC_DAC_co2_edge,NaturalGasDAC,0.0098574275799787,0.0098574275799787,0.0,0.0
CO2,capacity,co2_sink,SE_Sorbent_wNGCC_DAC,SE_Sorbent_wNGCC_DAC_co2_edge,NaturalGasDAC,0.010315393416488742,0.010315393416488742,0.0,0.0
CO2,capacity,co2_sink,MIDAT_Sorbent_wNGCC_DAC,MIDAT_Sorbent_wNGCC_DAC_co2_edge,NaturalGasDAC,0.009301827114621889,0.009301827114621889,0.0,0.0
CO2,capacity,co2_sink,NE_Sorbent_wNGCC_DAC,NE_Sorbent_wNGCC_DAC_co2_edge,NaturalGasDAC,0.008549948344670006,0.008549948344670006,0.0,0.0
Hydrogen,capacity,h2_CA,CA_ATR_wCCS_94pct,CA_ATR_wCCS_94pct_h2_edge,ThermalHydrogenCCS{NaturalGas},2.4577611263800163,2.4577611263800163,0.0,0.0
Hydrogen,capacity,h2_NW,NW_ATR_wCCS_94pct,NW_ATR_wCCS_94pct_h2_edge,ThermalHydrogenCCS{NaturalGas},2.6579607561305862,2.6579607561305862,0.0,0.0
Hydrogen,capacity,h2_SW,SW_ATR_wCCS_94pct,SW_ATR_wCCS_94pct_h2_edge,ThermalHydrogenCCS{NaturalGas},2.512018773992687,2.512018773992687,0.0,0.0
Hydrogen,capacity,h2_TX,TX_ATR_wCCS_94pct,TX_ATR_wCCS_94pct_h2_edge,ThermalHydrogenCCS{NaturalGas},1.9789449004545285,1.9789449004545285,0.0,0.0
Hydrogen,capacity,h2_NCEN,NCEN_ATR_wCCS_94pct,NCEN_ATR_wCCS_94pct_h2_edge,ThermalHydrogenCCS{NaturalGas},2.3657729069684232,2.3657729069684232,0.0,0.0
Hydrogen,capacity,h2_CEN,CEN_ATR_wCCS_94pct,CEN_ATR_wCCS_94pct_h2_edge,ThermalHydrogenCCS{NaturalGas},1.835196006149235,1.835196006149235,0.0,0.0
Hydrogen,capacity,h2_SE,SE_ATR_wCCS_94pct,SE_ATR_wCCS_94pct_h2_edge,ThermalHydrogenCCS{NaturalGas},2.630708940027655,2.630708940027655,0.0,0.0
Hydrogen,capacity,h2_MIDAT,MIDAT_ATR_wCCS_94pct,MIDAT_ATR_wCCS_94pct_h2_edge,ThermalHydrogenCCS{NaturalGas},2.241404544281975,2.241404544281975,0.0,0.0
Hydrogen,capacity,h2_NE,NE_ATR_wCCS_94pct,NE_ATR_wCCS_94pct_h2_edge,ThermalHydrogenCCS{NaturalGas},1.5650277819942624,1.5650277819942624,0.0,0.0
Hydrogen,capacity,h2_CA,CA_Large_SMR_wCCS_96pct,CA_Large_SMR_wCCS_96pct_h2_edge,ThermalHydrogenCCS{NaturalGas},1.789913694908951,1.789913694908951,0.0,0.0
Hydrogen,capacity,h2_NW,NW_Large_SMR_wCCS_96pct,NW_Large_SMR_wCCS_96pct_h2_edge,ThermalHydrogenCCS{NaturalGas},1.9573317145853641,1.9573317145853641,0.0,0.0
Hydrogen,capacity,h2_SW,SW_Large_SMR_wCCS_96pct,SW_Large_SMR_wCCS_96pct_h2_edge,ThermalHydrogenCCS{NaturalGas},1.8529118863354666,1.8529118863354666,0.0,0.0
Hydrogen,capacity,h2_TX,TX_Large_SMR_wCCS_96pct,TX_Large_SMR_wCCS_96pct_h2_edge,ThermalHydrogenCCS{NaturalGas},1.5640623582351976,1.5640623582351973,0.0,0.0
Hydrogen,capacity,h2_NCEN,NCEN_Large_SMR_wCCS_96pct,NCEN_Large_SMR_wCCS_96pct_h2_edge,ThermalHydrogenCCS{NaturalGas},1.7774786929755562,1.7774786929755562,0.0,0.0
Hydrogen,capacity,h2_CEN,CEN_Large_SMR_wCCS_96pct,CEN_Large_SMR_wCCS_96pct_h2_edge,ThermalHydrogenCCS{NaturalGas},1.4455786916842837,1.4455786916842837,0.0,0.0
Hydrogen,capacity,h2_SE,SE_Large_SMR_wCCS_96pct,SE_Large_SMR_wCCS_96pct_h2_edge,ThermalHydrogenCCS{NaturalGas},2.0014699118299317,2.0014699118299317,0.0,0.0
Hydrogen,capacity,h2_MIDAT,MIDAT_Large_SMR_wCCS_96pct,MIDAT_Large_SMR_wCCS_96pct_h2_edge,ThermalHydrogenCCS{NaturalGas},1.7114679150027508,1.7114679150027508,0.0,0.0
Hydrogen,capacity,h2_NE,NE_Large_SMR_wCCS_96pct,NE_Large_SMR_wCCS_96pct_h2_edge,ThermalHydrogenCCS{NaturalGas},1.2118335528740218,1.2118335528740218,0.0,0.0
Electricity,capacity,elec_CA,CA_natural_gas_fired_combined_cycle_1,CA_natural_gas_fired_combined_cycle_1_elec_edge,ThermalPower{NaturalGas},0.0,0.0,0.0,0.0
Electricity,capacity,elec_CA,CA_natural_gas_fired_combined_cycle_2,CA_natural_gas_fired_combined_cycle_2_elec_edge,ThermalPower{NaturalGas},0.0,0.0,0.0,0.0
Electricity,capacity,elec_CA,CA_natural_gas_fired_combined_cycle_3,CA_natural_gas_fired_combined_cycle_3_elec_edge,ThermalPower{NaturalGas},0.0,0.0,0.0,0.0
Electricity,capacity,elec_CA,CA_natural_gas_fired_combined_cycle_4,CA_natural_gas_fired_combined_cycle_4_elec_edge,ThermalPower{NaturalGas},0.0,0.0,0.0,0.0
Electricity,capacity,elec_CA,CA_natural_gas_fired_combustion_turbine_1,CA_natural_gas_fired_combustion_turbine_1_elec_edge,ThermalPower{NaturalGas},0.0,0.0,0.0,0.0
Electricity,capacity,elec_CA,CA_natural_gas_fired_combustion_turbine_2,CA_natural_gas_fired_combustion_turbine_2_elec_edge,ThermalPower{NaturalGas},0.0,0.0,0.0,0.0
Electricity,capacity,elec_CEN,CEN_natural_gas_fired_combined_cycle_1,CEN_natural_gas_fired_combined_cycle_1_elec_edge,ThermalPower{NaturalGas},0.0,0.0,0.0,0.0
Electricity,capacity,elec_CEN,CEN_natural_gas_fired_combined_cycle_2,CEN_natural_gas_fired_combined_cycle_2_elec_edge,ThermalPower{NaturalGas},0.0,0.0,0.0,0.0
Electricity,capacity,elec_CEN,CEN_natural_gas_fired_combined_cycle_3,CEN_natural_gas_fired_combined_cycle_3_elec_edge,ThermalPower{NaturalGas},0.0,0.0,0.0,0.0
Electricity,capacity,elec_CEN,CEN_natural_gas_fired_combustion_turbine_1,CEN_natural_gas_fired_combustion_turbine_1_elec_edge,ThermalPower{NaturalGas},0.0,0.0,0.0,0.0
Electricity,capacity,elec_CEN,CEN_natural_gas_fired_combustion_turbine_2,CEN_natural_gas_fired_combustion_turbine_2_elec_edge,ThermalPower{NaturalGas},0.0,0.0,0.0,0.0
Electricity,capacity,elec_MIDAT,MIDAT_natural_gas_fired_combined_cycle_1,MIDAT_natural_gas_fired_combined_cycle_1_elec_edge,ThermalPower{NaturalGas},0.0,0.0,0.0,0.0
Electricity,capacity,elec_MIDAT,MIDAT_natural_gas_fired_combined_cycle_2,MIDAT_natural_gas_fired_combined_cycle_2_elec_edge,ThermalPower{NaturalGas},0.0,0.0,0.0,0.0
Electricity,capacity,elec_MIDAT,MIDAT_natural_gas_fired_combined_cycle_3,MIDAT_natural_gas_fired_combined_cycle_3_elec_edge,ThermalPower{NaturalGas},0.0,0.0,0.0,0.0
Electricity,capacity,elec_MIDAT,MIDAT_natural_gas_fired_combined_cycle_4,MIDAT_natural_gas_fired_combined_cycle_4_elec_edge,ThermalPower{NaturalGas},0.0,0.0,0.0,0.0
Electricity,capacity,elec_MIDAT,MIDAT_natural_gas_fired_combustion_turbine_1,MIDAT_natural_gas_fired_combustion_turbine_1_elec_edge,ThermalPower{NaturalGas},0.0,0.0,0.0,0.0
Electricity,capacity,elec_MIDAT,MIDAT_natural_gas_fired_combustion_turbine_2,MIDAT_natural_gas_fired_combustion_turbine_2_elec_edge,ThermalPower{NaturalGas},0.0,0.0,0.0,0.0
Electricity,capacity,elec_NE,NE_natural_gas_fired_combined_cycle_1,NE_natural_gas_fired_combined_cycle_1_elec_edge,ThermalPower{NaturalGas},0.0,0.0,0.0,0.0
Electricity,capacity,elec_NE,NE_natural_gas_fired_combined_cycle_2,NE_natural_gas_fired_combined_cycle_2_elec_edge,ThermalPower{NaturalGas},0.0,0.0,0.0,0.0
Electricity,capacity,elec_NE,NE_natural_gas_fired_combined_cycle_3,NE_natural_gas_fired_combined_cycle_3_elec_edge,ThermalPower{NaturalGas},0.0,0.0,0.0,0.0
Electricity,capacity,elec_NE,NE_natural_gas_fired_combustion_turbine_1,NE_natural_gas_fired_combustion_turbine_1_elec_edge,ThermalPower{NaturalGas},0.0,0.0,0.0,0.0
Electricity,capacity,elec_NE,NE_natural_gas_fired_combustion_turbine_2,NE_natural_gas_fired_combustion_turbine_2_elec_edge,ThermalPower{NaturalGas},0.0,0.0,0.0,0.0
Electricity,capacity,elec_NW,NW_natural_gas_fired_combined_cycle_1,NW_natural_gas_fired_combined_cycle_1_elec_edge,ThermalPower{NaturalGas},0.0,0.0,0.0,0.0
Electricity,capacity,elec_NW,NW_natural_gas_fired_combined_cycle_2,NW_natural_gas_fired_combined_cycle_2_elec_edge,ThermalPower{NaturalGas},0.0,0.0,0.0,0.0
Electricity,capacity,elec_NW,NW_natural_gas_fired_combined_cycle_3,NW_natural_gas_fired_combined_cycle_3_elec_edge,ThermalPower{NaturalGas},0.0,0.0,0.0,0.0
Electricity,capacity,elec_NW,NW_natural_gas_fired_combined_cycle_4,NW_natural_gas_fired_combined_cycle_4_elec_edge,ThermalPower{NaturalGas},0.0,0.0,0.0,0.0
Electricity,capacity,elec_NW,NW_natural_gas_fired_combustion_turbine_1,NW_natural_gas_fired_combustion_turbine_1_elec_edge,ThermalPower{NaturalGas},0.0,0.0,0.0,0.0
Electricity,capacity,elec_NW,NW_natural_gas_fired_combustion_turbine_2,NW_natural_gas_fired_combustion_turbine_2_elec_edge,ThermalPower{NaturalGas},0.0,0.0,0.0,0.0
Electricity,capacity,elec_NCEN,NCEN_natural_gas_fired_combined_cycle_1,NCEN_natural_gas_fired_combined_cycle_1_elec_edge,ThermalPower{NaturalGas},0.0,0.0,0.0,0.0
Electricity,capacity,elec_NCEN,NCEN_natural_gas_fired_combined_cycle_2,NCEN_natural_gas_fired_combined_cycle_2_elec_edge,ThermalPower{NaturalGas},0.0,0.0,0.0,0.0
Electricity,capacity,elec_NCEN,NCEN_natural_gas_fired_combined_cycle_3,NCEN_natural_gas_fired_combined_cycle_3_elec_edge,ThermalPower{NaturalGas},0.0,0.0,0.0,0.0
Electricity,capacity,elec_NCEN,NCEN_natural_gas_fired_combined_cycle_4,NCEN_natural_gas_fired_combined_cycle_4_elec_edge,ThermalPower{NaturalGas},0.0,0.0,0.0,0.0
Electricity,capacity,elec_NCEN,NCEN_natural_gas_fired_combustion_turbine_1,NCEN_natural_gas_fired_combustion_turbine_1_elec_edge,ThermalPower{NaturalGas},0.0,0.0,0.0,0.0
Electricity,capacity,elec_NCEN,NCEN_natural_gas_fired_combustion_turbine_2,NCEN_natural_gas_fired_combustion_turbine_2_elec_edge,ThermalPower{NaturalGas},0.0,0.0,0.0,0.0
Electricity,capacity,elec_SE,SE_natural_gas_fired_combined_cycle_1,SE_natural_gas_fired_combined_cycle_1_elec_edge,ThermalPower{NaturalGas},0.0,0.0,0.0,0.0
Electricity,capacity,elec_SE,SE_natural_gas_fired_combined_cycle_2,SE_natural_gas_fired_combined_cycle_2_elec_edge,ThermalPower{NaturalGas},0.0,0.0,0.0,0.0
Electricity,capacity,elec_SE,SE_natural_gas_fired_combined_cycle_3,SE_natural_gas_fired_combined_cycle_3_elec_edge,ThermalPower{NaturalGas},0.0,0.0,0.0,0.0
Electricity,capacity,elec_SE,SE_natural_gas_fired_combined_cycle_4,SE_natural_gas_fired_combined_cycle_4_elec_edge,ThermalPower{NaturalGas},0.0,0.0,0.0,0.0
Electricity,capacity,elec_SE,SE_natural_gas_fired_combustion_turbine_1,SE_natural_gas_fired_combustion_turbine_1_elec_edge,ThermalPower{NaturalGas},0.0,0.0,0.0,0.0
Electricity,capacity,elec_SE,SE_natural_gas_fired_combustion_turbine_2,SE_natural_gas_fired_combustion_turbine_2_elec_edge,ThermalPower{NaturalGas},0.0,0.0,0.0,0.0
Electricity,capacity,elec_SW,SW_natural_gas_fired_combined_cycle_1,SW_natural_gas_fired_combined_cycle_1_elec_edge,ThermalPower{NaturalGas},0.0,0.0,0.0,0.0
Electricity,capacity,elec_SW,SW_natural_gas_fired_combined_cycle_2,SW_natural_gas_fired_combined_cycle_2_elec_edge,ThermalPower{NaturalGas},0.0,0.0,0.0,0.0
Electricity,capacity,elec_SW,SW_natural_gas_fired_combined_cycle_3,SW_natural_gas_fired_combined_cycle_3_elec_edge,ThermalPower{NaturalGas},0.0,0.0,0.0,0.0
Electricity,capacity,elec_SW,SW_natural_gas_fired_combustion_turbine_1,SW_natural_gas_fired_combustion_turbine_1_elec_edge,ThermalPower{NaturalGas},0.0,0.0,0.0,0.0
Electricity,capacity,elec_SW,SW_natural_gas_fired_combustion_turbine_2,SW_natural_gas_fired_combustion_turbine_2_elec_edge,ThermalPower{NaturalGas},0.0,0.0,0.0,0.0
Electricity,capacity,elec_TX,TX_natural_gas_fired_combined_cycle_1,TX_natural_gas_fired_combined_cycle_1_elec_edge,ThermalPower{NaturalGas},0.0,0.0,0.0,0.0
Electricity,capacity,elec_TX,TX_natural_gas_fired_combined_cycle_2,TX_natural_gas_fired_combined_cycle_2_elec_edge,ThermalPower{NaturalGas},0.0,0.0,0.0,0.0
Electricity,capacity,elec_TX,TX_natural_gas_fired_combined_cycle_3,TX_natural_gas_fired_combined_cycle_3_elec_edge,ThermalPower{NaturalGas},0.0,0.0,0.0,0.0
Electricity,capacity,elec_TX,TX_natural_gas_fired_combined_cycle_4,TX_natural_gas_fired_combined_cycle_4_elec_edge,ThermalPower{NaturalGas},0.0,0.0,0.0,0.0
Electricity,capacity,elec_TX,TX_natural_gas_fired_combustion_turbine_1,TX_natural_gas_fired_combustion_turbine_1_elec_edge,ThermalPower{NaturalGas},0.0,0.0,0.0,0.0
Electricity,capacity,elec_TX,TX_natural_gas_fired_combustion_turbine_2,TX_natural_gas_fired_combustion_turbine_2_elec_edge,ThermalPower{NaturalGas},0.0,0.0,0.0,0.0
Electricity,capacity,elec_CA,CA_naturalgas_ccavgcf_moderate_0,CA_naturalgas_ccavgcf_moderate_0_elec_edge,ThermalPower{NaturalGas},0.9091713675768753,0.9091713675768753,0.0,0.0
Electricity,capacity,elec_CA,CA_naturalgas_ctavgcf_moderate_0,CA_naturalgas_ctavgcf_moderate_0_elec_edge,ThermalPower{NaturalGas},0.6230197620479311,0.623019762047931,0.0,0.0
Electricity,capacity,elec_NW,NW_naturalgas_ccavgcf_moderate_0,NW_naturalgas_ccavgcf_moderate_0_elec_edge,ThermalPower{NaturalGas},1.259094430908898,1.2590944309088983,0.0,0.0
Electricity,capacity,elec_NW,NW_naturalgas_ctavgcf_moderate_0,NW_naturalgas_ctavgcf_moderate_0_elec_edge,ThermalPower{NaturalGas},0.7580981176438211,0.758098117643821,0.0,0.0
Electricity,capacity,elec_SW,SW_naturalgas_ccavgcf_moderate_0,SW_naturalgas_ccavgcf_moderate_0_elec_edge,ThermalPower{NaturalGas},1.4901739553057551,1.4901739553057551,0.0,0.0
Electricity,capacity,elec_SW,SW_naturalgas_ctavgcf_moderate_0,SW_naturalgas_ctavgcf_moderate_0_elec_edge,ThermalPower{NaturalGas},0.8590397318114968,0.8590397318114968,0.0,0.0
Electricity,capacity,elec_TX,TX_naturalgas_ccavgcf_moderate_0,TX_naturalgas_ccavgcf_moderate_0_elec_edge,ThermalPower{NaturalGas},1.709092402934222,1.709092402934222,0.0,0.0
Electricity,capacity,elec_TX,TX_naturalgas_ctavgcf_moderate_0,TX_naturalgas_ctavgcf_moderate_0_elec_edge,ThermalPower{NaturalGas},0.9185449882558422,0.9185449882558421,0.0,0.0
Electricity,capacity,elec_NCEN,NCEN_naturalgas_ccavgcf_moderate_0,NCEN_naturalgas_ccavgcf_moderate_0_elec_edge,ThermalPower{NaturalGas},1.3812768941669027,1.3812768941669027,0.0,0.0
Electricity,capacity,elec_NCEN,NCEN_naturalgas_ctavgcf_moderate_0,NCEN_naturalgas_ctavgcf_moderate_0_elec_edge,ThermalPower{NaturalGas},0.7769285852099405,0.7769285852099405,0.0,0.0
Electricity,capacity,elec_CEN,CEN_naturalgas_ccavgcf_moderate_0,CEN_naturalgas_ccavgcf_moderate_0_elec_edge,ThermalPower{NaturalGas},1.565591798735835,1.565591798735835,0.0,0.0
Electricity,capacity,elec_CEN,CEN_naturalgas_ctavgcf_moderate_0,CEN_naturalgas_ctavgcf_moderate_0_elec_edge,ThermalPower{NaturalGas},0.8343192949750723,0.8343192949750723,0.0,0.0
Electricity,capacity,elec_SE,SE_naturalgas_ccavgcf_moderate_0,SE_naturalgas_ccavgcf_moderate_0_elec_edge,ThermalPower{NaturalGas},1.80410426706434,1.80410426706434,0.0,0.0
Electricity,capacity,elec_SE,SE_naturalgas_ctavgcf_moderate_0,SE_naturalgas_ctavgcf_moderate_0_elec_edge,ThermalPower{NaturalGas},1.0134247813448303,1.0134247813448303,0.0,0.0
Electricity,capacity,elec_MIDAT,MIDAT_naturalgas_ccavgcf_moderate_0,MIDAT_naturalgas_ccavgcf_moderate_0_elec_edge,ThermalPower{NaturalGas},1.404070958611997,1.4040709586119973,0.0,0.0
Electricity,capacity,elec_MIDAT,MIDAT_naturalgas_ctavgcf_moderate_0,MIDAT_naturalgas_ctavgcf_moderate_0_elec_edge,ThermalPower{NaturalGas},0.880462152537558,0.8804621525375579,0.0,0.0
Electricity,capacity,elec_NE,NE_naturalgas_ccavgcf_moderate_0,NE_naturalgas_ccavgcf_moderate_0_elec_edge,ThermalPower{NaturalGas},0.8730673402400609,0.8730673402400609,0.0,0.0
Electricity,capacity,elec_NE,NE_naturalgas_ctavgcf_moderate_0,NE_naturalgas_ctavgcf_moderate_0_elec_edge,ThermalPower{NaturalGas},0.597306266343019,0.597306266343019,0.0,0.0
Electricity,capacity,elec_CA,CA_naturalgas_ccccsavgcf_conservative_0,CA_naturalgas_ccccsavgcf_conservative_0_elec_edge,ThermalPowerCCS{NaturalGas},26.827397188989984,26.827397188989984,0.0,0.0
Electricity,capacity,elec_NW,NW_naturalgas_ccccsavgcf_conservative_0,NW_naturalgas_ccccsavgcf_conservative_0_elec_edge,ThermalPowerCCS{NaturalGas},33.71212034191837,33.71212034191837,0.0,0.0
Electricity,capacity,elec_SW,SW_naturalgas_ccccsavgcf_conservative_0,SW_naturalgas_ccccsavgcf_conservative_0_elec_edge,ThermalPowerCCS{NaturalGas},28.001233229852733,28.001233229852733,0.0,0.0
Electricity,capacity,elec_TX,TX_naturalgas_ccccsavgcf_conservative_0,TX_naturalgas_ccccsavgcf_conservative_0_elec_edge,ThermalPowerCCS{NaturalGas},194.47084702144423,194.47084702144423,0.0,0.0
Electricity,capacity,elec_NCEN,NCEN_naturalgas_ccccsavgcf_conservative_0,NCEN_naturalgas_ccccsavgcf_conservative_0_elec_edge,ThermalPowerCCS{NaturalGas},7.097147739314771,7.09714773931477,0.0,0.0
Electricity,capacity,elec_CEN,CEN_naturalgas_ccccsavgcf_conservative_0,CEN_naturalgas_ccccsavgcf_conservative_0_elec_edge,ThermalPowerCCS{NaturalGas},27.50763146351573,27.50763146351573,0.0,0.0
Electricity,capacity,elec_SE,SE_naturalgas_ccccsavgcf_conservative_0,SE_naturalgas_ccccsavgcf_conservative_0_elec_edge,ThermalPowerCCS{NaturalGas},20.741088012818132,20.741088012818132,0.0,0.0
Electricity,capacity,elec_MIDAT,MIDAT_naturalgas_ccccsavgcf_conservative_0,MIDAT_naturalgas_ccccsavgcf_conservative_0_elec_edge,ThermalPowerCCS{NaturalGas},2.3392797580096913,2.339279758009691,0.0,0.0
Electricity,capacity,elec_NE,NE_naturalgas_ccccsavgcf_conservative_0,NE_naturalgas_ccccsavgcf_conservative_0_elec_edge,ThermalPowerCCS{NaturalGas},0.9655083140694255,0.9655083140694255,0.0,0.0
Electricity,capacity,elec_CA,CA_offshorewind_class10_moderate_floating_1_1,CA_offshorewind_class10_moderate_floating_1_1_edge,VRE,0.10664693606128751,0.10664693606128751,0.0,0.0
Electricity,capacity,elec_NW,NW_offshorewind_class10_moderate_floating_1_1,NW_offshorewind_class10_moderate_floating_1_1_edge,VRE,0.11496073969151296,0.11496073969151296,0.0,0.0
Electricity,capacity,elec_NE,NE_offshorewind_class10_moderate_floating_1_1,NE_offshorewind_class10_moderate_floating_1_1_edge,VRE,0.0979124182874508,0.0979124182874508,0.0,0.0
Electricity,capacity,elec_CA,CA_utilitypv_class1_moderate_70_0_2_1,CA_utilitypv_class1_moderate_70_0_2_1_edge,VRE,0.8022070823522158,0.8022070823522158,0.0,0.0
Electricity,capacity,elec_CA,CA_utilitypv_class1_moderate_70_0_2_2,CA_utilitypv_class1_moderate_70_0_2_2_edge,VRE,0.5068085384099146,0.5068085384099146,0.0,0.0
Electricity,capacity,elec_CA,CA_utilitypv_class1_moderate_70_0_2_3,CA_utilitypv_class1_moderate_70_0_2_3_edge,VRE,0.3072971253822333,0.3072971253822333,0.0,0.0
Electricity,capacity,elec_NW,NW_utilitypv_class1_moderate_70_0_2_1,NW_utilitypv_class1_moderate_70_0_2_1_edge,VRE,1.2544546912570176,1.2544546912570176,0.0,0.0
Electricity,capacity,elec_NW,NW_utilitypv_class1_moderate_70_0_2_2,NW_utilitypv_class1_moderate_70_0_2_2_edge,VRE,0.3933857458136288,0.3933857458136288,0.0,0.0
Electricity,capacity,elec_NW,NW_utilitypv_class1_moderate_70_0_2_3,NW_utilitypv_class1_moderate_70_0_2_3_edge,VRE,0.6519426227369914,0.6519426227369914,0.0,0.0
Electricity,capacity,elec_NW,NW_utilitypv_class1_moderate_70_0_2_4,NW_utilitypv_class1_moderate_70_0_2_4_edge,VRE,0.8444442260778162,0.8444442260778162,0.0,0.0
Electricity,capacity,elec_SW,SW_utilitypv_class1_moderate_70_0_2_1,SW_utilitypv_class1_moderate_70_0_2_1_edge,VRE,36.756061910585345,36.756061910585345,0.0,0.0
Electricity,capacity,elec_SW,SW_utilitypv_class1_moderate_70_0_2_2,SW_utilitypv_class1_moderate_70_0_2_2_edge,VRE,2.180862758480971,2.180862758480971,0.0,0.0
Electricity,capacity,elec_SW,SW_utilitypv_class1_moderate_70_0_2_3,SW_utilitypv_class1_moderate_70_0_2_3_edge,VRE,2.214782699301674,2.214782699301674,0.0,0.0
Electricity,capacity,elec_SW,SW_utilitypv_class1_moderate_70_0_2_4,SW_utilitypv_class1_moderate_70_0_2_4_edge,VRE,0.7957029342352444,0.7957029342352444,0.0,0.0
Electricity,capacity,elec_SW,SW_utilitypv_class1_moderate_70_0_2_5,SW_utilitypv_class1_moderate_70_0_2_5_edge,VRE,1.241683457149679,1.241683457149679,0.0,0.0
Electricity,capacity,elec_TX,TX_utilitypv_class1_moderate_70_0_2_1,TX_utilitypv_class1_moderate_70_0_2_1_edge,VRE,49.145181054173364,49.145181054173364,0.0,0.0
Electricity,capacity,elec_TX,TX_utilitypv_class1_moderate_70_0_2_2,TX_utilitypv_class1_moderate_70_0_2_2_edge,VRE,0.9801079115691965,0.9801079115691965,0.0,0.0
Electricity,capacity,elec_TX,TX_utilitypv_class1_moderate_70_0_2_3,TX_utilitypv_class1_moderate_70_0_2_3_edge,VRE,0.3896983047548097,0.3896983047548097,0.0,0.0
Electricity,capacity,elec_NCEN,NCEN_utilitypv_class1_moderate_70_0_2_1,NCEN_utilitypv_class1_moderate_70_0_2_1_edge,VRE,0.6988487966963152,0.6988487966963152,0.0,0.0
Electricity,capacity,elec_NCEN,NCEN_utilitypv_class1_moderate_70_0_2_2,NCEN_utilitypv_class1_moderate_70_0_2_2_edge,VRE,0.4945922419687023,0.4945922419687023,0.0,0.0
Electricity,capacity,elec_NCEN,NCEN_utilitypv_class1_moderate_70_0_2_3,NCEN_utilitypv_class1_moderate_70_0_2_3_edge,VRE,0.5438420229835813,0.5438420229835813,0.0,0.0
Electricity,capacity,elec_NCEN,NCEN_utilitypv_class1_moderate_70_0_2_4,NCEN_utilitypv_class1_moderate_70_0_2_4_edge,VRE,0.2811996828592277,0.2811996828592277,0.0,0.0
Electricity,capacity,elec_NCEN,NCEN_utilitypv_class1_moderate_70_0_2_5,NCEN_utilitypv_class1_moderate_70_0_2_5_edge,VRE,0.4741465561345347,0.4741465561345347,0.0,0.0
Electricity,capacity,elec_NCEN,NCEN_utilitypv_class1_moderate_70_0_2_6,NCEN_utilitypv_class1_moderate_70_0_2_6_edge,VRE,1.2353934178255173,1.2353934178255173,0.0,0.0
Electricity,capacity,elec_NCEN,NCEN_utilitypv_class1_moderate_70_0_2_7,NCEN_utilitypv_class1_moderate_70_0_2_7_edge,VRE,0.2681484069418657,0.2681484069418657,0.0,0.0
Electricity,capacity,elec_CEN,CEN_utilitypv_class1_moderate_70_0_2_1,CEN_utilitypv_class1_moderate_70_0_2_1_edge,VRE,1.7874972532546258,1.7874972532546258,0.0,0.0
Electricity,capacity,elec_CEN,CEN_utilitypv_class1_moderate_70_0_2_2,CEN_utilitypv_class1_moderate_70_0_2_2_edge,VRE,3.419408164415472,3.419408164415472,0.0,0.0
Electricity,capacity,elec_CEN,CEN_utilitypv_class1_moderate_70_0_2_3,CEN_utilitypv_class1_moderate_70_0_2_3_edge,VRE,0.786778927233197,0.786778927233197,0.0,0.0
Electricity,capacity,elec_CEN,CEN_utilitypv_class1_moderate_70_0_2_4,CEN_utilitypv_class1_moderate_70_0_2_4_edge,VRE,0.8660447133249211,0.8660447133249211,0.0,0.0
Electricity,capacity,elec_CEN,CEN_utilitypv_class1_moderate_70_0_2_5,CEN_utilitypv_class1_moderate_70_0_2_5_edge,VRE,1.4865334028538897,1.4865334028538897,0.0,0.0
Electricity,capacity,elec_SE,SE_utilitypv_class1_moderate_70_0_2_1,SE_utilitypv_class1_moderate_70_0_2_1_edge,VRE,1.2556566821663486,1.2556566821663486,0.0,0.0
Electricity,capacity,elec_SE,SE_utilitypv_class1_moderate_70_0_2_2,SE_utilitypv_class1_moderate_70_0_2_2_edge,VRE,1.5843015766569353,1.5843015766569353,0.0,0.0
Electricity,capacity,elec_SE,SE_utilitypv_class1_moderate_70_0_2_3,SE_utilitypv_class1_moderate_70_0_2_3_edge,VRE,2.2468536732697544,2.2468536732697544,0.0,0.0
Electricity,capacity,elec_SE,SE_utilitypv_class1_moderate_70_0_2_4,SE_utilitypv_class1_moderate_70_0_2_4_edge,VRE,0.5502938465770347,0.5502938465770347,0.0,0.0
Electricity,capacity,elec_SE,SE_utilitypv_class1_moderate_70_0_2_5,SE_utilitypv_class1_moderate_70_0_2_5_edge,VRE,1.1025827887013617,1.1025827887013617,0.0,0.0
Electricity,capacity,elec_SE,SE_utilitypv_class1_moderate_70_0_2_6,SE_utilitypv_class1_moderate_70_0_2_6_edge,VRE,7.489720983485728,7.489720983485728,0.0,0.0
Electricity,capacity,elec_SE,SE_utilitypv_class1_moderate_70_0_2_7,SE_utilitypv_class1_moderate_70_0_2_7_edge,VRE,14.255660060618995,14.255660060618995,0.0,0.0
Electricity,capacity,elec_SE,SE_utilitypv_class1_moderate_70_0_2_8,SE_utilitypv_class1_moderate_70_0_2_8_edge,VRE,0.8416404343214376,0.8416404343214376,0.0,0.0
Electricity,capacity,elec_MIDAT,MIDAT_utilitypv_class1_moderate_70_0_2_1,MIDAT_utilitypv_class1_moderate_70_0_2_1_edge,VRE,1.4654618923783704,1.4654618923783704,0.0,0.0
Electricity,capacity,elec_MIDAT,MIDAT_utilitypv_class1_moderate_70_0_2_2,MIDAT_utilitypv_class1_moderate_70_0_2_2_edge,VRE,1.7609928928681395,1.7609928928681395,0.0,0.0
Electricity,capacity,elec_MIDAT,MIDAT_utilitypv_class1_moderate_70_0_2_3,MIDAT_utilitypv_class1_moderate_70_0_2_3_edge,VRE,0.5935487760208645,0.5935487760208645,0.0,0.0
Electricity,capacity,elec_MIDAT,MIDAT_utilitypv_class1_moderate_70_0_2_4,MIDAT_utilitypv_class1_moderate_70_0_2_4_edge,VRE,0.5758508940975136,0.5758508940975136,0.0,0.0
Electricity,capacity,elec_MIDAT,MIDAT_utilitypv_class1_moderate_70_0_2_5,MIDAT_utilitypv_class1_moderate_70_0_2_5_edge,VRE,0.8319774575057224,0.8319774575057224,0.0,0.0
Electricity,capacity,elec_MIDAT,MIDAT_utilitypv_class1_moderate_70_0_2_6,MIDAT_utilitypv_class1_moderate_70_0_2_6_edge,VRE,3.8893691780636357,3.8893691780636357,0.0,0.0
Electricity,capacity,elec_MIDAT,MIDAT_utilitypv_class1_moderate_70_0_2_7,MIDAT_utilitypv_class1_moderate_70_0_2_7_edge,VRE,0.8321498776270034,0.8321498776270034,0.0,0.0
Electricity,capacity,elec_NE,NE_utilitypv_class1_moderate_70_0_2_1,NE_utilitypv_class1_moderate_70_0_2_1_edge,VRE,0.2865776538056153,0.2865776538056153,0.0,0.0
Electricity,capacity,elec_NE,NE_utilitypv_class1_moderate_70_0_2_2,NE_utilitypv_class1_moderate_70_0_2_2_edge,VRE,0.2968847663882939,0.2968847663882939,0.0,0.0
Electricity,capacity,elec_NE,NE_utilitypv_class1_moderate_70_0_2_3,NE_utilitypv_class1_moderate_70_0_2_3_edge,VRE,0.45252684557545725,0.45252684557545725,0.0,0.0
Electricity,capacity,elec_NE,NE_utilitypv_class1_moderate_70_0_2_4,NE_utilitypv_class1_moderate_70_0_2_4_edge,VRE,0.298241589346848,0.298241589346848,0.0,0.0
Electricity,capacity,elec_NE,NE_utilitypv_class1_moderate_70_0_2_5,NE_utilitypv_class1_moderate_70_0_2_5_edge,VRE,0.3578127697242845,0.3578127697242845,0.0,0.0
Electricity,capacity,elec_NE,NE_utilitypv_class1_moderate_70_0_2_6,NE_utilitypv_class1_moderate_70_0_2_6_edge,VRE,0.41270345737183345,0.41270345737183345,0.0,0.0
Electricity,capacity,elec_NE,NE_utilitypv_class1_moderate_70_0_2_7,NE_utilitypv_class1_moderate_70_0_2_7_edge,VRE,0.2734418700120061,0.2734418700120061,0.0,0.0
Electricity,capacity,elec_CA,CA_landbasedwind_class4_moderate_70_1,CA_landbasedwind_class4_moderate_70_1_edge,VRE,0.17983892666563028,0.17983892666563028,0.0,0.0
Electricity,capacity,elec_CA,CA_landbasedwind_class4_moderate_70_2,CA_landbasedwind_class4_moderate_70_2_edge,VRE,0.1244209087098708,0.1244209087098708,0.0,0.0
Electricity,capacity,elec_CA,CA_landbasedwind_class4_moderate_70_3,CA_landbasedwind_class4_moderate_70_3_edge,VRE,0.19431840059370623,0.19431840059370623,0.0,0.0
Electricity,capacity,elec_NW,NW_landbasedwind_class4_moderate_70_1,NW_landbasedwind_class4_moderate_70_1_edge,VRE,0.29182343786543335,0.29182343786543335,0.0,0.0
Electricity,capacity,elec_NW,NW_landbasedwind_class4_moderate_70_2,NW_landbasedwind_class4_moderate_70_2_edge,VRE,0.27990726838817326,0.27990726838817326,0.0,0.0
Electricity,capacity,elec_NW,NW_landbasedwind_class4_moderate_70_3,NW_landbasedwind_class4_moderate_70_3_edge,VRE,0.23414339464859585,0.23414339464859585,0.0,0.0
Electricity,capacity,elec_NW,NW_landbasedwind_class4_moderate_70_4,NW_landbasedwind_class4_moderate_70_4_edge,VRE,0.4325219783093834,0.4325219783093834,0.0,0.0
Electricity,capacity,elec_NW,NW_landbasedwind_class4_moderate_70_5,NW_landbasedwind_class4_moderate_70_5_edge,VRE,0.32548324213136076,0.32548324213136076,0.0,0.0
Electricity,capacity,elec_SW,SW_landbasedwind_class4_moderate_70_1,SW_landbasedwind_class4_moderate_70_1_edge,VRE,0.41070690619923433,0.41070690619923433,0.0,0.0
Electricity,capacity,elec_SW,SW_landbasedwind_class4_moderate_70_2,SW_landbasedwind_class4_moderate_70_2_edge,VRE,0.521935706792049,0.521935706792049,0.0,0.0
Electricity,capacity,elec_SW,SW_landbasedwind_class4_moderate_70_3,SW_landbasedwind_class4_moderate_70_3_edge,VRE,0.3962224124201008,0.3962224124201008,0.0,0.0
Electricity,capacity,elec_SW,SW_landbasedwind_class4_moderate_70_4,SW_landbasedwind_class4_moderate_70_4_edge,VRE,0.2569528910293772,0.2569528910293772,0.0,0.0
Electricity,capacity,elec_SW,SW_landbasedwind_class4_moderate_70_5,SW_landbasedwind_class4_moderate_70_5_edge,VRE,0.4205000445217791,0.4205000445217791,0.0,0.0
Electricity,capacity,elec_TX,TX_landbasedwind_class4_moderate_70_1,TX_landbasedwind_class4_moderate_70_1_edge,VRE,429.23561200429606,429.23561200429606,0.0,0.0
Electricity,capacity,elec_TX,TX_landbasedwind_class4_moderate_70_2,TX_landbasedwind_class4_moderate_70_2_edge,VRE,0.630460174305389,0.630460174305389,0.0,0.0
Electricity,capacity,elec_TX,TX_landbasedwind_class4_moderate_70_3,TX_landbasedwind_class4_moderate_70_3_edge,VRE,0.2390921996236878,0.2390921996236878,0.0,0.0
Electricity,capacity,elec_NCEN,NCEN_landbasedwind_class4_moderate_70_1,NCEN_landbasedwind_class4_moderate_70_1_edge,VRE,0.6059240698149532,0.6059240698149532,0.0,0.0
Electricity,capacity,elec_NCEN,NCEN_landbasedwind_class4_moderate_70_2,NCEN_landbasedwind_class4_moderate_70_2_edge,VRE,0.4664920118936927,0.4664920118936927,0.0,0.0
Electricity,capacity,elec_NCEN,NCEN_landbasedwind_class4_moderate_70_3,NCEN_landbasedwind_class4_moderate_70_3_edge,VRE,0.5289288711783243,0.5289288711783243,0.0,0.0
Electricity,capacity,elec_NCEN,NCEN_landbasedwind_class4_moderate_70_4,NCEN_landbasedwind_class4_moderate_70_4_edge,VRE,0.31039601320864507,0.31039601320864507,0.0,0.0
Electricity,capacity,elec_NCEN,NCEN_landbasedwind_class4_moderate_70_5,NCEN_landbasedwind_class4_moderate_70_5_edge,VRE,0.27686606590428314,0.27686606590428314,0.0,0.0
Electricity,capacity,elec_NCEN,NCEN_landbasedwind_class4_moderate_70_6,NCEN_landbasedwind_class4_moderate_70_6_edge,VRE,0.3011295307608852,0.3011295307608852,0.0,0.0
Electricity,capacity,elec_NCEN,NCEN_landbasedwind_class4_moderate_70_7,NCEN_landbasedwind_class4_moderate_70_7_edge,VRE,0.3168677068509587,0.3168677068509587,0.0,0.0
Electricity,capacity,elec_CEN,CEN_landbasedwind_class4_moderate_70_1,CEN_landbasedwind_class4_moderate_70_1_edge,VRE,0.551883095911714,0.551883095911714,0.0,0.0
Electricity,capacity,elec_CEN,CEN_landbasedwind_class4_moderate_70_2,CEN_landbasedwind_class4_moderate_70_2_edge,VRE,0.9716346952034233,0.9716346952034233,0.0,0.0
Electricity,capacity,elec_CEN,CEN_landbasedwind_class4_moderate_70_3,CEN_landbasedwind_class4_moderate_70_3_edge,VRE,0.3393514585321019,0.3393514585321019,0.0,0.0
Electricity,capacity,elec_CEN,CEN_landbasedwind_class4_moderate_70_4,CEN_landbasedwind_class4_moderate_70_4_edge,VRE,0.5833031891674769,0.5833031891674769,0.0,0.0
Electricity,capacity,elec_CEN,CEN_landbasedwind_class4_moderate_70_5,CEN_landbasedwind_class4_moderate_70_5_edge,VRE,0.5878462253743156,0.5878462253743156,0.0,0.0
Electricity,capacity,elec_CEN,CEN_landbasedwind_class4_moderate_70_6,CEN_landbasedwind_class4_moderate_70_6_edge,VRE,0.7942868922402677,0.7942868922402677,0.0,0.0
Electricity,capacity,elec_CEN,CEN_landbasedwind_class4_moderate_70_7,CEN_landbasedwind_class4_moderate_70_7_edge,VRE,0.47141856038846636,0.47141856038846636,0.0,0.0
Electricity,capacity,elec_SE,SE_landbasedwind_class4_moderate_70_1,SE_landbasedwind_class4_moderate_70_1_edge,VRE,0.21124046073369993,0.21124046073369993,0.0,0.0
Electricity,capacity,elec_SE,SE_landbasedwind_class4_moderate_70_2,SE_landbasedwind_class4_moderate_70_2_edge,VRE,0.25922892000696807,0.25922892000696807,0.0,0.0
Electricity,capacity,elec_SE,SE_landbasedwind_class4_moderate_70_3,SE_landbasedwind_class4_moderate_70_3_edge,VRE,0.2553206450806527,0.2553206450806527,0.0,0.0
Electricity,capacity,elec_SE,SE_landbasedwind_class4_moderate_70_4,SE_landbasedwind_class4_moderate_70_4_edge,VRE,0.4710527614588904,0.4710527614588904,0.0,0.0
Electricity,capacity,elec_SE,SE_landbasedwind_class4_moderate_70_5,SE_landbasedwind_class4_moderate_70_5_edge,VRE,0.22334002858142277,0.22334002858142277,0.0,0.0
Electricity,capacity,elec_SE,SE_landbasedwind_class4_moderate_70_6,SE_landbasedwind_class4_moderate_70_6_edge,VRE,0.3717694625764108,0.3717694625764108,0.0,0.0
Electricity,capacity,elec_SE,SE_landbasedwind_class4_moderate_70_7,SE_landbasedwind_class4_moderate_70_7_edge,VRE,0.24473430484449876,0.24473430484449876,0.0,0.0
Electricity,capacity,elec_SE,SE_landbasedwind_class4_moderate_70_8,SE_landbasedwind_class4_moderate_70_8_edge,VRE,0.2702960546097465,0.2702960546097465,0.0,0.0
Electricity,capacity,elec_MIDAT,MIDAT_landbasedwind_class4_moderate_70_1,MIDAT_landbasedwind_class4_moderate_70_1_edge,VRE,0.21536940848999184,0.21536940848999184,0.0,0.0
Electricity,capacity,elec_MIDAT,MIDAT_landbasedwind_class4_moderate_70_2,MIDAT_landbasedwind_class4_moderate_70_2_edge,VRE,0.29375501564124257,0.29375501564124257,0.0,0.0
Electricity,capacity,elec_MIDAT,MIDAT_landbasedwind_class4_moderate_70_3,MIDAT_landbasedwind_class4_moderate_70_3_edge,VRE,0.34432668059357013,0.34432668059357013,0.0,0.0
Electricity,capacity,elec_MIDAT,MIDAT_landbasedwind_class4_moderate_70_4,MIDAT_landbasedwind_class4_moderate_70_4_edge,VRE,0.3921812189566751,0.3921812189566751,0.0,0.0
Electricity,capacity,elec_MIDAT,MIDAT_landbasedwind_class4_moderate_70_5,MIDAT_landbasedwind_class4_moderate_70_5_edge,VRE,0.359034751598908,0.359034751598908,0.0,0.0
Electricity,capacity,elec_MIDAT,MIDAT_landbasedwind_class4_moderate_70_6,MIDAT_landbasedwind_class4_moderate_70_6_edge,VRE,0.2681219077033207,0.2681219077033207,0.0,0.0
Electricity,capacity,elec_MIDAT,MIDAT_landbasedwind_class4_moderate_70_7,MIDAT_landbasedwind_class4_moderate_70_7_edge,VRE,0.27276792954188367,0.27276792954188367,0.0,0.0
Electricity,capacity,elec_NE,NE_landbasedwind_class4_moderate_70_1,NE_landbasedwind_class4_moderate_70_1_edge,VRE,0.5971413127732059,0.5971413127732059,0.0,0.0
Electricity,capacity,elec_NE,NE_landbasedwind_class4_moderate_70_2,NE_landbasedwind_class4_moderate_70_2_edge,VRE,0.4969121622377389,0.4969121622377389,0.0,0.0
Electricity,capacity,elec_NE,NE_landbasedwind_class4_moderate_70_3,NE_landbasedwind_class4_moderate_70_3_edge,VRE,0.243204512658544,0.243204512658544,0.0,0.0
Electricity,capacity,elec_NE,NE_landbasedwind_class4_moderate_70_4,NE_landbasedwind_class4_moderate_70_4_edge,VRE,0.30302447261529747,0.30302447261529747,0.0,0.0
Electricity,capacity,elec_NE,NE_landbasedwind_class4_moderate_70_5,NE_landbasedwind_class4_moderate_70_5_edge,VRE,0.27177092698394556,0.27177092698394556,0.0,0.0
Electricity,capacity,elec_NE,NE_landbasedwind_class4_moderate_70_6,NE_landbasedwind_class4_moderate_70_6_edge,VRE,0.23491751458685972,0.23491751458685972,0.0,0.0
Electricity,capacity,elec_NE,NE_landbasedwind_class4_moderate_70_7,NE_landbasedwind_class4_moderate_70_7_edge,VRE,0.4216935454447583,0.4216935454447583,0.0,0.0
Electricity,capacity,elec_CEN,CEN_nuclear_1,CEN_nuclear_1_elec_edge,ThermalPower{Uranium},0.0,0.0,0.0,0.0
Electricity,capacity,elec_CEN,CEN_nuclear_2,CEN_nuclear_2_elec_edge,ThermalPower{Uranium},0.0,0.0,0.0,0.0
Electricity,capacity,elec_MIDAT,MIDAT_nuclear_1,MIDAT_nuclear_1_elec_edge,ThermalPower{Uranium},0.0,0.0,0.0,0.0
Electricity,capacity,elec_MIDAT,MIDAT_nuclear_2,MIDAT_nuclear_2_elec_edge,ThermalPower{Uranium},0.0,0.0,0.0,0.0
Electricity,capacity,elec_NE,NE_nuclear_1,NE_nuclear_1_elec_edge,ThermalPower{Uranium},0.0,0.0,0.0,0.0
Electricity,capacity,elec_NE,NE_nuclear_2,NE_nuclear_2_elec_edge,ThermalPower{Uranium},0.0,0.0,0.0,0.0
Electricity,capacity,elec_NW,NW_nuclear_1,NW_nuclear_1_elec_edge,ThermalPower{Uranium},0.0,0.0,0.0,0.0
Electricity,capacity,elec_NCEN,NCEN_nuclear_1,NCEN_nuclear_1_elec_edge,ThermalPower{Uranium},0.0,0.0,0.0,0.0
Electricity,capacity,elec_NCEN,NCEN_nuclear_2,NCEN_nuclear_2_elec_edge,ThermalPower{Uranium},0.0,0.0,0.0,0.0
Electricity,capacity,elec_SE,SE_nuclear_1,SE_nuclear_1_elec_edge,ThermalPower{Uranium},0.0,0.0,0.0,0.0
Electricity,capacity,elec_SE,SE_nuclear_2,SE_nuclear_2_elec_edge,ThermalPower{Uranium},0.0,0.0,0.0,0.0
Electricity,capacity,elec_SW,SW_nuclear_1,SW_nuclear_1_elec_edge,ThermalPower{Uranium},0.0,0.0,0.0,0.0
Electricity,capacity,elec_TX,TX_nuclear_1,TX_nuclear_1_elec_edge,ThermalPower{Uranium},0.0,0.0,0.0,0.0
Electricity,capacity,elec_TX,TX_nuclear_2,TX_nuclear_2_elec_edge,ThermalPower{Uranium},0.0,0.0,0.0,0.0
Electricity,capacity,elec_CA,CA_nuclear_mid_0,CA_nuclear_mid_0_elec_edge,ThermalPower{Uranium},0.18153253403147493,0.18153253403147493,0.0,0.0
Electricity,capacity,elec_NW,NW_nuclear_mid_0,NW_nuclear_mid_0_elec_edge,ThermalPower{Uranium},0.19885625829088605,0.19885625829088605,0.0,0.0
Electricity,capacity,elec_SW,SW_nuclear_mid_0,SW_nuclear_mid_0_elec_edge,ThermalPower{Uranium},0.20485374865556957,0.20485374865556957,0.0,0.0
Electricity,capacity,elec_TX,TX_nuclear_mid_0,TX_nuclear_mid_0_elec_edge,ThermalPower{Uranium},0.21619165836536128,0.21619165836536128,0.0,0.0
Electricity,capacity,elec_NCEN,NCEN_nuclear_mid_0,NCEN_nuclear_mid_0_elec_edge,ThermalPower{Uranium},0.2110017496980647,0.2110017496980647,0.0,0.0
Electricity,capacity,elec_CEN,CEN_nuclear_mid_0,CEN_nuclear_mid_0_elec_edge,ThermalPower{Uranium},0.21701017653886437,0.21701017653886437,0.0,0.0
Electricity,capacity,elec_SE,SE_nuclear_mid_0,SE_nuclear_mid_0_elec_edge,ThermalPower{Uranium},0.23267524115166072,0.23267524115166072,0.0,0.0
Electricity,capacity,elec_MIDAT,MIDAT_nuclear_mid_0,MIDAT_nuclear_mid_0_elec_edge,ThermalPower{Uranium},0.22921706165586547,0.22921706165586547,0.0,0.0
Electricity,capacity,elec_NE,NE_nuclear_mid_0,NE_nuclear_mid_0_elec_edge,ThermalPower{Uranium},0.21733725113417693,0.21733725113417693,0.0,0.0
CO2Captured,capacity,co2_captured_CA,CA_Syn_NG_Plant,CA_Syn_NG_Plant_co2_captured_edge,SyntheticNaturalGas,0.08091395028682341,0.08091395028682341,0.0,0.0
CO2Captured,capacity,co2_captured_NW,NW_Syn_NG_Plant,NW_Syn_NG_Plant_co2_captured_edge,SyntheticNaturalGas,0.05255072645742967,0.05255072645742967,0.0,0.0
CO2Captured,capacity,co2_captured_SW,SW_Syn_NG_Plant,SW_Syn_NG_Plant_co2_captured_edge,SyntheticNaturalGas,0.042635355009143235,0.042635355009143235,0.0,0.0
CO2Captured,capacity,co2_captured_TX,TX_Syn_NG_Plant,TX_Syn_NG_Plant_co2_captured_edge,SyntheticNaturalGas,0.04873215079563469,0.04873215079563469,0.0,0.0
CO2Captured,capacity,co2_captured_NCEN,NCEN_Syn_NG_Plant,NCEN_Syn_NG_Plant_co2_captured_edge,SyntheticNaturalGas,0.0555910251123669,0.0555910251123669,0.0,0.0
CO2Captured,capacity,co2_captured_CEN,CEN_Syn_NG_Plant,CEN_Syn_NG_Plant_co2_captured_edge,SyntheticNaturalGas,0.06851978760224342,0.06851978760224342,0.0,0.0
CO2Captured,capacity,co2_captured_SE,SE_Syn_NG_Plant,SE_Syn_NG_Plant_co2_captured_edge,SyntheticNaturalGas,0.053661291504405684,0.053661291504405684,0.0,0.0
CO2Captured,capacity,co2_captured_MIDAT,MIDAT_Syn_NG_Plant,MIDAT_Syn_NG_Plant_co2_captured_edge,SyntheticNaturalGas,0.03753206250812102,0.03753206250812102,0.0,0.0
CO2Captured,capacity,co2_captured_NE,NE_Syn_NG_Plant,NE_Syn_NG_Plant_co2_captured_edge,SyntheticNaturalGas,0.0540052265336033,0.0540052265336033,0.0,0.0
Ethane,capacity,ethane_CA,CA_TSC,CA_TSC_ethane_consumption_edge,SteamCracker,0.0,0.0,0.0,0.0
Ethane,capacity,ethane_SW,SW_TSC,SW_TSC_ethane_consumption_edge,SteamCracker,0.0,0.0,0.0,0.0
Ethane,capacity,ethane_NW,NW_TSC,NW_TSC_ethane_consumption_edge,SteamCracker,0.0,0.0,0.0,0.0
Ethane,capacity,ethane_TX,TX_TSC+CC90_RETROFIT,TX_TSC+CC90_RETROFIT_ethane_consumption_edge,SteamCracker,1.5394309235579722,1.5394309235579722,0.0,0.0
Ethane,capacity,ethane_TX,TX_TSC:H2_RETROFIT,TX_TSC:H2_RETROFIT_ethane_consumption_edge,SteamCracker,0.450083482976193,0.450083482976193,0.0,0.0
Ethane,capacity,ethane_TX,TX_TSC+CC90:H2_RETROFIT,TX_TSC+CC90:H2_RETROFIT_ethane_consumption_edge,SteamCracker,32667.390548396168,32667.390548396168,0.0,0.0
Ethane,capacity,ethane_TX,TX_TSC+H2in_RETROFIT,TX_TSC+H2in_RETROFIT_ethane_consumption_edge,SteamCracker,0.9112162618543735,0.9112162618543735,0.0,0.0
Ethane,capacity,ethane_TX,TX_TSC+H2in:CH4_RETROFIT,TX_TSC+H2in:CH4_RETROFIT_ethane_consumption_edge,SteamCracker,15969.224846157247,15969.224846157247,0.0,0.0
Ethane,capacity,ethane_TX,TX_ESC_RETROFIT,TX_ESC_RETROFIT_ethane_consumption_edge,SteamCracker,0.15568949946340474,0.15568949946340474,0.0,0.0
Ethane,capacity,ethane_TX,TX_TSC,TX_TSC_ethane_consumption_edge,SteamCracker,0.7822133126168307,0.0,1.8758719661163674,48639.67181472127
Ethane,capacity,ethane_NCEN,NCEN_TSC+CC90_RETROFIT,NCEN_TSC+CC90_RETROFIT_ethane_consumption_edge,SteamCracker,1.3312912549989495,1.3312912549989495,0.0,0.0
Ethane,capacity,ethane_NCEN,NCEN_TSC:H2_RETROFIT,NCEN_TSC:H2_RETROFIT_ethane_consumption_edge,SteamCracker,1.2975950473896984,1.2975950473896984,0.0,0.0
Ethane,capacity,ethane_NCEN,NCEN_TSC+CC90:H2_RETROFIT,NCEN_TSC+CC90:H2_RETROFIT_ethane_consumption_edge,SteamCracker,2113.9754456917126,2113.9754456917126,0.0,0.0
Ethane,capacity,ethane_NCEN,NCEN_TSC+H2in_RETROFIT,NCEN_TSC+H2in_RETROFIT_ethane_consumption_edge,SteamCracker,1.0738113473033373,1.0738113473033373,0.0,0.0
Ethane,capacity,ethane_NCEN,NCEN_TSC+H2in:CH4_RETROFIT,NCEN_TSC+H2in:CH4_RETROFIT_ethane_consumption_edge,SteamCracker,2513.8456651755077,2513.8456651755077,0.0,0.0
Ethane,capacity,ethane_NCEN,NCEN_ESC_RETROFIT,NCEN_ESC_RETROFIT_ethane_consumption_edge,SteamCracker,0.13408226653883837,0.13408226653883837,0.0,0.0
Ethane,capacity,ethane_NCEN,NCEN_TSC,NCEN_TSC_ethane_consumption_edge,SteamCracker,0.9445593974795409,0.0,0.0003978190690200334,4631.657890783452
Ethane,capacity,ethane_CEN,CEN_TSC+CC90_RETROFIT,CEN_TSC+CC90_RETROFIT_ethane_consumption_edge,SteamCracker,1.5093693556037284,1.5093693556037284,0.0,0.0
Ethane,capacity,ethane_CEN,CEN_TSC:H2_RETROFIT,CEN_TSC:H2_RETROFIT_ethane_consumption_edge,SteamCracker,0.6175790657989265,0.6175790657989265,0.0,0.0
Ethane,capacity,ethane_CEN,CEN_TSC+CC90:H2_RETROFIT,CEN_TSC+CC90:H2_RETROFIT_ethane_consumption_edge,SteamCracker,10739.302286975595,10739.302286975595,0.0,0.0
Ethane,capacity,ethane_CEN,CEN_TSC+H2in_RETROFIT,CEN_TSC+H2in_RETROFIT_ethane_consumption_edge,SteamCracker,1.037390258899134,1.037390258899134,0.0,0.0
Ethane,capacity,ethane_CEN,CEN_TSC+H2in:CH4_RETROFIT,CEN_TSC+H2in:CH4_RETROFIT_ethane_consumption_edge,SteamCracker,12418.883180112476,12418.883180112476,0.0,0.0
Ethane,capacity,ethane_CEN,CEN_ESC_RETROFIT,CEN_ESC_RETROFIT_ethane_consumption_edge,SteamCracker,0.16091160274401164,0.16091160274401164,0.0,0.0
Ethane,capacity,ethane_CEN,CEN_TSC,CEN_TSC_ethane_consumption_edge,SteamCracker,0.8924636514955024,0.0,0.6110589773872144,23161.510717371115
Ethane,capacity,ethane_SE,SE_TSC+CC90_RETROFIT,SE_TSC+CC90_RETROFIT_ethane_consumption_edge,SteamCracker,1.1338050454284643,1.1338050454284643,0.0,0.0
Ethane,capacity,ethane_SE,SE_TSC:H2_RETROFIT,SE_TSC:H2_RETROFIT_ethane_consumption_edge,SteamCracker,0.6220126420264938,0.6220126420264938,0.0,0.0
Ethane,capacity,ethane_SE,SE_TSC+CC90:H2_RETROFIT,SE_TSC+CC90:H2_RETROFIT_ethane_consumption_edge,SteamCracker,933.8435298764945,933.8435298764945,0.0,0.0
Ethane,capacity,ethane_SE,SE_TSC+H2in_RETROFIT,SE_TSC+H2in_RETROFIT_ethane_consumption_edge,SteamCracker,0.8249052304141593,0.8249052304141593,0.0,0.0
Ethane,capacity,ethane_SE,SE_TSC+H2in:CH4_RETROFIT,SE_TSC+H2in:CH4_RETROFIT_ethane_consumption_edge,SteamCracker,1379.0312557742072,1379.0312557742072,0.0,0.0
Ethane,capacity,ethane_SE,SE_ESC_RETROFIT,SE_ESC_RETROFIT_ethane_consumption_edge,SteamCracker,0.11582794387623803,0.11582794387623803,0.0,0.0
Ethane,capacity,ethane_SE,SE_TSC,SE_TSC_ethane_consumption_edge,SteamCracker,0.7297043936214775,0.0,0.0003830939318872906,2315.571336512447
Ethane,capacity,ethane_MIDAT,MIDAT_TSC+CC90_RETROFIT,MIDAT_TSC+CC90_RETROFIT_ethane_consumption_edge,SteamCracker,0.9145646163396274,0.9145646163396274,0.0,0.0
Ethane,capacity,ethane_MIDAT,MIDAT_TSC:H2_RETROFIT,MIDAT_TSC:H2_RETROFIT_ethane_consumption_edge,SteamCracker,0.972292450672049,0.972292450672049,0.0,0.0
Ethane,capacity,ethane_MIDAT,MIDAT_TSC+CC90:H2_RETROFIT,MIDAT_TSC+CC90:H2_RETROFIT_ethane_consumption_edge,SteamCracker,1061.256366754187,1061.256366754187,0.0,0.0
Ethane,capacity,ethane_MIDAT,MIDAT_TSC+H2in_RETROFIT,MIDAT_TSC+H2in_RETROFIT_ethane_consumption_edge,SteamCracker,0.9310212838920263,0.9310212838920263,0.0,0.0
Ethane,capacity,ethane_MIDAT,MIDAT_TSC+H2in:CH4_RETROFIT,MIDAT_TSC+H2in:CH4_RETROFIT_ethane_consumption_edge,SteamCracker,1251.2829688402949,1251.2829688402949,0.0,0.0
Ethane,capacity,ethane_MIDAT,MIDAT_ESC_RETROFIT,MIDAT_ESC_RETROFIT_ethane_consumption_edge,SteamCracker,0.11859086985780001,0.11859086985780001,0.0,0.0
Ethane,capacity,ethane_MIDAT,MIDAT_TSC,MIDAT_TSC_ethane_consumption_edge,SteamCracker,0.8252303664801977,0.0,0.0003888182768163606,2315.475804815243
Ethane,capacity,ethane_NE,NE_TSC,NE_TSC_ethane_consumption_edge,SteamCracker,0.0,0.0,0.0,0.0
Electricity,capacity,elec_CA_elec_NW,CA_to_NW,CA_to_NW_transmission_edge,TransmissionLink{Electricity},6535.403354810446,2.403354810446122,0.0,0.0
Electricity,capacity,elec_CA_elec_SW,CA_to_SW,CA_to_SW_transmission_edge,TransmissionLink{Electricity},11964.002529338284,0.002529338283698003,0.0,0.0
Electricity,capacity,elec_NW_elec_SW,NW_to_SW,NW_to_SW_transmission_edge,TransmissionLink{Electricity},4530.542744941937,0.5427449419364427,0.0,0.0
Electricity,capacity,elec_SW_elec_CEN,SW_to_CEN,SW_to_CEN_transmission_edge,TransmissionLink{Electricity},611.1577047864922,1.1577047864922012,0.0,0.0
Electricity,capacity,elec_TX_elec_CEN,TX_to_CEN,TX_to_CEN_transmission_edge,TransmissionLink{Electricity},2525.1647212267144,0.1647212267142727,0.0,0.0
Electricity,capacity,elec_NCEN_elec_CEN,NCEN_to_CEN,NCEN_to_CEN_transmission_edge,TransmissionLink{Electricity},9857.76838792445,6.768387924450803,0.0,0.0
Electricity,capacity,elec_NCEN_elec_SE,NCEN_to_SE,NCEN_to_SE_transmission_edge,TransmissionLink{Electricity},3745.391935601782,0.39193560178203457,0.0,0.0
Electricity,capacity,elec_NCEN_elec_MIDAT,NCEN_to_MIDAT,NCEN_to_MIDAT_transmission_edge,TransmissionLink{Electricity},9084.017495974007,1.0174959740066738,0.0,0.0
Electricity,capacity,elec_CEN_elec_SE,CEN_to_SE,CEN_to_SE_transmission_edge,TransmissionLink{Electricity},4872.718902887171,0.7189028871704588,0.0,0.0
Electricity,capacity,elec_SE_elec_MIDAT,SE_to_MIDAT,SE_to_MIDAT_transmission_edge,TransmissionLink{Electricity},5552.644001531299,0.6440015312995593,0.0,0.0
Electricity,capacity,elec_MIDAT_elec_NE,MIDAT_to_NE,MIDAT_to_NE_transmission_edge,TransmissionLink{Electricity},1915.1156795850566,0.1156795850566495,0.0,0.0
CO2Captured,capacity,co2_NW_to_CA_storage,co2_NW_to_CA,co2_NW_to_CA_storage,GasStorage{CO2Captured},0.6730310441717181,0.6730310441717181,0.0,0.0
CO2Captured,capacity,co2_CA_to_SW_storage,co2_CA_to_SW,co2_CA_to_SW_storage,GasStorage{CO2Captured},0.712177344782222,0.7121773447822219,0.0,0.0
CO2Captured,capacity,co2_SW_to_CA_storage,co2_SW_to_CA,co2_SW_to_CA_storage,GasStorage{CO2Captured},1.1929569719621964,1.1929569719621964,0.0,0.0
CO2Captured,capacity,co2_NW_to_SW_storage,co2_NW_to_SW,co2_NW_to_SW_storage,GasStorage{CO2Captured},0.4976382731067749,0.49763827310677483,0.0,0.0
CO2Captured,capacity,co2_SW_to_NW_storage,co2_SW_to_NW,co2_SW_to_NW_storage,GasStorage{CO2Captured},0.7549957283358908,0.7549957283358907,0.0,0.0
CO2Captured,capacity,co2_SW_to_CEN_storage,co2_SW_to_CEN,co2_SW_to_CEN_storage,GasStorage{CO2Captured},0.5867618693880335,0.5867618693880335,0.0,0.0
CO2Captured,capacity,co2_CEN_to_SW_storage,co2_CEN_to_SW,co2_CEN_to_SW_storage,GasStorage{CO2Captured},0.6511951816565896,0.6511951816565896,0.0,0.0
CO2Captured,capacity,co2_TX_to_CEN_storage,co2_TX_to_CEN,co2_TX_to_CEN_storage,GasStorage{CO2Captured},0.8676924717365537,0.8676924717365537,0.0,0.0
CO2Captured,capacity,co2_CEN_to_TX_storage,co2_CEN_to_TX,co2_CEN_to_TX_storage,GasStorage{CO2Captured},0.9409153043245738,0.9409153043245738,0.0,0.0
CO2Captured,capacity,co2_NCEN_to_CEN_storage,co2_NCEN_to_CEN,co2_NCEN_to_CEN_storage,GasStorage{CO2Captured},1.1756966490039304,1.1756966490039304,0.0,0.0
CO2Captured,capacity,co2_CEN_to_NCEN_storage,co2_CEN_to_NCEN,co2_CEN_to_NCEN_storage,GasStorage{CO2Captured},0.8586098785562398,0.8586098785562398,0.0,0.0
CO2Captured,capacity,co2_NCEN_to_SE_storage,co2_NCEN_to_SE,co2_NCEN_to_SE_storage,GasStorage{CO2Captured},0.3547355927365143,0.3547355927365143,0.0,0.0
CO2Captured,capacity,co2_SE_to_NCEN_storage,co2_SE_to_NCEN,co2_SE_to_NCEN_storage,GasStorage{CO2Captured},0.4481510793229013,0.4481510793229013,0.0,0.0
CO2Captured,capacity,co2_NCEN_to_MIDAT_storage,co2_NCEN_to_MIDAT,co2_NCEN_to_MIDAT_storage,GasStorage{CO2Captured},0.42782480557758606,0.427824805577586,0.0,0.0
CO2Captured,capacity,co2_MIDAT_to_NCEN_storage,co2_MIDAT_to_NCEN,co2_MIDAT_to_NCEN_storage,GasStorage{CO2Captured},1.5686504466436915,1.5686504466436915,0.0,0.0
CO2Captured,capacity,co2_CEN_to_SE_storage,co2_CEN_to_SE,co2_CEN_to_SE_storage,GasStorage{CO2Captured},0.42793616682708746,0.4279361668270874,0.0,0.0
CO2Captured,capacity,co2_SE_to_CEN_storage,co2_SE_to_CEN,co2_SE_to_CEN_storage,GasStorage{CO2Captured},0.6844234719151262,0.6844234719151261,0.0,0.0
CO2Captured,capacity,co2_SE_to_MIDAT_storage,co2_SE_to_MIDAT,co2_SE_to_MIDAT_storage,GasStorage{CO2Captured},0.7493168021116505,0.7493168021116505,0.0,0.0
CO2Captured,capacity,co2_MIDAT_to_SE_storage,co2_MIDAT_to_SE,co2_MIDAT_to_SE_storage,GasStorage{CO2Captured},10.642249389377161,10.64224938937716,0.0,0.0
CO2Captured,capacity,co2_MIDAT_to_NE_storage,co2_MIDAT_to_NE,co2_MIDAT_to_NE_storage,GasStorage{CO2Captured},0.7834242375731112,0.7834242375731112,0.0,0.0
CO2Captured,capacity,co2_NE_to_MIDAT_storage,co2_NE_to_MIDAT,co2_NE_to_MIDAT_storage,GasStorage{CO2Captured},2.6036411450945995,2.603641145094599,0.0,0.0
Electricity,capacity,CA_battery_moderate_0_storage,CA_battery_moderate_0,CA_battery_moderate_0_storage,Battery,1.7635250091592025,1.7635250091592025,0.0,0.0
Electricity,capacity,NW_battery_moderate_0_storage,NW_battery_moderate_0,NW_battery_moderate_0_storage,Battery,1.7952429346474346,1.7952429346474346,0.0,0.0
Electricity,capacity,SW_battery_moderate_0_storage,SW_battery_moderate_0,SW_battery_moderate_0_storage,Battery,1.9488292222268018,1.9488292222268018,0.0,0.0
Electricity,capacity,TX_battery_moderate_0_storage,TX_battery_moderate_0,TX_battery_moderate_0_storage,Battery,2.244685941020524,2.244685941020524,0.0,0.0
Electricity,capacity,NCEN_battery_moderate_0_storage,NCEN_battery_moderate_0,NCEN_battery_moderate_0_storage,Battery,2.321076730718619,2.321076730718619,0.0,0.0
Electricity,capacity,CEN_battery_moderate_0_storage,CEN_battery_moderate_0,CEN_battery_moderate_0_storage,Battery,2.2272163683436066,2.2272163683436066,0.0,0.0
Electricity,capacity,SE_battery_moderate_0_storage,SE_battery_moderate_0,SE_battery_moderate_0_storage,Battery,2.0760671444128773,2.0760671444128773,0.0,0.0
Electricity,capacity,MIDAT_battery_moderate_0_storage,MIDAT_battery_moderate_0,MIDAT_battery_moderate_0_storage,Battery,2.322382297188696,2.322382297188696,0.0,0.0
Electricity,capacity,NE_battery_moderate_0_storage,NE_battery_moderate_0,NE_battery_moderate_0_storage,Battery,2.1505294986462036,2.1505294986462036,0.0,0.0
Electricity,capacity,CA_hydroelectric_pumped_storage_1_storage,CA_hydroelectric_pumped_storage_1,CA_hydroelectric_pumped_storage_1_storage,Battery,0.0,0.0,0.0,0.0
Electricity,capacity,CEN_hydroelectric_pumped_storage_1_storage,CEN_hydroelectric_pumped_storage_1,CEN_hydroelectric_pumped_storage_1_storage,Battery,0.0,0.0,0.0,0.0
Electricity,capacity,MIDAT_hydroelectric_pumped_storage_1_storage,MIDAT_hydroelectric_pumped_storage_1,MIDAT_hydroelectric_pumped_storage_1_storage,Battery,0.0,0.0,0.0,0.0
Electricity,capacity,NE_hydroelectric_pumped_storage_1_storage,NE_hydroelectric_pumped_storage_1,NE_hydroelectric_pumped_storage_1_storage,Battery,0.0,0.0,0.0,0.0
Electricity,capacity,NW_hydroelectric_pumped_storage_1_storage,NW_hydroelectric_pumped_storage_1,NW_hydroelectric_pumped_storage_1_storage,Battery,0.0,0.0,0.0,0.0
Electricity,capacity,NCEN_hydroelectric_pumped_storage_1_storage,NCEN_hydroelectric_pumped_storage_1,NCEN_hydroelectric_pumped_storage_1_storage,Battery,0.0,0.0,0.0,0.0
Electricity,capacity,SE_hydroelectric_pumped_storage_1_storage,SE_hydroelectric_pumped_storage_1,SE_hydroelectric_pumped_storage_1_storage,Battery,0.0,0.0,0.0,0.0
Electricity,capacity,SW_hydroelectric_pumped_storage_1_storage,SW_hydroelectric_pumped_storage_1,SW_hydroelectric_pumped_storage_1_storage,Battery,0.0,0.0,0.0,0.0
Hydrogen,capacity,h2_NW_to_CA_storage,h2_NW_to_CA,h2_NW_to_CA_storage,GasStorage{Hydrogen},0.8800301146941433,0.8800301146941433,0.0,0.0
Hydrogen,capacity,h2_CA_to_SW_storage,h2_CA_to_SW,h2_CA_to_SW_storage,GasStorage{Hydrogen},1.2086833824311523,1.2086833824311523,0.0,0.0
Hydrogen,capacity,h2_SW_to_CA_storage,h2_SW_to_CA,h2_SW_to_CA_storage,GasStorage{Hydrogen},1.1333630511785506,1.1333630511785506,0.0,0.0
Hydrogen,capacity,h2_NW_to_SW_storage,h2_NW_to_SW,h2_NW_to_SW_storage,GasStorage{Hydrogen},0.9975943183371888,0.9975943183371888,0.0,0.0
Hydrogen,capacity,h2_SW_to_NW_storage,h2_SW_to_NW,h2_SW_to_NW_storage,GasStorage{Hydrogen},0.8874781324666076,0.8874781324666075,0.0,0.0
Hydrogen,capacity,h2_SW_to_CEN_storage,h2_SW_to_CEN,h2_SW_to_CEN_storage,GasStorage{Hydrogen},0.7010587703886312,0.7010587703886312,0.0,0.0
Hydrogen,capacity,h2_CEN_to_SW_storage,h2_CEN_to_SW,h2_CEN_to_SW_storage,GasStorage{Hydrogen},0.72192008643557,0.72192008643557,0.0,0.0
Hydrogen,capacity,h2_TX_to_CEN_storage,h2_TX_to_CEN,h2_TX_to_CEN_storage,GasStorage{Hydrogen},1.248115049911565,1.248115049911565,0.0,0.0
Hydrogen,capacity,h2_CEN_to_TX_storage,h2_CEN_to_TX,h2_CEN_to_TX_storage,GasStorage{Hydrogen},1.0554120951916028,1.0554120951916028,0.0,0.0
Hydrogen,capacity,h2_NCEN_to_CEN_storage,h2_NCEN_to_CEN,h2_NCEN_to_CEN_storage,GasStorage{Hydrogen},0.9367112433475938,0.9367112433475939,0.0,0.0
Hydrogen,capacity,h2_CEN_to_NCEN_storage,h2_CEN_to_NCEN,h2_CEN_to_NCEN_storage,GasStorage{Hydrogen},1.3923887015304968,1.3923887015304968,0.0,0.0
Hydrogen,capacity,h2_NCEN_to_SE_storage,h2_NCEN_to_SE,h2_NCEN_to_SE_storage,GasStorage{Hydrogen},0.5456316886845615,0.5456316886845615,0.0,0.0
Hydrogen,capacity,h2_SE_to_NCEN_storage,h2_SE_to_NCEN,h2_SE_to_NCEN_storage,GasStorage{Hydrogen},0.624938324382883,0.624938324382883,0.0,0.0
Hydrogen,capacity,h2_NCEN_to_MIDAT_storage,h2_NCEN_to_MIDAT,h2_NCEN_to_MIDAT_storage,GasStorage{Hydrogen},0.6709464315203822,0.6709464315203822,0.0,0.0
Hydrogen,capacity,h2_MIDAT_to_NCEN_storage,h2_MIDAT_to_NCEN,h2_MIDAT_to_NCEN_storage,GasStorage{Hydrogen},0.6781398290761409,0.6781398290761409,0.0,0.0
Hydrogen,capacity,h2_CEN_to_SE_storage,h2_CEN_to_SE,h2_CEN_to_SE_storage,GasStorage{Hydrogen},0.7589619558782048,0.7589619558782048,0.0,0.0
Hydrogen,capacity,h2_SE_to_CEN_storage,h2_SE_to_CEN,h2_SE_to_CEN_storage,GasStorage{Hydrogen},0.6305219061267925,0.6305219061267925,0.0,0.0
Hydrogen,capacity,h2_SE_to_MIDAT_storage,h2_SE_to_MIDAT,h2_SE_to_MIDAT_storage,GasStorage{Hydrogen},1.5158433805658964,1.5158433805658964,0.0,0.0
Hydrogen,capacity,h2_MIDAT_to_SE_storage,h2_MIDAT_to_SE,h2_MIDAT_to_SE_storage,GasStorage{Hydrogen},1.1802328794496346,1.1802328794496346,0.0,0.0
Hydrogen,capacity,h2_MIDAT_to_NE_storage,h2_MIDAT_to_NE,h2_MIDAT_to_NE_storage,GasStorage{Hydrogen},1.7438147179282186,1.7438147179282186,0.0,0.0
Hydrogen,capacity,h2_NE_to_MIDAT_storage,h2_NE_to_MIDAT,h2_NE_to_MIDAT_storage,GasStorage{Hydrogen},0.9923770134684948,0.9923770134684949,0.0,0.0
