corn_NCEN,corn_CEN,bioagri_CA,bioagri_NW,bioagri_SW,bioagri_TX,bioagri_NCEN,bioagri_CEN,bioagri_SE,bioagri_MIDAT,bioagri_NE,bioherb_CA,bioherb_NW,bioherb_SW,bioherb_TX,bioherb_NCEN,bioherb_CEN,bioherb_SE,bioherb_MIDAT,bioherb_NE,biowood_CA,biowood_NW,biowood_SW,biowood_TX,biowood_NCEN,biowood_CEN,biowood_SE,biowood_MIDAT,biowood_NE,ethanol_CA,ethanol_NW,ethanol_SW,ethanol_TX,ethanol_NCEN,ethanol_CEN,ethanol_SE,ethanol_MIDAT,ethanol_NE,ethylene_CA,ethylene_NW,ethylene_SW,ethylene_TX,ethylene_NCEN,ethylene_CEN,ethylene_SE,ethylene_MIDAT,ethylene_NE,gasoline_CA,gasoline_NW,gasoline_SW,gasoline_TX,gasoline_NCEN,gasoline_CEN,gasoline_SE,gasoline_MIDAT,gasoline_NE,ethylene_demand_CA,ethylene_demand_SW,ethylene_demand_NW,ethylene_demand_TX,ethylene_demand_NCEN,ethylene_demand_CEN,ethylene_demand_SE,ethylene_demand_MIDAT,ethylene_demand_NE,gasoline_demand_CA,gasoline_demand_SW,gasoline_demand_NW,gasoline_demand_TX,gasoline_demand_NCEN,gasoline_demand_CEN,gasoline_demand_SE,gasoline_demand_MIDAT,gasoline_demand_NE,natgas_CA,natgas_NW,natgas_SW,natgas_TX,natgas_NCEN,natgas_CEN,natgas_SE,natgas_MIDAT,natgas_NE,natgas_demand_CA,natgas_demand_SW,natgas_demand_NW,natgas_demand_TX,natgas_demand_NCEN,natgas_demand_CEN,natgas_demand_SE,natgas_demand_MIDAT,natgas_demand_NE,elec_CA,elec_NW,elec_SW,elec_TX,elec_NCEN,elec_CEN,elec_SE,elec_MIDAT,elec_NE,h2_CA,h2_NW,h2_SW,h2_TX,h2_NCEN,h2_CEN,h2_SE,h2_MIDAT,h2_NE,co2_captured_CA,co2_captured_NW,co2_captured_SW,co2_captured_TX,co2_captured_NCEN,co2_captured_CEN,co2_captured_SE,co2_captured_MIDAT,co2_captured_NE
155.0,155.0,36.54003248306813,41.16534030203305,34.789439464400644,36.95831186646382,41.69617543431209,40.64380698210877,37.80476917817669,39.68352796730879,40.12112150734307,84.88253833691252,65.7438338155273,62.24481542192707,63.144007036699506,64.14694101968122,65.35580191106807,62.26007471512666,58.834658185048404,61.25169101020226,36.71239705314078,38.89828287315803,35.72066464609294,36.12618167738342,36.05645105129234,38.01163855173907,29.315791550047102,28.227566270133615,27.547337806091022,69.87153376120413,70.3510390867412,-14.539193599262942,70.63562368483201,61.56989104252291,61.47301587147196,70.76585781284588,71.92497634730081,72.95551784498355,994.8631635780696,994.8631635780696,994.8631635780696,994.8631635780696,994.8631635780696,994.8631635780696,994.8631635780696,994.8631635780696,994.8631635780696,-143.8433149650937,-140.71260162391917,-152.62747852747964,-153.43676416863877,-155.1911642435511,-155.35574510228656,-154.67133040379835,-167.67201171969018,-178.23261361571264,-0.0,-0.0,-0.0,994.8631635780696,994.8631635780696,994.8631635780696,994.8631635780696,994.8631635780696,-0.0,-143.8433149650937,-152.62747852747964,-140.71260162391917,-153.43676416863877,-155.1911642435511,-155.35574510228656,-154.67133040379835,-167.67201171969018,-178.23261361571264,15.846596792169903,15.19287383991053,13.173677327376824,13.355035141701899,14.94494329691364,15.045530643045069,12.43401692013032,11.927742711389199,14.332271039903025,-0.0,-0.0,-0.0,-0.0,-0.0,-0.0,-0.0,-0.0,-0.0,122.40385227049286,121.46044923764336,128.22541170563457,131.37566671322855,144.9439246797295,138.20195269078118,132.4530461094093,135.04619938119265,129.20917273166106,13.996766558260452,13.674624439560965,14.288305306240575,14.993777262183942,18.86965675664612,19.845530115122884,13.900900889291355,14.610490936092656,14.869392567098242,2.732146550055079,5.132561049281844,-4.407563006314576,-4.997834399768984,-6.088506770380285,-6.198490024962435,-6.087380642900889,-16.109620916422017,-23.80625315524199
155.0,155.0,36.53801230928573,41.16719264881149,34.803780857078515,36.97619568304731,41.695437835342936,40.644004669175686,37.819285183058945,39.69399529397696,40.1302663008536,85.36264650349928,65.75693686950551,62.274706272615624,63.17623198544387,64.16050064782019,65.36596911009703,62.289216771197786,58.87559419338082,61.29062469904723,36.66136018505524,38.829801440957645,35.72309262200575,36.13833266902828,36.0337985516163,37.98556546502162,29.294425468098098,28.23281529068834,27.59001137562527,73.05026794626424,73.53720035466092,-16.87495772373779,73.72868400674326,65.39948526775711,65.27084219502217,73.7919596583853,74.86451730118381,75.85545409338332,1056.8573052606257,1056.8573052606257,1056.8573052606257,1056.8573052606257,1056.8573052606257,1056.8573052606257,1056.8573052606257,1056.8573052606257,1056.8573052606257,-153.0819335611371,-149.9367329761048,-161.84740352695135,-162.65918543502477,-164.41348366436173,-164.57807456652617,-163.8926136420607,-176.89079178586036,-187.80743489285902,-0.0,-0.0,-0.0,1056.8573052606257,1056.8573052606257,1056.8573052606257,1056.8573052606257,1056.8573052606257,-0.0,-153.0819335611371,-161.84740352695135,-149.9367329761048,-162.65918543502477,-164.41348366436173,-164.57807456652617,-163.8926136420607,-176.89079178586036,-187.80743489285902,15.886829610432345,15.204866483813861,13.172288181361427,13.35547431098211,14.944912038118087,15.045539376451236,12.428883785430722,11.910447308666695,14.349839774247528,-0.0,-0.0,-0.0,-0.0,-0.0,-0.0,-0.0,-0.0,-0.0,150.60022704631882,149.3657281317741,157.86581898620435,161.7815495935316,178.5570477091987,170.18853566368625,163.06140187414655,166.13072684347105,158.80213808649123,14.634819322735062,14.28894066034002,14.96308048126583,15.717475847974201,19.657226916873277,20.606495510245853,14.635530244828493,15.356871857196351,15.549257605492674,2.7260397777903274,5.133120457638619,-4.405944958476491,-4.997836730162421,-6.088505483994278,-6.198490105456836,-6.087392403367638,-16.10963851496766,-24.07305010797454
155.0,155.0,36.53848287537109,41.16785862347759,34.8064284140715,36.992018389526976,41.69329563518732,40.64092633925699,37.82993721663529,39.703534176530304,40.13890024673446,85.87131649021926,65.77548708436952,62.29964231272365,63.20019505219827,64.17166750103097,65.37110709612355,62.30788522848821,58.921993650255665,61.33498426187913,36.62293014154111,38.775681272397875,35.714136405835745,36.1412592655993,36.00119813161439,37.95458380647365,29.258604691602564,28.2260378264778,27.614237095921897,76.86222989418216,77.34651836238511,-19.586762443357532,77.44822047396693,69.96338461999368,69.7940739748159,77.4339220111154,78.41299997610211,79.34386794971738,1130.7670086013752,1130.7670086013752,1130.7670086013752,1130.7670086013752,1130.7670086013752,1130.7670086013752,1130.7670086013752,1130.7670086013752,1130.7670086013752,-164.0585483283319,-160.9174087962734,-172.83699211944398,-173.6541830502864,-175.4088823817263,-175.57296501200113,-174.88683980383954,-187.88188053927942,-199.00823774882662,-0.0,-0.0,-0.0,1130.7670086013752,1130.7670086013752,1130.7670086013752,1130.7670086013752,1130.7670086013752,-0.0,-164.0585483283319,-172.83699211944398,-160.9174087962734,-173.6541830502864,-175.4088823817263,-175.57296501200113,-174.88683980383954,-187.88188053927942,-199.00823774882662,15.903490611139889,15.215061506303721,13.177831255404937,13.356266328307006,14.947469440082182,15.045540035053548,12.42611795270005,11.891784400776046,14.379062623259516,-0.0,-0.0,-0.0,-0.0,-0.0,-0.0,-0.0,-0.0,-0.0,183.20962621067292,181.65441125084212,192.16398929306035,196.96058036197508,217.44277609774534,207.19642248108062,198.46933126253407,202.0526616900513,192.9949590335285,15.343758365355757,14.996249226142698,15.712064621625743,16.492282435714923,20.5212384098994,21.431998063368972,15.429625607657732,16.159777675885604,16.306410914427282,2.7426551605908824,5.146715111870145,-4.401006617290446,-4.997785040026229,-6.088481823677935,-6.198481394514131,-6.087312445743167,-16.109669002736354,-24.22590002464187
155.0,155.0,36.540041241192625,41.16776548829086,34.80636705999565,36.986722790997405,41.69387426100439,40.641589963574994,37.82587571098254,39.70049763455615,40.13834396570899,85.71711233041546,65.7795652076415,62.2863719298456,63.19320865859212,64.17490420613527,65.3726591135149,62.30495856067731,58.92546294743966,61.342753373794935,36.64485706134722,38.80954537745948,35.71753727734501,36.14219985150119,36.00848083219898,37.963032846833585,29.28239933968231,28.251878677391392,27.61830947967234,74.85763743293691,75.3420152496367,-18.16331402227612,75.4927577098844,67.57181356155162,67.42207877482993,75.51367651346645,76.53900807538486,77.5089697969559,1092.171381105601,1092.171381105601,1092.171381105601,1092.171381105601,1092.171381105601,1092.171381105601,1092.171381105601,1092.171381105601,1092.171381105601,-158.34490905543845,-155.2073010938399,-167.10230814541097,-167.91179870579697,-169.66674932237203,-169.83141281149258,-169.14517715793102,-182.14118056700528,-193.2468800190636,-0.0,-0.0,-0.0,1092.171381105601,1092.171381105601,1092.171381105601,1092.171381105601,1092.171381105601,-0.0,-158.34490905543845,-167.10230814541097,-155.2073010938399,-167.91179870579697,-169.66674932237203,-169.83141281149258,-169.14517715793102,-182.14118056700528,-193.2468800190636,15.908645598064272,15.209684364894542,13.17269219219735,13.352112197954687,14.94466278379564,15.04549223670439,12.425564330131035,11.895813824968378,14.341234407824183,-0.0,-0.0,-0.0,-0.0,-0.0,-0.0,-0.0,-0.0,-0.0,166.1379546434351,164.74462481588148,174.17142604667887,178.50476738077,197.0580916891536,187.78057518414207,179.9253607074167,183.2668048380113,175.1263404886859,15.077342737730222,14.73372237409759,15.449117189067048,16.17039557788305,20.160024136608342,21.093602187605562,15.118372557561162,15.845174455042345,16.01859132553224,2.722135861464539,5.119629028835858,-4.407057113809955,-4.997791155954174,-6.088467375052247,-6.198475598299372,-6.08730204425611,-16.109671249598307,-24.21671256109481
155.0,155.0,36.534440301557694,41.16890266966179,34.744632184717254,37.06373647570103,41.67837760957119,40.6122832203152,37.87961410571297,39.74312821964298,40.186990956859276,90.97083040469234,65.82258500276107,62.34361636707868,63.245870760572224,64.18355356138798,65.33777286953129,62.34156181939834,59.10312976448781,61.55180357060217,36.48653188768184,38.5905115434301,35.6120403095877,36.115641340200625,35.89907421367986,37.81235612435717,29.083966925156655,28.159899983612526,27.67109585551765,118.92422186690342,119.47872327549953,-48.82105049197631,118.60270561569013,118.70243842471531,118.44717579133507,118.1628847943714,118.34559181429677,118.45972373993193,1924.579268676302,1924.579268676302,1924.579268676302,1924.579268676302,1924.579268676302,1924.579268676302,1924.579268676302,1924.579268676302,1924.579268676302,-282.1969336660685,-279.0013254865964,-290.93917556339534,-291.74096787863203,-293.4966180741528,-293.6614616010194,-292.97495646168755,-305.9727308010008,-317.3717312799785,-0.0,-0.0,-0.0,1924.579268676302,1924.579268676302,1924.579268676302,1924.579268676302,1924.579268676302,-0.0,-282.1969336660685,-290.93917556339534,-279.0013254865964,-291.74096787863203,-293.4966180741528,-293.6614616010194,-292.97495646168755,-305.9727308010008,-317.3717312799785,15.93062450952571,15.221035738820666,13.170411795329068,13.347794557632257,14.943828145890198,15.045465926519718,12.424483704424112,11.902851235768296,14.354721819887782,-0.0,-0.0,-0.0,-0.0,-0.0,-0.0,-0.0,-0.0,-0.0,533.9999351895358,529.197676853832,561.1750822453718,575.4532127991158,613.5130912799845,605.3749329984918,559.0572192617085,567.9383338737032,541.3829887613293,22.359131339882502,21.93073758043374,23.039841090207517,24.106408036525416,28.451452453410134,29.427545532971973,22.675450944429265,23.50551663755163,23.271316910023536,2.7088072842072166,5.151577114261426,-4.41262417664804,-4.997792596721418,-6.088453933781154,-6.198472224810485,-6.087259033235261,-16.109700908840512,-24.440026774145142
155.0,155.0,36.528550199903265,41.16736569143725,34.789110392933,37.005839263461816,41.692497238588366,40.63374919875796,37.84226732441161,39.715007162065156,40.1496121437676,86.8747997570607,65.79468039391662,62.32523088201237,63.21656754091756,64.18350962616289,65.36820241754623,62.325406714184176,59.0135605155618,61.416299741436504,36.57816157808302,38.713991557583654,35.68842732978753,36.132933744794876,35.97323315507836,37.90880607328119,29.233199342247325,28.25380484934239,27.650729908625706,81.86332465500797,82.34952618219357,-23.462702602224507,82.31773930306929,75.86398475018285,75.81445387826214,82.31842027805322,83.18811089462753,84.03788361557127,1227.8474160504077,1227.8474160504077,1227.8474160504077,1227.8474160504077,1227.8474160504077,1227.8474160504077,1227.8474160504077,1227.8474160504077,1227.8474160504077,-178.53437335262072,-175.3792421949425,-187.28322067290034,-188.09393001958165,-189.8501829343261,-190.0147254205451,-189.32811741771346,-202.32701356821784,-213.54900056175464,-0.0,-0.0,-0.0,1227.8474160504077,1227.8474160504077,1227.8474160504077,1227.8474160504077,1227.8474160504077,-0.0,-178.53437335262072,-187.28322067290034,-175.3792421949425,-188.09393001958165,-189.8501829343261,-190.0147254205451,-189.32811741771346,-202.32701356821784,-213.54900056175464,15.947413359216558,15.247607761032254,13.172897683855805,13.34665274162711,14.945340385602577,15.04543482858574,12.424694294136826,11.907544175938856,14.386811858259366,-0.0,-0.0,-0.0,-0.0,-0.0,-0.0,-0.0,-0.0,-0.0,229.6186145845408,227.6342211377709,241.01384724944413,247.06447300087623,263.2636244618179,259.90772310111595,240.0607883423066,243.95478458470447,232.8036104656951,16.40104638897809,16.05816115032733,16.826548132049837,17.57687251486349,21.50217899195353,22.56535156112357,16.334923347741018,17.086272456308055,17.210923739999853,2.7235727905838547,5.135635558226367,-4.405168301400024,-4.997728781087265,-6.088432034245956,-6.198463761570623,-6.087133747812323,-16.10972587036839,-24.300354746710454
155.0,155.0,36.537225165741894,41.168789391991474,34.794521787808705,36.99193825621045,41.699131291482,40.637440229848146,37.83141565809582,39.707562896895695,40.13956965644775,85.61815917626205,65.80053349364226,62.32872324397444,63.206358077883934,64.18807306535489,65.37713462607226,62.31419779662391,58.98594992520495,61.38192222023783,36.611766749301964,38.757890023441306,35.71256494425895,36.13856394046764,35.987348100361146,37.93000169773056,29.272148417013412,28.272723550626043,27.64139266169911,76.51945804612822,77.00282492376407,-19.66883223409144,77.10430777088587,69.51265001204939,69.49847331575653,77.19521872906182,78.1756033535914,79.12895300841808,1124.9779894437713,1124.9779894437713,1124.9779894437713,1124.9779894437713,1124.9779894437713,1124.9779894437713,1124.9779894437713,1124.9779894437713,1124.9779894437713,-163.28758601435788,-160.1494670864464,-171.9833590949055,-172.79063998629408,-174.5464904413934,-174.7117154486307,-174.0234817177217,-187.02397347329645,-198.16721745981934,-0.0,-0.0,-0.0,1124.9779894437713,1124.9779894437713,1124.9779894437713,1124.9779894437713,1124.9779894437713,-0.0,-163.28758601435788,-171.9833590949055,-160.1494670864464,-172.79063998629408,-174.5464904413934,-174.7117154486307,-174.0234817177217,-187.02397347329645,-198.16721745981934,15.93402384615488,15.239826038957856,13.175928900569364,13.344953866356336,14.942047636984201,15.045372523287636,12.416854734376782,11.907265546523057,14.477985714879335,-0.0,-0.0,-0.0,-0.0,-0.0,-0.0,-0.0,-0.0,-0.0,184.45301963950854,182.8244008961185,193.1042942008552,197.93551744528614,210.6644419203734,208.22464990202084,192.04952118511014,195.53241409664764,187.03744695159023,15.487725789953588,15.138847622122828,15.858604502299245,16.57856934585461,20.42095841386973,21.501435038106884,15.328424591174114,16.094649155596187,16.277161449775004,2.6784799832543627,5.073351681706446,-4.407079959275326,-4.997765291612465,-6.088412399018558,-6.198456072563233,-6.087110630575738,-16.109729297377054,-24.225700940688846
155.0,155.0,36.52550215343651,41.16726695439502,34.76213005243635,37.01544501836886,41.69581423900985,40.62539679351907,37.847988988158676,39.72420180393055,40.157211702272996,87.15269230437312,65.81649866603502,62.372172648567684,63.2323415043778,64.19779168987968,65.37101102812497,62.33293105797723,59.051382538276115,61.48780635067622,36.53252501719608,38.64680328812975,35.6701504041113,36.119661926214526,35.9408595669491,37.86412444021797,29.162341280284327,28.222201066231573,27.683404900126575,88.81370401192319,89.3217222621634,-28.595047241230937,89.08110572891204,84.0715647765723,84.0268088966136,88.99924930604872,89.71699471709286,90.45462991395094,1360.9422140274485,1360.9422140274485,1360.9422140274485,1360.9422140274485,1360.9422140274485,1360.9422140274485,1360.9422140274485,1360.9422140274485,1360.9422140274485,-198.43189831624227,-195.25967099504868,-207.08846887086597,-207.88809820735514,-209.64826846751376,-209.81402674925553,-209.12541644073477,-222.1222768138362,-233.3828066067857,-0.0,-0.0,-0.0,1360.9422140274485,1360.9422140274485,1360.9422140274485,1360.9422140274485,1360.9422140274485,-0.0,-198.43189831624227,-207.08846887086597,-195.25967099504868,-207.88809820735514,-209.64826846751376,-209.81402674925553,-209.12541644073477,-222.1222768138362,-233.3828066067857,15.942263726824198,15.251167042165978,13.182421439875226,13.32105571761488,14.939391179633933,15.045245971676291,12.415191612625765,11.88758633639357,14.534984507564713,-0.0,-0.0,-0.0,-0.0,-0.0,-0.0,-0.0,-0.0,-0.0,290.94459707806743,288.3888441611173,305.66562361569044,313.4823602781239,331.9573782296061,329.7755097608209,304.0654665936982,307.33743488527733,293.0760533444173,17.50350360465921,17.101919155380944,17.924551322530636,18.85583750234999,22.78863531549902,23.87730090245242,17.504298341035312,18.26059966759284,18.35159033550086,2.6476815788818695,5.068753324829875,-4.408173976932658,-4.997805760392757,-6.088402870075572,-6.198454952126019,-6.0870641108721,-16.1097499990336,-24.30331060388439
155.0,155.0,36.48700534560582,41.144279212402424,34.612527107855634,36.843142781611384,41.68994664958847,40.61403070207941,37.70255535380755,39.624472091276175,40.05701256199366,83.01121998891843,65.55893770399345,62.0414176023118,62.913433619299134,63.93478719315369,65.20813819122212,62.019653419978575,58.5099517448424,60.9555347704851,36.81602772174949,38.99480994631643,35.58836729371693,35.927572649506864,35.990388150468945,37.99646623207198,29.174198430956174,27.941265125379164,27.12440548949274,62.416715895899486,62.90342701475403,-8.624154953910827,63.38303971254467,52.49286422174752,52.425236495777895,63.7384012803232,65.1196430329574,66.2734415584935,847.6603877569833,847.6603877569833,847.6603877569833,847.6603877569833,847.6603877569833,847.6603877569833,847.6603877569833,847.6603877569833,847.6603877569833,-121.88388328457987,-118.81514707458406,-130.7107003390309,-131.53499188789215,-133.2913226529976,-133.45755093972716,-132.7568088648702,-145.73240647566786,-155.78258775074144,-0.0,-0.0,-0.0,847.6603877569833,847.6603877569833,847.6603877569833,847.6603877569833,847.6603877569833,-0.0,-121.88388328457987,-130.7107003390309,-118.81514707458406,-131.53499188789215,-133.2913226529976,-133.45755093972716,-132.7568088648702,-145.73240647566786,-155.78258775074144,15.364313729348188,14.743132331775186,13.104258425352988,13.337433432208726,14.937194263808767,15.045174488735165,12.356940425289647,11.725884150459786,13.650197032825629,-0.0,-0.0,-0.0,-0.0,-0.0,-0.0,-0.0,-0.0,-0.0,49.900297668591534,49.67072025506828,52.0188445367543,53.352473056115606,56.589538388871084,56.11533073202669,51.75340303050432,52.7428829114257,50.799993278408216,12.655284393833465,12.384840482843346,12.913582508289952,13.59104235707896,17.20196224552438,18.311277156712737,12.423388860036386,13.118313669868959,13.547936100888167,2.7029295185899205,5.054755586552234,-4.404217527683808,-4.997783974215781,-6.088377331659933,-6.198453293760871,-6.086969904392816,-16.10972759911233,-23.49182923917108
155.0,155.0,36.486921168466566,41.14289740741452,34.59985913990506,36.839442449393324,41.690074446349556,40.61010993369296,37.6984721687913,39.622352428416825,40.05826782544146,82.64513433062608,65.55877903281116,62.02790642478206,62.90822779621819,63.92877051451155,65.20568571047602,62.01406150122132,58.501928674826836,60.972890939687815,36.8200799393188,38.99590514590506,35.57643916446915,35.91871160036723,35.975314071185736,37.9834141031052,29.165847299846728,27.930438340863883,27.11922789393337,62.203255119251686,62.690216588194616,-8.415422587089287,63.167175003160224,52.20053861673325,52.14884296738158,63.532797534117215,64.9166598410341,66.06304737233161,843.0975349603649,843.0975349603649,843.0975349603649,843.0975349603649,843.0975349603649,843.0975349603649,843.0975349603649,843.0975349603649,843.0975349603649,-121.23727552536859,-118.14782401373125,-130.01600228543643,-130.8531316743201,-132.61192298136817,-132.77875743652265,-132.07516617748183,-145.04854630809373,-154.77389536660704,-0.0,-0.0,-0.0,843.0975349603649,843.0975349603649,843.0975349603649,843.0975349603649,843.0975349603649,-0.0,-121.23727552536859,-130.01600228543643,-118.14782401373125,-130.8531316743201,-132.61192298136817,-132.77875743652265,-132.07516617748183,-145.04854630809373,-154.77389536660704,15.233352894990919,14.673906716706448,13.002026629328158,13.322346799964661,14.934265861939345,15.045102973302926,12.342757708506982,11.701392970218963,13.570391145682912,-0.0,-0.0,-0.0,-0.0,-0.0,-0.0,-0.0,-0.0,-0.0,47.249008718444166,47.06637857979793,49.27727163003786,50.54207092545388,53.60960902170819,53.16031730627837,49.0300122772905,49.96784507070834,48.144958144098965,12.472528641304596,12.217314987955708,12.760989329752602,13.47869524544503,17.03822106522325,18.163986606427855,12.279905869127854,12.966676340937699,13.419166211262466,2.6576531614271013,5.033324692631859,-4.408181019803205,-4.997806996518802,-6.088362551799209,-6.1984510454099375,-6.087016572736928,-16.109705915548744,-23.252124057700872
155.0,155.0,36.481150052379164,41.142357637733085,34.59991476789283,36.83571534910515,41.69120141246308,40.610648058313345,37.69597251656816,39.62141270015349,40.05688578537912,82.53075320565189,65.54711580261538,62.0308355488909,62.901295056469884,63.92401868587819,65.2049067367234,62.00529282115658,58.492597145281344,60.966697510632784,36.819013983980824,38.99403612744735,35.57696084539184,35.914075214640704,35.98549239024987,37.98887245056812,29.15986550066541,27.925090800028862,27.121476048561917,62.166963324019385,62.655211284671594,-8.37729922019782,63.12850228005574,52.144305359688445,52.09659510480007,63.50193260995768,64.88788566180605,66.0142567443834,842.0445021723978,842.0445021723978,842.0445021723978,842.0445021723978,842.0445021723978,842.0445021723978,842.0445021723978,842.0445021723978,842.0445021723978,-121.07378537665318,-117.95879090085897,-129.85074913335475,-130.68697461506775,-132.4550814751723,-132.62209694589177,-131.90445352534593,-144.86597653110692,-154.30758805414968,-0.0,-0.0,-0.0,842.0445021723978,842.0445021723978,842.0445021723978,842.0445021723978,842.0445021723978,-0.0,-121.07378537665318,-129.85074913335475,-117.95879090085897,-130.68697461506775,-132.4550814751723,-132.62209694589177,-131.90445352534593,-144.86597653110692,-154.30758805414968,15.16834080607391,14.620093451615153,12.936972452919814,13.276241604751538,14.933266323774767,15.045041486097995,12.274578146889153,11.5758237377466,13.423464042421672,-0.0,-0.0,-0.0,-0.0,-0.0,-0.0,-0.0,-0.0,-0.0,46.758464141218646,46.60884938756802,48.795854338072026,50.04810434216182,53.09937302848695,52.64162150547706,48.55373774131595,49.502556952801385,47.71137250875016,12.318367414388854,12.067571009977215,12.613395623754293,13.372303494761766,16.881693751469726,18.019251381766928,12.110863080057465,12.79033261064816,13.282910224739954,2.6526198674692334,5.051034000984496,-4.411872696173041,-4.997815792171419,-6.08837428373625,-6.198453112558133,-6.087026507172801,-16.109708606390125,-23.038509519176745
155.0,155.0,36.470400956630805,41.13726257011589,34.56370723824767,36.81720198537686,41.68722769631442,40.60336736967435,37.679444993762274,39.61188244560138,40.047803392869156,82.30127642408324,65.52159042351214,61.986281865424345,62.86122818512091,63.88453129648721,65.17452906796697,61.9694617474082,58.44519803787251,60.91864722152943,36.8129732866275,38.99405495721337,35.532397753963814,35.866011335510024,35.957103679993914,37.97780742580467,29.119968194916545,27.860932763242975,27.03482604388138,61.701032356015176,62.18657730013229,-7.767445143827682,62.6985571305702,51.57256345361906,51.53199660966357,63.088185612712934,64.50520317784044,65.60046024969486,832.2759459399872,832.2759459399872,832.2759459399872,832.2759459399872,832.2759459399872,832.2759459399872,832.2759459399872,832.2759459399872,832.2759459399872,-119.42451627828004,-116.34688005514828,-128.26859260169874,-129.04682479082314,-131.00143844475966,-131.16889587218031,-130.2824465537095,-143.26925837795227,-152.15422373597045,-0.0,-0.0,-0.0,832.2759459399872,832.2759459399872,832.2759459399872,832.2759459399872,832.2759459399872,-0.0,-119.42451627828004,-128.26859260169874,-116.34688005514828,-129.04682479082314,-131.00143844475966,-131.16889587218031,-130.2824465537095,-143.26925837795227,-152.15422373597045,14.96585187850579,14.47460006825202,12.345126785187947,12.370734676843457,14.931162338108985,15.044957923678316,11.457188497519562,10.880624941298283,12.820086412919187,-0.0,-0.0,-0.0,-0.0,-0.0,-0.0,-0.0,-0.0,-0.0,39.17311384853624,39.0929167122326,40.79234808959941,41.83842657050506,44.39513410935679,44.005561959767746,40.59012282520321,41.48351818375093,40.13414317834307,12.06594451364316,11.851525600361196,12.352723024377157,13.082713998249655,16.577682701789843,17.679886848927435,11.745995839060456,12.385761559235508,13.016411712946946,2.7706089915501755,5.158165854905092,-4.406678724161508,-4.997791279587447,-6.088354553620906,-6.198452391123118,-6.086965074571147,-16.109695707551342,-22.598303270202774
155.0,155.0,36.4127258758025,41.117410839840495,34.41434796778116,36.74189398240701,41.66794109096821,40.56914715923733,37.609792033472715,39.57365496286018,40.023338032925444,82.06764150712118,65.40447376724738,61.821554041381845,62.68698638523813,63.7223511456518,65.06297944358111,61.803693925866725,58.23756140151416,60.788834831570334,36.75800212128789,38.965205638667705,35.33813626983661,35.63950974631896,35.811113254118325,37.89995145391658,28.881401704915792,27.56681008787808,26.73149089444017,60.417340419487694,60.89994642488082,-5.661023124608831,61.8367186551499,50.01699030899228,50.04130146394811,62.00277698403031,63.51761254997545,64.5026214482135,804.4435533338758,804.4435533338758,804.4435533338758,804.4435533338758,804.4435533338758,804.4435533338758,804.4435533338758,804.4435533338758,804.4435533338758,-115.05243573118464,-111.75261747762745,-123.95773019279586,-124.55008047493844,-126.86012660254593,-127.02851985425121,-125.87144735728869,-138.70017476029562,-146.66214656803885,-0.0,-0.0,-0.0,804.4435533338758,804.4435533338758,804.4435533338758,804.4435533338758,804.4435533338758,-0.0,-115.05243573118464,-123.95773019279586,-111.75261747762745,-124.55008047493844,-126.86012660254593,-127.02851985425121,-125.87144735728869,-138.70017476029562,-146.66214656803885,14.529974116187814,14.072596195818326,11.594082917283504,10.64441009724638,14.926722879327547,15.044991664798676,10.145993627064291,8.804573661571856,11.781553334030647,-0.0,-0.0,-0.0,-0.0,-0.0,-0.0,-0.0,-0.0,-0.0,12.82665938314737,12.83210139041592,12.95038248183221,13.28132050637057,14.016648615142117,13.96419060526751,12.8906704035583,13.303942800150946,13.328096527709238,11.543263769509666,11.358188917407515,11.730888936727329,8.647148667813637,15.675960394675625,16.264938881611318,10.404391484219989,10.867282869388557,12.451921960641076,2.8789857828278738,5.466919428889487,-4.394876281855359,-4.997809810683051,-6.0883445037108945,-6.198451798770305,-6.087017871462223,-16.109606459472946,-21.728551240617225
155.0,155.0,36.38024274468886,41.10697248207722,34.34594463927266,36.70719821584801,41.65875270127289,40.55354725241909,37.57816226764634,39.55639925232078,40.00971052089882,81.95967089879821,65.33944383551254,61.75601857214474,62.60714578174715,63.64657318540434,65.00970307237391,61.723699755067905,58.14244967263325,60.70998463602509,36.713723155162626,38.93912274364743,35.23494801432213,35.52047179902648,35.742732209052114,37.86305718471038,28.74242585144765,27.410058464037625,26.572990414721946,60.07946187829634,60.565669827962545,-4.901725809464592,61.598572531747436,49.64746199226815,49.7048019497092,61.75262540221016,63.312424657442584,64.24593113871363,796.186249476335,796.186249476335,796.186249476335,796.186249476335,796.186249476335,796.186249476335,796.186249476335,796.186249476335,796.186249476335,-113.7204652084898,-110.35368778353033,-122.66595120465854,-123.08693996268084,-125.63180715076096,-125.80015894759282,-124.50633630883844,-137.20743467257753,-144.96043579907632,-0.0,-0.0,-0.0,796.186249476335,796.186249476335,796.186249476335,796.186249476335,796.186249476335,-0.0,-113.7204652084898,-122.66595120465854,-110.35368778353033,-123.08693996268084,-125.63180715076096,-125.80015894759282,-124.50633630883844,-137.20743467257753,-144.96043579907632,14.330887795778,13.907472332876065,11.300737567066301,9.507133102186891,14.926835961919101,15.045001503901865,9.483516734718322,7.524227600964665,11.16821222851178,-0.0,-0.0,-0.0,-0.0,-0.0,-0.0,-0.0,-0.0,-0.0,2.8248487220484995,2.8266252346771874,2.7955533492673608,2.8633957591453165,2.972248840111666,3.005645081396001,2.7892801296671554,2.8691832877741255,2.910910828509838,11.144681761144444,10.979673045432094,11.291106829708006,7.427457453691243,14.826886843988714,15.107259837086737,9.494768082594494,9.857216674996598,11.98645422525297,2.926785637195593,5.580529640560634,-4.392694393014346,-4.99781636018714,-6.088363051019118,-6.198454943144808,-6.087032573320286,-16.109564007420932,-21.463392842605355
155.0,155.0,36.37743035918157,41.10531669716364,34.334823973799885,36.70291759791787,41.65711187846437,40.550775938356786,37.57327122327467,39.55355000367507,40.00651490664243,81.91884305921222,65.33316622415975,61.74363879237449,62.59645185032205,63.63646878757055,65.00063761179989,61.71331090603978,58.13235392758946,60.69023866535458,36.70686055581026,38.936603985857246,35.2178176694252,35.50047726306296,35.72884666414525,37.8566596706648,28.71639364301508,27.37872595798004,26.535146493597303,60.02815598805944,60.513358115119374,-4.799021448922418,61.57884171777252,49.62171273860411,49.68627969282879,61.73767627982048,63.31097008656463,64.21697453294169,794.9423835564064,794.9423835564064,794.9423835564064,794.9423835564064,794.9423835564064,794.9423835564064,794.9423835564064,794.9423835564064,794.9423835564064,-113.38992372681757,-110.0811295279876,-122.44732763160617,-122.77316564731389,-125.44739407379146,-125.61511396863003,-124.24306531994766,-136.86200723495452,-144.5406866368061,-0.0,-0.0,-0.0,794.9423835564064,794.9423835564064,794.9423835564064,794.9423835564064,794.9423835564064,-0.0,-113.38992372681757,-122.44732763160617,-110.0811295279876,-122.77316564731389,-125.44739407379146,-125.61511396863003,-124.24306531994766,-136.86200723495452,-144.5406866368061,14.205469973485847,13.831944487934237,11.174458250533316,8.883695214273454,14.929919798000451,15.044970525895867,9.10490036014827,6.747363106637803,10.587594977141519,-0.0,-0.0,-0.0,-0.0,-0.0,-0.0,-0.0,-0.0,-0.0,1.4216688344233677,1.4233966202312278,1.406760698594054,1.437040735169528,1.4899393299108934,1.506162213075687,1.4179766325897794,1.453848588919081,1.473345496173765,10.962494859715633,10.822875944301325,11.066759096742999,7.024975122453062,14.435432097201872,14.576688622756633,9.006827484736117,9.322851997046998,11.755336876772642,3.0182584131785015,5.640406538336058,-4.386947192480804,-4.997792414191868,-6.088354920983185,-6.198455322707244,-6.086979430034333,-16.109555824737548,-21.375563897723097
155.0,155.0,36.37916416603076,41.10505733891932,34.334385810971796,36.70412213541904,41.656035034923114,40.54811217118309,37.5740641365971,39.554121673065076,40.00945045533977,81.91003796074796,65.33900516702215,61.740306538626,62.59880548532928,63.637546286803875,65.00238800650375,61.71615174000497,58.14382159959424,60.70446723034966,36.70635868626693,38.93642792066606,35.21505400373693,35.49991631642126,35.71503412816991,37.84392981335865,28.71565895398915,27.390364094854533,26.54105440679507,60.025327106791806,60.50674424914052,-4.781156600403519,61.578088672627246,49.62988373475544,49.70456623931038,61.746719599753746,63.318359628011464,64.20926041747401,794.6004132656861,794.6004132656861,794.6004132656861,794.6004132656861,794.6004132656861,794.6004132656861,794.6004132656861,794.6004132656861,794.6004132656861,-113.40385768085461,-110.03519562777647,-122.38753333599982,-122.68491344191129,-125.39582324171117,-125.56425094588174,-124.17332683815853,-136.7762687143251,-144.40758284562426,-0.0,-0.0,-0.0,794.6004132656861,794.6004132656861,794.6004132656861,794.6004132656861,794.6004132656861,-0.0,-113.40385768085461,-122.38753333599982,-110.03519562777647,-122.68491344191129,-125.39582324171117,-125.56425094588174,-124.17332683815853,-136.7762687143251,-144.40758284562426,14.201415009725661,13.789884009132482,11.125820618766776,8.702482306116329,14.926481636260762,15.045008982039272,9.01296258323044,6.578701871318069,10.650940617285654,-0.0,-0.0,-0.0,-0.0,-0.0,-0.0,-0.0,-0.0,-0.0,1.1893316638117575,1.1911993991298322,1.1773820808592117,1.2009540954065274,1.2489809467109299,1.2585095294301372,1.1995307523277605,1.2262328520744372,1.2416529829987903,10.810611061350107,10.683692590758552,10.8629067133075,6.792661969696012,14.163567977934264,14.250031878301915,8.671776050478877,8.961613123336775,11.571551818880408,2.9680577220766273,5.629067422686871,-4.387802571242411,-4.997815152109073,-6.088363246255785,-6.198456068127998,-6.087066073960886,-16.109519285981037,-21.302675991990455
155.0,155.0,36.37900636006084,41.10522253712974,34.34157287667324,36.70296551124614,41.655957116743295,40.55045024384371,37.57540780503628,39.55352916921576,40.008415068178614,81.91852031506181,65.33283450180166,61.745798445148445,62.59560682068228,63.636691900542985,65.00330183811738,61.714468672175094,58.13403069126625,60.69001093298573,36.70706753563059,38.93819106744502,35.221192075505186,35.50311396062511,35.73129221313678,37.85636847976452,28.723621013266328,27.39377658454693,26.54172030427188,60.01747710299244,60.49680671840578,-4.797486226557133,61.57034070727293,49.636943693061816,49.67556032143947,61.74700063619518,63.32694458110569,64.19956910447561,794.1373479984093,794.1373479984093,794.1373479984093,794.1373479984093,794.1373479984093,794.1373479984093,794.1373479984093,794.1373479984093,794.1373479984093,-113.3163021892796,-109.93286919274377,-122.30957232915462,-122.57170625359252,-125.3272518873379,-125.49537396880315,-124.0798432311714,-136.67312446383778,-144.29021524043165,-0.0,-0.0,-0.0,794.1373479984093,794.1373479984093,794.1373479984093,794.1373479984093,794.1373479984093,-0.0,-113.3163021892796,-122.30957232915462,-109.93286919274377,-122.57170625359252,-125.3272518873379,-125.49537396880315,-124.0798432311714,-136.67312446383778,-144.29021524043165,14.172598675843041,13.770231471803006,11.087535707806529,8.487768501241725,14.92782624520357,15.045030637993895,8.893535695688481,6.412890298488255,10.442912715774138,-0.0,-0.0,-0.0,-0.0,-0.0,-0.0,-0.0,-0.0,-0.0,1.4565497687205236,1.45921721465868,1.442359121634204,1.4714054276543402,1.5400198381249526,1.5435935424363956,1.4861053165283935,1.5163554273508875,1.5341421358336986,10.590913955570185,10.487312119154716,10.617663264818102,6.584596462068624,13.913059221715047,13.98516803268953,8.350235829397189,8.62013296880481,11.342004760843212,2.9777856894873183,5.653527923628058,-4.386906889406498,-4.997818970674601,-6.088391726478285,-6.19845968675743,-6.087109916094643,-16.10949821243993,-21.298442566246866
155.0,155.0,36.38632454910978,41.1070577697602,34.359062170507414,36.70807504643454,41.656125672508836,40.55412567860776,37.582280984841816,39.5547253715757,40.00913307503573,81.9620989637492,65.34044588592099,61.757156826465966,62.60607259360763,63.64981971486705,65.01142690633462,61.731016248984275,58.132764228319644,60.68171828793622,36.716198840243536,38.9455395893269,35.24271455325669,35.51931922378411,35.747551536368384,37.869302569730074,28.751644048294864,27.404051119107514,26.549647386279158,59.98856436418096,60.46281271455148,-4.899766780072578,61.5490856835648,49.63415961309084,49.57004227870052,61.723845640692375,63.315147250865024,64.17390252576807,793.8867133784383,793.8867133784383,793.8867133784383,793.8867133784383,793.8867133784383,793.8867133784383,793.8867133784383,793.8867133784383,793.8867133784383,-113.16906527161997,-109.85370614644266,-122.25564439953551,-122.48456099530956,-125.29081499362402,-125.45809769668145,-124.02896887637472,-136.5926709367878,-144.23217605976564,-0.0,-0.0,-0.0,793.8867133784383,793.8867133784383,793.8867133784383,793.8867133784383,793.8867133784383,-0.0,-113.16906527161997,-122.25564439953551,-109.85370614644266,-122.48456099530956,-125.29081499362402,-125.45809769668145,-124.02896887637472,-136.5926709367878,-144.23217605976564,14.118155476861842,13.742343791577749,11.053164559743637,8.246490929838364,14.931932448366336,15.04507389168994,8.827879137068756,6.2037532695054685,10.151132065173629,-0.0,-0.0,-0.0,-0.0,-0.0,-0.0,-0.0,-0.0,-0.0,2.9005440664005686,2.907942738327212,2.8776990098272197,2.941161876905753,3.144311230234587,3.0909919867452285,3.0774825785484623,3.125308077461112,3.1560667614418514,10.475633005436828,10.389858009636445,10.481540194072396,6.480123291333885,13.780445590035459,13.84564532132612,8.183509030730889,8.425735324620536,11.202886300442973,3.0532766187573253,5.683597574893827,-4.379605373682234,-4.997780238346455,-6.088391832060427,-6.198459322812127,-6.08708288880933,-16.109502738515868,-21.328636088629683
155.0,155.0,36.40039438208514,41.11019694965441,34.385074686397274,36.71947209295374,41.65660382987258,40.5586750278906,37.594311195394425,39.56089118713914,40.01769894263053,82.00969098642656,65.36459055816078,61.76926106351317,62.630721023979085,63.67523646047368,65.0319462248502,61.768159625528675,58.175698624853716,60.71747156040825,36.731709853930035,38.95734895035878,35.274967157535166,35.557889116765125,35.76603903630459,37.879929344265136,28.81005458852082,27.479486167633347,26.613670015268543,60.00291597118861,60.470427613728745,-5.077102668053198,61.5565778691321,49.66602728919802,49.536063098411724,61.72396886071975,63.31288420928996,64.16306023929107,794.5233930822621,794.5233930822621,794.5233930822621,794.5233930822621,794.5233930822621,794.5233930822621,794.5233930822621,794.5233930822621,794.5233930822621,-113.32627838954949,-109.98397708590731,-122.36950740205802,-122.66255921458598,-125.38499972688955,-125.55282723430506,-124.1936096544874,-136.80528730678043,-144.37853722873098,-0.0,-0.0,-0.0,794.5233930822621,794.5233930822621,794.5233930822621,794.5233930822621,794.5233930822621,-0.0,-113.32627838954949,-122.36950740205802,-109.98397708590731,-122.66255921458598,-125.38499972688955,-125.55282723430506,-124.1936096544874,-136.80528730678043,-144.37853722873098,14.183592869929797,13.755864052873951,11.145465845136231,8.64990876727372,14.929294282672672,15.04514946775741,9.166036692033211,6.77497561764002,10.325312049659075,-0.0,-0.0,-0.0,-0.0,-0.0,-0.0,-0.0,-0.0,-0.0,5.3586407471467865,5.378529359806519,5.331185110552461,5.454662740302922,5.93122942006012,5.735307519937455,6.021981236188024,6.0497526859300095,6.093505296564287,10.421037938472413,10.340617808039141,10.403782321266155,6.444123777108404,13.70383376129742,13.754700403524236,8.075912601967836,8.308346491056007,11.111057381095582,3.015810760967772,5.656320537450097,-4.379677897195474,-4.997782109613476,-6.088404127503943,-6.1984598207085435,-6.087172736265656,-16.109486415690206,-21.34063489294341
155.0,155.0,36.418926754049124,41.116889666510815,34.441624281086746,36.740988281479346,41.66210740541257,40.57278915926166,37.619021342357364,39.57277212896975,40.02471396972578,82.11846451087942,65.38716509850747,61.82330647533942,62.68072879225684,63.72056659660219,65.06393305747098,61.82487103043086,58.22589301646055,60.735409580828566,36.75910952304581,38.97294372557237,35.34688382375083,35.63687325413409,35.8371796537461,37.92203737387405,28.918872826408858,27.59419085700198,26.719666002305075,60.29758706890419,60.762726440188935,-5.582035265167169,61.82492546089111,50.00674311201554,49.90412861149111,61.986311700368475,63.5550652460922,64.3897893395363,800.7651783334596,800.7651783334596,800.7651783334596,800.7651783334596,800.7651783334596,800.7651783334596,800.7651783334596,800.7651783334596,800.7651783334596,-114.27500119183887,-110.95093008560707,-123.33561774359794,-123.73607625175684,-126.31382971836365,-126.48137824334945,-125.19664740267314,-137.88377518393432,-145.46213151526692,-0.0,-0.0,-0.0,800.7651783334596,800.7651783334596,800.7651783334596,800.7651783334596,800.7651783334596,-0.0,-114.27500119183887,-123.33561774359794,-110.95093008560707,-123.73607625175684,-126.31382971836365,-126.48137824334945,-125.19664740267314,-137.88377518393432,-145.46213151526692,14.27770624251516,13.83450241382663,11.313901826325932,9.352281150817218,14.930515079431565,15.045177207269914,9.526558178684065,7.5012064078751814,10.53931410836524,-0.0,-0.0,-0.0,-0.0,-0.0,-0.0,-0.0,-0.0,-0.0,12.053700507657263,12.092631362346184,12.174294805365399,12.455143431064789,13.62227643073983,13.09839061227661,13.821783185320875,13.821700444119822,13.673150457302363,10.400658503078123,10.323178670875118,10.381313465464013,6.527819957479131,13.814477113379018,13.877572645520683,8.018055499711947,8.230276510358141,11.067890119861277,3.0152311595506514,5.637854094730838,-4.381820816306782,-4.997768165726005,-6.0884362742936915,-6.1984669715424925,-6.0872300527664525,-16.109507234964727,-21.425430168978355
155.0,155.0,36.413831466888865,41.1154556356657,34.432786268566296,36.7347574999809,41.66004664504059,40.57145406092674,37.60720089481279,39.56822020197873,40.02119005244779,82.08170262593642,65.38167838718488,61.8123024013219,62.666472745367045,63.70387144944116,65.053983965839,61.79741210956334,58.185179845485436,60.713958329090445,36.75326159882582,38.973493788801726,35.32601939367062,35.614223076586754,35.82228395170035,37.92026282970924,28.869687827408995,27.53810394613031,26.68015282088049,60.194908528077654,60.65513421428004,-5.466952452201733,61.741647918733335,49.91132235745893,49.8001002692702,61.91057366806125,63.490239195812606,64.31984345332472,798.6145918694178,798.6145918694178,798.6145918694178,798.6145918694178,798.6145918694178,798.6145918694178,798.6145918694178,798.6145918694178,798.6145918694178,-113.85931025988886,-110.55568729661265,-122.99944892485794,-123.31443151003796,-125.9947627819834,-126.16146225551616,-124.81849124171114,-137.45801260243277,-145.08073227232563,-0.0,-0.0,-0.0,798.6145918694178,798.6145918694178,798.6145918694178,798.6145918694178,798.6145918694178,-0.0,-113.85931025988886,-122.99944892485794,-110.55568729661265,-123.31443151003796,-125.9947627819834,-126.16146225551616,-124.81849124171114,-137.45801260243277,-145.08073227232563,14.203445603136952,13.868138247804085,11.250988337641019,8.859566971780731,14.934631219890838,15.04519394197467,9.24469297846545,6.9884718903799845,10.265528349292397,-0.0,-0.0,-0.0,-0.0,-0.0,-0.0,-0.0,-0.0,-0.0,10.62210570118117,10.654142427347674,10.647644869354398,10.609071039198259,11.604579405133476,11.155594711171693,11.808084198377175,11.836552402973862,11.783046354368418,10.286949233119042,10.218707061643334,10.270415544315885,6.390497937082358,13.531130474117008,13.558268315294164,7.818317520824456,8.02176700965506,10.890004836371984,3.076745154569191,5.706335061416756,-4.379330144003131,-4.997765312095179,-6.088441858965038,-6.198470444817387,-6.087196947176341,-16.109516008660222,-21.42164134571109
155.0,155.0,36.40522204865855,41.11196244143761,34.40835702043115,36.72689595956952,41.65605979989044,40.56491823366322,37.596260878547774,39.56247750407142,40.020369904336235,82.02904843090684,65.3687521854293,61.782518243610824,62.64952460768021,63.68255736258776,65.04251036257887,61.77824652315734,58.164936394389755,60.71467633188339,36.7397826727915,38.9659466429374,35.28727821549527,35.58257632042188,35.78634249692917,37.90254101721553,28.826230734568036,27.492740198474984,26.635044444242606,60.041214560917695,60.505827371109774,-5.2106372444694395,61.596357525808536,49.73625676002422,49.60920715672821,61.78236634005758,63.371393972389406,64.2068332167614,795.0556243460932,795.0556243460932,795.0556243460932,795.0556243460932,795.0556243460932,795.0556243460932,795.0556243460932,795.0556243460932,795.0556243460932,-113.34849055548472,-110.00151598857295,-122.45123841145364,-122.73289046508035,-125.46467903574914,-125.63202891493772,-124.27087481697748,-136.83941917479152,-144.43604590152302,-0.0,-0.0,-0.0,795.0556243460932,795.0556243460932,795.0556243460932,795.0556243460932,795.0556243460932,-0.0,-113.34849055548472,-122.45123841145364,-110.00151598857295,-122.73289046508035,-125.46467903574914,-125.63202891493772,-124.27087481697748,-136.83941917479152,-144.43604590152302,14.223100015859561,13.830121238973865,11.139952218590285,8.606944725675966,14.931467076619288,15.045192637344963,9.156246356731927,6.5568276396407,10.067475426430521,-0.0,-0.0,-0.0,-0.0,-0.0,-0.0,-0.0,-0.0,-0.0,7.247712472257765,7.265800445076694,7.208781757641454,6.60172410905639,7.200242211543831,6.939778565287878,7.3422698842757015,7.379470331880015,7.429500968547782,10.130308315732151,10.044194908108047,10.083692593692787,6.233426856611198,13.29384562298117,13.325184767642606,7.589166479666625,7.78277851389637,10.671534467316938,3.065610854049014,5.720392472688044,-4.382502783038854,-4.9978015670226785,-6.088446457354156,-6.198473102351658,-6.0872575473880985,-16.109479859503015,-21.364771758263917
155.0,155.0,36.39500170036525,41.10963467050306,34.393910392465635,36.718940373396194,41.65492636022624,40.563203044885036,37.5877335052274,39.55866798872336,40.01635452025271,82.00914885642817,65.34748899389527,61.76897823462084,62.63116402827355,63.66315785895083,65.03017848865002,61.75227602252712,58.13725011151209,60.687944764564556,36.72858903982197,38.95901558023648,35.264897976777895,35.56025347802354,35.782198324798294,37.90203391845766,28.786197045858305,27.458638264917244,26.600934811156346,59.991394055760836,60.459473280436676,-5.073681731064132,61.5426449128763,49.66932254001382,49.53613968717045,61.744350769764885,63.339776247555726,64.17199352938455,793.4754550620255,793.4754550620255,793.4754550620255,793.4754550620255,793.4754550620255,793.4754550620255,793.4754550620255,793.4754550620255,793.4754550620255,-113.09740079893889,-109.72509566587219,-122.20539305040049,-122.44453275757732,-125.22986162187696,-125.39696962700287,-124.0049135439712,-136.54308707699664,-144.1738547479992,-0.0,-0.0,-0.0,793.4754550620255,793.4754550620255,793.4754550620255,793.4754550620255,793.4754550620255,-0.0,-113.09740079893889,-122.20539305040049,-109.72509566587219,-122.44453275757732,-125.22986162187696,-125.39696962700287,-124.0049135439712,-136.54308707699664,-144.1738547479992,14.196081701808946,13.815183130639348,11.073921243982866,8.348691004076864,14.932531024429966,15.04520013862308,9.00641111611129,6.260111050548001,9.945666023959868,-0.0,-0.0,-0.0,-0.0,-0.0,-0.0,-0.0,-0.0,-0.0,5.39314186022112,5.4044085005561175,5.359955892068527,4.897825647054165,5.325955389757722,5.147291154390765,5.423694343959359,5.445618870306105,5.486752733898389,9.943937433138675,9.856659335987393,9.884452303294905,6.10278144782419,13.10403328089474,13.144725038066355,7.3669403817539605,7.5583680603905,10.47357428694526,3.0735979639008884,5.752249717014008,-4.3846855562241895,-4.997820510245934,-6.088470118566207,-6.198478578608392,-6.087287410399583,-16.10947277878502,-21.363260186706768
155.0,155.0,36.3899685947137,41.108219339774905,34.38190938462195,36.71520785211289,41.65400991851148,40.56178532643533,37.58235316695268,39.55608201997045,40.013443956496225,81.99159722481795,65.33558275735665,61.75668459346005,62.621237125436664,63.65499533038854,65.0235774339122,61.73791330807672,58.11920438012777,60.672310163947294,36.722547392790254,38.95375717553021,35.247692149011904,35.54355808662183,35.77062452290573,37.89770738413502,28.757069398368362,27.423580780241043,26.57093432709862,59.94945542279973,60.414671329791105,-5.00672682124036,61.504488944884635,49.62300436322886,49.482709728175955,61.71351344898628,63.31391926996953,64.14511792766824,792.4574099570729,792.4574099570729,792.4574099570729,792.4574099570729,792.4574099570729,792.4574099570729,792.4574099570729,792.4574099570729,792.4574099570729,-112.8771904267375,-109.52754348338262,-122.02989115180415,-122.20905525441273,-125.07916528728924,-125.24552702617062,-123.80029940795649,-136.2953333710839,-143.97032138380771,-0.0,-0.0,-0.0,792.4574099570729,792.4574099570729,792.4574099570729,792.4574099570729,792.4574099570729,-0.0,-112.8771904267375,-122.02989115180415,-109.52754348338262,-122.20905525441273,-125.07916528728924,-125.24552702617062,-123.80029940795649,-136.2953333710839,-143.97032138380771,14.11533402532349,13.768789457995577,11.000650362938805,7.941827646506212,14.936184627632198,15.045217786632795,8.749138578244835,5.793489941397606,9.74949798694449,-0.0,-0.0,-0.0,-0.0,-0.0,-0.0,-0.0,-0.0,-0.0,4.447828923589509,4.455081902731835,4.415853386042638,4.020633484375658,4.36360272305384,4.224333489332706,4.442590852121534,4.4592473082100135,4.496102182369122,9.819767625131586,9.739731414420092,9.75438242699287,6.011093779508817,12.9826486438067,13.02558680290983,7.219687561111132,7.412266680735998,10.349729674301322,3.1134377387891603,5.782658811170585,-4.37785630745976,-4.997791429332139,-6.088466367527045,-6.198478153130948,-6.087244182365072,-16.10948982947354,-21.35439646561306
155.0,155.0,36.39223441517506,41.10817295309322,34.38085850249357,36.71854415859768,41.653295807717896,40.56041784899909,37.585968833111096,39.55802298488959,40.017165086546136,81.98984418343404,65.34387711867736,61.75427501050409,62.630200182797054,63.661389827130904,65.02899493726255,61.754195305409255,58.1478484006419,60.6950494173849,36.72269275471163,38.954423940255175,35.24483885588062,35.55164222632927,35.76160101289698,37.89098986533605,28.778014605977315,27.453592956674168,26.586395585326464,59.954597875371235,60.422541013432756,-4.995386540306846,61.503385332436636,49.63020765399499,49.48970130769372,61.714046895654874,63.31100388957471,64.1469575745319,792.4095968746655,792.4095968746655,792.4095968746655,792.4095968746655,792.4095968746655,792.4095968746655,792.4095968746655,792.4095968746655,792.4095968746655,-112.90526328349613,-109.52642550126572,-122.03462159200294,-122.24630696740567,-125.0714658236269,-125.2384148747963,-123.8249949933426,-136.32339129636927,-143.95318424965254,-0.0,-0.0,-0.0,792.4095968746655,792.4095968746655,792.4095968746655,792.4095968746655,792.4095968746655,-0.0,-112.90526328349613,-122.03462159200294,-109.52642550126572,-122.24630696740567,-125.0714658236269,-125.2384148747963,-123.8249949933426,-136.32339129636927,-143.95318424965254,14.176486620778164,13.759560722705936,11.034114166197197,8.15668245931156,14.933338894013783,15.045218504931407,8.902932683807235,5.963977813624118,9.773871947895406,-0.0,-0.0,-0.0,-0.0,-0.0,-0.0,-0.0,-0.0,-0.0,4.295019597887514,4.302418675817253,4.26395017635922,3.8816038577111183,4.2108778182072575,4.078023925242056,4.285662098633521,4.301383856627593,4.337920157217724,9.732713383758334,9.65102670092633,9.656465364905308,5.950200556570312,12.881357603461941,12.929054445874705,7.1184459045071735,7.310810036186448,10.263460495759917,3.0961840588254814,5.776082358804927,-4.381630235650481,-4.997798569159487,-6.088466941933114,-6.198478486132461,-6.087289087584262,-16.10947052684346,-21.342882179234348
155.0,155.0,36.39208040379423,41.109279481056134,34.3922475805268,36.71936956468683,41.65442152843288,40.56356463068139,37.58811698857936,39.559547015909686,40.01719377492197,82.01196306034994,65.33422734776751,61.76326335159396,62.63153448595853,63.66432979833195,65.03017705408895,61.7535681931571,58.14683693983677,60.68806193705551,36.72682711925766,38.95488069232793,35.26070918059945,35.56253777405131,35.78416632898718,37.90215085054968,28.78900116854396,27.471290768571606,26.605627724641906,60.00200039363047,60.470836327248705,-5.083814591558217,61.54351505285858,49.68343560680202,49.54732576749682,61.75635322598799,63.3513420704602,64.18038754993438,793.1969628282288,793.1969628282288,793.1969628282288,793.1969628282288,793.1969628282288,793.1969628282288,793.1969628282288,793.1969628282288,793.1969628282288,-113.0314173705059,-109.64668567544426,-122.15301384681013,-122.37736155334548,-125.18867120111182,-125.35554903272269,-123.9447086723738,-136.47157204316304,-144.13419105080538,-0.0,-0.0,-0.0,793.1969628282288,793.1969628282288,793.1969628282288,793.1969628282288,793.1969628282288,-0.0,-113.0314173705059,-122.15301384681013,-109.64668567544426,-122.37736155334548,-125.18867120111182,-125.35554903272269,-123.9447086723738,-136.47157204316304,-144.13419105080538,14.1824114506057,13.783691167391353,11.025819789929393,8.224078638226612,14.93360529971124,15.045221990172367,8.915344509202761,6.114284735078133,9.873160737280815,-0.0,-0.0,-0.0,-0.0,-0.0,-0.0,-0.0,-0.0,-0.0,5.513416629047517,5.522599441434052,5.474481086864379,4.9882338143875415,5.424074550341903,5.24192412019635,5.524543729249963,5.550244703650268,5.596207510492135,9.629071466790375,9.54687113780147,9.545537143875748,5.900526773685484,12.786846110594654,12.846040390788618,7.02429297572313,7.2152830282216,10.17303880097327,3.0902179228261786,5.777623199187218,-4.383905377157694,-4.997807443131725,-6.088482861789422,-6.1984814497970335,-6.087305752096389,-16.109486956753965,-21.376057042699035
155.0,155.0,36.404417459956115,41.11306970147776,34.41508731097523,36.72896885281374,41.65738979369859,40.56914546755327,37.59715752767269,39.56479322009707,40.01947885831719,82.05279942942963,65.35121983245955,61.7837421550666,62.652723134764734,63.688328663074785,65.04445320904325,61.77240689847791,58.167242750774335,60.69837670148731,36.74279456508228,38.962935425100234,35.29696817148635,35.59487293878553,35.80791125314962,37.91473898022938,28.823809312048454,27.5075542374731,26.64822974414469,60.11701877632478,60.579173917353465,-5.3688948461870885,61.656621907463716,49.83048055844872,49.7031989606927,61.85911376518475,63.4450474939211,64.2672738733565,795.9090759290704,795.9090759290704,795.9090759290704,795.9090759290704,795.9090759290704,795.9090759290704,795.9090759290704,795.9090759290704,795.9090759290704,-113.41065925633025,-110.06988926466101,-122.54976549060622,-122.80460581295927,-125.59265897070766,-125.75900379961041,-124.3514703261112,-136.92268056072575,-144.60337175897953,-0.0,-0.0,-0.0,795.9090759290704,795.9090759290704,795.9090759290704,795.9090759290704,795.9090759290704,-0.0,-113.41065925633025,-122.54976549060622,-110.06988926466101,-122.80460581295927,-125.59265897070766,-125.75900379961041,-124.3514703261112,-136.92268056072575,-144.60337175897953,14.157333308423985,13.785313155599937,11.033493079226082,8.339572477471815,14.936252424693567,15.04523128623482,8.931745576308797,6.344849628707968,9.974866258951431,-0.0,-0.0,-0.0,-0.0,-0.0,-0.0,-0.0,-0.0,-0.0,9.305308061529166,9.319793513430401,9.263973322824741,8.479048542142303,9.267031683844484,8.913943259271853,9.457088857540315,9.520107003828915,9.567431812617112,9.622946036834982,9.547036723842433,9.529410126072355,5.9138090551110905,12.777368709601285,12.842402832685343,7.022440074351709,7.2075061134390745,10.18444345042221,3.1047775432464464,5.761463895835446,-4.377565688834946,-4.997764653942992,-6.088470540439871,-6.198477966424533,-6.08724333125249,-16.109527319198733,-21.410262144630583
155.0,155.0,36.414919624651404,41.116881902670805,34.439833949435524,36.74356557746216,41.66003357870673,40.57368309670801,37.61185072290463,39.57344540925755,40.02997636632828,82.11808043229787,65.38392774691954,61.80890349268159,62.68722620069033,63.72161286809025,65.0675168498366,61.81258919247148,58.23376360919216,60.76888116050586,36.75588953161744,38.97319546458625,35.332261690958546,35.64131061926511,35.82729120356326,37.92221940940403,28.887769808218508,27.59598594916295,26.74011634797745,60.27465462311938,60.73674428271176,-5.6246655514265536,61.791454029180734,50.00720529486279,49.89011595432304,61.98566948794743,63.55643720329235,64.38118998678952,799.2563045086919,799.2563045086919,799.2563045086919,799.2563045086919,799.2563045086919,799.2563045086919,799.2563045086919,799.2563045086919,799.2563045086919,-113.97599842648508,-110.62903180702519,-123.07647462285878,-123.43216965718094,-126.08974383241333,-126.25693479599425,-124.92901790757215,-137.5702022741414,-145.22076275490394,-0.0,-0.0,-0.0,799.2563045086919,799.2563045086919,799.2563045086919,799.2563045086919,799.2563045086919,-0.0,-113.97599842648508,-123.07647462285878,-110.62903180702519,-123.43216965718094,-126.08974383241333,-126.25693479599425,-124.92901790757215,-137.5702022741414,-145.22076275490394,14.266291372737683,13.824074753642748,11.139624597227245,8.967454623366427,14.932184906370205,15.045216668243038,9.317290319791034,7.0693394938414285,10.279323376862825,-0.0,-0.0,-0.0,-0.0,-0.0,-0.0,-0.0,-0.0,-0.0,12.647229848749314,12.67773070809358,12.698540765499507,12.06508043636991,13.197914575457707,12.686502652906201,13.42286936167861,13.46097523453929,13.365408569722492,9.620506787151312,9.54600903554796,9.524058080630944,6.000786391510297,12.876619494974973,12.972787503681758,7.0514319189535914,7.228165592175369,10.211408969858143,3.070434294511993,5.717174544041114,-4.382812744847485,-4.997768055062327,-6.088460276161294,-6.198474925082743,-6.087256228288116,-16.109541391545854,-21.453547314889658
155.0,155.0,36.41280464988903,41.117775396009094,34.446429648145845,36.74537668808443,41.661823121386476,40.57695013302776,37.61481093625506,39.5758521842435,40.02984893119721,82.1518344485249,65.37365614042626,61.81740565043681,62.69086223830192,63.728501092157636,65.06973215447071,61.81257304056573,58.25193188664175,60.76704730728823,36.7572104096656,38.97129837180976,35.34428215050675,35.652704508485975,35.846548738406206,37.93237768088562,28.900468157616455,27.620233843649917,26.755013079729952,60.348717476363454,60.811392578128164,-5.724396440442191,61.845355141002926,50.089040715475136,49.97508539691245,62.05826440800171,63.62083093917272,64.44478064381919,800.5323764369467,800.5323764369467,800.5323764369467,800.5323764369467,800.5323764369467,800.5323764369467,800.5323764369467,800.5323764369467,800.5323764369467,-114.18934227746689,-110.84212582498071,-123.2740344520164,-123.65206395903901,-126.27946605569254,-126.44676061784969,-125.12388546664923,-137.79009535214345,-145.43251291212755,-0.0,-0.0,-0.0,800.5323764369467,800.5323764369467,800.5323764369467,800.5323764369467,800.5323764369467,-0.0,-114.18934227746689,-123.2740344520164,-110.84212582498071,-123.65206395903901,-126.27946605569254,-126.44676061784969,-125.12388546664923,-137.79009535214345,-145.43251291212755,14.276635905382818,13.846615062915342,11.157035198303912,9.113080274553337,14.931655158433294,15.045202795419561,9.341863577769992,7.214764349679328,10.39896536744281,-0.0,-0.0,-0.0,-0.0,-0.0,-0.0,-0.0,-0.0,-0.0,13.88880938686947,13.924775702831878,14.01287111989783,13.680775730716398,14.930106813946724,14.386264086672815,14.215233939608371,14.508926584060179,14.349745948884523,9.530746890698522,9.461660144185368,9.444271832888788,6.041840992335544,12.774133465905452,12.896588447606844,6.974902123841212,7.167271823155154,10.12784765109207,3.0540852385233905,5.70168178134616,-4.38597534941852,-4.997768764083488,-6.088461422269495,-6.198473853525357,-6.087229089743003,-16.10957286565686,-21.45142199570654
155.0,155.0,36.40083180396259,41.114262691442555,34.41227706782385,36.73229174752391,41.65955721150731,40.56938866336931,37.602105186377905,39.567942007380736,40.02014754198972,82.08077288064787,65.35333228435755,61.790201765132124,62.65887530594106,63.70156901257515,65.04725092990202,61.77947956399606,58.208552981858865,60.71903384531857,36.74336612742309,38.960792928779014,35.30310837727438,35.604425148758,35.810089356590716,37.90957737558562,28.844499007361417,27.533700633499027,26.664082954841017,60.1501872318313,60.6104182861942,-5.493147320323375,61.68078296078377,49.881789116570346,49.746074197748946,61.911198188560405,63.48459071064895,64.3005112903745,796.3527978865473,796.3527978865473,796.3527978865473,796.3527978865473,796.3527978865473,796.3527978865473,796.3527978865473,796.3527978865473,796.3527978865473,-113.49698292455379,-110.167414621034,-122.61750067073591,-122.88743079080935,-125.65826657170267,-125.82498673115919,-124.40966446411316,-137.0189731005741,-144.630702021274,-0.0,-0.0,-0.0,796.3527978865473,796.3527978865473,796.3527978865473,796.3527978865473,796.3527978865473,-0.0,-113.49698292455379,-122.61750067073591,-110.167414621034,-122.88743079080935,-125.65826657170267,-125.82498673115919,-124.40966446411316,-137.0189731005741,-144.630702021274,14.154966524928717,13.77828879807492,11.043430839191362,8.42137427180355,14.934546971284377,15.045175422785332,8.894661179649184,6.491129488342627,10.110561941675579,-0.0,-0.0,-0.0,-0.0,-0.0,-0.0,-0.0,-0.0,-0.0,10.843113022946168,10.854439897019542,10.811592874467706,9.928774606825904,10.532487367036829,10.439825345279692,9.691048049656668,10.040860106730511,10.08783281175458,9.405076377357792,9.344674138341816,9.316285236358821,5.731788182991007,12.407682037600292,12.542888592172076,6.68935061227486,6.900203655472717,9.969493827848128,3.088867904540442,5.7340200863416175,-4.377317115360474,-4.997710346440861,-6.088433093942182,-6.198467122232235,-6.0871219499059075,-16.1095927451276,-21.359259458379757
155.0,155.0,36.38934639283339,41.10971423378934,34.374966614232726,36.72145602811223,41.6573648817698,40.55995132485763,37.588529510424124,39.56135672388266,40.018097423920466,82.00473523533589,65.34766976475146,61.76963044150814,62.63362987468844,63.67436264226674,65.03090843865994,61.74961816727132,58.175370981881805,60.732374736159834,36.72367183832792,38.949315124686436,35.25120180541326,35.56277648488023,35.761889171618726,37.87968571708574,28.78180069160219,27.46469014139053,26.623777395210002,60.12345867440801,60.58889239038551,-5.166178630156001,61.65302675969295,49.83760748896809,49.7865106381547,61.89597914974246,63.46470265062905,64.28956311603376,794.8630026401227,794.8630026401227,794.8630026401227,794.8630026401227,794.8630026401227,794.8630026401227,794.8630026401227,794.8630026401227,794.8630026401227,-113.31119771899745,-109.95605321244744,-122.38580587601032,-122.63159333864434,-125.43559004967246,-125.60334528174123,-124.11123115654175,-136.69226738916828,-144.33749424417147,-0.0,-0.0,-0.0,794.8630026401227,794.8630026401227,794.8630026401227,794.8630026401227,794.8630026401227,-0.0,-113.31119771899745,-122.38580587601032,-109.95605321244744,-122.63159333864434,-125.43559004967246,-125.60334528174123,-124.11123115654175,-136.69226738916828,-144.33749424417147,14.166839791289659,13.767229635503668,10.983245966593868,8.255392100756465,14.929597869635739,15.04511643986574,8.522676030638122,5.982221497527065,10.227729163013468,-0.0,-0.0,-0.0,-0.0,-0.0,-0.0,-0.0,-0.0,-0.0,6.449968480140353,6.449907759675349,6.37470456825982,6.030966217222804,6.338793465006045,6.34042156811998,5.870309445458165,6.0703996309643165,6.154811942242283,9.247157373738448,9.183175852477756,9.125909118477965,5.512943774900724,12.124936694698189,12.276126694798391,6.434981399812745,6.67319776401278,9.809907344474372,3.0633347181795627,5.723576360936785,-4.379117150115266,-4.997750206688102,-6.088409403377677,-6.198462967649495,-6.08710970280096,-16.10957610553773,-21.2860173720491
155.0,155.0,36.40616745308838,41.11639765271197,34.41249128554014,36.74022614536274,41.66520507695196,40.57053924647877,37.60657637563974,39.5713680122403,40.02574917346156,82.12601096204827,65.3837949233791,61.81567832525351,62.67884502220455,63.71937675662062,65.05909452876047,61.788710718364506,58.2197436778144,60.79323326167716,36.7461778078422,38.960527007149544,35.32116376006696,35.639983718924086,35.82132067717184,37.905572498986196,28.858052251973653,27.553259765947764,26.746828810631083,60.42305113431322,60.89152286787548,-5.680036715754822,61.90386117679753,50.16629371400682,50.19890190350189,62.153051222858,63.691871622936524,64.51044156908887,800.9781506753543,800.9781506753543,800.9781506753543,800.9781506753543,800.9781506753543,800.9781506753543,800.9781506753543,800.9781506753543,800.9781506753543,-114.28901362847827,-110.95430465196257,-123.31368861867986,-123.65664781281727,-126.3452291927784,-126.51303047168405,-125.0967187193789,-137.77648189836313,-145.4280051950433,-0.0,-0.0,-0.0,800.9781506753543,800.9781506753543,800.9781506753543,800.9781506753543,800.9781506753543,-0.0,-114.28901362847827,-123.31368861867986,-110.95430465196257,-123.65664781281727,-126.3452291927784,-126.51303047168405,-125.0967187193789,-137.77648189836313,-145.4280051950433,14.21329607919626,13.83134650903637,11.059387593477538,8.813867614611407,14.929334702835328,15.04505747902662,8.890058108841112,6.827391985370447,10.62364676757869,-0.0,-0.0,-0.0,-0.0,-0.0,-0.0,-0.0,-0.0,-0.0,13.02875751192068,13.059001242925161,13.175578050432776,13.487163485845842,14.182091958352107,14.182370303687229,13.094535640493035,13.450033705752634,13.339462580492047,9.18375563568297,9.109525521065603,9.04075739503066,5.667901231902047,12.193243939480583,12.384060952743207,6.451167573595174,6.69252888419281,9.842470670237999,3.018575135018815,5.66087677270484,-4.3810035476610585,-4.997799389278651,-6.088406538332125,-6.198463077568248,-6.087069293315778,-16.109605464356164,-21.361788808483244
155.0,155.0,36.39902973766523,41.11352352877102,34.38837009398625,36.73112290972697,41.664143695784425,40.565082298822915,37.597491669107285,39.56603919887613,40.016261158381866,82.07195336224456,65.36669046298296,61.79611514600662,62.66072469058217,63.699199619321355,65.04301943560905,61.77143389760893,58.1927043050456,60.74166858483644,36.73496522240005,38.9496510027538,35.295059541295984,35.60576707793939,35.79351161191399,37.891642869789926,28.818423517569066,27.49219609992492,26.666587985424226,60.359925872607654,60.828752648598964,-5.48805996329823,61.86148859946153,50.07531526323162,50.1298858114777,62.10328230300931,63.65299156308569,64.46732245077442,799.1814590201916,799.1814590201916,799.1814590201916,799.1814590201916,799.1814590201916,799.1814590201916,799.1814590201916,799.1814590201916,799.1814590201916,-113.92510440953345,-110.60190672483053,-122.98619281242205,-123.2706519564211,-126.07864139330367,-126.24573772075709,-124.75389780271107,-137.35706885396897,-144.97896855974622,-0.0,-0.0,-0.0,799.1814590201916,799.1814590201916,799.1814590201916,799.1814590201916,799.1814590201916,-0.0,-113.92510440953345,-122.98619281242205,-110.60190672483053,-123.2706519564211,-126.07864139330367,-126.24573772075709,-124.75389780271107,-137.35706885396897,-144.97896855974622,14.034361693083087,13.641039226421809,10.782837010176525,8.238974634228416,14.932831239733506,15.045002344544088,8.52470662006091,6.090362772811768,10.137274174172937,-0.0,-0.0,-0.0,-0.0,-0.0,-0.0,-0.0,-0.0,-0.0,10.496074293689864,10.515113927610653,10.552448980026844,10.817983458964191,11.370168897564266,11.372808893695149,10.502461809135845,10.820734374128888,10.850534379886223,8.96690414261143,8.908975847728403,8.83957724134605,5.3643944600982225,11.967231525629225,12.126148415134756,6.251882530071153,6.490518498154693,9.71308915390873,3.064224362387771,5.699030676207512,-4.378612976179772,-4.997772231326612,-6.088382455398252,-6.198460609305808,-6.086978448078719,-16.109620047641798,-21.299575656798684
155.0,155.0,36.39617801096719,41.11240368455552,34.37466277627156,36.7284682749096,41.66340912840658,40.56040281138865,37.593566200679504,39.564845894138,40.01710431566883,82.04012543846565,65.37218972819139,61.7855752782312,62.655113436679756,63.69264211808934,65.03910784476263,61.765166455420164,58.189340478006315,60.754508854472725,36.72937922967888,38.94622564293572,35.28024354319976,35.59173175080031,35.769282731583424,37.873171003460115,28.79664500756035,27.477872547995513,26.657370053099946,60.340027538629776,60.80951089929092,-5.409263571445321,61.84246958350978,50.047274303536256,50.11945111406129,62.08383321859687,63.63059426832358,64.4451509396231,798.3777749641525,798.3777749641525,798.3777749641525,798.3777749641525,798.3777749641525,798.3777749641525,798.3777749641525,798.3777749641525,798.3777749641525,-113.87863039890624,-110.52234264293654,-122.87458206759257,-123.14919221828846,-125.95810955554764,-126.12618144185411,-124.63263614516956,-137.2404463097067,-144.85558675790136,-0.0,-0.0,-0.0,798.3777749641525,798.3777749641525,798.3777749641525,798.3777749641525,798.3777749641525,-0.0,-113.87863039890624,-122.87458206759257,-110.52234264293654,-123.14919221828846,-125.95810955554764,-126.12618144185411,-124.63263614516956,-137.2404463097067,-144.85558675790136,14.055829634455694,13.642032857944205,10.797645130814416,8.229579561309048,14.92819850316743,15.045016210062137,8.516178160606731,6.104669348736018,10.497473018360873,-0.0,-0.0,-0.0,-0.0,-0.0,-0.0,-0.0,-0.0,-0.0,9.409681606171326,9.41969199041594,9.44476648744857,9.685131592575509,10.18120224563103,10.181303871314954,9.40257787282314,9.692239018181988,9.751996471599863,8.827024912682875,8.779860221755927,8.717923779629434,5.189435390168757,11.638856153901258,11.735450636438063,6.1254925848504715,6.370355552196903,9.610658318048465,3.011723173469112,5.665908592352849,-4.382352082017694,-4.9978004252759085,-6.088368398975085,-6.198459021296378,-6.087021306132697,-16.109605546990714,-21.239783438585064
155.0,155.0,36.386032475608395,41.1104665576064,34.36364512527987,36.72100352357198,41.66269362384959,40.55824901290845,37.58708566011011,39.56136165866241,40.01336825910202,82.01133492958787,65.35212542163033,61.77840985271849,62.63833142508791,63.676656309131175,65.02759303787478,61.74611801923962,58.16430477469252,60.737558466502854,36.72000624413095,38.938832527788456,35.264944054579956,35.571207322607115,35.765720645769676,37.87027236232124,28.7709181011615,27.44627618261584,26.633461895313488,60.293448778225375,60.76522711389566,-5.290508094932455,61.802436552683794,49.99842464260686,50.07664893596758,62.04341880341138,63.59678753643676,64.40796495125363,796.9215946629564,796.9215946629564,796.9215946629564,796.9215946629564,796.9215946629564,796.9215946629564,796.9215946629564,796.9215946629564,796.9215946629564,-113.6719853315559,-110.2903591686795,-122.65143274097211,-122.87868232369965,-125.74165338460786,-125.90956284225821,-124.38323110144539,-136.96452601110244,-144.58033711965572,-0.0,-0.0,-0.0,796.9215946629564,796.9215946629564,796.9215946629564,796.9215946629564,796.9215946629564,-0.0,-113.6719853315559,-122.65143274097211,-110.2903591686795,-122.87868232369965,-125.74165338460786,-125.90956284225821,-124.38323110144539,-136.96452601110244,-144.58033711965572,14.027507363339932,13.628814856230617,10.740227061759894,7.968501244573408,14.928941163671423,15.045022277050705,8.357352149965262,5.817456796287006,10.381105578410542,-0.0,-0.0,-0.0,-0.0,-0.0,-0.0,-0.0,-0.0,-0.0,7.852271131582793,7.857224747596984,7.853930957574868,8.053523526327387,8.45272331146624,8.465251524115455,7.820267523198046,8.063691414049174,8.143650527525994,8.655176202482338,8.614944794780076,8.560810009130469,4.98036885901349,11.25824427020479,11.330206036341622,5.954171598689938,6.20442155014305,9.437661914075266,2.9996208915402938,5.676423886678643,-4.386426248341278,-4.9978087916054195,-6.088378914874649,-6.198461610813178,-6.087026349040481,-16.10960229406564,-21.21332050169672
155.0,155.0,36.37502044468322,41.10681166233972,34.33720966433269,36.70969455302629,41.65946278803955,40.55217336556829,37.576583455325995,39.555364687273986,40.007821586273586,81.97284013885276,65.33695223799346,61.75453467092271,62.6116774437964,63.649592928032284,65.00708823880105,61.72412692515677,58.1384215691498,60.71494262684693,36.70360230872285,38.93094863808803,35.22615981330241,35.52613202237834,35.73301667987855,37.85515493541981,28.723891877746418,27.385047132301477,26.56959244370172,60.18638175068852,60.65940195004649,-5.018249998136025,61.71661697511125,49.88405782094666,49.9650874380487,61.95484695568292,63.52573856278403,64.34203751200774,794.3294771048139,794.3294771048139,794.3294771048139,794.3294771048139,794.3294771048139,794.3294771048139,794.3294771048139,794.3294771048139,794.3294771048139,-113.1550333556576,-109.8321326940764,-122.22689307958831,-122.3355544502906,-125.35667665986539,-125.52394060117604,-123.9044204720149,-136.37802121752102,-144.02013655152516,-0.0,-0.0,-0.0,794.3294771048139,794.3294771048139,794.3294771048139,794.3294771048139,794.3294771048139,-0.0,-113.1550333556576,-122.22689307958831,-109.8321326940764,-122.3355544502906,-125.35667665986539,-125.52394060117604,-123.9044204720149,-136.37802121752102,-144.02013655152516,13.908007682712304,13.565894056840262,10.567571160203324,7.205638754320312,14.932101341411748,15.044946747277002,7.9062511043119414,4.844214010821014,9.670406631674151,-0.0,-0.0,-0.0,-0.0,-0.0,-0.0,-0.0,-0.0,-0.0,4.2229394561138935,4.225418004658519,4.197202813575097,4.301895551482448,4.4782429807058985,4.518955242592642,4.182696474821901,4.3058925171001405,4.360203423524354,8.496625201529522,8.473946668689964,8.416404727323028,4.773385572459421,10.977386540245195,11.03215478284842,5.7867110512380515,6.027971080097945,9.261377007081087,3.0812012928660124,5.726064113156109,-4.38391061219066,-4.997782707257825,-6.088361779668609,-6.198461659926012,-6.086967004399264,-16.10961785992768,-21.19200257953209
155.0,155.0,36.371020179032605,41.10509153772888,34.3230315288114,36.706347883315495,41.65742216644421,40.54740294888846,37.572012729825005,39.553137251068236,40.00808036028453,81.94400225504805,65.34072463471428,61.74094417319382,62.604180473524906,63.63891922759504,65.0019296414553,61.71427387560574,58.12780473281929,60.71678139073076,36.69541012879187,38.92790793966777,35.205580647958925,35.507832008099534,35.705309836132386,37.837558422696816,28.697193696082035,27.362489815260574,26.54756485696276,60.14415494611065,60.61339614775115,-4.888676840181075,61.67436821600093,49.83127574969676,49.91503014313831,61.91697278308966,63.48886223653954,64.30820205272695,793.0893792577715,793.0893792577715,793.0893792577715,793.0893792577715,793.0893792577715,793.0893792577715,793.0893792577715,793.0893792577715,793.0893792577715,-113.06134822519253,-109.67006620790468,-122.05267556449385,-122.13877346030621,-125.17132894209003,-125.33947556497658,-123.72121968081792,-136.19273804632888,-143.82856092740096,-0.0,-0.0,-0.0,793.0893792577715,793.0893792577715,793.0893792577715,793.0893792577715,793.0893792577715,-0.0,-113.06134822519253,-122.05267556449385,-109.67006620790468,-122.13877346030621,-125.17132894209003,-125.33947556497658,-123.72121968081792,-136.19273804632888,-143.82856092740096,13.943197868479956,13.551447681419496,10.606522100535269,7.145871756706307,14.927886967072734,15.045013113499834,7.911982278812518,4.8405064214739815,10.023354125850858,-0.0,-0.0,-0.0,-0.0,-0.0,-0.0,-0.0,-0.0,-0.0,2.4626140653153996,2.464305356713648,2.4438764387289544,2.5025111217716542,2.5937922069978354,2.6264289329758324,2.4410900950734686,2.509208456707562,2.5403284845306504,8.396511934534695,8.382197096031147,8.31537624798415,4.647002195022045,10.78167258139929,10.829224111994419,5.667279855188436,5.902318265994661,9.13274029956005,3.017322489240143,5.704924114482312,-4.385608288886146,-4.997810223487686,-6.088362425083508,-6.19846150681853,-6.08703934163158,-16.109587857669418,-21.130852645257853
155.0,155.0,36.3667646038439,41.10411149370341,34.32079391217961,36.70208986207154,41.657212085568965,40.547223255546356,37.56983185105762,39.55178393933317,40.00572464463097,81.92861444536354,65.32665427469574,61.7417074645932,62.59411600215141,63.63114646929066,64.99655599911046,61.7041174571944,58.1188249765538,60.6995114985161,36.69101688911193,38.92413372828235,35.200315216630614,35.49868754063284,35.711380096973485,37.84076300731068,28.688274753938295,27.355407198256238,26.534706387017504,60.12863400542791,60.59983714435498,-4.843682010731492,61.66053664656654,49.818681153907995,49.90110702498031,61.905992779227915,63.48112142389306,64.29989688063901,792.4638444540268,792.4638444540268,792.4638444540268,792.4638444540268,792.4638444540268,792.4638444540268,792.4638444540268,792.4638444540268,792.4638444540268,-112.96897208456126,-109.5608496027263,-121.95963075727865,-122.01981364733265,-125.07857565502134,-125.24642681215566,-123.61199956720809,-136.0720033972255,-143.70102503464693,-0.0,-0.0,-0.0,792.4638444540268,792.4638444540268,792.4638444540268,792.4638444540268,792.4638444540268,-0.0,-112.96897208456126,-121.95963075727865,-109.5608496027263,-122.01981364733265,-125.07857565502134,-125.24642681215566,-123.61199956720809,-136.0720033972255,-143.70102503464693,13.923430686940419,13.545473161436746,10.595980315174353,7.020315007221342,14.92921187767245,15.04502236339341,7.83351528905481,4.706538263010497,9.878281958662683,-0.0,-0.0,-0.0,-0.0,-0.0,-0.0,-0.0,-0.0,-0.0,1.8702238208427424,1.8719300409743884,1.8569155778883166,1.8994868087772405,1.9686642249489548,1.9924401429775316,1.8623856211999994,1.9117827392531384,1.9346167303038515,8.276190787283836,8.265141701535041,8.194795643583939,4.520233169803261,10.585638132021218,10.632045860171976,5.530217157798529,5.76327485715802,8.979264860458823,3.013682267786663,5.717351065469233,-4.387280664415098,-4.9978222763034355,-6.088384259036008,-6.1984650954529075,-6.087065453053368,-16.10957057004826,-21.127387157091686
155.0,155.0,36.36981803180943,41.103819571594784,34.321124107990556,36.70235475104123,41.65690092708871,40.54698014846956,37.57118897351678,39.55213769799578,40.004693739212186,81.92597891525102,65.32153744508129,61.74344076012796,62.593889059628346,63.63055771973123,64.99435553472293,61.70959523694748,58.132708138470996,60.69345480926258,36.69152405209565,38.92281656475303,35.20022024806088,35.49649359426788,35.709559127487694,37.84131118196206,28.694737177054588,27.359938644245577,26.523053634196717,60.11796416988119,60.59085666776044,-4.834429257540505,61.659956608755714,49.82731327651363,49.90319900012436,61.90044022057103,63.480301071078436,64.30440692822778,792.3130034314931,792.3130034314931,792.3130034314931,792.3130034314931,792.3130034314931,792.3130034314931,792.3130034314931,792.3130034314931,792.3130034314931,-112.83007923036986,-109.49815383995944,-121.9209664496402,-121.92993166370941,-125.05694396210498,-125.2239747450683,-123.53733700389735,-135.9435667850946,-143.6011132975107,-0.0,-0.0,-0.0,792.3130034314931,792.3130034314931,792.3130034314931,792.3130034314931,792.3130034314931,-0.0,-112.83007923036986,-121.9209664496402,-109.49815383995944,-121.92993166370941,-125.05694396210498,-125.2239747450683,-123.53733700389735,-135.9435667850946,-143.6011132975107,13.839530953011922,13.509057652349556,10.546526121262039,6.69377442089656,14.933161706513626,15.044953906537405,7.580804796399115,4.193039345214063,9.36392904927762,-0.0,-0.0,-0.0,-0.0,-0.0,-0.0,-0.0,-0.0,-0.0,1.7532942141945878,1.7555459325943135,1.7426539714257145,1.7809857035362622,1.8493372201353002,1.8680989592253228,1.7572340962517896,1.801608928327423,1.822354852715371,8.206655545334414,8.200457215691582,8.124682518045079,4.42929129523328,10.462619878703146,10.492573316944082,5.439200245396691,5.668428014975821,8.877173499119756,3.089494611938977,5.744605008896502,-4.382680239112609,-4.997798640896013,-6.088378292691739,-6.198466141732269,-6.0870248166628595,-16.109578649685105,-21.14934454858884
155.0,155.0,36.3725723364802,41.10413932842107,34.32485489010585,36.70596492260957,41.65621891241104,40.54568137495613,37.57338657833921,39.55345501954452,40.00935705135331,81.92954012420122,65.33151816380682,61.743643072163565,62.60297627567501,63.634259890492814,64.99908486729153,61.71530031361997,58.14669079149036,60.72135023040728,36.693467483046646,38.92513153494647,35.2039832640976,35.50513939567878,35.70025900541809,37.833522347387955,28.701382020363628,27.379118104257152,26.54679536496529,60.126046321290005,60.596247510746444,-4.844297593822429,61.662203696743575,49.84197421997196,49.92407956174489,61.90348019989744,63.478306467750926,64.30512730102237,792.3624483080657,792.3624483080657,792.3624483080657,792.3624483080657,792.3624483080657,792.3624483080657,792.3624483080657,792.3624483080657,792.3624483080657,-112.92254117029408,-109.53999797400114,-121.93880021826939,-121.98036970354754,-125.06348590714461,-125.2313461575812,-123.57155154825176,-136.01208617249463,-143.66266209349158,-0.0,-0.0,-0.0,792.3624483080657,792.3624483080657,792.3624483080657,792.3624483080657,792.3624483080657,-0.0,-112.92254117029408,-121.93880021826939,-109.53999797400114,-121.98036970354754,-125.06348590714461,-125.2313461575812,-123.57155154825176,-136.01208617249463,-143.66266209349158,13.897480440206595,13.524443144895264,10.589097114396802,6.902276875514766,14.929149157903787,15.045024616099193,7.710331896789561,4.489563806505262,9.725363027807505,-0.0,-0.0,-0.0,-0.0,-0.0,-0.0,-0.0,-0.0,-0.0,1.9084201302628832,1.9112871909797213,1.8977932122971921,1.9386526397743051,2.0202651064157684,2.0343205665368593,1.9265514433256863,1.9728403663722145,1.9951751658431778,8.148064282879997,8.138574986696417,8.050055019639792,4.360517919258961,10.361522610008512,10.377889415923429,5.364969357486119,5.59402840562271,8.795471194702618,3.033558098458433,5.718538434018572,-4.383972544823477,-4.997828344009381,-6.088389627665145,-6.198467160530876,-6.0871159712817935,-16.109539437877004,-21.1337268130033
155.0,155.0,36.371805865056146,41.104076344446156,34.330371861515005,36.70338348504897,41.65606865580549,40.5475526582977,37.57313778628607,39.55324218719693,40.009069242606365,81.92954233967187,65.32250407347212,61.74506833230777,62.596231178274074,63.632306835649736,64.99873669927463,61.70902653250296,58.144072681388835,60.708475793328894,36.693820157602964,38.92599082056636,35.20861011708669,35.50362440525139,35.71555411178492,37.84441196381808,28.700799232513223,27.38995880672626,26.548384135464055,60.12503581434603,60.59605488019948,-4.851504256281134,61.65871524969809,49.855360819012546,49.93369261363562,61.90048322818157,63.478474470263194,64.30495657201001,792.1448697435479,792.1448697435479,792.1448697435479,792.1448697435479,792.1448697435479,792.1448697435479,792.1448697435479,792.1448697435479,792.1448697435479,-112.87994070405341,-109.4869918086296,-121.91078033756774,-121.93723110170465,-125.03162508203081,-125.1989871949432,-123.53727379905683,-135.98496663517813,-143.63907404956174,-0.0,-0.0,-0.0,792.1448697435479,792.1448697435479,792.1448697435479,792.1448697435479,792.1448697435479,-0.0,-112.87994070405341,-121.91078033756774,-109.4869918086296,-121.93723110170465,-125.03162508203081,-125.1989871949432,-123.53727379905683,-135.98496663517813,-143.63907404956174,13.890035163329273,13.529277610757495,10.61257668770501,6.850048204334383,14.931447831118835,15.045035758498337,7.700804555712354,4.5150905816713545,9.57259163628674,-0.0,-0.0,-0.0,-0.0,-0.0,-0.0,-0.0,-0.0,-0.0,2.0452362449810013,2.0488526732964805,2.0338468733923003,2.075924373998825,2.18091226939511,2.17937993877404,2.1010031928954054,2.144127634021119,2.1677849403964586,8.026652437941172,8.022420474953716,7.9276872233425495,4.267438697031234,10.239172484411334,10.240938147023645,5.263526439801729,5.50033321813448,8.663806272071293,3.0402085302788566,5.736550475468964,-4.383590327281892,-4.997836654925338,-6.088414020431359,-6.198471750394657,-6.087159073710988,-16.109522553906615,-21.164559891445105
155.0,155.0,36.37801765292133,41.104818208888,34.33834076265488,36.70437731596258,41.65542537006956,40.54881384203736,37.5755377861127,39.55220726931656,40.00821422175571,81.94327696605656,65.32907232224753,61.74406043592112,62.598009363506534,63.63716233977652,65.00085571390241,61.71573323479677,58.127495309620556,60.6903502112626,36.69858393184364,38.93236587237848,35.21684302194229,35.504111461873926,35.72206974645556,37.850229740471676,28.708655936873296,27.377095203423867,26.533992777445533,60.118878082623795,60.58730283201349,-4.882744224287356,61.65905654176742,49.88315537582875,49.946686585805196,61.89424179262366,63.47968559955863,64.30750624695199,792.1915066083759,792.1915066083759,792.1915066083759,792.1915066083759,792.1915066083759,792.1915066083759,792.1915066083759,792.1915066083759,792.1915066083759,-112.77582269878147,-109.45124848548245,-121.90187093015136,-121.89081084468664,-125.03946074451255,-125.20593123353605,-123.52229680765176,-135.92627445929014,-143.60437989662472,-0.0,-0.0,-0.0,792.1915066083759,792.1915066083759,792.1915066083759,792.1915066083759,792.1915066083759,-0.0,-112.77582269878147,-121.90187093015136,-109.45124848548245,-121.89081084468664,-125.03946074451255,-125.20593123353605,-123.52229680765176,-135.92627445929014,-143.60437989662472,13.820063698782972,13.505248060685036,10.581415177308898,6.591859438609059,14.93581013432805,15.045054921340903,7.594810329861983,4.197172264040126,9.211015563980487,-0.0,-0.0,-0.0,-0.0,-0.0,-0.0,-0.0,-0.0,-0.0,2.505959161520308,2.511764367651562,2.4936591596246855,2.544089923942417,2.718134509651728,2.672793128116202,2.69207027988749,2.720889144244214,2.747539726201667,7.964517360754175,7.974413991121786,7.870074918307152,4.211640776424031,10.183481648486852,10.166631674977575,5.223788164737984,5.454138609694439,8.581514938366759,3.114091858755042,5.767951444049075,-4.37639085430574,-4.997793105619839,-6.088411985653247,-6.198473526993308,-6.087133787979486,-16.109523960222614,-21.189806430255192
155.0,155.0,36.380665037480874,41.10465521362946,34.343879817270185,36.70671012427469,41.65306093243706,40.548041402427735,37.57790250083257,39.552648020071736,40.01284336872027,81.94721827693185,65.33382083001553,61.73712096779416,62.6015198151703,63.638250967966876,65.00557041537718,61.728028615053674,58.13442951502671,60.70649219631109,36.699897571638445,38.93525763944658,35.216837913825245,35.507268589667696,35.712506587457035,37.84603728571157,28.719809063575028,27.393027554992862,26.54705227093455,59.98900844253168,60.450660770272926,-4.851058230829708,61.53346706150469,49.74503287055458,49.652350727314605,61.76400399241731,63.36034207470765,64.185169253233,789.8571873826414,789.8571873826414,789.8571873826414,789.8571873826414,789.8571873826414,789.8571873826414,789.8571873826414,789.8571873826414,789.8571873826414,-112.48138250422286,-109.12532426860837,-121.57338488877276,-121.61263812285912,-124.69119602780717,-124.8586857199423,-123.23708086894847,-135.67869094756574,-143.27634982790735,-0.0,-0.0,-0.0,789.8571873826414,789.8571873826414,789.8571873826414,789.8571873826414,789.8571873826414,-0.0,-112.48138250422286,-121.57338488877276,-109.12532426860837,-121.61263812285912,-124.69119602780717,-124.8586857199423,-123.23708086894847,-135.67869094756574,-143.27634982790735,13.88522522930392,13.51556477283832,10.67784853102664,6.926497444191528,14.930798953280801,15.045107483506028,7.894730456534832,4.68012070382459,9.44658676391215,-0.0,-0.0,-0.0,-0.0,-0.0,-0.0,-0.0,-0.0,-0.0,2.1477183761284775,2.1546422313037423,2.1382985024269594,2.1733383928484846,2.3324693098266294,2.2841769393523843,2.362814049071959,2.364416097107173,2.3831206914926923,7.919191759922592,7.936663016208833,7.827576314896036,4.168312269834752,10.115696684245739,10.08509127973708,5.181008604429525,5.407642922501893,8.498296753851745,3.083988106136467,5.751966174599302,-4.3755208282390665,-4.997793226434055,-6.0884319510354725,-6.198473480734639,-6.0872287537163965,-16.10950241534041,-21.16731839630899
155.0,155.0,36.386779450468154,41.107206496700805,34.369681893791004,36.71379118013632,41.65509241727546,40.55564646992064,37.58256536426541,39.55647408844738,40.01380992353049,81.99659809780127,65.33665620189933,61.764978796507584,62.617895745956645,63.651097384278316,65.01562176518055,61.737196312742924,58.13791972244871,60.69476679698508,36.71106209511314,38.94241783533281,35.245336010299766,35.536622198742876,35.75111410557334,37.87269682852381,28.75134560425271,27.43339931276013,26.583510247579927,60.009467902155826,60.46779333702551,-5.02619817433248,61.54784152080628,49.7754094857898,49.64251886883726,61.77667930153795,63.372493103175366,64.18680728751352,790.5180221350141,790.5180221350141,790.5180221350141,790.5180221350141,790.5180221350141,790.5180221350141,790.5180221350141,790.5180221350141,790.5180221350141,-112.56851020270139,-109.22647572479877,-121.70225302881303,-121.77919262671683,-124.78988844872907,-124.95700532889514,-123.38334221283127,-135.87440900208543,-143.43940024504073,-0.0,-0.0,-0.0,790.5180221350141,790.5180221350141,790.5180221350141,790.5180221350141,790.5180221350141,-0.0,-112.56851020270139,-121.70225302881303,-109.22647572479877,-121.77919262671683,-124.78988844872907,-124.95700532889514,-123.38334221283127,-135.87440900208543,-143.43940024504073,13.92141977234003,13.596742184267688,10.81563044113611,7.2571505558477565,14.932457075526457,15.045129829184296,8.126722291463913,5.151919980817316,9.508280985257075,-0.0,-0.0,-0.0,-0.0,-0.0,-0.0,-0.0,-0.0,-0.0,4.575251005924069,4.585532968967987,4.5623132937821,4.634162820250115,5.020601553306517,4.8712398082507375,5.0952457777597,5.10113490013263,5.1275236395589285,7.879507499881856,7.917544231346036,7.816294651997708,4.188412627073406,10.09672466955668,10.056116838515663,5.161731599236373,5.383029229542305,8.435847555761976,3.0982515195161024,5.76354879990091,-4.377140201735419,-4.997783368536955,-6.088465213308126,-6.198479885975543,-6.08727602014829,-16.10951169008162,-21.20709129403311
155.0,155.0,36.378348363928005,41.104867096425494,34.349216118530066,36.705978706353775,41.653106527437195,40.553323710419946,37.57324629362848,39.55058703832642,40.00739613883236,81.95855481349088,65.32167463124085,61.7389319240682,62.60061361551685,63.63102837357469,65.00262689744301,61.71433232611343,58.087965679466755,60.65387558431374,36.700588292395025,38.93696627118761,35.2119903245555,35.5056472712867,35.7319472640609,37.86814502723913,28.70536289150073,27.359264559262957,26.517571491366052,59.97150774669538,60.4296837252483,-4.883425214368709,61.527859769344786,49.73745530572855,49.63439826132981,61.76268765470129,63.366584865680984,64.18466174845439,789.5273262807549,789.5273262807549,789.5273262807549,789.5273262807549,789.5273262807549,789.5273262807549,789.5273262807549,789.5273262807549,789.5273262807549,-112.32770231507499,-108.99233324169263,-121.53731469272861,-121.49205393741428,-124.6434319257945,-124.80963718350132,-123.15082576375782,-135.56313353262513,-143.18850720533234,-0.0,-0.0,-0.0,789.5273262807549,789.5273262807549,789.5273262807549,789.5273262807549,789.5273262807549,-0.0,-112.32770231507499,-121.53731469272861,-108.99233324169263,-121.49205393741428,-124.6434319257945,-124.80963718350132,-123.15082576375782,-135.56313353262513,-143.18850720533234,13.86943071540663,13.580912430838927,10.758658415924376,6.580164120416943,14.936874330366413,15.045142990291735,7.714487592333575,4.35792520610808,9.135174724290883,-0.0,-0.0,-0.0,-0.0,-0.0,-0.0,-0.0,-0.0,-0.0,2.600391359443838,2.606597368003765,2.590900426066181,2.4065427068398066,2.587721790362381,2.527545659759586,2.627573530023623,2.6281858486311402,2.6481050601831875,7.8313175398940995,7.860290363603516,7.777770291480674,4.10530212685349,10.002767362293067,9.953866504645566,5.059820042698053,5.274819229792006,8.319403661056878,3.16149504742577,5.833057624274577,-4.372704844665275,-4.9977811470333275,-6.088471902896148,-6.19848471612797,-6.087248022546238,-16.1095237581509,-21.18683224808527
155.0,155.0,36.37738210918934,41.104385239827,34.34684654558225,36.70801836872494,41.65227438031439,40.551589593305316,37.573275750216474,39.55149317376916,40.009922695746205,81.94381737973046,65.33042738015254,61.73519802276973,62.60720158703353,63.63236870868618,65.00603584616921,61.719962260664744,58.10682330233477,60.67022051828211,36.69763402165745,38.93780349708644,35.202776860983256,35.50874206801533,35.71993063301728,37.86067716209562,28.707554789088285,27.37581430481225,26.522726399181387,59.96518113200298,60.42462042915956,-4.838717264437882,61.516069308538945,49.7264519717878,49.622105788614235,61.751571043596336,63.35232267051109,64.17595507616896,789.2034058580343,789.2034058580343,789.2034058580343,789.2034058580343,789.2034058580343,789.2034058580343,789.2034058580343,789.2034058580343,789.2034058580343,-112.32787983326871,-108.96109969580907,-121.48091197339811,-121.49422189862864,-124.5947257373199,-124.76145580372315,-123.15082516094829,-135.56678682278826,-143.1227261852631,-0.0,-0.0,-0.0,789.2034058580343,789.2034058580343,789.2034058580343,789.2034058580343,789.2034058580343,-0.0,-112.32787983326871,-121.48091197339811,-108.96109969580907,-121.49422189862864,-124.5947257373199,-124.76145580372315,-123.15082516094829,-135.56678682278826,-143.1227261852631,13.947266160720465,13.607537600352915,10.685080674931305,6.82385736723034,14.934293279497156,15.045142956822442,7.94745617928628,4.609191199595046,9.251749564363688,-0.0,-0.0,-0.0,-0.0,-0.0,-0.0,-0.0,-0.0,-0.0,2.014325759258198,2.018616504673106,2.0064902182785236,1.8402634394928215,1.9713687893610312,1.9318395972032465,2.0010234749989686,2.000000935699715,2.015891476660406,7.789706025422204,7.810106953442757,7.7201508692632705,4.063511932601228,9.938456520363195,9.892084795047632,5.0041646731223715,5.215217401288891,8.258016668658673,3.1367967285373024,5.823520289895487,-4.378037965326229,-4.997816473252355,-6.088482199953673,-6.198488878064959,-6.08731811362781,-16.10949942908105,-21.15497249889718
155.0,155.0,36.374722493287635,41.10398674202224,34.34759702896863,36.70563381854904,41.65250677383528,40.55315823925455,37.573146637104685,39.55227349456182,40.00738619969187,81.9438266337633,65.31453027134657,61.73546473075543,62.60160295948456,63.627243827507286,65.00358676960742,61.71629068590079,58.1158480383922,60.6465445364076,36.6959780835755,38.934309667420216,35.20190377698562,35.50733334509761,35.73185162213286,37.869081284687624,28.70942536364374,27.393186708289722,26.513634323911635,59.94363461361825,60.40674373953079,-4.837389437683767,61.49168431813435,49.698858321787014,49.57344024541439,61.72996469386461,63.331804285862155,64.15459566169082,788.6020179705994,788.6020179705994,788.6020179705994,788.6020179705994,788.6020179705994,788.6020179705994,788.6020179705994,788.6020179705994,788.6020179705994,-112.24009835343375,-108.85268087746769,-121.3893207738703,-121.40012211468917,-124.50561124437385,-124.6720032335268,-123.05471481236872,-135.47306589066287,-143.05539431029362,-0.0,-0.0,-0.0,788.6020179705994,788.6020179705994,788.6020179705994,788.6020179705994,788.6020179705994,-0.0,-112.24009835343375,-121.3893207738703,-108.85268087746769,-121.40012211468917,-124.50561124437385,-124.6720032335268,-123.05471481236872,-135.47306589066287,-143.05539431029362,13.948553109368257,13.610378154186861,10.651505103319083,6.801252418313963,14.93581112867443,15.04515226415945,7.915025929984141,4.588437917915796,9.23142255610041,-0.0,-0.0,-0.0,-0.0,-0.0,-0.0,-0.0,-0.0,-0.0,2.0047364831319037,2.008030828674828,1.9958232001320528,1.8284292758281215,1.9585465801978676,1.9193229074229001,1.987864640921986,1.9871798737627533,2.0031845523575824,7.714890214867681,7.722591345102853,7.634006283649935,4.013726295659882,9.863535724983386,9.82657247822219,4.937712920510228,5.150305438608194,8.176584249025193,3.135713785826299,5.839788363448986,-4.381711415474001,-4.9978394629180665,-6.088509262822288,-6.198495559903359,-6.087354710180806,-16.109519810521853,-21.175106694087926
155.0,155.0,36.37552162939321,41.10493039639744,34.34991333760276,36.707123549976494,41.65303751402791,40.5544973190447,37.57507338558893,39.55254957407281,40.00566765529194,81.96480739983465,65.31800158385978,61.734988967765396,62.60393341231524,63.631373997630746,65.00514730032853,61.721248515929524,58.1103593960487,60.6343947030451,36.699341993192306,38.936523248123656,35.207468317801556,35.510702637520204,35.73455916522417,37.87158913845627,28.717876442854173,27.38460327215407,26.506805589071288,59.97383848113333,60.43265425815659,-4.90087707809869,61.52420358516869,49.73899346454597,49.62614085518689,61.75843644939419,63.360728634095615,64.1828207595674,789.2937157855163,789.2937157855163,789.2937157855163,789.2937157855163,789.2937157855163,789.2937157855163,789.2937157855163,789.2937157855163,789.2937157855163,-112.28255077156582,-108.91974938931467,-121.47200006062872,-121.453438002801,-124.60922421425235,-124.77490343934002,-123.11148779037867,-135.51696809425366,-143.13231340698465,-0.0,-0.0,-0.0,789.2937157855163,789.2937157855163,789.2937157855163,789.2937157855163,789.2937157855163,-0.0,-112.28255077156582,-121.47200006062872,-108.91974938931467,-121.453438002801,-124.60922421425235,-124.77490343934002,-123.11148779037867,-135.51696809425366,-143.13231340698465,13.879114027638296,13.573052614157245,10.597720283179306,6.561253933610135,14.939296274537142,15.045165161864729,7.691841324810926,4.3024888107330135,9.074419450254966,-0.0,-0.0,-0.0,-0.0,-0.0,-0.0,-0.0,-0.0,-0.0,2.8311085150744133,2.8345723653039196,2.81717030814855,2.579082942447407,2.7767808763010535,2.7087770940714453,2.821100361920418,2.8221357701865046,2.8461066618988107,7.685057635823588,7.6942447447059985,7.603670062423179,3.9921829251489753,9.836709457329984,9.797808362844888,4.917626961366415,5.12898063409002,8.153752808460617,3.1709767567831233,5.863200477610672,-4.37474061276108,-4.99781183053224,-6.088505928256252,-6.198495326160921,-6.087316367197986,-16.109547596414703,-21.180026597662305
155.0,155.0,36.37994724080774,41.10574970167028,34.35415297181183,36.71198778148872,41.65294811624918,40.55430976081512,37.58012073742681,39.55462598487185,40.01165760954458,81.97508895971615,65.33417499926979,61.738675737298415,62.61641199705715,63.64254651791827,65.01381273289476,61.73926073363767,58.131601466709334,60.67614864794706,36.702924984735425,38.94049037476946,35.21297470786518,35.5243298595054,35.73150191110892,37.86800158136197,28.742917036377957,27.40896306044935,26.54611249765964,59.97281615158156,60.43349580864209,-4.937719273929558,61.51880278221113,49.741163977684934,49.614770108946374,61.74980820398008,63.346285686417694,64.1725047149294,789.344301516949,789.344301516949,789.344301516949,789.344301516949,789.344301516949,789.344301516949,789.344301516949,789.344301516949,789.344301516949,-112.33448563468872,-108.9475198608234,-121.49552607344835,-121.54611292469585,-124.61605936018077,-124.78243033862915,-123.18359431048303,-135.61774066656457,-143.17502184481637,-0.0,-0.0,-0.0,789.344301516949,789.344301516949,789.344301516949,789.344301516949,789.344301516949,-0.0,-112.33448563468872,-121.49552607344835,-108.9475198608234,-121.54611292469585,-124.61605936018077,-124.78243033862915,-123.18359431048303,-135.61774066656457,-143.17502184481637,13.963208654991787,13.582508996556305,10.654584099672999,6.973661195296802,14.935949487797247,15.04517352869979,8.004396046634696,4.754273692434463,9.243313509565862,-0.0,-0.0,-0.0,-0.0,-0.0,-0.0,-0.0,-0.0,-0.0,3.332100504104284,3.3365223330104508,3.317400102143423,3.0405046004487164,3.281576257121478,3.1940699671262776,3.3329722142569986,3.3356287031715337,3.362492602585838,7.663976063474754,7.668948256427819,7.57838229131541,3.9745126001702396,9.804543687494213,9.757779324311867,4.902892859742649,5.113958327646259,8.141386487238151,3.150290965517445,5.847972091581804,-4.377999776578051,-4.997820578597268,-6.088506590705676,-6.198495306368125,-6.0873598210329805,-16.109532213276733,-21.180268542237503
155.0,155.0,36.374427147387614,41.1050396049,34.3513573588313,36.70813167913404,41.65281671807886,40.5552590425889,37.575471633558536,39.5534367855132,40.00906484190222,81.96837980472846,65.31739128225666,61.73402729281993,62.60755445367537,63.63382584313696,65.0085798682316,61.72097716026021,58.11554263222343,60.653151512801955,36.69938175828906,38.93683662235428,35.20891341361051,35.517214946796805,35.73809359775361,37.874591897509085,28.720597308592424,27.39832871575712,26.53420638537551,59.941503029399854,60.40411367364862,-4.910441790155136,61.48618759846579,49.7023106163192,49.55746747844203,61.721127334270804,63.32084613573352,64.14337200994873,788.5390224028015,788.5390224028015,788.5390224028015,788.5390224028015,788.5390224028015,788.5390224028015,788.5390224028015,788.5390224028015,788.5390224028015,-112.2162566991659,-108.81971560483943,-121.37519980788343,-121.41322615793874,-124.4964109275274,-124.66264008993066,-123.05490085372453,-135.49105999031917,-143.07818540756475,-0.0,-0.0,-0.0,788.5390224028015,788.5390224028015,788.5390224028015,788.5390224028015,788.5390224028015,-0.0,-112.2162566991659,-121.37519980788343,-108.81971560483943,-121.41322615793874,-124.4964109275274,-124.66264008993066,-123.05490085372453,-135.49105999031917,-143.07818540756475,13.951991417437425,13.598512989428404,10.633607292286674,6.910173820306532,14.936548572523545,15.04517531477302,7.961247058678429,4.720789822365988,9.249033775846913,-0.0,-0.0,-0.0,-0.0,-0.0,-0.0,-0.0,-0.0,-0.0,2.9634060563022318,2.966834313079593,2.949834800054724,2.702073418225334,2.911469689728222,2.8379063191304272,2.9551245029441433,2.957097768687696,2.9808178510785277,7.592718000899172,7.591588760375123,7.503609611758146,3.928902209871934,9.73646241984679,9.698394512876664,4.853722102418897,5.067135842330979,8.08586045426523,3.147322863996232,5.857390466031808,-4.380904753512815,-4.997831329331905,-6.088523597785597,-6.198498159119308,-6.0873664478550795,-16.109552216995446,-21.196922574430083
155.0,155.0,36.37235067383412,41.10464804794563,34.344481908868325,36.70679325374012,41.65248192975703,40.554631821407995,37.57373136665757,39.551872533547495,40.006537856847345,81.96239302874426,65.31400107549567,61.72448144608097,62.60321413180921,63.63018865617392,65.00402212093906,61.716768566209815,58.0997692751385,60.63898215358905,36.69758910798326,38.93563514558332,35.20187907958575,35.509794215239,35.73218920754584,37.87174881859234,28.711506087198728,27.371527037364707,26.512292601621414,59.95287528622437,60.41145681220858,-4.891385743298356,61.50135935301857,49.71748931969222,49.58875091690951,61.734771855934675,63.33853925503977,64.16030846522906,788.7099761254283,788.7099761254283,788.7099761254283,788.7099761254283,788.7099761254283,788.7099761254283,788.7099761254283,788.7099761254283,788.7099761254283,-112.18681141650211,-108.82321496157392,-121.37928006833197,-121.35378690612913,-124.52233970615926,-124.68806550362376,-123.01740110576503,-135.42382186573784,-143.05133941014734,-0.0,-0.0,-0.0,788.7099761254283,788.7099761254283,788.7099761254283,788.7099761254283,788.7099761254283,-0.0,-112.18681141650211,-121.37928006833197,-108.82321496157392,-121.35378690612913,-124.52233970615926,-124.68806550362376,-123.01740110576503,-135.42382186573784,-143.05133941014734,13.864978261285676,13.555613413652054,10.569232370199204,6.499316706650832,14.939042872596161,15.045171368141522,7.656815666955047,4.271651451387772,9.061105703224593,-0.0,-0.0,-0.0,-0.0,-0.0,-0.0,-0.0,-0.0,-0.0,2.665842400472801,2.66834761630607,2.652936079328076,2.4280126638935235,2.611728937421916,2.549403500514271,2.650700791976714,2.651759274471196,2.6731318169651987,7.557346277555063,7.558331292499299,7.4666858415884425,3.894681011161171,9.699494462862683,9.66396956221413,4.831550437529566,5.042260349821801,8.068064620763655,3.175552488204158,5.868275517084606,-4.3747398271767715,-4.9977913505815925,-6.088510257406926,-6.198494285422766,-6.087302561291298,-16.109591769735104,-21.18661294115051
155.0,155.0,36.376443109712405,41.105371839419654,34.350964943215224,36.71095097412875,41.652379527537036,40.554070114950235,37.577738191283665,39.55494542756103,40.01411481871664,81.9699007487678,65.33055750820455,61.73243683929931,62.61452842659802,63.64039152569439,65.01154512955601,61.73150407638484,58.135857479869685,60.6949961403408,36.70078180227161,38.93963164202344,35.20870356180232,35.52084548628271,35.72733637702288,37.86700264162747,28.731636900500593,27.4078659737159,26.558489124333768,59.96080782187689,60.421119806979284,-4.91657974731491,61.50551706644852,49.729077880666466,49.59613375688426,61.73578112100458,63.33328853068853,64.15765734775678,788.9162350993532,788.9162350993532,788.9162350993532,788.9162350993532,788.9162350993532,788.9162350993532,788.9162350993532,788.9162350993532,788.9162350993532,-112.26765141154685,-108.88326718219666,-121.42667808286865,-121.46566391636745,-124.55208940086861,-124.71874257760979,-123.10839866866631,-135.54498015223731,-143.0969155695559,-0.0,-0.0,-0.0,788.9162350993532,788.9162350993532,788.9162350993532,788.9162350993532,788.9162350993532,-0.0,-112.26765141154685,-121.42667808286865,-108.88326718219666,-121.46566391636745,-124.55208940086861,-124.71874257760979,-123.10839866866631,-135.54498015223731,-143.0969155695559,13.946458618261987,13.561072353303027,10.623345055422675,6.8925812892956415,14.93459370229247,15.045166256215309,7.948889817060691,4.709889183111962,9.315293852262261,-0.0,-0.0,-0.0,-0.0,-0.0,-0.0,-0.0,-0.0,-0.0,3.038303114210449,3.0415253635323443,3.024219006599236,2.772567125050259,2.9879772740302593,2.91180913617808,3.0311948640703155,3.033764881236684,3.0557545141805624,7.5501090706699365,7.547946401636101,7.460652224507665,3.8830818840456436,9.675291239538957,9.636354814880324,4.8287688530055295,5.0409231244996136,8.07417318626825,3.1500589407723365,5.8447650480926825,-4.378979252582355,-4.997796883728451,-6.088498666447799,-6.198490294461666,-6.087316150118845,-16.10959494588864,-21.157871713313494
155.0,155.0,36.37152012894785,41.10465899480075,34.34517051407476,36.70649411356623,41.652697383028205,40.55417377685062,37.58113416774912,39.55432834142257,40.013255560053516,81.96503967320916,65.31524055231249,61.72777776570735,62.60405399855747,63.63456682707609,65.00510778698064,61.73357751502226,58.13068989724929,60.690235898251586,36.69685113132455,38.93529959282757,35.20315721677236,35.51075223118908,35.73248287847098,37.86972217545207,28.745770328326785,27.399040547702015,26.556054108005586,59.99006264635213,60.45229968982947,-4.889951653611071,61.53120509057347,49.75616774415592,49.64660865331002,61.7648344316208,63.36119349963358,64.18541391964267,789.1925353077095,789.1925353077095,789.1925353077095,789.1925353077095,789.1925353077095,789.1925353077095,789.1925353077095,789.1925353077095,789.1925353077095,-112.32365083452416,-108.93366184959801,-121.46991519307939,-121.49793289149707,-124.59303987067891,-124.75983956698687,-123.1372339702362,-135.58833202343672,-143.128136299109,-0.0,-0.0,-0.0,789.1925353077095,789.1925353077095,789.1925353077095,789.1925353077095,789.1925353077095,-0.0,-112.32365083452416,-121.46991519307939,-108.93366184959801,-121.49793289149707,-124.59303987067891,-124.75983956698687,-123.1372339702362,-135.58833202343672,-143.128136299109,13.93453023885318,13.57746493464509,10.611064467958458,6.849782529805995,14.933872998366612,15.045145893783022,7.889633228505694,4.720690367657012,9.407755006772872,-0.0,-0.0,-0.0,-0.0,-0.0,-0.0,-0.0,-0.0,-0.0,2.653300237472145,2.6554956895552246,2.6404216173103006,2.420860009247821,2.5974872033924425,2.5419598730703736,2.6004124549111145,2.614121531820546,2.6325122306260513,7.502198282646816,7.4995274962249985,7.417817128131716,3.8452131520573154,9.606132298861354,9.590236355345883,4.7879954779995355,4.998648455429383,8.028467057178586,3.136783459607944,5.839847019529369,-4.3825503214593144,-4.997798165660842,-6.0884959762682715,-6.198489087512958,-6.087289838061354,-16.109609689598237,-21.135716869499525
155.0,155.0,36.363067476878285,41.10235991864588,34.317013920181076,36.7004507913728,41.652669534799244,40.549070215924424,37.57487304001544,39.55029037387206,40.0084868948696,81.90722180571399,65.30576805001911,61.7085810896446,62.588298582834916,63.62466446425585,64.99247377642477,61.71443843949477,58.106892145465025,60.681145092339236,36.68524102505658,38.926260220841854,35.170181422643964,35.48438472894077,35.71199074110896,37.85207201580943,28.708487118478057,27.34096509004724,26.51696371011413,60.080003546696005,60.542107831924355,-4.7779348802083925,61.62145293909064,49.851966081369646,49.88996946833434,61.86515323049875,63.45311801927769,64.2867696447592,790.4659983688084,790.4659983688084,790.4659983688084,790.4659983688084,790.4659983688084,790.4659983688084,790.4659983688084,790.4659983688084,790.4659983688084,-112.45808545474841,-109.08762766410304,-121.63741219565259,-121.57283622116698,-124.7830059229253,-124.9492648579657,-123.23846150924929,-135.624281514714,-143.2101976408929,-0.0,-0.0,-0.0,790.4659983688084,790.4659983688084,790.4659983688084,790.4659983688084,790.4659983688084,-0.0,-112.45808545474841,-121.63741219565259,-109.08762766410304,-121.57283622116698,-124.7830059229253,-124.9492648579657,-123.23846150924929,-135.624281514714,-143.2101976408929,13.82867500601302,13.533837881091335,10.554787391825261,6.295353126403859,14.93664418582494,15.045100255349826,7.463028071245824,3.977094384524911,9.095566668900306,-0.0,-0.0,-0.0,-0.0,-0.0,-0.0,-0.0,-0.0,-0.0,1.000267139459989,1.0006634150521116,0.9950800707423788,0.9110584140313364,0.9543087890185006,0.9548790510903667,0.9369260824477279,0.948669954848284,0.9576275068575356,7.467922222176312,7.472231041532159,7.388109347861478,3.782246434950784,9.529044157041488,9.538563325267635,4.714490314882922,4.939471718210462,7.974754493115833,3.1621383702322645,5.861882181682063,-4.374652701505215,-4.997736218491909,-6.088459247847377,-6.198483523254363,-6.087178857812369,-16.10962279286765,-21.10288465675628
155.0,155.0,36.36440734025973,41.10190009678099,34.31195144977095,36.7012368109297,41.65334486443525,40.54561562862197,37.56856909907017,39.54963102045461,40.007620405708295,81.88613513931807,65.32194478735255,61.72202316596388,62.58917458695288,63.62335138907777,64.99376247317274,61.702197382778415,58.102071587996974,60.6871313414345,36.681882563881786,38.92377826306378,35.161470199352095,35.483761901831116,35.690943491304076,37.836470478100026,28.6762820119175,27.323684362475436,26.507230337953175,60.100817488551044,60.56546128349204,-4.754017319789339,61.64224852568049,49.84799798496888,49.91808561789055,61.89124132827698,63.47191780471568,64.30550431380766,790.7553611627725,790.7553611627725,790.7553611627725,790.7553611627725,790.7553611627725,790.7553611627725,790.7553611627725,790.7553611627725,790.7553611627725,-112.57009432982433,-109.19337811523745,-121.6930448976059,-121.69064909595862,-124.82456929866055,-124.99229019812707,-123.25504702858142,-135.68285719292464,-143.28785182940004,-0.0,-0.0,-0.0,790.7553611627725,790.7553611627725,790.7553611627725,790.7553611627725,790.7553611627725,-0.0,-112.57009432982433,-121.6930448976059,-109.19337811523745,-121.69064909595862,-124.82456929866055,-124.99229019812707,-123.25504702858142,-135.68285719292464,-143.28785182940004,13.907307509784435,13.56305705478205,10.604563278787111,6.657286590628874,14.92959388687163,15.04503990963358,7.334986284587611,4.052424932982707,9.64364854690274,-0.0,-0.0,-0.0,-0.0,-0.0,-0.0,-0.0,-0.0,-0.0,0.6536752897114065,0.6542854953894315,0.6515086374575699,0.5980197699749897,0.624666060031156,0.6272942354262186,0.6120217056816083,0.6200257366425186,0.6261132325045831,7.467201996853286,7.463717267863634,7.372610966593911,3.7352421025834346,9.485544156653614,9.48927805260905,4.66987467945927,4.908454699119834,7.959424869093102,3.121813073870752,5.814704267764341,-4.3764199521622515,-4.997773336749485,-6.088438505598086,-6.198477267508668,-6.087158038405341,-16.109606191449558,-21.04282167791661
155.0,155.0,36.36260047015969,41.1018011494726,34.30658883056592,36.69742061745352,41.654876422412855,40.54602321800922,37.564963302786104,39.55038988780855,40.00480422671185,81.88985309106019,65.30971053205663,61.723633542658256,62.582375188810246,63.62031614226513,64.99022658476432,61.692002998262716,58.11290404461346,60.682743627977956,36.68070299148831,38.91784052127534,35.165584143181526,35.48022862597815,35.699313705064384,37.838448251007236,28.66317987005483,27.340626782696177,26.50893080529311,60.118308976504494,60.5890061918798,-4.768624414204005,61.65584894281842,49.844593340457315,49.92150716475032,61.906872185456876,63.48584286007009,64.3130785879471,790.8644886952515,790.8644886952515,790.8644886952515,790.8644886952515,790.8644886952515,790.8644886952515,790.8644886952515,790.8644886952515,790.8644886952515,-112.61545591616712,-109.24630163319448,-121.7030728007416,-121.66179932244066,-124.84063323870576,-125.00851059570071,-123.26907636441882,-135.70295070443095,-143.29418831354877,-0.0,-0.0,-0.0,790.8644886952515,790.8644886952515,790.8644886952515,790.8644886952515,790.8644886952515,-0.0,-112.61545591616712,-121.7030728007416,-109.24630163319448,-121.66179932244066,-124.84063323870576,-125.00851059570071,-123.26907636441882,-135.70295070443095,-143.29418831354877,13.87636407769974,13.5831464513315,10.572152783619401,6.438622808559753,14.92879480362437,15.044988073352702,7.324612931365147,4.071044743628154,9.59616427693988,-0.0,-0.0,-0.0,-0.0,-0.0,-0.0,-0.0,-0.0,-0.0,0.7965989699522824,0.7970035701412832,0.7924338495414783,0.7805922596298157,0.8099620357169601,0.8169690524429044,0.783918586303502,0.7984632823177776,0.8068219439253982,7.402635997678507,7.39553709642978,7.294258348847036,3.697800686355032,9.430954773819602,9.444384521485432,4.6382674945996705,4.878741622699293,7.942502938410224,3.0946523579615612,5.7876138986173045,-4.376790741137582,-4.997817478137266,-6.088434646446699,-6.198475086363123,-6.087109769792031,-16.109618155975234,-21.04274925047365
155.0,155.0,36.3637438169061,41.101988007966156,34.303366010790974,36.69683778735856,41.65562691147284,40.544569244177524,37.5637464689506,39.549569210196786,40.00092427032239,81.88610261370445,65.3163432594657,61.723479446838205,62.58315962071154,63.61958350402588,64.98626670032488,61.69372233386354,58.11149777749039,60.66925636632091,36.68016241138102,38.918096020182716,35.168055591875124,35.475835818495476,35.693835641230116,37.83277693912315,28.657455040035522,27.324644343584705,26.48756290821633,60.13468809116024,60.60162904174226,-4.762994755018479,61.675270877186534,49.853633511006485,49.952727297351515,61.92241656784105,63.503623119157034,64.3327335533089,791.1303801313403,791.1303801313403,791.1303801313403,791.1303801313403,791.1303801313403,791.1303801313403,791.1303801313403,791.1303801313403,791.1303801313403,-112.57860235856937,-109.21272018280854,-121.68434542180519,-121.62508770500237,-124.88067158624408,-125.04804969108137,-123.2592986469427,-135.64456704113184,-143.21425614501794,-0.0,-0.0,-0.0,791.1303801313403,791.1303801313403,791.1303801313403,791.1303801313403,791.1303801313403,-0.0,-112.57860235856937,-121.68434542180519,-109.21272018280854,-121.62508770500237,-124.88067158624408,-125.04804969108137,-123.2592986469427,-135.64456704113184,-143.21425614501794,13.723518754545061,13.42671497083639,10.3072626025241,6.06938819386809,14.931288731769808,15.04493868500005,7.086237238899796,3.5964712461042394,8.968533636432547,-0.0,-0.0,-0.0,-0.0,-0.0,-0.0,-0.0,-0.0,-0.0,0.699918253988404,0.7001919607638107,0.6950103922815415,0.702262140246339,0.7276840001850013,0.7337343716856067,0.7051472028952828,0.7179880785095805,0.7253515426531155,7.357228975010128,7.370465465910876,7.264469535797506,3.6742822705280056,9.41922904375416,9.427508602407572,4.632101831015845,4.872964375245421,7.947031071094703,3.1289547251824255,5.821613300085299,-4.374039770024433,-4.9977866278981855,-6.088411051029515,-6.198471218389706,-6.087017042633159,-16.109644165593576,-21.05046023046105
155.0,155.0,36.363130068249,41.10188848475035,34.29748040442141,36.69833318880419,41.65556157828817,40.54227406246078,37.56392014474545,39.54944000980304,40.00285802652796,81.87972861602826,65.32386138451831,61.717455604413914,62.58712422501873,63.620512123071954,64.98898275136256,61.69664730461584,58.10828322470532,60.686538763810255,36.678830473384856,38.9162384341979,35.16468476880282,35.476693923333926,35.67825171368455,37.8215403229929,28.654462751516103,27.31873991911026,26.49313497368501,60.15318598041036,60.6215556642183,-4.755387179448421,61.686572934323145,49.85721646357711,49.979349861617465,61.93585049301556,63.511847669162485,64.34246661097954,791.3515136553583,791.3515136553583,791.3515136553583,791.3515136553583,791.3515136553583,791.3515136553583,791.3515136553583,791.3515136553583,791.3515136553583,-112.69866133872362,-109.31126197898102,-121.73330122930011,-121.71521578064728,-124.91260999367877,-125.0809492322119,-123.32849580972822,-135.74319281098872,-143.3168117059219,-0.0,-0.0,-0.0,791.3515136553583,791.3515136553583,791.3515136553583,791.3515136553583,791.3515136553583,-0.0,-112.69866133872362,-121.73330122930011,-109.31126197898102,-121.71521578064728,-124.91260999367877,-125.0809492322119,-123.32849580972822,-135.74319281098872,-143.3168117059219,13.775441465027674,13.42366244652512,10.356656491494395,6.346459681997037,14.926712017430747,15.044971415673764,7.261768779624962,3.914997143898391,9.538294604553657,-0.0,-0.0,-0.0,-0.0,-0.0,-0.0,-0.0,-0.0,-0.0,0.5550198176552364,0.5551116390233723,0.5508849210414198,0.5580137245631929,0.5788399107209434,0.5823376232282029,0.5643476070932851,0.5731828876594789,0.5788132043549553,7.346934916874252,7.360235233422357,7.273332085243775,3.67307570260191,9.414249282736572,9.427495984750905,4.6361899219551495,4.877997478147822,7.9605348431360765,3.0704940680663615,5.7664408206141236,-4.378523300681229,-4.997811641426415,-6.088401208423979,-6.19846867877448,-6.087065933905961,-16.10962310459729,-21.013780162256552
155.0,155.0,36.36031850856615,41.101557636719264,34.300135901404445,36.69524022029595,41.656067118753114,40.543058725598925,37.56256831297991,39.54834394111929,40.00196232447052,81.87799769071361,65.31078452731387,61.72346903636907,62.581088573220946,63.6168529920043,64.98646389598892,61.68929068688729,58.09541078480904,60.68538213579464,36.67739743127242,38.91281781783007,35.16830488945171,35.472095836725245,35.68867772598261,37.82692093633948,28.650155758895334,27.310855228302607,26.498838067494468,60.15282285578393,60.62445556879369,-4.751053825972182,61.68469255277478,49.852186431384574,49.972369469508294,61.9349595212016,63.512416086198584,64.338833370247,791.2099358733161,791.2099358733161,791.2099358733161,791.2099358733161,791.2099358733161,791.2099358733161,791.2099358733161,791.2099358733161,791.2099358733161,-112.70714788466522,-109.29781192819415,-121.71632934151437,-121.69280139206742,-124.89163652933127,-125.05989221781688,-123.30554501345154,-135.72332369881164,-143.3077564131947,-0.0,-0.0,-0.0,791.2099358733161,791.2099358733161,791.2099358733161,791.2099358733161,791.2099358733161,-0.0,-112.70714788466522,-121.71632934151437,-109.29781192819415,-121.69280139206742,-124.89163652933127,-125.05989221781688,-123.30554501345154,-135.72332369881164,-143.3077564131947,13.784146319234987,13.434991462880955,10.34587900174863,6.339858400020949,14.927085098920246,15.044980683604846,7.252568595330444,3.920781845378718,9.517775219093666,-0.0,-0.0,-0.0,-0.0,-0.0,-0.0,-0.0,-0.0,-0.0,0.5213023591790378,0.5214998942651822,0.517754514168835,0.5246715846803429,0.5444683619526778,0.5474044969848681,0.5319828202333716,0.5398900166213154,0.5451736874833656,7.328997545553629,7.334577327714431,7.2638542185682295,3.6598982264135222,9.38650588949813,9.40654900112563,4.623303147416048,4.8652590964986855,7.949657460459441,3.0492715678716684,5.762051676614015,-4.383352206165044,-4.997819049066086,-6.08840947328611,-6.198470486400969,-6.087073429918422,-16.1096215539595,-21.02620133284759
155.0,155.0,36.36218858150196,41.10179104061999,34.301582924685896,36.69545799282543,41.656245854742885,40.54322420731204,37.56501219428135,39.54848524876492,40.000788943010654,81.87966466738496,65.31514635081389,61.72567737312228,62.581594569075925,63.61749752268337,64.98468151167239,61.69878007362797,58.10329373089729,60.68309594129379,36.678481465719585,38.91487841608267,35.17162064132486,35.47018830268546,35.68898328818094,37.8286401936321,28.663388872931087,27.310310821114395,26.49131909698887,60.15365354944479,60.62548511602735,-4.7513830838472115,61.69376422957072,49.86122141327913,49.99134306624648,61.937677480177555,63.51956255945333,64.34934255912431,791.3750314315744,791.3750314315744,791.3750314315744,791.3750314315744,791.3750314315744,791.3750314315744,791.3750314315744,791.3750314315744,791.3750314315744,-112.63747756801169,-109.2865307377964,-121.71736035618011,-121.65540367916218,-124.9165432839333,-125.08443693214414,-123.28086819228888,-135.65403436012406,-143.23877718494356,-0.0,-0.0,-0.0,791.3750314315744,791.3750314315744,791.3750314315744,791.3750314315744,791.3750314315744,-0.0,-112.63747756801169,-121.71736035618011,-109.2865307377964,-121.65540367916218,-124.9165432839333,-125.08443693214414,-123.28086819228888,-135.65403436012406,-143.23877718494356,13.707857422669356,13.4120303754602,10.24045404544739,6.039920901939589,14.928876362400782,15.044912060657602,7.014426486696823,3.466024029831723,8.91064998914055,-0.0,-0.0,-0.0,-0.0,-0.0,-0.0,-0.0,-0.0,-0.0,0.5370438802297646,0.5374292147972045,0.5337094393508882,0.5411267059978814,0.5614921880200141,0.5646658464050952,0.5482372023466767,0.556563098757803,0.5620563488687071,7.347202856058551,7.355928610855171,7.297300569528395,3.6574499134712757,9.396212990489806,9.412726902152368,4.63329610913565,4.868559615412128,7.959884737873829,3.1092900704515443,5.787942136458124,-4.382002688166709,-4.997790167941881,-6.088391988274313,-6.198469763914554,-6.087016797603044,-16.109646075248385,-21.050518375583657
155.0,155.0,36.363916716321015,41.101956234021465,34.29969001009261,36.6970951582736,41.655878961571624,40.54169091853535,37.56854180985722,39.54917738979107,40.00362569523972,81.87919856705827,65.32446323228147,61.72247190114958,62.58554456680584,63.61970032305875,64.98827056137948,61.708670231673864,58.107221304588556,60.69922379119201,36.679325412988,38.915263420487584,35.17101915597257,35.472235212487256,35.67598184165287,37.81983247818785,28.67540769517523,27.316530233344388,26.50131198433714,60.15696700126843,60.62670877621196,-4.7520240189158,61.69252182425039,49.85916345067735,49.99178605493226,61.936916299973994,63.51571941078996,64.34543640505404,791.4288817282123,791.4288817282123,791.4288817282123,791.4288817282123,791.4288817282123,791.4288817282123,791.4288817282123,791.4288817282123,791.4288817282123,-112.7480669820194,-109.34647801218898,-121.74870513652087,-121.7219831521178,-124.92408285330966,-125.09246046909142,-123.33260004494397,-135.742041557646,-143.3188018666604,-0.0,-0.0,-0.0,791.4288817282123,791.4288817282123,791.4288817282123,791.4288817282123,791.4288817282123,-0.0,-112.7480669820194,-121.74870513652087,-109.34647801218898,-121.7219831521178,-124.92408285330966,-125.09246046909142,-123.33260004494397,-135.742041557646,-143.3188018666604,13.793250029692656,13.429783691470496,10.34223311066331,6.323470061073996,14.926607706786895,15.044979056587833,7.225746669992832,3.8536869623578327,9.50244500632769,-0.0,-0.0,-0.0,-0.0,-0.0,-0.0,-0.0,-0.0,-0.0,0.5297543045688831,0.5300672855752294,0.5263835355577041,0.5335849642048583,0.5536556613525504,0.5567596780095412,0.5402800762761347,0.5484591641460967,0.5539736329848473,7.37801588787572,7.386087274598049,7.328551988159087,3.6674532072403947,9.410304751030624,9.424094512528029,4.6500021942368575,4.87940231173324,7.97654460818867,3.044324347848058,5.747757779239871,-4.383778782726745,-4.9978147214606325,-6.0883897528796815,-6.19846889773391,-6.0870899070688695,-16.10962034047925,-21.01216015481376
155.0,155.0,36.36067838200814,41.10183374851596,34.302520610821716,36.69466147592379,41.65620012636622,40.54266880271511,37.565818256944766,39.54801787544946,40.00228775347894,81.87832757699975,65.31797906825052,61.72692606422961,62.580184837216805,63.61693295611585,64.98555750848195,61.6973806905329,58.09290406284261,60.68752351112686,36.67821708093636,38.915368656914445,35.17376213865917,35.4702590999861,35.68932700893834,37.82608717936556,28.665814577086117,27.307296913379496,26.499918315609953,60.1478900667112,60.61860550684602,-4.748113179417912,61.68381466634659,49.85114483743997,49.97037289755579,61.9301770570965,63.5115604071547,64.33734195258481,791.1987934477494,791.1987934477494,791.1987934477494,791.1987934477494,791.1987934477494,791.1987934477494,791.1987934477494,791.1987934477494,791.1987934477494,-112.72430600129645,-109.308433445627,-121.7222389895034,-121.68878307489419,-124.89008723088511,-125.0582380166938,-123.30115455315706,-135.71400633628576,-143.29753389159717,-0.0,-0.0,-0.0,791.1987934477494,791.1987934477494,791.1987934477494,791.1987934477494,791.1987934477494,-0.0,-112.72430600129645,-121.7222389895034,-109.308433445627,-121.68878307489419,-124.89008723088511,-125.0582380166938,-123.30115455315706,-135.71400633628576,-143.29753389159717,13.79651634449574,13.44359208120545,10.365058896585749,6.328392144753088,14.927628005349161,15.044989287179678,7.239152126356917,3.8837834171175443,9.504590375339825,-0.0,-0.0,-0.0,-0.0,-0.0,-0.0,-0.0,-0.0,-0.0,0.502855283592398,0.5033056746387489,0.5000206973493461,0.5063338159564217,0.525277491846824,0.5281587854096946,0.5134463722178989,0.5209576933478036,0.526169989009758,7.379873675815892,7.388731661829361,7.329588123348288,3.6639046745471835,9.39283412317279,9.410903788453087,4.64230914926654,4.869237362623942,7.962300313716838,3.0368351669717355,5.7533078177458,-4.386111181896772,-4.997823915839618,-6.088406555110679,-6.198471697898987,-6.087101593665611,-16.10960491129204,-21.021732841390474
155.0,155.0,36.3633370822265,41.10191613396074,34.30353681687414,36.69521140421218,41.65601177679565,40.54272918952593,37.56492036916021,39.54833569757581,40.00075547875768,81.87768431624784,65.32101770012828,61.727277467492776,62.58082249424197,63.61667518787584,64.98389664890644,61.696500290416786,58.10498986332806,60.67717523190357,36.67940762817533,38.91766260141824,35.17524724650429,35.46908445826493,35.68841663799197,37.82783241426521,28.660362807199057,27.310465073100687,26.484985963470624,60.137385285761056,60.608741544670984,-4.744078819740509,61.68345958560323,49.85573334519176,49.97098907317229,61.92594608775237,63.5097656996349,64.34054503075963,791.2094075397356,791.2094075397356,791.2094075397356,791.2094075397356,791.2094075397356,791.2094075397356,791.2094075397356,791.2094075397356,791.2094075397356,-112.61813609892012,-109.2754514948013,-121.70907357778955,-121.62834396527954,-124.89233225100989,-125.05980512858135,-123.25509823537776,-135.61714829598864,-143.2043533773875,-0.0,-0.0,-0.0,791.2094075397356,791.2094075397356,791.2094075397356,791.2094075397356,791.2094075397356,-0.0,-112.61813609892012,-121.70907357778955,-109.2754514948013,-121.62834396527954,-124.89233225100989,-125.05980512858135,-123.25509823537776,-135.61714829598864,-143.2043533773875,13.716404873216954,13.429476058295496,10.319367794614141,6.028148009713623,14.930915495371565,15.044931291649574,7.0087733008782465,3.4068883277813287,8.88927511091119,-0.0,-0.0,-0.0,-0.0,-0.0,-0.0,-0.0,-0.0,-0.0,0.45957442033918955,0.4601469893729071,0.4573093495803227,0.46171690840036334,0.47895140097011457,0.48138585375015297,0.46986220872547013,0.47620697506577087,0.4809493172612584,7.408978230869733,7.424595683686819,7.361658370783077,3.6658334697018717,9.412235620711337,9.419919160377821,4.651200779121504,4.873159868597893,7.96962131487856,3.106588658778168,5.779652717777781,-4.382048963852145,-4.997797150017959,-6.0883969019509365,-6.198471788720473,-6.087043962264725,-16.109615840609965,-21.046409580461564
155.0,155.0,36.364524631421574,41.10208132686653,34.304053060901445,36.697011616011025,41.655337472162365,40.54100426672801,37.56593687473979,39.54880070447594,40.00403615880342,81.87658597517712,65.33300623137963,61.725250559916574,62.5843638484563,63.61913919673447,64.98760741451319,61.69932342414137,58.10777694004493,60.69202792402092,36.68019638028757,38.920033786088005,35.175062916955426,35.471097778966055,35.676879414634655,37.81883370833458,28.660308412500292,27.31611393807047,26.494435396971337,60.128330231020804,60.59616819999756,-4.742524940487046,61.67091814963033,49.84642702582174,49.945918261958916,61.91508841713614,63.49590881186236,64.32705047977696,791.0813630092939,791.0813630092939,791.0813630092939,791.0813630092939,791.0813630092939,791.0813630092939,791.0813630092939,791.0813630092939,791.0813630092939,-112.68674036633297,-109.2995428249934,-121.70757264801635,-121.66801111851267,-124.87274162506122,-125.04077078762114,-123.278836309605,-135.67429138550366,-143.26320051590537,-0.0,-0.0,-0.0,791.0813630092939,791.0813630092939,791.0813630092939,791.0813630092939,791.0813630092939,-0.0,-112.68674036633297,-121.70757264801635,-109.2995428249934,-121.66801111851267,-124.87274162506122,-125.04077078762114,-123.278836309605,-135.67429138550366,-143.26320051590537,13.800413412256624,13.448415578732435,10.399552245236206,6.312395854135281,14.928246155145606,15.044996191910402,7.215513805832843,3.7762323415193078,9.440756605693256,-0.0,-0.0,-0.0,-0.0,-0.0,-0.0,-0.0,-0.0,-0.0,0.44378734075066784,0.4444355090598616,0.44187603819577864,0.4456007114866449,0.4628605451760361,0.4646626104783959,0.45527293962792365,0.4607975948268605,0.4654148469699795,7.4467472105614725,7.459334655080279,7.388782959676589,3.677532562143894,9.437151233496298,9.433659374469423,4.6673097711296405,4.882304267164079,7.989668290017195,3.0528193113245146,5.746995462681866,-4.382808882966687,-4.997823499555046,-6.088403407142962,-6.198472039928336,-6.087125152935397,-16.109572208533095,-21.018913742351643
155.0,155.0,36.362493951645604,41.101922656016704,34.30824579184423,36.695536927336,41.65525634662092,40.542175999812144,37.56529936613063,39.54800637403731,40.004666757166866,81.87731689298126,65.32439771210343,61.72599106490689,62.58007531650075,63.61700430133142,64.98560770639,61.69142296990925,58.09997062206825,60.68997200549661,36.679991632737114,38.92075701485059,35.17821364474561,35.472502721606816,35.692301002271265,37.826688227465816,28.657115972510294,27.317038575586558,26.503143174083434,60.11549237564838,60.58424177725765,-4.741105208119637,61.65753658399196,49.84354045417352,49.92829082347059,61.90287143640327,63.48710826929026,64.31523942732402,790.8191293390568,790.8191293390568,790.8191293390568,790.8191293390568,790.8191293390568,790.8191293390568,790.8191293390568,790.8191293390568,790.8191293390568,-112.642461791328,-109.2474332845946,-121.67806577185118,-121.62609532215428,-124.83427246995616,-125.00176797498061,-123.24397770513593,-135.6414342024412,-143.24373310845314,-0.0,-0.0,-0.0,790.8191293390568,790.8191293390568,790.8191293390568,790.8191293390568,790.8191293390568,-0.0,-112.642461791328,-121.67806577185118,-109.2474332845946,-121.62609532215428,-124.83427246995616,-125.00176797498061,-123.24397770513593,-135.6414342024412,-143.24373310845314,13.803825377317382,13.459219672857435,10.445977231875824,6.298258671633055,14.930739215433116,15.045005169676505,7.2353969687671755,3.806246380588033,9.322224061365025,-0.0,-0.0,-0.0,-0.0,-0.0,-0.0,-0.0,-0.0,-0.0,0.4597479361669097,0.4605396590847114,0.45810153138377235,0.4613247117254202,0.4804673414270745,0.48158893062102437,0.47457971612867644,0.47928889228799115,0.48375378047393375,7.4438420099360085,7.45853915737287,7.383523123476733,3.6792015179280892,9.442988852437905,9.431588658093935,4.66864688942919,4.8819275292554,7.9867275235906625,3.0573869777600837,5.7597569738506005,-4.382747136834953,-4.997833388263683,-6.088423586703212,-6.198476283610553,-6.087161008891865,-16.109539221797025,-21.052572768581854
155.0,155.0,36.367577457938964,41.10212756866054,34.31742095357706,36.69652226045032,41.65403387304975,40.54355300562382,37.56692158066115,39.54935379315321,40.00342599063014,81.88510189993832,65.31982268389525,61.72565126251196,62.58152525834333,63.61916866466006,64.98808084557267,61.69559073296043,58.124113811009906,60.66335615472421,36.68422993363012,38.92389499622575,35.18711946760981,35.47330214800222,35.69678043223228,37.83460839823273,28.661311638921774,27.34549569598911,26.479656762048442,60.094621593019085,60.5648269386844,-4.747066337145348,61.644602910525364,49.86039960022788,49.930847234573854,61.883108676135336,63.473925683151926,64.30700710812343,790.7124210555959,790.7124210555959,790.7124210555959,790.7124210555959,790.7124210555959,790.7124210555959,790.7124210555959,790.7124210555959,790.7124210555959,-112.51574527986209,-109.19490426803432,-121.6532922649394,-121.54275466265624,-124.81955780789109,-124.98590046072184,-123.20574178465915,-135.54217608841503,-143.18567329973135,-0.0,-0.0,-0.0,790.7124210555959,790.7124210555959,790.7124210555959,790.7124210555959,790.7124210555959,-0.0,-112.51574527986209,-121.6532922649394,-109.19490426803432,-121.54275466265624,-124.81955780789109,-124.98590046072184,-123.20574178465915,-135.54217608841503,-143.18567329973135,13.727823849821675,13.431694989927985,10.444600106339976,5.971685449490446,14.936366619179768,15.04502614223446,7.127219103868498,3.4022389671194393,8.867511367673359,-0.0,-0.0,-0.0,-0.0,-0.0,-0.0,-0.0,-0.0,-0.0,0.6098864676732193,0.61141551733812,0.6082260361826172,0.6122119396733205,0.6426274513731743,0.6410789202047391,0.6415112223273022,0.6448525663929883,0.6497986083192695,7.477560174455672,7.492603198649703,7.42926552723363,3.6939545398091194,9.50038601107759,9.47244158402495,4.721666523259077,4.931314248939956,8.013047740633361,3.1301551636693716,5.785540729052836,-4.376158674578212,-4.997796613637878,-6.088421800479437,-6.198477978620185,-6.087138542088616,-16.109554629725313,-21.09209992251849
155.0,155.0,36.372671671251204,41.10279142652125,34.330354633105316,36.70161128048614,41.652249658027905,40.544206367987535,37.568364899858445,39.54980550799623,40.00922422119152,81.89670487416325,65.33105147885112,61.72835427852564,62.59212512207599,63.625515864991016,64.99729830110904,61.706116552957276,58.1233011744643,60.68414592874255,36.68921627322558,38.930328496153116,35.19721233147283,35.4867554763151,35.69451319330987,37.83611931167856,28.6718676844309,27.36164295713715,26.50367826275384,60.01037624183975,60.47606483526381,-4.757374851861653,61.560465240661145,49.7800851918204,49.727153366013056,61.79188778929485,63.390958418373415,64.2211195078164,789.4186548010941,789.4186548010941,789.4186548010941,789.4186548010941,789.4186548010941,789.4186548010941,789.4186548010941,789.4186548010941,789.4186548010941,-112.38734764386567,-109.03340179337019,-121.48430594258546,-121.43629743684288,-124.62601313423704,-124.79345238107108,-123.10164686338821,-135.49817637360866,-143.0641684510384,-0.0,-0.0,-0.0,789.4186548010941,789.4186548010941,789.4186548010941,789.4186548010941,789.4186548010941,-0.0,-112.38734764386567,-121.48430594258546,-109.03340179337019,-121.43629743684288,-124.62601313423704,-124.79345238107108,-123.10164686338821,-135.49817637360866,-143.0641684510384,13.820205488815862,13.456455940404249,10.56386214635357,6.388235333042522,14.931010792885528,15.045093497374951,7.554665276514926,4.1216756018763565,9.220313224360874,-0.0,-0.0,-0.0,-0.0,-0.0,-0.0,-0.0,-0.0,-0.0,0.8454082370681775,0.8484932050280883,0.8439322709157184,0.8497137655454983,0.9001767548112632,0.8921760336782696,0.908620388222964,0.908160416600479,0.9135295038490475,7.5422323322168365,7.544734155685089,7.513651775283415,3.744760294577514,9.570794064222463,9.521839822665273,4.792030874927295,4.993691799457286,8.054209219003328,3.0957464696462074,5.76402300383396,-4.375283239339454,-4.997805480622893,-6.088439628943563,-6.198478233212083,-6.087233711500389,-16.109509112974557,-21.0906654431175
155.0,155.0,36.37363880313182,41.10295415197381,34.340911294873216,36.70200953449707,41.65225062700114,40.547816323522646,37.568600164357264,39.550332970955075,40.008017149628905,81.9098616693892,65.32007630159367,61.73624011019934,62.59221193695123,63.62298859447812,64.9964645120507,61.70574625684658,58.11653663845934,60.66216489772122,36.69200568040624,38.931402365375696,35.20388758681779,35.49101538575818,35.71398106171634,37.85196772431908,28.6804760202276,27.375661343075638,26.506167693592058,59.93657869104545,60.40420028000783,-4.774966703135781,61.490474295716346,49.70021192389174,49.58585267135239,61.72567190439346,63.33317302931648,64.15406997463656,788.2168737815891,788.2168737815891,788.2168737815891,788.2168737815891,788.2168737815891,788.2168737815891,788.2168737815891,788.2168737815891,788.2168737815891,-112.19143466259642,-108.84523041213454,-121.33332435568917,-121.2775023385977,-124.44768217541811,-124.61468791171102,-122.94427985424466,-135.3489175611253,-142.91928316630523,-0.0,-0.0,-0.0,788.2168737815891,788.2168737815891,788.2168737815891,788.2168737815891,788.2168737815891,-0.0,-112.19143466259642,-121.33332435568917,-108.84523041213454,-121.2775023385977,-124.44768217541811,-124.61468791171102,-122.94427985424466,-135.3489175611253,-142.91928316630523,13.837583266600431,13.484603981831512,10.690221893076298,6.485110559767074,14.932965351973378,15.045122957186532,7.658027150182677,4.264706655593637,9.186524140200543,-0.0,-0.0,-0.0,-0.0,-0.0,-0.0,-0.0,-0.0,-0.0,1.1537727679935472,1.1580161543167595,1.1523256198069467,1.1431949810349404,1.2147175947551612,1.1993864051744192,1.2273866676998477,1.2263613333276004,1.2322078792721458,7.5909963643200875,7.572986207000171,7.602297243922459,3.8097152265743106,9.626888464472577,9.559781471531297,4.831040354981455,5.026418324598951,8.067415996761515,3.1115936922628795,5.776679709822148,-4.376591654437616,-4.9977934267411115,-6.0884732889895234,-6.198484294308951,-6.087289698527177,-16.109503003345484,-21.121919897000435
155.0,155.0,36.37487266950605,41.102859830722906,34.33545699521612,36.70016482634951,41.65167258791627,40.548784829002365,37.56728793295556,39.54925101109471,40.00562981553416,81.90144048558233,65.32164852272952,61.725148429011355,62.587706357826825,63.619842786073406,64.99365210185132,61.70331262988554,58.102078084552176,60.64300441819558,36.69175788217246,38.934547915357825,35.191094314297736,35.48239763434417,35.71386077797566,37.85549410197482,28.674028139618553,27.354009995209385,26.484261183002847,59.93451155591171,60.39605828526018,-4.765984730951218,61.505018113499524,49.71010687669683,49.61253893495607,61.7381337273639,63.348479275196794,64.16956626697423,788.4212765846029,788.4212765846029,788.4212765846029,788.4212765846029,788.4212765846029,788.4212765846029,788.4212765846029,788.4212765846029,788.4212765846029,-112.14507974333623,-108.82695972596493,-121.35502261522979,-121.23452244061032,-124.47898843913734,-124.64510306226992,-122.92661261261127,-135.286141696817,-142.91416773032327,-0.0,-0.0,-0.0,788.4212765846029,788.4212765846029,788.4212765846029,788.4212765846029,788.4212765846029,-0.0,-112.14507974333623,-121.35502261522979,-108.82695972596493,-121.23452244061032,-124.47898843913734,-124.64510306226992,-122.92661261261127,-135.286141696817,-142.91416773032327,13.805006777116454,13.540860337930631,10.674045510857884,6.129660348097101,14.937285101656679,15.045135460585875,7.425305715775286,3.813185653628816,8.888827472358669,-0.0,-0.0,-0.0,-0.0,-0.0,-0.0,-0.0,-0.0,-0.0,0.9966495001033739,0.9994126524177955,0.9943432211262082,0.9206563336048647,0.9752464474487568,0.9648958888695796,0.9865791866998471,0.9854522655417515,0.9895693948023205,7.704334483297002,7.703759660649275,7.704204869270171,3.8455149358379415,9.684897308419137,9.59968701594701,4.859136657968181,5.050079290815054,8.099969430534198,3.1651546858743513,5.82687048548964,-4.372485333267524,-4.9977879385158905,-6.08847884360207,-6.19848838401689,-6.087266048081731,-16.109525890694375,-21.14175339619038
155.0,155.0,36.3751542763684,41.10289095137599,34.338267295903165,36.70381920199139,41.651056168266734,40.548351139138674,37.5714759451651,39.55113336044676,40.009137797599806,81.89396365424174,65.33282676463557,61.72596907212433,62.59730381791572,63.62510300435565,65.00035008229877,61.72075926330871,58.127323725433605,60.66404422965889,36.69148847782145,38.937495735798116,35.187994232590015,35.49178065729941,35.706538694798695,37.85254433871088,28.698042448918795,27.381924547194465,26.499344627397388,59.91999992197427,60.38447650475063,-4.75026759424433,61.48771721783243,49.6928293566628,49.58532986295357,61.71804664005154,63.32537112454315,64.15075098782312,788.2036151230196,788.2036151230196,788.2036151230196,788.2036151230196,788.2036151230196,788.2036151230196,788.2036151230196,788.2036151230196,788.2036151230196,-112.16717807695551,-108.81211236116835,-121.32211689263801,-121.28232610506143,-124.4460683661759,-124.61273115784851,-122.96090484606012,-135.34569991842952,-142.90622118923753,-0.0,-0.0,-0.0,788.2036151230196,788.2036151230196,788.2036151230196,788.2036151230196,788.2036151230196,-0.0,-112.16717807695551,-121.32211689263801,-108.81211236116835,-121.28232610506143,-124.4460683661759,-124.61273115784851,-122.96090484606012,-135.34569991842952,-142.90622118923753,13.895208261429259,13.584459891184498,10.633979430683958,6.517845702685645,14.93461088483038,15.045147840365154,7.747805274139913,4.258679787856627,9.139757017856862,-0.0,-0.0,-0.0,-0.0,-0.0,-0.0,-0.0,-0.0,-0.0,0.8196555820786138,0.8221061323954787,0.8185860358640049,0.7532765948472606,0.7955621511134546,0.7887886010026417,0.8050860047732458,0.8037424369037821,0.8070727344345547,7.774760314825511,7.721488428384071,7.769808137410341,3.8846082336587413,9.728864795012706,9.633782847020539,4.89923676226005,5.085629455454804,8.152066616193409,3.137733292410264,5.819768340296714,-4.378408503287208,-4.997822659203738,-6.08848771085418,-6.198492312095627,-6.087338159739502,-16.109502186911183,-21.120822558976474
155.0,155.0,36.370805626059465,41.10247262510849,34.339300109717364,36.70132995900248,41.6514554505292,40.55021337294752,37.568906913701774,39.5495908210095,40.006571188685086,81.89342273072997,65.31373897524917,61.7267253524731,62.59164645482441,63.61857482221955,64.99802643053678,61.70872630376161,58.101966957683096,60.64160417280932,36.68993678467322,38.932910034638866,35.18810216183853,35.49002896815915,35.71749386738347,37.86248258146111,28.686865840191338,27.364480355702806,26.491124144987193,59.90724711693898,60.3766454070484,-4.748289595625159,61.47504950432199,49.675206088177575,49.55890101102626,61.70756695232903,63.3157244124808,64.13736944932785,787.9326426915284,787.9326426915284,787.9326426915284,787.9326426915284,787.9326426915284,787.9326426915284,787.9326426915284,787.9326426915284,787.9326426915284,-112.13189166153892,-108.76000936295586,-121.28463993410261,-121.24726614005203,-124.40612337249134,-124.57243187490799,-122.92435297750629,-135.31328517395715,-142.90824379250006,-0.0,-0.0,-0.0,787.9326426915284,787.9326426915284,787.9326426915284,787.9326426915284,787.9326426915284,-0.0,-112.13189166153892,-121.28463993410261,-108.76000936295586,-121.24726614005203,-124.40612337249134,-124.57243187490799,-122.92435297750629,-135.31328517395715,-142.90824379250006,13.905982833644355,13.592569115872891,10.62241408721399,6.543136022653636,14.936214568775528,15.04515749030742,7.765811398302171,4.296880130051984,9.130572663251629,-0.0,-0.0,-0.0,-0.0,-0.0,-0.0,-0.0,-0.0,-0.0,0.8031509415042607,0.8052664693027837,0.8020019751934637,0.7370427296991675,0.7781699508905353,0.7716872038451269,0.7875446939716987,0.7861815635149187,0.7896916488929746,7.82280122152544,7.761803970561814,7.799983304278136,3.9142569234485065,9.758712480952191,9.66113860538341,4.932765272516531,5.120230484611591,8.195570537819123,3.1355923952406246,5.830979076343503,-4.382401142542189,-4.997845027237918,-6.088513821490184,-6.198499140796249,-6.087369599474073,-16.10950929539994,-21.154646705457274
155.0,155.0,36.37041306613783,41.102796345951646,34.33561806594219,36.700741128637084,41.651475457958774,40.55035792067291,37.567659740367986,39.54815585507397,40.0046604888465,81.89594018836374,65.32229256138763,61.72122625122036,62.58932090269748,63.61681954776027,64.99594230226626,61.70438108853402,58.08205997877651,60.6318220052134,36.69011612200375,38.936586993441395,35.184375370518076,35.48534293685515,35.71402476619036,37.86183392029803,28.678280808751627,27.336616621733985,26.47680126834209,59.92454829967858,60.38909393458438,-4.754410951997019,61.49835601124388,49.69812857241029,49.602527385566106,61.727999846719435,63.337878134324555,64.15801146679209,788.4043563496969,788.4043563496969,788.4043563496969,788.4043563496969,788.4043563496969,788.4043563496969,788.4043563496969,788.4043563496969,788.4043563496969,-112.1451987174573,-108.79027486990066,-121.33728919520242,-121.25703734044495,-124.4770073141704,-124.64260577486637,-122.94824713095694,-135.30874132838673,-142.9521718927325,-0.0,-0.0,-0.0,788.4043563496969,788.4043563496969,788.4043563496969,788.4043563496969,788.4043563496969,-0.0,-112.1451987174573,-121.33728919520242,-108.79027486990066,-121.25703734044495,-124.4770073141704,-124.64260577486637,-122.94824713095694,-135.30874132838673,-142.9521718927325,13.840479926413568,13.562958539469228,10.581131653452609,6.250732532160816,14.939687674752344,15.045163056423846,7.541903931230324,3.934760477289885,8.925814667849874,-0.0,-0.0,-0.0,-0.0,-0.0,-0.0,-0.0,-0.0,-0.0,0.8512000803156706,0.8531702430170284,0.8493660161221037,0.7793048863936137,0.8232561845793425,0.8160057344395812,0.8336946803195658,0.832213873726312,0.8362693815564234,7.882344036651724,7.824308191505141,7.8557757037404725,3.94542193748139,9.816836270447503,9.709384826296528,4.986814591997288,5.1742995323579954,8.272639183224502,3.1687391654381587,5.859111758744589,-4.375517580669901,-4.9978166633317835,-6.088509401715183,-6.198499160432766,-6.0873278367504025,-16.109540058958036,-21.166902697353873
155.0,155.0,36.371864564813755,41.10318483618745,34.336607720752106,36.70581138632414,41.65125683128464,40.54956774584896,37.57158368150808,39.55011328796739,40.0094724072663,81.90001144146099,65.3355108253821,61.72187015973021,62.602347121382486,63.62543873049894,65.00255387310742,61.71995817394458,58.10579808623232,60.664945140100194,36.69170540508323,38.938962132001635,35.18572536900162,35.49980780605158,35.70921616876982,37.85655571424925,28.69955334295998,27.361664311606845,26.503667468030805,59.92070429292917,60.38854497655029,-4.76004341795918,61.49160985291092,49.693903757164605,49.59380057372811,61.717968371252624,63.32365994803067,64.14671255774161,788.4672129596556,788.4672129596556,788.4672129596556,788.4672129596556,788.4672129596556,788.4672129596556,788.4672129596556,788.4672129596556,788.4672129596556,-112.19909996520092,-108.83026741936001,-121.36392955844804,-121.35426990023947,-124.48559619137869,-124.65195818767414,-123.02585973227599,-135.41371689644802,-142.9966775073904,-0.0,-0.0,-0.0,788.4672129596556,788.4672129596556,788.4672129596556,788.4672129596556,788.4672129596556,-0.0,-112.19909996520092,-121.36392955844804,-108.83026741936001,-121.35426990023947,-124.48559619137869,-124.65195818767414,-123.02585973227599,-135.41371689644802,-142.9966775073904,13.93201810237194,13.566320791267552,10.645405953579804,6.676343154030829,14.936001123171392,15.045171018721774,7.872306499002396,4.398068362074032,9.128936509326445,-0.0,-0.0,-0.0,-0.0,-0.0,-0.0,-0.0,-0.0,-0.0,0.9306264458439499,0.9328414990703854,0.9286247469340873,0.8528139040993686,0.9022258767642904,0.8932489481012134,0.9136789512950089,0.9122410761864704,0.9166556289626583,7.953468428553928,7.889911745012896,7.928942985700822,3.991423036482498,9.876505041217332,9.759185650155743,5.057173912817456,5.2446894398532,8.367728706388741,3.1491207475904854,5.834181190404351,-4.378592501661145,-4.997830363112329,-6.08850887234696,-6.1984992672050145,-6.087368308142381,-16.109523704185868,-21.161719242526555
155.0,155.0,36.36866244242271,41.103107924620204,34.33761868603624,36.703294706953145,41.65179270133375,40.551337278850596,37.571018505062675,39.5499010976246,40.00755217257125,81.9043338462205,65.32183779286073,61.72240048685145,62.596776221513714,63.6211055351191,64.99971280172754,61.71307389047089,58.09644417381422,60.64760696742354,36.69115480290618,38.93666420893192,35.18786356711764,35.49782943132273,35.72288177035607,37.86512721822379,28.69831721264104,27.361327173297898,26.501091018971504,59.91159200043099,60.38166968339455,-4.767220685555151,61.48283309423328,49.68093105722755,49.57336234040595,61.70920033209096,63.31596150063745,64.13368552308742,788.3174157909738,788.3174157909738,788.3174157909738,788.3174157909738,788.3174157909738,788.3174157909738,788.3174157909738,788.3174157909738,788.3174157909738,-112.18740339408625,-108.81160782800806,-121.34687890550668,-121.34774340474787,-124.46337326897623,-124.6296778853026,-123.01087145730915,-135.41457339953303,-143.01810458399675,-0.0,-0.0,-0.0,788.3174157909738,788.3174157909738,788.3174157909738,788.3174157909738,788.3174157909738,-0.0,-112.18740339408625,-121.34687890550668,-108.81160782800806,-121.34774340474787,-124.46337326897623,-124.6296778853026,-123.01087145730915,-135.41457339953303,-143.01810458399675,13.941753818392302,13.597181345709602,10.654316242122414,6.752603437082398,14.936201588276523,15.04517000533808,7.907591411434069,4.5100373542533845,9.182966746308345,-0.0,-0.0,-0.0,-0.0,-0.0,-0.0,-0.0,-0.0,-0.0,1.0301639588797082,1.032401749947297,1.0275830973719113,0.943434847723253,0.9996204486094367,0.9884086757241488,1.0125051605930555,1.011065483567111,1.016153046794991,8.009511172390054,7.940534183355088,7.9844006362809665,4.03787482037774,9.925048353046927,9.808074590589149,5.124883806629338,5.3136721160780604,8.453425165167399,3.14256101420037,5.836467558193818,-4.381188000800607,-4.997841205425549,-6.088523946338339,-6.198502268578248,-6.087377061470736,-16.10954312102909,-21.186617285875936
155.0,155.0,36.36851203441803,41.10314419866673,34.3351638196734,36.70222774451869,41.65195338538675,40.5514481699084,37.56872245781782,39.54950514437817,40.00603765477104,81.90914412145763,65.31491243939757,61.71821496941486,62.59324563291781,63.61952447613947,64.99690140275541,61.70502784402748,58.09039969680797,60.642002702708574,36.692082832278906,38.934457937360136,35.187017286842035,35.491490574007194,35.719003458115175,37.864156142209126,28.684656482625247,27.347608180720087,26.49217813585484,59.93904793306584,60.4060171371237,-4.777337204215493,61.51662851729353,49.71545396200863,49.63775395638063,61.7387456506449,63.34602846562321,64.16138255920896,789.0196369528254,789.0196369528254,789.0196369528254,789.0196369528254,789.0196369528254,789.0196369528254,789.0196369528254,789.0196369528254,789.0196369528254,-112.24625554374781,-108.8968441035179,-121.43574905573506,-121.3975003082838,-124.56831955540649,-124.73413448442497,-123.07347853546355,-135.4540738366594,-143.10433290206473,-0.0,-0.0,-0.0,789.0196369528254,789.0196369528254,789.0196369528254,789.0196369528254,789.0196369528254,-0.0,-112.24625554374781,-121.43574905573506,-108.8968441035179,-121.3975003082838,-124.56831955540649,-124.73413448442497,-123.07347853546355,-135.4540738366594,-143.10433290206473,13.876031069560803,13.570177324459603,10.621309609501651,6.4878737617785935,14.938623108332092,15.04516059106116,7.705279050937269,4.195090519445896,9.041448576410152,-0.0,-0.0,-0.0,-0.0,-0.0,-0.0,-0.0,-0.0,-0.0,1.1390387473514694,1.141011901852623,1.1354465238388314,1.04163521357018,1.1053047768982744,1.091544092672594,1.1199680754622472,1.11859277941607,1.1245465242684236,8.095502156991008,8.026947640093779,8.075444365966705,4.08939726731818,10.004408494143135,9.878818249292529,5.213530205210051,5.402016353750639,8.574151505945393,3.1670661601193983,5.847832623896704,-4.374474079476138,-4.997799128126716,-6.088510996803129,-6.1984986186366555,-6.08730791453059,-16.10958553152318,-21.195014529172635
155.0,155.0,36.37288442620434,41.10366110931388,34.339370471294245,36.706199798004626,41.6518112548102,40.55068971162258,37.57204144900892,39.55151920920545,40.01148739526173,81.91573325972688,65.32762485480193,61.724416650301805,62.60388015661354,63.62759570230384,65.00318498579281,61.71703679156462,58.11284811617483,60.68226916453296,36.69514848055268,38.936989208954536,35.19207298572743,35.50190073767775,35.71292622768343,37.85872210095654,28.702010007564187,27.36958321152803,26.52509218259627,59.94507208770297,60.41510172700855,-4.787571309475037,61.52138289534834,49.72382896542279,49.64842109671265,61.738101964919196,63.33983633782687,64.15688803951402,789.3274932715426,789.3274932715426,789.3274932715426,789.3274932715426,789.3274932715426,789.3274932715426,789.3274932715426,789.3274932715426,789.3274932715426,-112.350971603494,-108.98762597276067,-121.50395492844551,-121.53484037583388,-124.61323249513498,-124.77992560238059,-123.18564342182148,-135.60128879914245,-143.18981495922495,-0.0,-0.0,-0.0,789.3274932715426,789.3274932715426,789.3274932715426,789.3274932715426,789.3274932715426,-0.0,-112.350971603494,-121.50395492844551,-108.98762597276067,-121.53484037583388,-124.61323249513498,-124.77992560238059,-123.18564342182148,-135.60128879914245,-143.18981495922495,13.966755013359553,13.590716145549305,10.690945625168238,6.931266504691774,14.93440655560278,15.04515271231304,8.026673034330935,4.6864460275575714,9.310882160319915,-0.0,-0.0,-0.0,-0.0,-0.0,-0.0,-0.0,-0.0,-0.0,1.303172718113974,1.3055114371641623,1.2990873181979328,1.1929336694933224,1.2689109716278872,1.2506483908619834,1.2854257736126706,1.2841317614665926,1.2911708553829033,8.202582621670894,8.128910654102238,8.19055645188387,4.156422279674302,10.088495064901263,9.954781618240832,5.3205958604929595,5.506273869911134,8.716408315184902,3.136330958957802,5.813914006389936,-4.380617308949315,-4.997805224394675,-6.088500531851136,-6.198495288893159,-6.087322054305473,-16.109571249834882,-21.182826263356993
155.0,155.0,36.367857958097964,41.10316415906932,34.33512660918937,36.70266820745875,41.65234584589519,40.550968743799416,37.57192195577942,39.55259872431893,40.011060011606986,81.91169239592242,65.3121842235148,61.72092698743098,62.59506197202364,63.62251939185864,64.99730177485978,61.710126884548266,58.128743016877934,60.682644308549726,36.692462144256154,38.93294989967197,35.18853424486813,35.49508134406028,35.71929591501381,37.861647393388964,28.70250182784111,27.382871136088184,26.530558795273407,59.963105303904804,60.434886526397435,-4.777506081037063,61.53835469527825,49.73999423745009,49.68497257747813,61.75443698519083,63.353752417034265,64.16965181966115,789.6443206478881,789.6443206478881,789.6443206478881,789.6443206478881,789.6443206478881,789.6443206478881,789.6443206478881,789.6443206478881,789.6443206478881,-112.42393594225737,-109.05680237232276,-121.5613531036576,-121.59817784532173,-124.66021548347652,-124.82705180883562,-123.24238396623151,-135.67250319021497,-143.2711319702257,-0.0,-0.0,-0.0,789.6443206478881,789.6443206478881,789.6443206478881,789.6443206478881,789.6443206478881,-0.0,-112.42393594225737,-121.5613531036576,-109.05680237232276,-121.59817784532173,-124.66021548347652,-124.82705180883562,-123.24238396623151,-135.67250319021497,-143.2711319702257,13.975206311478512,13.634327773232872,10.716238894306057,7.009724069423886,14.933689755216667,15.045132548643526,8.073411039107938,4.803005333140087,9.44131628683326,-0.0,-0.0,-0.0,-0.0,-0.0,-0.0,-0.0,-0.0,-0.0,1.1411760392457775,1.14288136891735,1.1372778243974238,1.0439810493691188,1.1063457214254813,1.0941923080552718,1.111890811180369,1.11428100887335,1.1207961038155165,8.288895361034912,8.210853946746955,8.281974489245622,4.217722153344742,10.150185291160094,10.02834507985809,5.41616032310232,5.599484503147202,8.84041538108512,3.1179095950288116,5.803057408610439,-4.384475435655886,-4.99781200659917,-6.088500013184556,-6.198494313561254,-6.087291617809017,-16.109586530204144,-21.1883770334518
155.0,155.0,36.366081984139335,41.10192044817808,34.31640167326858,36.69996663040315,41.65292474888192,40.54760704719033,37.570140208938696,39.54992278512186,40.005899137287734,81.88350247462779,65.3034685363015,61.7085165858487,62.58552530783409,63.619315568435916,64.98988601417955,61.7020644676536,58.10868623844332,60.65649231567799,36.687289968382736,38.92607645269424,35.16748069527887,35.4806182643389,35.70673972437056,37.84936295290717,28.685224973138318,27.338551758142284,26.49173738420727,60.034192835448586,60.50560505969333,-4.741415280084188,61.61110687890151,49.8157395860813,49.88659695847159,61.82976757130881,63.42318284932293,64.24457577753476,790.9807561516755,790.9807561516755,790.9807561516755,790.9807561516755,790.9807561516755,790.9807561516755,790.9807561516755,790.9807561516755,790.9807561516755,-112.59049667700127,-109.23990207881972,-121.75239964548534,-121.737703027463,-124.8594684597334,-125.02584614044845,-123.39097868364459,-135.7764603897582,-143.41628147523167,-0.0,-0.0,-0.0,790.9807561516755,790.9807561516755,790.9807561516755,790.9807561516755,790.9807561516755,-0.0,-112.59049667700127,-121.75239964548534,-109.23990207881972,-121.737703027463,-124.8594684597334,-125.02584614044845,-123.39097868364459,-135.7764603897582,-143.41628147523167,13.905580904973965,13.60821177687532,10.722420422255675,6.7229007703300585,14.936059329922136,15.045099063447013,7.830867962099343,4.343455044678793,9.274846931285602,-0.0,-0.0,-0.0,-0.0,-0.0,-0.0,-0.0,-0.0,-0.0,0.5298025465970414,0.5303263966009185,0.5284908715155913,0.4818684513369001,0.5041205010790516,0.5040250878836592,0.5000575619073743,0.5033459614160148,0.5063435785234857,8.403454836721147,8.322686301326407,8.407866846674283,4.276279656162784,10.230788597989669,10.119674474051607,5.510781695935872,5.696920017120181,8.983303173628727,3.1315799300883738,5.811647385797837,-4.377562499028537,-4.997756777089229,-6.088464793615143,-6.198487732816922,-6.087181499209784,-16.109600255817426,-21.173621860551403
155.0,155.0,36.36946608889462,41.101853187727365,34.31424864417842,36.70161793908947,41.653538353912225,40.54440276318181,37.56936769943548,39.55001778129705,40.00945177759413,81.87571728773224,65.32264940994877,61.722381948269685,62.58868224358799,63.62077723860997,64.99261758314685,61.70436674817394,58.109566113238834,60.69592587506648,36.68639960077991,38.92617437897299,35.16284194588409,35.482871425952524,35.689730017565076,37.83466737654693,28.678766960847152,27.333530907749576,26.513365823953013,60.039702843596984,60.513771569142435,-4.730633310919489,61.61857243345963,49.80179052247165,49.883817452911124,61.8359130346754,63.42467277018287,64.24353048644599,791.2586294328944,791.2586294328944,791.2586294328944,791.2586294328944,791.2586294328944,791.2586294328944,791.2586294328944,791.2586294328944,791.2586294328944,-112.71187904721239,-109.36888518284884,-121.81341033286817,-121.88465458594304,-124.89973399106354,-125.0671647036935,-123.42843051906571,-135.8793328521436,-143.52758364694225,-0.0,-0.0,-0.0,791.2586294328944,791.2586294328944,791.2586294328944,791.2586294328944,791.2586294328944,-0.0,-112.71187904721239,-121.81341033286817,-109.36888518284884,-121.88465458594304,-124.89973399106354,-125.0671647036935,-123.42843051906571,-135.8793328521436,-143.52758364694225,14.002218974581181,13.674958212809349,10.805208077697486,7.234221353150321,14.930989490080746,15.04505369784493,7.81205433137213,4.641609777660756,9.745139890689924,-0.0,-0.0,-0.0,-0.0,-0.0,-0.0,-0.0,-0.0,-0.0,0.3751880249631427,0.37566285644675124,0.37466214235756545,0.33911471066340865,0.3557487805065006,0.3552976131860618,0.3511435120132583,0.35354716419263743,0.356334324063651,8.541302563750046,8.44737150821967,8.552972056167604,4.341170296535028,10.335118628527548,10.221552235453025,5.6375728792416275,5.824384441707414,9.159108692895133,3.08562178368465,5.750155502664806,-4.37953788188546,-4.9978000628356005,-6.08844596303072,-6.19848096095439,-6.087180719297494,-16.109587976557194,-21.15287950050317
155.0,155.0,36.3672088701165,41.101694557719256,34.30916226139579,36.69663555056258,41.65488582879815,40.54370225465736,37.565989993513256,39.5493522719518,40.00840624012346,81.87315811337827,65.31524472032308,61.72239496105423,62.578826894846095,63.61674422286598,64.98720826101976,61.694402743430956,58.10491951204623,60.706501268044704,36.68515865440535,38.92171276913048,35.166907471019094,35.474420438156635,35.696339912708844,37.833233259502656,28.665229772715378,27.32909566952488,26.52398119979264,60.04482341042097,60.52519798569147,-4.7302801763625055,61.623000296249444,49.78730244879604,49.87658617777087,61.83854291181459,63.42626650115039,64.23949364546705,791.369814486573,791.369814486573,791.369814486573,791.369814486573,791.369814486573,791.369814486573,791.369814486573,791.369814486573,791.369814486573,-112.76715185939482,-109.40908238632905,-121.82622396108336,-121.87994159550017,-124.91617597570097,-125.08369357410825,-123.45763234962492,-135.9160394333739,-143.5940391919815,-0.0,-0.0,-0.0,791.369814486573,791.369814486573,791.369814486573,791.369814486573,791.369814486573,-0.0,-112.76715185939482,-121.82622396108336,-109.40908238632905,-121.87994159550017,-124.91617597570097,-125.08369357410825,-123.45763234962492,-135.9160394333739,-143.5940391919815,13.981543971108085,13.58838553866138,10.780409348098209,7.130979870873269,14.930552638566327,15.045013345613452,7.873659935108545,4.739309366424869,9.873705780809303,-0.0,-0.0,-0.0,-0.0,-0.0,-0.0,-0.0,-0.0,-0.0,0.32933834932798567,0.3297128401776157,0.32874478973277654,0.3121034951792506,0.32615978809983587,0.32601668358538244,0.32099637978377954,0.32385560374377215,0.3271100469075523,8.638469360132136,8.534415922286014,8.64550570039427,4.425102201940734,10.43953259281014,10.331872649885288,5.777902934457444,5.967967731992254,9.331287595899363,3.052736654829366,5.7155836140855705,-4.380603262092995,-4.997846241369983,-6.088439951236847,-6.198478797070212,-6.087137740546668,-16.10958585628742,-21.17075490200592
155.0,155.0,36.36769217552445,41.10192261960747,34.30835274107726,36.696208557766084,41.65579143298721,40.54324792966023,37.56493148093136,39.54891952078638,40.00288246336805,81.87286568989674,65.31556368817697,61.72438329855709,62.580109945915154,63.61744927507484,64.98529571608518,61.69583299143518,58.10743429316782,60.67698095180706,36.685768101120736,38.91974783805816,35.17418622941379,35.47073144067644,35.69333400526226,37.83223881533261,28.660436435967686,27.318586240640652,26.489512125569558,60.04367511577155,60.52378836085455,-4.728747567394277,61.62896271562886,49.77791759201798,49.87044282317987,61.83569688779937,63.42514806319116,64.23934671379729,791.604433745533,791.604433745533,791.604433745533,791.604433745533,791.604433745533,791.604433745533,791.604433745533,791.604433745533,791.604433745533,-112.73894534004279,-109.41468975793326,-121.81775907847764,-121.89290088393422,-124.95183822025471,-125.11858177085149,-123.47798698163632,-135.899540318083,-143.54498994641708,-0.0,-0.0,-0.0,791.604433745533,791.604433745533,791.604433745533,791.604433745533,791.604433745533,-0.0,-112.73894534004279,-121.81775907847764,-109.41468975793326,-121.89290088393422,-124.95183822025471,-125.11858177085149,-123.47798698163632,-135.899540318083,-143.54498994641708,13.881014561955347,13.524015991666008,10.577686065033072,7.024891381649811,14.934397158683852,15.04497134356835,7.803773769914463,4.490177364443866,9.482931817895372,-0.0,-0.0,-0.0,-0.0,-0.0,-0.0,-0.0,-0.0,-0.0,0.3034902719887206,0.30374049710893164,0.3027754045057669,0.29858545888355525,0.31085495015374504,0.3110527302701242,0.3059076772100997,0.3089594615059872,0.3123109401859901,8.769850022769733,8.671397545721248,8.808644462214453,4.52871950951271,10.59757690025215,10.486840485469704,5.959687435343739,6.152004839007005,9.53084152088904,3.0851279714487863,5.728908328607691,-4.379443520874702,-4.997814255761751,-6.0884141890476435,-6.19847467325375,-6.087045839733406,-16.109608796435527,-21.1682470872309
155.0,155.0,36.368258972944744,41.10242121254588,34.30543504095768,36.69911334586355,41.655788022780236,40.54169391671161,37.56585826126304,39.55007303801698,40.00537660278589,81.87340000016583,65.33172078927043,61.72171389169923,62.58815541786744,63.621007869817724,64.98916558693784,61.699954486635,58.11764578332074,60.69699368583758,36.68658453834361,38.92257109853182,35.17470152203332,35.47688329510124,35.68229155896322,37.82273895585624,28.66227283586526,27.33028756227718,26.501151894998017,60.052063141054724,60.531154317013154,-4.731193200920505,61.633172883716526,49.771775541018535,49.88014353182863,61.83534593761596,63.41759398908781,64.23520911166074,791.9597804338101,791.9597804338101,791.9597804338101,791.9597804338101,791.9597804338101,791.9597804338101,791.9597804338101,791.9597804338101,791.9597804338101,-112.89208036660295,-109.53336489429594,-121.89732273057652,-122.03970899351897,-125.00368228820366,-125.17144516655037,-123.59147616260448,-136.06274950721252,-143.7140965820328,-0.0,-0.0,-0.0,791.9597804338101,791.9597804338101,791.9597804338101,791.9597804338101,791.9597804338101,-0.0,-112.89208036660295,-121.89732273057652,-109.53336489429594,-122.03970899351897,-125.00368228820366,-125.17144516655037,-123.59147616260448,-136.06274950721252,-143.7140965820328,13.970468234006496,13.568928566761274,10.682841558666153,7.479805595340308,14.929513494880647,15.044997755726609,8.09716154203551,5.024764240896931,10.121318416281149,-0.0,-0.0,-0.0,-0.0,-0.0,-0.0,-0.0,-0.0,-0.0,0.310994201597679,0.31111387545149044,0.30990851710767087,0.3089436130755524,0.32116341887450917,0.32163564611319,0.31588399742003237,0.31934539328551304,0.3228021929383697,8.943261456734323,8.856258146469097,9.012241635580526,4.668681838425005,10.79036113367728,10.679755096683296,6.183775772132221,6.3745235854145,9.760655943658474,3.0225664416996545,5.681839421422979,-4.383262153629701,-4.997839314623246,-6.088406875039735,-6.198471703500757,-6.087091511872207,-16.109598122525362,-21.15635887869171
155.0,155.0,36.36361882431523,41.10244758320353,34.31015679744411,36.69647799619993,41.65648607779896,40.54324242017443,37.56551917381485,39.549880539333316,40.003462756431944,81.87745144241381,65.3199541798829,61.72879184876699,62.582049721240615,63.620652533832356,64.98756291075112,61.69479294379201,58.111510247149646,60.684490232517774,36.686325712789056,38.92070838947691,35.18170797499836,35.47520169013306,35.69873060328717,37.82956386395953,28.665137236257642,27.333473579474926,26.50172882731113,60.04446316379968,60.52563900738404,-4.734181121706305,61.62487391187113,49.75461871431404,49.85899115380732,61.8197805927605,63.40265094780529,64.21939004697717,791.9954788492552,791.9954788492552,791.9954788492552,791.9954788492552,791.9954788492552,791.9954788492552,791.9954788492552,791.9954788492552,791.9954788492552,-112.93874903875644,-109.55927364001306,-121.91740522408021,-122.09558892792906,-125.0091677305609,-125.17675939747267,-123.63180452160371,-136.13071593341235,-143.78013495276895,-0.0,-0.0,-0.0,791.9954788492552,791.9954788492552,791.9954788492552,791.9954788492552,791.9954788492552,-0.0,-112.93874903875644,-121.91740522408021,-109.55927364001306,-122.09558892792906,-125.0091677305609,-125.17675939747267,-123.63180452160371,-136.13071593341235,-143.78013495276895,14.013653350178675,13.609038026559068,10.723084370834357,7.724734194720658,14.930311449272773,15.045006651718008,8.266785571542064,5.328213485186411,10.260375674538011,-0.0,-0.0,-0.0,-0.0,-0.0,-0.0,-0.0,-0.0,-0.0,0.3876397225509638,0.38784028481829225,0.3861572769539093,0.3886440314472286,0.4034643303329376,0.4049142187307798,0.3956289183837449,0.400829598062814,0.4050386207402902,9.11834699979114,9.031170242630752,9.213467372544555,4.822524105144777,10.995566688677998,10.889869078221395,6.435813186588692,6.624175274845779,9.990510978794855,2.997755635915934,5.671585160084644,-4.388205620634913,-4.9978437351557226,-6.088414651858295,-6.198473120296493,-6.087091703149252,-16.109606640538527,-21.180846681389696
155.0,155.0,36.366733570853,41.10293583189074,34.31813570197907,36.69759449168408,41.656837120739354,40.5447143802683,37.566804225372096,39.55033179194181,40.001933942431464,81.88499432629145,65.32324344868263,61.73820695313144,62.58441572668773,63.62359365656806,64.98878425790824,61.70071188855166,58.119400827292274,60.67951444366625,36.68938043563982,38.92316776185484,35.190331410570145,35.477503560306666,35.70209118941781,37.835930157543274,28.67436421299718,27.33455987959524,26.49689062883619,60.04210514861417,60.5243111103758,-4.739249835003179,61.63036593857484,49.749864606477146,49.865361670515945,61.80973202970333,63.394989614799655,64.22170851362915,792.426154207115,792.426154207115,792.426154207115,792.426154207115,792.426154207115,792.426154207115,792.426154207115,792.426154207115,792.426154207115,-112.9268747168761,-109.619688365825,-121.97582785912253,-122.17789824030125,-125.07371155743172,-125.24081183124957,-123.70585511241796,-136.19648265913682,-143.85313076774457,-0.0,-0.0,-0.0,792.426154207115,792.426154207115,792.426154207115,792.426154207115,792.426154207115,-0.0,-112.9268747168761,-121.97582785912253,-109.619688365825,-122.17789824030125,-125.07371155743172,-125.24081183124957,-123.70585511241796,-136.19648265913682,-143.85313076774457,13.994018601597872,13.632320226071037,10.68914207324301,7.813297988867162,14.932744295236567,15.04493827036677,8.315547706343695,5.336224424036735,9.901251490264583,-0.0,-0.0,-0.0,-0.0,-0.0,-0.0,-0.0,-0.0,-0.0,0.517667838118156,0.5179558919527096,0.5152524031728573,0.5219677310175208,0.5411603083411344,0.5445147413847247,0.5273600291671416,0.536083740371591,0.5417657527319294,9.3408255655914,9.259678165141919,9.491129811272053,5.013415987367475,11.315186334334705,11.197497298061391,6.767272068453267,6.945467746372009,10.259702977844004,3.0527327369757815,5.678627432238051,-4.389247171622123,-4.997811759076231,-6.088394591880915,-6.19847215307736,-6.087027624826867,-16.10964114170253,-21.24437197095173
155.0,155.0,36.370263973571056,41.103781818277405,34.315583074152165,36.70163993360829,41.657022432207675,40.544613865929726,37.570368034656376,39.55234909045264,40.006505539985355,81.9010033968559,65.33490339673654,61.732315019221936,62.59381524365806,63.63015188590252,64.99482157777189,61.71044437915523,58.13211869219648,60.71091704474086,36.69355478852444,38.92573879428322,35.1940758825861,35.48847510624951,35.697386224032435,37.830837899643,28.690683920192246,27.356876763284998,26.526474671489606,60.05144219867489,60.53178970082517,-4.768518175009762,61.630565367589305,49.73282241053659,49.851453464343344,61.79568089380828,63.37593192574,64.21707729830976,792.9997637402633,792.9997637402633,792.9997637402633,792.9997637402633,792.9997637402633,792.9997637402633,792.9997637402633,792.9997637402633,792.9997637402633,-113.13558273995636,-109.7814651524538,-122.09938840468536,-122.38015574179207,-125.15832264592699,-125.32615556413678,-123.86790338607611,-136.42710317137588,-144.1246685572903,-0.0,-0.0,-0.0,792.9997637402633,792.9997637402633,792.9997637402633,792.9997637402633,792.9997637402633,-0.0,-113.13558273995636,-122.09938840468536,-109.7814651524538,-122.38015574179207,-125.15832264592699,-125.32615556413678,-123.86790338607611,-136.42710317137588,-144.1246685572903,14.10991727885523,13.69056040572782,10.875352494269386,8.3795142715278,14.929254485265275,15.04500779960317,8.686721766372125,6.040053589233931,10.582205002108976,-0.0,-0.0,-0.0,-0.0,-0.0,-0.0,-0.0,-0.0,-0.0,0.869056355500378,0.8692709353124344,0.8643937290842053,0.8807470932593059,0.9121968825065977,0.9212264500988387,0.8764276828975748,0.895651725200849,0.9057035781675291,9.604742970759222,9.515133071985513,9.80371481377996,5.287098015426601,11.777069579414617,11.646197861226627,7.217939073090397,7.389197262024624,10.581723291664012,2.9766774672987193,5.624997675978643,-4.389085014098421,-4.997839022543315,-6.088395086875082,-6.198471001084739,-6.087097506722808,-16.10963314776888,-21.279267138272505
155.0,155.0,36.37400085939986,41.10557769726885,34.33132201103969,36.704643843228034,41.659208432787054,40.54976393905592,37.57563851366657,39.555037873482895,40.00822575393687,81.9540885396865,65.3299631539102,61.747340709074194,62.60012178281081,63.64043594680912,65.00225532508925,61.71808357116722,58.142833492729544,60.72217056367614,36.70250267013862,38.92815980574235,35.21810956478991,35.50844804752349,35.72851880796674,37.85001878448514,28.721426898692123,27.39167334209834,26.565031123634206,60.09381103482605,60.57845058729073,-4.885355641163818,61.65525457314876,49.74104720893417,49.85120569493839,61.79970716796371,63.37660972679797,64.24073634928058,794.3769108858475,794.3769108858475,794.3769108858475,794.3769108858475,794.3769108858475,794.3769108858475,794.3769108858475,794.3769108858475,794.3769108858475,-113.3904335828364,-110.03677440246275,-122.33943018414865,-122.69990711861603,-125.36347043369062,-125.53102717415562,-124.14150662388573,-136.760256205195,-144.51061701683662,-0.0,-0.0,-0.0,794.3769108858475,794.3769108858475,794.3769108858475,794.3769108858475,794.3769108858475,-0.0,-113.3904335828364,-122.33943018414865,-110.03677440246275,-122.69990711861603,-125.36347043369062,-125.53102717415562,-124.14150662388573,-136.760256205195,-144.51061701683662,14.188189872712027,13.763063174747485,11.026158182188091,8.935949278906731,14.930487021117871,15.045014936205325,9.019566606884963,6.661391005901642,10.785076425854509,-0.0,-0.0,-0.0,-0.0,-0.0,-0.0,-0.0,-0.0,-0.0,2.476434115985847,2.476702254398815,2.469464333369746,2.527964809777749,2.6207255007151127,2.6533828561514308,2.467429780296856,2.5355315203335818,2.564146751333324,9.896600703264276,9.788829651073788,10.147617848906,5.717269872569261,12.50348122820829,12.372355349198411,7.8736202328370855,8.04423643270782,10.952871553910152,2.950809000857875,5.595465528210477,-4.392176871077843,-4.997849357558796,-6.088415869127486,-6.198474038342668,-6.087115733334488,-16.109645820857647,-21.385721577471962
155.0,155.0,36.40221359500333,41.114103482360115,34.39242164573676,36.73132705725493,41.667427013570325,40.564273874679174,37.60088606685663,39.568019264363116,40.01523253902859,82.03051518049989,65.38024839605426,61.80674407411138,62.66147585097958,63.70102033055146,65.04373286187936,61.77928981493564,58.212455693718915,60.7547996287813,36.74059756822315,38.952465469355495,35.30701848107653,35.60452834056926,35.79990040943706,37.89161091791113,28.838395128265716,27.51085352215633,26.67128586934462,60.37369899882997,60.8569490891159,-5.480893387456532,61.872726254547025,49.955249465628455,50.066114436742374,61.9866805513331,63.54050807831602,64.46041900966188,801.4684713332467,801.4684713332467,801.4684713332467,801.4684713332467,801.4684713332467,801.4684713332467,801.4684713332467,801.4684713332467,801.4684713332467,-114.42104534808998,-111.17434055401705,-123.44063501107968,-123.94453748499251,-126.41905540624826,-126.5859623911317,-125.3004518251726,-138.02083028868321,-145.84791092210284,-0.0,-0.0,-0.0,801.4684713332467,801.4684713332467,801.4684713332467,801.4684713332467,801.4684713332467,-0.0,-114.42104534808998,-123.44063501107968,-111.17434055401705,-123.94453748499251,-126.41905540624826,-126.5859623911317,-125.3004518251726,-138.02083028868321,-145.84791092210284,14.283647197695082,13.880053874519593,11.24812283744768,9.854914626531153,14.93362508948506,15.044942426699327,9.523636594521271,7.657222705753378,10.900134016549544,-0.0,-0.0,-0.0,-0.0,-0.0,-0.0,-0.0,-0.0,-0.0,10.363801967873776,10.366312426181887,10.494885078458953,10.760242378410984,11.3404853925806,11.31340667750633,10.449219125010702,10.793495873638076,10.864196621443153,10.363106654382246,10.24083340184972,10.713594974317,6.72406356734758,14.382162592385587,14.23114060673145,9.072323426069719,9.218162334611637,11.507888161740171,2.9844919640907395,5.546795538636463,-4.392507527002451,-4.997824514227509,-6.088406362572778,-6.1984745067324765,-6.08706547607674,-16.10967852829577,-21.58348028656661
155.0,155.0,36.427108563450695,41.12216885650231,34.448266030958,36.76380228731211,41.67610177136035,40.57908469151993,37.62918401236044,39.583215357457334,40.02774854140672,82.10624618827336,65.43422829617565,61.86222314746373,62.73633608197329,63.770868294546915,65.09685709998493,61.8470392546105,58.29372635144454,60.81804081158814,36.77137841600731,38.970261565282,35.38743800809645,35.71024394133934,35.86796185032602,37.92976057937794,28.95263345052832,27.647114851005178,26.799678558283677,60.85580042885374,61.33687042085496,-6.148950762175485,62.02044802012976,50.20426052350998,50.259539463765904,62.307849496621394,63.82911792929314,64.86255468116799,812.0730823438222,812.0730823438222,812.0730823438222,812.0730823438222,812.0730823438222,812.0730823438222,812.0730823438222,812.0730823438222,812.0730823438222,-116.19377095098945,-112.95354759888914,-125.10540818437858,-125.7542238351271,-127.99597570874424,-128.16353334014437,-127.03194418370053,-139.8793082500291,-147.88803430859767,-0.0,-0.0,-0.0,812.0730823438222,812.0730823438222,812.0730823438222,812.0730823438222,812.0730823438222,-0.0,-116.19377095098945,-125.10540818437858,-112.95354759888914,-125.7542238351271,-127.99597570874424,-128.16353334014437,-127.03194418370053,-139.8793082500291,-147.88803430859767,14.52299622950251,14.054211748210928,11.650001200898568,10.979167473207395,14.930490015522757,15.04501600305387,10.268746495587564,9.01805216235744,11.74268794556695,-0.0,-0.0,-0.0,-0.0,-0.0,-0.0,-0.0,-0.0,-0.0,18.82298312869703,18.82822850099648,19.39410730888159,19.888050039083865,21.048033464068283,20.91584246124669,19.305481539111852,19.9114839079903,19.730791788461264,10.817217028471326,10.669368432684696,11.26053166050968,10.623783550564925,18.13104896286118,18.49687294775096,10.844523445235364,10.9732043745742,12.019092849255884,2.8730227830740813,5.4088573521443655,-4.395760055184174,-4.997853271577613,-6.088415585468998,-6.198474740347071,-6.087153221053768,-16.109670732337054,-21.804210355074062
155.0,155.0,36.437918799052824,41.12649443828502,34.48736469083337,36.77946273617513,41.680386526659085,40.58814930271563,37.6449537285774,39.5920341832858,40.03259007659165,82.16639556508628,65.45230960724022,61.90125773157673,62.77244118780042,63.804947173522116,65.12174741836544,61.87913943818673,58.34243820563591,60.83239995400249,36.78575030076721,38.97850665548491,35.436876788146535,35.7669976049065,35.917236724313625,37.956853753609515,29.01469377996037,27.73499518671059,26.865345729337047,61.08578353742014,61.570519522802236,-6.5687459818332075,62.00458699594312,50.46570187875708,50.5194710317529,62.40842439816601,63.901721748851436,65.05640204236822,817.407753182647,817.407753182647,817.407753182647,817.407753182647,817.407753182647,817.407753182647,817.407753182647,817.407753182647,817.407753182647,-117.09192485044507,-113.90240033150339,-125.96594171250605,-126.6810627479941,-128.79004599647945,-128.9571337521252,-127.9341779648747,-140.85314686938833,-149.17252420761997,-0.0,-0.0,-0.0,817.407753182647,817.407753182647,817.407753182647,817.407753182647,817.407753182647,-0.0,-117.09192485044507,-125.96594171250605,-113.90240033150339,-126.6810627479941,-128.79004599647945,-128.9571337521252,-127.9341779648747,-140.85314686938833,-149.17252420761997,14.687879946777747,14.201410986424252,11.939736680054995,11.624543319010467,14.932657813719038,15.045023913220689,10.794696123840447,9.891060945250382,12.123664773094186,-0.0,-0.0,-0.0,-0.0,-0.0,-0.0,-0.0,-0.0,-0.0,24.142246562783253,24.12731816246007,25.01887557328685,25.656016997053435,27.20665126765087,26.983902577609484,24.910714739000962,25.6595934552089,25.251849876738653,11.123704089246822,10.961843976811544,11.64431994204409,13.525830960593597,18.771434111462657,19.052944696276043,12.334424735553146,12.59385344349013,12.371916100793541,2.8190904859408428,5.3049053811468845,-4.401210792328835,-4.99786369728199,-6.0884387782681895,-6.198479591614459,-6.0872014912663275,-16.109686243446912,-22.119478089255903
155.0,155.0,36.49046151023744,41.14555200537855,34.635826051652295,36.857908416442534,41.696704855111534,40.61810551751496,37.718873403217586,39.63357798220439,40.06314982001718,82.3571793922396,65.58499952272109,62.06978752477757,62.952672095425164,63.97293197622603,65.23880172196293,62.0596198302109,58.5829394996827,60.9861818382412,36.81135732313716,38.990120688613885,35.606765957838796,35.96640281330319,36.02720558823068,38.00998901927637,29.22325173718368,28.025301940179784,27.170999188976282,63.005953545707065,63.486910632647344,-9.120767776952457,63.75470022008002,52.86708493794117,52.883935578524664,64.13534152922017,65.53014322704183,66.73956243845986,857.9639373009959,857.9639373009959,857.9639373009959,857.9639373009959,857.9639373009959,857.9639373009959,857.9639373009959,857.9639373009959,857.9639373009959,-123.26603803982469,-120.23516378053854,-132.10804358494076,-132.90887333727906,-134.8243129011218,-134.9903304713766,-134.1829561426298,-147.21138557207829,-156.53069134866695,-0.0,-0.0,-0.0,857.9639373009959,857.9639373009959,857.9639373009959,857.9639373009959,857.9639373009959,-0.0,-123.26603803982469,-132.10804358494076,-120.23516378053854,-132.90887333727906,-134.8243129011218,-134.9903304713766,-134.1829561426298,-147.21138557207829,-156.53069134866695,15.102745899199297,14.559604350932682,12.44508997243164,12.567512552671626,14.937852943521678,15.045043993912353,11.839045148238913,11.465152713143505,13.380078468086834,-0.0,-0.0,-0.0,-0.0,-0.0,-0.0,-0.0,-0.0,-0.0,55.87739145406023,55.569879453833295,58.485802736036426,59.978172066670794,63.8212923259144,63.091850044358615,58.277654089395774,59.755798971829364,57.58723686162663,11.789284378229125,11.607193093523676,12.412653905138995,15.099408482716214,19.802252023617733,20.011765252985825,13.494351394010847,13.726395980665979,13.087508000454443,2.7768167174694773,5.117077850859987,-4.404717906262743,-4.997827171269619,-6.088442413780329,-6.198481822592753,-6.08719442040558,-16.10975506561316,-22.934399433879275
155.0,155.0,36.49713919909223,41.14626469792849,34.64075326619524,36.864356930159154,41.69594913955544,40.61875773309543,37.729137618127744,39.637125885178484,40.06960391710841,82.3824304641566,65.59461739573227,62.06667638120351,62.96386265119919,63.98770012572794,65.24630472182696,62.089635213273965,58.601877508737964,61.00624907971539,36.8144005277926,38.99334538540976,35.6108720235898,35.97912476411709,36.02995357773183,38.010060652144105,29.254871813154814,28.05410043777575,27.200620128594046,63.36159600491882,63.8427683532461,-9.156835113903417,64.09742773944322,53.255886050940234,53.28735008138087,64.43113048844145,65.8391561491596,67.05308950786535,864.7432824429028,864.7432824429028,864.7432824429028,864.7432824429028,864.7432824429028,864.7432824429028,864.7432824429028,864.7432824429028,864.7432824429028,-124.35589985983233,-121.30160019193154,-133.12501822752643,-133.94574447517502,-135.83179152884782,-135.9988470867936,-135.20852459751512,-148.2369468232469,-157.6871433660978,-0.0,-0.0,-0.0,864.7432824429028,864.7432824429028,864.7432824429028,864.7432824429028,864.7432824429028,-0.0,-124.35589985983233,-133.12501822752643,-121.30160019193154,-133.94574447517502,-135.83179152884782,-135.9988470867936,-135.20852459751512,-148.2369468232469,-157.6871433660978,15.188458791781628,14.61023764898802,12.50111947018196,12.70490077154557,14.932752181180494,15.045101663185163,11.921073059152501,11.54785688303936,13.499465285980344,-0.0,-0.0,-0.0,-0.0,-0.0,-0.0,-0.0,-0.0,-0.0,56.358476216497436,56.04049959066339,58.98184224231349,60.48228419829388,66.58925631382198,63.623576714050074,61.68472408859939,62.49716388869606,60.089182218459875,11.94898831774383,11.729934889307575,12.609958010363968,15.36469049057301,20.037888144530918,20.16794614972533,13.794461689269989,13.980654653499302,13.261499006068522,2.728130218917848,5.077552697808799,-4.402350047285468,-4.997830519058656,-6.088463531654512,-6.198482345237031,-6.087294145268789,-16.10974251543616,-23.028694640752967
155.0,155.0,36.49542409442279,41.14591389060509,34.643568022227036,36.8616977788053,41.69547889702809,40.620966503849345,37.72394200804612,39.635950311334156,40.06817088045168,82.37232903411746,65.58345727781646,62.06743669766372,62.95669070241318,63.97652437904601,65.23975415251016,62.07364883115544,58.581031098535874,60.98953140303132,36.81614118552198,38.995707196673706,35.60903947156035,35.97244071112972,36.04179546836232,38.022608832654576,29.231364124399644,28.045669943619153,27.196950694273,63.33173041208648,63.815210458535375,-9.08622626219744,64.07144575629285,53.21088248601398,53.244521306035814,64.39312452429932,65.8267061056627,67.0294960968832,864.1800071023179,864.1800071023179,864.1800071023179,864.1800071023179,864.1800071023179,864.1800071023179,864.1800071023179,864.1800071023179,864.1800071023179,-124.24500383442277,-121.19470823131873,-133.04829907192112,-133.84424504498764,-135.74841124968034,-135.91506760628658,-135.12462790652975,-148.14631873142025,-157.5979612175037,-0.0,-0.0,-0.0,864.1800071023179,864.1800071023179,864.1800071023179,864.1800071023179,864.1800071023179,-0.0,-124.24500383442277,-133.04829907192112,-121.19470823131873,-133.84424504498764,-135.74841124968034,-135.91506760628658,-135.12462790652975,-148.14631873142025,-157.5979612175037,15.162932324077005,14.593576574260652,12.532169520637927,12.619215886120498,14.934551518125378,15.04512331904322,11.920294256565079,11.51470460730205,13.47630600357064,-0.0,-0.0,-0.0,-0.0,-0.0,-0.0,-0.0,-0.0,-0.0,55.57033420642956,55.28770074505349,58.11230261656779,59.5691495680447,65.62550934484038,62.664469087012705,62.28195917772424,61.73593886710079,59.35344678090011,12.032666621862974,11.798544029158464,12.766725910911846,15.481254799109951,20.117608592980478,20.226599544533435,13.906177878780632,14.055079248910609,13.330500352920273,2.744826863351793,5.093918047783977,-4.402858118475657,-4.997817601276835,-6.088495513222408,-6.198489691930263,-6.087338229145757,-16.109749777940227,-23.028230025493567
155.0,155.0,36.42060395021894,41.11932009625413,34.445138267845934,36.7554643464932,41.66976815162963,40.58088138405183,37.62422396014251,39.578510781677466,40.02360369927922,82.0951086152001,65.4034669137138,61.82894619697558,62.71404932601629,63.74155886502473,65.07993767725917,61.83446644523293,58.237997254725066,60.73824444530008,36.768497447927324,38.976726764044216,35.35782751573085,35.68410627507933,35.876124951090766,37.950960220042305,28.944773408458637,27.621064589786815,26.738894449755687,60.628075031774884,61.1098413014042,-5.8246134833786165,61.55432739560703,49.96447053393281,49.930243545901014,61.96215079191312,63.520354057389575,64.68285726213892,808.8351383533291,808.8351383533291,808.8351383533291,808.8351383533291,808.8351383533291,808.8351383533291,808.8351383533291,808.8351383533291,808.8351383533291,-115.62362115613155,-112.4909577208918,-124.68478269949685,-125.37471816154324,-127.5157551696071,-127.68190133073334,-126.70055096626203,-139.6245970187042,-147.8473254490959,-0.0,-0.0,-0.0,808.8351383533291,808.8351383533291,808.8351383533291,808.8351383533291,808.8351383533291,-0.0,-115.62362115613155,-124.68478269949685,-112.4909577208918,-125.37471816154324,-127.5157551696071,-127.68190133073334,-126.70055096626203,-139.6245970187042,-147.8473254490959,14.626835304166429,14.19901677893878,11.98569694805751,11.474317302389995,14.937061486539509,15.04512984797325,10.995855520686066,10.117243849871535,11.852006786159889,-0.0,-0.0,-0.0,-0.0,-0.0,-0.0,-0.0,-0.0,-0.0,15.14485151867534,15.152095225579453,15.269066976378554,15.302852575085284,16.80182040524457,16.09438661099537,17.210919008985805,17.35266768816566,17.28668894800791,11.56289587769171,11.388820705997595,12.20997836552232,14.474923051149247,19.189050350128067,19.25273617395978,12.996616012618597,13.136203451500426,12.727767687092989,2.9570736516672507,5.417850560870582,-4.389453445859028,-4.997818976643646,-6.088494743383589,-6.198493984918523,-6.087291971970107,-16.109708843570136,-22.12418594012233
155.0,155.0,36.4130519369186,41.11631904873857,34.4253278498176,36.745526069031094,41.665088647547385,40.573645793742365,37.612371514295916,39.57265443180637,40.0231759465014,82.0504345814226,65.39494510510656,61.80399752521722,62.69222342426974,63.71557998941995,65.0639861863116,61.81211445320143,58.22296797897864,60.74353581833345,36.75760684843786,38.97362139398611,35.323274419266816,35.647441871328425,35.83730797506586,37.93032625188145,28.90341887944572,27.580430741665403,26.69674202695201,60.417787075025224,60.9004491437219,-5.536046971040242,61.36235271042704,49.729495125719275,49.66955101996865,61.78629409428917,63.35635283464297,64.51804043675999,804.506621958499,804.506621958499,804.506621958499,804.506621958499,804.506621958499,804.506621958499,804.506621958499,804.506621958499,804.506621958499,-114.98648665083701,-111.79223276850642,-124.03027527280285,-124.71204774225176,-126.87118361227577,-127.03799308215596,-126.04714706978093,-138.9559941231899,-146.930851278674,-0.0,-0.0,-0.0,804.506621958499,804.506621958499,804.506621958499,804.506621958499,804.506621958499,-0.0,-114.98648665083701,-124.03027527280285,-111.79223276850642,-124.71204774225176,-126.87118361227577,-127.03799308215596,-126.04714706978093,-138.9559941231899,-146.930851278674,14.61584970296213,14.191959221783845,11.913019006849629,11.383236187439245,14.93383926618413,15.045141215899811,10.949486490768138,9.99782888231326,11.725674899040484,-0.0,-0.0,-0.0,-0.0,-0.0,-0.0,-0.0,-0.0,-0.0,11.503114382674221,11.50770730070809,11.460198011309926,10.411492348281392,11.412603527958705,10.94842596119796,11.687634047943122,11.802708094596246,11.902459032991805,11.57030461891103,11.368095261383012,12.222457475238574,14.468218578581997,19.102741604560645,19.20962747310053,12.981393588813832,13.113636938630725,12.696237373271403,2.9501533976162833,5.462264647284478,-4.39282752793232,-4.997855829300923,-6.088501827011836,-6.198497825610178,-6.087356400986888,-16.109682090330807,-21.935690891550163
155.0,155.0,36.405342902551666,41.1148438831484,34.416071384110694,36.739150005656874,41.664546833072095,40.57375048255398,37.60623785552725,39.570523816306775,40.02105559334292,82.03234347771352,65.37136983793745,61.79122736563673,62.67788780366923,63.70196923472704,65.05584109069594,61.79182055205949,58.20560807863464,60.73004421884477,36.75193544734924,38.96721278619063,35.31172654479769,35.63226115109344,35.84038526699438,37.935488595821106,28.87760925155052,27.56357058014604,26.685010408678725,60.375258932141165,60.861890060358746,-5.447128443482616,61.31901658108615,49.672399181429306,49.60857310984991,61.74885095436351,63.323046929695025,64.48155901925104,803.4845819144361,803.4845819144361,803.4845819144361,803.4845819144361,803.4845819144361,803.4845819144361,803.4845819144361,803.4845819144361,803.4845819144361,-114.82869039727942,-111.61368823217633,-123.88080907214778,-124.55731780827983,-126.71943444690014,-126.8859641583687,-125.89112762456648,-138.79978331372507,-146.75091355543918,-0.0,-0.0,-0.0,803.4845819144361,803.4845819144361,803.4845819144361,803.4845819144361,803.4845819144361,-0.0,-114.82869039727942,-123.88080907214778,-111.61368823217633,-124.55731780827983,-126.71943444690014,-126.8859641583687,-125.89112762456648,-138.79978331372507,-146.75091355543918,14.607849652459524,14.182250313420912,11.898491213698597,11.37005136249424,14.93509181263867,15.045149985381226,10.930037943585576,9.977556955183408,11.685880311831239,-0.0,-0.0,-0.0,-0.0,-0.0,-0.0,-0.0,-0.0,-0.0,10.338262095886279,10.337086572153254,10.260848295775947,9.26926970237943,10.158221302681822,9.746688748548237,10.402976352700671,10.5177628821866,10.644393234407579,11.58902065934192,11.391749979029676,12.236396912395634,14.508302232095536,19.123167235296243,19.226408464058853,13.01973924195153,13.14909134531958,12.711455796374453,2.9532924987614955,5.482660282611432,-4.397089443085912,-4.997880263941568,-6.088526479678879,-6.1985048963829135,-6.087383577801456,-16.10969291378971,-21.920638670517178
155.0,155.0,36.40449246355838,41.11494252426083,34.411718881654224,36.73773816441411,41.664442977057995,40.57370044043582,37.60618769514173,39.5700223471028,40.01917893893893,82.03300868601987,65.37087199311374,61.78355276055865,62.67365807197273,63.70039777758105,65.05288115330994,61.79266283593792,58.19868266109382,60.71969985617639,36.75231161700434,38.96759618591764,35.309002947261185,35.62495803787196,35.83655240457964,37.93355457449314,28.87805780598109,27.549024004083236,26.671270633165484,60.37503223876058,60.85822809975369,-5.449874917011733,61.32258106834411,49.675223409154505,49.625814723045025,61.74772291967016,63.32486685939197,64.485162660456,803.6292368577044,803.6292368577044,803.6292368577044,803.6292368577044,803.6292368577044,803.6292368577044,803.6292368577044,803.6292368577044,803.6292368577044,-114.79754077698534,-111.6064000407963,-123.89224786404735,-124.5715975812967,-126.74163993258675,-126.90748427190543,-125.90205298339394,-138.80892225147815,-146.76472728046215,-0.0,-0.0,-0.0,803.6292368577044,803.6292368577044,803.6292368577044,803.6292368577044,803.6292368577044,-0.0,-114.79754077698534,-123.89224786404735,-111.6064000407963,-124.5715975812967,-126.74163993258675,-126.90748427190543,-125.90205298339394,-138.80892225147815,-146.76472728046215,14.569257121078966,14.156931201730892,11.888988348040622,11.33518335935235,14.938441668172755,15.045154123930443,10.87897967867863,9.917309829275778,11.62418799815294,-0.0,-0.0,-0.0,-0.0,-0.0,-0.0,-0.0,-0.0,-0.0,10.344046511526173,10.340420203708625,10.260090376785072,9.260229962883727,10.149518222729006,9.736955307334567,10.392831044385055,10.510021780789948,10.638453756491243,11.641200265491877,11.448281961805929,12.295398659328832,14.566373161626634,19.189521376903215,19.285419191160823,13.100528740215475,13.226857577148772,12.779892693852124,2.98747814277837,5.502290117391157,-4.390880819029324,-4.997848869612641,-6.08852256427259,-6.198505053445671,-6.087342960513824,-16.109736838507803,-21.924485815600402
155.0,155.0,36.40982875550702,41.11606118300108,34.42161777909079,36.74361960792546,41.66477005263215,40.57402220296056,37.611714754970386,39.572127948370856,40.02327281986337,82.04595558859522,65.38666256589354,61.79575412132483,62.689164009657325,63.713257034286706,65.06298323872767,61.8113165701333,58.213875520893374,60.744798159023276,36.75724896301458,38.97137215426527,35.31965995424731,35.64184877522897,35.83592807961286,37.93111203968926,28.90454295482216,27.568774445346186,26.69713098082611,60.40239936835785,60.88913585869527,-5.507750587438786,61.343911501123436,49.7078946403971,49.65501860763058,61.7635741620781,63.334506930459206,64.50189665333761,804.3775332778305,804.3775332778305,804.3775332778305,804.3775332778305,804.3775332778305,804.3775332778305,804.3775332778305,804.3775332778305,804.3775332778305,-114.96059911294734,-111.75260290747192,-124.01492062418198,-124.70989346133885,-126.8522853445026,-127.0188035058888,-126.0332293764274,-138.94224575337088,-146.94503734388252,-0.0,-0.0,-0.0,804.3775332778305,804.3775332778305,804.3775332778305,804.3775332778305,804.3775332778305,-0.0,-114.96059911294734,-124.01492062418198,-111.75260290747192,-124.70989346133885,-126.8522853445026,-127.0188035058888,-126.0332293764274,-138.94224575337088,-146.94503734388252,14.650781957807279,14.183104703902154,11.929735505744084,11.465817481153506,14.935184820034747,15.045163095644007,10.974906424138208,10.024018095558409,11.762517094828898,-0.0,-0.0,-0.0,-0.0,-0.0,-0.0,-0.0,-0.0,-0.0,11.143755868765354,11.143150968370575,11.072301254551103,10.024732984462954,10.99145779922858,10.541147557156252,11.245595326907198,11.364203555784352,11.470106849489229,11.722747259732591,11.52292991322411,12.390677894377571,14.65685003724662,19.27125578185274,19.366287741077663,13.213523432921702,13.336660937491127,12.878671857799164,2.9607801269536993,5.4777473029079635,-4.3931317133447045,-4.997856477307971,-6.088522742835559,-6.198504940526217,-6.087385427195378,-16.109719155365653,-21.955409037086756
155.0,155.0,36.42141300824649,41.1210728556296,34.45766007357085,36.75697960656955,41.669507045297244,40.5835491408076,37.62802817251065,39.580983782680185,40.02821375982768,82.10809420725148,65.40460364326293,61.82888867627809,62.719679811782385,63.74600016687819,65.08468209900371,61.84437745347945,58.252417040740426,60.766332120430405,36.77525088350012,38.98131274378287,35.37249833536127,35.69315527605966,35.88565705494703,37.95809174798929,28.96883788895925,27.645044337930756,26.776832713807515,60.613345472570124,61.100028946414604,-5.924135121162854,61.53903492083462,49.95472392278097,49.904323009109426,61.941021228921926,63.49566089578932,64.6648772866212,809.1010561541132,809.1010561541132,809.1010561541132,809.1010561541132,809.1010561541132,809.1010561541132,809.1010561541132,809.1010561541132,809.1010561541132,-115.73301769176953,-112.54725031070559,-124.74385982584938,-125.4583999730818,-127.55509037547846,-127.72148429540125,-126.76686605092758,-139.69486134480397,-147.98860979418524,-0.0,-0.0,-0.0,809.1010561541132,809.1010561541132,809.1010561541132,809.1010561541132,809.1010561541132,-0.0,-115.73301769176953,-124.74385982584938,-112.54725031070559,-125.4583999730818,-127.55509037547846,-127.72148429540125,-126.76686605092758,-139.69486134480397,-147.98860979418524,14.74403374988196,14.274137894957537,12.025788010490666,11.68775684103458,14.935701492277868,15.045164052314503,11.124815197721672,10.26565313824464,12.037499087175679,-0.0,-0.0,-0.0,-0.0,-0.0,-0.0,-0.0,-0.0,-0.0,16.534549033171146,16.550997577805266,16.62904997364415,15.458265802363059,16.983653634152102,16.256967826290044,17.367227157239643,17.50771827725816,17.376138193172306,11.854166520165624,11.647528886368528,12.536876454294314,14.819658632791896,19.459504864978047,19.515204255647575,13.397895729092307,13.521307145421803,13.050489826626421,2.92216760390539,5.416829834403749,-4.398051079821448,-4.99786532135394,-6.0885388658711594,-6.19850746932806,-6.08739451549856,-16.109760928551648,-22.172696235428536
155.0,155.0,36.469484760128154,41.13795565628848,34.576426712551985,36.82264532723207,41.68581443217176,40.61090538360783,37.69181313275399,39.61557931970959,40.051888464167845,82.2722716032942,65.51051040894822,61.96061437961601,62.8680243431595,63.8923940123199,65.18188619568467,61.99601232914796,58.44027734993269,60.89399536373123,36.817136288081564,39.00287051107976,35.53067020843722,35.87586229766695,35.993585171557065,38.010377666115396,29.160145102538234,27.8855845787853,27.04188496509382,62.00693067115946,62.48657015443744,-7.761634890473864,62.811851032230926,51.612314318316244,51.613279138896566,63.15161006486689,64.64165299147281,65.86168656708116,838.2260548731143,838.2260548731143,838.2260548731143,838.2260548731143,838.2260548731143,838.2260548731143,838.2260548731143,838.2260548731143,838.2260548731143,-120.2714064205852,-117.2379078375457,-129.16428402043945,-129.95275967188743,-131.88846395599143,-132.05414991491085,-131.22537110709578,-144.20815700291166,-153.5246823957618,-0.0,-0.0,-0.0,838.2260548731143,838.2260548731143,838.2260548731143,838.2260548731143,838.2260548731143,-0.0,-120.2714064205852,-129.16428402043945,-117.2379078375457,-129.95275967188743,-131.88846395599143,-132.05414991491085,-131.22537110709578,-144.20815700291166,-153.5246823957618,15.034847190189975,14.518469386767958,12.425004203297277,12.47126160439014,14.939151286039934,15.04516114941584,11.734709361563553,11.139920782768279,13.006773130836546,-0.0,-0.0,-0.0,-0.0,-0.0,-0.0,-0.0,-0.0,-0.0,39.36137307882692,39.39403431716043,40.82257101036446,41.33269788372605,45.54844301839974,43.477010161982626,44.616665715926004,43.897049501357905,42.39868591930725,12.244919534474848,12.035364194049603,13.008041938035495,15.64437192143809,20.17082389532276,20.265226966905686,14.157330235294351,14.272765830153038,13.503681698456171,2.810757913531139,5.160808513014406,-4.402132690391432,-4.9978188753330794,-6.088530801547149,-6.198503092245522,-6.087337302481591,-16.109866412566888,-22.93997417587175
155.0,155.0,36.52702814944411,41.16054961071907,34.738574741487284,36.92914469560581,41.702564356886086,40.63842451908,37.78057564115888,39.67256289531143,40.104314030467236,82.64748977850185,65.70086237475213,62.18971678528296,63.10343358908066,64.10282391857079,65.32783534054997,62.21276129116174,58.78319739543618,61.191179091338554,36.7632960936975,38.94503734968307,35.69324678133629,36.08587751706545,36.048264990772246,38.015036821041505,29.30952968447456,28.18722170295479,27.45095099209764,67.33441880201154,67.8115207878268,-12.555834466311557,67.93700958819589,58.129864372318906,58.13592908784237,68.16352966456405,69.44154435972277,70.6225206704028,944.5464507385021,944.5464507385021,944.5464507385021,944.5464507385021,944.5464507385021,944.5464507385021,944.5464507385021,944.5464507385021,944.5464507385021,-136.2811514628383,-133.22016266346472,-145.04916274178737,-145.81927784017589,-147.7046652650559,-147.8705019079151,-147.11202859787582,-160.1469090014273,-170.02359747198312,-0.0,-0.0,-0.0,944.5464507385021,944.5464507385021,944.5464507385021,944.5464507385021,944.5464507385021,-0.0,-136.2811514628383,-145.04916274178737,-133.22016266346472,-145.81927784017589,-147.7046652650559,-147.8705019079151,-147.11202859787582,-160.1469090014273,-170.02359747198312,15.578073872013006,14.93336645919002,12.720639164437854,12.71420396672033,14.938451185908546,15.045157101777948,12.075097503760999,11.732673701078586,13.783650962847455,-0.0,-0.0,-0.0,-0.0,-0.0,-0.0,-0.0,-0.0,-0.0,98.01412751526145,97.42021487677046,102.74165944640335,105.19707026188925,116.02597840378567,110.66317294380205,106.6616851628757,107.89493046112106,103.18264164086138,13.308009462072794,13.061999658159232,14.168627010765807,16.973641288819323,21.609317723093305,21.642708652812395,15.450952075504341,15.606240279679128,14.645521412508476,2.7486274927598724,5.094007264330433,-4.407860332618825,-4.997824195945807,-6.088521775427301,-6.198499411209563,-6.087359750499058,-16.10988561372574,-23.33931066114388
155.0,155.0,36.47491161327902,41.1402082267712,34.59158838934059,36.830387519010316,41.688239614683326,40.61309215165987,37.692943816829825,39.621354498918954,40.057813512479335,82.3226119176511,65.53061650364255,61.98239617601699,62.88648811816803,63.90944034025438,65.19266793977957,61.99282441801915,58.50065134373165,60.94107051062729,36.81962571137124,39.00615581813496,35.548393439333644,35.89727470124252,36.00509237506501,38.01230638539647,29.16471043211421,27.9467764141225,27.08947894708355,62.178701883181986,62.661549472420816,-8.01164410024929,62.96077873162911,51.821243489797105,51.83499098149911,63.33774071451583,64.78698502205816,66.01508078277682,841.8393311158769,841.8393311158769,841.8393311158769,841.8393311158769,841.8393311158769,841.8393311158769,841.8393311158769,841.8393311158769,841.8393311158769,-120.8786107529447,-117.81250587653632,-129.7269448614272,-130.5160655128777,-132.42509472819674,-132.59165344069262,-131.7754962898992,-144.78811954826867,-154.02044874072413,-0.0,-0.0,-0.0,841.8393311158769,841.8393311158769,841.8393311158769,841.8393311158769,841.8393311158769,-0.0,-120.8786107529447,-129.7269448614272,-117.81250587653632,-130.5160655128777,-132.42509472819674,-132.59165344069262,-131.7754962898992,-144.78811954826867,-154.02044874072413,15.104862552655083,14.563617125095295,12.497638318252628,12.596130048414143,14.934935871758722,15.045130349305092,11.795909615001275,11.3456192855868,13.216254349454376,-0.0,-0.0,-0.0,-0.0,-0.0,-0.0,-0.0,-0.0,-0.0,42.40630462311976,42.412552087098156,44.10619741810134,44.855856179409315,49.038119005436116,47.18420191274454,44.88393974767432,45.913115601421744,44.256149145739435,12.35765861206043,12.141970347332222,13.149894053140503,15.811582884779986,20.303706592806375,20.406208454166254,14.27846832664018,14.435857374068023,13.607976072325355,2.7685170660314333,5.1376975110492005,-4.409895324088729,-4.997828157340916,-6.088519660026947,-6.198498735914726,-6.087318400757405,-16.109852725054445,-22.87497397986619
155.0,155.0,36.38370971156757,41.10941932611014,34.35787501181935,36.720851068013694,41.66118384540914,40.56422932334161,37.5903465422486,39.562083220870825,40.01122053575136,82.02283029861819,65.33982901450999,61.73703695113723,62.634424397838025,63.666969550599426,65.02545723372972,61.74770576396279,58.16955646590449,60.701857025343706,36.72594804754963,38.950022043294986,35.24342849019327,35.56447754193516,35.789746610134166,37.903174302467356,28.808016068683703,27.45989855867317,26.585703791034327,60.259081990945496,60.74880834563803,-5.0345397454531895,61.19045211128707,49.49098544726548,49.54977069765926,61.63866241725699,63.21951955177961,64.4154157692381,800.7879010189023,800.7879010189023,800.7879010189023,800.7879010189023,800.7879010189023,800.7879010189023,800.7879010189023,800.7879010189023,800.7879010189023,-114.38509442426937,-111.18298245836314,-123.49922772063204,-124.23634883670924,-126.31818797351706,-126.48477092503508,-125.5373409862794,-138.39528864398937,-146.32058964983983,-0.0,-0.0,-0.0,800.7879010189023,800.7879010189023,800.7879010189023,800.7879010189023,800.7879010189023,-0.0,-114.38509442426937,-123.49922772063204,-111.18298245836314,-124.23634883670924,-126.31818797351706,-126.48477092503508,-125.5373409862794,-138.39528864398937,-146.32058964983983,14.5769591870109,14.196901132673123,12.043167087196885,11.759249979231006,14.934989344845306,15.045086152695411,11.1607399796726,9.960905692460805,11.596612621902043,-0.0,-0.0,-0.0,-0.0,-0.0,-0.0,-0.0,-0.0,-0.0,4.608122979993523,4.604994570945221,4.571523242269876,4.168459633351217,4.382032640311283,4.38254092436318,4.082320782185678,4.208258784082014,4.2621141588303155,11.786540279932408,11.582480687861066,12.52080368308295,14.878808950085592,19.409587335183275,19.518701126824244,13.458985323354417,13.59079216323712,12.964866996171567,2.9808673438820867,5.509772601592519,-4.389222522336352,-4.997762244682553,-6.088477817253915,-6.198490849841251,-6.087191166989003,-16.109772863089255,-21.91243012126322
155.0,155.0,36.37561101870726,41.10546387814475,34.331010594733485,36.713884282642695,41.659371987975355,40.55633683468748,37.580075286241204,39.55656001665926,40.00621636802287,81.92670222991859,65.33840802085835,61.73063115032807,62.61788840567707,63.64870036444794,65.01435600178094,61.72740128634362,58.13276833754679,60.678104920071924,36.70800190888706,38.93865850682088,35.20095721841777,35.53317769161524,35.74917236073219,37.87600238144126,28.754908274930557,27.39485666058832,26.523333921036492,60.19391952857258,60.68740623317297,-4.791141515112241,61.12655806168235,49.38364812370472,49.45543263596557,61.582969826242845,63.16808803183151,64.36790155977879,799.0410896346536,799.0410896346536,799.0410896346536,799.0410896346536,799.0410896346536,799.0410896346536,799.0410896346536,799.0410896346536,799.0410896346536,-114.15568418955775,-110.94616336495405,-123.23494813432237,-123.9761138341884,-126.05725528132807,-126.22489373138687,-125.25851300574406,-138.1198230867811,-145.8908616018555,-0.0,-0.0,-0.0,799.0410896346536,799.0410896346536,799.0410896346536,799.0410896346536,799.0410896346536,-0.0,-114.15568418955775,-123.23494813432237,-110.94616336495405,-123.9761138341884,-126.05725528132807,-126.22489373138687,-125.25851300574406,-138.1198230867811,-145.8908616018555,14.580644242519579,14.184883236591645,12.03112513382735,11.757184570935248,14.92991776508782,15.045036521942889,11.068858303503276,9.885666720673859,11.589667416090126,-0.0,-0.0,-0.0,-0.0,-0.0,-0.0,-0.0,-0.0,-0.0,1.2847566753647655,1.2848281155392511,1.2760812494285367,1.1776984857473392,1.2225775941918073,1.2357471572582348,1.1627459214897728,1.1916240684273651,1.2114407592475067,11.748537188780206,11.53428238264298,12.47669237343435,14.828018919005496,19.355765822231266,19.44970217778373,13.423671407363898,13.55943312087194,12.922485981615031,2.9581641936589684,5.488528208362461,-4.3877421670986525,-4.997799926850337,-6.088456545483502,-6.1984839218297605,-6.08718976631789,-16.1097153799483,-21.783617884829805
155.0,155.0,36.381206802527664,41.107909918009824,34.34826871633137,36.717276019083,41.66265437980309,40.559690018100234,37.586655131671975,39.560101185465,40.00646940454863,81.97735597759925,65.34318645244527,61.75484343927086,62.62609235315953,63.66320641095025,65.02132209548918,61.74215091224487,58.15457992363149,60.688669479688144,36.718038830581484,38.9410873918082,35.23526189810079,35.557149054018254,35.77703738084838,37.88448519928661,28.789190550441973,27.43675063686486,26.560051408394294,60.2723975566204,60.7694905083393,-4.956157287761566,61.192652537053455,49.45984109305366,49.53701893272284,61.647849194396485,63.22324880212955,64.41704202876834,800.6803799504618,800.6803799504618,800.6803799504618,800.6803799504618,800.6803799504618,800.6803799504618,800.6803799504618,800.6803799504618,800.6803799504618,-114.43669372614801,-111.22269376796156,-123.47300934337775,-124.2055448952077,-126.30107421806984,-126.46874265889053,-125.50314179891662,-138.37050444151816,-146.13524865511866,-0.0,-0.0,-0.0,800.6803799504618,800.6803799504618,800.6803799504618,800.6803799504618,800.6803799504618,-0.0,-114.43669372614801,-123.47300934337775,-111.22269376796156,-124.2055448952077,-126.30107421806984,-126.46874265889053,-125.50314179891662,-138.37050444151816,-146.13524865511866,14.55972180513258,14.1354062682191,11.988721829582506,11.686971103272745,14.929737260531242,15.044980690970487,11.072777028271057,9.918717836355302,11.599951229917364,-0.0,-0.0,-0.0,-0.0,-0.0,-0.0,-0.0,-0.0,-0.0,3.525346730419369,3.5238162858851783,3.502495947062681,3.5610037787354765,3.7087723536616064,3.740530619294801,3.4619099468914256,3.5616996491277884,3.611639724194631,11.752067860805496,11.53014246266695,12.472342858611729,14.880029177351545,19.394862407707837,19.491183510086717,13.479039700364586,13.628754518420697,12.97003786703777,2.926453023354921,5.4528306647895315,-4.389999814079999,-4.9978482364530725,-6.08845140872804,-6.198482037466686,-6.087156794299295,-16.10971177834966,-21.782395138081558
155.0,155.0,36.38724049172333,41.108763624364975,34.355831797500024,36.719081043951775,41.66402235674572,40.560443109687455,37.58922824532564,39.56074932659102,40.00467114435825,81.98811220202413,65.34739393590293,61.76490350776526,62.632035383869585,63.66862053133174,65.02329096846664,61.75310758217568,58.163653409294994,60.68997526875047,36.72211585575449,38.94101501251399,35.249681592625016,35.56209297559083,35.7792867493335,37.887611431826855,28.801563094338416,27.43885453969996,26.55992007858488,60.30745001926255,60.80249884484184,-5.0053413842770675,61.2263244098195,49.49454393592987,49.596948846577725,61.67584947518239,63.24977261479532,64.4482644230714,801.4552837130885,801.4552837130885,801.4552837130885,801.4552837130885,801.4552837130885,801.4552837130885,801.4552837130885,801.4552837130885,801.4552837130885,-114.50191284954745,-111.304123067128,-123.57175616445316,-124.31545902973498,-126.41709381361882,-126.58400317262618,-125.61457764202824,-138.47892002185668,-146.28100940719472,-0.0,-0.0,-0.0,801.4552837130885,801.4552837130885,801.4552837130885,801.4552837130885,801.4552837130885,-0.0,-114.50191284954745,-123.57175616445316,-111.304123067128,-124.31545902973498,-126.41709381361882,-126.58400317262618,-125.61457764202824,-138.47892002185668,-146.28100940719472,14.494424757836802,14.102879658963843,11.903131348782471,11.66119185911696,14.933517305514865,15.044931160403129,11.054731389450628,9.885396283593817,11.41366660283028,-0.0,-0.0,-0.0,-0.0,-0.0,-0.0,-0.0,-0.0,-0.0,4.207375159664767,4.205313977495146,4.185810506594478,4.285969590741125,4.464861930588246,4.5021232250193375,4.163600799879827,4.282333275581855,4.3328303011866165,11.758236608485468,11.548201163541478,12.506153804097293,14.916911254715055,19.441545897032416,19.53991627886662,13.536687618940247,13.690673454292247,13.016602698086325,2.9544249979425197,5.4754167530906335,-4.390872122958771,-4.997817943147647,-6.0884235433048275,-6.198478265128541,-6.08706927120406,-16.109726220808657,-21.835118820295005
155.0,155.0,36.38691436796319,41.10941962224987,34.351460939308545,36.722509860328536,41.664555627831454,40.55903551331808,37.59146626493468,39.56230997500215,40.00744408477695,81.98807917574587,65.35914980645965,61.76144512416524,62.640950637260296,63.67455263584988,65.02798341154275,61.7606557213619,58.17422008696613,60.70827247142372,36.723506840247516,38.94158903903374,35.251494106741376,35.569814498681474,35.77183580810138,37.877636400098275,28.808196709068522,27.453108754803797,26.5718310824337,60.33518529075523,60.8297346774474,-5.044974664090106,61.24471007959037,49.511313084835635,49.628876945812934,61.6943155191485,63.260470332792224,64.46853955082308,802.0090543366691,802.0090543366691,802.0090543366691,802.0090543366691,802.0090543366691,802.0090543366691,802.0090543366691,802.0090543366691,802.0090543366691,-114.67495677992781,-111.4493260166972,-123.66602065881736,-124.4144020177965,-126.49866291081082,-126.66638719307346,-125.70803434016165,-138.5829024006002,-146.4701320809065,-0.0,-0.0,-0.0,802.0090543366691,802.0090543366691,802.0090543366691,802.0090543366691,802.0090543366691,-0.0,-114.67495677992781,-123.66602065881736,-111.4493260166972,-124.4144020177965,-126.49866291081082,-126.66638719307346,-125.70803434016165,-138.5829024006002,-146.4701320809065,14.558746928680248,14.131390581258671,11.95107039520141,11.74125157552234,14.929627703864565,15.044975072717481,11.108101261078978,9.990156385041976,11.644739635239917,-0.0,-0.0,-0.0,-0.0,-0.0,-0.0,-0.0,-0.0,-0.0,4.673197708999521,4.669517093520848,4.651143803013093,4.766186099021987,4.969846001514352,5.007552108274468,4.629522359454271,4.764098742202176,4.819168336780912,11.794100494737346,11.600294893390773,12.564973647605168,14.972705065345076,19.4957513995525,19.604245010230787,13.602749165018684,13.761832724466124,13.06585367348728,2.8952442044782996,5.428018180738031,-4.392392624562339,-4.997845210961739,-6.088417770438752,-6.1984746945707485,-6.087114603864642,-16.109707746832317,-21.88026969815012
155.0,155.0,36.41654107511172,41.120116745823694,34.431093687975974,36.75490166673647,41.67541504774962,40.57776429900594,37.62195095806398,39.579214525504426,40.017106663294264,82.08092445466669,65.41230530016126,61.84486206737377,62.71699811244249,63.751902273536274,65.08172428586757,61.82863034704102,58.25694190545631,60.75671797993964,36.76684716669936,38.9659522882172,35.36708391370155,35.69014293763948,35.86752405069333,37.9298360763124,28.938850350712528,27.607984378940756,26.725222499775334,60.71658960953125,61.20817782719733,-5.9091191367217135,61.59311353004991,49.964544771023334,50.07635800453572,62.02718878450071,63.55417898821955,64.76300579787033,810.7628368970617,810.7628368970617,810.7628368970617,810.7628368970617,810.7628368970617,810.7628368970617,810.7628368970617,810.7628368970617,810.7628368970617,-116.09664168852997,-112.88984315637123,-125.0028729889784,-125.76543153056225,-127.80120153409953,-127.96861306608169,-127.03986833371997,-139.94643701776806,-148.18505112417404,-0.0,-0.0,-0.0,810.7628368970617,810.7628368970617,810.7628368970617,810.7628368970617,810.7628368970617,-0.0,-116.09664168852997,-125.0028729889784,-112.88984315637123,-125.76543153056225,-127.80120153409953,-127.96861306608169,-127.03986833371997,-139.94643701776806,-148.18505112417404,14.70412531201748,14.251732627871267,12.073263461371209,11.977672537407928,14.93110137813411,15.04497772973306,11.251544356467498,10.28703490167939,12.010943417111394,-0.0,-0.0,-0.0,-0.0,-0.0,-0.0,-0.0,-0.0,-0.0,15.840456744192213,15.851771200414731,16.222736396915135,16.636335397806153,17.577301598709454,17.494892450080147,16.143123468205875,16.597179832864725,16.358899731373896,12.003467422236627,11.81020161885825,12.789697256232767,15.17429616902837,19.795586205743525,19.89780537623291,13.817833049104827,13.983168065213015,13.28318551989631,2.826837949424175,5.3335751097849915,-4.399583340620018,-4.997843973629249,-6.08842583119869,-6.1984758188964,-6.087112633272625,-16.109724948071836,-22.138064331436127
155.0,155.0,36.47781926999215,41.14107572171867,34.589894243748084,36.833261281566955,41.69461564514434,40.609884403264736,37.69621246371672,39.62024452766934,40.045867728776585,82.24418154205253,65.55295496534482,62.025712219943976,62.89758221099281,63.92378453335562,65.19964513078912,62.0110106543632,58.49230597216227,60.91957092913512,36.8177127391304,38.99459475129787,35.563989344854896,35.907027932419204,35.99439231594338,37.993147867294745,29.178028071168903,27.909588832353403,27.050697190684968,62.21483460714395,62.70144477472211,-8.242429323059003,62.96517421290955,51.818691045619694,51.888488720115994,63.35879482304808,64.79188275727711,66.06150546077573,842.8736292288723,842.8736292288723,842.8736292288723,842.8736292288723,842.8736292288723,842.8736292288723,842.8736292288723,842.8736292288723,842.8736292288723,-121.09057056695157,-118.06138517365618,-129.9288976247028,-130.7754321190262,-132.57903942524229,-132.74544258639708,-131.99407759487298,-144.96211823210996,-154.40399151205108,-0.0,-0.0,-0.0,842.8736292288723,842.8736292288723,842.8736292288723,842.8736292288723,842.8736292288723,-0.0,-121.09057056695157,-129.9288976247028,-118.06138517365618,-130.7754321190262,-132.57903942524229,-132.74544258639708,-131.99407759487298,-144.96211823210996,-154.40399151205108,15.068901768817547,14.558280537116472,12.727945345706926,13.107315060600557,14.936041933999602,15.04492373006588,12.111053959866519,11.443439710918321,13.081679601176301,-0.0,-0.0,-0.0,-0.0,-0.0,-0.0,-0.0,-0.0,-0.0,44.981081130265295,44.82253761613925,47.009462751948625,48.21284334160343,51.12849584026369,50.71378160157039,46.77197180093012,47.62037185868795,45.813922952909444,12.467361236583844,12.27695278883841,13.35318765912297,16.074841599519228,20.512308002121223,20.654279898841487,14.567903795582584,14.750978535644538,13.742498914712929,2.7184103424392996,5.0576828562128195,-4.410311468535533,-4.997807443041947,-6.088407128979811,-6.198474489173658,-6.087057382827374,-16.109807534818174,-23.07186820941068
155.0,155.0,36.48528788824005,41.14388242275439,34.598685600807336,36.841661926721876,41.69582766605732,40.61131860165668,37.70287784872148,39.62371633445392,40.049960113357315,82.47618032891646,65.57641981565071,62.03424258365721,62.91451208236742,63.93965272401591,65.21434912773863,62.02650814830393,58.51175261150942,60.934085062802325,36.825724580997885,39.0011217067417,35.58405696260998,35.93036923322057,35.997563202652536,37.99121022961936,29.197411854637792,27.936120873404057,27.074707130390532,62.293203054230304,62.778408180201254,-8.382430557777864,63.028504517179236,51.90814134021471,51.97912113640551,63.42075848365428,64.84426203386998,66.13344446039736,844.5491917663611,844.5491917663611,844.5491917663611,844.5491917663611,844.5491917663611,844.5491917663611,844.5491917663611,844.5491917663611,844.5491917663611,-121.47632766791332,-118.43543150387465,-130.2364622736561,-131.05379535944675,-132.8284489425712,-132.9947360569697,-132.24758645942921,-145.25021650731213,-154.94334032796738,-0.0,-0.0,-0.0,844.5491917663611,844.5491917663611,844.5491917663611,844.5491917663611,844.5491917663611,-0.0,-121.47632766791332,-130.2364622736561,-118.43543150387465,-131.05379535944675,-132.8284489425712,-132.9947360569697,-132.24758645942921,-145.25021650731213,-154.94334032796738,15.180742382502023,14.625955076833915,12.998109947286885,13.248158564699866,14.936770606944936,15.045102943361325,12.13121237671613,11.631416594366778,13.327787434777262,-0.0,-0.0,-0.0,-0.0,-0.0,-0.0,-0.0,-0.0,-0.0,46.71956749171608,46.56015172323593,48.85069561245993,50.1014840620605,53.10607613550402,52.700784527077744,48.60742889084211,49.449719019551935,47.5510473466412,12.501443380825457,12.308587376826484,13.387103947673305,16.134671235190602,20.55872561630501,20.704451567692427,14.628362027226249,14.816746642176962,13.759796966113061,2.6316799611724466,4.965431651413417,-4.412248159936066,-4.9978291395102605,-6.088407334782764,-6.198472695095774,-6.0871250605682095,-16.109832836088735,-23.25486057453166
155.0,155.0,36.48486365300614,41.144917567991534,34.60860404643174,36.84421568173735,41.69631085463717,40.61380876580278,37.70719221815999,39.625525913164175,40.05108294666924,82.66301580695057,65.57485447252822,62.04701826177967,62.91964539706093,63.94596448951525,65.2127319704925,62.03037820147426,58.516739124943435,60.940282789424394,36.82165490521002,38.997056374293656,35.594779161132635,35.93717743705046,36.0132355386291,37.99859299311555,29.206329848423373,27.949466736421076,27.09578776083306,62.50330886192826,62.990744161367516,-8.59570207071532,63.22804021783342,52.16812931787992,52.23623267520048,63.61570880703484,65.0342410769539,66.32702890655648,848.7210502316276,848.7210502316276,848.7210502316276,848.7210502316276,848.7210502316276,848.7210502316276,848.7210502316276,848.7210502316276,848.7210502316276,-122.13203348920823,-119.08457708563428,-130.88582788557918,-131.697919723722,-133.44953440254417,-133.61536816280048,-132.92537214461612,-145.9278738186897,-155.8273201400823,-0.0,-0.0,-0.0,848.7210502316276,848.7210502316276,848.7210502316276,848.7210502316276,848.7210502316276,-0.0,-122.13203348920823,-130.88582788557918,-119.08457708563428,-131.697919723722,-133.44953440254417,-133.61536816280048,-132.92537214461612,-145.9278738186897,-155.8273201400823,15.240833443856364,14.696897169571017,13.122711894169353,13.362017685848114,14.938957683254696,15.045189849579572,12.408167406355508,11.907888706888857,13.577864566683123,-0.0,-0.0,-0.0,-0.0,-0.0,-0.0,-0.0,-0.0,-0.0,49.36326352715729,49.14887216302645,51.627233795337894,52.949277209939964,56.10860319422509,55.69665208274994,51.37020802055336,52.21929451364868,50.18232235928009,12.536880477461406,12.338545367823277,13.419210450557754,16.198199454291288,20.614831229872156,20.75946716492179,14.6829323643664,14.869365794271468,13.785534543148747,2.6143280940005567,4.953869387973074,-4.414566524859067,-4.99783529301875,-6.08842490178076,-6.198475127405994,-6.087124663082978,-16.10981050601225,-23.41679118139009
155.0,155.0,36.48617653044128,41.14451685150101,34.60617806697296,36.84308181558186,41.695647764030696,40.613269425910154,37.70463403048969,39.62473454393406,40.04895833428114,82.64459668127257,65.57305949370696,62.04181021019741,62.91652905536336,63.94226151983249,65.20868645821109,62.024674540598305,58.515845986322475,60.92823545042923,36.821042572348226,38.9978697841567,35.5908956925448,35.93257848352136,36.00929792204407,37.9988092519595,29.196619338820497,27.94235338379829,27.081026777419815,62.46884494660071,62.95685275834237,-8.546602115142154,63.200350634675,52.13551194227286,52.19931962804671,63.58667072902005,65.00985090322351,66.31324331934798,848.099335114437,848.099335114437,848.099335114437,848.099335114437,848.099335114437,848.099335114437,848.099335114437,848.099335114437,848.099335114437,-121.96105247986175,-118.96712184871076,-130.7957911241279,-131.5978237196883,-133.35754012273674,-133.52287032772276,-132.83372206853664,-145.79769331057088,-155.89516771831123,-0.0,-0.0,-0.0,848.099335114437,848.099335114437,848.099335114437,848.099335114437,848.099335114437,-0.0,-121.96105247986175,-130.7957911241279,-118.96712184871076,-131.5978237196883,-133.35754012273674,-133.52287032772276,-132.83372206853664,-145.79769331057088,-155.89516771831123,15.234655278125205,14.719919934576726,13.157506201681269,13.325348782785762,14.941433594674074,15.045139694884204,12.412603376274042,11.72520163752334,13.571982982850855,-0.0,-0.0,-0.0,-0.0,-0.0,-0.0,-0.0,-0.0,-0.0,48.77159779880743,48.54776724939443,50.98684992771589,52.29234681252772,55.429659700214835,55.00530743461573,50.73692748830585,51.621425091596514,49.63720400725879,12.504561068084,12.315934224833809,13.395166615216255,16.185024453449223,20.610984785713317,20.751261676413492,14.658234938850123,14.845298074675982,13.735422868218878,2.6733811346820624,4.9786111242895315,-4.410947221367058,-4.997805575078768,-6.088410922817202,-6.1984748616227465,-6.087064466138882,-16.10982653206891,-23.540336214439986
155.0,155.0,36.49431553384912,41.147451306809124,34.62612060106855,36.85691447368801,41.69714583843662,40.6158823229093,37.71640677989233,39.63148660324975,40.056837656319054,82.74175869415599,65.60224278494054,62.06221921478197,62.94631386588945,63.969353051289296,65.22936904619667,62.05233286480328,58.55846885071856,60.96293218648126,36.82224171927542,38.99925715812976,35.612934111813686,35.962925061004576,36.01492347399425,37.99631335157418,29.223144952887893,27.99212002316008,27.129214257892997,62.86157111469716,63.34601160656165,-8.954889386341659,63.56961285671774,52.616665513898155,52.68166905947911,63.94900704545853,65.35149575628108,66.66521098333631,856.039543481389,856.039543481389,856.039543481389,856.039543481389,856.039543481389,856.039543481389,856.039543481389,856.039543481389,856.039543481389,-123.25494473812749,-120.23601341261202,-131.97150057588175,-132.77731396476602,-134.5382597765782,-134.7040811802907,-134.00814587710235,-146.98594546103942,-157.29359342379144,-0.0,-0.0,-0.0,856.039543481389,856.039543481389,856.039543481389,856.039543481389,856.039543481389,-0.0,-123.25494473812749,-131.97150057588175,-120.23601341261202,-132.77731396476602,-134.5382597765782,-134.7040811802907,-134.00814587710235,-146.98594546103942,-157.29359342379144,15.393489996091127,14.880649626264091,13.125946723895794,13.316953623398305,14.939080990613233,15.04521646996962,12.379242999238587,11.759533496452326,13.849758866638993,-0.0,-0.0,-0.0,-0.0,-0.0,-0.0,-0.0,-0.0,-0.0,53.8301103354136,53.52643705580007,56.310038705213145,57.752494315334815,61.2481481584997,60.74859934271607,56.03620146263313,57.04609270347542,54.8059944739751,12.565810902545,12.366825726542775,13.446428054286047,16.28368532608953,20.717037120030874,20.85736570117044,14.742762488800386,14.93440767307889,13.776874884694788,2.612272361591971,4.933229471826731,-4.411734260478627,-4.997826866327761,-6.088418425582355,-6.198474466185006,-6.087152626866331,-16.10980288902474,-23.662609146961657
155.0,155.0,36.50519156825005,41.15234131516817,34.66867072989658,36.877341161865274,41.7007581573821,40.62456680782218,37.73690372282712,39.642397165677,40.06807026584186,83.04077536461381,65.62854993428705,62.112961389977535,62.99112563452264,64.01264941178782,65.2608267009243,62.09499458741813,58.61858377759345,61.01911133379767,36.817140300883416,38.99327598584225,35.65572426988146,36.01196989276596,36.05138498143033,38.01288199974695,29.26827381644384,28.065190579110546,27.231990131939543,63.66423796108373,64.14862769647286,-9.833283116674238,64.3321525416191,53.633162008310926,53.67234844190109,64.69301321875449,66.06450945424696,67.37317124145903,872.282081204033,872.282081204033,872.282081204033,872.282081204033,872.282081204033,872.282081204033,872.282081204033,872.282081204033,872.282081204033,-125.70563921814156,-122.66764521993568,-134.39354413053368,-135.19834019632552,-136.954931368252,-137.1203485568983,-136.42835100022242,-149.41481463613425,-159.950828438719,-0.0,-0.0,-0.0,872.282081204033,872.282081204033,872.282081204033,872.282081204033,872.282081204033,-0.0,-125.70563921814156,-134.39354413053368,-122.66764521993568,-135.19834019632552,-136.954931368252,-137.1203485568983,-136.42835100022242,-149.41481463613425,-159.950828438719,15.5124947457228,14.954607601398466,13.151742947332274,13.339990265856551,14.940951755205083,15.045224911556845,12.398100156354769,11.82070889315665,14.027684255979146,-0.0,-0.0,-0.0,-0.0,-0.0,-0.0,-0.0,-0.0,-0.0,64.70105343509663,64.26994710721303,67.75951682420924,69.4951930091428,73.7314868692772,73.10106436804175,67.42019734903677,68.63117822202545,65.82909228687207,12.659933384380592,12.455479764856163,13.544090173277054,16.472051810153783,20.915696357054333,21.053604068385404,14.904953923634132,15.10252997847194,13.897622736287602,2.6047271156486884,4.933143613517944,-4.412084138150235,-4.997834418364376,-6.088437366063245,-6.198478300570019,-6.087192079765184,-16.109787110831476,-23.818804668139204
155.0,155.0,36.525896083853894,41.16047007353114,34.732322770994664,36.920035236351595,41.70549753440695,40.63602246660493,37.77257211508333,39.66629475630459,40.09255543264252,83.34119840973244,65.69584019234463,62.195971645308475,63.08416132385286,64.09514487036822,65.31747644948683,62.18072420099875,58.767351189961325,61.14963331129239,36.780114899977534,38.95915171701469,35.71130500050754,36.08907574690397,36.072956536613034,38.016867546327866,29.31466899500535,28.19740107154383,27.412146800769722,66.05952723035684,66.53884540362087,-11.95662193175844,66.64557600362645,56.61065038077586,56.62074302811805,66.95422622065988,68.25153490352605,69.53752529832512,920.0726021370548,920.0726021370548,920.0726021370548,920.0726021370548,920.0726021370548,920.0726021370548,920.0726021370548,920.0726021370548,920.0726021370548,-132.74320221455645,-129.74221402158025,-141.4919416009939,-142.2994201827404,-144.0651309432037,-144.22973271990688,-143.53600942146878,-156.5217985034056,-167.3704849702207,-0.0,-0.0,-0.0,920.0726021370548,920.0726021370548,920.0726021370548,920.0726021370548,920.0726021370548,-0.0,-132.74320221455645,-141.4919416009939,-129.74221402158025,-142.2994201827404,-144.0651309432037,-144.22973271990688,-143.53600942146878,-156.5217985034056,-167.3704849702207,15.56126367168897,14.991967121752916,13.138989883387078,13.300052602659449,14.944947726968843,15.045244808058722,12.389945051427528,11.808936571278005,14.144558828680644,-0.0,-0.0,-0.0,-0.0,-0.0,-0.0,-0.0,-0.0,-0.0,90.67209230497461,89.97858977015103,95.11679644452036,97.55133385593821,103.70147859393046,102.61717123320948,94.75350891884993,96.36220209798856,92.15153099311088,13.016185286121992,12.811252170640145,13.941812004709037,16.984657550146643,21.477992463710148,21.602710167939566,15.374868814789224,15.578988992456747,14.283892897254288,2.667347999909377,4.9685422854355155,-4.405699533824833,-4.997793108847284,-6.088434164101891,-6.198479242039621,-6.087163902469313,-16.10981414293228,-24.037638651660046
155.0,155.0,36.50968458358296,41.15215101873912,34.676254053544454,36.88137487018487,41.69689072177283,40.625348066489764,37.74210855131763,39.64535146359598,40.07681181255692,83.13275177385498,65.62901910388744,62.10028836232226,62.99412186667169,64.02298173202935,65.26581555155387,62.11292151352494,58.642011196998155,61.03639669724955,36.813961977486315,38.99477725974571,35.654225190494685,36.01581473095166,36.050525130253696,38.01683611253019,29.2796806608052,28.09969865764685,27.260134166526203,64.16940123723379,64.64796516636466,-9.798559214961342,64.83957167826296,54.19372628734215,54.24194661315349,65.15608427325998,66.54306676061836,67.82544890206194,881.3709933411072,881.3709933411072,881.3709933411072,881.3709933411072,881.3709933411072,881.3709933411072,881.3709933411072,881.3709933411072,881.3709933411072,-126.97495757557434,-123.96397057774169,-135.7318980546293,-136.545506718726,-138.30691851734863,-138.47244581827334,-137.77907073536159,-150.76084719622077,-161.1897422659623,-0.0,-0.0,-0.0,881.3709933411072,881.3709933411072,881.3709933411072,881.3709933411072,881.3709933411072,-0.0,-126.97495757557434,-135.7318980546293,-123.96397057774169,-136.545506718726,-138.30691851734863,-138.47244581827334,-137.77907073536159,-150.76084719622077,-161.1897422659623,15.474082688909505,14.956000667343595,13.137180361725639,13.31643826562041,14.940421979931566,15.045323718928033,12.391115423605767,11.791633959281942,13.994402990000388,-0.0,-0.0,-0.0,-0.0,-0.0,-0.0,-0.0,-0.0,-0.0,64.39030831512238,63.957080876222534,67.38241840922431,69.10064378151878,75.8914747485952,72.68923456756812,69.57432790505814,71.00710563545084,68.17179929449387,12.480940935903428,12.284244695299718,13.371716098223816,16.38803591006044,20.88317744068365,20.960352660730024,14.832762647724335,15.019767647255753,13.765602135303434,2.6619535336370115,4.979795396364142,-4.40388759090937,-4.997796557751426,-6.088451406693999,-6.198477310942618,-6.087255953249113,-16.109753995173705,-23.73751625646682
155.0,155.0,36.49440476004533,41.146035045535164,34.646374936198114,36.85345631711762,41.690456524340455,40.61932373555363,37.71593164339081,39.63017175712447,40.06354605845862,83.0060429607571,65.57596131031158,62.05087162406547,62.93088586957034,63.96056580385703,65.22471603408381,62.047314927636904,58.54074086619233,60.94151153387276,36.819740786771234,39.004619282044445,35.61246810523609,35.95623536407438,36.03953547331872,38.02147742291462,29.221555595272573,28.012761880790666,27.14829739870677,63.06949718353306,63.54798544186949,-8.711562914000345,63.781570100757754,52.8575270072445,52.875436471448026,64.12901492230155,65.5640859136981,66.82912558442933,858.9639690509039,858.9639690509039,858.9639690509039,858.9639690509039,858.9639690509039,858.9639690509039,858.9639690509039,858.9639690509039,858.9639690509039,-123.53044233825892,-120.50018346273383,-132.39855234861577,-133.21397816390373,-134.9737664111786,-135.13916318936052,-134.44485986405883,-147.41904606995828,-157.3523513203651,-0.0,-0.0,-0.0,858.9639690509039,858.9639690509039,858.9639690509039,858.9639690509039,858.9639690509039,-0.0,-123.53044233825892,-132.39855234861577,-120.50018346273383,-133.21397816390373,-134.9737664111786,-135.13916318936052,-134.44485986405883,-147.41904606995828,-157.3523513203651,15.248236026607836,14.696775332758925,13.138940968590045,13.325110821521303,14.940954490501504,15.045355156282904,12.386412318124222,11.75068274549854,13.712416331659508,-0.0,-0.0,-0.0,-0.0,-0.0,-0.0,-0.0,-0.0,-0.0,51.16230256946543,50.930571289047826,53.39951962758816,54.73669274667634,60.271774430516345,57.58037237071347,55.939850878792306,57.02327860359845,55.03958352538119,12.089413005101934,11.910073240137146,12.957186586760777,16.005428233810115,20.43878584601145,20.53040497199009,14.391787513263404,14.560191182590316,13.32751483673764,2.7113515671329034,5.04387418534504,-4.403572766195709,-4.997780164809457,-6.088478526644309,-6.198483721334843,-6.087299964491261,-16.10971609084098,-23.396528549841637
155.0,155.0,36.4760351426989,41.13655492804125,34.589360035953305,36.816693039263015,41.68287508159027,40.607318056283255,37.68966962875822,39.613781856363,40.0494849965806,82.2814377345711,65.51812733460157,61.97922498760206,62.85333361673893,63.88256089441502,65.17475505170559,61.991112048103496,58.44325456985482,60.86040388329986,36.81631601397385,39.009134663134994,35.535807156774375,35.86464693304859,35.98955974272254,38.00518622193577,29.16203813093179,27.89887901413232,27.012506580106564,61.90734200359624,62.37952401128031,-7.512307441652777,62.68807645740359,51.46695230805992,51.444699545409705,63.036978613201015,64.53525855715547,65.77270683977534,835.3240130005443,835.3240130005443,835.3240130005443,835.3240130005443,835.3240130005443,835.3240130005443,835.3240130005443,835.3240130005443,835.3240130005443,-119.79479137385876,-116.7419192618449,-128.70989962754163,-129.47406809487975,-131.4564873351462,-131.62242026299123,-130.77417139575013,-143.74096686856265,-152.96965180725792,-0.0,-0.0,-0.0,835.3240130005443,835.3240130005443,835.3240130005443,835.3240130005443,835.3240130005443,-0.0,-119.79479137385876,-128.70989962754163,-116.7419192618449,-129.47406809487975,-131.4564873351462,-131.62242026299123,-130.77417139575013,-143.74096686856265,-152.96965180725792,14.95705677302526,14.492122915083824,12.350083393035776,12.243949747911667,14.938198835030812,15.045174715911019,11.64071374092567,10.969253177061656,12.844925425343419,-0.0,-0.0,-0.0,-0.0,-0.0,-0.0,-0.0,-0.0,-0.0,36.447876993629,36.400146818871036,37.776535012195666,38.53308353659545,42.44916859703544,40.53216845137392,42.8123163079747,42.579233404335824,41.412939738224296,11.68218621062435,11.523615713027638,12.470870113451953,15.50214304981141,19.819756251925654,19.93023086245823,13.821522254099206,13.943763671156477,12.854392078527829,2.8328167332587326,5.209789301976812,-4.396621785657681,-4.997778071215089,-6.088478380940393,-6.198487029601494,-6.087273373269487,-16.109678527939227,-22.871217571149135
155.0,155.0,36.394031692753174,41.108406936518044,34.389303369278366,36.71570268178064,41.65321362683091,40.55774942655174,37.58351732292496,39.55830212417328,40.01391836518851,81.9752596588577,65.35565118861729,61.76012784196359,62.62325707570562,63.65262273557224,65.02092343683427,61.7416626833256,58.157233733324446,60.67668608962214,36.726609809276056,38.96211248783994,35.26028325017413,35.541230498953155,35.7535016567305,37.88302417288659,28.770573183632035,27.46092990512901,26.56105636881838,59.86927977689291,60.34399108936063,-4.8929906334831275,61.391688428576266,49.52885161594244,49.39409154267542,61.47115506353126,63.05562174606593,64.06395233789088,792.4862512861033,792.4862512861033,792.4862512861033,792.4862512861033,792.4862512861033,792.4862512861033,792.4862512861033,792.4862512861033,792.4862512861033,-113.06368751585995,-109.78517325018063,-122.12961411385297,-122.60199003455655,-125.08302950584012,-125.24982517774124,-124.02196060878454,-136.7355619754077,-144.78815577929947,-0.0,-0.0,-0.0,792.4862512861033,792.4862512861033,792.4862512861033,792.4862512861033,792.4862512861033,-0.0,-113.06368751585995,-122.12961411385297,-109.78517325018063,-122.60199003455655,-125.08302950584012,-125.24982517774124,-124.02196060878454,-136.7355619754077,-144.78815577929947,14.427862872777613,14.025494058936902,11.42059905248681,9.824267198741548,14.934069029591173,15.045179969909883,9.80162079841393,7.904785420442632,11.101767918176542,-0.0,-0.0,-0.0,-0.0,-0.0,-0.0,-0.0,-0.0,-0.0,3.0487760848369843,3.0617699531594034,3.0385146009060437,2.79924775428124,3.0181553654904794,2.9397243516386107,3.0667797029358854,3.0695419289701937,3.094259223377514,10.904673469327316,10.75043988431936,11.440041894064981,7.388113729348342,14.018134995210714,14.000856720805652,10.132920217780141,10.500605685537796,11.875552525272,3.023435894389952,5.615878492012411,-4.384538211195884,-4.99781379218807,-6.088474393230171,-6.198489995838913,-6.0873160121638215,-16.10954912276632,-21.763063891399337
155.0,155.0,36.382318931279364,41.10553689503803,34.37287502636721,36.707568909606465,41.65169638742098,40.554904333808715,37.57497369468805,39.55291714073734,40.01015614325154,81.92597402799066,65.32456639405132,61.74626153909602,62.60462900002624,63.631350493437814,65.00732624433176,61.71695392563821,58.11298684108586,60.649102869496815,36.71350657381966,38.949842798550065,35.2334666365811,35.51705451548279,35.74230558143763,37.87825725964906,28.726517698163104,27.40284290615007,26.5263940618063,59.795316589908715,60.273080364237536,-4.773331954493606,61.35986011089987,49.52380328808448,49.38956275531747,61.49376737244513,63.08176039184832,64.0008379710902,790.2693809552559,790.2693809552559,790.2693809552559,790.2693809552559,790.2693809552559,790.2693809552559,790.2693809552559,790.2693809552559,790.2693809552559,-112.66818924925505,-109.35072388150716,-121.76347737569064,-122.12020361270596,-124.75347757946341,-124.9200500459679,-123.60532238898303,-136.24103161970913,-144.1239326468166,-0.0,-0.0,-0.0,790.2693809552559,790.2693809552559,790.2693809552559,790.2693809552559,790.2693809552559,-0.0,-112.66818924925505,-121.76347737569064,-109.35072388150716,-122.12020361270596,-124.75347757946341,-124.9200500459679,-123.60532238898303,-136.24103161970913,-144.1239326468166,14.31511391444636,13.932642445271108,11.23940576602398,9.087842775454678,14.935054924383309,15.045185611404095,9.380748870843911,7.106951316971386,10.681482890549749,-0.0,-0.0,-0.0,-0.0,-0.0,-0.0,-0.0,-0.0,-0.0,1.3958136946046964,1.401338947630254,1.3921658791781546,1.2868806362282514,1.3699316376772968,1.3490780434800564,1.3890440499321017,1.3877878336968772,1.3965397565500508,10.556267993777563,10.415717818101557,10.963070241729147,6.5867688114369205,12.784680784222367,12.69975450984088,8.766796540208704,9.16665452782339,11.43784010407887,3.0558902259495584,5.687051452176738,-4.385344007980709,-4.997834557725183,-6.088496571139877,-6.198496236527186,-6.087340474046633,-16.109519123217424,-21.573654371208576
155.0,155.0,36.37943535340104,41.10492388437741,34.361605470515954,36.70499736834704,41.65126276507958,40.5533122938491,37.57180397213127,39.55096489641335,40.00745305691492,81.90957586118593,65.3285124380259,61.73585503136759,62.59723092752196,63.62447228053942,65.00134206380245,61.70966905338719,58.09724358474309,60.63547136257171,36.70872836400241,38.94980469063898,35.21805505319624,35.503677016497505,35.73045912458773,37.87217536578853,28.70589677561938,27.3713098338842,26.500727063898292,59.76574306756218,60.23628128532609,-4.752697504505887,61.34789101671505,49.52555496373065,49.38786467342818,61.50267599694786,63.095960660252615,63.9794178266506,789.4109622354752,789.4109622354752,789.4109622354752,789.4109622354752,789.4109622354752,789.4109622354752,789.4109622354752,789.4109622354752,789.4109622354752,-112.44938380531804,-109.13258891903916,-121.59747101891237,-121.85504833186795,-124.6265059501917,-124.79235199260845,-123.39297352250884,-135.9551539997971,-143.7534265810072,-0.0,-0.0,-0.0,789.4109622354752,789.4109622354752,789.4109622354752,789.4109622354752,789.4109622354752,-0.0,-112.44938380531804,-121.59747101891237,-109.13258891903916,-121.85504833186795,-124.6265059501917,-124.79235199260845,-123.39297352250884,-135.9551539997971,-143.7534265810072,14.191198589713423,13.854045210186312,11.110008931073743,8.422208037179276,14.938610321819967,15.045196530013664,8.971013163011394,6.340619331241782,10.24246396682639,-0.0,-0.0,-0.0,-0.0,-0.0,-0.0,-0.0,-0.0,-0.0,1.0420321724911061,1.0456349205078164,1.0395047191356914,0.9598160649517308,1.016576556593529,1.0051913592057902,1.0301451081786126,1.0283422220747311,1.0337592647363774,10.327819451805375,10.212126572931107,10.64047318450061,6.237825984736143,12.237261761665719,12.132858411410064,8.15733122052329,8.563524598825213,11.163800262835386,3.1060003820516866,5.748828599480554,-4.376477522566189,-4.997803446403431,-6.088491867648223,-6.198495590901576,-6.087292569944838,-16.109538353849945,-21.457278418727718
155.0,155.0,36.37974814614292,41.104657507521054,34.35735920667108,36.70750661842934,41.650896971137,40.55166406789264,37.57462267754878,39.55183648103711,40.011898207039124,81.90327416700659,65.33853025193025,61.733823397187436,62.60524418408187,63.62957407323449,65.0067025900236,61.72368503032058,58.112194964425285,60.66801733057898,36.70680557863935,38.94899373696697,35.210876536511755,35.50806729320268,35.719288750724346,37.86509836458174,28.7211288922851,27.38227311647436,26.52139851332212,59.76857866653156,60.24165099106177,-4.74527170669891,61.3516576357203,49.5420708200508,49.40316499314908,61.5156203114031,63.105816607856895,63.977654754390805,789.1667262874064,789.1667262874064,789.1667262874064,789.1667262874064,789.1667262874064,789.1667262874064,789.1667262874064,789.1667262874064,789.1667262874064,-112.42352206468917,-109.0828477491336,-121.55796665833779,-121.79726432818451,-124.58950596259652,-124.75601931837296,-123.34791877779975,-135.89350001686753,-143.60371372687598,-0.0,-0.0,-0.0,789.1667262874064,789.1667262874064,789.1667262874064,789.1667262874064,789.1667262874064,-0.0,-112.42352206468917,-121.55796665833779,-109.0828477491336,-121.79726432818451,-124.58950596259652,-124.75601931837296,-123.34791877779975,-135.89350001686753,-143.60371372687598,14.199002941944537,13.800561893244826,11.07459613163851,8.318246748890495,14.935371153206,15.045193850342452,8.928436912993845,6.218148533094537,10.1989609410233,-0.0,-0.0,-0.0,-0.0,-0.0,-0.0,-0.0,-0.0,-0.0,0.9127620716327934,0.9158019707617916,0.9110374521127497,0.8410332942493506,0.8890264085070455,0.8803575652776465,0.900365727192903,0.8984220401384264,0.9027684805307559,10.145089015508033,10.033611240836048,10.383343561993186,6.012510720361084,11.907556119480006,11.803012602336672,7.804799522153352,8.210825139717942,10.950201054019873,3.099224698599857,5.750799134516061,-4.379642979790139,-4.997811744040349,-6.088493064257001,-6.198496149159758,-6.087344300412938,-16.109509305306315,-21.377438854855416
155.0,155.0,36.378700065127646,41.10426717207316,34.35486859828538,36.70400635657134,41.65148707744178,40.55223105531677,37.572116555614954,39.55099947304929,40.010556723571824,81.90178989510073,65.32920379477567,61.73410493565599,62.597445093771,63.62335348655761,65.00164122868384,61.71231490037705,58.09915464183098,60.6595895381373,36.70416331556191,38.946411837419284,35.20695046614018,35.50168216518698,35.72829595574244,37.86887949318062,28.708248547159027,27.373213186058653,26.52156469806443,59.77743134781381,60.251557786473036,-4.74619947890762,61.359233860096765,49.551174348917236,49.41094882790415,61.53357667216986,63.12387714435115,63.984018770331886,788.8846052049681,788.8846052049681,788.8846052049681,788.8846052049681,788.8846052049681,788.8846052049681,788.8846052049681,788.8846052049681,788.8846052049681,-112.36882585882817,-109.0088187253072,-121.50348441554367,-121.6993352402256,-124.54756546840827,-124.7140528752396,-123.27128864118896,-135.79835877606993,-143.5043493210915,-0.0,-0.0,-0.0,788.8846052049681,788.8846052049681,788.8846052049681,788.8846052049681,788.8846052049681,-0.0,-112.36882585882817,-121.50348441554367,-109.0088187253072,-121.6993352402256,-124.54756546840827,-124.7140528752396,-123.27128864118896,-135.79835877606993,-143.5043493210915,14.155144878568727,13.781984538543846,11.005235032216348,8.047125430016001,14.9354100225745,15.045183661041438,8.76048912364034,5.960528804246464,10.037019788550804,-0.0,-0.0,-0.0,-0.0,-0.0,-0.0,-0.0,-0.0,-0.0,0.9043338735839407,0.9069241741122512,0.9024659242627066,0.8323117361816953,0.879746663346088,0.8711240340586413,0.8904319747391922,0.8887427611544848,0.8929123914157672,9.917767179137023,9.807704364470046,10.101012626539648,5.805785382881909,11.649680246700013,11.557094986752857,7.508528421113022,7.916125599531545,10.713510467697263,3.102033909257705,5.774295671375144,-4.381023749781324,-4.997819774174457,-6.088508491961201,-6.198499477581039,-6.087352005754468,-16.1095177548887,-21.359112145976006
155.0,155.0,36.377861028801206,41.10430210387365,34.34988664730121,36.70255826412201,41.65169405342561,40.552188111921296,37.570888393327785,39.55029053844048,40.00767813094473,81.90503345361441,65.33111504185013,61.7299319219375,62.59335573397422,63.621788063629566,64.99915829736112,61.70918513613176,58.0912539597973,60.64473393988821,36.703101104121416,38.94648161994936,35.20270405429597,35.49349677356547,35.723810823730055,37.86746522346305,28.699719626469463,27.355626272104363,26.50150950732452,59.765810219262455,60.23344604289181,-4.755632004383879,61.35234131570375,49.543290193812474,49.39636608692215,61.528192803978385,63.12221335698322,63.97520272343389,788.5143726702156,788.5143726702156,788.5143726702156,788.5143726702156,788.5143726702156,788.5143726702156,788.5143726702156,788.5143726702156,788.5143726702156,-112.25277527618958,-108.90722822849084,-121.41961872665466,-121.54160746844148,-124.49298196965265,-124.65896908228629,-123.14949027644003,-135.63138164789325,-143.32532171403292,-0.0,-0.0,-0.0,788.5143726702156,788.5143726702156,788.5143726702156,788.5143726702156,788.5143726702156,-0.0,-112.25277527618958,-121.41961872665466,-108.90722822849084,-121.54160746844148,-124.49298196965265,-124.65896908228629,-123.14949027644003,-135.63138164789325,-143.32532171403292,14.057976013251404,13.727092718370214,10.91131842844225,7.550165148954047,14.937881890489791,15.045174756889928,8.43771136949834,5.418244518798417,9.708590415125279,-0.0,-0.0,-0.0,-0.0,-0.0,-0.0,-0.0,-0.0,-0.0,0.9836447623090392,0.9860466306641191,0.9810881962834596,0.9033358960064771,0.9560746085285349,0.9457415576874172,0.967906483886876,0.9662088930731013,0.9705725726189443,9.758709914159551,9.656735781182332,9.895695202385042,5.659964977736914,11.474383119670268,11.388104086525194,7.320200122353849,7.72592131457976,10.55904166219127,3.133323444241211,5.803583733108015,-4.373834252903067,-4.997775489609318,-6.088495083664872,-6.198495125476081,-6.087285370105702,-16.109555630240475,-21.316171533832268
155.0,155.0,36.381006259285854,41.1047435251018,34.35069620860462,36.70650586150113,41.651636089867175,40.551221080398534,37.57338225475737,39.5526275903602,40.01391254856179,81.91294282124592,65.34467343315507,61.731962015060034,62.60409467546134,63.63067840819477,65.00569979540559,61.71877567252168,58.11997838142099,60.692992601376965,36.70468574301069,38.94841720519324,35.204899639871634,35.503753631633245,35.71756029481521,37.861214782261634,28.710759801599053,27.38348321734248,26.537154143890028,59.79552047943914,60.26596251413503,-4.770231663543088,61.37589535817459,49.577386086749755,49.439118382580695,61.5547201205546,63.14053792933217,63.99508911027303,788.8861177432998,788.8861177432998,788.8861177432998,788.8861177432998,788.8861177432998,788.8861177432998,788.8861177432998,788.8861177432998,788.8861177432998,-112.33982340991962,-108.97880604279614,-121.47999682631382,-121.62162226352679,-124.5473698084781,-124.7142631980117,-123.22655162747834,-135.71651965832763,-143.35342574793344,-0.0,-0.0,-0.0,788.8861177432998,788.8861177432998,788.8861177432998,788.8861177432998,788.8861177432998,-0.0,-112.33982340991962,-121.47999682631382,-108.97880604279614,-121.62162226352679,-124.5473698084781,-124.7142631980117,-123.22655162747834,-135.71651965832763,-143.35342574793344,14.093988491044136,13.694769106540406,10.907060765973881,7.669841715651705,14.933518323998312,15.04516057354177,8.542996199195533,5.562845473599904,9.855360083491377,-0.0,-0.0,-0.0,-0.0,-0.0,-0.0,-0.0,-0.0,-0.0,1.1753412515382313,1.1782227016863402,1.1722224480636219,1.0800178968386025,1.146677914979487,1.131647869548211,1.1607200463293,1.1593168923224066,1.1646793073618762,9.629837989701606,9.52612752793662,9.735627453826194,5.550458625723905,11.329537824168861,11.250596059150107,7.170807054992482,7.586801961263187,10.431712988909002,3.114730487837936,5.784479025330745,-4.378388961687343,-4.997781014035689,-6.088485441889203,-6.198491892665923,-6.087304368400826,-16.109544153038986,-21.27220075681646
155.0,155.0,36.37617545120603,41.10454582266591,34.349746225825534,36.70366651220265,41.652573059990054,40.551976807275764,37.57524922125642,39.5534348781162,40.01408871204687,81.92056905943512,65.33083215992575,61.73520395365693,62.597537860537244,63.62829990879962,65.00136452812643,61.718963169305006,58.12809756175207,60.70192042810823,36.70215331832352,38.94435714056122,35.20549333289757,35.50004441644497,35.72544797456084,37.864971477826636,28.72210900684942,27.39296710151963,26.550718843441658,59.864991444641674,60.33668977725123,-4.785135498694097,61.4380035388035,49.64894850389097,49.54752110624049,61.62212532451733,63.20530157043078,64.06168137243866,789.7772967119288,789.7772967119288,789.7772967119288,789.7772967119288,789.7772967119288,789.7772967119288,789.7772967119288,789.7772967119288,789.7772967119288,-112.47835360429394,-109.11069285225506,-121.60905501811465,-121.72640439335866,-124.67979711704919,-124.84683100261701,-123.3373086362704,-135.83222273900222,-143.4720708480418,-0.0,-0.0,-0.0,789.7772967119288,789.7772967119288,789.7772967119288,789.7772967119288,789.7772967119288,-0.0,-112.47835360429394,-121.60905501811465,-109.11069285225506,-121.72640439335866,-124.67979711704919,-124.84683100261701,-123.3373086362704,-135.83222273900222,-143.4720708480418,14.06555680660897,13.70022779817902,10.86473983134601,7.535201433279127,14.932817903241437,15.04513977581995,8.437477902676486,5.481057715122443,9.930541900176927,-0.0,-0.0,-0.0,-0.0,-0.0,-0.0,-0.0,-0.0,-0.0,1.3570734120372452,1.3598000509354458,1.352861202396322,1.2453212780369498,1.3254358812492506,1.3057758308163256,1.3365501858355309,1.3373381478937107,1.3451003362128096,9.467737716673891,9.369004175247753,9.569253031477112,5.431160770813295,11.158643735117348,11.111837825074128,6.99630905386143,7.401251468858858,10.199968714192902,3.1056859246266804,5.785988300550223,-4.38238257978929,-4.997784572971662,-6.088484665994246,-6.198491264462015,-6.087279532469357,-16.109555326352027,-21.24967990806604
155.0,155.0,36.37219870874917,41.10374630635192,34.33548348723351,36.70172021241498,41.653302294234656,40.5495748557101,37.57377663720784,39.5527807965296,40.00783846227179,81.90632491368035,65.32691248245808,61.7288859179696,62.590562323757744,63.62823331260187,64.9962239486336,61.711567364870646,58.132883193285046,60.67442647487405,36.696746491722585,38.940035592800776,35.19003212643523,35.48938911491415,35.71675110739831,37.855408418076806,28.706544279604508,27.376470652551134,26.51326607782634,59.96165437357456,60.43169374098715,-4.764361580824982,61.53434491862789,49.75905249092047,49.76668286074352,61.729364684326924,63.30271806837806,64.16843497255566,791.2668138256169,791.2668138256169,791.2668138256169,791.2668138256169,791.2668138256169,791.2668138256169,791.2668138256169,791.2668138256169,791.2668138256169,-112.64964338964516,-109.29677274036828,-121.80926639427103,-121.84994264504007,-124.90188066137922,-125.06839841621814,-123.48192356087245,-135.91565551817297,-143.58441121259375,-0.0,-0.0,-0.0,791.2668138256169,791.2668138256169,791.2668138256169,791.2668138256169,791.2668138256169,-0.0,-112.64964338964516,-121.80926639427103,-109.29677274036828,-121.84994264504007,-124.90188066137922,-125.06839841621814,-123.48192356087245,-135.91565551817297,-143.58441121259375,13.966874293585764,13.683919766410463,10.804874118560727,7.060634304836285,14.935455934624773,15.04510567239716,8.065295700362302,4.811691100903044,9.472867319483171,-0.0,-0.0,-0.0,-0.0,-0.0,-0.0,-0.0,-0.0,-0.0,0.9775080780429923,0.9788882397780135,0.9740428827937074,0.893648738468394,0.9429462537140069,0.93675565917557,0.9384705627528337,0.9448534022937504,0.9567837231771859,9.361443074797302,9.268462714777469,9.447780440689423,5.303983190532348,10.99160057783671,10.982123442319052,6.797911629407394,7.219628303574931,9.984284517663182,3.1285676724714873,5.812740390876667,-4.375490413975509,-4.997728359607323,-6.08845138263527,-6.198485138100558,-6.087177508814401,-16.10958275596695,-21.238393125395284
155.0,155.0,36.37387865481651,41.103117032432515,34.32458839375283,36.70276982676546,41.65367393278023,40.545959217015934,37.574296348674906,39.55236941685845,40.006747807994735,81.88880956370613,65.33795463007249,61.72989034972582,62.592703285794826,63.625049874086564,64.99768779113239,61.71488951261179,58.13273829943694,60.67810071691425,36.6932234228675,38.93598851970061,35.178395047008685,35.4890446577468,35.69214551918117,37.83898236135284,28.701760150553937,27.365685399021224,26.499436654946816,59.99907957475939,60.473038423031106,-4.743969227925541,61.5693565214453,49.78072999795832,49.85092641995075,61.77376450222238,63.33465865620804,64.20664450563227,791.692590673493,791.692590673493,791.692590673493,791.692590673493,791.692590673493,791.692590673493,791.692590673493,791.692590673493,791.692590673493,-112.76949207994137,-109.42076477328692,-121.87838034779357,-121.9547747309955,-124.96427952792527,-125.13171947151504,-123.50240091915677,-135.96717975469403,-143.6559585461541,-0.0,-0.0,-0.0,791.692590673493,791.692590673493,791.692590673493,791.692590673493,791.692590673493,-0.0,-112.76949207994137,-121.87838034779357,-109.42076477328692,-121.9547747309955,-124.96427952792527,-125.13171947151504,-123.50240091915677,-135.96717975469403,-143.6559585461541,14.015316865337653,13.673359259229828,10.822236360130706,7.261391173005006,14.931020449748615,15.0450537729122,7.857649851201182,4.754621261192766,9.635088716062288,-0.0,-0.0,-0.0,-0.0,-0.0,-0.0,-0.0,-0.0,-0.0,0.629067431923791,0.6301546898087746,0.6274936277618135,0.5759052661062599,0.6036722538413378,0.6039134695486591,0.5967457975445328,0.6025335905465867,0.6109678079719539,9.251446344277307,9.140214773046727,9.285776897126206,5.167813374398511,10.838862633223224,10.848052060226804,6.600056157571916,7.059892473257614,9.851150789169951,3.0929997793762425,5.760433929502678,-4.377165641147778,-4.997765280913147,-6.088432593654411,-6.198479526961894,-6.087181431089556,-16.109557332643835,-21.219059307996083
155.0,155.0,36.370357809291626,41.10263341051577,34.316922774618945,36.697832102404995,41.65482895768925,40.54572712154095,37.56822161698292,39.55095762759671,40.00302954074813,81.88334396840715,65.32604960556296,61.72963772320684,62.58255844491327,63.61916266776371,64.99228218064086,61.698656416312524,58.11696613332073,60.663915072271855,36.68988017913077,38.92924209426328,35.178470118929525,35.48070261324941,35.697355385315525,37.83974627097233,28.677569657228617,27.349822377766472,26.489705668951867,60.01914600244059,60.49968272303186,-4.741778558184926,61.581830411213495,49.778827244995725,49.8513742714138,61.793246988431655,63.351967387705336,64.21810700239088,791.5943051653353,791.5943051653353,791.5943051653353,791.5943051653353,791.5943051653353,791.5943051653353,791.5943051653353,791.5943051653353,791.5943051653353,-112.77709140649625,-109.42082924758273,-121.85046388904628,-121.87553481163488,-124.9498373217263,-125.1170862805464,-123.46948961693482,-135.92814618973313,-143.62846244886097,-0.0,-0.0,-0.0,791.5943051653353,791.5943051653353,791.5943051653353,791.5943051653353,791.5943051653353,-0.0,-112.77709140649625,-121.85046388904628,-109.42082924758273,-121.87553481163488,-124.9498373217263,-125.1170862805464,-123.46948961693482,-135.92814618973313,-143.62846244886097,13.964889905716475,13.62641154545157,10.75359558426422,6.948097693549083,14.931915046700727,15.045008144597022,7.769352577784174,4.636380273377161,9.558670372998666,-0.0,-0.0,-0.0,-0.0,-0.0,-0.0,-0.0,-0.0,-0.0,0.5394965516739664,0.5401726471426919,0.5373295785799869,0.5191905789713547,0.5428160039465146,0.5436385415534243,0.5332702197651703,0.5397771018548302,0.5472487717789742,9.039243358287733,8.914516491988081,9.03344873088037,5.031956285438113,10.682358326702905,10.719168124606698,6.441703664749321,6.913066860841368,9.713092296801204,3.0680453822661615,5.740140424399001,-4.377834781188397,-4.997809766902706,-6.088428149438566,-6.198477466828847,-6.087134064946016,-16.109555381494093,-21.221277822447
155.0,155.0,36.36880309558921,41.10213034264151,34.31049254874735,36.69683177028758,41.65540158406537,40.54385545265407,37.5666332339417,39.54930687360167,40.00097046837933,81.87453400276263,65.3168136845717,61.723824330891304,62.581639400809244,63.6161333321199,64.98706549725634,61.69945008650742,58.10593978359168,60.6644183420014,36.6872670170057,38.922820396640255,35.17705782272807,35.473608688722244,35.690226221694104,37.83323424931724,28.668951644210132,27.320853006750195,26.477143152802682,60.02898500216847,60.50802292555051,-4.730455122285207,61.59004995792605,49.77892843767324,49.84693496036929,61.79828649649378,63.36182174466989,64.22919874639729,791.5402734848631,791.5402734848631,791.5402734848631,791.5402734848631,791.5402734848631,791.5402734848631,791.5402734848631,791.5402734848631,791.5402734848631,-112.69630656818018,-109.35536628232498,-121.78455994353598,-121.77896930986944,-124.94306871668677,-125.10903482482526,-123.40398619134302,-135.81236452859673,-143.5485593358661,-0.0,-0.0,-0.0,791.5402734848631,791.5402734848631,791.5402734848631,791.5402734848631,791.5402734848631,-0.0,-112.69630656818018,-121.78455994353598,-109.35536628232498,-121.77896930986944,-124.94306871668677,-125.10903482482526,-123.40398619134302,-135.81236452859673,-143.5485593358661,13.831095761079984,13.486875920691617,10.49264431394118,6.519446265613747,14.938209370742419,15.044966166697078,7.491563090206844,4.114324679867505,9.026173579568052,-0.0,-0.0,-0.0,-0.0,-0.0,-0.0,-0.0,-0.0,-0.0,0.34347098303520623,0.3438795953075572,0.3417978539794859,0.3379083377808138,0.3525504689985329,0.3527341333523205,0.3476432779054694,0.3513464566545679,0.3556073716678176,8.864767948014494,8.758471840502297,8.866110617866532,4.939506567348494,10.60479449787534,10.641749614796911,6.3572401631819435,6.827016409097752,9.62714135198735,3.1025558221732426,5.763964881460522,-4.37477977982093,-4.997782302428892,-6.088405055569443,-6.198473667509425,-6.087043735529148,-16.109578702100535,-21.250387802122862
155.0,155.0,36.367337747118505,41.10217034663342,34.305229139021236,36.69851242228536,41.655699394033284,40.541643419181085,37.56609468502722,39.55020267861342,40.00133120195969,81.87082780125118,65.32706226851015,61.72273648623929,62.5870858277425,63.61744711404025,64.98942310331701,61.70099829630769,58.11668390803789,60.66589524214003,36.68533158255211,38.9212168053694,35.173827393421114,35.47478538350671,35.67579575449319,37.82264245163012,28.663558701484938,27.32899319533131,26.46913945833466,60.064754073566824,60.54283419453354,-4.728385706193892,61.61366297088939,49.790104270026056,49.893431665259,61.82578400128946,63.381471998037014,64.25565943326659,791.9110198941156,791.9110198941156,791.9110198941156,791.9110198941156,791.9110198941156,791.9110198941156,791.9110198941156,791.9110198941156,791.9110198941156,-112.82839227264971,-109.454589646714,-121.85366613667804,-121.87389718613602,-124.99636144549291,-125.16418984084854,-123.4797668784029,-135.9169540209746,-143.62489568811137,-0.0,-0.0,-0.0,791.9110198941156,791.9110198941156,791.9110198941156,791.9110198941156,791.9110198941156,-0.0,-112.82839227264971,-121.85366613667804,-109.454589646714,-121.87389718613602,-124.99636144549291,-125.16418984084854,-123.4797668784029,-135.9169540209746,-143.62489568811137,13.87177952753424,13.492918710175521,10.530446118078649,6.711929952859487,14.929245333470517,15.044990825296999,7.591162530610569,4.35387618944061,9.381076098600891,-0.0,-0.0,-0.0,-0.0,-0.0,-0.0,-0.0,-0.0,-0.0,0.2741540279232276,0.2744101149570938,0.2727443320388098,0.27003228398145934,0.2817823336877685,0.2815669035951794,0.27831992966349334,0.2811041925645147,0.2842939746434192,8.748152181368278,8.670658108990029,8.77676575878553,4.891712513127712,10.546173974291145,10.589440831528979,6.293730469722602,6.768530792493234,9.556996688878757,3.0501441219927123,5.728315998772344,-4.379482701478852,-4.997811669996571,-6.088397848802564,-6.198471539142972,-6.087094549931079,-16.109565877285224,-21.21055698981209
155.0,155.0,36.363469040138504,41.101833276264934,34.30447069720869,36.695710230428396,41.65652935372853,40.542212599840454,37.5637611123197,39.54974207323643,39.999709850750634,81.8687288612877,65.31453711779015,61.72606709138326,62.58084962004501,63.613252244896046,64.98583758677088,61.69207014218486,58.11232130798497,60.66120456688544,36.682883948688165,38.91683764901375,35.173912087137374,35.47162257872481,35.685079839249866,37.82703279862057,28.656476597025286,27.32854594739593,26.47102620981698,60.07852183975692,60.55954847556591,-4.726411106459306,61.62209132782703,49.79383496290032,49.909597118923145,61.83681949087871,63.391858227592174,64.26507960156485,791.8674087091944,791.8674087091944,791.8674087091944,791.8674087091944,791.8674087091944,791.8674087091944,791.8674087091944,791.8674087091944,791.8674087091944,-112.84204661236097,-109.44384255173225,-121.84709878763309,-121.85567753474174,-124.990470701336,-125.15770489598,-123.46189653550864,-135.8951801129402,-143.60986947894932,-0.0,-0.0,-0.0,791.8674087091944,791.8674087091944,791.8674087091944,791.8674087091944,791.8674087091944,-0.0,-112.84204661236097,-121.84709878763309,-109.44384255173225,-121.85567753474174,-124.990470701336,-125.15770489598,-123.46189653550864,-135.8951801129402,-143.60986947894932,13.867258142680148,13.496752478713272,10.506669571836708,6.655071821865619,14.932069529125211,15.044991029826054,7.535987686734029,4.279771792462929,9.39198634544925,-0.0,-0.0,-0.0,-0.0,-0.0,-0.0,-0.0,-0.0,-0.0,0.24275417298740884,0.24300378181698484,0.2416045721291386,0.23850756907890514,0.24896822471682045,0.2486372414634059,0.24627040881070325,0.24865937313608155,0.25132321858405254,8.633331259118831,8.551983127749216,8.667807767235365,4.823949896189726,10.463907137064805,10.51587440465255,6.205037063316473,6.686550952127295,9.450346067187503,3.0340266449373603,5.732520700051435,-4.383175533673795,-4.997816201030121,-6.0884084620423815,-6.198473579793949,-6.087100462806429,-16.10957507437807,-21.202304623746304
155.0,155.0,36.365333014746966,41.1019099639103,34.30252566394742,36.69634068334346,41.656751273016305,40.54203560637771,37.5641626938116,39.5495879529819,39.999245010552464,81.86812976548987,65.3171592701544,61.72579410370454,62.58164930807422,63.613578778838274,64.98375121109922,61.69627201467884,58.11798443527242,60.6681483416796,36.683029108423796,38.917481568583995,35.173195341628386,35.47070634193894,35.68365106970507,37.827070302388066,28.659299264351397,27.321206061349258,26.470717576757384,60.08476296178666,60.56562102461733,-4.726083589897728,61.63289373759911,49.80948485808734,49.93786791443103,61.843194421485826,63.4017258584962,64.27865256978995,791.9899534312841,791.9899534312841,791.9899534312841,791.9899534312841,791.9899534312841,791.9899534312841,791.9899534312841,791.9899534312841,791.9899534312841,-112.7710956230855,-109.42745727605629,-121.84333893873492,-121.80858887675139,-125.01054544067179,-125.17591873875121,-123.42644587224973,-135.80765235678504,-143.5577972503323,-0.0,-0.0,-0.0,791.9899534312841,791.9899534312841,791.9899534312841,791.9899534312841,791.9899534312841,-0.0,-112.7710956230855,-121.84333893873492,-109.42745727605629,-121.80858887675139,-125.01054544067179,-125.17591873875121,-123.42644587224973,-135.80765235678504,-143.5577972503323,13.783359515384545,13.46905960918976,10.419171570327578,6.338865199358664,14.941105800062745,15.044917366011854,7.276346360646221,3.76723733278622,8.903934416114952,-0.0,-0.0,-0.0,-0.0,-0.0,-0.0,-0.0,-0.0,-0.0,0.2226263868302728,0.22288878367108617,0.2216128957100734,0.21745229491799783,0.22711350864695837,0.2267454098300012,0.22504972282680646,0.22713728940416908,0.22951441174585924,8.567116745588773,8.495520512911396,8.610743453748698,4.77565333464645,10.42277012676264,10.47309974685596,6.152324024996715,6.628986744596058,9.385579549542566,3.0889823184994216,5.756577508470987,-4.380172751143266,-4.997785489301524,-6.088392679140152,-6.198472922870141,-6.087039564289967,-16.10961415645012,-21.225593192610944
155.0,155.0,36.3671045958757,41.10201851756044,34.3020407804644,36.69908249928359,41.656447043760515,40.54006718064397,37.564771097296905,39.550491223862295,40.00034698395911,81.8669260870948,65.32658322110797,61.72511545013758,62.5890149456817,63.6162922556957,64.98663224247215,61.699066188356504,58.124952472000295,60.66684359530266,36.68345468427151,38.917788663064876,35.17247517749077,35.47557650110315,35.672080428023555,37.815916732550555,28.658855193425776,27.329544158806712,26.4650557250334,60.095101424628126,60.57305192446716,-4.72535292611789,61.63568002231119,49.80494925922567,49.939653314481575,61.849762136191245,63.403368719049574,64.28483119828415,792.0486841376575,792.0486841376575,792.0486841376575,792.0486841376575,792.0486841376575,792.0486841376575,792.0486841376575,792.0486841376575,792.0486841376575,-112.86697006070284,-109.47453188210233,-121.86922250023893,-121.86654646518781,-125.01691383759301,-125.18466917524445,-123.46736369496372,-135.88379468082363,-143.5935442528344,-0.0,-0.0,-0.0,792.0486841376575,792.0486841376575,792.0486841376575,792.0486841376575,792.0486841376575,-0.0,-112.86697006070284,-121.86922250023893,-109.47453188210233,-121.86654646518781,-125.01691383759301,-125.18466917524445,-123.46736369496372,-135.88379468082363,-143.5935442528344,13.853047158026081,13.477887630584226,10.482396518730411,6.577125300433842,14.929630532104529,15.044986160868751,7.431790809459968,4.0938075888200345,9.321208002483127,-0.0,-0.0,-0.0,-0.0,-0.0,-0.0,-0.0,-0.0,-0.0,0.2093787548164955,0.20964173661662888,0.20842569164185965,0.2036285541760707,0.21293818978491155,0.2124739992357776,0.21120854462791527,0.21308771786113506,0.21532090865903256,8.517473385509263,8.449802248395436,8.558459590340567,4.745625990671484,10.38906504648385,10.438360587292255,6.1076395294115455,6.578934880616153,9.326724202490889,3.0333456841729753,5.726179740657301,-4.383303960616173,-4.997811323599153,-6.08839307861051,-6.198472448393737,-6.087108900991044,-16.109604650060582,-21.180371238383845
155.0,155.0,36.3640418969322,41.10179232427023,34.30460665715034,36.696353542835034,41.656862131187985,40.54155055640611,37.56369374199597,39.54785400812482,39.999875697782734,81.8663063031852,65.31753996009995,61.731860262658,62.58194602681744,63.61274660829145,64.98541685265775,61.69159723453488,58.08799506824692,60.665364514444654,36.681903409512095,38.91628966791041,35.174139488073536,35.473015938788066,35.68327168955752,37.82491926228189,28.65565176535184,27.298439474661972,26.471276977983862,60.09650201583232,60.575822727464285,-4.72332972628579,61.63360321916811,49.804272509785214,49.93376282860158,61.85130960952666,63.41088021787439,64.2837972241955,791.868020840399,791.868020840399,791.868020840399,791.868020840399,791.868020840399,791.868020840399,791.868020840399,791.868020840399,791.868020840399,-112.84418240919203,-109.43948907666591,-121.84727983956485,-121.83416217009655,-124.9906299724287,-125.15779780677738,-123.4370810411774,-135.85588959587355,-143.55658007728363,-0.0,-0.0,-0.0,791.868020840399,791.868020840399,791.868020840399,791.868020840399,791.868020840399,-0.0,-112.84418240919203,-121.84727983956485,-109.43948907666591,-121.83416217009655,-124.9906299724287,-125.15779780677738,-123.4370810411774,-135.85588959587355,-143.55658007728363,13.845431313597853,13.48393763550847,10.495407656306623,6.550391182319766,14.932385730670106,15.04498669617805,7.415185982247051,4.08888234434721,9.376612132343771,-0.0,-0.0,-0.0,-0.0,-0.0,-0.0,-0.0,-0.0,-0.0,0.20460705014894998,0.20489425976388673,0.2037646978873841,0.19824252559670275,0.20749535837615407,0.20695824110660171,0.20599430831866125,0.20770568697279407,0.20990191259291605,8.429586053342588,8.364991245354572,8.468296279956107,4.695515117306215,10.322104685219127,10.375344703908869,6.029011203064418,6.494092036736873,9.227989004961923,3.029016965314785,5.73401831797063,-4.385022355569986,-4.997819322123982,-6.0884107045388625,-6.19847567829705,-6.0871249505713925,-16.10959501115869,-21.16390899035077
155.0,155.0,36.366551064295486,41.10196504440852,34.303642788560396,36.69674972896705,41.656775541093516,40.54153770372476,37.56413927206883,39.548959401226256,39.99990041654099,81.8666262420526,65.32300734707847,61.72911546497599,62.5817790134372,63.61318964584759,64.98330825123202,61.69433003886566,58.11081703500707,60.671418738051955,36.682729536683745,38.91932062814486,35.17381388194639,35.47175287964983,35.68344363940424,37.82573282362919,28.65710957509205,27.31124509381076,26.471597299857727,60.092873051174536,60.57151894833289,-4.723730948283352,61.63622442186176,49.81552471913191,49.94137160802576,61.85057837607295,63.41082050753241,64.2891725846834,791.8754529435719,791.8754529435719,791.8754529435719,791.8754529435719,791.8754529435719,791.8754529435719,791.8754529435719,791.8754529435719,791.8754529435719,-112.74592405614244,-109.398527687097,-121.83669331744326,-121.77037633240178,-124.99348819981735,-125.15888998397868,-123.38667795121087,-135.751909692685,-143.4776375147381,-0.0,-0.0,-0.0,791.8754529435719,791.8754529435719,791.8754529435719,791.8754529435719,791.8754529435719,-0.0,-112.74592405614244,-121.83669331744326,-109.398527687097,-121.77037633240178,-124.99348819981735,-125.15888998397868,-123.38667795121087,-135.751909692685,-143.4776375147381,13.762338114787834,13.46608737558782,10.471594492204733,6.236228878716472,14.940926125019631,15.044920254048748,7.166014548496382,3.5796503297544002,8.882540757391082,-0.0,-0.0,-0.0,-0.0,-0.0,-0.0,-0.0,-0.0,-0.0,0.20181219379352974,0.20212378004202547,0.2009805626476671,0.1945658392091531,0.20377917167073595,0.2032787979349509,0.20268464304292008,0.20425509789457325,0.20637900339840964,8.382331301831451,8.325225470508864,8.414910669204524,4.65806031896159,10.29734152377706,10.338193244750013,5.978974435878893,6.441572127257773,9.168320943426256,3.0918873271851024,5.76597003242653,-4.3798403214363955,-4.997792500269634,-6.088402689911551,-6.198475895885169,-6.0870720399509315,-16.109626742967524,-21.180694583860653
155.0,155.0,36.368334357233934,41.10193512384931,34.3052159971601,36.70009497231164,41.65604676873626,40.54058704402311,37.56634408811557,39.54945245116836,40.00287252616883,81.86634259508092,65.32870483548159,61.726816479949086,62.59036976094061,63.61572362333203,64.98843955259467,61.700194824161194,58.112938641772814,60.68084400936964,36.68353894274215,38.919752064429716,35.17407928605988,35.47891190524463,35.67254556170564,37.820393959143594,28.66312840732321,27.317680980360297,26.475906075890315,60.09241835538076,60.56925037842507,-4.722928007622068,61.6293301331364,49.80853666398672,49.92175780175286,61.84644481225486,63.404965007541605,64.28334678805736,791.7900592489826,791.7900592489826,791.7900592489826,791.7900592489826,791.7900592489826,791.7900592489826,791.7900592489826,791.7900592489826,791.7900592489826,-112.80735542327218,-109.4213049968927,-121.83291104094224,-121.81030385455708,-124.97870790489068,-125.14620073954777,-123.41002466329194,-135.80997415282178,-143.51809226897743,-0.0,-0.0,-0.0,791.7900592489826,791.7900592489826,791.7900592489826,791.7900592489826,791.7900592489826,-0.0,-112.80735542327218,-121.83291104094224,-109.4213049968927,-121.81030385455708,-124.97870790489068,-125.14620073954777,-123.41002466329194,-135.80997415282178,-143.51809226897743,13.83538358212325,13.474194707179691,10.501535789215657,6.490998420868153,14.9308300297506,15.04498445555881,7.340107355837471,3.922617443215108,9.446497610649145,-0.0,-0.0,-0.0,-0.0,-0.0,-0.0,-0.0,-0.0,-0.0,0.2043337233216212,0.2047227581302597,0.2036531618987352,0.19662272047024706,0.2062276892510518,0.2056557462769074,0.20541862201570765,0.20678982325718656,0.20887180218053591,8.342034062698412,8.282759549531006,8.358880649551574,4.630810378837997,10.276068943658816,10.306125894342983,5.935918056551375,6.3949448167964595,9.123307476395173,3.046724856349786,5.737826906903697,-4.381935629786356,-4.997819724214613,-6.088408227200352,-6.198476489749764,-6.087156067425725,-16.109599847256032,-21.13231133698784
155.0,155.0,36.36682012506214,41.101671829428874,34.309017774866696,36.69751326974203,41.655816364335564,40.54218438797238,37.565776814192425,39.54803370217277,40.00353191974192,81.8663475496524,65.31960972326269,61.7273268194932,62.583304131970486,63.61197375650558,64.98788397146025,61.69291543646398,58.095369431351926,60.67983283830007,36.682790703468534,38.92043264138831,35.17552786125829,35.47666924984035,35.685120465432036,37.83010511486207,28.659950236364786,27.311198187549333,26.483383962883487,60.07481462138696,60.55176319883122,-4.721164671713788,61.60804314556095,49.79815222208619,49.87402151805053,61.82763339896688,63.39194250082887,64.2627280822207,791.3047454392294,791.3047454392294,791.3047454392294,791.3047454392294,791.3047454392294,791.3047454392294,791.3047454392294,791.3047454392294,791.3047454392294,-112.72665780353407,-109.33065057346484,-121.76536090810923,-121.73100558690669,-124.90728023284996,-125.07401153520415,-123.33702897629537,-135.74143152069146,-143.4234129767729,-0.0,-0.0,-0.0,791.3047454392294,791.3047454392294,791.3047454392294,791.3047454392294,791.3047454392294,-0.0,-112.72665780353407,-121.76536090810923,-109.33065057346484,-121.73100558690669,-124.90728023284996,-125.07401153520415,-123.33702897629537,-135.74143152069146,-143.4234129767729,13.833756262960218,13.480652219398994,10.528592956777526,6.456537048091488,14.934409101369054,15.044989193641781,7.335990081840545,3.940410252325562,9.411733327972641,-0.0,-0.0,-0.0,-0.0,-0.0,-0.0,-0.0,-0.0,-0.0,0.2129941829709097,0.21346378669785346,0.2123493317964037,0.20416137142948615,0.21459748110523888,0.2139908476003929,0.21438135465741942,0.21531487740716423,0.21747939006375425,8.243836151112863,8.190096835989026,8.255526572697281,4.58564696650585,10.226912268127446,10.250506401973443,5.866065507803506,6.327419385887958,9.048027019440195,3.052969655012745,5.754302785833315,-4.381216781456946,-4.997828837724841,-6.0884306783883515,-6.198480863070466,-6.087194452997592,-16.10958461439194,-21.120605587250417
155.0,155.0,36.36934918939301,41.10188111587434,34.31468711691257,36.69777773891442,41.65467464972644,40.54285573927091,37.56770613973973,39.547217138155304,40.0049987119419,81.86894338883859,65.32352614989954,61.725629529681036,62.581861284623386,63.613303396881115,64.98892266142042,61.69771339433648,58.09312567553606,60.68020690575887,36.684728548095954,38.92598404470643,35.17919152374896,35.47473855588509,35.68832098529749,37.834944274157756,28.66357753601092,27.30751337786675,26.479970802174247,60.06267451009218,60.53759498237531,-4.720776128766287,61.59936856304343,49.81602343534897,49.87978640306259,61.81558916946592,63.387396408266135,64.25877541301742,791.1799439445356,791.1799439445356,791.1799439445356,791.1799439445356,791.1799439445356,791.1799439445356,791.1799439445356,791.1799439445356,791.1799439445356,-112.59960182429863,-109.26288142335407,-121.73129258735686,-121.63961026096712,-124.8899739050681,-125.05545234726465,-123.2849224932959,-135.62116111919775,-143.34517224536302,-0.0,-0.0,-0.0,791.1799439445356,791.1799439445356,791.1799439445356,791.1799439445356,791.1799439445356,-0.0,-112.59960182429863,-121.73129258735686,-109.26288142335407,-121.63961026096712,-124.8899739050681,-125.05545234726465,-123.2849224932959,-135.62116111919775,-143.34517224536302,13.755118232370437,13.455722212801064,10.50094564413392,6.103968726596759,14.940509242966447,15.045010851687433,7.173667997251096,3.4475479692184026,8.839096420129772,-0.0,-0.0,-0.0,-0.0,-0.0,-0.0,-0.0,-0.0,-0.0,0.2542849727338866,0.2549638275188274,0.25364314425453716,0.2449438316001358,0.25843794933440073,0.2573525102747424,0.2596503333212161,0.25985893666881527,0.2625743828402054,8.190890990481662,8.147229023183101,8.206385776641623,4.5611664118255435,10.22409846967776,10.237341008441188,5.84791800113331,6.296182321375952,9.021949671461158,3.123522820016752,5.79097872081142,-4.373725935030332,-4.997794655343208,-6.0884306590396635,-6.198482369932944,-6.087170962522984,-16.10961736793322,-21.165375266636815
155.0,155.0,36.37344698786214,41.10217091605017,34.32428233243357,36.70220036393222,41.653005037986944,40.54245661923011,37.57019993990266,39.54781414778,40.00848736776031,81.87168773650677,65.33433377973394,61.7278615991903,62.59236759050702,63.61809876059371,64.9957121964464,61.711260410270114,58.099158249761395,60.68656135258616,36.68783134769963,38.93110253646819,35.1849379377702,35.485623280500306,35.68210547774546,37.83245598328259,28.67769283946456,27.32545507984186,26.488665361795068,60.05393900806024,60.526388604157106,-4.719727989771657,61.58471678477911,49.82011393283104,49.86271430290739,61.79697730253968,63.37140670514374,64.24318354622964,791.0292315564611,791.0292315564611,791.0292315564611,791.0292315564611,791.0292315564611,791.0292315564611,791.0292315564611,791.0292315564611,791.0292315564611,-112.62982845062622,-109.2683118618093,-121.73410870461147,-121.69489905124905,-124.86596668148226,-125.03304385552758,-123.33862424601743,-135.7310667198377,-143.37972473590733,-0.0,-0.0,-0.0,791.0292315564611,791.0292315564611,791.0292315564611,791.0292315564611,791.0292315564611,-0.0,-112.62982845062622,-121.73410870461147,-109.2683118618093,-121.69489905124905,-124.86596668148226,-125.03304385552758,-123.33862424601743,-135.7310667198377,-143.37972473590733,13.841693717031598,13.468135576731928,10.616386649455595,6.4803475711456695,14.932734275720765,15.04505094080205,7.541810861862286,4.088695231983419,9.265206862494313,-0.0,-0.0,-0.0,-0.0,-0.0,-0.0,-0.0,-0.0,-0.0,0.31928094851733924,0.3202821171547463,0.31859552203952096,0.31078542306560514,0.32745290325941623,0.3255118745120736,0.3300558725310157,0.32936239873495726,0.33276422619912494,8.167639275899315,8.119398022960626,8.190188964442305,4.55815244210332,10.2297019847341,10.23287724225546,5.839836843199268,6.279596183113456,8.997017314054904,3.0969293308591195,5.769927321822051,-4.374799941130251,-4.9978011251734715,-6.088444443853393,-6.198484969463419,-6.087264015178239,-16.109591275457834,-21.141672094581395
155.0,155.0,36.374167521610396,41.10226380207808,34.333265996055964,36.70127158998343,41.65281661118735,40.546285695220554,37.5673022572322,39.54800522071225,40.00658343976257,81.8780686757253,65.324646995964,61.73616712872517,62.58928357447177,63.61415842528039,64.99399123550958,61.70186724007572,58.087894222280546,60.659967910271405,36.68965579818317,38.93233279082361,35.19114669586136,35.48603636123735,35.70006619572572,37.84852836437918,28.67296374916846,27.33353219078647,26.487748382329713,60.0109083483379,60.48460469190724,-4.726208426668287,61.54035055620789,49.77211951651181,49.744032751952616,61.76123405253024,63.34175633330913,64.20371755117162,790.1846442271074,790.1846442271074,790.1846442271074,790.1846442271074,790.1846442271074,790.1846442271074,790.1846442271074,790.1846442271074,790.1846442271074,-112.48516847903535,-109.12691651236398,-121.62985481429624,-121.56222119896118,-124.74083845762463,-124.90741723624464,-123.23460386342107,-135.6326399197068,-143.25791283591286,-0.0,-0.0,-0.0,790.1846442271074,790.1846442271074,790.1846442271074,790.1846442271074,790.1846442271074,-0.0,-112.48516847903535,-121.62985481429624,-109.12691651236398,-121.56222119896118,-124.74083845762463,-124.90741723624464,-123.23460386342107,-135.6326399197068,-143.25791283591286,13.846438333323691,13.498164314998533,10.711219349402398,6.446338712964929,14.934991752549383,15.045080481118816,7.646249928301227,4.220501979980319,9.228382307903281,-0.0,-0.0,-0.0,-0.0,-0.0,-0.0,-0.0,-0.0,-0.0,0.47468120943345066,0.4760848492442721,0.4737232580246586,0.45393804262378773,0.4785188664279671,0.4751915458264112,0.48245734876865903,0.48146208968260523,0.4864700200274533,8.117025084159806,8.054355049188729,8.156378390033879,4.57811571088537,10.222142322627922,10.204189738572465,5.798188977453188,6.2353662332896,8.922825985090142,3.1122225363152665,5.788202192517165,-4.376184542802325,-4.997789578160538,-6.0884808655675835,-6.1984919824537545,-6.087310564916802,-16.10959479757362,-21.150414852708895
155.0,155.0,36.37536582183363,41.10271730162334,34.336271049530154,36.700848398513806,41.652907207459165,40.548736585764374,37.56654773846768,39.54775201066237,40.00475154601597,81.88536967521604,65.32483711272835,61.73573130395507,62.58997723090382,63.61170861831199,64.99420950693697,61.69940823781459,58.07675333674317,60.64971588503783,36.69169725010208,38.93500371546354,35.19151781462474,35.48462281849215,35.70381968278294,37.8563898079698,28.670932796397306,27.32302365375469,26.47965821627828,60.02875151139414,60.49850171281684,-4.7379609499839,61.56752728945173,49.79882344299011,49.807349892803835,61.78571682595564,63.36789763956227,64.22913291757084,790.6259025197288,790.6259025197288,790.6259025197288,790.6259025197288,790.6259025197288,790.6259025197288,790.6259025197288,790.6259025197288,790.6259025197288,-112.47442190771038,-109.1372187108004,-121.68809713899769,-121.55525901923006,-124.80772001125983,-124.97306535162191,-123.25104532768835,-135.6192836638303,-143.28244551997736,-0.0,-0.0,-0.0,790.6259025197288,790.6259025197288,790.6259025197288,790.6259025197288,790.6259025197288,-0.0,-112.47442190771038,-121.68809713899769,-109.1372187108004,-121.55525901923006,-124.80772001125983,-124.97306535162191,-123.25104532768835,-135.6192836638303,-143.28244551997736,13.808276610907432,13.55203459700107,10.699797871780058,6.094692798991126,14.940957073324936,15.045080770488335,7.4081062172373855,3.8376666586557002,8.903477535509912,-0.0,-0.0,-0.0,-0.0,-0.0,-0.0,-0.0,-0.0,-0.0,0.6478689792916312,0.6500945837032692,0.6467635341809584,0.594653429383222,0.627952211877266,0.6226736898928268,0.634591636892744,0.6331432310048838,0.6406648211271437,8.1254544926848,8.067441330962225,8.1920203088703,4.580258036067442,10.227834896158807,10.203694328256857,5.774144898951823,6.209920550268679,8.887299942638673,3.164616171519955,5.843528835738455,-4.372328699160354,-4.99778212134623,-6.088486917190845,-6.198496501721637,-6.087281689912443,-16.109621552315645,-21.1702713693461
155.0,155.0,36.377161949849686,41.103012261741846,34.3362466330804,36.70511670181049,41.65235227184036,40.54851666322239,37.56844751344856,39.54923482554353,40.00857827060623,81.88483468370362,65.34015797762905,61.731043619232665,62.601385109858505,63.61918343936488,65.00132407951472,61.70718653040831,58.0928596207556,60.67216178185317,36.6920873988293,38.939615092737434,35.18802495623925,35.49633190123147,35.6992150167816,37.853522208546494,28.679021647053176,27.34217012945936,26.497744294823903,60.02393932229303,60.49509907208832,-4.736700355527818,61.55649214681337,49.78953370765614,49.7817735504684,61.7762865514258,63.35390290153186,64.21874817774051,790.490124704782,790.490124704782,790.490124704782,790.490124704782,790.490124704782,790.490124704782,790.490124704782,790.490124704782,790.490124704782,-112.49441155364043,-109.12850304455826,-121.66309889896831,-121.61970511969072,-124.78670070465907,-124.95287375216131,-123.30184799030775,-135.69748556727558,-143.29304263499733,-0.0,-0.0,-0.0,790.490124704782,790.490124704782,790.490124704782,790.490124704782,790.490124704782,-0.0,-112.49441155364043,-121.66309889896831,-109.12850304455826,-121.61970511969072,-124.78670070465907,-124.95287375216131,-123.30184799030775,-135.69748556727558,-143.29304263499733,13.888262750989144,13.565741680275538,10.64589331563714,6.504522943292607,14.936936462570657,15.045096622591451,7.751627555691575,4.314535522642285,9.190224869715632,-0.0,-0.0,-0.0,-0.0,-0.0,-0.0,-0.0,-0.0,-0.0,0.631767901191962,0.633645799901923,0.6306309148517206,0.5774892651356175,0.6092285793421183,0.6044497967363681,0.6161668940639659,0.6148941847061241,0.6219214092129846,8.110683879823009,8.027539982374655,8.151710469511876,4.578716063239455,10.222591295418212,10.186046064985469,5.755186807629,6.191505986597556,8.860361614374375,3.1465101776782483,5.836325419424856,-4.377168377016009,-4.997811428461388,-6.088493951549841,-6.198499261605921,-6.087345794469235,-16.109586756716283,-21.14855148696293
155.0,155.0,36.370216877062255,41.10267884999975,34.33660595712508,36.70230841763498,41.652721949857444,40.550048114429195,37.56737354035773,39.54848928417642,40.00637639553588,81.8849778815964,65.32513384355316,61.730621113129715,62.595281353645596,63.61396411389114,64.99842677486893,61.700037887877166,58.07973226683897,60.65277878283593,36.68940618904811,38.93638511259814,35.18753350741756,35.49327408547302,35.711460426128575,37.86180638420791,28.676183083544505,27.3378153157795,26.491190251879814,60.01884511185504,60.493857054257305,-4.736045804946837,61.54700068785707,49.77591449769047,49.75379850295004,61.76959882489405,63.34932648299429,64.2116174122677,790.2068289924218,790.2068289924218,790.2068289924218,790.2068289924218,790.2068289924218,790.2068289924218,790.2068289924218,790.2068289924218,790.2068289924218,-112.44700174431973,-109.06821376542185,-121.6180029878244,-121.58252354396728,-124.74488950475457,-124.9107396251984,-123.25839572804732,-135.66110818038945,-143.26491811038136,-0.0,-0.0,-0.0,790.2068289924218,790.2068289924218,790.2068289924218,790.2068289924218,790.2068289924218,-0.0,-112.44700174431973,-121.6180029878244,-109.06821376542185,-121.58252354396728,-124.74488950475457,-124.9107396251984,-123.25839572804732,-135.66110818038945,-143.26491811038136,13.897786358213708,13.5726954108894,10.62754826909549,6.528443886550472,14.938401468068538,15.045105315176341,7.745105364257616,4.342513360712269,9.15906864498722,-0.0,-0.0,-0.0,-0.0,-0.0,-0.0,-0.0,-0.0,-0.0,0.6263908178374864,0.6280704843440403,0.6252860211976338,0.572120943601544,0.6032909469396698,0.5987135992911561,0.610377569912361,0.6090925239283176,0.6157262815435182,8.059241113352908,7.967882613908819,8.082434426995796,4.562415350120062,10.198518808778003,10.16484423641465,5.72078867397335,6.1611818722181475,8.808753288616005,3.1520412182975948,5.852626285341503,-4.3778067263386555,-4.997829447708074,-6.0885167353914165,-6.19850500480858,-6.087374568305596,-16.109579290050895,-21.16419135121495
155.0,155.0,36.37247539960058,41.10254186686088,34.33340518551837,36.70133844174828,41.65245000341822,40.549925350315256,37.56676291005036,39.54869660631817,40.00473765841367,81.88434854314195,65.32293237747443,61.72735413189751,62.59144947640591,63.61255357966303,64.99622262446768,61.69950535987848,58.08631818320195,60.642836602501895,36.689534093062775,38.935877941713144,35.18249903236817,35.48680564608107,35.70755095555953,37.86078939136014,28.671689266527206,27.33759363531519,26.477291730146135,60.01833874524029,60.48998154497033,-4.737029928414578,61.549366939688554,49.777261710602055,49.762123804177115,61.76972061655227,63.35341077790431,64.21580628909719,790.226801650328,790.226801650328,790.226801650328,790.226801650328,790.226801650328,790.226801650328,790.226801650328,790.226801650328,790.226801650328,-112.39360935501414,-109.02760480451849,-121.59719730534952,-121.51475981442256,-124.74864862890448,-124.91371260358102,-123.20727361420077,-135.57293482126997,-143.22350516596248,-0.0,-0.0,-0.0,790.226801650328,790.226801650328,790.226801650328,790.226801650328,790.226801650328,-0.0,-112.39360935501414,-121.59719730534952,-109.02760480451849,-121.51475981442256,-124.74864862890448,-124.91371260358102,-123.20727361420077,-135.57293482126997,-143.22350516596248,13.83192258094702,13.541053702270037,10.572172977951851,6.185992786627786,14.942266797403189,15.045120574726122,7.483364546387936,3.9008204782218048,8.90419847988173,-0.0,-0.0,-0.0,-0.0,-0.0,-0.0,-0.0,-0.0,-0.0,0.6129302026199666,0.6142812608181469,0.6116389590901412,0.5587259684216923,0.5887596893758064,0.5845161460952812,0.595957014289166,0.5947488930537601,0.6006136692169938,8.035264815513202,7.943300656556245,8.046603750003966,4.551720974823658,10.200163876230695,10.160876336195185,5.710189393881889,6.15570043590472,8.797665716820198,3.1847470160056615,5.883467473991205,-4.368365818569099,-4.997799996733455,-6.0885090869376,-6.198503987773024,-6.087329518739488,-16.109609541643888,-21.17048669839893
155.0,155.0,36.37568009486599,41.10271812334992,34.33432742617924,36.70508863351197,41.65190959867502,40.548786444300255,37.56956963348533,39.55049864849123,40.008847579106764,81.88527504258806,65.33389528904839,61.72646620019856,62.60112229229999,63.62163953270249,65.0021560963065,61.71231564920092,58.11021802830958,60.666975229802254,36.69091004442717,38.93764636216333,35.18170787070155,35.49641421909839,35.70343509132434,37.85462611053921,28.687335251311683,27.3635048736454,26.496236076361384,60.001404120403116,60.476076557447406,-4.737653889457705,61.52827609075744,49.757346537367646,49.714897111097365,61.74767952682079,63.32792255977382,64.19475276132506,789.9385471706557,789.9385471706557,789.9385471706557,789.9385471706557,789.9385471706557,789.9385471706557,789.9385471706557,789.9385471706557,789.9385471706557,-112.38795044033107,-109.00253052644678,-121.56885282928637,-121.5518385249444,-124.70492183884525,-124.87083435693216,-123.22482421579727,-135.61742980664928,-143.20614810536964,-0.0,-0.0,-0.0,789.9385471706557,789.9385471706557,789.9385471706557,789.9385471706557,789.9385471706557,-0.0,-112.38795044033107,-121.56885282928637,-109.00253052644678,-121.5518385249444,-124.70492183884525,-124.87083435693216,-123.22482421579727,-135.61742980664928,-143.20614810536964,13.91197784800906,13.543258635259033,10.6224436298461,6.573251559200738,14.938178964434556,15.045137577632058,7.775796723289778,4.324332830537117,9.118917879771251,-0.0,-0.0,-0.0,-0.0,-0.0,-0.0,-0.0,-0.0,-0.0,0.62821216803079,0.6296057223652313,0.6270419080930181,0.5737700581138305,0.6047344674204328,0.6002741043342438,0.61200807489366,0.6108162242919746,0.6157199715681866,8.025471179748193,7.927153762408402,8.025741857402867,4.553181833170232,10.201025777081577,10.15516897076585,5.712977603909015,6.161650464669754,8.801218747189825,3.168920145631082,5.869022807721518,-4.371546152166523,-4.997810122292797,-6.088507722083532,-6.198503488495266,-6.087376434490979,-16.109567667142965,-21.15610695932678
155.0,155.0,36.37128846386345,41.10239341173148,34.33684836199464,36.70234756625721,41.65200235197515,40.550228685891945,37.569360230656315,39.54978590086134,40.00725795542308,81.88587323569782,65.3175184786655,61.72782416021418,62.594108146929905,63.61702856673618,64.99879965214222,61.70782521830575,58.09722691381769,60.65012865968025,36.689337792061046,38.934712569739446,35.18281176885138,35.493442513126894,35.715997661123964,37.86249784538197,28.688655848001318,27.35936234037482,26.49337300517842,59.971569494583804,60.44764141102684,-4.737129648080319,61.4960836599054,49.719366895725976,49.64303052683826,61.71799329919313,63.30162784447996,64.16353943842303,789.2738822509789,789.2738822509789,789.2738822509789,789.2738822509789,789.2738822509789,789.2738822509789,789.2738822509789,789.2738822509789,789.2738822509789,-112.29161325113506,-108.89735051729194,-121.4686024604231,-121.4545664733444,-124.60615969695992,-124.77196222432083,-123.12554505748393,-135.52873454578807,-143.12991383266433,-0.0,-0.0,-0.0,789.2738822509789,789.2738822509789,789.2738822509789,789.2738822509789,789.2738822509789,-0.0,-112.29161325113506,-121.4686024604231,-108.89735051729194,-121.4545664733444,-124.60615969695992,-124.77196222432083,-123.12554505748393,-135.52873454578807,-143.12991383266433,13.914876610428891,13.570563513702142,10.612987083516414,6.580947711671812,14.938633836354446,15.045143596690702,7.77376950247602,4.373680262690429,9.144910403491563,-0.0,-0.0,-0.0,-0.0,-0.0,-0.0,-0.0,-0.0,-0.0,0.6422712182458866,0.6436238596980243,0.6409611408820642,0.5868202725027,0.6183280131913232,0.6138369758615915,0.6257931631800253,0.624515630143204,0.6284492137594303,7.984900639526003,7.8813611334644555,7.981608179716533,4.54790497585544,10.18256371120289,10.145043700449257,5.703623248432064,6.156170811928835,8.78248436538016,3.167435924621183,5.8789628729587475,-4.371988380381481,-4.997822005176593,-6.088523288016564,-6.198505802382152,-6.087388476741659,-16.10956288349808,-21.169318965761526
155.0,155.0,36.36933273841898,41.102245399000175,34.33382674930537,36.701320602915324,41.65172726417153,40.550348729111796,37.5672650157926,39.5485451623755,40.00579325518627,81.88635538349085,65.3121445441407,61.72312045539472,62.59024301447493,63.615015948870926,64.9967664207902,61.70177355642704,58.08326714695048,60.64287475984596,36.68864203503025,38.93322552027583,35.179349634036626,35.48686014311876,35.71128672904851,37.86240665397406,28.676208881590924,27.337360358811775,26.481472945499974,59.974436866029286,60.44565378685117,-4.739601567220826,61.50191589453072,49.72514071643965,49.65683388791892,61.7218573221911,63.308111970895595,64.16900643902325,789.3775843360888,789.3775843360888,789.3775843360888,789.3775843360888,789.3775843360888,789.3775843360888,789.3775843360888,789.3775843360888,789.3775843360888,-112.26200749501359,-108.88754456079857,-121.46589656183929,-121.39803559873067,-124.62217328897907,-124.78738297241358,-123.08767890927406,-135.45786089445116,-143.1100642150337,-0.0,-0.0,-0.0,789.3775843360888,789.3775843360888,789.3775843360888,789.3775843360888,789.3775843360888,-0.0,-112.26200749501359,-121.46589656183929,-108.88754456079857,-121.39803559873067,-124.62217328897907,-124.78738297241358,-123.08767890927406,-135.45786089445116,-143.1100642150337,13.846438947420308,13.536309056960144,10.565305321356128,6.232654591659329,14.941564014550144,15.045142120121797,7.516031011287249,3.9555142666002405,8.93059609559754,-0.0,-0.0,-0.0,-0.0,-0.0,-0.0,-0.0,-0.0,-0.0,0.649114204108939,0.6503536675983889,0.6475796144415463,0.5921276310707176,0.6236446842901427,0.6192280861949316,0.6314853215751576,0.6301005319530546,0.6331746992414777,7.9759749734378556,7.87485438474747,7.974054329787331,4.547064389278651,10.190425710106464,10.158131849480275,5.714003618831122,6.1675965491325435,8.800126831482535,3.1910699952513464,5.894081512254367,-4.365649171969783,-4.997779705117682,-6.088509388652503,-6.198501365684898,-6.0873235588534556,-16.10958324528021,-21.176176550113304
155.0,155.0,36.37263413762474,41.10251361467618,34.33536761732179,36.705280191639716,41.651099014055795,40.548937772863866,37.57201818674335,39.55085647672134,40.01226198304696,81.88736612579414,65.32538940111971,61.72337789178316,62.60035688301978,63.62266606629647,65.00241062634849,61.718990151159495,58.11403877559209,60.6897107977992,36.690315757576926,38.935811066531706,35.18044234105591,35.496987822161934,35.702334163821014,37.854760481661216,28.700415857244895,27.369187636874543,26.516160058273538,59.95327930449391,60.426109671671036,-4.7401640743658975,61.477593456678804,49.70261216269175,49.611208533861756,61.694428509098564,63.277778327906255,64.14261091343288,789.0511289096055,789.0511289096055,789.0511289096055,789.0511289096055,789.0511289096055,789.0511289096055,789.0511289096055,789.0511289096055,789.0511289096055,-112.25667373286983,-108.87243415006374,-121.43674237240921,-121.4278242731303,-124.57266020554357,-124.73881315529582,-123.09922287955561,-135.49617296880382,-143.1013986647072,-0.0,-0.0,-0.0,789.0511289096055,789.0511289096055,789.0511289096055,789.0511289096055,789.0511289096055,-0.0,-112.25667373286983,-121.43674237240921,-108.87243415006374,-121.4278242731303,-124.57266020554357,-124.73881315529582,-123.09922287955561,-135.49617296880382,-143.1013986647072,13.922304986159983,13.539912450757424,10.619256428085354,6.612152440094532,14.93702472125172,15.045140471655705,7.807053362879466,4.376499610382942,9.215748345719872,-0.0,-0.0,-0.0,-0.0,-0.0,-0.0,-0.0,-0.0,-0.0,0.668642358258763,0.6700772172079195,0.6672475879355179,0.6109785711277519,0.6437276086170636,0.6390563358068693,0.6517150242959109,0.6502504611559771,0.6527979099166324,7.982725809255589,7.879197460846101,7.983112417758227,4.557676539920407,10.199011281684998,10.171201892283628,5.735446355757999,6.191705394507728,8.827060057777036,3.169987123938206,5.866851825411822,-4.371975169593375,-4.997785982521033,-6.088500168762574,-6.198497120275099,-6.08734541957533,-16.109557883223825,-21.16166987382076
155.0,155.0,36.36851048174551,41.102255599268915,34.33532013622594,36.702402958246935,41.65155549006748,40.549900521333825,37.57240469917862,39.551795358666254,40.011476256064626,81.88588822973516,65.31485836290483,61.72552546005968,62.5932874425073,63.61807888218672,64.99848660852099,61.71284530192353,58.12668127266851,60.683708803759835,36.68805639072858,38.93392819283828,35.18010638164246,35.49288254245412,35.71033329515091,37.86045026046504,28.701763080769183,27.38334656594732,26.516682679919363,59.96797186476336,60.441061879576914,-4.736841811048017,61.4882440646851,49.71369823592554,49.63004821407074,61.706831906404446,63.28864833815635,64.15439720350774,789.1756442030426,789.1756442030426,789.1756442030426,789.1756442030426,789.1756442030426,789.1756442030426,789.1756442030426,789.1756442030426,789.1756442030426,-112.29539553236118,-108.90505991505621,-121.46068677259713,-121.45017736419764,-124.5910196420306,-124.7573293782904,-123.11798490361987,-135.5242568544784,-143.13718430892206,-0.0,-0.0,-0.0,789.1756442030426,789.1756442030426,789.1756442030426,789.1756442030426,789.1756442030426,-0.0,-112.29539553236118,-121.46068677259713,-108.90505991505621,-121.45017736419764,-124.5910196420306,-124.7573293782904,-123.11798490361987,-135.5242568544784,-143.13718430892206,13.923356635150624,13.572302157289915,10.619493615829965,6.630688611423131,14.936231942953912,15.045115499718298,7.8083647841815615,4.4227643390026055,9.363485171012288,-0.0,-0.0,-0.0,-0.0,-0.0,-0.0,-0.0,-0.0,-0.0,0.6262951050559795,0.6274834947112375,0.6248679687378442,0.5711835085479683,0.6009526274326857,0.5972454157427964,0.606935551474428,0.6061532404881078,0.6091088077401207,7.964960578336856,7.860614119357728,7.972255956168241,4.560817805184011,10.185711970878708,10.181818049936316,5.738240161128903,6.195879410992413,8.81629424216864,3.1547061025701857,5.860678159582278,-4.376083714352426,-4.9977885737064005,-6.08850020365362,-6.198495838897156,-6.087321129099289,-16.109565406089903,-21.151547194560212
155.0,155.0,36.36611917973911,41.101827145656586,34.326250736348975,36.700933450588245,41.65211088096418,40.547786679021634,37.57079461240987,39.55036631031957,40.00823681316426,81.87850263643223,65.30994646613074,61.72176648168281,62.58739044662873,63.617444060995226,64.99337358903907,61.70447376444553,58.11645359042443,60.67240397149457,36.68534249874812,38.93045442425495,35.170690061378636,35.483818536354015,35.7041237207153,37.851084092655334,28.688504892153563,27.354466137743813,26.496029958900408,60.03318370534595,60.50462426909647,-4.728668966438158,61.554070365131764,49.7882845454673,49.782481462466535,61.774750747976256,63.351040025784435,64.22361372028126,790.3614953878039,790.3614953878039,790.3614953878039,790.3614953878039,790.3614953878039,790.3614953878039,790.3614953878039,790.3614953878039,790.3614953878039,-112.42925711400521,-109.05642590120908,-121.62480442566796,-121.55078601486977,-124.76786013705096,-124.93372123093175,-123.23909896866745,-135.5889300602584,-143.25326254205248,-0.0,-0.0,-0.0,790.3614953878039,790.3614953878039,790.3614953878039,790.3614953878039,790.3614953878039,-0.0,-112.42925711400521,-121.62480442566796,-109.05642590120908,-121.55078601486977,-124.76786013705096,-124.93372123093175,-123.23909896866745,-135.5889300602584,-143.25326254205248,13.846709868180987,13.559864027420577,10.594036537508549,6.263874631140505,14.938532353837367,15.045078045763354,7.541174631733749,3.881417007108472,9.097587553152009,-0.0,-0.0,-0.0,-0.0,-0.0,-0.0,-0.0,-0.0,-0.0,0.44857087028698467,0.4492295572282014,0.4476498384818496,0.4055958937920674,0.42435626305398183,0.4236446117662987,0.42503839214271477,0.4258287415113884,0.4286430222249381,7.980419282756686,7.878068063135989,7.995435898531139,4.561943586471736,10.18471793848584,10.209026269840413,5.738317269599022,6.202162426703275,8.818051125518862,3.1751433799582287,5.879387853140784,-4.370703168329494,-4.997731845577958,-6.088467211339149,-6.198488841846884,-6.087217633830197,-16.109581798847827,-21.147388469400894
155.0,155.0,36.36895667222885,41.101600409585615,34.31886758984238,36.70249560481404,41.65257233155309,40.54492709217656,37.56899142665739,39.54925245222783,40.009586605483726,81.87332272984335,65.32392335123757,61.72482446102211,62.590434646845594,63.61748663929309,64.99699108417687,61.70135043297443,58.10341456035635,60.692731430476115,36.68411762707003,38.928821281064245,35.16333453676869,35.48472075019751,35.68422871392341,37.83870086328845,28.67454187803595,27.331090993071065,26.502729894875923,60.07391409659884,60.54913133642084,-4.726055729608899,61.590476758998044,49.824939411156336,49.88367522288797,61.815695508477106,63.38110137530487,64.25925160316511,791.0906433290826,791.0906433290826,791.0906433290826,791.0906433290826,791.0906433290826,791.0906433290826,791.0906433290826,791.0906433290826,791.0906433290826,-112.60550022198595,-109.24535924242412,-121.74866990224369,-121.74951974337519,-124.87524583877601,-125.04217480636358,-123.33574947275633,-135.7371896357361,-143.41611487171005,-0.0,-0.0,-0.0,791.0906433290826,791.0906433290826,791.0906433290826,791.0906433290826,791.0906433290826,-0.0,-112.60550022198595,-121.74866990224369,-109.24535924242412,-121.74951974337519,-124.87524583877601,-125.04217480636358,-123.33574947275633,-135.7371896357361,-143.41611487171005,13.922875293501757,13.583287989601397,10.65523016028062,6.700914829418,14.933454853753531,15.0450424048747,7.484005869778938,4.074382796329231,9.49964738283672,-0.0,-0.0,-0.0,-0.0,-0.0,-0.0,-0.0,-0.0,-0.0,0.3548202880523668,0.3554615729219552,0.3544467781306878,0.31923397538520204,0.3343981203711882,0.33372391390596756,0.3334093229327084,0.3345294988662403,0.3370246686434338,8.003760225783035,7.889037507124467,8.01040628298638,4.554608202979087,10.183149371305953,10.208490625633337,5.740979356803931,6.211101613619622,8.838685274886945,3.135337700486112,5.816429468689502,-4.372816601506578,-4.99776334365092,-6.088440395210853,-6.198482690055752,-6.087205072630527,-16.109546853851395,-21.125502165165088
155.0,155.0,36.36629121023196,41.10134409798334,34.30958186951724,36.69788540298122,41.65398211116223,40.54381814048022,37.56597669714954,39.54763914144479,40.00653080994945,81.87011477826834,65.3202215323786,61.72165675561216,62.580381662771,63.6124761227194,64.98992674241228,61.692061328438626,58.086956380308095,60.68490567190789,36.68136121467772,38.92490099009515,35.16145595440168,35.47695502166077,35.69089840107609,37.83583868660603,28.661909957593775,27.311070562536575,26.497073457897617,60.08563671055006,60.56609018472147,-4.7273788686799305,61.59815483469682,49.81518237475813,49.878081795815575,61.8264203770795,63.39186296081902,64.26602243784566,791.1213964691782,791.1213964691782,791.1213964691782,791.1213964691782,791.1213964691782,791.1213964691782,791.1213964691782,791.1213964691782,791.1213964691782,-112.64088785848101,-109.2746739641262,-121.75322429894267,-121.720971700761,-124.87990964975674,-125.04673721882,-123.32994490799786,-135.73967178475402,-143.41324163248575,-0.0,-0.0,-0.0,791.1213964691782,791.1213964691782,791.1213964691782,791.1213964691782,791.1213964691782,-0.0,-112.64088785848101,-121.75322429894267,-109.2746739641262,-121.720971700761,-124.87990964975674,-125.04673721882,-123.32994490799786,-135.73967178475402,-143.41324163248575,13.893067727702292,13.53476013984375,10.649422664706888,6.540178335940115,14.9339472667306,15.044998300317646,7.43402994598897,4.064270094394896,9.40412062363549,-0.0,-0.0,-0.0,-0.0,-0.0,-0.0,-0.0,-0.0,-0.0,0.2959672241586838,0.2964430984157972,0.29549271179106007,0.2758685000482077,0.2894843696216755,0.28934274829227025,0.28795596964043274,0.28937671266828663,0.29180654559589586,7.968462236367666,7.842450631276501,7.966369688482929,4.548794127950142,10.17059873919579,10.214352328358089,5.743369748552137,6.219517713078256,8.84744768930001,3.1070676078457753,5.787494537649009,-4.37371781165468,-4.9978091410179335,-6.088430667403517,-6.198480121381171,-6.087157429504759,-16.10954300077773,-21.134887707424397
155.0,155.0,36.36623117892107,41.10146136747972,34.30616001423423,36.69756277606832,41.65504425949258,40.543031349181426,37.565153263136466,39.547358475602856,40.00252382922347,81.87001130977376,65.31697245357024,61.722659734756114,62.5804304294748,63.61158879201621,64.98707954828589,61.69354902034313,58.08930769706161,60.67301869572165,36.68137996618022,38.92083020055206,35.167236739887834,35.474133021202576,35.686262207448515,37.832055032681296,28.657923102744466,27.302364599088282,26.47747158587726,60.08796179280931,60.56831514797588,-4.728477291518057,61.603611174394665,49.80799327712162,49.867500282308825,61.82979547754507,63.39688731891843,64.27082505381105,791.2025247386227,791.2025247386227,791.2025247386227,791.2025247386227,791.2025247386227,791.2025247386227,791.2025247386227,791.2025247386227,791.2025247386227,-112.58427764720105,-109.24592194170387,-121.71119204695991,-121.67019766480075,-124.89358682655043,-125.05879106076611,-123.30481356621644,-135.6781731792207,-143.32503681276475,-0.0,-0.0,-0.0,791.2025247386227,791.2025247386227,791.2025247386227,791.2025247386227,791.2025247386227,-0.0,-112.58427764720105,-121.71119204695991,-109.24592194170387,-121.67019766480075,-124.89358682655043,-125.05879106076611,-123.30481356621644,-135.6781731792207,-143.32503681276475,13.762120174356129,13.410755645906178,10.410603157587147,6.235948405823276,14.941902543959724,15.044953637697994,7.254448533330384,3.7077704971188474,8.894544360975358,-0.0,-0.0,-0.0,-0.0,-0.0,-0.0,-0.0,-0.0,-0.0,0.2821139237042255,0.2825519133876809,0.28148854468950874,0.2739823320216351,0.28594514999514364,0.2861132996568338,0.2838790506718137,0.2856239255670869,0.2883999547505246,7.955364578754392,7.835012155442825,7.971286987590708,4.563375169024871,10.197438674692432,10.244353544060742,5.770218337518204,6.252514166180874,8.883145080237291,3.138916398205537,5.800165520555186,-4.370048098675382,-4.997780946053201,-6.0884047626391995,-6.1984757755961395,-6.087060386268124,-16.1095653547396,-21.138653740104342
155.0,155.0,36.36602776744531,41.10169268549567,34.30175295717872,36.700986325961345,41.6553265083441,40.54119252235335,37.565614821965674,39.548127937841855,40.00476882011893,81.86916410078472,65.32696560449531,61.71916263441856,62.590565429783524,63.61418211975616,64.99028231802636,61.69726763165777,58.09484643534703,60.696486425195026,36.681063717774684,38.91986781011418,35.1669139613814,35.481815800640064,35.67296107531175,37.82162536152656,28.657496067236686,27.306618886639743,26.49139441734934,60.112860783714936,60.59413382104655,-4.730149885652573,61.6205627871797,49.80881689921778,49.89893785537617,61.84879213928625,63.40847917711241,64.28418645111734,791.5940918463766,791.5940918463766,791.5940918463766,791.5940918463766,791.5940918463766,791.5940918463766,791.5940918463766,791.5940918463766,791.5940918463766,-112.7292599374426,-109.36106183856297,-121.78460177319386,-121.79856866850041,-124.94955991529865,-125.11704133730343,-123.41025548441536,-135.82802469908887,-143.43433688918387,-0.0,-0.0,-0.0,791.5940918463766,791.5940918463766,791.5940918463766,791.5940918463766,791.5940918463766,-0.0,-112.7292599374426,-121.78460177319386,-109.36106183856297,-121.79856866850041,-124.94955991529865,-125.11704133730343,-123.41025548441536,-135.82802469908887,-143.43433688918387,13.825718421714384,13.428471064212266,10.450500579113493,6.575425983432587,14.930937088932888,15.044972792164238,7.482763944103981,4.151565987303202,9.387123851647258,-0.0,-0.0,-0.0,-0.0,-0.0,-0.0,-0.0,-0.0,-0.0,0.26756879256884164,0.26784158310958406,0.26671241745001034,0.2622027588463625,0.2736153939862211,0.273556434691451,0.27119757048260934,0.27304860674453196,0.2760992476539049,7.973742589650395,7.862317905730289,8.004024522646628,4.593974237381683,10.232900770247575,10.289588479662477,5.813177664960961,6.298295122209386,8.925432275776107,3.082628352028038,5.75585107488645,-4.375342629841111,-4.997810362288,-6.088394667768139,-6.198472946062316,-6.087104702071257,-16.109552626273555,-21.099927281776687
155.0,155.0,36.36223364432861,41.10162010332813,34.30377698191084,36.69805403742982,41.65599340989638,40.54260401564417,37.56414256835594,39.547918452314164,40.00362324222875,81.86979452715694,65.31732511262491,61.724822386557854,62.58391533522532,63.61124952061519,64.98802998098711,61.68993520068102,58.089793315740785,60.69333750954349,36.67984041263771,38.91784394155813,35.17088252373154,35.47870981581628,35.68468408508559,37.82884403172166,28.65477706841951,27.308498829965156,26.497954057174162,60.116925365474025,60.599985591829125,-4.730188613398884,61.621381365972,49.8061322842238,49.90140373775984,61.850619329730144,63.41011349824313,64.28288379799969,791.5767002350809,791.5767002350809,791.5767002350809,791.5767002350809,791.5767002350809,791.5767002350809,791.5767002350809,791.5767002350809,791.5767002350809,-112.75356305672175,-109.36200798584704,-121.78865440578836,-121.81005980200915,-124.94761649676153,-125.11445696471813,-123.41907896854859,-135.84746900329736,-143.4487871854407,-0.0,-0.0,-0.0,791.5767002350809,791.5767002350809,791.5767002350809,791.5767002350809,791.5767002350809,-0.0,-112.75356305672175,-121.78865440578836,-109.36200798584704,-121.81005980200915,-124.94761649676153,-125.11445696471813,-123.41907896854859,-135.84746900329736,-143.4487871854407,13.836901752035201,13.44661202273726,10.45400061297206,6.643577671970208,14.934005226473866,15.044978040562095,7.53803671906832,4.258238652480711,9.461392264074256,-0.0,-0.0,-0.0,-0.0,-0.0,-0.0,-0.0,-0.0,-0.0,0.2846166813893406,0.28490852502374975,0.2836976464139681,0.28077214355290536,0.29282655319830764,0.2928179399431001,0.2899313422930332,0.2921335210834974,0.29545555576305466,7.983616658831987,7.871672181786362,8.025399594849674,4.62096677330645,10.247583306477395,10.31949817971551,5.843503109467529,6.330407692067247,8.944228638979443,3.063829493482576,5.756027320531396,-4.379867884858551,-4.997817201888582,-6.088402610876874,-6.198474278410066,-6.0871047373421545,-16.109560087949028,-21.101231458039845
155.0,155.0,36.36401954859105,41.101824989737906,34.303991508783824,36.69826430460934,41.65621132685915,40.54310658995591,37.5657748464584,39.54876883182045,40.002082289513496,81.87259956881131,65.31730882881911,61.72676005318888,62.583469094310495,63.61290184768883,64.98646652508533,61.69750003587032,58.104540543758624,60.68787188517884,36.681078556280674,38.91822790161227,35.17342702639844,35.47760105764233,35.68555982048124,37.830831975150915,28.665690934683813,27.315846617871472,26.490371107209306,60.11908045941893,60.602951518499346,-4.733614591547053,61.63003871777731,49.818763056075085,49.925223460165085,61.853030416692455,63.415044099323936,64.29207804076896,791.8031580971367,791.8031580971367,791.8031580971367,791.8031580971367,791.8031580971367,791.8031580971367,791.8031580971367,791.8031580971367,791.8031580971367,-112.70051123426735,-109.36918498060945,-121.80815287503877,-121.80694342581772,-124.98317071146018,-125.14812939432196,-123.42255126987376,-135.81475862541743,-143.39670577987795,-0.0,-0.0,-0.0,791.8031580971367,791.8031580971367,791.8031580971367,791.8031580971367,791.8031580971367,-0.0,-112.70051123426735,-121.80815287503877,-109.36918498060945,-121.80694342581772,-124.98317071146018,-125.14812939432196,-123.42255126987376,-135.81475862541743,-143.39670577987795,13.771367226963422,13.432717647942518,10.399491699127271,6.465495359462992,14.943164677213465,15.044909649364511,7.392082792721845,3.9363881170845616,8.99655098347718,-0.0,-0.0,-0.0,-0.0,-0.0,-0.0,-0.0,-0.0,-0.0,0.32985247749633434,0.33017309322519417,0.32874961367539524,0.3276158810264419,0.3416019636517466,0.3416939769235273,0.3376733668622023,0.3405557741153362,0.3443194015807571,8.027669404266492,7.924830286977605,8.088323676181615,4.656404965350401,10.297807549423261,10.375145403178024,5.89334973152409,6.376559168160668,8.982310269807028,3.1198177450857623,5.775709158527937,-4.377621997818496,-4.997785982853752,-6.088383611929131,-6.198473045746867,-6.087039885262719,-16.109594511025314,-21.10902682794058
155.0,155.0,36.36566995881317,41.1021719064719,34.303682620490285,36.70145831633323,41.655934175818324,40.54200757939233,37.56753689770312,39.55047315888906,40.00416640850582,81.87556010543283,65.3281273282617,61.725426974201454,62.592321130353774,63.61728191964389,64.99114472764366,61.70305672290375,58.11977386367419,60.69723440630337,36.68246821492247,38.91945593776547,35.17444376259379,35.48464478134861,35.67510796778665,37.822754333959885,28.67137995005544,27.335484519982046,26.497373732160913,60.12545303902421,60.60651417586534,-4.739790230088793,61.63069048925159,49.809847215604414,49.92423470613715,61.85495066728597,63.41107657464316,64.29021208658091,791.9628475214142,791.9628475214142,791.9628475214142,791.9628475214142,791.9628475214142,791.9628475214142,791.9628475214142,791.9628475214142,791.9628475214142,-112.82058984588785,-109.44152403088651,-121.85193020344182,-121.904254302962,-125.00438412347265,-125.17189738734587,-123.49857167917337,-135.93840530898748,-143.48285023518815,-0.0,-0.0,-0.0,791.9628475214142,791.9628475214142,791.9628475214142,791.9628475214142,791.9628475214142,-0.0,-112.82058984588785,-121.85193020344182,-109.44152403088651,-121.904254302962,-125.00438412347265,-125.17189738734587,-123.49857167917337,-135.93840530898748,-143.48285023518815,13.861433980681731,13.458069337779017,10.47894116366522,6.821636727690768,14.930856539239258,15.044977226321722,7.644826245934282,4.42036296462192,9.571498365324548,-0.0,-0.0,-0.0,-0.0,-0.0,-0.0,-0.0,-0.0,-0.0,0.405902497519155,0.40619879808384207,0.4042908485641101,0.4059899723030815,0.4236951114712407,0.42373213797392595,0.41746888735104076,0.42156232015233447,0.42616860882155794,8.085458121589523,7.984771574443976,8.15249759471507,4.7062932056063005,10.355067449045213,10.43718110079627,5.951370229466272,6.431995111566629,9.026505350626527,3.0603739276874555,5.7396218827015915,-4.3803904035489705,-4.997810950340211,-6.088382640245058,-6.198471852680978,-6.08710709071425,-16.10957785662829,-21.065967726482064
155.0,155.0,36.36367347925548,41.102063081415494,34.30724573823133,36.69866895058641,41.65618066978385,40.5436005512598,37.56647168215363,39.550484476317116,40.00251288571581,81.87751600876743,65.31770574177435,61.72948131027803,62.58560370424026,63.61486515635679,64.98988982549336,61.694809634721025,58.118771618393936,60.68111975325685,36.68230065816744,38.918614322035275,35.17808115993302,35.482293002727545,35.688346293986754,37.831126775260806,28.66875925506461,27.343067656847918,26.494540308079063,60.114016876301996,60.59683426694821,-4.7417717282278975,61.61792871760015,49.800567605019644,49.896621138479084,61.84326712190948,63.40017256657481,64.27796305916772,791.7582481149043,791.7582481149043,791.7582481149043,791.7582481149043,791.7582481149043,791.7582481149043,791.7582481149043,791.7582481149043,791.7582481149043,-112.80366845971486,-109.41185923992157,-121.8351810573471,-121.89516691550112,-124.97464623934461,-125.1414663146054,-123.4841001605123,-135.93327252154504,-143.46576324369434,-0.0,-0.0,-0.0,791.7582481149043,791.7582481149043,791.7582481149043,791.7582481149043,791.7582481149043,-0.0,-112.80366845971486,-121.8351810573471,-109.41185923992157,-121.89516691550112,-124.97464623934461,-125.1414663146054,-123.4841001605123,-135.93327252154504,-143.46576324369434,13.875975000591858,13.478936346996422,10.530556063482681,6.92501058416533,14.934124459670404,15.04498822983001,7.722076634823352,4.542965644358711,9.690892536917177,-0.0,-0.0,-0.0,-0.0,-0.0,-0.0,-0.0,-0.0,-0.0,0.46022166378216034,0.4605983911033496,0.4583757972599716,0.46133128598683404,0.4816619333443918,0.4817400775452522,0.4741649623745435,0.4790031479389228,0.48415299524712574,8.119873881510795,8.01894199234021,8.189199340350882,4.751743029725195,10.390332139348338,10.48089721918316,5.993569223431984,6.476964338266007,9.046359050604586,3.052333924519792,5.74256561556017,-4.382709001951078,-4.997817335345196,-6.088400954227806,-6.1984742419505166,-6.087120248637443,-16.109572738516217,-21.057327144796698
155.0,155.0,36.3665939511539,41.102226027904315,34.308219842289766,36.698859349994,41.65601054485497,40.54410979212561,37.5678677499777,39.549096028565515,40.003349759466296,81.87855526357522,65.32104962530478,61.72895077399699,62.585098422425894,63.615785960478526,64.98884930766464,61.69883483679098,58.10513038795242,60.69178599326898,36.68386123649102,38.92141926447783,35.17958848302615,35.48040352258514,35.69017785675757,37.834555578583505,28.673862684905842,27.320346204108745,26.498907646160013,60.104141086264406,60.58688892849875,-4.7407835615659035,61.61586156564633,49.80638499183885,49.8941495346062,61.836578758864135,63.3991475627927,64.2785978179343,791.8238848986972,791.8238848986972,791.8238848986972,791.8238848986972,791.8238848986972,791.8238848986972,791.8238848986972,791.8238848986972,791.8238848986972,-112.71664052128885,-109.39297640197263,-121.83920536655982,-121.87626069854757,-124.98577476638954,-125.15121620760218,-123.47103966679038,-135.88267051108096,-143.42098865208143,-0.0,-0.0,-0.0,791.8238848986972,791.8238848986972,791.8238848986972,791.8238848986972,791.8238848986972,-0.0,-112.71664052128885,-121.83920536655982,-109.39297640197263,-121.87626069854757,-124.98577476638954,-125.15121620760218,-123.47103966679038,-135.88267051108096,-143.42098865208143,13.818202014885053,13.475085724692484,10.530097998156839,6.786325627807688,14.940821772355505,15.044922127116317,7.611873589939381,4.250571196033971,9.190169188202836,-0.0,-0.0,-0.0,-0.0,-0.0,-0.0,-0.0,-0.0,-0.0,0.45553997630016896,0.45606644539772906,0.45382450453262585,0.45579236311034554,0.4759527032207964,0.4759986313853606,0.46966012756904557,0.4740687515968939,0.4792113044840907,8.180751987029533,8.086768563488691,8.256082057490481,4.80344506464981,10.461485540203805,10.55181756908508,6.051031651640218,6.527628020988044,9.09611023214276,3.117234973285597,5.7657515901262215,-4.378391712045551,-4.997786750175605,-6.088386964656228,-6.198473727844887,-6.08706354960612,-16.109569944906756,-21.094671302304143
155.0,155.0,36.367309392951555,41.102324800284386,34.31081870181329,36.70184809775521,41.65525623904192,40.54285158630697,37.570391651356374,39.55083047625743,40.00644661823491,81.8784662366761,65.32811260417854,61.72793622286902,62.59292554056523,63.61907331544222,64.99332782768856,61.70420627213949,58.12630969542127,60.70426275553598,36.68503761156076,38.92289769812228,35.18135210881568,35.48640096119626,35.681894752688,37.82731646464141,28.679788003820878,27.34668812672042,26.5075015531014,60.09188859966447,60.57191702806552,-4.737749111380477,61.59886159247475,49.78961634868326,49.8598726488607,61.81966676451347,63.37910630673656,64.2610159275557,791.6963052759938,791.6963052759938,791.6963052759938,791.6963052759938,791.6963052759938,791.6963052759938,791.6963052759938,791.6963052759938,791.6963052759938,-112.78580427906346,-109.42152171713983,-121.83583567031918,-121.92818092353444,-124.96490664017124,-125.13225153731408,-123.50093068091306,-135.94947477251546,-143.4955364005348,-0.0,-0.0,-0.0,791.6963052759938,791.6963052759938,791.6963052759938,791.6963052759938,791.6963052759938,-0.0,-112.78580427906346,-121.83583567031918,-109.42152171713983,-121.92818092353444,-124.96490664017124,-125.13225153731408,-123.50093068091306,-135.94947477251546,-143.4955364005348,13.9135346382647,13.509253890858814,10.599366137640821,7.1295782844356435,14.931630585338175,15.04499433499943,7.848103385136142,4.666335484962265,9.814479716308556,-0.0,-0.0,-0.0,-0.0,-0.0,-0.0,-0.0,-0.0,-0.0,0.438229114498592,0.4388706781335421,0.43665034586053714,0.43699042718865344,0.4567279744263345,0.4565343933698922,0.45257301802745736,0.4561414032808681,0.4609259110156861,8.25447749730627,8.15757085051695,8.3218262667976,4.868140977445809,10.5385574223154,10.62986653658723,6.120152070055763,6.599370824397552,9.159099683946028,3.0648784608048407,5.732061252623566,-4.3793930339944485,-4.997815260156195,-6.0883932589433565,-6.198473215677901,-6.087141638486477,-16.10953312324779,-21.067631608682373
155.0,155.0,36.36570448748667,41.10210510775021,34.316663772279064,36.69955748882156,41.65513876841121,40.54425483996685,37.566309302173984,39.549268956272904,40.00605479747649,81.87946960638168,65.31575628787026,61.731202024242926,62.58655858871269,63.61639295696828,64.99181267476531,61.68912419232351,58.10606529031921,60.69381952077799,36.68532743425583,38.92228338748919,35.1859499168164,35.48560820566981,35.697093142371216,37.836143502318514,28.662717722985615,27.33888326587245,26.50926521278228,60.08370523618712,60.566305015694134,-4.734843348950934,61.58800888636427,49.79111995807058,49.857834078275665,61.81090539361387,63.3732159132471,64.25335882408443,791.5748438812508,791.5748438812508,791.5748438812508,791.5748438812508,791.5748438812508,791.5748438812508,791.5748438812508,791.5748438812508,791.5748438812508,-112.77171492517532,-109.40403517210038,-121.83470565144856,-121.93658368889125,-124.94748040512613,-125.11418892972543,-123.51117802956256,-135.96982470745314,-143.50322489160502,-0.0,-0.0,-0.0,791.5748438812508,791.5748438812508,791.5748438812508,791.5748438812508,791.5748438812508,-0.0,-112.77171492517532,-121.83470565144856,-109.40403517210038,-121.93658368889125,-124.94748040512613,-125.11418892972543,-123.51117802956256,-135.96982470745314,-143.50322489160502,13.93765151031383,13.539177187770296,10.6787322284938,7.25776500478855,14.934630535913804,15.04500308821641,7.985116719878929,4.852655791625475,9.748880648194381,-0.0,-0.0,-0.0,-0.0,-0.0,-0.0,-0.0,-0.0,-0.0,0.44894083186008493,0.4497120009895937,0.44755925795334084,0.4463594241254583,0.4677455310734667,0.46686139405340876,0.46587360177159437,0.4684880887281632,0.4730747386720345,8.295861698640499,8.198547406701529,8.362510979051786,4.933674365477738,10.608649218310989,10.691542365938934,6.186233490831281,6.6730601394509,9.20188099161095,3.065642711736999,5.736719094638551,-4.37981687417,-4.997821654818554,-6.088411001469667,-6.198476532654059,-6.087165161413357,-16.10949817608858,-21.09768614654
155.0,155.0,36.37047068200894,41.102485292072785,34.32344023472469,36.69990289851061,41.65418199220972,40.5455203627256,37.567356854018286,39.54925391953514,40.00388866971271,81.88517931546401,65.31953079983916,61.729689398834935,62.58583141010663,63.61933316324599,64.99347787535204,61.69435760615158,58.11100085462162,60.664183498602526,36.689144725732184,38.927779936298805,35.192144498811075,35.484365712148836,35.701748192065345,37.8436417464552,28.66799553177862,27.345230206677574,26.48391564968324,60.06651339922765,60.54826589030677,-4.739477386440593,61.57453291654654,49.799852029535515,49.85610066360538,61.79195580878247,63.362497365408984,64.24814572793164,791.5671730787641,791.5671730787641,791.5671730787641,791.5671730787641,791.5671730787641,791.5671730787641,791.5671730787641,791.5671730787641,791.5671730787641,-112.670269530287,-109.37839309307992,-121.83013571876326,-121.9254377792101,-124.94712985676115,-125.11305003480685,-123.5169681513861,-135.94367593782871,-143.48723459670572,-0.0,-0.0,-0.0,791.5671730787641,791.5671730787641,791.5671730787641,791.5671730787641,791.5671730787641,-0.0,-112.670269530287,-121.83013571876326,-109.37839309307992,-121.9254377792101,-124.94712985676115,-125.11305003480685,-123.5169681513861,-135.94367593782871,-143.48723459670572,13.898322129580952,13.543103435601266,10.70357829102675,7.209556243836178,14.93850545299161,15.045012724873468,8.018914579885369,4.731507891019704,9.437971851959851,-0.0,-0.0,-0.0,-0.0,-0.0,-0.0,-0.0,-0.0,-0.0,0.5628642478701212,0.5642094218535951,0.5613603271330325,0.559593952674483,0.5899583588484714,0.5870083877940332,0.5925947709587016,0.5934499667384487,0.5982070923022759,8.363704281628003,8.273399316410032,8.442143098632496,5.030607291118721,10.748989319373761,10.806728352255073,6.308587016453774,6.796996740152156,9.270254506173405,3.1361414974924826,5.757790091161208,-4.373272047363356,-4.997781531268119,-6.08840383066673,-6.1984767116261725,-6.087129932114952,-16.109500007271514,-21.135415649770234
155.0,155.0,36.375310595358926,41.102996117437776,34.334509045079635,36.70474560865143,41.652473817588266,40.545840929596345,37.570110278770606,39.55046144079166,40.00962061790813,81.89410125514313,65.32675131803398,61.72918695570526,62.595948328871714,63.62625855089921,65.00116737201422,61.70738467326231,58.12107377205634,60.68642725291888,36.69412519523669,38.932338366101696,35.20074729111735,35.4970755048342,35.6993798837248,37.8431475027305,28.684309022349083,27.370488194107715,26.510397302007554,59.98851406767756,60.46599391335264,-4.748480997302377,61.490580758482224,49.71369613821632,49.65290116193909,61.705063869317684,63.2809328875604,64.16881824856209,790.4185457451929,790.4185457451929,790.4185457451929,790.4185457451929,790.4185457451929,790.4185457451929,790.4185457451929,790.4185457451929,790.4185457451929,-112.57540146099461,-109.24837346137804,-121.68571172104758,-121.85092998824148,-124.7749728103478,-124.94218704251746,-123.4290808938172,-135.93485301764332,-143.42246622120953,-0.0,-0.0,-0.0,790.4185457451929,790.4185457451929,790.4185457451929,790.4185457451929,790.4185457451929,-0.0,-112.57540146099461,-121.68571172104758,-109.24837346137804,-121.85092998824148,-124.7749728103478,-124.94218704251746,-123.4290808938172,-135.93485301764332,-143.42246622120953,14.006704082377132,13.589469532909048,10.83505441081788,7.676297367303107,14.932181585696949,15.045060559280769,8.420362441164926,5.5167684481755765,9.874592552567396,-0.0,-0.0,-0.0,-0.0,-0.0,-0.0,-0.0,-0.0,-0.0,0.767232332974025,0.7698324219540746,0.765374267153314,0.7647653584176715,0.8093130842242623,0.8023261874859206,0.8181884388015788,0.8167277662292765,0.8215587879701913,8.455893839910871,8.361407832180392,8.556563112211023,5.180981234628478,10.908701261381752,10.95809350854753,6.440617920430299,6.932256626010407,9.349718655829973,3.095128873921064,5.73175075648483,-4.372740576300529,-4.997787944307814,-6.088418921991697,-6.198475487448085,-6.087212684073801,-16.109452123419675,-21.147625643290436
155.0,155.0,36.38012269000031,41.10442510450358,34.354660852015826,36.70782052610816,41.65315310680198,40.55118978522955,37.57373889939958,39.55244755715895,40.00922221618244,81.93687926140473,65.32275140590204,61.75000236676538,62.60207246731805,63.63055818522246,65.00433143967597,61.71386152522607,58.11694757253348,60.666962970702144,36.702119471763424,38.93717787458418,35.22123078615297,35.512746919487114,35.72832768995838,37.86232848908869,28.711050824915336,27.397183913882376,26.526921825290735,59.92165430349326,60.397117695276506,-4.823404384533339,61.417119352617036,49.63847409041845,49.50132252942561,61.638544263274966,63.22095024841264,64.10086146035356,789.5509439618877,789.5509439618877,789.5509439618877,789.5509439618877,789.5509439618877,789.5509439618877,789.5509439618877,789.5509439618877,789.5509439618877,-112.45380830031966,-109.12640727548259,-121.59192317092676,-121.79551888861651,-124.64646891024537,-124.81313228511286,-123.35405972543208,-135.9071666003921,-143.38532816538486,-0.0,-0.0,-0.0,789.5509439618877,789.5509439618877,789.5509439618877,789.5509439618877,789.5509439618877,-0.0,-112.45380830031966,-121.59192317092676,-109.12640727548259,-121.79551888861651,-124.64646891024537,-124.81313228511286,-123.35405972543208,-135.9071666003921,-143.38532816538486,14.071966843269754,13.656184900071805,10.986866938917167,8.033210668300455,14.93470684258163,15.045088055914082,8.68192206619474,6.007912755965749,10.022906521116276,-0.0,-0.0,-0.0,-0.0,-0.0,-0.0,-0.0,-0.0,-0.0,1.8818545488686405,1.8875469987754419,1.8766251896691004,1.8743693934007566,2.005961650102759,1.9683097165135008,2.0321996038696644,2.031119059541416,2.0434578997052717,8.561355861378159,8.470213144280088,8.70483774982111,5.402157575994383,11.073849902393047,11.127036340919249,6.568345268111577,7.057750459373437,9.42115794937475,3.0997178548645126,5.737306233997282,-4.375751008995065,-4.997766883962424,-6.088449762651682,-6.198479398059276,-6.087248948924854,-16.109441563663566,-21.194512059137406
155.0,155.0,36.38345958243676,41.10493299280958,34.353638384142954,36.70756463335753,41.65284476889275,40.55352634776885,37.572922318537366,39.552190847804084,40.00706264354999,81.94452791242598,65.32724284698867,61.742278016708056,62.60228580733971,63.62919050359318,65.00358208161586,61.71034384956904,58.10607644577903,60.64779811572993,36.70483305100567,38.94211177497497,35.21563760313091,35.51102142947015,35.73112477218324,37.87017428660022,28.706724590036714,27.383194774454143,26.511227265725456,59.913025241131834,60.384176423003225,-4.845030936113553,61.415935897457416,49.63773718078903,49.50501428358384,61.63876957751482,63.22366764709723,64.10794776408073,789.7745549506346,789.7745549506346,789.7745549506346,789.7745549506346,789.7745549506346,789.7745549506346,789.7745549506346,789.7745549506346,789.7745549506346,-112.43067167732384,-109.12590032670141,-121.62839346365126,-121.84332963954586,-124.6808187695508,-124.84640124437084,-123.3950952985637,-135.9463610950616,-143.48066016251784,-0.0,-0.0,-0.0,789.7745549506346,789.7745549506346,789.7745549506346,789.7745549506346,789.7745549506346,-0.0,-112.43067167732384,-121.62839346365126,-109.12590032670141,-121.84332963954586,-124.6808187695508,-124.84640124437084,-123.3950952985637,-135.9463610950616,-143.48066016251784,14.077653780314801,13.708731997308996,11.022261394241795,8.103703750275011,14.93994418839674,15.045101245500707,8.719875800761573,6.036590509310125,9.996079890475565,-0.0,-0.0,-0.0,-0.0,-0.0,-0.0,-0.0,-0.0,-0.0,2.151409368029029,2.155320240439753,2.1416467949900495,1.9870476530229884,2.1293212595407205,2.0862586418740876,2.1603274045716545,2.1593195061515833,2.1725026819580275,8.72364805946103,8.630038101351312,8.856793072054385,5.586419627610796,11.224966407332444,11.284702811380189,6.68628083840247,7.174995986079511,9.504610526166179,3.143748744918269,5.774450541560863,-4.372614546920568,-4.997761794051488,-6.088452817112699,-6.198480606821468,-6.08719974686704,-16.109448858515726,-21.24621356677962
155.0,155.0,36.38204093091298,41.104416610962176,34.35198666704828,36.709994018788656,41.65159259530598,40.55249383169627,37.57213816926503,39.552434401352436,40.01200447455603,81.92573472606301,65.33482789995837,61.735500950313124,62.60925198413334,63.63122245359513,65.00717423231605,61.71179712947022,58.11440865569148,60.67905905136466,36.70236082031111,38.9444278182599,35.20564211100895,35.51547497483955,35.721072754846965,37.86556950723412,28.703900461741828,27.3899207070846,26.53081758860277,59.862013093567704,60.33123414967027,-4.795274348088599,61.35614751032168,49.573574237744836,49.412616006470415,61.58248088199716,63.16406424158072,64.06273637043583,788.903960045534,788.903960045534,788.903960045534,788.903960045534,788.903960045534,788.903960045534,788.903960045534,788.903960045534,788.903960045534,-112.37712194066857,-109.03152174480587,-121.52171036277305,-121.83506813724934,-124.55048798598867,-124.71689217444874,-123.34761337512185,-135.95304302815515,-143.52713598948196,-0.0,-0.0,-0.0,788.903960045534,788.903960045534,788.903960045534,788.903960045534,788.903960045534,-0.0,-112.37712194066857,-121.52171036277305,-109.03152174480587,-121.83506813724934,-124.55048798598867,-124.71689217444874,-123.34761337512185,-135.95304302815515,-143.52713598948196,14.215103134096093,13.79118511707337,11.09438056232751,8.690876275165802,14.935945615967013,15.045114058540468,9.116917683298627,6.696507201588377,10.41028384936615,-0.0,-0.0,-0.0,-0.0,-0.0,-0.0,-0.0,-0.0,-0.0,1.5053135899884775,1.5080768115549468,1.4992734497367326,1.3776449015496621,1.4682320027533458,1.4449905189501053,1.4889156079453176,1.4869768467214126,1.4957146811689879,8.850488897113193,8.750735839573869,8.946770621242836,5.751128900184676,11.369655237354932,11.43818349720347,6.820193270056015,7.311553301652349,9.59924003345213,3.107357421482288,5.7593742127842615,-4.3786861231197225,-4.997786331815318,-6.088457022330818,-6.198479913168712,-6.087247668740522,-16.109416778140833,-21.31540646428564
155.0,155.0,36.376302478449794,41.10345617120287,34.350781302016095,36.70643640094399,41.65115837556092,40.55273116803546,37.56972398777103,39.55231360055666,40.01020424930263,81.91064016585543,65.31493447417334,61.732013949935705,62.60109464014833,63.62125341195174,65.00141028452735,61.70253221780352,58.11466446418088,60.66018482451077,36.698880780220854,38.93959047449396,35.20037635121457,35.5086118699142,35.72490472018727,37.86891505076748,28.694992379390833,27.397117433226544,26.519116842994197,59.862084217360014,60.33732148771063,-4.76548803950323,61.344560898962875,49.56206839813145,49.40016888804466,61.576032470104884,63.15795590583152,64.0724633914167,788.8707358292323,788.8707358292323,788.8707358292323,788.8707358292323,788.8707358292323,788.8707358292323,788.8707358292323,788.8707358292323,788.8707358292323,-112.41449746530603,-109.06224430846,-121.54699061094018,-121.93486209770906,-124.54590489712841,-124.71195531639498,-123.40623032964534,-136.05144603232011,-143.80612872492,-0.0,-0.0,-0.0,788.8707358292323,788.8707358292323,788.8707358292323,788.8707358292323,788.8707358292323,-0.0,-112.41449746530603,-121.54699061094018,-109.06224430846,-121.93486209770906,-124.54590489712841,-124.71195531639498,-123.40623032964534,-136.05144603232011,-143.80612872492,14.317897281024612,13.87223735366629,11.211308640763287,9.198136166887165,14.937569073467841,15.04512531409206,9.42469285885372,7.197036788325008,10.691852162136708,-0.0,-0.0,-0.0,-0.0,-0.0,-0.0,-0.0,-0.0,-0.0,1.1171361612492916,1.118980202224497,1.1129576305253996,1.0221160387290078,1.0841086941243818,1.070886922464,1.0986245274208248,1.0967988845067558,1.102519498663653,8.938917893485057,8.823358055700007,9.03012800860897,5.935747682212877,11.519610578721567,11.620384463465752,6.9730313262906485,7.473854546434122,9.686594045970178,3.091223467137192,5.74361358282107,-4.383338749918937,-4.997798997284291,-6.088475558178203,-6.198482433107326,-6.087264210459844,-16.109428268215332,-21.488093532656894
155.0,155.0,36.37386672963262,41.103091988989604,34.34486416250642,36.703463653237186,41.65038919855554,40.552047094811954,37.56807811711538,39.550459912923806,40.00593853961553,81.90369153376697,65.30684364450376,61.716255619472896,62.595017091537436,63.61119042231738,64.99597769090003,61.70072743729043,58.091456615453104,60.628219515202495,36.69917585210437,38.93646133413461,35.19641453897562,35.49710219178162,35.709119376241354,37.86261555401299,28.686024368488113,27.367865810070338,26.48144579957701,59.84170908802152,60.31898618223026,-4.758470067935455,61.318500675596745,49.53685713004662,49.362044764597215,61.55285463346022,63.13596382152816,64.07801917831577,788.7910277594916,788.7910277594916,788.7910277594916,788.7910277594916,788.7910277594916,788.7910277594916,788.7910277594916,788.7910277594916,788.7910277594916,-112.4222572614196,-109.11816376464472,-121.56560903758832,-122.07995508684796,-124.53472663326592,-124.70010299212773,-123.48177666667368,-136.19718670221943,-144.2205776154388,-0.0,-0.0,-0.0,788.7910277594916,788.7910277594916,788.7910277594916,788.7910277594916,788.7910277594916,-0.0,-112.4222572614196,-121.56560903758832,-109.11816376464472,-122.07995508684796,-124.53472663326592,-124.70010299212773,-123.48177666667368,-136.19718670221943,-144.2205776154388,14.46426368502271,13.989925972011305,11.405411708140706,9.95848276346691,14.94096040973893,15.045163272898073,9.848333301378437,7.960239792630399,11.128618020097234,-0.0,-0.0,-0.0,-0.0,-0.0,-0.0,-0.0,-0.0,-0.0,0.9801865227219102,0.9817592200373053,0.9760276255201971,0.8949535817749377,0.9469511954028443,0.9367940293769792,0.9599574053499278,0.9580164913989699,0.9625542433914374,9.075310635378177,8.935827587420851,9.165870809395111,6.19411756504867,11.71621331536626,11.897458029961077,7.1745812209249324,7.6871403462877375,9.81353856685989,3.099329039308799,5.707417055153936,-4.376000810975638,-4.997785841643961,-6.088459571099163,-6.198480378605505,-6.087223313764589,-16.109459466348827,-21.745157200848226
