natgas_SE,natgas_MIDAT,natgas_NE,natgas_demand_SE,natgas_demand_MIDAT,natgas_demand_NE,ethylene_demand_SE,ethylene_demand_MIDAT,ethylene_demand_NE,ethane_SE,ethane_MIDAT,ethane_NE,ethylene_SE,ethylene_MIDAT,ethylene_NE,biowood_SE,biowood_MIDAT,biowood_NE,bioherb_SE,bioherb_MIDAT,bioherb_NE,elec_SE,elec_MIDAT,elec_NE,h2_SE,h2_MIDAT,h2_NE,co2_captured_SE,co2_captured_MIDAT,co2_captured_NE,gasoline_SE,gasoline_MIDAT,gasoline_NE,gasoline_demand_SE,gasoline_demand_MIDAT,gasoline_demand_NE,jetfuel_SE,jetfuel_MIDAT,jetfuel_NE,jetfuel_demand_SE,jetfuel_demand_MIDAT,jetfuel_demand_NE,diesel_SE,diesel_MIDAT,diesel_NE,diesel_demand_SE,diesel_demand_MIDAT,diesel_demand_NE
-24.0104304288173,-26.64191787347232,-30.474593307312063,52.65952353626474,50.02803609160972,46.19536065776998,84579.0637933421,84347.93980809087,84368.38373619318,73.46474602,73.46474602,73.46474602,83249.34270969061,83018.21872443937,83038.6626525417,176.16057555815252,192.65152992638377,179.07904647407835,176.16057555815252,192.6515299263838,179.07904647407835,119.67281033628105,51.35265574946144,48.92027276230523,54.52371465723288,51.11694322669994,44.529471762141405,-295.82548997152486,-282.2130889996484,-289.758697167672,-87.70703682814893,-87.70703682814893,-87.70703682814893,14.4521609669296,14.4521609669296,14.4521609669296,-158.97332751185243,-158.97332751185243,-158.97332751185243,-54.64667842172927,-54.64667842172927,-54.64667842172927,83.29037731,83.29037731,83.29037731,190.36246467894784,190.36246467894784,190.36246467894784
-24.0104304288173,-26.64191787347232,-32.76366617066849,52.65952353626474,50.02803609160972,43.90628779441355,11192.3051929896,10961.181207738373,10981.62513584069,73.46474602,73.46474602,73.46474602,9862.584109338117,9631.46012408689,9651.904052189208,176.16057555815252,192.6515299263838,166.37510902088744,176.16057555815252,192.6515299263838,166.37510902088744,119.67281033628105,51.35265574946144,48.92027276230523,54.52371465723288,51.11694322669994,44.529471762141405,-295.82548997152486,-282.2130889996484,-303.13800090606486,-87.70703682814893,-87.70703682814893,-87.70703682814893,14.4521609669296,14.4521609669296,14.4521609669296,-151.43476598904923,-151.43476598904923,-151.43476598904923,-47.10811689892605,-47.10811689892605,-47.10811689892605,83.29037731,83.29037731,83.29037731,190.36246467894784,190.36246467894784,190.36246467894784
-24.0104304288173,-26.64191787347232,-25.10088971895788,52.65952353626474,50.02803609160972,51.569064246124164,11192.3051929896,10961.181207738373,10981.62513584069,73.46474602,73.46474602,73.46474602,9862.584109338117,9631.46012408689,9651.904052189208,176.16057555815252,192.6515299263838,209.50703459750284,176.16057555815252,192.6515299263838,209.50703459750284,119.67281033628105,51.35265574946144,48.92027276230523,54.52371465723288,51.11694322669994,44.529471762141405,-295.82548997152486,-282.2130889996484,-257.0814764339518,-83.48183276024483,-83.48183276024483,-83.48183276024483,18.67736503483371,18.67736503483371,18.67736503483371,69.30059661,69.30059661,69.30059661,173.62724570012315,173.62724570012315,173.62724570012315,83.29037731,83.29037731,83.29037731,190.36246467894784,190.36246467894784,190.36246467894784
-24.0104304288173,-26.64191787347232,-24.862421236400806,52.65952353626474,50.02803609160972,51.80753272868123,11192.3051929896,10961.181207738373,10981.62513584069,73.46474602,73.46474602,73.46474602,9862.584109338117,9631.46012408689,9651.904052189208,176.16057555815252,192.6515299263838,210.22557925017387,176.16057555815252,192.6515299263838,210.22557925017387,119.67281033628105,51.35265574946144,48.92027276230523,54.52371465723288,51.11694322669994,44.529471762141405,-295.82548997152486,-282.2130889996484,-256.95635348921473,-58.068049195374584,-58.068049195374584,-58.068049195374584,44.09114859970395,44.09114859970395,44.09114859970395,69.30059661,69.30059661,69.30059661,173.62724570012315,173.62724570012315,173.62724570012315,83.29037731,83.29037731,83.29037731,190.36246467894784,190.36246467894784,190.36246467894784
-24.0104304288173,-26.64191787347232,-31.41027310991325,52.65952353626474,50.02803609160972,45.259680855168796,11192.3051929896,10961.181207738373,10961.790314465929,73.46474602,73.46474602,73.46474602,9862.584109338117,9631.46012408689,9632.069230814446,176.16057555815252,192.6515299263838,200.7898088275293,176.16057555815252,192.6515299263838,200.7898088275293,119.67281033628105,51.35265574946144,28.033809794317246,54.52371465723288,51.11694322669994,32.02643921666098,-295.82548997152486,-282.2130889996484,-249.87627591571598,-87.70703682814893,-87.70703682814893,-87.70703682814893,14.4521609669296,14.4521609669296,14.4521609669296,-57.01074165814308,-57.01074165814308,-57.01074165814308,47.31590743198009,47.31590743198009,47.31590743198009,83.29037731,83.29037731,83.29037731,190.36246467894784,190.36246467894784,190.36246467894784
-24.0104304288173,-64.34032937346551,-53.555258999517555,52.65952353626474,12.329624591616538,23.114694965564485,11192.3051929896,10871.921463452789,10859.511501731035,73.46474602,73.46474602,73.46474602,9862.584109338117,9542.200379801305,9529.790418079552,176.16057555815252,101.4731473094815,139.5460742013712,176.16057555815252,101.4731473094815,139.5460742013712,119.67281033628105,0.0,0.0,54.52371465723288,29.508107293125175,32.306777314604155,-295.82548997152486,-282.2130889996484,-264.8601416435761,-87.70703682814893,-87.70703682814893,-87.70703682814893,14.4521609669296,14.4521609669296,14.4521609669296,69.30059661,69.30059661,69.30059661,173.62724570012315,173.62724570012315,173.62724570012315,83.29037731,83.29037731,83.29037731,190.36246467894784,190.36246467894784,190.36246467894784
-20.69096923783478,-39.98541812799194,-81.20923812049612,55.978984727247266,36.684535837090095,-4.539284155414091,10936.646746664253,10871.921463452789,10871.921463452789,73.46474602,73.46474602,73.46474602,9606.925663012771,9542.200379801305,9542.200379801305,211.25014439022507,168.76552353161247,80.00000000000001,211.25014439022507,168.76552353161247,79.99999999999999,45.235392428618844,0.0,0.0,51.67790452622107,29.508107293125175,29.508107293125175,-280.9342326121649,-282.2130889996484,-229.4960611693702,83.87044139,83.87044139,83.87044139,186.02963918507854,186.02963918507854,186.02963918507854,69.30059661,69.30059661,69.30059661,173.62724570012315,173.62724570012315,173.62724570012315,83.29037731,83.29037731,83.29037731,190.36246467894784,190.36246467894784,190.36246467894784
-20.69096923783478,-55.70755153290961,-53.555258999517555,55.978984727247266,20.96240243217242,23.114694965564485,10936.646746664253,10871.921463452789,10859.511501731035,73.46474602,73.46474602,73.46474602,9606.925663012771,9542.200379801305,9529.790418079552,211.25014439022507,125.32542615515901,113.02879613568791,211.25014439022507,125.32542615515901,113.02879613568791,45.235392428618844,0.0,0.0,51.67790452622107,29.508107293125175,32.306777314604155,-280.9342326121649,-282.2130889996484,-320.4752382578448,-79.584286886885,-79.584286886885,-79.584286886885,22.574910908193537,22.574910908193537,22.574910908193537,-108.33051956995985,-108.33051956995985,-108.33051956995985,-4.003870479836676,-4.003870479836676,-4.003870479836676,83.29037731,83.29037731,83.29037731,190.36246467894784,190.36246467894784,190.36246467894784
-20.915504397253716,-56.3831231927023,-53.555258999517555,55.754449567828324,20.286830772379734,23.114694965564485,10936.646746664253,10871.921463452789,10859.511501731035,73.46474602,73.46474602,73.46474602,9606.925663012771,9542.200379801305,9529.790418079552,210.57358312557878,123.4588284148684,158.4166611512903,210.57358312557878,123.4588284148684,158.4166611512903,45.235392428618844,0.0,0.0,51.67790452622107,29.508107293125175,32.306777314604155,-281.0520448280277,-282.2130889996484,-225.28256834257132,-79.84703439562122,-79.84703439562122,-79.84703439562122,22.312163399457305,22.312163399457305,22.312163399457305,-145.65541532067044,-145.65541532067044,-145.65541532067044,-41.32876623054728,-41.32876623054728,-41.32876623054728,83.29037731,83.29037731,83.29037731,190.36246467894784,190.36246467894784,190.36246467894784
-20.69096923783478,-56.394425402488324,-46.503457559799195,55.978984727247266,20.275528562593717,30.166496405282846,10936.646746664253,10871.921463452789,10859.511501731035,73.46474602,73.46474602,73.46474602,9606.925663012771,9542.200379801305,9529.790418079552,211.25014439022507,123.42760052225174,179.66489555893196,211.25014439022507,123.42760052225174,179.66489555893196,45.235392428618844,0.0,0.0,51.67790452622107,29.508107293125175,32.306777314604155,-280.9342326121649,-282.2130889996484,-221.58253153947936,-79.584286886885,-79.584286886885,-79.584286886885,22.574910908193537,22.574910908193537,22.574910908193537,69.30059661,69.30059661,69.30059661,173.62724570012315,173.62724570012315,173.62724570012315,83.29037731,83.29037731,83.29037731,190.36246467894784,190.36246467894784,190.36246467894784
-20.69096923783478,-56.810290211564926,-35.789775678036165,55.978984727247266,19.859663753517115,40.88017828704588,10936.646746664253,10878.279774220906,10871.921463452789,73.46474602,73.46474602,73.46474602,9606.925663012771,9548.558690569424,9542.200379801305,211.25014439022507,122.27857021342118,183.50742993643001,211.25014439022507,122.27857021342118,183.50742993643001,45.235392428618844,0.0,0.0,51.67790452622107,28.07419362497988,29.508107293125175,-280.9342326121649,-282.2130889996484,-275.60782836203475,-79.584286886885,-79.584286886885,-79.584286886885,22.574910908193537,22.574910908193537,22.574910908193537,-145.32737677151374,-145.32737677151374,-145.32737677151374,-41.000727681390565,-41.000727681390565,-41.000727681390565,83.29037731,83.29037731,83.29037731,190.36246467894784,190.36246467894784,190.36246467894784
-20.69096923783478,-72.11203586153876,-53.55525899951758,55.978984727247266,4.557918103543286,23.11469496556446,10936.646746664253,10871.921463452789,10859.511501731035,73.46474602,73.46474602,73.46474602,9606.925663012771,9542.200379801305,9529.790418079552,211.25014439022507,79.99999999999999,112.22896817196262,211.25014439022507,79.99999999999999,112.22896817196262,45.235392428618844,0.0,0.0,51.67790452622107,29.508107293125175,32.306777314604155,-280.9342326121649,-282.2130889996484,-322.15272979250335,-79.584286886885,-79.584286886885,-79.584286886885,22.574910908193537,22.574910908193537,22.574910908193537,-145.32737677151374,-145.32737677151374,-145.32737677151374,-41.000727681390565,-41.000727681390565,-41.000727681390565,83.29037731,83.29037731,83.29037731,190.36246467894784,190.36246467894784,190.36246467894784
-20.69096923783478,-72.11203586153876,-61.588024891962554,55.978984727247266,4.557918103543286,15.081929073119488,10936.646746664253,10871.921463452789,10859.511501731035,73.46474602,73.46474602,73.46474602,9606.925663012771,9542.200379801305,9529.790418079552,211.25014439022507,79.99999999999999,79.99999999999999,211.25014439022507,79.99999999999999,79.99999999999997,46.14010027719123,0.0,0.0,51.67790452622107,29.508107293125175,32.306777314604155,-280.9342326121649,-282.2130889996484,-343.19827580507905,-79.584286886885,-79.584286886885,-79.584286886885,22.574910908193537,22.574910908193537,22.574910908193537,-145.32737677151374,-145.32737677151374,-145.32737677151374,-41.000727681390565,-41.000727681390565,-41.000727681390565,83.29037731,83.29037731,83.29037731,190.36246467894784,190.36246467894784,190.36246467894784
-20.915504397253724,-72.11203586153876,-26.62207792370865,55.75444956782832,4.557918103543286,50.04787604137339,10936.646746664253,10871.921463452789,10859.511501731035,73.46474602,73.46474602,73.46474602,9606.925663012771,9542.200379801305,9529.790418079552,210.57358312557866,79.99999999999999,228.384808955499,210.57358312557866,79.99999999999999,228.384808955499,47.49716205004979,0.0,0.0,51.67790452622107,29.508107293125175,32.306777314604155,-281.05204482802776,-282.2130889996484,-234.61134807503893,-79.8470343956213,-79.8470343956213,-79.8470343956213,22.312163399457233,22.312163399457233,22.312163399457233,69.30059661,69.30059661,69.30059661,173.62724570012315,173.62724570012315,173.62724570012315,83.29037731,83.29037731,83.29037731,190.36246467894784,190.36246467894784,190.36246467894784
-20.690969237834775,-56.394425402488324,-50.73476963842108,55.978984727247266,20.275528562593717,25.935184326660963,10936.646746664253,10871.921463452789,10859.511501731035,73.46474602,73.46474602,73.46474602,9606.925663012771,9542.200379801305,9529.790418079552,211.2501443902251,123.42760052225174,125.10907755439565,211.2501443902251,123.42760052225174,125.10907755439565,48.40186989862217,0.0,0.0,51.67790452622107,29.508107293125175,32.306777314604155,-280.93423261216486,-282.2130889996484,-311.48342299171264,-79.584286886885,-79.584286886885,-79.584286886885,22.574910908193537,22.574910908193537,22.574910908193537,-145.32737677151374,-145.32737677151374,-145.32737677151374,-41.000727681390565,-41.000727681390565,-41.000727681390565,83.29037731,83.29037731,83.29037731,190.36246467894784,190.36246467894784,190.36246467894784
-20.690969237834775,-56.81029021156493,-22.843079291867713,55.978984727247266,19.859663753517104,53.82687467321433,10936.646746664253,10871.921463452789,10859.511501731035,73.46474602,73.46474602,73.46474602,9606.925663012771,9542.200379801305,9529.790418079552,211.2501443902251,122.27857021342115,244.57042822541283,211.2501443902251,122.27857021342115,244.57042822541283,49.306577747194545,0.0,0.0,51.67790452622107,29.508107293125175,32.306777314604155,-280.93423261216486,-282.2130889996484,-222.56377290699436,-79.584286886885,-79.584286886885,-79.584286886885,22.574910908193537,22.574910908193537,22.574910908193537,-145.32737677151374,-145.32737677151374,-145.32737677151374,-41.000727681390565,-41.000727681390565,-41.000727681390565,83.29037731,83.29037731,83.29037731,190.36246467894784,190.36246467894784,190.36246467894784
-20.69096923783478,-72.11203586153876,-46.65222791068456,55.978984727247266,4.557918103543286,30.01772605439748,10936.646746664253,10871.921463452789,10859.511501731035,73.46474602,73.46474602,73.46474602,9606.925663012771,9542.200379801305,9529.790418079552,211.25014439022507,79.99999999999999,179.2166260896989,211.25014439022507,79.99999999999999,179.2166260896989,49.75893167148073,0.0,0.0,51.67790452622107,29.508107293125175,32.306777314604155,-280.9342326121649,-282.2130889996484,-221.66059042672828,-79.584286886885,-79.584286886885,-79.584286886885,22.574910908193537,22.574910908193537,22.574910908193537,-145.32737677151374,-145.32737677151374,-145.32737677151374,-41.000727681390565,-41.000727681390565,-41.000727681390565,83.29037731,83.29037731,83.29037731,190.36246467894784,190.36246467894784,190.36246467894784
-23.320663387424894,-63.51101290432848,-48.07615466760029,53.34929057765714,13.15894106075356,28.593799297481745,10934.879480475316,10964.339718513886,10918.083131220366,73.46474602,73.46474602,73.46474602,9605.158396823834,9634.618634862403,9588.362047568884,200.5771240461844,97.11851071067443,144.26891491422728,200.5771240461844,97.11851071067443,144.26891491422728,50.62443985140695,26.289674485237125,16.054018193418273,53.05914725512023,30.03390078282992,32.146237132669974,-287.43917057632524,-282.2130889996484,-278.19364408881904,-80.8165357306079,-80.8165357306079,-80.8165357306079,21.34266206447063,21.34266206447063,21.34266206447063,69.30059661,69.30059661,69.30059661,173.62724570012315,173.62724570012315,173.62724570012315,83.29037731,83.29037731,83.29037731,190.36246467894784,190.36246467894784,190.36246467894784
-26.525999622704678,-63.69423475860095,-65.88327211313626,50.14395434237736,12.97571920648109,10.786681851945787,10959.4872318929,10964.339718513886,10918.083131220366,73.46474602,73.46474602,73.46474602,9629.766148241417,9634.618634862403,9588.362047568884,188.78357770568257,96.61227055953813,79.99999999999999,188.78357770568257,96.61227055953813,79.99999999999994,56.651129459281634,26.28967448523712,16.054018193418273,53.19914768558804,30.033900782829917,32.146237132669974,-289.8880567648171,-282.2130889996484,-309.7960507234372,-85.1488869340505,-85.1488869340505,-85.1488869340505,17.010310861028046,17.010310861028046,17.010310861028046,-153.23873541094696,-153.23873541094696,-153.23873541094696,-48.91208632082378,-48.91208632082378,-48.91208632082378,83.29037731,83.29037731,83.29037731,190.36246467894784,190.36246467894784,190.36246467894784
-23.947431114878018,-69.70665990655235,-24.210863541186118,52.72252285020402,6.963294058529699,52.45909042389592,10959.4872318929,10964.339718513886,10932.116386571095,73.46474602,73.46474602,73.46474602,9629.766148241417,9634.618634862403,9602.395302919613,196.55322756874676,79.99999999999991,248.33521123820043,196.55322756874676,79.99999999999999,248.33521123820043,55.04779560666046,26.28967448523712,16.054018193418273,53.19914768558805,30.033900782829917,28.981485142742653,-288.53509774295424,-282.2130889996484,-198.22985299275769,-82.13148666012226,-82.13148666012226,-82.13148666012226,20.027711134956274,20.027711134956274,20.027711134956274,-68.19857610968693,-68.19857610968693,-68.19857610968693,36.128072980436244,36.128072980436244,36.128072980436244,83.29037731,83.29037731,83.29037731,190.36246467894784,190.36246467894784,190.36246467894784
-21.217182106590982,-69.17297645726576,-42.578544437324595,55.452771858491055,7.496977507816278,34.09140952775745,10959.4872318929,10964.339718513886,10918.083131220366,73.46474602,73.46474602,73.46474602,9629.766148241417,9634.618634862403,9588.362047568884,204.77991565905,81.47456203354426,139.61120104288287,204.77991565905,81.47456203354426,139.61120104288287,53.44446175403928,26.28967448523712,16.054018193418273,53.19914768558804,30.033900782829917,32.146237132669974,-287.1025528962759,-282.2130889996484,-319.8202295785294,-78.93659225243354,-78.93659225243354,-78.93659225243354,23.22260554264499,23.22260554264499,23.22260554264499,-140.75675223211118,-140.75675223211118,-140.75675223211118,-36.43010314198801,-36.43010314198801,-36.43010314198801,83.29037731,83.29037731,83.29037731,190.36246467894784,190.36246467894784,190.36246467894784
-20.94743238738441,-69.70665990655235,-23.72390443207128,55.72252157769763,6.963294058529699,52.94604953301076,10959.4872318929,10964.339718513886,10918.083131220366,73.46474602,73.46474602,73.46474602,9629.766148241417,9634.618634862403,9588.362047568884,205.5927158086421,79.99999999999991,244.25101883267303,205.5927158086421,79.99999999999999,244.25101883267303,53.44446175403928,26.28967448523712,16.054018193418273,53.19914768558804,30.033900782829917,32.146237132669974,-286.9610168792425,-282.2130889996484,-209.61755340051906,-78.62093537763832,-78.62093537763832,-78.62093537763832,23.53826241744021,23.53826241744021,23.53826241744021,-117.02051867192077,-117.02051867192077,-117.02051867192077,-12.6938695817976,-12.6938695817976,-12.6938695817976,83.29037731,83.29037731,83.29037731,190.36246467894784,190.36246467894784,190.36246467894784
-20.94743238738441,-41.55345716959078,-38.134141549619194,55.72252157769763,35.11649679549126,38.53581241546284,10959.4872318929,10964.339718513886,10918.083131220366,73.46474602,73.46474602,73.46474602,9629.766148241417,9634.618634862403,9588.362047568884,205.5927158086421,157.78701763019734,200.83061076236496,205.5927158086421,157.78701763019734,200.83061076236496,53.44446175403928,26.28967448523712,16.054018193418273,53.19914768558804,30.033900782829917,32.146237132669974,-286.9610168792425,-282.2130889996484,-217.17851610373708,-78.62093537763832,-78.62093537763832,-78.62093537763832,23.53826241744021,23.53826241744021,23.53826241744021,-65.3475935451154,-65.3475935451154,-65.3475935451154,38.97905554500777,38.97905554500777,38.97905554500777,83.29037731,83.29037731,83.29037731,190.36246467894784,190.36246467894784,190.36246467894784
-20.94743238738441,-68.93378641412481,-37.72309144393067,55.72252157769763,7.736167550957233,38.94686252115137,10959.4872318929,10964.339718513886,10918.083131220366,73.46474602,73.46474602,73.46474602,9629.766148241417,9634.618634862403,9588.362047568884,205.5927158086421,82.13544173084227,160.62508155848468,205.5927158086421,82.13544173084227,160.62508155848468,53.44446175403928,26.28967448523712,16.054018193418273,53.19914768558804,30.033900782829917,32.146237132669974,-286.9610168792425,-282.2130889996484,-303.8841715890488,-78.62093537763839,-78.62093537763839,-78.62093537763839,23.538262417440144,23.538262417440144,23.538262417440144,-145.08863051431115,-145.08863051431115,-145.08863051431115,-40.76198142418797,-40.76198142418797,-40.76198142418797,83.29037731,83.29037731,83.29037731,190.36246467894784,190.36246467894784,190.36246467894784
-20.94743238738441,-66.94620393066322,-41.72786986712345,55.72252157769763,9.723750034418824,34.94208409795859,10959.4872318929,10964.339718513886,10918.083131220366,73.46474602,73.46474602,73.46474602,9629.766148241417,9634.618634862403,9588.362047568884,205.5927158086421,87.62711225682182,190.00211788143667,205.5927158086421,87.62711225682182,190.00211788143667,53.44446175403928,26.28967448523712,16.054018193418273,53.19914768558804,30.033900782829917,32.146237132669974,-286.9610168792425,-282.2130889996484,-219.06412322820688,-78.62093537763832,-78.62093537763832,-78.62093537763832,23.53826241744021,23.53826241744021,23.53826241744021,-145.08863051431112,-145.08863051431112,-145.08863051431112,-40.76198142418794,-40.76198142418794,-40.76198142418794,83.29037731,83.29037731,83.29037731,190.36246467894784,190.36246467894784,190.36246467894784
-20.94743238738441,-38.569601565780665,-53.76635427794549,55.72252157769763,38.10035239930137,22.903599687136552,10959.4872318929,10964.339718513886,10918.083131220366,73.46474602,73.46474602,73.46474602,9629.766148241417,9634.618634862403,9588.362047568884,205.5927158086421,166.03138082496866,108.06620986713925,205.5927158086421,166.03138082496866,108.06620986713925,53.44446175403928,26.28967448523712,16.054018193418273,53.19914768558804,30.033900782829917,32.146237132669974,-286.9610168792425,-282.2130889996484,-321.1482171292981,-78.62093537763832,-78.62093537763832,-78.62093537763832,23.53826241744021,23.53826241744021,23.53826241744021,-145.08863051431112,-145.08863051431112,-145.08863051431112,-40.76198142418794,-40.76198142418794,-40.76198142418794,83.29037731,83.29037731,83.29037731,190.36246467894784,190.36246467894784,190.36246467894784
-20.94743238738441,-43.85254982310451,-37.286818932826044,55.72252157769763,32.817404141977526,39.38313503225599,10959.4872318929,10964.339718513886,10918.083131220366,73.46474602,73.46474602,73.46474602,9629.766148241417,9634.618634862403,9588.362047568884,205.5927158086421,151.43464761946544,203.38373278861934,205.5927158086421,151.43464761946544,203.38373278861934,53.44446175403928,26.28967448523712,16.054018193418273,53.19914768558804,30.033900782829917,32.146237132669974,-286.9610168792425,-282.2130889996484,-216.73393114299654,-47.202511032585186,-47.202511032585186,-47.202511032585186,54.95668676249335,54.95668676249335,54.95668676249335,69.30059661,69.30059661,69.30059661,173.62724570012315,173.62724570012315,173.62724570012315,83.29037731,83.29037731,83.29037731,190.36246467894784,190.36246467894784,190.36246467894784
-23.947431114878025,-51.59644294963441,-36.1072814908226,52.722522850204015,25.073511015447632,40.562672474259436,10959.4872318929,10964.339718513886,10918.083131220366,73.46474602,73.46474602,73.46474602,9629.766148241417,9634.618634862403,9588.362047568884,196.55322756874685,130.0383483497946,169.51295792504337,196.55322756874673,130.0383483497946,169.51295792504337,53.44446175403928,26.28967448523712,16.054018193418276,53.19914768558804,30.033900782829917,32.146237132669974,-288.53509774295424,-282.2130889996484,-294.6068863033512,-82.13148666012233,-82.13148666012233,-82.13148666012233,20.027711134956203,20.027711134956203,20.027711134956203,-149.47153086980765,-149.47153086980765,-149.47153086980765,-45.144881779684475,-45.144881779684475,-45.144881779684475,83.29037731,83.29037731,83.29037731,190.36246467894784,190.36246467894784,190.36246467894784
-20.94743238738441,-38.569601565780665,-75.50400288688854,55.72252157769763,38.10035239930137,1.165951078193496,10959.4872318929,10964.339718513886,10873.792390634451,73.46474602,73.46474602,73.46474602,9629.766148241417,9634.618634862403,9544.071306982969,205.5927158086421,166.03138082496866,91.29344104668513,205.5927158086421,166.03138082496866,91.29344104668513,53.44446175403928,26.28967448523712,3.914278162867311,53.19914768558804,30.033900782829917,32.26763453297548,-286.9610168792425,-282.2130889996484,-236.79584584186895,-78.62093537763832,-78.62093537763832,-78.62093537763832,23.53826241744021,23.53826241744021,23.53826241744021,62.802589865136426,62.802589865136426,62.802589865136426,167.1292389552596,167.1292389552596,167.1292389552596,83.29037731,83.29037731,83.29037731,190.36246467894784,190.36246467894784,190.36246467894784
-20.623688059236038,-55.592705842983776,-31.886577345463365,56.046265905846006,21.07724812209826,44.78337661961868,10934.879480475316,10871.921463452789,10859.511501731035,73.46474602,73.46474602,73.46474602,9605.158396823834,9542.200379801305,9529.790418079552,208.7035530806457,125.6427436479672,199.1677960561075,208.7035530806457,125.6427436479672,199.1677960561075,46.444440230648574,0.0,0.0,53.05914725512023,29.508107293125175,32.306777314604155,-286.02408422475486,-282.2130889996484,-265.3815948075839,-77.66057765954868,-77.66057765954868,-77.66057765954868,24.49862013552986,24.49862013552986,24.49862013552986,-141.49501169625873,-141.49501169625873,-141.49501169625873,-37.168362606135545,-37.168362606135545,-37.168362606135545,83.29037731,83.29037731,83.29037731,190.36246467894784,190.36246467894784,190.36246467894784
-49.17440772518607,-49.38572374067807,-31.886577345463365,27.49554623989597,27.28423022440397,44.78337661961868,10881.134220008737,10871.921463452789,10859.511501731035,73.46474602,73.46474602,73.46474602,9551.413136357254,9542.200379801305,9529.790418079552,180.1707152544529,142.79257312681685,199.1677960561075,180.1707152544529,142.79257312681685,199.1677960561075,0.0,0.0,0.0,27.43046465679702,29.508107293125175,32.306777314604155,-205.04388159614217,-282.2130889996484,-265.3815948075839,-142.62029672809516,-142.62029672809516,-142.62029672809516,-40.461098933016615,-40.461098933016615,-40.461098933016615,-168.0063768755647,-168.0063768755647,-168.0063768755647,-63.67972778544155,-63.67972778544155,-63.67972778544155,83.29037731,83.29037731,83.29037731,190.36246467894784,190.36246467894784,190.36246467894784
-49.17440772518607,-41.55345716959078,-21.959857410076694,27.49554623989597,35.11649679549126,54.71009655500534,10881.134220008737,10871.921463452789,10859.511501731035,73.46474602,73.46474602,73.46474602,9551.413136357254,9542.200379801305,9529.790418079552,180.1707152544529,164.43304734006531,253.61878856723564,180.1707152544529,164.43304734006531,253.61878856723564,0.0,0.0,0.0,27.43046465679702,29.508107293125175,32.306777314604155,-205.04388159614217,-282.2130889996484,-208.70465563632936,-103.7838134111923,-103.7838134111923,-103.7838134111923,-1.6246156161137653,-1.6246156161137653,-1.6246156161137653,-185.16146082347677,-185.16146082347677,-185.16146082347677,-80.8348117333536,-80.8348117333536,-80.8348117333536,83.29037731,83.29037731,83.29037731,190.36246467894784,190.36246467894784,190.36246467894784
-49.17440772518607,-56.32830705578043,-32.27998285114003,27.49554623989597,20.34164690930161,44.38997111394201,10881.134220008737,10871.921463452789,10859.511501731035,73.46474602,73.46474602,73.46474602,9551.413136357254,9542.200379801305,9529.790418079552,180.1707152544529,123.61028485302218,197.58937914580596,180.1707152544529,123.61028485302215,197.58937914580596,0.0,0.0,0.0,27.43046465679702,29.508107293125175,32.306777314604155,-205.04388159614217,-282.2130889996484,-266.4123025092867,-122.3849102969226,-122.3849102969226,-122.3849102969226,-20.22571250184406,-20.22571250184406,-20.22571250184406,-105.54094269537643,-105.54094269537643,-105.54094269537643,-1.2142936052532596,-1.2142936052532596,-1.2142936052532596,83.29037731,83.29037731,83.29037731,190.36246467894784,190.36246467894784,190.36246467894784
-49.17440772518607,-55.352886350114225,-64.21275819471653,27.49554623989597,21.31706761496781,12.45719577036551,10881.134220008737,10978.14103135704,10859.511501731035,73.46474602,73.46474602,73.46474602,9551.413136357254,9648.419947705557,9529.790418079552,180.1707152544529,126.30536250857084,126.30386798281376,180.1707152544529,126.30536250857084,126.30386798281376,0.0,0.0,0.0,27.43046465679702,5.5536804340165125,32.306777314604155,-205.04388159614217,-282.2130889996484,-230.87449256055305,-142.62029672809516,-142.62029672809516,-142.62029672809516,-40.461098933016615,-40.461098933016615,-40.461098933016615,62.92504049394301,62.92504049394301,62.92504049394301,167.25168958406618,167.25168958406618,167.25168958406618,83.29037731,83.29037731,83.29037731,190.36246467894784,190.36246467894784,190.36246467894784
-49.17440772518607,-36.91987356478718,-42.257424659165856,27.49554623989597,39.750080400294856,34.41252930591618,10881.134220008737,10871.921463452789,10903.512872763147,73.46474602,73.46474602,73.46474602,9551.413136357254,9542.200379801305,9573.791789111663,180.1707152544529,177.23559250430162,157.1402726561984,180.1707152544529,176.9479212714249,157.1402726561985,0.0,0.0,0.0,27.43046465679702,29.508107293125175,22.383675150986562,-205.04388159614217,-282.2130889996484,-292.8256064429561,-99.05049732591235,-99.05049732591235,-99.05049732591235,3.108700469166188,3.108700469166188,3.108700469166188,-152.13290287088338,-152.13290287088338,-152.13290287088338,-47.806253780760215,-47.806253780760215,-47.806253780760215,83.29037731,83.29037731,83.29037731,190.36246467894784,190.36246467894784,190.36246467894784
-49.17440772518607,-41.55345716959078,-45.164823156266344,27.49554623989597,35.11649679549126,31.505130808815696,10881.134220008737,10898.622320989341,10859.511501731035,73.46474602,73.46474602,73.46474602,9551.413136357254,9568.901237337857,9529.790418079552,180.1707152544529,164.4330473400653,148.96540614746385,180.1707152544529,164.43304734006531,148.96540614746385,0.0,0.0,0.0,27.43046465679702,23.486582713855842,32.306777314604155,-205.04388159614217,-282.2130889996484,-293.72624563781267,-102.0749005462669,-102.0749005462669,-102.0749005462669,0.08429724881162988,0.08429724881162988,0.08429724881162988,69.30059661,69.30059661,69.30059661,173.62724570012315,173.62724570012315,173.62724570012315,83.29037731,83.29037731,83.29037731,190.36246467894784,190.36246467894784,190.36246467894784
-49.17440772518607,-41.55345716959078,-64.21275819471653,27.49554623989597,35.11649679549126,12.45719577036551,10881.134220008737,10871.921463452789,10859.511501731035,73.46474602,73.46474602,73.46474602,9551.413136357254,9542.200379801305,9529.790418079552,180.1707152544529,164.43304734006531,79.99999999999999,180.1707152544529,164.43304734006531,79.99999999999997,0.0,0.0,0.0,27.43046465679702,29.508107293125175,32.306777314604155,-205.04388159614217,-282.2130889996484,-327.9883096386021,44.123048137022316,44.123048137022316,44.123048137022316,146.28224593210084,146.28224593210084,146.28224593210084,69.30059661,69.30059661,69.30059661,173.62724570012315,173.62724570012315,173.62724570012315,83.29037731,83.29037731,83.29037731,190.36246467894784,190.36246467894784,190.36246467894784
-49.17440772518607,-56.81029021156493,-61.58802489196257,27.49554623989597,19.859663753517104,15.081929073119472,10881.134220008737,10871.921463452789,10859.511501731035,73.46474602,73.46474602,73.46474602,9551.413136357254,9542.200379801305,9529.790418079552,180.1707152544529,122.27857021342115,79.99999999999999,180.1707152544529,122.27857021342115,79.99999999999991,0.0,0.0,0.0,27.43046465679702,29.508107293125175,32.306777314604155,-205.04388159614217,-282.2130889996484,-343.19827580507905,-142.62029672809516,-142.62029672809516,-142.62029672809516,-40.461098933016615,-40.461098933016615,-40.461098933016615,-137.56269902813264,-137.56269902813264,-137.56269902813264,-33.23604993800946,-33.23604993800946,-33.23604993800946,83.29037731,83.29037731,83.29037731,190.36246467894784,190.36246467894784,190.36246467894784
-49.17440772518607,-72.11203586153876,-28.96947360646656,27.49554623989597,4.557918103543286,47.70048035861548,10881.134220008737,10871.921463452789,10859.511501731035,73.46474602,73.46474602,73.46474602,9551.413136357254,9542.200379801305,9529.790418079552,180.1707152544529,79.99999999999999,210.87176512694333,180.1707152544529,79.99999999999999,210.87176512694333,0.0,0.0,0.0,27.43046465679702,29.508107293125175,32.306777314604155,-205.04388159614217,-282.2130889996484,-257.7388921837897,-116.25493703674945,-116.25493703674945,-116.25493703674945,-14.095739241670918,-14.095739241670918,-14.095739241670918,-224.23192027357166,-224.23192027357166,-224.23192027357166,-119.90527118344849,-119.90527118344849,-119.90527118344849,83.29037731,83.29037731,83.29037731,190.36246467894784,190.36246467894784,190.36246467894784
-49.17440772518607,-67.68256510357375,-53.440413309591705,27.49554623989597,8.987388861508286,23.229540655490332,10881.134220008737,10871.921463452789,10859.511501731035,73.46474602,73.46474602,73.46474602,9551.413136357254,9542.200379801305,9529.790418079552,180.1707152544529,92.2385834095497,120.97972901755992,180.1707152544529,92.2385834095497,120.97972901755992,0.0,0.0,0.0,27.43046465679702,29.508107293125175,32.306777314604155,-205.04388159614217,-282.2130889996484,-304.4651388680298,-142.62029672809516,-142.62029672809516,-142.62029672809516,-40.461098933016615,-40.461098933016615,-40.461098933016615,69.30059661,69.30059661,69.30059661,173.62724570012315,173.62724570012315,173.62724570012315,83.29037731,83.29037731,83.29037731,190.36246467894784,190.36246467894784,190.36246467894784
-49.17440772518607,-72.11203586153876,-28.96947360646656,27.49554623989597,4.557918103543286,47.70048035861548,10881.134220008737,10871.921463452789,10859.511501731035,73.46474602,73.46474602,73.46474602,9551.413136357254,9542.200379801305,9529.790418079552,180.1707152544529,79.99999999999999,210.87176512694333,180.1707152544529,79.99999999999999,210.87176512694333,0.0,0.0,0.0,27.43046465679702,29.508107293125175,32.306777314604155,-205.04388159614217,-282.2130889996484,-257.7388921837897,-142.62029672809516,-142.62029672809516,-142.62029672809516,-40.461098933016615,-40.461098933016615,-40.461098933016615,-145.83467769553968,-145.83467769553968,-145.83467769553968,-41.50802860541652,-41.50802860541652,-41.50802860541652,83.29037731,83.29037731,83.29037731,190.36246467894784,190.36246467894784,190.36246467894784
-44.07048127302429,-20.52068151371626,-33.375908812698796,32.599472692057745,56.14927245136578,43.29404515238324,10967.045378386789,10932.173820602413,10955.438768828542,73.46474602,73.46474602,73.46474602,9637.324294735306,9602.452736950929,9625.717685177058,188.09472501965286,204.80475732358866,158.06483763480546,188.09472501965286,204.80475732358866,158.06483763480546,28.10443504860468,48.29547554318597,58.443706206056284,27.919237440251017,55.17381059769913,58.175445232435514,-205.04388159614217,-293.816576014296,-311.97006280622935,-138.6779688259454,-138.6779688259454,-138.6779688259454,-36.51877103086688,-36.51877103086688,-36.51877103086688,-138.53068253657923,-138.53068253657923,-138.53068253657923,-34.20403344645606,-34.20403344645606,-34.20403344645606,83.29037731,83.29037731,83.29037731,190.36246467894784,190.36246467894784,190.36246467894784
-44.07048127302429,-20.85732861732405,-33.375908812698796,32.599472692057745,55.81262534775799,43.29404515238324,10967.045378386789,10957.762309792048,10955.438768828542,73.46474602,73.46474602,73.46474602,9637.324294735306,9628.041226140565,9625.717685177058,188.09472501965286,201.5699381580919,158.06483763480546,188.09472501965286,201.56993815809196,158.06483763480546,27.37127587342369,55.57448174082337,58.443706206056284,27.919237440251013,55.31939072165188,58.175445232435514,-205.04388159614217,-294.790849961311,-311.97006280622935,-73.47346650829805,-73.47346650829805,-73.47346650829805,28.685731286780488,28.685731286780488,28.685731286780488,69.30059661,69.30059661,69.30059661,173.62724570012315,173.62724570012315,173.62724570012315,83.29037731,83.29037731,83.29037731,190.36246467894784,190.36246467894784,190.36246467894784
-44.07048127302436,-20.85732861732405,-33.375908812698796,32.59947269205768,55.81262534775799,43.29404515238324,10967.045378386789,10957.762309792048,10955.438768828542,73.46474602,73.46474602,73.46474602,9637.324294735306,9628.041226140565,9625.717685177058,188.09472501965263,201.5699381580919,158.06483763480546,188.09472501965263,201.56993815809196,158.06483763480546,26.393730306515707,55.57448174082337,58.443706206056284,27.919237440251013,55.31939072165188,58.175445232435514,-205.04388159614217,-294.790849961311,-311.97006280622935,-73.47346650829805,-73.47346650829805,-73.47346650829805,28.685731286780488,28.685731286780488,28.685731286780488,69.30059661,69.30059661,69.30059661,173.62724570012315,173.62724570012315,173.62724570012315,83.29037731,83.29037731,83.29037731,190.36246467894784,190.36246467894784,190.36246467894784
-44.07048127302429,-20.85732861732405,-32.707039720126886,32.599472692057745,55.81262534775799,43.96291424495516,10967.045378386789,10957.762309792048,10955.438768828542,73.46474602,73.46474602,73.46474602,9637.324294735306,9628.041226140565,9625.717685177058,188.09472501965286,201.56993815809196,160.08024992179156,188.09472501965286,201.56993815809196,160.08024992179156,25.171798347880717,55.57448174082337,58.443706206056284,27.919237440251013,55.31939072165188,58.175445232435514,-205.04388159614217,-294.790849961311,-311.6191113110514,-35.354735145769425,-35.354735145769425,-35.354735145769425,66.80446264930912,66.80446264930912,66.80446264930912,69.30059661,69.30059661,69.30059661,173.62724570012315,173.62724570012315,173.62724570012315,83.29037731,83.29037731,83.29037731,190.36246467894784,190.36246467894784,190.36246467894784
-44.07048127302429,-20.857328617324058,-20.735955135821108,32.599472692057745,55.81262534775798,55.93399882926093,10967.045378386789,10957.762309792048,10955.438768828542,73.46474602,73.46474602,73.46474602,9637.324294735306,9628.041226140565,9625.717685177058,188.09472501965286,201.5699381580919,196.15109132812503,188.09472501965286,201.5699381580919,196.15109132812503,24.438639172699723,55.57448174082337,58.443706206056284,27.919237440251017,55.31939072165188,58.175445232435514,-205.04388159614217,-294.79084996131104,-305.33795692610494,-138.6779688259454,-138.6779688259454,-138.6779688259454,-36.51877103086688,-36.51877103086688,-36.51877103086688,-116.7730613226491,-116.7730613226491,-116.7730613226491,-12.446412232525926,-12.446412232525926,-12.446412232525926,83.29037731,83.29037731,83.29037731,190.36246467894784,190.36246467894784,190.36246467894784
-44.07048127302436,-20.85732861732405,-32.707039720126886,32.59947269205768,55.81262534775799,43.96291424495516,10967.045378386789,10957.762309792048,10955.438768828542,73.46474602,73.46474602,73.46474602,9637.324294735306,9628.041226140565,9625.717685177058,188.09472501965263,201.56993815809196,160.08024992179156,188.09472501965263,201.56993815809196,160.08024992179156,24.438639172699723,55.57448174082337,58.443706206056284,27.919237440251017,55.31939072165188,58.175445232435514,-205.04388159614217,-294.790849961311,-311.6191113110514,-35.354735145769425,-35.354735145769425,-35.354735145769425,66.80446264930912,66.80446264930912,66.80446264930912,69.30059661,69.30059661,69.30059661,173.62724570012315,173.62724570012315,173.62724570012315,83.29037731,83.29037731,83.29037731,190.36246467894784,190.36246467894784,190.36246467894784
-44.07048127302429,-20.85732861732405,-20.735955135821108,32.599472692057745,55.81262534775799,55.93399882926093,10967.045378386789,10957.762309792048,10955.438768828542,73.46474602,73.46474602,73.46474602,9637.324294735306,9628.041226140565,9625.717685177058,188.09472501965286,201.56993815809196,196.15109132812503,188.09472501965286,201.56993815809196,196.15109132812503,24.438639172699723,55.57448174082337,58.443706206056284,27.919237440251013,55.31939072165188,58.175445232435514,-205.04388159614217,-294.790849961311,-305.33795692610494,-138.6779688259454,-138.6779688259454,-138.6779688259454,-36.51877103086688,-36.51877103086688,-36.51877103086688,69.30059661,69.30059661,69.30059661,173.62724570012315,173.62724570012315,173.62724570012315,83.29037731,83.29037731,83.29037731,190.36246467894784,190.36246467894784,190.36246467894784
-44.07048127302436,-20.85732861732405,-41.076105296254546,32.59947269205768,55.81262534775799,35.59384866882749,10967.045378386789,10957.762309792048,10955.438768828542,73.46474602,73.46474602,73.46474602,9637.324294735306,9628.041226140565,9625.717685177058,188.09472501965263,201.56993815809196,134.86288260726494,188.09472501965263,201.56993815809196,134.86288260726494,24.438639172699723,55.57448174082337,58.443706206056284,27.919237440251017,55.31939072165188,58.175445232435514,-205.04388159614217,-294.790849961311,-316.0103084971706,-138.67796882594553,-138.67796882594553,-138.67796882594553,-36.518771030866986,-36.518771030866986,-36.518771030866986,-47.899557531155075,-47.899557531155075,-47.899557531155075,56.427091558968094,56.427091558968094,56.427091558968094,83.29037731,83.29037731,83.29037731,190.36246467894784,190.36246467894784,190.36246467894784
-44.07048127302429,-20.857328617324058,-23.644737064934198,32.599472692057745,55.81262534775798,53.025216900147846,10967.045378386789,10957.762309792048,10955.438768828542,73.46474602,73.46474602,73.46474602,9637.324294735306,9628.041226140565,9625.717685177058,188.09472501965286,201.5699381580919,187.3864542635602,188.09472501965286,201.5699381580919,187.3864542635602,24.43863917269972,55.57448174082337,58.443706206056284,27.919237440251013,55.31939072165188,58.175445232435514,-205.04388159614217,-294.790849961311,-306.8641768972557,49.52720555908843,49.52720555908843,49.52720555908843,151.68640335416697,151.68640335416697,151.68640335416697,69.30059661,69.30059661,69.30059661,173.62724570012315,173.62724570012315,173.62724570012315,83.29037731,83.29037731,83.29037731,190.36246467894784,190.36246467894784,190.36246467894784
-44.07048127302429,-20.85732861732405,-37.06791160749867,32.599472692057745,55.81262534775799,39.60204235758337,10967.045378386789,10957.762309792048,10955.438768828542,73.46474602,73.46474602,73.46474602,9637.324294735306,9628.041226140565,9625.717685177058,188.09472501965286,201.5699381580919,137.0604458006946,188.09472501965286,201.56993815809196,137.0604458006946,24.438639172699723,55.57448174082337,58.443706206056284,27.919237440251017,55.31939072165188,58.175445232435514,-205.04388159614217,-294.790849961311,-334.6282528903459,-82.83567505022845,-82.83567505022845,-82.83567505022845,19.323522744850095,19.323522744850095,19.323522744850095,-137.77996944760304,-137.77996944760304,-137.77996944760304,-33.45332035747985,-33.45332035747985,-33.45332035747985,83.29037731,83.29037731,83.29037731,190.36246467894784,190.36246467894784,190.36246467894784
-44.07048127302436,-20.857328617324058,-57.88202898611122,32.59947269205768,55.81262534775798,18.78792497897082,10967.045378386789,10957.762309792048,10955.438768828542,73.46474602,73.46474602,73.46474602,9637.324294735306,9628.041226140565,9625.717685177058,188.09472501965263,201.5699381580919,84.22387794276678,188.09472501965263,201.5699381580919,84.22387794276678,24.438639172699723,55.57448174082337,58.443706206056284,27.919237440251013,55.31939072165188,58.175445232435514,-205.04388159614217,-294.790849961311,-324.82827319654376,-75.71403829059722,-75.71403829059722,-75.71403829059722,26.445159504481317,26.445159504481317,26.445159504481317,69.30059661,69.30059661,69.30059661,173.62724570012315,173.62724570012315,173.62724570012315,83.29037731,83.29037731,83.29037731,190.36246467894784,190.36246467894784,190.36246467894784
-44.07048127302436,-20.85732861732405,-25.72151041145645,32.59947269205768,55.81262534775799,50.94844355362559,10967.045378386789,10957.762309792048,10955.438768828542,73.46474602,73.46474602,73.46474602,9637.324294735306,9628.041226140565,9625.717685177058,188.09472501965263,201.28226692521525,181.12879552831802,188.09472501965263,201.5699381580919,181.12879552831797,24.438639172699723,55.57448174082337,58.443706206056284,27.919237440251013,55.31939072165188,58.175445232435514,-205.04388159614217,-294.790849961311,-307.9538470871355,-77.63234673882359,-77.63234673882359,-77.63234673882359,24.526851056254948,24.526851056254948,24.526851056254948,-138.93772644268273,-138.93772644268273,-138.93772644268273,-34.61107735255957,-34.61107735255957,-34.61107735255957,83.29037731,83.29037731,83.29037731,190.36246467894784,190.36246467894784,190.36246467894784
-44.07048127302429,-24.958397196118614,-30.323073670931436,32.599472692057745,51.711556768963426,46.34688029415061,10967.045378386789,10934.011520886497,10930.461763457057,73.46474602,73.46474602,73.46474602,9637.324294735306,9604.290437235015,9600.740679805573,188.09472501965286,194.29208631902796,172.60510960848248,188.09472501965286,194.29208631902796,172.60510960848248,24.438639172699723,47.03824134543291,49.46675293280603,27.919237440251017,53.73751867338108,56.51190357898633,-205.04388159614217,-290.8156023490942,-303.9248756882604,-84.39866955223812,-84.39866955223812,-84.39866955223812,17.76052824284042,17.76052824284042,17.76052824284042,-146.33127179809338,-146.33127179809338,-146.33127179809338,-42.00462270797021,-42.00462270797021,-42.00462270797021,83.29037731,83.29037731,83.29037731,190.36246467894784,190.36246467894784,190.36246467894784
-49.20556193248741,-21.484915999169235,-35.56441199231835,27.464392032594624,55.185037965912805,41.105541972763696,10956.601071180532,10934.011520886497,10930.461763457057,73.46474602,73.46474602,73.46474602,9626.87998752905,9604.290437235015,9600.740679805573,174.8555028225299,204.7582549022239,156.81209753708305,174.8555028225299,204.7582549022239,156.81209753708305,20.684864195773045,47.03824134543291,49.46675293280604,27.22361601483929,53.73751867338108,56.511903578986335,-205.04388159614217,-288.9930881485137,-306.6749736387441,-90.53200114249827,-90.53200114249827,-90.53200114249827,11.627196652580269,11.627196652580269,11.627196652580269,69.30059661,69.30059661,69.30059661,173.62724570012315,173.62724570012315,173.62724570012315,83.29037731,83.29037731,83.29037731,190.36246467894784,190.36246467894784,190.36246467894784
-49.20556193248741,-24.958397196118597,-37.115545346288364,27.464392032594624,51.71155676896344,39.55440861879367,10956.601071180532,10934.011520886497,10930.461763457057,73.46474602,73.46474602,73.46474602,9626.87998752905,9604.290437235015,9600.740679805573,174.8555028225299,194.29208631902804,152.1382783173543,174.8555028225299,194.29208631902804,152.1382783173543,20.684864195773045,47.03824134543291,49.46675293280604,27.22361601483929,53.73751867338108,56.511903578986335,-205.04388159614217,-290.81560234909415,-307.48884376047886,-92.34711297410645,-92.34711297410645,-92.34711297410645,9.812084820972085,9.812084820972085,9.812084820972085,-156.25485151424044,-156.25485151424044,-156.25485151424044,-51.92820242411726,-51.92820242411726,-51.92820242411726,83.29037731,83.29037731,83.29037731,190.36246467894784,190.36246467894784,190.36246467894784
-49.17440772518607,-23.27127775760037,-44.59943273004361,27.49554623989597,53.39867620748167,32.07052123503843,10881.134220008737,10934.011520886497,10930.461763457057,73.46474602,73.46474602,73.46474602,9551.413136357254,9604.290437235015,9600.740679805573,180.1707152544529,199.3756539165802,129.58809808755265,180.1707152544529,199.3756539165802,129.58809808755265,0.0,47.03824134543291,49.46675293280604,27.43046465679702,53.73751867338108,56.511903578986335,-205.04388159614217,-289.9303811659551,-311.4155933983978,-49.39179885403028,-49.39179885403028,-49.39179885403028,52.767398941048256,52.767398941048256,52.767398941048256,69.30059661,69.30059661,69.30059661,173.62724570012315,173.62724570012315,173.62724570012315,83.29037731,83.29037731,83.29037731,190.36246467894784,190.36246467894784,190.36246467894784
-49.17440772518607,-20.590644172312086,-20.455502185729877,27.49554623989597,56.079309792769955,56.21445177935216,10881.134220008737,10934.011520886497,10930.461763457057,73.46474602,73.46474602,73.46474602,9551.413136357254,9604.290437235015,9600.740679805573,180.1707152544529,207.45284259923224,202.3377210190638,180.1707152544529,207.45284259923224,202.3377210190638,0.0,47.03824134543291,49.46675293280604,27.43046465679702,53.73751867338108,56.511903578986335,-205.04388159614217,-288.52386922628153,-298.74742167675817,-127.72429618238218,-127.72429618238218,-127.72429618238218,-25.565098387303642,-25.565098387303642,-25.565098387303642,-119.70576604629649,-119.70576604629649,-119.70576604629649,-15.379116956173311,-15.379116956173311,-15.379116956173311,83.29037731,83.29037731,83.29037731,190.36246467894784,190.36246467894784,190.36246467894784
-49.17440772518607,-20.590644172312075,-25.537890241100314,27.49554623989597,56.07930979276997,51.13206372398172,10881.134220008737,10934.011520886497,10930.461763457057,73.46474602,73.46474602,73.46474602,9551.413136357254,9604.290437235015,9600.740679805573,180.1707152544529,207.45284259923233,187.02365217094516,180.1707152544529,207.45284259923233,187.02365217094516,0.0,47.03824134543291,49.46675293280604,27.43046465679702,53.73751867338108,56.511903578986335,-205.04388159614217,-288.5238692262815,-301.4141194011934,-78.79912323491376,-78.79912323491376,-78.79912323491376,23.360074560164765,23.360074560164765,23.360074560164765,-103.60926331253356,-103.60926331253356,-103.60926331253356,0.7173857775896165,0.7173857775896165,0.7173857775896165,83.29037731,83.29037731,83.29037731,190.36246467894784,190.36246467894784,190.36246467894784
-42.7557742023722,-20.590644172312086,-23.069301757063243,33.91417976270984,56.079309792769955,53.60065220801879,10924.488129050078,10934.011520886497,10930.461763457057,73.46474602,73.46474602,73.46474602,9594.767045398597,9604.290437235015,9600.740679805573,194.90132271097596,207.45284259923224,194.4619141828885,194.90132271097596,207.45284259923224,194.4619141828885,12.23945080734448,47.03824134543291,49.46675293280604,27.31163503730824,53.73751867338108,56.511903578986335,-205.04388159614217,-288.52386922628153,-300.11886622075343,-76.71578401136082,-76.71578401136082,-76.71578401136082,25.44341378371771,25.44341378371771,25.44341378371771,-139.61281758439114,-139.61281758439114,-139.61281758439114,-35.28616849426796,-35.28616849426796,-35.28616849426796,83.29037731,83.29037731,83.29037731,190.36246467894784,190.36246467894784,190.36246467894784
-49.20556193248741,-20.590644172312146,-20.455502185729877,27.464392032594624,56.0793097927699,56.21445177935216,10956.601071180532,10934.011520886497,10930.461763457057,73.46474602,73.46474602,73.46474602,9626.87998752905,9604.290437235015,9600.740679805573,174.8555028225299,207.4528425992321,202.3377210190638,174.8555028225299,207.45284259923207,202.3377210190638,22.753350615350353,47.03824134543291,49.46675293280604,27.22361601483929,53.73751867338108,56.511903578986335,-205.04388159614217,-288.5238692262815,-298.74742167675817,-74.20410776044609,-74.20410776044609,-74.20410776044609,27.955090034632445,27.955090034632445,27.955090034632445,-140.17167348869748,-140.17167348869748,-140.17167348869748,-35.84502439857431,-35.84502439857431,-35.84502439857431,83.29037731,83.29037731,83.29037731,190.36246467894784,190.36246467894784,190.36246467894784
-49.20556193248741,-20.590644172312075,-36.90646901205858,27.464392032594624,56.07930979276997,39.763484953023465,10956.601071180532,10934.011520886497,10930.461763457057,73.46474602,73.46474602,73.46474602,9626.87998752905,9604.290437235015,9600.740679805573,174.8555028225299,207.45284259923233,152.7682596060762,174.8555028225299,207.45284259923233,152.7682596060762,23.994442467096732,47.03824134543291,49.46675293280604,27.22361601483929,53.73751867338108,56.511903578986335,-205.04388159614217,-288.5238692262815,-307.3791426950251,-92.10245513924106,-92.10245513924106,-92.10245513924106,10.056742655837475,10.056742655837475,10.056742655837475,-155.94939780480257,-155.94939780480257,-155.94939780480257,-51.622748714679396,-51.622748714679396,-51.622748714679396,83.29037731,83.29037731,83.29037731,190.36246467894784,190.36246467894784,190.36246467894784
-49.20556193248741,-20.590644172312082,-36.211635462645255,27.464392032594624,56.079309792769955,40.45831850243678,10956.601071180532,10934.011520886497,10930.461763457057,73.46474602,73.46474602,73.46474602,9626.87998752905,9604.290437235015,9600.740679805573,174.8555028225299,207.45284259923233,154.86190706033832,174.8555028225299,207.45284259923233,154.86190706033832,25.028685676885384,47.03824134543291,49.46675293280604,27.22361601483929,53.737518673381075,56.511903578986335,-205.04388159614217,-288.5238692262815,-307.014567809185,-129.9273180271475,-129.9273180271475,-129.9273180271475,-27.768120232068945,-27.768120232068945,-27.768120232068945,69.30059661,69.30059661,69.30059661,173.62724570012315,173.62724570012315,173.62724570012315,83.29037731,83.29037731,83.29037731,190.36246467894784,190.36246467894784,190.36246467894784
-49.20556193248741,-20.81517933173103,-23.775852012020245,27.464392032594624,55.85477463335101,52.89410195306179,10956.601071180532,10934.011520886497,10930.461763457057,73.46474602,73.46474602,73.46474602,9626.87998752905,9604.290437235015,9600.740679805573,174.8555028225299,206.7762813345859,192.33296237299393,174.8555028225299,206.7762813345859,192.33296237299393,25.649231602758576,47.03824134543291,49.46675293280604,27.22361601483929,53.73751867338108,56.511903578986335,-205.04388159614217,-288.6416814421444,-300.48958878986184,-76.73721383868856,-76.73721383868856,-76.73721383868856,25.421983956389976,25.421983956389976,25.421983956389976,69.30059661,69.30059661,69.30059661,173.62724570012315,173.62724570012315,173.62724570012315,83.29037731,83.29037731,83.29037731,190.36246467894784,190.36246467894784,190.36246467894784
-49.20556193248741,-20.520681513716237,-40.52079022167448,27.464392032594624,56.14927245136581,36.149163743407556,10956.601071180532,10932.173820602413,10930.461763457057,73.46474602,73.46474602,73.46474602,9626.87998752905,9602.452736950929,9600.740679805573,174.8555028225299,204.80475732358875,141.87771696347212,174.8555028225299,204.80475732358875,141.87771696347212,26.06292888667404,48.29547554318597,49.46675293280604,27.22361601483929,55.17381059769913,56.511903578986335,-205.04388159614217,-293.8165760142959,-309.2755547832118,-74.71540567803103,-74.71540567803103,-74.71540567803103,27.443792117047504,27.443792117047504,27.443792117047504,69.30059661,69.30059661,69.30059661,173.62724570012315,173.62724570012315,173.62724570012315,83.29037731,83.29037731,83.29037731,190.36246467894784,190.36246467894784,190.36246467894784
-44.07048127302429,12.21546705,-30.686778367316368,32.599472692057745,88.88542101508204,45.983175597765666,10967.045378386789,11649.012215967106,11148.107974655219,73.46474602,73.46474602,73.46474602,9637.324294735306,10319.291132315624,9818.386891003736,188.09472501965286,345.53548063140806,149.44872020681413,188.09472501965286,345.53548063140806,149.44872020681413,30.792685357601655,252.21025471964674,113.25117580352801,27.919237440251017,59.25210618122834,59.271594624384946,-205.04388159614217,-80.2454175336619,-316.5649236347479,-87.99568061467303,-87.99568061467303,-87.99568061467303,14.163517180405503,14.163517180405503,14.163517180405503,-170.6252205307419,-170.6252205307419,-170.6252205307419,-66.29857144061872,-66.29857144061872,-66.29857144061872,83.29037731,83.29037731,83.29037731,190.36246467894784,190.36246467894784,190.36246467894784
-44.07048127302436,12.21546705,-28.552086714114278,32.59947269205768,88.88542101508204,48.11786725096776,10967.045378386789,11649.012215967106,11148.107974655219,73.46474602,73.46474602,73.46474602,9637.324294735306,10319.291132315624,9818.386891003736,188.09472501965263,346.1268443538973,155.88089630011692,188.09472501965263,346.1268443538973,155.88089630011692,30.059526182420658,252.21025471964674,113.25117580352801,27.919237440251013,59.25210618122834,59.271594624384946,-205.04388159614217,-79.00514127005191,-315.44486406591,-85.49769804815469,-85.49769804815469,-85.49769804815469,16.661499746923855,16.661499746923855,16.661499746923855,-167.50650560598206,-167.50650560598206,-167.50650560598206,-63.17985651585889,-63.17985651585889,-63.17985651585889,83.29037731,83.29037731,83.29037731,190.36246467894784,190.36246467894784,190.36246467894784
-44.07048127302429,12.21546705,-27.048757593977488,32.599472692057745,88.88542101508204,49.62119637110455,10967.045378386789,11649.012215967106,11148.107974655219,73.46474602,73.46474602,73.46474602,9637.324294735306,10319.291132315624,9818.386891003736,188.09472501965286,346.12684435389946,160.41067352222993,188.09472501965286,346.12684435389946,160.41067352222993,28.837594223785665,252.21025471964674,113.25117580352801,27.919237440251017,59.25210618122834,59.271594624384946,-205.04388159614217,-79.00514127004739,-314.656076531375,-138.6779688259454,-138.6779688259454,-138.6779688259454,-36.51877103086688,-36.51877103086688,-36.51877103086688,-153.0859910858892,-153.0859910858892,-153.0859910858892,-48.75934199576601,-48.75934199576601,-48.75934199576601,83.29037731,83.29037731,83.29037731,190.36246467894784,190.36246467894784,190.36246467894784
-44.07048127302436,12.21546705,-27.795154083801805,32.59947269205768,88.88542101508204,48.87479988128024,10967.045378386789,11649.012215967106,11148.107974655219,73.46474602,73.46474602,73.46474602,9637.324294735306,10319.291132315624,9818.386891003736,188.09472501965263,346.12684435389946,158.16165847091253,188.09472501965263,346.12684435389946,158.16165847091253,27.615662265150682,252.21025471964674,113.25117580352801,27.919237440251013,59.25210618122834,59.271594624384946,-205.04388159614217,-79.00514127004739,-315.0477061746168,-138.67796882594553,-138.67796882594553,-138.67796882594553,-36.518771030866986,-36.518771030866986,-36.518771030866986,-154.37079105558465,-154.37079105558465,-154.37079105558465,-50.04414196546148,-50.04414196546148,-50.04414196546148,83.29037731,83.29037731,83.29037731,190.36246467894784,190.36246467894784,190.36246467894784
-44.07048127302436,12.21546705,-48.72048343319119,32.59947269205768,88.88542101508204,27.949470531890846,10967.045378386789,11649.012215967106,11148.107974655219,73.46474602,73.46474602,73.46474602,9637.324294735306,10319.291132315624,9818.386891003736,188.09472501965263,346.12684435389946,95.11020886987446,188.09472501965263,346.12684435389946,95.11020886987446,26.3937303065157,252.21025471964674,113.25117580352801,27.91923744025101,59.25210618122834,59.271594624384946,-205.04388159614217,-79.00514127004739,-326.0270976636451,-138.67796882594553,-138.67796882594553,-138.67796882594553,-36.518771030866986,-36.518771030866986,-36.518771030866986,69.30059661,69.30059661,69.30059661,173.62724570012315,173.62724570012315,173.62724570012315,83.29037731,83.29037731,83.29037731,190.36246467894784,190.36246467894784,190.36246467894784
-44.07048127302436,12.21546705,-28.552086714114214,32.59947269205768,88.88542101508204,48.11786725096783,10967.045378386789,11649.012215967106,11148.107974655219,73.46474602,73.46474602,73.46474602,9637.324294735306,10319.291132315624,9818.386891003736,188.09472501965263,346.12684435389946,155.8808963001171,188.09472501965263,346.12684435389946,155.8808963001171,24.43863917269972,252.21025471964674,113.25117580352801,27.919237440251013,59.25210618122834,59.271594624384946,-205.04388159614217,-79.00514127004739,-315.44486406591,-19.659762743315287,-19.659762743315287,-19.659762743315287,82.49943505176324,82.49943505176324,82.49943505176324,69.30059661,69.30059661,69.30059661,173.62724570012315,173.62724570012315,173.62724570012315,83.29037731,83.29037731,83.29037731,190.36246467894784,190.36246467894784,190.36246467894784
-44.07048127302436,12.21546705,-33.60448065655687,32.59947269205768,88.88542101508204,43.06547330852517,10967.045378386789,11649.012215967106,11148.107974655219,73.46474602,73.46474602,73.46474602,9637.324294735306,10319.291132315624,9818.386891003736,188.09472501965263,346.12684435389946,140.65720463402582,188.09472501965263,346.12684435389946,140.65720463402582,24.43863917269972,252.21025471964674,113.25117580352801,27.919237440251013,59.25210618122834,59.271594624384946,-205.04388159614217,-79.00514127004739,-318.0958240639419,-138.67796882594553,-138.67796882594553,-138.67796882594553,-36.518771030866986,-36.518771030866986,-36.518771030866986,69.30059661,69.30059661,69.30059661,173.62724570012315,173.62724570012315,173.62724570012315,83.29037731,83.29037731,83.29037731,190.36246467894784,190.36246467894784,190.36246467894784
-44.07048127302436,12.21546705,-23.270748402249644,32.59947269205768,88.88542101508204,53.39920556283239,10967.045378386789,11649.012215967106,11148.107974655219,73.46474602,73.46474602,73.46474602,9637.324294735306,10319.291132315624,9818.386891003736,188.09472501965263,346.1268443538993,171.79443490381306,188.09472501965263,346.1268443538993,171.79443490381306,24.43863917269972,252.21025471964674,113.25117580352801,27.919237440251013,59.25210618122834,59.271594624384946,-205.04388159614217,-79.00514127004786,-312.6737783666707,-124.439993469282,-124.439993469282,-124.439993469282,-22.280795674203464,-22.280795674203464,-22.280795674203464,-208.26228160076218,-208.26228160076218,-208.26228160076218,-103.93563251063901,-103.93563251063901,-103.93563251063901,83.29037731,83.29037731,83.29037731,190.36246467894784,190.36246467894784,190.36246467894784
-44.07048127302436,12.21546705,-23.49528356166859,32.59947269205768,88.88542101508204,53.17467040341345,10967.045378386789,11649.012215967106,11148.107974655219,73.46474602,73.46474602,73.46474602,9637.324294735306,10319.291132315624,9818.386891003736,188.09472501965263,346.12684435389946,171.11787363916667,188.09472501965263,346.12684435389946,171.11787363916667,24.43863917269972,252.21025471964674,113.25117580352801,27.919237440251013,59.25210618122834,59.271594624384946,-205.04388159614217,-79.00514127004739,-312.7915905825336,-138.67796882594553,-138.67796882594553,-138.67796882594553,-36.518771030866986,-36.518771030866986,-36.518771030866986,-99.0804492940783,-99.0804492940783,-99.0804492940783,5.246199796044864,5.246199796044864,5.246199796044864,83.29037731,83.29037731,83.29037731,190.36246467894784,190.36246467894784,190.36246467894784
-44.07048127302436,12.21546705,-34.24656759694345,32.59947269205768,88.88542101508204,42.423386368138594,10967.045378386789,11649.012215967106,11148.107974655219,73.46474602,73.46474602,73.46474602,9637.324294735306,10319.291132315624,9818.386891003736,188.09472501965263,346.12684435389946,138.72249136450924,188.09472501965263,346.12684435389946,138.72249136450924,24.43863917269972,252.21025471964674,113.25117580352801,27.91923744025101,59.25210618122834,59.271594624384946,-205.04388159614217,-79.00514127004739,-318.43272312874456,-138.67796882594553,-138.67796882594553,-138.67796882594553,-36.518771030866986,-36.518771030866986,-36.518771030866986,-165.47584848709567,-165.47584848709567,-165.47584848709567,-61.14919939697251,-61.14919939697251,-61.14919939697251,83.29037731,83.29037731,83.29037731,190.36246467894784,190.36246467894784,190.36246467894784
-44.07048127302436,12.21546705,-23.270748402249644,32.59947269205768,88.88542101508204,53.39920556283239,10967.045378386789,11649.012215967106,11148.107974655219,73.46474602,73.46474602,73.46474602,9637.324294735306,10319.291132315624,9818.386891003736,188.09472501965263,346.12684435389946,171.79443490381306,188.09472501965263,346.12684435389946,171.79443490381306,24.43863917269972,252.21025471964674,113.25117580352801,27.919237440251013,59.25210618122834,59.271594624384946,-205.04388159614217,-79.00514127004739,-312.6737783666707,-138.67796882594553,-138.67796882594553,-138.67796882594553,-36.518771030866986,-36.518771030866986,-36.518771030866986,-146.58276369774373,-146.58276369774373,-146.58276369774373,-42.25611460762056,-42.25611460762056,-42.25611460762056,83.29037731,83.29037731,83.29037731,190.36246467894784,190.36246467894784,190.36246467894784
-44.07048127302436,12.21546705,-26.117974944233797,32.59947269205768,88.88542101508204,50.55197902084824,10967.045378386789,11649.012215967106,11005.8332709214,73.46474602,73.46474602,73.46474602,9637.324294735306,10319.291132315624,9676.112187269917,188.09472501965263,346.12684435389946,175.56118994824357,188.09472501965263,346.12684435389946,175.56118994824357,24.43863917269972,252.21025471964674,72.77913219944882,27.919237440251013,59.25210618122834,58.462153752303365,-205.04388159614217,-79.00514127004739,-309.73275302154474,-124.439993469282,-124.439993469282,-124.439993469282,-22.280795674203464,-22.280795674203464,-22.280795674203464,-135.86109724702226,-135.86109724702226,-135.86109724702226,-31.53444815689908,-31.53444815689908,-31.53444815689908,83.29037731,83.29037731,83.29037731,190.36246467894784,190.36246467894784,190.36246467894784
-44.07048127302436,-20.52068151371624,-24.92830202854572,32.59947269205768,56.149272451365796,51.74165193653632,10967.045378386789,10932.173820602413,11005.8332709214,73.46474602,73.46474602,73.46474602,9637.324294735306,9602.452736950929,9676.112187269917,188.09472501965263,204.80475732358872,179.1458695789809,188.09472501965263,204.80475732358872,179.1458695789809,24.43863917269972,48.29547554318597,72.77913219944882,27.919237440251013,55.17381059769913,58.462153752303365,-205.04388159614217,-293.8165760142959,-309.1085389665523,-27.524916857928037,-27.524916857928037,-27.524916857928037,74.63428093715049,74.63428093715049,74.63428093715049,69.30059661,69.30059661,69.30059661,173.62724570012315,173.62724570012315,173.62724570012315,83.29037731,83.29037731,83.29037731,190.36246467894784,190.36246467894784,190.36246467894784
-49.20556193248741,-20.520681513716333,-50.816911061319786,27.464392032594624,56.14927245136571,25.85304290376225,10956.601071180532,10932.173820602413,10930.461763457057,73.46474602,73.46474602,73.46474602,9626.87998752905,9602.452736950929,9600.740679805573,174.8555028225299,204.80475732358823,110.8538160552631,174.8555028225299,204.80475732358823,110.8538160552631,20.68486419577304,48.29547554318597,49.46675293280604,27.22361601483929,55.17381059769913,56.511903578986335,-205.04388159614217,-293.81657601429646,-314.6778660027535,-108.38023543575167,-108.38023543575167,-108.38023543575167,-6.221037640673131,-6.221037640673131,-6.221037640673131,69.30059661,69.30059661,69.30059661,173.62724570012315,173.62724570012315,173.62724570012315,83.29037731,83.29037731,83.29037731,190.36246467894784,190.36246467894784,190.36246467894784
-49.20556193248741,-20.520681513717268,-23.35696986592523,27.464392032594624,56.149272451364766,53.31298409915681,10956.601071180532,10932.173820602413,10935.517572087443,73.46474602,73.46474602,73.46474602,9626.87998752905,9602.452736950929,9605.796488435959,174.8555028225299,204.80475732358565,201.46040020534753,174.8555028225299,204.80475732358565,201.46040020534753,20.68486419577304,48.29547554318597,46.007899733261155,27.22361601483929,55.17381059769913,52.5604338156068,-205.04388159614217,-293.81657601429646,-285.60772519365895,-81.52517129427258,-81.52517129427258,-81.52517129427258,20.634026500805955,20.634026500805955,20.634026500805955,-146.836475689786,-146.836475689786,-146.836475689786,-42.50982659966283,-42.50982659966283,-42.50982659966283,83.29037731,83.29037731,83.29037731,190.36246467894784,190.36246467894784,190.36246467894784
-49.20556193248741,-20.520681513717268,-28.86428146181865,27.464392032594624,56.149272451364766,47.80567250326339,10956.601071180532,10932.173820602413,10930.461763457057,73.46474602,73.46474602,73.46474602,9626.87998752905,9602.452736950929,9600.740679805573,174.8555028225299,204.80475732358565,156.08463880738407,174.8555028225299,204.80475732358565,156.08463880738407,20.68486419577304,48.29547554318597,49.46675293280604,27.22361601483929,55.17381059769913,56.511903578986335,-205.04388159614217,-293.81657601429646,-347.02701303506194,-74.71540567803223,-74.71540567803223,-74.71540567803223,27.44379211704631,27.44379211704631,27.44379211704631,-92.61409459289476,-92.61409459289476,-92.61409459289476,11.712554497228417,11.712554497228417,11.712554497228417,83.29037731,83.29037731,83.29037731,190.36246467894784,190.36246467894784,190.36246467894784
-49.20556193248741,-20.520681513717268,-36.90646901205858,27.464392032594624,56.149272451364766,39.763484953023465,10956.601071180532,10932.173820602413,10930.461763457057,73.46474602,73.46474602,73.46474602,9626.87998752905,9602.452736950929,9600.740679805573,174.8555028225299,204.80475732358565,152.7682596060762,174.8555028225299,204.80475732358565,152.7682596060762,20.68486419577304,48.29547554318597,49.46675293280604,27.22361601483929,55.17381059769913,56.511903578986335,-205.04388159614217,-293.81657601429646,-307.3791426950251,-129.9273180271475,-129.9273180271475,-129.9273180271475,-27.768120232068945,-27.768120232068945,-27.768120232068945,69.30059661,69.30059661,69.30059661,173.62724570012315,173.62724570012315,173.62724570012315,83.29037731,83.29037731,83.29037731,190.36246467894784,190.36246467894784,190.36246467894784
-49.20556193248741,-20.520681513717353,-36.98344312272875,27.464392032594624,56.14927245136469,39.686510842353286,10956.601071180532,10932.173820602413,10928.663813212288,73.46474602,73.46474602,73.46474602,9626.87998752905,9602.452736950929,9598.942729560806,174.8555028225299,204.80475732358542,149.73926853150087,174.8555028225299,204.80475732358542,149.73926853150087,21.719107405561694,48.29547554318597,50.69679275657611,27.22361601483929,55.17381059769913,57.91712805397118,-205.04388159614217,-293.81657601429646,-312.6336693499867,-74.71540567803234,-74.71540567803234,-74.71540567803234,27.44379211704619,27.44379211704619,27.44379211704619,69.30059661,69.30059661,69.30059661,173.62724570012315,173.62724570012315,173.62724570012315,83.29037731,83.29037731,83.29037731,190.36246467894784,190.36246467894784,190.36246467894784
-49.20444873596635,-20.520681513717268,-34.22713924291577,27.465505229115685,56.149272451364766,42.442814722166275,10953.9045032543,10932.173820602413,10946.221093513328,73.46474602,73.46474602,73.46474602,9624.183419602816,9602.452736950929,9616.500009861848,175.04542503529618,204.80475732358565,156.29980632916008,175.04542503529618,204.80475732358565,156.29980632916008,22.738162245768258,48.29547554318597,55.82160861952065,27.23100709323765,55.17381059769913,58.1230032807048,-205.04388159614217,-293.81657601429646,-312.12936735559265,-72.6253660303298,-72.6253660303298,-72.6253660303298,29.533831764748726,29.533831764748726,29.533831764748726,69.30059661,69.30059661,69.30059661,173.62724570012315,173.62724570012315,173.62724570012315,83.29037731,83.29037731,83.29037731,190.36246467894784,190.36246467894784,190.36246467894784
-49.174407725186,-20.520681513717268,-26.250883597202254,27.49554623989604,56.149272451364766,50.41907036787978,10881.134220008737,10932.173820602413,11005.8332709214,73.46474602,73.46474602,73.46474602,9551.413136357254,9602.452736950929,9676.112187269917,180.17071525445309,204.80475732358565,175.16071437654472,180.17071525445309,204.80475732358565,175.16071437654472,0.0,48.29547554318597,72.77913219944882,27.43046465679702,55.17381059769913,58.462153752303365,-205.04388159614217,-293.81657601429646,-309.8024893735445,-79.44270678983679,-79.44270678983679,-79.44270678983679,22.716491005241743,22.716491005241743,22.716491005241743,-134.575874808419,-134.575874808419,-134.575874808419,-30.24922571829582,-30.24922571829582,-30.24922571829582,83.29037731,83.29037731,83.29037731,190.36246467894784,190.36246467894784,190.36246467894784
-49.18793477711093,-20.520681513717268,-28.62900299883211,27.4820191879711,56.149272451364766,48.04095096624993,10913.901672717006,10932.173820602413,11005.8332709214,73.46474602,73.46474602,73.46474602,9584.180589065523,9602.452736950929,9676.112187269917,177.8628679109755,204.80475732358565,167.9950505490604,177.8628679109755,204.80475732358565,167.9950505490604,11.316435977816917,48.29547554318597,72.77913219944882,27.34065167284609,55.17381059769913,58.462153752303365,-205.04388159614217,-293.81657601429646,-311.0502739833915,-79.16768368871524,-79.16768368871524,-79.16768368871524,22.991514106363283,22.991514106363283,22.991514106363283,69.30059661,69.30059661,69.30059661,173.62724570012315,173.62724570012315,173.62724570012315,83.29037731,83.29037731,83.29037731,190.36246467894784,190.36246467894784,190.36246467894784
-49.20556193248741,-20.520681513717268,-15.178525724396822,27.464392032594624,56.149272451364766,61.49142824068522,10956.601071180532,10932.173820602413,11005.8332709214,73.46474602,73.46474602,73.46474602,9626.87998752905,9602.452736950929,9676.112187269917,174.8555028225299,204.80475732358565,223.99627993146066,174.8555028225299,204.80475732358565,223.99627993146066,26.68347481254723,48.29547554318597,72.77913219944882,27.22361601483929,55.17381059769913,58.462153752303365,-205.04388159614217,-293.81657601429646,-271.54168510355026,-79.13078755639775,-79.13078755639775,-79.13078755639775,23.02841023868078,23.02841023868078,23.02841023868078,69.30059661,69.30059661,69.30059661,173.62724570012315,173.62724570012315,173.62724570012315,83.29037731,83.29037731,83.29037731,190.36246467894784,190.36246467894784,190.36246467894784
-49.20556193248741,-20.520681513717268,15.01342319,27.464392032594624,56.149272451364766,91.68337715508204,10956.601071180532,10932.173820602413,11575.851798714064,73.46474602,73.46474602,73.46474602,9626.87998752905,9602.452736950929,10246.130715062582,174.8555028225299,204.80475732358565,359.25949031947454,174.8555028225299,204.80475732358565,359.25949031947454,27.097172096462685,48.29547554318597,234.92893189341922,27.22361601483929,55.17381059769913,61.70514974618278,-205.04388159614217,-293.81657601429646,-76.83818925694719,-74.71540567803223,-74.71540567803223,-74.71540567803223,27.44379211704631,27.44379211704631,27.44379211704631,69.30059661,69.30059661,69.30059661,173.62724570012315,173.62724570012315,173.62724570012315,83.29037731,83.29037731,83.29037731,190.36246467894784,190.36246467894784,190.36246467894784
-49.20556193248741,-20.520681513717268,15.01342319,27.464392032594624,56.149272451364766,91.68337715508204,10956.601071180532,10932.173820602413,11575.851798714064,73.46474602,73.46474602,73.46474602,9626.87998752905,9602.452736950929,10246.130715062582,174.8555028225299,204.80475732358565,359.25949031947454,174.8555028225299,204.80475732358565,359.25949031947454,27.304020738420416,48.29547554318597,234.92893189341922,27.22361601483929,55.17381059769913,61.70514974618278,-205.04388159614217,-293.81657601429646,-76.83818925694719,-129.9273180271475,-129.9273180271475,-129.9273180271475,-27.768120232068945,-27.768120232068945,-27.768120232068945,69.30059661,69.30059661,69.30059661,173.62724570012315,173.62724570012315,173.62724570012315,83.29037731,83.29037731,83.29037731,190.36246467894784,190.36246467894784,190.36246467894784
-49.21025743792503,-20.92602649559508,15.01342319,27.459696527157003,55.74392746948696,91.68337715508204,10967.975297673125,10962.984023855974,11575.851798714064,73.46474602,73.46474602,73.46474602,9638.254214021643,9633.262940204493,10246.130715062582,174.0544036761073,200.90982490929665,359.25949031947454,174.0544036761073,200.90982490929665,359.25949031947454,31.18120857007037,57.059871861042026,234.92893189341922,27.19244016389572,55.349098524056245,61.70514974618278,-205.04388159614217,-294.98966513689805,-76.83818925694719,-133.8890747185986,-133.8890747185986,-133.8890747185986,-31.729876923520074,-31.729876923520074,-31.729876923520074,-127.22832816956095,-127.22832816956095,-127.22832816956095,-22.901679079437777,-22.901679079437777,-22.901679079437777,83.29037731,83.29037731,83.29037731,190.36246467894784,190.36246467894784,190.36246467894784
-20.984949423140762,-20.926026495595075,15.01342319,55.685004541941275,55.74392746948697,91.68337715508204,10962.338895411136,10962.984023855974,11575.851798714064,73.46474602,73.46474602,73.46474602,9632.617811759654,9633.262940204493,10246.130715062582,205.23221715887905,200.9098249092967,359.25949031947454,205.23221715887905,200.9098249092967,359.25949031947454,68.90468516628306,57.059871861042026,234.92893189341922,53.21537160273218,55.349098524056245,61.70514974618278,-287.0695931007959,-294.98966513689805,-76.83818925694719,-78.73222620720908,-78.73222620720908,-78.73222620720908,23.426971587869456,23.426971587869456,23.426971587869456,-117.62122414709565,-117.62122414709565,-117.62122414709565,-13.294575056972477,-13.294575056972477,-13.294575056972477,83.29037731,83.29037731,83.29037731,190.36246467894784,190.36246467894784,190.36246467894784
-20.984949423140762,-20.926026495595078,15.01342319,55.685004541941275,55.74392746948696,91.68337715508204,10962.338895411136,10962.984023855974,11575.851798714064,73.46474602,73.46474602,73.46474602,9632.617811759654,9633.262940204493,10246.130715062582,205.23221715887905,200.90982490929665,359.25949031947454,205.23221715887905,200.90982490929665,359.25949031947454,66.73445886183319,57.059871861042026,234.92893189341922,53.21537160273219,55.349098524056245,61.70514974618278,-287.0695931007959,-294.98966513689805,-76.83818925694719,-47.025321989998034,-47.025321989998034,-47.025321989998034,55.1338758050805,55.1338758050805,55.1338758050805,69.30059661,69.30059661,69.30059661,173.62724570012315,173.62724570012315,173.62724570012315,83.29037731,83.29037731,83.29037731,190.36246467894784,190.36246467894784,190.36246467894784
-20.984949423140762,-20.926026495595075,15.01342319,55.685004541941275,55.74392746948697,91.68337715508204,10962.338895411136,10962.984023855974,11575.851798714064,73.46474602,73.46474602,73.46474602,9632.617811759654,9633.262940204493,10246.130715062582,205.23221715887905,200.9098249092967,358.66812659698314,205.23221715887905,200.9098249092967,358.66812659698314,64.02167598127085,57.059871861042026,234.92893189341922,53.21537160273218,55.349098524056245,61.70514974618278,-287.0695931007959,-294.98966513689805,-78.07846552056168,-75.8598694060308,-75.8598694060308,-75.8598694060308,26.29932838904774,26.29932838904774,26.29932838904774,69.30059661,69.30059661,69.30059661,173.62724570012315,173.62724570012315,173.62724570012315,83.29037731,83.29037731,83.29037731,190.36246467894784,190.36246467894784,190.36246467894784
-20.98494942314076,-20.926026495595057,15.01342319,55.68500454194128,55.743927469486984,91.68337715508204,10962.338895411136,10962.984023855974,11575.851798714064,73.46474602,73.46474602,73.46474602,9632.617811759654,9633.262940204493,10246.130715062582,205.2322171588641,200.90982490929673,359.25949031947454,205.23221715887908,200.90982490929673,359.25949031947454,61.308893100708524,57.059871861042026,234.92893189341922,53.21537160273219,55.349098524056245,61.70514974618278,-287.0695931007959,-294.98966513689805,-76.83818925694719,-75.91782421633462,-75.91782421633462,-75.91782421633462,26.241373578743914,26.241373578743914,26.241373578743914,-140.1271146319497,-140.1271146319497,-140.1271146319497,-35.80046554182651,-35.80046554182651,-35.80046554182651,83.29037731,83.29037731,83.29037731,190.36246467894784,190.36246467894784,190.36246467894784
-21.209484582559703,-20.926026495595075,15.01342319,55.46046938252234,55.74392746948697,91.68337715508204,10962.338895411136,10962.984023855974,11575.851798714064,73.46474602,73.46474602,73.46474602,9632.617811759654,9633.262940204493,10246.130715062582,204.55565589423267,200.9098249092967,359.25949031947454,204.55565589423267,200.9098249092967,359.25949031947454,56.96844049180881,57.059871861042026,234.92893189341922,53.21537160273219,55.349098524056245,61.70514974618278,-287.1874053166588,-294.98966513689805,-76.83818925694719,-78.99497371594535,-78.99497371594535,-78.99497371594535,23.164224079133188,23.164224079133188,23.164224079133188,69.30059661,69.30059661,69.30059661,173.62724570012315,173.62724570012315,173.62724570012315,83.29037731,83.29037731,83.29037731,190.36246467894784,190.36246467894784,190.36246467894784
-20.984949423140762,-20.926026495595075,15.01342319,55.685004541941275,55.74392746948697,91.68337715508204,10962.338895411136,10962.984023855974,11575.851798714064,73.46474602,73.46474602,73.46474602,9632.617811759654,9633.262940204493,10246.130715062582,205.23221715887905,200.9098249092967,359.25949031947454,205.23221715887905,200.9098249092967,359.25949031947454,54.25565761124649,57.059871861042026,234.92893189341922,53.21537160273219,55.349098524056245,61.70514974618278,-287.0695931007959,-294.98966513689805,-76.83818925694719,-73.64653409976911,-73.64653409976911,-73.64653409976911,28.512663695309417,28.512663695309417,28.512663695309417,69.30059661,69.30059661,69.30059661,173.62724570012315,173.62724570012315,173.62724570012315,83.29037731,83.29037731,83.29037731,190.36246467894784,190.36246467894784,190.36246467894784
-20.984949423140762,-20.926026495595075,15.01342319,55.685004541941275,55.74392746948697,91.68337715508204,10962.338895411136,10962.984023855974,11575.851798714064,73.46474602,73.46474602,73.46474602,9632.617811759654,9633.262940204493,10246.130715062582,205.23221715887905,200.9098249092967,359.25949031947454,205.23221715887905,200.9098249092967,359.25949031947454,54.25565761124649,57.059871861042026,234.92893189341922,53.21537160273219,55.349098524056245,61.70514974618278,-287.0695931007959,-294.98966513689805,-76.83818925694719,73.97070988036508,73.97070988036508,73.97070988036508,176.1299076754436,176.1299076754436,176.1299076754436,69.30059661,69.30059661,69.30059661,173.62724570012315,173.62724570012315,173.62724570012315,83.29037731,83.29037731,83.29037731,190.36246467894784,190.36246467894784,190.36246467894784
-20.984949423140762,-20.926026495595078,15.01342319,55.685004541941275,55.74392746948696,91.68337715508204,10962.338895411136,10962.984023855974,11575.851798714064,73.46474602,73.46474602,73.46474602,9632.617811759654,9633.262940204493,10246.130715062582,205.23221715887905,200.90982490929665,359.25949031947454,205.23221715887905,200.90982490929665,359.25949031947454,54.25565761124649,57.059871861042026,234.92893189341922,53.21537160273219,55.349098524056245,61.70514974618278,-287.0695931007959,-294.98966513689805,-76.83818925694717,-75.8598694060308,-75.8598694060308,-75.8598694060308,26.29932838904774,26.29932838904774,26.29932838904774,69.30059661,69.30059661,69.30059661,173.62724570012315,173.62724570012315,173.62724570012315,83.29037731,83.29037731,83.29037731,190.36246467894784,190.36246467894784,190.36246467894784
-20.984949423140762,-20.926026495595075,15.01342319,55.685004541941275,55.74392746948697,91.68337715508204,10962.338895411136,10962.984023855974,11575.851798714064,73.46474602,73.46474602,73.46474602,9632.617811759654,9633.262940204493,10246.130715062582,205.23221715887905,200.9098249092967,359.25949031947454,205.23221715887905,200.9098249092967,359.25949031947454,54.25565761124649,57.059871861042026,234.92893189341922,53.21537160273219,55.349098524056245,61.70514974618278,-287.0695931007959,-294.98966513689805,-76.83818925694719,83.87044139,83.87044139,83.87044139,186.02963918507854,186.02963918507854,186.02963918507854,69.30059661,69.30059661,69.30059661,173.62724570012315,173.62724570012315,173.62724570012315,83.29037731,83.29037731,83.29037731,190.36246467894784,190.36246467894784,190.36246467894784
-20.984949423140762,-20.926026495595075,15.01342319,55.685004541941275,55.74392746948697,91.68337715508204,10962.338895411136,10962.984023855974,11575.851798714064,73.46474602,73.46474602,73.46474602,9632.617811759654,9633.262940204493,10246.130715062582,205.23221715887905,200.9098249092967,359.25949031947454,205.23221715887905,200.9098249092967,359.25949031947454,54.25565761124649,57.059871861042026,234.92893189341922,53.21537160273219,55.349098524056245,61.70514974618278,-287.0695931007959,-294.98966513689805,-76.83818925694719,-75.91782421633464,-75.91782421633464,-75.91782421633464,26.241373578743897,26.241373578743897,26.241373578743897,69.30059661,69.30059661,69.30059661,173.62724570012315,173.62724570012315,173.62724570012315,83.29037731,83.29037731,83.29037731,190.36246467894784,190.36246467894784,190.36246467894784
-20.984949423140762,-20.926026495595096,15.01342319,55.685004541941275,55.74392746948694,91.68337715508204,10962.338895411136,10962.984023855974,11575.851798714064,73.46474602,73.46474602,73.46474602,9632.617811759654,9633.262940204493,10246.130715062582,205.23221715887905,200.90982490929656,359.25949031947454,205.23221715887905,200.90982490929656,359.25949031947454,54.25565761124649,57.059871861042026,234.92893189341922,53.21537160273219,55.349098524056245,61.70514974618278,-287.0695931007959,-294.98966513689817,-76.83818925694719,73.97070988036519,73.97070988036519,73.97070988036519,176.12990767544372,176.12990767544372,176.12990767544372,69.30059661,69.30059661,69.30059661,173.62724570012315,173.62724570012315,173.62724570012315,83.29037731,83.29037731,83.29037731,190.36246467894784,190.36246467894784,190.36246467894784
-20.984949423140762,-37.432208915769955,-33.961275158351576,55.685004541941275,39.23774504931208,42.70867880673046,10962.338895411136,10939.234694730247,10928.529185551988,73.46474602,73.46474602,73.46474602,9632.617811759654,9609.513611078764,9598.808101900506,205.232217158879,164.8320914103899,156.70513054495885,205.23221715887905,164.8320914103899,156.70513054495882,54.25565761124649,43.46488782634417,50.7888961860415,53.21537160273219,49.655241233447256,58.022349032035216,-287.0695931007959,-282.2130889996484,-315.4882710770582,-78.73222620720912,-78.73222620720912,-78.73222620720912,23.426971587869403,23.426971587869403,23.426971587869403,-145.50507619063438,-145.50507619063438,-145.50507619063438,-41.178427100511215,-41.178427100511215,-41.178427100511215,83.29037731,83.29037731,83.29037731,190.36246467894784,190.36246467894784,190.36246467894784
-20.69096923783478,-24.81301908868401,-22.959340903751237,55.978984727247266,51.856934876398036,53.710613061330804,10936.646746664253,10939.234694730247,10928.529185551988,73.46474602,73.46474602,73.46474602,9606.925663012771,9609.513611078764,9598.808101900506,211.25014439022507,199.6987867107301,191.78674974437627,211.25014439022507,199.6987867107301,191.78674974437627,45.235392428618844,43.46488782634417,50.7888961860415,51.67790452622107,49.65524123344726,58.022349032035216,-280.9342326121649,-282.2130889996484,-305.66573568842716,-79.584286886885,-79.584286886885,-79.584286886885,22.574910908193537,22.574910908193537,22.574910908193537,-145.32737677151374,-145.32737677151374,-145.32737677151374,-41.000727681390565,-41.000727681390565,-41.000727681390565,83.29037731,83.29037731,83.29037731,190.36246467894784,190.36246467894784,190.36246467894784
-20.69096923783478,-64.25966000469253,-22.959340903751237,55.978984727247266,12.41029396038951,53.710613061330804,10936.646746664253,10797.664072563584,10928.529185551988,73.46474602,73.46474602,73.46474602,9606.925663012771,9467.942988912104,9598.808101900506,211.25014439022507,101.69603596870753,191.78674974437627,211.25014439022507,101.69603596870753,191.78674974437627,45.235392428618844,0.0,50.7888961860415,51.67790452622107,46.25448721068482,58.022349032035216,-280.9342326121649,-282.2130889996484,-305.66573568842716,-79.584286886885,-79.584286886885,-79.584286886885,22.574910908193537,22.574910908193537,22.574910908193537,-65.29694257936593,-65.29694257936593,-65.29694257936593,39.02970651075724,39.02970651075724,39.02970651075724,83.29037731,83.29037731,83.29037731,190.36246467894784,190.36246467894784,190.36246467894784
-20.690969237834786,-56.382807444419406,-34.419492556772994,55.97898472724725,20.28714652066263,42.25046140830905,10936.646746664253,10792.682751044409,10928.529185551988,73.46474602,73.46474602,73.46474602,9606.925663012771,9462.961667392927,9598.808101900506,211.25014439022507,123.45970082421657,157.25543306563355,211.25014439022507,123.45970082421657,157.25543306563355,45.235392428618844,0.0,50.7888961860415,51.67790452622107,47.3778649869941,58.022349032035216,-280.9342326121649,-282.2130889996484,-311.6788067097362,-79.584286886885,-79.584286886885,-79.584286886885,22.574910908193537,22.574910908193537,22.574910908193537,69.30059661,69.30059661,69.30059661,173.62724570012315,173.62724570012315,173.62724570012315,83.29037731,83.29037731,83.29037731,190.36246467894784,190.36246467894784,190.36246467894784
-20.69096923783478,-40.18883632902402,-34.419492556772994,55.978984727247266,36.481117636058016,42.25046140830905,10936.646746664253,10782.441683793146,10928.529185551988,73.46474602,73.46474602,73.46474602,9606.925663012771,9452.720600141663,9598.808101900506,211.25014439022507,168.20348107634285,157.25543306563355,211.25014439022507,168.20348107634285,157.25543306563355,45.235392428618844,0.0,50.7888961860415,51.67790452622107,49.687410217405144,58.022349032035216,-280.9342326121649,-282.2130889996484,-311.6788067097362,-79.584286886885,-79.584286886885,-79.584286886885,22.574910908193537,22.574910908193537,22.574910908193537,69.30059661,69.30059661,69.30059661,173.62724570012315,173.62724570012315,173.62724570012315,83.29037731,83.29037731,83.29037731,190.36246467894784,190.36246467894784,190.36246467894784
-20.690969237834786,-56.379999361880074,-24.777652306659114,55.97898472724725,20.289954603201963,51.89230165842293,10936.646746664253,10792.680975213025,10928.529185551988,73.46474602,73.46474602,73.46474602,9606.925663012771,9462.959891561542,9598.808101900506,211.25014439022516,123.46745952819191,186.3078792393926,211.25014439022516,123.46745952819191,186.3078792393926,46.59245420147741,0.0,50.7888961860415,51.67790452622107,47.37826546897527,58.022349032035216,-280.9342326121649,-282.2130889996484,-306.619792487637,-79.58428688688497,-79.58428688688497,-79.58428688688497,22.574910908193573,22.574910908193573,22.574910908193573,69.30059661,69.30059661,69.30059661,173.62724570012315,173.62724570012315,173.62724570012315,83.29037731,83.29037731,83.29037731,190.36246467894784,190.36246467894784,190.36246467894784
-39.47361844742838,-56.32974170463217,-22.959340903751237,37.19633551765366,20.340212260449867,53.710613061330804,10778.317789668341,10792.649192270837,10928.529185551988,73.46474602,73.46474602,73.46474602,9448.59670601686,9462.928108619355,9598.808101900506,168.72715960925396,123.6063209325913,191.78674974437627,168.72715960925404,123.6063209325913,191.78674974437627,0.0,0.0,50.7888961860415,50.61742266366531,47.38543309523332,58.022349032035216,-285.2593585503171,-282.2130889996484,-305.66573568842716,-72.02936478947514,-72.02936478947514,-72.02936478947514,30.1298330056034,30.1298330056034,30.1298330056034,69.30059661,69.30059661,69.30059661,173.62724570012315,173.62724570012315,173.62724570012315,83.29037731,83.29037731,83.29037731,190.36246467894784,190.36246467894784,190.36246467894784
-33.37472348197311,-55.37999762679013,-34.51132300308311,43.29523048310893,21.28995633829191,42.158630961998924,10793.719777466657,10792.048574120825,10928.529185551988,73.46474602,73.46474602,73.46474602,9463.998693815172,9462.327490469343,9598.808101900506,193.19707375310716,126.23045432222808,156.97873286843773,193.19707375310716,126.23045432222808,156.97873286843773,0.0,0.0,50.7888961860415,47.143996839412715,47.52088331244445,58.022349032035216,-269.2804819914876,-282.2130889996484,-311.7269895795882,-95.87139275556865,-95.87139275556865,-95.87139275556865,6.287805039509879,6.287805039509879,6.287805039509879,-146.45567259648917,-146.45567259648917,-146.45567259648917,-42.129023506366,-42.129023506366,-42.129023506366,83.29037731,83.29037731,83.29037731,190.36246467894784,190.36246467894784,190.36246467894784
-20.49965349757319,-37.43220891576992,-27.28761140625739,56.17030046750885,39.23774504931212,49.38234255882465,10922.393901013047,10939.234694730247,10928.529185551988,73.46474602,73.46474602,73.46474602,9592.672817361563,9609.513611078764,9598.808101900506,212.81272449754834,164.83209141038998,167.76563681933627,212.81272449754834,164.83209141038998,167.76563681933627,50.83442485894829,43.46488782634417,50.7888961860415,51.71697044352394,49.655241233447256,58.022349032035216,-280.8369376442091,-282.2130889996484,-330.9638581911968,-78.86786845677801,-78.86786845677801,-78.86786845677801,23.291329338300514,23.291329338300514,23.291329338300514,-116.09994155218922,-116.09994155218922,-116.09994155218922,-11.773292462066046,-11.773292462066046,-11.773292462066046,83.29037731,83.29037731,83.29037731,190.36246467894784,190.36246467894784,190.36246467894784
-20.690969237834786,-37.432208915769955,-34.73585816250197,55.97898472724725,39.23774504931208,41.934095802580075,10936.646746664253,10939.234694730247,10928.529185551988,73.46474602,73.46474602,73.46474602,9606.925663012771,9609.513611078764,9598.808101900506,211.25014439022516,164.8320914103899,156.30217160379166,211.25014439022516,164.8320914103899,156.30217160379166,57.44894838434593,43.46488782634417,50.7888961860415,51.67790452622107,49.655241233447256,58.022349032035216,-280.9342326121649,-282.2130889996484,-311.844801795451,-79.58428688688497,-79.58428688688497,-79.58428688688497,22.574910908193573,22.574910908193573,22.574910908193573,-145.32737677151368,-145.32737677151368,-145.32737677151368,-41.000727681390515,-41.000727681390515,-41.000727681390515,83.29037731,83.29037731,83.29037731,190.36246467894784,190.36246467894784,190.36246467894784
-20.690969237834786,-36.231770272816526,-37.21599550040617,55.97898472724725,40.43818369226552,39.453958464675864,10936.646746664253,10939.234694730247,10928.529185551988,73.46474602,73.46474602,73.46474602,9606.925663012771,9609.513611078764,9598.808101900506,211.25014439022505,168.1488913764838,148.82911100084908,211.25014439022505,168.1488913764838,148.82911100084908,58.35365623291832,43.464887826344174,50.7888961860415,51.67790452622107,49.65524123344726,58.022349032035216,-280.9342326121649,-282.2130889996484,-313.14611458841796,56.55596452836368,56.55596452836368,56.55596452836368,158.7151623234422,158.7151623234422,158.7151623234422,69.30059661,69.30059661,69.30059661,173.62724570012315,173.62724570012315,173.62724570012315,83.29037731,83.29037731,83.29037731,190.36246467894784,190.36246467894784,190.36246467894784
-20.69096923783476,-35.66645196989732,-34.197387197673194,55.97898472724728,41.00350199518472,42.47256676740884,10936.646746664253,10939.234694730247,10960.930071906587,73.46474602,73.46474602,73.46474602,9606.925663012771,9609.513611078764,9631.208988255103,211.25014439022516,169.71086019426653,150.8178248843879,211.25014439022522,169.71086019426653,150.8178248843879,58.8060101572045,43.46488782634417,60.0057847188581,51.67790452622107,49.655241233447256,58.20668680269155,-280.9342326121648,-282.2130889996484,-321.5807648605096,-79.58428688688504,-79.58428688688504,-79.58428688688504,22.5749109081935,22.5749109081935,22.5749109081935,-145.3273767715138,-145.3273767715138,-145.3273767715138,-41.000727681390636,-41.000727681390636,-41.000727681390636,83.29037731,83.29037731,83.29037731,190.36246467894784,190.36246467894784,190.36246467894784
-20.69096923783478,-26.64191787347232,-32.59228167022499,55.978984727247266,50.02803609160972,44.077672294857045,10936.646746664253,10961.181207738373,10960.930071906587,73.46474602,73.46474602,73.46474602,9606.925663012771,9631.46012408689,9631.208988255103,211.25014439022507,192.6515299263838,159.9495258357266,211.25014439022507,192.6515299263838,159.9495258357266,58.35365623291831,51.35265574946144,60.0057847188581,51.67790452622107,51.11694322669994,58.20668680269155,-280.9342326121649,-282.2130889996484,-311.73007184445555,-53.843183791947524,-53.843183791947524,-53.843183791947524,48.31601400313101,48.31601400313101,48.31601400313101,69.30059661,69.30059661,69.30059661,173.62724570012315,173.62724570012315,173.62724570012315,83.29037731,83.29037731,83.29037731,190.36246467894784,190.36246467894784,190.36246467894784
-22.8873856131087,-26.64191787347232,-20.808199779205726,53.78256835197334,50.02803609160972,55.861754185876315,11106.942747216966,10961.181207738373,10960.930071906587,73.46474602,73.46474602,73.46474602,9777.221663565484,9631.46012408689,9631.208988255103,186.95183695512617,192.6515299263838,195.45689745412304,186.95183695512617,192.6515299263838,195.45689745412304,120.19172784385341,51.35265574946144,60.0057847188581,54.03806365437795,51.11694322669994,58.20668680269155,-292.5753407988473,-282.2130889996484,-305.54703662144976,-58.068049195374584,-58.068049195374584,-58.068049195374584,44.09114859970395,44.09114859970395,44.09114859970395,69.30059661,69.30059661,69.30059661,173.62724570012315,173.62724570012315,173.62724570012315,83.29037731,83.29037731,83.29037731,190.36246467894784,190.36246467894784,190.36246467894784
-22.887385613108698,-26.64191787347232,-23.784602406247885,53.782568351973346,50.02803609160972,52.88535155883416,11106.942747216966,10961.181207738373,10960.930071906587,73.46474602,73.46474602,73.46474602,9777.221663565484,9631.46012408689,9631.208988255103,186.95183695512617,192.6515299263838,186.48850813523177,186.95183695512617,192.6515299263838,186.48850813523177,116.37611743611204,51.35265574946144,60.0057847188581,54.03806365437795,51.11694322669994,58.20668680269155,-292.5753407988473,-282.2130889996484,-307.10873675651703,-84.37562786511066,-84.37562786511066,-84.37562786511066,17.783569929967882,17.783569929967882,17.783569929967882,69.30059661,69.30059661,69.30059661,173.62724570012315,173.62724570012315,173.62724570012315,83.29037731,83.29037731,83.29037731,190.36246467894784,190.36246467894784,190.36246467894784
-22.887385613108698,-26.64191787347232,-42.88816224772318,53.782568351973346,50.02803609160972,33.781791717358864,11106.942747216966,10961.181207738373,10960.930071906587,73.46474602,73.46474602,73.46474602,9777.221663565484,9631.46012408689,9631.208988255103,186.95183695512617,192.6515299263838,128.9263488767758,186.95183695512617,192.65152992638377,128.9263488767758,112.56050702837065,51.35265574946144,60.0057847188581,54.03806365437795,51.11694322669994,58.20668680269155,-292.5753407988473,-282.2130889996484,-317.1322569999276,-83.52998429961406,-83.52998429961406,-83.52998429961406,18.629213495464484,18.629213495464484,18.629213495464484,69.30059661,69.30059661,69.30059661,173.62724570012315,173.62724570012315,173.62724570012315,83.29037731,83.29037731,83.29037731,190.36246467894784,190.36246467894784,190.36246467894784
-22.8873856131087,-26.64191787347232,-32.59228167022499,53.78256835197334,50.02803609160972,44.077672294857045,11106.942747216966,10961.181207738373,10960.930071906587,73.46474602,73.46474602,73.46474602,9777.221663565484,9631.46012408689,9631.208988255103,186.95183695512617,192.6515299263838,159.9495258357266,186.95183695512617,192.6515299263838,159.9495258357266,107.79099401869392,51.35265574946144,60.0057847188581,54.03806365437795,51.11694322669994,58.20668680269155,-292.5753407988473,-282.2130889996484,-311.73007184445555,-84.37562786511066,-84.37562786511066,-84.37562786511066,17.783569929967882,17.783569929967882,17.783569929967882,-115.89174910257776,-115.89174910257776,-115.89174910257776,-11.565100012454591,-11.565100012454591,-11.565100012454591,83.29037731,83.29037731,83.29037731,190.36246467894784,190.36246467894784,190.36246467894784
-22.887385613108698,-26.64191787347232,-32.59228167022499,53.782568351973346,50.02803609160972,44.077672294857045,11106.942747216966,10961.181207738373,10960.930071906587,73.46474602,73.46474602,73.46474602,9777.221663565484,9631.46012408689,9631.208988255103,186.95183695512617,192.6515299263838,159.9495258357266,186.95183695512617,192.6515299263838,159.9495258357266,101.11367580514653,51.35265574946144,60.0057847188581,54.03806365437795,51.11694322669994,58.20668680269155,-292.5753407988473,-282.2130889996484,-311.73007184445555,-84.37562786511066,-84.37562786511066,-84.37562786511066,17.783569929967882,17.783569929967882,17.783569929967882,69.30059661,69.30059661,69.30059661,173.62724570012315,173.62724570012315,173.62724570012315,83.29037731,83.29037731,83.29037731,190.36246467894784,190.36246467894784,190.36246467894784
-22.887385613108698,-26.64191787347232,-23.784602406247885,53.782568351973346,50.02803609160972,52.88535155883416,11106.942747216966,10961.181207738373,10960.930071906587,73.46474602,73.46474602,73.46474602,9777.221663565484,9631.46012408689,9631.208988255103,186.95183695512617,192.6515299263838,186.48850813523177,186.95183695512617,192.6515299263838,186.48850813523177,95.39026019353446,51.35265574946144,60.0057847188581,54.03806365437795,51.11694322669994,58.20668680269155,-292.5753407988473,-282.2130889996484,-307.10873675651703,-84.37562786511066,-84.37562786511066,-84.37562786511066,17.783569929967882,17.783569929967882,17.783569929967882,69.30059661,69.30059661,69.30059661,173.62724570012315,173.62724570012315,173.62724570012315,83.29037731,83.29037731,83.29037731,190.36246467894784,190.36246467894784,190.36246467894784
-22.887385613108698,-26.64191787347232,-34.279130185594866,53.782568351973346,50.02803609160972,42.39082377948718,11106.942747216966,10961.181207738373,10960.930071906587,73.46474602,73.46474602,73.46474602,9777.221663565484,9631.46012408689,9631.208988255103,186.95183695512617,192.6515299263838,154.86677457405852,186.95183695512617,192.6515299263838,154.8667745746025,95.39026019353446,51.35265574946144,60.0057847188581,54.03806365437795,51.11694322669994,58.20668680269155,-292.5753407988473,-282.2130889996484,-312.6151508758865,-84.37562786511066,-84.37562786511066,-84.37562786511066,17.783569929967882,17.783569929967882,17.783569929967882,-152.89312831754,-152.89312831754,-152.89312831754,-48.56647922741682,-48.56647922741682,-48.56647922741682,83.29037731,83.29037731,83.29037731,190.36246467894784,190.36246467894784,190.36246467894784
-22.887385613108698,-26.64191787347232,-32.59228167022499,53.782568351973346,50.02803609160972,44.077672294857045,11106.942747216966,10961.181207738373,10960.930071906587,73.46474602,73.46474602,73.46474602,9777.221663565484,9631.46012408689,9631.208988255103,186.95183695512617,192.65152992638377,159.9495258357266,186.95183695512617,192.6515299263838,159.9495258357266,95.39026019353446,51.35265574946144,60.0057847188581,54.03806365437795,51.11694322669994,58.20668680269155,-292.5753407988473,-282.2130889996484,-311.73007184445555,-84.37562786511066,-84.37562786511066,-84.37562786511066,17.783569929967882,17.783569929967882,17.783569929967882,-159.71457653547736,-159.71457653547736,-159.71457653547736,-55.387927445354194,-55.387927445354194,-55.387927445354194,83.29037731,83.29037731,83.29037731,190.36246467894784,190.36246467894784,190.36246467894784
-22.887385613108698,-26.64191787347232,-32.59228167022499,53.782568351973346,50.02803609160972,44.077672294857045,11106.942747216966,10961.181207738373,10960.930071906587,73.46474602,73.46474602,73.46474602,9777.221663565484,9631.46012408689,9631.208988255103,186.95183695512617,192.6515299263838,159.9495258357266,186.95183695512617,192.6515299263838,159.9495258357266,95.39026019353446,51.35265574946144,60.0057847188581,54.03806365437795,51.11694322669994,58.20668680269155,-292.5753407988473,-282.2130889996484,-311.73007184445555,-84.37562786511066,-84.37562786511066,-84.37562786511066,17.783569929967882,17.783569929967882,17.783569929967882,-149.98949338493435,-149.98949338493435,-149.98949338493435,-45.662844294811165,-45.662844294811165,-45.662844294811165,83.29037731,83.29037731,83.29037731,190.36246467894784,190.36246467894784,190.36246467894784
-22.887385613108698,-26.64191787347232,-32.59228167022499,53.782568351973346,50.02803609160972,44.077672294857045,11106.942747216966,10961.181207738373,10960.930071906587,73.46474602,73.46474602,73.46474602,9777.221663565484,9631.46012408689,9631.208988255103,186.95183695512617,192.65152992638377,159.9495258357266,186.95183695512617,192.6515299263838,159.9495258357266,95.39026019353446,51.35265574946144,60.0057847188581,54.03806365437795,51.11694322669994,58.20668680269155,-292.5753407988473,-282.2130889996484,-311.73007184445555,-84.37562786511066,-84.37562786511066,-84.37562786511066,17.783569929967882,17.783569929967882,17.783569929967882,-129.92091416601912,-129.92091416601912,-129.92091416601912,-25.59426507589594,-25.59426507589594,-25.59426507589594,83.29037731,83.29037731,83.29037731,190.36246467894784,190.36246467894784,190.36246467894784
-22.887385613108698,-24.304600443717284,-32.59228167022499,53.782568351973346,52.36535352136476,44.077672294857045,11106.942747216966,10961.181207738373,10960.930071906587,73.46474602,73.46474602,73.46474602,9777.221663565484,9631.46012408689,9631.208988255103,186.95183695512617,199.10951461162264,159.9495258357266,186.95183695512617,199.1095146116227,159.9495258357266,95.39026019353446,51.35265574946145,60.0057847188581,54.03806365437795,51.11694322669994,58.20668680269155,-292.5753407988473,-282.2130889996484,-311.73007184445555,-84.37562786511066,-84.37562786511066,-84.37562786511066,17.783569929967882,17.783569929967882,17.783569929967882,-154.5353217842958,-154.5353217842958,-154.5353217842958,-50.20867269417264,-50.20867269417264,-50.20867269417264,83.29037731,83.29037731,83.29037731,190.36246467894784,190.36246467894784,190.36246467894784
-20.664481501140468,-35.66645196989732,-43.301143548410046,56.00547246394157,41.00350199518472,33.36881041667199,10935.950996642385,10939.234694730247,10947.528362151848,73.46474602,73.46474602,73.46474602,9606.229912990902,9609.513611078764,9617.807278500366,210.24758406828934,169.71086019426653,111.19248991823058,210.24758406828934,169.71086019426653,111.19248991823058,45.711379034352944,43.464887826344174,37.7909036638977,52.22168206514045,49.65524123344726,43.17315727025632,-282.9380418814921,-282.2130889996484,-363.71094342034377,-78.82694724820242,-78.82694724820242,-78.82694724820242,23.33225054687612,23.33225054687612,23.33225054687612,-113.34966950684205,-113.34966950684205,-113.34966950684205,-9.023020416718879,-9.023020416718879,-9.023020416718879,83.29037731,83.29037731,83.29037731,190.36246467894784,190.36246467894784,190.36246467894784
-42.129966108434274,-37.43220891576988,-43.617722637461945,34.53998785664777,39.23774504931216,33.05223132762009,10771.609519646538,10939.234694730247,10947.528362151848,73.46474602,73.46474602,73.46474602,9441.888435995055,9609.513611078764,9617.807278500366,158.0693929860855,164.83209141039012,146.03816605462745,158.0693929860855,164.83209141039012,146.03816605462745,0.0,43.46488782634417,37.7909036638977,52.13025845050726,49.655241233447256,43.17315727025632,-292.2188900085508,-282.2130889996484,-288.7940369739168,-98.96857739410234,-98.96857739410234,-98.96857739410234,3.1906204009761883,3.1906204009761883,3.1906204009761883,69.30059661,69.30059661,69.30059661,173.62724570012315,173.62724570012315,173.62724570012315,83.29037731,83.29037731,83.29037731,190.36246467894784,190.36246467894784,190.36246467894784
-39.47361844742838,-37.43220891576988,-21.105240681291882,37.19633551765366,39.23774504931216,55.564713283790155,10778.317789668341,10939.234694730247,10947.528362151848,73.46474602,73.46474602,73.46474602,9448.59670601686,9609.513611078764,9617.807278500366,168.72715960925396,164.83209141039012,226.93031051820975,168.72715960925404,164.83209141039012,226.93031051820975,0.0,43.464887826344174,37.7909036638977,50.61742266366531,49.65524123344726,43.17315727025632,-285.2593585503171,-282.2130889996484,-249.5944104145544,-95.06044174506859,-95.06044174506859,-95.06044174506859,7.098756050009941,7.098756050009941,7.098756050009941,69.30059661,69.30059661,69.30059661,173.62724570012315,173.62724570012315,173.62724570012315,83.29037731,83.29037731,83.29037731,190.36246467894784,190.36246467894784,190.36246467894784
-21.012661153636635,-56.382807444419406,-28.973319508120767,55.65729281144541,20.28714652066263,47.69663445696128,10824.938602224496,10792.682751044409,10947.528362151848,73.46474602,73.46474602,73.46474602,9495.217518573014,9462.961667392927,9617.807278500366,242.79599380809037,123.45970082421657,183.65138918177445,242.79599380809037,123.45970082421657,183.65138918177445,0.0,0.0,37.7909036638977,40.10358922861221,47.3778649869941,43.17315727025632,-236.892341340454,-282.2130889996484,-294.7695325175228,-91.4982884136967,-91.4982884136967,-91.4982884136967,10.660909381381835,10.660909381381835,10.660909381381835,-159.22731279780294,-159.22731279780294,-159.22731279780294,-54.900663707679755,-54.900663707679755,-54.900663707679755,83.29037731,83.29037731,83.29037731,190.36246467894784,190.36246467894784,190.36246467894784
-42.129966108434274,-33.10534457192158,-32.79393233981742,34.53998785664777,43.56460939316047,43.87602162526463,10771.609519646538,10780.656993192335,10947.528362151848,73.46474602,73.46474602,73.46474602,9441.888435995055,9450.935909540853,9617.807278500366,158.0693929860855,187.7750979662993,169.50559831168903,158.0693929860855,187.77509796629934,169.50559831168903,0.0,0.0,37.7909036638977,52.13025845050726,50.0898901117107,43.17315727025632,-292.2188900085508,-282.2130889996484,-302.29779556751424,-92.80388368729757,-92.80388368729757,-92.80388368729757,9.35531410778097,9.35531410778097,9.35531410778097,-109.34440805790331,-109.34440805790331,-109.34440805790331,-5.01775896778014,-5.01775896778014,-5.01775896778014,83.29037731,83.29037731,83.29037731,190.36246467894784,190.36246467894784,190.36246467894784
-42.129966108434274,-49.706397672109404,-58.5240203079914,34.53998785664777,26.963556292972637,18.145933657090644,10771.609519646538,10886.66440742757,10983.063169753988,73.46474602,73.46474602,73.46474602,9441.888435995055,9556.943323776088,9653.342086102504,158.0693929860855,138.3292889161404,87.1182916081056,158.0693929860855,138.3292889161404,87.11829160810555,0.0,14.15057494015408,13.48031519914213,52.13025845050726,37.684641065201276,15.400207767489105,-292.2188900085508,-282.2130889996484,-338.8771741587237,-98.96857739410231,-98.96857739410231,-98.96857739410231,3.1906204009762233,3.1906204009762233,3.1906204009762233,-152.20985698910226,-152.20985698910226,-152.20985698910226,-47.8832078989791,-47.8832078989791,-47.8832078989791,83.29037731,83.29037731,83.29037731,190.36246467894784,190.36246467894784,190.36246467894784
-21.012661153636635,-40.18883632902402,-22.180273629203953,55.65729281144541,36.481117636058016,54.48968033587809,10824.938602224496,10782.441683793146,10858.58702098006,73.46474602,73.46474602,73.46474602,9495.217518573014,9452.720600141663,9528.865937328577,242.79599380809037,168.20348107634285,252.58891874993935,242.79599380809037,168.20348107634285,252.58891874993935,0.0,0.0,0.0,40.10358922861221,49.687410217405144,32.51526438500751,-236.892341340454,-282.2130889996484,-209.58733602225604,-91.4982884136967,-91.4982884136967,-91.4982884136967,10.660909381381835,10.660909381381835,10.660909381381835,-159.22731279780294,-159.22731279780294,-159.22731279780294,-54.900663707679755,-54.900663707679755,-54.900663707679755,83.29037731,83.29037731,83.29037731,190.36246467894784,190.36246467894784,190.36246467894784
-21.01266115363328,-35.71444101585119,-27.06599341409664,55.657292811448755,40.95551294923085,49.6039605509854,10824.9386022244,10939.234694730247,10809.651677274514,73.46474602,73.46474602,73.46474602,9495.217518572917,9609.513611078764,9479.930593623032,242.79599380806226,169.57826694018644,218.50888580956527,242.7959938079703,169.57826694018644,218.50888580956527,0.0,43.46488782634417,0.0,40.103589228633986,49.65524123344726,43.5510663068953,-236.8923413405324,-282.2130889996484,-252.75184531737662,-91.49828841370733,-91.49828841370733,-91.49828841370733,10.660909381371212,10.660909381371212,10.660909381371212,-157.69220368498367,-157.69220368498367,-157.69220368498367,-53.365554594860484,-53.365554594860484,-53.365554594860484,83.29037731,83.29037731,83.29037731,190.36246467894784,190.36246467894784,190.36246467894784
-27.085676091366764,-37.43220891576988,-53.87427694413179,49.58427787371528,39.23774504931216,22.795677020950247,10809.60197116269,10939.234694730247,10809.651677274514,73.46474602,73.46474602,73.46474602,9479.880887511208,9609.513611078764,9479.930593623032,218.4299152049477,164.83209141039012,137.73113031231782,218.4299152049477,164.83209141039012,137.73113031231782,0.0,43.46488782634417,0.0,43.56227593091861,49.655241233447256,43.5510663068953,-252.8034131952017,-282.2130889996484,-266.8179866483238,-93.64662962789401,-93.64662962789401,-93.64662962789401,8.512568167184526,8.512568167184526,8.512568167184526,-157.2091994996182,-157.2091994996182,-157.2091994996182,-52.882550409495025,-52.882550409495025,-52.882550409495025,83.29037731,83.29037731,83.29037731,190.36246467894784,190.36246467894784,190.36246467894784
-39.54904731747917,-35.71444101585119,-24.040366235598075,37.120906647602865,40.95551294923085,52.629587729483966,10778.127303597874,10939.234694730247,10947.528362151848,73.46474602,73.46474602,73.46474602,9448.406219946392,9609.513611078764,9617.807278500366,168.42452479023103,169.57826694018644,218.0862957899323,168.42452479023103,169.57826694018644,218.0862957899323,0.0,43.46488782634417,37.7909036638977,50.66038070550938,49.65524123344726,43.17315727025632,-285.4569793669307,-282.2130889996484,-251.13445272366718,-98.05557219553825,-98.05557219553825,-98.05557219553825,4.103625599540289,4.103625599540289,4.103625599540289,69.30059661,69.30059661,69.30059661,173.62724570012315,173.62724570012315,173.62724570012315,83.29037731,83.29037731,83.29037731,190.36246467894784,190.36246467894784,190.36246467894784
-28.66689119935602,-37.43220891576988,-64.87344411006129,48.00306276572602,39.23774504931216,11.796509855020755,10805.28003793323,10939.234694730247,10947.528362151848,73.46474602,73.46474602,73.46474602,9475.558954281745,9609.513611078764,9617.807278500366,211.6680500346726,164.83209141039012,95.04953451993066,211.66805003475176,164.83209141039012,95.04953451993066,0.0,43.46488782634417,37.7909036638977,44.53694976435431,49.655241233447256,43.17315727025632,-257.2189174028105,-282.2130889996484,-272.55931730764064,27.500539017072708,27.500539017072708,27.500539017072708,129.65973681215124,129.65973681215124,129.65973681215124,69.30059661,69.30059661,69.30059661,173.62724570012315,173.62724570012315,173.62724570012315,83.29037731,83.29037731,83.29037731,190.36246467894784,190.36246467894784,190.36246467894784
-42.129966108434274,-37.43220891576988,-21.10524068129188,34.53998785664777,39.23774504931216,55.56471328379016,10771.609519646538,10939.234694730247,10947.528362151848,73.46474602,73.46474602,73.46474602,9441.888435995055,9609.513611078764,9617.807278500366,158.0693929860855,164.83209141039012,226.93031051820975,158.0693929860855,164.83209141039012,226.93031051820975,0.0,43.464887826344174,37.7909036638977,52.13025845050726,49.65524123344726,43.17315727025632,-292.2188900085508,-282.2130889996484,-249.5944104145544,-98.96857739410234,-98.96857739410234,-98.96857739410234,3.1906204009761883,3.1906204009761883,3.1906204009761883,-152.20985698910235,-152.20985698910235,-152.20985698910235,-47.88320789897917,-47.88320789897917,-47.88320789897917,83.29037731,83.29037731,83.29037731,190.36246467894784,190.36246467894784,190.36246467894784
-20.69096923783478,-26.64191787347232,-41.792169766044786,55.978984727247266,50.02803609160972,34.87778419903725,10936.646746664253,10961.181207738373,10966.60993811639,73.46474602,73.46474602,73.46474602,9606.925663012771,9631.46012408689,9636.888854464905,211.25014439022507,192.6515299263838,109.59256076446057,211.25014439022507,192.6515299263838,109.59256076446057,56.09188661148737,51.35265574946144,44.648988260748695,51.67790452622107,51.11694322669994,44.44404607211027,-280.9342326121649,-282.2130889996484,-372.17462806510775,-79.584286886885,-79.584286886885,-79.584286886885,22.574910908193537,22.574910908193537,22.574910908193537,-99.86380309779531,-99.86380309779531,-99.86380309779531,4.462845992327863,4.462845992327863,4.462845992327863,83.29037731,83.29037731,83.29037731,190.36246467894784,190.36246467894784,190.36246467894784
-24.094388154370645,-26.64191787347232,-21.319497122048165,52.575565810711396,50.02803609160972,55.350456843033875,11198.686805454654,10961.181207738373,10966.60993811639,73.46474602,73.46474602,73.46474602,9868.965721803172,9631.46012408689,9636.888854464905,175.35383147272634,192.6515299263838,222.20393749404823,175.35383147272634,192.6515299263838,222.20393749404823,145.7857798744807,51.35265574946144,44.648988260748695,54.56002144841527,51.11694322669994,44.44404607211027,-296.0684679261267,-282.2130889996484,-254.62935344062902,-32.339767530213464,-32.339767530213464,-32.339767530213464,69.81943026486508,69.81943026486508,69.81943026486508,69.30059661,69.30059661,69.30059661,173.62724570012315,173.62724570012315,173.62724570012315,83.29037731,83.29037731,83.29037731,190.36246467894784,190.36246467894784,190.36246467894784
-24.094388154370645,-26.64191787347232,-32.84645911433661,52.575565810711396,50.02803609160972,43.823494850745426,11198.686805454654,10961.181207738373,10966.60993811639,73.46474602,73.46474602,73.46474602,9868.965721803172,9631.46012408689,9636.888854464905,175.35383147272634,192.6515299263838,187.47131030454761,175.35383147272634,192.6515299263838,187.47131030454761,140.92625387866468,51.35265574946144,44.648988260748695,54.56002144841527,51.11694322669994,44.44404607211027,-296.0684679261267,-282.2130889996484,-260.67747943565325,-58.068049195374584,-58.068049195374584,-58.068049195374584,44.09114859970395,44.09114859970395,44.09114859970395,69.30059661,69.30059661,69.30059661,173.62724570012315,173.62724570012315,173.62724570012315,83.29037731,83.29037731,83.29037731,190.36246467894784,190.36246467894784,190.36246467894784
-24.094388154370645,-26.64191787347232,-21.319497122048165,52.575565810711396,50.02803609160972,55.350456843033875,11198.686805454654,10961.181207738373,10966.60993811639,73.46474602,73.46474602,73.46474602,9868.965721803172,9631.46012408689,9636.888854464905,175.35383147272634,192.6515299263838,222.20393749404823,175.35383147272634,192.6515299263838,222.20393749404823,136.06672788284868,51.35265574946144,44.648988260748695,54.56002144841527,51.11694322669994,44.44404607211027,-296.0684679261267,-282.2130889996484,-254.62935344062902,-87.95608968473351,-87.95608968473351,-87.95608968473351,14.203108110345017,14.203108110345017,14.203108110345017,-122.74939759830306,-122.74939759830306,-122.74939759830306,-18.422748508179893,-18.422748508179893,-18.422748508179893,83.29037731,83.29037731,83.29037731,190.36246467894784,190.36246467894784,190.36246467894784
-24.094388154370645,-26.64191787347232,-44.784328179864254,52.575565810711396,50.02803609160972,31.885625785217783,11198.686805454654,10961.181207738373,10966.60993811639,73.46474602,73.46474602,73.46474602,9868.965721803172,9631.46012408689,9636.888854464905,175.35383147272634,192.6515299263838,151.50055270445887,175.35383147272634,192.6515299263838,151.50055270445887,129.99232038807864,51.35265574946144,44.648988260748695,54.56002144841527,51.11694322669994,44.444046072110275,-296.0684679261267,-282.2130889996484,-266.9412058423783,-87.95608968473351,-87.95608968473351,-87.95608968473351,14.203108110345017,14.203108110345017,14.203108110345017,69.30059661,69.30059661,69.30059661,173.62724570012315,173.62724570012315,173.62724570012315,83.29037731,83.29037731,83.29037731,190.36246467894784,190.36246467894784,190.36246467894784
-24.094388154370645,-26.64191787347232,-62.72606960447672,52.575565810711396,50.02803609160972,13.94388436060532,11198.686805454654,10961.181207738373,10966.60993811639,73.46474602,73.46474602,73.46474602,9868.965721803172,9631.46012408689,9636.888854464905,175.35383147272634,192.6515299263838,97.43914290295336,175.35383147272634,192.6515299263838,97.43914290295336,121.48814989540058,51.35265574946144,44.648988260748695,54.56002144841527,51.11694322669994,44.444046072110275,-296.0684679261267,-282.2130889996484,-276.35512711485217,-58.068049195374584,-58.068049195374584,-58.068049195374584,44.09114859970395,44.09114859970395,44.09114859970395,69.30059661,69.30059661,69.30059661,173.62724570012315,173.62724570012315,173.62724570012315,83.29037731,83.29037731,83.29037731,190.36246467894784,190.36246467894784,190.36246467894784
-24.094388154370645,-26.64191787347232,-31.475813103565713,52.575565810711396,50.02803609160972,45.194140861516324,11198.686805454654,10961.181207738373,10966.60993811639,73.46474602,73.46474602,73.46474602,9868.965721803172,9631.46012408689,9636.888854464905,175.35383147272634,192.65152992638377,191.60129155483114,175.35383147272634,192.6515299263838,191.60129155483114,121.48814989540058,51.35265574946144,44.648988260748695,54.56002144841527,51.11694322669994,44.444046072110275,-296.0684679261267,-282.2130889996484,-259.95830991177826,-83.52998429961406,-83.52998429961406,-83.52998429961406,18.629213495464484,18.629213495464484,18.629213495464484,69.30059661,69.30059661,69.30059661,173.62724570012315,173.62724570012315,173.62724570012315,83.29037731,83.29037731,83.29037731,190.36246467894784,190.36246467894784,190.36246467894784
-24.094388154370645,-26.64191787347232,-44.784328179864254,52.575565810711396,50.02803609160972,31.885625785217783,11198.686805454654,10961.181207738373,10966.60993811639,73.46474602,73.46474602,73.46474602,9868.965721803172,9631.46012408689,9636.888854464905,175.35383147272634,192.6515299263838,151.50055270445887,175.35383147272634,192.6515299263838,151.50055270445887,121.48814989540058,51.35265574946144,44.648988260748695,54.56002144841527,51.11694322669994,44.444046072110275,-296.0684679261267,-282.2130889996484,-266.9412058423783,-87.95608968473351,-87.95608968473351,-87.95608968473351,14.203108110345017,14.203108110345017,14.203108110345017,69.30059661,69.30059661,69.30059661,173.62724570012315,173.62724570012315,173.62724570012315,83.29037731,83.29037731,83.29037731,190.36246467894784,190.36246467894784,190.36246467894784
-24.094388154370645,-26.64191787347232,-29.70782179584263,52.575565810711396,50.02803609160972,46.96213216923941,11198.686805454654,10961.181207738373,10966.60993811639,73.46474602,73.46474602,73.46474602,9868.965721803172,9631.46012408689,9636.888854464905,175.35383147272634,192.6515299263838,196.9285393592834,175.35383147272634,192.6515299263838,196.9285393592834,121.48814989540058,51.35265574946144,44.648988260748695,54.56002144841527,51.11694322669994,44.444046072110275,-296.0684679261267,-282.2130889996484,-259.03065575673105,-58.068049195374584,-58.068049195374584,-58.068049195374584,44.09114859970395,44.09114859970395,44.09114859970395,69.30059661,69.30059661,69.30059661,173.62724570012315,173.62724570012315,173.62724570012315,83.29037731,83.29037731,83.29037731,190.36246467894784,190.36246467894784,190.36246467894784
-24.094388154370645,-26.64191787347232,-41.14702526143293,52.575565810711396,50.02803609160972,35.52292870364911,11198.686805454654,10961.181207738373,10966.60993811639,73.46474602,73.46474602,73.46474602,9868.965721803172,9631.46012408689,9636.888854464905,175.35383147272634,192.6515299263838,136.58022549259093,175.35383147272634,192.6515299263838,136.58022549212848,121.48814989540058,51.35265574946144,44.648988260748695,54.56002144841527,51.11694322669994,44.444046072110275,-296.0684679261267,-282.2130889996484,-319.3115053441915,-32.339767530213464,-32.339767530213464,-32.339767530213464,69.81943026486508,69.81943026486508,69.81943026486508,69.30059661,69.30059661,69.30059661,173.62724570012315,173.62724570012315,173.62724570012315,83.29037731,83.29037731,83.29037731,190.36246467894784,190.36246467894784,190.36246467894784
-24.094388154370645,-26.64191787347232,-33.07402711774852,52.575565810711396,50.02803609160972,43.59592684733352,11198.686805454654,10961.181207738373,10966.60993811639,73.46474602,73.46474602,73.46474602,9868.965721803172,9631.46012408689,9636.888854464905,175.35383147272634,192.6515299263838,166.4704416609836,175.35383147272634,192.6515299263838,166.4704416609836,121.48814989540058,51.35265574946144,44.648988260748695,54.56002144841527,51.11694322669994,44.444046072110275,-296.0684679261267,-282.2130889996484,-303.404200337115,-87.95608968473351,-87.95608968473351,-87.95608968473351,14.203108110345017,14.203108110345017,14.203108110345017,69.30059661,69.30059661,69.30059661,173.62724570012315,173.62724570012315,173.62724570012315,83.29037731,83.29037731,83.29037731,190.36246467894784,190.36246467894784,190.36246467894784
-24.094388154370645,-26.64191787347232,-44.80051822812629,52.575565810711396,50.02803609160972,31.869435736955747,11198.686805454654,10961.181207738373,10946.05193887554,73.46474602,73.46474602,73.46474602,9868.965721803172,9631.46012408689,9616.330855224058,175.35383147272634,192.65152992638377,128.90200850953025,175.35383147272634,192.6515299263838,128.90200850953025,121.48814989540058,51.35265574946144,38.800975790134984,54.56002144841527,51.11694322669994,44.327085822697995,-296.0684679261267,-282.2130889996484,-317.34428639198455,-87.95608968473351,-87.95608968473351,-87.95608968473351,14.203108110345017,14.203108110345017,14.203108110345017,-158.91791246409863,-158.91791246409863,-158.91791246409863,-54.59126337397545,-54.59126337397545,-54.59126337397545,83.29037731,83.29037731,83.29037731,190.36246467894784,190.36246467894784,190.36246467894784
-24.094388154370645,-28.04662881277766,-34.930251276814374,52.575565810711396,48.62332515230438,41.73970268826767,11198.686805454654,10937.536599001716,10947.528362151848,73.46474602,73.46474602,73.46474602,9868.965721803172,9607.815515350234,9617.807278500366,175.35383147272634,190.47067107101674,183.2469924026865,175.35383147272634,190.47067107101674,183.2469924026865,121.48814989540058,44.62661372879623,37.7909036638977,54.56002144841527,50.98242238628663,43.17315727025632,-296.0684679261267,-282.2130889996484,-261.09808510037783,-32.339767530213464,-32.339767530213464,-32.339767530213464,69.81943026486508,69.81943026486508,69.81943026486508,69.30059661,69.30059661,69.30059661,173.62724570012315,173.62724570012315,173.62724570012315,83.29037731,83.29037731,83.29037731,190.36246467894784,190.36246467894784,190.36246467894784
-23.32066338742489,-35.67117860741305,-53.87427694413179,53.34929057765715,40.99877535766899,22.795677020950247,10934.879480475316,10939.234694730247,10809.651677274514,73.46474602,73.46474602,73.46474602,9605.158396823834,9609.513611078764,9479.930593623032,200.5771240461844,169.69780054207692,137.73113031231782,200.5771240461844,169.69780054207692,137.73113031231782,46.44444023064859,43.46488782634417,0.0,53.05914725512024,49.655241233447256,43.5510663068953,-287.43917057632524,-282.2130889996484,-266.8179866483238,-70.59167149266088,-70.59167149266088,-70.59167149266088,31.56752630241765,31.56752630241765,31.56752630241765,69.30059661,69.30059661,69.30059661,173.62724570012315,173.62724570012315,173.62724570012315,83.29037731,83.29037731,83.29037731,190.36246467894784,190.36246467894784,190.36246467894784
-28.44637526076321,-35.840368597288645,-45.09735094086963,48.223578704318825,40.82958536779339,31.572603024212405,10934.879480475316,10939.234694730247,10809.651677274514,73.46474602,73.46474602,73.46474602,9605.158396823834,9609.513611078764,9479.930593623032,185.13251342835133,169.23033029195057,146.1636867076949,185.13251342835133,169.23033029195057,146.1636867076949,46.44444023064859,43.46488782634417,0.0,53.05914725512024,49.655241233447256,43.551066306895294,-290.1286000413379,-282.2130889996484,-299.99332721538804,-86.8145630716476,-86.8145630716476,-86.8145630716476,15.344634723430945,15.344634723430945,15.344634723430945,-152.92370271612353,-152.92370271612353,-152.92370271612353,-48.59705362600035,-48.59705362600035,-48.59705362600035,83.29037731,83.29037731,83.29037731,190.36246467894784,190.36246467894784,190.36246467894784
-20.62368805923605,-37.43220891576988,-53.80229821806885,56.04626590584599,39.23774504931216,22.867655747013192,10934.879480475316,10939.234694730247,10809.651677274514,73.46474602,73.46474602,73.46474602,9605.158396823834,9609.513611078764,9479.930593623032,208.7035530806457,164.83209141039012,137.948014020236,208.7035530806457,164.83209141039012,137.948014020236,46.44444023064859,43.464887826344174,0.0,53.05914725512024,49.65524123344726,43.551066306895294,-286.02408422475486,-282.2130889996484,-266.78021985387426,-77.66057765954868,-77.66057765954868,-77.66057765954868,24.49862013552986,24.49862013552986,24.49862013552986,-103.03043224995383,-103.03043224995383,-103.03043224995383,1.2962168401693341,1.2962168401693341,1.2962168401693341,83.29037731,83.29037731,83.29037731,190.36246467894784,190.36246467894784,190.36246467894784
-20.69096923783478,-37.43220891576988,-52.514058968357254,55.978984727247266,39.23774504931216,24.155894996724783,10936.646746664252,10939.234694730247,10809.651677274514,73.46474602,73.46474602,73.46474602,9606.92566301277,9609.513611078764,9479.930593623032,211.25014439022507,164.83209141039012,141.82969018270174,211.25014439022507,164.83209141039012,141.82969018270174,45.23539242861885,43.464887826344174,0.0,51.67790452622108,49.65524123344726,43.551066306895294,-280.9342326121649,-282.2130889996484,-266.10428865021424,-53.84318379194745,-53.84318379194745,-53.84318379194745,48.31601400313108,48.31601400313108,48.31601400313108,69.30059661,69.30059661,69.30059661,173.62724570012315,173.62724570012315,173.62724570012315,83.29037731,83.29037731,83.29037731,190.36246467894784,190.36246467894784,190.36246467894784
-20.69096923783478,-37.43220891576988,-37.69648593324821,55.978984727247266,39.23774504931216,38.973468031833825,10936.646746664252,10939.234694730247,10940.337322690018,73.46474602,73.46474602,73.46474602,9606.92566301277,9609.513611078764,9610.616239038534,211.25014439022507,164.83209141039012,151.92818395701374,211.25014439022507,164.83209141039012,151.92818395701374,46.14010027719123,43.464887826344174,35.81989689225134,51.67790452622108,49.65524123344726,43.19286733797278,-280.9342326121649,-282.2130889996484,-311.7985890101194,-53.84318379194745,-53.84318379194745,-53.84318379194745,48.31601400313108,48.31601400313108,48.31601400313108,69.30059661,69.30059661,69.30059661,173.62724570012315,173.62724570012315,173.62724570012315,83.29037731,83.29037731,83.29037731,190.36246467894784,190.36246467894784,190.36246467894784
-20.69096923783478,-24.81301908868401,-45.56035174244075,55.978984727247266,51.856934876398036,31.109602222641286,10936.646746664252,10939.234694730247,10947.528362151848,73.46474602,73.46474602,73.46474602,9606.92566301277,9609.513611078764,9617.807278500366,211.25014439022505,199.6987867107301,102.12812156065972,211.25014439022505,199.6987867107301,102.12812156065972,49.30657774719456,43.464887826344174,37.7909036638977,51.67790452622109,49.65524123344726,43.17315727025632,-280.934232612165,-282.2130889996484,-369.6299843380157,-79.58428688688497,-79.58428688688497,-79.58428688688497,22.574910908193573,22.574910908193573,22.574910908193573,-112.60822979779088,-112.60822979779088,-112.60822979779088,-8.281580707667706,-8.281580707667706,-8.281580707667706,83.29037731,83.29037731,83.29037731,190.36246467894784,190.36246467894784,190.36246467894784
-21.500730484064757,-37.43220891576988,-58.63848734720963,55.16922348101728,39.23774504931216,18.031466617872407,10935.950996642385,10939.234694730247,10947.528362151848,73.46474602,73.46474602,73.46474602,9606.229912990902,9609.513611078764,9617.807278500366,207.72782871723157,164.83209141039012,103.20602444430574,207.72782871723157,164.83209141039012,103.20602444430574,52.110972099162346,43.464887826344174,37.7909036638977,52.22168206514045,49.65524123344726,43.17315727025632,-283.3768165747132,-282.2130889996484,-291.58329646413483,-79.80551264310624,-79.80551264310624,-79.80551264310624,22.3536851519723,22.3536851519723,22.3536851519723,-145.04035632286917,-145.04035632286917,-145.04035632286917,-40.71370723274599,-40.71370723274599,-40.71370723274599,83.29037731,83.29037731,83.29037731,190.36246467894784,190.36246467894784,190.36246467894784
-20.62368805923605,-35.666451969897324,-45.675197432366595,56.04626590584599,41.00350199518472,30.994756532715446,10934.879480475316,10939.234694730247,10947.528362151848,73.46474602,73.46474602,73.46474602,9605.158396823834,9609.513611078764,9617.807278500366,208.7035530806457,169.7108601942665,122.1172826404069,208.7035530806457,169.7108601942665,122.1172826404069,55.26888387447181,43.46488782634417,37.7909036638977,53.05914725512024,49.655241233447256,43.17315727025632,-286.02408422475486,-282.2130889996484,-327.04089337208575,-77.66057765954868,-77.66057765954868,-77.66057765954868,24.49862013552986,24.49862013552986,24.49862013552986,-66.22875914708803,-66.22875914708803,-66.22875914708803,38.09788994303515,38.09788994303515,38.09788994303515,83.29037731,83.29037731,83.29037731,190.36246467894784,190.36246467894784,190.36246467894784
-20.623688059236045,-35.71444101585119,-30.187009353264592,56.04626590584599,40.95551294923085,46.482944611817445,10934.879480475316,10939.234694730247,10947.528362151848,73.46474602,73.46474602,73.46474602,9605.158396823834,9609.513611078764,9617.807278500366,208.7035530806457,169.57826694018644,199.56545187497488,208.7035530806457,169.57826694018644,199.56545187497488,57.12666148369776,43.46488782634417,37.7909036638977,53.05914725512024,49.655241233447256,43.17315727025632,-286.0240842247548,-282.2130889996484,-254.35955852751783,-77.66057765954868,-77.66057765954868,-77.66057765954868,24.49862013552986,24.49862013552986,24.49862013552986,69.30059661,69.30059661,69.30059661,173.62724570012315,173.62724570012315,173.62724570012315,83.29037731,83.29037731,83.29037731,190.36246467894784,190.36246467894784,190.36246467894784
-23.32066338742489,-37.43220891576988,-37.87275329635176,53.34929057765715,39.23774504931216,38.797200668730284,10934.879480475316,10939.234694730247,10946.05193887554,73.46474602,73.46474602,73.46474602,9605.158396823834,9609.513611078764,9616.330855224058,200.5771240461844,164.83209141039012,164.6070287114327,200.5771240461844,164.83209141039012,164.6070287114327,58.055550288310734,43.46488782634417,38.80097579013498,53.059147255120244,49.655241233447256,44.32708582269799,-287.43917057632524,-282.2130889996484,-282.6050351900996,-80.8165357306079,-80.8165357306079,-80.8165357306079,21.34266206447063,21.34266206447063,21.34266206447063,-74.55956906411865,-74.55956906411865,-74.55956906411865,29.76708002600453,29.76708002600453,29.76708002600453,83.29037731,83.29037731,83.29037731,190.36246467894784,190.36246467894784,190.36246467894784
-20.623688059236038,-37.43220891576988,-44.88096862981906,56.046265905846006,39.23774504931216,31.78898533526298,10934.879480475316,10939.234694730247,10981.62513584069,73.46474602,73.46474602,73.46474602,9605.158396823834,9609.513611078764,9651.904052189208,208.7035530806457,164.83209141039012,117.96264427483756,208.7035530806457,164.83209141039012,117.96264427483756,58.055550288310734,43.46488782634417,48.92027276230523,53.059147255120244,49.655241233447256,44.529471762141405,-286.02408422475486,-282.2130889996484,-334.45612008484306,-77.66057765954868,-77.66057765954868,-77.66057765954868,24.49862013552986,24.49862013552986,24.49862013552986,69.30059661,69.30059661,69.30059661,173.62724570012315,173.62724570012315,173.62724570012315,83.29037731,83.29037731,83.29037731,190.36246467894784,190.36246467894784,190.36246467894784
-24.0104304288173,-26.64191787347232,-26.378821061478114,52.65952353626474,50.02803609160972,50.29113290360392,11192.305192989601,10961.181207738373,10981.62513584069,73.46474602,73.46474602,73.46474602,9862.584109338119,9631.46012408689,9651.904052189208,176.1605755581525,192.6515299263838,193.5631926489451,176.1605755581525,192.6515299263838,193.5631926489451,148.39428481698852,51.35265574946144,48.92027276230523,54.52371465723288,51.11694322669994,44.529471762141405,-295.82548997152486,-282.2130889996484,-283.11530703061237,-87.0165897010821,-87.0165897010821,-87.0165897010821,15.142608093996442,15.142608093996442,15.142608093996442,-112.90820627438697,-112.90820627438697,-112.90820627438697,-8.581557184263794,-8.581557184263794,-8.581557184263794,83.29037731,83.29037731,83.29037731,190.36246467894784,190.36246467894784,190.36246467894784
-24.010430428817305,-26.64191787347232,-28.433913746315124,52.659523536264736,50.02803609160972,48.23604021876692,11192.305192989601,10961.181207738373,10981.62513584069,73.46474602,73.46474602,73.46474602,9862.584109338119,9631.46012408689,9651.904052189208,176.16057555815252,192.6515299263838,199.4640865047362,176.16057555815252,192.6515299263838,199.4640865047362,144.8041005069001,51.35265574946144,48.92027276230523,54.52371465723288,51.11694322669994,44.529471762141405,-295.82548997152486,-282.2130889996484,-258.8302936223303,-58.068049195374584,-58.068049195374584,-58.068049195374584,44.09114859970395,44.09114859970395,44.09114859970395,69.30059661,69.30059661,69.30059661,173.62724570012315,173.62724570012315,173.62724570012315,83.29037731,83.29037731,83.29037731,190.36246467894784,190.36246467894784,190.36246467894784
-33.6540456669265,-26.64191787347232,-23.739198307442894,43.015908298155544,50.02803609160972,52.930755657639146,11979.049184055177,10961.181207738373,10981.62513584069,73.46474602,73.46474602,73.46474602,10649.328100403694,9631.46012408689,9651.904052189208,79.99999999999999,192.6515299263838,213.61003417145264,79.99999999999999,192.6515299263838,213.61003417145264,401.86366847925916,51.35265574946144,48.92027276230523,58.999722868956134,51.11694322669994,44.529471762141405,-322.9618559430585,-282.2130889996484,-256.36700533318,-58.068049195374556,-58.068049195374556,-58.068049195374556,44.09114859970398,44.09114859970398,44.09114859970398,69.30059661,69.30059661,69.30059661,173.62724570012315,173.62724570012315,173.62724570012315,83.29037731,83.29037731,83.29037731,190.36246467894784,190.36246467894784,190.36246467894784
-24.0104304288173,-26.64191787347232,-21.517039961976057,52.65952353626474,50.02803609160972,55.152914003105984,11192.305192989601,10961.181207738373,10981.62513584069,73.46474602,73.46474602,73.46474602,9862.584109338119,9631.46012408689,9651.904052189208,176.16057555815252,192.6515299263838,220.30576175524894,176.16057555815252,192.6515299263838,220.30576175524894,135.2302756799976,51.35265574946144,48.92027276230523,54.52371465723288,51.11694322669994,44.529471762141405,-295.82548997152486,-282.2130889996484,-255.20105252937364,-78.83652331106367,-78.83652331106367,-78.83652331106367,23.322674484014858,23.322674484014858,23.322674484014858,69.30059661,69.30059661,69.30059661,173.62724570012315,173.62724570012315,173.62724570012315,83.29037731,83.29037731,83.29037731,190.36246467894784,190.36246467894784,190.36246467894784
-24.0104304288173,-26.64191787347232,-38.23138288210182,52.65952353626474,50.02803609160972,38.43857108298022,11192.305192989601,10961.181207738373,10981.62513584069,73.46474602,73.46474602,73.46474602,9862.584109338119,9631.46012408689,9651.904052189208,176.16057555815252,192.6515299263838,146.1309281671944,176.16057555815252,192.6515299263838,146.1309281671944,128.04990705982075,51.35265574946144,48.92027276230523,54.52371465723288,51.11694322669994,44.529471762141405,-295.82548997152486,-282.2130889996484,-313.91177241858554,-87.70703682814893,-87.70703682814893,-87.70703682814893,14.4521609669296,14.4521609669296,14.4521609669296,-153.3956447310107,-153.3956447310107,-153.3956447310107,-49.06899564088752,-49.06899564088752,-49.06899564088752,83.29037731,83.29037731,83.29037731,190.36246467894784,190.36246467894784,190.36246467894784
-24.0104304288173,-26.64191787347232,-24.862421236400813,52.65952353626474,50.02803609160972,51.80753272868123,11192.3051929896,10961.181207738373,10981.62513584069,73.46474602,73.46474602,73.46474602,9862.584109338117,9631.46012408689,9651.904052189208,176.16057555815252,192.6515299263838,210.22557925017384,176.16057555815252,192.6515299263838,210.22557925017384,119.67281033628105,51.35265574946144,48.92027276230523,54.52371465723288,51.11694322669994,44.529471762141405,-295.82548997152486,-282.2130889996484,-256.95635348921473,-58.068049195374584,-58.068049195374584,-58.068049195374584,44.09114859970395,44.09114859970395,44.09114859970395,69.30059661,69.30059661,69.30059661,173.62724570012315,173.62724570012315,173.62724570012315,83.29037731,83.29037731,83.29037731,190.36246467894784,190.36246467894784,190.36246467894784
-24.0104304288173,-26.64191787347232,-24.862421236400813,52.65952353626474,50.02803609160972,51.80753272868123,11192.3051929896,10961.181207738373,10981.62513584069,73.46474602,73.46474602,73.46474602,9862.584109338117,9631.46012408689,9651.904052189208,176.16057555815252,192.65152992638377,210.22557925017384,176.16057555815252,192.6515299263838,210.22557925017384,119.67281033628105,51.35265574946144,48.92027276230523,54.52371465723288,51.11694322669994,44.529471762141405,-295.82548997152486,-282.2130889996484,-256.95635348921473,-83.52998429961406,-83.52998429961406,-83.52998429961406,18.629213495464484,18.629213495464484,18.629213495464484,69.30059661,69.30059661,69.30059661,173.62724570012315,173.62724570012315,173.62724570012315,83.29037731,83.29037731,83.29037731,190.36246467894784,190.36246467894784,190.36246467894784
