commodity,zone,resource_id,component_id,resource_type,component_type,capacity,new_capacity,retired_capacity,existing_capacity
Biomass_Herb,CA,CA_Bio_Electricity_CCS_93_Herb,CA_Bio_Electricity_CCS_93_Herb_biomass_edge,BECCSElectricity,UnidirectionalEdge{MacroEnergy.Biomass_Herb},3.3142372364788357e-12,3.3142372364788357e-12,0.0,0.0
Biomass_Herb,NW,NW_Bio_Electricity_CCS_93_Herb,NW_Bio_Electricity_CCS_93_Herb_biomass_edge,BECCSElectricity,UnidirectionalEdge{MacroEnergy.Biomass_Herb},2.9820473872115405e-13,2.9820473872115405e-13,0.0,0.0
Biomass_Herb,SW,SW_Bio_Electricity_CCS_93_Herb,SW_Bio_Electricity_CCS_93_Herb_biomass_edge,BECCSElectricity,UnidirectionalEdge{MacroEnergy.Biomass_Herb},2.590853748934686e-13,2.590853748934686e-13,0.0,0.0
Biomass_Herb,TX,TX_Bio_Electricity_CCS_93_Herb,TX_Bio_Electricity_CCS_93_Herb_biomass_edge,BECCSElectricity,UnidirectionalEdge{MacroEnergy.Biomass_Herb},2.8094168328336037e-13,2.8094168328336037e-13,0.0,0.0
Biomass_Herb,NCEN,NCEN_Bio_Electricity_CCS_93_Herb,NCEN_Bio_Electricity_CCS_93_Herb_biomass_edge,BECCSElectricity,UnidirectionalEdge{MacroEnergy.Biomass_Herb},2.5322331018815933e-13,2.5322331018815933e-13,0.0,0.0
Biomass_Herb,CEN,CEN_Bio_Electricity_CCS_93_Herb,CEN_Bio_Electricity_CCS_93_Herb_biomass_edge,BECCSElectricity,UnidirectionalEdge{MacroEnergy.Biomass_Herb},2.7657901175660884e-13,2.7657901175660884e-13,0.0,0.0
Biomass_Herb,SE,SE_Bio_Electricity_CCS_93_Herb,SE_Bio_Electricity_CCS_93_Herb_biomass_edge,BECCSElectricity,UnidirectionalEdge{MacroEnergy.Biomass_Herb},2.427574679981102e-13,2.427574679981102e-13,0.0,0.0
Biomass_Herb,MIDAT,MIDAT_Bio_Electricity_CCS_93_Herb,MIDAT_Bio_Electricity_CCS_93_Herb_biomass_edge,BECCSElectricity,UnidirectionalEdge{MacroEnergy.Biomass_Herb},2.3105693735248586e-13,2.3105693735248586e-13,0.0,0.0
Biomass_Herb,NE,NE_Bio_Electricity_CCS_93_Herb,NE_Bio_Electricity_CCS_93_Herb_biomass_edge,BECCSElectricity,UnidirectionalEdge{MacroEnergy.Biomass_Herb},2.366755900522977e-13,2.366755900522977e-13,0.0,0.0
Biomass_Wood,CA,CA_Bio_Electricity_CCS_93_Wood,CA_Bio_Electricity_CCS_93_Wood_biomass_edge,BECCSElectricity,UnidirectionalEdge{MacroEnergy.Biomass_Wood},3.636883946267728e-13,3.636883946267728e-13,0.0,0.0
Biomass_Wood,NW,NW_Bio_Electricity_CCS_93_Wood,NW_Bio_Electricity_CCS_93_Wood_biomass_edge,BECCSElectricity,UnidirectionalEdge{MacroEnergy.Biomass_Wood},5.125642975764033e-13,5.125642975764033e-13,0.0,0.0
Biomass_Wood,SW,SW_Bio_Electricity_CCS_93_Wood,SW_Bio_Electricity_CCS_93_Wood_biomass_edge,BECCSElectricity,UnidirectionalEdge{MacroEnergy.Biomass_Wood},4.3335616033481303e-13,4.3335616033481303e-13,0.0,0.0
Biomass_Wood,TX,TX_Bio_Electricity_CCS_93_Wood,TX_Bio_Electricity_CCS_93_Wood_biomass_edge,BECCSElectricity,UnidirectionalEdge{MacroEnergy.Biomass_Wood},3.5922509125782e-13,3.5922509125782e-13,0.0,0.0
Biomass_Wood,NCEN,NCEN_Bio_Electricity_CCS_93_Wood,NCEN_Bio_Electricity_CCS_93_Wood_biomass_edge,BECCSElectricity,UnidirectionalEdge{MacroEnergy.Biomass_Wood},3.6280030592969935e-13,3.6280030592969935e-13,0.0,0.0
Biomass_Wood,CEN,CEN_Bio_Electricity_CCS_93_Wood,CEN_Bio_Electricity_CCS_93_Wood_biomass_edge,BECCSElectricity,UnidirectionalEdge{MacroEnergy.Biomass_Wood},3.952014819053779e-13,3.952014819053779e-13,0.0,0.0
Biomass_Wood,SE,SE_Bio_Electricity_CCS_93_Wood,SE_Bio_Electricity_CCS_93_Wood_biomass_edge,BECCSElectricity,UnidirectionalEdge{MacroEnergy.Biomass_Wood},3.4073967628923554e-13,3.4073967628923554e-13,0.0,0.0
Biomass_Wood,MIDAT,MIDAT_Bio_Electricity_CCS_93_Wood,MIDAT_Bio_Electricity_CCS_93_Wood_biomass_edge,BECCSElectricity,UnidirectionalEdge{MacroEnergy.Biomass_Wood},2.890662033890013e-13,2.890662033890013e-13,0.0,0.0
Biomass_Wood,NE,NE_Bio_Electricity_CCS_93_Wood,NE_Bio_Electricity_CCS_93_Wood_biomass_edge,BECCSElectricity,UnidirectionalEdge{MacroEnergy.Biomass_Wood},2.887525965147426e-13,2.887525965147426e-13,0.0,0.0
Biomass_Agri,CA,CA_Bio_Electricity_CCS_93_Agri,CA_Bio_Electricity_CCS_93_Agri_biomass_edge,BECCSElectricity,UnidirectionalEdge{MacroEnergy.Biomass_Agri},4.305689611171128e-13,4.305689611171128e-13,0.0,0.0
Biomass_Agri,NW,NW_Bio_Electricity_CCS_93_Agri,NW_Bio_Electricity_CCS_93_Agri_biomass_edge,BECCSElectricity,UnidirectionalEdge{MacroEnergy.Biomass_Agri},3.6672094064863595e-13,3.6672094064863595e-13,0.0,0.0
Biomass_Agri,SW,SW_Bio_Electricity_CCS_93_Agri,SW_Bio_Electricity_CCS_93_Agri_biomass_edge,BECCSElectricity,UnidirectionalEdge{MacroEnergy.Biomass_Agri},4.2791540777407344e-13,4.2791540777407344e-13,0.0,0.0
Biomass_Agri,TX,TX_Bio_Electricity_CCS_93_Agri,TX_Bio_Electricity_CCS_93_Agri_biomass_edge,BECCSElectricity,UnidirectionalEdge{MacroEnergy.Biomass_Agri},3.8324617151815146e-13,3.8324617151815146e-13,0.0,0.0
Biomass_Agri,NCEN,NCEN_Bio_Electricity_CCS_93_Agri,NCEN_Bio_Electricity_CCS_93_Agri_biomass_edge,BECCSElectricity,UnidirectionalEdge{MacroEnergy.Biomass_Agri},5.080795339844955e-13,5.080795339844955e-13,0.0,0.0
Biomass_Agri,CEN,CEN_Bio_Electricity_CCS_93_Agri,CEN_Bio_Electricity_CCS_93_Agri_biomass_edge,BECCSElectricity,UnidirectionalEdge{MacroEnergy.Biomass_Agri},3.2817075284241173e-13,3.2817075284241173e-13,0.0,0.0
Biomass_Agri,SE,SE_Bio_Electricity_CCS_93_Agri,SE_Bio_Electricity_CCS_93_Agri_biomass_edge,BECCSElectricity,UnidirectionalEdge{MacroEnergy.Biomass_Agri},2.991928648978646e-13,2.991928648978646e-13,0.0,0.0
Biomass_Agri,MIDAT,MIDAT_Bio_Electricity_CCS_93_Agri,MIDAT_Bio_Electricity_CCS_93_Agri_biomass_edge,BECCSElectricity,UnidirectionalEdge{MacroEnergy.Biomass_Agri},3.155998096672387e-13,3.155998096672387e-13,0.0,0.0
Biomass_Agri,NE,NE_Bio_Electricity_CCS_93_Agri,NE_Bio_Electricity_CCS_93_Agri_biomass_edge,BECCSElectricity,UnidirectionalEdge{MacroEnergy.Biomass_Agri},2.832056029196247e-13,2.832056029196247e-13,0.0,0.0
Biomass_Herb,CA,CA_Bio_H2_Herb,CA_Bio_H2_Herb_biomass_edge,BECCSHydrogen{NaturalGas},UnidirectionalEdge{MacroEnergy.Biomass_Herb},8.337447447658955e-13,8.337447447658955e-13,0.0,0.0
Biomass_Herb,NW,NW_Bio_H2_Herb,NW_Bio_H2_Herb_biomass_edge,BECCSHydrogen{NaturalGas},UnidirectionalEdge{MacroEnergy.Biomass_Herb},2.750369920863331e-13,2.750369920863331e-13,0.0,0.0
Biomass_Herb,SW,SW_Bio_H2_Herb,SW_Bio_H2_Herb_biomass_edge,BECCSHydrogen{NaturalGas},UnidirectionalEdge{MacroEnergy.Biomass_Herb},2.664626761610356e-13,2.664626761610356e-13,0.0,0.0
Biomass_Herb,TX,TX_Bio_H2_Herb,TX_Bio_H2_Herb_biomass_edge,BECCSHydrogen{NaturalGas},UnidirectionalEdge{MacroEnergy.Biomass_Herb},3.291879493765564e-13,3.291879493765564e-13,0.0,0.0
Biomass_Herb,NCEN,NCEN_Bio_H2_Herb,NCEN_Bio_H2_Herb_biomass_edge,BECCSHydrogen{NaturalGas},UnidirectionalEdge{MacroEnergy.Biomass_Herb},3.4363746695391977e-13,3.4363746695391977e-13,0.0,0.0
Biomass_Herb,CEN,CEN_Bio_H2_Herb,CEN_Bio_H2_Herb_biomass_edge,BECCSHydrogen{NaturalGas},UnidirectionalEdge{MacroEnergy.Biomass_Herb},3.251459401386611e-13,3.251459401386611e-13,0.0,0.0
Biomass_Herb,SE,SE_Bio_H2_Herb,SE_Bio_H2_Herb_biomass_edge,BECCSHydrogen{NaturalGas},UnidirectionalEdge{MacroEnergy.Biomass_Herb},3.373962922335964e-13,3.373962922335964e-13,0.0,0.0
Biomass_Herb,MIDAT,MIDAT_Bio_H2_Herb,MIDAT_Bio_H2_Herb_biomass_edge,BECCSHydrogen{NaturalGas},UnidirectionalEdge{MacroEnergy.Biomass_Herb},3.3754291143506985e-13,3.3754291143506985e-13,0.0,0.0
Biomass_Herb,NE,NE_Bio_H2_Herb,NE_Bio_H2_Herb_biomass_edge,BECCSHydrogen{NaturalGas},UnidirectionalEdge{MacroEnergy.Biomass_Herb},3.501467277672784e-13,3.501467277672784e-13,0.0,0.0
Biomass_Wood,CA,CA_Bio_H2_Wood,CA_Bio_H2_Wood_biomass_edge,BECCSHydrogen{NaturalGas},UnidirectionalEdge{MacroEnergy.Biomass_Wood},3.4164827968511027e-13,3.4164827968511027e-13,0.0,0.0
Biomass_Wood,NW,NW_Bio_H2_Wood,NW_Bio_H2_Wood_biomass_edge,BECCSHydrogen{NaturalGas},UnidirectionalEdge{MacroEnergy.Biomass_Wood},3.591933519896801e-13,3.591933519896801e-13,0.0,0.0
Biomass_Wood,SW,SW_Bio_H2_Wood,SW_Bio_H2_Wood_biomass_edge,BECCSHydrogen{NaturalGas},UnidirectionalEdge{MacroEnergy.Biomass_Wood},3.656629813693125e-13,3.656629813693125e-13,0.0,0.0
Biomass_Wood,TX,TX_Bio_H2_Wood,TX_Bio_H2_Wood_biomass_edge,BECCSHydrogen{NaturalGas},UnidirectionalEdge{MacroEnergy.Biomass_Wood},5.043725368606533e-13,5.043725368606533e-13,0.0,0.0
Biomass_Wood,NCEN,NCEN_Bio_H2_Wood,NCEN_Bio_H2_Wood_biomass_edge,BECCSHydrogen{NaturalGas},UnidirectionalEdge{MacroEnergy.Biomass_Wood},5.876490377066417e-13,5.876490377066417e-13,0.0,0.0
Biomass_Wood,CEN,CEN_Bio_H2_Wood,CEN_Bio_H2_Wood_biomass_edge,BECCSHydrogen{NaturalGas},UnidirectionalEdge{MacroEnergy.Biomass_Wood},5.827073169106301e-13,5.827073169106301e-13,0.0,0.0
Biomass_Wood,SE,SE_Bio_H2_Wood,SE_Bio_H2_Wood_biomass_edge,BECCSHydrogen{NaturalGas},UnidirectionalEdge{MacroEnergy.Biomass_Wood},6.331845471755338e-13,6.331845471755338e-13,0.0,0.0
Biomass_Wood,MIDAT,MIDAT_Bio_H2_Wood,MIDAT_Bio_H2_Wood_biomass_edge,BECCSHydrogen{NaturalGas},UnidirectionalEdge{MacroEnergy.Biomass_Wood},6.273912033722038e-13,6.273912033722038e-13,0.0,0.0
Biomass_Wood,NE,NE_Bio_H2_Wood,NE_Bio_H2_Wood_biomass_edge,BECCSHydrogen{NaturalGas},UnidirectionalEdge{MacroEnergy.Biomass_Wood},5.699705546309078e-13,5.699705546309078e-13,0.0,0.0
Biomass_Agri,CA,CA_Bio_H2_Agri,CA_Bio_H2_Agri_biomass_edge,BECCSHydrogen{NaturalGas},UnidirectionalEdge{MacroEnergy.Biomass_Agri},3.9046984187988737e-13,3.9046984187988737e-13,0.0,0.0
Biomass_Agri,NW,NW_Bio_H2_Agri,NW_Bio_H2_Agri_biomass_edge,BECCSHydrogen{NaturalGas},UnidirectionalEdge{MacroEnergy.Biomass_Agri},3.1315868055493655e-13,3.1315868055493655e-13,0.0,0.0
Biomass_Agri,SW,SW_Bio_H2_Agri,SW_Bio_H2_Agri_biomass_edge,BECCSHydrogen{NaturalGas},UnidirectionalEdge{MacroEnergy.Biomass_Agri},3.653844059835975e-13,3.653844059835975e-13,0.0,0.0
Biomass_Agri,TX,TX_Bio_H2_Agri,TX_Bio_H2_Agri_biomass_edge,BECCSHydrogen{NaturalGas},UnidirectionalEdge{MacroEnergy.Biomass_Agri},5.347601603795723e-13,5.347601603795723e-13,0.0,0.0
Biomass_Agri,NCEN,NCEN_Bio_H2_Agri,NCEN_Bio_H2_Agri_biomass_edge,BECCSHydrogen{NaturalGas},UnidirectionalEdge{MacroEnergy.Biomass_Agri},5.682010307491142e-13,5.682010307491142e-13,0.0,0.0
Biomass_Agri,CEN,CEN_Bio_H2_Agri,CEN_Bio_H2_Agri_biomass_edge,BECCSHydrogen{NaturalGas},UnidirectionalEdge{MacroEnergy.Biomass_Agri},5.333298242560116e-13,5.333298242560116e-13,0.0,0.0
Biomass_Agri,SE,SE_Bio_H2_Agri,SE_Bio_H2_Agri_biomass_edge,BECCSHydrogen{NaturalGas},UnidirectionalEdge{MacroEnergy.Biomass_Agri},5.565632615666677e-13,5.565632615666677e-13,0.0,0.0
Biomass_Agri,MIDAT,MIDAT_Bio_H2_Agri,MIDAT_Bio_H2_Agri_biomass_edge,BECCSHydrogen{NaturalGas},UnidirectionalEdge{MacroEnergy.Biomass_Agri},4.517637560505235e-13,4.517637560505235e-13,0.0,0.0
Biomass_Agri,NE,NE_Bio_H2_Agri,NE_Bio_H2_Agri_biomass_edge,BECCSHydrogen{NaturalGas},UnidirectionalEdge{MacroEnergy.Biomass_Agri},4.192592890113248e-13,4.192592890113248e-13,0.0,0.0
Biomass_Herb,CA,CA_Bio_H2_CCS_99_Herb,CA_Bio_H2_CCS_99_Herb_biomass_edge,BECCSHydrogen{NaturalGas},UnidirectionalEdge{MacroEnergy.Biomass_Herb},1.7506948494100256e-13,1.7506948494100256e-13,0.0,0.0
Biomass_Herb,NW,NW_Bio_H2_CCS_99_Herb,NW_Bio_H2_CCS_99_Herb_biomass_edge,BECCSHydrogen{NaturalGas},UnidirectionalEdge{MacroEnergy.Biomass_Herb},1.4569856626872419e-13,1.4569856626872419e-13,0.0,0.0
Biomass_Herb,SW,SW_Bio_H2_CCS_99_Herb,SW_Bio_H2_CCS_99_Herb_biomass_edge,BECCSHydrogen{NaturalGas},UnidirectionalEdge{MacroEnergy.Biomass_Herb},1.3570749587848799e-13,1.3570749587848799e-13,0.0,0.0
Biomass_Herb,TX,TX_Bio_H2_CCS_99_Herb,TX_Bio_H2_CCS_99_Herb_biomass_edge,BECCSHydrogen{NaturalGas},UnidirectionalEdge{MacroEnergy.Biomass_Herb},1.5049774685423105e-13,1.5049774685423105e-13,0.0,0.0
Biomass_Herb,NCEN,NCEN_Bio_H2_CCS_99_Herb,NCEN_Bio_H2_CCS_99_Herb_biomass_edge,BECCSHydrogen{NaturalGas},UnidirectionalEdge{MacroEnergy.Biomass_Herb},1.407125427339663e-13,1.407125427339663e-13,0.0,0.0
Biomass_Herb,CEN,CEN_Bio_H2_CCS_99_Herb,CEN_Bio_H2_CCS_99_Herb_biomass_edge,BECCSHydrogen{NaturalGas},UnidirectionalEdge{MacroEnergy.Biomass_Herb},1.4474286133639567e-13,1.4474286133639567e-13,0.0,0.0
Biomass_Herb,SE,SE_Bio_H2_CCS_99_Herb,SE_Bio_H2_CCS_99_Herb_biomass_edge,BECCSHydrogen{NaturalGas},UnidirectionalEdge{MacroEnergy.Biomass_Herb},1.3526721985698162e-13,1.3526721985698162e-13,0.0,0.0
Biomass_Herb,MIDAT,MIDAT_Bio_H2_CCS_99_Herb,MIDAT_Bio_H2_CCS_99_Herb_biomass_edge,BECCSHydrogen{NaturalGas},UnidirectionalEdge{MacroEnergy.Biomass_Herb},1.2870845590835692e-13,1.2870845590835692e-13,0.0,0.0
Biomass_Herb,NE,NE_Bio_H2_CCS_99_Herb,NE_Bio_H2_CCS_99_Herb_biomass_edge,BECCSHydrogen{NaturalGas},UnidirectionalEdge{MacroEnergy.Biomass_Herb},1.2419601007111856e-13,1.2419601007111856e-13,0.0,0.0
Biomass_Wood,CA,CA_Bio_H2_CCS_99_Wood,CA_Bio_H2_CCS_99_Wood_biomass_edge,BECCSHydrogen{NaturalGas},UnidirectionalEdge{MacroEnergy.Biomass_Wood},1.6384202314144774e-13,1.6384202314144774e-13,0.0,0.0
Biomass_Wood,NW,NW_Bio_H2_CCS_99_Wood,NW_Bio_H2_CCS_99_Wood_biomass_edge,BECCSHydrogen{NaturalGas},UnidirectionalEdge{MacroEnergy.Biomass_Wood},1.7453192497894806e-13,1.7453192497894806e-13,0.0,0.0
Biomass_Wood,SW,SW_Bio_H2_CCS_99_Wood,SW_Bio_H2_CCS_99_Wood_biomass_edge,BECCSHydrogen{NaturalGas},UnidirectionalEdge{MacroEnergy.Biomass_Wood},1.683205222125081e-13,1.683205222125081e-13,0.0,0.0
Biomass_Wood,TX,TX_Bio_H2_CCS_99_Wood,TX_Bio_H2_CCS_99_Wood_biomass_edge,BECCSHydrogen{NaturalGas},UnidirectionalEdge{MacroEnergy.Biomass_Wood},1.878501653612508e-13,1.878501653612508e-13,0.0,0.0
Biomass_Wood,NCEN,NCEN_Bio_H2_CCS_99_Wood,NCEN_Bio_H2_CCS_99_Wood_biomass_edge,BECCSHydrogen{NaturalGas},UnidirectionalEdge{MacroEnergy.Biomass_Wood},1.7797298920938288e-13,1.7797298920938288e-13,0.0,0.0
Biomass_Wood,CEN,CEN_Bio_H2_CCS_99_Wood,CEN_Bio_H2_CCS_99_Wood_biomass_edge,BECCSHydrogen{NaturalGas},UnidirectionalEdge{MacroEnergy.Biomass_Wood},1.8936302155170177e-13,1.8936302155170177e-13,0.0,0.0
Biomass_Wood,SE,SE_Bio_H2_CCS_99_Wood,SE_Bio_H2_CCS_99_Wood_biomass_edge,BECCSHydrogen{NaturalGas},UnidirectionalEdge{MacroEnergy.Biomass_Wood},1.7228573813116085e-13,1.7228573813116085e-13,0.0,0.0
Biomass_Wood,MIDAT,MIDAT_Bio_H2_CCS_99_Wood,MIDAT_Bio_H2_CCS_99_Wood_biomass_edge,BECCSHydrogen{NaturalGas},UnidirectionalEdge{MacroEnergy.Biomass_Wood},1.6052744726992438e-13,1.6052744726992438e-13,0.0,0.0
Biomass_Wood,NE,NE_Bio_H2_CCS_99_Wood,NE_Bio_H2_CCS_99_Wood_biomass_edge,BECCSHydrogen{NaturalGas},UnidirectionalEdge{MacroEnergy.Biomass_Wood},1.4846358671537517e-13,1.4846358671537517e-13,0.0,0.0
Biomass_Agri,CA,CA_Bio_H2_CCS_99_Agri,CA_Bio_H2_CCS_99_Agri_biomass_edge,BECCSHydrogen{NaturalGas},UnidirectionalEdge{MacroEnergy.Biomass_Agri},1.6718242306338509e-13,1.6718242306338509e-13,0.0,0.0
Biomass_Agri,NW,NW_Bio_H2_CCS_99_Agri,NW_Bio_H2_CCS_99_Agri_biomass_edge,BECCSHydrogen{NaturalGas},UnidirectionalEdge{MacroEnergy.Biomass_Agri},1.5984810688535013e-13,1.5984810688535013e-13,0.0,0.0
Biomass_Agri,SW,SW_Bio_H2_CCS_99_Agri,SW_Bio_H2_CCS_99_Agri_biomass_edge,BECCSHydrogen{NaturalGas},UnidirectionalEdge{MacroEnergy.Biomass_Agri},1.7372309454402489e-13,1.7372309454402489e-13,0.0,0.0
Biomass_Agri,TX,TX_Bio_H2_CCS_99_Agri,TX_Bio_H2_CCS_99_Agri_biomass_edge,BECCSHydrogen{NaturalGas},UnidirectionalEdge{MacroEnergy.Biomass_Agri},1.9092563596167002e-13,1.9092563596167002e-13,0.0,0.0
Biomass_Agri,NCEN,NCEN_Bio_H2_CCS_99_Agri,NCEN_Bio_H2_CCS_99_Agri_biomass_edge,BECCSHydrogen{NaturalGas},UnidirectionalEdge{MacroEnergy.Biomass_Agri},1.9534485100003816e-13,1.9534485100003816e-13,0.0,0.0
Biomass_Agri,CEN,CEN_Bio_H2_CCS_99_Agri,CEN_Bio_H2_CCS_99_Agri_biomass_edge,BECCSHydrogen{NaturalGas},UnidirectionalEdge{MacroEnergy.Biomass_Agri},1.8098975274820164e-13,1.8098975274820164e-13,0.0,0.0
Biomass_Agri,SE,SE_Bio_H2_CCS_99_Agri,SE_Bio_H2_CCS_99_Agri_biomass_edge,BECCSHydrogen{NaturalGas},UnidirectionalEdge{MacroEnergy.Biomass_Agri},1.6702070281532237e-13,1.6702070281532237e-13,0.0,0.0
Biomass_Agri,MIDAT,MIDAT_Bio_H2_CCS_99_Agri,MIDAT_Bio_H2_CCS_99_Agri_biomass_edge,BECCSHydrogen{NaturalGas},UnidirectionalEdge{MacroEnergy.Biomass_Agri},1.5149413111538156e-13,1.5149413111538156e-13,0.0,0.0
Biomass_Agri,NE,NE_Bio_H2_CCS_99_Agri,NE_Bio_H2_CCS_99_Agri_biomass_edge,BECCSHydrogen{NaturalGas},UnidirectionalEdge{MacroEnergy.Biomass_Agri},1.38890434231388e-13,1.38890434231388e-13,0.0,0.0
Biomass_Herb,CA,CA_Gasoline_Gasification_Non_CCS_Herb,CA_Gasoline_Gasification_Non_CCS_Herb_biomass_edge,BECCSLiquidFuels,UnidirectionalEdge{MacroEnergy.Biomass_Herb},0.0,0.0,0.0,0.0
Biomass_Herb,NW,NW_Gasoline_Gasification_Non_CCS_Herb,NW_Gasoline_Gasification_Non_CCS_Herb_biomass_edge,BECCSLiquidFuels,UnidirectionalEdge{MacroEnergy.Biomass_Herb},0.0,0.0,0.0,0.0
Biomass_Herb,SW,SW_Gasoline_Gasification_Non_CCS_Herb,SW_Gasoline_Gasification_Non_CCS_Herb_biomass_edge,BECCSLiquidFuels,UnidirectionalEdge{MacroEnergy.Biomass_Herb},0.0,0.0,0.0,0.0
Biomass_Herb,TX,TX_Gasoline_Gasification_Non_CCS_Herb,TX_Gasoline_Gasification_Non_CCS_Herb_biomass_edge,BECCSLiquidFuels,UnidirectionalEdge{MacroEnergy.Biomass_Herb},0.0,0.0,0.0,0.0
Biomass_Herb,NCEN,NCEN_Gasoline_Gasification_Non_CCS_Herb,NCEN_Gasoline_Gasification_Non_CCS_Herb_biomass_edge,BECCSLiquidFuels,UnidirectionalEdge{MacroEnergy.Biomass_Herb},0.0,0.0,0.0,0.0
Biomass_Herb,CEN,CEN_Gasoline_Gasification_Non_CCS_Herb,CEN_Gasoline_Gasification_Non_CCS_Herb_biomass_edge,BECCSLiquidFuels,UnidirectionalEdge{MacroEnergy.Biomass_Herb},0.0,0.0,0.0,0.0
Biomass_Herb,SE,SE_Gasoline_Gasification_Non_CCS_Herb,SE_Gasoline_Gasification_Non_CCS_Herb_biomass_edge,BECCSLiquidFuels,UnidirectionalEdge{MacroEnergy.Biomass_Herb},0.0,0.0,0.0,0.0
Biomass_Herb,MIDAT,MIDAT_Gasoline_Gasification_Non_CCS_Herb,MIDAT_Gasoline_Gasification_Non_CCS_Herb_biomass_edge,BECCSLiquidFuels,UnidirectionalEdge{MacroEnergy.Biomass_Herb},0.0,0.0,0.0,0.0
Biomass_Herb,NE,NE_Gasoline_Gasification_Non_CCS_Herb,NE_Gasoline_Gasification_Non_CCS_Herb_biomass_edge,BECCSLiquidFuels,UnidirectionalEdge{MacroEnergy.Biomass_Herb},0.0,0.0,0.0,0.0
Biomass_Wood,CA,CA_Gasoline_Gasification_Non_CCS_Wood,CA_Gasoline_Gasification_Non_CCS_Wood_biomass_edge,BECCSLiquidFuels,UnidirectionalEdge{MacroEnergy.Biomass_Wood},0.0,0.0,0.0,0.0
Biomass_Wood,NW,NW_Gasoline_Gasification_Non_CCS_Wood,NW_Gasoline_Gasification_Non_CCS_Wood_biomass_edge,BECCSLiquidFuels,UnidirectionalEdge{MacroEnergy.Biomass_Wood},0.0,0.0,0.0,0.0
Biomass_Wood,SW,SW_Gasoline_Gasification_Non_CCS_Wood,SW_Gasoline_Gasification_Non_CCS_Wood_biomass_edge,BECCSLiquidFuels,UnidirectionalEdge{MacroEnergy.Biomass_Wood},0.0,0.0,0.0,0.0
Biomass_Wood,TX,TX_Gasoline_Gasification_Non_CCS_Wood,TX_Gasoline_Gasification_Non_CCS_Wood_biomass_edge,BECCSLiquidFuels,UnidirectionalEdge{MacroEnergy.Biomass_Wood},0.0,0.0,0.0,0.0
Biomass_Wood,NCEN,NCEN_Gasoline_Gasification_Non_CCS_Wood,NCEN_Gasoline_Gasification_Non_CCS_Wood_biomass_edge,BECCSLiquidFuels,UnidirectionalEdge{MacroEnergy.Biomass_Wood},0.0,0.0,0.0,0.0
Biomass_Wood,CEN,CEN_Gasoline_Gasification_Non_CCS_Wood,CEN_Gasoline_Gasification_Non_CCS_Wood_biomass_edge,BECCSLiquidFuels,UnidirectionalEdge{MacroEnergy.Biomass_Wood},0.0,0.0,0.0,0.0
Biomass_Wood,SE,SE_Gasoline_Gasification_Non_CCS_Wood,SE_Gasoline_Gasification_Non_CCS_Wood_biomass_edge,BECCSLiquidFuels,UnidirectionalEdge{MacroEnergy.Biomass_Wood},0.0,0.0,0.0,0.0
Biomass_Wood,MIDAT,MIDAT_Gasoline_Gasification_Non_CCS_Wood,MIDAT_Gasoline_Gasification_Non_CCS_Wood_biomass_edge,BECCSLiquidFuels,UnidirectionalEdge{MacroEnergy.Biomass_Wood},0.0,0.0,0.0,0.0
Biomass_Wood,NE,NE_Gasoline_Gasification_Non_CCS_Wood,NE_Gasoline_Gasification_Non_CCS_Wood_biomass_edge,BECCSLiquidFuels,UnidirectionalEdge{MacroEnergy.Biomass_Wood},0.0,0.0,0.0,0.0
Biomass_Agri,CA,CA_Gasoline_Gasification_Non_CCS_Agri,CA_Gasoline_Gasification_Non_CCS_Agri_biomass_edge,BECCSLiquidFuels,UnidirectionalEdge{MacroEnergy.Biomass_Agri},0.0,0.0,0.0,0.0
Biomass_Agri,NW,NW_Gasoline_Gasification_Non_CCS_Agri,NW_Gasoline_Gasification_Non_CCS_Agri_biomass_edge,BECCSLiquidFuels,UnidirectionalEdge{MacroEnergy.Biomass_Agri},0.0,0.0,0.0,0.0
Biomass_Agri,SW,SW_Gasoline_Gasification_Non_CCS_Agri,SW_Gasoline_Gasification_Non_CCS_Agri_biomass_edge,BECCSLiquidFuels,UnidirectionalEdge{MacroEnergy.Biomass_Agri},0.0,0.0,0.0,0.0
Biomass_Agri,TX,TX_Gasoline_Gasification_Non_CCS_Agri,TX_Gasoline_Gasification_Non_CCS_Agri_biomass_edge,BECCSLiquidFuels,UnidirectionalEdge{MacroEnergy.Biomass_Agri},0.0,0.0,0.0,0.0
Biomass_Agri,NCEN,NCEN_Gasoline_Gasification_Non_CCS_Agri,NCEN_Gasoline_Gasification_Non_CCS_Agri_biomass_edge,BECCSLiquidFuels,UnidirectionalEdge{MacroEnergy.Biomass_Agri},0.0,0.0,0.0,0.0
Biomass_Agri,CEN,CEN_Gasoline_Gasification_Non_CCS_Agri,CEN_Gasoline_Gasification_Non_CCS_Agri_biomass_edge,BECCSLiquidFuels,UnidirectionalEdge{MacroEnergy.Biomass_Agri},0.0,0.0,0.0,0.0
Biomass_Agri,SE,SE_Gasoline_Gasification_Non_CCS_Agri,SE_Gasoline_Gasification_Non_CCS_Agri_biomass_edge,BECCSLiquidFuels,UnidirectionalEdge{MacroEnergy.Biomass_Agri},0.0,0.0,0.0,0.0
Biomass_Agri,MIDAT,MIDAT_Gasoline_Gasification_Non_CCS_Agri,MIDAT_Gasoline_Gasification_Non_CCS_Agri_biomass_edge,BECCSLiquidFuels,UnidirectionalEdge{MacroEnergy.Biomass_Agri},0.0,0.0,0.0,0.0
Biomass_Agri,NE,NE_Gasoline_Gasification_Non_CCS_Agri,NE_Gasoline_Gasification_Non_CCS_Agri_biomass_edge,BECCSLiquidFuels,UnidirectionalEdge{MacroEnergy.Biomass_Agri},0.0,0.0,0.0,0.0
Biomass_Herb,CA,CA_Gasoline_Gasification_CCS_31_Herb,CA_Gasoline_Gasification_CCS_31_Herb_biomass_edge,BECCSLiquidFuels,UnidirectionalEdge{MacroEnergy.Biomass_Herb},0.0,0.0,0.0,0.0
Biomass_Herb,NW,NW_Gasoline_Gasification_CCS_31_Herb,NW_Gasoline_Gasification_CCS_31_Herb_biomass_edge,BECCSLiquidFuels,UnidirectionalEdge{MacroEnergy.Biomass_Herb},0.0,0.0,0.0,0.0
Biomass_Herb,SW,SW_Gasoline_Gasification_CCS_31_Herb,SW_Gasoline_Gasification_CCS_31_Herb_biomass_edge,BECCSLiquidFuels,UnidirectionalEdge{MacroEnergy.Biomass_Herb},0.0,0.0,0.0,0.0
Biomass_Herb,TX,TX_Gasoline_Gasification_CCS_31_Herb,TX_Gasoline_Gasification_CCS_31_Herb_biomass_edge,BECCSLiquidFuels,UnidirectionalEdge{MacroEnergy.Biomass_Herb},0.0,0.0,0.0,0.0
Biomass_Herb,NCEN,NCEN_Gasoline_Gasification_CCS_31_Herb,NCEN_Gasoline_Gasification_CCS_31_Herb_biomass_edge,BECCSLiquidFuels,UnidirectionalEdge{MacroEnergy.Biomass_Herb},0.0,0.0,0.0,0.0
Biomass_Herb,CEN,CEN_Gasoline_Gasification_CCS_31_Herb,CEN_Gasoline_Gasification_CCS_31_Herb_biomass_edge,BECCSLiquidFuels,UnidirectionalEdge{MacroEnergy.Biomass_Herb},0.0,0.0,0.0,0.0
Biomass_Herb,SE,SE_Gasoline_Gasification_CCS_31_Herb,SE_Gasoline_Gasification_CCS_31_Herb_biomass_edge,BECCSLiquidFuels,UnidirectionalEdge{MacroEnergy.Biomass_Herb},0.0,0.0,0.0,0.0
Biomass_Herb,MIDAT,MIDAT_Gasoline_Gasification_CCS_31_Herb,MIDAT_Gasoline_Gasification_CCS_31_Herb_biomass_edge,BECCSLiquidFuels,UnidirectionalEdge{MacroEnergy.Biomass_Herb},0.0,0.0,0.0,0.0
Biomass_Herb,NE,NE_Gasoline_Gasification_CCS_31_Herb,NE_Gasoline_Gasification_CCS_31_Herb_biomass_edge,BECCSLiquidFuels,UnidirectionalEdge{MacroEnergy.Biomass_Herb},0.0,0.0,0.0,0.0
Biomass_Wood,CA,CA_Gasoline_Gasification_CCS_31_Wood,CA_Gasoline_Gasification_CCS_31_Wood_biomass_edge,BECCSLiquidFuels,UnidirectionalEdge{MacroEnergy.Biomass_Wood},0.0,0.0,0.0,0.0
Biomass_Wood,NW,NW_Gasoline_Gasification_CCS_31_Wood,NW_Gasoline_Gasification_CCS_31_Wood_biomass_edge,BECCSLiquidFuels,UnidirectionalEdge{MacroEnergy.Biomass_Wood},0.0,0.0,0.0,0.0
Biomass_Wood,SW,SW_Gasoline_Gasification_CCS_31_Wood,SW_Gasoline_Gasification_CCS_31_Wood_biomass_edge,BECCSLiquidFuels,UnidirectionalEdge{MacroEnergy.Biomass_Wood},0.0,0.0,0.0,0.0
Biomass_Wood,TX,TX_Gasoline_Gasification_CCS_31_Wood,TX_Gasoline_Gasification_CCS_31_Wood_biomass_edge,BECCSLiquidFuels,UnidirectionalEdge{MacroEnergy.Biomass_Wood},0.0,0.0,0.0,0.0
Biomass_Wood,NCEN,NCEN_Gasoline_Gasification_CCS_31_Wood,NCEN_Gasoline_Gasification_CCS_31_Wood_biomass_edge,BECCSLiquidFuels,UnidirectionalEdge{MacroEnergy.Biomass_Wood},0.0,0.0,0.0,0.0
Biomass_Wood,CEN,CEN_Gasoline_Gasification_CCS_31_Wood,CEN_Gasoline_Gasification_CCS_31_Wood_biomass_edge,BECCSLiquidFuels,UnidirectionalEdge{MacroEnergy.Biomass_Wood},0.0,0.0,0.0,0.0
Biomass_Wood,SE,SE_Gasoline_Gasification_CCS_31_Wood,SE_Gasoline_Gasification_CCS_31_Wood_biomass_edge,BECCSLiquidFuels,UnidirectionalEdge{MacroEnergy.Biomass_Wood},0.0,0.0,0.0,0.0
Biomass_Wood,MIDAT,MIDAT_Gasoline_Gasification_CCS_31_Wood,MIDAT_Gasoline_Gasification_CCS_31_Wood_biomass_edge,BECCSLiquidFuels,UnidirectionalEdge{MacroEnergy.Biomass_Wood},0.0,0.0,0.0,0.0
Biomass_Wood,NE,NE_Gasoline_Gasification_CCS_31_Wood,NE_Gasoline_Gasification_CCS_31_Wood_biomass_edge,BECCSLiquidFuels,UnidirectionalEdge{MacroEnergy.Biomass_Wood},0.0,0.0,0.0,0.0
Biomass_Agri,CA,CA_Gasoline_Gasification_CCS_31_Agri,CA_Gasoline_Gasification_CCS_31_Agri_biomass_edge,BECCSLiquidFuels,UnidirectionalEdge{MacroEnergy.Biomass_Agri},0.0,0.0,0.0,0.0
Biomass_Agri,NW,NW_Gasoline_Gasification_CCS_31_Agri,NW_Gasoline_Gasification_CCS_31_Agri_biomass_edge,BECCSLiquidFuels,UnidirectionalEdge{MacroEnergy.Biomass_Agri},0.0,0.0,0.0,0.0
Biomass_Agri,SW,SW_Gasoline_Gasification_CCS_31_Agri,SW_Gasoline_Gasification_CCS_31_Agri_biomass_edge,BECCSLiquidFuels,UnidirectionalEdge{MacroEnergy.Biomass_Agri},0.0,0.0,0.0,0.0
Biomass_Agri,TX,TX_Gasoline_Gasification_CCS_31_Agri,TX_Gasoline_Gasification_CCS_31_Agri_biomass_edge,BECCSLiquidFuels,UnidirectionalEdge{MacroEnergy.Biomass_Agri},0.0,0.0,0.0,0.0
Biomass_Agri,NCEN,NCEN_Gasoline_Gasification_CCS_31_Agri,NCEN_Gasoline_Gasification_CCS_31_Agri_biomass_edge,BECCSLiquidFuels,UnidirectionalEdge{MacroEnergy.Biomass_Agri},0.0,0.0,0.0,0.0
Biomass_Agri,CEN,CEN_Gasoline_Gasification_CCS_31_Agri,CEN_Gasoline_Gasification_CCS_31_Agri_biomass_edge,BECCSLiquidFuels,UnidirectionalEdge{MacroEnergy.Biomass_Agri},0.0,0.0,0.0,0.0
Biomass_Agri,SE,SE_Gasoline_Gasification_CCS_31_Agri,SE_Gasoline_Gasification_CCS_31_Agri_biomass_edge,BECCSLiquidFuels,UnidirectionalEdge{MacroEnergy.Biomass_Agri},0.0,0.0,0.0,0.0
Biomass_Agri,MIDAT,MIDAT_Gasoline_Gasification_CCS_31_Agri,MIDAT_Gasoline_Gasification_CCS_31_Agri_biomass_edge,BECCSLiquidFuels,UnidirectionalEdge{MacroEnergy.Biomass_Agri},0.0,0.0,0.0,0.0
Biomass_Agri,NE,NE_Gasoline_Gasification_CCS_31_Agri,NE_Gasoline_Gasification_CCS_31_Agri_biomass_edge,BECCSLiquidFuels,UnidirectionalEdge{MacroEnergy.Biomass_Agri},0.0,0.0,0.0,0.0
Biomass_Herb,CA,CA_Gasoline_Gasification_CCS_99_Herb,CA_Gasoline_Gasification_CCS_99_Herb_biomass_edge,BECCSLiquidFuels,UnidirectionalEdge{MacroEnergy.Biomass_Herb},0.0,0.0,0.0,0.0
Biomass_Herb,NW,NW_Gasoline_Gasification_CCS_99_Herb,NW_Gasoline_Gasification_CCS_99_Herb_biomass_edge,BECCSLiquidFuels,UnidirectionalEdge{MacroEnergy.Biomass_Herb},0.0,0.0,0.0,0.0
Biomass_Herb,SW,SW_Gasoline_Gasification_CCS_99_Herb,SW_Gasoline_Gasification_CCS_99_Herb_biomass_edge,BECCSLiquidFuels,UnidirectionalEdge{MacroEnergy.Biomass_Herb},0.0,0.0,0.0,0.0
Biomass_Herb,TX,TX_Gasoline_Gasification_CCS_99_Herb,TX_Gasoline_Gasification_CCS_99_Herb_biomass_edge,BECCSLiquidFuels,UnidirectionalEdge{MacroEnergy.Biomass_Herb},0.0,0.0,0.0,0.0
Biomass_Herb,NCEN,NCEN_Gasoline_Gasification_CCS_99_Herb,NCEN_Gasoline_Gasification_CCS_99_Herb_biomass_edge,BECCSLiquidFuels,UnidirectionalEdge{MacroEnergy.Biomass_Herb},0.0,0.0,0.0,0.0
Biomass_Herb,CEN,CEN_Gasoline_Gasification_CCS_99_Herb,CEN_Gasoline_Gasification_CCS_99_Herb_biomass_edge,BECCSLiquidFuels,UnidirectionalEdge{MacroEnergy.Biomass_Herb},0.0,0.0,0.0,0.0
Biomass_Herb,SE,SE_Gasoline_Gasification_CCS_99_Herb,SE_Gasoline_Gasification_CCS_99_Herb_biomass_edge,BECCSLiquidFuels,UnidirectionalEdge{MacroEnergy.Biomass_Herb},0.0,0.0,0.0,0.0
Biomass_Herb,MIDAT,MIDAT_Gasoline_Gasification_CCS_99_Herb,MIDAT_Gasoline_Gasification_CCS_99_Herb_biomass_edge,BECCSLiquidFuels,UnidirectionalEdge{MacroEnergy.Biomass_Herb},0.0,0.0,0.0,0.0
Biomass_Herb,NE,NE_Gasoline_Gasification_CCS_99_Herb,NE_Gasoline_Gasification_CCS_99_Herb_biomass_edge,BECCSLiquidFuels,UnidirectionalEdge{MacroEnergy.Biomass_Herb},0.0,0.0,0.0,0.0
Biomass_Wood,CA,CA_Gasoline_Gasification_CCS_99_Wood,CA_Gasoline_Gasification_CCS_99_Wood_biomass_edge,BECCSLiquidFuels,UnidirectionalEdge{MacroEnergy.Biomass_Wood},0.0,0.0,0.0,0.0
Biomass_Wood,NW,NW_Gasoline_Gasification_CCS_99_Wood,NW_Gasoline_Gasification_CCS_99_Wood_biomass_edge,BECCSLiquidFuels,UnidirectionalEdge{MacroEnergy.Biomass_Wood},0.0,0.0,0.0,0.0
Biomass_Wood,SW,SW_Gasoline_Gasification_CCS_99_Wood,SW_Gasoline_Gasification_CCS_99_Wood_biomass_edge,BECCSLiquidFuels,UnidirectionalEdge{MacroEnergy.Biomass_Wood},0.0,0.0,0.0,0.0
Biomass_Wood,TX,TX_Gasoline_Gasification_CCS_99_Wood,TX_Gasoline_Gasification_CCS_99_Wood_biomass_edge,BECCSLiquidFuels,UnidirectionalEdge{MacroEnergy.Biomass_Wood},0.0,0.0,0.0,0.0
Biomass_Wood,NCEN,NCEN_Gasoline_Gasification_CCS_99_Wood,NCEN_Gasoline_Gasification_CCS_99_Wood_biomass_edge,BECCSLiquidFuels,UnidirectionalEdge{MacroEnergy.Biomass_Wood},0.0,0.0,0.0,0.0
Biomass_Wood,CEN,CEN_Gasoline_Gasification_CCS_99_Wood,CEN_Gasoline_Gasification_CCS_99_Wood_biomass_edge,BECCSLiquidFuels,UnidirectionalEdge{MacroEnergy.Biomass_Wood},0.0,0.0,0.0,0.0
Biomass_Wood,SE,SE_Gasoline_Gasification_CCS_99_Wood,SE_Gasoline_Gasification_CCS_99_Wood_biomass_edge,BECCSLiquidFuels,UnidirectionalEdge{MacroEnergy.Biomass_Wood},0.0,0.0,0.0,0.0
Biomass_Wood,MIDAT,MIDAT_Gasoline_Gasification_CCS_99_Wood,MIDAT_Gasoline_Gasification_CCS_99_Wood_biomass_edge,BECCSLiquidFuels,UnidirectionalEdge{MacroEnergy.Biomass_Wood},0.0,0.0,0.0,0.0
Biomass_Wood,NE,NE_Gasoline_Gasification_CCS_99_Wood,NE_Gasoline_Gasification_CCS_99_Wood_biomass_edge,BECCSLiquidFuels,UnidirectionalEdge{MacroEnergy.Biomass_Wood},0.0,0.0,0.0,0.0
Biomass_Agri,CA,CA_Gasoline_Gasification_CCS_99_Agri,CA_Gasoline_Gasification_CCS_99_Agri_biomass_edge,BECCSLiquidFuels,UnidirectionalEdge{MacroEnergy.Biomass_Agri},0.0,0.0,0.0,0.0
Biomass_Agri,NW,NW_Gasoline_Gasification_CCS_99_Agri,NW_Gasoline_Gasification_CCS_99_Agri_biomass_edge,BECCSLiquidFuels,UnidirectionalEdge{MacroEnergy.Biomass_Agri},0.0,0.0,0.0,0.0
Biomass_Agri,SW,SW_Gasoline_Gasification_CCS_99_Agri,SW_Gasoline_Gasification_CCS_99_Agri_biomass_edge,BECCSLiquidFuels,UnidirectionalEdge{MacroEnergy.Biomass_Agri},0.0,0.0,0.0,0.0
Biomass_Agri,TX,TX_Gasoline_Gasification_CCS_99_Agri,TX_Gasoline_Gasification_CCS_99_Agri_biomass_edge,BECCSLiquidFuels,UnidirectionalEdge{MacroEnergy.Biomass_Agri},0.0,0.0,0.0,0.0
Biomass_Agri,NCEN,NCEN_Gasoline_Gasification_CCS_99_Agri,NCEN_Gasoline_Gasification_CCS_99_Agri_biomass_edge,BECCSLiquidFuels,UnidirectionalEdge{MacroEnergy.Biomass_Agri},0.0,0.0,0.0,0.0
Biomass_Agri,CEN,CEN_Gasoline_Gasification_CCS_99_Agri,CEN_Gasoline_Gasification_CCS_99_Agri_biomass_edge,BECCSLiquidFuels,UnidirectionalEdge{MacroEnergy.Biomass_Agri},0.0,0.0,0.0,0.0
Biomass_Agri,SE,SE_Gasoline_Gasification_CCS_99_Agri,SE_Gasoline_Gasification_CCS_99_Agri_biomass_edge,BECCSLiquidFuels,UnidirectionalEdge{MacroEnergy.Biomass_Agri},0.0,0.0,0.0,0.0
Biomass_Agri,MIDAT,MIDAT_Gasoline_Gasification_CCS_99_Agri,MIDAT_Gasoline_Gasification_CCS_99_Agri_biomass_edge,BECCSLiquidFuels,UnidirectionalEdge{MacroEnergy.Biomass_Agri},0.0,0.0,0.0,0.0
Biomass_Agri,NE,NE_Gasoline_Gasification_CCS_99_Agri,NE_Gasoline_Gasification_CCS_99_Agri_biomass_edge,BECCSLiquidFuels,UnidirectionalEdge{MacroEnergy.Biomass_Agri},0.0,0.0,0.0,0.0
Biomass_Herb,CA,CA_FT_High_Diesel_Non_CCS_Herb,CA_FT_High_Diesel_Non_CCS_Herb_biomass_edge,BECCSLiquidFuels,UnidirectionalEdge{MacroEnergy.Biomass_Herb},0.0,0.0,0.0,0.0
Biomass_Herb,NW,NW_FT_High_Diesel_Non_CCS_Herb,NW_FT_High_Diesel_Non_CCS_Herb_biomass_edge,BECCSLiquidFuels,UnidirectionalEdge{MacroEnergy.Biomass_Herb},0.0,0.0,0.0,0.0
Biomass_Herb,SW,SW_FT_High_Diesel_Non_CCS_Herb,SW_FT_High_Diesel_Non_CCS_Herb_biomass_edge,BECCSLiquidFuels,UnidirectionalEdge{MacroEnergy.Biomass_Herb},0.0,0.0,0.0,0.0
Biomass_Herb,TX,TX_FT_High_Diesel_Non_CCS_Herb,TX_FT_High_Diesel_Non_CCS_Herb_biomass_edge,BECCSLiquidFuels,UnidirectionalEdge{MacroEnergy.Biomass_Herb},0.0,0.0,0.0,0.0
Biomass_Herb,NCEN,NCEN_FT_High_Diesel_Non_CCS_Herb,NCEN_FT_High_Diesel_Non_CCS_Herb_biomass_edge,BECCSLiquidFuels,UnidirectionalEdge{MacroEnergy.Biomass_Herb},0.0,0.0,0.0,0.0
Biomass_Herb,CEN,CEN_FT_High_Diesel_Non_CCS_Herb,CEN_FT_High_Diesel_Non_CCS_Herb_biomass_edge,BECCSLiquidFuels,UnidirectionalEdge{MacroEnergy.Biomass_Herb},0.0,0.0,0.0,0.0
Biomass_Herb,SE,SE_FT_High_Diesel_Non_CCS_Herb,SE_FT_High_Diesel_Non_CCS_Herb_biomass_edge,BECCSLiquidFuels,UnidirectionalEdge{MacroEnergy.Biomass_Herb},0.0,0.0,0.0,0.0
Biomass_Herb,MIDAT,MIDAT_FT_High_Diesel_Non_CCS_Herb,MIDAT_FT_High_Diesel_Non_CCS_Herb_biomass_edge,BECCSLiquidFuels,UnidirectionalEdge{MacroEnergy.Biomass_Herb},0.0,0.0,0.0,0.0
Biomass_Herb,NE,NE_FT_High_Diesel_Non_CCS_Herb,NE_FT_High_Diesel_Non_CCS_Herb_biomass_edge,BECCSLiquidFuels,UnidirectionalEdge{MacroEnergy.Biomass_Herb},0.0,0.0,0.0,0.0
Biomass_Wood,CA,CA_FT_High_Diesel_Non_CCS_Wood,CA_FT_High_Diesel_Non_CCS_Wood_biomass_edge,BECCSLiquidFuels,UnidirectionalEdge{MacroEnergy.Biomass_Wood},0.0,0.0,0.0,0.0
Biomass_Wood,NW,NW_FT_High_Diesel_Non_CCS_Wood,NW_FT_High_Diesel_Non_CCS_Wood_biomass_edge,BECCSLiquidFuels,UnidirectionalEdge{MacroEnergy.Biomass_Wood},0.0,0.0,0.0,0.0
Biomass_Wood,SW,SW_FT_High_Diesel_Non_CCS_Wood,SW_FT_High_Diesel_Non_CCS_Wood_biomass_edge,BECCSLiquidFuels,UnidirectionalEdge{MacroEnergy.Biomass_Wood},0.0,0.0,0.0,0.0
Biomass_Wood,TX,TX_FT_High_Diesel_Non_CCS_Wood,TX_FT_High_Diesel_Non_CCS_Wood_biomass_edge,BECCSLiquidFuels,UnidirectionalEdge{MacroEnergy.Biomass_Wood},0.0,0.0,0.0,0.0
Biomass_Wood,NCEN,NCEN_FT_High_Diesel_Non_CCS_Wood,NCEN_FT_High_Diesel_Non_CCS_Wood_biomass_edge,BECCSLiquidFuels,UnidirectionalEdge{MacroEnergy.Biomass_Wood},0.0,0.0,0.0,0.0
Biomass_Wood,CEN,CEN_FT_High_Diesel_Non_CCS_Wood,CEN_FT_High_Diesel_Non_CCS_Wood_biomass_edge,BECCSLiquidFuels,UnidirectionalEdge{MacroEnergy.Biomass_Wood},0.0,0.0,0.0,0.0
Biomass_Wood,SE,SE_FT_High_Diesel_Non_CCS_Wood,SE_FT_High_Diesel_Non_CCS_Wood_biomass_edge,BECCSLiquidFuels,UnidirectionalEdge{MacroEnergy.Biomass_Wood},0.0,0.0,0.0,0.0
Biomass_Wood,MIDAT,MIDAT_FT_High_Diesel_Non_CCS_Wood,MIDAT_FT_High_Diesel_Non_CCS_Wood_biomass_edge,BECCSLiquidFuels,UnidirectionalEdge{MacroEnergy.Biomass_Wood},0.0,0.0,0.0,0.0
Biomass_Wood,NE,NE_FT_High_Diesel_Non_CCS_Wood,NE_FT_High_Diesel_Non_CCS_Wood_biomass_edge,BECCSLiquidFuels,UnidirectionalEdge{MacroEnergy.Biomass_Wood},0.0,0.0,0.0,0.0
Biomass_Agri,CA,CA_FT_High_Diesel_Agri,CA_FT_High_Diesel_Agri_biomass_edge,BECCSLiquidFuels,UnidirectionalEdge{MacroEnergy.Biomass_Agri},0.0,0.0,0.0,0.0
Biomass_Agri,NW,NW_FT_High_Diesel_Agri,NW_FT_High_Diesel_Agri_biomass_edge,BECCSLiquidFuels,UnidirectionalEdge{MacroEnergy.Biomass_Agri},0.0,0.0,0.0,0.0
Biomass_Agri,SW,SW_FT_High_Diesel_Agri,SW_FT_High_Diesel_Agri_biomass_edge,BECCSLiquidFuels,UnidirectionalEdge{MacroEnergy.Biomass_Agri},0.0,0.0,0.0,0.0
Biomass_Agri,TX,TX_FT_High_Diesel_Agri,TX_FT_High_Diesel_Agri_biomass_edge,BECCSLiquidFuels,UnidirectionalEdge{MacroEnergy.Biomass_Agri},0.0,0.0,0.0,0.0
Biomass_Agri,NCEN,NCEN_FT_High_Diesel_Agri,NCEN_FT_High_Diesel_Agri_biomass_edge,BECCSLiquidFuels,UnidirectionalEdge{MacroEnergy.Biomass_Agri},0.0,0.0,0.0,0.0
Biomass_Agri,CEN,CEN_FT_High_Diesel_Agri,CEN_FT_High_Diesel_Agri_biomass_edge,BECCSLiquidFuels,UnidirectionalEdge{MacroEnergy.Biomass_Agri},0.0,0.0,0.0,0.0
Biomass_Agri,SE,SE_FT_High_Diesel_Agri,SE_FT_High_Diesel_Agri_biomass_edge,BECCSLiquidFuels,UnidirectionalEdge{MacroEnergy.Biomass_Agri},0.0,0.0,0.0,0.0
Biomass_Agri,MIDAT,MIDAT_FT_High_Diesel_Agri,MIDAT_FT_High_Diesel_Agri_biomass_edge,BECCSLiquidFuels,UnidirectionalEdge{MacroEnergy.Biomass_Agri},0.0,0.0,0.0,0.0
Biomass_Agri,NE,NE_FT_High_Diesel_Agri,NE_FT_High_Diesel_Agri_biomass_edge,BECCSLiquidFuels,UnidirectionalEdge{MacroEnergy.Biomass_Agri},0.0,0.0,0.0,0.0
Biomass_Herb,CA,CA_FT_High_Diesel_CCS_53_Herb,CA_FT_High_Diesel_CCS_53_Herb_biomass_edge,BECCSLiquidFuels,UnidirectionalEdge{MacroEnergy.Biomass_Herb},0.0,0.0,0.0,0.0
Biomass_Herb,NW,NW_FT_High_Diesel_CCS_53_Herb,NW_FT_High_Diesel_CCS_53_Herb_biomass_edge,BECCSLiquidFuels,UnidirectionalEdge{MacroEnergy.Biomass_Herb},0.0,0.0,0.0,0.0
Biomass_Herb,SW,SW_FT_High_Diesel_CCS_53_Herb,SW_FT_High_Diesel_CCS_53_Herb_biomass_edge,BECCSLiquidFuels,UnidirectionalEdge{MacroEnergy.Biomass_Herb},0.0,0.0,0.0,0.0
Biomass_Herb,TX,TX_FT_High_Diesel_CCS_53_Herb,TX_FT_High_Diesel_CCS_53_Herb_biomass_edge,BECCSLiquidFuels,UnidirectionalEdge{MacroEnergy.Biomass_Herb},0.0,0.0,0.0,0.0
Biomass_Herb,NCEN,NCEN_FT_High_Diesel_CCS_53_Herb,NCEN_FT_High_Diesel_CCS_53_Herb_biomass_edge,BECCSLiquidFuels,UnidirectionalEdge{MacroEnergy.Biomass_Herb},0.0,0.0,0.0,0.0
Biomass_Herb,CEN,CEN_FT_High_Diesel_CCS_53_Herb,CEN_FT_High_Diesel_CCS_53_Herb_biomass_edge,BECCSLiquidFuels,UnidirectionalEdge{MacroEnergy.Biomass_Herb},0.0,0.0,0.0,0.0
Biomass_Herb,SE,SE_FT_High_Diesel_CCS_53_Herb,SE_FT_High_Diesel_CCS_53_Herb_biomass_edge,BECCSLiquidFuels,UnidirectionalEdge{MacroEnergy.Biomass_Herb},0.0,0.0,0.0,0.0
Biomass_Herb,MIDAT,MIDAT_FT_High_Diesel_CCS_53_Herb,MIDAT_FT_High_Diesel_CCS_53_Herb_biomass_edge,BECCSLiquidFuels,UnidirectionalEdge{MacroEnergy.Biomass_Herb},0.0,0.0,0.0,0.0
Biomass_Herb,NE,NE_FT_High_Diesel_CCS_53_Herb,NE_FT_High_Diesel_CCS_53_Herb_biomass_edge,BECCSLiquidFuels,UnidirectionalEdge{MacroEnergy.Biomass_Herb},0.0,0.0,0.0,0.0
Biomass_Wood,CA,CA_FT_High_Diesel_CCS_53_Wood,CA_FT_High_Diesel_CCS_53_Wood_biomass_edge,BECCSLiquidFuels,UnidirectionalEdge{MacroEnergy.Biomass_Wood},0.0,0.0,0.0,0.0
Biomass_Wood,NW,NW_FT_High_Diesel_CCS_53_Wood,NW_FT_High_Diesel_CCS_53_Wood_biomass_edge,BECCSLiquidFuels,UnidirectionalEdge{MacroEnergy.Biomass_Wood},0.0,0.0,0.0,0.0
Biomass_Wood,SW,SW_FT_High_Diesel_CCS_53_Wood,SW_FT_High_Diesel_CCS_53_Wood_biomass_edge,BECCSLiquidFuels,UnidirectionalEdge{MacroEnergy.Biomass_Wood},0.0,0.0,0.0,0.0
Biomass_Wood,TX,TX_FT_High_Diesel_CCS_53_Wood,TX_FT_High_Diesel_CCS_53_Wood_biomass_edge,BECCSLiquidFuels,UnidirectionalEdge{MacroEnergy.Biomass_Wood},0.0,0.0,0.0,0.0
Biomass_Wood,NCEN,NCEN_FT_High_Diesel_CCS_53_Wood,NCEN_FT_High_Diesel_CCS_53_Wood_biomass_edge,BECCSLiquidFuels,UnidirectionalEdge{MacroEnergy.Biomass_Wood},0.0,0.0,0.0,0.0
Biomass_Wood,CEN,CEN_FT_High_Diesel_CCS_53_Wood,CEN_FT_High_Diesel_CCS_53_Wood_biomass_edge,BECCSLiquidFuels,UnidirectionalEdge{MacroEnergy.Biomass_Wood},0.0,0.0,0.0,0.0
Biomass_Wood,SE,SE_FT_High_Diesel_CCS_53_Wood,SE_FT_High_Diesel_CCS_53_Wood_biomass_edge,BECCSLiquidFuels,UnidirectionalEdge{MacroEnergy.Biomass_Wood},0.0,0.0,0.0,0.0
Biomass_Wood,MIDAT,MIDAT_FT_High_Diesel_CCS_53_Wood,MIDAT_FT_High_Diesel_CCS_53_Wood_biomass_edge,BECCSLiquidFuels,UnidirectionalEdge{MacroEnergy.Biomass_Wood},0.0,0.0,0.0,0.0
Biomass_Wood,NE,NE_FT_High_Diesel_CCS_53_Wood,NE_FT_High_Diesel_CCS_53_Wood_biomass_edge,BECCSLiquidFuels,UnidirectionalEdge{MacroEnergy.Biomass_Wood},0.0,0.0,0.0,0.0
Biomass_Agri,CA,CA_FT_High_Diesel_CCS_53_Agri,CA_FT_High_Diesel_CCS_53_Agri_biomass_edge,BECCSLiquidFuels,UnidirectionalEdge{MacroEnergy.Biomass_Agri},0.0,0.0,0.0,0.0
Biomass_Agri,NW,NW_FT_High_Diesel_CCS_53_Agri,NW_FT_High_Diesel_CCS_53_Agri_biomass_edge,BECCSLiquidFuels,UnidirectionalEdge{MacroEnergy.Biomass_Agri},0.0,0.0,0.0,0.0
Biomass_Agri,SW,SW_FT_High_Diesel_CCS_53_Agri,SW_FT_High_Diesel_CCS_53_Agri_biomass_edge,BECCSLiquidFuels,UnidirectionalEdge{MacroEnergy.Biomass_Agri},0.0,0.0,0.0,0.0
Biomass_Agri,TX,TX_FT_High_Diesel_CCS_53_Agri,TX_FT_High_Diesel_CCS_53_Agri_biomass_edge,BECCSLiquidFuels,UnidirectionalEdge{MacroEnergy.Biomass_Agri},0.0,0.0,0.0,0.0
Biomass_Agri,NCEN,NCEN_FT_High_Diesel_CCS_53_Agri,NCEN_FT_High_Diesel_CCS_53_Agri_biomass_edge,BECCSLiquidFuels,UnidirectionalEdge{MacroEnergy.Biomass_Agri},0.0,0.0,0.0,0.0
Biomass_Agri,CEN,CEN_FT_High_Diesel_CCS_53_Agri,CEN_FT_High_Diesel_CCS_53_Agri_biomass_edge,BECCSLiquidFuels,UnidirectionalEdge{MacroEnergy.Biomass_Agri},0.0,0.0,0.0,0.0
Biomass_Agri,SE,SE_FT_High_Diesel_CCS_53_Agri,SE_FT_High_Diesel_CCS_53_Agri_biomass_edge,BECCSLiquidFuels,UnidirectionalEdge{MacroEnergy.Biomass_Agri},0.0,0.0,0.0,0.0
Biomass_Agri,MIDAT,MIDAT_FT_High_Diesel_CCS_53_Agri,MIDAT_FT_High_Diesel_CCS_53_Agri_biomass_edge,BECCSLiquidFuels,UnidirectionalEdge{MacroEnergy.Biomass_Agri},0.0,0.0,0.0,0.0
Biomass_Agri,NE,NE_FT_High_Diesel_CCS_53_Agri,NE_FT_High_Diesel_CCS_53_Agri_biomass_edge,BECCSLiquidFuels,UnidirectionalEdge{MacroEnergy.Biomass_Agri},0.0,0.0,0.0,0.0
Biomass_Herb,CA,CA_FT_High_Diesel_CCS_99_Herb,CA_FT_High_Diesel_CCS_99_Herb_biomass_edge,BECCSLiquidFuels,UnidirectionalEdge{MacroEnergy.Biomass_Herb},0.0,0.0,0.0,0.0
Biomass_Herb,NW,NW_FT_High_Diesel_CCS_99_Herb,NW_FT_High_Diesel_CCS_99_Herb_biomass_edge,BECCSLiquidFuels,UnidirectionalEdge{MacroEnergy.Biomass_Herb},0.0,0.0,0.0,0.0
Biomass_Herb,SW,SW_FT_High_Diesel_CCS_99_Herb,SW_FT_High_Diesel_CCS_99_Herb_biomass_edge,BECCSLiquidFuels,UnidirectionalEdge{MacroEnergy.Biomass_Herb},0.0,0.0,0.0,0.0
Biomass_Herb,TX,TX_FT_High_Diesel_CCS_99_Herb,TX_FT_High_Diesel_CCS_99_Herb_biomass_edge,BECCSLiquidFuels,UnidirectionalEdge{MacroEnergy.Biomass_Herb},0.0,0.0,0.0,0.0
Biomass_Herb,NCEN,NCEN_FT_High_Diesel_CCS_99_Herb,NCEN_FT_High_Diesel_CCS_99_Herb_biomass_edge,BECCSLiquidFuels,UnidirectionalEdge{MacroEnergy.Biomass_Herb},0.0,0.0,0.0,0.0
Biomass_Herb,CEN,CEN_FT_High_Diesel_CCS_99_Herb,CEN_FT_High_Diesel_CCS_99_Herb_biomass_edge,BECCSLiquidFuels,UnidirectionalEdge{MacroEnergy.Biomass_Herb},0.0,0.0,0.0,0.0
Biomass_Herb,SE,SE_FT_High_Diesel_CCS_99_Herb,SE_FT_High_Diesel_CCS_99_Herb_biomass_edge,BECCSLiquidFuels,UnidirectionalEdge{MacroEnergy.Biomass_Herb},0.0,0.0,0.0,0.0
Biomass_Herb,MIDAT,MIDAT_FT_High_Diesel_CCS_99_Herb,MIDAT_FT_High_Diesel_CCS_99_Herb_biomass_edge,BECCSLiquidFuels,UnidirectionalEdge{MacroEnergy.Biomass_Herb},0.0,0.0,0.0,0.0
Biomass_Herb,NE,NE_FT_High_Diesel_CCS_99_Herb,NE_FT_High_Diesel_CCS_99_Herb_biomass_edge,BECCSLiquidFuels,UnidirectionalEdge{MacroEnergy.Biomass_Herb},0.0,0.0,0.0,0.0
Biomass_Wood,CA,CA_FT_High_Diesel_CCS_99_Wood,CA_FT_High_Diesel_CCS_99_Wood_biomass_edge,BECCSLiquidFuels,UnidirectionalEdge{MacroEnergy.Biomass_Wood},0.0,0.0,0.0,0.0
Biomass_Wood,NW,NW_FT_High_Diesel_CCS_99_Wood,NW_FT_High_Diesel_CCS_99_Wood_biomass_edge,BECCSLiquidFuels,UnidirectionalEdge{MacroEnergy.Biomass_Wood},0.0,0.0,0.0,0.0
Biomass_Wood,SW,SW_FT_High_Diesel_CCS_99_Wood,SW_FT_High_Diesel_CCS_99_Wood_biomass_edge,BECCSLiquidFuels,UnidirectionalEdge{MacroEnergy.Biomass_Wood},0.0,0.0,0.0,0.0
Biomass_Wood,TX,TX_FT_High_Diesel_CCS_99_Wood,TX_FT_High_Diesel_CCS_99_Wood_biomass_edge,BECCSLiquidFuels,UnidirectionalEdge{MacroEnergy.Biomass_Wood},0.0,0.0,0.0,0.0
Biomass_Wood,NCEN,NCEN_FT_High_Diesel_CCS_99_Wood,NCEN_FT_High_Diesel_CCS_99_Wood_biomass_edge,BECCSLiquidFuels,UnidirectionalEdge{MacroEnergy.Biomass_Wood},0.0,0.0,0.0,0.0
Biomass_Wood,CEN,CEN_FT_High_Diesel_CCS_99_Wood,CEN_FT_High_Diesel_CCS_99_Wood_biomass_edge,BECCSLiquidFuels,UnidirectionalEdge{MacroEnergy.Biomass_Wood},0.0,0.0,0.0,0.0
Biomass_Wood,SE,SE_FT_High_Diesel_CCS_99_Wood,SE_FT_High_Diesel_CCS_99_Wood_biomass_edge,BECCSLiquidFuels,UnidirectionalEdge{MacroEnergy.Biomass_Wood},0.0,0.0,0.0,0.0
Biomass_Wood,MIDAT,MIDAT_FT_High_Diesel_CCS_99_Wood,MIDAT_FT_High_Diesel_CCS_99_Wood_biomass_edge,BECCSLiquidFuels,UnidirectionalEdge{MacroEnergy.Biomass_Wood},0.0,0.0,0.0,0.0
Biomass_Wood,NE,NE_FT_High_Diesel_CCS_99_Wood,NE_FT_High_Diesel_CCS_99_Wood_biomass_edge,BECCSLiquidFuels,UnidirectionalEdge{MacroEnergy.Biomass_Wood},0.0,0.0,0.0,0.0
Biomass_Agri,CA,CA_FT_High_Diesel_CCS_99_Agri,CA_FT_High_Diesel_CCS_99_Agri_biomass_edge,BECCSLiquidFuels,UnidirectionalEdge{MacroEnergy.Biomass_Agri},0.0,0.0,0.0,0.0
Biomass_Agri,NW,NW_FT_High_Diesel_CCS_99_Agri,NW_FT_High_Diesel_CCS_99_Agri_biomass_edge,BECCSLiquidFuels,UnidirectionalEdge{MacroEnergy.Biomass_Agri},0.0,0.0,0.0,0.0
Biomass_Agri,SW,SW_FT_High_Diesel_CCS_99_Agri,SW_FT_High_Diesel_CCS_99_Agri_biomass_edge,BECCSLiquidFuels,UnidirectionalEdge{MacroEnergy.Biomass_Agri},0.0,0.0,0.0,0.0
Biomass_Agri,TX,TX_FT_High_Diesel_CCS_99_Agri,TX_FT_High_Diesel_CCS_99_Agri_biomass_edge,BECCSLiquidFuels,UnidirectionalEdge{MacroEnergy.Biomass_Agri},0.0,0.0,0.0,0.0
Biomass_Agri,NCEN,NCEN_FT_High_Diesel_CCS_99_Agri,NCEN_FT_High_Diesel_CCS_99_Agri_biomass_edge,BECCSLiquidFuels,UnidirectionalEdge{MacroEnergy.Biomass_Agri},0.0,0.0,0.0,0.0
Biomass_Agri,CEN,CEN_FT_High_Diesel_CCS_99_Agri,CEN_FT_High_Diesel_CCS_99_Agri_biomass_edge,BECCSLiquidFuels,UnidirectionalEdge{MacroEnergy.Biomass_Agri},0.0,0.0,0.0,0.0
Biomass_Agri,SE,SE_FT_High_Diesel_CCS_99_Agri,SE_FT_High_Diesel_CCS_99_Agri_biomass_edge,BECCSLiquidFuels,UnidirectionalEdge{MacroEnergy.Biomass_Agri},0.0,0.0,0.0,0.0
Biomass_Agri,MIDAT,MIDAT_FT_High_Diesel_CCS_99_Agri,MIDAT_FT_High_Diesel_CCS_99_Agri_biomass_edge,BECCSLiquidFuels,UnidirectionalEdge{MacroEnergy.Biomass_Agri},0.0,0.0,0.0,0.0
Biomass_Agri,NE,NE_FT_High_Diesel_CCS_99_Agri,NE_FT_High_Diesel_CCS_99_Agri_biomass_edge,BECCSLiquidFuels,UnidirectionalEdge{MacroEnergy.Biomass_Agri},0.0,0.0,0.0,0.0
Biomass_Herb,CA,CA_FT_High_Jetfuel_CCS_75_Herb,CA_FT_High_Jetfuel_CCS_75_Herb_biomass_edge,BECCSLiquidFuels,UnidirectionalEdge{MacroEnergy.Biomass_Herb},0.0,0.0,0.0,0.0
Biomass_Herb,NW,NW_FT_High_Jetfuel_CCS_75_Herb,NW_FT_High_Jetfuel_CCS_75_Herb_biomass_edge,BECCSLiquidFuels,UnidirectionalEdge{MacroEnergy.Biomass_Herb},0.0,0.0,0.0,0.0
Biomass_Herb,SW,SW_FT_High_Jetfuel_CCS_75_Herb,SW_FT_High_Jetfuel_CCS_75_Herb_biomass_edge,BECCSLiquidFuels,UnidirectionalEdge{MacroEnergy.Biomass_Herb},0.0,0.0,0.0,0.0
Biomass_Herb,TX,TX_FT_High_Jetfuel_CCS_75_Herb,TX_FT_High_Jetfuel_CCS_75_Herb_biomass_edge,BECCSLiquidFuels,UnidirectionalEdge{MacroEnergy.Biomass_Herb},0.0,0.0,0.0,0.0
Biomass_Herb,NCEN,NCEN_FT_High_Jetfuel_CCS_75_Herb,NCEN_FT_High_Jetfuel_CCS_75_Herb_biomass_edge,BECCSLiquidFuels,UnidirectionalEdge{MacroEnergy.Biomass_Herb},0.0,0.0,0.0,0.0
Biomass_Herb,CEN,CEN_FT_High_Jetfuel_CCS_75_Herb,CEN_FT_High_Jetfuel_CCS_75_Herb_biomass_edge,BECCSLiquidFuels,UnidirectionalEdge{MacroEnergy.Biomass_Herb},0.0,0.0,0.0,0.0
Biomass_Herb,SE,SE_FT_High_Jetfuel_CCS_75_Herb,SE_FT_High_Jetfuel_CCS_75_Herb_biomass_edge,BECCSLiquidFuels,UnidirectionalEdge{MacroEnergy.Biomass_Herb},0.0,0.0,0.0,0.0
Biomass_Herb,MIDAT,MIDAT_FT_High_Jetfuel_CCS_75_Herb,MIDAT_FT_High_Jetfuel_CCS_75_Herb_biomass_edge,BECCSLiquidFuels,UnidirectionalEdge{MacroEnergy.Biomass_Herb},0.0,0.0,0.0,0.0
Biomass_Herb,NE,NE_FT_High_Jetfuel_CCS_75_Herb,NE_FT_High_Jetfuel_CCS_75_Herb_biomass_edge,BECCSLiquidFuels,UnidirectionalEdge{MacroEnergy.Biomass_Herb},0.0,0.0,0.0,0.0
Biomass_Wood,CA,CA_FT_High_Jetfuel_CCS_75_Wood,CA_FT_High_Jetfuel_CCS_75_Wood_biomass_edge,BECCSLiquidFuels,UnidirectionalEdge{MacroEnergy.Biomass_Wood},0.0,0.0,0.0,0.0
Biomass_Wood,NW,NW_FT_High_Jetfuel_CCS_75_Wood,NW_FT_High_Jetfuel_CCS_75_Wood_biomass_edge,BECCSLiquidFuels,UnidirectionalEdge{MacroEnergy.Biomass_Wood},0.0,0.0,0.0,0.0
Biomass_Wood,SW,SW_FT_High_Jetfuel_CCS_75_Wood,SW_FT_High_Jetfuel_CCS_75_Wood_biomass_edge,BECCSLiquidFuels,UnidirectionalEdge{MacroEnergy.Biomass_Wood},0.0,0.0,0.0,0.0
Biomass_Wood,TX,TX_FT_High_Jetfuel_CCS_75_Wood,TX_FT_High_Jetfuel_CCS_75_Wood_biomass_edge,BECCSLiquidFuels,UnidirectionalEdge{MacroEnergy.Biomass_Wood},0.0,0.0,0.0,0.0
Biomass_Wood,NCEN,NCEN_FT_High_Jetfuel_CCS_75_Wood,NCEN_FT_High_Jetfuel_CCS_75_Wood_biomass_edge,BECCSLiquidFuels,UnidirectionalEdge{MacroEnergy.Biomass_Wood},0.0,0.0,0.0,0.0
Biomass_Wood,CEN,CEN_FT_High_Jetfuel_CCS_75_Wood,CEN_FT_High_Jetfuel_CCS_75_Wood_biomass_edge,BECCSLiquidFuels,UnidirectionalEdge{MacroEnergy.Biomass_Wood},0.0,0.0,0.0,0.0
Biomass_Wood,SE,SE_FT_High_Jetfuel_CCS_75_Wood,SE_FT_High_Jetfuel_CCS_75_Wood_biomass_edge,BECCSLiquidFuels,UnidirectionalEdge{MacroEnergy.Biomass_Wood},0.0,0.0,0.0,0.0
Biomass_Wood,MIDAT,MIDAT_FT_High_Jetfuel_CCS_75_Wood,MIDAT_FT_High_Jetfuel_CCS_75_Wood_biomass_edge,BECCSLiquidFuels,UnidirectionalEdge{MacroEnergy.Biomass_Wood},0.0,0.0,0.0,0.0
Biomass_Wood,NE,NE_FT_High_Jetfuel_CCS_75_Wood,NE_FT_High_Jetfuel_CCS_75_Wood_biomass_edge,BECCSLiquidFuels,UnidirectionalEdge{MacroEnergy.Biomass_Wood},0.0,0.0,0.0,0.0
Biomass_Agri,CA,CA_FT_High_Jetfuel_CCS_75_Agri,CA_FT_High_Jetfuel_CCS_75_Agri_biomass_edge,BECCSLiquidFuels,UnidirectionalEdge{MacroEnergy.Biomass_Agri},0.0,0.0,0.0,0.0
Biomass_Agri,NW,NW_FT_High_Jetfuel_CCS_75_Agri,NW_FT_High_Jetfuel_CCS_75_Agri_biomass_edge,BECCSLiquidFuels,UnidirectionalEdge{MacroEnergy.Biomass_Agri},0.0,0.0,0.0,0.0
Biomass_Agri,SW,SW_FT_High_Jetfuel_CCS_75_Agri,SW_FT_High_Jetfuel_CCS_75_Agri_biomass_edge,BECCSLiquidFuels,UnidirectionalEdge{MacroEnergy.Biomass_Agri},0.0,0.0,0.0,0.0
Biomass_Agri,TX,TX_FT_High_Jetfuel_CCS_75_Agri,TX_FT_High_Jetfuel_CCS_75_Agri_biomass_edge,BECCSLiquidFuels,UnidirectionalEdge{MacroEnergy.Biomass_Agri},0.0,0.0,0.0,0.0
Biomass_Agri,NCEN,NCEN_FT_High_Jetfuel_CCS_75_Agri,NCEN_FT_High_Jetfuel_CCS_75_Agri_biomass_edge,BECCSLiquidFuels,UnidirectionalEdge{MacroEnergy.Biomass_Agri},0.0,0.0,0.0,0.0
Biomass_Agri,CEN,CEN_FT_High_Jetfuel_CCS_75_Agri,CEN_FT_High_Jetfuel_CCS_75_Agri_biomass_edge,BECCSLiquidFuels,UnidirectionalEdge{MacroEnergy.Biomass_Agri},0.0,0.0,0.0,0.0
Biomass_Agri,SE,SE_FT_High_Jetfuel_CCS_75_Agri,SE_FT_High_Jetfuel_CCS_75_Agri_biomass_edge,BECCSLiquidFuels,UnidirectionalEdge{MacroEnergy.Biomass_Agri},0.0,0.0,0.0,0.0
Biomass_Agri,MIDAT,MIDAT_FT_High_Jetfuel_CCS_75_Agri,MIDAT_FT_High_Jetfuel_CCS_75_Agri_biomass_edge,BECCSLiquidFuels,UnidirectionalEdge{MacroEnergy.Biomass_Agri},0.0,0.0,0.0,0.0
Biomass_Agri,NE,NE_FT_High_Jetfuel_CCS_75_Agri,NE_FT_High_Jetfuel_CCS_75_Agri_biomass_edge,BECCSLiquidFuels,UnidirectionalEdge{MacroEnergy.Biomass_Agri},0.0,0.0,0.0,0.0
Biomass_Herb,CA,CA_FT_High_Jetfuel_CCS_84_Herb,CA_FT_High_Jetfuel_CCS_84_Herb_biomass_edge,BECCSLiquidFuels,UnidirectionalEdge{MacroEnergy.Biomass_Herb},0.0,0.0,0.0,0.0
Biomass_Herb,NW,NW_FT_High_Jetfuel_CCS_84_Herb,NW_FT_High_Jetfuel_CCS_84_Herb_biomass_edge,BECCSLiquidFuels,UnidirectionalEdge{MacroEnergy.Biomass_Herb},0.0,0.0,0.0,0.0
Biomass_Herb,SW,SW_FT_High_Jetfuel_CCS_84_Herb,SW_FT_High_Jetfuel_CCS_84_Herb_biomass_edge,BECCSLiquidFuels,UnidirectionalEdge{MacroEnergy.Biomass_Herb},0.0,0.0,0.0,0.0
Biomass_Herb,TX,TX_FT_High_Jetfuel_CCS_84_Herb,TX_FT_High_Jetfuel_CCS_84_Herb_biomass_edge,BECCSLiquidFuels,UnidirectionalEdge{MacroEnergy.Biomass_Herb},0.0,0.0,0.0,0.0
Biomass_Herb,NCEN,NCEN_FT_High_Jetfuel_CCS_84_Herb,NCEN_FT_High_Jetfuel_CCS_84_Herb_biomass_edge,BECCSLiquidFuels,UnidirectionalEdge{MacroEnergy.Biomass_Herb},0.0,0.0,0.0,0.0
Biomass_Herb,CEN,CEN_FT_High_Jetfuel_CCS_84_Herb,CEN_FT_High_Jetfuel_CCS_84_Herb_biomass_edge,BECCSLiquidFuels,UnidirectionalEdge{MacroEnergy.Biomass_Herb},0.0,0.0,0.0,0.0
Biomass_Herb,SE,SE_FT_High_Jetfuel_CCS_84_Herb,SE_FT_High_Jetfuel_CCS_84_Herb_biomass_edge,BECCSLiquidFuels,UnidirectionalEdge{MacroEnergy.Biomass_Herb},0.0,0.0,0.0,0.0
Biomass_Herb,MIDAT,MIDAT_FT_High_Jetfuel_CCS_84_Herb,MIDAT_FT_High_Jetfuel_CCS_84_Herb_biomass_edge,BECCSLiquidFuels,UnidirectionalEdge{MacroEnergy.Biomass_Herb},0.0,0.0,0.0,0.0
Biomass_Herb,NE,NE_FT_High_Jetfuel_CCS_84_Herb,NE_FT_High_Jetfuel_CCS_84_Herb_biomass_edge,BECCSLiquidFuels,UnidirectionalEdge{MacroEnergy.Biomass_Herb},0.0,0.0,0.0,0.0
Biomass_Wood,CA,CA_FT_High_Jetfuel_CCS_84_Wood,CA_FT_High_Jetfuel_CCS_84_Wood_biomass_edge,BECCSLiquidFuels,UnidirectionalEdge{MacroEnergy.Biomass_Wood},0.0,0.0,0.0,0.0
Biomass_Wood,NW,NW_FT_High_Jetfuel_CCS_84_Wood,NW_FT_High_Jetfuel_CCS_84_Wood_biomass_edge,BECCSLiquidFuels,UnidirectionalEdge{MacroEnergy.Biomass_Wood},0.0,0.0,0.0,0.0
Biomass_Wood,SW,SW_FT_High_Jetfuel_CCS_84_Wood,SW_FT_High_Jetfuel_CCS_84_Wood_biomass_edge,BECCSLiquidFuels,UnidirectionalEdge{MacroEnergy.Biomass_Wood},0.0,0.0,0.0,0.0
Biomass_Wood,TX,TX_FT_High_Jetfuel_CCS_84_Wood,TX_FT_High_Jetfuel_CCS_84_Wood_biomass_edge,BECCSLiquidFuels,UnidirectionalEdge{MacroEnergy.Biomass_Wood},0.0,0.0,0.0,0.0
Biomass_Wood,NCEN,NCEN_FT_High_Jetfuel_CCS_84_Wood,NCEN_FT_High_Jetfuel_CCS_84_Wood_biomass_edge,BECCSLiquidFuels,UnidirectionalEdge{MacroEnergy.Biomass_Wood},0.0,0.0,0.0,0.0
Biomass_Wood,CEN,CEN_FT_High_Jetfuel_CCS_84_Wood,CEN_FT_High_Jetfuel_CCS_84_Wood_biomass_edge,BECCSLiquidFuels,UnidirectionalEdge{MacroEnergy.Biomass_Wood},0.0,0.0,0.0,0.0
Biomass_Wood,SE,SE_FT_High_Jetfuel_CCS_84_Wood,SE_FT_High_Jetfuel_CCS_84_Wood_biomass_edge,BECCSLiquidFuels,UnidirectionalEdge{MacroEnergy.Biomass_Wood},0.0,0.0,0.0,0.0
Biomass_Wood,MIDAT,MIDAT_FT_High_Jetfuel_CCS_84_Wood,MIDAT_FT_High_Jetfuel_CCS_84_Wood_biomass_edge,BECCSLiquidFuels,UnidirectionalEdge{MacroEnergy.Biomass_Wood},0.0,0.0,0.0,0.0
Biomass_Wood,NE,NE_FT_High_Jetfuel_CCS_84_Wood,NE_FT_High_Jetfuel_CCS_84_Wood_biomass_edge,BECCSLiquidFuels,UnidirectionalEdge{MacroEnergy.Biomass_Wood},0.0,0.0,0.0,0.0
Biomass_Agri,CA,CA_FT_High_Jetfuel_CCS_84_Agri,CA_FT_High_Jetfuel_CCS_84_Agri_biomass_edge,BECCSLiquidFuels,UnidirectionalEdge{MacroEnergy.Biomass_Agri},0.0,0.0,0.0,0.0
Biomass_Agri,NW,NW_FT_High_Jetfuel_CCS_84_Agri,NW_FT_High_Jetfuel_CCS_84_Agri_biomass_edge,BECCSLiquidFuels,UnidirectionalEdge{MacroEnergy.Biomass_Agri},0.0,0.0,0.0,0.0
Biomass_Agri,SW,SW_FT_High_Jetfuel_CCS_84_Agri,SW_FT_High_Jetfuel_CCS_84_Agri_biomass_edge,BECCSLiquidFuels,UnidirectionalEdge{MacroEnergy.Biomass_Agri},0.0,0.0,0.0,0.0
Biomass_Agri,TX,TX_FT_High_Jetfuel_CCS_84_Agri,TX_FT_High_Jetfuel_CCS_84_Agri_biomass_edge,BECCSLiquidFuels,UnidirectionalEdge{MacroEnergy.Biomass_Agri},0.0,0.0,0.0,0.0
Biomass_Agri,NCEN,NCEN_FT_High_Jetfuel_CCS_84_Agri,NCEN_FT_High_Jetfuel_CCS_84_Agri_biomass_edge,BECCSLiquidFuels,UnidirectionalEdge{MacroEnergy.Biomass_Agri},0.0,0.0,0.0,0.0
Biomass_Agri,CEN,CEN_FT_High_Jetfuel_CCS_84_Agri,CEN_FT_High_Jetfuel_CCS_84_Agri_biomass_edge,BECCSLiquidFuels,UnidirectionalEdge{MacroEnergy.Biomass_Agri},0.0,0.0,0.0,0.0
Biomass_Agri,SE,SE_FT_High_Jetfuel_CCS_84_Agri,SE_FT_High_Jetfuel_CCS_84_Agri_biomass_edge,BECCSLiquidFuels,UnidirectionalEdge{MacroEnergy.Biomass_Agri},0.0,0.0,0.0,0.0
Biomass_Agri,MIDAT,MIDAT_FT_High_Jetfuel_CCS_84_Agri,MIDAT_FT_High_Jetfuel_CCS_84_Agri_biomass_edge,BECCSLiquidFuels,UnidirectionalEdge{MacroEnergy.Biomass_Agri},0.0,0.0,0.0,0.0
Biomass_Agri,NE,NE_FT_High_Jetfuel_CCS_84_Agri,NE_FT_High_Jetfuel_CCS_84_Agri_biomass_edge,BECCSLiquidFuels,UnidirectionalEdge{MacroEnergy.Biomass_Agri},0.0,0.0,0.0,0.0
Biomass_Herb,CA,CA_FT_High_Jetfuel_CCS_99_Herb,CA_FT_High_Jetfuel_CCS_99_Herb_biomass_edge,BECCSLiquidFuels,UnidirectionalEdge{MacroEnergy.Biomass_Herb},0.0,0.0,0.0,0.0
Biomass_Herb,NW,NW_FT_High_Jetfuel_CCS_99_Herb,NW_FT_High_Jetfuel_CCS_99_Herb_biomass_edge,BECCSLiquidFuels,UnidirectionalEdge{MacroEnergy.Biomass_Herb},0.0,0.0,0.0,0.0
Biomass_Herb,SW,SW_FT_High_Jetfuel_CCS_99_Herb,SW_FT_High_Jetfuel_CCS_99_Herb_biomass_edge,BECCSLiquidFuels,UnidirectionalEdge{MacroEnergy.Biomass_Herb},0.0,0.0,0.0,0.0
Biomass_Herb,TX,TX_FT_High_Jetfuel_CCS_99_Herb,TX_FT_High_Jetfuel_CCS_99_Herb_biomass_edge,BECCSLiquidFuels,UnidirectionalEdge{MacroEnergy.Biomass_Herb},0.0,0.0,0.0,0.0
Biomass_Herb,NCEN,NCEN_FT_High_Jetfuel_CCS_99_Herb,NCEN_FT_High_Jetfuel_CCS_99_Herb_biomass_edge,BECCSLiquidFuels,UnidirectionalEdge{MacroEnergy.Biomass_Herb},0.0,0.0,0.0,0.0
Biomass_Herb,CEN,CEN_FT_High_Jetfuel_CCS_99_Herb,CEN_FT_High_Jetfuel_CCS_99_Herb_biomass_edge,BECCSLiquidFuels,UnidirectionalEdge{MacroEnergy.Biomass_Herb},0.0,0.0,0.0,0.0
Biomass_Herb,SE,SE_FT_High_Jetfuel_CCS_99_Herb,SE_FT_High_Jetfuel_CCS_99_Herb_biomass_edge,BECCSLiquidFuels,UnidirectionalEdge{MacroEnergy.Biomass_Herb},0.0,0.0,0.0,0.0
Biomass_Herb,MIDAT,MIDAT_FT_High_Jetfuel_CCS_99_Herb,MIDAT_FT_High_Jetfuel_CCS_99_Herb_biomass_edge,BECCSLiquidFuels,UnidirectionalEdge{MacroEnergy.Biomass_Herb},0.0,0.0,0.0,0.0
Biomass_Herb,NE,NE_FT_High_Jetfuel_CCS_99_Herb,NE_FT_High_Jetfuel_CCS_99_Herb_biomass_edge,BECCSLiquidFuels,UnidirectionalEdge{MacroEnergy.Biomass_Herb},0.0,0.0,0.0,0.0
Biomass_Wood,CA,CA_FT_High_Jetfuel_CCS_99_Wood,CA_FT_High_Jetfuel_CCS_99_Wood_biomass_edge,BECCSLiquidFuels,UnidirectionalEdge{MacroEnergy.Biomass_Wood},0.0,0.0,0.0,0.0
Biomass_Wood,NW,NW_FT_High_Jetfuel_CCS_99_Wood,NW_FT_High_Jetfuel_CCS_99_Wood_biomass_edge,BECCSLiquidFuels,UnidirectionalEdge{MacroEnergy.Biomass_Wood},0.0,0.0,0.0,0.0
Biomass_Wood,SW,SW_FT_High_Jetfuel_CCS_99_Wood,SW_FT_High_Jetfuel_CCS_99_Wood_biomass_edge,BECCSLiquidFuels,UnidirectionalEdge{MacroEnergy.Biomass_Wood},0.0,0.0,0.0,0.0
Biomass_Wood,TX,TX_FT_High_Jetfuel_CCS_99_Wood,TX_FT_High_Jetfuel_CCS_99_Wood_biomass_edge,BECCSLiquidFuels,UnidirectionalEdge{MacroEnergy.Biomass_Wood},0.0,0.0,0.0,0.0
Biomass_Wood,NCEN,NCEN_FT_High_Jetfuel_CCS_99_Wood,NCEN_FT_High_Jetfuel_CCS_99_Wood_biomass_edge,BECCSLiquidFuels,UnidirectionalEdge{MacroEnergy.Biomass_Wood},0.0,0.0,0.0,0.0
Biomass_Wood,CEN,CEN_FT_High_Jetfuel_CCS_99_Wood,CEN_FT_High_Jetfuel_CCS_99_Wood_biomass_edge,BECCSLiquidFuels,UnidirectionalEdge{MacroEnergy.Biomass_Wood},0.0,0.0,0.0,0.0
Biomass_Wood,SE,SE_FT_High_Jetfuel_CCS_99_Wood,SE_FT_High_Jetfuel_CCS_99_Wood_biomass_edge,BECCSLiquidFuels,UnidirectionalEdge{MacroEnergy.Biomass_Wood},0.0,0.0,0.0,0.0
Biomass_Wood,MIDAT,MIDAT_FT_High_Jetfuel_CCS_99_Wood,MIDAT_FT_High_Jetfuel_CCS_99_Wood_biomass_edge,BECCSLiquidFuels,UnidirectionalEdge{MacroEnergy.Biomass_Wood},0.0,0.0,0.0,0.0
Biomass_Wood,NE,NE_FT_High_Jetfuel_CCS_99_Wood,NE_FT_High_Jetfuel_CCS_99_Wood_biomass_edge,BECCSLiquidFuels,UnidirectionalEdge{MacroEnergy.Biomass_Wood},0.0,0.0,0.0,0.0
Biomass_Agri,CA,CA_FT_High_Jetfuel_CCS_99_Agri,CA_FT_High_Jetfuel_CCS_99_Agri_biomass_edge,BECCSLiquidFuels,UnidirectionalEdge{MacroEnergy.Biomass_Agri},0.0,0.0,0.0,0.0
Biomass_Agri,NW,NW_FT_High_Jetfuel_CCS_99_Agri,NW_FT_High_Jetfuel_CCS_99_Agri_biomass_edge,BECCSLiquidFuels,UnidirectionalEdge{MacroEnergy.Biomass_Agri},0.0,0.0,0.0,0.0
Biomass_Agri,SW,SW_FT_High_Jetfuel_CCS_99_Agri,SW_FT_High_Jetfuel_CCS_99_Agri_biomass_edge,BECCSLiquidFuels,UnidirectionalEdge{MacroEnergy.Biomass_Agri},0.0,0.0,0.0,0.0
Biomass_Agri,TX,TX_FT_High_Jetfuel_CCS_99_Agri,TX_FT_High_Jetfuel_CCS_99_Agri_biomass_edge,BECCSLiquidFuels,UnidirectionalEdge{MacroEnergy.Biomass_Agri},0.0,0.0,0.0,0.0
Biomass_Agri,NCEN,NCEN_FT_High_Jetfuel_CCS_99_Agri,NCEN_FT_High_Jetfuel_CCS_99_Agri_biomass_edge,BECCSLiquidFuels,UnidirectionalEdge{MacroEnergy.Biomass_Agri},0.0,0.0,0.0,0.0
Biomass_Agri,CEN,CEN_FT_High_Jetfuel_CCS_99_Agri,CEN_FT_High_Jetfuel_CCS_99_Agri_biomass_edge,BECCSLiquidFuels,UnidirectionalEdge{MacroEnergy.Biomass_Agri},0.0,0.0,0.0,0.0
Biomass_Agri,SE,SE_FT_High_Jetfuel_CCS_99_Agri,SE_FT_High_Jetfuel_CCS_99_Agri_biomass_edge,BECCSLiquidFuels,UnidirectionalEdge{MacroEnergy.Biomass_Agri},0.0,0.0,0.0,0.0
Biomass_Agri,MIDAT,MIDAT_FT_High_Jetfuel_CCS_99_Agri,MIDAT_FT_High_Jetfuel_CCS_99_Agri_biomass_edge,BECCSLiquidFuels,UnidirectionalEdge{MacroEnergy.Biomass_Agri},0.0,0.0,0.0,0.0
Biomass_Agri,NE,NE_FT_High_Jetfuel_CCS_99_Agri,NE_FT_High_Jetfuel_CCS_99_Agri_biomass_edge,BECCSLiquidFuels,UnidirectionalEdge{MacroEnergy.Biomass_Agri},0.0,0.0,0.0,0.0
Biomass_Herb,CA,CA_Bio_NG_Herb,CA_Bio_NG_Herb_biomass_edge,BECCSNaturalGas,UnidirectionalEdge{MacroEnergy.Biomass_Herb},4.043119493485527e-13,4.043119493485527e-13,0.0,0.0
Biomass_Herb,NW,NW_Bio_NG_Herb,NW_Bio_NG_Herb_biomass_edge,BECCSNaturalGas,UnidirectionalEdge{MacroEnergy.Biomass_Herb},2.1416335029638217e-13,2.1416335029638217e-13,0.0,0.0
Biomass_Herb,SW,SW_Bio_NG_Herb,SW_Bio_NG_Herb_biomass_edge,BECCSNaturalGas,UnidirectionalEdge{MacroEnergy.Biomass_Herb},2.0069011881098306e-13,2.0069011881098306e-13,0.0,0.0
Biomass_Herb,TX,TX_Bio_NG_Herb,TX_Bio_NG_Herb_biomass_edge,BECCSNaturalGas,UnidirectionalEdge{MacroEnergy.Biomass_Herb},1.9216292819549113e-13,1.9216292819549113e-13,0.0,0.0
Biomass_Herb,NCEN,NCEN_Bio_NG_Herb,NCEN_Bio_NG_Herb_biomass_edge,BECCSNaturalGas,UnidirectionalEdge{MacroEnergy.Biomass_Herb},1.9454747179817486e-13,1.9454747179817486e-13,0.0,0.0
Biomass_Herb,CEN,CEN_Bio_NG_Herb,CEN_Bio_NG_Herb_biomass_edge,BECCSNaturalGas,UnidirectionalEdge{MacroEnergy.Biomass_Herb},1.9136432365032536e-13,1.9136432365032536e-13,0.0,0.0
Biomass_Herb,SE,SE_Bio_NG_Herb,SE_Bio_NG_Herb_biomass_edge,BECCSNaturalGas,UnidirectionalEdge{MacroEnergy.Biomass_Herb},1.9387004835395369e-13,1.9387004835395369e-13,0.0,0.0
Biomass_Herb,MIDAT,MIDAT_Bio_NG_Herb,MIDAT_Bio_NG_Herb_biomass_edge,BECCSNaturalGas,UnidirectionalEdge{MacroEnergy.Biomass_Herb},1.9571346669926655e-13,1.9571346669926655e-13,0.0,0.0
Biomass_Herb,NE,NE_Bio_NG_Herb,NE_Bio_NG_Herb_biomass_edge,BECCSNaturalGas,UnidirectionalEdge{MacroEnergy.Biomass_Herb},2.0850873708953824e-13,2.0850873708953824e-13,0.0,0.0
Biomass_Wood,CA,CA_Bio_NG_Wood,CA_Bio_NG_Wood_biomass_edge,BECCSNaturalGas,UnidirectionalEdge{MacroEnergy.Biomass_Wood},2.7566103086398983e-13,2.7566103086398983e-13,0.0,0.0
Biomass_Wood,NW,NW_Bio_NG_Wood,NW_Bio_NG_Wood_biomass_edge,BECCSNaturalGas,UnidirectionalEdge{MacroEnergy.Biomass_Wood},2.861510045125426e-13,2.861510045125426e-13,0.0,0.0
Biomass_Wood,SW,SW_Bio_NG_Wood,SW_Bio_NG_Wood_biomass_edge,BECCSNaturalGas,UnidirectionalEdge{MacroEnergy.Biomass_Wood},2.887397590532762e-13,2.887397590532762e-13,0.0,0.0
Biomass_Wood,TX,TX_Bio_NG_Wood,TX_Bio_NG_Wood_biomass_edge,BECCSNaturalGas,UnidirectionalEdge{MacroEnergy.Biomass_Wood},2.657621027780302e-13,2.657621027780302e-13,0.0,0.0
Biomass_Wood,NCEN,NCEN_Bio_NG_Wood,NCEN_Bio_NG_Wood_biomass_edge,BECCSNaturalGas,UnidirectionalEdge{MacroEnergy.Biomass_Wood},2.8465565570553203e-13,2.8465565570553203e-13,0.0,0.0
Biomass_Wood,CEN,CEN_Bio_NG_Wood,CEN_Bio_NG_Wood_biomass_edge,BECCSNaturalGas,UnidirectionalEdge{MacroEnergy.Biomass_Wood},2.853215369363644e-13,2.853215369363644e-13,0.0,0.0
Biomass_Wood,SE,SE_Bio_NG_Wood,SE_Bio_NG_Wood_biomass_edge,BECCSNaturalGas,UnidirectionalEdge{MacroEnergy.Biomass_Wood},2.8887537477858786e-13,2.8887537477858786e-13,0.0,0.0
Biomass_Wood,MIDAT,MIDAT_Bio_NG_Wood,MIDAT_Bio_NG_Wood_biomass_edge,BECCSNaturalGas,UnidirectionalEdge{MacroEnergy.Biomass_Wood},2.8534228388690556e-13,2.8534228388690556e-13,0.0,0.0
Biomass_Wood,NE,NE_Bio_NG_Wood,NE_Bio_NG_Wood_biomass_edge,BECCSNaturalGas,UnidirectionalEdge{MacroEnergy.Biomass_Wood},2.984316681521612e-13,2.984316681521612e-13,0.0,0.0
Biomass_Agri,CA,CA_Bio_NG_Agri,CA_Bio_NG_Agri_biomass_edge,BECCSNaturalGas,UnidirectionalEdge{MacroEnergy.Biomass_Agri},2.777903579789555e-13,2.777903579789555e-13,0.0,0.0
Biomass_Agri,NW,NW_Bio_NG_Agri,NW_Bio_NG_Agri_biomass_edge,BECCSNaturalGas,UnidirectionalEdge{MacroEnergy.Biomass_Agri},2.355606362919486e-13,2.355606362919486e-13,0.0,0.0
Biomass_Agri,SW,SW_Bio_NG_Agri,SW_Bio_NG_Agri_biomass_edge,BECCSNaturalGas,UnidirectionalEdge{MacroEnergy.Biomass_Agri},2.834625637359108e-13,2.834625637359108e-13,0.0,0.0
Biomass_Agri,TX,TX_Bio_NG_Agri,TX_Bio_NG_Agri_biomass_edge,BECCSNaturalGas,UnidirectionalEdge{MacroEnergy.Biomass_Agri},2.6246196136978047e-13,2.6246196136978047e-13,0.0,0.0
Biomass_Agri,NCEN,NCEN_Bio_NG_Agri,NCEN_Bio_NG_Agri_biomass_edge,BECCSNaturalGas,UnidirectionalEdge{MacroEnergy.Biomass_Agri},3.286056448359131e-13,3.286056448359131e-13,0.0,0.0
Biomass_Agri,CEN,CEN_Bio_NG_Agri,CEN_Bio_NG_Agri_biomass_edge,BECCSNaturalGas,UnidirectionalEdge{MacroEnergy.Biomass_Agri},2.5916050009906555e-13,2.5916050009906555e-13,0.0,0.0
Biomass_Agri,SE,SE_Bio_NG_Agri,SE_Bio_NG_Agri_biomass_edge,BECCSNaturalGas,UnidirectionalEdge{MacroEnergy.Biomass_Agri},2.652270303655486e-13,2.652270303655486e-13,0.0,0.0
Biomass_Agri,MIDAT,MIDAT_Bio_NG_Agri,MIDAT_Bio_NG_Agri_biomass_edge,BECCSNaturalGas,UnidirectionalEdge{MacroEnergy.Biomass_Agri},2.595890228861193e-13,2.595890228861193e-13,0.0,0.0
Biomass_Agri,NE,NE_Bio_NG_Agri,NE_Bio_NG_Agri_biomass_edge,BECCSNaturalGas,UnidirectionalEdge{MacroEnergy.Biomass_Agri},2.4876259367892055e-13,2.4876259367892055e-13,0.0,0.0
Biomass_Herb,CA,CA_Bio_NG_CCS_40_Herb,CA_Bio_NG_CCS_40_Herb_biomass_edge,BECCSNaturalGas,UnidirectionalEdge{MacroEnergy.Biomass_Herb},3.7363971142062285e-13,3.7363971142062285e-13,0.0,0.0
Biomass_Herb,NW,NW_Bio_NG_CCS_40_Herb,NW_Bio_NG_CCS_40_Herb_biomass_edge,BECCSNaturalGas,UnidirectionalEdge{MacroEnergy.Biomass_Herb},1.9847250329892905e-13,1.9847250329892905e-13,0.0,0.0
Biomass_Herb,SW,SW_Bio_NG_CCS_40_Herb,SW_Bio_NG_CCS_40_Herb_biomass_edge,BECCSNaturalGas,UnidirectionalEdge{MacroEnergy.Biomass_Herb},1.8411898500944445e-13,1.8411898500944445e-13,0.0,0.0
Biomass_Herb,TX,TX_Bio_NG_CCS_40_Herb,TX_Bio_NG_CCS_40_Herb_biomass_edge,BECCSNaturalGas,UnidirectionalEdge{MacroEnergy.Biomass_Herb},1.7302006111879502e-13,1.7302006111879502e-13,0.0,0.0
Biomass_Herb,NCEN,NCEN_Bio_NG_CCS_40_Herb,NCEN_Bio_NG_CCS_40_Herb_biomass_edge,BECCSNaturalGas,UnidirectionalEdge{MacroEnergy.Biomass_Herb},1.6988852202442833e-13,1.6988852202442833e-13,0.0,0.0
Biomass_Herb,CEN,CEN_Bio_NG_CCS_40_Herb,CEN_Bio_NG_CCS_40_Herb_biomass_edge,BECCSNaturalGas,UnidirectionalEdge{MacroEnergy.Biomass_Herb},1.7098997546923582e-13,1.7098997546923582e-13,0.0,0.0
Biomass_Herb,SE,SE_Bio_NG_CCS_40_Herb,SE_Bio_NG_CCS_40_Herb_biomass_edge,BECCSNaturalGas,UnidirectionalEdge{MacroEnergy.Biomass_Herb},1.6776862533493526e-13,1.6776862533493526e-13,0.0,0.0
Biomass_Herb,MIDAT,MIDAT_Bio_NG_CCS_40_Herb,MIDAT_Bio_NG_CCS_40_Herb_biomass_edge,BECCSNaturalGas,UnidirectionalEdge{MacroEnergy.Biomass_Herb},1.6626350889105678e-13,1.6626350889105678e-13,0.0,0.0
Biomass_Herb,NE,NE_Bio_NG_CCS_40_Herb,NE_Bio_NG_CCS_40_Herb_biomass_edge,BECCSNaturalGas,UnidirectionalEdge{MacroEnergy.Biomass_Herb},1.7214054080813076e-13,1.7214054080813076e-13,0.0,0.0
Biomass_Wood,CA,CA_Bio_NG_CCS_40_Wood,CA_Bio_NG_CCS_40_Wood_biomass_edge,BECCSNaturalGas,UnidirectionalEdge{MacroEnergy.Biomass_Wood},2.494044665402222e-13,2.494044665402222e-13,0.0,0.0
Biomass_Wood,NW,NW_Bio_NG_CCS_40_Wood,NW_Bio_NG_CCS_40_Wood_biomass_edge,BECCSNaturalGas,UnidirectionalEdge{MacroEnergy.Biomass_Wood},2.652595790760849e-13,2.652595790760849e-13,0.0,0.0
Biomass_Wood,SW,SW_Bio_NG_CCS_40_Wood,SW_Bio_NG_CCS_40_Wood_biomass_edge,BECCSNaturalGas,UnidirectionalEdge{MacroEnergy.Biomass_Wood},2.631415946080088e-13,2.631415946080088e-13,0.0,0.0
Biomass_Wood,TX,TX_Bio_NG_CCS_40_Wood,TX_Bio_NG_CCS_40_Wood_biomass_edge,BECCSNaturalGas,UnidirectionalEdge{MacroEnergy.Biomass_Wood},2.296510795580965e-13,2.296510795580965e-13,0.0,0.0
Biomass_Wood,NCEN,NCEN_Bio_NG_CCS_40_Wood,NCEN_Bio_NG_CCS_40_Wood_biomass_edge,BECCSNaturalGas,UnidirectionalEdge{MacroEnergy.Biomass_Wood},2.332190819340353e-13,2.332190819340353e-13,0.0,0.0
Biomass_Wood,CEN,CEN_Bio_NG_CCS_40_Wood,CEN_Bio_NG_CCS_40_Wood_biomass_edge,BECCSNaturalGas,UnidirectionalEdge{MacroEnergy.Biomass_Wood},2.39145423238342e-13,2.39145423238342e-13,0.0,0.0
Biomass_Wood,SE,SE_Bio_NG_CCS_40_Wood,SE_Bio_NG_CCS_40_Wood_biomass_edge,BECCSNaturalGas,UnidirectionalEdge{MacroEnergy.Biomass_Wood},2.282922447964557e-13,2.282922447964557e-13,0.0,0.0
Biomass_Wood,MIDAT,MIDAT_Bio_NG_CCS_40_Wood,MIDAT_Bio_NG_CCS_40_Wood_biomass_edge,BECCSNaturalGas,UnidirectionalEdge{MacroEnergy.Biomass_Wood},2.2174960582110475e-13,2.2174960582110475e-13,0.0,0.0
Biomass_Wood,NE,NE_Bio_NG_CCS_40_Wood,NE_Bio_NG_CCS_40_Wood_biomass_edge,BECCSNaturalGas,UnidirectionalEdge{MacroEnergy.Biomass_Wood},2.2934767934593696e-13,2.2934767934593696e-13,0.0,0.0
Biomass_Agri,CA,CA_Bio_NG_CCS_40_Agri,CA_Bio_NG_CCS_40_Agri_biomass_edge,BECCSNaturalGas,UnidirectionalEdge{MacroEnergy.Biomass_Agri},2.4790051721197304e-13,2.4790051721197304e-13,0.0,0.0
Biomass_Agri,NW,NW_Bio_NG_CCS_40_Agri,NW_Bio_NG_CCS_40_Agri_biomass_edge,BECCSNaturalGas,UnidirectionalEdge{MacroEnergy.Biomass_Agri},2.1790650870500666e-13,2.1790650870500666e-13,0.0,0.0
Biomass_Agri,SW,SW_Bio_NG_CCS_40_Agri,SW_Bio_NG_CCS_40_Agri_biomass_edge,BECCSNaturalGas,UnidirectionalEdge{MacroEnergy.Biomass_Agri},2.592361757477618e-13,2.592361757477618e-13,0.0,0.0
Biomass_Agri,TX,TX_Bio_NG_CCS_40_Agri,TX_Bio_NG_CCS_40_Agri_biomass_edge,BECCSNaturalGas,UnidirectionalEdge{MacroEnergy.Biomass_Agri},2.2589284857480132e-13,2.2589284857480132e-13,0.0,0.0
Biomass_Agri,NCEN,NCEN_Bio_NG_CCS_40_Agri,NCEN_Bio_NG_CCS_40_Agri_biomass_edge,BECCSNaturalGas,UnidirectionalEdge{MacroEnergy.Biomass_Agri},2.6713965575221177e-13,2.6713965575221177e-13,0.0,0.0
Biomass_Agri,CEN,CEN_Bio_NG_CCS_40_Agri,CEN_Bio_NG_CCS_40_Agri_biomass_edge,BECCSNaturalGas,UnidirectionalEdge{MacroEnergy.Biomass_Agri},2.2057869754511041e-13,2.2057869754511041e-13,0.0,0.0
Biomass_Agri,SE,SE_Bio_NG_CCS_40_Agri,SE_Bio_NG_CCS_40_Agri_biomass_edge,BECCSNaturalGas,UnidirectionalEdge{MacroEnergy.Biomass_Agri},2.172486581173949e-13,2.172486581173949e-13,0.0,0.0
Biomass_Agri,MIDAT,MIDAT_Bio_NG_CCS_40_Agri,MIDAT_Bio_NG_CCS_40_Agri_biomass_edge,BECCSNaturalGas,UnidirectionalEdge{MacroEnergy.Biomass_Agri},2.1455331252153055e-13,2.1455331252153055e-13,0.0,0.0
Biomass_Agri,NE,NE_Bio_NG_CCS_40_Agri,NE_Bio_NG_CCS_40_Agri_biomass_edge,BECCSNaturalGas,UnidirectionalEdge{MacroEnergy.Biomass_Agri},2.0273006693255588e-13,2.0273006693255588e-13,0.0,0.0
Biomass_Herb,CA,CA_Bio_NG_CCS_99_Herb,CA_Bio_NG_CCS_99_Herb_biomass_edge,BECCSNaturalGas,UnidirectionalEdge{MacroEnergy.Biomass_Herb},4.406193599359879e-13,4.406193599359879e-13,0.0,0.0
Biomass_Herb,NW,NW_Bio_NG_CCS_99_Herb,NW_Bio_NG_CCS_99_Herb_biomass_edge,BECCSNaturalGas,UnidirectionalEdge{MacroEnergy.Biomass_Herb},1.749040637542719e-13,1.749040637542719e-13,0.0,0.0
Biomass_Herb,SW,SW_Bio_NG_CCS_99_Herb,SW_Bio_NG_CCS_99_Herb_biomass_edge,BECCSNaturalGas,UnidirectionalEdge{MacroEnergy.Biomass_Herb},1.637971800842153e-13,1.637971800842153e-13,0.0,0.0
Biomass_Herb,TX,TX_Bio_NG_CCS_99_Herb,TX_Bio_NG_CCS_99_Herb_biomass_edge,BECCSNaturalGas,UnidirectionalEdge{MacroEnergy.Biomass_Herb},1.420563993457747e-13,1.420563993457747e-13,0.0,0.0
Biomass_Herb,NCEN,NCEN_Bio_NG_CCS_99_Herb,NCEN_Bio_NG_CCS_99_Herb_biomass_edge,BECCSNaturalGas,UnidirectionalEdge{MacroEnergy.Biomass_Herb},1.3461188466013613e-13,1.3461188466013613e-13,0.0,0.0
Biomass_Herb,CEN,CEN_Bio_NG_CCS_99_Herb,CEN_Bio_NG_CCS_99_Herb_biomass_edge,BECCSNaturalGas,UnidirectionalEdge{MacroEnergy.Biomass_Herb},1.3992895533084138e-13,1.3992895533084138e-13,0.0,0.0
Biomass_Herb,SE,SE_Bio_NG_CCS_99_Herb,SE_Bio_NG_CCS_99_Herb_biomass_edge,BECCSNaturalGas,UnidirectionalEdge{MacroEnergy.Biomass_Herb},1.3374425382240668e-13,1.3374425382240668e-13,0.0,0.0
Biomass_Herb,MIDAT,MIDAT_Bio_NG_CCS_99_Herb,MIDAT_Bio_NG_CCS_99_Herb_biomass_edge,BECCSNaturalGas,UnidirectionalEdge{MacroEnergy.Biomass_Herb},1.3088024726351173e-13,1.3088024726351173e-13,0.0,0.0
Biomass_Herb,NE,NE_Bio_NG_CCS_99_Herb,NE_Bio_NG_CCS_99_Herb_biomass_edge,BECCSNaturalGas,UnidirectionalEdge{MacroEnergy.Biomass_Herb},1.3026426658901623e-13,1.3026426658901623e-13,0.0,0.0
Biomass_Wood,CA,CA_Bio_NG_CCS_99_Wood,CA_Bio_NG_CCS_99_Wood_biomass_edge,BECCSNaturalGas,UnidirectionalEdge{MacroEnergy.Biomass_Wood},2.1554711824642026e-13,2.1554711824642026e-13,0.0,0.0
Biomass_Wood,NW,NW_Bio_NG_CCS_99_Wood,NW_Bio_NG_CCS_99_Wood_biomass_edge,BECCSNaturalGas,UnidirectionalEdge{MacroEnergy.Biomass_Wood},2.3455071012190103e-13,2.3455071012190103e-13,0.0,0.0
Biomass_Wood,SW,SW_Bio_NG_CCS_99_Wood,SW_Bio_NG_CCS_99_Wood_biomass_edge,BECCSNaturalGas,UnidirectionalEdge{MacroEnergy.Biomass_Wood},2.3210605318742543e-13,2.3210605318742543e-13,0.0,0.0
Biomass_Wood,TX,TX_Bio_NG_CCS_99_Wood,TX_Bio_NG_CCS_99_Wood_biomass_edge,BECCSNaturalGas,UnidirectionalEdge{MacroEnergy.Biomass_Wood},1.693658369556123e-13,1.693658369556123e-13,0.0,0.0
Biomass_Wood,NCEN,NCEN_Bio_NG_CCS_99_Wood,NCEN_Bio_NG_CCS_99_Wood_biomass_edge,BECCSNaturalGas,UnidirectionalEdge{MacroEnergy.Biomass_Wood},1.6396927597127215e-13,1.6396927597127215e-13,0.0,0.0
Biomass_Wood,CEN,CEN_Bio_NG_CCS_99_Wood,CEN_Bio_NG_CCS_99_Wood_biomass_edge,BECCSNaturalGas,UnidirectionalEdge{MacroEnergy.Biomass_Wood},1.683197619401313e-13,1.683197619401313e-13,0.0,0.0
Biomass_Wood,SE,SE_Bio_NG_CCS_99_Wood,SE_Bio_NG_CCS_99_Wood_biomass_edge,BECCSNaturalGas,UnidirectionalEdge{MacroEnergy.Biomass_Wood},1.5377040409415578e-13,1.5377040409415578e-13,0.0,0.0
Biomass_Wood,MIDAT,MIDAT_Bio_NG_CCS_99_Wood,MIDAT_Bio_NG_CCS_99_Wood_biomass_edge,BECCSNaturalGas,UnidirectionalEdge{MacroEnergy.Biomass_Wood},1.5320870493974325e-13,1.5320870493974325e-13,0.0,0.0
Biomass_Wood,NE,NE_Bio_NG_CCS_99_Wood,NE_Bio_NG_CCS_99_Wood_biomass_edge,BECCSNaturalGas,UnidirectionalEdge{MacroEnergy.Biomass_Wood},1.6046207363093722e-13,1.6046207363093722e-13,0.0,0.0
Biomass_Agri,CA,CA_Bio_NG_CCS_99_Agri,CA_Bio_NG_CCS_99_Agri_biomass_edge,BECCSNaturalGas,UnidirectionalEdge{MacroEnergy.Biomass_Agri},2.0656045224517673e-13,2.0656045224517673e-13,0.0,0.0
Biomass_Agri,NW,NW_Bio_NG_CCS_99_Agri,NW_Bio_NG_CCS_99_Agri_biomass_edge,BECCSNaturalGas,UnidirectionalEdge{MacroEnergy.Biomass_Agri},1.97123292432939e-13,1.97123292432939e-13,0.0,0.0
Biomass_Agri,SW,SW_Bio_NG_CCS_99_Agri,SW_Bio_NG_CCS_99_Agri_biomass_edge,BECCSNaturalGas,UnidirectionalEdge{MacroEnergy.Biomass_Agri},2.335599502734644e-13,2.335599502734644e-13,0.0,0.0
Biomass_Agri,TX,TX_Bio_NG_CCS_99_Agri,TX_Bio_NG_CCS_99_Agri_biomass_edge,BECCSNaturalGas,UnidirectionalEdge{MacroEnergy.Biomass_Agri},1.6762999190226346e-13,1.6762999190226346e-13,0.0,0.0
Biomass_Agri,NCEN,NCEN_Bio_NG_CCS_99_Agri,NCEN_Bio_NG_CCS_99_Agri_biomass_edge,BECCSNaturalGas,UnidirectionalEdge{MacroEnergy.Biomass_Agri},2.2625848683423535e-13,2.2625848683423535e-13,0.0,0.0
Biomass_Agri,CEN,CEN_Bio_NG_CCS_99_Agri,CEN_Bio_NG_CCS_99_Agri_biomass_edge,BECCSNaturalGas,UnidirectionalEdge{MacroEnergy.Biomass_Agri},1.618436780824059e-13,1.618436780824059e-13,0.0,0.0
Biomass_Agri,SE,SE_Bio_NG_CCS_99_Agri,SE_Bio_NG_CCS_99_Agri_biomass_edge,BECCSNaturalGas,UnidirectionalEdge{MacroEnergy.Biomass_Agri},1.584104376056107e-13,1.584104376056107e-13,0.0,0.0
Biomass_Agri,MIDAT,MIDAT_Bio_NG_CCS_99_Agri,MIDAT_Bio_NG_CCS_99_Agri_biomass_edge,BECCSNaturalGas,UnidirectionalEdge{MacroEnergy.Biomass_Agri},1.6600150673652655e-13,1.6600150673652655e-13,0.0,0.0
Biomass_Agri,NE,NE_Bio_NG_CCS_99_Agri,NE_Bio_NG_CCS_99_Agri_biomass_edge,BECCSNaturalGas,UnidirectionalEdge{MacroEnergy.Biomass_Agri},1.502630322343471e-13,1.502630322343471e-13,0.0,0.0
Biomass,CEN_CEN_Bio_Ethanol_CCS_20_Herb_transforms,CEN_Bio_Ethanol_CCS_20_Herb,CEN_Bio_Ethanol_CCS_20_Herb_biomass_consumption_edge,BioEthanol,UnidirectionalEdge{Biomass},4.866134734280277e-13,4.866134734280277e-13,0.0,0.0
Biomass,CEN_CEN_Bio_Ethanol_CCS_86_Herb_transforms,CEN_Bio_Ethanol_CCS_86_Herb,CEN_Bio_Ethanol_CCS_86_Herb_biomass_consumption_edge,BioEthanol,UnidirectionalEdge{Biomass},6.241447135463218e-13,6.241447135463218e-13,0.0,0.0
Biomass,CEN_CEN_Bio_Ethanol_Herb_transforms,CEN_Bio_Ethanol_Herb,CEN_Bio_Ethanol_Herb_biomass_consumption_edge,BioEthanol,UnidirectionalEdge{Biomass},5.064856391068186e-13,5.064856391068186e-13,0.0,0.0
Biomass,MIDAT_MIDAT_Bio_Ethanol_CCS_20_Herb_transforms,MIDAT_Bio_Ethanol_CCS_20_Herb,MIDAT_Bio_Ethanol_CCS_20_Herb_biomass_consumption_edge,BioEthanol,UnidirectionalEdge{Biomass},4.708047412133065e-13,4.708047412133065e-13,0.0,0.0
Biomass,MIDAT_MIDAT_Bio_Ethanol_CCS_86_Herb_transforms,MIDAT_Bio_Ethanol_CCS_86_Herb,MIDAT_Bio_Ethanol_CCS_86_Herb_biomass_consumption_edge,BioEthanol,UnidirectionalEdge{Biomass},4.0438786800440476e-13,4.0438786800440476e-13,0.0,0.0
Biomass,MIDAT_MIDAT_Bio_Ethanol_Herb_transforms,MIDAT_Bio_Ethanol_Herb,MIDAT_Bio_Ethanol_Herb_biomass_consumption_edge,BioEthanol,UnidirectionalEdge{Biomass},5.044811544715269e-13,5.044811544715269e-13,0.0,0.0
Biomass,NCEN_NCEN_Bio_Ethanol_CCS_20_Herb_transforms,NCEN_Bio_Ethanol_CCS_20_Herb,NCEN_Bio_Ethanol_CCS_20_Herb_biomass_consumption_edge,BioEthanol,UnidirectionalEdge{Biomass},4.809682423634778e-13,4.809682423634778e-13,0.0,0.0
Biomass,NCEN_NCEN_Bio_Ethanol_CCS_86_Herb_transforms,NCEN_Bio_Ethanol_CCS_86_Herb,NCEN_Bio_Ethanol_CCS_86_Herb_biomass_consumption_edge,BioEthanol,UnidirectionalEdge{Biomass},5.061549007992958e-13,5.061549007992958e-13,0.0,0.0
Biomass,NCEN_NCEN_Bio_Ethanol_Herb_transforms,NCEN_Bio_Ethanol_Herb,NCEN_Bio_Ethanol_Herb_biomass_consumption_edge,BioEthanol,UnidirectionalEdge{Biomass},5.060062067891188e-13,5.060062067891188e-13,0.0,0.0
Biomass,SE_SE_Bio_Ethanol_CCS_20_Herb_transforms,SE_Bio_Ethanol_CCS_20_Herb,SE_Bio_Ethanol_CCS_20_Herb_biomass_consumption_edge,BioEthanol,UnidirectionalEdge{Biomass},4.769458004623898e-13,4.769458004623898e-13,0.0,0.0
Biomass,SE_SE_Bio_Ethanol_CCS_86_Herb_transforms,SE_Bio_Ethanol_CCS_86_Herb,SE_Bio_Ethanol_CCS_86_Herb_biomass_consumption_edge,BioEthanol,UnidirectionalEdge{Biomass},4.3777700714612e-13,4.3777700714612e-13,0.0,0.0
Biomass,SE_SE_Bio_Ethanol_Herb_transforms,SE_Bio_Ethanol_Herb,SE_Bio_Ethanol_Herb_biomass_consumption_edge,BioEthanol,UnidirectionalEdge{Biomass},5.050401994385832e-13,5.050401994385832e-13,0.0,0.0
Biomass,TX_TX_Bio_Ethanol_CCS_20_Herb_transforms,TX_Bio_Ethanol_CCS_20_Herb,TX_Bio_Ethanol_CCS_20_Herb_biomass_consumption_edge,BioEthanol,UnidirectionalEdge{Biomass},4.910076454087936e-13,4.910076454087936e-13,0.0,0.0
Biomass,TX_TX_Bio_Ethanol_CCS_86_Herb_transforms,TX_Bio_Ethanol_CCS_86_Herb,TX_Bio_Ethanol_CCS_86_Herb_biomass_consumption_edge,BioEthanol,UnidirectionalEdge{Biomass},6.642563876348799e-13,6.642563876348799e-13,0.0,0.0
Biomass,TX_TX_Bio_Ethanol_Herb_transforms,TX_Bio_Ethanol_Herb,TX_Bio_Ethanol_Herb_biomass_consumption_edge,BioEthanol,UnidirectionalEdge{Biomass},5.05988594831334e-13,5.05988594831334e-13,0.0,0.0
Biomass,CEN_CEN_Bio_Ethanol_CCS_20_Wood_transforms,CEN_Bio_Ethanol_CCS_20_Wood,CEN_Bio_Ethanol_CCS_20_Wood_biomass_consumption_edge,BioEthanol,UnidirectionalEdge{Biomass},4.873590575365608e-13,4.873590575365608e-13,0.0,0.0
Biomass,CEN_CEN_Bio_Ethanol_CCS_86_Wood_transforms,CEN_Bio_Ethanol_CCS_86_Wood,CEN_Bio_Ethanol_CCS_86_Wood_biomass_consumption_edge,BioEthanol,UnidirectionalEdge{Biomass},8.387586766231307e-13,8.387586766231307e-13,0.0,0.0
Biomass,CEN_CEN_Bio_Ethanol_Wood_transforms,CEN_Bio_Ethanol_Wood,CEN_Bio_Ethanol_Wood_biomass_consumption_edge,BioEthanol,UnidirectionalEdge{Biomass},5.075434325559714e-13,5.075434325559714e-13,0.0,0.0
Biomass,MIDAT_MIDAT_Bio_Ethanol_CCS_20_Wood_transforms,MIDAT_Bio_Ethanol_CCS_20_Wood,MIDAT_Bio_Ethanol_CCS_20_Wood_biomass_consumption_edge,BioEthanol,UnidirectionalEdge{Biomass},4.707976230444451e-13,4.707976230444451e-13,0.0,0.0
Biomass,MIDAT_MIDAT_Bio_Ethanol_CCS_86_Wood_transforms,MIDAT_Bio_Ethanol_CCS_86_Wood,MIDAT_Bio_Ethanol_CCS_86_Wood_biomass_consumption_edge,BioEthanol,UnidirectionalEdge{Biomass},4.1034597571251135e-13,4.1034597571251135e-13,0.0,0.0
Biomass,MIDAT_MIDAT_Bio_Ethanol_Wood_transforms,MIDAT_Bio_Ethanol_Wood,MIDAT_Bio_Ethanol_Wood_biomass_consumption_edge,BioEthanol,UnidirectionalEdge{Biomass},5.052793475696631e-13,5.052793475696631e-13,0.0,0.0
Biomass,NCEN_NCEN_Bio_Ethanol_CCS_20_Wood_transforms,NCEN_Bio_Ethanol_CCS_20_Wood,NCEN_Bio_Ethanol_CCS_20_Wood_biomass_consumption_edge,BioEthanol,UnidirectionalEdge{Biomass},4.813149690316481e-13,4.813149690316481e-13,0.0,0.0
Biomass,NCEN_NCEN_Bio_Ethanol_CCS_86_Wood_transforms,NCEN_Bio_Ethanol_CCS_86_Wood,NCEN_Bio_Ethanol_CCS_86_Wood_biomass_consumption_edge,BioEthanol,UnidirectionalEdge{Biomass},5.349150721314652e-13,5.349150721314652e-13,0.0,0.0
Biomass,NCEN_NCEN_Bio_Ethanol_Wood_transforms,NCEN_Bio_Ethanol_Wood,NCEN_Bio_Ethanol_Wood_biomass_consumption_edge,BioEthanol,UnidirectionalEdge{Biomass},5.068776674030842e-13,5.068776674030842e-13,0.0,0.0
Biomass,SE_SE_Bio_Ethanol_CCS_20_Wood_transforms,SE_Bio_Ethanol_CCS_20_Wood,SE_Bio_Ethanol_CCS_20_Wood_biomass_consumption_edge,BioEthanol,UnidirectionalEdge{Biomass},4.773297137460626e-13,4.773297137460626e-13,0.0,0.0
Biomass,SE_SE_Bio_Ethanol_CCS_86_Wood_transforms,SE_Bio_Ethanol_CCS_86_Wood,SE_Bio_Ethanol_CCS_86_Wood_biomass_consumption_edge,BioEthanol,UnidirectionalEdge{Biomass},4.847239617012221e-13,4.847239617012221e-13,0.0,0.0
Biomass,SE_SE_Bio_Ethanol_Wood_transforms,SE_Bio_Ethanol_Wood,SE_Bio_Ethanol_Wood_biomass_consumption_edge,BioEthanol,UnidirectionalEdge{Biomass},5.06146651651405e-13,5.06146651651405e-13,0.0,0.0
Biomass,TX_TX_Bio_Ethanol_CCS_20_Wood_transforms,TX_Bio_Ethanol_CCS_20_Wood,TX_Bio_Ethanol_CCS_20_Wood_biomass_consumption_edge,BioEthanol,UnidirectionalEdge{Biomass},4.92490279913983e-13,4.92490279913983e-13,0.0,0.0
Biomass,TX_TX_Bio_Ethanol_CCS_86_Wood_transforms,TX_Bio_Ethanol_CCS_86_Wood,TX_Bio_Ethanol_CCS_86_Wood_biomass_consumption_edge,BioEthanol,UnidirectionalEdge{Biomass},9.315485153761267e-13,9.315485153761267e-13,0.0,0.0
Biomass,TX_TX_Bio_Ethanol_Wood_transforms,TX_Bio_Ethanol_Wood,TX_Bio_Ethanol_Wood_biomass_consumption_edge,BioEthanol,UnidirectionalEdge{Biomass},5.069203328107032e-13,5.069203328107032e-13,0.0,0.0
Biomass,CEN_CEN_Bio_Ethanol_Agri_transforms,CEN_Bio_Ethanol_Agri,CEN_Bio_Ethanol_Agri_biomass_consumption_edge,BioEthanol,UnidirectionalEdge{Biomass},5.051589409117331e-13,5.051589409117331e-13,0.0,0.0
Biomass,CEN_CEN_Bio_Ethanol_CCS_20_Agri_transforms,CEN_Bio_Ethanol_CCS_20_Agri,CEN_Bio_Ethanol_CCS_20_Agri_biomass_consumption_edge,BioEthanol,UnidirectionalEdge{Biomass},4.866599989245366e-13,4.866599989245366e-13,0.0,0.0
Biomass,CEN_CEN_Bio_Ethanol_CCS_86_Agri_transforms,CEN_Bio_Ethanol_CCS_86_Agri,CEN_Bio_Ethanol_CCS_86_Agri_biomass_consumption_edge,BioEthanol,UnidirectionalEdge{Biomass},6.323779136046991e-13,6.323779136046991e-13,0.0,0.0
Biomass,MIDAT_MIDAT_Bio_Ethanol_Agri_transforms,MIDAT_Bio_Ethanol_Agri,MIDAT_Bio_Ethanol_Agri_biomass_consumption_edge,BioEthanol,UnidirectionalEdge{Biomass},5.033337684244515e-13,5.033337684244515e-13,0.0,0.0
Biomass,MIDAT_MIDAT_Bio_Ethanol_CCS_20_Agri_transforms,MIDAT_Bio_Ethanol_CCS_20_Agri,MIDAT_Bio_Ethanol_CCS_20_Agri_biomass_consumption_edge,BioEthanol,UnidirectionalEdge{Biomass},4.708049005169188e-13,4.708049005169188e-13,0.0,0.0
Biomass,MIDAT_MIDAT_Bio_Ethanol_CCS_86_Agri_transforms,MIDAT_Bio_Ethanol_CCS_86_Agri,MIDAT_Bio_Ethanol_CCS_86_Agri_biomass_consumption_edge,BioEthanol,UnidirectionalEdge{Biomass},4.0460285557118355e-13,4.0460285557118355e-13,0.0,0.0
Biomass,NCEN_NCEN_Bio_Ethanol_Agri_transforms,NCEN_Bio_Ethanol_Agri,NCEN_Bio_Ethanol_Agri_biomass_consumption_edge,BioEthanol,UnidirectionalEdge{Biomass},5.047481801608929e-13,5.047481801608929e-13,0.0,0.0
Biomass,NCEN_NCEN_Bio_Ethanol_CCS_20_Agri_transforms,NCEN_Bio_Ethanol_CCS_20_Agri,NCEN_Bio_Ethanol_CCS_20_Agri_biomass_consumption_edge,BioEthanol,UnidirectionalEdge{Biomass},4.809371342346623e-13,4.809371342346623e-13,0.0,0.0
Biomass,NCEN_NCEN_Bio_Ethanol_CCS_86_Agri_transforms,NCEN_Bio_Ethanol_CCS_86_Agri,NCEN_Bio_Ethanol_CCS_86_Agri_biomass_consumption_edge,BioEthanol,UnidirectionalEdge{Biomass},5.039509393449244e-13,5.039509393449244e-13,0.0,0.0
Biomass,SE_SE_Bio_Ethanol_Agri_transforms,SE_Bio_Ethanol_Agri,SE_Bio_Ethanol_Agri_biomass_consumption_edge,BioEthanol,UnidirectionalEdge{Biomass},5.039112456713371e-13,5.039112456713371e-13,0.0,0.0
Biomass,SE_SE_Bio_Ethanol_CCS_20_Agri_transforms,SE_Bio_Ethanol_CCS_20_Agri,SE_Bio_Ethanol_CCS_20_Agri_biomass_consumption_edge,BioEthanol,UnidirectionalEdge{Biomass},4.769278850008713e-13,4.769278850008713e-13,0.0,0.0
Biomass,SE_SE_Bio_Ethanol_CCS_86_Agri_transforms,SE_Bio_Ethanol_CCS_86_Agri,SE_Bio_Ethanol_CCS_86_Agri_biomass_consumption_edge,BioEthanol,UnidirectionalEdge{Biomass},4.365442587446506e-13,4.365442587446506e-13,0.0,0.0
Biomass,TX_TX_Bio_Ethanol_Agri_transforms,TX_Bio_Ethanol_Agri,TX_Bio_Ethanol_Agri_biomass_consumption_edge,BioEthanol,UnidirectionalEdge{Biomass},5.040880577535236e-13,5.040880577535236e-13,0.0,0.0
Biomass,TX_TX_Bio_Ethanol_CCS_20_Agri_transforms,TX_Bio_Ethanol_CCS_20_Agri,TX_Bio_Ethanol_CCS_20_Agri_biomass_consumption_edge,BioEthanol,UnidirectionalEdge{Biomass},4.902978695126402e-13,4.902978695126402e-13,0.0,0.0
Biomass,TX_TX_Bio_Ethanol_CCS_86_Agri_transforms,TX_Bio_Ethanol_CCS_86_Agri,TX_Bio_Ethanol_CCS_86_Agri_biomass_consumption_edge,BioEthanol,UnidirectionalEdge{Biomass},6.040356987980063e-13,6.040356987980063e-13,0.0,0.0
CO2Captured,CA,CA_CO2_Injection_CA_Repetto_Sst1,CA_CO2_Injection_CA_Repetto_Sst1_co2_captured_edge,CO2Injection,UnidirectionalEdge{CO2Captured},9239.9,0.0,0.0,9239.9
CO2Captured,CA,CA_CO2_Injection_CA_Temblor1a,CA_CO2_Injection_CA_Temblor1a_co2_captured_edge,CO2Injection,UnidirectionalEdge{CO2Captured},32339.5,0.0,0.0,32339.5
CO2Captured,CA,CA_CO2_Injection_CA_Temblor2a,CA_CO2_Injection_CA_Temblor2a_co2_captured_edge,CO2Injection,UnidirectionalEdge{CO2Captured},128780.6,0.0,0.0,128780.6
CO2Captured,CA,CA_CO2_Injection_CA_Temblor1b,CA_CO2_Injection_CA_Temblor1b_co2_captured_edge,CO2Injection,UnidirectionalEdge{CO2Captured},32339.5,0.0,0.0,32339.5
CO2Captured,CA,CA_CO2_Injection_CA_Temblor2b,CA_CO2_Injection_CA_Temblor2b_co2_captured_edge,CO2Injection,UnidirectionalEdge{CO2Captured},129358.0,0.0,0.0,129358.0
CO2Captured,CA,CA_CO2_Injection_CA_Moreno2,CA_CO2_Injection_CA_Moreno2_co2_captured_edge,CO2Injection,UnidirectionalEdge{CO2Captured},72186.4,0.0,0.0,72186.4
CO2Captured,CA,CA_CO2_Injection_CA_Repetto_Sst2a,CA_CO2_Injection_CA_Repetto_Sst2a_co2_captured_edge,CO2Injection,UnidirectionalEdge{CO2Captured},4042.4,0.0,0.0,4042.4
CO2Captured,CA,CA_CO2_Injection_CA_Panoche1a,CA_CO2_Injection_CA_Panoche1a_co2_captured_edge,CO2Injection,UnidirectionalEdge{CO2Captured},56594.1,0.0,0.0,56594.1
CO2Captured,CA,CA_CO2_Injection_CA_Repetto_Sst2b,CA_CO2_Injection_CA_Repetto_Sst2b_co2_captured_edge,CO2Injection,UnidirectionalEdge{CO2Captured},5197.4,0.0,0.0,5197.4
CO2Captured,CA,CA_CO2_Injection_CA_Panoche1b,CA_CO2_Injection_CA_Panoche1b_co2_captured_edge,CO2Injection,UnidirectionalEdge{CO2Captured},56594.1,0.0,0.0,56594.1
CO2Captured,CA,CA_CO2_Injection_CA_Repetto_Sst2c,CA_CO2_Injection_CA_Repetto_Sst2c_co2_captured_edge,CO2Injection,UnidirectionalEdge{CO2Captured},4042.4,0.0,0.0,4042.4
CO2Captured,CA,CA_CO2_Injection_CA_Repetto_Sst3b,CA_CO2_Injection_CA_Repetto_Sst3b_co2_captured_edge,CO2Injection,UnidirectionalEdge{CO2Captured},1732.5,0.0,0.0,1732.5
CO2Captured,CA,CA_CO2_Injection_CA_Repetto_Sst3a,CA_CO2_Injection_CA_Repetto_Sst3a_co2_captured_edge,CO2Injection,UnidirectionalEdge{CO2Captured},1155.0,0.0,0.0,1155.0
CO2Captured,CA,CA_CO2_Injection_CA_Repetto_Sst3c,CA_CO2_Injection_CA_Repetto_Sst3c_co2_captured_edge,CO2Injection,UnidirectionalEdge{CO2Captured},1155.0,0.0,0.0,1155.0
CO2Captured,CA,CA_CO2_Injection_CA_Repetto_Sst3d,CA_CO2_Injection_CA_Repetto_Sst3d_co2_captured_edge,CO2Injection,UnidirectionalEdge{CO2Captured},577.5,0.0,0.0,577.5
CO2Captured,CA,CA_CO2_Injection_CA_Temblor3a,CA_CO2_Injection_CA_Temblor3a_co2_captured_edge,CO2Injection,UnidirectionalEdge{CO2Captured},8084.9,0.0,0.0,8084.9
CO2Captured,CA,CA_CO2_Injection_CA_Temblor3b,CA_CO2_Injection_CA_Temblor3b_co2_captured_edge,CO2Injection,UnidirectionalEdge{CO2Captured},8084.9,0.0,0.0,8084.9
CO2Captured,CA,CA_CO2_Injection_CA_Temblor3c,CA_CO2_Injection_CA_Temblor3c_co2_captured_edge,CO2Injection,UnidirectionalEdge{CO2Captured},8084.9,0.0,0.0,8084.9
CO2Captured,CA,CA_CO2_Injection_CA_Stevens1,CA_CO2_Injection_CA_Stevens1_co2_captured_edge,CO2Injection,UnidirectionalEdge{CO2Captured},577.5,0.0,0.0,577.5
CO2Captured,NW,NW_CO2_Injection_NW_Frontier3,NW_CO2_Injection_NW_Frontier3_co2_captured_edge,CO2Injection,UnidirectionalEdge{CO2Captured},12127.3,0.0,0.0,12127.3
CO2Captured,NW,NW_CO2_Injection_NW_Entrada2,NW_CO2_Injection_NW_Entrada2_co2_captured_edge,CO2Injection,UnidirectionalEdge{CO2Captured},35804.5,0.0,0.0,35804.5
CO2Captured,NW,NW_CO2_Injection_NW_Tensleep4,NW_CO2_Injection_NW_Tensleep4_co2_captured_edge,CO2Injection,UnidirectionalEdge{CO2Captured},31184.5,0.0,0.0,31184.5
CO2Captured,NW,NW_CO2_Injection_NW_Lance1,NW_CO2_Injection_NW_Lance1_co2_captured_edge,CO2Injection,UnidirectionalEdge{CO2Captured},4042.4,0.0,0.0,4042.4
CO2Captured,NW,NW_CO2_Injection_NW_Tensleep5,NW_CO2_Injection_NW_Tensleep5_co2_captured_edge,CO2Injection,UnidirectionalEdge{CO2Captured},18479.7,0.0,0.0,18479.7
CO2Captured,NW,NW_CO2_Injection_NW_Morrison7,NW_CO2_Injection_NW_Morrison7_co2_captured_edge,CO2Injection,UnidirectionalEdge{CO2Captured},6352.4,0.0,0.0,6352.4
CO2Captured,NW,NW_CO2_Injection_NW_Red_River1,NW_CO2_Injection_NW_Red_River1_co2_captured_edge,CO2Injection,UnidirectionalEdge{CO2Captured},57749.1,0.0,0.0,57749.1
CO2Captured,NW,NW_CO2_Injection_NW_Maha01,NW_CO2_Injection_NW_Maha01_co2_captured_edge,CO2Injection,UnidirectionalEdge{CO2Captured},9239.9,0.0,0.0,9239.9
CO2Captured,NW,NW_CO2_Injection_NW_Fort_Union2,NW_CO2_Injection_NW_Fort_Union2_co2_captured_edge,CO2Injection,UnidirectionalEdge{CO2Captured},3464.9,0.0,0.0,3464.9
CO2Captured,NW,NW_CO2_Injection_NW_Entrada6,NW_CO2_Injection_NW_Entrada6_co2_captured_edge,CO2Injection,UnidirectionalEdge{CO2Captured},2887.5,0.0,0.0,2887.5
CO2Captured,NW,NW_CO2_Injection_NW_Morrison8,NW_CO2_Injection_NW_Morrison8_co2_captured_edge,CO2Injection,UnidirectionalEdge{CO2Captured},9239.9,0.0,0.0,9239.9
CO2Captured,NW,NW_CO2_Injection_NW_Madison_GpMission_Canyon__Fm1,NW_CO2_Injection_NW_Madison_GpMission_Canyon__Fm1_co2_captured_edge,CO2Injection,UnidirectionalEdge{CO2Captured},16169.8,0.0,0.0,16169.8
CO2Captured,NW,NW_CO2_Injection_NW_InyanKara2,NW_CO2_Injection_NW_InyanKara2_co2_captured_edge,CO2Injection,UnidirectionalEdge{CO2Captured},12704.8,0.0,0.0,12704.8
CO2Captured,NW,NW_CO2_Injection_NW_Minnelusa2,NW_CO2_Injection_NW_Minnelusa2_co2_captured_edge,CO2Injection,UnidirectionalEdge{CO2Captured},11549.8,0.0,0.0,11549.8
CO2Captured,NW,NW_CO2_Injection_NW_InyanKara3,NW_CO2_Injection_NW_InyanKara3_co2_captured_edge,CO2Injection,UnidirectionalEdge{CO2Captured},39269.4,0.0,0.0,39269.4
CO2Captured,NW,NW_CO2_Injection_NW_InyanKara1,NW_CO2_Injection_NW_InyanKara1_co2_captured_edge,CO2Injection,UnidirectionalEdge{CO2Captured},33494.5,0.0,0.0,33494.5
CO2Captured,NW,NW_CO2_Injection_NW_Arbuckle3,NW_CO2_Injection_NW_Arbuckle3_co2_captured_edge,CO2Injection,UnidirectionalEdge{CO2Captured},1732.5,0.0,0.0,1732.5
CO2Captured,NW,NW_CO2_Injection_NW_Red_River2,NW_CO2_Injection_NW_Red_River2_co2_captured_edge,CO2Injection,UnidirectionalEdge{CO2Captured},13859.8,0.0,0.0,13859.8
CO2Captured,NW,NW_CO2_Injection_NW_Arbuckle2,NW_CO2_Injection_NW_Arbuckle2_co2_captured_edge,CO2Injection,UnidirectionalEdge{CO2Captured},8662.4,0.0,0.0,8662.4
CO2Captured,NW,NW_CO2_Injection_NW_Madison_GpMission_Canyon_Fm4,NW_CO2_Injection_NW_Madison_GpMission_Canyon_Fm4_co2_captured_edge,CO2Injection,UnidirectionalEdge{CO2Captured},21944.7,0.0,0.0,21944.7
CO2Captured,NW,NW_CO2_Injection_NW_Nugget1,NW_CO2_Injection_NW_Nugget1_co2_captured_edge,CO2Injection,UnidirectionalEdge{CO2Captured},10394.8,0.0,0.0,10394.8
CO2Captured,NW,NW_CO2_Injection_NW_Nugget2,NW_CO2_Injection_NW_Nugget2_co2_captured_edge,CO2Injection,UnidirectionalEdge{CO2Captured},35804.5,0.0,0.0,35804.5
CO2Captured,NW,NW_CO2_Injection_NW_Nugget4,NW_CO2_Injection_NW_Nugget4_co2_captured_edge,CO2Injection,UnidirectionalEdge{CO2Captured},3464.9,0.0,0.0,3464.9
CO2Captured,NW,NW_CO2_Injection_NW_Madison1,NW_CO2_Injection_NW_Madison1_co2_captured_edge,CO2Injection,UnidirectionalEdge{CO2Captured},8084.9,0.0,0.0,8084.9
CO2Captured,NW,NW_CO2_Injection_NW_Morrison6,NW_CO2_Injection_NW_Morrison6_co2_captured_edge,CO2Injection,UnidirectionalEdge{CO2Captured},5774.9,0.0,0.0,5774.9
CO2Captured,NW,NW_CO2_Injection_NW_Entrada1,NW_CO2_Injection_NW_Entrada1_co2_captured_edge,CO2Injection,UnidirectionalEdge{CO2Captured},20789.7,0.0,0.0,20789.7
CO2Captured,NW,NW_CO2_Injection_NW_Minnelusa1,NW_CO2_Injection_NW_Minnelusa1_co2_captured_edge,CO2Injection,UnidirectionalEdge{CO2Captured},7507.4,0.0,0.0,7507.4
CO2Captured,NW,NW_CO2_Injection_NW_Madison_GpMission_Canyon_Fm2,NW_CO2_Injection_NW_Madison_GpMission_Canyon_Fm2_co2_captured_edge,CO2Injection,UnidirectionalEdge{CO2Captured},1155.0,0.0,0.0,1155.0
CO2Captured,NW,NW_CO2_Injection_NW_DuperowLower_1,NW_CO2_Injection_NW_DuperowLower_1_co2_captured_edge,CO2Injection,UnidirectionalEdge{CO2Captured},1155.0,0.0,0.0,1155.0
CO2Captured,NW,NW_CO2_Injection_NW_Basal_Cambrian1,NW_CO2_Injection_NW_Basal_Cambrian1_co2_captured_edge,CO2Injection,UnidirectionalEdge{CO2Captured},12704.8,0.0,0.0,12704.8
CO2Captured,NW,NW_CO2_Injection_NW_Dakota02,NW_CO2_Injection_NW_Dakota02_co2_captured_edge,CO2Injection,UnidirectionalEdge{CO2Captured},5774.9,0.0,0.0,5774.9
CO2Captured,NW,NW_CO2_Injection_NW_Basal_Cambrian7,NW_CO2_Injection_NW_Basal_Cambrian7_co2_captured_edge,CO2Injection,UnidirectionalEdge{CO2Captured},14437.3,0.0,0.0,14437.3
CO2Captured,NW,NW_CO2_Injection_NW_Fountain1b,NW_CO2_Injection_NW_Fountain1b_co2_captured_edge,CO2Injection,UnidirectionalEdge{CO2Captured},2310.0,0.0,0.0,2310.0
CO2Captured,NW,NW_CO2_Injection_NW_Fountain2b,NW_CO2_Injection_NW_Fountain2b_co2_captured_edge,CO2Injection,UnidirectionalEdge{CO2Captured},1155.0,0.0,0.0,1155.0
CO2Captured,NW,NW_CO2_Injection_NW_Morrison3,NW_CO2_Injection_NW_Morrison3_co2_captured_edge,CO2Injection,UnidirectionalEdge{CO2Captured},6352.4,0.0,0.0,6352.4
CO2Captured,NW,NW_CO2_Injection_NW_Weber2,NW_CO2_Injection_NW_Weber2_co2_captured_edge,CO2Injection,UnidirectionalEdge{CO2Captured},1155.0,0.0,0.0,1155.0
CO2Captured,NW,NW_CO2_Injection_NW_Basal_Cambrian4,NW_CO2_Injection_NW_Basal_Cambrian4_co2_captured_edge,CO2Injection,UnidirectionalEdge{CO2Captured},13859.8,0.0,0.0,13859.8
CO2Captured,SW,SW_CO2_Injection_SW_Forbes,SW_CO2_Injection_SW_Forbes_co2_captured_edge,CO2Injection,UnidirectionalEdge{CO2Captured},39269.4,0.0,0.0,39269.4
CO2Captured,SW,SW_CO2_Injection_SW_Mokelumne_River1,SW_CO2_Injection_SW_Mokelumne_River1_co2_captured_edge,CO2Injection,UnidirectionalEdge{CO2Captured},4619.9,0.0,0.0,4619.9
CO2Captured,SW,SW_CO2_Injection_SW_Moreno1Starkey,SW_CO2_Injection_SW_Moreno1Starkey_co2_captured_edge,CO2Injection,UnidirectionalEdge{CO2Captured},56594.1,0.0,0.0,56594.1
CO2Captured,SW,SW_CO2_Injection_SW_Mokelumne_River2,SW_CO2_Injection_SW_Mokelumne_River2_co2_captured_edge,CO2Injection,UnidirectionalEdge{CO2Captured},83158.7,0.0,0.0,83158.7
CO2Captured,SW,SW_CO2_Injection_SW_Domengine2,SW_CO2_Injection_SW_Domengine2_co2_captured_edge,CO2Injection,UnidirectionalEdge{CO2Captured},46199.3,0.0,0.0,46199.3
CO2Captured,SW,SW_CO2_Injection_SW_Winters2,SW_CO2_Injection_SW_Winters2_co2_captured_edge,CO2Injection,UnidirectionalEdge{CO2Captured},80271.3,0.0,0.0,80271.3
CO2Captured,SW,SW_CO2_Injection_SW_Starkey1,SW_CO2_Injection_SW_Starkey1_co2_captured_edge,CO2Injection,UnidirectionalEdge{CO2Captured},2887.5,0.0,0.0,2887.5
CO2Captured,SW,SW_CO2_Injection_SW_Seven_Rivers1,SW_CO2_Injection_SW_Seven_Rivers1_co2_captured_edge,CO2Injection,UnidirectionalEdge{CO2Captured},50819.2,0.0,0.0,50819.2
CO2Captured,SW,SW_CO2_Injection_SW_Wolfcamp1,SW_CO2_Injection_SW_Wolfcamp1_co2_captured_edge,CO2Injection,UnidirectionalEdge{CO2Captured},37536.9,0.0,0.0,37536.9
CO2Captured,SW,SW_CO2_Injection_SW_Arbuckle4,SW_CO2_Injection_SW_Arbuckle4_co2_captured_edge,CO2Injection,UnidirectionalEdge{CO2Captured},42734.4,0.0,0.0,42734.4
CO2Captured,SW,SW_CO2_Injection_SW_Domengine1,SW_CO2_Injection_SW_Domengine1_co2_captured_edge,CO2Injection,UnidirectionalEdge{CO2Captured},5774.9,0.0,0.0,5774.9
CO2Captured,SW,SW_CO2_Injection_SW_Wolfcamp2,SW_CO2_Injection_SW_Wolfcamp2_co2_captured_edge,CO2Injection,UnidirectionalEdge{CO2Captured},21367.2,0.0,0.0,21367.2
CO2Captured,SW,SW_CO2_Injection_SW_Morrison2,SW_CO2_Injection_SW_Morrison2_co2_captured_edge,CO2Injection,UnidirectionalEdge{CO2Captured},6929.9,0.0,0.0,6929.9
CO2Captured,SW,SW_CO2_Injection_SW_Seven_Rivers2,SW_CO2_Injection_SW_Seven_Rivers2_co2_captured_edge,CO2Injection,UnidirectionalEdge{CO2Captured},9239.9,0.0,0.0,9239.9
CO2Captured,SW,SW_CO2_Injection_SW_Monterey1a,SW_CO2_Injection_SW_Monterey1a_co2_captured_edge,CO2Injection,UnidirectionalEdge{CO2Captured},124160.6,0.0,0.0,124160.6
CO2Captured,SW,SW_CO2_Injection_SW_Monterey1b,SW_CO2_Injection_SW_Monterey1b_co2_captured_edge,CO2Injection,UnidirectionalEdge{CO2Captured},124738.1,0.0,0.0,124738.1
CO2Captured,SW,SW_CO2_Injection_SW_Morrison1,SW_CO2_Injection_SW_Morrison1_co2_captured_edge,CO2Injection,UnidirectionalEdge{CO2Captured},1155.0,0.0,0.0,1155.0
CO2Captured,SW,SW_CO2_Injection_SW_Leonard2,SW_CO2_Injection_SW_Leonard2_co2_captured_edge,CO2Injection,UnidirectionalEdge{CO2Captured},6929.9,0.0,0.0,6929.9
CO2Captured,SW,SW_CO2_Injection_SW_Canyon2,SW_CO2_Injection_SW_Canyon2_co2_captured_edge,CO2Injection,UnidirectionalEdge{CO2Captured},7507.4,0.0,0.0,7507.4
CO2Captured,SW,SW_CO2_Injection_SW_Leonard1,SW_CO2_Injection_SW_Leonard1_co2_captured_edge,CO2Injection,UnidirectionalEdge{CO2Captured},39269.4,0.0,0.0,39269.4
CO2Captured,SW,SW_CO2_Injection_SW_Canyon1,SW_CO2_Injection_SW_Canyon1_co2_captured_edge,CO2Injection,UnidirectionalEdge{CO2Captured},13859.8,0.0,0.0,13859.8
CO2Captured,SW,SW_CO2_Injection_SW_Canyon4,SW_CO2_Injection_SW_Canyon4_co2_captured_edge,CO2Injection,UnidirectionalEdge{CO2Captured},9817.4,0.0,0.0,9817.4
CO2Captured,SW,SW_CO2_Injection_SW_Canyon3,SW_CO2_Injection_SW_Canyon3_co2_captured_edge,CO2Injection,UnidirectionalEdge{CO2Captured},56594.1,0.0,0.0,56594.1
CO2Captured,SW,SW_CO2_Injection_SW_Navajo01,SW_CO2_Injection_SW_Navajo01_co2_captured_edge,CO2Injection,UnidirectionalEdge{CO2Captured},1155.0,0.0,0.0,1155.0
CO2Captured,SW,SW_CO2_Injection_SW_Queen1,SW_CO2_Injection_SW_Queen1_co2_captured_edge,CO2Injection,UnidirectionalEdge{CO2Captured},32917.0,0.0,0.0,32917.0
CO2Captured,SW,SW_CO2_Injection_SW_Queen2,SW_CO2_Injection_SW_Queen2_co2_captured_edge,CO2Injection,UnidirectionalEdge{CO2Captured},5774.9,0.0,0.0,5774.9
CO2Captured,SW,SW_CO2_Injection_SW_Winters1a,SW_CO2_Injection_SW_Winters1a_co2_captured_edge,CO2Injection,UnidirectionalEdge{CO2Captured},2310.0,0.0,0.0,2310.0
CO2Captured,SW,SW_CO2_Injection_SW_Winters1b,SW_CO2_Injection_SW_Winters1b_co2_captured_edge,CO2Injection,UnidirectionalEdge{CO2Captured},2310.0,0.0,0.0,2310.0
CO2Captured,SW,SW_CO2_Injection_SW_Winters1c,SW_CO2_Injection_SW_Winters1c_co2_captured_edge,CO2Injection,UnidirectionalEdge{CO2Captured},1732.5,0.0,0.0,1732.5
CO2Captured,SW,SW_CO2_Injection_SW_Entrada8,SW_CO2_Injection_SW_Entrada8_co2_captured_edge,CO2Injection,UnidirectionalEdge{CO2Captured},4619.9,0.0,0.0,4619.9
CO2Captured,SW,SW_CO2_Injection_SW_Atoka2,SW_CO2_Injection_SW_Atoka2_co2_captured_edge,CO2Injection,UnidirectionalEdge{CO2Captured},5774.9,0.0,0.0,5774.9
CO2Captured,SW,SW_CO2_Injection_SW_Hermosa1b,SW_CO2_Injection_SW_Hermosa1b_co2_captured_edge,CO2Injection,UnidirectionalEdge{CO2Captured},577.5,0.0,0.0,577.5
CO2Captured,SW,SW_CO2_Injection_SW_Atoka1,SW_CO2_Injection_SW_Atoka1_co2_captured_edge,CO2Injection,UnidirectionalEdge{CO2Captured},34072.0,0.0,0.0,34072.0
CO2Captured,SW,SW_CO2_Injection_SW_Hermosa1a,SW_CO2_Injection_SW_Hermosa1a_co2_captured_edge,CO2Injection,UnidirectionalEdge{CO2Captured},577.5,0.0,0.0,577.5
CO2Captured,SW,SW_CO2_Injection_SW_Cisco4,SW_CO2_Injection_SW_Cisco4_co2_captured_edge,CO2Injection,UnidirectionalEdge{CO2Captured},5197.4,0.0,0.0,5197.4
CO2Captured,SW,SW_CO2_Injection_SW_Cisco3,SW_CO2_Injection_SW_Cisco3_co2_captured_edge,CO2Injection,UnidirectionalEdge{CO2Captured},31184.5,0.0,0.0,31184.5
CO2Captured,SW,SW_CO2_Injection_SW_Cisco1,SW_CO2_Injection_SW_Cisco1_co2_captured_edge,CO2Injection,UnidirectionalEdge{CO2Captured},7507.4,0.0,0.0,7507.4
CO2Captured,SW,SW_CO2_Injection_SW_Cisco2,SW_CO2_Injection_SW_Cisco2_co2_captured_edge,CO2Injection,UnidirectionalEdge{CO2Captured},4042.4,0.0,0.0,4042.4
CO2Captured,SW,SW_CO2_Injection_SW_Entrada9,SW_CO2_Injection_SW_Entrada9_co2_captured_edge,CO2Injection,UnidirectionalEdge{CO2Captured},10394.8,0.0,0.0,10394.8
CO2Captured,TX,TX_CO2_Injection_TX_Frio02,TX_CO2_Injection_TX_Frio02_co2_captured_edge,CO2Injection,UnidirectionalEdge{CO2Captured},25987.1,0.0,0.0,25987.1
CO2Captured,TX,TX_CO2_Injection_TX_Frio03a,TX_CO2_Injection_TX_Frio03a_co2_captured_edge,CO2Injection,UnidirectionalEdge{CO2Captured},28297.1,0.0,0.0,28297.1
CO2Captured,TX,TX_CO2_Injection_TX_Frio06,TX_CO2_Injection_TX_Frio06_co2_captured_edge,CO2Injection,UnidirectionalEdge{CO2Captured},42156.9,0.0,0.0,42156.9
CO2Captured,TX,TX_CO2_Injection_TX_Frio09a,TX_CO2_Injection_TX_Frio09a_co2_captured_edge,CO2Injection,UnidirectionalEdge{CO2Captured},54861.7,0.0,0.0,54861.7
CO2Captured,TX,TX_CO2_Injection_TX_Frio12a,TX_CO2_Injection_TX_Frio12a_co2_captured_edge,CO2Injection,UnidirectionalEdge{CO2Captured},46776.8,0.0,0.0,46776.8
CO2Captured,TX,TX_CO2_Injection_TX_Frio12b,TX_CO2_Injection_TX_Frio12b_co2_captured_edge,CO2Injection,UnidirectionalEdge{CO2Captured},42734.4,0.0,0.0,42734.4
CO2Captured,TX,TX_CO2_Injection_TX_Frio07a,TX_CO2_Injection_TX_Frio07a_co2_captured_edge,CO2Injection,UnidirectionalEdge{CO2Captured},38114.4,0.0,0.0,38114.4
CO2Captured,TX,TX_CO2_Injection_TX_Frio10,TX_CO2_Injection_TX_Frio10_co2_captured_edge,CO2Injection,UnidirectionalEdge{CO2Captured},46199.3,0.0,0.0,46199.3
CO2Captured,TX,TX_CO2_Injection_TX_Frio04,TX_CO2_Injection_TX_Frio04_co2_captured_edge,CO2Injection,UnidirectionalEdge{CO2Captured},10972.3,0.0,0.0,10972.3
CO2Captured,TX,TX_CO2_Injection_TX_Frio13a,TX_CO2_Injection_TX_Frio13a_co2_captured_edge,CO2Injection,UnidirectionalEdge{CO2Captured},32339.5,0.0,0.0,32339.5
CO2Captured,TX,TX_CO2_Injection_TX_Frio01,TX_CO2_Injection_TX_Frio01_co2_captured_edge,CO2Injection,UnidirectionalEdge{CO2Captured},12704.8,0.0,0.0,12704.8
CO2Captured,TX,TX_CO2_Injection_TX_Frio03b,TX_CO2_Injection_TX_Frio03b_co2_captured_edge,CO2Injection,UnidirectionalEdge{CO2Captured},13282.3,0.0,0.0,13282.3
CO2Captured,TX,TX_CO2_Injection_TX_Frio09b,TX_CO2_Injection_TX_Frio09b_co2_captured_edge,CO2Injection,UnidirectionalEdge{CO2Captured},25409.6,0.0,0.0,25409.6
CO2Captured,TX,TX_CO2_Injection_TX_Frio13b,TX_CO2_Injection_TX_Frio13b_co2_captured_edge,CO2Injection,UnidirectionalEdge{CO2Captured},29452.1,0.0,0.0,29452.1
CO2Captured,TX,TX_CO2_Injection_TX_Frio13c,TX_CO2_Injection_TX_Frio13c_co2_captured_edge,CO2Injection,UnidirectionalEdge{CO2Captured},25987.1,0.0,0.0,25987.1
CO2Captured,TX,TX_CO2_Injection_TX_Frio11,TX_CO2_Injection_TX_Frio11_co2_captured_edge,CO2Injection,UnidirectionalEdge{CO2Captured},3464.9,0.0,0.0,3464.9
CO2Captured,TX,TX_CO2_Injection_TX_Frio08,TX_CO2_Injection_TX_Frio08_co2_captured_edge,CO2Injection,UnidirectionalEdge{CO2Captured},15014.8,0.0,0.0,15014.8
CO2Captured,TX,TX_CO2_Injection_TX_Lower_Tuscaloosa08,TX_CO2_Injection_TX_Lower_Tuscaloosa08_co2_captured_edge,CO2Injection,UnidirectionalEdge{CO2Captured},86046.2,0.0,0.0,86046.2
CO2Captured,TX,TX_CO2_Injection_TX_Frio05,TX_CO2_Injection_TX_Frio05_co2_captured_edge,CO2Injection,UnidirectionalEdge{CO2Captured},2310.0,0.0,0.0,2310.0
CO2Captured,TX,TX_CO2_Injection_TX_Lower_Tuscaloosa09,TX_CO2_Injection_TX_Lower_Tuscaloosa09_co2_captured_edge,CO2Injection,UnidirectionalEdge{CO2Captured},37536.9,0.0,0.0,37536.9
CO2Captured,TX,TX_CO2_Injection_TX_WashitaFredericksburg3,TX_CO2_Injection_TX_WashitaFredericksburg3_co2_captured_edge,CO2Injection,UnidirectionalEdge{CO2Captured},15592.3,0.0,0.0,15592.3
CO2Captured,TX,TX_CO2_Injection_TX_Paluxy1,TX_CO2_Injection_TX_Paluxy1_co2_captured_edge,CO2Injection,UnidirectionalEdge{CO2Captured},1732.5,0.0,0.0,1732.5
CO2Captured,TX,TX_CO2_Injection_TX_Frio07b,TX_CO2_Injection_TX_Frio07b_co2_captured_edge,CO2Injection,UnidirectionalEdge{CO2Captured},6929.9,0.0,0.0,6929.9
CO2Captured,TX,TX_CO2_Injection_TX_Lower_Tuscaloosa06,TX_CO2_Injection_TX_Lower_Tuscaloosa06_co2_captured_edge,CO2Injection,UnidirectionalEdge{CO2Captured},43311.8,0.0,0.0,43311.8
CO2Captured,NCEN,NCEN_CO2_Injection_NCEN_Mount_Simon03,NCEN_CO2_Injection_NCEN_Mount_Simon03_co2_captured_edge,CO2Injection,UnidirectionalEdge{CO2Captured},90088.6,0.0,0.0,90088.6
CO2Captured,NCEN,NCEN_CO2_Injection_NCEN_Mount_Simon06,NCEN_CO2_Injection_NCEN_Mount_Simon06_co2_captured_edge,CO2Injection,UnidirectionalEdge{CO2Captured},88356.2,0.0,0.0,88356.2
CO2Captured,NCEN,NCEN_CO2_Injection_NCEN_Mount_Simon07,NCEN_CO2_Injection_NCEN_Mount_Simon07_co2_captured_edge,CO2Injection,UnidirectionalEdge{CO2Captured},18479.7,0.0,0.0,18479.7
CO2Captured,NCEN,NCEN_CO2_Injection_NCEN_Mount_Simon05,NCEN_CO2_Injection_NCEN_Mount_Simon05_co2_captured_edge,CO2Injection,UnidirectionalEdge{CO2Captured},5774.9,0.0,0.0,5774.9
CO2Captured,NCEN,NCEN_CO2_Injection_NCEN_Mount_Simon02,NCEN_CO2_Injection_NCEN_Mount_Simon02_co2_captured_edge,CO2Injection,UnidirectionalEdge{CO2Captured},6352.4,0.0,0.0,6352.4
CO2Captured,NCEN,NCEN_CO2_Injection_NCEN_Knox3,NCEN_CO2_Injection_NCEN_Knox3_co2_captured_edge,CO2Injection,UnidirectionalEdge{CO2Captured},6929.9,0.0,0.0,6929.9
CO2Captured,NCEN,NCEN_CO2_Injection_NCEN_Knox5,NCEN_CO2_Injection_NCEN_Knox5_co2_captured_edge,CO2Injection,UnidirectionalEdge{CO2Captured},2310.0,0.0,0.0,2310.0
CO2Captured,NCEN,NCEN_CO2_Injection_NCEN_Knox1,NCEN_CO2_Injection_NCEN_Knox1_co2_captured_edge,CO2Injection,UnidirectionalEdge{CO2Captured},9817.4,0.0,0.0,9817.4
CO2Captured,NCEN,NCEN_CO2_Injection_NCEN_StPeter07,NCEN_CO2_Injection_NCEN_StPeter07_co2_captured_edge,CO2Injection,UnidirectionalEdge{CO2Captured},1732.5,0.0,0.0,1732.5
CO2Captured,NCEN,NCEN_CO2_Injection_NCEN_Mount_Simon08,NCEN_CO2_Injection_NCEN_Mount_Simon08_co2_captured_edge,CO2Injection,UnidirectionalEdge{CO2Captured},4619.9,0.0,0.0,4619.9
CO2Captured,NCEN,NCEN_CO2_Injection_NCEN_Knox4,NCEN_CO2_Injection_NCEN_Knox4_co2_captured_edge,CO2Injection,UnidirectionalEdge{CO2Captured},577.5,0.0,0.0,577.5
CO2Captured,NCEN,NCEN_CO2_Injection_NCEN_Knox6,NCEN_CO2_Injection_NCEN_Knox6_co2_captured_edge,CO2Injection,UnidirectionalEdge{CO2Captured},577.5,0.0,0.0,577.5
CO2Captured,NCEN,NCEN_CO2_Injection_NCEN_Mount_Simon10,NCEN_CO2_Injection_NCEN_Mount_Simon10_co2_captured_edge,CO2Injection,UnidirectionalEdge{CO2Captured},15592.3,0.0,0.0,15592.3
CO2Captured,NCEN,NCEN_CO2_Injection_NCEN_Knox2,NCEN_CO2_Injection_NCEN_Knox2_co2_captured_edge,CO2Injection,UnidirectionalEdge{CO2Captured},2310.0,0.0,0.0,2310.0
CO2Captured,NCEN,NCEN_CO2_Injection_NCEN_Niagaran01,NCEN_CO2_Injection_NCEN_Niagaran01_co2_captured_edge,CO2Injection,UnidirectionalEdge{CO2Captured},6929.9,0.0,0.0,6929.9
CO2Captured,CEN,CEN_CO2_Injection_CEN_Woodbine1,CEN_CO2_Injection_CEN_Woodbine1_co2_captured_edge,CO2Injection,UnidirectionalEdge{CO2Captured},150147.7,0.0,0.0,150147.7
CO2Captured,CEN,CEN_CO2_Injection_CEN_Lower_Tuscaloosa01,CEN_CO2_Injection_CEN_Lower_Tuscaloosa01_co2_captured_edge,CO2Injection,UnidirectionalEdge{CO2Captured},75651.4,0.0,0.0,75651.4
CO2Captured,CEN,CEN_CO2_Injection_CEN_Lower_Tuscaloosa10,CEN_CO2_Injection_CEN_Lower_Tuscaloosa10_co2_captured_edge,CO2Injection,UnidirectionalEdge{CO2Captured},46199.3,0.0,0.0,46199.3
CO2Captured,CEN,CEN_CO2_Injection_CEN_Arbuckle1,CEN_CO2_Injection_CEN_Arbuckle1_co2_captured_edge,CO2Injection,UnidirectionalEdge{CO2Captured},9817.4,0.0,0.0,9817.4
CO2Captured,CEN,CEN_CO2_Injection_CEN_Paluxy6,CEN_CO2_Injection_CEN_Paluxy6_co2_captured_edge,CO2Injection,UnidirectionalEdge{CO2Captured},20789.7,0.0,0.0,20789.7
CO2Captured,CEN,CEN_CO2_Injection_CEN_Paluxy2,CEN_CO2_Injection_CEN_Paluxy2_co2_captured_edge,CO2Injection,UnidirectionalEdge{CO2Captured},46776.8,0.0,0.0,46776.8
CO2Captured,CEN,CEN_CO2_Injection_CEN_Paluxy3,CEN_CO2_Injection_CEN_Paluxy3_co2_captured_edge,CO2Injection,UnidirectionalEdge{CO2Captured},36959.4,0.0,0.0,36959.4
CO2Captured,CEN,CEN_CO2_Injection_CEN_Basal_Cambrian8,CEN_CO2_Injection_CEN_Basal_Cambrian8_co2_captured_edge,CO2Injection,UnidirectionalEdge{CO2Captured},25409.6,0.0,0.0,25409.6
CO2Captured,CEN,CEN_CO2_Injection_CEN_Lower_Tuscaloosa07,CEN_CO2_Injection_CEN_Lower_Tuscaloosa07_co2_captured_edge,CO2Injection,UnidirectionalEdge{CO2Captured},4619.9,0.0,0.0,4619.9
CO2Captured,SE,SE_CO2_Injection_SE_WashitaFredericksburg1,SE_CO2_Injection_SE_WashitaFredericksburg1_co2_captured_edge,CO2Injection,UnidirectionalEdge{CO2Captured},19634.7,0.0,0.0,19634.7
CO2Captured,SE,SE_CO2_Injection_SE_Lower_Tuscaloosa02,SE_CO2_Injection_SE_Lower_Tuscaloosa02_co2_captured_edge,CO2Injection,UnidirectionalEdge{CO2Captured},21367.2,0.0,0.0,21367.2
CO2Captured,SE,SE_CO2_Injection_SE_WashitaFredericksburg2,SE_CO2_Injection_SE_WashitaFredericksburg2_co2_captured_edge,CO2Injection,UnidirectionalEdge{CO2Captured},12704.8,0.0,0.0,12704.8
CO2Captured,SE,SE_CO2_Injection_SE_Cedar_KeysLawson2,SE_CO2_Injection_SE_Cedar_KeysLawson2_co2_captured_edge,CO2Injection,UnidirectionalEdge{CO2Captured},14437.3,0.0,0.0,14437.3
CO2Captured,SE,SE_CO2_Injection_SE_Paluxy5,SE_CO2_Injection_SE_Paluxy5_co2_captured_edge,CO2Injection,UnidirectionalEdge{CO2Captured},8662.4,0.0,0.0,8662.4
CO2Captured,SE,SE_CO2_Injection_SE_Lower_Tuscaloosa03,SE_CO2_Injection_SE_Lower_Tuscaloosa03_co2_captured_edge,CO2Injection,UnidirectionalEdge{CO2Captured},55439.2,0.0,0.0,55439.2
CO2Captured,SE,SE_CO2_Injection_SE_Paluxy4,SE_CO2_Injection_SE_Paluxy4_co2_captured_edge,CO2Injection,UnidirectionalEdge{CO2Captured},15014.8,0.0,0.0,15014.8
CO2Captured,SE,SE_CO2_Injection_SE_Lower_Tuscaloosa04,SE_CO2_Injection_SE_Lower_Tuscaloosa04_co2_captured_edge,CO2Injection,UnidirectionalEdge{CO2Captured},6929.9,0.0,0.0,6929.9
CO2Captured,SE,SE_CO2_Injection_SE_Cedar_KeysLawson1,SE_CO2_Injection_SE_Cedar_KeysLawson1_co2_captured_edge,CO2Injection,UnidirectionalEdge{CO2Captured},2887.5,0.0,0.0,2887.5
CO2Captured,SE,SE_CO2_Injection_SE_Lower_Tuscaloosa05,SE_CO2_Injection_SE_Lower_Tuscaloosa05_co2_captured_edge,CO2Injection,UnidirectionalEdge{CO2Captured},9239.9,0.0,0.0,9239.9
CO2Captured,SE,SE_CO2_Injection_SE_Sunniland1,SE_CO2_Injection_SE_Sunniland1_co2_captured_edge,CO2Injection,UnidirectionalEdge{CO2Captured},577.5,0.0,0.0,577.5
CO2Captured,MIDAT,MIDAT_CO2_Injection_MIDAT_Waste_Gate1,MIDAT_CO2_Injection_MIDAT_Waste_Gate1_co2_captured_edge,CO2Injection,UnidirectionalEdge{CO2Captured},1155.0,0.0,0.0,1155.0
CO2Captured,CA,co2_CA_to_NW,co2_CA_to_NW_charge_edge,GasStorage{CO2Captured},UnidirectionalEdge{CO2Captured},3.2377826618718814e-12,3.2377826618718814e-12,0.0,0.0
CO2Captured,CA,co2_CA_to_NW,co2_CA_to_NW_discharge_edge,GasStorage{CO2Captured},UnidirectionalEdge{CO2Captured},4.54589535901951e-12,4.54589535901951e-12,0.0,0.0
CO2Captured,NW,co2_NW_to_CA,co2_NW_to_CA_charge_edge,GasStorage{CO2Captured},UnidirectionalEdge{CO2Captured},7.71620086156928e-13,7.71620086156928e-13,0.0,0.0
CO2Captured,NW,co2_NW_to_CA,co2_NW_to_CA_discharge_edge,GasStorage{CO2Captured},UnidirectionalEdge{CO2Captured},2.08511324391189e-12,2.08511324391189e-12,0.0,0.0
CO2Captured,CA,co2_CA_to_SW,co2_CA_to_SW_charge_edge,GasStorage{CO2Captured},UnidirectionalEdge{CO2Captured},2.361731778852769e-12,2.3617317788527687e-12,0.0,0.0
CO2Captured,CA,co2_CA_to_SW,co2_CA_to_SW_discharge_edge,GasStorage{CO2Captured},UnidirectionalEdge{CO2Captured},4.021254822234398e-12,4.021254822234398e-12,0.0,0.0
CO2Captured,SW,co2_SW_to_CA,co2_SW_to_CA_charge_edge,GasStorage{CO2Captured},UnidirectionalEdge{CO2Captured},1.4140857704550453e-12,1.4140857704550453e-12,0.0,0.0
CO2Captured,SW,co2_SW_to_CA,co2_SW_to_CA_discharge_edge,GasStorage{CO2Captured},UnidirectionalEdge{CO2Captured},3.056783994966288e-12,3.056783994966288e-12,0.0,0.0
CO2Captured,NW,co2_NW_to_SW,co2_NW_to_SW_charge_edge,GasStorage{CO2Captured},UnidirectionalEdge{CO2Captured},9.012202778980715e-13,9.012202778980714e-13,0.0,0.0
CO2Captured,NW,co2_NW_to_SW,co2_NW_to_SW_discharge_edge,GasStorage{CO2Captured},UnidirectionalEdge{CO2Captured},2.3235316247583506e-12,2.3235316247583506e-12,0.0,0.0
CO2Captured,SW,co2_SW_to_NW,co2_SW_to_NW_charge_edge,GasStorage{CO2Captured},UnidirectionalEdge{CO2Captured},3.4744509528826608e-12,3.4744509528826608e-12,0.0,0.0
CO2Captured,SW,co2_SW_to_NW,co2_SW_to_NW_discharge_edge,GasStorage{CO2Captured},UnidirectionalEdge{CO2Captured},4.8685652105951406e-12,4.8685652105951406e-12,0.0,0.0
CO2Captured,SW,co2_SW_to_CEN,co2_SW_to_CEN_charge_edge,GasStorage{CO2Captured},UnidirectionalEdge{CO2Captured},6.121803188114896e-13,6.121803188114895e-13,0.0,0.0
CO2Captured,SW,co2_SW_to_CEN,co2_SW_to_CEN_discharge_edge,GasStorage{CO2Captured},UnidirectionalEdge{CO2Captured},1.7152538982635914e-12,1.7152538982635914e-12,0.0,0.0
CO2Captured,CEN,co2_CEN_to_SW,co2_CEN_to_SW_charge_edge,GasStorage{CO2Captured},UnidirectionalEdge{CO2Captured},1.2408351776356151e-11,1.2408351776356151e-11,0.0,0.0
CO2Captured,CEN,co2_CEN_to_SW,co2_CEN_to_SW_discharge_edge,GasStorage{CO2Captured},UnidirectionalEdge{CO2Captured},1.349847205688759e-11,1.349847205688759e-11,0.0,0.0
CO2Captured,TX,co2_TX_to_CEN,co2_TX_to_CEN_charge_edge,GasStorage{CO2Captured},UnidirectionalEdge{CO2Captured},1.1608293878857263e-12,1.1608293878857261e-12,0.0,0.0
CO2Captured,TX,co2_TX_to_CEN,co2_TX_to_CEN_discharge_edge,GasStorage{CO2Captured},UnidirectionalEdge{CO2Captured},2.7675942492063327e-12,2.7675942492063323e-12,0.0,0.0
CO2Captured,CEN,co2_CEN_to_TX,co2_CEN_to_TX_charge_edge,GasStorage{CO2Captured},UnidirectionalEdge{CO2Captured},3.4666921882836964e-12,3.4666921882836964e-12,0.0,0.0
CO2Captured,CEN,co2_CEN_to_TX,co2_CEN_to_TX_discharge_edge,GasStorage{CO2Captured},UnidirectionalEdge{CO2Captured},5.08301261284323e-12,5.0830126128432295e-12,0.0,0.0
CO2Captured,NCEN,co2_NCEN_to_CEN,co2_NCEN_to_CEN_charge_edge,GasStorage{CO2Captured},UnidirectionalEdge{CO2Captured},5.751354800867273e-12,5.751354800867273e-12,0.0,0.0
CO2Captured,NCEN,co2_NCEN_to_CEN,co2_NCEN_to_CEN_discharge_edge,GasStorage{CO2Captured},UnidirectionalEdge{CO2Captured},7.38307039079306e-12,7.38307039079306e-12,0.0,0.0
CO2Captured,CEN,co2_CEN_to_NCEN,co2_CEN_to_NCEN_charge_edge,GasStorage{CO2Captured},UnidirectionalEdge{CO2Captured},1.0275715717201706e-12,1.0275715717201704e-12,0.0,0.0
CO2Captured,CEN,co2_CEN_to_NCEN,co2_CEN_to_NCEN_discharge_edge,GasStorage{CO2Captured},UnidirectionalEdge{CO2Captured},2.7071118054532427e-12,2.7071118054532427e-12,0.0,0.0
CO2Captured,NCEN,co2_NCEN_to_SE,co2_NCEN_to_SE_charge_edge,GasStorage{CO2Captured},UnidirectionalEdge{CO2Captured},7.341005416933075e-13,7.341005416933074e-13,0.0,0.0
CO2Captured,NCEN,co2_NCEN_to_SE,co2_NCEN_to_SE_discharge_edge,GasStorage{CO2Captured},UnidirectionalEdge{CO2Captured},1.6546695689793534e-12,1.6546695689793532e-12,0.0,0.0
CO2Captured,SE,co2_SE_to_NCEN,co2_SE_to_NCEN_charge_edge,GasStorage{CO2Captured},UnidirectionalEdge{CO2Captured},1.263531662784883e-12,1.263531662784883e-12,0.0,0.0
CO2Captured,SE,co2_SE_to_NCEN,co2_SE_to_NCEN_discharge_edge,GasStorage{CO2Captured},UnidirectionalEdge{CO2Captured},2.1838406923785353e-12,2.1838406923785353e-12,0.0,0.0
CO2Captured,NCEN,co2_NCEN_to_MIDAT,co2_NCEN_to_MIDAT_charge_edge,GasStorage{CO2Captured},UnidirectionalEdge{CO2Captured},6.380613027230779e-13,6.380613027230778e-13,0.0,0.0
CO2Captured,NCEN,co2_NCEN_to_MIDAT,co2_NCEN_to_MIDAT_discharge_edge,GasStorage{CO2Captured},UnidirectionalEdge{CO2Captured},1.6973540018833502e-12,1.69735400188335e-12,0.0,0.0
CO2Captured,MIDAT,co2_MIDAT_to_NCEN,co2_MIDAT_to_NCEN_charge_edge,GasStorage{CO2Captured},UnidirectionalEdge{CO2Captured},6.508473789291866e-12,6.508473789291866e-12,0.0,0.0
CO2Captured,MIDAT,co2_MIDAT_to_NCEN,co2_MIDAT_to_NCEN_discharge_edge,GasStorage{CO2Captured},UnidirectionalEdge{CO2Captured},7.558679045543832e-12,7.558679045543832e-12,0.0,0.0
CO2Captured,CEN,co2_CEN_to_SE,co2_CEN_to_SE_charge_edge,GasStorage{CO2Captured},UnidirectionalEdge{CO2Captured},6.178401835978427e-13,6.178401835978426e-13,0.0,0.0
CO2Captured,CEN,co2_CEN_to_SE,co2_CEN_to_SE_discharge_edge,GasStorage{CO2Captured},UnidirectionalEdge{CO2Captured},1.6665315602747095e-12,1.6665315602747093e-12,0.0,0.0
CO2Captured,SE,co2_SE_to_CEN,co2_SE_to_CEN_charge_edge,GasStorage{CO2Captured},UnidirectionalEdge{CO2Captured},4.109651824291204e-12,4.109651824291204e-12,0.0,0.0
CO2Captured,SE,co2_SE_to_CEN,co2_SE_to_CEN_discharge_edge,GasStorage{CO2Captured},UnidirectionalEdge{CO2Captured},5.140006443795541e-12,5.140006443795541e-12,0.0,0.0
CO2Captured,SE,co2_SE_to_MIDAT,co2_SE_to_MIDAT_charge_edge,GasStorage{CO2Captured},UnidirectionalEdge{CO2Captured},1.0248835871910323e-12,1.0248835871910323e-12,0.0,0.0
CO2Captured,SE,co2_SE_to_MIDAT,co2_SE_to_MIDAT_discharge_edge,GasStorage{CO2Captured},UnidirectionalEdge{CO2Captured},2.6176221991712074e-12,2.617622199171207e-12,0.0,0.0
CO2Captured,MIDAT,co2_MIDAT_to_SE,co2_MIDAT_to_SE_charge_edge,GasStorage{CO2Captured},UnidirectionalEdge{CO2Captured},8.079229537679574e-12,8.079229537679574e-12,0.0,0.0
CO2Captured,MIDAT,co2_MIDAT_to_SE,co2_MIDAT_to_SE_discharge_edge,GasStorage{CO2Captured},UnidirectionalEdge{CO2Captured},9.644940698878347e-12,9.644940698878345e-12,0.0,0.0
CO2Captured,MIDAT,co2_MIDAT_to_NE,co2_MIDAT_to_NE_charge_edge,GasStorage{CO2Captured},UnidirectionalEdge{CO2Captured},1.069845738632489e-12,1.069845738632489e-12,0.0,0.0
CO2Captured,MIDAT,co2_MIDAT_to_NE,co2_MIDAT_to_NE_discharge_edge,GasStorage{CO2Captured},UnidirectionalEdge{CO2Captured},2.734543941862631e-12,2.7345439418626306e-12,0.0,0.0
CO2Captured,NE,co2_NE_to_MIDAT,co2_NE_to_MIDAT_charge_edge,GasStorage{CO2Captured},UnidirectionalEdge{CO2Captured},7.569941347935835e-12,7.569941347935835e-12,0.0,0.0
CO2Captured,NE,co2_NE_to_MIDAT,co2_NE_to_MIDAT_discharge_edge,GasStorage{CO2Captured},UnidirectionalEdge{CO2Captured},9.191591947974253e-12,9.191591947974252e-12,0.0,0.0
Electricity,CA,CA_battery_moderate_0,CA_battery_moderate_0_discharge_edge,Battery,UnidirectionalEdge{Electricity},1.243266446430368e-11,1.243266446430368e-11,0.0,0.0
Electricity,NW,NW_battery_moderate_0,NW_battery_moderate_0_discharge_edge,Battery,UnidirectionalEdge{Electricity},1.2556486752324393e-11,1.2556486752324393e-11,0.0,0.0
Electricity,SW,SW_battery_moderate_0,SW_battery_moderate_0_discharge_edge,Battery,UnidirectionalEdge{Electricity},1.2692183718896166e-11,1.2692183718896166e-11,0.0,0.0
Electricity,TX,TX_battery_moderate_0,TX_battery_moderate_0_discharge_edge,Battery,UnidirectionalEdge{Electricity},1.2120536610452163e-11,1.2120536610452163e-11,0.0,0.0
Electricity,NCEN,NCEN_battery_moderate_0,NCEN_battery_moderate_0_discharge_edge,Battery,UnidirectionalEdge{Electricity},1.2155765898601188e-11,1.2155765898601188e-11,0.0,0.0
Electricity,CEN,CEN_battery_moderate_0,CEN_battery_moderate_0_discharge_edge,Battery,UnidirectionalEdge{Electricity},1.2077705861637065e-11,1.2077705861637065e-11,0.0,0.0
Electricity,SE,SE_battery_moderate_0,SE_battery_moderate_0_discharge_edge,Battery,UnidirectionalEdge{Electricity},1.2082243483070073e-11,1.2082243483070073e-11,0.0,0.0
Electricity,MIDAT,MIDAT_battery_moderate_0,MIDAT_battery_moderate_0_discharge_edge,Battery,UnidirectionalEdge{Electricity},1.227608867129403e-11,1.227608867129403e-11,0.0,0.0
Electricity,NE,NE_battery_moderate_0,NE_battery_moderate_0_discharge_edge,Battery,UnidirectionalEdge{Electricity},1.2149509369438454e-11,1.2149509369438454e-11,0.0,0.0
Electricity,CA,CA_hydroelectric_pumped_storage_1,CA_hydroelectric_pumped_storage_1_discharge_edge,Battery,UnidirectionalEdge{Electricity},0.0,0.0,0.0,0.0
Electricity,CEN,CEN_hydroelectric_pumped_storage_1,CEN_hydroelectric_pumped_storage_1_discharge_edge,Battery,UnidirectionalEdge{Electricity},0.0,0.0,0.0,0.0
Electricity,MIDAT,MIDAT_hydroelectric_pumped_storage_1,MIDAT_hydroelectric_pumped_storage_1_discharge_edge,Battery,UnidirectionalEdge{Electricity},0.0,0.0,0.0,0.0
Electricity,NE,NE_hydroelectric_pumped_storage_1,NE_hydroelectric_pumped_storage_1_discharge_edge,Battery,UnidirectionalEdge{Electricity},0.0,0.0,0.0,0.0
Electricity,NW,NW_hydroelectric_pumped_storage_1,NW_hydroelectric_pumped_storage_1_discharge_edge,Battery,UnidirectionalEdge{Electricity},0.0,0.0,0.0,0.0
Electricity,NCEN,NCEN_hydroelectric_pumped_storage_1,NCEN_hydroelectric_pumped_storage_1_discharge_edge,Battery,UnidirectionalEdge{Electricity},0.0,0.0,0.0,0.0
Electricity,SE,SE_hydroelectric_pumped_storage_1,SE_hydroelectric_pumped_storage_1_discharge_edge,Battery,UnidirectionalEdge{Electricity},0.0,0.0,0.0,0.0
Electricity,SW,SW_hydroelectric_pumped_storage_1,SW_hydroelectric_pumped_storage_1_discharge_edge,Battery,UnidirectionalEdge{Electricity},0.0,0.0,0.0,0.0
CO2,CA,CA_Sorbent_DAC,CA_Sorbent_DAC_co2_edge,ElectricDAC,UnidirectionalEdge{CO2},2.79751309612194e-13,2.79751309612194e-13,0.0,0.0
CO2,NW,NW_Sorbent_DAC,NW_Sorbent_DAC_co2_edge,ElectricDAC,UnidirectionalEdge{CO2},2.827428638143392e-13,2.827428638143392e-13,0.0,0.0
CO2,SW,SW_Sorbent_DAC,SW_Sorbent_DAC_co2_edge,ElectricDAC,UnidirectionalEdge{CO2},2.806363328127106e-13,2.806363328127106e-13,0.0,0.0
CO2,TX,TX_Sorbent_DAC,TX_Sorbent_DAC_co2_edge,ElectricDAC,UnidirectionalEdge{CO2},2.5783768295703877e-13,2.5783768295703877e-13,0.0,0.0
CO2,NCEN,NCEN_Sorbent_DAC,NCEN_Sorbent_DAC_co2_edge,ElectricDAC,UnidirectionalEdge{CO2},2.590863693226081e-13,2.590863693226081e-13,0.0,0.0
CO2,CEN,CEN_Sorbent_DAC,CEN_Sorbent_DAC_co2_edge,ElectricDAC,UnidirectionalEdge{CO2},2.5786149832077563e-13,2.5786149832077563e-13,0.0,0.0
CO2,SE,SE_Sorbent_DAC,SE_Sorbent_DAC_co2_edge,ElectricDAC,UnidirectionalEdge{CO2},2.606603203368081e-13,2.606603203368081e-13,0.0,0.0
CO2,MIDAT,MIDAT_Sorbent_DAC,MIDAT_Sorbent_DAC_co2_edge,ElectricDAC,UnidirectionalEdge{CO2},2.6121368050076193e-13,2.6121368050076193e-13,0.0,0.0
CO2,NE,NE_Sorbent_DAC,NE_Sorbent_DAC_co2_edge,ElectricDAC,UnidirectionalEdge{CO2},2.612810730987945e-13,2.612810730987945e-13,0.0,0.0
Hydrogen,CA,CA_Electrolyzer,CA_Electrolyzer_h2_edge,Electrolyzer,EdgeWithUC{Hydrogen},2.57035481458419e-11,2.57035481458419e-11,0.0,0.0
Hydrogen,NW,NW_Electrolyzer,NW_Electrolyzer_h2_edge,Electrolyzer,EdgeWithUC{Hydrogen},2.5733259267127612e-11,2.573325926712761e-11,0.0,0.0
Hydrogen,SW,SW_Electrolyzer,SW_Electrolyzer_h2_edge,Electrolyzer,EdgeWithUC{Hydrogen},2.5891763898706316e-11,2.5891763898706316e-11,0.0,0.0
Hydrogen,TX,TX_Electrolyzer,TX_Electrolyzer_h2_edge,Electrolyzer,EdgeWithUC{Hydrogen},2.8146860407457406e-11,2.8146860407457406e-11,0.0,0.0
Hydrogen,NCEN,NCEN_Electrolyzer,NCEN_Electrolyzer_h2_edge,Electrolyzer,EdgeWithUC{Hydrogen},2.794166008586358e-11,2.7941660085863578e-11,0.0,0.0
Hydrogen,CEN,CEN_Electrolyzer,CEN_Electrolyzer_h2_edge,Electrolyzer,EdgeWithUC{Hydrogen},2.7802055605289414e-11,2.7802055605289414e-11,0.0,0.0
Hydrogen,SE,SE_Electrolyzer,SE_Electrolyzer_h2_edge,Electrolyzer,EdgeWithUC{Hydrogen},2.8003436356774734e-11,2.8003436356774734e-11,0.0,0.0
Hydrogen,MIDAT,MIDAT_Electrolyzer,MIDAT_Electrolyzer_h2_edge,Electrolyzer,EdgeWithUC{Hydrogen},2.839273393191795e-11,2.839273393191795e-11,0.0,0.0
Hydrogen,NE,NE_Electrolyzer,NE_Electrolyzer_h2_edge,Electrolyzer,EdgeWithUC{Hydrogen},2.8996830866637072e-11,2.8996830866637072e-11,0.0,0.0
Electricity,CA,CA_onshore_wind_turbine_1,CA_onshore_wind_turbine_1_edge,VRE,UnidirectionalEdge{Electricity},0.0,0.0,0.0,0.0
Electricity,CA,CA_solar_photovoltaic_1,CA_solar_photovoltaic_1_edge,VRE,UnidirectionalEdge{Electricity},0.0,0.0,0.0,0.0
Electricity,CEN,CEN_onshore_wind_turbine_1,CEN_onshore_wind_turbine_1_edge,VRE,UnidirectionalEdge{Electricity},0.0,0.0,0.0,0.0
Electricity,CEN,CEN_solar_photovoltaic_1,CEN_solar_photovoltaic_1_edge,VRE,UnidirectionalEdge{Electricity},0.0,0.0,0.0,0.0
Electricity,MIDAT,MIDAT_onshore_wind_turbine_1,MIDAT_onshore_wind_turbine_1_edge,VRE,UnidirectionalEdge{Electricity},0.0,0.0,0.0,0.0
Electricity,MIDAT,MIDAT_solar_photovoltaic_1,MIDAT_solar_photovoltaic_1_edge,VRE,UnidirectionalEdge{Electricity},0.0,0.0,0.0,0.0
Electricity,NE,NE_onshore_wind_turbine_1,NE_onshore_wind_turbine_1_edge,VRE,UnidirectionalEdge{Electricity},0.0,0.0,0.0,0.0
Electricity,NE,NE_solar_photovoltaic_1,NE_solar_photovoltaic_1_edge,VRE,UnidirectionalEdge{Electricity},0.0,0.0,0.0,0.0
Electricity,NW,NW_onshore_wind_turbine_1,NW_onshore_wind_turbine_1_edge,VRE,UnidirectionalEdge{Electricity},0.0,0.0,0.0,0.0
Electricity,NW,NW_solar_photovoltaic_1,NW_solar_photovoltaic_1_edge,VRE,UnidirectionalEdge{Electricity},0.0,0.0,0.0,0.0
Electricity,NCEN,NCEN_onshore_wind_turbine_1,NCEN_onshore_wind_turbine_1_edge,VRE,UnidirectionalEdge{Electricity},0.0,0.0,0.0,0.0
Electricity,NCEN,NCEN_solar_photovoltaic_1,NCEN_solar_photovoltaic_1_edge,VRE,UnidirectionalEdge{Electricity},0.0,0.0,0.0,0.0
Electricity,SE,SE_solar_photovoltaic_1,SE_solar_photovoltaic_1_edge,VRE,UnidirectionalEdge{Electricity},0.0,0.0,0.0,0.0
Electricity,SW,SW_onshore_wind_turbine_1,SW_onshore_wind_turbine_1_edge,VRE,UnidirectionalEdge{Electricity},0.0,0.0,0.0,0.0
Electricity,SW,SW_solar_photovoltaic_1,SW_solar_photovoltaic_1_edge,VRE,UnidirectionalEdge{Electricity},0.0,0.0,0.0,0.0
Electricity,TX,TX_onshore_wind_turbine_1,TX_onshore_wind_turbine_1_edge,VRE,UnidirectionalEdge{Electricity},0.0,0.0,0.0,0.0
Electricity,TX,TX_solar_photovoltaic_1,TX_solar_photovoltaic_1_edge,VRE,UnidirectionalEdge{Electricity},0.0,0.0,0.0,0.0
Electricity,CA,CA_CCGT-H2,CA_CCGT-H2_elec_edge,ThermalPower{Hydrogen},EdgeWithUC{Electricity},4.659139247710911e-11,4.659139247710911e-11,0.0,0.0
Electricity,NW,NW_CCGT-H2,NW_CCGT-H2_elec_edge,ThermalPower{Hydrogen},EdgeWithUC{Electricity},4.7277335019668374e-11,4.7277335019668374e-11,0.0,0.0
Electricity,SW,SW_CCGT-H2,SW_CCGT-H2_elec_edge,ThermalPower{Hydrogen},EdgeWithUC{Electricity},4.45455457425887e-11,4.45455457425887e-11,0.0,0.0
Electricity,TX,TX_CCGT-H2,TX_CCGT-H2_elec_edge,ThermalPower{Hydrogen},EdgeWithUC{Electricity},5.586606087160017e-11,5.586606087160017e-11,0.0,0.0
Electricity,NCEN,NCEN_CCGT-H2,NCEN_CCGT-H2_elec_edge,ThermalPower{Hydrogen},EdgeWithUC{Electricity},4.7880651115235347e-11,4.7880651115235347e-11,0.0,0.0
Electricity,CEN,CEN_CCGT-H2,CEN_CCGT-H2_elec_edge,ThermalPower{Hydrogen},EdgeWithUC{Electricity},5.350415332453313e-11,5.350415332453313e-11,0.0,0.0
Electricity,SE,SE_CCGT-H2,SE_CCGT-H2_elec_edge,ThermalPower{Hydrogen},EdgeWithUC{Electricity},4.334149921314986e-11,4.3341499213149866e-11,0.0,0.0
Electricity,MIDAT,MIDAT_CCGT-H2,MIDAT_CCGT-H2_elec_edge,ThermalPower{Hydrogen},EdgeWithUC{Electricity},3.97282913538749e-11,3.97282913538749e-11,0.0,0.0
Electricity,NE,NE_CCGT-H2,NE_CCGT-H2_elec_edge,ThermalPower{Hydrogen},EdgeWithUC{Electricity},3.979586977207929e-11,3.979586977207929e-11,0.0,0.0
Electricity,CA,CA_OCGT-H2,CA_OCGT-H2_elec_edge,ThermalPower{Hydrogen},EdgeWithUC{Electricity},3.1192878993813554e-11,3.119287899381355e-11,0.0,0.0
Electricity,NW,NW_OCGT-H2,NW_OCGT-H2_elec_edge,ThermalPower{Hydrogen},EdgeWithUC{Electricity},3.1443547359441314e-11,3.1443547359441314e-11,0.0,0.0
Electricity,SW,SW_OCGT-H2,SW_OCGT-H2_elec_edge,ThermalPower{Hydrogen},EdgeWithUC{Electricity},3.095190617382294e-11,3.0951906173822935e-11,0.0,0.0
Electricity,TX,TX_OCGT-H2,TX_OCGT-H2_elec_edge,ThermalPower{Hydrogen},EdgeWithUC{Electricity},4.888661695336731e-11,4.888661695336731e-11,0.0,0.0
Electricity,NCEN,NCEN_OCGT-H2,NCEN_OCGT-H2_elec_edge,ThermalPower{Hydrogen},EdgeWithUC{Electricity},4.5125614821784595e-11,4.512561482178459e-11,0.0,0.0
Electricity,CEN,CEN_OCGT-H2,CEN_OCGT-H2_elec_edge,ThermalPower{Hydrogen},EdgeWithUC{Electricity},4.8426819057128156e-11,4.8426819057128156e-11,0.0,0.0
Electricity,SE,SE_OCGT-H2,SE_OCGT-H2_elec_edge,ThermalPower{Hydrogen},EdgeWithUC{Electricity},4.1710388267033594e-11,4.1710388267033594e-11,0.0,0.0
Electricity,MIDAT,MIDAT_OCGT-H2,MIDAT_OCGT-H2_elec_edge,ThermalPower{Hydrogen},EdgeWithUC{Electricity},3.80442484456533e-11,3.80442484456533e-11,0.0,0.0
Electricity,NE,NE_OCGT-H2,NE_OCGT-H2_elec_edge,ThermalPower{Hydrogen},EdgeWithUC{Electricity},3.738623413028896e-11,3.738623413028896e-11,0.0,0.0
Hydrogen,CA,h2_CA_to_NW,h2_CA_to_NW_charge_edge,GasStorage{Hydrogen},UnidirectionalEdge{Hydrogen},8.159741665662767e-13,8.159741665662767e-13,0.0,0.0
Hydrogen,CA,h2_CA_to_NW,h2_CA_to_NW_discharge_edge,GasStorage{Hydrogen},UnidirectionalEdge{Hydrogen},1.77781711545078e-12,1.7778171154507798e-12,0.0,0.0
Hydrogen,NW,h2_NW_to_CA,h2_NW_to_CA_charge_edge,GasStorage{Hydrogen},UnidirectionalEdge{Hydrogen},7.933265038858835e-13,7.933265038858834e-13,0.0,0.0
Hydrogen,NW,h2_NW_to_CA,h2_NW_to_CA_discharge_edge,GasStorage{Hydrogen},UnidirectionalEdge{Hydrogen},1.7727888096086252e-12,1.772788809608625e-12,0.0,0.0
Hydrogen,CA,h2_CA_to_SW,h2_CA_to_SW_charge_edge,GasStorage{Hydrogen},UnidirectionalEdge{Hydrogen},1.0825258650923047e-12,1.0825258650923045e-12,0.0,0.0
Hydrogen,CA,h2_CA_to_SW,h2_CA_to_SW_discharge_edge,GasStorage{Hydrogen},UnidirectionalEdge{Hydrogen},2.2965924547786065e-12,2.2965924547786065e-12,0.0,0.0
Hydrogen,SW,h2_SW_to_CA,h2_SW_to_CA_charge_edge,GasStorage{Hydrogen},UnidirectionalEdge{Hydrogen},9.945966922697859e-13,9.945966922697859e-13,0.0,0.0
Hydrogen,SW,h2_SW_to_CA,h2_SW_to_CA_discharge_edge,GasStorage{Hydrogen},UnidirectionalEdge{Hydrogen},2.2444887427298562e-12,2.244488742729856e-12,0.0,0.0
Hydrogen,NW,h2_NW_to_SW,h2_NW_to_SW_charge_edge,GasStorage{Hydrogen},UnidirectionalEdge{Hydrogen},9.020869111811079e-13,9.020869111811078e-13,0.0,0.0
Hydrogen,NW,h2_NW_to_SW,h2_NW_to_SW_discharge_edge,GasStorage{Hydrogen},UnidirectionalEdge{Hydrogen},1.9600742910295815e-12,1.9600742910295815e-12,0.0,0.0
Hydrogen,SW,h2_SW_to_NW,h2_SW_to_NW_charge_edge,GasStorage{Hydrogen},UnidirectionalEdge{Hydrogen},8.530492457464142e-13,8.530492457464142e-13,0.0,0.0
Hydrogen,SW,h2_SW_to_NW,h2_SW_to_NW_discharge_edge,GasStorage{Hydrogen},UnidirectionalEdge{Hydrogen},1.9189202258009477e-12,1.9189202258009473e-12,0.0,0.0
Hydrogen,SW,h2_SW_to_CEN,h2_SW_to_CEN_charge_edge,GasStorage{Hydrogen},UnidirectionalEdge{Hydrogen},1.311035104397253e-12,1.3110351043972528e-12,0.0,0.0
Hydrogen,SW,h2_SW_to_CEN,h2_SW_to_CEN_discharge_edge,GasStorage{Hydrogen},UnidirectionalEdge{Hydrogen},2.1278125573382963e-12,2.127812557338296e-12,0.0,0.0
Hydrogen,CEN,h2_CEN_to_SW,h2_CEN_to_SW_charge_edge,GasStorage{Hydrogen},UnidirectionalEdge{Hydrogen},4.747090013473192e-13,4.747090013473191e-13,0.0,0.0
Hydrogen,CEN,h2_CEN_to_SW,h2_CEN_to_SW_discharge_edge,GasStorage{Hydrogen},UnidirectionalEdge{Hydrogen},1.3251460843523241e-12,1.3251460843523241e-12,0.0,0.0
Hydrogen,TX,h2_TX_to_CEN,h2_TX_to_CEN_charge_edge,GasStorage{Hydrogen},UnidirectionalEdge{Hydrogen},9.055425720586973e-13,9.055425720586973e-13,0.0,0.0
Hydrogen,TX,h2_TX_to_CEN,h2_TX_to_CEN_discharge_edge,GasStorage{Hydrogen},UnidirectionalEdge{Hydrogen},2.1470869050823355e-12,2.1470869050823355e-12,0.0,0.0
Hydrogen,CEN,h2_CEN_to_TX,h2_CEN_to_TX_charge_edge,GasStorage{Hydrogen},UnidirectionalEdge{Hydrogen},8.66664361372985e-13,8.66664361372985e-13,0.0,0.0
Hydrogen,CEN,h2_CEN_to_TX,h2_CEN_to_TX_discharge_edge,GasStorage{Hydrogen},UnidirectionalEdge{Hydrogen},2.1131930446148987e-12,2.1131930446148987e-12,0.0,0.0
Hydrogen,NCEN,h2_NCEN_to_CEN,h2_NCEN_to_CEN_charge_edge,GasStorage{Hydrogen},UnidirectionalEdge{Hydrogen},9.445526356670941e-13,9.445526356670941e-13,0.0,0.0
Hydrogen,NCEN,h2_NCEN_to_CEN,h2_NCEN_to_CEN_discharge_edge,GasStorage{Hydrogen},UnidirectionalEdge{Hydrogen},2.2029776457880297e-12,2.2029776457880297e-12,0.0,0.0
Hydrogen,CEN,h2_CEN_to_NCEN,h2_CEN_to_NCEN_charge_edge,GasStorage{Hydrogen},UnidirectionalEdge{Hydrogen},8.360605873867376e-13,8.360605873867376e-13,0.0,0.0
Hydrogen,CEN,h2_CEN_to_NCEN,h2_CEN_to_NCEN_discharge_edge,GasStorage{Hydrogen},UnidirectionalEdge{Hydrogen},2.0976827442686978e-12,2.0976827442686973e-12,0.0,0.0
Hydrogen,NCEN,h2_NCEN_to_SE,h2_NCEN_to_SE_charge_edge,GasStorage{Hydrogen},UnidirectionalEdge{Hydrogen},4.831302484362186e-13,4.831302484362186e-13,0.0,0.0
Hydrogen,NCEN,h2_NCEN_to_SE,h2_NCEN_to_SE_discharge_edge,GasStorage{Hydrogen},UnidirectionalEdge{Hydrogen},1.1794086536360103e-12,1.17940865363601e-12,0.0,0.0
Hydrogen,SE,h2_SE_to_NCEN,h2_SE_to_NCEN_charge_edge,GasStorage{Hydrogen},UnidirectionalEdge{Hydrogen},5.233079347979908e-13,5.233079347979907e-13,0.0,0.0
Hydrogen,SE,h2_SE_to_NCEN,h2_SE_to_NCEN_discharge_edge,GasStorage{Hydrogen},UnidirectionalEdge{Hydrogen},1.2258184077668592e-12,1.225818407766859e-12,0.0,0.0
Hydrogen,NCEN,h2_NCEN_to_MIDAT,h2_NCEN_to_MIDAT_charge_edge,GasStorage{Hydrogen},UnidirectionalEdge{Hydrogen},5.490265068967001e-13,5.490265068967e-13,0.0,0.0
Hydrogen,NCEN,h2_NCEN_to_MIDAT,h2_NCEN_to_MIDAT_discharge_edge,GasStorage{Hydrogen},UnidirectionalEdge{Hydrogen},1.361015099300299e-12,1.361015099300299e-12,0.0,0.0
Hydrogen,MIDAT,h2_MIDAT_to_NCEN,h2_MIDAT_to_NCEN_charge_edge,GasStorage{Hydrogen},UnidirectionalEdge{Hydrogen},6.428750083027181e-13,6.42875008302718e-13,0.0,0.0
Hydrogen,MIDAT,h2_MIDAT_to_NCEN,h2_MIDAT_to_NCEN_discharge_edge,GasStorage{Hydrogen},UnidirectionalEdge{Hydrogen},1.4650125632464969e-12,1.4650125632464969e-12,0.0,0.0
Hydrogen,CEN,h2_CEN_to_SE,h2_CEN_to_SE_charge_edge,GasStorage{Hydrogen},UnidirectionalEdge{Hydrogen},5.154927304741749e-13,5.154927304741748e-13,0.0,0.0
Hydrogen,CEN,h2_CEN_to_SE,h2_CEN_to_SE_discharge_edge,GasStorage{Hydrogen},UnidirectionalEdge{Hydrogen},1.300547714966451e-12,1.300547714966451e-12,0.0,0.0
Hydrogen,SE,h2_SE_to_CEN,h2_SE_to_CEN_charge_edge,GasStorage{Hydrogen},UnidirectionalEdge{Hydrogen},6.092128390998158e-13,6.092128390998157e-13,0.0,0.0
Hydrogen,SE,h2_SE_to_CEN,h2_SE_to_CEN_discharge_edge,GasStorage{Hydrogen},UnidirectionalEdge{Hydrogen},1.4004287990277058e-12,1.4004287990277058e-12,0.0,0.0
Hydrogen,SE,h2_SE_to_MIDAT,h2_SE_to_MIDAT_charge_edge,GasStorage{Hydrogen},UnidirectionalEdge{Hydrogen},8.739341459486023e-13,8.739341459486022e-13,0.0,0.0
Hydrogen,SE,h2_SE_to_MIDAT,h2_SE_to_MIDAT_discharge_edge,GasStorage{Hydrogen},UnidirectionalEdge{Hydrogen},2.1212070917336775e-12,2.121207091733677e-12,0.0,0.0
Hydrogen,MIDAT,h2_MIDAT_to_SE,h2_MIDAT_to_SE_charge_edge,GasStorage{Hydrogen},UnidirectionalEdge{Hydrogen},9.558289711684697e-13,9.558289711684697e-13,0.0,0.0
Hydrogen,MIDAT,h2_MIDAT_to_SE,h2_MIDAT_to_SE_discharge_edge,GasStorage{Hydrogen},UnidirectionalEdge{Hydrogen},2.2151769028162245e-12,2.215176902816224e-12,0.0,0.0
Hydrogen,MIDAT,h2_MIDAT_to_NE,h2_MIDAT_to_NE_charge_edge,GasStorage{Hydrogen},UnidirectionalEdge{Hydrogen},7.431498602803134e-13,7.431498602803133e-13,0.0,0.0
Hydrogen,MIDAT,h2_MIDAT_to_NE,h2_MIDAT_to_NE_discharge_edge,GasStorage{Hydrogen},UnidirectionalEdge{Hydrogen},2.0259222168327345e-12,2.025922216832734e-12,0.0,0.0
Hydrogen,NE,h2_NE_to_MIDAT,h2_NE_to_MIDAT_charge_edge,GasStorage{Hydrogen},UnidirectionalEdge{Hydrogen},1.0901948800875386e-12,1.0901948800875386e-12,0.0,0.0
Hydrogen,NE,h2_NE_to_MIDAT,h2_NE_to_MIDAT_discharge_edge,GasStorage{Hydrogen},UnidirectionalEdge{Hydrogen},2.3680022386638735e-12,2.368002238663873e-12,0.0,0.0
Hydrogen,CA,CA_Above_ground_storage,CA_Above_ground_storage_charge_edge,GasStorage{Hydrogen},UnidirectionalEdge{Hydrogen},7.627312346012548e-11,7.627312346012548e-11,0.0,0.0
Hydrogen,CA,CA_Above_ground_storage,CA_Above_ground_storage_discharge_edge,GasStorage{Hydrogen},UnidirectionalEdge{Hydrogen},4.2541131820526516e-11,4.2541131820526516e-11,0.0,0.0
Hydrogen,NW,NW_Above_ground_storage,NW_Above_ground_storage_charge_edge,GasStorage{Hydrogen},UnidirectionalEdge{Hydrogen},7.656883253812496e-11,7.656883253812496e-11,0.0,0.0
Hydrogen,NW,NW_Above_ground_storage,NW_Above_ground_storage_discharge_edge,GasStorage{Hydrogen},UnidirectionalEdge{Hydrogen},4.143943808134857e-11,4.143943808134857e-11,0.0,0.0
Hydrogen,SW,SW_Above_ground_storage,SW_Above_ground_storage_charge_edge,GasStorage{Hydrogen},UnidirectionalEdge{Hydrogen},7.657753115803809e-11,7.657753115803809e-11,0.0,0.0
Hydrogen,SW,SW_Above_ground_storage,SW_Above_ground_storage_discharge_edge,GasStorage{Hydrogen},UnidirectionalEdge{Hydrogen},4.089081507126891e-11,4.089081507126891e-11,0.0,0.0
Hydrogen,TX,TX_Above_ground_storage,TX_Above_ground_storage_charge_edge,GasStorage{Hydrogen},UnidirectionalEdge{Hydrogen},6.207762964741286e-11,6.207762964741286e-11,0.0,0.0
Hydrogen,TX,TX_Above_ground_storage,TX_Above_ground_storage_discharge_edge,GasStorage{Hydrogen},UnidirectionalEdge{Hydrogen},2.8281829359517685e-11,2.8281829359517685e-11,0.0,0.0
Hydrogen,NCEN,NCEN_Above_ground_storage,NCEN_Above_ground_storage_charge_edge,GasStorage{Hydrogen},UnidirectionalEdge{Hydrogen},6.236031041192572e-11,6.236031041192572e-11,0.0,0.0
Hydrogen,NCEN,NCEN_Above_ground_storage,NCEN_Above_ground_storage_discharge_edge,GasStorage{Hydrogen},UnidirectionalEdge{Hydrogen},2.8336638625887e-11,2.8336638625887e-11,0.0,0.0
Hydrogen,CEN,CEN_Above_ground_storage,CEN_Above_ground_storage_charge_edge,GasStorage{Hydrogen},UnidirectionalEdge{Hydrogen},6.205664624983096e-11,6.205664624983096e-11,0.0,0.0
Hydrogen,CEN,CEN_Above_ground_storage,CEN_Above_ground_storage_discharge_edge,GasStorage{Hydrogen},UnidirectionalEdge{Hydrogen},2.9089812120940857e-11,2.9089812120940857e-11,0.0,0.0
Hydrogen,SE,SE_Above_ground_storage,SE_Above_ground_storage_charge_edge,GasStorage{Hydrogen},UnidirectionalEdge{Hydrogen},6.353301508312211e-11,6.353301508312211e-11,0.0,0.0
Hydrogen,SE,SE_Above_ground_storage,SE_Above_ground_storage_discharge_edge,GasStorage{Hydrogen},UnidirectionalEdge{Hydrogen},2.965686489520167e-11,2.965686489520167e-11,0.0,0.0
Hydrogen,MIDAT,MIDAT_Above_ground_storage,MIDAT_Above_ground_storage_charge_edge,GasStorage{Hydrogen},UnidirectionalEdge{Hydrogen},6.43952156657685e-11,6.43952156657685e-11,0.0,0.0
Hydrogen,MIDAT,MIDAT_Above_ground_storage,MIDAT_Above_ground_storage_discharge_edge,GasStorage{Hydrogen},UnidirectionalEdge{Hydrogen},3.022724617819206e-11,3.022724617819206e-11,0.0,0.0
Hydrogen,NE,NE_Above_ground_storage,NE_Above_ground_storage_charge_edge,GasStorage{Hydrogen},UnidirectionalEdge{Hydrogen},6.465449436639541e-11,6.465449436639541e-11,0.0,0.0
Hydrogen,NE,NE_Above_ground_storage,NE_Above_ground_storage_discharge_edge,GasStorage{Hydrogen},UnidirectionalEdge{Hydrogen},3.280281839893969e-11,3.280281839893969e-11,0.0,0.0
Electricity,CA,CA_conventional_hydroelectric_1,CA_conventional_hydroelectric_1_discharge_edge,HydroRes,UnidirectionalEdge{Electricity},0.0,0.0,0.0,0.0
Electricity,CA,CA_conventional_hydroelectric_1,CA_conventional_hydroelectric_1_inflow_edge,HydroRes,UnidirectionalEdge{Electricity},0.0,0.0,0.0,0.0
Electricity,CEN,CEN_conventional_hydroelectric_1,CEN_conventional_hydroelectric_1_discharge_edge,HydroRes,UnidirectionalEdge{Electricity},0.0,0.0,0.0,0.0
Electricity,CEN,CEN_conventional_hydroelectric_1,CEN_conventional_hydroelectric_1_inflow_edge,HydroRes,UnidirectionalEdge{Electricity},0.0,0.0,0.0,0.0
Electricity,MIDAT,MIDAT_conventional_hydroelectric_1,MIDAT_conventional_hydroelectric_1_discharge_edge,HydroRes,UnidirectionalEdge{Electricity},0.0,0.0,0.0,0.0
Electricity,MIDAT,MIDAT_conventional_hydroelectric_1,MIDAT_conventional_hydroelectric_1_inflow_edge,HydroRes,UnidirectionalEdge{Electricity},0.0,0.0,0.0,0.0
Electricity,NE,NE_conventional_hydroelectric_1,NE_conventional_hydroelectric_1_discharge_edge,HydroRes,UnidirectionalEdge{Electricity},0.0,0.0,0.0,0.0
Electricity,NE,NE_conventional_hydroelectric_1,NE_conventional_hydroelectric_1_inflow_edge,HydroRes,UnidirectionalEdge{Electricity},0.0,0.0,0.0,0.0
Electricity,NW,NW_conventional_hydroelectric_1,NW_conventional_hydroelectric_1_discharge_edge,HydroRes,UnidirectionalEdge{Electricity},0.0,0.0,0.0,0.0
Electricity,NW,NW_conventional_hydroelectric_1,NW_conventional_hydroelectric_1_inflow_edge,HydroRes,UnidirectionalEdge{Electricity},0.0,0.0,0.0,0.0
Electricity,NCEN,NCEN_conventional_hydroelectric_1,NCEN_conventional_hydroelectric_1_discharge_edge,HydroRes,UnidirectionalEdge{Electricity},0.0,0.0,0.0,0.0
Electricity,NCEN,NCEN_conventional_hydroelectric_1,NCEN_conventional_hydroelectric_1_inflow_edge,HydroRes,UnidirectionalEdge{Electricity},0.0,0.0,0.0,0.0
Electricity,SE,SE_conventional_hydroelectric_1,SE_conventional_hydroelectric_1_discharge_edge,HydroRes,UnidirectionalEdge{Electricity},0.0,0.0,0.0,0.0
Electricity,SE,SE_conventional_hydroelectric_1,SE_conventional_hydroelectric_1_inflow_edge,HydroRes,UnidirectionalEdge{Electricity},0.0,0.0,0.0,0.0
Electricity,SW,SW_conventional_hydroelectric_1,SW_conventional_hydroelectric_1_discharge_edge,HydroRes,UnidirectionalEdge{Electricity},0.0,0.0,0.0,0.0
Electricity,SW,SW_conventional_hydroelectric_1,SW_conventional_hydroelectric_1_inflow_edge,HydroRes,UnidirectionalEdge{Electricity},0.0,0.0,0.0,0.0
Electricity,TX,TX_conventional_hydroelectric_1,TX_conventional_hydroelectric_1_discharge_edge,HydroRes,UnidirectionalEdge{Electricity},0.0,0.0,0.0,0.0
Electricity,TX,TX_conventional_hydroelectric_1,TX_conventional_hydroelectric_1_inflow_edge,HydroRes,UnidirectionalEdge{Electricity},0.0,0.0,0.0,0.0
Electricity,CA,CA_small_hydroelectric_1,CA_small_hydroelectric_1_elec_edge,MustRun,UnidirectionalEdge{Electricity},0.0,0.0,0.0,0.0
Electricity,CEN,CEN_small_hydroelectric_1,CEN_small_hydroelectric_1_elec_edge,MustRun,UnidirectionalEdge{Electricity},0.0,0.0,0.0,0.0
Electricity,MIDAT,MIDAT_small_hydroelectric_1,MIDAT_small_hydroelectric_1_elec_edge,MustRun,UnidirectionalEdge{Electricity},0.0,0.0,0.0,0.0
Electricity,NE,NE_small_hydroelectric_1,NE_small_hydroelectric_1_elec_edge,MustRun,UnidirectionalEdge{Electricity},0.0,0.0,0.0,0.0
Electricity,NW,NW_small_hydroelectric_1,NW_small_hydroelectric_1_elec_edge,MustRun,UnidirectionalEdge{Electricity},0.0,0.0,0.0,0.0
Electricity,NCEN,NCEN_small_hydroelectric_1,NCEN_small_hydroelectric_1_elec_edge,MustRun,UnidirectionalEdge{Electricity},0.0,0.0,0.0,0.0
Electricity,SE,SE_small_hydroelectric_1,SE_small_hydroelectric_1_elec_edge,MustRun,UnidirectionalEdge{Electricity},0.0,0.0,0.0,0.0
Electricity,SW,SW_small_hydroelectric_1,SW_small_hydroelectric_1_elec_edge,MustRun,UnidirectionalEdge{Electricity},0.0,0.0,0.0,0.0
Electricity,TX,TX_small_hydroelectric_1,TX_small_hydroelectric_1_elec_edge,MustRun,UnidirectionalEdge{Electricity},0.0,0.0,0.0,0.0
CO2,CA,CA_Solvent_wNGCC_DAC,CA_Solvent_wNGCC_DAC_co2_edge,NaturalGasDAC,UnidirectionalEdge{CO2},3.75677260032609e-13,3.75677260032609e-13,0.0,0.0
CO2,NW,NW_Solvent_wNGCC_DAC,NW_Solvent_wNGCC_DAC_co2_edge,NaturalGasDAC,UnidirectionalEdge{CO2},3.844351121635301e-13,3.844351121635301e-13,0.0,0.0
CO2,SW,SW_Solvent_wNGCC_DAC,SW_Solvent_wNGCC_DAC_co2_edge,NaturalGasDAC,UnidirectionalEdge{CO2},3.7883811937825776e-13,3.7883811937825776e-13,0.0,0.0
CO2,TX,TX_Solvent_wNGCC_DAC,TX_Solvent_wNGCC_DAC_co2_edge,NaturalGasDAC,UnidirectionalEdge{CO2},3.749768381601405e-13,3.749768381601405e-13,0.0,0.0
CO2,NCEN,NCEN_Solvent_wNGCC_DAC,NCEN_Solvent_wNGCC_DAC_co2_edge,NaturalGasDAC,UnidirectionalEdge{CO2},3.692556650335774e-13,3.692556650335774e-13,0.0,0.0
CO2,CEN,CEN_Solvent_wNGCC_DAC,CEN_Solvent_wNGCC_DAC_co2_edge,NaturalGasDAC,UnidirectionalEdge{CO2},3.7245056444718964e-13,3.7245056444718964e-13,0.0,0.0
CO2,SE,SE_Solvent_wNGCC_DAC,SE_Solvent_wNGCC_DAC_co2_edge,NaturalGasDAC,UnidirectionalEdge{CO2},3.6731652422648486e-13,3.6731652422648486e-13,0.0,0.0
CO2,MIDAT,MIDAT_Solvent_wNGCC_DAC,MIDAT_Solvent_wNGCC_DAC_co2_edge,NaturalGasDAC,UnidirectionalEdge{CO2},3.6431780110448377e-13,3.6431780110448377e-13,0.0,0.0
CO2,NE,NE_Solvent_wNGCC_DAC,NE_Solvent_wNGCC_DAC_co2_edge,NaturalGasDAC,UnidirectionalEdge{CO2},3.618111939258556e-13,3.618111939258556e-13,0.0,0.0
CO2,CA,CA_Sorbent_wNGCC_DAC,CA_Sorbent_wNGCC_DAC_co2_edge,NaturalGasDAC,UnidirectionalEdge{CO2},1.4618098961883794e-13,1.4618098961883794e-13,0.0,0.0
CO2,NW,NW_Sorbent_wNGCC_DAC,NW_Sorbent_wNGCC_DAC_co2_edge,NaturalGasDAC,UnidirectionalEdge{CO2},1.4810146591418776e-13,1.4810146591418776e-13,0.0,0.0
CO2,SW,SW_Sorbent_wNGCC_DAC,SW_Sorbent_wNGCC_DAC_co2_edge,NaturalGasDAC,UnidirectionalEdge{CO2},1.4665293294366751e-13,1.4665293294366751e-13,0.0,0.0
CO2,TX,TX_Sorbent_wNGCC_DAC,TX_Sorbent_wNGCC_DAC_co2_edge,NaturalGasDAC,UnidirectionalEdge{CO2},1.451366044729642e-13,1.451366044729642e-13,0.0,0.0
CO2,NCEN,NCEN_Sorbent_wNGCC_DAC,NCEN_Sorbent_wNGCC_DAC_co2_edge,NaturalGasDAC,UnidirectionalEdge{CO2},1.4326983119066045e-13,1.4326983119066045e-13,0.0,0.0
CO2,CEN,CEN_Sorbent_wNGCC_DAC,CEN_Sorbent_wNGCC_DAC_co2_edge,NaturalGasDAC,UnidirectionalEdge{CO2},1.4430961080330716e-13,1.4430961080330716e-13,0.0,0.0
CO2,SE,SE_Sorbent_wNGCC_DAC,SE_Sorbent_wNGCC_DAC_co2_edge,NaturalGasDAC,UnidirectionalEdge{CO2},1.4260859179232535e-13,1.4260859179232535e-13,0.0,0.0
CO2,MIDAT,MIDAT_Sorbent_wNGCC_DAC,MIDAT_Sorbent_wNGCC_DAC_co2_edge,NaturalGasDAC,UnidirectionalEdge{CO2},1.4157591358042587e-13,1.4157591358042587e-13,0.0,0.0
CO2,NE,NE_Sorbent_wNGCC_DAC,NE_Sorbent_wNGCC_DAC_co2_edge,NaturalGasDAC,UnidirectionalEdge{CO2},1.4066718056839937e-13,1.4066718056839937e-13,0.0,0.0
NaturalGas,CA,natgas_CA_to_SW,natgas_CA_to_SW_charge_edge,GasStorage{NaturalGas},UnidirectionalEdge{NaturalGas},11052.8797,11052.8797,0.0,0.0
NaturalGas,CA,natgas_CA_to_SW,natgas_CA_to_SW_discharge_edge,GasStorage{NaturalGas},UnidirectionalEdge{NaturalGas},11052.8797,11052.8797,0.0,0.0
NaturalGas,NW,natgas_NW_to_CA,natgas_NW_to_CA_charge_edge,GasStorage{NaturalGas},UnidirectionalEdge{NaturalGas},28772.9781,28772.978099999997,0.0,0.0
NaturalGas,NW,natgas_NW_to_CA,natgas_NW_to_CA_discharge_edge,GasStorage{NaturalGas},UnidirectionalEdge{NaturalGas},28772.9781,28772.978099999997,0.0,0.0
NaturalGas,NW,natgas_NW_to_SW,natgas_NW_to_SW_charge_edge,GasStorage{NaturalGas},UnidirectionalEdge{NaturalGas},146209.8249,146209.8249,0.0,0.0
NaturalGas,NW,natgas_NW_to_SW,natgas_NW_to_SW_discharge_edge,GasStorage{NaturalGas},UnidirectionalEdge{NaturalGas},146209.8249,146209.8249,0.0,0.0
NaturalGas,NW,natgas_NW_to_NCEN,natgas_NW_to_NCEN_charge_edge,GasStorage{NaturalGas},UnidirectionalEdge{NaturalGas},40548.3511,40548.3511,0.0,0.0
NaturalGas,NW,natgas_NW_to_NCEN,natgas_NW_to_NCEN_discharge_edge,GasStorage{NaturalGas},UnidirectionalEdge{NaturalGas},40548.3511,40548.3511,0.0,0.0
NaturalGas,NW,natgas_NW_to_CEN,natgas_NW_to_CEN_charge_edge,GasStorage{NaturalGas},UnidirectionalEdge{NaturalGas},35021.9112,35021.9112,0.0,0.0
NaturalGas,NW,natgas_NW_to_CEN,natgas_NW_to_CEN_discharge_edge,GasStorage{NaturalGas},UnidirectionalEdge{NaturalGas},35021.9112,35021.9112,0.0,0.0
NaturalGas,SW,natgas_SW_to_CA,natgas_SW_to_CA_charge_edge,GasStorage{NaturalGas},UnidirectionalEdge{NaturalGas},119819.807,119819.80699999999,0.0,0.0
NaturalGas,SW,natgas_SW_to_CA,natgas_SW_to_CA_discharge_edge,GasStorage{NaturalGas},UnidirectionalEdge{NaturalGas},119819.807,119819.80699999999,0.0,0.0
NaturalGas,SW,natgas_SW_to_NW,natgas_SW_to_NW_charge_edge,GasStorage{NaturalGas},UnidirectionalEdge{NaturalGas},105775.5517,105775.5517,0.0,0.0
NaturalGas,SW,natgas_SW_to_NW,natgas_SW_to_NW_discharge_edge,GasStorage{NaturalGas},UnidirectionalEdge{NaturalGas},105775.5517,105775.5517,0.0,0.0
NaturalGas,SW,natgas_SW_to_TX,natgas_SW_to_TX_charge_edge,GasStorage{NaturalGas},UnidirectionalEdge{NaturalGas},54567.2558,54567.2558,0.0,0.0
NaturalGas,SW,natgas_SW_to_TX,natgas_SW_to_TX_discharge_edge,GasStorage{NaturalGas},UnidirectionalEdge{NaturalGas},54567.2558,54567.2558,0.0,0.0
NaturalGas,SW,natgas_SW_to_CEN,natgas_SW_to_CEN_charge_edge,GasStorage{NaturalGas},UnidirectionalEdge{NaturalGas},61741.4874,61741.4874,0.0,0.0
NaturalGas,SW,natgas_SW_to_CEN,natgas_SW_to_CEN_discharge_edge,GasStorage{NaturalGas},UnidirectionalEdge{NaturalGas},61741.4874,61741.4874,0.0,0.0
NaturalGas,TX,natgas_TX_to_CEN,natgas_TX_to_CEN_charge_edge,GasStorage{NaturalGas},UnidirectionalEdge{NaturalGas},320710.9656,320710.9656,0.0,0.0
NaturalGas,TX,natgas_TX_to_CEN,natgas_TX_to_CEN_discharge_edge,GasStorage{NaturalGas},UnidirectionalEdge{NaturalGas},320710.9656,320710.9656,0.0,0.0
NaturalGas,NCEN,natgas_NCEN_to_NW,natgas_NCEN_to_NW_charge_edge,GasStorage{NaturalGas},UnidirectionalEdge{NaturalGas},4588.4661,4588.4661,0.0,0.0
NaturalGas,NCEN,natgas_NCEN_to_NW,natgas_NCEN_to_NW_discharge_edge,GasStorage{NaturalGas},UnidirectionalEdge{NaturalGas},4588.4661,4588.4661,0.0,0.0
NaturalGas,NCEN,natgas_NCEN_to_CEN,natgas_NCEN_to_CEN_charge_edge,GasStorage{NaturalGas},UnidirectionalEdge{NaturalGas},83314.8833,83314.88329999999,0.0,0.0
NaturalGas,NCEN,natgas_NCEN_to_CEN,natgas_NCEN_to_CEN_discharge_edge,GasStorage{NaturalGas},UnidirectionalEdge{NaturalGas},83314.8833,83314.88329999999,0.0,0.0
NaturalGas,NCEN,natgas_NCEN_to_SE,natgas_NCEN_to_SE_charge_edge,GasStorage{NaturalGas},UnidirectionalEdge{NaturalGas},38748.4555,38748.4555,0.0,0.0
NaturalGas,NCEN,natgas_NCEN_to_SE,natgas_NCEN_to_SE_discharge_edge,GasStorage{NaturalGas},UnidirectionalEdge{NaturalGas},38748.4555,38748.4555,0.0,0.0
NaturalGas,NCEN,natgas_NCEN_to_MIDAT,natgas_NCEN_to_MIDAT_charge_edge,GasStorage{NaturalGas},UnidirectionalEdge{NaturalGas},91198.9328,91198.9328,0.0,0.0
NaturalGas,NCEN,natgas_NCEN_to_MIDAT,natgas_NCEN_to_MIDAT_discharge_edge,GasStorage{NaturalGas},UnidirectionalEdge{NaturalGas},91198.9328,91198.9328,0.0,0.0
NaturalGas,CEN,natgas_CEN_to_NW,natgas_CEN_to_NW_charge_edge,GasStorage{NaturalGas},UnidirectionalEdge{NaturalGas},1077.4023,1077.4023,0.0,0.0
NaturalGas,CEN,natgas_CEN_to_NW,natgas_CEN_to_NW_discharge_edge,GasStorage{NaturalGas},UnidirectionalEdge{NaturalGas},1077.4023,1077.4023,0.0,0.0
NaturalGas,CEN,natgas_CEN_to_SW,natgas_CEN_to_SW_charge_edge,GasStorage{NaturalGas},UnidirectionalEdge{NaturalGas},41803.2078,41803.2078,0.0,0.0
NaturalGas,CEN,natgas_CEN_to_SW,natgas_CEN_to_SW_discharge_edge,GasStorage{NaturalGas},UnidirectionalEdge{NaturalGas},41803.2078,41803.2078,0.0,0.0
NaturalGas,CEN,natgas_CEN_to_TX,natgas_CEN_to_TX_charge_edge,GasStorage{NaturalGas},UnidirectionalEdge{NaturalGas},167795.8961,167795.8961,0.0,0.0
NaturalGas,CEN,natgas_CEN_to_TX,natgas_CEN_to_TX_discharge_edge,GasStorage{NaturalGas},UnidirectionalEdge{NaturalGas},167795.8961,167795.8961,0.0,0.0
NaturalGas,CEN,natgas_CEN_to_NCEN,natgas_CEN_to_NCEN_charge_edge,GasStorage{NaturalGas},UnidirectionalEdge{NaturalGas},156121.9257,156121.9257,0.0,0.0
NaturalGas,CEN,natgas_CEN_to_NCEN,natgas_CEN_to_NCEN_discharge_edge,GasStorage{NaturalGas},UnidirectionalEdge{NaturalGas},156121.9257,156121.9257,0.0,0.0
NaturalGas,CEN,natgas_CEN_to_SE,natgas_CEN_to_SE_charge_edge,GasStorage{NaturalGas},UnidirectionalEdge{NaturalGas},410338.1586,410338.1586,0.0,0.0
NaturalGas,CEN,natgas_CEN_to_SE,natgas_CEN_to_SE_discharge_edge,GasStorage{NaturalGas},UnidirectionalEdge{NaturalGas},410338.1586,410338.1586,0.0,0.0
NaturalGas,SE,natgas_SE_to_NCEN,natgas_SE_to_NCEN_charge_edge,GasStorage{NaturalGas},UnidirectionalEdge{NaturalGas},65379.3044,65379.30439999999,0.0,0.0
NaturalGas,SE,natgas_SE_to_NCEN,natgas_SE_to_NCEN_discharge_edge,GasStorage{NaturalGas},UnidirectionalEdge{NaturalGas},65379.3044,65379.30439999999,0.0,0.0
NaturalGas,SE,natgas_SE_to_CEN,natgas_SE_to_CEN_charge_edge,GasStorage{NaturalGas},UnidirectionalEdge{NaturalGas},135930.1397,135930.1397,0.0,0.0
NaturalGas,SE,natgas_SE_to_CEN,natgas_SE_to_CEN_discharge_edge,GasStorage{NaturalGas},UnidirectionalEdge{NaturalGas},135930.1397,135930.1397,0.0,0.0
NaturalGas,SE,natgas_SE_to_MIDAT,natgas_SE_to_MIDAT_charge_edge,GasStorage{NaturalGas},UnidirectionalEdge{NaturalGas},132558.5044,132558.5044,0.0,0.0
NaturalGas,SE,natgas_SE_to_MIDAT,natgas_SE_to_MIDAT_discharge_edge,GasStorage{NaturalGas},UnidirectionalEdge{NaturalGas},132558.5044,132558.5044,0.0,0.0
NaturalGas,MIDAT,natgas_MIDAT_to_NCEN,natgas_MIDAT_to_NCEN_charge_edge,GasStorage{NaturalGas},UnidirectionalEdge{NaturalGas},134827.3868,134827.3868,0.0,0.0
NaturalGas,MIDAT,natgas_MIDAT_to_NCEN,natgas_MIDAT_to_NCEN_discharge_edge,GasStorage{NaturalGas},UnidirectionalEdge{NaturalGas},134827.3868,134827.3868,0.0,0.0
NaturalGas,MIDAT,natgas_MIDAT_to_SE,natgas_MIDAT_to_SE_charge_edge,GasStorage{NaturalGas},UnidirectionalEdge{NaturalGas},150925.0442,150925.0442,0.0,0.0
NaturalGas,MIDAT,natgas_MIDAT_to_SE,natgas_MIDAT_to_SE_discharge_edge,GasStorage{NaturalGas},UnidirectionalEdge{NaturalGas},150925.0442,150925.0442,0.0,0.0
NaturalGas,MIDAT,natgas_MIDAT_to_NE,natgas_MIDAT_to_NE_charge_edge,GasStorage{NaturalGas},UnidirectionalEdge{NaturalGas},129110.8172,129110.8172,0.0,0.0
NaturalGas,MIDAT,natgas_MIDAT_to_NE,natgas_MIDAT_to_NE_discharge_edge,GasStorage{NaturalGas},UnidirectionalEdge{NaturalGas},129110.8172,129110.8172,0.0,0.0
NaturalGas,NE,natgas_NE_to_MIDAT,natgas_NE_to_MIDAT_charge_edge,GasStorage{NaturalGas},UnidirectionalEdge{NaturalGas},22600.0969,22600.096899999997,0.0,0.0
NaturalGas,NE,natgas_NE_to_MIDAT,natgas_NE_to_MIDAT_discharge_edge,GasStorage{NaturalGas},UnidirectionalEdge{NaturalGas},22600.0969,22600.096899999997,0.0,0.0
Hydrogen,CA,CA_ATR_wCCS_94pct,CA_ATR_wCCS_94pct_h2_edge,ThermalHydrogenCCS{NaturalGas},EdgeWithUC{Hydrogen},1.693526059258653e-11,1.693526059258653e-11,0.0,0.0
Hydrogen,NW,NW_ATR_wCCS_94pct,NW_ATR_wCCS_94pct_h2_edge,ThermalHydrogenCCS{NaturalGas},EdgeWithUC{Hydrogen},1.8579083273724633e-11,1.8579083273724633e-11,0.0,0.0
Hydrogen,SW,SW_ATR_wCCS_94pct,SW_ATR_wCCS_94pct_h2_edge,ThermalHydrogenCCS{NaturalGas},EdgeWithUC{Hydrogen},1.7567788602240387e-11,1.7567788602240387e-11,0.0,0.0
Hydrogen,TX,TX_ATR_wCCS_94pct,TX_ATR_wCCS_94pct_h2_edge,ThermalHydrogenCCS{NaturalGas},EdgeWithUC{Hydrogen},2.6953525417669632e-11,2.6953525417669632e-11,0.0,0.0
Hydrogen,NCEN,NCEN_ATR_wCCS_94pct,NCEN_ATR_wCCS_94pct_h2_edge,ThermalHydrogenCCS{NaturalGas},EdgeWithUC{Hydrogen},2.2952749062457215e-11,2.2952749062457215e-11,0.0,0.0
Hydrogen,CEN,CEN_ATR_wCCS_94pct,CEN_ATR_wCCS_94pct_h2_edge,ThermalHydrogenCCS{NaturalGas},EdgeWithUC{Hydrogen},2.5288237851600646e-11,2.5288237851600646e-11,0.0,0.0
Hydrogen,SE,SE_ATR_wCCS_94pct,SE_ATR_wCCS_94pct_h2_edge,ThermalHydrogenCCS{NaturalGas},EdgeWithUC{Hydrogen},2.1281626683606872e-11,2.1281626683606872e-11,0.0,0.0
Hydrogen,MIDAT,MIDAT_ATR_wCCS_94pct,MIDAT_ATR_wCCS_94pct_h2_edge,ThermalHydrogenCCS{NaturalGas},EdgeWithUC{Hydrogen},1.9541141848758418e-11,1.9541141848758418e-11,0.0,0.0
Hydrogen,NE,NE_ATR_wCCS_94pct,NE_ATR_wCCS_94pct_h2_edge,ThermalHydrogenCCS{NaturalGas},EdgeWithUC{Hydrogen},1.7624870212658797e-11,1.7624870212658797e-11,0.0,0.0
Hydrogen,CA,CA_Large_SMR_wCCS_96pct,CA_Large_SMR_wCCS_96pct_h2_edge,ThermalHydrogenCCS{NaturalGas},EdgeWithUC{Hydrogen},1.3514364694857822e-11,1.3514364694857822e-11,0.0,0.0
Hydrogen,NW,NW_Large_SMR_wCCS_96pct,NW_Large_SMR_wCCS_96pct_h2_edge,ThermalHydrogenCCS{NaturalGas},EdgeWithUC{Hydrogen},1.4617306205370883e-11,1.4617306205370883e-11,0.0,0.0
Hydrogen,SW,SW_Large_SMR_wCCS_96pct,SW_Large_SMR_wCCS_96pct_h2_edge,ThermalHydrogenCCS{NaturalGas},EdgeWithUC{Hydrogen},1.3928956696029384e-11,1.3928956696029384e-11,0.0,0.0
Hydrogen,TX,TX_Large_SMR_wCCS_96pct,TX_Large_SMR_wCCS_96pct_h2_edge,ThermalHydrogenCCS{NaturalGas},EdgeWithUC{Hydrogen},2.012749874903371e-11,2.012749874903371e-11,0.0,0.0
Hydrogen,NCEN,NCEN_Large_SMR_wCCS_96pct,NCEN_Large_SMR_wCCS_96pct_h2_edge,ThermalHydrogenCCS{NaturalGas},EdgeWithUC{Hydrogen},1.753426128125644e-11,1.753426128125644e-11,0.0,0.0
Hydrogen,CEN,CEN_Large_SMR_wCCS_96pct,CEN_Large_SMR_wCCS_96pct_h2_edge,ThermalHydrogenCCS{NaturalGas},EdgeWithUC{Hydrogen},1.906626479112803e-11,1.906626479112803e-11,0.0,0.0
Hydrogen,SE,SE_Large_SMR_wCCS_96pct,SE_Large_SMR_wCCS_96pct_h2_edge,ThermalHydrogenCCS{NaturalGas},EdgeWithUC{Hydrogen},1.6428525919314946e-11,1.6428525919314946e-11,0.0,0.0
Hydrogen,MIDAT,MIDAT_Large_SMR_wCCS_96pct,MIDAT_Large_SMR_wCCS_96pct_h2_edge,ThermalHydrogenCCS{NaturalGas},EdgeWithUC{Hydrogen},1.5255078146924567e-11,1.5255078146924567e-11,0.0,0.0
Hydrogen,NE,NE_Large_SMR_wCCS_96pct,NE_Large_SMR_wCCS_96pct_h2_edge,ThermalHydrogenCCS{NaturalGas},EdgeWithUC{Hydrogen},1.395252322965101e-11,1.395252322965101e-11,0.0,0.0
Electricity,CA,CA_natural_gas_fired_combined_cycle_1,CA_natural_gas_fired_combined_cycle_1_elec_edge,ThermalPower{NaturalGas},EdgeWithUC{Electricity},0.0,0.0,0.0,0.0
Electricity,CA,CA_natural_gas_fired_combined_cycle_2,CA_natural_gas_fired_combined_cycle_2_elec_edge,ThermalPower{NaturalGas},EdgeWithUC{Electricity},0.0,0.0,0.0,0.0
Electricity,CA,CA_natural_gas_fired_combined_cycle_3,CA_natural_gas_fired_combined_cycle_3_elec_edge,ThermalPower{NaturalGas},EdgeWithUC{Electricity},0.0,0.0,0.0,0.0
Electricity,CA,CA_natural_gas_fired_combined_cycle_4,CA_natural_gas_fired_combined_cycle_4_elec_edge,ThermalPower{NaturalGas},EdgeWithUC{Electricity},0.0,0.0,0.0,0.0
Electricity,CA,CA_natural_gas_fired_combustion_turbine_1,CA_natural_gas_fired_combustion_turbine_1_elec_edge,ThermalPower{NaturalGas},EdgeWithUC{Electricity},0.0,0.0,0.0,0.0
Electricity,CA,CA_natural_gas_fired_combustion_turbine_2,CA_natural_gas_fired_combustion_turbine_2_elec_edge,ThermalPower{NaturalGas},EdgeWithUC{Electricity},0.0,0.0,0.0,0.0
Electricity,CEN,CEN_natural_gas_fired_combined_cycle_1,CEN_natural_gas_fired_combined_cycle_1_elec_edge,ThermalPower{NaturalGas},EdgeWithUC{Electricity},0.0,0.0,0.0,0.0
Electricity,CEN,CEN_natural_gas_fired_combined_cycle_2,CEN_natural_gas_fired_combined_cycle_2_elec_edge,ThermalPower{NaturalGas},EdgeWithUC{Electricity},0.0,0.0,0.0,0.0
Electricity,CEN,CEN_natural_gas_fired_combined_cycle_3,CEN_natural_gas_fired_combined_cycle_3_elec_edge,ThermalPower{NaturalGas},EdgeWithUC{Electricity},0.0,0.0,0.0,0.0
Electricity,CEN,CEN_natural_gas_fired_combustion_turbine_1,CEN_natural_gas_fired_combustion_turbine_1_elec_edge,ThermalPower{NaturalGas},EdgeWithUC{Electricity},0.0,0.0,0.0,0.0
Electricity,CEN,CEN_natural_gas_fired_combustion_turbine_2,CEN_natural_gas_fired_combustion_turbine_2_elec_edge,ThermalPower{NaturalGas},EdgeWithUC{Electricity},0.0,0.0,0.0,0.0
Electricity,MIDAT,MIDAT_natural_gas_fired_combined_cycle_1,MIDAT_natural_gas_fired_combined_cycle_1_elec_edge,ThermalPower{NaturalGas},EdgeWithUC{Electricity},0.0,0.0,0.0,0.0
Electricity,MIDAT,MIDAT_natural_gas_fired_combined_cycle_2,MIDAT_natural_gas_fired_combined_cycle_2_elec_edge,ThermalPower{NaturalGas},EdgeWithUC{Electricity},0.0,0.0,0.0,0.0
Electricity,MIDAT,MIDAT_natural_gas_fired_combined_cycle_3,MIDAT_natural_gas_fired_combined_cycle_3_elec_edge,ThermalPower{NaturalGas},EdgeWithUC{Electricity},0.0,0.0,0.0,0.0
Electricity,MIDAT,MIDAT_natural_gas_fired_combined_cycle_4,MIDAT_natural_gas_fired_combined_cycle_4_elec_edge,ThermalPower{NaturalGas},EdgeWithUC{Electricity},0.0,0.0,0.0,0.0
Electricity,MIDAT,MIDAT_natural_gas_fired_combustion_turbine_1,MIDAT_natural_gas_fired_combustion_turbine_1_elec_edge,ThermalPower{NaturalGas},EdgeWithUC{Electricity},0.0,0.0,0.0,0.0
Electricity,MIDAT,MIDAT_natural_gas_fired_combustion_turbine_2,MIDAT_natural_gas_fired_combustion_turbine_2_elec_edge,ThermalPower{NaturalGas},EdgeWithUC{Electricity},0.0,0.0,0.0,0.0
Electricity,NE,NE_natural_gas_fired_combined_cycle_1,NE_natural_gas_fired_combined_cycle_1_elec_edge,ThermalPower{NaturalGas},EdgeWithUC{Electricity},0.0,0.0,0.0,0.0
Electricity,NE,NE_natural_gas_fired_combined_cycle_2,NE_natural_gas_fired_combined_cycle_2_elec_edge,ThermalPower{NaturalGas},EdgeWithUC{Electricity},0.0,0.0,0.0,0.0
Electricity,NE,NE_natural_gas_fired_combined_cycle_3,NE_natural_gas_fired_combined_cycle_3_elec_edge,ThermalPower{NaturalGas},EdgeWithUC{Electricity},0.0,0.0,0.0,0.0
Electricity,NE,NE_natural_gas_fired_combustion_turbine_1,NE_natural_gas_fired_combustion_turbine_1_elec_edge,ThermalPower{NaturalGas},EdgeWithUC{Electricity},0.0,0.0,0.0,0.0
Electricity,NE,NE_natural_gas_fired_combustion_turbine_2,NE_natural_gas_fired_combustion_turbine_2_elec_edge,ThermalPower{NaturalGas},EdgeWithUC{Electricity},0.0,0.0,0.0,0.0
Electricity,NW,NW_natural_gas_fired_combined_cycle_1,NW_natural_gas_fired_combined_cycle_1_elec_edge,ThermalPower{NaturalGas},EdgeWithUC{Electricity},0.0,0.0,0.0,0.0
Electricity,NW,NW_natural_gas_fired_combined_cycle_2,NW_natural_gas_fired_combined_cycle_2_elec_edge,ThermalPower{NaturalGas},EdgeWithUC{Electricity},0.0,0.0,0.0,0.0
Electricity,NW,NW_natural_gas_fired_combined_cycle_3,NW_natural_gas_fired_combined_cycle_3_elec_edge,ThermalPower{NaturalGas},EdgeWithUC{Electricity},0.0,0.0,0.0,0.0
Electricity,NW,NW_natural_gas_fired_combined_cycle_4,NW_natural_gas_fired_combined_cycle_4_elec_edge,ThermalPower{NaturalGas},EdgeWithUC{Electricity},0.0,0.0,0.0,0.0
Electricity,NW,NW_natural_gas_fired_combustion_turbine_1,NW_natural_gas_fired_combustion_turbine_1_elec_edge,ThermalPower{NaturalGas},EdgeWithUC{Electricity},0.0,0.0,0.0,0.0
Electricity,NW,NW_natural_gas_fired_combustion_turbine_2,NW_natural_gas_fired_combustion_turbine_2_elec_edge,ThermalPower{NaturalGas},EdgeWithUC{Electricity},0.0,0.0,0.0,0.0
Electricity,NCEN,NCEN_natural_gas_fired_combined_cycle_1,NCEN_natural_gas_fired_combined_cycle_1_elec_edge,ThermalPower{NaturalGas},EdgeWithUC{Electricity},0.0,0.0,0.0,0.0
Electricity,NCEN,NCEN_natural_gas_fired_combined_cycle_2,NCEN_natural_gas_fired_combined_cycle_2_elec_edge,ThermalPower{NaturalGas},EdgeWithUC{Electricity},0.0,0.0,0.0,0.0
Electricity,NCEN,NCEN_natural_gas_fired_combined_cycle_3,NCEN_natural_gas_fired_combined_cycle_3_elec_edge,ThermalPower{NaturalGas},EdgeWithUC{Electricity},0.0,0.0,0.0,0.0
Electricity,NCEN,NCEN_natural_gas_fired_combined_cycle_4,NCEN_natural_gas_fired_combined_cycle_4_elec_edge,ThermalPower{NaturalGas},EdgeWithUC{Electricity},0.0,0.0,0.0,0.0
Electricity,NCEN,NCEN_natural_gas_fired_combustion_turbine_1,NCEN_natural_gas_fired_combustion_turbine_1_elec_edge,ThermalPower{NaturalGas},EdgeWithUC{Electricity},0.0,0.0,0.0,0.0
Electricity,NCEN,NCEN_natural_gas_fired_combustion_turbine_2,NCEN_natural_gas_fired_combustion_turbine_2_elec_edge,ThermalPower{NaturalGas},EdgeWithUC{Electricity},0.0,0.0,0.0,0.0
Electricity,SE,SE_natural_gas_fired_combined_cycle_1,SE_natural_gas_fired_combined_cycle_1_elec_edge,ThermalPower{NaturalGas},EdgeWithUC{Electricity},0.0,0.0,0.0,0.0
Electricity,SE,SE_natural_gas_fired_combined_cycle_2,SE_natural_gas_fired_combined_cycle_2_elec_edge,ThermalPower{NaturalGas},EdgeWithUC{Electricity},0.0,0.0,0.0,0.0
Electricity,SE,SE_natural_gas_fired_combined_cycle_3,SE_natural_gas_fired_combined_cycle_3_elec_edge,ThermalPower{NaturalGas},EdgeWithUC{Electricity},0.0,0.0,0.0,0.0
Electricity,SE,SE_natural_gas_fired_combined_cycle_4,SE_natural_gas_fired_combined_cycle_4_elec_edge,ThermalPower{NaturalGas},EdgeWithUC{Electricity},0.0,0.0,0.0,0.0
Electricity,SE,SE_natural_gas_fired_combustion_turbine_1,SE_natural_gas_fired_combustion_turbine_1_elec_edge,ThermalPower{NaturalGas},EdgeWithUC{Electricity},0.0,0.0,0.0,0.0
Electricity,SE,SE_natural_gas_fired_combustion_turbine_2,SE_natural_gas_fired_combustion_turbine_2_elec_edge,ThermalPower{NaturalGas},EdgeWithUC{Electricity},0.0,0.0,0.0,0.0
Electricity,SW,SW_natural_gas_fired_combined_cycle_1,SW_natural_gas_fired_combined_cycle_1_elec_edge,ThermalPower{NaturalGas},EdgeWithUC{Electricity},0.0,0.0,0.0,0.0
Electricity,SW,SW_natural_gas_fired_combined_cycle_2,SW_natural_gas_fired_combined_cycle_2_elec_edge,ThermalPower{NaturalGas},EdgeWithUC{Electricity},0.0,0.0,0.0,0.0
Electricity,SW,SW_natural_gas_fired_combined_cycle_3,SW_natural_gas_fired_combined_cycle_3_elec_edge,ThermalPower{NaturalGas},EdgeWithUC{Electricity},0.0,0.0,0.0,0.0
Electricity,SW,SW_natural_gas_fired_combustion_turbine_1,SW_natural_gas_fired_combustion_turbine_1_elec_edge,ThermalPower{NaturalGas},EdgeWithUC{Electricity},0.0,0.0,0.0,0.0
Electricity,SW,SW_natural_gas_fired_combustion_turbine_2,SW_natural_gas_fired_combustion_turbine_2_elec_edge,ThermalPower{NaturalGas},EdgeWithUC{Electricity},0.0,0.0,0.0,0.0
Electricity,TX,TX_natural_gas_fired_combined_cycle_1,TX_natural_gas_fired_combined_cycle_1_elec_edge,ThermalPower{NaturalGas},EdgeWithUC{Electricity},0.0,0.0,0.0,0.0
Electricity,TX,TX_natural_gas_fired_combined_cycle_2,TX_natural_gas_fired_combined_cycle_2_elec_edge,ThermalPower{NaturalGas},EdgeWithUC{Electricity},0.0,0.0,0.0,0.0
Electricity,TX,TX_natural_gas_fired_combined_cycle_3,TX_natural_gas_fired_combined_cycle_3_elec_edge,ThermalPower{NaturalGas},EdgeWithUC{Electricity},0.0,0.0,0.0,0.0
Electricity,TX,TX_natural_gas_fired_combined_cycle_4,TX_natural_gas_fired_combined_cycle_4_elec_edge,ThermalPower{NaturalGas},EdgeWithUC{Electricity},0.0,0.0,0.0,0.0
Electricity,TX,TX_natural_gas_fired_combustion_turbine_1,TX_natural_gas_fired_combustion_turbine_1_elec_edge,ThermalPower{NaturalGas},EdgeWithUC{Electricity},0.0,0.0,0.0,0.0
Electricity,TX,TX_natural_gas_fired_combustion_turbine_2,TX_natural_gas_fired_combustion_turbine_2_elec_edge,ThermalPower{NaturalGas},EdgeWithUC{Electricity},0.0,0.0,0.0,0.0
Electricity,CA,CA_naturalgas_ccavgcf_moderate_0,CA_naturalgas_ccavgcf_moderate_0_elec_edge,ThermalPower{NaturalGas},EdgeWithUC{Electricity},1.0383697630519277e-11,1.0383697630519277e-11,0.0,0.0
Electricity,CA,CA_naturalgas_ctavgcf_moderate_0,CA_naturalgas_ctavgcf_moderate_0_elec_edge,ThermalPower{NaturalGas},EdgeWithUC{Electricity},7.671815723562339e-12,7.671815723562337e-12,0.0,0.0
Electricity,NW,NW_naturalgas_ccavgcf_moderate_0,NW_naturalgas_ccavgcf_moderate_0_elec_edge,ThermalPower{NaturalGas},EdgeWithUC{Electricity},1.2154786301376291e-11,1.2154786301376291e-11,0.0,0.0
Electricity,NW,NW_naturalgas_ctavgcf_moderate_0,NW_naturalgas_ctavgcf_moderate_0_elec_edge,ThermalPower{NaturalGas},EdgeWithUC{Electricity},8.450868415683866e-12,8.450868415683864e-12,0.0,0.0
Electricity,SW,SW_naturalgas_ccavgcf_moderate_0,SW_naturalgas_ccavgcf_moderate_0_elec_edge,ThermalPower{NaturalGas},EdgeWithUC{Electricity},1.2880124895570205e-11,1.2880124895570205e-11,0.0,0.0
Electricity,SW,SW_naturalgas_ctavgcf_moderate_0,SW_naturalgas_ctavgcf_moderate_0_elec_edge,ThermalPower{NaturalGas},EdgeWithUC{Electricity},9.064885953640516e-12,9.064885953640516e-12,0.0,0.0
Electricity,TX,TX_naturalgas_ccavgcf_moderate_0,TX_naturalgas_ccavgcf_moderate_0_elec_edge,ThermalPower{NaturalGas},EdgeWithUC{Electricity},1.4082133834197406e-11,1.4082133834197406e-11,0.0,0.0
Electricity,TX,TX_naturalgas_ctavgcf_moderate_0,TX_naturalgas_ctavgcf_moderate_0_elec_edge,ThermalPower{NaturalGas},EdgeWithUC{Electricity},9.395986062821405e-12,9.395986062821404e-12,0.0,0.0
Electricity,NCEN,NCEN_naturalgas_ccavgcf_moderate_0,NCEN_naturalgas_ccavgcf_moderate_0_elec_edge,ThermalPower{NaturalGas},EdgeWithUC{Electricity},1.2839826225475186e-11,1.2839826225475186e-11,0.0,0.0
Electricity,NCEN,NCEN_naturalgas_ctavgcf_moderate_0,NCEN_naturalgas_ctavgcf_moderate_0_elec_edge,ThermalPower{NaturalGas},EdgeWithUC{Electricity},8.597847448867756e-12,8.597847448867756e-12,0.0,0.0
Electricity,CEN,CEN_naturalgas_ccavgcf_moderate_0,CEN_naturalgas_ccavgcf_moderate_0_elec_edge,ThermalPower{NaturalGas},EdgeWithUC{Electricity},1.3758226515289432e-11,1.3758226515289432e-11,0.0,0.0
Electricity,CEN,CEN_naturalgas_ctavgcf_moderate_0,CEN_naturalgas_ctavgcf_moderate_0_elec_edge,ThermalPower{NaturalGas},EdgeWithUC{Electricity},9.152150757280519e-12,9.152150757280517e-12,0.0,0.0
Electricity,SE,SE_naturalgas_ccavgcf_moderate_0,SE_naturalgas_ccavgcf_moderate_0_elec_edge,ThermalPower{NaturalGas},EdgeWithUC{Electricity},1.377681030682857e-11,1.377681030682857e-11,0.0,0.0
Electricity,SE,SE_naturalgas_ctavgcf_moderate_0,SE_naturalgas_ctavgcf_moderate_0_elec_edge,ThermalPower{NaturalGas},EdgeWithUC{Electricity},9.225336599052186e-12,9.225336599052185e-12,0.0,0.0
Electricity,MIDAT,MIDAT_naturalgas_ccavgcf_moderate_0,MIDAT_naturalgas_ccavgcf_moderate_0_elec_edge,ThermalPower{NaturalGas},EdgeWithUC{Electricity},1.2479226344533803e-11,1.2479226344533803e-11,0.0,0.0
Electricity,MIDAT,MIDAT_naturalgas_ctavgcf_moderate_0,MIDAT_naturalgas_ctavgcf_moderate_0_elec_edge,ThermalPower{NaturalGas},EdgeWithUC{Electricity},8.674484671617729e-12,8.674484671617729e-12,0.0,0.0
Electricity,NE,NE_naturalgas_ccavgcf_moderate_0,NE_naturalgas_ccavgcf_moderate_0_elec_edge,ThermalPower{NaturalGas},EdgeWithUC{Electricity},1.1054671011372846e-11,1.1054671011372846e-11,0.0,0.0
Electricity,NE,NE_naturalgas_ctavgcf_moderate_0,NE_naturalgas_ctavgcf_moderate_0_elec_edge,ThermalPower{NaturalGas},EdgeWithUC{Electricity},7.884127027504725e-12,7.884127027504725e-12,0.0,0.0
Electricity,CA,CA_naturalgas_ccccsavgcf_conservative_0,CA_naturalgas_ccccsavgcf_conservative_0_elec_edge,ThermalPowerCCS{NaturalGas},EdgeWithUC{Electricity},7.419792737679614e-12,7.419792737679614e-12,0.0,0.0
Electricity,NW,NW_naturalgas_ccccsavgcf_conservative_0,NW_naturalgas_ccccsavgcf_conservative_0_elec_edge,ThermalPowerCCS{NaturalGas},EdgeWithUC{Electricity},8.466397272815881e-12,8.466397272815881e-12,0.0,0.0
Electricity,SW,SW_naturalgas_ccccsavgcf_conservative_0,SW_naturalgas_ccccsavgcf_conservative_0_elec_edge,ThermalPowerCCS{NaturalGas},EdgeWithUC{Electricity},8.531984192212867e-12,8.531984192212867e-12,0.0,0.0
Electricity,TX,TX_naturalgas_ccccsavgcf_conservative_0,TX_naturalgas_ccccsavgcf_conservative_0_elec_edge,ThermalPowerCCS{NaturalGas},EdgeWithUC{Electricity},9.79998896083519e-12,9.79998896083519e-12,0.0,0.0
Electricity,NCEN,NCEN_naturalgas_ccccsavgcf_conservative_0,NCEN_naturalgas_ccccsavgcf_conservative_0_elec_edge,ThermalPowerCCS{NaturalGas},EdgeWithUC{Electricity},8.353642617762312e-12,8.353642617762312e-12,0.0,0.0
Electricity,CEN,CEN_naturalgas_ccccsavgcf_conservative_0,CEN_naturalgas_ccccsavgcf_conservative_0_elec_edge,ThermalPowerCCS{NaturalGas},EdgeWithUC{Electricity},9.271269332828773e-12,9.271269332828771e-12,0.0,0.0
Electricity,SE,SE_naturalgas_ccccsavgcf_conservative_0,SE_naturalgas_ccccsavgcf_conservative_0_elec_edge,ThermalPowerCCS{NaturalGas},EdgeWithUC{Electricity},8.25835999052492e-12,8.25835999052492e-12,0.0,0.0
Electricity,MIDAT,MIDAT_naturalgas_ccccsavgcf_conservative_0,MIDAT_naturalgas_ccccsavgcf_conservative_0_elec_edge,ThermalPowerCCS{NaturalGas},EdgeWithUC{Electricity},7.557732079930702e-12,7.557732079930702e-12,0.0,0.0
Electricity,NE,NE_naturalgas_ccccsavgcf_conservative_0,NE_naturalgas_ccccsavgcf_conservative_0_elec_edge,ThermalPowerCCS{NaturalGas},EdgeWithUC{Electricity},6.898955868200959e-12,6.898955868200958e-12,0.0,0.0
Electricity,CA,CA_offshorewind_class10_moderate_floating_1_1,CA_offshorewind_class10_moderate_floating_1_1_edge,VRE,UnidirectionalEdge{Electricity},1.6162369054516104e-12,1.6162369054516104e-12,0.0,0.0
Electricity,NW,NW_offshorewind_class10_moderate_floating_1_1,NW_offshorewind_class10_moderate_floating_1_1_edge,VRE,UnidirectionalEdge{Electricity},1.882594075969853e-12,1.882594075969853e-12,0.0,0.0
Electricity,NE,NE_offshorewind_class10_moderate_floating_1_1,NE_offshorewind_class10_moderate_floating_1_1_edge,VRE,UnidirectionalEdge{Electricity},2.2484179521759033e-12,2.2484179521759033e-12,0.0,0.0
Electricity,CA,CA_utilitypv_class1_moderate_70_0_2_1,CA_utilitypv_class1_moderate_70_0_2_1_edge,VRE,UnidirectionalEdge{Electricity},4.025804515179788e-12,4.025804515179788e-12,0.0,0.0
Electricity,CA,CA_utilitypv_class1_moderate_70_0_2_2,CA_utilitypv_class1_moderate_70_0_2_2_edge,VRE,UnidirectionalEdge{Electricity},3.3174117677095636e-12,3.3174117677095636e-12,0.0,0.0
Electricity,CA,CA_utilitypv_class1_moderate_70_0_2_3,CA_utilitypv_class1_moderate_70_0_2_3_edge,VRE,UnidirectionalEdge{Electricity},2.3540067568361353e-12,2.3540067568361353e-12,0.0,0.0
Electricity,NW,NW_utilitypv_class1_moderate_70_0_2_1,NW_utilitypv_class1_moderate_70_0_2_1_edge,VRE,UnidirectionalEdge{Electricity},2.4745550032376025e-12,2.4745550032376025e-12,0.0,0.0
Electricity,NW,NW_utilitypv_class1_moderate_70_0_2_2,NW_utilitypv_class1_moderate_70_0_2_2_edge,VRE,UnidirectionalEdge{Electricity},2.3322362301003512e-12,2.3322362301003512e-12,0.0,0.0
Electricity,NW,NW_utilitypv_class1_moderate_70_0_2_3,NW_utilitypv_class1_moderate_70_0_2_3_edge,VRE,UnidirectionalEdge{Electricity},2.813034510235344e-12,2.813034510235344e-12,0.0,0.0
Electricity,NW,NW_utilitypv_class1_moderate_70_0_2_4,NW_utilitypv_class1_moderate_70_0_2_4_edge,VRE,UnidirectionalEdge{Electricity},2.4092649292389672e-12,2.4092649292389672e-12,0.0,0.0
Electricity,SW,SW_utilitypv_class1_moderate_70_0_2_1,SW_utilitypv_class1_moderate_70_0_2_1_edge,VRE,UnidirectionalEdge{Electricity},5.367896712057677e-12,5.367896712057677e-12,0.0,0.0
Electricity,SW,SW_utilitypv_class1_moderate_70_0_2_2,SW_utilitypv_class1_moderate_70_0_2_2_edge,VRE,UnidirectionalEdge{Electricity},3.767422708456053e-12,3.767422708456053e-12,0.0,0.0
Electricity,SW,SW_utilitypv_class1_moderate_70_0_2_3,SW_utilitypv_class1_moderate_70_0_2_3_edge,VRE,UnidirectionalEdge{Electricity},4.450192325630843e-12,4.450192325630843e-12,0.0,0.0
Electricity,SW,SW_utilitypv_class1_moderate_70_0_2_4,SW_utilitypv_class1_moderate_70_0_2_4_edge,VRE,UnidirectionalEdge{Electricity},3.4314617501129104e-12,3.4314617501129104e-12,0.0,0.0
Electricity,SW,SW_utilitypv_class1_moderate_70_0_2_5,SW_utilitypv_class1_moderate_70_0_2_5_edge,VRE,UnidirectionalEdge{Electricity},3.61458366200786e-12,3.61458366200786e-12,0.0,0.0
Electricity,TX,TX_utilitypv_class1_moderate_70_0_2_1,TX_utilitypv_class1_moderate_70_0_2_1_edge,VRE,UnidirectionalEdge{Electricity},7.932376679595533e-12,7.932376679595533e-12,0.0,0.0
Electricity,TX,TX_utilitypv_class1_moderate_70_0_2_2,TX_utilitypv_class1_moderate_70_0_2_2_edge,VRE,UnidirectionalEdge{Electricity},6.437219068826503e-12,6.437219068826503e-12,0.0,0.0
Electricity,TX,TX_utilitypv_class1_moderate_70_0_2_3,TX_utilitypv_class1_moderate_70_0_2_3_edge,VRE,UnidirectionalEdge{Electricity},4.458772394019412e-12,4.458772394019412e-12,0.0,0.0
Electricity,NCEN,NCEN_utilitypv_class1_moderate_70_0_2_1,NCEN_utilitypv_class1_moderate_70_0_2_1_edge,VRE,UnidirectionalEdge{Electricity},3.3043745536164573e-12,3.3043745536164573e-12,0.0,0.0
Electricity,NCEN,NCEN_utilitypv_class1_moderate_70_0_2_2,NCEN_utilitypv_class1_moderate_70_0_2_2_edge,VRE,UnidirectionalEdge{Electricity},3.000055092154152e-12,3.000055092154152e-12,0.0,0.0
Electricity,NCEN,NCEN_utilitypv_class1_moderate_70_0_2_3,NCEN_utilitypv_class1_moderate_70_0_2_3_edge,VRE,UnidirectionalEdge{Electricity},3.0873949058754423e-12,3.0873949058754423e-12,0.0,0.0
Electricity,NCEN,NCEN_utilitypv_class1_moderate_70_0_2_4,NCEN_utilitypv_class1_moderate_70_0_2_4_edge,VRE,UnidirectionalEdge{Electricity},2.625986649967058e-12,2.625986649967058e-12,0.0,0.0
Electricity,NCEN,NCEN_utilitypv_class1_moderate_70_0_2_5,NCEN_utilitypv_class1_moderate_70_0_2_5_edge,VRE,UnidirectionalEdge{Electricity},2.7790544069035323e-12,2.7790544069035323e-12,0.0,0.0
Electricity,NCEN,NCEN_utilitypv_class1_moderate_70_0_2_6,NCEN_utilitypv_class1_moderate_70_0_2_6_edge,VRE,UnidirectionalEdge{Electricity},2.4202675722123302e-12,2.4202675722123302e-12,0.0,0.0
Electricity,NCEN,NCEN_utilitypv_class1_moderate_70_0_2_7,NCEN_utilitypv_class1_moderate_70_0_2_7_edge,VRE,UnidirectionalEdge{Electricity},2.8482797759147405e-12,2.8482797759147405e-12,0.0,0.0
Electricity,CEN,CEN_utilitypv_class1_moderate_70_0_2_1,CEN_utilitypv_class1_moderate_70_0_2_1_edge,VRE,UnidirectionalEdge{Electricity},4.286272582889167e-12,4.286272582889167e-12,0.0,0.0
Electricity,CEN,CEN_utilitypv_class1_moderate_70_0_2_2,CEN_utilitypv_class1_moderate_70_0_2_2_edge,VRE,UnidirectionalEdge{Electricity},7.579951431310394e-12,7.579951431310394e-12,0.0,0.0
Electricity,CEN,CEN_utilitypv_class1_moderate_70_0_2_3,CEN_utilitypv_class1_moderate_70_0_2_3_edge,VRE,UnidirectionalEdge{Electricity},4.297304785072798e-12,4.297304785072798e-12,0.0,0.0
Electricity,CEN,CEN_utilitypv_class1_moderate_70_0_2_4,CEN_utilitypv_class1_moderate_70_0_2_4_edge,VRE,UnidirectionalEdge{Electricity},5.444174803787404e-12,5.444174803787404e-12,0.0,0.0
Electricity,CEN,CEN_utilitypv_class1_moderate_70_0_2_5,CEN_utilitypv_class1_moderate_70_0_2_5_edge,VRE,UnidirectionalEdge{Electricity},2.8749948659045426e-12,2.8749948659045426e-12,0.0,0.0
Electricity,SE,SE_utilitypv_class1_moderate_70_0_2_1,SE_utilitypv_class1_moderate_70_0_2_1_edge,VRE,UnidirectionalEdge{Electricity},6.757520225507427e-12,6.757520225507427e-12,0.0,0.0
Electricity,SE,SE_utilitypv_class1_moderate_70_0_2_2,SE_utilitypv_class1_moderate_70_0_2_2_edge,VRE,UnidirectionalEdge{Electricity},8.391881317598119e-12,8.391881317598119e-12,0.0,0.0
Electricity,SE,SE_utilitypv_class1_moderate_70_0_2_3,SE_utilitypv_class1_moderate_70_0_2_3_edge,VRE,UnidirectionalEdge{Electricity},6.137464883967157e-12,6.137464883967157e-12,0.0,0.0
Electricity,SE,SE_utilitypv_class1_moderate_70_0_2_4,SE_utilitypv_class1_moderate_70_0_2_4_edge,VRE,UnidirectionalEdge{Electricity},3.25084457856296e-12,3.25084457856296e-12,0.0,0.0
Electricity,SE,SE_utilitypv_class1_moderate_70_0_2_5,SE_utilitypv_class1_moderate_70_0_2_5_edge,VRE,UnidirectionalEdge{Electricity},5.9117645998935e-12,5.9117645998935e-12,0.0,0.0
Electricity,SE,SE_utilitypv_class1_moderate_70_0_2_6,SE_utilitypv_class1_moderate_70_0_2_6_edge,VRE,UnidirectionalEdge{Electricity},4.506782411585669e-12,4.506782411585669e-12,0.0,0.0
Electricity,SE,SE_utilitypv_class1_moderate_70_0_2_7,SE_utilitypv_class1_moderate_70_0_2_7_edge,VRE,UnidirectionalEdge{Electricity},5.117567875290447e-12,5.117567875290447e-12,0.0,0.0
Electricity,SE,SE_utilitypv_class1_moderate_70_0_2_8,SE_utilitypv_class1_moderate_70_0_2_8_edge,VRE,UnidirectionalEdge{Electricity},4.912880413321208e-12,4.912880413321208e-12,0.0,0.0
Electricity,MIDAT,MIDAT_utilitypv_class1_moderate_70_0_2_1,MIDAT_utilitypv_class1_moderate_70_0_2_1_edge,VRE,UnidirectionalEdge{Electricity},4.331937486407894e-12,4.331937486407894e-12,0.0,0.0
Electricity,MIDAT,MIDAT_utilitypv_class1_moderate_70_0_2_2,MIDAT_utilitypv_class1_moderate_70_0_2_2_edge,VRE,UnidirectionalEdge{Electricity},4.112068714546664e-12,4.112068714546664e-12,0.0,0.0
Electricity,MIDAT,MIDAT_utilitypv_class1_moderate_70_0_2_3,MIDAT_utilitypv_class1_moderate_70_0_2_3_edge,VRE,UnidirectionalEdge{Electricity},4.115785565389036e-12,4.115785565389036e-12,0.0,0.0
Electricity,MIDAT,MIDAT_utilitypv_class1_moderate_70_0_2_4,MIDAT_utilitypv_class1_moderate_70_0_2_4_edge,VRE,UnidirectionalEdge{Electricity},3.2098793353102458e-12,3.2098793353102458e-12,0.0,0.0
Electricity,MIDAT,MIDAT_utilitypv_class1_moderate_70_0_2_5,MIDAT_utilitypv_class1_moderate_70_0_2_5_edge,VRE,UnidirectionalEdge{Electricity},3.850611682688615e-12,3.850611682688615e-12,0.0,0.0
Electricity,MIDAT,MIDAT_utilitypv_class1_moderate_70_0_2_6,MIDAT_utilitypv_class1_moderate_70_0_2_6_edge,VRE,UnidirectionalEdge{Electricity},4.0692644870651996e-12,4.0692644870651996e-12,0.0,0.0
Electricity,MIDAT,MIDAT_utilitypv_class1_moderate_70_0_2_7,MIDAT_utilitypv_class1_moderate_70_0_2_7_edge,VRE,UnidirectionalEdge{Electricity},3.618121239773271e-12,3.618121239773271e-12,0.0,0.0
Electricity,NE,NE_utilitypv_class1_moderate_70_0_2_1,NE_utilitypv_class1_moderate_70_0_2_1_edge,VRE,UnidirectionalEdge{Electricity},3.929558384700012e-12,3.929558384700012e-12,0.0,0.0
Electricity,NE,NE_utilitypv_class1_moderate_70_0_2_2,NE_utilitypv_class1_moderate_70_0_2_2_edge,VRE,UnidirectionalEdge{Electricity},3.9611894453106534e-12,3.9611894453106534e-12,0.0,0.0
Electricity,NE,NE_utilitypv_class1_moderate_70_0_2_3,NE_utilitypv_class1_moderate_70_0_2_3_edge,VRE,UnidirectionalEdge{Electricity},3.0865207303686797e-12,3.0865207303686797e-12,0.0,0.0
Electricity,NE,NE_utilitypv_class1_moderate_70_0_2_4,NE_utilitypv_class1_moderate_70_0_2_4_edge,VRE,UnidirectionalEdge{Electricity},3.761271303697926e-12,3.761271303697926e-12,0.0,0.0
Electricity,NE,NE_utilitypv_class1_moderate_70_0_2_5,NE_utilitypv_class1_moderate_70_0_2_5_edge,VRE,UnidirectionalEdge{Electricity},3.0307711134749118e-12,3.0307711134749118e-12,0.0,0.0
Electricity,NE,NE_utilitypv_class1_moderate_70_0_2_6,NE_utilitypv_class1_moderate_70_0_2_6_edge,VRE,UnidirectionalEdge{Electricity},4.802213421537008e-12,4.802213421537008e-12,0.0,0.0
Electricity,NE,NE_utilitypv_class1_moderate_70_0_2_7,NE_utilitypv_class1_moderate_70_0_2_7_edge,VRE,UnidirectionalEdge{Electricity},3.136122258453848e-12,3.136122258453848e-12,0.0,0.0
Electricity,CA,CA_landbasedwind_class4_moderate_70_1,CA_landbasedwind_class4_moderate_70_1_edge,VRE,UnidirectionalEdge{Electricity},2.2746916215058586e-12,2.2746916215058586e-12,0.0,0.0
Electricity,CA,CA_landbasedwind_class4_moderate_70_2,CA_landbasedwind_class4_moderate_70_2_edge,VRE,UnidirectionalEdge{Electricity},2.1084583123653016e-12,2.1084583123653016e-12,0.0,0.0
Electricity,CA,CA_landbasedwind_class4_moderate_70_3,CA_landbasedwind_class4_moderate_70_3_edge,VRE,UnidirectionalEdge{Electricity},1.9683614913329e-12,1.9683614913329e-12,0.0,0.0
Electricity,NW,NW_landbasedwind_class4_moderate_70_1,NW_landbasedwind_class4_moderate_70_1_edge,VRE,UnidirectionalEdge{Electricity},4.1804347224819945e-12,4.1804347224819945e-12,0.0,0.0
Electricity,NW,NW_landbasedwind_class4_moderate_70_2,NW_landbasedwind_class4_moderate_70_2_edge,VRE,UnidirectionalEdge{Electricity},6.406294912188077e-12,6.406294912188077e-12,0.0,0.0
Electricity,NW,NW_landbasedwind_class4_moderate_70_3,NW_landbasedwind_class4_moderate_70_3_edge,VRE,UnidirectionalEdge{Electricity},3.683337919685553e-12,3.683337919685553e-12,0.0,0.0
Electricity,NW,NW_landbasedwind_class4_moderate_70_4,NW_landbasedwind_class4_moderate_70_4_edge,VRE,UnidirectionalEdge{Electricity},4.581832563134192e-12,4.581832563134192e-12,0.0,0.0
Electricity,NW,NW_landbasedwind_class4_moderate_70_5,NW_landbasedwind_class4_moderate_70_5_edge,VRE,UnidirectionalEdge{Electricity},7.571475906367709e-12,7.571475906367709e-12,0.0,0.0
Electricity,SW,SW_landbasedwind_class4_moderate_70_1,SW_landbasedwind_class4_moderate_70_1_edge,VRE,UnidirectionalEdge{Electricity},6.005412186997802e-12,6.005412186997802e-12,0.0,0.0
Electricity,SW,SW_landbasedwind_class4_moderate_70_2,SW_landbasedwind_class4_moderate_70_2_edge,VRE,UnidirectionalEdge{Electricity},5.498875370635318e-12,5.498875370635318e-12,0.0,0.0
Electricity,SW,SW_landbasedwind_class4_moderate_70_3,SW_landbasedwind_class4_moderate_70_3_edge,VRE,UnidirectionalEdge{Electricity},4.858730450116793e-12,4.858730450116793e-12,0.0,0.0
Electricity,SW,SW_landbasedwind_class4_moderate_70_4,SW_landbasedwind_class4_moderate_70_4_edge,VRE,UnidirectionalEdge{Electricity},4.003270020039562e-12,4.003270020039562e-12,0.0,0.0
Electricity,SW,SW_landbasedwind_class4_moderate_70_5,SW_landbasedwind_class4_moderate_70_5_edge,VRE,UnidirectionalEdge{Electricity},4.885885214396263e-12,4.885885214396263e-12,0.0,0.0
Electricity,TX,TX_landbasedwind_class4_moderate_70_1,TX_landbasedwind_class4_moderate_70_1_edge,VRE,UnidirectionalEdge{Electricity},8.712138342850022e-12,8.712138342850022e-12,0.0,0.0
Electricity,TX,TX_landbasedwind_class4_moderate_70_2,TX_landbasedwind_class4_moderate_70_2_edge,VRE,UnidirectionalEdge{Electricity},6.577233881748571e-12,6.577233881748571e-12,0.0,0.0
Electricity,TX,TX_landbasedwind_class4_moderate_70_3,TX_landbasedwind_class4_moderate_70_3_edge,VRE,UnidirectionalEdge{Electricity},4.397908852114537e-12,4.397908852114537e-12,0.0,0.0
Electricity,NCEN,NCEN_landbasedwind_class4_moderate_70_1,NCEN_landbasedwind_class4_moderate_70_1_edge,VRE,UnidirectionalEdge{Electricity},8.7454115610652e-12,8.7454115610652e-12,0.0,0.0
Electricity,NCEN,NCEN_landbasedwind_class4_moderate_70_2,NCEN_landbasedwind_class4_moderate_70_2_edge,VRE,UnidirectionalEdge{Electricity},6.953304681204179e-12,6.953304681204179e-12,0.0,0.0
Electricity,NCEN,NCEN_landbasedwind_class4_moderate_70_3,NCEN_landbasedwind_class4_moderate_70_3_edge,VRE,UnidirectionalEdge{Electricity},9.099845767367939e-12,9.099845767367939e-12,0.0,0.0
Electricity,NCEN,NCEN_landbasedwind_class4_moderate_70_4,NCEN_landbasedwind_class4_moderate_70_4_edge,VRE,UnidirectionalEdge{Electricity},8.029687653760598e-12,8.029687653760598e-12,0.0,0.0
Electricity,NCEN,NCEN_landbasedwind_class4_moderate_70_5,NCEN_landbasedwind_class4_moderate_70_5_edge,VRE,UnidirectionalEdge{Electricity},1.032790802997166e-11,1.032790802997166e-11,0.0,0.0
Electricity,NCEN,NCEN_landbasedwind_class4_moderate_70_6,NCEN_landbasedwind_class4_moderate_70_6_edge,VRE,UnidirectionalEdge{Electricity},1.9540490796782167e-11,1.9540490796782167e-11,0.0,0.0
Electricity,NCEN,NCEN_landbasedwind_class4_moderate_70_7,NCEN_landbasedwind_class4_moderate_70_7_edge,VRE,UnidirectionalEdge{Electricity},1.0397901795510537e-11,1.0397901795510537e-11,0.0,0.0
Electricity,CEN,CEN_landbasedwind_class4_moderate_70_1,CEN_landbasedwind_class4_moderate_70_1_edge,VRE,UnidirectionalEdge{Electricity},9.851273285626734e-12,9.851273285626734e-12,0.0,0.0
Electricity,CEN,CEN_landbasedwind_class4_moderate_70_2,CEN_landbasedwind_class4_moderate_70_2_edge,VRE,UnidirectionalEdge{Electricity},1.5170896522020202e-11,1.5170896522020202e-11,0.0,0.0
Electricity,CEN,CEN_landbasedwind_class4_moderate_70_3,CEN_landbasedwind_class4_moderate_70_3_edge,VRE,UnidirectionalEdge{Electricity},1.7331368802670625e-11,1.7331368802670625e-11,0.0,0.0
Electricity,CEN,CEN_landbasedwind_class4_moderate_70_4,CEN_landbasedwind_class4_moderate_70_4_edge,VRE,UnidirectionalEdge{Electricity},9.952464284989289e-12,9.952464284989289e-12,0.0,0.0
Electricity,CEN,CEN_landbasedwind_class4_moderate_70_5,CEN_landbasedwind_class4_moderate_70_5_edge,VRE,UnidirectionalEdge{Electricity},3.167267643807436e-11,3.167267643807436e-11,0.0,0.0
Electricity,CEN,CEN_landbasedwind_class4_moderate_70_6,CEN_landbasedwind_class4_moderate_70_6_edge,VRE,UnidirectionalEdge{Electricity},9.769284835397756e-12,9.769284835397756e-12,0.0,0.0
Electricity,CEN,CEN_landbasedwind_class4_moderate_70_7,CEN_landbasedwind_class4_moderate_70_7_edge,VRE,UnidirectionalEdge{Electricity},3.508889437316364e-11,3.508889437316364e-11,0.0,0.0
Electricity,SE,SE_landbasedwind_class4_moderate_70_1,SE_landbasedwind_class4_moderate_70_1_edge,VRE,UnidirectionalEdge{Electricity},9.193918183248884e-12,9.193918183248884e-12,0.0,0.0
Electricity,SE,SE_landbasedwind_class4_moderate_70_2,SE_landbasedwind_class4_moderate_70_2_edge,VRE,UnidirectionalEdge{Electricity},2.2541835895141164e-11,2.2541835895141164e-11,0.0,0.0
Electricity,SE,SE_landbasedwind_class4_moderate_70_3,SE_landbasedwind_class4_moderate_70_3_edge,VRE,UnidirectionalEdge{Electricity},1.258640584569898e-11,1.258640584569898e-11,0.0,0.0
Electricity,SE,SE_landbasedwind_class4_moderate_70_4,SE_landbasedwind_class4_moderate_70_4_edge,VRE,UnidirectionalEdge{Electricity},7.482556483203873e-12,7.482556483203873e-12,0.0,0.0
Electricity,SE,SE_landbasedwind_class4_moderate_70_5,SE_landbasedwind_class4_moderate_70_5_edge,VRE,UnidirectionalEdge{Electricity},8.469957595724173e-12,8.469957595724173e-12,0.0,0.0
Electricity,SE,SE_landbasedwind_class4_moderate_70_6,SE_landbasedwind_class4_moderate_70_6_edge,VRE,UnidirectionalEdge{Electricity},8.746675279486307e-12,8.746675279486307e-12,0.0,0.0
Electricity,SE,SE_landbasedwind_class4_moderate_70_7,SE_landbasedwind_class4_moderate_70_7_edge,VRE,UnidirectionalEdge{Electricity},1.0913767502168038e-11,1.0913767502168038e-11,0.0,0.0
Electricity,SE,SE_landbasedwind_class4_moderate_70_8,SE_landbasedwind_class4_moderate_70_8_edge,VRE,UnidirectionalEdge{Electricity},6.308783181121254e-12,6.308783181121254e-12,0.0,0.0
Electricity,MIDAT,MIDAT_landbasedwind_class4_moderate_70_1,MIDAT_landbasedwind_class4_moderate_70_1_edge,VRE,UnidirectionalEdge{Electricity},1.2794217096265276e-11,1.2794217096265276e-11,0.0,0.0
Electricity,MIDAT,MIDAT_landbasedwind_class4_moderate_70_2,MIDAT_landbasedwind_class4_moderate_70_2_edge,VRE,UnidirectionalEdge{Electricity},1.1763443165059778e-11,1.1763443165059778e-11,0.0,0.0
Electricity,MIDAT,MIDAT_landbasedwind_class4_moderate_70_3,MIDAT_landbasedwind_class4_moderate_70_3_edge,VRE,UnidirectionalEdge{Electricity},9.06826221790568e-12,9.06826221790568e-12,0.0,0.0
Electricity,MIDAT,MIDAT_landbasedwind_class4_moderate_70_4,MIDAT_landbasedwind_class4_moderate_70_4_edge,VRE,UnidirectionalEdge{Electricity},7.537325314349449e-12,7.537325314349449e-12,0.0,0.0
Electricity,MIDAT,MIDAT_landbasedwind_class4_moderate_70_5,MIDAT_landbasedwind_class4_moderate_70_5_edge,VRE,UnidirectionalEdge{Electricity},8.958087549954211e-12,8.958087549954211e-12,0.0,0.0
Electricity,MIDAT,MIDAT_landbasedwind_class4_moderate_70_6,MIDAT_landbasedwind_class4_moderate_70_6_edge,VRE,UnidirectionalEdge{Electricity},7.596862507019338e-12,7.596862507019338e-12,0.0,0.0
Electricity,MIDAT,MIDAT_landbasedwind_class4_moderate_70_7,MIDAT_landbasedwind_class4_moderate_70_7_edge,VRE,UnidirectionalEdge{Electricity},7.455193540370421e-12,7.455193540370421e-12,0.0,0.0
Electricity,NE,NE_landbasedwind_class4_moderate_70_1,NE_landbasedwind_class4_moderate_70_1_edge,VRE,UnidirectionalEdge{Electricity},5.933066489457087e-12,5.933066489457087e-12,0.0,0.0
Electricity,NE,NE_landbasedwind_class4_moderate_70_2,NE_landbasedwind_class4_moderate_70_2_edge,VRE,UnidirectionalEdge{Electricity},7.481028917713884e-12,7.481028917713884e-12,0.0,0.0
Electricity,NE,NE_landbasedwind_class4_moderate_70_3,NE_landbasedwind_class4_moderate_70_3_edge,VRE,UnidirectionalEdge{Electricity},6.2897234443771545e-12,6.2897234443771545e-12,0.0,0.0
Electricity,NE,NE_landbasedwind_class4_moderate_70_4,NE_landbasedwind_class4_moderate_70_4_edge,VRE,UnidirectionalEdge{Electricity},5.9409313056515425e-12,5.9409313056515425e-12,0.0,0.0
Electricity,NE,NE_landbasedwind_class4_moderate_70_5,NE_landbasedwind_class4_moderate_70_5_edge,VRE,UnidirectionalEdge{Electricity},4.946173445887781e-12,4.946173445887781e-12,0.0,0.0
Electricity,NE,NE_landbasedwind_class4_moderate_70_6,NE_landbasedwind_class4_moderate_70_6_edge,VRE,UnidirectionalEdge{Electricity},7.300091504302756e-12,7.300091504302756e-12,0.0,0.0
Electricity,NE,NE_landbasedwind_class4_moderate_70_7,NE_landbasedwind_class4_moderate_70_7_edge,VRE,UnidirectionalEdge{Electricity},5.267159528061705e-12,5.267159528061705e-12,0.0,0.0
Electricity,CEN,CEN_nuclear_1,CEN_nuclear_1_elec_edge,ThermalPower{Uranium},EdgeWithUC{Electricity},0.0,0.0,0.0,0.0
Electricity,CEN,CEN_nuclear_2,CEN_nuclear_2_elec_edge,ThermalPower{Uranium},EdgeWithUC{Electricity},0.0,0.0,0.0,0.0
Electricity,MIDAT,MIDAT_nuclear_1,MIDAT_nuclear_1_elec_edge,ThermalPower{Uranium},EdgeWithUC{Electricity},0.0,0.0,0.0,0.0
Electricity,MIDAT,MIDAT_nuclear_2,MIDAT_nuclear_2_elec_edge,ThermalPower{Uranium},EdgeWithUC{Electricity},0.0,0.0,0.0,0.0
Electricity,NE,NE_nuclear_1,NE_nuclear_1_elec_edge,ThermalPower{Uranium},EdgeWithUC{Electricity},0.0,0.0,0.0,0.0
Electricity,NE,NE_nuclear_2,NE_nuclear_2_elec_edge,ThermalPower{Uranium},EdgeWithUC{Electricity},0.0,0.0,0.0,0.0
Electricity,NW,NW_nuclear_1,NW_nuclear_1_elec_edge,ThermalPower{Uranium},EdgeWithUC{Electricity},0.0,0.0,0.0,0.0
Electricity,NCEN,NCEN_nuclear_1,NCEN_nuclear_1_elec_edge,ThermalPower{Uranium},EdgeWithUC{Electricity},0.0,0.0,0.0,0.0
Electricity,NCEN,NCEN_nuclear_2,NCEN_nuclear_2_elec_edge,ThermalPower{Uranium},EdgeWithUC{Electricity},0.0,0.0,0.0,0.0
Electricity,SE,SE_nuclear_1,SE_nuclear_1_elec_edge,ThermalPower{Uranium},EdgeWithUC{Electricity},0.0,0.0,0.0,0.0
Electricity,SE,SE_nuclear_2,SE_nuclear_2_elec_edge,ThermalPower{Uranium},EdgeWithUC{Electricity},0.0,0.0,0.0,0.0
Electricity,SW,SW_nuclear_1,SW_nuclear_1_elec_edge,ThermalPower{Uranium},EdgeWithUC{Electricity},0.0,0.0,0.0,0.0
Electricity,TX,TX_nuclear_1,TX_nuclear_1_elec_edge,ThermalPower{Uranium},EdgeWithUC{Electricity},0.0,0.0,0.0,0.0
Electricity,TX,TX_nuclear_2,TX_nuclear_2_elec_edge,ThermalPower{Uranium},EdgeWithUC{Electricity},0.0,0.0,0.0,0.0
Electricity,CA,CA_nuclear_mid_0,CA_nuclear_mid_0_elec_edge,ThermalPower{Uranium},EdgeWithUC{Electricity},3.503884008118707e-12,3.503884008118707e-12,0.0,0.0
Electricity,NW,NW_nuclear_mid_0,NW_nuclear_mid_0_elec_edge,ThermalPower{Uranium},EdgeWithUC{Electricity},3.75610031111627e-12,3.75610031111627e-12,0.0,0.0
Electricity,SW,SW_nuclear_mid_0,SW_nuclear_mid_0_elec_edge,ThermalPower{Uranium},EdgeWithUC{Electricity},3.9011635013994445e-12,3.9011635013994445e-12,0.0,0.0
Electricity,TX,TX_nuclear_mid_0,TX_nuclear_mid_0_elec_edge,ThermalPower{Uranium},EdgeWithUC{Electricity},4.500980557986218e-12,4.500980557986218e-12,0.0,0.0
Electricity,NCEN,NCEN_nuclear_mid_0,NCEN_nuclear_mid_0_elec_edge,ThermalPower{Uranium},EdgeWithUC{Electricity},4.188616263049267e-12,4.188616263049267e-12,0.0,0.0
Electricity,CEN,CEN_nuclear_mid_0,CEN_nuclear_mid_0_elec_edge,ThermalPower{Uranium},EdgeWithUC{Electricity},4.367234510013199e-12,4.367234510013199e-12,0.0,0.0
Electricity,SE,SE_nuclear_mid_0,SE_nuclear_mid_0_elec_edge,ThermalPower{Uranium},EdgeWithUC{Electricity},4.353777466103602e-12,4.353777466103602e-12,0.0,0.0
Electricity,MIDAT,MIDAT_nuclear_mid_0,MIDAT_nuclear_mid_0_elec_edge,ThermalPower{Uranium},EdgeWithUC{Electricity},4.220077235798715e-12,4.220077235798715e-12,0.0,0.0
Electricity,NE,NE_nuclear_mid_0,NE_nuclear_mid_0_elec_edge,ThermalPower{Uranium},EdgeWithUC{Electricity},3.835669044908938e-12,3.835669044908938e-12,0.0,0.0
CO2Captured,CA,CA_Synfuel_Plant,CA_Synfuel_Plant_co2_captured_edge,SyntheticLiquidFuels,UnidirectionalEdge{CO2Captured},0.0,0.0,0.0,0.0
CO2Captured,NW,NW_Synfuel_Plant,NW_Synfuel_Plant_co2_captured_edge,SyntheticLiquidFuels,UnidirectionalEdge{CO2Captured},0.0,0.0,0.0,0.0
CO2Captured,SW,SW_Synfuel_Plant,SW_Synfuel_Plant_co2_captured_edge,SyntheticLiquidFuels,UnidirectionalEdge{CO2Captured},0.0,0.0,0.0,0.0
CO2Captured,TX,TX_Synfuel_Plant,TX_Synfuel_Plant_co2_captured_edge,SyntheticLiquidFuels,UnidirectionalEdge{CO2Captured},0.0,0.0,0.0,0.0
CO2Captured,NCEN,NCEN_Synfuel_Plant,NCEN_Synfuel_Plant_co2_captured_edge,SyntheticLiquidFuels,UnidirectionalEdge{CO2Captured},0.0,0.0,0.0,0.0
CO2Captured,CEN,CEN_Synfuel_Plant,CEN_Synfuel_Plant_co2_captured_edge,SyntheticLiquidFuels,UnidirectionalEdge{CO2Captured},0.0,0.0,0.0,0.0
CO2Captured,SE,SE_Synfuel_Plant,SE_Synfuel_Plant_co2_captured_edge,SyntheticLiquidFuels,UnidirectionalEdge{CO2Captured},0.0,0.0,0.0,0.0
CO2Captured,MIDAT,MIDAT_Synfuel_Plant,MIDAT_Synfuel_Plant_co2_captured_edge,SyntheticLiquidFuels,UnidirectionalEdge{CO2Captured},0.0,0.0,0.0,0.0
CO2Captured,NE,NE_Synfuel_Plant,NE_Synfuel_Plant_co2_captured_edge,SyntheticLiquidFuels,UnidirectionalEdge{CO2Captured},0.0,0.0,0.0,0.0
CO2Captured,CA,CA_Synfuel_Plant_wCCS_Stored_99pct,CA_Synfuel_Plant_wCCS_Stored_99pct_co2_captured_edge,SyntheticLiquidFuels,UnidirectionalEdge{CO2Captured},0.0,0.0,0.0,0.0
CO2Captured,NW,NW_Synfuel_Plant_wCCS_Stored_99pct,NW_Synfuel_Plant_wCCS_Stored_99pct_co2_captured_edge,SyntheticLiquidFuels,UnidirectionalEdge{CO2Captured},0.0,0.0,0.0,0.0
CO2Captured,SW,SW_Synfuel_Plant_wCCS_Stored_99pct,SW_Synfuel_Plant_wCCS_Stored_99pct_co2_captured_edge,SyntheticLiquidFuels,UnidirectionalEdge{CO2Captured},0.0,0.0,0.0,0.0
CO2Captured,TX,TX_Synfuel_Plant_wCCS_Stored_99pct,TX_Synfuel_Plant_wCCS_Stored_99pct_co2_captured_edge,SyntheticLiquidFuels,UnidirectionalEdge{CO2Captured},0.0,0.0,0.0,0.0
CO2Captured,NCEN,NCEN_Synfuel_Plant_wCCS_Stored_99pct,NCEN_Synfuel_Plant_wCCS_Stored_99pct_co2_captured_edge,SyntheticLiquidFuels,UnidirectionalEdge{CO2Captured},0.0,0.0,0.0,0.0
CO2Captured,CEN,CEN_Synfuel_Plant_wCCS_Stored_99pct,CEN_Synfuel_Plant_wCCS_Stored_99pct_co2_captured_edge,SyntheticLiquidFuels,UnidirectionalEdge{CO2Captured},0.0,0.0,0.0,0.0
CO2Captured,SE,SE_Synfuel_Plant_wCCS_Stored_99pct,SE_Synfuel_Plant_wCCS_Stored_99pct_co2_captured_edge,SyntheticLiquidFuels,UnidirectionalEdge{CO2Captured},0.0,0.0,0.0,0.0
CO2Captured,MIDAT,MIDAT_Synfuel_Plant_wCCS_Stored_99pct,MIDAT_Synfuel_Plant_wCCS_Stored_99pct_co2_captured_edge,SyntheticLiquidFuels,UnidirectionalEdge{CO2Captured},0.0,0.0,0.0,0.0
CO2Captured,NE,NE_Synfuel_Plant_wCCS_Stored_99pct,NE_Synfuel_Plant_wCCS_Stored_99pct_co2_captured_edge,SyntheticLiquidFuels,UnidirectionalEdge{CO2Captured},0.0,0.0,0.0,0.0
CO2Captured,CA,CA_Synfuel_Plant_wCCS_Recycled_99pct,CA_Synfuel_Plant_wCCS_Recycled_99pct_co2_captured_edge,SyntheticLiquidFuels,UnidirectionalEdge{CO2Captured},0.0,0.0,0.0,0.0
CO2Captured,NW,NW_Synfuel_Plant_wCCS_Recycled_99pct,NW_Synfuel_Plant_wCCS_Recycled_99pct_co2_captured_edge,SyntheticLiquidFuels,UnidirectionalEdge{CO2Captured},0.0,0.0,0.0,0.0
CO2Captured,SW,SW_Synfuel_Plant_wCCS_Recycled_99pct,SW_Synfuel_Plant_wCCS_Recycled_99pct_co2_captured_edge,SyntheticLiquidFuels,UnidirectionalEdge{CO2Captured},0.0,0.0,0.0,0.0
CO2Captured,TX,TX_Synfuel_Plant_wCCS_Recycled_99pct,TX_Synfuel_Plant_wCCS_Recycled_99pct_co2_captured_edge,SyntheticLiquidFuels,UnidirectionalEdge{CO2Captured},0.0,0.0,0.0,0.0
CO2Captured,NCEN,NCEN_Synfuel_Plant_wCCS_Recycled_99pct,NCEN_Synfuel_Plant_wCCS_Recycled_99pct_co2_captured_edge,SyntheticLiquidFuels,UnidirectionalEdge{CO2Captured},0.0,0.0,0.0,0.0
CO2Captured,CEN,CEN_Synfuel_Plant_wCCS_Recycled_99pct,CEN_Synfuel_Plant_wCCS_Recycled_99pct_co2_captured_edge,SyntheticLiquidFuels,UnidirectionalEdge{CO2Captured},0.0,0.0,0.0,0.0
CO2Captured,SE,SE_Synfuel_Plant_wCCS_Recycled_99pct,SE_Synfuel_Plant_wCCS_Recycled_99pct_co2_captured_edge,SyntheticLiquidFuels,UnidirectionalEdge{CO2Captured},0.0,0.0,0.0,0.0
CO2Captured,MIDAT,MIDAT_Synfuel_Plant_wCCS_Recycled_99pct,MIDAT_Synfuel_Plant_wCCS_Recycled_99pct_co2_captured_edge,SyntheticLiquidFuels,UnidirectionalEdge{CO2Captured},0.0,0.0,0.0,0.0
CO2Captured,NE,NE_Synfuel_Plant_wCCS_Recycled_99pct,NE_Synfuel_Plant_wCCS_Recycled_99pct_co2_captured_edge,SyntheticLiquidFuels,UnidirectionalEdge{CO2Captured},0.0,0.0,0.0,0.0
CO2Captured,CA,CA_Syn_NG_Plant,CA_Syn_NG_Plant_co2_captured_edge,SyntheticNaturalGas,UnidirectionalEdge{CO2Captured},1.9277265718626885e-12,1.9277265718626885e-12,0.0,0.0
CO2Captured,NW,NW_Syn_NG_Plant,NW_Syn_NG_Plant_co2_captured_edge,SyntheticNaturalGas,UnidirectionalEdge{CO2Captured},1.9128695031868573e-12,1.9128695031868573e-12,0.0,0.0
CO2Captured,SW,SW_Syn_NG_Plant,SW_Syn_NG_Plant_co2_captured_edge,SyntheticNaturalGas,UnidirectionalEdge{CO2Captured},1.9432507436079677e-12,1.9432507436079677e-12,0.0,0.0
CO2Captured,TX,TX_Syn_NG_Plant,TX_Syn_NG_Plant_co2_captured_edge,SyntheticNaturalGas,UnidirectionalEdge{CO2Captured},2.7089280645271038e-12,2.7089280645271038e-12,0.0,0.0
CO2Captured,NCEN,NCEN_Syn_NG_Plant,NCEN_Syn_NG_Plant_co2_captured_edge,SyntheticNaturalGas,UnidirectionalEdge{CO2Captured},2.673202055635369e-12,2.673202055635369e-12,0.0,0.0
CO2Captured,CEN,CEN_Syn_NG_Plant,CEN_Syn_NG_Plant_co2_captured_edge,SyntheticNaturalGas,UnidirectionalEdge{CO2Captured},2.640840580618671e-12,2.640840580618671e-12,0.0,0.0
CO2Captured,SE,SE_Syn_NG_Plant,SE_Syn_NG_Plant_co2_captured_edge,SyntheticNaturalGas,UnidirectionalEdge{CO2Captured},2.834203707329387e-12,2.834203707329387e-12,0.0,0.0
CO2Captured,MIDAT,MIDAT_Syn_NG_Plant,MIDAT_Syn_NG_Plant_co2_captured_edge,SyntheticNaturalGas,UnidirectionalEdge{CO2Captured},3.084992328565177e-12,3.084992328565177e-12,0.0,0.0
CO2Captured,NE,NE_Syn_NG_Plant,NE_Syn_NG_Plant_co2_captured_edge,SyntheticNaturalGas,UnidirectionalEdge{CO2Captured},2.8714884407523762e-12,2.8714884407523762e-12,0.0,0.0
Electricity,CA_NW,CA_to_NW,CA_to_NW_transmission_edge,TransmissionLink{Electricity},BidirectionalEdge{Electricity},6533.000000000015,1.4127828511127716e-11,0.0,6533.0
Electricity,CA_SW,CA_to_SW,CA_to_SW_transmission_edge,TransmissionLink{Electricity},BidirectionalEdge{Electricity},11964.00000000012,1.1923793216805877e-10,0.0,11964.0
Electricity,NW_SW,NW_to_SW,NW_to_SW_transmission_edge,TransmissionLink{Electricity},BidirectionalEdge{Electricity},4530.000000000033,3.2951395182637845e-11,0.0,4530.0
Electricity,SW_CEN,SW_to_CEN,SW_to_CEN_transmission_edge,TransmissionLink{Electricity},BidirectionalEdge{Electricity},610.0000000008797,8.796720962175628e-10,0.0,610.0
Electricity,TX_CEN,TX_to_CEN,TX_to_CEN_transmission_edge,TransmissionLink{Electricity},BidirectionalEdge{Electricity},2525.000000000017,1.6726125549094287e-11,0.0,2525.0
Electricity,NCEN_CEN,NCEN_to_CEN,NCEN_to_CEN_transmission_edge,TransmissionLink{Electricity},BidirectionalEdge{Electricity},9851.000000000051,5.066543586639996e-11,0.0,9851.0
Electricity,NCEN_SE,NCEN_to_SE,NCEN_to_SE_transmission_edge,TransmissionLink{Electricity},BidirectionalEdge{Electricity},3745.0000000000314,3.150792662962086e-11,0.0,3745.0
Electricity,NCEN_MIDAT,NCEN_to_MIDAT,NCEN_to_MIDAT_transmission_edge,TransmissionLink{Electricity},BidirectionalEdge{Electricity},9083.000000000022,2.1945156282370595e-11,0.0,9083.0
Electricity,CEN_SE,CEN_to_SE,CEN_to_SE_transmission_edge,TransmissionLink{Electricity},BidirectionalEdge{Electricity},4872.0000000000555,5.579179162898558e-11,0.0,4872.0
Electricity,SE_MIDAT,SE_to_MIDAT,SE_to_MIDAT_transmission_edge,TransmissionLink{Electricity},BidirectionalEdge{Electricity},5552.000000000004,3.3934435986723604e-12,0.0,5552.0
Electricity,MIDAT_NE,MIDAT_to_NE,MIDAT_to_NE_transmission_edge,TransmissionLink{Electricity},BidirectionalEdge{Electricity},1915.0000000000002,2.2474523873959467e-13,0.0,1915.0
CO2Captured,CA,co2_CA_to_NW,co2_CA_to_NW_storage,GasStorage{CO2Captured},Storage{CO2Captured},0.0,0.0,0.0,0.0
CO2Captured,NW,co2_NW_to_CA,co2_NW_to_CA_storage,GasStorage{CO2Captured},Storage{CO2Captured},0.0,0.0,0.0,0.0
CO2Captured,CA,co2_CA_to_SW,co2_CA_to_SW_storage,GasStorage{CO2Captured},Storage{CO2Captured},0.0,0.0,0.0,0.0
CO2Captured,SW,co2_SW_to_CA,co2_SW_to_CA_storage,GasStorage{CO2Captured},Storage{CO2Captured},0.0,0.0,0.0,0.0
CO2Captured,NW,co2_NW_to_SW,co2_NW_to_SW_storage,GasStorage{CO2Captured},Storage{CO2Captured},0.0,0.0,0.0,0.0
CO2Captured,SW,co2_SW_to_NW,co2_SW_to_NW_storage,GasStorage{CO2Captured},Storage{CO2Captured},0.0,0.0,0.0,0.0
CO2Captured,SW,co2_SW_to_CEN,co2_SW_to_CEN_storage,GasStorage{CO2Captured},Storage{CO2Captured},0.0,0.0,0.0,0.0
CO2Captured,CEN,co2_CEN_to_SW,co2_CEN_to_SW_storage,GasStorage{CO2Captured},Storage{CO2Captured},0.0,0.0,0.0,0.0
CO2Captured,TX,co2_TX_to_CEN,co2_TX_to_CEN_storage,GasStorage{CO2Captured},Storage{CO2Captured},0.0,0.0,0.0,0.0
CO2Captured,CEN,co2_CEN_to_TX,co2_CEN_to_TX_storage,GasStorage{CO2Captured},Storage{CO2Captured},0.0,0.0,0.0,0.0
CO2Captured,NCEN,co2_NCEN_to_CEN,co2_NCEN_to_CEN_storage,GasStorage{CO2Captured},Storage{CO2Captured},0.0,0.0,0.0,0.0
CO2Captured,CEN,co2_CEN_to_NCEN,co2_CEN_to_NCEN_storage,GasStorage{CO2Captured},Storage{CO2Captured},0.0,0.0,0.0,0.0
CO2Captured,NCEN,co2_NCEN_to_SE,co2_NCEN_to_SE_storage,GasStorage{CO2Captured},Storage{CO2Captured},0.0,0.0,0.0,0.0
CO2Captured,SE,co2_SE_to_NCEN,co2_SE_to_NCEN_storage,GasStorage{CO2Captured},Storage{CO2Captured},0.0,0.0,0.0,0.0
CO2Captured,NCEN,co2_NCEN_to_MIDAT,co2_NCEN_to_MIDAT_storage,GasStorage{CO2Captured},Storage{CO2Captured},0.0,0.0,0.0,0.0
CO2Captured,MIDAT,co2_MIDAT_to_NCEN,co2_MIDAT_to_NCEN_storage,GasStorage{CO2Captured},Storage{CO2Captured},0.0,0.0,0.0,0.0
CO2Captured,CEN,co2_CEN_to_SE,co2_CEN_to_SE_storage,GasStorage{CO2Captured},Storage{CO2Captured},0.0,0.0,0.0,0.0
CO2Captured,SE,co2_SE_to_CEN,co2_SE_to_CEN_storage,GasStorage{CO2Captured},Storage{CO2Captured},0.0,0.0,0.0,0.0
CO2Captured,SE,co2_SE_to_MIDAT,co2_SE_to_MIDAT_storage,GasStorage{CO2Captured},Storage{CO2Captured},0.0,0.0,0.0,0.0
CO2Captured,MIDAT,co2_MIDAT_to_SE,co2_MIDAT_to_SE_storage,GasStorage{CO2Captured},Storage{CO2Captured},0.0,0.0,0.0,0.0
CO2Captured,MIDAT,co2_MIDAT_to_NE,co2_MIDAT_to_NE_storage,GasStorage{CO2Captured},Storage{CO2Captured},0.0,0.0,0.0,0.0
CO2Captured,NE,co2_NE_to_MIDAT,co2_NE_to_MIDAT_storage,GasStorage{CO2Captured},Storage{CO2Captured},0.0,0.0,0.0,0.0
Electricity,CA,CA_battery_moderate_0,CA_battery_moderate_0_storage,Battery,Storage{Electricity},1.62690243179235e-11,1.62690243179235e-11,0.0,0.0
Electricity,NW,NW_battery_moderate_0,NW_battery_moderate_0_storage,Battery,Storage{Electricity},1.6441605212571368e-11,1.6441605212571368e-11,0.0,0.0
Electricity,SW,SW_battery_moderate_0,SW_battery_moderate_0_storage,Battery,Storage{Electricity},1.6633115615823242e-11,1.6633115615823242e-11,0.0,0.0
Electricity,TX,TX_battery_moderate_0,TX_battery_moderate_0_storage,Battery,Storage{Electricity},1.630343549832269e-11,1.630343549832269e-11,0.0,0.0
Electricity,NCEN,NCEN_battery_moderate_0,NCEN_battery_moderate_0_storage,Battery,Storage{Electricity},1.6334891339112098e-11,1.6334891339112098e-11,0.0,0.0
Electricity,CEN,CEN_battery_moderate_0,CEN_battery_moderate_0_storage,Battery,Storage{Electricity},1.6258248062311594e-11,1.6258248062311594e-11,0.0,0.0
Electricity,SE,SE_battery_moderate_0,SE_battery_moderate_0_storage,Battery,Storage{Electricity},1.6178186125840708e-11,1.6178186125840708e-11,0.0,0.0
Electricity,MIDAT,MIDAT_battery_moderate_0,MIDAT_battery_moderate_0_storage,Battery,Storage{Electricity},1.64230178028764e-11,1.64230178028764e-11,0.0,0.0
Electricity,NE,NE_battery_moderate_0,NE_battery_moderate_0_storage,Battery,Storage{Electricity},1.6215719308188045e-11,1.6215719308188045e-11,0.0,0.0
Electricity,CA,CA_hydroelectric_pumped_storage_1,CA_hydroelectric_pumped_storage_1_storage,Battery,Storage{Electricity},0.0,0.0,0.0,0.0
Electricity,CEN,CEN_hydroelectric_pumped_storage_1,CEN_hydroelectric_pumped_storage_1_storage,Battery,Storage{Electricity},0.0,0.0,0.0,0.0
Electricity,MIDAT,MIDAT_hydroelectric_pumped_storage_1,MIDAT_hydroelectric_pumped_storage_1_storage,Battery,Storage{Electricity},0.0,0.0,0.0,0.0
Electricity,NE,NE_hydroelectric_pumped_storage_1,NE_hydroelectric_pumped_storage_1_storage,Battery,Storage{Electricity},0.0,0.0,0.0,0.0
Electricity,NW,NW_hydroelectric_pumped_storage_1,NW_hydroelectric_pumped_storage_1_storage,Battery,Storage{Electricity},0.0,0.0,0.0,0.0
Electricity,NCEN,NCEN_hydroelectric_pumped_storage_1,NCEN_hydroelectric_pumped_storage_1_storage,Battery,Storage{Electricity},0.0,0.0,0.0,0.0
Electricity,SE,SE_hydroelectric_pumped_storage_1,SE_hydroelectric_pumped_storage_1_storage,Battery,Storage{Electricity},0.0,0.0,0.0,0.0
Electricity,SW,SW_hydroelectric_pumped_storage_1,SW_hydroelectric_pumped_storage_1_storage,Battery,Storage{Electricity},0.0,0.0,0.0,0.0
Hydrogen,CA,h2_CA_to_NW,h2_CA_to_NW_storage,GasStorage{Hydrogen},Storage{Hydrogen},0.0,0.0,0.0,0.0
Hydrogen,NW,h2_NW_to_CA,h2_NW_to_CA_storage,GasStorage{Hydrogen},Storage{Hydrogen},0.0,0.0,0.0,0.0
Hydrogen,CA,h2_CA_to_SW,h2_CA_to_SW_storage,GasStorage{Hydrogen},Storage{Hydrogen},0.0,0.0,0.0,0.0
Hydrogen,SW,h2_SW_to_CA,h2_SW_to_CA_storage,GasStorage{Hydrogen},Storage{Hydrogen},0.0,0.0,0.0,0.0
Hydrogen,NW,h2_NW_to_SW,h2_NW_to_SW_storage,GasStorage{Hydrogen},Storage{Hydrogen},0.0,0.0,0.0,0.0
Hydrogen,SW,h2_SW_to_NW,h2_SW_to_NW_storage,GasStorage{Hydrogen},Storage{Hydrogen},0.0,0.0,0.0,0.0
Hydrogen,SW,h2_SW_to_CEN,h2_SW_to_CEN_storage,GasStorage{Hydrogen},Storage{Hydrogen},0.0,0.0,0.0,0.0
Hydrogen,CEN,h2_CEN_to_SW,h2_CEN_to_SW_storage,GasStorage{Hydrogen},Storage{Hydrogen},0.0,0.0,0.0,0.0
Hydrogen,TX,h2_TX_to_CEN,h2_TX_to_CEN_storage,GasStorage{Hydrogen},Storage{Hydrogen},0.0,0.0,0.0,0.0
Hydrogen,CEN,h2_CEN_to_TX,h2_CEN_to_TX_storage,GasStorage{Hydrogen},Storage{Hydrogen},0.0,0.0,0.0,0.0
Hydrogen,NCEN,h2_NCEN_to_CEN,h2_NCEN_to_CEN_storage,GasStorage{Hydrogen},Storage{Hydrogen},0.0,0.0,0.0,0.0
Hydrogen,CEN,h2_CEN_to_NCEN,h2_CEN_to_NCEN_storage,GasStorage{Hydrogen},Storage{Hydrogen},0.0,0.0,0.0,0.0
Hydrogen,NCEN,h2_NCEN_to_SE,h2_NCEN_to_SE_storage,GasStorage{Hydrogen},Storage{Hydrogen},0.0,0.0,0.0,0.0
Hydrogen,SE,h2_SE_to_NCEN,h2_SE_to_NCEN_storage,GasStorage{Hydrogen},Storage{Hydrogen},0.0,0.0,0.0,0.0
Hydrogen,NCEN,h2_NCEN_to_MIDAT,h2_NCEN_to_MIDAT_storage,GasStorage{Hydrogen},Storage{Hydrogen},0.0,0.0,0.0,0.0
Hydrogen,MIDAT,h2_MIDAT_to_NCEN,h2_MIDAT_to_NCEN_storage,GasStorage{Hydrogen},Storage{Hydrogen},0.0,0.0,0.0,0.0
Hydrogen,CEN,h2_CEN_to_SE,h2_CEN_to_SE_storage,GasStorage{Hydrogen},Storage{Hydrogen},0.0,0.0,0.0,0.0
Hydrogen,SE,h2_SE_to_CEN,h2_SE_to_CEN_storage,GasStorage{Hydrogen},Storage{Hydrogen},0.0,0.0,0.0,0.0
Hydrogen,SE,h2_SE_to_MIDAT,h2_SE_to_MIDAT_storage,GasStorage{Hydrogen},Storage{Hydrogen},0.0,0.0,0.0,0.0
Hydrogen,MIDAT,h2_MIDAT_to_SE,h2_MIDAT_to_SE_storage,GasStorage{Hydrogen},Storage{Hydrogen},0.0,0.0,0.0,0.0
Hydrogen,MIDAT,h2_MIDAT_to_NE,h2_MIDAT_to_NE_storage,GasStorage{Hydrogen},Storage{Hydrogen},0.0,0.0,0.0,0.0
Hydrogen,NE,h2_NE_to_MIDAT,h2_NE_to_MIDAT_storage,GasStorage{Hydrogen},Storage{Hydrogen},0.0,0.0,0.0,0.0
Hydrogen,CA,CA_Above_ground_storage,CA_Above_ground_storage_storage,GasStorage{Hydrogen},LongDurationStorage{Hydrogen},8.29730399363132e-10,8.29730399363132e-10,0.0,0.0
Hydrogen,NW,NW_Above_ground_storage,NW_Above_ground_storage_storage,GasStorage{Hydrogen},LongDurationStorage{Hydrogen},8.289421965284935e-10,8.289421965284935e-10,0.0,0.0
Hydrogen,SW,SW_Above_ground_storage,SW_Above_ground_storage_storage,GasStorage{Hydrogen},LongDurationStorage{Hydrogen},8.284544034616368e-10,8.284544034616368e-10,0.0,0.0
Hydrogen,TX,TX_Above_ground_storage,TX_Above_ground_storage_storage,GasStorage{Hydrogen},LongDurationStorage{Hydrogen},8.276751777107663e-10,8.276751777107663e-10,0.0,0.0
Hydrogen,NCEN,NCEN_Above_ground_storage,NCEN_Above_ground_storage_storage,GasStorage{Hydrogen},LongDurationStorage{Hydrogen},8.27084748656051e-10,8.27084748656051e-10,0.0,0.0
Hydrogen,CEN,CEN_Above_ground_storage,CEN_Above_ground_storage_storage,GasStorage{Hydrogen},LongDurationStorage{Hydrogen},8.25832339678062e-10,8.25832339678062e-10,0.0,0.0
Hydrogen,SE,SE_Above_ground_storage,SE_Above_ground_storage_storage,GasStorage{Hydrogen},LongDurationStorage{Hydrogen},8.26319799473347e-10,8.26319799473347e-10,0.0,0.0
Hydrogen,MIDAT,MIDAT_Above_ground_storage,MIDAT_Above_ground_storage_storage,GasStorage{Hydrogen},LongDurationStorage{Hydrogen},8.260255966009016e-10,8.260255966009016e-10,0.0,0.0
Hydrogen,NE,NE_Above_ground_storage,NE_Above_ground_storage_storage,GasStorage{Hydrogen},LongDurationStorage{Hydrogen},8.252781950162717e-10,8.252781950162717e-10,0.0,0.0
Electricity,CA,CA_conventional_hydroelectric_1,CA_conventional_hydroelectric_1_storage,HydroRes,Storage{Electricity},0.0,0.0,0.0,0.0
Electricity,CEN,CEN_conventional_hydroelectric_1,CEN_conventional_hydroelectric_1_storage,HydroRes,Storage{Electricity},0.0,0.0,0.0,0.0
Electricity,MIDAT,MIDAT_conventional_hydroelectric_1,MIDAT_conventional_hydroelectric_1_storage,HydroRes,Storage{Electricity},0.0,0.0,0.0,0.0
Electricity,NE,NE_conventional_hydroelectric_1,NE_conventional_hydroelectric_1_storage,HydroRes,Storage{Electricity},0.0,0.0,0.0,0.0
Electricity,NW,NW_conventional_hydroelectric_1,NW_conventional_hydroelectric_1_storage,HydroRes,Storage{Electricity},0.0,0.0,0.0,0.0
Electricity,NCEN,NCEN_conventional_hydroelectric_1,NCEN_conventional_hydroelectric_1_storage,HydroRes,Storage{Electricity},0.0,0.0,0.0,0.0
Electricity,SE,SE_conventional_hydroelectric_1,SE_conventional_hydroelectric_1_storage,HydroRes,Storage{Electricity},0.0,0.0,0.0,0.0
Electricity,SW,SW_conventional_hydroelectric_1,SW_conventional_hydroelectric_1_storage,HydroRes,Storage{Electricity},0.0,0.0,0.0,0.0
Electricity,TX,TX_conventional_hydroelectric_1,TX_conventional_hydroelectric_1_storage,HydroRes,Storage{Electricity},0.0,0.0,0.0,0.0
NaturalGas,CA,natgas_CA_to_SW,natgas_CA_to_SW_storage,GasStorage{NaturalGas},Storage{NaturalGas},11052.8797,11052.8797,0.0,0.0
NaturalGas,NW,natgas_NW_to_CA,natgas_NW_to_CA_storage,GasStorage{NaturalGas},Storage{NaturalGas},28772.9781,28772.978099999997,0.0,0.0
NaturalGas,NW,natgas_NW_to_SW,natgas_NW_to_SW_storage,GasStorage{NaturalGas},Storage{NaturalGas},146209.8249,146209.8249,0.0,0.0
NaturalGas,NW,natgas_NW_to_NCEN,natgas_NW_to_NCEN_storage,GasStorage{NaturalGas},Storage{NaturalGas},40548.3511,40548.3511,0.0,0.0
NaturalGas,NW,natgas_NW_to_CEN,natgas_NW_to_CEN_storage,GasStorage{NaturalGas},Storage{NaturalGas},35021.9112,35021.9112,0.0,0.0
NaturalGas,SW,natgas_SW_to_CA,natgas_SW_to_CA_storage,GasStorage{NaturalGas},Storage{NaturalGas},119819.807,119819.80699999999,0.0,0.0
NaturalGas,SW,natgas_SW_to_NW,natgas_SW_to_NW_storage,GasStorage{NaturalGas},Storage{NaturalGas},105775.5517,105775.5517,0.0,0.0
NaturalGas,SW,natgas_SW_to_TX,natgas_SW_to_TX_storage,GasStorage{NaturalGas},Storage{NaturalGas},54567.2558,54567.2558,0.0,0.0
NaturalGas,SW,natgas_SW_to_CEN,natgas_SW_to_CEN_storage,GasStorage{NaturalGas},Storage{NaturalGas},61741.4874,61741.4874,0.0,0.0
NaturalGas,TX,natgas_TX_to_CEN,natgas_TX_to_CEN_storage,GasStorage{NaturalGas},Storage{NaturalGas},320710.9656,320710.9656,0.0,0.0
NaturalGas,NCEN,natgas_NCEN_to_NW,natgas_NCEN_to_NW_storage,GasStorage{NaturalGas},Storage{NaturalGas},4588.4661,4588.4661,0.0,0.0
NaturalGas,NCEN,natgas_NCEN_to_CEN,natgas_NCEN_to_CEN_storage,GasStorage{NaturalGas},Storage{NaturalGas},83314.8833,83314.88329999999,0.0,0.0
NaturalGas,NCEN,natgas_NCEN_to_SE,natgas_NCEN_to_SE_storage,GasStorage{NaturalGas},Storage{NaturalGas},38748.4555,38748.4555,0.0,0.0
NaturalGas,NCEN,natgas_NCEN_to_MIDAT,natgas_NCEN_to_MIDAT_storage,GasStorage{NaturalGas},Storage{NaturalGas},91198.9328,91198.9328,0.0,0.0
NaturalGas,CEN,natgas_CEN_to_NW,natgas_CEN_to_NW_storage,GasStorage{NaturalGas},Storage{NaturalGas},1077.4023,1077.4023,0.0,0.0
NaturalGas,CEN,natgas_CEN_to_SW,natgas_CEN_to_SW_storage,GasStorage{NaturalGas},Storage{NaturalGas},41803.2078,41803.2078,0.0,0.0
NaturalGas,CEN,natgas_CEN_to_TX,natgas_CEN_to_TX_storage,GasStorage{NaturalGas},Storage{NaturalGas},167795.8961,167795.8961,0.0,0.0
NaturalGas,CEN,natgas_CEN_to_NCEN,natgas_CEN_to_NCEN_storage,GasStorage{NaturalGas},Storage{NaturalGas},156121.9257,156121.9257,0.0,0.0
NaturalGas,CEN,natgas_CEN_to_SE,natgas_CEN_to_SE_storage,GasStorage{NaturalGas},Storage{NaturalGas},410338.1586,410338.1586,0.0,0.0
NaturalGas,SE,natgas_SE_to_NCEN,natgas_SE_to_NCEN_storage,GasStorage{NaturalGas},Storage{NaturalGas},65379.3044,65379.30439999999,0.0,0.0
NaturalGas,SE,natgas_SE_to_CEN,natgas_SE_to_CEN_storage,GasStorage{NaturalGas},Storage{NaturalGas},135930.1397,135930.1397,0.0,0.0
NaturalGas,SE,natgas_SE_to_MIDAT,natgas_SE_to_MIDAT_storage,GasStorage{NaturalGas},Storage{NaturalGas},132558.5044,132558.5044,0.0,0.0
NaturalGas,MIDAT,natgas_MIDAT_to_NCEN,natgas_MIDAT_to_NCEN_storage,GasStorage{NaturalGas},Storage{NaturalGas},134827.3868,134827.3868,0.0,0.0
NaturalGas,MIDAT,natgas_MIDAT_to_SE,natgas_MIDAT_to_SE_storage,GasStorage{NaturalGas},Storage{NaturalGas},150925.0442,150925.0442,0.0,0.0
NaturalGas,MIDAT,natgas_MIDAT_to_NE,natgas_MIDAT_to_NE_storage,GasStorage{NaturalGas},Storage{NaturalGas},129110.8172,129110.8172,0.0,0.0
NaturalGas,NE,natgas_NE_to_MIDAT,natgas_NE_to_MIDAT_storage,GasStorage{NaturalGas},Storage{NaturalGas},22600.0969,22600.096899999997,0.0,0.0
