commodity,zone,resource_id,component_id,resource_type,component_type,capacity,new_capacity,retired_capacity,existing_capacity
Biomass_Herb,CA,CA_Bio_Electricity_CCS_93_Herb,CA_Bio_Electricity_CCS_93_Herb_biomass_edge,BECCSElectricity,UnidirectionalEdge{MacroEnergy.Biomass_Herb},0.011843319114051367,0.011843319114051367,0.0,0.0
Biomass_Herb,NW,NW_Bio_Electricity_CCS_93_Herb,NW_Bio_Electricity_CCS_93_Herb_biomass_edge,BECCSElectricity,UnidirectionalEdge{MacroEnergy.Biomass_Herb},0.019154535114286234,0.019154535114286234,0.0,0.0
Biomass_Herb,SW,SW_Bio_Electricity_CCS_93_Herb,SW_Bio_Electricity_CCS_93_Herb_biomass_edge,BECCSElectricity,UnidirectionalEdge{MacroEnergy.Biomass_Herb},0.0414778211763926,0.0414778211763926,0.0,0.0
Biomass_Herb,TX,TX_Bio_Electricity_CCS_93_Herb,TX_Bio_Electricity_CCS_93_Herb_biomass_edge,BECCSElectricity,UnidirectionalEdge{MacroEnergy.Biomass_Herb},0.07852410937272704,0.07852410937272704,0.0,0.0
Biomass_Herb,NCEN,NCEN_Bio_Electricity_CCS_93_Herb,NCEN_Bio_Electricity_CCS_93_Herb_biomass_edge,BECCSElectricity,UnidirectionalEdge{MacroEnergy.Biomass_Herb},0.06253635544927645,0.06253635544927645,0.0,0.0
Biomass_Herb,CEN,CEN_Bio_Electricity_CCS_93_Herb,CEN_Bio_Electricity_CCS_93_Herb_biomass_edge,BECCSElectricity,UnidirectionalEdge{MacroEnergy.Biomass_Herb},0.07655667139862067,0.07655667139862067,0.0,0.0
Biomass_Herb,SE,SE_Bio_Electricity_CCS_93_Herb,SE_Bio_Electricity_CCS_93_Herb_biomass_edge,BECCSElectricity,UnidirectionalEdge{MacroEnergy.Biomass_Herb},0.06624552918517766,0.06624552918517766,0.0,0.0
Biomass_Herb,MIDAT,MIDAT_Bio_Electricity_CCS_93_Herb,MIDAT_Bio_Electricity_CCS_93_Herb_biomass_edge,BECCSElectricity,UnidirectionalEdge{MacroEnergy.Biomass_Herb},0.03315469198747191,0.03315469198747191,0.0,0.0
Biomass_Herb,NE,NE_Bio_Electricity_CCS_93_Herb,NE_Bio_Electricity_CCS_93_Herb_biomass_edge,BECCSElectricity,UnidirectionalEdge{MacroEnergy.Biomass_Herb},0.01902851318740385,0.01902851318740385,0.0,0.0
Biomass_Wood,CA,CA_Bio_Electricity_CCS_93_Wood,CA_Bio_Electricity_CCS_93_Wood_biomass_edge,BECCSElectricity,UnidirectionalEdge{MacroEnergy.Biomass_Wood},0.018397318163965785,0.018397318163965785,0.0,0.0
Biomass_Wood,NW,NW_Bio_Electricity_CCS_93_Wood,NW_Bio_Electricity_CCS_93_Wood_biomass_edge,BECCSElectricity,UnidirectionalEdge{MacroEnergy.Biomass_Wood},0.020110278605117528,0.020110278605117528,0.0,0.0
Biomass_Wood,SW,SW_Bio_Electricity_CCS_93_Wood,SW_Bio_Electricity_CCS_93_Wood_biomass_edge,BECCSElectricity,UnidirectionalEdge{MacroEnergy.Biomass_Wood},0.025068739378723552,0.025068739378723552,0.0,0.0
Biomass_Wood,TX,TX_Bio_Electricity_CCS_93_Wood,TX_Bio_Electricity_CCS_93_Wood_biomass_edge,BECCSElectricity,UnidirectionalEdge{MacroEnergy.Biomass_Wood},0.02696885489160266,0.02696885489160266,0.0,0.0
Biomass_Wood,NCEN,NCEN_Bio_Electricity_CCS_93_Wood,NCEN_Bio_Electricity_CCS_93_Wood_biomass_edge,BECCSElectricity,UnidirectionalEdge{MacroEnergy.Biomass_Wood},0.03775610116296739,0.03775610116296739,0.0,0.0
Biomass_Wood,CEN,CEN_Bio_Electricity_CCS_93_Wood,CEN_Bio_Electricity_CCS_93_Wood_biomass_edge,BECCSElectricity,UnidirectionalEdge{MacroEnergy.Biomass_Wood},0.04348490087320053,0.04348490087320053,0.0,0.0
Biomass_Wood,SE,SE_Bio_Electricity_CCS_93_Wood,SE_Bio_Electricity_CCS_93_Wood_biomass_edge,BECCSElectricity,UnidirectionalEdge{MacroEnergy.Biomass_Wood},0.04639929870074265,0.04639929870074265,0.0,0.0
Biomass_Wood,MIDAT,MIDAT_Bio_Electricity_CCS_93_Wood,MIDAT_Bio_Electricity_CCS_93_Wood_biomass_edge,BECCSElectricity,UnidirectionalEdge{MacroEnergy.Biomass_Wood},0.03901063864994724,0.03901063864994724,0.0,0.0
Biomass_Wood,NE,NE_Bio_Electricity_CCS_93_Wood,NE_Bio_Electricity_CCS_93_Wood_biomass_edge,BECCSElectricity,UnidirectionalEdge{MacroEnergy.Biomass_Wood},0.023310035072627088,0.023310035072627088,0.0,0.0
Biomass_Agri,CA,CA_Bio_Electricity_CCS_93_Agri,CA_Bio_Electricity_CCS_93_Agri_biomass_edge,BECCSElectricity,UnidirectionalEdge{MacroEnergy.Biomass_Agri},0.02457434431596685,0.02457434431596685,0.0,0.0
Biomass_Agri,NW,NW_Bio_Electricity_CCS_93_Agri,NW_Bio_Electricity_CCS_93_Agri_biomass_edge,BECCSElectricity,UnidirectionalEdge{MacroEnergy.Biomass_Agri},0.028048876854722713,0.028048876854722713,0.0,0.0
Biomass_Agri,SW,SW_Bio_Electricity_CCS_93_Agri,SW_Bio_Electricity_CCS_93_Agri_biomass_edge,BECCSElectricity,UnidirectionalEdge{MacroEnergy.Biomass_Agri},0.02405540474732346,0.02405540474732346,0.0,0.0
Biomass_Agri,TX,TX_Bio_Electricity_CCS_93_Agri,TX_Bio_Electricity_CCS_93_Agri_biomass_edge,BECCSElectricity,UnidirectionalEdge{MacroEnergy.Biomass_Agri},0.026045620782955362,0.026045620782955362,0.0,0.0
Biomass_Agri,NCEN,NCEN_Bio_Electricity_CCS_93_Agri,NCEN_Bio_Electricity_CCS_93_Agri_biomass_edge,BECCSElectricity,UnidirectionalEdge{MacroEnergy.Biomass_Agri},0.07406618774912604,0.07406618774912604,0.0,0.0
Biomass_Agri,CEN,CEN_Bio_Electricity_CCS_93_Agri,CEN_Bio_Electricity_CCS_93_Agri_biomass_edge,BECCSElectricity,UnidirectionalEdge{MacroEnergy.Biomass_Agri},0.06461391788645539,0.06461391788645539,0.0,0.0
Biomass_Agri,SE,SE_Bio_Electricity_CCS_93_Agri,SE_Bio_Electricity_CCS_93_Agri_biomass_edge,BECCSElectricity,UnidirectionalEdge{MacroEnergy.Biomass_Agri},0.026244349792467172,0.026244349792467172,0.0,0.0
Biomass_Agri,MIDAT,MIDAT_Bio_Electricity_CCS_93_Agri,MIDAT_Bio_Electricity_CCS_93_Agri_biomass_edge,BECCSElectricity,UnidirectionalEdge{MacroEnergy.Biomass_Agri},0.02449671269940744,0.02449671269940744,0.0,0.0
Biomass_Agri,NE,NE_Bio_Electricity_CCS_93_Agri,NE_Bio_Electricity_CCS_93_Agri_biomass_edge,BECCSElectricity,UnidirectionalEdge{MacroEnergy.Biomass_Agri},0.0180247719108733,0.0180247719108733,0.0,0.0
Biomass_Herb,CA,CA_Bio_H2_Herb,CA_Bio_H2_Herb_biomass_edge,BECCSHydrogen{NaturalGas},UnidirectionalEdge{MacroEnergy.Biomass_Herb},0.005919555564257828,0.005919555564257828,0.0,0.0
Biomass_Herb,NW,NW_Bio_H2_Herb,NW_Bio_H2_Herb_biomass_edge,BECCSHydrogen{NaturalGas},UnidirectionalEdge{MacroEnergy.Biomass_Herb},0.007823048771239167,0.007823048771239167,0.0,0.0
Biomass_Herb,SW,SW_Bio_H2_Herb,SW_Bio_H2_Herb_biomass_edge,BECCSHydrogen{NaturalGas},UnidirectionalEdge{MacroEnergy.Biomass_Herb},0.01106593592983394,0.01106593592983394,0.0,0.0
Biomass_Herb,TX,TX_Bio_H2_Herb,TX_Bio_H2_Herb_biomass_edge,BECCSHydrogen{NaturalGas},UnidirectionalEdge{MacroEnergy.Biomass_Herb},0.015902588621929586,0.015902588621929586,0.0,0.0
Biomass_Herb,NCEN,NCEN_Bio_H2_Herb,NCEN_Bio_H2_Herb_biomass_edge,BECCSHydrogen{NaturalGas},UnidirectionalEdge{MacroEnergy.Biomass_Herb},0.014084881735453851,0.014084881735453851,0.0,0.0
Biomass_Herb,CEN,CEN_Bio_H2_Herb,CEN_Bio_H2_Herb_biomass_edge,BECCSHydrogen{NaturalGas},UnidirectionalEdge{MacroEnergy.Biomass_Herb},0.016162629274413802,0.016162629274413802,0.0,0.0
Biomass_Herb,SE,SE_Bio_H2_Herb,SE_Bio_H2_Herb_biomass_edge,BECCSHydrogen{NaturalGas},UnidirectionalEdge{MacroEnergy.Biomass_Herb},0.01618704022688333,0.01618704022688333,0.0,0.0
Biomass_Herb,MIDAT,MIDAT_Bio_H2_Herb,MIDAT_Bio_H2_Herb_biomass_edge,BECCSHydrogen{NaturalGas},UnidirectionalEdge{MacroEnergy.Biomass_Herb},0.013029583694047844,0.013029583694047844,0.0,0.0
Biomass_Herb,NE,NE_Bio_H2_Herb,NE_Bio_H2_Herb_biomass_edge,BECCSHydrogen{NaturalGas},UnidirectionalEdge{MacroEnergy.Biomass_Herb},0.012087298026403912,0.012087298026403912,0.0,0.0
Biomass_Wood,CA,CA_Bio_H2_Wood,CA_Bio_H2_Wood_biomass_edge,BECCSHydrogen{NaturalGas},UnidirectionalEdge{MacroEnergy.Biomass_Wood},0.009107434169419311,0.009107434169419311,0.0,0.0
Biomass_Wood,NW,NW_Bio_H2_Wood,NW_Bio_H2_Wood_biomass_edge,BECCSHydrogen{NaturalGas},UnidirectionalEdge{MacroEnergy.Biomass_Wood},0.007235651456466165,0.007235651456466165,0.0,0.0
Biomass_Wood,SW,SW_Bio_H2_Wood,SW_Bio_H2_Wood_biomass_edge,BECCSHydrogen{NaturalGas},UnidirectionalEdge{MacroEnergy.Biomass_Wood},0.009384788032315879,0.009384788032315879,0.0,0.0
Biomass_Wood,TX,TX_Bio_H2_Wood,TX_Bio_H2_Wood_biomass_edge,BECCSHydrogen{NaturalGas},UnidirectionalEdge{MacroEnergy.Biomass_Wood},0.009404665718393204,0.009404665718393204,0.0,0.0
Biomass_Wood,NCEN,NCEN_Bio_H2_Wood,NCEN_Bio_H2_Wood_biomass_edge,BECCSHydrogen{NaturalGas},UnidirectionalEdge{MacroEnergy.Biomass_Wood},0.011426060833355036,0.011426060833355036,0.0,0.0
Biomass_Wood,CEN,CEN_Bio_H2_Wood,CEN_Bio_H2_Wood_biomass_edge,BECCSHydrogen{NaturalGas},UnidirectionalEdge{MacroEnergy.Biomass_Wood},0.010265155500394092,0.010265155500394092,0.0,0.0
Biomass_Wood,SE,SE_Bio_H2_Wood,SE_Bio_H2_Wood_biomass_edge,BECCSHydrogen{NaturalGas},UnidirectionalEdge{MacroEnergy.Biomass_Wood},0.012939835549917523,0.012939835549917523,0.0,0.0
Biomass_Wood,MIDAT,MIDAT_Bio_H2_Wood,MIDAT_Bio_H2_Wood_biomass_edge,BECCSHydrogen{NaturalGas},UnidirectionalEdge{MacroEnergy.Biomass_Wood},0.01292996094774529,0.01292996094774529,0.0,0.0
Biomass_Wood,NE,NE_Bio_H2_Wood,NE_Bio_H2_Wood_biomass_edge,BECCSHydrogen{NaturalGas},UnidirectionalEdge{MacroEnergy.Biomass_Wood},0.011643449828982265,0.011643449828982265,0.0,0.0
Biomass_Agri,CA,CA_Bio_H2_Agri,CA_Bio_H2_Agri_biomass_edge,BECCSHydrogen{NaturalGas},UnidirectionalEdge{MacroEnergy.Biomass_Agri},0.009803924844890625,0.009803924844890625,0.0,0.0
Biomass_Agri,NW,NW_Bio_H2_Agri,NW_Bio_H2_Agri_biomass_edge,BECCSHydrogen{NaturalGas},UnidirectionalEdge{MacroEnergy.Biomass_Agri},0.008983867295454495,0.008983867295454495,0.0,0.0
Biomass_Agri,SW,SW_Bio_H2_Agri,SW_Bio_H2_Agri_biomass_edge,BECCSHydrogen{NaturalGas},UnidirectionalEdge{MacroEnergy.Biomass_Agri},0.010743887967430423,0.010743887967430423,0.0,0.0
Biomass_Agri,TX,TX_Bio_H2_Agri,TX_Bio_H2_Agri_biomass_edge,BECCSHydrogen{NaturalGas},UnidirectionalEdge{MacroEnergy.Biomass_Agri},0.011612215210449705,0.011612215210449705,0.0,0.0
Biomass_Agri,NCEN,NCEN_Bio_H2_Agri,NCEN_Bio_H2_Agri_biomass_edge,BECCSHydrogen{NaturalGas},UnidirectionalEdge{MacroEnergy.Biomass_Agri},0.015977772938200754,0.015977772938200754,0.0,0.0
Biomass_Agri,CEN,CEN_Bio_H2_Agri,CEN_Bio_H2_Agri_biomass_edge,BECCSHydrogen{NaturalGas},UnidirectionalEdge{MacroEnergy.Biomass_Agri},0.01276450440333049,0.01276450440333049,0.0,0.0
Biomass_Agri,SE,SE_Bio_H2_Agri,SE_Bio_H2_Agri_biomass_edge,BECCSHydrogen{NaturalGas},UnidirectionalEdge{MacroEnergy.Biomass_Agri},0.012654196688281737,0.012654196688281737,0.0,0.0
Biomass_Agri,MIDAT,MIDAT_Bio_H2_Agri,MIDAT_Bio_H2_Agri_biomass_edge,BECCSHydrogen{NaturalGas},UnidirectionalEdge{MacroEnergy.Biomass_Agri},0.013013242882341278,0.013013242882341278,0.0,0.0
Biomass_Agri,NE,NE_Bio_H2_Agri,NE_Bio_H2_Agri_biomass_edge,BECCSHydrogen{NaturalGas},UnidirectionalEdge{MacroEnergy.Biomass_Agri},0.0126351354445995,0.0126351354445995,0.0,0.0
Biomass_Herb,CA,CA_Bio_H2_CCS_99_Herb,CA_Bio_H2_CCS_99_Herb_biomass_edge,BECCSHydrogen{NaturalGas},UnidirectionalEdge{MacroEnergy.Biomass_Herb},0.007243426105491259,0.007243426105491259,0.0,0.0
Biomass_Herb,NW,NW_Bio_H2_CCS_99_Herb,NW_Bio_H2_CCS_99_Herb_biomass_edge,BECCSHydrogen{NaturalGas},UnidirectionalEdge{MacroEnergy.Biomass_Herb},0.0077401587705493045,0.0077401587705493045,0.0,0.0
Biomass_Herb,SW,SW_Bio_H2_CCS_99_Herb,SW_Bio_H2_CCS_99_Herb_biomass_edge,BECCSHydrogen{NaturalGas},UnidirectionalEdge{MacroEnergy.Biomass_Herb},0.011342381114191497,0.011342381114191497,0.0,0.0
Biomass_Herb,TX,TX_Bio_H2_CCS_99_Herb,TX_Bio_H2_CCS_99_Herb_biomass_edge,BECCSHydrogen{NaturalGas},UnidirectionalEdge{MacroEnergy.Biomass_Herb},0.029022420682155183,0.029022420682155183,0.0,0.0
Biomass_Herb,NCEN,NCEN_Bio_H2_CCS_99_Herb,NCEN_Bio_H2_CCS_99_Herb_biomass_edge,BECCSHydrogen{NaturalGas},UnidirectionalEdge{MacroEnergy.Biomass_Herb},0.015316932775456033,0.015316932775456033,0.0,0.0
Biomass_Herb,CEN,CEN_Bio_H2_CCS_99_Herb,CEN_Bio_H2_CCS_99_Herb_biomass_edge,BECCSHydrogen{NaturalGas},UnidirectionalEdge{MacroEnergy.Biomass_Herb},0.028611401640676663,0.028611401640676663,0.0,0.0
Biomass_Herb,SE,SE_Bio_H2_CCS_99_Herb,SE_Bio_H2_CCS_99_Herb_biomass_edge,BECCSHydrogen{NaturalGas},UnidirectionalEdge{MacroEnergy.Biomass_Herb},0.01747080629669281,0.01747080629669281,0.0,0.0
Biomass_Herb,MIDAT,MIDAT_Bio_H2_CCS_99_Herb,MIDAT_Bio_H2_CCS_99_Herb_biomass_edge,BECCSHydrogen{NaturalGas},UnidirectionalEdge{MacroEnergy.Biomass_Herb},0.009415372767067238,0.009415372767067238,0.0,0.0
Biomass_Herb,NE,NE_Bio_H2_CCS_99_Herb,NE_Bio_H2_CCS_99_Herb_biomass_edge,BECCSHydrogen{NaturalGas},UnidirectionalEdge{MacroEnergy.Biomass_Herb},0.007522107202547312,0.007522107202547312,0.0,0.0
Biomass_Wood,CA,CA_Bio_H2_CCS_99_Wood,CA_Bio_H2_CCS_99_Wood_biomass_edge,BECCSHydrogen{NaturalGas},UnidirectionalEdge{MacroEnergy.Biomass_Wood},0.008696695166552927,0.008696695166552927,0.0,0.0
Biomass_Wood,NW,NW_Bio_H2_CCS_99_Wood,NW_Bio_H2_CCS_99_Wood_biomass_edge,BECCSHydrogen{NaturalGas},UnidirectionalEdge{MacroEnergy.Biomass_Wood},0.00814931171981973,0.00814931171981973,0.0,0.0
Biomass_Wood,SW,SW_Bio_H2_CCS_99_Wood,SW_Bio_H2_CCS_99_Wood_biomass_edge,BECCSHydrogen{NaturalGas},UnidirectionalEdge{MacroEnergy.Biomass_Wood},0.009597338713534782,0.009597338713534782,0.0,0.0
Biomass_Wood,TX,TX_Bio_H2_CCS_99_Wood,TX_Bio_H2_CCS_99_Wood_biomass_edge,BECCSHydrogen{NaturalGas},UnidirectionalEdge{MacroEnergy.Biomass_Wood},0.009308284863378936,0.009308284863378936,0.0,0.0
Biomass_Wood,NCEN,NCEN_Bio_H2_CCS_99_Wood,NCEN_Bio_H2_CCS_99_Wood_biomass_edge,BECCSHydrogen{NaturalGas},UnidirectionalEdge{MacroEnergy.Biomass_Wood},0.010611435155028534,0.010611435155028534,0.0,0.0
Biomass_Wood,CEN,CEN_Bio_H2_CCS_99_Wood,CEN_Bio_H2_CCS_99_Wood_biomass_edge,BECCSHydrogen{NaturalGas},UnidirectionalEdge{MacroEnergy.Biomass_Wood},0.011041837459441118,0.011041837459441118,0.0,0.0
Biomass_Wood,SE,SE_Bio_H2_CCS_99_Wood,SE_Bio_H2_CCS_99_Wood_biomass_edge,BECCSHydrogen{NaturalGas},UnidirectionalEdge{MacroEnergy.Biomass_Wood},0.0122695849399485,0.0122695849399485,0.0,0.0
Biomass_Wood,MIDAT,MIDAT_Bio_H2_CCS_99_Wood,MIDAT_Bio_H2_CCS_99_Wood_biomass_edge,BECCSHydrogen{NaturalGas},UnidirectionalEdge{MacroEnergy.Biomass_Wood},0.010679144274668243,0.010679144274668243,0.0,0.0
Biomass_Wood,NE,NE_Bio_H2_CCS_99_Wood,NE_Bio_H2_CCS_99_Wood_biomass_edge,BECCSHydrogen{NaturalGas},UnidirectionalEdge{MacroEnergy.Biomass_Wood},0.008239562477746378,0.008239562477746378,0.0,0.0
Biomass_Agri,CA,CA_Bio_H2_CCS_99_Agri,CA_Bio_H2_CCS_99_Agri_biomass_edge,BECCSHydrogen{NaturalGas},UnidirectionalEdge{MacroEnergy.Biomass_Agri},0.009930592561644892,0.009930592561644892,0.0,0.0
Biomass_Agri,NW,NW_Bio_H2_CCS_99_Agri,NW_Bio_H2_CCS_99_Agri_biomass_edge,BECCSHydrogen{NaturalGas},UnidirectionalEdge{MacroEnergy.Biomass_Agri},0.009351183392944417,0.009351183392944417,0.0,0.0
Biomass_Agri,SW,SW_Bio_H2_CCS_99_Agri,SW_Bio_H2_CCS_99_Agri_biomass_edge,BECCSHydrogen{NaturalGas},UnidirectionalEdge{MacroEnergy.Biomass_Agri},0.009410570360514263,0.009410570360514263,0.0,0.0
Biomass_Agri,TX,TX_Bio_H2_CCS_99_Agri,TX_Bio_H2_CCS_99_Agri_biomass_edge,BECCSHydrogen{NaturalGas},UnidirectionalEdge{MacroEnergy.Biomass_Agri},0.009915807068178014,0.009915807068178014,0.0,0.0
Biomass_Agri,NCEN,NCEN_Bio_H2_CCS_99_Agri,NCEN_Bio_H2_CCS_99_Agri_biomass_edge,BECCSHydrogen{NaturalGas},UnidirectionalEdge{MacroEnergy.Biomass_Agri},0.026494429639580253,0.026494429639580253,0.0,0.0
Biomass_Agri,CEN,CEN_Bio_H2_CCS_99_Agri,CEN_Bio_H2_CCS_99_Agri_biomass_edge,BECCSHydrogen{NaturalGas},UnidirectionalEdge{MacroEnergy.Biomass_Agri},0.01574747831438056,0.01574747831438056,0.0,0.0
Biomass_Agri,SE,SE_Bio_H2_CCS_99_Agri,SE_Bio_H2_CCS_99_Agri_biomass_edge,BECCSHydrogen{NaturalGas},UnidirectionalEdge{MacroEnergy.Biomass_Agri},0.009315271085216275,0.009315271085216275,0.0,0.0
Biomass_Agri,MIDAT,MIDAT_Bio_H2_CCS_99_Agri,MIDAT_Bio_H2_CCS_99_Agri_biomass_edge,BECCSHydrogen{NaturalGas},UnidirectionalEdge{MacroEnergy.Biomass_Agri},0.009166744501041078,0.009166744501041078,0.0,0.0
Biomass_Agri,NE,NE_Bio_H2_CCS_99_Agri,NE_Bio_H2_CCS_99_Agri_biomass_edge,BECCSHydrogen{NaturalGas},UnidirectionalEdge{MacroEnergy.Biomass_Agri},0.007653811185986686,0.007653811185986686,0.0,0.0
Biomass_Herb,CA,CA_Gasoline_Gasification_Non_CCS_Herb,CA_Gasoline_Gasification_Non_CCS_Herb_biomass_edge,BECCSLiquidFuels,UnidirectionalEdge{MacroEnergy.Biomass_Herb},0.010747183744553353,0.010747183744553353,0.0,0.0
Biomass_Herb,NW,NW_Gasoline_Gasification_Non_CCS_Herb,NW_Gasoline_Gasification_Non_CCS_Herb_biomass_edge,BECCSLiquidFuels,UnidirectionalEdge{MacroEnergy.Biomass_Herb},0.03972524082544188,0.03972524082544188,0.0,0.0
Biomass_Herb,SW,SW_Gasoline_Gasification_Non_CCS_Herb,SW_Gasoline_Gasification_Non_CCS_Herb_biomass_edge,BECCSLiquidFuels,UnidirectionalEdge{MacroEnergy.Biomass_Herb},0.11562208874525844,0.11562208874525844,0.0,0.0
Biomass_Herb,TX,TX_Gasoline_Gasification_Non_CCS_Herb,TX_Gasoline_Gasification_Non_CCS_Herb_biomass_edge,BECCSLiquidFuels,UnidirectionalEdge{MacroEnergy.Biomass_Herb},0.39082985475899035,0.39082985475899035,0.0,0.0
Biomass_Herb,NCEN,NCEN_Gasoline_Gasification_Non_CCS_Herb,NCEN_Gasoline_Gasification_Non_CCS_Herb_biomass_edge,BECCSLiquidFuels,UnidirectionalEdge{MacroEnergy.Biomass_Herb},1.8740832795718185,1.8740832795718185,0.0,0.0
Biomass_Herb,CEN,CEN_Gasoline_Gasification_Non_CCS_Herb,CEN_Gasoline_Gasification_Non_CCS_Herb_biomass_edge,BECCSLiquidFuels,UnidirectionalEdge{MacroEnergy.Biomass_Herb},0.773139252594034,0.773139252594034,0.0,0.0
Biomass_Herb,SE,SE_Gasoline_Gasification_Non_CCS_Herb,SE_Gasoline_Gasification_Non_CCS_Herb_biomass_edge,BECCSLiquidFuels,UnidirectionalEdge{MacroEnergy.Biomass_Herb},7.8037357606762106,7.8037357606762106,0.0,0.0
Biomass_Herb,MIDAT,MIDAT_Gasoline_Gasification_Non_CCS_Herb,MIDAT_Gasoline_Gasification_Non_CCS_Herb_biomass_edge,BECCSLiquidFuels,UnidirectionalEdge{MacroEnergy.Biomass_Herb},1511.2870195210867,1511.2870195210867,0.0,0.0
Biomass_Herb,NE,NE_Gasoline_Gasification_Non_CCS_Herb,NE_Gasoline_Gasification_Non_CCS_Herb_biomass_edge,BECCSLiquidFuels,UnidirectionalEdge{MacroEnergy.Biomass_Herb},329.49592739270753,329.49592739270753,0.0,0.0
Biomass_Wood,CA,CA_Gasoline_Gasification_Non_CCS_Wood,CA_Gasoline_Gasification_Non_CCS_Wood_biomass_edge,BECCSLiquidFuels,UnidirectionalEdge{MacroEnergy.Biomass_Wood},0.050490162620672255,0.050490162620672255,0.0,0.0
Biomass_Wood,NW,NW_Gasoline_Gasification_Non_CCS_Wood,NW_Gasoline_Gasification_Non_CCS_Wood_biomass_edge,BECCSLiquidFuels,UnidirectionalEdge{MacroEnergy.Biomass_Wood},0.036049668755363626,0.036049668755363626,0.0,0.0
Biomass_Wood,SW,SW_Gasoline_Gasification_Non_CCS_Wood,SW_Gasoline_Gasification_Non_CCS_Wood_biomass_edge,BECCSLiquidFuels,UnidirectionalEdge{MacroEnergy.Biomass_Wood},0.07488530576874741,0.07488530576874741,0.0,0.0
Biomass_Wood,TX,TX_Gasoline_Gasification_Non_CCS_Wood,TX_Gasoline_Gasification_Non_CCS_Wood_biomass_edge,BECCSLiquidFuels,UnidirectionalEdge{MacroEnergy.Biomass_Wood},0.0844181107427404,0.0844181107427404,0.0,0.0
Biomass_Wood,NCEN,NCEN_Gasoline_Gasification_Non_CCS_Wood,NCEN_Gasoline_Gasification_Non_CCS_Wood_biomass_edge,BECCSLiquidFuels,UnidirectionalEdge{MacroEnergy.Biomass_Wood},0.41738134666006604,0.41738134666006604,0.0,0.0
Biomass_Wood,CEN,CEN_Gasoline_Gasification_Non_CCS_Wood,CEN_Gasoline_Gasification_Non_CCS_Wood_biomass_edge,BECCSLiquidFuels,UnidirectionalEdge{MacroEnergy.Biomass_Wood},0.20016636983645392,0.20016636983645392,0.0,0.0
Biomass_Wood,SE,SE_Gasoline_Gasification_Non_CCS_Wood,SE_Gasoline_Gasification_Non_CCS_Wood_biomass_edge,BECCSLiquidFuels,UnidirectionalEdge{MacroEnergy.Biomass_Wood},2.0222597315197866,2.0222597315197866,0.0,0.0
Biomass_Wood,MIDAT,MIDAT_Gasoline_Gasification_Non_CCS_Wood,MIDAT_Gasoline_Gasification_Non_CCS_Wood_biomass_edge,BECCSLiquidFuels,UnidirectionalEdge{MacroEnergy.Biomass_Wood},3251.4553678534267,3251.4553678534267,0.0,0.0
Biomass_Wood,NE,NE_Gasoline_Gasification_Non_CCS_Wood,NE_Gasoline_Gasification_Non_CCS_Wood_biomass_edge,BECCSLiquidFuels,UnidirectionalEdge{MacroEnergy.Biomass_Wood},1206.636247664421,1206.636247664421,0.0,0.0
Biomass_Agri,CA,CA_Gasoline_Gasification_Non_CCS_Agri,CA_Gasoline_Gasification_Non_CCS_Agri_biomass_edge,BECCSLiquidFuels,UnidirectionalEdge{MacroEnergy.Biomass_Agri},0.06419324476906031,0.06419324476906031,0.0,0.0
Biomass_Agri,NW,NW_Gasoline_Gasification_Non_CCS_Agri,NW_Gasoline_Gasification_Non_CCS_Agri_biomass_edge,BECCSLiquidFuels,UnidirectionalEdge{MacroEnergy.Biomass_Agri},0.05159641386603631,0.05159641386603631,0.0,0.0
Biomass_Agri,SW,SW_Gasoline_Gasification_Non_CCS_Agri,SW_Gasoline_Gasification_Non_CCS_Agri_biomass_edge,BECCSLiquidFuels,UnidirectionalEdge{MacroEnergy.Biomass_Agri},0.08431634418995106,0.08431634418995106,0.0,0.0
Biomass_Agri,TX,TX_Gasoline_Gasification_Non_CCS_Agri,TX_Gasoline_Gasification_Non_CCS_Agri_biomass_edge,BECCSLiquidFuels,UnidirectionalEdge{MacroEnergy.Biomass_Agri},0.13032529877442278,0.13032529877442278,0.0,0.0
Biomass_Agri,NCEN,NCEN_Gasoline_Gasification_Non_CCS_Agri,NCEN_Gasoline_Gasification_Non_CCS_Agri_biomass_edge,BECCSLiquidFuels,UnidirectionalEdge{MacroEnergy.Biomass_Agri},2.201504623385379,2.201504623385379,0.0,0.0
Biomass_Agri,CEN,CEN_Gasoline_Gasification_Non_CCS_Agri,CEN_Gasoline_Gasification_Non_CCS_Agri_biomass_edge,BECCSLiquidFuels,UnidirectionalEdge{MacroEnergy.Biomass_Agri},0.5682888978703834,0.5682888978703834,0.0,0.0
Biomass_Agri,SE,SE_Gasoline_Gasification_Non_CCS_Agri,SE_Gasoline_Gasification_Non_CCS_Agri_biomass_edge,BECCSLiquidFuels,UnidirectionalEdge{MacroEnergy.Biomass_Agri},2.241598094594762,2.241598094594762,0.0,0.0
Biomass_Agri,MIDAT,MIDAT_Gasoline_Gasification_Non_CCS_Agri,MIDAT_Gasoline_Gasification_Non_CCS_Agri_biomass_edge,BECCSLiquidFuels,UnidirectionalEdge{MacroEnergy.Biomass_Agri},781.2292983274166,781.2292983274166,0.0,0.0
Biomass_Agri,NE,NE_Gasoline_Gasification_Non_CCS_Agri,NE_Gasoline_Gasification_Non_CCS_Agri_biomass_edge,BECCSLiquidFuels,UnidirectionalEdge{MacroEnergy.Biomass_Agri},225.59977227585645,225.59977227585645,0.0,0.0
Biomass_Herb,CA,CA_Gasoline_Gasification_CCS_31_Herb,CA_Gasoline_Gasification_CCS_31_Herb_biomass_edge,BECCSLiquidFuels,UnidirectionalEdge{MacroEnergy.Biomass_Herb},0.011190246268768174,0.011190246268768174,0.0,0.0
Biomass_Herb,NW,NW_Gasoline_Gasification_CCS_31_Herb,NW_Gasoline_Gasification_CCS_31_Herb_biomass_edge,BECCSLiquidFuels,UnidirectionalEdge{MacroEnergy.Biomass_Herb},0.04942399310595405,0.04942399310595405,0.0,0.0
Biomass_Herb,SW,SW_Gasoline_Gasification_CCS_31_Herb,SW_Gasoline_Gasification_CCS_31_Herb_biomass_edge,BECCSLiquidFuels,UnidirectionalEdge{MacroEnergy.Biomass_Herb},0.15722446614133317,0.15722446614133317,0.0,0.0
Biomass_Herb,TX,TX_Gasoline_Gasification_CCS_31_Herb,TX_Gasoline_Gasification_CCS_31_Herb_biomass_edge,BECCSLiquidFuels,UnidirectionalEdge{MacroEnergy.Biomass_Herb},0.5032136804037024,0.5032136804037024,0.0,0.0
Biomass_Herb,NCEN,NCEN_Gasoline_Gasification_CCS_31_Herb,NCEN_Gasoline_Gasification_CCS_31_Herb_biomass_edge,BECCSLiquidFuels,UnidirectionalEdge{MacroEnergy.Biomass_Herb},983.819774070467,983.819774070467,0.0,0.0
Biomass_Herb,CEN,CEN_Gasoline_Gasification_CCS_31_Herb,CEN_Gasoline_Gasification_CCS_31_Herb_biomass_edge,BECCSLiquidFuels,UnidirectionalEdge{MacroEnergy.Biomass_Herb},1.4771122825693115,1.4771122825693115,0.0,0.0
Biomass_Herb,SE,SE_Gasoline_Gasification_CCS_31_Herb,SE_Gasoline_Gasification_CCS_31_Herb_biomass_edge,BECCSLiquidFuels,UnidirectionalEdge{MacroEnergy.Biomass_Herb},8836.442419360454,8836.442419360454,0.0,0.0
Biomass_Herb,MIDAT,MIDAT_Gasoline_Gasification_CCS_31_Herb,MIDAT_Gasoline_Gasification_CCS_31_Herb_biomass_edge,BECCSLiquidFuels,UnidirectionalEdge{MacroEnergy.Biomass_Herb},3.8905954918733348,3.8905954918733348,0.0,0.0
Biomass_Herb,NE,NE_Gasoline_Gasification_CCS_31_Herb,NE_Gasoline_Gasification_CCS_31_Herb_biomass_edge,BECCSLiquidFuels,UnidirectionalEdge{MacroEnergy.Biomass_Herb},0.5622978291555549,0.5622978291555549,0.0,0.0
Biomass_Wood,CA,CA_Gasoline_Gasification_CCS_31_Wood,CA_Gasoline_Gasification_CCS_31_Wood_biomass_edge,BECCSLiquidFuels,UnidirectionalEdge{MacroEnergy.Biomass_Wood},0.08756418282277761,0.08756418282277761,0.0,0.0
Biomass_Wood,NW,NW_Gasoline_Gasification_CCS_31_Wood,NW_Gasoline_Gasification_CCS_31_Wood_biomass_edge,BECCSLiquidFuels,UnidirectionalEdge{MacroEnergy.Biomass_Wood},0.0476750772354222,0.0476750772354222,0.0,0.0
Biomass_Wood,SW,SW_Gasoline_Gasification_CCS_31_Wood,SW_Gasoline_Gasification_CCS_31_Wood_biomass_edge,BECCSLiquidFuels,UnidirectionalEdge{MacroEnergy.Biomass_Wood},0.1083094501797481,0.1083094501797481,0.0,0.0
Biomass_Wood,TX,TX_Gasoline_Gasification_CCS_31_Wood,TX_Gasoline_Gasification_CCS_31_Wood_biomass_edge,BECCSLiquidFuels,UnidirectionalEdge{MacroEnergy.Biomass_Wood},0.12192805533318747,0.12192805533318747,0.0,0.0
Biomass_Wood,NCEN,NCEN_Gasoline_Gasification_CCS_31_Wood,NCEN_Gasoline_Gasification_CCS_31_Wood_biomass_edge,BECCSLiquidFuels,UnidirectionalEdge{MacroEnergy.Biomass_Wood},0.8350347946349861,0.8350347946349861,0.0,0.0
Biomass_Wood,CEN,CEN_Gasoline_Gasification_CCS_31_Wood,CEN_Gasoline_Gasification_CCS_31_Wood_biomass_edge,BECCSLiquidFuels,UnidirectionalEdge{MacroEnergy.Biomass_Wood},0.3126504042054658,0.3126504042054658,0.0,0.0
Biomass_Wood,SE,SE_Gasoline_Gasification_CCS_31_Wood,SE_Gasoline_Gasification_CCS_31_Wood_biomass_edge,BECCSLiquidFuels,UnidirectionalEdge{MacroEnergy.Biomass_Wood},1873.008013617714,1873.008013617714,0.0,0.0
Biomass_Wood,MIDAT,MIDAT_Gasoline_Gasification_CCS_31_Wood,MIDAT_Gasoline_Gasification_CCS_31_Wood_biomass_edge,BECCSLiquidFuels,UnidirectionalEdge{MacroEnergy.Biomass_Wood},89.59981703054757,89.59981703054757,0.0,0.0
Biomass_Wood,NE,NE_Gasoline_Gasification_CCS_31_Wood,NE_Gasoline_Gasification_CCS_31_Wood_biomass_edge,BECCSLiquidFuels,UnidirectionalEdge{MacroEnergy.Biomass_Wood},1.0332628361175793,1.0332628361175793,0.0,0.0
Biomass_Agri,CA,CA_Gasoline_Gasification_CCS_31_Agri,CA_Gasoline_Gasification_CCS_31_Agri_biomass_edge,BECCSLiquidFuels,UnidirectionalEdge{MacroEnergy.Biomass_Agri},0.10953138975438376,0.10953138975438376,0.0,0.0
Biomass_Agri,NW,NW_Gasoline_Gasification_CCS_31_Agri,NW_Gasoline_Gasification_CCS_31_Agri_biomass_edge,BECCSLiquidFuels,UnidirectionalEdge{MacroEnergy.Biomass_Agri},0.0632062491712574,0.0632062491712574,0.0,0.0
Biomass_Agri,SW,SW_Gasoline_Gasification_CCS_31_Agri,SW_Gasoline_Gasification_CCS_31_Agri_biomass_edge,BECCSLiquidFuels,UnidirectionalEdge{MacroEnergy.Biomass_Agri},0.13665687777627336,0.13665687777627336,0.0,0.0
Biomass_Agri,TX,TX_Gasoline_Gasification_CCS_31_Agri,TX_Gasoline_Gasification_CCS_31_Agri_biomass_edge,BECCSLiquidFuels,UnidirectionalEdge{MacroEnergy.Biomass_Agri},0.24502705239935813,0.24502705239935813,0.0,0.0
Biomass_Agri,NCEN,NCEN_Gasoline_Gasification_CCS_31_Agri,NCEN_Gasoline_Gasification_CCS_31_Agri_biomass_edge,BECCSLiquidFuels,UnidirectionalEdge{MacroEnergy.Biomass_Agri},14145.475090834087,14145.475090834087,0.0,0.0
Biomass_Agri,CEN,CEN_Gasoline_Gasification_CCS_31_Agri,CEN_Gasoline_Gasification_CCS_31_Agri_biomass_edge,BECCSLiquidFuels,UnidirectionalEdge{MacroEnergy.Biomass_Agri},0.7206470169665694,0.7206470169665694,0.0,0.0
Biomass_Agri,SE,SE_Gasoline_Gasification_CCS_31_Agri,SE_Gasoline_Gasification_CCS_31_Agri_biomass_edge,BECCSLiquidFuels,UnidirectionalEdge{MacroEnergy.Biomass_Agri},962.9443334905134,962.9443334905134,0.0,0.0
Biomass_Agri,MIDAT,MIDAT_Gasoline_Gasification_CCS_31_Agri,MIDAT_Gasoline_Gasification_CCS_31_Agri_biomass_edge,BECCSLiquidFuels,UnidirectionalEdge{MacroEnergy.Biomass_Agri},2.946712796652455,2.946712796652455,0.0,0.0
Biomass_Agri,NE,NE_Gasoline_Gasification_CCS_31_Agri,NE_Gasoline_Gasification_CCS_31_Agri_biomass_edge,BECCSLiquidFuels,UnidirectionalEdge{MacroEnergy.Biomass_Agri},0.583134597795133,0.583134597795133,0.0,0.0
Biomass_Herb,CA,CA_Gasoline_Gasification_CCS_99_Herb,CA_Gasoline_Gasification_CCS_99_Herb_biomass_edge,BECCSLiquidFuels,UnidirectionalEdge{MacroEnergy.Biomass_Herb},0.011849694429797783,0.011849694429797783,0.0,0.0
Biomass_Herb,NW,NW_Gasoline_Gasification_CCS_99_Herb,NW_Gasoline_Gasification_CCS_99_Herb_biomass_edge,BECCSLiquidFuels,UnidirectionalEdge{MacroEnergy.Biomass_Herb},0.21873188989059617,0.21873188989059617,0.0,0.0
Biomass_Herb,SW,SW_Gasoline_Gasification_CCS_99_Herb,SW_Gasoline_Gasification_CCS_99_Herb_biomass_edge,BECCSLiquidFuels,UnidirectionalEdge{MacroEnergy.Biomass_Herb},1962.4723636246154,1962.4723636246154,0.0,0.0
Biomass_Herb,TX,TX_Gasoline_Gasification_CCS_99_Herb,TX_Gasoline_Gasification_CCS_99_Herb_biomass_edge,BECCSLiquidFuels,UnidirectionalEdge{MacroEnergy.Biomass_Herb},4.220703807585207,4.220703807585207,0.0,0.0
Biomass_Herb,NCEN,NCEN_Gasoline_Gasification_CCS_99_Herb,NCEN_Gasoline_Gasification_CCS_99_Herb_biomass_edge,BECCSLiquidFuels,UnidirectionalEdge{MacroEnergy.Biomass_Herb},0.96922835462005,0.96922835462005,0.0,0.0
Biomass_Herb,CEN,CEN_Gasoline_Gasification_CCS_99_Herb,CEN_Gasoline_Gasification_CCS_99_Herb_biomass_edge,BECCSLiquidFuels,UnidirectionalEdge{MacroEnergy.Biomass_Herb},5.2782750561109335,5.2782750561109335,0.0,0.0
Biomass_Herb,SE,SE_Gasoline_Gasification_CCS_99_Herb,SE_Gasoline_Gasification_CCS_99_Herb_biomass_edge,BECCSLiquidFuels,UnidirectionalEdge{MacroEnergy.Biomass_Herb},0.5019747881777048,0.5019747881777048,0.0,0.0
Biomass_Herb,MIDAT,MIDAT_Gasoline_Gasification_CCS_99_Herb,MIDAT_Gasoline_Gasification_CCS_99_Herb_biomass_edge,BECCSLiquidFuels,UnidirectionalEdge{MacroEnergy.Biomass_Herb},0.18801604360705862,0.18801604360705862,0.0,0.0
Biomass_Herb,NE,NE_Gasoline_Gasification_CCS_99_Herb,NE_Gasoline_Gasification_CCS_99_Herb_biomass_edge,BECCSLiquidFuels,UnidirectionalEdge{MacroEnergy.Biomass_Herb},0.09145557686625497,0.09145557686625497,0.0,0.0
Biomass_Wood,CA,CA_Gasoline_Gasification_CCS_99_Wood,CA_Gasoline_Gasification_CCS_99_Wood_biomass_edge,BECCSLiquidFuels,UnidirectionalEdge{MacroEnergy.Biomass_Wood},84.52004365884655,84.52004365884655,0.0,0.0
Biomass_Wood,NW,NW_Gasoline_Gasification_CCS_99_Wood,NW_Gasoline_Gasification_CCS_99_Wood_biomass_edge,BECCSLiquidFuels,UnidirectionalEdge{MacroEnergy.Biomass_Wood},0.16609411526573598,0.16609411526573598,0.0,0.0
Biomass_Wood,SW,SW_Gasoline_Gasification_CCS_99_Wood,SW_Gasoline_Gasification_CCS_99_Wood_biomass_edge,BECCSLiquidFuels,UnidirectionalEdge{MacroEnergy.Biomass_Wood},864.5186450252085,864.5186450252085,0.0,0.0
Biomass_Wood,TX,TX_Gasoline_Gasification_CCS_99_Wood,TX_Gasoline_Gasification_CCS_99_Wood_biomass_edge,BECCSLiquidFuels,UnidirectionalEdge{MacroEnergy.Biomass_Wood},2.7558093798189467,2.7558093798189467,0.0,0.0
Biomass_Wood,NCEN,NCEN_Gasoline_Gasification_CCS_99_Wood,NCEN_Gasoline_Gasification_CCS_99_Wood_biomass_edge,BECCSLiquidFuels,UnidirectionalEdge{MacroEnergy.Biomass_Wood},0.4471118344256693,0.4471118344256693,0.0,0.0
Biomass_Wood,CEN,CEN_Gasoline_Gasification_CCS_99_Wood,CEN_Gasoline_Gasification_CCS_99_Wood_biomass_edge,BECCSLiquidFuels,UnidirectionalEdge{MacroEnergy.Biomass_Wood},0.7730782467256179,0.7730782467256179,0.0,0.0
Biomass_Wood,SE,SE_Gasoline_Gasification_CCS_99_Wood,SE_Gasoline_Gasification_CCS_99_Wood_biomass_edge,BECCSLiquidFuels,UnidirectionalEdge{MacroEnergy.Biomass_Wood},0.48675786668611914,0.48675786668611914,0.0,0.0
Biomass_Wood,MIDAT,MIDAT_Gasoline_Gasification_CCS_99_Wood,MIDAT_Gasoline_Gasification_CCS_99_Wood_biomass_edge,BECCSLiquidFuels,UnidirectionalEdge{MacroEnergy.Biomass_Wood},0.28360740698521414,0.28360740698521414,0.0,0.0
Biomass_Wood,NE,NE_Gasoline_Gasification_CCS_99_Wood,NE_Gasoline_Gasification_CCS_99_Wood_biomass_edge,BECCSLiquidFuels,UnidirectionalEdge{MacroEnergy.Biomass_Wood},0.12404078421632504,0.12404078421632504,0.0,0.0
Biomass_Agri,CA,CA_Gasoline_Gasification_CCS_99_Agri,CA_Gasoline_Gasification_CCS_99_Agri_biomass_edge,BECCSLiquidFuels,UnidirectionalEdge{MacroEnergy.Biomass_Agri},612.126132682401,612.126132682401,0.0,0.0
Biomass_Agri,NW,NW_Gasoline_Gasification_CCS_99_Agri,NW_Gasoline_Gasification_CCS_99_Agri_biomass_edge,BECCSLiquidFuels,UnidirectionalEdge{MacroEnergy.Biomass_Agri},0.47877384889425,0.47877384889425,0.0,0.0
Biomass_Agri,SW,SW_Gasoline_Gasification_CCS_99_Agri,SW_Gasoline_Gasification_CCS_99_Agri_biomass_edge,BECCSLiquidFuels,UnidirectionalEdge{MacroEnergy.Biomass_Agri},303.8706264482397,303.8706264482397,0.0,0.0
Biomass_Agri,TX,TX_Gasoline_Gasification_CCS_99_Agri,TX_Gasoline_Gasification_CCS_99_Agri_biomass_edge,BECCSLiquidFuels,UnidirectionalEdge{MacroEnergy.Biomass_Agri},13.415908977952821,13.415908977952821,0.0,0.0
Biomass_Agri,NCEN,NCEN_Gasoline_Gasification_CCS_99_Agri,NCEN_Gasoline_Gasification_CCS_99_Agri_biomass_edge,BECCSLiquidFuels,UnidirectionalEdge{MacroEnergy.Biomass_Agri},1.2210305031714257,1.2210305031714257,0.0,0.0
Biomass_Agri,CEN,CEN_Gasoline_Gasification_CCS_99_Agri,CEN_Gasoline_Gasification_CCS_99_Agri_biomass_edge,BECCSLiquidFuels,UnidirectionalEdge{MacroEnergy.Biomass_Agri},6261.722506609251,6261.722506609251,0.0,0.0
Biomass_Agri,SE,SE_Gasoline_Gasification_CCS_99_Agri,SE_Gasoline_Gasification_CCS_99_Agri_biomass_edge,BECCSLiquidFuels,UnidirectionalEdge{MacroEnergy.Biomass_Agri},0.212485158020306,0.212485158020306,0.0,0.0
Biomass_Agri,MIDAT,MIDAT_Gasoline_Gasification_CCS_99_Agri,MIDAT_Gasoline_Gasification_CCS_99_Agri_biomass_edge,BECCSLiquidFuels,UnidirectionalEdge{MacroEnergy.Biomass_Agri},0.1600547299312352,0.1600547299312352,0.0,0.0
Biomass_Agri,NE,NE_Gasoline_Gasification_CCS_99_Agri,NE_Gasoline_Gasification_CCS_99_Agri_biomass_edge,BECCSLiquidFuels,UnidirectionalEdge{MacroEnergy.Biomass_Agri},0.09099484585480676,0.09099484585480676,0.0,0.0
Biomass_Herb,CA,CA_FT_High_Diesel_Non_CCS_Herb,CA_FT_High_Diesel_Non_CCS_Herb_biomass_edge,BECCSLiquidFuels,UnidirectionalEdge{MacroEnergy.Biomass_Herb},0.010071284909405532,0.010071284909405532,0.0,0.0
Biomass_Herb,NW,NW_FT_High_Diesel_Non_CCS_Herb,NW_FT_High_Diesel_Non_CCS_Herb_biomass_edge,BECCSLiquidFuels,UnidirectionalEdge{MacroEnergy.Biomass_Herb},0.03644659172931902,0.03644659172931902,0.0,0.0
Biomass_Herb,SW,SW_FT_High_Diesel_Non_CCS_Herb,SW_FT_High_Diesel_Non_CCS_Herb_biomass_edge,BECCSLiquidFuels,UnidirectionalEdge{MacroEnergy.Biomass_Herb},0.04878694226350964,0.04878694226350964,0.0,0.0
Biomass_Herb,TX,TX_FT_High_Diesel_Non_CCS_Herb,TX_FT_High_Diesel_Non_CCS_Herb_biomass_edge,BECCSLiquidFuels,UnidirectionalEdge{MacroEnergy.Biomass_Herb},0.11644807521773294,0.11644807521773294,0.0,0.0
Biomass_Herb,NCEN,NCEN_FT_High_Diesel_Non_CCS_Herb,NCEN_FT_High_Diesel_Non_CCS_Herb_biomass_edge,BECCSLiquidFuels,UnidirectionalEdge{MacroEnergy.Biomass_Herb},0.13462002499173661,0.13462002499173661,0.0,0.0
Biomass_Herb,CEN,CEN_FT_High_Diesel_Non_CCS_Herb,CEN_FT_High_Diesel_Non_CCS_Herb_biomass_edge,BECCSLiquidFuels,UnidirectionalEdge{MacroEnergy.Biomass_Herb},0.2101172586473815,0.2101172586473815,0.0,0.0
Biomass_Herb,SE,SE_FT_High_Diesel_Non_CCS_Herb,SE_FT_High_Diesel_Non_CCS_Herb_biomass_edge,BECCSLiquidFuels,UnidirectionalEdge{MacroEnergy.Biomass_Herb},0.14666725295835395,0.14666725295835395,0.0,0.0
Biomass_Herb,MIDAT,MIDAT_FT_High_Diesel_Non_CCS_Herb,MIDAT_FT_High_Diesel_Non_CCS_Herb_biomass_edge,BECCSLiquidFuels,UnidirectionalEdge{MacroEnergy.Biomass_Herb},0.0926862476825769,0.0926862476825769,0.0,0.0
Biomass_Herb,NE,NE_FT_High_Diesel_Non_CCS_Herb,NE_FT_High_Diesel_Non_CCS_Herb_biomass_edge,BECCSLiquidFuels,UnidirectionalEdge{MacroEnergy.Biomass_Herb},0.08583880300908885,0.08583880300908885,0.0,0.0
Biomass_Wood,CA,CA_FT_High_Diesel_Non_CCS_Wood,CA_FT_High_Diesel_Non_CCS_Wood_biomass_edge,BECCSLiquidFuels,UnidirectionalEdge{MacroEnergy.Biomass_Wood},0.03368791632985102,0.03368791632985102,0.0,0.0
Biomass_Wood,NW,NW_FT_High_Diesel_Non_CCS_Wood,NW_FT_High_Diesel_Non_CCS_Wood_biomass_edge,BECCSLiquidFuels,UnidirectionalEdge{MacroEnergy.Biomass_Wood},0.0360611202235852,0.0360611202235852,0.0,0.0
Biomass_Wood,SW,SW_FT_High_Diesel_Non_CCS_Wood,SW_FT_High_Diesel_Non_CCS_Wood_biomass_edge,BECCSLiquidFuels,UnidirectionalEdge{MacroEnergy.Biomass_Wood},0.04597250825617934,0.04597250825617934,0.0,0.0
Biomass_Wood,TX,TX_FT_High_Diesel_Non_CCS_Wood,TX_FT_High_Diesel_Non_CCS_Wood_biomass_edge,BECCSLiquidFuels,UnidirectionalEdge{MacroEnergy.Biomass_Wood},0.04756618780035148,0.04756618780035148,0.0,0.0
Biomass_Wood,NCEN,NCEN_FT_High_Diesel_Non_CCS_Wood,NCEN_FT_High_Diesel_Non_CCS_Wood_biomass_edge,BECCSLiquidFuels,UnidirectionalEdge{MacroEnergy.Biomass_Wood},0.0956020300601348,0.0956020300601348,0.0,0.0
Biomass_Wood,CEN,CEN_FT_High_Diesel_Non_CCS_Wood,CEN_FT_High_Diesel_Non_CCS_Wood_biomass_edge,BECCSLiquidFuels,UnidirectionalEdge{MacroEnergy.Biomass_Wood},0.0787793566500041,0.0787793566500041,0.0,0.0
Biomass_Wood,SE,SE_FT_High_Diesel_Non_CCS_Wood,SE_FT_High_Diesel_Non_CCS_Wood_biomass_edge,BECCSLiquidFuels,UnidirectionalEdge{MacroEnergy.Biomass_Wood},0.12138327658655197,0.12138327658655197,0.0,0.0
Biomass_Wood,MIDAT,MIDAT_FT_High_Diesel_Non_CCS_Wood,MIDAT_FT_High_Diesel_Non_CCS_Wood_biomass_edge,BECCSLiquidFuels,UnidirectionalEdge{MacroEnergy.Biomass_Wood},0.12198711874875022,0.12198711874875022,0.0,0.0
Biomass_Wood,NE,NE_FT_High_Diesel_Non_CCS_Wood,NE_FT_High_Diesel_Non_CCS_Wood_biomass_edge,BECCSLiquidFuels,UnidirectionalEdge{MacroEnergy.Biomass_Wood},0.10409309186376517,0.10409309186376517,0.0,0.0
Biomass_Agri,CA,CA_FT_High_Diesel_Agri,CA_FT_High_Diesel_Agri_biomass_edge,BECCSLiquidFuels,UnidirectionalEdge{MacroEnergy.Biomass_Agri},0.03545615280256605,0.03545615280256605,0.0,0.0
Biomass_Agri,NW,NW_FT_High_Diesel_Agri,NW_FT_High_Diesel_Agri_biomass_edge,BECCSLiquidFuels,UnidirectionalEdge{MacroEnergy.Biomass_Agri},0.040965301909240776,0.040965301909240776,0.0,0.0
Biomass_Agri,SW,SW_FT_High_Diesel_Agri,SW_FT_High_Diesel_Agri_biomass_edge,BECCSLiquidFuels,UnidirectionalEdge{MacroEnergy.Biomass_Agri},0.03731124390280032,0.03731124390280032,0.0,0.0
Biomass_Agri,TX,TX_FT_High_Diesel_Agri,TX_FT_High_Diesel_Agri_biomass_edge,BECCSLiquidFuels,UnidirectionalEdge{MacroEnergy.Biomass_Agri},0.04549582305223793,0.04549582305223793,0.0,0.0
Biomass_Agri,NCEN,NCEN_FT_High_Diesel_Agri,NCEN_FT_High_Diesel_Agri_biomass_edge,BECCSLiquidFuels,UnidirectionalEdge{MacroEnergy.Biomass_Agri},0.16806174421681616,0.16806174421681616,0.0,0.0
Biomass_Agri,CEN,CEN_FT_High_Diesel_Agri,CEN_FT_High_Diesel_Agri_biomass_edge,BECCSLiquidFuels,UnidirectionalEdge{MacroEnergy.Biomass_Agri},0.10560247459766939,0.10560247459766939,0.0,0.0
Biomass_Agri,SE,SE_FT_High_Diesel_Agri,SE_FT_High_Diesel_Agri_biomass_edge,BECCSLiquidFuels,UnidirectionalEdge{MacroEnergy.Biomass_Agri},0.07376764141744278,0.07376764141744278,0.0,0.0
Biomass_Agri,MIDAT,MIDAT_FT_High_Diesel_Agri,MIDAT_FT_High_Diesel_Agri_biomass_edge,BECCSLiquidFuels,UnidirectionalEdge{MacroEnergy.Biomass_Agri},0.07479162693078224,0.07479162693078224,0.0,0.0
Biomass_Agri,NE,NE_FT_High_Diesel_Agri,NE_FT_High_Diesel_Agri_biomass_edge,BECCSLiquidFuels,UnidirectionalEdge{MacroEnergy.Biomass_Agri},0.07682720715602749,0.07682720715602749,0.0,0.0
Biomass_Herb,CA,CA_FT_High_Diesel_CCS_53_Herb,CA_FT_High_Diesel_CCS_53_Herb_biomass_edge,BECCSLiquidFuels,UnidirectionalEdge{MacroEnergy.Biomass_Herb},0.011226022968486779,0.011226022968486779,0.0,0.0
Biomass_Herb,NW,NW_FT_High_Diesel_CCS_53_Herb,NW_FT_High_Diesel_CCS_53_Herb_biomass_edge,BECCSLiquidFuels,UnidirectionalEdge{MacroEnergy.Biomass_Herb},0.1336898306249094,0.1336898306249094,0.0,0.0
Biomass_Herb,SW,SW_FT_High_Diesel_CCS_53_Herb,SW_FT_High_Diesel_CCS_53_Herb_biomass_edge,BECCSLiquidFuels,UnidirectionalEdge{MacroEnergy.Biomass_Herb},0.1677733617199579,0.1677733617199579,0.0,0.0
Biomass_Herb,TX,TX_FT_High_Diesel_CCS_53_Herb,TX_FT_High_Diesel_CCS_53_Herb_biomass_edge,BECCSLiquidFuels,UnidirectionalEdge{MacroEnergy.Biomass_Herb},0.4079491499898083,0.4079491499898083,0.0,0.0
Biomass_Herb,NCEN,NCEN_FT_High_Diesel_CCS_53_Herb,NCEN_FT_High_Diesel_CCS_53_Herb_biomass_edge,BECCSLiquidFuels,UnidirectionalEdge{MacroEnergy.Biomass_Herb},1391.369462106144,1391.369462106144,0.0,0.0
Biomass_Herb,CEN,CEN_FT_High_Diesel_CCS_53_Herb,CEN_FT_High_Diesel_CCS_53_Herb_biomass_edge,BECCSLiquidFuels,UnidirectionalEdge{MacroEnergy.Biomass_Herb},4563.142471145492,4563.142471145492,0.0,0.0
Biomass_Herb,SE,SE_FT_High_Diesel_CCS_53_Herb,SE_FT_High_Diesel_CCS_53_Herb_biomass_edge,BECCSLiquidFuels,UnidirectionalEdge{MacroEnergy.Biomass_Herb},0.5595709145829606,0.5595709145829606,0.0,0.0
Biomass_Herb,MIDAT,MIDAT_FT_High_Diesel_CCS_53_Herb,MIDAT_FT_High_Diesel_CCS_53_Herb_biomass_edge,BECCSLiquidFuels,UnidirectionalEdge{MacroEnergy.Biomass_Herb},0.2672964755609291,0.2672964755609291,0.0,0.0
Biomass_Herb,NE,NE_FT_High_Diesel_CCS_53_Herb,NE_FT_High_Diesel_CCS_53_Herb_biomass_edge,BECCSLiquidFuels,UnidirectionalEdge{MacroEnergy.Biomass_Herb},0.20968674084242375,0.20968674084242375,0.0,0.0
Biomass_Wood,CA,CA_FT_High_Diesel_CCS_53_Wood,CA_FT_High_Diesel_CCS_53_Wood_biomass_edge,BECCSLiquidFuels,UnidirectionalEdge{MacroEnergy.Biomass_Wood},0.13550235310426612,0.13550235310426612,0.0,0.0
Biomass_Wood,NW,NW_FT_High_Diesel_CCS_53_Wood,NW_FT_High_Diesel_CCS_53_Wood_biomass_edge,BECCSLiquidFuels,UnidirectionalEdge{MacroEnergy.Biomass_Wood},0.15337974109604294,0.15337974109604294,0.0,0.0
Biomass_Wood,SW,SW_FT_High_Diesel_CCS_53_Wood,SW_FT_High_Diesel_CCS_53_Wood_biomass_edge,BECCSLiquidFuels,UnidirectionalEdge{MacroEnergy.Biomass_Wood},0.26278980195287904,0.26278980195287904,0.0,0.0
Biomass_Wood,TX,TX_FT_High_Diesel_CCS_53_Wood,TX_FT_High_Diesel_CCS_53_Wood_biomass_edge,BECCSLiquidFuels,UnidirectionalEdge{MacroEnergy.Biomass_Wood},0.26962041012693877,0.26962041012693877,0.0,0.0
Biomass_Wood,NCEN,NCEN_FT_High_Diesel_CCS_53_Wood,NCEN_FT_High_Diesel_CCS_53_Wood_biomass_edge,BECCSLiquidFuels,UnidirectionalEdge{MacroEnergy.Biomass_Wood},3022.112707167453,3022.112707167453,0.0,0.0
Biomass_Wood,CEN,CEN_FT_High_Diesel_CCS_53_Wood,CEN_FT_High_Diesel_CCS_53_Wood_biomass_edge,BECCSLiquidFuels,UnidirectionalEdge{MacroEnergy.Biomass_Wood},1.9112029785600024,1.9112029785600024,0.0,0.0
Biomass_Wood,SE,SE_FT_High_Diesel_CCS_53_Wood,SE_FT_High_Diesel_CCS_53_Wood_biomass_edge,BECCSLiquidFuels,UnidirectionalEdge{MacroEnergy.Biomass_Wood},3116.02865709607,3116.02865709607,0.0,0.0
Biomass_Wood,MIDAT,MIDAT_FT_High_Diesel_CCS_53_Wood,MIDAT_FT_High_Diesel_CCS_53_Wood_biomass_edge,BECCSLiquidFuels,UnidirectionalEdge{MacroEnergy.Biomass_Wood},1.4611558871014183,1.4611558871014183,0.0,0.0
Biomass_Wood,NE,NE_FT_High_Diesel_CCS_53_Wood,NE_FT_High_Diesel_CCS_53_Wood_biomass_edge,BECCSLiquidFuels,UnidirectionalEdge{MacroEnergy.Biomass_Wood},0.39458275498631423,0.39458275498631423,0.0,0.0
Biomass_Agri,CA,CA_FT_High_Diesel_CCS_53_Agri,CA_FT_High_Diesel_CCS_53_Agri_biomass_edge,BECCSLiquidFuels,UnidirectionalEdge{MacroEnergy.Biomass_Agri},0.12896071051784908,0.12896071051784908,0.0,0.0
Biomass_Agri,NW,NW_FT_High_Diesel_CCS_53_Agri,NW_FT_High_Diesel_CCS_53_Agri_biomass_edge,BECCSLiquidFuels,UnidirectionalEdge{MacroEnergy.Biomass_Agri},0.13794790259782158,0.13794790259782158,0.0,0.0
Biomass_Agri,SW,SW_FT_High_Diesel_CCS_53_Agri,SW_FT_High_Diesel_CCS_53_Agri_biomass_edge,BECCSLiquidFuels,UnidirectionalEdge{MacroEnergy.Biomass_Agri},0.1155972273191113,0.1155972273191113,0.0,0.0
Biomass_Agri,TX,TX_FT_High_Diesel_CCS_53_Agri,TX_FT_High_Diesel_CCS_53_Agri_biomass_edge,BECCSLiquidFuels,UnidirectionalEdge{MacroEnergy.Biomass_Agri},0.12755544374092065,0.12755544374092065,0.0,0.0
Biomass_Agri,NCEN,NCEN_FT_High_Diesel_CCS_53_Agri,NCEN_FT_High_Diesel_CCS_53_Agri_biomass_edge,BECCSLiquidFuels,UnidirectionalEdge{MacroEnergy.Biomass_Agri},0.7806218996181897,0.7806218996181897,0.0,0.0
Biomass_Agri,CEN,CEN_FT_High_Diesel_CCS_53_Agri,CEN_FT_High_Diesel_CCS_53_Agri_biomass_edge,BECCSLiquidFuels,UnidirectionalEdge{MacroEnergy.Biomass_Agri},0.6319528822186065,0.6319528822186065,0.0,0.0
Biomass_Agri,SE,SE_FT_High_Diesel_CCS_53_Agri,SE_FT_High_Diesel_CCS_53_Agri_biomass_edge,BECCSLiquidFuels,UnidirectionalEdge{MacroEnergy.Biomass_Agri},0.18850085113379733,0.18850085113379733,0.0,0.0
Biomass_Agri,MIDAT,MIDAT_FT_High_Diesel_CCS_53_Agri,MIDAT_FT_High_Diesel_CCS_53_Agri_biomass_edge,BECCSLiquidFuels,UnidirectionalEdge{MacroEnergy.Biomass_Agri},0.16426785320339782,0.16426785320339782,0.0,0.0
Biomass_Agri,NE,NE_FT_High_Diesel_CCS_53_Agri,NE_FT_High_Diesel_CCS_53_Agri_biomass_edge,BECCSLiquidFuels,UnidirectionalEdge{MacroEnergy.Biomass_Agri},0.13011980039981036,0.13011980039981036,0.0,0.0
Biomass_Herb,CA,CA_FT_High_Diesel_CCS_99_Herb,CA_FT_High_Diesel_CCS_99_Herb_biomass_edge,BECCSLiquidFuels,UnidirectionalEdge{MacroEnergy.Biomass_Herb},0.011492734177962361,0.011492734177962361,0.0,0.0
Biomass_Herb,NW,NW_FT_High_Diesel_CCS_99_Herb,NW_FT_High_Diesel_CCS_99_Herb_biomass_edge,BECCSLiquidFuels,UnidirectionalEdge{MacroEnergy.Biomass_Herb},274.26355825518016,274.26355825518016,0.0,0.0
Biomass_Herb,SW,SW_FT_High_Diesel_CCS_99_Herb,SW_FT_High_Diesel_CCS_99_Herb_biomass_edge,BECCSLiquidFuels,UnidirectionalEdge{MacroEnergy.Biomass_Herb},0.42446619412001435,0.42446619412001435,0.0,0.0
Biomass_Herb,TX,TX_FT_High_Diesel_CCS_99_Herb,TX_FT_High_Diesel_CCS_99_Herb_biomass_edge,BECCSLiquidFuels,UnidirectionalEdge{MacroEnergy.Biomass_Herb},0.9721160767104239,0.9721160767104239,0.0,0.0
Biomass_Herb,NCEN,NCEN_FT_High_Diesel_CCS_99_Herb,NCEN_FT_High_Diesel_CCS_99_Herb_biomass_edge,BECCSLiquidFuels,UnidirectionalEdge{MacroEnergy.Biomass_Herb},0.7204211532157874,0.7204211532157874,0.0,0.0
Biomass_Herb,CEN,CEN_FT_High_Diesel_CCS_99_Herb,CEN_FT_High_Diesel_CCS_99_Herb_biomass_edge,BECCSLiquidFuels,UnidirectionalEdge{MacroEnergy.Biomass_Herb},16777.43819357128,16777.43819357128,0.0,0.0
Biomass_Herb,SE,SE_FT_High_Diesel_CCS_99_Herb,SE_FT_High_Diesel_CCS_99_Herb_biomass_edge,BECCSLiquidFuels,UnidirectionalEdge{MacroEnergy.Biomass_Herb},0.3611517942177789,0.3611517942177789,0.0,0.0
Biomass_Herb,MIDAT,MIDAT_FT_High_Diesel_CCS_99_Herb,MIDAT_FT_High_Diesel_CCS_99_Herb_biomass_edge,BECCSLiquidFuels,UnidirectionalEdge{MacroEnergy.Biomass_Herb},0.14718939941879752,0.14718939941879752,0.0,0.0
Biomass_Herb,NE,NE_FT_High_Diesel_CCS_99_Herb,NE_FT_High_Diesel_CCS_99_Herb_biomass_edge,BECCSLiquidFuels,UnidirectionalEdge{MacroEnergy.Biomass_Herb},0.0828554087610045,0.0828554087610045,0.0,0.0
Biomass_Wood,CA,CA_FT_High_Diesel_CCS_99_Wood,CA_FT_High_Diesel_CCS_99_Wood_biomass_edge,BECCSLiquidFuels,UnidirectionalEdge{MacroEnergy.Biomass_Wood},0.4459657403592963,0.4459657403592963,0.0,0.0
Biomass_Wood,NW,NW_FT_High_Diesel_CCS_99_Wood,NW_FT_High_Diesel_CCS_99_Wood_biomass_edge,BECCSLiquidFuels,UnidirectionalEdge{MacroEnergy.Biomass_Wood},791.8766503530541,791.8766503530541,0.0,0.0
Biomass_Wood,SW,SW_FT_High_Diesel_CCS_99_Wood,SW_FT_High_Diesel_CCS_99_Wood_biomass_edge,BECCSLiquidFuels,UnidirectionalEdge{MacroEnergy.Biomass_Wood},1.57186772859006,1.57186772859006,0.0,0.0
Biomass_Wood,TX,TX_FT_High_Diesel_CCS_99_Wood,TX_FT_High_Diesel_CCS_99_Wood_biomass_edge,BECCSLiquidFuels,UnidirectionalEdge{MacroEnergy.Biomass_Wood},0.7257385900306712,0.7257385900306712,0.0,0.0
Biomass_Wood,NCEN,NCEN_FT_High_Diesel_CCS_99_Wood,NCEN_FT_High_Diesel_CCS_99_Wood_biomass_edge,BECCSLiquidFuels,UnidirectionalEdge{MacroEnergy.Biomass_Wood},0.5966055713247831,0.5966055713247831,0.0,0.0
Biomass_Wood,CEN,CEN_FT_High_Diesel_CCS_99_Wood,CEN_FT_High_Diesel_CCS_99_Wood_biomass_edge,BECCSLiquidFuels,UnidirectionalEdge{MacroEnergy.Biomass_Wood},3723.386307978673,3723.386307978673,0.0,0.0
Biomass_Wood,SE,SE_FT_High_Diesel_CCS_99_Wood,SE_FT_High_Diesel_CCS_99_Wood_biomass_edge,BECCSLiquidFuels,UnidirectionalEdge{MacroEnergy.Biomass_Wood},0.4442810302992739,0.4442810302992739,0.0,0.0
Biomass_Wood,MIDAT,MIDAT_FT_High_Diesel_CCS_99_Wood,MIDAT_FT_High_Diesel_CCS_99_Wood_biomass_edge,BECCSLiquidFuels,UnidirectionalEdge{MacroEnergy.Biomass_Wood},0.24145471971116272,0.24145471971116272,0.0,0.0
Biomass_Wood,NE,NE_FT_High_Diesel_CCS_99_Wood,NE_FT_High_Diesel_CCS_99_Wood_biomass_edge,BECCSLiquidFuels,UnidirectionalEdge{MacroEnergy.Biomass_Wood},0.11791757843306598,0.11791757843306598,0.0,0.0
Biomass_Agri,CA,CA_FT_High_Diesel_CCS_99_Agri,CA_FT_High_Diesel_CCS_99_Agri_biomass_edge,BECCSLiquidFuels,UnidirectionalEdge{MacroEnergy.Biomass_Agri},0.2226531965873371,0.2226531965873371,0.0,0.0
Biomass_Agri,NW,NW_FT_High_Diesel_CCS_99_Agri,NW_FT_High_Diesel_CCS_99_Agri_biomass_edge,BECCSLiquidFuels,UnidirectionalEdge{MacroEnergy.Biomass_Agri},798.2492801962622,798.2492801962622,0.0,0.0
Biomass_Agri,SW,SW_FT_High_Diesel_CCS_99_Agri,SW_FT_High_Diesel_CCS_99_Agri_biomass_edge,BECCSLiquidFuels,UnidirectionalEdge{MacroEnergy.Biomass_Agri},0.22639651068388295,0.22639651068388295,0.0,0.0
Biomass_Agri,TX,TX_FT_High_Diesel_CCS_99_Agri,TX_FT_High_Diesel_CCS_99_Agri_biomass_edge,BECCSLiquidFuels,UnidirectionalEdge{MacroEnergy.Biomass_Agri},0.17530826724304863,0.17530826724304863,0.0,0.0
Biomass_Agri,NCEN,NCEN_FT_High_Diesel_CCS_99_Agri,NCEN_FT_High_Diesel_CCS_99_Agri_biomass_edge,BECCSLiquidFuels,UnidirectionalEdge{MacroEnergy.Biomass_Agri},0.616223098800984,0.616223098800984,0.0,0.0
Biomass_Agri,CEN,CEN_FT_High_Diesel_CCS_99_Agri,CEN_FT_High_Diesel_CCS_99_Agri_biomass_edge,BECCSLiquidFuels,UnidirectionalEdge{MacroEnergy.Biomass_Agri},1.0407191131270979,1.0407191131270979,0.0,0.0
Biomass_Agri,SE,SE_FT_High_Diesel_CCS_99_Agri,SE_FT_High_Diesel_CCS_99_Agri_biomass_edge,BECCSLiquidFuels,UnidirectionalEdge{MacroEnergy.Biomass_Agri},0.12302086091087186,0.12302086091087186,0.0,0.0
Biomass_Agri,MIDAT,MIDAT_FT_High_Diesel_CCS_99_Agri,MIDAT_FT_High_Diesel_CCS_99_Agri_biomass_edge,BECCSLiquidFuels,UnidirectionalEdge{MacroEnergy.Biomass_Agri},0.10316784783671905,0.10316784783671905,0.0,0.0
Biomass_Agri,NE,NE_FT_High_Diesel_CCS_99_Agri,NE_FT_High_Diesel_CCS_99_Agri_biomass_edge,BECCSLiquidFuels,UnidirectionalEdge{MacroEnergy.Biomass_Agri},0.07287549693246904,0.07287549693246904,0.0,0.0
Biomass_Herb,CA,CA_FT_High_Jetfuel_CCS_75_Herb,CA_FT_High_Jetfuel_CCS_75_Herb_biomass_edge,BECCSLiquidFuels,UnidirectionalEdge{MacroEnergy.Biomass_Herb},0.010696324814926458,0.010696324814926458,0.0,0.0
Biomass_Herb,NW,NW_FT_High_Jetfuel_CCS_75_Herb,NW_FT_High_Jetfuel_CCS_75_Herb_biomass_edge,BECCSLiquidFuels,UnidirectionalEdge{MacroEnergy.Biomass_Herb},0.036095072087053925,0.036095072087053925,0.0,0.0
Biomass_Herb,SW,SW_FT_High_Jetfuel_CCS_75_Herb,SW_FT_High_Jetfuel_CCS_75_Herb_biomass_edge,BECCSLiquidFuels,UnidirectionalEdge{MacroEnergy.Biomass_Herb},0.08800930078022759,0.08800930078022759,0.0,0.0
Biomass_Herb,TX,TX_FT_High_Jetfuel_CCS_75_Herb,TX_FT_High_Jetfuel_CCS_75_Herb_biomass_edge,BECCSLiquidFuels,UnidirectionalEdge{MacroEnergy.Biomass_Herb},0.14965338689255542,0.14965338689255542,0.0,0.0
Biomass_Herb,NCEN,NCEN_FT_High_Jetfuel_CCS_75_Herb,NCEN_FT_High_Jetfuel_CCS_75_Herb_biomass_edge,BECCSLiquidFuels,UnidirectionalEdge{MacroEnergy.Biomass_Herb},0.11897751704148668,0.11897751704148668,0.0,0.0
Biomass_Herb,CEN,CEN_FT_High_Jetfuel_CCS_75_Herb,CEN_FT_High_Jetfuel_CCS_75_Herb_biomass_edge,BECCSLiquidFuels,UnidirectionalEdge{MacroEnergy.Biomass_Herb},0.20361621155567253,0.20361621155567253,0.0,0.0
Biomass_Herb,SE,SE_FT_High_Jetfuel_CCS_75_Herb,SE_FT_High_Jetfuel_CCS_75_Herb_biomass_edge,BECCSLiquidFuels,UnidirectionalEdge{MacroEnergy.Biomass_Herb},0.10748243378919313,0.10748243378919313,0.0,0.0
Biomass_Herb,MIDAT,MIDAT_FT_High_Jetfuel_CCS_75_Herb,MIDAT_FT_High_Jetfuel_CCS_75_Herb_biomass_edge,BECCSLiquidFuels,UnidirectionalEdge{MacroEnergy.Biomass_Herb},0.06974948108999118,0.06974948108999118,0.0,0.0
Biomass_Herb,NE,NE_FT_High_Jetfuel_CCS_75_Herb,NE_FT_High_Jetfuel_CCS_75_Herb_biomass_edge,BECCSLiquidFuels,UnidirectionalEdge{MacroEnergy.Biomass_Herb},0.045831916395360474,0.045831916395360474,0.0,0.0
Biomass_Wood,CA,CA_FT_High_Jetfuel_CCS_75_Wood,CA_FT_High_Jetfuel_CCS_75_Wood_biomass_edge,BECCSLiquidFuels,UnidirectionalEdge{MacroEnergy.Biomass_Wood},0.059692415632140235,0.059692415632140235,0.0,0.0
Biomass_Wood,NW,NW_FT_High_Jetfuel_CCS_75_Wood,NW_FT_High_Jetfuel_CCS_75_Wood_biomass_edge,BECCSLiquidFuels,UnidirectionalEdge{MacroEnergy.Biomass_Wood},0.03608144034359943,0.03608144034359943,0.0,0.0
Biomass_Wood,SW,SW_FT_High_Jetfuel_CCS_75_Wood,SW_FT_High_Jetfuel_CCS_75_Wood_biomass_edge,BECCSLiquidFuels,UnidirectionalEdge{MacroEnergy.Biomass_Wood},0.0650767117210416,0.0650767117210416,0.0,0.0
Biomass_Wood,TX,TX_FT_High_Jetfuel_CCS_75_Wood,TX_FT_High_Jetfuel_CCS_75_Wood_biomass_edge,BECCSLiquidFuels,UnidirectionalEdge{MacroEnergy.Biomass_Wood},0.0671580372111094,0.0671580372111094,0.0,0.0
Biomass_Wood,NCEN,NCEN_FT_High_Jetfuel_CCS_75_Wood,NCEN_FT_High_Jetfuel_CCS_75_Wood_biomass_edge,BECCSLiquidFuels,UnidirectionalEdge{MacroEnergy.Biomass_Wood},0.08938412147298092,0.08938412147298092,0.0,0.0
Biomass_Wood,CEN,CEN_FT_High_Jetfuel_CCS_75_Wood,CEN_FT_High_Jetfuel_CCS_75_Wood_biomass_edge,BECCSLiquidFuels,UnidirectionalEdge{MacroEnergy.Biomass_Wood},0.09152314089515935,0.09152314089515935,0.0,0.0
Biomass_Wood,SE,SE_FT_High_Jetfuel_CCS_75_Wood,SE_FT_High_Jetfuel_CCS_75_Wood_biomass_edge,BECCSLiquidFuels,UnidirectionalEdge{MacroEnergy.Biomass_Wood},0.10574916554032253,0.10574916554032253,0.0,0.0
Biomass_Wood,MIDAT,MIDAT_FT_High_Jetfuel_CCS_75_Wood,MIDAT_FT_High_Jetfuel_CCS_75_Wood_biomass_edge,BECCSLiquidFuels,UnidirectionalEdge{MacroEnergy.Biomass_Wood},0.09162710800017285,0.09162710800017285,0.0,0.0
Biomass_Wood,NE,NE_FT_High_Jetfuel_CCS_75_Wood,NE_FT_High_Jetfuel_CCS_75_Wood_biomass_edge,BECCSLiquidFuels,UnidirectionalEdge{MacroEnergy.Biomass_Wood},0.055671427316748276,0.055671427316748276,0.0,0.0
Biomass_Agri,CA,CA_FT_High_Jetfuel_CCS_75_Agri,CA_FT_High_Jetfuel_CCS_75_Agri_biomass_edge,BECCSLiquidFuels,UnidirectionalEdge{MacroEnergy.Biomass_Agri},0.06487497526403498,0.06487497526403498,0.0,0.0
Biomass_Agri,NW,NW_FT_High_Jetfuel_CCS_75_Agri,NW_FT_High_Jetfuel_CCS_75_Agri_biomass_edge,BECCSLiquidFuels,UnidirectionalEdge{MacroEnergy.Biomass_Agri},0.04699605976184538,0.04699605976184538,0.0,0.0
Biomass_Agri,SW,SW_FT_High_Jetfuel_CCS_75_Agri,SW_FT_High_Jetfuel_CCS_75_Agri_biomass_edge,BECCSLiquidFuels,UnidirectionalEdge{MacroEnergy.Biomass_Agri},0.06454993650770059,0.06454993650770059,0.0,0.0
Biomass_Agri,TX,TX_FT_High_Jetfuel_CCS_75_Agri,TX_FT_High_Jetfuel_CCS_75_Agri_biomass_edge,BECCSLiquidFuels,UnidirectionalEdge{MacroEnergy.Biomass_Agri},0.0709203375368797,0.0709203375368797,0.0,0.0
Biomass_Agri,NCEN,NCEN_FT_High_Jetfuel_CCS_75_Agri,NCEN_FT_High_Jetfuel_CCS_75_Agri_biomass_edge,BECCSLiquidFuels,UnidirectionalEdge{MacroEnergy.Biomass_Agri},0.14305508489472907,0.14305508489472907,0.0,0.0
Biomass_Agri,CEN,CEN_FT_High_Jetfuel_CCS_75_Agri,CEN_FT_High_Jetfuel_CCS_75_Agri_biomass_edge,BECCSLiquidFuels,UnidirectionalEdge{MacroEnergy.Biomass_Agri},0.12058843091717558,0.12058843091717558,0.0,0.0
Biomass_Agri,SE,SE_FT_High_Jetfuel_CCS_75_Agri,SE_FT_High_Jetfuel_CCS_75_Agri_biomass_edge,BECCSLiquidFuels,UnidirectionalEdge{MacroEnergy.Biomass_Agri},0.06638024977991135,0.06638024977991135,0.0,0.0
Biomass_Agri,MIDAT,MIDAT_FT_High_Jetfuel_CCS_75_Agri,MIDAT_FT_High_Jetfuel_CCS_75_Agri_biomass_edge,BECCSLiquidFuels,UnidirectionalEdge{MacroEnergy.Biomass_Agri},0.061304137218869015,0.061304137218869015,0.0,0.0
Biomass_Agri,NE,NE_FT_High_Jetfuel_CCS_75_Agri,NE_FT_High_Jetfuel_CCS_75_Agri_biomass_edge,BECCSLiquidFuels,UnidirectionalEdge{MacroEnergy.Biomass_Agri},0.046085005615839364,0.046085005615839364,0.0,0.0
Biomass_Herb,CA,CA_FT_High_Jetfuel_CCS_84_Herb,CA_FT_High_Jetfuel_CCS_84_Herb_biomass_edge,BECCSLiquidFuels,UnidirectionalEdge{MacroEnergy.Biomass_Herb},0.011837951709073882,0.011837951709073882,0.0,0.0
Biomass_Herb,NW,NW_FT_High_Jetfuel_CCS_84_Herb,NW_FT_High_Jetfuel_CCS_84_Herb_biomass_edge,BECCSLiquidFuels,UnidirectionalEdge{MacroEnergy.Biomass_Herb},0.10405935052737182,0.10405935052737182,0.0,0.0
Biomass_Herb,SW,SW_FT_High_Jetfuel_CCS_84_Herb,SW_FT_High_Jetfuel_CCS_84_Herb_biomass_edge,BECCSLiquidFuels,UnidirectionalEdge{MacroEnergy.Biomass_Herb},8.833830099287068,8.833830099287068,0.0,0.0
Biomass_Herb,TX,TX_FT_High_Jetfuel_CCS_84_Herb,TX_FT_High_Jetfuel_CCS_84_Herb_biomass_edge,BECCSLiquidFuels,UnidirectionalEdge{MacroEnergy.Biomass_Herb},16681.800271558517,16681.800271558517,0.0,0.0
Biomass_Herb,NCEN,NCEN_FT_High_Jetfuel_CCS_84_Herb,NCEN_FT_High_Jetfuel_CCS_84_Herb_biomass_edge,BECCSLiquidFuels,UnidirectionalEdge{MacroEnergy.Biomass_Herb},4846.949418688336,4846.949418688336,0.0,0.0
Biomass_Herb,CEN,CEN_FT_High_Jetfuel_CCS_84_Herb,CEN_FT_High_Jetfuel_CCS_84_Herb_biomass_edge,BECCSLiquidFuels,UnidirectionalEdge{MacroEnergy.Biomass_Herb},3395.130346477437,3395.130346477437,0.0,0.0
Biomass_Herb,SE,SE_FT_High_Jetfuel_CCS_84_Herb,SE_FT_High_Jetfuel_CCS_84_Herb_biomass_edge,BECCSLiquidFuels,UnidirectionalEdge{MacroEnergy.Biomass_Herb},1.7737546294912019,1.7737546294912019,0.0,0.0
Biomass_Herb,MIDAT,MIDAT_FT_High_Jetfuel_CCS_84_Herb,MIDAT_FT_High_Jetfuel_CCS_84_Herb_biomass_edge,BECCSLiquidFuels,UnidirectionalEdge{MacroEnergy.Biomass_Herb},0.44764731240912775,0.44764731240912775,0.0,0.0
Biomass_Herb,NE,NE_FT_High_Jetfuel_CCS_84_Herb,NE_FT_High_Jetfuel_CCS_84_Herb_biomass_edge,BECCSLiquidFuels,UnidirectionalEdge{MacroEnergy.Biomass_Herb},0.16970477257135666,0.16970477257135666,0.0,0.0
Biomass_Wood,CA,CA_FT_High_Jetfuel_CCS_84_Wood,CA_FT_High_Jetfuel_CCS_84_Wood_biomass_edge,BECCSLiquidFuels,UnidirectionalEdge{MacroEnergy.Biomass_Wood},3.480258298911108,3.480258298911108,0.0,0.0
Biomass_Wood,NW,NW_FT_High_Jetfuel_CCS_84_Wood,NW_FT_High_Jetfuel_CCS_84_Wood_biomass_edge,BECCSLiquidFuels,UnidirectionalEdge{MacroEnergy.Biomass_Wood},0.09450197656762103,0.09450197656762103,0.0,0.0
Biomass_Wood,SW,SW_FT_High_Jetfuel_CCS_84_Wood,SW_FT_High_Jetfuel_CCS_84_Wood_biomass_edge,BECCSLiquidFuels,UnidirectionalEdge{MacroEnergy.Biomass_Wood},17.975655350831545,17.975655350831545,0.0,0.0
Biomass_Wood,TX,TX_FT_High_Jetfuel_CCS_84_Wood,TX_FT_High_Jetfuel_CCS_84_Wood_biomass_edge,BECCSLiquidFuels,UnidirectionalEdge{MacroEnergy.Biomass_Wood},1036.2071686118418,1036.2071686118418,0.0,0.0
Biomass_Wood,NCEN,NCEN_FT_High_Jetfuel_CCS_84_Wood,NCEN_FT_High_Jetfuel_CCS_84_Wood_biomass_edge,BECCSLiquidFuels,UnidirectionalEdge{MacroEnergy.Biomass_Wood},2.0243982201431145,2.0243982201431145,0.0,0.0
Biomass_Wood,CEN,CEN_FT_High_Jetfuel_CCS_84_Wood,CEN_FT_High_Jetfuel_CCS_84_Wood_biomass_edge,BECCSLiquidFuels,UnidirectionalEdge{MacroEnergy.Biomass_Wood},0.9986252986618823,0.9986252986618823,0.0,0.0
Biomass_Wood,SE,SE_FT_High_Jetfuel_CCS_84_Wood,SE_FT_High_Jetfuel_CCS_84_Wood_biomass_edge,BECCSLiquidFuels,UnidirectionalEdge{MacroEnergy.Biomass_Wood},19.950668693403983,19.950668693403983,0.0,0.0
Biomass_Wood,MIDAT,MIDAT_FT_High_Jetfuel_CCS_84_Wood,MIDAT_FT_High_Jetfuel_CCS_84_Wood_biomass_edge,BECCSLiquidFuels,UnidirectionalEdge{MacroEnergy.Biomass_Wood},1.1197450375746345,1.1197450375746345,0.0,0.0
Biomass_Wood,NE,NE_FT_High_Jetfuel_CCS_84_Wood,NE_FT_High_Jetfuel_CCS_84_Wood_biomass_edge,BECCSLiquidFuels,UnidirectionalEdge{MacroEnergy.Biomass_Wood},0.23905683978740158,0.23905683978740158,0.0,0.0
Biomass_Agri,CA,CA_FT_High_Jetfuel_CCS_84_Agri,CA_FT_High_Jetfuel_CCS_84_Agri_biomass_edge,BECCSLiquidFuels,UnidirectionalEdge{MacroEnergy.Biomass_Agri},7.145378101497876,7.145378101497876,0.0,0.0
Biomass_Agri,NW,NW_FT_High_Jetfuel_CCS_84_Agri,NW_FT_High_Jetfuel_CCS_84_Agri_biomass_edge,BECCSLiquidFuels,UnidirectionalEdge{MacroEnergy.Biomass_Agri},0.11150187626835219,0.11150187626835219,0.0,0.0
Biomass_Agri,SW,SW_FT_High_Jetfuel_CCS_84_Agri,SW_FT_High_Jetfuel_CCS_84_Agri_biomass_edge,BECCSLiquidFuels,UnidirectionalEdge{MacroEnergy.Biomass_Agri},1.3211590773088682,1.3211590773088682,0.0,0.0
Biomass_Agri,TX,TX_FT_High_Jetfuel_CCS_84_Agri,TX_FT_High_Jetfuel_CCS_84_Agri_biomass_edge,BECCSLiquidFuels,UnidirectionalEdge{MacroEnergy.Biomass_Agri},494.03044642302143,494.03044642302143,0.0,0.0
Biomass_Agri,NCEN,NCEN_FT_High_Jetfuel_CCS_84_Agri,NCEN_FT_High_Jetfuel_CCS_84_Agri_biomass_edge,BECCSLiquidFuels,UnidirectionalEdge{MacroEnergy.Biomass_Agri},5.4825783594425435,5.4825783594425435,0.0,0.0
Biomass_Agri,CEN,CEN_FT_High_Jetfuel_CCS_84_Agri,CEN_FT_High_Jetfuel_CCS_84_Agri_biomass_edge,BECCSLiquidFuels,UnidirectionalEdge{MacroEnergy.Biomass_Agri},80.04278327774931,80.04278327774931,0.0,0.0
Biomass_Agri,SE,SE_FT_High_Jetfuel_CCS_84_Agri,SE_FT_High_Jetfuel_CCS_84_Agri_biomass_edge,BECCSLiquidFuels,UnidirectionalEdge{MacroEnergy.Biomass_Agri},0.4986437013920596,0.4986437013920596,0.0,0.0
Biomass_Agri,MIDAT,MIDAT_FT_High_Jetfuel_CCS_84_Agri,MIDAT_FT_High_Jetfuel_CCS_84_Agri_biomass_edge,BECCSLiquidFuels,UnidirectionalEdge{MacroEnergy.Biomass_Agri},0.31176521018949144,0.31176521018949144,0.0,0.0
Biomass_Agri,NE,NE_FT_High_Jetfuel_CCS_84_Agri,NE_FT_High_Jetfuel_CCS_84_Agri_biomass_edge,BECCSLiquidFuels,UnidirectionalEdge{MacroEnergy.Biomass_Agri},0.16076002614897283,0.16076002614897283,0.0,0.0
Biomass_Herb,CA,CA_FT_High_Jetfuel_CCS_99_Herb,CA_FT_High_Jetfuel_CCS_99_Herb_biomass_edge,BECCSLiquidFuels,UnidirectionalEdge{MacroEnergy.Biomass_Herb},0.01101939585460201,0.01101939585460201,0.0,0.0
Biomass_Herb,NW,NW_FT_High_Jetfuel_CCS_99_Herb,NW_FT_High_Jetfuel_CCS_99_Herb_biomass_edge,BECCSLiquidFuels,UnidirectionalEdge{MacroEnergy.Biomass_Herb},0.044720773316933804,0.044720773316933804,0.0,0.0
Biomass_Herb,SW,SW_FT_High_Jetfuel_CCS_99_Herb,SW_FT_High_Jetfuel_CCS_99_Herb_biomass_edge,BECCSLiquidFuels,UnidirectionalEdge{MacroEnergy.Biomass_Herb},0.1047788813198222,0.1047788813198222,0.0,0.0
Biomass_Herb,TX,TX_FT_High_Jetfuel_CCS_99_Herb,TX_FT_High_Jetfuel_CCS_99_Herb_biomass_edge,BECCSLiquidFuels,UnidirectionalEdge{MacroEnergy.Biomass_Herb},0.1524772600571448,0.1524772600571448,0.0,0.0
Biomass_Herb,NCEN,NCEN_FT_High_Jetfuel_CCS_99_Herb,NCEN_FT_High_Jetfuel_CCS_99_Herb_biomass_edge,BECCSLiquidFuels,UnidirectionalEdge{MacroEnergy.Biomass_Herb},0.10463263671117246,0.10463263671117246,0.0,0.0
Biomass_Herb,CEN,CEN_FT_High_Jetfuel_CCS_99_Herb,CEN_FT_High_Jetfuel_CCS_99_Herb_biomass_edge,BECCSLiquidFuels,UnidirectionalEdge{MacroEnergy.Biomass_Herb},0.19995643142231576,0.19995643142231576,0.0,0.0
Biomass_Herb,SE,SE_FT_High_Jetfuel_CCS_99_Herb,SE_FT_High_Jetfuel_CCS_99_Herb_biomass_edge,BECCSLiquidFuels,UnidirectionalEdge{MacroEnergy.Biomass_Herb},0.08838267017669851,0.08838267017669851,0.0,0.0
Biomass_Herb,MIDAT,MIDAT_FT_High_Jetfuel_CCS_99_Herb,MIDAT_FT_High_Jetfuel_CCS_99_Herb_biomass_edge,BECCSLiquidFuels,UnidirectionalEdge{MacroEnergy.Biomass_Herb},0.06134200656851566,0.06134200656851566,0.0,0.0
Biomass_Herb,NE,NE_FT_High_Jetfuel_CCS_99_Herb,NE_FT_High_Jetfuel_CCS_99_Herb_biomass_edge,BECCSLiquidFuels,UnidirectionalEdge{MacroEnergy.Biomass_Herb},0.0411780296622937,0.0411780296622937,0.0,0.0
Biomass_Wood,CA,CA_FT_High_Jetfuel_CCS_99_Wood,CA_FT_High_Jetfuel_CCS_99_Wood_biomass_edge,BECCSLiquidFuels,UnidirectionalEdge{MacroEnergy.Biomass_Wood},0.0904691072226589,0.0904691072226589,0.0,0.0
Biomass_Wood,NW,NW_FT_High_Jetfuel_CCS_99_Wood,NW_FT_High_Jetfuel_CCS_99_Wood_biomass_edge,BECCSLiquidFuels,UnidirectionalEdge{MacroEnergy.Biomass_Wood},0.043108605461084124,0.043108605461084124,0.0,0.0
Biomass_Wood,SW,SW_FT_High_Jetfuel_CCS_99_Wood,SW_FT_High_Jetfuel_CCS_99_Wood_biomass_edge,BECCSLiquidFuels,UnidirectionalEdge{MacroEnergy.Biomass_Wood},0.08180984832979749,0.08180984832979749,0.0,0.0
Biomass_Wood,TX,TX_FT_High_Jetfuel_CCS_99_Wood,TX_FT_High_Jetfuel_CCS_99_Wood_biomass_edge,BECCSLiquidFuels,UnidirectionalEdge{MacroEnergy.Biomass_Wood},0.08143958153079127,0.08143958153079127,0.0,0.0
Biomass_Wood,NCEN,NCEN_FT_High_Jetfuel_CCS_99_Wood,NCEN_FT_High_Jetfuel_CCS_99_Wood_biomass_edge,BECCSLiquidFuels,UnidirectionalEdge{MacroEnergy.Biomass_Wood},0.08339751179536886,0.08339751179536886,0.0,0.0
Biomass_Wood,CEN,CEN_FT_High_Jetfuel_CCS_99_Wood,CEN_FT_High_Jetfuel_CCS_99_Wood_biomass_edge,BECCSLiquidFuels,UnidirectionalEdge{MacroEnergy.Biomass_Wood},0.09206064463415634,0.09206064463415634,0.0,0.0
Biomass_Wood,SE,SE_FT_High_Jetfuel_CCS_99_Wood,SE_FT_High_Jetfuel_CCS_99_Wood_biomass_edge,BECCSLiquidFuels,UnidirectionalEdge{MacroEnergy.Biomass_Wood},0.09050775397546411,0.09050775397546411,0.0,0.0
Biomass_Wood,MIDAT,MIDAT_FT_High_Jetfuel_CCS_99_Wood,MIDAT_FT_High_Jetfuel_CCS_99_Wood_biomass_edge,BECCSLiquidFuels,UnidirectionalEdge{MacroEnergy.Biomass_Wood},0.07599718515456239,0.07599718515456239,0.0,0.0
Biomass_Wood,NE,NE_FT_High_Jetfuel_CCS_99_Wood,NE_FT_High_Jetfuel_CCS_99_Wood_biomass_edge,BECCSLiquidFuels,UnidirectionalEdge{MacroEnergy.Biomass_Wood},0.048087038352263446,0.048087038352263446,0.0,0.0
Biomass_Agri,CA,CA_FT_High_Jetfuel_CCS_99_Agri,CA_FT_High_Jetfuel_CCS_99_Agri_biomass_edge,BECCSLiquidFuels,UnidirectionalEdge{MacroEnergy.Biomass_Agri},0.08851840412893372,0.08851840412893372,0.0,0.0
Biomass_Agri,NW,NW_FT_High_Jetfuel_CCS_99_Agri,NW_FT_High_Jetfuel_CCS_99_Agri_biomass_edge,BECCSLiquidFuels,UnidirectionalEdge{MacroEnergy.Biomass_Agri},0.05796050559228338,0.05796050559228338,0.0,0.0
Biomass_Agri,SW,SW_FT_High_Jetfuel_CCS_99_Agri,SW_FT_High_Jetfuel_CCS_99_Agri_biomass_edge,BECCSLiquidFuels,UnidirectionalEdge{MacroEnergy.Biomass_Agri},0.08581327946084998,0.08581327946084998,0.0,0.0
Biomass_Agri,TX,TX_FT_High_Jetfuel_CCS_99_Agri,TX_FT_High_Jetfuel_CCS_99_Agri_biomass_edge,BECCSLiquidFuels,UnidirectionalEdge{MacroEnergy.Biomass_Agri},0.0869187579387573,0.0869187579387573,0.0,0.0
Biomass_Agri,NCEN,NCEN_FT_High_Jetfuel_CCS_99_Agri,NCEN_FT_High_Jetfuel_CCS_99_Agri_biomass_edge,BECCSLiquidFuels,UnidirectionalEdge{MacroEnergy.Biomass_Agri},0.1254559383356966,0.1254559383356966,0.0,0.0
Biomass_Agri,CEN,CEN_FT_High_Jetfuel_CCS_99_Agri,CEN_FT_High_Jetfuel_CCS_99_Agri_biomass_edge,BECCSLiquidFuels,UnidirectionalEdge{MacroEnergy.Biomass_Agri},0.12022250993004283,0.12022250993004283,0.0,0.0
Biomass_Agri,SE,SE_FT_High_Jetfuel_CCS_99_Agri,SE_FT_High_Jetfuel_CCS_99_Agri_biomass_edge,BECCSLiquidFuels,UnidirectionalEdge{MacroEnergy.Biomass_Agri},0.06260520425900411,0.06260520425900411,0.0,0.0
Biomass_Agri,MIDAT,MIDAT_FT_High_Jetfuel_CCS_99_Agri,MIDAT_FT_High_Jetfuel_CCS_99_Agri_biomass_edge,BECCSLiquidFuels,UnidirectionalEdge{MacroEnergy.Biomass_Agri},0.05626590871473862,0.05626590871473862,0.0,0.0
Biomass_Agri,NE,NE_FT_High_Jetfuel_CCS_99_Agri,NE_FT_High_Jetfuel_CCS_99_Agri_biomass_edge,BECCSLiquidFuels,UnidirectionalEdge{MacroEnergy.Biomass_Agri},0.04181791062096781,0.04181791062096781,0.0,0.0
Biomass_Herb,CA,CA_Bio_NG_Herb,CA_Bio_NG_Herb_biomass_edge,BECCSNaturalGas,UnidirectionalEdge{MacroEnergy.Biomass_Herb},0.007310828046231842,0.007310828046231842,0.0,0.0
Biomass_Herb,NW,NW_Bio_NG_Herb,NW_Bio_NG_Herb_biomass_edge,BECCSNaturalGas,UnidirectionalEdge{MacroEnergy.Biomass_Herb},0.00905018328092401,0.00905018328092401,0.0,0.0
Biomass_Herb,SW,SW_Bio_NG_Herb,SW_Bio_NG_Herb_biomass_edge,BECCSNaturalGas,UnidirectionalEdge{MacroEnergy.Biomass_Herb},0.013056453068801606,0.013056453068801606,0.0,0.0
Biomass_Herb,TX,TX_Bio_NG_Herb,TX_Bio_NG_Herb_biomass_edge,BECCSNaturalGas,UnidirectionalEdge{MacroEnergy.Biomass_Herb},0.029873258073699817,0.029873258073699817,0.0,0.0
Biomass_Herb,NCEN,NCEN_Bio_NG_Herb,NCEN_Bio_NG_Herb_biomass_edge,BECCSNaturalGas,UnidirectionalEdge{MacroEnergy.Biomass_Herb},0.021873111683668647,0.021873111683668647,0.0,0.0
Biomass_Herb,CEN,CEN_Bio_NG_Herb,CEN_Bio_NG_Herb_biomass_edge,BECCSNaturalGas,UnidirectionalEdge{MacroEnergy.Biomass_Herb},0.03490865110794751,0.03490865110794751,0.0,0.0
Biomass_Herb,SE,SE_Bio_NG_Herb,SE_Bio_NG_Herb_biomass_edge,BECCSNaturalGas,UnidirectionalEdge{MacroEnergy.Biomass_Herb},0.02685678956805614,0.02685678956805614,0.0,0.0
Biomass_Herb,MIDAT,MIDAT_Bio_NG_Herb,MIDAT_Bio_NG_Herb_biomass_edge,BECCSNaturalGas,UnidirectionalEdge{MacroEnergy.Biomass_Herb},0.013108535456804076,0.013108535456804076,0.0,0.0
Biomass_Herb,NE,NE_Bio_NG_Herb,NE_Bio_NG_Herb_biomass_edge,BECCSNaturalGas,UnidirectionalEdge{MacroEnergy.Biomass_Herb},0.011330998717645032,0.011330998717645032,0.0,0.0
Biomass_Wood,CA,CA_Bio_NG_Wood,CA_Bio_NG_Wood_biomass_edge,BECCSNaturalGas,UnidirectionalEdge{MacroEnergy.Biomass_Wood},0.00891766374443231,0.00891766374443231,0.0,0.0
Biomass_Wood,NW,NW_Bio_NG_Wood,NW_Bio_NG_Wood_biomass_edge,BECCSNaturalGas,UnidirectionalEdge{MacroEnergy.Biomass_Wood},0.009041220022238812,0.009041220022238812,0.0,0.0
Biomass_Wood,SW,SW_Bio_NG_Wood,SW_Bio_NG_Wood_biomass_edge,BECCSNaturalGas,UnidirectionalEdge{MacroEnergy.Biomass_Wood},0.01001831157531452,0.01001831157531452,0.0,0.0
Biomass_Wood,TX,TX_Bio_NG_Wood,TX_Bio_NG_Wood_biomass_edge,BECCSNaturalGas,UnidirectionalEdge{MacroEnergy.Biomass_Wood},0.009619688815391015,0.009619688815391015,0.0,0.0
Biomass_Wood,NCEN,NCEN_Bio_NG_Wood,NCEN_Bio_NG_Wood_biomass_edge,BECCSNaturalGas,UnidirectionalEdge{MacroEnergy.Biomass_Wood},0.013918790944401214,0.013918790944401214,0.0,0.0
Biomass_Wood,CEN,CEN_Bio_NG_Wood,CEN_Bio_NG_Wood_biomass_edge,BECCSNaturalGas,UnidirectionalEdge{MacroEnergy.Biomass_Wood},0.014444455676217244,0.014444455676217244,0.0,0.0
Biomass_Wood,SE,SE_Bio_NG_Wood,SE_Bio_NG_Wood_biomass_edge,BECCSNaturalGas,UnidirectionalEdge{MacroEnergy.Biomass_Wood},0.017054791897781845,0.017054791897781845,0.0,0.0
Biomass_Wood,MIDAT,MIDAT_Bio_NG_Wood,MIDAT_Bio_NG_Wood_biomass_edge,BECCSNaturalGas,UnidirectionalEdge{MacroEnergy.Biomass_Wood},0.015484799448814092,0.015484799448814092,0.0,0.0
Biomass_Wood,NE,NE_Bio_NG_Wood,NE_Bio_NG_Wood_biomass_edge,BECCSNaturalGas,UnidirectionalEdge{MacroEnergy.Biomass_Wood},0.012358152094110068,0.012358152094110068,0.0,0.0
Biomass_Agri,CA,CA_Bio_NG_Agri,CA_Bio_NG_Agri_biomass_edge,BECCSNaturalGas,UnidirectionalEdge{MacroEnergy.Biomass_Agri},0.010505224067950205,0.010505224067950205,0.0,0.0
Biomass_Agri,NW,NW_Bio_NG_Agri,NW_Bio_NG_Agri_biomass_edge,BECCSNaturalGas,UnidirectionalEdge{MacroEnergy.Biomass_Agri},0.009462316275187538,0.009462316275187538,0.0,0.0
Biomass_Agri,SW,SW_Bio_NG_Agri,SW_Bio_NG_Agri_biomass_edge,BECCSNaturalGas,UnidirectionalEdge{MacroEnergy.Biomass_Agri},0.009011169735299293,0.009011169735299293,0.0,0.0
Biomass_Agri,TX,TX_Bio_NG_Agri,TX_Bio_NG_Agri_biomass_edge,BECCSNaturalGas,UnidirectionalEdge{MacroEnergy.Biomass_Agri},0.009255321498106862,0.009255321498106862,0.0,0.0
Biomass_Agri,NCEN,NCEN_Bio_NG_Agri,NCEN_Bio_NG_Agri_biomass_edge,BECCSNaturalGas,UnidirectionalEdge{MacroEnergy.Biomass_Agri},0.031696649394650306,0.031696649394650306,0.0,0.0
Biomass_Agri,CEN,CEN_Bio_NG_Agri,CEN_Bio_NG_Agri_biomass_edge,BECCSNaturalGas,UnidirectionalEdge{MacroEnergy.Biomass_Agri},0.020253574953061702,0.020253574953061702,0.0,0.0
Biomass_Agri,SE,SE_Bio_NG_Agri,SE_Bio_NG_Agri_biomass_edge,BECCSNaturalGas,UnidirectionalEdge{MacroEnergy.Biomass_Agri},0.012233896236020152,0.012233896236020152,0.0,0.0
Biomass_Agri,MIDAT,MIDAT_Bio_NG_Agri,MIDAT_Bio_NG_Agri_biomass_edge,BECCSNaturalGas,UnidirectionalEdge{MacroEnergy.Biomass_Agri},0.011919500932299903,0.011919500932299903,0.0,0.0
Biomass_Agri,NE,NE_Bio_NG_Agri,NE_Bio_NG_Agri_biomass_edge,BECCSNaturalGas,UnidirectionalEdge{MacroEnergy.Biomass_Agri},0.011434000099879202,0.011434000099879202,0.0,0.0
Biomass_Herb,CA,CA_Bio_NG_CCS_40_Herb,CA_Bio_NG_CCS_40_Herb_biomass_edge,BECCSNaturalGas,UnidirectionalEdge{MacroEnergy.Biomass_Herb},0.007555071288334933,0.007555071288334933,0.0,0.0
Biomass_Herb,NW,NW_Bio_NG_CCS_40_Herb,NW_Bio_NG_CCS_40_Herb_biomass_edge,BECCSNaturalGas,UnidirectionalEdge{MacroEnergy.Biomass_Herb},0.009326659380253335,0.009326659380253335,0.0,0.0
Biomass_Herb,SW,SW_Bio_NG_CCS_40_Herb,SW_Bio_NG_CCS_40_Herb_biomass_edge,BECCSNaturalGas,UnidirectionalEdge{MacroEnergy.Biomass_Herb},0.0125835010170421,0.0125835010170421,0.0,0.0
Biomass_Herb,TX,TX_Bio_NG_CCS_40_Herb,TX_Bio_NG_CCS_40_Herb_biomass_edge,BECCSNaturalGas,UnidirectionalEdge{MacroEnergy.Biomass_Herb},0.029782263664867668,0.029782263664867668,0.0,0.0
Biomass_Herb,NCEN,NCEN_Bio_NG_CCS_40_Herb,NCEN_Bio_NG_CCS_40_Herb_biomass_edge,BECCSNaturalGas,UnidirectionalEdge{MacroEnergy.Biomass_Herb},0.018858813237093677,0.018858813237093677,0.0,0.0
Biomass_Herb,CEN,CEN_Bio_NG_CCS_40_Herb,CEN_Bio_NG_CCS_40_Herb_biomass_edge,BECCSNaturalGas,UnidirectionalEdge{MacroEnergy.Biomass_Herb},0.03315650703910314,0.03315650703910314,0.0,0.0
Biomass_Herb,SE,SE_Bio_NG_CCS_40_Herb,SE_Bio_NG_CCS_40_Herb_biomass_edge,BECCSNaturalGas,UnidirectionalEdge{MacroEnergy.Biomass_Herb},0.02244201100578578,0.02244201100578578,0.0,0.0
Biomass_Herb,MIDAT,MIDAT_Bio_NG_CCS_40_Herb,MIDAT_Bio_NG_CCS_40_Herb_biomass_edge,BECCSNaturalGas,UnidirectionalEdge{MacroEnergy.Biomass_Herb},0.01203756463625837,0.01203756463625837,0.0,0.0
Biomass_Herb,NE,NE_Bio_NG_CCS_40_Herb,NE_Bio_NG_CCS_40_Herb_biomass_edge,BECCSNaturalGas,UnidirectionalEdge{MacroEnergy.Biomass_Herb},0.010522773978395534,0.010522773978395534,0.0,0.0
Biomass_Wood,CA,CA_Bio_NG_CCS_40_Wood,CA_Bio_NG_CCS_40_Wood_biomass_edge,BECCSNaturalGas,UnidirectionalEdge{MacroEnergy.Biomass_Wood},0.009839361721256688,0.009839361721256688,0.0,0.0
Biomass_Wood,NW,NW_Bio_NG_CCS_40_Wood,NW_Bio_NG_CCS_40_Wood_biomass_edge,BECCSNaturalGas,UnidirectionalEdge{MacroEnergy.Biomass_Wood},0.009870489666073337,0.009870489666073337,0.0,0.0
Biomass_Wood,SW,SW_Bio_NG_CCS_40_Wood,SW_Bio_NG_CCS_40_Wood_biomass_edge,BECCSNaturalGas,UnidirectionalEdge{MacroEnergy.Biomass_Wood},0.010708709473317663,0.010708709473317663,0.0,0.0
Biomass_Wood,TX,TX_Bio_NG_CCS_40_Wood,TX_Bio_NG_CCS_40_Wood_biomass_edge,BECCSNaturalGas,UnidirectionalEdge{MacroEnergy.Biomass_Wood},0.00977631130601801,0.00977631130601801,0.0,0.0
Biomass_Wood,NCEN,NCEN_Bio_NG_CCS_40_Wood,NCEN_Bio_NG_CCS_40_Wood_biomass_edge,BECCSNaturalGas,UnidirectionalEdge{MacroEnergy.Biomass_Wood},0.01275026567680177,0.01275026567680177,0.0,0.0
Biomass_Wood,CEN,CEN_Bio_NG_CCS_40_Wood,CEN_Bio_NG_CCS_40_Wood_biomass_edge,BECCSNaturalGas,UnidirectionalEdge{MacroEnergy.Biomass_Wood},0.012731082785405435,0.012731082785405435,0.0,0.0
Biomass_Wood,SE,SE_Bio_NG_CCS_40_Wood,SE_Bio_NG_CCS_40_Wood_biomass_edge,BECCSNaturalGas,UnidirectionalEdge{MacroEnergy.Biomass_Wood},0.015480991465113003,0.015480991465113003,0.0,0.0
Biomass_Wood,MIDAT,MIDAT_Bio_NG_CCS_40_Wood,MIDAT_Bio_NG_CCS_40_Wood_biomass_edge,BECCSNaturalGas,UnidirectionalEdge{MacroEnergy.Biomass_Wood},0.013614729323252833,0.013614729323252833,0.0,0.0
Biomass_Wood,NE,NE_Bio_NG_CCS_40_Wood,NE_Bio_NG_CCS_40_Wood_biomass_edge,BECCSNaturalGas,UnidirectionalEdge{MacroEnergy.Biomass_Wood},0.011445533136217267,0.011445533136217267,0.0,0.0
Biomass_Agri,CA,CA_Bio_NG_CCS_40_Agri,CA_Bio_NG_CCS_40_Agri_biomass_edge,BECCSNaturalGas,UnidirectionalEdge{MacroEnergy.Biomass_Agri},0.011215625837679091,0.011215625837679091,0.0,0.0
Biomass_Agri,NW,NW_Bio_NG_CCS_40_Agri,NW_Bio_NG_CCS_40_Agri_biomass_edge,BECCSNaturalGas,UnidirectionalEdge{MacroEnergy.Biomass_Agri},0.011290093134546398,0.011290093134546398,0.0,0.0
Biomass_Agri,SW,SW_Bio_NG_CCS_40_Agri,SW_Bio_NG_CCS_40_Agri_biomass_edge,BECCSNaturalGas,UnidirectionalEdge{MacroEnergy.Biomass_Agri},0.010703115603363605,0.010703115603363605,0.0,0.0
Biomass_Agri,TX,TX_Bio_NG_CCS_40_Agri,TX_Bio_NG_CCS_40_Agri_biomass_edge,BECCSNaturalGas,UnidirectionalEdge{MacroEnergy.Biomass_Agri},0.010407195227500247,0.010407195227500247,0.0,0.0
Biomass_Agri,NCEN,NCEN_Bio_NG_CCS_40_Agri,NCEN_Bio_NG_CCS_40_Agri_biomass_edge,BECCSNaturalGas,UnidirectionalEdge{MacroEnergy.Biomass_Agri},0.03218832728856704,0.03218832728856704,0.0,0.0
Biomass_Agri,CEN,CEN_Bio_NG_CCS_40_Agri,CEN_Bio_NG_CCS_40_Agri_biomass_edge,BECCSNaturalGas,UnidirectionalEdge{MacroEnergy.Biomass_Agri},0.01862028160652582,0.01862028160652582,0.0,0.0
Biomass_Agri,SE,SE_Bio_NG_CCS_40_Agri,SE_Bio_NG_CCS_40_Agri_biomass_edge,BECCSNaturalGas,UnidirectionalEdge{MacroEnergy.Biomass_Agri},0.011640735175342325,0.011640735175342325,0.0,0.0
Biomass_Agri,MIDAT,MIDAT_Bio_NG_CCS_40_Agri,MIDAT_Bio_NG_CCS_40_Agri_biomass_edge,BECCSNaturalGas,UnidirectionalEdge{MacroEnergy.Biomass_Agri},0.011470049038409794,0.011470049038409794,0.0,0.0
Biomass_Agri,NE,NE_Bio_NG_CCS_40_Agri,NE_Bio_NG_CCS_40_Agri_biomass_edge,BECCSNaturalGas,UnidirectionalEdge{MacroEnergy.Biomass_Agri},0.010601322461405197,0.010601322461405197,0.0,0.0
Biomass_Herb,CA,CA_Bio_NG_CCS_99_Herb,CA_Bio_NG_CCS_99_Herb_biomass_edge,BECCSNaturalGas,UnidirectionalEdge{MacroEnergy.Biomass_Herb},0.007970382748843563,0.007970382748843563,0.0,0.0
Biomass_Herb,NW,NW_Bio_NG_CCS_99_Herb,NW_Bio_NG_CCS_99_Herb_biomass_edge,BECCSNaturalGas,UnidirectionalEdge{MacroEnergy.Biomass_Herb},0.012482949195640955,0.012482949195640955,0.0,0.0
Biomass_Herb,SW,SW_Bio_NG_CCS_99_Herb,SW_Bio_NG_CCS_99_Herb_biomass_edge,BECCSNaturalGas,UnidirectionalEdge{MacroEnergy.Biomass_Herb},0.02043272110175201,0.02043272110175201,0.0,0.0
Biomass_Herb,TX,TX_Bio_NG_CCS_99_Herb,TX_Bio_NG_CCS_99_Herb_biomass_edge,BECCSNaturalGas,UnidirectionalEdge{MacroEnergy.Biomass_Herb},0.04549887328016936,0.04549887328016936,0.0,0.0
Biomass_Herb,NCEN,NCEN_Bio_NG_CCS_99_Herb,NCEN_Bio_NG_CCS_99_Herb_biomass_edge,BECCSNaturalGas,UnidirectionalEdge{MacroEnergy.Biomass_Herb},0.03535775944955052,0.03535775944955052,0.0,0.0
Biomass_Herb,CEN,CEN_Bio_NG_CCS_99_Herb,CEN_Bio_NG_CCS_99_Herb_biomass_edge,BECCSNaturalGas,UnidirectionalEdge{MacroEnergy.Biomass_Herb},0.047581370814145256,0.047581370814145256,0.0,0.0
Biomass_Herb,SE,SE_Bio_NG_CCS_99_Herb,SE_Bio_NG_CCS_99_Herb_biomass_edge,BECCSNaturalGas,UnidirectionalEdge{MacroEnergy.Biomass_Herb},0.041944696218816996,0.041944696218816996,0.0,0.0
Biomass_Herb,MIDAT,MIDAT_Bio_NG_CCS_99_Herb,MIDAT_Bio_NG_CCS_99_Herb_biomass_edge,BECCSNaturalGas,UnidirectionalEdge{MacroEnergy.Biomass_Herb},0.017173560948668336,0.017173560948668336,0.0,0.0
Biomass_Herb,NE,NE_Bio_NG_CCS_99_Herb,NE_Bio_NG_CCS_99_Herb_biomass_edge,BECCSNaturalGas,UnidirectionalEdge{MacroEnergy.Biomass_Herb},0.011535192868253965,0.011535192868253965,0.0,0.0
Biomass_Wood,CA,CA_Bio_NG_CCS_99_Wood,CA_Bio_NG_CCS_99_Wood_biomass_edge,BECCSNaturalGas,UnidirectionalEdge{MacroEnergy.Biomass_Wood},0.012443275788825217,0.012443275788825217,0.0,0.0
Biomass_Wood,NW,NW_Bio_NG_CCS_99_Wood,NW_Bio_NG_CCS_99_Wood_biomass_edge,BECCSNaturalGas,UnidirectionalEdge{MacroEnergy.Biomass_Wood},0.01361394365184205,0.01361394365184205,0.0,0.0
Biomass_Wood,SW,SW_Bio_NG_CCS_99_Wood,SW_Bio_NG_CCS_99_Wood_biomass_edge,BECCSNaturalGas,UnidirectionalEdge{MacroEnergy.Biomass_Wood},0.014723889746435296,0.014723889746435296,0.0,0.0
Biomass_Wood,TX,TX_Bio_NG_CCS_99_Wood,TX_Bio_NG_CCS_99_Wood_biomass_edge,BECCSNaturalGas,UnidirectionalEdge{MacroEnergy.Biomass_Wood},0.014462377131402656,0.014462377131402656,0.0,0.0
Biomass_Wood,NCEN,NCEN_Bio_NG_CCS_99_Wood,NCEN_Bio_NG_CCS_99_Wood_biomass_edge,BECCSNaturalGas,UnidirectionalEdge{MacroEnergy.Biomass_Wood},0.020880618945798103,0.020880618945798103,0.0,0.0
Biomass_Wood,CEN,CEN_Bio_NG_CCS_99_Wood,CEN_Bio_NG_CCS_99_Wood_biomass_edge,BECCSNaturalGas,UnidirectionalEdge{MacroEnergy.Biomass_Wood},0.023100557718952624,0.023100557718952624,0.0,0.0
Biomass_Wood,SE,SE_Bio_NG_CCS_99_Wood,SE_Bio_NG_CCS_99_Wood_biomass_edge,BECCSNaturalGas,UnidirectionalEdge{MacroEnergy.Biomass_Wood},0.026389374659009007,0.026389374659009007,0.0,0.0
Biomass_Wood,MIDAT,MIDAT_Bio_NG_CCS_99_Wood,MIDAT_Bio_NG_CCS_99_Wood_biomass_edge,BECCSNaturalGas,UnidirectionalEdge{MacroEnergy.Biomass_Wood},0.021899191976288403,0.021899191976288403,0.0,0.0
Biomass_Wood,NE,NE_Bio_NG_CCS_99_Wood,NE_Bio_NG_CCS_99_Wood_biomass_edge,BECCSNaturalGas,UnidirectionalEdge{MacroEnergy.Biomass_Wood},0.01523942108257769,0.01523942108257769,0.0,0.0
Biomass_Agri,CA,CA_Bio_NG_CCS_99_Agri,CA_Bio_NG_CCS_99_Agri_biomass_edge,BECCSNaturalGas,UnidirectionalEdge{MacroEnergy.Biomass_Agri},0.01489537014850123,0.01489537014850123,0.0,0.0
Biomass_Agri,NW,NW_Bio_NG_CCS_99_Agri,NW_Bio_NG_CCS_99_Agri_biomass_edge,BECCSNaturalGas,UnidirectionalEdge{MacroEnergy.Biomass_Agri},0.016980776297263467,0.016980776297263467,0.0,0.0
Biomass_Agri,SW,SW_Bio_NG_CCS_99_Agri,SW_Bio_NG_CCS_99_Agri_biomass_edge,BECCSNaturalGas,UnidirectionalEdge{MacroEnergy.Biomass_Agri},0.013653382163526587,0.013653382163526587,0.0,0.0
Biomass_Agri,TX,TX_Bio_NG_CCS_99_Agri,TX_Bio_NG_CCS_99_Agri_biomass_edge,BECCSNaturalGas,UnidirectionalEdge{MacroEnergy.Biomass_Agri},0.01301996128051222,0.01301996128051222,0.0,0.0
Biomass_Agri,NCEN,NCEN_Bio_NG_CCS_99_Agri,NCEN_Bio_NG_CCS_99_Agri_biomass_edge,BECCSNaturalGas,UnidirectionalEdge{MacroEnergy.Biomass_Agri},0.04713049830261091,0.04713049830261091,0.0,0.0
Biomass_Agri,CEN,CEN_Bio_NG_CCS_99_Agri,CEN_Bio_NG_CCS_99_Agri_biomass_edge,BECCSNaturalGas,UnidirectionalEdge{MacroEnergy.Biomass_Agri},0.03487095048153841,0.03487095048153841,0.0,0.0
Biomass_Agri,SE,SE_Bio_NG_CCS_99_Agri,SE_Bio_NG_CCS_99_Agri_biomass_edge,BECCSNaturalGas,UnidirectionalEdge{MacroEnergy.Biomass_Agri},0.01567497086618734,0.01567497086618734,0.0,0.0
Biomass_Agri,MIDAT,MIDAT_Bio_NG_CCS_99_Agri,MIDAT_Bio_NG_CCS_99_Agri_biomass_edge,BECCSNaturalGas,UnidirectionalEdge{MacroEnergy.Biomass_Agri},0.014641846404594946,0.014641846404594946,0.0,0.0
Biomass_Agri,NE,NE_Bio_NG_CCS_99_Agri,NE_Bio_NG_CCS_99_Agri_biomass_edge,BECCSNaturalGas,UnidirectionalEdge{MacroEnergy.Biomass_Agri},0.011420030287588978,0.011420030287588978,0.0,0.0
CO2Captured,CA,CA_CO2_Injection_CA_Repetto_Sst1,CA_CO2_Injection_CA_Repetto_Sst1_co2_captured_edge,CO2Injection,UnidirectionalEdge{CO2Captured},9239.9,0.0,0.0,9239.9
CO2Captured,CA,CA_CO2_Injection_CA_Temblor1a,CA_CO2_Injection_CA_Temblor1a_co2_captured_edge,CO2Injection,UnidirectionalEdge{CO2Captured},32339.5,0.0,0.0,32339.5
CO2Captured,CA,CA_CO2_Injection_CA_Temblor2a,CA_CO2_Injection_CA_Temblor2a_co2_captured_edge,CO2Injection,UnidirectionalEdge{CO2Captured},128780.6,0.0,0.0,128780.6
CO2Captured,CA,CA_CO2_Injection_CA_Temblor1b,CA_CO2_Injection_CA_Temblor1b_co2_captured_edge,CO2Injection,UnidirectionalEdge{CO2Captured},32339.5,0.0,0.0,32339.5
CO2Captured,CA,CA_CO2_Injection_CA_Temblor2b,CA_CO2_Injection_CA_Temblor2b_co2_captured_edge,CO2Injection,UnidirectionalEdge{CO2Captured},129358.0,0.0,0.0,129358.0
CO2Captured,CA,CA_CO2_Injection_CA_Moreno2,CA_CO2_Injection_CA_Moreno2_co2_captured_edge,CO2Injection,UnidirectionalEdge{CO2Captured},72186.4,0.0,0.0,72186.4
CO2Captured,CA,CA_CO2_Injection_CA_Repetto_Sst2a,CA_CO2_Injection_CA_Repetto_Sst2a_co2_captured_edge,CO2Injection,UnidirectionalEdge{CO2Captured},4042.4,0.0,0.0,4042.4
CO2Captured,CA,CA_CO2_Injection_CA_Panoche1a,CA_CO2_Injection_CA_Panoche1a_co2_captured_edge,CO2Injection,UnidirectionalEdge{CO2Captured},56594.1,0.0,0.0,56594.1
CO2Captured,CA,CA_CO2_Injection_CA_Repetto_Sst2b,CA_CO2_Injection_CA_Repetto_Sst2b_co2_captured_edge,CO2Injection,UnidirectionalEdge{CO2Captured},5197.4,0.0,0.0,5197.4
CO2Captured,CA,CA_CO2_Injection_CA_Panoche1b,CA_CO2_Injection_CA_Panoche1b_co2_captured_edge,CO2Injection,UnidirectionalEdge{CO2Captured},56594.1,0.0,0.0,56594.1
CO2Captured,CA,CA_CO2_Injection_CA_Repetto_Sst2c,CA_CO2_Injection_CA_Repetto_Sst2c_co2_captured_edge,CO2Injection,UnidirectionalEdge{CO2Captured},4042.4,0.0,0.0,4042.4
CO2Captured,CA,CA_CO2_Injection_CA_Repetto_Sst3b,CA_CO2_Injection_CA_Repetto_Sst3b_co2_captured_edge,CO2Injection,UnidirectionalEdge{CO2Captured},1732.5,0.0,0.0,1732.5
CO2Captured,CA,CA_CO2_Injection_CA_Repetto_Sst3a,CA_CO2_Injection_CA_Repetto_Sst3a_co2_captured_edge,CO2Injection,UnidirectionalEdge{CO2Captured},1155.0,0.0,0.0,1155.0
CO2Captured,CA,CA_CO2_Injection_CA_Repetto_Sst3c,CA_CO2_Injection_CA_Repetto_Sst3c_co2_captured_edge,CO2Injection,UnidirectionalEdge{CO2Captured},1155.0,0.0,0.0,1155.0
CO2Captured,CA,CA_CO2_Injection_CA_Repetto_Sst3d,CA_CO2_Injection_CA_Repetto_Sst3d_co2_captured_edge,CO2Injection,UnidirectionalEdge{CO2Captured},577.5,0.0,0.0,577.5
CO2Captured,CA,CA_CO2_Injection_CA_Temblor3a,CA_CO2_Injection_CA_Temblor3a_co2_captured_edge,CO2Injection,UnidirectionalEdge{CO2Captured},8084.9,0.0,0.0,8084.9
CO2Captured,CA,CA_CO2_Injection_CA_Temblor3b,CA_CO2_Injection_CA_Temblor3b_co2_captured_edge,CO2Injection,UnidirectionalEdge{CO2Captured},8084.9,0.0,0.0,8084.9
CO2Captured,CA,CA_CO2_Injection_CA_Temblor3c,CA_CO2_Injection_CA_Temblor3c_co2_captured_edge,CO2Injection,UnidirectionalEdge{CO2Captured},8084.9,0.0,0.0,8084.9
CO2Captured,CA,CA_CO2_Injection_CA_Stevens1,CA_CO2_Injection_CA_Stevens1_co2_captured_edge,CO2Injection,UnidirectionalEdge{CO2Captured},577.5,0.0,0.0,577.5
CO2Captured,NW,NW_CO2_Injection_NW_Frontier3,NW_CO2_Injection_NW_Frontier3_co2_captured_edge,CO2Injection,UnidirectionalEdge{CO2Captured},12127.3,0.0,0.0,12127.3
CO2Captured,NW,NW_CO2_Injection_NW_Entrada2,NW_CO2_Injection_NW_Entrada2_co2_captured_edge,CO2Injection,UnidirectionalEdge{CO2Captured},35804.5,0.0,0.0,35804.5
CO2Captured,NW,NW_CO2_Injection_NW_Tensleep4,NW_CO2_Injection_NW_Tensleep4_co2_captured_edge,CO2Injection,UnidirectionalEdge{CO2Captured},31184.5,0.0,0.0,31184.5
CO2Captured,NW,NW_CO2_Injection_NW_Lance1,NW_CO2_Injection_NW_Lance1_co2_captured_edge,CO2Injection,UnidirectionalEdge{CO2Captured},4042.4,0.0,0.0,4042.4
CO2Captured,NW,NW_CO2_Injection_NW_Tensleep5,NW_CO2_Injection_NW_Tensleep5_co2_captured_edge,CO2Injection,UnidirectionalEdge{CO2Captured},18479.7,0.0,0.0,18479.7
CO2Captured,NW,NW_CO2_Injection_NW_Morrison7,NW_CO2_Injection_NW_Morrison7_co2_captured_edge,CO2Injection,UnidirectionalEdge{CO2Captured},6352.4,0.0,0.0,6352.4
CO2Captured,NW,NW_CO2_Injection_NW_Red_River1,NW_CO2_Injection_NW_Red_River1_co2_captured_edge,CO2Injection,UnidirectionalEdge{CO2Captured},57749.1,0.0,0.0,57749.1
CO2Captured,NW,NW_CO2_Injection_NW_Maha01,NW_CO2_Injection_NW_Maha01_co2_captured_edge,CO2Injection,UnidirectionalEdge{CO2Captured},9239.9,0.0,0.0,9239.9
CO2Captured,NW,NW_CO2_Injection_NW_Fort_Union2,NW_CO2_Injection_NW_Fort_Union2_co2_captured_edge,CO2Injection,UnidirectionalEdge{CO2Captured},3464.9,0.0,0.0,3464.9
CO2Captured,NW,NW_CO2_Injection_NW_Entrada6,NW_CO2_Injection_NW_Entrada6_co2_captured_edge,CO2Injection,UnidirectionalEdge{CO2Captured},2887.5,0.0,0.0,2887.5
CO2Captured,NW,NW_CO2_Injection_NW_Morrison8,NW_CO2_Injection_NW_Morrison8_co2_captured_edge,CO2Injection,UnidirectionalEdge{CO2Captured},9239.9,0.0,0.0,9239.9
CO2Captured,NW,NW_CO2_Injection_NW_Madison_GpMission_Canyon__Fm1,NW_CO2_Injection_NW_Madison_GpMission_Canyon__Fm1_co2_captured_edge,CO2Injection,UnidirectionalEdge{CO2Captured},16169.8,0.0,0.0,16169.8
CO2Captured,NW,NW_CO2_Injection_NW_InyanKara2,NW_CO2_Injection_NW_InyanKara2_co2_captured_edge,CO2Injection,UnidirectionalEdge{CO2Captured},12704.8,0.0,0.0,12704.8
CO2Captured,NW,NW_CO2_Injection_NW_Minnelusa2,NW_CO2_Injection_NW_Minnelusa2_co2_captured_edge,CO2Injection,UnidirectionalEdge{CO2Captured},11549.8,0.0,0.0,11549.8
CO2Captured,NW,NW_CO2_Injection_NW_InyanKara3,NW_CO2_Injection_NW_InyanKara3_co2_captured_edge,CO2Injection,UnidirectionalEdge{CO2Captured},39269.4,0.0,0.0,39269.4
CO2Captured,NW,NW_CO2_Injection_NW_InyanKara1,NW_CO2_Injection_NW_InyanKara1_co2_captured_edge,CO2Injection,UnidirectionalEdge{CO2Captured},33494.5,0.0,0.0,33494.5
CO2Captured,NW,NW_CO2_Injection_NW_Arbuckle3,NW_CO2_Injection_NW_Arbuckle3_co2_captured_edge,CO2Injection,UnidirectionalEdge{CO2Captured},1732.5,0.0,0.0,1732.5
CO2Captured,NW,NW_CO2_Injection_NW_Red_River2,NW_CO2_Injection_NW_Red_River2_co2_captured_edge,CO2Injection,UnidirectionalEdge{CO2Captured},13859.8,0.0,0.0,13859.8
CO2Captured,NW,NW_CO2_Injection_NW_Arbuckle2,NW_CO2_Injection_NW_Arbuckle2_co2_captured_edge,CO2Injection,UnidirectionalEdge{CO2Captured},8662.4,0.0,0.0,8662.4
CO2Captured,NW,NW_CO2_Injection_NW_Madison_GpMission_Canyon_Fm4,NW_CO2_Injection_NW_Madison_GpMission_Canyon_Fm4_co2_captured_edge,CO2Injection,UnidirectionalEdge{CO2Captured},21944.7,0.0,0.0,21944.7
CO2Captured,NW,NW_CO2_Injection_NW_Nugget1,NW_CO2_Injection_NW_Nugget1_co2_captured_edge,CO2Injection,UnidirectionalEdge{CO2Captured},10394.8,0.0,0.0,10394.8
CO2Captured,NW,NW_CO2_Injection_NW_Nugget2,NW_CO2_Injection_NW_Nugget2_co2_captured_edge,CO2Injection,UnidirectionalEdge{CO2Captured},35804.5,0.0,0.0,35804.5
CO2Captured,NW,NW_CO2_Injection_NW_Nugget4,NW_CO2_Injection_NW_Nugget4_co2_captured_edge,CO2Injection,UnidirectionalEdge{CO2Captured},3464.9,0.0,0.0,3464.9
CO2Captured,NW,NW_CO2_Injection_NW_Madison1,NW_CO2_Injection_NW_Madison1_co2_captured_edge,CO2Injection,UnidirectionalEdge{CO2Captured},8084.9,0.0,0.0,8084.9
CO2Captured,NW,NW_CO2_Injection_NW_Morrison6,NW_CO2_Injection_NW_Morrison6_co2_captured_edge,CO2Injection,UnidirectionalEdge{CO2Captured},5774.9,0.0,0.0,5774.9
CO2Captured,NW,NW_CO2_Injection_NW_Entrada1,NW_CO2_Injection_NW_Entrada1_co2_captured_edge,CO2Injection,UnidirectionalEdge{CO2Captured},20789.7,0.0,0.0,20789.7
CO2Captured,NW,NW_CO2_Injection_NW_Minnelusa1,NW_CO2_Injection_NW_Minnelusa1_co2_captured_edge,CO2Injection,UnidirectionalEdge{CO2Captured},7507.4,0.0,0.0,7507.4
CO2Captured,NW,NW_CO2_Injection_NW_Madison_GpMission_Canyon_Fm2,NW_CO2_Injection_NW_Madison_GpMission_Canyon_Fm2_co2_captured_edge,CO2Injection,UnidirectionalEdge{CO2Captured},1155.0,0.0,0.0,1155.0
CO2Captured,NW,NW_CO2_Injection_NW_DuperowLower_1,NW_CO2_Injection_NW_DuperowLower_1_co2_captured_edge,CO2Injection,UnidirectionalEdge{CO2Captured},1155.0,0.0,0.0,1155.0
CO2Captured,NW,NW_CO2_Injection_NW_Basal_Cambrian1,NW_CO2_Injection_NW_Basal_Cambrian1_co2_captured_edge,CO2Injection,UnidirectionalEdge{CO2Captured},12704.8,0.0,0.0,12704.8
CO2Captured,NW,NW_CO2_Injection_NW_Dakota02,NW_CO2_Injection_NW_Dakota02_co2_captured_edge,CO2Injection,UnidirectionalEdge{CO2Captured},5774.9,0.0,0.0,5774.9
CO2Captured,NW,NW_CO2_Injection_NW_Basal_Cambrian7,NW_CO2_Injection_NW_Basal_Cambrian7_co2_captured_edge,CO2Injection,UnidirectionalEdge{CO2Captured},14437.3,0.0,0.0,14437.3
CO2Captured,NW,NW_CO2_Injection_NW_Fountain1b,NW_CO2_Injection_NW_Fountain1b_co2_captured_edge,CO2Injection,UnidirectionalEdge{CO2Captured},2310.0,0.0,0.0,2310.0
CO2Captured,NW,NW_CO2_Injection_NW_Fountain2b,NW_CO2_Injection_NW_Fountain2b_co2_captured_edge,CO2Injection,UnidirectionalEdge{CO2Captured},1155.0,0.0,0.0,1155.0
CO2Captured,NW,NW_CO2_Injection_NW_Morrison3,NW_CO2_Injection_NW_Morrison3_co2_captured_edge,CO2Injection,UnidirectionalEdge{CO2Captured},6352.4,0.0,0.0,6352.4
CO2Captured,NW,NW_CO2_Injection_NW_Weber2,NW_CO2_Injection_NW_Weber2_co2_captured_edge,CO2Injection,UnidirectionalEdge{CO2Captured},1155.0,0.0,0.0,1155.0
CO2Captured,NW,NW_CO2_Injection_NW_Basal_Cambrian4,NW_CO2_Injection_NW_Basal_Cambrian4_co2_captured_edge,CO2Injection,UnidirectionalEdge{CO2Captured},13859.8,0.0,0.0,13859.8
CO2Captured,SW,SW_CO2_Injection_SW_Forbes,SW_CO2_Injection_SW_Forbes_co2_captured_edge,CO2Injection,UnidirectionalEdge{CO2Captured},39269.4,0.0,0.0,39269.4
CO2Captured,SW,SW_CO2_Injection_SW_Mokelumne_River1,SW_CO2_Injection_SW_Mokelumne_River1_co2_captured_edge,CO2Injection,UnidirectionalEdge{CO2Captured},4619.9,0.0,0.0,4619.9
CO2Captured,SW,SW_CO2_Injection_SW_Moreno1Starkey,SW_CO2_Injection_SW_Moreno1Starkey_co2_captured_edge,CO2Injection,UnidirectionalEdge{CO2Captured},56594.1,0.0,0.0,56594.1
CO2Captured,SW,SW_CO2_Injection_SW_Mokelumne_River2,SW_CO2_Injection_SW_Mokelumne_River2_co2_captured_edge,CO2Injection,UnidirectionalEdge{CO2Captured},83158.7,0.0,0.0,83158.7
CO2Captured,SW,SW_CO2_Injection_SW_Domengine2,SW_CO2_Injection_SW_Domengine2_co2_captured_edge,CO2Injection,UnidirectionalEdge{CO2Captured},46199.3,0.0,0.0,46199.3
CO2Captured,SW,SW_CO2_Injection_SW_Winters2,SW_CO2_Injection_SW_Winters2_co2_captured_edge,CO2Injection,UnidirectionalEdge{CO2Captured},80271.3,0.0,0.0,80271.3
CO2Captured,SW,SW_CO2_Injection_SW_Starkey1,SW_CO2_Injection_SW_Starkey1_co2_captured_edge,CO2Injection,UnidirectionalEdge{CO2Captured},2887.5,0.0,0.0,2887.5
CO2Captured,SW,SW_CO2_Injection_SW_Seven_Rivers1,SW_CO2_Injection_SW_Seven_Rivers1_co2_captured_edge,CO2Injection,UnidirectionalEdge{CO2Captured},50819.2,0.0,0.0,50819.2
CO2Captured,SW,SW_CO2_Injection_SW_Wolfcamp1,SW_CO2_Injection_SW_Wolfcamp1_co2_captured_edge,CO2Injection,UnidirectionalEdge{CO2Captured},37536.9,0.0,0.0,37536.9
CO2Captured,SW,SW_CO2_Injection_SW_Arbuckle4,SW_CO2_Injection_SW_Arbuckle4_co2_captured_edge,CO2Injection,UnidirectionalEdge{CO2Captured},42734.4,0.0,0.0,42734.4
CO2Captured,SW,SW_CO2_Injection_SW_Domengine1,SW_CO2_Injection_SW_Domengine1_co2_captured_edge,CO2Injection,UnidirectionalEdge{CO2Captured},5774.9,0.0,0.0,5774.9
CO2Captured,SW,SW_CO2_Injection_SW_Wolfcamp2,SW_CO2_Injection_SW_Wolfcamp2_co2_captured_edge,CO2Injection,UnidirectionalEdge{CO2Captured},21367.2,0.0,0.0,21367.2
CO2Captured,SW,SW_CO2_Injection_SW_Morrison2,SW_CO2_Injection_SW_Morrison2_co2_captured_edge,CO2Injection,UnidirectionalEdge{CO2Captured},6929.9,0.0,0.0,6929.9
CO2Captured,SW,SW_CO2_Injection_SW_Seven_Rivers2,SW_CO2_Injection_SW_Seven_Rivers2_co2_captured_edge,CO2Injection,UnidirectionalEdge{CO2Captured},9239.9,0.0,0.0,9239.9
CO2Captured,SW,SW_CO2_Injection_SW_Monterey1a,SW_CO2_Injection_SW_Monterey1a_co2_captured_edge,CO2Injection,UnidirectionalEdge{CO2Captured},124160.6,0.0,0.0,124160.6
CO2Captured,SW,SW_CO2_Injection_SW_Monterey1b,SW_CO2_Injection_SW_Monterey1b_co2_captured_edge,CO2Injection,UnidirectionalEdge{CO2Captured},124738.1,0.0,0.0,124738.1
CO2Captured,SW,SW_CO2_Injection_SW_Morrison1,SW_CO2_Injection_SW_Morrison1_co2_captured_edge,CO2Injection,UnidirectionalEdge{CO2Captured},1155.0,0.0,0.0,1155.0
CO2Captured,SW,SW_CO2_Injection_SW_Leonard2,SW_CO2_Injection_SW_Leonard2_co2_captured_edge,CO2Injection,UnidirectionalEdge{CO2Captured},6929.9,0.0,0.0,6929.9
CO2Captured,SW,SW_CO2_Injection_SW_Canyon2,SW_CO2_Injection_SW_Canyon2_co2_captured_edge,CO2Injection,UnidirectionalEdge{CO2Captured},7507.4,0.0,0.0,7507.4
CO2Captured,SW,SW_CO2_Injection_SW_Leonard1,SW_CO2_Injection_SW_Leonard1_co2_captured_edge,CO2Injection,UnidirectionalEdge{CO2Captured},39269.4,0.0,0.0,39269.4
CO2Captured,SW,SW_CO2_Injection_SW_Canyon1,SW_CO2_Injection_SW_Canyon1_co2_captured_edge,CO2Injection,UnidirectionalEdge{CO2Captured},13859.8,0.0,0.0,13859.8
CO2Captured,SW,SW_CO2_Injection_SW_Canyon4,SW_CO2_Injection_SW_Canyon4_co2_captured_edge,CO2Injection,UnidirectionalEdge{CO2Captured},9817.4,0.0,0.0,9817.4
CO2Captured,SW,SW_CO2_Injection_SW_Canyon3,SW_CO2_Injection_SW_Canyon3_co2_captured_edge,CO2Injection,UnidirectionalEdge{CO2Captured},56594.1,0.0,0.0,56594.1
CO2Captured,SW,SW_CO2_Injection_SW_Navajo01,SW_CO2_Injection_SW_Navajo01_co2_captured_edge,CO2Injection,UnidirectionalEdge{CO2Captured},1155.0,0.0,0.0,1155.0
CO2Captured,SW,SW_CO2_Injection_SW_Queen1,SW_CO2_Injection_SW_Queen1_co2_captured_edge,CO2Injection,UnidirectionalEdge{CO2Captured},32917.0,0.0,0.0,32917.0
CO2Captured,SW,SW_CO2_Injection_SW_Queen2,SW_CO2_Injection_SW_Queen2_co2_captured_edge,CO2Injection,UnidirectionalEdge{CO2Captured},5774.9,0.0,0.0,5774.9
CO2Captured,SW,SW_CO2_Injection_SW_Winters1a,SW_CO2_Injection_SW_Winters1a_co2_captured_edge,CO2Injection,UnidirectionalEdge{CO2Captured},2310.0,0.0,0.0,2310.0
CO2Captured,SW,SW_CO2_Injection_SW_Winters1b,SW_CO2_Injection_SW_Winters1b_co2_captured_edge,CO2Injection,UnidirectionalEdge{CO2Captured},2310.0,0.0,0.0,2310.0
CO2Captured,SW,SW_CO2_Injection_SW_Winters1c,SW_CO2_Injection_SW_Winters1c_co2_captured_edge,CO2Injection,UnidirectionalEdge{CO2Captured},1732.5,0.0,0.0,1732.5
CO2Captured,SW,SW_CO2_Injection_SW_Entrada8,SW_CO2_Injection_SW_Entrada8_co2_captured_edge,CO2Injection,UnidirectionalEdge{CO2Captured},4619.9,0.0,0.0,4619.9
CO2Captured,SW,SW_CO2_Injection_SW_Atoka2,SW_CO2_Injection_SW_Atoka2_co2_captured_edge,CO2Injection,UnidirectionalEdge{CO2Captured},5774.9,0.0,0.0,5774.9
CO2Captured,SW,SW_CO2_Injection_SW_Hermosa1b,SW_CO2_Injection_SW_Hermosa1b_co2_captured_edge,CO2Injection,UnidirectionalEdge{CO2Captured},577.5,0.0,0.0,577.5
CO2Captured,SW,SW_CO2_Injection_SW_Atoka1,SW_CO2_Injection_SW_Atoka1_co2_captured_edge,CO2Injection,UnidirectionalEdge{CO2Captured},34072.0,0.0,0.0,34072.0
CO2Captured,SW,SW_CO2_Injection_SW_Hermosa1a,SW_CO2_Injection_SW_Hermosa1a_co2_captured_edge,CO2Injection,UnidirectionalEdge{CO2Captured},577.5,0.0,0.0,577.5
CO2Captured,SW,SW_CO2_Injection_SW_Cisco4,SW_CO2_Injection_SW_Cisco4_co2_captured_edge,CO2Injection,UnidirectionalEdge{CO2Captured},5197.4,0.0,0.0,5197.4
CO2Captured,SW,SW_CO2_Injection_SW_Cisco3,SW_CO2_Injection_SW_Cisco3_co2_captured_edge,CO2Injection,UnidirectionalEdge{CO2Captured},31184.5,0.0,0.0,31184.5
CO2Captured,SW,SW_CO2_Injection_SW_Cisco1,SW_CO2_Injection_SW_Cisco1_co2_captured_edge,CO2Injection,UnidirectionalEdge{CO2Captured},7507.4,0.0,0.0,7507.4
CO2Captured,SW,SW_CO2_Injection_SW_Cisco2,SW_CO2_Injection_SW_Cisco2_co2_captured_edge,CO2Injection,UnidirectionalEdge{CO2Captured},4042.4,0.0,0.0,4042.4
CO2Captured,SW,SW_CO2_Injection_SW_Entrada9,SW_CO2_Injection_SW_Entrada9_co2_captured_edge,CO2Injection,UnidirectionalEdge{CO2Captured},10394.8,0.0,0.0,10394.8
CO2Captured,TX,TX_CO2_Injection_TX_Frio02,TX_CO2_Injection_TX_Frio02_co2_captured_edge,CO2Injection,UnidirectionalEdge{CO2Captured},25987.1,0.0,0.0,25987.1
CO2Captured,TX,TX_CO2_Injection_TX_Frio03a,TX_CO2_Injection_TX_Frio03a_co2_captured_edge,CO2Injection,UnidirectionalEdge{CO2Captured},28297.1,0.0,0.0,28297.1
CO2Captured,TX,TX_CO2_Injection_TX_Frio06,TX_CO2_Injection_TX_Frio06_co2_captured_edge,CO2Injection,UnidirectionalEdge{CO2Captured},42156.9,0.0,0.0,42156.9
CO2Captured,TX,TX_CO2_Injection_TX_Frio09a,TX_CO2_Injection_TX_Frio09a_co2_captured_edge,CO2Injection,UnidirectionalEdge{CO2Captured},54861.7,0.0,0.0,54861.7
CO2Captured,TX,TX_CO2_Injection_TX_Frio12a,TX_CO2_Injection_TX_Frio12a_co2_captured_edge,CO2Injection,UnidirectionalEdge{CO2Captured},46776.8,0.0,0.0,46776.8
CO2Captured,TX,TX_CO2_Injection_TX_Frio12b,TX_CO2_Injection_TX_Frio12b_co2_captured_edge,CO2Injection,UnidirectionalEdge{CO2Captured},42734.4,0.0,0.0,42734.4
CO2Captured,TX,TX_CO2_Injection_TX_Frio07a,TX_CO2_Injection_TX_Frio07a_co2_captured_edge,CO2Injection,UnidirectionalEdge{CO2Captured},38114.4,0.0,0.0,38114.4
CO2Captured,TX,TX_CO2_Injection_TX_Frio10,TX_CO2_Injection_TX_Frio10_co2_captured_edge,CO2Injection,UnidirectionalEdge{CO2Captured},46199.3,0.0,0.0,46199.3
CO2Captured,TX,TX_CO2_Injection_TX_Frio04,TX_CO2_Injection_TX_Frio04_co2_captured_edge,CO2Injection,UnidirectionalEdge{CO2Captured},10972.3,0.0,0.0,10972.3
CO2Captured,TX,TX_CO2_Injection_TX_Frio13a,TX_CO2_Injection_TX_Frio13a_co2_captured_edge,CO2Injection,UnidirectionalEdge{CO2Captured},32339.5,0.0,0.0,32339.5
CO2Captured,TX,TX_CO2_Injection_TX_Frio01,TX_CO2_Injection_TX_Frio01_co2_captured_edge,CO2Injection,UnidirectionalEdge{CO2Captured},12704.8,0.0,0.0,12704.8
CO2Captured,TX,TX_CO2_Injection_TX_Frio03b,TX_CO2_Injection_TX_Frio03b_co2_captured_edge,CO2Injection,UnidirectionalEdge{CO2Captured},13282.3,0.0,0.0,13282.3
CO2Captured,TX,TX_CO2_Injection_TX_Frio09b,TX_CO2_Injection_TX_Frio09b_co2_captured_edge,CO2Injection,UnidirectionalEdge{CO2Captured},25409.6,0.0,0.0,25409.6
CO2Captured,TX,TX_CO2_Injection_TX_Frio13b,TX_CO2_Injection_TX_Frio13b_co2_captured_edge,CO2Injection,UnidirectionalEdge{CO2Captured},29452.1,0.0,0.0,29452.1
CO2Captured,TX,TX_CO2_Injection_TX_Frio13c,TX_CO2_Injection_TX_Frio13c_co2_captured_edge,CO2Injection,UnidirectionalEdge{CO2Captured},25987.1,0.0,0.0,25987.1
CO2Captured,TX,TX_CO2_Injection_TX_Frio11,TX_CO2_Injection_TX_Frio11_co2_captured_edge,CO2Injection,UnidirectionalEdge{CO2Captured},3464.9,0.0,0.0,3464.9
CO2Captured,TX,TX_CO2_Injection_TX_Frio08,TX_CO2_Injection_TX_Frio08_co2_captured_edge,CO2Injection,UnidirectionalEdge{CO2Captured},15014.8,0.0,0.0,15014.8
CO2Captured,TX,TX_CO2_Injection_TX_Lower_Tuscaloosa08,TX_CO2_Injection_TX_Lower_Tuscaloosa08_co2_captured_edge,CO2Injection,UnidirectionalEdge{CO2Captured},86046.2,0.0,0.0,86046.2
CO2Captured,TX,TX_CO2_Injection_TX_Frio05,TX_CO2_Injection_TX_Frio05_co2_captured_edge,CO2Injection,UnidirectionalEdge{CO2Captured},2310.0,0.0,0.0,2310.0
CO2Captured,TX,TX_CO2_Injection_TX_Lower_Tuscaloosa09,TX_CO2_Injection_TX_Lower_Tuscaloosa09_co2_captured_edge,CO2Injection,UnidirectionalEdge{CO2Captured},37536.9,0.0,0.0,37536.9
CO2Captured,TX,TX_CO2_Injection_TX_WashitaFredericksburg3,TX_CO2_Injection_TX_WashitaFredericksburg3_co2_captured_edge,CO2Injection,UnidirectionalEdge{CO2Captured},15592.3,0.0,0.0,15592.3
CO2Captured,TX,TX_CO2_Injection_TX_Paluxy1,TX_CO2_Injection_TX_Paluxy1_co2_captured_edge,CO2Injection,UnidirectionalEdge{CO2Captured},1732.5,0.0,0.0,1732.5
CO2Captured,TX,TX_CO2_Injection_TX_Frio07b,TX_CO2_Injection_TX_Frio07b_co2_captured_edge,CO2Injection,UnidirectionalEdge{CO2Captured},6929.9,0.0,0.0,6929.9
CO2Captured,TX,TX_CO2_Injection_TX_Lower_Tuscaloosa06,TX_CO2_Injection_TX_Lower_Tuscaloosa06_co2_captured_edge,CO2Injection,UnidirectionalEdge{CO2Captured},43311.8,0.0,0.0,43311.8
CO2Captured,NCEN,NCEN_CO2_Injection_NCEN_Mount_Simon03,NCEN_CO2_Injection_NCEN_Mount_Simon03_co2_captured_edge,CO2Injection,UnidirectionalEdge{CO2Captured},90088.6,0.0,0.0,90088.6
CO2Captured,NCEN,NCEN_CO2_Injection_NCEN_Mount_Simon06,NCEN_CO2_Injection_NCEN_Mount_Simon06_co2_captured_edge,CO2Injection,UnidirectionalEdge{CO2Captured},88356.2,0.0,0.0,88356.2
CO2Captured,NCEN,NCEN_CO2_Injection_NCEN_Mount_Simon07,NCEN_CO2_Injection_NCEN_Mount_Simon07_co2_captured_edge,CO2Injection,UnidirectionalEdge{CO2Captured},18479.7,0.0,0.0,18479.7
CO2Captured,NCEN,NCEN_CO2_Injection_NCEN_Mount_Simon05,NCEN_CO2_Injection_NCEN_Mount_Simon05_co2_captured_edge,CO2Injection,UnidirectionalEdge{CO2Captured},5774.9,0.0,0.0,5774.9
CO2Captured,NCEN,NCEN_CO2_Injection_NCEN_Mount_Simon02,NCEN_CO2_Injection_NCEN_Mount_Simon02_co2_captured_edge,CO2Injection,UnidirectionalEdge{CO2Captured},6352.4,0.0,0.0,6352.4
CO2Captured,NCEN,NCEN_CO2_Injection_NCEN_Knox3,NCEN_CO2_Injection_NCEN_Knox3_co2_captured_edge,CO2Injection,UnidirectionalEdge{CO2Captured},6929.9,0.0,0.0,6929.9
CO2Captured,NCEN,NCEN_CO2_Injection_NCEN_Knox5,NCEN_CO2_Injection_NCEN_Knox5_co2_captured_edge,CO2Injection,UnidirectionalEdge{CO2Captured},2310.0,0.0,0.0,2310.0
CO2Captured,NCEN,NCEN_CO2_Injection_NCEN_Knox1,NCEN_CO2_Injection_NCEN_Knox1_co2_captured_edge,CO2Injection,UnidirectionalEdge{CO2Captured},9817.4,0.0,0.0,9817.4
CO2Captured,NCEN,NCEN_CO2_Injection_NCEN_StPeter07,NCEN_CO2_Injection_NCEN_StPeter07_co2_captured_edge,CO2Injection,UnidirectionalEdge{CO2Captured},1732.5,0.0,0.0,1732.5
CO2Captured,NCEN,NCEN_CO2_Injection_NCEN_Mount_Simon08,NCEN_CO2_Injection_NCEN_Mount_Simon08_co2_captured_edge,CO2Injection,UnidirectionalEdge{CO2Captured},4619.9,0.0,0.0,4619.9
CO2Captured,NCEN,NCEN_CO2_Injection_NCEN_Knox4,NCEN_CO2_Injection_NCEN_Knox4_co2_captured_edge,CO2Injection,UnidirectionalEdge{CO2Captured},577.5,0.0,0.0,577.5
CO2Captured,NCEN,NCEN_CO2_Injection_NCEN_Knox6,NCEN_CO2_Injection_NCEN_Knox6_co2_captured_edge,CO2Injection,UnidirectionalEdge{CO2Captured},577.5,0.0,0.0,577.5
CO2Captured,NCEN,NCEN_CO2_Injection_NCEN_Mount_Simon10,NCEN_CO2_Injection_NCEN_Mount_Simon10_co2_captured_edge,CO2Injection,UnidirectionalEdge{CO2Captured},15592.3,0.0,0.0,15592.3
CO2Captured,NCEN,NCEN_CO2_Injection_NCEN_Knox2,NCEN_CO2_Injection_NCEN_Knox2_co2_captured_edge,CO2Injection,UnidirectionalEdge{CO2Captured},2310.0,0.0,0.0,2310.0
CO2Captured,NCEN,NCEN_CO2_Injection_NCEN_Niagaran01,NCEN_CO2_Injection_NCEN_Niagaran01_co2_captured_edge,CO2Injection,UnidirectionalEdge{CO2Captured},6929.9,0.0,0.0,6929.9
CO2Captured,CEN,CEN_CO2_Injection_CEN_Woodbine1,CEN_CO2_Injection_CEN_Woodbine1_co2_captured_edge,CO2Injection,UnidirectionalEdge{CO2Captured},150147.7,0.0,0.0,150147.7
CO2Captured,CEN,CEN_CO2_Injection_CEN_Lower_Tuscaloosa01,CEN_CO2_Injection_CEN_Lower_Tuscaloosa01_co2_captured_edge,CO2Injection,UnidirectionalEdge{CO2Captured},75651.4,0.0,0.0,75651.4
CO2Captured,CEN,CEN_CO2_Injection_CEN_Lower_Tuscaloosa10,CEN_CO2_Injection_CEN_Lower_Tuscaloosa10_co2_captured_edge,CO2Injection,UnidirectionalEdge{CO2Captured},46199.3,0.0,0.0,46199.3
CO2Captured,CEN,CEN_CO2_Injection_CEN_Arbuckle1,CEN_CO2_Injection_CEN_Arbuckle1_co2_captured_edge,CO2Injection,UnidirectionalEdge{CO2Captured},9817.4,0.0,0.0,9817.4
CO2Captured,CEN,CEN_CO2_Injection_CEN_Paluxy6,CEN_CO2_Injection_CEN_Paluxy6_co2_captured_edge,CO2Injection,UnidirectionalEdge{CO2Captured},20789.7,0.0,0.0,20789.7
CO2Captured,CEN,CEN_CO2_Injection_CEN_Paluxy2,CEN_CO2_Injection_CEN_Paluxy2_co2_captured_edge,CO2Injection,UnidirectionalEdge{CO2Captured},46776.8,0.0,0.0,46776.8
CO2Captured,CEN,CEN_CO2_Injection_CEN_Paluxy3,CEN_CO2_Injection_CEN_Paluxy3_co2_captured_edge,CO2Injection,UnidirectionalEdge{CO2Captured},36959.4,0.0,0.0,36959.4
CO2Captured,CEN,CEN_CO2_Injection_CEN_Basal_Cambrian8,CEN_CO2_Injection_CEN_Basal_Cambrian8_co2_captured_edge,CO2Injection,UnidirectionalEdge{CO2Captured},25409.6,0.0,0.0,25409.6
CO2Captured,CEN,CEN_CO2_Injection_CEN_Lower_Tuscaloosa07,CEN_CO2_Injection_CEN_Lower_Tuscaloosa07_co2_captured_edge,CO2Injection,UnidirectionalEdge{CO2Captured},4619.9,0.0,0.0,4619.9
CO2Captured,SE,SE_CO2_Injection_SE_WashitaFredericksburg1,SE_CO2_Injection_SE_WashitaFredericksburg1_co2_captured_edge,CO2Injection,UnidirectionalEdge{CO2Captured},19634.7,0.0,0.0,19634.7
CO2Captured,SE,SE_CO2_Injection_SE_Lower_Tuscaloosa02,SE_CO2_Injection_SE_Lower_Tuscaloosa02_co2_captured_edge,CO2Injection,UnidirectionalEdge{CO2Captured},21367.2,0.0,0.0,21367.2
CO2Captured,SE,SE_CO2_Injection_SE_WashitaFredericksburg2,SE_CO2_Injection_SE_WashitaFredericksburg2_co2_captured_edge,CO2Injection,UnidirectionalEdge{CO2Captured},12704.8,0.0,0.0,12704.8
CO2Captured,SE,SE_CO2_Injection_SE_Cedar_KeysLawson2,SE_CO2_Injection_SE_Cedar_KeysLawson2_co2_captured_edge,CO2Injection,UnidirectionalEdge{CO2Captured},14437.3,0.0,0.0,14437.3
CO2Captured,SE,SE_CO2_Injection_SE_Paluxy5,SE_CO2_Injection_SE_Paluxy5_co2_captured_edge,CO2Injection,UnidirectionalEdge{CO2Captured},8662.4,0.0,0.0,8662.4
CO2Captured,SE,SE_CO2_Injection_SE_Lower_Tuscaloosa03,SE_CO2_Injection_SE_Lower_Tuscaloosa03_co2_captured_edge,CO2Injection,UnidirectionalEdge{CO2Captured},55439.2,0.0,0.0,55439.2
CO2Captured,SE,SE_CO2_Injection_SE_Paluxy4,SE_CO2_Injection_SE_Paluxy4_co2_captured_edge,CO2Injection,UnidirectionalEdge{CO2Captured},15014.8,0.0,0.0,15014.8
CO2Captured,SE,SE_CO2_Injection_SE_Lower_Tuscaloosa04,SE_CO2_Injection_SE_Lower_Tuscaloosa04_co2_captured_edge,CO2Injection,UnidirectionalEdge{CO2Captured},6929.9,0.0,0.0,6929.9
CO2Captured,SE,SE_CO2_Injection_SE_Cedar_KeysLawson1,SE_CO2_Injection_SE_Cedar_KeysLawson1_co2_captured_edge,CO2Injection,UnidirectionalEdge{CO2Captured},2887.5,0.0,0.0,2887.5
CO2Captured,SE,SE_CO2_Injection_SE_Lower_Tuscaloosa05,SE_CO2_Injection_SE_Lower_Tuscaloosa05_co2_captured_edge,CO2Injection,UnidirectionalEdge{CO2Captured},9239.9,0.0,0.0,9239.9
CO2Captured,SE,SE_CO2_Injection_SE_Sunniland1,SE_CO2_Injection_SE_Sunniland1_co2_captured_edge,CO2Injection,UnidirectionalEdge{CO2Captured},577.5,0.0,0.0,577.5
CO2Captured,MIDAT,MIDAT_CO2_Injection_MIDAT_Waste_Gate1,MIDAT_CO2_Injection_MIDAT_Waste_Gate1_co2_captured_edge,CO2Injection,UnidirectionalEdge{CO2Captured},1155.0,0.0,0.0,1155.0
CO2Captured,CA,co2_CA_to_NW,co2_CA_to_NW_charge_edge,GasStorage{CO2Captured},UnidirectionalEdge{CO2Captured},0.17054329703676646,0.17054329703676643,0.0,0.0
CO2Captured,CA,co2_CA_to_NW,co2_CA_to_NW_discharge_edge,GasStorage{CO2Captured},UnidirectionalEdge{CO2Captured},0.4218143411910068,0.4218143411910068,0.0,0.0
CO2Captured,NW,co2_NW_to_CA,co2_NW_to_CA_charge_edge,GasStorage{CO2Captured},UnidirectionalEdge{CO2Captured},0.3206065239356899,0.3206065239356899,0.0,0.0
CO2Captured,NW,co2_NW_to_CA,co2_NW_to_CA_discharge_edge,GasStorage{CO2Captured},UnidirectionalEdge{CO2Captured},0.5622401440128033,0.5622401440128033,0.0,0.0
CO2Captured,CA,co2_CA_to_SW,co2_CA_to_SW_charge_edge,GasStorage{CO2Captured},UnidirectionalEdge{CO2Captured},0.2011005753921694,0.2011005753921694,0.0,0.0
CO2Captured,CA,co2_CA_to_SW,co2_CA_to_SW_discharge_edge,GasStorage{CO2Captured},UnidirectionalEdge{CO2Captured},0.5656541022986196,0.5656541022986196,0.0,0.0
CO2Captured,SW,co2_SW_to_CA,co2_SW_to_CA_charge_edge,GasStorage{CO2Captured},UnidirectionalEdge{CO2Captured},2.337127175969661,2.337127175969661,0.0,0.0
CO2Captured,SW,co2_SW_to_CA,co2_SW_to_CA_discharge_edge,GasStorage{CO2Captured},UnidirectionalEdge{CO2Captured},2.6628033741936497,2.6628033741936497,0.0,0.0
CO2Captured,NW,co2_NW_to_SW,co2_NW_to_SW_charge_edge,GasStorage{CO2Captured},UnidirectionalEdge{CO2Captured},0.20456180164730672,0.20456180164730672,0.0,0.0
CO2Captured,NW,co2_NW_to_SW,co2_NW_to_SW_discharge_edge,GasStorage{CO2Captured},UnidirectionalEdge{CO2Captured},0.48384588750324153,0.4838458875032415,0.0,0.0
CO2Captured,SW,co2_SW_to_NW,co2_SW_to_NW_charge_edge,GasStorage{CO2Captured},UnidirectionalEdge{CO2Captured},0.8009819512747218,0.8009819512747218,0.0,0.0
CO2Captured,SW,co2_SW_to_NW,co2_SW_to_NW_discharge_edge,GasStorage{CO2Captured},UnidirectionalEdge{CO2Captured},1.0631648924857604,1.0631648924857604,0.0,0.0
CO2Captured,SW,co2_SW_to_CEN,co2_SW_to_CEN_charge_edge,GasStorage{CO2Captured},UnidirectionalEdge{CO2Captured},0.08663971337121869,0.08663971337121869,0.0,0.0
CO2Captured,SW,co2_SW_to_CEN,co2_SW_to_CEN_discharge_edge,GasStorage{CO2Captured},UnidirectionalEdge{CO2Captured},0.2987010104897236,0.2987010104897236,0.0,0.0
CO2Captured,CEN,co2_CEN_to_SW,co2_CEN_to_SW_charge_edge,GasStorage{CO2Captured},UnidirectionalEdge{CO2Captured},23660.07557124346,23660.075571243455,0.0,0.0
CO2Captured,CEN,co2_CEN_to_SW,co2_CEN_to_SW_discharge_edge,GasStorage{CO2Captured},UnidirectionalEdge{CO2Captured},23660.257300177334,23660.257300177334,0.0,0.0
CO2Captured,TX,co2_TX_to_CEN,co2_TX_to_CEN_charge_edge,GasStorage{CO2Captured},UnidirectionalEdge{CO2Captured},0.16535789384829977,0.16535789384829977,0.0,0.0
CO2Captured,TX,co2_TX_to_CEN,co2_TX_to_CEN_discharge_edge,GasStorage{CO2Captured},UnidirectionalEdge{CO2Captured},0.5171636312860881,0.5171636312860881,0.0,0.0
CO2Captured,CEN,co2_CEN_to_TX,co2_CEN_to_TX_charge_edge,GasStorage{CO2Captured},UnidirectionalEdge{CO2Captured},2703.1147789083866,2703.1147789083866,0.0,0.0
CO2Captured,CEN,co2_CEN_to_TX,co2_CEN_to_TX_discharge_edge,GasStorage{CO2Captured},UnidirectionalEdge{CO2Captured},2703.434644255304,2703.434644255304,0.0,0.0
CO2Captured,NCEN,co2_NCEN_to_CEN,co2_NCEN_to_CEN_charge_edge,GasStorage{CO2Captured},UnidirectionalEdge{CO2Captured},4749.518073577708,4749.518073577708,0.0,0.0
CO2Captured,NCEN,co2_NCEN_to_CEN,co2_NCEN_to_CEN_discharge_edge,GasStorage{CO2Captured},UnidirectionalEdge{CO2Captured},4749.875316503048,4749.875316503048,0.0,0.0
CO2Captured,CEN,co2_CEN_to_NCEN,co2_CEN_to_NCEN_charge_edge,GasStorage{CO2Captured},UnidirectionalEdge{CO2Captured},0.1942938920104867,0.1942938920104867,0.0,0.0
CO2Captured,CEN,co2_CEN_to_NCEN,co2_CEN_to_NCEN_discharge_edge,GasStorage{CO2Captured},UnidirectionalEdge{CO2Captured},0.5369582034684615,0.5369582034684615,0.0,0.0
CO2Captured,NCEN,co2_NCEN_to_SE,co2_NCEN_to_SE_charge_edge,GasStorage{CO2Captured},UnidirectionalEdge{CO2Captured},0.10707671925054957,0.10707671925054957,0.0,0.0
CO2Captured,NCEN,co2_NCEN_to_SE,co2_NCEN_to_SE_discharge_edge,GasStorage{CO2Captured},UnidirectionalEdge{CO2Captured},0.25431197667684036,0.25431197667684036,0.0,0.0
CO2Captured,SE,co2_SE_to_NCEN,co2_SE_to_NCEN_charge_edge,GasStorage{CO2Captured},UnidirectionalEdge{CO2Captured},0.20542870138944425,0.20542870138944422,0.0,0.0
CO2Captured,SE,co2_SE_to_NCEN,co2_SE_to_NCEN_discharge_edge,GasStorage{CO2Captured},UnidirectionalEdge{CO2Captured},0.35073845366236195,0.35073845366236195,0.0,0.0
CO2Captured,NCEN,co2_NCEN_to_MIDAT,co2_NCEN_to_MIDAT_charge_edge,GasStorage{CO2Captured},UnidirectionalEdge{CO2Captured},0.12504948225173793,0.12504948225173793,0.0,0.0
CO2Captured,NCEN,co2_NCEN_to_MIDAT,co2_NCEN_to_MIDAT_discharge_edge,GasStorage{CO2Captured},UnidirectionalEdge{CO2Captured},0.32593554717828405,0.32593554717828405,0.0,0.0
CO2Captured,MIDAT,co2_MIDAT_to_NCEN,co2_MIDAT_to_NCEN_charge_edge,GasStorage{CO2Captured},UnidirectionalEdge{CO2Captured},2.6737710523612095,2.673771052361209,0.0,0.0
CO2Captured,MIDAT,co2_MIDAT_to_NCEN,co2_MIDAT_to_NCEN_discharge_edge,GasStorage{CO2Captured},UnidirectionalEdge{CO2Captured},2.844136837606119,2.844136837606119,0.0,0.0
CO2Captured,CEN,co2_CEN_to_SE,co2_CEN_to_SE_charge_edge,GasStorage{CO2Captured},UnidirectionalEdge{CO2Captured},0.11245440886321112,0.11245440886321112,0.0,0.0
CO2Captured,CEN,co2_CEN_to_SE,co2_CEN_to_SE_discharge_edge,GasStorage{CO2Captured},UnidirectionalEdge{CO2Captured},0.2920144261858783,0.29201442618587825,0.0,0.0
CO2Captured,SE,co2_SE_to_CEN,co2_SE_to_CEN_charge_edge,GasStorage{CO2Captured},UnidirectionalEdge{CO2Captured},1099.8809208879436,1099.8809208879436,0.0,0.0
CO2Captured,SE,co2_SE_to_CEN,co2_SE_to_CEN_discharge_edge,GasStorage{CO2Captured},UnidirectionalEdge{CO2Captured},1100.0658231331465,1100.0658231331465,0.0,0.0
CO2Captured,SE,co2_SE_to_MIDAT,co2_SE_to_MIDAT_charge_edge,GasStorage{CO2Captured},UnidirectionalEdge{CO2Captured},0.22574105128089259,0.22574105128089259,0.0,0.0
CO2Captured,SE,co2_SE_to_MIDAT,co2_SE_to_MIDAT_discharge_edge,GasStorage{CO2Captured},UnidirectionalEdge{CO2Captured},0.577713926404303,0.577713926404303,0.0,0.0
CO2Captured,MIDAT,co2_MIDAT_to_SE,co2_MIDAT_to_SE_charge_edge,GasStorage{CO2Captured},UnidirectionalEdge{CO2Captured},1.6945938385746933,1.6945938385746933,0.0,0.0
CO2Captured,MIDAT,co2_MIDAT_to_SE,co2_MIDAT_to_SE_discharge_edge,GasStorage{CO2Captured},UnidirectionalEdge{CO2Captured},1.9902283030296162,1.990228303029616,0.0,0.0
CO2Captured,MIDAT,co2_MIDAT_to_NE,co2_MIDAT_to_NE_charge_edge,GasStorage{CO2Captured},UnidirectionalEdge{CO2Captured},0.20154637429025693,0.20154637429025693,0.0,0.0
CO2Captured,MIDAT,co2_MIDAT_to_NE,co2_MIDAT_to_NE_discharge_edge,GasStorage{CO2Captured},UnidirectionalEdge{CO2Captured},0.5413142867924753,0.5413142867924753,0.0,0.0
CO2Captured,NE,co2_NE_to_MIDAT,co2_NE_to_MIDAT_charge_edge,GasStorage{CO2Captured},UnidirectionalEdge{CO2Captured},3.156317417094261,3.1563174170942605,0.0,0.0
CO2Captured,NE,co2_NE_to_MIDAT,co2_NE_to_MIDAT_discharge_edge,GasStorage{CO2Captured},UnidirectionalEdge{CO2Captured},3.4543452750825123,3.4543452750825123,0.0,0.0
Electricity,CA,CA_battery_moderate_0,CA_battery_moderate_0_discharge_edge,Battery,UnidirectionalEdge{Electricity},1.7744066344132619,1.7744066344132619,0.0,0.0
Electricity,NW,NW_battery_moderate_0,NW_battery_moderate_0_discharge_edge,Battery,UnidirectionalEdge{Electricity},1.9536497750716495,1.9536497750716495,0.0,0.0
Electricity,SW,SW_battery_moderate_0,SW_battery_moderate_0_discharge_edge,Battery,UnidirectionalEdge{Electricity},1.915845315249236,1.915845315249236,0.0,0.0
Electricity,TX,TX_battery_moderate_0,TX_battery_moderate_0_discharge_edge,Battery,UnidirectionalEdge{Electricity},2.8432921698573073,2.8432921698573073,0.0,0.0
Electricity,NCEN,NCEN_battery_moderate_0,NCEN_battery_moderate_0_discharge_edge,Battery,UnidirectionalEdge{Electricity},2.043621553074652,2.043621553074652,0.0,0.0
Electricity,CEN,CEN_battery_moderate_0,CEN_battery_moderate_0_discharge_edge,Battery,UnidirectionalEdge{Electricity},3.3426619834032576,3.3426619834032576,0.0,0.0
Electricity,SE,SE_battery_moderate_0,SE_battery_moderate_0_discharge_edge,Battery,UnidirectionalEdge{Electricity},1.8616891160855795,1.8616891160855795,0.0,0.0
Electricity,MIDAT,MIDAT_battery_moderate_0,MIDAT_battery_moderate_0_discharge_edge,Battery,UnidirectionalEdge{Electricity},1.8087896926378826,1.8087896926378826,0.0,0.0
Electricity,NE,NE_battery_moderate_0,NE_battery_moderate_0_discharge_edge,Battery,UnidirectionalEdge{Electricity},1.7769650495063316,1.7769650495063316,0.0,0.0
Electricity,CA,CA_hydroelectric_pumped_storage_1,CA_hydroelectric_pumped_storage_1_discharge_edge,Battery,UnidirectionalEdge{Electricity},3941.888,0.0,0.0,3941.888
Electricity,CEN,CEN_hydroelectric_pumped_storage_1,CEN_hydroelectric_pumped_storage_1_discharge_edge,Battery,UnidirectionalEdge{Electricity},943.008,0.0,0.0,943.008
Electricity,MIDAT,MIDAT_hydroelectric_pumped_storage_1,MIDAT_hydroelectric_pumped_storage_1_discharge_edge,Battery,UnidirectionalEdge{Electricity},5244.0,0.0,0.0,5244.0
Electricity,NE,NE_hydroelectric_pumped_storage_1,NE_hydroelectric_pumped_storage_1_discharge_edge,Battery,UnidirectionalEdge{Electricity},3206.9,0.0,0.0,3206.9
Electricity,NW,NW_hydroelectric_pumped_storage_1,NW_hydroelectric_pumped_storage_1_discharge_edge,Battery,UnidirectionalEdge{Electricity},313.998,0.0,0.0,313.998
Electricity,NCEN,NCEN_hydroelectric_pumped_storage_1,NCEN_hydroelectric_pumped_storage_1_discharge_edge,Battery,UnidirectionalEdge{Electricity},1999.002,0.0,0.0,1999.002
Electricity,SE,SE_hydroelectric_pumped_storage_1,SE_hydroelectric_pumped_storage_1_discharge_edge,Battery,UnidirectionalEdge{Electricity},6261.984,0.0,0.0,6261.984
Electricity,SW,SW_hydroelectric_pumped_storage_1,SW_hydroelectric_pumped_storage_1_discharge_edge,Battery,UnidirectionalEdge{Electricity},778.8,0.0,0.0,778.8
CO2,CA,CA_Sorbent_DAC,CA_Sorbent_DAC_co2_edge,ElectricDAC,UnidirectionalEdge{CO2},0.03699463399394767,0.03699463399394767,0.0,0.0
CO2,NW,NW_Sorbent_DAC,NW_Sorbent_DAC_co2_edge,ElectricDAC,UnidirectionalEdge{CO2},0.040072243136950084,0.040072243136950084,0.0,0.0
CO2,SW,SW_Sorbent_DAC,SW_Sorbent_DAC_co2_edge,ElectricDAC,UnidirectionalEdge{CO2},0.03855911521714961,0.03855911521714961,0.0,0.0
CO2,TX,TX_Sorbent_DAC,TX_Sorbent_DAC_co2_edge,ElectricDAC,UnidirectionalEdge{CO2},0.03728001061832394,0.03728001061832394,0.0,0.0
CO2,NCEN,NCEN_Sorbent_DAC,NCEN_Sorbent_DAC_co2_edge,ElectricDAC,UnidirectionalEdge{CO2},0.033929281131817285,0.033929281131817285,0.0,0.0
CO2,CEN,CEN_Sorbent_DAC,CEN_Sorbent_DAC_co2_edge,ElectricDAC,UnidirectionalEdge{CO2},0.03493667670760007,0.03493667670760007,0.0,0.0
CO2,SE,SE_Sorbent_DAC,SE_Sorbent_DAC_co2_edge,ElectricDAC,UnidirectionalEdge{CO2},0.03252576745726493,0.03252576745726493,0.0,0.0
CO2,MIDAT,MIDAT_Sorbent_DAC,MIDAT_Sorbent_DAC_co2_edge,ElectricDAC,UnidirectionalEdge{CO2},0.030753630923175523,0.030753630923175523,0.0,0.0
CO2,NE,NE_Sorbent_DAC,NE_Sorbent_DAC_co2_edge,ElectricDAC,UnidirectionalEdge{CO2},0.029754888303199396,0.029754888303199396,0.0,0.0
Hydrogen,CA,CA_Electrolyzer,CA_Electrolyzer_h2_edge,Electrolyzer,EdgeWithUC{Hydrogen},34996.0076588543,34996.0076588543,0.0,0.0
Hydrogen,NW,NW_Electrolyzer,NW_Electrolyzer_h2_edge,Electrolyzer,EdgeWithUC{Hydrogen},6040.577277578462,6040.577277578462,0.0,0.0
Hydrogen,SW,SW_Electrolyzer,SW_Electrolyzer_h2_edge,Electrolyzer,EdgeWithUC{Hydrogen},11633.099030904043,11633.099030904043,0.0,0.0
Hydrogen,TX,TX_Electrolyzer,TX_Electrolyzer_h2_edge,Electrolyzer,EdgeWithUC{Hydrogen},46271.15108677476,46271.15108677476,0.0,0.0
Hydrogen,NCEN,NCEN_Electrolyzer,NCEN_Electrolyzer_h2_edge,Electrolyzer,EdgeWithUC{Hydrogen},38413.11565170256,38413.11565170256,0.0,0.0
Hydrogen,CEN,CEN_Electrolyzer,CEN_Electrolyzer_h2_edge,Electrolyzer,EdgeWithUC{Hydrogen},36756.23064786569,36756.23064786569,0.0,0.0
Hydrogen,SE,SE_Electrolyzer,SE_Electrolyzer_h2_edge,Electrolyzer,EdgeWithUC{Hydrogen},64362.92853324065,64362.92853324065,0.0,0.0
Hydrogen,MIDAT,MIDAT_Electrolyzer,MIDAT_Electrolyzer_h2_edge,Electrolyzer,EdgeWithUC{Hydrogen},121820.83815965425,121820.83815965425,0.0,0.0
Hydrogen,NE,NE_Electrolyzer,NE_Electrolyzer_h2_edge,Electrolyzer,EdgeWithUC{Hydrogen},125574.91731226598,125574.91731226598,0.0,0.0
Electricity,CA,CA_onshore_wind_turbine_1,CA_onshore_wind_turbine_1_edge,VRE,UnidirectionalEdge{Electricity},6062.999329317752,0.0,0.2006706822474944,6063.2
Electricity,CA,CA_solar_photovoltaic_1,CA_solar_photovoltaic_1_edge,VRE,UnidirectionalEdge{Electricity},12307.090953629744,0.0,0.00904637025660318,12307.1
Electricity,CEN,CEN_onshore_wind_turbine_1,CEN_onshore_wind_turbine_1_edge,VRE,UnidirectionalEdge{Electricity},27693.26734117904,0.0,0.03265882096097992,27693.3
Electricity,CEN,CEN_solar_photovoltaic_1,CEN_solar_photovoltaic_1_edge,VRE,UnidirectionalEdge{Electricity},1942.391415177621,0.0,0.008584822379295204,1942.4
Electricity,MIDAT,MIDAT_onshore_wind_turbine_1,MIDAT_onshore_wind_turbine_1_edge,VRE,UnidirectionalEdge{Electricity},3231.594876405879,0.0,0.00512359412109617,3231.6
Electricity,MIDAT,MIDAT_solar_photovoltaic_1,MIDAT_solar_photovoltaic_1_edge,VRE,UnidirectionalEdge{Electricity},2974.5849062583657,0.0,0.015093741634010402,2974.6
Electricity,NE,NE_onshore_wind_turbine_1,NE_onshore_wind_turbine_1_edge,VRE,UnidirectionalEdge{Electricity},3654.4945891647894,0.0,0.0054108352101100874,3654.5
Electricity,NE,NE_solar_photovoltaic_1,NE_solar_photovoltaic_1_edge,VRE,UnidirectionalEdge{Electricity},1629.591430715996,0.0,0.008569284003944761,1629.6
Electricity,NW,NW_onshore_wind_turbine_1,NW_onshore_wind_turbine_1_edge,VRE,UnidirectionalEdge{Electricity},10851.479345807988,0.0,0.020654192011912927,10851.5
Electricity,NW,NW_solar_photovoltaic_1,NW_solar_photovoltaic_1_edge,VRE,UnidirectionalEdge{Electricity},2.9714415329991604,0.0,534.7285584670009,537.7
Electricity,NCEN,NCEN_onshore_wind_turbine_1,NCEN_onshore_wind_turbine_1_edge,VRE,UnidirectionalEdge{Electricity},22119.271383795618,0.0,0.028616204381798575,22119.3
Electricity,NCEN,NCEN_solar_photovoltaic_1,NCEN_solar_photovoltaic_1_edge,VRE,UnidirectionalEdge{Electricity},1260.893234953366,0.0,0.10676504663399684,1261.0
Electricity,SE,SE_solar_photovoltaic_1,SE_solar_photovoltaic_1_edge,VRE,UnidirectionalEdge{Electricity},8502.18496679896,0.0,0.015033201039559565,8502.2
Electricity,SW,SW_onshore_wind_turbine_1,SW_onshore_wind_turbine_1_edge,VRE,UnidirectionalEdge{Electricity},5283.192177446529,0.0,0.007822553471065485,5283.2
Electricity,SW,SW_solar_photovoltaic_1,SW_solar_photovoltaic_1_edge,VRE,UnidirectionalEdge{Electricity},7717.391058236723,0.0,0.008941763276001281,7717.4
Electricity,TX,TX_onshore_wind_turbine_1,TX_onshore_wind_turbine_1_edge,VRE,UnidirectionalEdge{Electricity},24925.365106052537,0.0,0.03489394746173993,24925.4
Electricity,TX,TX_solar_photovoltaic_1,TX_solar_photovoltaic_1_edge,VRE,UnidirectionalEdge{Electricity},595.9951293992331,0.0,0.004870600766905969,596.0
Electricity,CA,CA_CCGT-H2,CA_CCGT-H2_elec_edge,ThermalPower{Hydrogen},EdgeWithUC{Electricity},3.685664653862896,3.6856646538628963,0.0,0.0
Electricity,NW,NW_CCGT-H2,NW_CCGT-H2_elec_edge,ThermalPower{Hydrogen},EdgeWithUC{Electricity},3.161207132668599,3.161207132668599,0.0,0.0
Electricity,SW,SW_CCGT-H2,SW_CCGT-H2_elec_edge,ThermalPower{Hydrogen},EdgeWithUC{Electricity},3.933388517275125,3.933388517275125,0.0,0.0
Electricity,TX,TX_CCGT-H2,TX_CCGT-H2_elec_edge,ThermalPower{Hydrogen},EdgeWithUC{Electricity},4.406665130007331,4.406665130007331,0.0,0.0
Electricity,NCEN,NCEN_CCGT-H2,NCEN_CCGT-H2_elec_edge,ThermalPower{Hydrogen},EdgeWithUC{Electricity},4.328640517282514,4.328640517282514,0.0,0.0
Electricity,CEN,CEN_CCGT-H2,CEN_CCGT-H2_elec_edge,ThermalPower{Hydrogen},EdgeWithUC{Electricity},5.283577150659398,5.283577150659398,0.0,0.0
Electricity,SE,SE_CCGT-H2,SE_CCGT-H2_elec_edge,ThermalPower{Hydrogen},EdgeWithUC{Electricity},3.7991958303963105,3.799195830396311,0.0,0.0
Electricity,MIDAT,MIDAT_CCGT-H2,MIDAT_CCGT-H2_elec_edge,ThermalPower{Hydrogen},EdgeWithUC{Electricity},4.082491002350591,4.082491002350591,0.0,0.0
Electricity,NE,NE_CCGT-H2,NE_CCGT-H2_elec_edge,ThermalPower{Hydrogen},EdgeWithUC{Electricity},4.090961929486336,4.090961929486336,0.0,0.0
Electricity,CA,CA_OCGT-H2,CA_OCGT-H2_elec_edge,ThermalPower{Hydrogen},EdgeWithUC{Electricity},87892.15525088327,87892.15525088327,0.0,0.0
Electricity,NW,NW_OCGT-H2,NW_OCGT-H2_elec_edge,ThermalPower{Hydrogen},EdgeWithUC{Electricity},4.924543192823397,4.924543192823396,0.0,0.0
Electricity,SW,SW_OCGT-H2,SW_OCGT-H2_elec_edge,ThermalPower{Hydrogen},EdgeWithUC{Electricity},17465.32691759147,17465.32691759147,0.0,0.0
Electricity,TX,TX_OCGT-H2,TX_OCGT-H2_elec_edge,ThermalPower{Hydrogen},EdgeWithUC{Electricity},99802.31655495007,99802.31655495007,0.0,0.0
Electricity,NCEN,NCEN_OCGT-H2,NCEN_OCGT-H2_elec_edge,ThermalPower{Hydrogen},EdgeWithUC{Electricity},49669.56820232973,49669.56820232973,0.0,0.0
Electricity,CEN,CEN_OCGT-H2,CEN_OCGT-H2_elec_edge,ThermalPower{Hydrogen},EdgeWithUC{Electricity},14148.739266463437,14148.739266463435,0.0,0.0
Electricity,SE,SE_OCGT-H2,SE_OCGT-H2_elec_edge,ThermalPower{Hydrogen},EdgeWithUC{Electricity},119048.22600754006,119048.22600754004,0.0,0.0
Electricity,MIDAT,MIDAT_OCGT-H2,MIDAT_OCGT-H2_elec_edge,ThermalPower{Hydrogen},EdgeWithUC{Electricity},320751.7749122191,320751.774912219,0.0,0.0
Electricity,NE,NE_OCGT-H2,NE_OCGT-H2_elec_edge,ThermalPower{Hydrogen},EdgeWithUC{Electricity},322418.6671387711,322418.6671387711,0.0,0.0
Hydrogen,CA,h2_CA_to_NW,h2_CA_to_NW_charge_edge,GasStorage{Hydrogen},UnidirectionalEdge{Hydrogen},0.280788446857919,0.280788446857919,0.0,0.0
Hydrogen,CA,h2_CA_to_NW,h2_CA_to_NW_discharge_edge,GasStorage{Hydrogen},UnidirectionalEdge{Hydrogen},0.6321645677576547,0.6321645677576547,0.0,0.0
Hydrogen,NW,h2_NW_to_CA,h2_NW_to_CA_charge_edge,GasStorage{Hydrogen},UnidirectionalEdge{Hydrogen},1.6201178603505546,1.6201178603505544,0.0,0.0
Hydrogen,NW,h2_NW_to_CA,h2_NW_to_CA_discharge_edge,GasStorage{Hydrogen},UnidirectionalEdge{Hydrogen},1.7254884991055026,1.7254884991055026,0.0,0.0
Hydrogen,CA,h2_CA_to_SW,h2_CA_to_SW_charge_edge,GasStorage{Hydrogen},UnidirectionalEdge{Hydrogen},0.5031213370379823,0.5031213370379823,0.0,0.0
Hydrogen,CA,h2_CA_to_SW,h2_CA_to_SW_discharge_edge,GasStorage{Hydrogen},UnidirectionalEdge{Hydrogen},0.9422232079403662,0.9422232079403662,0.0,0.0
Hydrogen,SW,h2_SW_to_CA,h2_SW_to_CA_charge_edge,GasStorage{Hydrogen},UnidirectionalEdge{Hydrogen},0.777753884554852,0.7777538845548518,0.0,0.0
Hydrogen,SW,h2_SW_to_CA,h2_SW_to_CA_discharge_edge,GasStorage{Hydrogen},UnidirectionalEdge{Hydrogen},1.1110022009768177,1.1110022009768177,0.0,0.0
Hydrogen,NW,h2_NW_to_SW,h2_NW_to_SW_charge_edge,GasStorage{Hydrogen},UnidirectionalEdge{Hydrogen},1.6235078156471532,1.6235078156471532,0.0,0.0
Hydrogen,NW,h2_NW_to_SW,h2_NW_to_SW_discharge_edge,GasStorage{Hydrogen},UnidirectionalEdge{Hydrogen},1.735370295842941,1.735370295842941,0.0,0.0
Hydrogen,SW,h2_SW_to_NW,h2_SW_to_NW_charge_edge,GasStorage{Hydrogen},UnidirectionalEdge{Hydrogen},0.33507127687132154,0.33507127687132154,0.0,0.0
Hydrogen,SW,h2_SW_to_NW,h2_SW_to_NW_discharge_edge,GasStorage{Hydrogen},UnidirectionalEdge{Hydrogen},0.7291462824104026,0.7291462824104026,0.0,0.0
Hydrogen,SW,h2_SW_to_CEN,h2_SW_to_CEN_charge_edge,GasStorage{Hydrogen},UnidirectionalEdge{Hydrogen},0.5910952348659937,0.5910952348659937,0.0,0.0
Hydrogen,SW,h2_SW_to_CEN,h2_SW_to_CEN_discharge_edge,GasStorage{Hydrogen},UnidirectionalEdge{Hydrogen},0.7377979050271581,0.7377979050271581,0.0,0.0
Hydrogen,CEN,h2_CEN_to_SW,h2_CEN_to_SW_charge_edge,GasStorage{Hydrogen},UnidirectionalEdge{Hydrogen},1.0327555931246981,1.0327555931246981,0.0,0.0
Hydrogen,CEN,h2_CEN_to_SW,h2_CEN_to_SW_discharge_edge,GasStorage{Hydrogen},UnidirectionalEdge{Hydrogen},1.153904598200942,1.153904598200942,0.0,0.0
Hydrogen,TX,h2_TX_to_CEN,h2_TX_to_CEN_charge_edge,GasStorage{Hydrogen},UnidirectionalEdge{Hydrogen},0.8072321493958718,0.8072321493958717,0.0,0.0
Hydrogen,TX,h2_TX_to_CEN,h2_TX_to_CEN_discharge_edge,GasStorage{Hydrogen},UnidirectionalEdge{Hydrogen},1.052945301400687,1.052945301400687,0.0,0.0
Hydrogen,CEN,h2_CEN_to_TX,h2_CEN_to_TX_charge_edge,GasStorage{Hydrogen},UnidirectionalEdge{Hydrogen},1.3795598289538378,1.3795598289538378,0.0,0.0
Hydrogen,CEN,h2_CEN_to_TX,h2_CEN_to_TX_discharge_edge,GasStorage{Hydrogen},UnidirectionalEdge{Hydrogen},1.5337649115019685,1.5337649115019685,0.0,0.0
Hydrogen,NCEN,h2_NCEN_to_CEN,h2_NCEN_to_CEN_charge_edge,GasStorage{Hydrogen},UnidirectionalEdge{Hydrogen},0.4870100993056135,0.48701009930561345,0.0,0.0
Hydrogen,NCEN,h2_NCEN_to_CEN,h2_NCEN_to_CEN_discharge_edge,GasStorage{Hydrogen},UnidirectionalEdge{Hydrogen},0.955627184208919,0.9556271842089189,0.0,0.0
Hydrogen,CEN,h2_CEN_to_NCEN,h2_CEN_to_NCEN_charge_edge,GasStorage{Hydrogen},UnidirectionalEdge{Hydrogen},1.0831857749111027,1.0831857749111027,0.0,0.0
Hydrogen,CEN,h2_CEN_to_NCEN,h2_CEN_to_NCEN_discharge_edge,GasStorage{Hydrogen},UnidirectionalEdge{Hydrogen},1.341135012098383,1.341135012098383,0.0,0.0
Hydrogen,NCEN,h2_NCEN_to_SE,h2_NCEN_to_SE_charge_edge,GasStorage{Hydrogen},UnidirectionalEdge{Hydrogen},0.4985236133223501,0.4985236133223501,0.0,0.0
Hydrogen,NCEN,h2_NCEN_to_SE,h2_NCEN_to_SE_discharge_edge,GasStorage{Hydrogen},UnidirectionalEdge{Hydrogen},0.5924800722502533,0.5924800722502533,0.0,0.0
Hydrogen,SE,h2_SE_to_NCEN,h2_SE_to_NCEN_charge_edge,GasStorage{Hydrogen},UnidirectionalEdge{Hydrogen},0.40234682865674315,0.4023468286567431,0.0,0.0
Hydrogen,SE,h2_SE_to_NCEN,h2_SE_to_NCEN_discharge_edge,GasStorage{Hydrogen},UnidirectionalEdge{Hydrogen},0.5015534502290765,0.5015534502290765,0.0,0.0
Hydrogen,NCEN,h2_NCEN_to_MIDAT,h2_NCEN_to_MIDAT_charge_edge,GasStorage{Hydrogen},UnidirectionalEdge{Hydrogen},0.5747856725535377,0.5747856725535377,0.0,0.0
Hydrogen,NCEN,h2_NCEN_to_MIDAT,h2_NCEN_to_MIDAT_discharge_edge,GasStorage{Hydrogen},UnidirectionalEdge{Hydrogen},0.6880532761436181,0.6880532761436181,0.0,0.0
Hydrogen,MIDAT,h2_MIDAT_to_NCEN,h2_MIDAT_to_NCEN_charge_edge,GasStorage{Hydrogen},UnidirectionalEdge{Hydrogen},0.3071030664163597,0.3071030664163597,0.0,0.0
Hydrogen,MIDAT,h2_MIDAT_to_NCEN,h2_MIDAT_to_NCEN_discharge_edge,GasStorage{Hydrogen},UnidirectionalEdge{Hydrogen},0.5778806590198863,0.5778806590198863,0.0,0.0
Hydrogen,CEN,h2_CEN_to_SE,h2_CEN_to_SE_charge_edge,GasStorage{Hydrogen},UnidirectionalEdge{Hydrogen},0.7123468772206064,0.7123468772206064,0.0,0.0
Hydrogen,CEN,h2_CEN_to_SE,h2_CEN_to_SE_discharge_edge,GasStorage{Hydrogen},UnidirectionalEdge{Hydrogen},0.8183410860641988,0.8183410860641988,0.0,0.0
Hydrogen,SE,h2_SE_to_CEN,h2_SE_to_CEN_charge_edge,GasStorage{Hydrogen},UnidirectionalEdge{Hydrogen},0.4086604591655638,0.4086604591655638,0.0,0.0
Hydrogen,SE,h2_SE_to_CEN,h2_SE_to_CEN_discharge_edge,GasStorage{Hydrogen},UnidirectionalEdge{Hydrogen},0.5610619906195101,0.5610619906195101,0.0,0.0
Hydrogen,SE,h2_SE_to_MIDAT,h2_SE_to_MIDAT_charge_edge,GasStorage{Hydrogen},UnidirectionalEdge{Hydrogen},1.0666489292019012,1.0666489292019012,0.0,0.0
Hydrogen,SE,h2_SE_to_MIDAT,h2_SE_to_MIDAT_discharge_edge,GasStorage{Hydrogen},UnidirectionalEdge{Hydrogen},1.189126364114594,1.189126364114594,0.0,0.0
Hydrogen,MIDAT,h2_MIDAT_to_SE,h2_MIDAT_to_SE_charge_edge,GasStorage{Hydrogen},UnidirectionalEdge{Hydrogen},1.000294433864952,1.000294433864952,0.0,0.0
Hydrogen,MIDAT,h2_MIDAT_to_SE,h2_MIDAT_to_SE_discharge_edge,GasStorage{Hydrogen},UnidirectionalEdge{Hydrogen},1.1569341452557966,1.1569341452557966,0.0,0.0
Hydrogen,MIDAT,h2_MIDAT_to_NE,h2_MIDAT_to_NE_charge_edge,GasStorage{Hydrogen},UnidirectionalEdge{Hydrogen},0.6962300758048202,0.6962300758048202,0.0,0.0
Hydrogen,MIDAT,h2_MIDAT_to_NE,h2_MIDAT_to_NE_discharge_edge,GasStorage{Hydrogen},UnidirectionalEdge{Hydrogen},1.0780664211784199,1.0780664211784199,0.0,0.0
Hydrogen,NE,h2_NE_to_MIDAT,h2_NE_to_MIDAT_charge_edge,GasStorage{Hydrogen},UnidirectionalEdge{Hydrogen},0.892310657098464,0.892310657098464,0.0,0.0
Hydrogen,NE,h2_NE_to_MIDAT,h2_NE_to_MIDAT_discharge_edge,GasStorage{Hydrogen},UnidirectionalEdge{Hydrogen},1.0705253681932718,1.0705253681932718,0.0,0.0
Hydrogen,CA,CA_Above_ground_storage,CA_Above_ground_storage_charge_edge,GasStorage{Hydrogen},UnidirectionalEdge{Hydrogen},5857.372248925035,5857.372248925035,0.0,0.0
Hydrogen,CA,CA_Above_ground_storage,CA_Above_ground_storage_discharge_edge,GasStorage{Hydrogen},UnidirectionalEdge{Hydrogen},31909.739715279764,31909.739715279764,0.0,0.0
Hydrogen,NW,NW_Above_ground_storage,NW_Above_ground_storage_charge_edge,GasStorage{Hydrogen},UnidirectionalEdge{Hydrogen},2101.184003526828,2101.184003526828,0.0,0.0
Hydrogen,NW,NW_Above_ground_storage,NW_Above_ground_storage_discharge_edge,GasStorage{Hydrogen},UnidirectionalEdge{Hydrogen},3945.726413187192,3945.726413187192,0.0,0.0
Hydrogen,SW,SW_Above_ground_storage,SW_Above_ground_storage_charge_edge,GasStorage{Hydrogen},UnidirectionalEdge{Hydrogen},6870.677529570092,6870.677529570092,0.0,0.0
Hydrogen,SW,SW_Above_ground_storage,SW_Above_ground_storage_discharge_edge,GasStorage{Hydrogen},UnidirectionalEdge{Hydrogen},8747.556175125961,8747.556175125961,0.0,0.0
Hydrogen,TX,TX_Above_ground_storage,TX_Above_ground_storage_charge_edge,GasStorage{Hydrogen},UnidirectionalEdge{Hydrogen},11666.855604719467,11666.855604719467,0.0,0.0
Hydrogen,TX,TX_Above_ground_storage,TX_Above_ground_storage_discharge_edge,GasStorage{Hydrogen},UnidirectionalEdge{Hydrogen},42368.463792749644,42368.463792749644,0.0,0.0
Hydrogen,NCEN,NCEN_Above_ground_storage,NCEN_Above_ground_storage_charge_edge,GasStorage{Hydrogen},UnidirectionalEdge{Hydrogen},19794.319559032065,19794.319559032065,0.0,0.0
Hydrogen,NCEN,NCEN_Above_ground_storage,NCEN_Above_ground_storage_discharge_edge,GasStorage{Hydrogen},UnidirectionalEdge{Hydrogen},29955.267353124123,29955.267353124123,0.0,0.0
Hydrogen,CEN,CEN_Above_ground_storage,CEN_Above_ground_storage_charge_edge,GasStorage{Hydrogen},UnidirectionalEdge{Hydrogen},12115.007958300326,12115.007958300326,0.0,0.0
Hydrogen,CEN,CEN_Above_ground_storage,CEN_Above_ground_storage_discharge_edge,GasStorage{Hydrogen},UnidirectionalEdge{Hydrogen},27870.153508834268,27870.153508834268,0.0,0.0
Hydrogen,SE,SE_Above_ground_storage,SE_Above_ground_storage_charge_edge,GasStorage{Hydrogen},UnidirectionalEdge{Hydrogen},33897.21830812141,33897.21830812141,0.0,0.0
Hydrogen,SE,SE_Above_ground_storage,SE_Above_ground_storage_discharge_edge,GasStorage{Hydrogen},UnidirectionalEdge{Hydrogen},52392.49958380083,52392.49958380083,0.0,0.0
Hydrogen,MIDAT,MIDAT_Above_ground_storage,MIDAT_Above_ground_storage_charge_edge,GasStorage{Hydrogen},UnidirectionalEdge{Hydrogen},14943.941476428103,14943.941476428103,0.0,0.0
Hydrogen,MIDAT,MIDAT_Above_ground_storage,MIDAT_Above_ground_storage_discharge_edge,GasStorage{Hydrogen},UnidirectionalEdge{Hydrogen},58005.76741527549,58005.76741527549,0.0,0.0
Hydrogen,NE,NE_Above_ground_storage,NE_Above_ground_storage_charge_edge,GasStorage{Hydrogen},UnidirectionalEdge{Hydrogen},18909.742686354202,18909.742686354202,0.0,0.0
Hydrogen,NE,NE_Above_ground_storage,NE_Above_ground_storage_discharge_edge,GasStorage{Hydrogen},UnidirectionalEdge{Hydrogen},53747.83347055776,53747.83347055776,0.0,0.0
Electricity,CA,CA_conventional_hydroelectric_1,CA_conventional_hydroelectric_1_discharge_edge,HydroRes,UnidirectionalEdge{Electricity},8768.208,0.0,0.0,8768.208
Electricity,CA,CA_conventional_hydroelectric_1,CA_conventional_hydroelectric_1_inflow_edge,HydroRes,UnidirectionalEdge{Electricity},8768.208,0.0,0.0,8768.208
Electricity,CEN,CEN_conventional_hydroelectric_1,CEN_conventional_hydroelectric_1_discharge_edge,HydroRes,UnidirectionalEdge{Electricity},5737.392,0.0,0.0,5737.392
Electricity,CEN,CEN_conventional_hydroelectric_1,CEN_conventional_hydroelectric_1_inflow_edge,HydroRes,UnidirectionalEdge{Electricity},5737.392,0.0,0.0,5737.392
Electricity,MIDAT,MIDAT_conventional_hydroelectric_1,MIDAT_conventional_hydroelectric_1_discharge_edge,HydroRes,UnidirectionalEdge{Electricity},2806.182,0.0,0.0,2806.182
Electricity,MIDAT,MIDAT_conventional_hydroelectric_1,MIDAT_conventional_hydroelectric_1_inflow_edge,HydroRes,UnidirectionalEdge{Electricity},2806.182,0.0,0.0,2806.182
Electricity,NE,NE_conventional_hydroelectric_1,NE_conventional_hydroelectric_1_discharge_edge,HydroRes,UnidirectionalEdge{Electricity},4729.48,0.0,0.0,4729.48
Electricity,NE,NE_conventional_hydroelectric_1,NE_conventional_hydroelectric_1_inflow_edge,HydroRes,UnidirectionalEdge{Electricity},4729.48,0.0,0.0,4729.48
Electricity,NW,NW_conventional_hydroelectric_1,NW_conventional_hydroelectric_1_discharge_edge,HydroRes,UnidirectionalEdge{Electricity},33915.912,0.0,0.0,33915.912
Electricity,NW,NW_conventional_hydroelectric_1,NW_conventional_hydroelectric_1_inflow_edge,HydroRes,UnidirectionalEdge{Electricity},33915.912,0.0,0.0,33915.912
Electricity,NCEN,NCEN_conventional_hydroelectric_1,NCEN_conventional_hydroelectric_1_discharge_edge,HydroRes,UnidirectionalEdge{Electricity},456.48,0.0,0.0,456.48
Electricity,NCEN,NCEN_conventional_hydroelectric_1,NCEN_conventional_hydroelectric_1_inflow_edge,HydroRes,UnidirectionalEdge{Electricity},456.48,0.0,0.0,456.48
Electricity,SE,SE_conventional_hydroelectric_1,SE_conventional_hydroelectric_1_discharge_edge,HydroRes,UnidirectionalEdge{Electricity},11123.215,0.0,0.0,11123.215
Electricity,SE,SE_conventional_hydroelectric_1,SE_conventional_hydroelectric_1_inflow_edge,HydroRes,UnidirectionalEdge{Electricity},11123.215,0.0,0.0,11123.215
Electricity,SW,SW_conventional_hydroelectric_1,SW_conventional_hydroelectric_1_discharge_edge,HydroRes,UnidirectionalEdge{Electricity},4444.005,0.0,0.0,4444.005
Electricity,SW,SW_conventional_hydroelectric_1,SW_conventional_hydroelectric_1_inflow_edge,HydroRes,UnidirectionalEdge{Electricity},4444.005,0.0,0.0,4444.005
Electricity,TX,TX_conventional_hydroelectric_1,TX_conventional_hydroelectric_1_discharge_edge,HydroRes,UnidirectionalEdge{Electricity},467.896,0.0,0.0,467.896
Electricity,TX,TX_conventional_hydroelectric_1,TX_conventional_hydroelectric_1_inflow_edge,HydroRes,UnidirectionalEdge{Electricity},467.896,0.0,0.0,467.896
Electricity,CA,CA_small_hydroelectric_1,CA_small_hydroelectric_1_elec_edge,MustRun,UnidirectionalEdge{Electricity},342.916,0.0,0.0,342.916
Electricity,CEN,CEN_small_hydroelectric_1,CEN_small_hydroelectric_1_elec_edge,MustRun,UnidirectionalEdge{Electricity},137.904,0.0,0.0,137.904
Electricity,MIDAT,MIDAT_small_hydroelectric_1,MIDAT_small_hydroelectric_1_elec_edge,MustRun,UnidirectionalEdge{Electricity},263.268,0.0,0.0,263.268
Electricity,NE,NE_small_hydroelectric_1,NE_small_hydroelectric_1_elec_edge,MustRun,UnidirectionalEdge{Electricity},834.494,0.0,0.0,834.494
Electricity,NW,NW_small_hydroelectric_1,NW_small_hydroelectric_1_elec_edge,MustRun,UnidirectionalEdge{Electricity},734.58,0.0,0.0,734.58
Electricity,NCEN,NCEN_small_hydroelectric_1,NCEN_small_hydroelectric_1_elec_edge,MustRun,UnidirectionalEdge{Electricity},482.3,0.0,0.0,482.3
Electricity,SE,SE_small_hydroelectric_1,SE_small_hydroelectric_1_elec_edge,MustRun,UnidirectionalEdge{Electricity},249.895,0.0,0.0,249.895
Electricity,SW,SW_small_hydroelectric_1,SW_small_hydroelectric_1_elec_edge,MustRun,UnidirectionalEdge{Electricity},147.75,0.0,0.0,147.75
Electricity,TX,TX_small_hydroelectric_1,TX_small_hydroelectric_1_elec_edge,MustRun,UnidirectionalEdge{Electricity},15.751,0.0,0.0,15.751
CO2,CA,CA_Solvent_wNGCC_DAC,CA_Solvent_wNGCC_DAC_co2_edge,NaturalGasDAC,UnidirectionalEdge{CO2},0.051823493427402355,0.051823493427402355,0.0,0.0
CO2,NW,NW_Solvent_wNGCC_DAC,NW_Solvent_wNGCC_DAC_co2_edge,NaturalGasDAC,UnidirectionalEdge{CO2},0.05027247680394082,0.05027247680394082,0.0,0.0
CO2,SW,SW_Solvent_wNGCC_DAC,SW_Solvent_wNGCC_DAC_co2_edge,NaturalGasDAC,UnidirectionalEdge{CO2},0.05557329000467683,0.05557329000467683,0.0,0.0
CO2,TX,TX_Solvent_wNGCC_DAC,TX_Solvent_wNGCC_DAC_co2_edge,NaturalGasDAC,UnidirectionalEdge{CO2},0.05514695992986319,0.05514695992986319,0.0,0.0
CO2,NCEN,NCEN_Solvent_wNGCC_DAC,NCEN_Solvent_wNGCC_DAC_co2_edge,NaturalGasDAC,UnidirectionalEdge{CO2},0.047155093457028445,0.047155093457028445,0.0,0.0
CO2,CEN,CEN_Solvent_wNGCC_DAC,CEN_Solvent_wNGCC_DAC_co2_edge,NaturalGasDAC,UnidirectionalEdge{CO2},0.051838164072990627,0.051838164072990627,0.0,0.0
CO2,SE,SE_Solvent_wNGCC_DAC,SE_Solvent_wNGCC_DAC_co2_edge,NaturalGasDAC,UnidirectionalEdge{CO2},0.043805899819938925,0.043805899819938925,0.0,0.0
CO2,MIDAT,MIDAT_Solvent_wNGCC_DAC,MIDAT_Solvent_wNGCC_DAC_co2_edge,NaturalGasDAC,UnidirectionalEdge{CO2},0.041892559825986886,0.041892559825986886,0.0,0.0
CO2,NE,NE_Solvent_wNGCC_DAC,NE_Solvent_wNGCC_DAC_co2_edge,NaturalGasDAC,UnidirectionalEdge{CO2},0.038476838266628906,0.038476838266628906,0.0,0.0
CO2,CA,CA_Sorbent_wNGCC_DAC,CA_Sorbent_wNGCC_DAC_co2_edge,NaturalGasDAC,UnidirectionalEdge{CO2},0.012511284589382637,0.012511284589382637,0.0,0.0
CO2,NW,NW_Sorbent_wNGCC_DAC,NW_Sorbent_wNGCC_DAC_co2_edge,NaturalGasDAC,UnidirectionalEdge{CO2},0.01240397296250093,0.01240397296250093,0.0,0.0
CO2,SW,SW_Sorbent_wNGCC_DAC,SW_Sorbent_wNGCC_DAC_co2_edge,NaturalGasDAC,UnidirectionalEdge{CO2},0.012646127820716394,0.012646127820716394,0.0,0.0
CO2,TX,TX_Sorbent_wNGCC_DAC,TX_Sorbent_wNGCC_DAC_co2_edge,NaturalGasDAC,UnidirectionalEdge{CO2},0.01292675994463011,0.01292675994463011,0.0,0.0
CO2,NCEN,NCEN_Sorbent_wNGCC_DAC,NCEN_Sorbent_wNGCC_DAC_co2_edge,NaturalGasDAC,UnidirectionalEdge{CO2},0.012308034383876242,0.012308034383876242,0.0,0.0
CO2,CEN,CEN_Sorbent_wNGCC_DAC,CEN_Sorbent_wNGCC_DAC_co2_edge,NaturalGasDAC,UnidirectionalEdge{CO2},0.012630327407080902,0.012630327407080902,0.0,0.0
CO2,SE,SE_Sorbent_wNGCC_DAC,SE_Sorbent_wNGCC_DAC_co2_edge,NaturalGasDAC,UnidirectionalEdge{CO2},0.0121040989963341,0.0121040989963341,0.0,0.0
CO2,MIDAT,MIDAT_Sorbent_wNGCC_DAC,MIDAT_Sorbent_wNGCC_DAC_co2_edge,NaturalGasDAC,UnidirectionalEdge{CO2},0.012088471192424777,0.012088471192424777,0.0,0.0
CO2,NE,NE_Sorbent_wNGCC_DAC,NE_Sorbent_wNGCC_DAC_co2_edge,NaturalGasDAC,UnidirectionalEdge{CO2},0.011728195245688036,0.011728195245688036,0.0,0.0
Hydrogen,CA,CA_ATR_wCCS_94pct,CA_ATR_wCCS_94pct_h2_edge,ThermalHydrogenCCS{NaturalGas},EdgeWithUC{Hydrogen},1.8622965561595297,1.8622965561595297,0.0,0.0
Hydrogen,NW,NW_ATR_wCCS_94pct,NW_ATR_wCCS_94pct_h2_edge,ThermalHydrogenCCS{NaturalGas},EdgeWithUC{Hydrogen},1.4772334781368484,1.4772334781368484,0.0,0.0
Hydrogen,SW,SW_ATR_wCCS_94pct,SW_ATR_wCCS_94pct_h2_edge,ThermalHydrogenCCS{NaturalGas},EdgeWithUC{Hydrogen},2.5866433075123476,2.5866433075123476,0.0,0.0
Hydrogen,TX,TX_ATR_wCCS_94pct,TX_ATR_wCCS_94pct_h2_edge,ThermalHydrogenCCS{NaturalGas},EdgeWithUC{Hydrogen},5.12716397218595,5.12716397218595,0.0,0.0
Hydrogen,NCEN,NCEN_ATR_wCCS_94pct,NCEN_ATR_wCCS_94pct_h2_edge,ThermalHydrogenCCS{NaturalGas},EdgeWithUC{Hydrogen},2.016692897301414,2.016692897301414,0.0,0.0
Hydrogen,CEN,CEN_ATR_wCCS_94pct,CEN_ATR_wCCS_94pct_h2_edge,ThermalHydrogenCCS{NaturalGas},EdgeWithUC{Hydrogen},2.1358491239685526,2.1358491239685526,0.0,0.0
Hydrogen,SE,SE_ATR_wCCS_94pct,SE_ATR_wCCS_94pct_h2_edge,ThermalHydrogenCCS{NaturalGas},EdgeWithUC{Hydrogen},1.9847961403288177,1.9847961403288177,0.0,0.0
Hydrogen,MIDAT,MIDAT_ATR_wCCS_94pct,MIDAT_ATR_wCCS_94pct_h2_edge,ThermalHydrogenCCS{NaturalGas},EdgeWithUC{Hydrogen},1.970421111162841,1.970421111162841,0.0,0.0
Hydrogen,NE,NE_ATR_wCCS_94pct,NE_ATR_wCCS_94pct_h2_edge,ThermalHydrogenCCS{NaturalGas},EdgeWithUC{Hydrogen},1.4309284407025724,1.4309284407025724,0.0,0.0
Hydrogen,CA,CA_Large_SMR_wCCS_96pct,CA_Large_SMR_wCCS_96pct_h2_edge,ThermalHydrogenCCS{NaturalGas},EdgeWithUC{Hydrogen},1.5118348143179696,1.5118348143179696,0.0,0.0
Hydrogen,NW,NW_Large_SMR_wCCS_96pct,NW_Large_SMR_wCCS_96pct_h2_edge,ThermalHydrogenCCS{NaturalGas},EdgeWithUC{Hydrogen},1.2878017073975256,1.2878017073975256,0.0,0.0
Hydrogen,SW,SW_Large_SMR_wCCS_96pct,SW_Large_SMR_wCCS_96pct_h2_edge,ThermalHydrogenCCS{NaturalGas},EdgeWithUC{Hydrogen},2.0119450461601938,2.0119450461601938,0.0,0.0
Hydrogen,TX,TX_Large_SMR_wCCS_96pct,TX_Large_SMR_wCCS_96pct_h2_edge,ThermalHydrogenCCS{NaturalGas},EdgeWithUC{Hydrogen},3.207492851704025,3.207492851704025,0.0,0.0
Hydrogen,NCEN,NCEN_Large_SMR_wCCS_96pct,NCEN_Large_SMR_wCCS_96pct_h2_edge,ThermalHydrogenCCS{NaturalGas},EdgeWithUC{Hydrogen},1.6748330389797452,1.674833038979745,0.0,0.0
Hydrogen,CEN,CEN_Large_SMR_wCCS_96pct,CEN_Large_SMR_wCCS_96pct_h2_edge,ThermalHydrogenCCS{NaturalGas},EdgeWithUC{Hydrogen},1.786967417031052,1.786967417031052,0.0,0.0
Hydrogen,SE,SE_Large_SMR_wCCS_96pct,SE_Large_SMR_wCCS_96pct_h2_edge,ThermalHydrogenCCS{NaturalGas},EdgeWithUC{Hydrogen},1.631812234685121,1.6318122346851207,0.0,0.0
Hydrogen,MIDAT,MIDAT_Large_SMR_wCCS_96pct,MIDAT_Large_SMR_wCCS_96pct_h2_edge,ThermalHydrogenCCS{NaturalGas},EdgeWithUC{Hydrogen},1.631840182389854,1.631840182389854,0.0,0.0
Hydrogen,NE,NE_Large_SMR_wCCS_96pct,NE_Large_SMR_wCCS_96pct_h2_edge,ThermalHydrogenCCS{NaturalGas},EdgeWithUC{Hydrogen},1.236683200176848,1.236683200176848,0.0,0.0
Electricity,CA,CA_natural_gas_fired_combined_cycle_1,CA_natural_gas_fired_combined_cycle_1_elec_edge,ThermalPower{NaturalGas},EdgeWithUC{Electricity},5.9881019400073905,0.0,2344.805898059992,2350.794
Electricity,CA,CA_natural_gas_fired_combined_cycle_2,CA_natural_gas_fired_combined_cycle_2_elec_edge,ThermalPower{NaturalGas},EdgeWithUC{Electricity},13.746663484164378,0.0,15566.753336515834,15580.5
Electricity,CA,CA_natural_gas_fired_combined_cycle_3,CA_natural_gas_fired_combined_cycle_3_elec_edge,ThermalPower{NaturalGas},EdgeWithUC{Electricity},5.053531298676712,0.0,1678.9364687013233,1683.99
Electricity,CA,CA_natural_gas_fired_combined_cycle_4,CA_natural_gas_fired_combined_cycle_4_elec_edge,ThermalPower{NaturalGas},EdgeWithUC{Electricity},5.497906028013572,0.0,335.2000939719864,340.698
Electricity,CA,CA_natural_gas_fired_combustion_turbine_1,CA_natural_gas_fired_combustion_turbine_1_elec_edge,ThermalPower{NaturalGas},EdgeWithUC{Electricity},7.350691203655271,0.0,2410.8353087963446,2418.186
Electricity,CA,CA_natural_gas_fired_combustion_turbine_2,CA_natural_gas_fired_combustion_turbine_2_elec_edge,ThermalPower{NaturalGas},EdgeWithUC{Electricity},13.28074146507244,0.0,5886.748258534928,5900.029
Electricity,CEN,CEN_natural_gas_fired_combined_cycle_1,CEN_natural_gas_fired_combined_cycle_1_elec_edge,ThermalPower{NaturalGas},EdgeWithUC{Electricity},7.999755705821904,0.0,2871.602244294178,2879.602
Electricity,CEN,CEN_natural_gas_fired_combined_cycle_2,CEN_natural_gas_fired_combined_cycle_2_elec_edge,ThermalPower{NaturalGas},EdgeWithUC{Electricity},15.320438174497477,0.0,23632.590561825502,23647.911
Electricity,CEN,CEN_natural_gas_fired_combined_cycle_3,CEN_natural_gas_fired_combined_cycle_3_elec_edge,ThermalPower{NaturalGas},EdgeWithUC{Electricity},5.5499920750673875,0.0,3353.746007924932,3359.296
Electricity,CEN,CEN_natural_gas_fired_combustion_turbine_1,CEN_natural_gas_fired_combustion_turbine_1_elec_edge,ThermalPower{NaturalGas},EdgeWithUC{Electricity},7.098737013938496,0.0,1344.4192629860615,1351.518
Electricity,CEN,CEN_natural_gas_fired_combustion_turbine_2,CEN_natural_gas_fired_combustion_turbine_2_elec_edge,ThermalPower{NaturalGas},EdgeWithUC{Electricity},13.390155866334723,0.0,12090.163844133665,12103.554
Electricity,MIDAT,MIDAT_natural_gas_fired_combined_cycle_1,MIDAT_natural_gas_fired_combined_cycle_1_elec_edge,ThermalPower{NaturalGas},EdgeWithUC{Electricity},6.6228789753718225,0.0,4019.7771210246283,4026.4
Electricity,MIDAT,MIDAT_natural_gas_fired_combined_cycle_2,MIDAT_natural_gas_fired_combined_cycle_2_elec_edge,ThermalPower{NaturalGas},EdgeWithUC{Electricity},12.564045983726507,0.0,31790.357954016272,31802.922
Electricity,MIDAT,MIDAT_natural_gas_fired_combined_cycle_3,MIDAT_natural_gas_fired_combined_cycle_3_elec_edge,ThermalPower{NaturalGas},EdgeWithUC{Electricity},7.194526981374558,0.0,1690.5014730186253,1697.696
Electricity,MIDAT,MIDAT_natural_gas_fired_combined_cycle_4,MIDAT_natural_gas_fired_combined_cycle_4_elec_edge,ThermalPower{NaturalGas},EdgeWithUC{Electricity},14.227683464298567,0.0,20274.2713165357,20288.499
Electricity,MIDAT,MIDAT_natural_gas_fired_combustion_turbine_1,MIDAT_natural_gas_fired_combustion_turbine_1_elec_edge,ThermalPower{NaturalGas},EdgeWithUC{Electricity},14.130439871095762,0.0,14494.619560128904,14508.75
Electricity,MIDAT,MIDAT_natural_gas_fired_combustion_turbine_2,MIDAT_natural_gas_fired_combustion_turbine_2_elec_edge,ThermalPower{NaturalGas},EdgeWithUC{Electricity},5.151831378138885,0.0,699.5661686218612,704.718
Electricity,NE,NE_natural_gas_fired_combined_cycle_1,NE_natural_gas_fired_combined_cycle_1_elec_edge,ThermalPower{NaturalGas},EdgeWithUC{Electricity},6.8662707398486535,0.0,6112.749729260152,6119.616
Electricity,NE,NE_natural_gas_fired_combined_cycle_2,NE_natural_gas_fired_combined_cycle_2_elec_edge,ThermalPower{NaturalGas},EdgeWithUC{Electricity},13.310688757797,0.0,21211.809311242203,21225.12
Electricity,NE,NE_natural_gas_fired_combined_cycle_3,NE_natural_gas_fired_combined_cycle_3_elec_edge,ThermalPower{NaturalGas},EdgeWithUC{Electricity},8.328043840375395,0.0,11.171956159624605,19.5
Electricity,NE,NE_natural_gas_fired_combustion_turbine_1,NE_natural_gas_fired_combustion_turbine_1_elec_edge,ThermalPower{NaturalGas},EdgeWithUC{Electricity},6.183229754286262,0.0,1407.0177702457136,1413.201
Electricity,NE,NE_natural_gas_fired_combustion_turbine_2,NE_natural_gas_fired_combustion_turbine_2_elec_edge,ThermalPower{NaturalGas},EdgeWithUC{Electricity},9.951847076181975,0.0,2331.2471529238182,2341.199
Electricity,NW,NW_natural_gas_fired_combined_cycle_1,NW_natural_gas_fired_combined_cycle_1_elec_edge,ThermalPower{NaturalGas},EdgeWithUC{Electricity},9.29726469373877,0.0,2395.7027353062613,2405.0
Electricity,NW,NW_natural_gas_fired_combined_cycle_2,NW_natural_gas_fired_combined_cycle_2_elec_edge,ThermalPower{NaturalGas},EdgeWithUC{Electricity},5.6197762716202355,0.0,3794.28022372838,3799.9
Electricity,NW,NW_natural_gas_fired_combined_cycle_3,NW_natural_gas_fired_combined_cycle_3_elec_edge,ThermalPower{NaturalGas},EdgeWithUC{Electricity},1.2026490203401303,0.0,5.2973509796598695,6.5
Electricity,NW,NW_natural_gas_fired_combined_cycle_4,NW_natural_gas_fired_combined_cycle_4_elec_edge,ThermalPower{NaturalGas},EdgeWithUC{Electricity},4.007114186977683,0.0,612.2928858130223,616.3
Electricity,NW,NW_natural_gas_fired_combustion_turbine_1,NW_natural_gas_fired_combustion_turbine_1_elec_edge,ThermalPower{NaturalGas},EdgeWithUC{Electricity},5.213855411969426,0.0,247.98414458803057,253.198
Electricity,NW,NW_natural_gas_fired_combustion_turbine_2,NW_natural_gas_fired_combustion_turbine_2_elec_edge,ThermalPower{NaturalGas},EdgeWithUC{Electricity},9.423685854412762,0.0,1559.1763141455872,1568.6
Electricity,NCEN,NCEN_natural_gas_fired_combined_cycle_1,NCEN_natural_gas_fired_combined_cycle_1_elec_edge,ThermalPower{NaturalGas},EdgeWithUC{Electricity},8.574404270775114,0.0,1953.623595729225,1962.198
Electricity,NCEN,NCEN_natural_gas_fired_combined_cycle_2,NCEN_natural_gas_fired_combined_cycle_2_elec_edge,ThermalPower{NaturalGas},EdgeWithUC{Electricity},12.611027266644813,0.0,17652.279972733355,17664.891
Electricity,NCEN,NCEN_natural_gas_fired_combined_cycle_3,NCEN_natural_gas_fired_combined_cycle_3_elec_edge,ThermalPower{NaturalGas},EdgeWithUC{Electricity},5.969422366353608,0.0,1894.8245776336464,1900.794
Electricity,NCEN,NCEN_natural_gas_fired_combined_cycle_4,NCEN_natural_gas_fired_combined_cycle_4_elec_edge,ThermalPower{NaturalGas},EdgeWithUC{Electricity},4.8743087914430685,0.0,0.12569120855693122,5.0
Electricity,NCEN,NCEN_natural_gas_fired_combustion_turbine_1,NCEN_natural_gas_fired_combustion_turbine_1_elec_edge,ThermalPower{NaturalGas},EdgeWithUC{Electricity},13.923441256079446,0.0,15741.389558743922,15755.313
Electricity,NCEN,NCEN_natural_gas_fired_combustion_turbine_2,NCEN_natural_gas_fired_combustion_turbine_2_elec_edge,ThermalPower{NaturalGas},EdgeWithUC{Electricity},5.862479840916233,0.0,1038.220520159084,1044.083
Electricity,SE,SE_natural_gas_fired_combined_cycle_1,SE_natural_gas_fired_combined_cycle_1_elec_edge,ThermalPower{NaturalGas},EdgeWithUC{Electricity},15.48509320785522,0.0,26203.226906792144,26218.712
Electricity,SE,SE_natural_gas_fired_combined_cycle_2,SE_natural_gas_fired_combined_cycle_2_elec_edge,ThermalPower{NaturalGas},EdgeWithUC{Electricity},4.704055530263264,0.0,4632.795944469737,4637.5
Electricity,SE,SE_natural_gas_fired_combined_cycle_3,SE_natural_gas_fired_combined_cycle_3_elec_edge,ThermalPower{NaturalGas},EdgeWithUC{Electricity},12.00407627581194,0.0,42667.31592372419,42679.32
Electricity,SE,SE_natural_gas_fired_combined_cycle_4,SE_natural_gas_fired_combined_cycle_4_elec_edge,ThermalPower{NaturalGas},EdgeWithUC{Electricity},10.864747651450472,0.0,6077.635252348549,6088.5
Electricity,SE,SE_natural_gas_fired_combustion_turbine_1,SE_natural_gas_fired_combustion_turbine_1_elec_edge,ThermalPower{NaturalGas},EdgeWithUC{Electricity},15.338406599224829,0.0,24918.801593400774,24934.14
Electricity,SE,SE_natural_gas_fired_combustion_turbine_2,SE_natural_gas_fired_combustion_turbine_2_elec_edge,ThermalPower{NaturalGas},EdgeWithUC{Electricity},4.903882151475995,0.0,678.305117848524,683.209
Electricity,SW,SW_natural_gas_fired_combined_cycle_1,SW_natural_gas_fired_combined_cycle_1_elec_edge,ThermalPower{NaturalGas},EdgeWithUC{Electricity},13.514965096364936,0.0,18662.181034903635,18675.696
Electricity,SW,SW_natural_gas_fired_combined_cycle_2,SW_natural_gas_fired_combined_cycle_2_elec_edge,ThermalPower{NaturalGas},EdgeWithUC{Electricity},5.42865874874203,0.0,2741.8753412512583,2747.304
Electricity,SW,SW_natural_gas_fired_combined_cycle_3,SW_natural_gas_fired_combined_cycle_3_elec_edge,ThermalPower{NaturalGas},EdgeWithUC{Electricity},4.122739300897384,0.0,185.47726069910257,189.6
Electricity,SW,SW_natural_gas_fired_combustion_turbine_1,SW_natural_gas_fired_combustion_turbine_1_elec_edge,ThermalPower{NaturalGas},EdgeWithUC{Electricity},11.704950839640759,0.0,5771.54504916036,5783.25
Electricity,SW,SW_natural_gas_fired_combustion_turbine_2,SW_natural_gas_fired_combustion_turbine_2_elec_edge,ThermalPower{NaturalGas},EdgeWithUC{Electricity},7.963096619264905,0.0,741.0369033807351,749.0
Electricity,TX,TX_natural_gas_fired_combined_cycle_1,TX_natural_gas_fired_combined_cycle_1_elec_edge,ThermalPower{NaturalGas},EdgeWithUC{Electricity},13.701836201890169,0.0,29302.51316379811,29316.215
Electricity,TX,TX_natural_gas_fired_combined_cycle_2,TX_natural_gas_fired_combined_cycle_2_elec_edge,ThermalPower{NaturalGas},EdgeWithUC{Electricity},4.960948575798976,0.0,1722.337051424201,1727.298
Electricity,TX,TX_natural_gas_fired_combined_cycle_3,TX_natural_gas_fired_combined_cycle_3_elec_edge,ThermalPower{NaturalGas},EdgeWithUC{Electricity},7.063087360236437,0.0,2432.5369126397636,2439.6
Electricity,TX,TX_natural_gas_fired_combined_cycle_4,TX_natural_gas_fired_combined_cycle_4_elec_edge,ThermalPower{NaturalGas},EdgeWithUC{Electricity},11.394232189869031,0.0,4688.509767810131,4699.904
Electricity,TX,TX_natural_gas_fired_combustion_turbine_1,TX_natural_gas_fired_combustion_turbine_1_elec_edge,ThermalPower{NaturalGas},EdgeWithUC{Electricity},6.37570865227884,0.0,978.9202913477211,985.296
Electricity,TX,TX_natural_gas_fired_combustion_turbine_2,TX_natural_gas_fired_combustion_turbine_2_elec_edge,ThermalPower{NaturalGas},EdgeWithUC{Electricity},12.38691214486195,0.0,3926.4930878551377,3938.88
Electricity,CA,CA_naturalgas_ccavgcf_moderate_0,CA_naturalgas_ccavgcf_moderate_0_elec_edge,ThermalPower{NaturalGas},EdgeWithUC{Electricity},0.7054903726449739,0.7054903726449739,0.0,0.0
Electricity,CA,CA_naturalgas_ctavgcf_moderate_0,CA_naturalgas_ctavgcf_moderate_0_elec_edge,ThermalPower{NaturalGas},EdgeWithUC{Electricity},0.5125984523309741,0.5125984523309741,0.0,0.0
Electricity,NW,NW_naturalgas_ccavgcf_moderate_0,NW_naturalgas_ccavgcf_moderate_0_elec_edge,ThermalPower{NaturalGas},EdgeWithUC{Electricity},0.813438049004995,0.813438049004995,0.0,0.0
Electricity,NW,NW_naturalgas_ctavgcf_moderate_0,NW_naturalgas_ctavgcf_moderate_0_elec_edge,ThermalPower{NaturalGas},EdgeWithUC{Electricity},0.5689193454712902,0.5689193454712901,0.0,0.0
Electricity,SW,SW_naturalgas_ccavgcf_moderate_0,SW_naturalgas_ccavgcf_moderate_0_elec_edge,ThermalPower{NaturalGas},EdgeWithUC{Electricity},0.9129959401533467,0.9129959401533467,0.0,0.0
Electricity,SW,SW_naturalgas_ctavgcf_moderate_0,SW_naturalgas_ctavgcf_moderate_0_elec_edge,ThermalPower{NaturalGas},EdgeWithUC{Electricity},0.6365010939066085,0.6365010939066084,0.0,0.0
Electricity,TX,TX_naturalgas_ccavgcf_moderate_0,TX_naturalgas_ccavgcf_moderate_0_elec_edge,ThermalPower{NaturalGas},EdgeWithUC{Electricity},1.0543073519390085,1.0543073519390085,0.0,0.0
Electricity,TX,TX_naturalgas_ctavgcf_moderate_0,TX_naturalgas_ctavgcf_moderate_0_elec_edge,ThermalPower{NaturalGas},EdgeWithUC{Electricity},0.6718223491775364,0.6718223491775364,0.0,0.0
Electricity,NCEN,NCEN_naturalgas_ccavgcf_moderate_0,NCEN_naturalgas_ccavgcf_moderate_0_elec_edge,ThermalPower{NaturalGas},EdgeWithUC{Electricity},0.8625541013740359,0.8625541013740359,0.0,0.0
Electricity,NCEN,NCEN_naturalgas_ctavgcf_moderate_0,NCEN_naturalgas_ctavgcf_moderate_0_elec_edge,ThermalPower{NaturalGas},EdgeWithUC{Electricity},0.5733500561740182,0.5733500561740182,0.0,0.0
Electricity,CEN,CEN_naturalgas_ccavgcf_moderate_0,CEN_naturalgas_ccavgcf_moderate_0_elec_edge,ThermalPower{NaturalGas},EdgeWithUC{Electricity},1.0183178536245405,1.0183178536245405,0.0,0.0
Electricity,CEN,CEN_naturalgas_ctavgcf_moderate_0,CEN_naturalgas_ctavgcf_moderate_0_elec_edge,ThermalPower{NaturalGas},EdgeWithUC{Electricity},0.6569312615183447,0.6569312615183446,0.0,0.0
Electricity,SE,SE_naturalgas_ccavgcf_moderate_0,SE_naturalgas_ccavgcf_moderate_0_elec_edge,ThermalPower{NaturalGas},EdgeWithUC{Electricity},0.9115142295615775,0.9115142295615775,0.0,0.0
Electricity,SE,SE_naturalgas_ctavgcf_moderate_0,SE_naturalgas_ctavgcf_moderate_0_elec_edge,ThermalPower{NaturalGas},EdgeWithUC{Electricity},0.6175612876562447,0.6175612876562447,0.0,0.0
Electricity,MIDAT,MIDAT_naturalgas_ccavgcf_moderate_0,MIDAT_naturalgas_ccavgcf_moderate_0_elec_edge,ThermalPower{NaturalGas},EdgeWithUC{Electricity},0.8444378040702346,0.8444378040702347,0.0,0.0
Electricity,MIDAT,MIDAT_naturalgas_ctavgcf_moderate_0,MIDAT_naturalgas_ctavgcf_moderate_0_elec_edge,ThermalPower{NaturalGas},EdgeWithUC{Electricity},0.5854842952572425,0.5854842952572425,0.0,0.0
Electricity,NE,NE_naturalgas_ccavgcf_moderate_0,NE_naturalgas_ccavgcf_moderate_0_elec_edge,ThermalPower{NaturalGas},EdgeWithUC{Electricity},0.7222343389471952,0.7222343389471952,0.0,0.0
Electricity,NE,NE_naturalgas_ctavgcf_moderate_0,NE_naturalgas_ctavgcf_moderate_0_elec_edge,ThermalPower{NaturalGas},EdgeWithUC{Electricity},0.5119873964280504,0.5119873964280504,0.0,0.0
Electricity,CA,CA_naturalgas_ccccsavgcf_conservative_0,CA_naturalgas_ccccsavgcf_conservative_0_elec_edge,ThermalPowerCCS{NaturalGas},EdgeWithUC{Electricity},0.6180109843772833,0.6180109843772833,0.0,0.0
Electricity,NW,NW_naturalgas_ccccsavgcf_conservative_0,NW_naturalgas_ccccsavgcf_conservative_0_elec_edge,ThermalPowerCCS{NaturalGas},EdgeWithUC{Electricity},0.6382665522326839,0.6382665522326839,0.0,0.0
Electricity,SW,SW_naturalgas_ccccsavgcf_conservative_0,SW_naturalgas_ccccsavgcf_conservative_0_elec_edge,ThermalPowerCCS{NaturalGas},EdgeWithUC{Electricity},0.7605039809241861,0.7605039809241861,0.0,0.0
Electricity,TX,TX_naturalgas_ccccsavgcf_conservative_0,TX_naturalgas_ccccsavgcf_conservative_0_elec_edge,ThermalPowerCCS{NaturalGas},EdgeWithUC{Electricity},0.900416123403209,0.9004161234032089,0.0,0.0
Electricity,NCEN,NCEN_naturalgas_ccccsavgcf_conservative_0,NCEN_naturalgas_ccccsavgcf_conservative_0_elec_edge,ThermalPowerCCS{NaturalGas},EdgeWithUC{Electricity},0.6876322556624481,0.6876322556624481,0.0,0.0
Electricity,CEN,CEN_naturalgas_ccccsavgcf_conservative_0,CEN_naturalgas_ccccsavgcf_conservative_0_elec_edge,ThermalPowerCCS{NaturalGas},EdgeWithUC{Electricity},0.793330019018669,0.7933300190186688,0.0,0.0
Electricity,SE,SE_naturalgas_ccccsavgcf_conservative_0,SE_naturalgas_ccccsavgcf_conservative_0_elec_edge,ThermalPowerCCS{NaturalGas},EdgeWithUC{Electricity},0.6726332312605711,0.672633231260571,0.0,0.0
Electricity,MIDAT,MIDAT_naturalgas_ccccsavgcf_conservative_0,MIDAT_naturalgas_ccccsavgcf_conservative_0_elec_edge,ThermalPowerCCS{NaturalGas},EdgeWithUC{Electricity},0.6536391466164796,0.6536391466164796,0.0,0.0
Electricity,NE,NE_naturalgas_ccccsavgcf_conservative_0,NE_naturalgas_ccccsavgcf_conservative_0_elec_edge,ThermalPowerCCS{NaturalGas},EdgeWithUC{Electricity},0.5613143279614122,0.5613143279614122,0.0,0.0
Electricity,CA,CA_offshorewind_class10_moderate_floating_1_1,CA_offshorewind_class10_moderate_floating_1_1_edge,VRE,UnidirectionalEdge{Electricity},0.6936269608959238,0.6936269608959238,0.0,0.0
Electricity,NW,NW_offshorewind_class10_moderate_floating_1_1,NW_offshorewind_class10_moderate_floating_1_1_edge,VRE,UnidirectionalEdge{Electricity},0.45029755705476404,0.45029755705476404,0.0,0.0
Electricity,NE,NE_offshorewind_class10_moderate_floating_1_1,NE_offshorewind_class10_moderate_floating_1_1_edge,VRE,UnidirectionalEdge{Electricity},0.786366657859212,0.786366657859212,0.0,0.0
Electricity,CA,CA_utilitypv_class1_moderate_70_0_2_1,CA_utilitypv_class1_moderate_70_0_2_1_edge,VRE,UnidirectionalEdge{Electricity},1.3296013161214546,1.3296013161214546,0.0,0.0
Electricity,CA,CA_utilitypv_class1_moderate_70_0_2_2,CA_utilitypv_class1_moderate_70_0_2_2_edge,VRE,UnidirectionalEdge{Electricity},1.2368448909951573,1.2368448909951573,0.0,0.0
Electricity,CA,CA_utilitypv_class1_moderate_70_0_2_3,CA_utilitypv_class1_moderate_70_0_2_3_edge,VRE,UnidirectionalEdge{Electricity},0.6483734247679321,0.6483734247679321,0.0,0.0
Electricity,NW,NW_utilitypv_class1_moderate_70_0_2_1,NW_utilitypv_class1_moderate_70_0_2_1_edge,VRE,UnidirectionalEdge{Electricity},0.33970920484397366,0.33970920484397366,0.0,0.0
Electricity,NW,NW_utilitypv_class1_moderate_70_0_2_2,NW_utilitypv_class1_moderate_70_0_2_2_edge,VRE,UnidirectionalEdge{Electricity},0.2501823762120524,0.2501823762120524,0.0,0.0
Electricity,NW,NW_utilitypv_class1_moderate_70_0_2_3,NW_utilitypv_class1_moderate_70_0_2_3_edge,VRE,UnidirectionalEdge{Electricity},0.44632169242791186,0.44632169242791186,0.0,0.0
Electricity,NW,NW_utilitypv_class1_moderate_70_0_2_4,NW_utilitypv_class1_moderate_70_0_2_4_edge,VRE,UnidirectionalEdge{Electricity},0.31635757814620186,0.31635757814620186,0.0,0.0
Electricity,SW,SW_utilitypv_class1_moderate_70_0_2_1,SW_utilitypv_class1_moderate_70_0_2_1_edge,VRE,UnidirectionalEdge{Electricity},51837.21521600231,51837.21521600231,0.0,0.0
Electricity,SW,SW_utilitypv_class1_moderate_70_0_2_2,SW_utilitypv_class1_moderate_70_0_2_2_edge,VRE,UnidirectionalEdge{Electricity},1.0248431577367672,1.0248431577367672,0.0,0.0
Electricity,SW,SW_utilitypv_class1_moderate_70_0_2_3,SW_utilitypv_class1_moderate_70_0_2_3_edge,VRE,UnidirectionalEdge{Electricity},2.618253649059992,2.618253649059992,0.0,0.0
Electricity,SW,SW_utilitypv_class1_moderate_70_0_2_4,SW_utilitypv_class1_moderate_70_0_2_4_edge,VRE,UnidirectionalEdge{Electricity},1.0198282556381735,1.0198282556381735,0.0,0.0
Electricity,SW,SW_utilitypv_class1_moderate_70_0_2_5,SW_utilitypv_class1_moderate_70_0_2_5_edge,VRE,UnidirectionalEdge{Electricity},1.1596655685084043,1.1596655685084043,0.0,0.0
Electricity,TX,TX_utilitypv_class1_moderate_70_0_2_1,TX_utilitypv_class1_moderate_70_0_2_1_edge,VRE,UnidirectionalEdge{Electricity},49245.60196192048,49245.60196192048,0.0,0.0
Electricity,TX,TX_utilitypv_class1_moderate_70_0_2_2,TX_utilitypv_class1_moderate_70_0_2_2_edge,VRE,UnidirectionalEdge{Electricity},1.9092598416304642,1.9092598416304642,0.0,0.0
Electricity,TX,TX_utilitypv_class1_moderate_70_0_2_3,TX_utilitypv_class1_moderate_70_0_2_3_edge,VRE,UnidirectionalEdge{Electricity},0.8666435438154395,0.8666435438154395,0.0,0.0
Electricity,NCEN,NCEN_utilitypv_class1_moderate_70_0_2_1,NCEN_utilitypv_class1_moderate_70_0_2_1_edge,VRE,UnidirectionalEdge{Electricity},0.7857965438985186,0.7857965438985186,0.0,0.0
Electricity,NCEN,NCEN_utilitypv_class1_moderate_70_0_2_2,NCEN_utilitypv_class1_moderate_70_0_2_2_edge,VRE,UnidirectionalEdge{Electricity},0.5918191638104616,0.5918191638104616,0.0,0.0
Electricity,NCEN,NCEN_utilitypv_class1_moderate_70_0_2_3,NCEN_utilitypv_class1_moderate_70_0_2_3_edge,VRE,UnidirectionalEdge{Electricity},0.6908715858044298,0.6908715858044298,0.0,0.0
Electricity,NCEN,NCEN_utilitypv_class1_moderate_70_0_2_4,NCEN_utilitypv_class1_moderate_70_0_2_4_edge,VRE,UnidirectionalEdge{Electricity},0.36092745206882937,0.36092745206882937,0.0,0.0
Electricity,NCEN,NCEN_utilitypv_class1_moderate_70_0_2_5,NCEN_utilitypv_class1_moderate_70_0_2_5_edge,VRE,UnidirectionalEdge{Electricity},0.3926726945353577,0.3926726945353577,0.0,0.0
Electricity,NCEN,NCEN_utilitypv_class1_moderate_70_0_2_6,NCEN_utilitypv_class1_moderate_70_0_2_6_edge,VRE,UnidirectionalEdge{Electricity},0.34992181196476063,0.34992181196476063,0.0,0.0
Electricity,NCEN,NCEN_utilitypv_class1_moderate_70_0_2_7,NCEN_utilitypv_class1_moderate_70_0_2_7_edge,VRE,UnidirectionalEdge{Electricity},0.4213333978187168,0.4213333978187168,0.0,0.0
Electricity,CEN,CEN_utilitypv_class1_moderate_70_0_2_1,CEN_utilitypv_class1_moderate_70_0_2_1_edge,VRE,UnidirectionalEdge{Electricity},0.9737493634512611,0.9737493634512611,0.0,0.0
Electricity,CEN,CEN_utilitypv_class1_moderate_70_0_2_2,CEN_utilitypv_class1_moderate_70_0_2_2_edge,VRE,UnidirectionalEdge{Electricity},7.008701360417463,7.008701360417463,0.0,0.0
Electricity,CEN,CEN_utilitypv_class1_moderate_70_0_2_3,CEN_utilitypv_class1_moderate_70_0_2_3_edge,VRE,UnidirectionalEdge{Electricity},1.0039791442083503,1.0039791442083503,0.0,0.0
Electricity,CEN,CEN_utilitypv_class1_moderate_70_0_2_4,CEN_utilitypv_class1_moderate_70_0_2_4_edge,VRE,UnidirectionalEdge{Electricity},25622.391362183684,25622.391362183684,0.0,0.0
Electricity,CEN,CEN_utilitypv_class1_moderate_70_0_2_5,CEN_utilitypv_class1_moderate_70_0_2_5_edge,VRE,UnidirectionalEdge{Electricity},0.5013258509370974,0.5013258509370974,0.0,0.0
Electricity,SE,SE_utilitypv_class1_moderate_70_0_2_1,SE_utilitypv_class1_moderate_70_0_2_1_edge,VRE,UnidirectionalEdge{Electricity},1.8811610526272111,1.8811610526272111,0.0,0.0
Electricity,SE,SE_utilitypv_class1_moderate_70_0_2_2,SE_utilitypv_class1_moderate_70_0_2_2_edge,VRE,UnidirectionalEdge{Electricity},181565.3378419945,181565.3378419945,0.0,0.0
Electricity,SE,SE_utilitypv_class1_moderate_70_0_2_3,SE_utilitypv_class1_moderate_70_0_2_3_edge,VRE,UnidirectionalEdge{Electricity},1.9334993648082714,1.9334993648082714,0.0,0.0
Electricity,SE,SE_utilitypv_class1_moderate_70_0_2_4,SE_utilitypv_class1_moderate_70_0_2_4_edge,VRE,UnidirectionalEdge{Electricity},0.6293604315100652,0.6293604315100652,0.0,0.0
Electricity,SE,SE_utilitypv_class1_moderate_70_0_2_5,SE_utilitypv_class1_moderate_70_0_2_5_edge,VRE,UnidirectionalEdge{Electricity},1.48255410413297,1.48255410413297,0.0,0.0
Electricity,SE,SE_utilitypv_class1_moderate_70_0_2_6,SE_utilitypv_class1_moderate_70_0_2_6_edge,VRE,UnidirectionalEdge{Electricity},0.8180181116996238,0.8180181116996238,0.0,0.0
Electricity,SE,SE_utilitypv_class1_moderate_70_0_2_7,SE_utilitypv_class1_moderate_70_0_2_7_edge,VRE,UnidirectionalEdge{Electricity},1.5369220156436676,1.5369220156436676,0.0,0.0
Electricity,SE,SE_utilitypv_class1_moderate_70_0_2_8,SE_utilitypv_class1_moderate_70_0_2_8_edge,VRE,UnidirectionalEdge{Electricity},1.1930802746666986,1.1930802746666986,0.0,0.0
Electricity,MIDAT,MIDAT_utilitypv_class1_moderate_70_0_2_1,MIDAT_utilitypv_class1_moderate_70_0_2_1_edge,VRE,UnidirectionalEdge{Electricity},1.8264147656454193,1.8264147656454193,0.0,0.0
Electricity,MIDAT,MIDAT_utilitypv_class1_moderate_70_0_2_2,MIDAT_utilitypv_class1_moderate_70_0_2_2_edge,VRE,UnidirectionalEdge{Electricity},2.0194740953349406,2.0194740953349406,0.0,0.0
Electricity,MIDAT,MIDAT_utilitypv_class1_moderate_70_0_2_3,MIDAT_utilitypv_class1_moderate_70_0_2_3_edge,VRE,UnidirectionalEdge{Electricity},2.1558762850720616,2.1558762850720616,0.0,0.0
Electricity,MIDAT,MIDAT_utilitypv_class1_moderate_70_0_2_4,MIDAT_utilitypv_class1_moderate_70_0_2_4_edge,VRE,UnidirectionalEdge{Electricity},0.8064334666718027,0.8064334666718027,0.0,0.0
Electricity,MIDAT,MIDAT_utilitypv_class1_moderate_70_0_2_5,MIDAT_utilitypv_class1_moderate_70_0_2_5_edge,VRE,UnidirectionalEdge{Electricity},1.3042240087754844,1.3042240087754844,0.0,0.0
Electricity,MIDAT,MIDAT_utilitypv_class1_moderate_70_0_2_6,MIDAT_utilitypv_class1_moderate_70_0_2_6_edge,VRE,UnidirectionalEdge{Electricity},1.7116346408373972,1.7116346408373972,0.0,0.0
Electricity,MIDAT,MIDAT_utilitypv_class1_moderate_70_0_2_7,MIDAT_utilitypv_class1_moderate_70_0_2_7_edge,VRE,UnidirectionalEdge{Electricity},1.2708001624741045,1.2708001624741045,0.0,0.0
Electricity,NE,NE_utilitypv_class1_moderate_70_0_2_1,NE_utilitypv_class1_moderate_70_0_2_1_edge,VRE,UnidirectionalEdge{Electricity},2.992640956175935,2.992640956175935,0.0,0.0
Electricity,NE,NE_utilitypv_class1_moderate_70_0_2_2,NE_utilitypv_class1_moderate_70_0_2_2_edge,VRE,UnidirectionalEdge{Electricity},3.072460886850505,3.072460886850505,0.0,0.0
Electricity,NE,NE_utilitypv_class1_moderate_70_0_2_3,NE_utilitypv_class1_moderate_70_0_2_3_edge,VRE,UnidirectionalEdge{Electricity},1.3589096761963526,1.3589096761963526,0.0,0.0
Electricity,NE,NE_utilitypv_class1_moderate_70_0_2_4,NE_utilitypv_class1_moderate_70_0_2_4_edge,VRE,UnidirectionalEdge{Electricity},4.201737525621807,4.201737525621807,0.0,0.0
Electricity,NE,NE_utilitypv_class1_moderate_70_0_2_5,NE_utilitypv_class1_moderate_70_0_2_5_edge,VRE,UnidirectionalEdge{Electricity},0.9721005622698919,0.9721005622698919,0.0,0.0
Electricity,NE,NE_utilitypv_class1_moderate_70_0_2_6,NE_utilitypv_class1_moderate_70_0_2_6_edge,VRE,UnidirectionalEdge{Electricity},2.2308714263057356,2.2308714263057356,0.0,0.0
Electricity,NE,NE_utilitypv_class1_moderate_70_0_2_7,NE_utilitypv_class1_moderate_70_0_2_7_edge,VRE,UnidirectionalEdge{Electricity},1.4844913623367482,1.4844913623367482,0.0,0.0
Electricity,CA,CA_landbasedwind_class4_moderate_70_1,CA_landbasedwind_class4_moderate_70_1_edge,VRE,UnidirectionalEdge{Electricity},0.740736241998411,0.740736241998411,0.0,0.0
Electricity,CA,CA_landbasedwind_class4_moderate_70_2,CA_landbasedwind_class4_moderate_70_2_edge,VRE,UnidirectionalEdge{Electricity},0.5578636994792844,0.5578636994792844,0.0,0.0
Electricity,CA,CA_landbasedwind_class4_moderate_70_3,CA_landbasedwind_class4_moderate_70_3_edge,VRE,UnidirectionalEdge{Electricity},0.3714705763715087,0.3714705763715087,0.0,0.0
Electricity,NW,NW_landbasedwind_class4_moderate_70_1,NW_landbasedwind_class4_moderate_70_1_edge,VRE,UnidirectionalEdge{Electricity},1.0748142762570392,1.0748142762570392,0.0,0.0
Electricity,NW,NW_landbasedwind_class4_moderate_70_2,NW_landbasedwind_class4_moderate_70_2_edge,VRE,UnidirectionalEdge{Electricity},14.811856274965374,14.811856274965374,0.0,0.0
Electricity,NW,NW_landbasedwind_class4_moderate_70_3,NW_landbasedwind_class4_moderate_70_3_edge,VRE,UnidirectionalEdge{Electricity},1.0110312701543327,1.0110312701543327,0.0,0.0
Electricity,NW,NW_landbasedwind_class4_moderate_70_4,NW_landbasedwind_class4_moderate_70_4_edge,VRE,UnidirectionalEdge{Electricity},1.299943849041292,1.299943849041292,0.0,0.0
Electricity,NW,NW_landbasedwind_class4_moderate_70_5,NW_landbasedwind_class4_moderate_70_5_edge,VRE,UnidirectionalEdge{Electricity},79998.13014691982,79998.13014691982,0.0,0.0
Electricity,SW,SW_landbasedwind_class4_moderate_70_1,SW_landbasedwind_class4_moderate_70_1_edge,VRE,UnidirectionalEdge{Electricity},9.262144653102455,9.262144653102455,0.0,0.0
Electricity,SW,SW_landbasedwind_class4_moderate_70_2,SW_landbasedwind_class4_moderate_70_2_edge,VRE,UnidirectionalEdge{Electricity},11918.828235125447,11918.828235125447,0.0,0.0
Electricity,SW,SW_landbasedwind_class4_moderate_70_3,SW_landbasedwind_class4_moderate_70_3_edge,VRE,UnidirectionalEdge{Electricity},6.784223453751714,6.784223453751714,0.0,0.0
Electricity,SW,SW_landbasedwind_class4_moderate_70_4,SW_landbasedwind_class4_moderate_70_4_edge,VRE,UnidirectionalEdge{Electricity},1.4297731991812819,1.4297731991812819,0.0,0.0
Electricity,SW,SW_landbasedwind_class4_moderate_70_5,SW_landbasedwind_class4_moderate_70_5_edge,VRE,UnidirectionalEdge{Electricity},1.5000587591496817,1.5000587591496817,0.0,0.0
Electricity,TX,TX_landbasedwind_class4_moderate_70_1,TX_landbasedwind_class4_moderate_70_1_edge,VRE,UnidirectionalEdge{Electricity},13192.7036473563,13192.7036473563,0.0,0.0
Electricity,TX,TX_landbasedwind_class4_moderate_70_2,TX_landbasedwind_class4_moderate_70_2_edge,VRE,UnidirectionalEdge{Electricity},2.812339587021508,2.812339587021508,0.0,0.0
Electricity,TX,TX_landbasedwind_class4_moderate_70_3,TX_landbasedwind_class4_moderate_70_3_edge,VRE,UnidirectionalEdge{Electricity},1.1520542051128273,1.1520542051128273,0.0,0.0
Electricity,NCEN,NCEN_landbasedwind_class4_moderate_70_1,NCEN_landbasedwind_class4_moderate_70_1_edge,VRE,UnidirectionalEdge{Electricity},4.360006135571218,4.360006135571218,0.0,0.0
Electricity,NCEN,NCEN_landbasedwind_class4_moderate_70_2,NCEN_landbasedwind_class4_moderate_70_2_edge,VRE,UnidirectionalEdge{Electricity},1.7829393336361237,1.7829393336361237,0.0,0.0
Electricity,NCEN,NCEN_landbasedwind_class4_moderate_70_3,NCEN_landbasedwind_class4_moderate_70_3_edge,VRE,UnidirectionalEdge{Electricity},3.0702860332211737,3.0702860332211737,0.0,0.0
Electricity,NCEN,NCEN_landbasedwind_class4_moderate_70_4,NCEN_landbasedwind_class4_moderate_70_4_edge,VRE,UnidirectionalEdge{Electricity},5.2495741930448405,5.2495741930448405,0.0,0.0
Electricity,NCEN,NCEN_landbasedwind_class4_moderate_70_5,NCEN_landbasedwind_class4_moderate_70_5_edge,VRE,UnidirectionalEdge{Electricity},76274.29768408714,76274.29768408714,0.0,0.0
Electricity,NCEN,NCEN_landbasedwind_class4_moderate_70_6,NCEN_landbasedwind_class4_moderate_70_6_edge,VRE,UnidirectionalEdge{Electricity},124489.95996407798,124489.95996407798,0.0,0.0
Electricity,NCEN,NCEN_landbasedwind_class4_moderate_70_7,NCEN_landbasedwind_class4_moderate_70_7_edge,VRE,UnidirectionalEdge{Electricity},3.802608492412494,3.802608492412494,0.0,0.0
Electricity,CEN,CEN_landbasedwind_class4_moderate_70_1,CEN_landbasedwind_class4_moderate_70_1_edge,VRE,UnidirectionalEdge{Electricity},3.8842262426435554,3.8842262426435554,0.0,0.0
Electricity,CEN,CEN_landbasedwind_class4_moderate_70_2,CEN_landbasedwind_class4_moderate_70_2_edge,VRE,UnidirectionalEdge{Electricity},40840.19839719231,40840.19839719231,0.0,0.0
Electricity,CEN,CEN_landbasedwind_class4_moderate_70_3,CEN_landbasedwind_class4_moderate_70_3_edge,VRE,UnidirectionalEdge{Electricity},32335.706910592864,32335.706910592864,0.0,0.0
Electricity,CEN,CEN_landbasedwind_class4_moderate_70_4,CEN_landbasedwind_class4_moderate_70_4_edge,VRE,UnidirectionalEdge{Electricity},2.587887446684656,2.587887446684656,0.0,0.0
Electricity,CEN,CEN_landbasedwind_class4_moderate_70_5,CEN_landbasedwind_class4_moderate_70_5_edge,VRE,UnidirectionalEdge{Electricity},149989.99043753307,149989.99043753307,0.0,0.0
Electricity,CEN,CEN_landbasedwind_class4_moderate_70_6,CEN_landbasedwind_class4_moderate_70_6_edge,VRE,UnidirectionalEdge{Electricity},4.704480923131698,4.704480923131698,0.0,0.0
Electricity,CEN,CEN_landbasedwind_class4_moderate_70_7,CEN_landbasedwind_class4_moderate_70_7_edge,VRE,UnidirectionalEdge{Electricity},90688.98356167035,90688.98356167035,0.0,0.0
Electricity,SE,SE_landbasedwind_class4_moderate_70_1,SE_landbasedwind_class4_moderate_70_1_edge,VRE,UnidirectionalEdge{Electricity},564.811244266333,564.811244266333,0.0,0.0
Electricity,SE,SE_landbasedwind_class4_moderate_70_2,SE_landbasedwind_class4_moderate_70_2_edge,VRE,UnidirectionalEdge{Electricity},20181.97013941836,20181.97013941836,0.0,0.0
Electricity,SE,SE_landbasedwind_class4_moderate_70_3,SE_landbasedwind_class4_moderate_70_3_edge,VRE,UnidirectionalEdge{Electricity},105300.30864108534,105300.30864108534,0.0,0.0
Electricity,SE,SE_landbasedwind_class4_moderate_70_4,SE_landbasedwind_class4_moderate_70_4_edge,VRE,UnidirectionalEdge{Electricity},3.509714227015727,3.509714227015727,0.0,0.0
Electricity,SE,SE_landbasedwind_class4_moderate_70_5,SE_landbasedwind_class4_moderate_70_5_edge,VRE,UnidirectionalEdge{Electricity},14.313010464807098,14.313010464807098,0.0,0.0
Electricity,SE,SE_landbasedwind_class4_moderate_70_6,SE_landbasedwind_class4_moderate_70_6_edge,VRE,UnidirectionalEdge{Electricity},4.617661858208141,4.617661858208141,0.0,0.0
Electricity,SE,SE_landbasedwind_class4_moderate_70_7,SE_landbasedwind_class4_moderate_70_7_edge,VRE,UnidirectionalEdge{Electricity},41944.83845851008,41944.83845851008,0.0,0.0
Electricity,SE,SE_landbasedwind_class4_moderate_70_8,SE_landbasedwind_class4_moderate_70_8_edge,VRE,UnidirectionalEdge{Electricity},3.199456034219889,3.199456034219889,0.0,0.0
Electricity,MIDAT,MIDAT_landbasedwind_class4_moderate_70_1,MIDAT_landbasedwind_class4_moderate_70_1_edge,VRE,UnidirectionalEdge{Electricity},1383.9248989576736,1383.9248989576736,0.0,0.0
Electricity,MIDAT,MIDAT_landbasedwind_class4_moderate_70_2,MIDAT_landbasedwind_class4_moderate_70_2_edge,VRE,UnidirectionalEdge{Electricity},26.195938584458492,26.195938584458492,0.0,0.0
Electricity,MIDAT,MIDAT_landbasedwind_class4_moderate_70_3,MIDAT_landbasedwind_class4_moderate_70_3_edge,VRE,UnidirectionalEdge{Electricity},23.61589084906632,23.61589084906632,0.0,0.0
Electricity,MIDAT,MIDAT_landbasedwind_class4_moderate_70_4,MIDAT_landbasedwind_class4_moderate_70_4_edge,VRE,UnidirectionalEdge{Electricity},10.851650070562215,10.851650070562215,0.0,0.0
Electricity,MIDAT,MIDAT_landbasedwind_class4_moderate_70_5,MIDAT_landbasedwind_class4_moderate_70_5_edge,VRE,UnidirectionalEdge{Electricity},12.610256678198333,12.610256678198333,0.0,0.0
Electricity,MIDAT,MIDAT_landbasedwind_class4_moderate_70_6,MIDAT_landbasedwind_class4_moderate_70_6_edge,VRE,UnidirectionalEdge{Electricity},2.5531802413503346,2.5531802413503346,0.0,0.0
Electricity,MIDAT,MIDAT_landbasedwind_class4_moderate_70_7,MIDAT_landbasedwind_class4_moderate_70_7_edge,VRE,UnidirectionalEdge{Electricity},8.169572330582511,8.169572330582511,0.0,0.0
Electricity,NE,NE_landbasedwind_class4_moderate_70_1,NE_landbasedwind_class4_moderate_70_1_edge,VRE,UnidirectionalEdge{Electricity},1.2198430892805425,1.2198430892805425,0.0,0.0
Electricity,NE,NE_landbasedwind_class4_moderate_70_2,NE_landbasedwind_class4_moderate_70_2_edge,VRE,UnidirectionalEdge{Electricity},3.3513645595664543,3.3513645595664543,0.0,0.0
Electricity,NE,NE_landbasedwind_class4_moderate_70_3,NE_landbasedwind_class4_moderate_70_3_edge,VRE,UnidirectionalEdge{Electricity},3.2676450141861597,3.2676450141861597,0.0,0.0
Electricity,NE,NE_landbasedwind_class4_moderate_70_4,NE_landbasedwind_class4_moderate_70_4_edge,VRE,UnidirectionalEdge{Electricity},1.7586414748324855,1.7586414748324855,0.0,0.0
Electricity,NE,NE_landbasedwind_class4_moderate_70_5,NE_landbasedwind_class4_moderate_70_5_edge,VRE,UnidirectionalEdge{Electricity},1.598465978090301,1.598465978090301,0.0,0.0
Electricity,NE,NE_landbasedwind_class4_moderate_70_6,NE_landbasedwind_class4_moderate_70_6_edge,VRE,UnidirectionalEdge{Electricity},1.0001531658651726,1.0001531658651726,0.0,0.0
Electricity,NE,NE_landbasedwind_class4_moderate_70_7,NE_landbasedwind_class4_moderate_70_7_edge,VRE,UnidirectionalEdge{Electricity},1.155697952897813,1.155697952897813,0.0,0.0
Electricity,CEN,CEN_nuclear_1,CEN_nuclear_1_elec_edge,ThermalPower{Uranium},EdgeWithUC{Electricity},0.6551361905193464,0.0,4149.344863809481,4150.0
Electricity,CEN,CEN_nuclear_2,CEN_nuclear_2_elec_edge,ThermalPower{Uranium},EdgeWithUC{Electricity},1.716086015206748,0.0,3107.282913984793,3108.999
Electricity,MIDAT,MIDAT_nuclear_1,MIDAT_nuclear_1_elec_edge,ThermalPower{Uranium},EdgeWithUC{Electricity},1.0002194117904835,0.0,2438.9997805882094,2440.0
Electricity,MIDAT,MIDAT_nuclear_2,MIDAT_nuclear_2_elec_edge,ThermalPower{Uranium},EdgeWithUC{Electricity},16.16775715971419,0.0,17754.040242840285,17770.208
Electricity,NE,NE_nuclear_1,NE_nuclear_1_elec_edge,ThermalPower{Uranium},EdgeWithUC{Electricity},15.252882774808157,0.0,3380.447117225192,3395.7
Electricity,NE,NE_nuclear_2,NE_nuclear_2_elec_edge,ThermalPower{Uranium},EdgeWithUC{Electricity},0.9740405403909768,0.0,2103.725959459609,2104.7
Electricity,NW,NW_nuclear_1,NW_nuclear_1_elec_edge,ThermalPower{Uranium},EdgeWithUC{Electricity},0.759335798747669,0.0,1162.2406642012522,1163.0
Electricity,NCEN,NCEN_nuclear_1,NCEN_nuclear_1_elec_edge,ThermalPower{Uranium},EdgeWithUC{Electricity},5.534013551846773,0.0,11457.969986448154,11463.504
Electricity,NCEN,NCEN_nuclear_2,NCEN_nuclear_2_elec_edge,ThermalPower{Uranium},EdgeWithUC{Electricity},0.8646196201796675,0.0,2884.1363803798204,2885.001
Electricity,SE,SE_nuclear_1,SE_nuclear_1_elec_edge,ThermalPower{Uranium},EdgeWithUC{Electricity},7.290057935774999,0.0,33624.99794206423,33632.288
Electricity,SE,SE_nuclear_2,SE_nuclear_2_elec_edge,ThermalPower{Uranium},EdgeWithUC{Electricity},88.52884646843319,0.0,2139.471153531567,2228.0
Electricity,SW,SW_nuclear_1,SW_nuclear_1_elec_edge,ThermalPower{Uranium},EdgeWithUC{Electricity},6.132430225960395,0.0,3996.866569774039,4002.999
Electricity,TX,TX_nuclear_1,TX_nuclear_1_elec_edge,ThermalPower{Uranium},EdgeWithUC{Electricity},5.1931790023134425,0.0,2554.8068209976864,2560.0
Electricity,TX,TX_nuclear_2,TX_nuclear_2_elec_edge,ThermalPower{Uranium},EdgeWithUC{Electricity},4.853938539361586,0.0,2455.146061460638,2460.0
Electricity,CA,CA_nuclear_mid_0,CA_nuclear_mid_0_elec_edge,ThermalPower{Uranium},EdgeWithUC{Electricity},0.3388553398536837,0.3388553398536837,0.0,0.0
Electricity,NW,NW_nuclear_mid_0,NW_nuclear_mid_0_elec_edge,ThermalPower{Uranium},EdgeWithUC{Electricity},0.32887520591528535,0.32887520591528535,0.0,0.0
Electricity,SW,SW_nuclear_mid_0,SW_nuclear_mid_0_elec_edge,ThermalPower{Uranium},EdgeWithUC{Electricity},0.38973463311072376,0.38973463311072376,0.0,0.0
Electricity,TX,TX_nuclear_mid_0,TX_nuclear_mid_0_elec_edge,ThermalPower{Uranium},EdgeWithUC{Electricity},0.4078652179732013,0.4078652179732013,0.0,0.0
Electricity,NCEN,NCEN_nuclear_mid_0,NCEN_nuclear_mid_0_elec_edge,ThermalPower{Uranium},EdgeWithUC{Electricity},0.3683692701902335,0.3683692701902335,0.0,0.0
Electricity,CEN,CEN_nuclear_mid_0,CEN_nuclear_mid_0_elec_edge,ThermalPower{Uranium},EdgeWithUC{Electricity},0.3773838925061579,0.3773838925061579,0.0,0.0
Electricity,SE,SE_nuclear_mid_0,SE_nuclear_mid_0_elec_edge,ThermalPower{Uranium},EdgeWithUC{Electricity},0.40076311962574745,0.40076311962574745,0.0,0.0
Electricity,MIDAT,MIDAT_nuclear_mid_0,MIDAT_nuclear_mid_0_elec_edge,ThermalPower{Uranium},EdgeWithUC{Electricity},0.38827124001911906,0.3882712400191191,0.0,0.0
Electricity,NE,NE_nuclear_mid_0,NE_nuclear_mid_0_elec_edge,ThermalPower{Uranium},EdgeWithUC{Electricity},0.34785660364885657,0.34785660364885657,0.0,0.0
CO2Captured,CA,CA_Synfuel_Plant,CA_Synfuel_Plant_co2_captured_edge,SyntheticLiquidFuels,UnidirectionalEdge{CO2Captured},0.05017322937895948,0.05017322937895948,0.0,0.0
CO2Captured,NW,NW_Synfuel_Plant,NW_Synfuel_Plant_co2_captured_edge,SyntheticLiquidFuels,UnidirectionalEdge{CO2Captured},0.0758855594285987,0.0758855594285987,0.0,0.0
CO2Captured,SW,SW_Synfuel_Plant,SW_Synfuel_Plant_co2_captured_edge,SyntheticLiquidFuels,UnidirectionalEdge{CO2Captured},0.0558094533992504,0.0558094533992504,0.0,0.0
CO2Captured,TX,TX_Synfuel_Plant,TX_Synfuel_Plant_co2_captured_edge,SyntheticLiquidFuels,UnidirectionalEdge{CO2Captured},0.06033978222405544,0.06033978222405544,0.0,0.0
CO2Captured,NCEN,NCEN_Synfuel_Plant,NCEN_Synfuel_Plant_co2_captured_edge,SyntheticLiquidFuels,UnidirectionalEdge{CO2Captured},0.0780307650894579,0.0780307650894579,0.0,0.0
CO2Captured,CEN,CEN_Synfuel_Plant,CEN_Synfuel_Plant_co2_captured_edge,SyntheticLiquidFuels,UnidirectionalEdge{CO2Captured},0.08364407813403463,0.08364407813403463,0.0,0.0
CO2Captured,SE,SE_Synfuel_Plant,SE_Synfuel_Plant_co2_captured_edge,SyntheticLiquidFuels,UnidirectionalEdge{CO2Captured},0.07604762053227529,0.07604762053227529,0.0,0.0
CO2Captured,MIDAT,MIDAT_Synfuel_Plant,MIDAT_Synfuel_Plant_co2_captured_edge,SyntheticLiquidFuels,UnidirectionalEdge{CO2Captured},0.08077831315360172,0.08077831315360172,0.0,0.0
CO2Captured,NE,NE_Synfuel_Plant,NE_Synfuel_Plant_co2_captured_edge,SyntheticLiquidFuels,UnidirectionalEdge{CO2Captured},0.09421286261074213,0.09421286261074213,0.0,0.0
CO2Captured,CA,CA_Synfuel_Plant_wCCS_Stored_99pct,CA_Synfuel_Plant_wCCS_Stored_99pct_co2_captured_edge,SyntheticLiquidFuels,UnidirectionalEdge{CO2Captured},0.042459618634162324,0.042459618634162324,0.0,0.0
CO2Captured,NW,NW_Synfuel_Plant_wCCS_Stored_99pct,NW_Synfuel_Plant_wCCS_Stored_99pct_co2_captured_edge,SyntheticLiquidFuels,UnidirectionalEdge{CO2Captured},0.07117693611616771,0.07117693611616771,0.0,0.0
CO2Captured,SW,SW_Synfuel_Plant_wCCS_Stored_99pct,SW_Synfuel_Plant_wCCS_Stored_99pct_co2_captured_edge,SyntheticLiquidFuels,UnidirectionalEdge{CO2Captured},0.061121591447632594,0.061121591447632594,0.0,0.0
CO2Captured,TX,TX_Synfuel_Plant_wCCS_Stored_99pct,TX_Synfuel_Plant_wCCS_Stored_99pct_co2_captured_edge,SyntheticLiquidFuels,UnidirectionalEdge{CO2Captured},0.056322181036628144,0.056322181036628144,0.0,0.0
CO2Captured,NCEN,NCEN_Synfuel_Plant_wCCS_Stored_99pct,NCEN_Synfuel_Plant_wCCS_Stored_99pct_co2_captured_edge,SyntheticLiquidFuels,UnidirectionalEdge{CO2Captured},0.11971703383512478,0.11971703383512478,0.0,0.0
CO2Captured,CEN,CEN_Synfuel_Plant_wCCS_Stored_99pct,CEN_Synfuel_Plant_wCCS_Stored_99pct_co2_captured_edge,SyntheticLiquidFuels,UnidirectionalEdge{CO2Captured},0.2391541114248489,0.2391541114248489,0.0,0.0
CO2Captured,SE,SE_Synfuel_Plant_wCCS_Stored_99pct,SE_Synfuel_Plant_wCCS_Stored_99pct_co2_captured_edge,SyntheticLiquidFuels,UnidirectionalEdge{CO2Captured},0.10668175397765076,0.10668175397765076,0.0,0.0
CO2Captured,MIDAT,MIDAT_Synfuel_Plant_wCCS_Stored_99pct,MIDAT_Synfuel_Plant_wCCS_Stored_99pct_co2_captured_edge,SyntheticLiquidFuels,UnidirectionalEdge{CO2Captured},0.06905185898092932,0.06905185898092932,0.0,0.0
CO2Captured,NE,NE_Synfuel_Plant_wCCS_Stored_99pct,NE_Synfuel_Plant_wCCS_Stored_99pct_co2_captured_edge,SyntheticLiquidFuels,UnidirectionalEdge{CO2Captured},0.09908305902255249,0.09908305902255249,0.0,0.0
CO2Captured,CA,CA_Synfuel_Plant_wCCS_Recycled_99pct,CA_Synfuel_Plant_wCCS_Recycled_99pct_co2_captured_edge,SyntheticLiquidFuels,UnidirectionalEdge{CO2Captured},0.025568560440248352,0.025568560440248352,0.0,0.0
CO2Captured,NW,NW_Synfuel_Plant_wCCS_Recycled_99pct,NW_Synfuel_Plant_wCCS_Recycled_99pct_co2_captured_edge,SyntheticLiquidFuels,UnidirectionalEdge{CO2Captured},0.03654917722765141,0.03654917722765141,0.0,0.0
CO2Captured,SW,SW_Synfuel_Plant_wCCS_Recycled_99pct,SW_Synfuel_Plant_wCCS_Recycled_99pct_co2_captured_edge,SyntheticLiquidFuels,UnidirectionalEdge{CO2Captured},0.025364714259088154,0.025364714259088154,0.0,0.0
CO2Captured,TX,TX_Synfuel_Plant_wCCS_Recycled_99pct,TX_Synfuel_Plant_wCCS_Recycled_99pct_co2_captured_edge,SyntheticLiquidFuels,UnidirectionalEdge{CO2Captured},0.030984689151046883,0.030984689151046883,0.0,0.0
CO2Captured,NCEN,NCEN_Synfuel_Plant_wCCS_Recycled_99pct,NCEN_Synfuel_Plant_wCCS_Recycled_99pct_co2_captured_edge,SyntheticLiquidFuels,UnidirectionalEdge{CO2Captured},0.02828641451962084,0.02828641451962084,0.0,0.0
CO2Captured,CEN,CEN_Synfuel_Plant_wCCS_Recycled_99pct,CEN_Synfuel_Plant_wCCS_Recycled_99pct_co2_captured_edge,SyntheticLiquidFuels,UnidirectionalEdge{CO2Captured},0.02186477192986588,0.02186477192986588,0.0,0.0
CO2Captured,SE,SE_Synfuel_Plant_wCCS_Recycled_99pct,SE_Synfuel_Plant_wCCS_Recycled_99pct_co2_captured_edge,SyntheticLiquidFuels,UnidirectionalEdge{CO2Captured},0.029346395268667246,0.029346395268667246,0.0,0.0
CO2Captured,MIDAT,MIDAT_Synfuel_Plant_wCCS_Recycled_99pct,MIDAT_Synfuel_Plant_wCCS_Recycled_99pct_co2_captured_edge,SyntheticLiquidFuels,UnidirectionalEdge{CO2Captured},0.027270007408747066,0.027270007408747066,0.0,0.0
CO2Captured,NE,NE_Synfuel_Plant_wCCS_Recycled_99pct,NE_Synfuel_Plant_wCCS_Recycled_99pct_co2_captured_edge,SyntheticLiquidFuels,UnidirectionalEdge{CO2Captured},0.026798363785828113,0.026798363785828113,0.0,0.0
CO2Captured,CA,CA_Syn_NG_Plant,CA_Syn_NG_Plant_co2_captured_edge,SyntheticNaturalGas,UnidirectionalEdge{CO2Captured},0.042432488021278844,0.042432488021278844,0.0,0.0
CO2Captured,NW,NW_Syn_NG_Plant,NW_Syn_NG_Plant_co2_captured_edge,SyntheticNaturalGas,UnidirectionalEdge{CO2Captured},0.06084891807053886,0.06084891807053886,0.0,0.0
CO2Captured,SW,SW_Syn_NG_Plant,SW_Syn_NG_Plant_co2_captured_edge,SyntheticNaturalGas,UnidirectionalEdge{CO2Captured},0.028150249788097274,0.028150249788097274,0.0,0.0
CO2Captured,TX,TX_Syn_NG_Plant,TX_Syn_NG_Plant_co2_captured_edge,SyntheticNaturalGas,UnidirectionalEdge{CO2Captured},0.060023628273789896,0.060023628273789896,0.0,0.0
CO2Captured,NCEN,NCEN_Syn_NG_Plant,NCEN_Syn_NG_Plant_co2_captured_edge,SyntheticNaturalGas,UnidirectionalEdge{CO2Captured},0.05835493314786442,0.05835493314786442,0.0,0.0
CO2Captured,CEN,CEN_Syn_NG_Plant,CEN_Syn_NG_Plant_co2_captured_edge,SyntheticNaturalGas,UnidirectionalEdge{CO2Captured},0.08228935382393465,0.08228935382393465,0.0,0.0
CO2Captured,SE,SE_Syn_NG_Plant,SE_Syn_NG_Plant_co2_captured_edge,SyntheticNaturalGas,UnidirectionalEdge{CO2Captured},0.06968514266339067,0.06968514266339067,0.0,0.0
CO2Captured,MIDAT,MIDAT_Syn_NG_Plant,MIDAT_Syn_NG_Plant_co2_captured_edge,SyntheticNaturalGas,UnidirectionalEdge{CO2Captured},0.06257758625850864,0.06257758625850864,0.0,0.0
CO2Captured,NE,NE_Syn_NG_Plant,NE_Syn_NG_Plant_co2_captured_edge,SyntheticNaturalGas,UnidirectionalEdge{CO2Captured},0.07258333963683213,0.07258333963683213,0.0,0.0
Electricity,CA_NW,CA_to_NW,CA_to_NW_transmission_edge,TransmissionLink{Electricity},BidirectionalEdge{Electricity},6533.64887461398,0.6488746139801691,0.0,6533.0
Electricity,CA_SW,CA_to_SW,CA_to_SW_transmission_edge,TransmissionLink{Electricity},BidirectionalEdge{Electricity},11964.00085890017,0.0008589001694756094,0.0,11964.0
Electricity,NW_SW,NW_to_SW,NW_to_SW_transmission_edge,TransmissionLink{Electricity},BidirectionalEdge{Electricity},22645.325490739575,18115.325490739575,0.0,4530.0
Electricity,SW_CEN,SW_to_CEN,SW_to_CEN_transmission_edge,TransmissionLink{Electricity},BidirectionalEdge{Electricity},3049.805886419073,2439.805886419073,0.0,610.0
Electricity,TX_CEN,TX_to_CEN,TX_to_CEN_transmission_edge,TransmissionLink{Electricity},BidirectionalEdge{Electricity},12621.395783214984,10096.395783214984,0.0,2525.0
Electricity,NCEN_CEN,NCEN_to_CEN,NCEN_to_CEN_transmission_edge,TransmissionLink{Electricity},BidirectionalEdge{Electricity},20142.8963418332,10291.8963418332,0.0,9851.0
Electricity,NCEN_SE,NCEN_to_SE,NCEN_to_SE_transmission_edge,TransmissionLink{Electricity},BidirectionalEdge{Electricity},18132.34297153973,14387.342971539727,0.0,3745.0
Electricity,NCEN_MIDAT,NCEN_to_MIDAT,NCEN_to_MIDAT_transmission_edge,TransmissionLink{Electricity},BidirectionalEdge{Electricity},9083.103524176522,0.10352417652219056,0.0,9083.0
Electricity,CEN_SE,CEN_to_SE,CEN_to_SE_transmission_edge,TransmissionLink{Electricity},BidirectionalEdge{Electricity},24356.181402725877,19484.181402725877,0.0,4872.0
Electricity,SE_MIDAT,SE_to_MIDAT,SE_to_MIDAT_transmission_edge,TransmissionLink{Electricity},BidirectionalEdge{Electricity},15442.929778368682,9890.929778368682,0.0,5552.0
Electricity,MIDAT_NE,MIDAT_to_NE,MIDAT_to_NE_transmission_edge,TransmissionLink{Electricity},BidirectionalEdge{Electricity},1915.0356597576115,0.03565975761152291,0.0,1915.0
CO2Captured,CA,co2_CA_to_NW,co2_CA_to_NW_storage,GasStorage{CO2Captured},Storage{CO2Captured},0.0,0.0,0.0,0.0
CO2Captured,NW,co2_NW_to_CA,co2_NW_to_CA_storage,GasStorage{CO2Captured},Storage{CO2Captured},0.0,0.0,0.0,0.0
CO2Captured,CA,co2_CA_to_SW,co2_CA_to_SW_storage,GasStorage{CO2Captured},Storage{CO2Captured},0.0,0.0,0.0,0.0
CO2Captured,SW,co2_SW_to_CA,co2_SW_to_CA_storage,GasStorage{CO2Captured},Storage{CO2Captured},0.0,0.0,0.0,0.0
CO2Captured,NW,co2_NW_to_SW,co2_NW_to_SW_storage,GasStorage{CO2Captured},Storage{CO2Captured},0.0,0.0,0.0,0.0
CO2Captured,SW,co2_SW_to_NW,co2_SW_to_NW_storage,GasStorage{CO2Captured},Storage{CO2Captured},0.0,0.0,0.0,0.0
CO2Captured,SW,co2_SW_to_CEN,co2_SW_to_CEN_storage,GasStorage{CO2Captured},Storage{CO2Captured},0.0,0.0,0.0,0.0
CO2Captured,CEN,co2_CEN_to_SW,co2_CEN_to_SW_storage,GasStorage{CO2Captured},Storage{CO2Captured},0.0,0.0,0.0,0.0
CO2Captured,TX,co2_TX_to_CEN,co2_TX_to_CEN_storage,GasStorage{CO2Captured},Storage{CO2Captured},0.0,0.0,0.0,0.0
CO2Captured,CEN,co2_CEN_to_TX,co2_CEN_to_TX_storage,GasStorage{CO2Captured},Storage{CO2Captured},0.0,0.0,0.0,0.0
CO2Captured,NCEN,co2_NCEN_to_CEN,co2_NCEN_to_CEN_storage,GasStorage{CO2Captured},Storage{CO2Captured},0.0,0.0,0.0,0.0
CO2Captured,CEN,co2_CEN_to_NCEN,co2_CEN_to_NCEN_storage,GasStorage{CO2Captured},Storage{CO2Captured},0.0,0.0,0.0,0.0
CO2Captured,NCEN,co2_NCEN_to_SE,co2_NCEN_to_SE_storage,GasStorage{CO2Captured},Storage{CO2Captured},0.0,0.0,0.0,0.0
CO2Captured,SE,co2_SE_to_NCEN,co2_SE_to_NCEN_storage,GasStorage{CO2Captured},Storage{CO2Captured},0.0,0.0,0.0,0.0
CO2Captured,NCEN,co2_NCEN_to_MIDAT,co2_NCEN_to_MIDAT_storage,GasStorage{CO2Captured},Storage{CO2Captured},0.0,0.0,0.0,0.0
CO2Captured,MIDAT,co2_MIDAT_to_NCEN,co2_MIDAT_to_NCEN_storage,GasStorage{CO2Captured},Storage{CO2Captured},0.0,0.0,0.0,0.0
CO2Captured,CEN,co2_CEN_to_SE,co2_CEN_to_SE_storage,GasStorage{CO2Captured},Storage{CO2Captured},0.0,0.0,0.0,0.0
CO2Captured,SE,co2_SE_to_CEN,co2_SE_to_CEN_storage,GasStorage{CO2Captured},Storage{CO2Captured},0.0,0.0,0.0,0.0
CO2Captured,SE,co2_SE_to_MIDAT,co2_SE_to_MIDAT_storage,GasStorage{CO2Captured},Storage{CO2Captured},0.0,0.0,0.0,0.0
CO2Captured,MIDAT,co2_MIDAT_to_SE,co2_MIDAT_to_SE_storage,GasStorage{CO2Captured},Storage{CO2Captured},0.0,0.0,0.0,0.0
CO2Captured,MIDAT,co2_MIDAT_to_NE,co2_MIDAT_to_NE_storage,GasStorage{CO2Captured},Storage{CO2Captured},0.0,0.0,0.0,0.0
CO2Captured,NE,co2_NE_to_MIDAT,co2_NE_to_MIDAT_storage,GasStorage{CO2Captured},Storage{CO2Captured},0.0,0.0,0.0,0.0
Electricity,CA,CA_battery_moderate_0,CA_battery_moderate_0_storage,Battery,Storage{Electricity},2.214330597570101,2.214330597570101,0.0,0.0
Electricity,NW,NW_battery_moderate_0,NW_battery_moderate_0_storage,Battery,Storage{Electricity},2.754275267855643,2.754275267855643,0.0,0.0
Electricity,SW,SW_battery_moderate_0,SW_battery_moderate_0_storage,Battery,Storage{Electricity},2.620901702627808,2.620901702627808,0.0,0.0
Electricity,TX,TX_battery_moderate_0,TX_battery_moderate_0_storage,Battery,Storage{Electricity},3.2651439493606236,3.2651439493606236,0.0,0.0
Electricity,NCEN,NCEN_battery_moderate_0,NCEN_battery_moderate_0_storage,Battery,Storage{Electricity},2.6310498094101082,2.6310498094101082,0.0,0.0
Electricity,CEN,CEN_battery_moderate_0,CEN_battery_moderate_0_storage,Battery,Storage{Electricity},3.7176121207427912,3.7176121207427912,0.0,0.0
Electricity,SE,SE_battery_moderate_0,SE_battery_moderate_0_storage,Battery,Storage{Electricity},2.434292974093386,2.434292974093386,0.0,0.0
Electricity,MIDAT,MIDAT_battery_moderate_0,MIDAT_battery_moderate_0_storage,Battery,Storage{Electricity},2.3982039848350887,2.3982039848350887,0.0,0.0
Electricity,NE,NE_battery_moderate_0,NE_battery_moderate_0_storage,Battery,Storage{Electricity},2.3778610316634983,2.3778610316634983,0.0,0.0
Electricity,CA,CA_hydroelectric_pumped_storage_1,CA_hydroelectric_pumped_storage_1_storage,Battery,Storage{Electricity},2.8479887257814743e6,2.8479887257814743e6,0.0,0.0
Electricity,CEN,CEN_hydroelectric_pumped_storage_1,CEN_hydroelectric_pumped_storage_1_storage,Battery,Storage{Electricity},2.7885569547072006e6,2.7885569547072006e6,0.0,0.0
Electricity,MIDAT,MIDAT_hydroelectric_pumped_storage_1,MIDAT_hydroelectric_pumped_storage_1_storage,Battery,Storage{Electricity},2.8923831298386445e6,2.8923831298386445e6,0.0,0.0
Electricity,NE,NE_hydroelectric_pumped_storage_1,NE_hydroelectric_pumped_storage_1_storage,Battery,Storage{Electricity},2.8397578111728705e6,2.8397578111728705e6,0.0,0.0
Electricity,NW,NW_hydroelectric_pumped_storage_1,NW_hydroelectric_pumped_storage_1_storage,Battery,Storage{Electricity},2.775688212638057e6,2.775688212638057e6,0.0,0.0
Electricity,NCEN,NCEN_hydroelectric_pumped_storage_1,NCEN_hydroelectric_pumped_storage_1_storage,Battery,Storage{Electricity},2.8157481205479987e6,2.8157481205479987e6,0.0,0.0
Electricity,SE,SE_hydroelectric_pumped_storage_1,SE_hydroelectric_pumped_storage_1_storage,Battery,Storage{Electricity},2.9390663569366233e6,2.9390663569366233e6,0.0,0.0
Electricity,SW,SW_hydroelectric_pumped_storage_1,SW_hydroelectric_pumped_storage_1_storage,Battery,Storage{Electricity},2.783454525186117e6,2.783454525186117e6,0.0,0.0
Hydrogen,CA,h2_CA_to_NW,h2_CA_to_NW_storage,GasStorage{Hydrogen},Storage{Hydrogen},0.0,0.0,0.0,0.0
Hydrogen,NW,h2_NW_to_CA,h2_NW_to_CA_storage,GasStorage{Hydrogen},Storage{Hydrogen},0.0,0.0,0.0,0.0
Hydrogen,CA,h2_CA_to_SW,h2_CA_to_SW_storage,GasStorage{Hydrogen},Storage{Hydrogen},0.0,0.0,0.0,0.0
Hydrogen,SW,h2_SW_to_CA,h2_SW_to_CA_storage,GasStorage{Hydrogen},Storage{Hydrogen},0.0,0.0,0.0,0.0
Hydrogen,NW,h2_NW_to_SW,h2_NW_to_SW_storage,GasStorage{Hydrogen},Storage{Hydrogen},0.0,0.0,0.0,0.0
Hydrogen,SW,h2_SW_to_NW,h2_SW_to_NW_storage,GasStorage{Hydrogen},Storage{Hydrogen},0.0,0.0,0.0,0.0
Hydrogen,SW,h2_SW_to_CEN,h2_SW_to_CEN_storage,GasStorage{Hydrogen},Storage{Hydrogen},0.0,0.0,0.0,0.0
Hydrogen,CEN,h2_CEN_to_SW,h2_CEN_to_SW_storage,GasStorage{Hydrogen},Storage{Hydrogen},0.0,0.0,0.0,0.0
Hydrogen,TX,h2_TX_to_CEN,h2_TX_to_CEN_storage,GasStorage{Hydrogen},Storage{Hydrogen},0.0,0.0,0.0,0.0
Hydrogen,CEN,h2_CEN_to_TX,h2_CEN_to_TX_storage,GasStorage{Hydrogen},Storage{Hydrogen},0.0,0.0,0.0,0.0
Hydrogen,NCEN,h2_NCEN_to_CEN,h2_NCEN_to_CEN_storage,GasStorage{Hydrogen},Storage{Hydrogen},0.0,0.0,0.0,0.0
Hydrogen,CEN,h2_CEN_to_NCEN,h2_CEN_to_NCEN_storage,GasStorage{Hydrogen},Storage{Hydrogen},0.0,0.0,0.0,0.0
Hydrogen,NCEN,h2_NCEN_to_SE,h2_NCEN_to_SE_storage,GasStorage{Hydrogen},Storage{Hydrogen},0.0,0.0,0.0,0.0
Hydrogen,SE,h2_SE_to_NCEN,h2_SE_to_NCEN_storage,GasStorage{Hydrogen},Storage{Hydrogen},0.0,0.0,0.0,0.0
Hydrogen,NCEN,h2_NCEN_to_MIDAT,h2_NCEN_to_MIDAT_storage,GasStorage{Hydrogen},Storage{Hydrogen},0.0,0.0,0.0,0.0
Hydrogen,MIDAT,h2_MIDAT_to_NCEN,h2_MIDAT_to_NCEN_storage,GasStorage{Hydrogen},Storage{Hydrogen},0.0,0.0,0.0,0.0
Hydrogen,CEN,h2_CEN_to_SE,h2_CEN_to_SE_storage,GasStorage{Hydrogen},Storage{Hydrogen},0.0,0.0,0.0,0.0
Hydrogen,SE,h2_SE_to_CEN,h2_SE_to_CEN_storage,GasStorage{Hydrogen},Storage{Hydrogen},0.0,0.0,0.0,0.0
Hydrogen,SE,h2_SE_to_MIDAT,h2_SE_to_MIDAT_storage,GasStorage{Hydrogen},Storage{Hydrogen},0.0,0.0,0.0,0.0
Hydrogen,MIDAT,h2_MIDAT_to_SE,h2_MIDAT_to_SE_storage,GasStorage{Hydrogen},Storage{Hydrogen},0.0,0.0,0.0,0.0
Hydrogen,MIDAT,h2_MIDAT_to_NE,h2_MIDAT_to_NE_storage,GasStorage{Hydrogen},Storage{Hydrogen},0.0,0.0,0.0,0.0
Hydrogen,NE,h2_NE_to_MIDAT,h2_NE_to_MIDAT_storage,GasStorage{Hydrogen},Storage{Hydrogen},0.0,0.0,0.0,0.0
Hydrogen,CA,CA_Above_ground_storage,CA_Above_ground_storage_storage,GasStorage{Hydrogen},LongDurationStorage{Hydrogen},205910.6097001233,205910.6097001233,0.0,0.0
Hydrogen,NW,NW_Above_ground_storage,NW_Above_ground_storage_storage,GasStorage{Hydrogen},LongDurationStorage{Hydrogen},54276.87794892243,54276.87794892243,0.0,0.0
Hydrogen,SW,SW_Above_ground_storage,SW_Above_ground_storage_storage,GasStorage{Hydrogen},LongDurationStorage{Hydrogen},107488.2979608532,107488.2979608532,0.0,0.0
Hydrogen,TX,TX_Above_ground_storage,TX_Above_ground_storage_storage,GasStorage{Hydrogen},LongDurationStorage{Hydrogen},315250.2205811442,315250.2205811442,0.0,0.0
Hydrogen,NCEN,NCEN_Above_ground_storage,NCEN_Above_ground_storage_storage,GasStorage{Hydrogen},LongDurationStorage{Hydrogen},539205.01786234,539205.01786234,0.0,0.0
Hydrogen,CEN,CEN_Above_ground_storage,CEN_Above_ground_storage_storage,GasStorage{Hydrogen},LongDurationStorage{Hydrogen},606175.4343547182,606175.4343547182,0.0,0.0
Hydrogen,SE,SE_Above_ground_storage,SE_Above_ground_storage_storage,GasStorage{Hydrogen},LongDurationStorage{Hydrogen},862900.362156181,862900.362156181,0.0,0.0
Hydrogen,MIDAT,MIDAT_Above_ground_storage,MIDAT_Above_ground_storage_storage,GasStorage{Hydrogen},LongDurationStorage{Hydrogen},311804.5088873573,311804.5088873573,0.0,0.0
Hydrogen,NE,NE_Above_ground_storage,NE_Above_ground_storage_storage,GasStorage{Hydrogen},LongDurationStorage{Hydrogen},364523.2919180097,364523.2919180097,0.0,0.0
Electricity,CA,CA_conventional_hydroelectric_1,CA_conventional_hydroelectric_1_storage,HydroRes,Storage{Electricity},0.0,0.0,0.0,0.0
Electricity,CEN,CEN_conventional_hydroelectric_1,CEN_conventional_hydroelectric_1_storage,HydroRes,Storage{Electricity},0.0,0.0,0.0,0.0
Electricity,MIDAT,MIDAT_conventional_hydroelectric_1,MIDAT_conventional_hydroelectric_1_storage,HydroRes,Storage{Electricity},0.0,0.0,0.0,0.0
Electricity,NE,NE_conventional_hydroelectric_1,NE_conventional_hydroelectric_1_storage,HydroRes,Storage{Electricity},0.0,0.0,0.0,0.0
Electricity,NW,NW_conventional_hydroelectric_1,NW_conventional_hydroelectric_1_storage,HydroRes,Storage{Electricity},0.0,0.0,0.0,0.0
Electricity,NCEN,NCEN_conventional_hydroelectric_1,NCEN_conventional_hydroelectric_1_storage,HydroRes,Storage{Electricity},0.0,0.0,0.0,0.0
Electricity,SE,SE_conventional_hydroelectric_1,SE_conventional_hydroelectric_1_storage,HydroRes,Storage{Electricity},0.0,0.0,0.0,0.0
Electricity,SW,SW_conventional_hydroelectric_1,SW_conventional_hydroelectric_1_storage,HydroRes,Storage{Electricity},0.0,0.0,0.0,0.0
Electricity,TX,TX_conventional_hydroelectric_1,TX_conventional_hydroelectric_1_storage,HydroRes,Storage{Electricity},0.0,0.0,0.0,0.0
