corn_NCEN,corn_CEN,bioagri_CA,bioagri_NW,bioagri_SW,bioagri_TX,bioagri_NCEN,bioagri_CEN,bioagri_SE,bioagri_MIDAT,bioagri_NE,bioherb_CA,bioherb_NW,bioherb_SW,bioherb_TX,bioherb_NCEN,bioherb_CEN,bioherb_SE,bioherb_MIDAT,bioherb_NE,biowood_CA,biowood_NW,biowood_SW,biowood_TX,biowood_NCEN,biowood_CEN,biowood_SE,biowood_MIDAT,biowood_NE,ethanol_CA,ethanol_NW,ethanol_SW,ethanol_TX,ethanol_NCEN,ethanol_CEN,ethanol_SE,ethanol_MIDAT,ethanol_NE,ethylene_CA,ethylene_NW,ethylene_SW,ethylene_TX,ethylene_NCEN,ethylene_CEN,ethylene_SE,ethylene_MIDAT,ethylene_NE,gasoline_CA,gasoline_NW,gasoline_SW,gasoline_TX,gasoline_NCEN,gasoline_CEN,gasoline_SE,gasoline_MIDAT,gasoline_NE,ethylene_demand_CA,ethylene_demand_SW,ethylene_demand_NW,ethylene_demand_TX,ethylene_demand_NCEN,ethylene_demand_CEN,ethylene_demand_SE,ethylene_demand_MIDAT,ethylene_demand_NE,gasoline_demand_CA,gasoline_demand_SW,gasoline_demand_NW,gasoline_demand_TX,gasoline_demand_NCEN,gasoline_demand_CEN,gasoline_demand_SE,gasoline_demand_MIDAT,gasoline_demand_NE,natgas_CA,natgas_NW,natgas_SW,natgas_TX,natgas_NCEN,natgas_CEN,natgas_SE,natgas_MIDAT,natgas_NE,natgas_demand_CA,natgas_demand_SW,natgas_demand_NW,natgas_demand_TX,natgas_demand_NCEN,natgas_demand_CEN,natgas_demand_SE,natgas_demand_MIDAT,natgas_demand_NE,elec_CA,elec_NW,elec_SW,elec_TX,elec_NCEN,elec_CEN,elec_SE,elec_MIDAT,elec_NE,h2_CA,h2_NW,h2_SW,h2_TX,h2_NCEN,h2_CEN,h2_SE,h2_MIDAT,h2_NE,co2_captured_CA,co2_captured_NW,co2_captured_SW,co2_captured_TX,co2_captured_NCEN,co2_captured_CEN,co2_captured_SE,co2_captured_MIDAT,co2_captured_NE
155.0,155.0,32.438614938481656,41.511260788433894,37.97567657131592,31.046692803220353,41.4818396222071,37.87377943150174,31.126621360952644,38.38063793111225,38.89641196876432,71.95119013454082,65.41790249012443,59.74039397460753,63.12693762256158,62.47466624283354,66.02843122804552,60.57292222487158,56.84452361720927,59.93958718398748,35.151840323874566,37.69301834439741,37.44160001478627,37.59944303781678,33.479418754656876,32.18763052316496,24.655401218012013,20.93151699563827,27.241173687290512,-16.094524310245834,-11.36851883849745,-12.259965617746719,-16.955049521546925,59.31927644822198,59.12845872629493,-17.082248067665386,-12.519642701856409,-11.84214566792728,956.0189776459601,956.0189776459601,956.0189776459601,956.0189776459601,956.0189776459601,956.0189776459601,956.0189776459601,956.0189776459601,956.0189776459601,-138.17710160085434,-135.1909991245813,-147.2628980596835,-147.66150195756757,-149.42085613119468,-149.57932654736123,-148.91419516593393,-162.0386562701528,-175.81757237159596,-0.0,-0.0,-0.0,956.0189776459601,956.0189776459601,956.0189776459601,956.0189776459601,956.0189776459601,-0.0,-138.17710160085434,-147.2628980596835,-135.1909991245813,-147.66150195756757,-149.42085613119468,-149.57932654736123,-148.91419516593393,-162.0386562701528,-175.81757237159596,15.972872675124622,15.293036873680576,13.206775207662371,13.358363024673114,14.944701315840627,15.046938236923523,12.487836020141806,12.069378298251511,14.79777654850772,-0.0,-0.0,-0.0,-0.0,-0.0,-0.0,-0.0,-0.0,-0.0,120.38768329714325,119.24040961343877,125.38355149294289,128.25740526888566,141.56539144196512,134.88183914941914,130.51658035370554,131.9662291583223,127.60635864268566,13.552661834585953,13.017065405893474,14.722449757999222,15.837037707583248,19.405237421562667,20.380318246791106,15.367806303462206,16.38539528301865,14.110627002728732,2.666202977093043,4.935907127464374,-4.718891961139619,-4.999793235904082,-6.094817869426145,-6.199867713728912,-6.095230718058663,-16.198267731424046,-26.304983937730285
155.0,155.0,32.440607951929415,41.51780138031482,37.9858691993168,31.08933229987264,41.48079599949206,37.87102893634445,31.13586922321195,38.39230264716772,38.91974650870148,72.06787711168116,65.45319886650297,59.76991213493437,63.15329004103674,62.48995317190739,66.02011114323783,60.60928960815677,56.87232186892048,59.99394120756471,35.15513685841473,37.67009635010876,37.46784390580847,37.60523096462159,33.442888106204,32.12681333638055,24.60910445370583,20.936946928990697,27.280489662097764,-18.07883205287031,-13.337709840365212,-14.345864443145306,-19.07521206814194,62.88445659655453,62.63525977433418,-19.232954907099675,-14.705277300117501,-13.90602868138456,1013.3981233542397,1013.3981233542397,1013.3981233542397,1013.3981233542397,1013.3981233542397,1013.3981233542397,1013.3981233542397,1013.3981233542397,1013.3981233542397,-146.7301805618135,-143.7206957924598,-155.79668621553574,-156.19730094829956,-157.95657339352417,-158.11511778236687,-157.44929308833994,-170.57349990935077,-184.84946303857063,-0.0,-0.0,-0.0,1013.3981233542397,1013.3981233542397,1013.3981233542397,1013.3981233542397,1013.3981233542397,-0.0,-146.7301805618135,-155.79668621553574,-143.7206957924598,-156.19730094829956,-157.95657339352417,-158.11511778236687,-157.44929308833994,-170.57349990935077,-184.84946303857063,15.993426767701747,15.293968924642401,13.202634937408064,13.358382188395069,14.944383466550232,15.046923867367639,12.48447156423012,12.064827352630594,14.78792606143497,-0.0,-0.0,-0.0,-0.0,-0.0,-0.0,-0.0,-0.0,-0.0,145.55258558557264,144.1484163844244,151.83190614910882,155.4032861993379,171.5750183067134,163.44002112710217,157.7763937158731,159.6872186815382,153.88354450664698,14.166765954813208,13.608242464795694,15.388907526925921,16.497854196885683,20.116459929024543,21.074183623565208,16.034335889531455,17.0518840428825,14.744753633188356,2.6562299417843502,4.9411438574375275,-4.7180109744306,-4.999793360945699,-6.094808699141564,-6.199867201699925,-6.095228895840031,-16.198258765190076,-26.6859298931094
155.0,155.0,32.43555256597205,41.522084234098486,37.99545176775679,31.136965562652787,41.47901915439553,37.8743587614102,31.163174402538132,38.40703532668579,38.95558034932763,72.19955585342159,65.48654409141001,59.813519516472056,63.20421245919022,62.51766271079297,66.04958127433244,60.65368787580258,56.94456061390048,60.077427683683275,35.155391856395376,37.64389926144191,37.48923518534552,37.61681367394191,33.42372078636805,32.07570904730318,24.596117496683256,20.971335413062967,27.36928967991953,-20.348425645097063,-15.571197472453244,-16.752889454841917,-21.52094855755379,67.07937598462851,66.76739106309513,-21.700329908599276,-17.22139923856923,-16.277553559642357,1081.1714428866273,1081.1714428866273,1081.1714428866273,1081.1714428866273,1081.1714428866273,1081.1714428866273,1081.1714428866273,1081.1714428866273,1081.1714428866273,-156.87443151607692,-153.87668645145675,-165.87245796118842,-166.27930929375037,-168.03853454111385,-168.19716327224947,-167.5319285948272,-180.65841696425235,-195.33596200222624,-0.0,-0.0,-0.0,1081.1714428866273,1081.1714428866273,1081.1714428866273,1081.1714428866273,1081.1714428866273,-0.0,-156.87443151607692,-165.87245796118842,-153.87668645145675,-166.27930929375037,-168.03853454111385,-168.19716327224947,-167.5319285948272,-180.65841696425235,-195.33596200222624,15.979611091247346,15.278087351444722,13.206559083990985,13.358192254832813,14.944009448983202,15.046925051442088,12.487455961714742,12.078771235769047,14.799695804543413,-0.0,-0.0,-0.0,-0.0,-0.0,-0.0,-0.0,-0.0,-0.0,174.53508234267773,172.84895821314288,182.33425055889094,186.70504646183986,206.17635267385938,196.37063331923036,189.18598678149576,191.6104965451312,184.15112212943558,14.810125162229658,14.243228438374189,16.070437273574385,17.18859970354026,20.856641141280953,21.78579452035274,16.72480390211626,17.74460593509946,15.393694936137834,2.606476886519664,4.876857520094414,-4.712593627937412,-4.999794993408989,-6.094803299590077,-6.199867067335829,-6.0952089966638185,-16.198253432637788,-26.993378808530135
155.0,155.0,32.4322794524193,41.51685649648732,37.98660222203925,31.09803937439316,41.479289653145045,37.86295890622551,31.126514476344337,38.396283932015706,38.92812231998952,72.1866469280069,65.45025470084137,59.78189192172365,63.17928825739676,62.50068213969328,66.04058221975875,60.620389622385986,56.90149339647207,60.01373885040798,35.15279030779434,37.65308630774933,37.47290768977482,37.60419692108904,33.420567474471156,32.0894551898116,24.58329055964475,20.94294706258931,27.29315361330802,-18.751197231435157,-13.990385206719852,-15.058328024356522,-19.800145984217746,64.1054916743252,63.83959823290067,-19.976292949936912,-15.45254337127182,-14.612516224363429,1033.1672445806394,1033.1672445806394,1033.1672445806394,1033.1672445806394,1033.1672445806394,1033.1672445806394,1033.1672445806394,1033.1672445806394,1033.1672445806394,-149.71350086246434,-146.7121120301819,-158.7328434405383,-159.13789607508974,-160.8976550253544,-161.0560035914036,-160.3901972741311,-173.51406617616922,-188.1566898360432,-0.0,-0.0,-0.0,1033.1672445806394,1033.1672445806394,1033.1672445806394,1033.1672445806394,1033.1672445806394,-0.0,-149.71350086246434,-158.7328434405383,-146.7121120301819,-159.13789607508974,-160.8976550253544,-161.0560035914036,-160.3901972741311,-173.51406617616922,-188.1566898360432,15.980807041265713,15.279160667453812,13.203188550862013,13.357000759104574,14.945374642971167,15.046939866857597,12.484661834464596,12.063322453459419,14.775673449948767,-0.0,-0.0,-0.0,-0.0,-0.0,-0.0,-0.0,-0.0,-0.0,154.21627994031377,152.6921794422563,160.84325733755966,164.63724777197433,181.78967656815234,173.1548316827741,167.0957761426754,169.16493860493856,162.88164835093357,14.477394198257294,13.908750484184614,15.697190783864292,16.785770191176965,20.41606778252436,21.361891179567184,16.32021480193275,17.329314337972303,15.02315145243078,2.6217809762414133,4.8965289353362325,-4.714312060750665,-4.999793845734289,-6.094806659455529,-6.199869364279145,-6.0952175986955055,-16.19825667232399,-26.968029389718957
155.0,155.0,32.35618318071659,41.51491521168154,37.96852117094034,31.162939783265056,41.45963083337605,37.84685373738992,31.130886882586836,38.394771657354696,38.99729005509875,73.06612719046883,65.55758076213493,59.78202574350769,63.231336017578165,62.540401588770095,66.03873998151602,60.71815344709046,57.020952015135286,60.209742605348694,35.14445537078972,37.533021626201936,37.47247757260366,37.54868950271366,33.31872940185185,31.85211524515476,24.366278761046452,20.837525887801505,27.282167690187805,-50.84835499333299,-45.76804659635085,-48.79742019415425,-54.35947704993538,121.10726128700274,120.81097185204051,-53.07903143486712,-49.09083486718248,-46.55519366365489,1961.0253658404265,1961.0253658404265,1961.0253658404265,1961.0253658404265,1961.0253658404265,1961.0253658404265,1961.0253658404265,1961.0253658404265,1961.0253658404265,-287.7122260190797,-284.67616435088803,-296.7622263240559,-297.1673644452899,-298.9270884597855,-299.0853611444439,-298.4192197267363,-311.54131997583636,-326.5847391787947,-0.0,-0.0,-0.0,1961.0253658404265,1961.0253658404265,1961.0253658404265,1961.0253658404265,1961.0253658404265,-0.0,-287.7122260190797,-296.7622263240559,-284.67616435088803,-297.1673644452899,-298.9270884597855,-299.0853611444439,-298.4192197267363,-311.54131997583636,-326.5847391787947,15.99698912658372,15.283921840965265,13.198949955973884,13.357539910702995,14.945801956527005,15.04694975832164,12.48307102024621,12.05304348207873,14.781412298719797,-0.0,-0.0,-0.0,-0.0,-0.0,-0.0,-0.0,-0.0,-0.0,559.1211027738437,553.9654678045337,587.150323311809,601.9882417303554,642.1335348173509,633.2410924073891,585.5424715177428,594.3329419166487,567.1935161236016,22.47508119593586,21.80817450270753,24.160247050562575,25.53447504737139,29.580237228969246,30.54002795967495,24.67400612199509,25.828659796372722,22.979831250404516,2.6477616263022647,4.951711203193456,-4.7150009645472775,-4.999793827782498,-6.094797580960598,-6.199868156750529,-6.095212837248412,-16.1982709913247,-27.272024482671256
155.0,155.0,32.41819730068259,41.52753819376398,38.003443026888654,31.185406583305216,41.474838823551295,37.88113446436258,31.215037135882692,38.419658124856404,38.98228783525544,73.17975888843698,65.53416558100223,59.83937139927564,63.25199267335721,62.539664391639704,66.09075047247715,60.70132700357959,57.013909472500735,60.12901915528017,35.16067723723386,37.609921350062784,37.51243319173322,37.622007800370795,33.406509565759116,32.024762946117555,24.604050104645324,21.00266308607095,27.378137453578244,-24.662483240573494,-19.830100755939068,-21.27656467972107,-26.139377566208154,74.24314011720182,74.11392848756607,-25.612203786093207,-21.24829945635353,-20.08006516476117,1199.6457314112174,1199.6457314112174,1199.6457314112174,1199.6457314112174,1199.6457314112174,1199.6457314112174,1199.6457314112174,1199.6457314112174,1199.6457314112174,-174.48907936391473,-171.49682864359863,-183.49560819128146,-183.90367901923617,-185.66342736087296,-185.82156025076847,-185.1547485867691,-198.27770855033415,-212.93192543083015,-0.0,-0.0,-0.0,1199.6457314112174,1199.6457314112174,1199.6457314112174,1199.6457314112174,1199.6457314112174,-0.0,-174.48907936391473,-183.49560819128146,-171.49682864359863,-183.90367901923617,-185.66342736087296,-185.82156025076847,-185.1547485867691,-198.27770855033415,-212.93192543083015,16.009075073742817,15.292107226618015,13.199987856202007,13.35810583970689,14.946428567584901,15.046971485141444,12.479992938767847,12.05382575518389,14.790154362881461,-0.0,-0.0,-0.0,-0.0,-0.0,-0.0,-0.0,-0.0,-0.0,228.84049697489147,226.68477619473254,239.57760154012107,245.47572755535646,261.9487017962442,258.16482809988247,239.05385907122607,242.61247165460372,232.4316660113148,15.920238744103328,15.327304437506186,17.24496919634702,18.403207459157034,21.946592658439222,23.040135123526703,17.719427180849124,18.782330485155935,16.318056832033385,2.618576024064616,4.882799924531307,-4.712685856874926,-4.999796030165635,-6.094808807277936,-6.199867972113036,-6.09518946921481,-16.198295630024,-26.97314877686061
155.0,155.0,32.42574968395672,41.52457752652862,38.004278789971686,31.13242328557778,41.478600275485086,37.877317739058725,31.193615683839262,38.40957664454156,38.94394214154817,72.41762314076422,65.48936655621948,59.81454715676255,63.23085454710405,62.518293409644976,66.09370402866521,60.66472907866814,56.95720642261921,60.027992491370306,35.16048530833493,37.633461554875495,37.509068496448364,37.613753908782165,33.43451669622035,32.07525261077682,24.64873890784451,20.980358854292568,27.278031394820818,-21.12758802682486,-16.29443149468476,-17.465818458263087,-22.271135762962615,67.57436302714542,67.4652537210294,-21.772954302537364,-17.384580172208267,-16.535313325747328,1090.203863159869,1090.203863159869,1090.203863159869,1090.203863159869,1090.203863159869,1090.203863159869,1090.203863159869,1090.203863159869,1090.203863159869,-158.1991510556219,-155.22169175773155,-167.22187482792688,-167.62252126501838,-169.38337912574647,-169.54085987222322,-168.87170578741157,-181.9942555279249,-196.39488219768745,-0.0,-0.0,-0.0,1090.203863159869,1090.203863159869,1090.203863159869,1090.203863159869,1090.203863159869,-0.0,-158.1991510556219,-167.22187482792688,-155.22169175773155,-167.62252126501838,-169.38337912574647,-169.54085987222322,-168.87170578741157,-181.9942555279249,-196.39488219768745,16.032586768174554,15.322813139325923,13.203349513726259,13.35595394642048,14.949434555097447,15.047006520985871,12.468682996989223,12.040226824822158,14.733082177777874,-0.0,-0.0,-0.0,-0.0,-0.0,-0.0,-0.0,-0.0,-0.0,184.14899222560052,181.96629181071822,191.41745034390135,196.15022217327862,208.78035326121713,206.25399428411762,190.3520377501976,193.69377794559205,187.31429583336984,14.993469727066207,14.457298034870602,16.210176274375776,17.37500279813689,20.84109003664581,21.945447497205162,16.694358808518615,17.769251715462815,15.373659181557311,2.62933629997951,4.88343595995768,-4.717491949357573,-4.999794761676835,-6.094841734379003,-6.199871216502615,-6.095192455077104,-16.198346275995657,-26.78612897103348
155.0,155.0,32.409400003704576,41.531640366327174,38.01274014445591,31.140179785284094,41.47165109611624,37.873687782047625,31.201100577262647,38.42419301454904,38.99195958391557,73.09541103864257,65.5680537153942,59.84187629127503,63.27132678832883,62.54848408976931,66.0979794742776,60.72525199193543,57.04782057116425,60.14292900993719,35.16243783297026,37.59240834655466,37.5365528855682,37.56664462141043,33.40235093380594,31.9631109660063,24.533650499390333,20.975395451740386,27.317743305679954,-30.518863119352336,-25.63149206279013,-27.434055518572737,-32.52052090453033,84.40580311732317,84.26805200918204,-31.69338515118058,-27.350897228163458,-25.865684766145666,1363.404882761322,1363.404882761322,1363.404882761322,1363.404882761322,1363.404882761322,1363.404882761322,1363.404882761322,1363.404882761322,1363.404882761322,-198.80773500799967,-195.79902943037723,-207.86466553200472,-208.2626165427853,-210.02523302418655,-210.18259628396524,-209.5125907831406,-222.6357348465273,-236.99165757932693,-0.0,-0.0,-0.0,1363.404882761322,1363.404882761322,1363.404882761322,1363.404882761322,1363.404882761322,-0.0,-198.80773500799967,-207.86466553200472,-195.79902943037723,-208.2626165427853,-210.02523302418655,-210.18259628396524,-209.5125907831406,-222.6357348465273,-236.99165757932693,16.03137797718468,15.312347254953934,13.211028903399987,13.348035337434228,14.949918254635747,15.047014796028298,12.464619088548513,12.038712763713006,14.726486996581292,-0.0,-0.0,-0.0,-0.0,-0.0,-0.0,-0.0,-0.0,-0.0,302.54912835925694,299.691718356322,317.48265174013983,325.7633266212303,345.56914604832883,342.52000683164573,315.80502142244,319.7848740506319,305.6394018584815,17.08320618472775,16.421091670405644,18.4654564656586,19.86943531334309,23.46678873303483,24.563008014008535,19.14920615117837,20.229378245743714,17.600498789256985,2.6544955254603075,4.935243475292138,-4.717089200098747,-4.999793247538082,-6.094858596612254,-6.199873289181292,-6.095186310274833,-16.19839207830138,-26.752789493751237
155.0,155.0,32.3647895655203,41.473343473307274,37.9114847787255,30.72847848617626,41.473648365229494,37.84063341363893,30.94963419707419,38.31292927246707,38.820780264745366,71.21936359074756,65.23905853161203,59.59056417366905,62.97470444607863,62.243589462704186,65.93800194532618,60.33825162207782,56.655667508498844,59.70909567840888,35.051566477303155,37.722462801667454,37.280554166962375,37.479464393962296,33.47302276464104,32.29015878942809,24.63456794317642,20.749079715338667,27.071449500253355,-10.544480100157841,-5.855199544422777,-6.398859036074768,-11.148393157055114,51.35240129192122,51.29726932426712,-10.869799999172113,-6.1863609172339755,-5.802398464390069,830.1060519219817,830.1060519219817,830.1060519219817,830.1060519219817,830.1060519219817,830.1060519219817,830.1060519219817,830.1060519219817,830.1060519219817,-119.20195720225817,-116.25873339128447,-128.50231025213301,-128.9199199434208,-130.6898594392413,-130.84838750528954,-130.16864222404914,-143.26322232341477,-155.50269701997408,-0.0,-0.0,-0.0,830.1060519219817,830.1060519219817,830.1060519219817,830.1060519219817,830.1060519219817,-0.0,-119.20195720225817,-128.50231025213301,-116.25873339128447,-128.9199199434208,-130.6898594392413,-130.84838750528954,-130.16864222404914,-143.26322232341477,-155.50269701997408,15.082990367716091,14.59231831950186,13.121313230104088,13.30694233881425,14.94419651235593,15.047036986681483,12.417553225032933,11.853048808642923,14.004705976233371,-0.0,-0.0,-0.0,-0.0,-0.0,-0.0,-0.0,-0.0,-0.0,49.32190882208129,48.925333760684985,50.777341304634405,52.269160177325425,55.193658171355835,54.775762692242026,50.55021626809293,51.36316983952763,50.64893694761797,11.886497571124435,11.379234533219416,13.064872196176003,14.339865550240393,17.61978170994065,18.745739883931844,13.845518135792837,14.838510230686245,12.609552324378111,2.712445856253628,4.983058451350959,-4.7097321456755195,-4.999793810524957,-6.094875137211908,-6.199873782052884,-6.095172413286485,-16.19841530126841,-25.21889330934575
155.0,155.0,32.35790154766077,41.468305549769006,37.91173312097388,30.72640315694713,41.473801701746424,37.83492898369181,30.92934337860975,38.308108515515954,38.798239237604534,71.06318138300205,65.21730668903152,59.56568918171575,62.974298650913454,62.252771513172135,65.94934407519715,60.331844101667556,56.64050616552893,59.664397792138814,35.04264663721733,37.711581936658675,37.27959371478274,37.47971908805947,33.47437012078291,32.28504760642347,24.61476127688827,20.735068556542792,26.987252303386537,-10.437503507545358,-5.768787986127556,-6.276789042221457,-11.024639282504554,51.30289029157978,51.242313690256324,-10.759218760337053,-6.062182985672173,-5.686909761863214,829.2291751586891,829.2291751586891,829.2291751586891,829.2291751586891,829.2291751586891,829.2291751586891,829.2291751586891,829.2291751586891,829.2291751586891,-119.00192923987065,-116.02505937610152,-128.3456267532365,-128.78540829821063,-130.55947323220934,-130.71793272210718,-130.03346621785917,-143.1205117921254,-154.86306390792458,-0.0,-0.0,-0.0,829.2291751586891,829.2291751586891,829.2291751586891,829.2291751586891,829.2291751586891,-0.0,-119.00192923987065,-128.3456267532365,-116.02505937610152,-128.78540829821063,-130.55947323220934,-130.71793272210718,-130.03346621785917,-143.1205117921254,-154.86306390792458,14.921716071637084,14.42934205826246,12.989156745049703,13.287249718475284,14.944471096153242,15.046983303826337,12.39457529788627,11.79366121189874,13.587251854992076,-0.0,-0.0,-0.0,-0.0,-0.0,-0.0,-0.0,-0.0,-0.0,47.72588462225897,47.40021404710638,49.23642841776632,50.68802559485106,53.48904275355369,53.11595458588228,48.987125300091854,49.754300149141955,49.00547764941306,11.671340091883046,11.197799577496458,12.90315050813186,14.252877698952833,17.507292284976394,18.639337804761528,13.77018286210094,14.754503928900672,12.46764114217913,2.7401978489957552,5.040984450818142,-4.710530921944277,-4.999793083253963,-6.094876982216986,-6.199875009104918,-6.095182289442865,-16.198411388301253,-24.895396917394702
155.0,155.0,32.35811427557055,41.46868636417134,37.91227006337902,30.7286868120406,41.4754054766727,37.84471286199734,30.9389835681801,38.31001007514687,38.80401686327026,70.98916540778892,65.2241438257681,59.56269121318707,62.96633357631968,62.24904437344338,65.9349814986258,60.33170203639206,56.65296249611912,59.67632625044782,35.036829618557135,37.71513023653071,37.27878486489123,37.48125200953158,33.498366975031935,32.31685907670284,24.624091860604857,20.768068136741196,27.018684640939224,-10.427597702588749,-5.770122423102949,-6.238640930199493,-10.982898298039398,51.31604559488808,51.255820458835174,-10.714407375021521,-6.023468453367653,-5.64510626036757,829.3330800579377,829.3330800579377,829.3330800579377,829.3330800579377,829.3330800579377,829.3330800579377,829.3330800579377,829.3330800579377,829.3330800579377,-118.91438954958149,-115.93351125290819,-128.35376794655866,-128.78288106068848,-130.57469953870051,-130.73338877078393,-130.04274591066257,-143.13700130432105,-154.3851033212096,-0.0,-0.0,-0.0,829.3330800579377,829.3330800579377,829.3330800579377,829.3330800579377,829.3330800579377,-0.0,-118.91438954958149,-128.35376794655866,-115.93351125290819,-128.78288106068848,-130.57469953870051,-130.73338877078393,-130.04274591066257,-143.13700130432105,-154.3851033212096,14.794496294022313,14.33110982036499,12.967626031802588,13.20013596900658,14.943365742270718,15.046979331235779,12.36465206056242,11.798794726436586,13.37282340202571,-0.0,-0.0,-0.0,-0.0,-0.0,-0.0,-0.0,-0.0,-0.0,47.205459274831995,46.93181430167701,48.758621045885874,50.179040772409884,52.98018661381426,52.60118125444596,48.499286767773214,49.28045492892874,48.52417834375802,11.468066761471325,11.024378323263425,12.7202011861223,14.137463909507524,17.396968716452484,18.536631762851357,13.671172380161691,14.657398652023392,12.285091517741725,2.7988797828895584,5.113180886326178,-4.708335328877503,-4.999792850799883,-6.094875049650148,-6.199874889422345,-6.0951823568147425,-16.198390520174076,-24.551907676034975
155.0,155.0,32.348697470794356,41.46382371807131,37.90487376683875,30.706264761193847,41.474283024578895,37.83341873693989,30.918408507028417,38.30190780950923,38.807873894982755,70.92710195232848,65.21021402973547,59.55848057056327,62.956782271251406,62.22606685935859,65.92805805220897,60.31198829804947,56.647917394458105,59.6883536862723,35.02110961452781,37.71069974995465,37.25888609813255,37.471895466272926,33.47927532233076,32.30002412027395,24.614240671577658,20.742058472147196,27.05068747208418,-10.0777389735571,-5.418264168938929,-5.855188669363793,-10.597763857186134,50.98630470676313,50.920619302104306,-10.342330525883574,-5.643266790277175,-5.2752780804427895,823.6979527192875,823.6979527192875,823.6979527192875,823.6979527192875,823.6979527192875,823.6979527192875,823.6979527192875,823.6979527192875,823.6979527192875,-117.98292620670092,-115.01807179808311,-127.34897782984883,-127.71235231244927,-129.73491275545064,-129.89509998491278,-129.02536546981736,-142.1604611664254,-152.95590569682616,-0.0,-0.0,-0.0,823.6979527192875,823.6979527192875,823.6979527192875,823.6979527192875,823.6979527192875,-0.0,-117.98292620670092,-127.34897782984883,-115.01807179808311,-127.71235231244927,-129.73491275545064,-129.89509998491278,-129.02536546981736,-142.1604611664254,-152.95590569682616,14.51268355006623,14.066974912601196,12.180676939642732,12.075170527554464,14.936111591047547,15.046982444395935,11.497222843687847,11.129251928581976,12.766132503837586,-0.0,-0.0,-0.0,-0.0,-0.0,-0.0,-0.0,-0.0,-0.0,42.52553589052187,42.317386290525825,43.85159245688543,45.1282905265576,47.674529473405585,47.306785151425046,43.62863439222527,44.40875953426967,43.8810691951611,11.186967000839006,10.79018458648534,12.325105817981825,13.80404899721623,17.103314108056264,18.263082855067683,13.35759570280134,14.351328392251109,11.97985591240746,2.8256435077371234,5.132013060404776,-4.7052443158860635,-4.999793142362773,-6.094874672993326,-6.199874353205208,-6.095168843473925,-16.19836797085492,-24.195791029630975
155.0,155.0,32.220852084735995,41.41948216585877,37.81918877147513,30.410642724943834,41.45746929246992,37.75842098459429,30.677810685222244,38.214628839966544,38.717449115586284,70.74846220387965,65.06348852547676,59.389846411165074,62.784516078075185,62.04490643187493,65.82383488476142,60.11680520099239,56.42258674041415,59.50789644807526,34.83322695668166,37.63387672682528,37.025661821959424,37.311668224445434,33.309048002403856,32.16203243042713,24.34184502503083,20.346508643181576,26.75720548017564,-7.752629523127216,-3.1165652695676327,-3.289703042023316,-8.09732301974714,49.83126251749156,49.87914416455534,-7.890856227175346,-3.0518640393530565,-2.7313982750580834,799.560118270481,799.560118270481,799.560118270481,799.560118270481,799.560118270481,799.560118270481,799.560118270481,799.560118270481,799.560118270481,-113.91109335021548,-110.83173086545433,-123.38618883275345,-123.57560205416773,-126.1442403517801,-126.30432144612328,-124.99774580783959,-137.93826484569263,-147.63553242068514,-0.0,-0.0,-0.0,799.560118270481,799.560118270481,799.560118270481,799.560118270481,799.560118270481,-0.0,-113.91109335021548,-123.38618883275345,-110.83173086545433,-123.57560205416773,-126.1442403517801,-126.30432144612328,-124.99774580783959,-137.93826484569263,-147.63553242068514,13.466444953655074,13.048317886681886,10.432540224663546,9.430488325389053,14.936644285896405,15.046957186765354,9.38111272984965,8.07097539382826,9.943745627039819,-0.0,-0.0,-0.0,-0.0,-0.0,-0.0,-0.0,-0.0,-0.0,10.723502572165556,10.693513116063992,10.7261103476274,11.113981390174938,11.548143192620685,11.565878594066758,10.681696236783042,10.942700072567137,10.990050698277638,10.335235241024293,10.004791477435917,10.476894345203624,8.166180969826653,14.564613671404613,14.21955067636092,7.896513434825947,8.094159663504117,11.100513627806816,3.0283565865711615,5.452739401680662,-4.696736678659786,-4.999792320536568,-6.094869054127734,-6.199875655239394,-6.095176420673834,-16.198319186823227,-23.318666405558314
155.0,155.0,32.18026770006707,41.40824178122878,37.793492483610606,30.32568547135639,41.45305322285526,37.745864421551225,30.637824712960875,38.19084980005196,38.7004069430842,70.68691478476784,65.04025977821986,59.346431325987496,62.73080626608864,61.980016023082136,65.77723951578065,60.07231719825667,56.369614096124494,59.47952913641381,34.76490510897537,37.609102654218425,36.947438414287475,37.25839465794787,33.251785177759764,32.133766645699595,24.280854473434772,20.236928067543076,26.707382567163418,-7.154623545496316,-2.5149077984086428,-2.6518018978109468,-7.47675927851933,49.71149098692292,49.752924400481945,-7.265549698365124,-2.3984787611671705,-2.071052079138612,795.5546478316106,795.5546478316106,795.5546478316106,795.5546478316106,795.5546478316106,795.5546478316106,795.5546478316106,795.5546478316106,795.5546478316106,-113.17797239064097,-110.07780505435427,-122.66891346992523,-122.8244528850818,-125.54847864739865,-125.70846568770189,-124.24644588823668,-137.0523109038577,-146.54076407898802,-0.0,-0.0,-0.0,795.5546478316106,795.5546478316106,795.5546478316106,795.5546478316106,795.5546478316106,-0.0,-113.17797239064097,-122.66891346992523,-110.07780505435427,-122.8244528850818,-125.54847864739865,-125.70846568770189,-124.24644588823668,-137.0523109038577,-146.54076407898802,13.142002644433465,12.73915673685511,9.855962512697387,8.678267875377108,14.93714029066526,15.04697092936587,8.628133920844837,6.665936285703192,8.926245865635648,-0.0,-0.0,-0.0,-0.0,-0.0,-0.0,-0.0,-0.0,-0.0,2.4704957310600295,2.4663905026148476,2.453761754118921,2.5777991582462008,2.5813173444187796,2.6413762602879665,2.4520803623482643,2.490261051759628,2.5045324606769537,9.871556833168645,9.58296110420396,9.481012621231773,6.954348354105652,13.700025251115663,13.359197095950798,6.855812280862061,7.027591571738854,10.60619105066922,3.082106085398819,5.531193604114071,-4.694911617805906,-4.999792172048821,-6.094865068640778,-6.199875879908829,-6.09518071297209,-16.19829195298802,-23.09776403195669
155.0,155.0,32.17415783741485,41.406313232516155,37.79023591037416,30.31258468637432,41.45181780176064,37.736322744731176,30.62864601131488,38.18470663732858,38.70445068416078,70.66995861321598,65.04288895092546,59.35407737501219,62.731832022645115,61.96677595340479,65.77801344137612,60.06938395709737,56.363890653937524,59.49547757174589,34.75512028688101,37.60459121039029,36.93364364613836,37.2480148803821,33.21933372940319,32.102613026033055,24.270408240854913,20.20231371460113,26.724602849472248,-7.074215515215336,-2.4220530676860923,-2.578178680197898,-7.4058568063517045,49.71816909804969,49.754165807597225,-7.196723578533925,-2.3263108736056695,-1.9919469084559334,794.8700064459316,794.8700064459316,794.8700064459316,794.8700064459316,794.8700064459316,794.8700064459316,794.8700064459316,794.8700064459316,794.8700064459316,-113.05502561429925,-109.98293933914574,-122.50580667442964,-122.63128780845892,-125.44619155874969,-125.60662067437858,-124.05266351549812,-136.75653234146392,-146.28203639908702,-0.0,-0.0,-0.0,794.8700064459316,794.8700064459316,794.8700064459316,794.8700064459316,794.8700064459316,-0.0,-113.05502561429925,-122.50580667442964,-109.98293933914574,-122.63128780845892,-125.44619155874969,-125.60662067437858,-124.05266351549812,-136.75653234146392,-146.28203639908702,12.942948323802923,12.576019039618775,9.572444117564443,8.235928060032393,14.93502316015417,15.046988462755415,8.182869115733952,5.726642161935167,8.38961534018584,-0.0,-0.0,-0.0,-0.0,-0.0,-0.0,-0.0,-0.0,-0.0,1.5077962914116532,1.5059799400263951,1.4966401450519315,1.5748372261610895,1.572807894574517,1.6101253452535802,1.5073278693392878,1.528008895749013,1.5376174799501776,9.591814465216663,9.34172369622516,8.91273845465793,6.394476391023294,13.297623726917024,12.978176503882574,6.371528318222582,6.511205987228648,10.308986641168675,3.0668151750733625,5.497344719101282,-4.692824994109445,-4.999792690228787,-6.09486361711129,-6.199875491766356,-6.095170941679596,-16.198276321188676,-23.062511714917783
155.0,155.0,32.16564389671655,41.403486636736126,37.785428076428914,30.299186642516684,41.45089491354463,37.72725712361421,30.61133385118598,38.1742083043001,38.68354837114048,70.66555219090219,65.0349551919254,59.33314011781799,62.72691298641862,61.972040612042385,65.78532208405879,60.06504597064855,56.32180399002857,59.461241085952764,34.748660684994825,37.597929725430134,36.92434845162097,37.23885284787592,33.20308164929866,32.0807931768923,24.244631716113854,20.141948764920798,26.646815413641168,-7.064942516783787,-2.4172963288034217,-2.5650826955777495,-7.397245787791446,49.75024982466065,49.78568536039308,-7.192554015284112,-2.317480345382695,-1.989732870438459,794.9909239204629,794.9909239204629,794.9909239204629,794.9909239204629,794.9909239204629,794.9909239204629,794.9909239204629,794.9909239204629,794.9909239204629,-113.04988107063852,-109.96073691834123,-122.48541149103994,-122.61756469600266,-125.46444799773563,-125.62460350261229,-124.0204322282006,-136.69775813080835,-146.16858546655638,-0.0,-0.0,-0.0,794.9909239204629,794.9909239204629,794.9909239204629,794.9909239204629,794.9909239204629,-0.0,-113.04988107063852,-122.48541149103994,-109.96073691834123,-122.61756469600266,-125.46444799773563,-125.62460350261229,-124.0204322282006,-136.69775813080835,-146.16858546655638,12.848814621762582,12.486598547528775,9.363915905685639,8.082324723482614,14.936354007285129,15.046956218785851,7.939518174397408,5.354911337025394,8.095944160094442,-0.0,-0.0,-0.0,-0.0,-0.0,-0.0,-0.0,-0.0,-0.0,1.3020628951055553,1.3004528048423463,1.29192623720644,1.3568024051119276,1.3621385583333978,1.3896510226887882,1.313532141767716,1.3308320477498168,1.3392795452997708,9.365357215661485,9.140208523393502,8.517252268484905,6.0563884193878765,13.052230513601343,12.745229640114507,6.090688965216143,6.211959694632313,10.071731450329718,3.0696441555082545,5.515434306298776,-4.6963933420216755,-4.999792131180766,-6.09485892017291,-6.1998767513732975,-6.095185312934198,-16.19826018587235,-23.008357538463983
155.0,155.0,32.17172928533085,41.406515651678994,37.78484127576234,30.305636736461697,41.45125054852145,37.73471354153095,30.620304686853828,38.17092137222066,38.682284905976495,70.6688028964832,65.05519922326572,59.33649446433735,62.72576998795865,61.962209870778054,65.76508056374871,60.061984807633294,56.30801611213463,59.464487090504626,34.7491179269508,37.60850503965737,36.921978269638444,37.24462285670911,33.2066337124403,32.097895162715204,24.244410773903656,20.128878435528936,26.6499184056212,-7.0863824968985165,-2.4436528756742986,-2.581386699164893,-7.409214141680981,49.79560875441389,49.827731033224715,-7.204717604558518,-2.337729369175131,-2.0087676396143634,795.3939500430308,795.3939500430308,795.3939500430308,795.3939500430308,795.3939500430308,795.3939500430308,795.3939500430308,795.3939500430308,795.3939500430308,-113.07538411526491,-109.98396631829537,-122.52090395819128,-122.65894933716602,-125.52455877605767,-125.68456059814827,-124.04427691200777,-136.6943030343332,-146.1217705560119,-0.0,-0.0,-0.0,795.3939500430308,795.3939500430308,795.3939500430308,795.3939500430308,795.3939500430308,-0.0,-113.07538411526491,-122.52090395819128,-109.98396631829537,-122.65894933716602,-125.52455877605767,-125.68456059814827,-124.04427691200777,-136.6943030343332,-146.1217705560119,12.792036225226248,12.441777093642418,9.247409230657038,7.9923717491607675,14.937127006260981,15.046967627006097,7.7645702362674855,5.047875216768786,7.951021641643051,-0.0,-0.0,-0.0,-0.0,-0.0,-0.0,-0.0,-0.0,-0.0,1.5050684990696335,1.5035783323986789,1.4932227204723674,1.5606476699226914,1.5904653730556406,1.6065212440836896,1.5403890796122468,1.5599867251766133,1.5695774943700325,9.13484094353568,8.937025498969069,8.198258237729751,5.828944735359589,12.861122723114109,12.581247049662684,5.926036200431619,6.017667731314918,9.842634284062937,3.0870271267948244,5.538304042749074,-4.696079554650071,-4.999792174129842,-6.094856257944968,-6.199876797691695,-6.0951903991263165,-16.19824141317835,-22.949585148758395
155.0,155.0,32.178586835079685,41.40625937701026,37.7861908116874,30.308180502778896,41.45014603041717,37.72760554512546,30.617343509524705,38.17005522367134,38.69260650424256,70.6837893128885,65.05746739916565,59.36039348030529,62.73430958164247,61.960497635582456,65.76819285184935,60.06429500601145,56.315589607215934,59.496519867170214,34.75407282171663,37.60801131005096,36.92174004116905,37.244442178781235,33.18140980960166,32.071554634715994,24.23019960525835,20.12217395545592,26.696118451889465,-7.1396519268014424,-2.4860854884958634,-2.657317844860519,-7.486197370937525,49.83375049235921,49.858911411002346,-7.294689658178008,-2.42720256505528,-2.0915142879795225,795.6462026536487,795.6462026536487,795.6462026536487,795.6462026536487,795.6462026536487,795.6462026536487,795.6462026536487,795.6462026536487,795.6462026536487,-113.1444230412643,-110.08603763341354,-122.53208846518629,-122.67177256172924,-125.56193416455022,-125.72208623038316,-124.0637074397042,-136.6337238717601,-146.21610083284767,-0.0,-0.0,-0.0,795.6462026536487,795.6462026536487,795.6462026536487,795.6462026536487,795.6462026536487,-0.0,-113.1444230412643,-122.53208846518629,-110.08603763341354,-122.67177256172924,-125.56193416455022,-125.72208623038316,-124.0637074397042,-136.6337238717601,-146.21610083284767,12.711855714127955,12.372833272343541,9.125801770944395,7.872710209689726,14.936402832473874,15.046977023188598,7.676944353628819,4.5727966929387325,7.873578710247041,-0.0,-0.0,-0.0,-0.0,-0.0,-0.0,-0.0,-0.0,-0.0,2.4829239231631073,2.481447192374705,2.463973737460191,2.554429712067644,2.7023231266524306,2.6523606189749196,2.6534818312775794,2.6838484280388277,2.6995968522802727,8.978297664679292,8.79631907938662,7.975812886016705,5.6818086042347495,12.727000827754638,12.461522063799157,5.828114225918911,5.891575129496366,9.679314019516772,3.050268389504472,5.4727232661673595,-4.695134323816528,-4.999792940869328,-6.0948558515531115,-6.19987547658165,-6.095186416679381,-16.198219769932066,-23.00525332260252
155.0,155.0,32.182856486124706,41.403417264629276,37.78193416010821,30.32312418277716,41.44901838962936,37.72106930205922,30.58498698549559,38.161336593367274,38.6749444517953,70.70272192116325,65.04388744228761,59.34324798184133,62.72999346720977,61.97184675813315,65.7705729286133,60.05939867555014,56.271031391459495,59.47340781688451,34.75865128263355,37.601431887557915,36.9177397471238,37.25578689322476,33.167713576850936,32.0543205133042,24.181058236480155,20.064608294374487,26.63764245082852,-7.237929481680479,-2.6011303832540915,-2.7611824478104334,-7.579856862885658,49.88600079723715,49.90815503483839,-7.436958266493466,-2.554382238536781,-2.225303362234848,796.3032259572352,796.3032259572352,796.3032259572352,796.3032259572352,796.3032259572352,796.3032259572352,796.3032259572352,796.3032259572352,796.3032259572352,-113.24853980361769,-110.15969905755144,-122.62069612174909,-122.82288544877812,-125.65973914590204,-125.81982121418486,-124.17834376136031,-136.76907603457707,-146.3708162768988,-0.0,-0.0,-0.0,796.3032259572352,796.3032259572352,796.3032259572352,796.3032259572352,796.3032259572352,-0.0,-113.24853980361769,-122.62069612174909,-110.15969905755144,-122.82288544877812,-125.65973914590204,-125.81982121418486,-124.17834376136031,-136.76907603457707,-146.3708162768988,12.732994435940043,12.379990650922542,9.054166511760359,8.131244879113341,14.936741372726567,15.046958828983742,7.7586775835018305,4.7551867993757995,8.026566621032616,-0.0,-0.0,-0.0,-0.0,-0.0,-0.0,-0.0,-0.0,-0.0,3.770341915663118,3.7685156692110464,3.7421070800505376,3.860054700336783,4.162903563220626,4.026519442486005,4.188020222535461,4.220313996892876,4.246715212633355,8.876601502368322,8.698527359436158,7.831376578916908,5.5991874094840615,12.661715583178836,12.39314105233826,5.749706380017638,5.802953357025906,9.544822062903094,3.0487287789347977,5.493997618928494,-4.699460208228898,-4.999793539430094,-6.094852385712291,-6.199874800189618,-6.095204392270709,-16.198188807919163,-23.024672430218992
155.0,155.0,32.2209947441802,41.41540581302844,37.796560508656746,30.416849603518873,41.45318359004434,37.74539157978817,30.638479642821334,38.181379231496635,38.69423667386558,70.77375344985427,65.08373341635783,59.37897948423507,62.74172955140237,62.0130482324078,65.75907174269611,60.096740074208384,56.32074058136591,59.50967559728926,34.806099534655274,37.63134814247695,36.96141853419494,37.31606790780892,33.23600206711712,32.11490165174548,24.248857342239756,20.17908063575828,26.708632700270584,-7.769731073821455,-3.1519948053230147,-3.3014269725363614,-8.08172569106873,50.01751829572064,50.04181268070278,-8.024923921618381,-3.166667126960304,-2.836950243957843,799.2041468025074,799.2041468025074,799.2041468025074,799.2041468025074,799.2041468025074,799.2041468025074,799.2041468025074,799.2041468025074,799.2041468025074,-113.67766494194231,-110.58464313380952,-123.10048452429388,-123.36442031854672,-126.09063580364949,-126.25135446681341,-124.66914702014346,-137.3825392026314,-146.9340165225945,-0.0,-0.0,-0.0,799.2041468025074,799.2041468025074,799.2041468025074,799.2041468025074,799.2041468025074,-0.0,-113.67766494194231,-123.10048452429388,-110.58464313380952,-123.36442031854672,-126.09063580364949,-126.25135446681341,-124.66914702014346,-137.3825392026314,-146.9340165225945,12.862108621335162,12.510380574791036,9.284675412797693,8.664027302859756,14.933655618264863,15.046925029420462,8.045657768187587,5.63649163620589,8.561019636138834,-0.0,-0.0,-0.0,-0.0,-0.0,-0.0,-0.0,-0.0,-0.0,10.652613003963625,10.640272646293221,10.689878734052085,10.967420522429906,11.96985520926618,11.493056418191093,12.055734907612576,12.122801947874237,12.13502304421019,8.855635919789586,8.689626609553024,7.789524111616213,5.666122011158859,12.8383867081531,12.57329738540892,5.832813319723749,5.881969235964418,9.507410226473716,3.0709633389016164,5.521900750853627,-4.699962606521642,-4.9997945959553105,-6.094843976784238,-6.19987139460572,-6.095214899182477,-16.198173457084334,-23.040978401119332
155.0,155.0,32.20172982108262,41.40977512795605,37.78579741948902,30.38128425980904,41.451181909441694,37.735628547981605,30.612804225045295,38.17448815039406,38.7020071782043,70.76826320321581,65.06905565278568,59.38229836677858,62.73178864847832,61.99855305073069,65.7509277857005,60.08619593969626,56.30406757066088,59.532255079992986,34.782399737948346,37.612025050195605,36.921872118896545,37.28971181544837,33.204712037363116,32.07971368339257,24.21727500178822,20.138612699191395,26.744663391655948,-7.6558673849283085,-3.012257272986221,-3.1943941457556964,-7.9498960235591,49.966796445459906,49.984784201987104,-7.87267395340271,-3.002941508830683,-2.6661387345071903,797.676523563979,797.676523563979,797.676523563979,797.676523563979,797.676523563979,797.676523563979,797.676523563979,797.676523563979,797.676523563979,-113.47983905788165,-110.4301432808452,-122.84008903404121,-123.09722649735379,-125.86296283112532,-126.02409798528545,-124.37770344935724,-137.00207848840668,-146.71491902763992,-0.0,-0.0,-0.0,797.676523563979,797.676523563979,797.676523563979,797.676523563979,797.676523563979,-0.0,-113.47983905788165,-122.84008903404121,-110.4301432808452,-123.09722649735379,-125.86296283112532,-126.02409798528545,-124.37770344935724,-137.00207848840668,-146.71491902763992,12.823758954758485,12.504905484223277,9.142989088969205,8.470546461561199,14.93163865480745,15.046912014252893,7.734796208382636,4.894436134627981,8.311112228595906,-0.0,-0.0,-0.0,-0.0,-0.0,-0.0,-0.0,-0.0,-0.0,9.249570742582444,9.244174148532583,9.249289490190108,9.011267506533311,9.833513424542874,9.448957728648761,9.922076444028946,9.997185466539229,10.039333837459539,8.764091770790545,8.605726816749552,7.662854828080098,5.547547402852595,12.589134790016391,12.322189475401581,5.666627162482664,5.703774243528763,9.3222554814985,3.042405709105856,5.460396728807493,-4.696984454989702,-4.9997945810531075,-6.094839842960437,-6.1998693955083874,-6.095201570375237,-16.198159750547628,-23.08666867643478
155.0,155.0,32.166314800889346,41.39804646727928,37.76778819868377,30.326195671880093,41.448103047555776,37.708532946769736,30.546184931384452,38.158883948077545,38.67306207204132,70.73797372130232,65.02142602665904,59.320121762290896,62.703785079687286,61.97348426218198,65.72804800476214,60.05366358888957,56.25546581436952,59.47742243949334,34.746979050420954,37.57869781281846,36.87660937294079,37.25116068302118,33.145889261895,32.01740936403556,24.127237531458626,20.05106712194664,26.637709857088268,-7.448668224414775,-2.798261876271032,-2.964163305886922,-7.724800417303323,49.913732920315105,49.92824688158196,-7.627356466051754,-2.7229547913424588,-2.394779830786564,796.2637691455894,796.2637691455894,796.2637691455894,796.2637691455894,796.2637691455894,796.2637691455894,796.2637691455894,796.2637691455894,796.2637691455894,-113.23841172873594,-110.16902232732338,-122.5978512351175,-122.87708284967998,-125.65289624325668,-125.81393491476024,-124.1357445516488,-136.7351740424964,-146.4268918526454,-0.0,-0.0,-0.0,796.2637691455894,796.2637691455894,796.2637691455894,796.2637691455894,796.2637691455894,-0.0,-113.23841172873594,-122.5978512351175,-110.16902232732338,-122.87708284967998,-125.65289624325668,-125.81393491476024,-124.1357445516488,-136.7351740424964,-146.4268918526454,12.798241184898151,12.460211026085728,8.973093867863346,8.422210499495135,14.932081410950863,15.046902170278933,7.580727325567263,4.619684164258728,8.005692298358978,-0.0,-0.0,-0.0,-0.0,-0.0,-0.0,-0.0,-0.0,-0.0,6.207507338686899,6.2087377266626165,6.192449796973009,5.717140663248673,6.222344274786676,5.990998016255843,6.278374856470387,6.331043637126023,6.3735177825019855,8.601992657070403,8.45759499013097,7.511063183890241,5.4115327748158695,12.41021398596363,12.158699345527022,5.5079076099384965,5.548530168926192,9.117416893615442,3.0622864096170264,5.495136400519636,-4.699277874551951,-4.999793117149661,-6.094843786810226,-6.199871009256581,-6.095209660158564,-16.198143781571122,-23.07534081160862
155.0,155.0,32.16077316539422,41.396725859896044,37.76273594309779,30.316096361398507,41.44818087812743,37.71076413860262,30.538902313525234,38.15696620673769,38.67480313960259,70.72371764249498,65.02096822659941,59.30667650895809,62.68449268585457,61.95885554840445,65.70076130741658,60.04092177420205,56.25363700215435,59.48104412320875,34.73376209963003,37.57544791846349,36.86277407372443,37.244699333786464,33.146996478636815,32.02416907757618,24.11208813083775,20.048278148577854,26.651349722110684,-7.359075538405391,-2.723291673136551,-2.8540353700148486,-7.6262430217872605,49.89568655140618,49.907128955120264,-7.515378622801285,-2.606327143905368,-2.2751577402829546,795.6906991464176,795.6906991464176,795.6906991464176,795.6906991464176,795.6906991464176,795.6906991464176,795.6906991464176,795.6906991464176,795.6906991464176,-113.09729541555743,-109.99516026684192,-122.49293128332316,-122.78732255276017,-125.56754278641097,-125.72868210557344,-124.02825126596206,-136.60156805480221,-146.258681777279,-0.0,-0.0,-0.0,795.6906991464176,795.6906991464176,795.6906991464176,795.6906991464176,795.6906991464176,-0.0,-113.09729541555743,-122.49293128332316,-109.99516026684192,-122.78732255276017,-125.56754278641097,-125.72868210557344,-124.02825126596206,-136.60156805480221,-146.258681777279,12.767912018057277,12.439388401657398,8.88155774066314,8.400366617425352,14.931582006011865,15.046898540725469,7.472971004024342,4.385462865418418,7.894272246111916,-0.0,-0.0,-0.0,-0.0,-0.0,-0.0,-0.0,-0.0,-0.0,4.773300958242568,4.775586844444825,4.759282141472017,4.389088705730655,4.764078200789092,4.596803935036962,4.803647432213082,4.841267274044994,4.875711485837134,8.432815265313224,8.30154531291227,7.341107053880798,5.313349149555829,12.291518714758327,12.070561106974033,5.405659449337402,5.455138686096652,8.93381222390605,3.100221579078981,5.565324012355341,-4.698687176518093,-4.999792984890025,-6.094843989582547,-6.19986991093197,-6.095211798402778,-16.19814210601881,-23.029488018194368
155.0,155.0,32.1538210341434,41.394424337854744,37.762520799981225,30.317382031851537,41.44751011487464,37.7103974052704,30.537121292299176,38.159306463203386,38.684961595113236,70.71509596209548,65.01336357688824,59.317423680985,62.70185310421312,61.955506520494254,65.71034088138829,60.04354910682679,56.28015499570952,59.50212630267875,34.72449978748118,37.56742003076953,36.85575612179514,37.24721452545986,33.1351698328949,32.016020384855025,24.113649914744276,20.0621816428827,26.688261692626725,-7.291952803336453,-2.6391906989256846,-2.8082624467019794,-7.582557014882792,49.88234327771465,49.89066021232921,-7.469271479500899,-2.5571764437630256,-2.2206278036807636,795.2186214842176,795.2186214842176,795.2186214842176,795.2186214842176,795.2186214842176,795.2186214842176,795.2186214842176,795.2186214842176,795.2186214842176,-113.07375596192715,-109.9982311506332,-122.3905701741542,-122.68915850006769,-125.49721696108409,-125.65845665347713,-123.9190925737245,-136.42446364945746,-146.20982268858018,-0.0,-0.0,-0.0,795.2186214842176,795.2186214842176,795.2186214842176,795.2186214842176,795.2186214842176,-0.0,-113.07375596192715,-122.3905701741542,-109.9982311506332,-122.68915850006769,-125.49721696108409,-125.65845665347713,-123.9190925737245,-136.42446364945746,-146.20982268858018,12.69105502484926,12.364462218460734,8.750222301188995,8.265031377754106,14.931105181318483,15.046908753428557,7.284486067260355,3.8677573318792033,7.667849738849609,-0.0,-0.0,-0.0,-0.0,-0.0,-0.0,-0.0,-0.0,-0.0,4.191826066061561,4.193669412336876,4.178969428493199,3.8473857093565944,4.174299018020413,4.029597102274964,4.2063484120775465,4.23908663520989,4.269256529311548,8.299905199557575,8.173305661317034,7.208236572617011,5.235658623812988,12.190933747192062,11.9774102414614,5.321373943263921,5.3747858308061325,8.79926116092495,3.0523832516107507,5.491429489433299,-4.694847313056625,-4.999794311138168,-6.094843596760626,-6.199869386673738,-6.095196073528733,-16.19814116317641,-23.081576083763313
155.0,155.0,32.141339367714586,41.390188744799495,37.75722632944465,30.300777426945242,41.44650893927632,37.69629298423909,30.50699648074438,38.153498374717486,38.666852410278196,70.7146222751446,64.99160108554165,59.29602993557098,62.69347584907536,61.95568437998739,65.70813353607494,60.034562655648244,56.25708046163198,59.468314056393176,34.716909867455875,37.55426368155518,36.84420033727521,37.23391844170858,33.11374129707697,31.98658013114405,24.07734487305986,20.027977837501055,26.616569937047025,-7.300262953233326,-2.642281336618449,-2.80493608542042,-7.586714738688301,49.90217339222428,49.910987370400505,-7.481544091046432,-2.553711538947745,-2.225008479133279,795.4386320466049,795.4386320466049,795.4386320466049,795.4386320466049,795.4386320466049,795.4386320466049,795.4386320466049,795.4386320466049,795.4386320466049,-113.09732168130242,-110.01801344052272,-122.4172629100595,-122.73745523804229,-125.53013743021778,-125.69118778001403,-123.96394470452783,-136.51386155282873,-146.25731276847756,-0.0,-0.0,-0.0,795.4386320466049,795.4386320466049,795.4386320466049,795.4386320466049,795.4386320466049,-0.0,-113.09732168130242,-122.4172629100595,-110.01801344052272,-122.73745523804229,-125.53013743021778,-125.69118778001403,-123.96394470452783,-136.51386155282873,-146.25731276847756,12.729654766615553,12.379414205826237,8.70490784410523,8.340448060741688,14.932006497728185,15.046905298404758,7.34313705211865,4.14225963952039,7.722602206436121,-0.0,-0.0,-0.0,-0.0,-0.0,-0.0,-0.0,-0.0,-0.0,4.106513306883004,4.107926764985805,4.093775261841546,3.7646115361183172,4.083789283794313,3.943050468588748,4.115955434825492,4.147955344550459,4.17703814890616,8.187558887462833,8.068206498650179,7.097280418782056,5.174309998277775,12.117417029500126,11.910422563742197,5.2591235935397815,5.316712656650257,8.682690238331498,3.0654849631739616,5.504776838556717,-4.697385148307389,-4.999793161056856,-6.094847686338182,-6.199871518833554,-6.095207573496279,-16.19814114506895,-23.084220450992134
155.0,155.0,32.14934082128743,41.39396446198584,37.75893429100489,30.313895736220093,41.44755649750797,37.70772961882755,30.52183553177677,38.156508283630096,38.673715380866966,70.72722205063005,65.00609212452646,59.29855381619328,62.68325596541774,61.95693364843049,65.69631565550614,60.03563666333463,56.259926393511705,59.482671163863046,34.72453216587884,37.565027305088385,36.8511190472162,37.24299628831622,33.14073787577442,32.01558603119301,24.09158146647364,20.048770169511425,26.64392315965031,-7.378736696003177,-2.7387101028845384,-2.867596183349511,-7.6372522727040675,49.93410648208278,49.94025278218265,-7.5372134274510705,-2.6175779055424835,-2.286756317213858,795.8992717257952,795.8992717257952,795.8992717257952,795.8992717257952,795.8992717257952,795.8992717257952,795.8992717257952,795.8992717257952,795.8992717257952,-113.12059103422558,-110.01326856892759,-122.48604899002824,-122.81453760699809,-125.59856410810517,-125.75970989507958,-124.04145617895419,-136.60287191026455,-146.2926090974049,-0.0,-0.0,-0.0,795.8992717257952,795.8992717257952,795.8992717257952,795.8992717257952,795.8992717257952,-0.0,-113.12059103422558,-122.48604899002824,-110.01326856892759,-122.81453760699809,-125.59856410810517,-125.75970989507958,-124.04145617895419,-136.60287191026455,-146.2926090974049,12.743527942722535,12.404513887466942,8.70830243300587,8.381899847118223,14.93154969153635,15.046897487507515,7.386645523592454,4.2414827669000505,7.824100252189596,-0.0,-0.0,-0.0,-0.0,-0.0,-0.0,-0.0,-0.0,-0.0,4.9146832127644435,4.915758541462835,4.8997044178193,4.5103081194915955,4.89819742791751,4.725378379490095,4.940540804526619,4.979742279060487,5.013449662092371,8.07620139048612,7.964992874826232,7.00466938515529,5.131043653869784,12.056430410604575,11.870387571040848,5.226584675374947,5.289426698749963,8.560075230584003,3.1022848833943812,5.57008543110453,-4.697048616738325,-4.999792872553919,-6.094844348970498,-6.199870281154539,-6.095210740730555,-16.198142036267484,-23.042784215511425
155.0,155.0,32.165604264043566,41.398999105492024,37.77058627518021,30.351030964131827,41.448900446570455,37.71967871874469,30.55583594484814,38.168432778505164,38.69512923926546,70.75610105192123,65.0183215981788,59.329415545827494,62.71729839405556,61.9793260382998,65.72178109195352,60.061035901646406,56.2914612272858,59.52236504042857,34.75192576409405,37.57611999115097,36.88302348132329,37.26903900914975,33.166389371890865,32.03844642018678,24.142518543349055,20.10572342810706,26.719504776509957,-7.588195582612925,-2.9404459990913447,-3.10668724285325,-7.841755820468916,49.98521863579681,49.99129651759822,-7.769800941790179,-2.8672735912887255,-2.531429265170405,796.9091005664311,796.9091005664311,796.9091005664311,796.9091005664311,796.9091005664311,796.9091005664311,796.9091005664311,796.9091005664311,796.9091005664311,-113.33210840208706,-110.25232047180577,-122.63718927309117,-122.95745120223958,-125.74871469950938,-125.9099342330849,-124.19770491083311,-136.76537094201151,-146.54817026617394,-0.0,-0.0,-0.0,796.9091005664311,796.9091005664311,796.9091005664311,796.9091005664311,796.9091005664311,-0.0,-113.33210840208706,-122.63718927309117,-110.25232047180577,-122.95745120223958,-125.74871469950938,-125.9099342330849,-124.19770491083311,-136.76537094201151,-146.54817026617394,12.723815092122576,12.382367057264851,8.73116010143546,8.346483535342358,14.931209807964821,15.046905950500209,7.415921053322357,4.300858888691679,7.925723816569071,-0.0,-0.0,-0.0,-0.0,-0.0,-0.0,-0.0,-0.0,-0.0,8.032877124953917,8.032643009730535,8.016724045852529,7.397836889990758,8.074861077731585,7.758164974563296,8.157495890589335,8.233022913933535,8.280581963512978,8.029808163242807,7.929075877368434,6.974947382688715,5.128796393770817,12.04045485264926,11.857361924834585,5.233774130027787,5.296219227238621,8.516436309056493,3.052297939989022,5.492332564450154,-4.694141078034366,-4.999794090562174,-6.094842308549763,-6.199869642641647,-6.095196669047288,-16.198155698949265,-23.107297519602056
155.0,155.0,32.1794364954861,41.40260897385107,37.77928221008462,30.378405037384226,41.45035502653063,37.7187990272768,30.570635302783664,38.17671579000096,38.690450631166506,70.80656909057035,65.01577480535948,59.33323104448677,62.73230887840106,62.008159234849714,65.73935244007987,60.08013065725287,56.303020834679764,59.50798484154287,34.78295707302676,37.58201234702203,36.91466980843604,37.28430543071429,33.18786094281188,32.04131543327146,24.169040688222818,20.148252548312243,26.690534522493827,-7.904566460043648,-3.261853731294592,-3.4268712329193134,-8.13502974452304,50.08232653727374,50.08993487734943,-8.098827444876605,-3.1995524432782805,-2.8706094435961456,799.1031388947964,799.1031388947964,799.1031388947964,799.1031388947964,799.1031388947964,799.1031388947964,799.1031388947964,799.1031388947964,799.1031388947964,-113.67968384225168,-110.59699199947674,-123.00130665771024,-123.32723951299943,-126.07542010555548,-126.23632538304894,-124.59481544789787,-137.2805227389454,-146.99755794580247,-0.0,-0.0,-0.0,799.1031388947964,799.1031388947964,799.1031388947964,799.1031388947964,799.1031388947964,-0.0,-113.67968384225168,-123.00130665771024,-110.59699199947674,-123.32723951299943,-126.07542010555548,-126.23632538304894,-124.59481544789787,-137.2805227389454,-146.99755794580247,12.851003851048924,12.481030063766646,8.890201755043165,8.556721555583044,14.932713589730835,15.046908055190823,7.7584115884708185,5.2150648433012705,8.398617070995845,-0.0,-0.0,-0.0,-0.0,-0.0,-0.0,-0.0,-0.0,-0.0,12.118238989457883,12.112844749341583,12.134648129779762,11.327849946779132,12.380420549678012,11.885827615263414,12.436929970232864,12.500457983586278,12.529611552930481,8.007371869277193,7.915498536372647,6.959044565595273,5.230746962212449,12.197701868879285,12.060570966955487,5.426483714906554,5.5271830507827335,8.487171470866128,3.05617495742903,5.494067946116179,-4.6978857129342275,-4.9997928370113005,-6.094847679360305,-6.19987176594285,-6.095210495623414,-16.198181027165887,-23.126702816139023
155.0,155.0,32.18912877625795,41.40833299237257,37.78554303619159,30.41018390046581,41.45249015682525,37.73976155079471,30.623098949862246,38.18860729352089,38.701626031362316,70.83059738802254,65.03587064626582,59.346204202283054,62.73376367665019,62.02106714414759,65.74227152797472,60.09873338471532,56.3461987507664,59.522173400260236,34.79603514050915,37.59633606188796,36.93256962001201,37.30584431514217,33.23780046818668,32.093996002038594,24.239618809996,20.228809673356114,26.732190393972765,-8.035598776402749,-3.4073224720219746,-3.5467544001121367,-8.246186343983542,50.13404472504865,50.1418275977064,-8.157556956752071,-3.291848802284815,-2.9613720781818706,800.0082135094362,800.0082135094362,800.0082135094362,800.0082135094362,800.0082135094362,800.0082135094362,800.0082135094362,800.0082135094362,800.0082135094362,-113.77928655586021,-110.6751955966796,-123.15100484578514,-123.4724210260339,-126.21026589504382,-126.37096598983959,-124.75497232602753,-137.46229784132137,-147.10350534391725,-0.0,-0.0,-0.0,800.0082135094362,800.0082135094362,800.0082135094362,800.0082135094362,800.0082135094362,-0.0,-113.77928655586021,-123.15100484578514,-110.6751955966796,-123.4724210260339,-126.21026589504382,-126.37096598983959,-124.75497232602753,-137.46229784132137,-147.10350534391725,12.882313368848873,12.526334669810927,8.95853737287281,8.60778426356291,14.933690411971009,15.046916912087514,7.882005805101939,5.443207100056079,8.503721907872778,-0.0,-0.0,-0.0,-0.0,-0.0,-0.0,-0.0,-0.0,-0.0,13.638758786412309,13.627714834597578,13.700969483539547,12.991840437283482,14.162508382893652,13.631168034756966,13.606834184138746,13.763978168616035,13.76790959836481,7.917044929515681,7.838767841205163,6.891168563483364,5.314589058873233,12.129865460606965,12.022933040243997,5.391404022061549,5.506368996672123,8.374462603491233,3.087912934690311,5.548835330519412,-4.698612821394895,-4.999792805560878,-6.094850798409799,-6.199870790695698,-6.095211838372123,-16.198209205962584,-23.08816634649704
155.0,155.0,32.17057114355629,41.402650998337634,37.77918970031033,30.400397266387984,41.45020020302792,37.73956847712202,30.63525763172376,38.183986688333405,38.71142552418063,70.77861351378522,65.02236088742855,59.3443442325925,62.74451830101252,61.99209136164168,65.75864693134561,60.094645584723,56.34502138970748,59.53306034258088,34.76743765238409,37.58285563186277,36.90342365235015,37.3061541396652,33.20888268722402,32.091403504964816,24.26274224572645,20.20389308281866,26.763401843633527,-7.712757605960945,-3.0601501917113256,-3.229173670090937,-7.930666565099272,50.0451535582709,50.04173161938641,-7.7630721207462825,-2.913868497220617,-2.5772340191587912,797.5107242966981,797.5107242966981,797.5107242966981,797.5107242966981,797.5107242966981,797.5107242966981,797.5107242966981,797.5107242966981,797.5107242966981,-113.42030061250186,-110.3558794806669,-122.72901200279355,-123.03912467958205,-125.83877965420054,-125.99944263762748,-124.27546659933037,-136.8769750043093,-146.56625062123126,-0.0,-0.0,-0.0,797.5107242966981,797.5107242966981,797.5107242966981,797.5107242966981,797.5107242966981,-0.0,-113.42030061250186,-122.72901200279355,-110.3558794806669,-123.03912467958205,-125.83877965420054,-125.99944263762748,-124.27546659933037,-136.8769750043093,-146.56625062123126,12.717361092810261,12.390040236099887,8.732076584486938,8.308572186740918,14.933858734150991,15.046947036316604,7.359109784261519,4.40739231201172,7.786914271112116,-0.0,-0.0,-0.0,-0.0,-0.0,-0.0,-0.0,-0.0,-0.0,9.647928467436168,9.645697801569161,9.635042099096616,8.923981764508762,9.372905584856309,9.344208184910617,8.719728639722597,8.94873562328979,8.992357659321849,7.758485751372278,7.6930878031149685,6.694649003850997,4.942923230115038,11.611423858648118,11.601883249084946,4.8822842636898836,5.004330470022105,8.184336232656245,3.0522778457728696,5.481946181584302,-4.695773990827759,-4.99979536652923,-6.094857443963867,-6.199870873542466,-6.095190261805096,-16.198241924126187,-23.074595299495304
155.0,155.0,32.14700299884569,41.395564092204346,37.77115322388186,30.355937485872698,41.449165646631286,37.725745006427985,30.608256401043207,38.17577343114269,38.69036891298744,70.73026518365648,65.00028079983423,59.316995273915225,62.737809497607714,61.98357469697988,65.76544806310612,60.07943646216128,56.30858972844847,59.481803771714304,34.73911022913815,37.565815525776905,36.87762159962655,37.27855224892486,33.19314161864246,32.06653789921572,24.232351782192453,20.149318888827654,26.674077934543284,-7.456116154698474,-2.793127158793578,-2.9480276947929047,-7.708053807613727,50.008133905137946,50.00724323402817,-7.530368066029272,-2.6621526911260545,-2.3333376701010438,796.3831566809934,796.3831566809934,796.3831566809934,796.3831566809934,796.3831566809934,796.3831566809934,796.3831566809934,796.3831566809934,796.3831566809934,-113.21448937775538,-110.15329236407233,-122.54655628165413,-122.80139957985995,-125.67180408253544,-125.83171622444367,-124.03107363112619,-136.67371756687177,-146.2475617563511,-0.0,-0.0,-0.0,796.3831566809934,796.3831566809934,796.3831566809934,796.3831566809934,796.3831566809934,-0.0,-113.21448937775538,-122.54655628165413,-110.15329236407233,-122.80139957985995,-125.67180408253544,-125.83171622444367,-124.03107363112619,-136.67371756687177,-146.2475617563511,12.690578094044756,12.366541517401458,8.644129549536245,7.969569543976792,14.937497801881788,15.04698045018989,6.987783406913062,4.235116177382912,7.366668105375922,-0.0,-0.0,-0.0,-0.0,-0.0,-0.0,-0.0,-0.0,-0.0,6.04360636842051,6.0439072800036495,6.015924173113043,5.747861910396193,5.961079246928036,5.996949976702845,5.558343561147452,5.70016756409832,5.737952940928586,7.582956162274731,7.5116129641816265,6.4863158141780115,4.689676312293739,11.23592771842368,11.284624680170158,4.551515419121616,4.761814943997175,8.000835564709336,3.0771657374302883,5.50691819256103,-4.6984037159908985,-4.999793658279518,-6.094866289932193,-6.199874762222994,-6.095192466156806,-16.198277127480154,-23.025502814762035
155.0,155.0,32.20578393037643,41.4155774435058,37.8020630242401,30.401714795255504,41.45485803555996,37.75958527949473,30.69258639033125,38.20492736536837,38.713463603553826,70.79364594023886,65.0646316590864,59.36787402316176,62.77946913552448,62.02774858692031,65.7933862932606,60.12360910725003,56.382993252752456,59.50665799832823,34.80820146150408,37.61932475813816,36.968653292668144,37.30162378116558,33.281705810653555,32.15092690419172,24.34296044656338,20.297757488479007,26.738686433145944,-7.909572231506298,-3.2802446848468767,-3.414756615650317,-8.215458764592295,50.145930863778716,50.15156197131928,-7.99309210710008,-3.1667057435426913,-2.8385565198935847,799.4402066913862,799.4402066913862,799.4402066913862,799.4402066913862,799.4402066913862,799.4402066913862,799.4402066913862,799.4402066913862,799.4402066913862,-113.6470128108969,-110.54815674589969,-123.01659848134733,-123.18381566640704,-126.12672087339625,-126.28649165400951,-124.57831608850914,-137.3547842009207,-146.81321256109808,-0.0,-0.0,-0.0,799.4402066913862,799.4402066913862,799.4402066913862,799.4402066913862,799.4402066913862,-0.0,-113.6470128108969,-123.01659848134733,-110.54815674589969,-123.18381566640704,-126.12672087339625,-126.28649165400951,-124.57831608850914,-137.3547842009207,-146.81321256109808,12.710930246724688,12.301479825242096,8.719785642902746,7.619098330164225,14.93813602750302,15.046989643150692,7.435737257788833,5.3309805527709875,7.891841703734082,-0.0,-0.0,-0.0,-0.0,-0.0,-0.0,-0.0,-0.0,-0.0,12.11742654937438,12.102360975797028,12.167184839095121,12.534427983426859,13.04156321706259,13.093566162909761,12.094355823451993,12.315206384136308,12.312024698953445,7.383904479754495,7.2480849666180145,6.272531736411268,4.822554831964933,11.29779057870464,11.38077287986637,4.7483962112685525,4.957799491056308,7.969555689244277,3.097392514356748,5.545606932300367,-4.698138291668838,-4.999791744084124,-6.094877284784887,-6.199876960599552,-6.095188793290962,-16.198325509213593,-23.027385733129275
155.0,155.0,32.19784928675981,41.41445949289111,37.803658542977466,30.38213589836403,41.454196597104584,37.74865577954126,30.659554486094493,38.20384024047401,38.72519861366946,70.75009605510493,65.06493952777593,59.37763762340761,62.7769858921725,62.009155947272006,65.79313856417534,60.10335156977111,56.40048535790392,59.52761792775567,34.79815125314042,37.61598473389444,36.971242831021115,37.291937432104305,33.25912959745832,32.12369907605755,24.30609210718366,20.28979508029539,26.782394620716307,-7.695267713633078,-3.0559368067718213,-3.20843275170411,-8.02074116893592,50.080530693101906,50.09261145926202,-7.811602270081672,-2.963920312952155,-2.629966745069071,797.884588377309,797.884588377309,797.884588377309,797.884588377309,797.884588377309,797.884588377309,797.884588377309,797.884588377309,797.884588377309,-113.39166577999177,-110.30955389658946,-122.73378690427154,-122.85898989361145,-125.89487905982205,-126.05507971459764,-124.28651527587473,-136.9705752863037,-146.48409378356718,-0.0,-0.0,-0.0,797.884588377309,797.884588377309,797.884588377309,797.884588377309,797.884588377309,-0.0,-113.39166577999177,-122.73378690427154,-110.30955389658946,-122.85898989361145,-125.89487905982205,-126.05507971459764,-124.28651527587473,-136.9705752863037,-146.48409378356718,12.38673729057062,12.013793912888515,8.49218696273485,7.166619732419562,14.93602680885964,15.047005837299364,7.143340646411231,4.590703220583669,7.337978231431113,-0.0,-0.0,-0.0,-0.0,-0.0,-0.0,-0.0,-0.0,-0.0,9.566423188272324,9.552017154789555,9.572301694377835,9.91367479683411,10.276369351397147,10.31739162048109,9.531157025826742,9.743184793286916,9.771137399363324,7.012817076742391,6.9024259894285835,5.945799687392417,4.474893741756593,11.028057568354761,11.027693800472031,4.413709944709253,4.57813188334417,7.8324231625644325,3.0645112999242565,5.502149279428467,-4.694765861631104,-4.999792273922173,-6.094884459708574,-6.199877328573545,-6.095171943329676,-16.198349499987245,-23.040109549659803
155.0,155.0,32.18798182081876,41.41058207053393,37.7991926722738,30.35768536790132,41.453359952288366,37.7381246447854,30.62495381260511,38.19609771529841,38.706168062266464,70.72837670885986,65.04525533321987,59.35298238033488,62.76108097843091,62.00531591696167,65.79607727297899,60.08550534350009,56.37070518725072,59.489303368789756,34.78743914279024,37.60448017883602,36.96582977465042,37.27629605552506,33.242482123663095,32.10207262664901,24.261615966961312,20.241821312973773,26.708108013442676,-7.573201416608884,-2.9445183667254757,-3.073563063765629,-7.8957459293642565,50.06361021407706,50.0927167835574,-7.6970567158620735,-2.828340399695205,-2.5018287461894237,797.058918399239,797.058918399239,797.058918399239,797.058918399239,797.058918399239,797.058918399239,797.058918399239,797.058918399239,797.058918399239,-113.23951797338863,-110.11974376259346,-122.60054622132412,-122.71790129009267,-125.77216057057777,-125.9322478580592,-124.14958538096765,-136.83843741732363,-146.2994102164598,-0.0,-0.0,-0.0,797.058918399239,797.058918399239,797.058918399239,797.058918399239,797.058918399239,-0.0,-113.23951797338863,-122.60054622132412,-110.11974376259346,-122.71790129009267,-125.77216057057777,-125.9322478580592,-124.14958538096765,-136.83843741732363,-146.2994102164598,12.342755307659738,11.937225714986653,8.43201383728625,7.078167957764379,14.936534763185966,15.046978484259467,7.074969829239801,4.545534038747589,7.2638490363816475,-0.0,-0.0,-0.0,-0.0,-0.0,-0.0,-0.0,-0.0,-0.0,7.838407320700684,7.823933365262808,7.831182951692707,8.134492665502275,8.386742844119887,8.442173766298389,7.801333280687822,7.966384364225632,7.996404116026339,6.833930044947073,6.725131970240295,5.808937072273603,4.2214245778564194,10.680510555103474,10.516467036989692,4.182268322504276,4.332410657712396,7.702091048764763,3.0799901685449353,5.5447512070789315,-4.696302488678264,-4.999791737746177,-6.094887798730495,-6.199878482516534,-6.095181464019103,-16.198360724560047,-23.004508420018464
155.0,155.0,32.1769429368726,41.411049917446356,37.7954228193719,30.34344188323068,41.45354285767364,37.74315624610564,30.62664509249626,38.19457666888413,38.706119306095225,70.7106667752359,65.0492538166558,59.344401243869164,62.745068034969464,61.98644050129234,65.77498198371808,60.075326026626534,56.37583144864962,59.48737679685251,34.772814760302225,37.60677105084525,36.955817546440855,37.26849551681561,33.247131985605776,32.1177019412938,24.26014897480648,20.247459421789326,26.71444773364956,-7.4415023453689635,-2.8096470798900848,-2.916599583304868,-7.740981198091554,50.04375846855921,50.07867249847928,-7.537488366025719,-2.666317552131021,-2.338571873925016,796.2883984042111,796.2883984042111,796.2883984042111,796.2883984042111,796.2883984042111,796.2883984042111,796.2883984042111,796.2883984042111,796.2883984042111,-113.06224897218326,-109.94253383562167,-122.46963216600946,-122.57104394405316,-125.65773757199459,-125.81762758188691,-124.00140008994921,-136.65371147362052,-146.0761204036706,-0.0,-0.0,-0.0,796.2883984042111,796.2883984042111,796.2883984042111,796.2883984042111,796.2883984042111,-0.0,-113.06224897218326,-122.46963216600946,-109.94253383562167,-122.57104394405316,-125.65773757199459,-125.81762758188691,-124.00140008994921,-136.65371147362052,-146.0761204036706,12.273306814144473,11.89211251710326,8.359967134603968,6.922029756344839,14.937500820309424,15.046994864151248,6.912381964370759,4.205934469704128,7.070459967148219,-0.0,-0.0,-0.0,-0.0,-0.0,-0.0,-0.0,-0.0,-0.0,5.833888440352658,5.8230126253129555,5.816476230026152,6.062217959703891,6.196109116872358,6.269268860333884,5.798209614265162,5.90605607814939,5.932477144827406,6.646734487285423,6.564427935159888,5.6711905463542065,4.061138532447765,10.44463942076108,10.22490510112006,4.004214344506607,4.159894732061245,7.526966369774131,3.1169341361190854,5.589099331116598,-4.695218806998836,-4.999791518358777,-6.094888642436598,-6.199878390103486,-6.09518395039313,-16.198364773032463,-22.95193730475561
155.0,155.0,32.162303703286625,41.40723774883246,37.79102876410364,30.3207579023197,41.4519116827025,37.73236097238252,30.604909002644153,38.189148682813645,38.71353697084166,70.68981443374774,65.04265101529954,59.3486786423826,62.739090928673,61.967023000931235,65.77109367818625,60.062859829008,56.37393016888249,59.5039775081436,34.753821020337696,37.59705853508785,36.93787342805678,37.25244115056841,33.21508664798509,32.08745938894584,24.238173463270712,20.216368181606587,26.74040132737602,-7.256419220066102,-2.6060625189271494,-2.7307502858121384,-7.560620548580816,49.99378751757035,50.02652371994223,-7.363863797080726,-2.4777072988263287,-2.1408949537493167,794.9267049176007,794.9267049176007,794.9267049176007,794.9267049176007,794.9267049176007,794.9267049176007,794.9267049176007,794.9267049176007,794.9267049176007,-112.84182985720105,-109.75652490924492,-122.22505465086856,-122.29423595820853,-125.45465212489442,-125.61506134358319,-123.72594223326556,-136.27287043634595,-145.7897115024224,-0.0,-0.0,-0.0,794.9267049176007,794.9267049176007,794.9267049176007,794.9267049176007,794.9267049176007,-0.0,-112.84182985720105,-122.22505465086856,-109.75652490924492,-122.29423595820853,-125.45465212489442,-125.61506134358319,-123.72594223326556,-136.27287043634595,-145.7897115024224,12.117535077446156,11.779314530885983,8.167407102680137,6.562407229255692,14.93496979746081,15.047001995666248,6.559368224565432,3.342349464825884,6.516653626678015,-0.0,-0.0,-0.0,-0.0,-0.0,-0.0,-0.0,-0.0,-0.0,3.449177912157682,3.4430539883493103,3.4315721489362807,3.5976269879256098,3.623064703306256,3.6965166074662483,3.4264864371755426,3.4778276517375364,3.494339648869365,6.510884007612529,6.446422742749987,5.547231169213827,3.9287379939316396,10.248814066257703,10.014308390930456,3.8438382295078757,4.001673571935202,7.382853645496474,3.1059935688797258,5.555930006470961,-4.693492201917035,-4.999791945561012,-6.094891947791548,-6.1998780448997675,-6.095173515206212,-16.19836986425353,-22.975252628130466
155.0,155.0,32.15200745313956,41.40264388414045,37.78524392607198,30.301016343565085,41.45083001448588,37.72294734025137,30.586697871297538,38.18119904707514,38.68980121924629,70.67716087751216,65.02561349856403,59.32653375343239,62.73006809621821,61.966981421252385,65.77520220218047,60.054874677948966,56.34531995107165,59.46003423259257,34.742565903838205,37.585263549300095,36.92570534098646,37.239344394692125,33.1971042120975,32.06712358905981,24.213981465806025,20.173133936644586,26.649467225217492,-7.1723643911481725,-2.5257874285290063,-2.642292808172475,-7.477317350331882,49.98611721460805,50.019978125140476,-7.284058411198253,-2.389537720376203,-2.062425283387961,794.5250079575653,794.5250079575653,794.5250079575653,794.5250079575653,794.5250079575653,794.5250079575653,794.5250079575653,794.5250079575653,794.5250079575653,-112.77744158927977,-109.67140336078371,-122.15925315477767,-122.23901783587715,-125.3952083478371,-125.5553037824516,-123.65732133923231,-136.2231373821136,-145.70002800616015,-0.0,-0.0,-0.0,794.5250079575653,794.5250079575653,794.5250079575653,794.5250079575653,794.5250079575653,-0.0,-112.77744158927977,-122.15925315477767,-109.67140336078371,-122.23901783587715,-125.3952083478371,-125.5553037824516,-123.65732133923231,-136.2231373821136,-145.70002800616015,12.116548671636439,11.754953695967606,8.11266731872858,6.5843971771452665,14.936490093560767,15.04699046394335,6.516335726690428,3.3909216703780927,6.52476928611517,-0.0,-0.0,-0.0,-0.0,-0.0,-0.0,-0.0,-0.0,-0.0,2.2799249993503263,2.276442217379797,2.2663436232393095,2.3838006723682703,2.3810968037604,2.4397301201372,2.269344592744108,2.2985950930023584,2.3090555139158195,6.415982891636775,6.358410254765321,5.449068756836184,3.8324735327323505,10.107863473627614,9.868200770489032,3.72668212177973,3.885294945488304,7.278628675218207,3.109379650910552,5.572858635275143,-4.697511790162277,-4.99979131476612,-6.094891428911139,-6.1998793995995065,-6.095188644903286,-16.198367219783094,-22.95108493244877
155.0,155.0,32.153562144837,41.4045225294325,37.78495508840162,30.302420146018008,41.45164319501266,37.73103010001741,30.612638077924316,38.18106980891784,38.69112495290176,70.67057874303993,65.03499667537996,59.327837404004605,62.72360747115499,61.95794475039238,65.7596309154824,60.058545569645375,56.34788624380687,59.463837569279704,34.7400116567523,37.59129976637288,36.92415639938498,37.241567146699786,33.20880747282667,32.087907915594045,24.24295743026448,20.18390461602236,26.66077911953642,-7.145207404262927,-2.502163082647537,-2.6067787799226894,-7.438991162956531,50.00267572057962,50.03679879707152,-7.2321288441974625,-2.3537982164620885,-2.0255428003502884,794.6098891049072,794.6098891049072,794.6098891049072,794.6098891049072,794.6098891049072,794.6098891049072,794.6098891049072,794.6098891049072,794.6098891049072,-112.76296138553144,-109.65515857772363,-122.16572530581642,-122.2509799515645,-125.4080683344517,-125.56793354597438,-123.65648329065203,-136.20785941850892,-145.65288493435284,-0.0,-0.0,-0.0,794.6098891049072,794.6098891049072,794.6098891049072,794.6098891049072,794.6098891049072,-0.0,-112.76296138553144,-122.16572530581642,-109.65515857772363,-122.2509799515645,-125.4080683344517,-125.56793354597438,-123.65648329065203,-136.20785941850892,-145.65288493435284,12.100334336986426,11.76096069899464,8.082762809705274,6.581177504473398,14.937629911882118,15.047003979082742,6.4510750567072055,3.255781940444286,6.4836174882674085,-0.0,-0.0,-0.0,-0.0,-0.0,-0.0,-0.0,-0.0,-0.0,1.8264240773693465,1.8235806888595205,1.8151003951793108,1.9108073427226926,1.9055123615343703,1.9530604569248229,1.8243783430722118,1.845802633526433,1.8536577202103741,6.289501669572164,6.234643730566747,5.344299844627316,3.750616160409517,9.97801699055265,9.748774994906276,3.6302248971145783,3.79295602906174,7.1562870930787845,3.1275501133975094,5.597925812159372,-4.697526073919669,-4.9997911346477935,-6.094889633464265,-6.19987935809579,-6.095194367987202,-16.1983622941867,-22.911872501693153
155.0,155.0,32.15414083039193,41.40478540691558,37.78690324347944,30.30327002487174,41.450994408767436,37.725084824772416,30.606416615880295,38.18024168466233,38.69940113670756,70.66894480537458,65.04306460337216,59.35131201580835,62.731267822266155,61.95291607502581,65.7652796526469,60.05788393553504,56.35835343192839,59.483600707138464,34.74000508993834,37.5923950658075,36.92384225751969,37.24084998545408,33.189973327608875,32.06722747027803,24.23876259306283,20.178892438066743,26.689983274399058,-7.1242021792713786,-2.4696099919735643,-2.5990752277517264,-7.431381429328411,50.00467277311589,50.035467167912316,-7.2301968869122755,-2.3483420484674653,-2.0140690109510357,794.3759790216957,794.3759790216957,794.3759790216957,794.3759790216957,794.3759790216957,794.3759790216957,794.3759790216957,794.3759790216957,794.3759790216957,-112.74469209317371,-109.66775871726713,-122.10938792761159,-122.17473166632662,-125.3727627760576,-125.53313679642682,-123.57342468719321,-136.0521268426668,-145.60212288900527,-0.0,-0.0,-0.0,794.3759790216957,794.3759790216957,794.3759790216957,794.3759790216957,794.3759790216957,-0.0,-112.74469209317371,-122.10938792761159,-109.66775871726713,-122.17473166632662,-125.3727627760576,-125.53313679642682,-123.57342468719321,-136.0521268426668,-145.60212288900527,12.012963898995807,11.708564969064446,7.986972374964034,6.380384357465032,14.935158144318812,15.047007385225688,6.217362141636105,2.669980426476352,6.150964577760037,-0.0,-0.0,-0.0,-0.0,-0.0,-0.0,-0.0,-0.0,-0.0,1.7444458931135531,1.7420716576489292,1.7336066381775321,1.8215485242214409,1.822434711708619,1.865089191545496,1.749254181722335,1.7700887362290028,1.7760822012739694,6.221490531095597,6.1682088154283115,5.279273251483317,3.6794035176343196,9.866595931402605,9.643378257128715,3.5493002688305157,3.710501256419494,7.068359242547461,3.101116866799592,5.5494649052754745,-4.696175961488877,-4.999791644694683,-6.094890766122011,-6.199878830020391,-6.095183951945127,-16.1983610489079,-22.95218136209188
155.0,155.0,32.15260772476597,41.401800018176765,37.78369026952656,30.299287949372136,41.45016459296754,37.71948609399265,30.59660979888668,38.17269680448872,38.67945647516966,70.67080463583441,65.03127808687972,59.33209872354712,62.73262222662135,61.96103543061759,65.77425028020188,60.05747521931173,56.32724548398649,59.45043785583451,34.739032399297024,37.58529887208965,36.91898186357123,37.239009681894366,33.17812005260001,32.05377837210264,24.223310805305026,20.13582196316689,26.614580400185933,-7.131603889439933,-2.487168523115662,-2.610789167066256,-7.443543534110772,50.03154239565685,50.062090768956594,-7.247044057672272,-2.363954944553202,-2.0375916136033485,794.6783484754259,794.6783484754259,794.6783484754259,794.6783484754259,794.6783484754259,794.6783484754259,794.6783484754259,794.6783484754259,794.6783484754259,-112.80666738257413,-109.70531278832765,-122.16055473053429,-122.24845204391903,-125.41809933132761,-125.57811568482785,-123.62709690785634,-136.14906532688295,-145.65252180419773,-0.0,-0.0,-0.0,794.6783484754259,794.6783484754259,794.6783484754259,794.6783484754259,794.6783484754259,-0.0,-112.80666738257413,-122.16055473053429,-109.70531278832765,-122.24845204391903,-125.41809933132761,-125.57811568482785,-123.62709690785634,-136.14906532688295,-145.65252180419773,12.056491017405959,11.737076399365222,7.992602805639372,6.519601090440024,14.936905724661836,15.046990658606838,6.259373181510787,2.9217300419501844,6.304563611791357,-0.0,-0.0,-0.0,-0.0,-0.0,-0.0,-0.0,-0.0,-0.0,1.8669366671863101,1.8647099351461232,1.8554825512177238,1.9428210002390067,1.9570226892336362,1.9959749212309652,1.8822734167513298,1.9059417139452368,1.9108543521750252,6.169892715373351,6.113782095096259,5.223366594413682,3.6219577088533823,9.786699547379776,9.568729279035768,3.4890167780691987,3.648352060391562,6.993952248331767,3.094992274866727,5.560547339685797,-4.700017758741321,-4.99979110624334,-6.094886877659659,-6.199879958826165,-6.0951981009709195,-16.198350235725623,-22.93207502393256
155.0,155.0,32.15695340963499,41.40398679125391,37.78281977600173,30.29957813421018,41.450552221065635,37.726508607265245,30.604867256127342,38.168524705701614,38.679128700416705,70.67123189379981,65.04597822578687,59.33131385137962,62.72365883843822,61.9521290976872,65.75298662495148,60.05482294798856,56.308510917353956,59.4588249416077,34.73913447176493,37.593802975317715,36.91592980443271,37.23946082647388,33.18298638540633,32.0695389740342,24.222605292379615,20.11619890864764,26.623568878140464,-7.144944369655218,-2.5053236668282493,-2.621000538881875,-7.452641870828013,50.072116968047524,50.10107259812301,-7.254824317024209,-2.3798732185175693,-2.051086832083488,795.1787456863289,795.1787456863289,795.1787456863289,795.1787456863289,795.1787456863289,795.1787456863289,795.1787456863289,795.1787456863289,795.1787456863289,-112.86961442268374,-109.76358279100509,-122.23468043347947,-122.34152831490735,-125.49279947721838,-125.65255702241298,-123.69666581089089,-136.21445754252204,-145.69041790417361,-0.0,-0.0,-0.0,795.1787456863289,795.1787456863289,795.1787456863289,795.1787456863289,795.1787456863289,-0.0,-112.86961442268374,-122.23468043347947,-109.76358279100509,-122.34152831490735,-125.49279947721838,-125.65255702241298,-123.69666581089089,-136.21445754252204,-145.69041790417361,12.076703431815812,11.76570385118895,7.991088793586899,6.609875035711834,14.938198608131476,15.046999294352556,6.2357332327276085,2.878000992598216,6.40139488386751,-0.0,-0.0,-0.0,-0.0,-0.0,-0.0,-0.0,-0.0,-0.0,1.98993512701686,1.9876741371036215,1.9774574739886885,2.060186894719971,2.1152044755531882,2.1268679000259643,2.047912059535304,2.073142629219988,2.0787594832908094,6.078037030770315,6.035968348845695,5.157018462709866,3.5620955958877514,9.712996873243291,9.504162683509279,3.4523682927304673,3.6050699783264943,6.9063359785653535,3.1069724250037036,5.578927915445804,-4.700016636031953,-4.9997912493431445,-6.0948819167352735,-6.19987982708037,-6.09520533575348,-16.19833494992122,-22.888840708068994
155.0,155.0,32.16313062004841,41.40258642797174,37.78224031203865,30.297010532572255,41.44926382486456,37.71913903683117,30.6016024193475,38.16550915744231,38.690596904859525,70.67667949532549,65.04659986113747,59.34610626428797,62.72937476798277,61.94763789010152,65.75745607765249,60.05906794615557,56.31605194599749,59.49616614977556,34.739639758017354,37.59092036012947,36.909423873382515,37.23611627035382,33.154224105005554,32.041685197411596,24.210580398161667,20.099030479316053,26.679189501920728,-7.149631965356495,-2.49894738208028,-2.6518504896914803,-7.484701218545758,50.094681057024786,50.118132149370474,-7.2977752674014775,-2.422609107561899,-2.084766142071505,795.2482800261934,795.2482800261934,795.2482800261934,795.2482800261934,795.2482800261934,795.2482800261934,795.2482800261934,795.2482800261934,795.2482800261934,-112.92471782523437,-109.85151727094636,-122.22151809045218,-122.34327032026754,-125.50282946801188,-125.66290117737583,-123.69773044675233,-136.11243775509195,-145.7695320198057,-0.0,-0.0,-0.0,795.2482800261934,795.2482800261934,795.2482800261934,795.2482800261934,795.2482800261934,-0.0,-112.92471782523437,-122.22151809045218,-109.85151727094636,-122.34327032026754,-125.50282946801188,-125.66290117737583,-123.69773044675233,-136.11243775509195,-145.7695320198057,12.033164960069978,11.729327954941898,7.880889211006552,6.56820222211883,14.936665342335726,15.047008518459473,6.190813437468925,2.3338300510319496,6.326590527028575,-0.0,-0.0,-0.0,-0.0,-0.0,-0.0,-0.0,-0.0,-0.0,2.3775733024991217,2.374881152631303,2.3626712046125755,2.4444838852458335,2.593518500790973,2.540507416954832,2.5641939842318644,2.5887379190288264,2.5979236748411085,6.039249148046896,6.009625755839183,5.124355846896322,3.5223501098643792,9.657921803251886,9.446222535785369,3.420622897302657,3.561243441095923,6.853212123707211,3.0658688086842627,5.508084970743342,-4.6994380928397606,-4.999792027787929,-6.094883832128459,-6.199878476271358,-6.095200718648882,-16.198316650596613,-22.95324276617392
155.0,155.0,32.152008113193375,41.39677630702386,37.77278247604044,30.298040596039538,41.44715456188479,37.70872260709203,30.547810544196782,38.15082415850909,38.66413777850432,70.6775469777401,65.02975453459943,59.321875632780944,62.71624407294472,61.94820326619178,65.75606806833365,60.038182861559484,56.26240661603213,59.45834747321982,34.72766572355311,37.577882339021194,36.887327404849756,37.23878057598461,33.12549914069655,32.013123669212064,24.12306330631966,20.012052423258464,26.59248078363647,-7.124071128495014,-2.4801966321121105,-2.6278974332336342,-7.451864648593508,50.11406407044758,50.13394989617704,-7.30283718635385,-2.4015239130947377,-2.0713044614277343,795.2377994453626,795.2377994453626,795.2377994453626,795.2377994453626,795.2377994453626,795.2377994453626,795.2377994453626,795.2377994453626,795.2377994453626,-112.93980077972282,-109.84419066583317,-122.22191153478217,-122.42904807122153,-125.50150194789508,-125.66133759360689,-123.72779076438604,-136.15672886669708,-145.83665275762183,-0.0,-0.0,-0.0,795.2377994453626,795.2377994453626,795.2377994453626,795.2377994453626,795.2377994453626,-0.0,-112.93980077972282,-122.22191153478217,-109.84419066583317,-122.42904807122153,-125.50150194789508,-125.66133759360689,-123.72779076438604,-136.15672886669708,-145.83665275762183,12.083155405640992,11.784369412712591,7.862426906080123,6.991255386570602,14.937789517799962,15.046991453951675,6.3438729913726215,2.556125817816372,6.5880077056880015,-0.0,-0.0,-0.0,-0.0,-0.0,-0.0,-0.0,-0.0,-0.0,1.996546390711226,1.9940591559489103,1.982829059064995,2.0378321096006884,2.178089725589361,2.1248122236283455,2.189773894195213,2.202543729686196,2.2121303018532035,6.010464033239788,6.006704303720368,5.114804722891825,3.4951438485516984,9.629023582997783,9.402134965096357,3.3852046945379644,3.5133003864135257,6.791696410086906,3.0610341018563836,5.522345452573955,-4.703846090384445,-4.999792644507778,-6.094883455206402,-6.199877744886854,-6.095217132393063,-16.198285278043812,-22.964494035704078
155.0,155.0,32.16801007632372,41.40138551638286,37.77446211824055,30.341167917785043,41.44847965345487,37.72369358797743,30.569067926345387,38.155440797463505,38.67153250387509,70.7085624548838,65.04928539420283,59.33793887903233,62.70313630511939,61.955572509811034,65.72825067649481,60.04698919604409,56.259370403174955,59.46925435803255,34.73731204194914,37.59015659957954,36.8878403644979,37.26620404291738,33.1552576804711,32.0514229557997,24.150844624563412,20.039200387910647,26.61854236426175,-7.2940704289231695,-2.6643013741841926,-2.7939081566358395,-7.593453896121815,50.12940786225991,50.147161337455294,-7.475421335363547,-2.5859144551261712,-2.254394473090991,795.598576964265,795.598576964265,795.598576964265,795.598576964265,795.598576964265,795.598576964265,795.598576964265,795.598576964265,795.598576964265,-112.98101715361604,-109.88352993099566,-122.30110939087982,-122.57328689032795,-125.55446665592169,-125.71499693692616,-123.81789069965835,-136.32698634204272,-145.91889457770785,-0.0,-0.0,-0.0,795.598576964265,795.598576964265,795.598576964265,795.598576964265,795.598576964265,-0.0,-112.98101715361604,-122.30110939087982,-109.88352993099566,-122.57328689032795,-125.55446665592169,-125.71499693692616,-123.81789069965835,-136.32698634204272,-145.91889457770785,12.178517377642113,11.932744936426296,7.984212584536526,7.42996557231844,14.934409551790745,15.046960809465435,6.520277316214956,3.1210121892739244,6.90640482328981,-0.0,-0.0,-0.0,-0.0,-0.0,-0.0,-0.0,-0.0,-0.0,4.109448711892582,4.105479287755661,4.094855734896991,4.178973802649999,4.5122759972582935,4.36604814539538,4.544444952449044,4.570823522603756,4.586612978783277,6.0191755938597495,6.045391733853682,5.153382820887024,3.542356535873045,9.654343545449215,9.434045002503368,3.399342952615943,3.5240094143885448,6.764969959506775,3.0856133348147443,5.55977437265336,-4.704141608083211,-4.999793237615288,-6.094877912387271,-6.1998746445406985,-6.095227001564891,-16.198263356807598,-22.93607694133646
155.0,155.0,32.15104752985729,41.39542735651613,37.76334272464913,30.311656446190995,41.447068918561264,37.715134862241236,30.55870824640854,38.15228393152343,38.67873284699969,70.69659539687795,65.03457518192945,59.32546368878774,62.695629342565624,61.94325197931122,65.72097409036795,60.043729123022615,56.258145606665565,59.48566497494061,34.71028039223038,37.56985924657361,36.84979775507742,37.24269106448039,33.129112874534414,32.02062380565862,24.14201730006528,20.0206624612051,26.64817310360745,-7.186667364203256,-2.5293269960915903,-2.697944417922729,-7.4894155979104875,50.06659935907592,50.07985282656505,-7.347524447061342,-2.4524143152743374,-2.1138427649700446,794.2339737542192,794.2339737542192,794.2339737542192,794.2339737542192,794.2339737542192,794.2339737542192,794.2339737542192,794.2339737542192,794.2339737542192,-112.81817103703565,-109.76153715718125,-122.06615418879916,-122.34109237247449,-125.35084617710021,-125.5119918255049,-123.55556039433648,-135.96538846401202,-145.6898491571018,-0.0,-0.0,-0.0,794.2339737542192,794.2339737542192,794.2339737542192,794.2339737542192,794.2339737542192,-0.0,-112.81817103703565,-122.06615418879916,-109.76153715718125,-122.34109237247449,-125.35084617710021,-125.5119918255049,-123.55556039433648,-135.96538846401202,-145.6898491571018,12.200045901921353,11.940612415833959,7.843617877868867,7.288548547440347,14.931413509825415,15.046949630387251,6.232962853038952,2.352835772514116,6.485854857025554,-0.0,-0.0,-0.0,-0.0,-0.0,-0.0,-0.0,-0.0,-0.0,2.7983854048508956,2.7978973263709364,2.7912733717219305,2.6234361637747585,2.8230551294220225,2.7435622408027736,2.843426500902691,2.8576838906861917,2.868753964926771,6.041261562113927,6.060783572555133,5.160640215820417,3.4957033599807863,9.583490076901038,9.363253749340966,3.3205483292193545,3.445915235108243,6.690325204898713,3.0583043085900092,5.493690497727291,-4.701900575264627,-4.999793271974399,-6.094876493129518,-6.1998725871547,-6.095214500578013,-16.198252884822708,-22.982554026450458
155.0,155.0,32.12531233654041,41.38794095139683,37.7538327433116,30.2850581882044,41.44578838647197,37.69702595693629,30.527725974841363,38.14604642565537,38.66201379445604,70.69012957312499,64.99694012050664,59.285535607274404,62.68236727018931,61.93972066020156,65.71407868205492,60.03348670384782,56.234269163038675,59.452878909590716,34.69520979680693,37.545853324827554,36.828092066476415,37.2221719763041,33.09966798345563,31.980198846754128,24.104942259657363,19.983784157227117,26.58269886754771,-7.1731176302230715,-2.507413452529758,-2.663772732395412,-7.46641894374869,50.06637170737922,50.08153906683024,-7.323542700996292,-2.412199312857653,-2.0801745009786825,794.1644352809897,794.1644352809897,794.1644352809897,794.1644352809897,794.1644352809897,794.1644352809897,794.1644352809897,794.1644352809897,794.1644352809897,-112.7944047083591,-109.72517285860009,-122.0528301919722,-122.35460051240565,-125.34082700801287,-125.50164741969154,-123.56526055685784,-136.02964014970698,-145.6897011433257,-0.0,-0.0,-0.0,794.1644352809897,794.1644352809897,794.1644352809897,794.1644352809897,794.1644352809897,-0.0,-112.7944047083591,-122.0528301919722,-109.72517285860009,-122.35460051240565,-125.34082700801287,-125.50164741969154,-123.56526055685784,-136.02964014970698,-145.6897011433257,12.25736330248172,11.963247800743426,7.815355563076857,7.404099667778086,14.932967432957932,15.046940193392118,6.32999915856561,2.714227241118871,6.579918326966788,-0.0,-0.0,-0.0,-0.0,-0.0,-0.0,-0.0,-0.0,-0.0,2.2867342200548135,2.287065378672717,2.2818451042252264,2.115988984262726,2.2706134762233883,2.2126186029347195,2.2877984524962764,2.298540018509337,2.3069351942027456,6.033381694425049,6.0427339491442975,5.129940399091099,3.4474729079008384,9.540759873574471,9.317496481717205,3.269540735356677,3.399897404346521,6.645947842993342,3.0776177117559382,5.519241052128771,-4.704084076145652,-4.999791848050959,-6.094880062578789,-6.199874249970156,-6.095223984100979,-16.198245121090714,-22.97550143024685
155.0,155.0,32.12580990753144,41.3895002816902,37.75268270838651,30.29144858494596,41.44652063915724,37.703124543956655,30.54211970397784,38.14833814073528,38.663326367153374,70.6905987136595,65.0065277329501,59.28120786616093,62.67245086821077,61.9344912354149,65.69212805438443,60.03263487448918,56.23801630987168,59.454687745465215,34.69403564909255,37.55031426943232,36.82564336425882,37.227629297491454,33.11419053157243,31.997473145693313,24.114557922446412,20.00227579868413,26.591901602286292,-7.19119983316487,-2.5401363994310238,-2.6634591261265745,-7.461285461237172,50.08018771340041,50.09403572490683,-7.313178844812447,-2.409650011695367,-2.07821970067153,794.3335443053259,794.3335443053259,794.3335443053259,794.3335443053259,794.3335443053259,794.3335443053259,794.3335443053259,794.3335443053259,794.3335443053259,-112.77417785173542,-109.67653764742192,-122.07361082528503,-122.39769319595888,-125.36585755265826,-125.52680086468926,-123.5961395072055,-136.06398044802216,-145.66640545798458,-0.0,-0.0,-0.0,794.3335443053259,794.3335443053259,794.3335443053259,794.3335443053259,794.3335443053259,-0.0,-112.77417785173542,-122.07361082528503,-109.67653764742192,-122.39769319595888,-125.36585755265826,-125.52680086468926,-123.5961395072055,-136.06398044802216,-145.66640545798458,12.267989224714137,11.984054401803503,7.796635052496937,7.490982081670926,14.932367660059827,15.046930785113991,6.3576943862121675,2.7587395658634506,6.622018668765079,-0.0,-0.0,-0.0,-0.0,-0.0,-0.0,-0.0,-0.0,-0.0,2.273219625234848,2.273658712147095,2.268508454775937,2.103184409808246,2.256817866928557,2.199293001104843,2.2741099812734658,2.2849948180799107,2.2929243783997375,5.987055409719024,5.996240653220184,5.091671316612267,3.415020809564854,9.498848782361723,9.290753987912373,3.2365877535765444,3.3734617344767117,6.589355685752261,3.1140026518979447,5.5842462890266376,-4.703692877154631,-4.999791548326941,-6.0948781423214085,-6.1998731129339975,-6.09522751041163,-16.198240685195003,-22.93180049596139
155.0,155.0,32.129879296986736,41.39070875969855,37.75714595333629,30.306196002893422,41.44647087874348,37.70612920468069,30.555038552969304,38.15547352214029,38.67883043309557,70.70101150959911,65.00771194148842,59.297729810410814,62.69538413391959,61.94042777834658,65.70677868424067,60.04361314474709,56.274417158940885,59.48278051425181,34.701468166877795,37.552134028285046,36.83615862560696,37.238236470516455,33.11612858221941,31.99865633869727,24.138695123048247,20.043071143227838,26.64513389671129,-7.22591436067527,-2.56136945471874,-2.725116340606873,-7.512006181254725,50.08158465491052,50.09309981819359,-7.370990076113122,-2.4716424635474374,-2.1349131485261164,794.309450291368,794.309450291368,794.309450291368,794.309450291368,794.309450291368,794.309450291368,794.309450291368,794.309450291368,794.309450291368,-112.82431793732627,-109.756471985578,-122.04622472238081,-122.3690155610717,-125.36196512567219,-125.52321754915923,-123.5671565596909,-135.98518152657175,-145.69658610725688,-0.0,-0.0,-0.0,794.309450291368,794.309450291368,794.309450291368,794.309450291368,794.309450291368,-0.0,-112.82431793732627,-122.04622472238081,-109.756471985578,-122.3690155610717,-125.36196512567219,-125.52321754915923,-123.5671565596909,-135.98518152657175,-145.69658610725688,12.205200275114091,11.925218603019928,7.703640834415147,7.369422429721074,14.930883113737238,15.046939048206523,6.23475317879792,2.3944083422132727,6.421362464177716,-0.0,-0.0,-0.0,-0.0,-0.0,-0.0,-0.0,-0.0,-0.0,3.0901484057883275,3.090595920938537,3.084216840165315,2.864473591737371,3.0859681022425898,2.9956096925610303,3.1101188452969075,3.1267183305688775,3.135874127542933,5.974299943710589,5.9808491380434186,5.079241286892013,3.409464570801583,9.463451351239703,9.260039932337518,3.217396173186017,3.3540347729310978,6.567664139694513,3.0630038432199655,5.504608491358409,-4.700172022338493,-4.999792825438834,-6.094876844029823,-6.1998725277858515,-6.095213415067043,-16.198239686443394,-22.989301381093814
155.0,155.0,32.123853788382355,41.3879478740675,37.75455926703298,30.293507986035973,41.44582883016706,37.69436381195155,30.529803901694134,38.152324783143506,38.66869016048291,70.70654280663237,64.9901808309394,59.28275040849626,62.687915204836514,61.94584181805248,65.70826132679137,60.039500337740314,56.258468538934984,59.461317860090794,34.70167775563714,37.54364931516491,36.83271977022304,37.2271795610353,33.101641900630746,31.975578138365723,24.11511010983174,20.02339815135127,26.602001091000194,-7.271198137314853,-2.6065116960565877,-2.7629623478484593,-7.553865114395114,50.09938002036168,50.11346878038601,-7.424438531695791,-2.511103618948594,-2.1788990105473673,794.644339121061,794.644339121061,794.644339121061,794.644339121061,794.644339121061,794.644339121061,794.644339121061,794.644339121061,794.644339121061,-112.87489626678237,-109.79799293350169,-122.10694926837638,-122.44640546750837,-125.4122128160251,-125.57303862955465,-123.65283472004334,-136.14332769832856,-145.78313677331747,-0.0,-0.0,-0.0,794.644339121061,794.644339121061,794.644339121061,794.644339121061,794.644339121061,-0.0,-112.87489626678237,-122.10694926837638,-109.79799293350169,-122.44640546750837,-125.4122128160251,-125.57303862955465,-123.65283472004334,-136.14332769832856,-145.78313677331747,12.270738362291443,11.963361254895874,7.741508697810174,7.5029841259381485,14.932944093073978,15.04693585137277,6.4083843745081905,2.9191487249829824,6.638996896806597,-0.0,-0.0,-0.0,-0.0,-0.0,-0.0,-0.0,-0.0,-0.0,3.547356330845802,3.5476158879393487,3.541500347318181,3.290154134116891,3.5511936915176143,3.441635985722548,3.5800337473994883,3.5998362353355673,3.6092025773889223,5.957934196934485,5.960128270463438,5.057413564383724,3.4041940883337194,9.438289180793756,9.234493534215334,3.196301621056342,3.334924514347904,6.547806140586268,3.072769732595142,5.5180709811280675,-4.702533984875657,-4.999791784968184,-6.094879694922804,-6.199875014063734,-6.095224775908165,-16.198238994173796,-22.983032878946094
155.0,155.0,32.12472372033173,41.3900067937845,37.75307791062088,30.295771062707797,41.446672338449,37.70347767051779,30.539091820584584,38.153667549744824,38.667836263483984,70.7032277534916,65.00324633897235,59.28002623582048,62.67295732786982,61.94130585793505,65.69219412728134,60.035827386493395,56.26929829608085,59.46060529856901,34.69827679697006,37.55000984253966,36.82802916038357,37.22906722553894,33.12255940731273,31.999179066010843,24.118594433298714,20.040454049472235,26.602825613616165,-7.262933830743734,-2.6120252423876,-2.737322116148895,-7.527562501659404,50.108144350702275,50.120124034660165,-7.3910330954270025,-2.4826312607675676,-2.151811457994555,794.7028242579847,794.7028242579847,794.7028242579847,794.7028242579847,794.7028242579847,794.7028242579847,794.7028242579847,794.7028242579847,794.7028242579847,-112.83813816280748,-109.73581731627732,-122.11201401135396,-122.46382157450489,-125.42085446142302,-125.58173696441835,-123.66319299157634,-136.14533441908867,-145.72676008383402,-0.0,-0.0,-0.0,794.7028242579847,794.7028242579847,794.7028242579847,794.7028242579847,794.7028242579847,-0.0,-112.83813816280748,-122.11201401135396,-109.73581731627732,-122.46382157450489,-125.42085446142302,-125.58173696441835,-123.66319299157634,-136.14533441908867,-145.72676008383402,12.274592309985216,11.984100376709348,7.7254974290326,7.545204665056365,14.932671738267043,15.046932691630188,6.416382971049892,2.886729648720474,6.654780429698891,-0.0,-0.0,-0.0,-0.0,-0.0,-0.0,-0.0,-0.0,-0.0,3.210708347862175,3.2108600679804526,3.205340675313777,2.9761390940192634,3.208103543218406,3.1127366518073973,3.2334928165209385,3.250895618370352,3.2598628687247704,5.904769692374141,5.907474810467685,5.015554208171616,3.377542455165405,9.402666327880167,9.215210232949458,3.1701466109364693,3.310543986008006,6.490462611400174,3.108142655969014,5.5806370267072465,-4.702281480133856,-4.999791540381539,-6.094877819292473,-6.199873992073558,-6.095229899520431,-16.198238278687533,-22.930773170640453
155.0,155.0,32.1227443558523,41.389503015988126,37.75459719247531,30.30082649542001,41.44634312809491,37.70628879113744,30.544424848439984,38.15676509558447,38.6802792962065,70.69952626688124,65.00400736985296,59.29453797279673,62.68987130694253,61.94291652999539,65.70635369999546,60.04014349137334,56.28738576783459,59.485988961810484,34.69562643813484,37.54781785298632,36.82662346084729,37.23346646116171,33.12117809817508,31.998784520884225,24.12816878803199,20.054915361145294,26.64867523603414,-7.219374604370146,-2.551741240608271,-2.716170582266651,-7.5055846842123985,50.09485100845684,50.103717014018144,-7.366884588787369,-2.4597909319814613,-2.1229083126172767,794.3423497917363,794.3423497917363,794.3423497917363,794.3423497917363,794.3423497917363,794.3423497917363,794.3423497917363,794.3423497917363,794.3423497917363,-112.82705734063067,-109.75782497701604,-122.02996715851144,-122.37682820262897,-125.36693206614183,-125.5281140151644,-123.56901406337597,-135.97831699174498,-145.6731456194104,-0.0,-0.0,-0.0,794.3423497917363,794.3423497917363,794.3423497917363,794.3423497917363,794.3423497917363,-0.0,-112.82705734063067,-122.02996715851144,-109.75782497701604,-122.37682820262897,-125.36693206614183,-125.5281140151644,-123.56901406337597,-135.97831699174498,-145.6731456194104,12.189265712728435,11.911386956675948,7.605901805733866,7.383560114402171,14.931231203059061,15.046945174573096,6.220013676557753,2.3374291096930353,6.361655565988172,-0.0,-0.0,-0.0,-0.0,-0.0,-0.0,-0.0,-0.0,-0.0,2.955208378526279,2.955209171115217,2.9503721990012326,2.7395460673986998,2.9493659333836177,2.864585623136975,2.9717251629592747,2.9874439470195466,2.9959439164581774,5.874200925617416,5.88156354457572,4.985558936894435,3.349326232747988,9.360302667097105,9.176741191326373,3.1388899081621227,3.277058210726316,6.456522415513191,3.062136002445262,5.505179350670419,-4.6994269463237,-4.9997927141188665,-6.094877538812022,-6.1998733152094925,-6.095218147465724,-16.19824290971002,-22.977058729905664
155.0,155.0,32.11867103180634,41.38715672919403,37.75228891181753,30.288405592271857,41.44602377703745,37.69742808855092,30.528735614699777,38.15390524959871,38.669364572685716,70.70372373368913,64.98910442040832,59.27816913358334,62.6831432265624,61.949100294566335,65.71259549455303,60.03687593874201,56.26666860006608,59.46370413141774,34.69638010591309,37.540837241721036,36.824538662998705,37.222670173062646,33.115698175737414,31.982706660075923,24.112544592929492,20.03692977481868,26.604875454545112,-7.255102854183043,-2.587351270550032,-2.745888986778774,-7.540079124509716,50.11493467071839,50.1268599779568,-7.4059904306449145,-2.4908351649145053,-2.159249901279849,794.7297023673318,794.7297023673318,794.7297023673318,794.7297023673318,794.7297023673318,794.7297023673318,794.7297023673318,794.7297023673318,794.7297023673318,-112.88557650108902,-109.81031594461886,-122.1022307164477,-122.45161704360461,-125.425140627019,-125.58574070635133,-123.6641474965825,-136.13851873116596,-145.76748835545092,-0.0,-0.0,-0.0,794.7297023673318,794.7297023673318,794.7297023673318,794.7297023673318,794.7297023673318,-0.0,-112.88557650108902,-122.1022307164477,-109.81031594461886,-122.45161704360461,-125.425140627019,-125.58574070635133,-123.6641474965825,-136.13851873116596,-145.76748835545092,12.251406748344056,11.950693354340146,7.654660488927646,7.466718079060461,14.934040178979041,15.046948859729078,6.401651155172994,2.8342532287990196,6.58290149263985,-0.0,-0.0,-0.0,-0.0,-0.0,-0.0,-0.0,-0.0,-0.0,3.3118796300338382,3.311595497794905,3.307193657029462,3.074318066656624,3.3133999177114877,3.2137945161538624,3.33814746448048,3.356528338788974,3.3663387521224926,5.866433457578446,5.876331322308076,4.972043266948681,3.3369028632140023,9.340143023445664,9.156684781281552,3.123558299645247,3.258962559496527,6.446079392204958,3.071261371154768,5.51620670772943,-4.702925418211512,-4.999791536599771,-6.09488182644213,-6.19987550807379,-6.095227874818046,-16.19825299307607,-22.97021049237325
155.0,155.0,32.12225210993761,41.390390925535996,37.75267938401757,30.297716872355217,41.44741849281828,37.71354655379315,30.5704599846214,38.161963615184874,38.67667212105396,70.70117083371277,65.0061799671293,59.27832772500536,62.67256617835855,61.94971178678977,65.70668718680184,60.04484525670895,56.29817717379796,59.474341688749824,34.69592173137559,37.55089834578404,36.82570603710962,37.230290152652216,33.152568648022275,32.02566066628328,24.165158561069074,20.098747742155197,26.637714405019334,-7.237655765097171,-2.5815531974357278,-2.7120038807378366,-7.5033033557393045,50.11872372335134,50.13056861245604,-7.342011262924023,-2.4486452732941366,-2.1175883407985583,794.7619702703544,794.7619702703544,794.7619702703544,794.7619702703544,794.7619702703544,794.7619702703544,794.7619702703544,794.7619702703544,794.7619702703544,-112.84418456547094,-109.75213111058467,-122.10845984192427,-122.45324750713112,-125.43018611365954,-125.59054226170396,-123.68372181021358,-136.13640879043092,-145.71021495642145,-0.0,-0.0,-0.0,794.7619702703544,794.7619702703544,794.7619702703544,794.7619702703544,794.7619702703544,-0.0,-112.84418456547094,-122.10845984192427,-109.75213111058467,-122.45324750713112,-125.43018611365954,-125.59054226170396,-123.68372181021358,-136.13640879043092,-145.71021495642145,12.247097488808791,11.971422095296681,7.657160892408484,7.451363688865597,14.935221444014976,15.046961865247903,6.473231353094661,2.80066874232042,6.566442123333294,-0.0,-0.0,-0.0,-0.0,-0.0,-0.0,-0.0,-0.0,-0.0,2.8861813946658033,2.885889075989386,2.882075981733246,2.68536729483365,2.8761184441841112,2.8025837226840546,2.869517299063276,2.888933087543121,2.8993023561796183,5.821367396189616,5.836031347363581,4.938969896033505,3.3049800449859834,9.289947224716574,9.127665194928715,3.0854480913392615,3.2329220483770857,6.396608826586167,3.105906625549516,5.572202060385485,-4.703623425285213,-4.999791570297081,-6.094882904154871,-6.199874480299554,-6.0952255207497235,-16.198270660386427,-22.92533806708942
155.0,155.0,32.113940307110084,41.38859777907085,37.754564896283156,30.31093652702013,41.44747837417615,37.71735372513265,30.57752579320029,38.166827591465726,38.68502932844642,70.6718302003634,65.00529752973839,59.291804088372416,62.69741219829203,61.94096630263566,65.73034319597205,60.04725795225877,56.33043751536469,59.47871953069125,34.68381836167219,37.54507401628959,36.819519030170284,37.24410119299308,33.146646295849045,32.033946399206435,24.185469933929888,20.127592974640486,26.65856432295544,-7.08850243452173,-2.4109192327207603,-2.5779612769721383,-7.37152577465951,50.068262550072475,50.07748406072953,-7.200845332878972,-2.3080882839861405,-1.974435331312699,793.7818430250815,793.7818430250815,793.7818430250815,793.7818430250815,793.7818430250815,793.7818430250815,793.7818430250815,793.7818430250815,793.7818430250815,-112.72697485847866,-109.67424203471654,-121.93322061953265,-122.2605993131664,-125.28428398409567,-125.44474363743171,-123.43781817538239,-135.83786353661253,-145.4937551856323,-0.0,-0.0,-0.0,793.7818430250815,793.7818430250815,793.7818430250815,793.7818430250815,793.7818430250815,-0.0,-112.72697485847866,-121.93322061953265,-109.67424203471654,-122.2605993131664,-125.28428398409567,-125.44474363743171,-123.43781817538239,-135.83786353661253,-145.4937551856323,12.131135571379847,11.878459863620604,7.531982233271642,7.2244412495469765,14.93473363106442,15.046993503330967,5.988473033878853,2.0606216627074345,6.00093887361344,-0.0,-0.0,-0.0,-0.0,-0.0,-0.0,-0.0,-0.0,-0.0,1.2049462272532228,1.2050185541932619,1.2031749066343178,1.1274683882994903,1.163664738651074,1.1674420046657088,1.1427982091856368,1.1519660261175668,1.1579918833258371,5.77676544544916,5.7943980295743955,4.887796134252338,3.244791941502805,9.142074219847569,9.04188607165066,2.9829421279955564,3.143869573666032,6.321889735466991,3.0657305434104294,5.499688145545494,-4.700876371700307,-4.999793990472237,-6.094885622286216,-6.199874344868792,-6.095207123963445,-16.19829873633427,-22.960584751550446
155.0,155.0,32.10607718732588,41.38589903315024,37.75657029176906,30.295580294833695,41.44832819517543,37.70842705730054,30.574097011627842,38.16676126728421,38.67346399908259,70.65523142859703,64.99173983437875,59.283010111310084,62.70550329788767,61.94941420640386,65.74530782842405,60.05229997566627,56.3139906784377,59.44752687281103,34.680240989826096,37.53736184559179,36.82381907974821,37.235699505419994,33.151406738998645,32.02052640677112,24.193807952024326,20.111638241027343,26.60811350103995,-7.070619517702046,-2.388093990927254,-2.5444913231564517,-7.351969742214372,50.082332904880865,50.099672946310136,-7.171864723948671,-2.276732281401534,-1.95034899492656,794.2042771912345,794.2042771912345,794.2042771912345,794.2042771912345,794.2042771912345,794.2042771912345,794.2042771912345,794.2042771912345,794.2042771912345,-112.77576492054945,-109.72452640296424,-122.02095455768261,-122.2703669858688,-125.34760671070673,-125.50759590718887,-123.46761808422184,-135.98995074217189,-145.52515677010373,-0.0,-0.0,-0.0,794.2042771912345,794.2042771912345,794.2042771912345,794.2042771912345,794.2042771912345,-0.0,-112.77576492054945,-122.02095455768261,-109.72452640296424,-122.2703669858688,-125.34760671070673,-125.50759590718887,-123.46761808422184,-135.98995074217189,-145.52515677010373,12.172683793497015,11.90079795063285,7.634018215084583,6.967361192819985,14.93704571798392,15.047020226119951,5.82840246956809,2.4927696530305674,6.0458178858791225,-0.0,-0.0,-0.0,-0.0,-0.0,-0.0,-0.0,-0.0,-0.0,0.7977625310239662,0.7978360207066769,0.7964662196999537,0.7551319343012325,0.7652087975703231,0.7764043503572304,0.7485454955552294,0.7550927694754432,0.7592891248491315,5.751701246752239,5.763458289891256,4.827790619951931,3.171435227003176,9.048112566598418,8.964852783516358,2.8940277676522643,3.1010624645954974,6.2743452272314455,3.0830362109375127,5.5139807761968616,-4.703803506068797,-4.999792471741738,-6.094888351717295,-6.199878098204685,-6.095209717924954,-16.1983230210467,-22.9294553359493
155.0,155.0,32.138363005898505,41.39368557580942,37.768590561986656,30.276634763726,41.45040483622536,37.723391478341604,30.5860181732779,38.17745744688805,38.68697364475873,70.65567565971786,65.01501068051138,59.30409705744518,62.709032095511155,61.94969811326071,65.74323330549612,60.048076349428534,56.35050538860325,59.462849539076,34.70451040202306,37.56145187427851,36.86201401079256,37.22240422897892,33.18708285629882,32.06258350477836,24.205477717631386,20.173720952930335,26.65450542372214,-7.078078089598443,-2.420820330461796,-2.548748099722488,-7.381126622080538,50.09195791248981,50.11346529173528,-7.179240528388162,-2.2850854612880043,-1.95693014291908,794.4784853430245,794.4784853430245,794.4784853430245,794.4784853430245,794.4784853430245,794.4784853430245,794.4784853430245,794.4784853430245,794.4784853430245,-112.76038229808071,-109.67594393632157,-122.03718158049021,-122.17249156794205,-125.38849056374828,-125.54838914743793,-123.52574088166728,-136.07416839027866,-145.50779237400477,-0.0,-0.0,-0.0,794.4784853430245,794.4784853430245,794.4784853430245,794.4784853430245,794.4784853430245,-0.0,-112.76038229808071,-122.03718158049021,-109.67594393632157,-122.17249156794205,-125.38849056374828,-125.54838914743793,-123.52574088166728,-136.07416839027866,-145.50779237400477,12.091825252974566,11.746459520974225,7.521624157084323,6.2956733878829185,14.937471290856166,15.047016986682944,5.912410404800861,2.703012455725237,6.072567697185117,-0.0,-0.0,-0.0,-0.0,-0.0,-0.0,-0.0,-0.0,-0.0,0.9509214103009567,0.9510878720567685,0.9482356165530489,0.9692629357416015,0.9677080485384063,0.9891612350985072,0.938930962183235,0.9478484849585089,0.9525763954092925,5.635402818081813,5.615501186917478,4.706526811745876,3.1091207845642828,8.987164383838186,8.89737382948959,2.871350427048263,3.071847812794366,6.246273642079486,3.113229853394688,5.561857668344639,-4.702762181023565,-4.999790768375765,-6.09489174917623,-6.199879899002535,-6.095200889331715,-16.198340683509052,-22.88075720463914
155.0,155.0,32.14158132235175,41.395742325036835,37.77674646986707,30.280561630995855,41.45067782556378,37.719366088731434,30.565038821727182,38.18140082762502,38.70246788542274,70.64910342508932,65.01489181923395,59.327238292552316,62.72038816833651,61.94487595565008,65.75376869739364,60.04120715071672,56.37607642137811,59.48930967595177,34.71519508655227,37.5646990796979,36.884498613068594,37.22428659360942,33.17931130352245,32.050228892260535,24.18398945737768,20.186118258238892,26.705381750363028,-7.041172999079631,-2.3831938492618208,-2.5302469607071494,-7.367013735563966,50.08067895702618,50.102934656336544,-7.181158301960001,-2.270792289749028,-1.9351251585180598,794.2886028985655,794.2886028985655,794.2886028985655,794.2886028985655,794.2886028985655,794.2886028985655,794.2886028985655,794.2886028985655,794.2886028985655,-112.72624842585674,-109.65058560586043,-121.9795656058003,-122.06801912968407,-125.35962355811452,-125.52013977782865,-123.45700332675739,-135.94246526656278,-145.45769438174204,-0.0,-0.0,-0.0,794.2886028985655,794.2886028985655,794.2886028985655,794.2886028985655,794.2886028985655,-0.0,-112.72624842585674,-121.9795656058003,-109.65058560586043,-122.06801912968407,-125.35962355811452,-125.52013977782865,-123.45700332675739,-135.94246526656278,-145.45769438174204,11.807153105190565,11.509590284478133,7.400192401156637,5.926438627537678,14.934439380302678,15.047005143178847,5.716392742288317,2.20176945195781,5.742475594846492,-0.0,-0.0,-0.0,-0.0,-0.0,-0.0,-0.0,-0.0,-0.0,0.7842431094440379,0.7838921645881313,0.7808557582117247,0.8228830789470606,0.8141368138141523,0.8329041960050022,0.7921903222636077,0.7993244507055549,0.8032437984775443,5.526098840487294,5.522840136384826,4.632458967655666,3.0761291066653405,8.954964806416834,8.843938920429549,2.8552839022760312,3.0450273626257505,6.2406749623262545,3.0727884546992104,5.518745322369672,-4.699473609199123,-4.999791053381834,-6.094896386137801,-6.199880074833392,-6.095182480051285,-16.198357329597822,-22.916160775448102
155.0,155.0,32.134521361852045,41.394917853631654,37.7758474411163,30.276089958640352,41.45072690835416,37.71378410456169,30.54707646906628,38.174702339016825,38.682290211821766,70.6437407720495,65.00695080112054,59.30615102963174,62.7179283241291,61.95189469512082,65.7613757944394,60.03465738034405,56.33730008696413,59.450211665679205,34.71492679749199,37.56175612218415,36.89116840027328,37.22205871270759,33.175544368596505,32.039897300037985,24.16199793830216,20.13678413222807,26.62620443163826,-7.035755936320936,-2.3887546930766788,-2.5153805380059833,-7.353909344915921,50.08047169227608,50.10616876136353,-7.177637918514914,-2.259820051232554,-1.9327619883582026,794.3727936544345,794.3727936544345,794.3727936544345,794.3727936544345,794.3727936544345,794.3727936544345,794.3727936544345,794.3727936544345,794.3727936544345,-112.7281859390852,-109.61177477905863,-122.00988219699035,-122.10649668706617,-125.37239391499817,-125.53266234878603,-123.49226848731209,-136.02370907419302,-145.47488700806994,-0.0,-0.0,-0.0,794.3727936544345,794.3727936544345,794.3727936544345,794.3727936544345,794.3727936544345,-0.0,-112.7281859390852,-122.00988219699035,-109.61177477905863,-122.10649668706617,-125.37239391499817,-125.53266234878603,-123.49226848731209,-136.02370907419302,-145.47488700806994,11.821297135836144,11.484193494631139,7.476627740553307,6.052159846366533,14.935635217142998,15.04698951111878,5.826487942416427,2.534593798541535,5.890555790476343,-0.0,-0.0,-0.0,-0.0,-0.0,-0.0,-0.0,-0.0,-0.0,0.5883619575128539,0.587906446375768,0.5856205200861138,0.6208026240851352,0.613838997996373,0.6267462067134445,0.6013010366410283,0.6060454505150498,0.6089266493177693,5.49751724788336,5.48612398076668,4.615299268590415,3.068118673697551,8.948858706063291,8.824995360606614,2.8484636756296418,3.0271817089821718,6.238838552049024,3.083117773024263,5.557115549950295,-4.701012891353628,-4.999790335532913,-6.094895744852744,-6.199881201997713,-6.095192066258808,-16.19836534034767,-22.896352365080478
155.0,155.0,32.141384120692656,41.398078454079965,37.77802785197268,30.278752940057572,41.45187456038722,37.72333716123441,30.56626607134159,38.177639101229694,38.68618246085482,70.64274367371827,65.01469678641536,59.31010348088925,62.708537796414475,61.94563596244039,65.74746502561653,60.03779055040527,56.35145993420012,59.45875444515365,34.71949730809652,37.57024249870363,36.89950088215467,37.22436586698716,33.19313230076829,32.0653652249345,24.181034429683105,20.16472925821093,26.646077699633846,-7.042603379413123,-2.4007703751263945,-2.509960954827018,-7.3479812674225,50.09766670979381,50.12502234105136,-7.161351325315474,-2.25396748535167,-1.92627123517719,794.702424010043,794.702424010043,794.702424010043,794.702424010043,794.702424010043,794.702424010043,794.702424010043,794.702424010043,794.702424010043,-112.74246540257379,-109.62269661425745,-122.07082588264412,-122.15532384276055,-125.42159943108724,-125.58170014661582,-123.54169354016223,-136.07487755666259,-145.48643583926534,-0.0,-0.0,-0.0,794.702424010043,794.702424010043,794.702424010043,794.702424010043,794.702424010043,-0.0,-112.74246540257379,-122.07082588264412,-109.62269661425745,-122.15532384276055,-125.42159943108724,-125.58170014661582,-123.54169354016223,-136.07487755666259,-145.48643583926534,11.833881710828487,11.496198593204829,7.540128528885994,6.051147701404478,14.936460770550855,15.046999072228305,5.828360475902506,2.5448828862033595,5.9308481977576255,-0.0,-0.0,-0.0,-0.0,-0.0,-0.0,-0.0,-0.0,-0.0,0.5376016591375636,0.5369549190226767,0.5348884850749189,0.5675762673832443,0.5621584685159835,0.5736503589655076,0.551836691753449,0.5560048456918496,0.558606681303323,5.4641539074757555,5.453123162820196,4.610733032339112,3.060853788586211,8.943246566871407,8.817007859452024,2.847818316747359,3.026210202738653,6.219644807816951,3.11168493801574,5.590907687474929,-4.700093817053996,-4.999790238577741,-6.094894869225899,-6.199880890017241,-6.095193787605842,-16.19837157159601,-22.86132250151764
155.0,155.0,32.14159698344339,41.399277795494434,37.78134474316166,30.280419274523663,41.451490112831046,37.71937731785866,30.563460738835566,38.178359546231604,38.699281374227766,70.64332086068649,65.02436155437992,59.32935758741183,62.71554304604685,61.94176136927641,65.7528876384409,60.03943791395541,56.36016478977061,59.48506197550981,34.722767162468436,37.57378312295064,36.90568429357873,37.223859744282,33.18052804136474,32.05118577916319,24.184403083831995,20.162664700547367,26.690874168334066,-7.035464441251688,-2.3796597252009426,-2.5094270107683543,-7.34868167693909,50.08275389050833,50.10773406875385,-7.164790582023094,-2.2551437189731742,-1.9194813042275445,794.3775737553626,794.3775737553626,794.3775737553626,794.3775737553626,794.3775737553626,794.3775737553626,794.3775737553626,794.3775737553626,794.3775737553626,-112.69900419765085,-109.61209480184296,-122.00739901416304,-122.05576005457534,-125.37271226930427,-125.53337336848072,-123.45637170663348,-135.92422258538275,-145.44134699334103,-0.0,-0.0,-0.0,794.3775737553626,794.3775737553626,794.3775737553626,794.3775737553626,794.3775737553626,-0.0,-112.69900419765085,-122.00739901416304,-109.61209480184296,-122.05576005457534,-125.37271226930427,-125.53337336848072,-123.45637170663348,-135.92422258538275,-145.44134699334103,11.755347725240776,11.440300659958972,7.477729851424292,5.802946064375735,14.933716894276666,15.046995880965373,5.649221637819736,2.049138010802839,5.653142089870031,-0.0,-0.0,-0.0,-0.0,-0.0,-0.0,-0.0,-0.0,-0.0,0.5581346108211459,0.5573054367733389,0.5551720820463159,0.5900098418361137,0.5835901894884904,0.5958634575381077,0.5724447660959648,0.5767437676601329,0.5795391137657941,5.48028849258015,5.47450595974813,4.627931658307464,3.0623640617783203,8.9394464040579,8.808514231005132,2.846311798034567,3.020203272918861,6.232972201464077,3.0955664926959936,5.549897839182245,-4.698396060047043,-4.9997907398085815,-6.0948982557629,-6.199880139588019,-6.095182415840329,-16.198381403693126,-22.90764097013585
155.0,155.0,32.13890825602565,41.39721459149474,37.77926178797487,30.272482669608653,41.451107603012545,37.71464041995414,30.55443761432064,38.17318614041914,38.682284409591034,70.64343255433197,65.0124728799629,59.31139382819657,62.71248761905909,61.95148402937004,65.76149857837618,60.03702576825756,56.3291307923226,59.45170742202404,34.723011641364636,37.568404439417954,36.90594365148077,37.2183754889666,33.177387405600186,32.04230585491722,24.17506823309806,20.126871498080497,26.624014669085867,-7.036512724026092,-2.3851148299441256,-2.5099244476128866,-7.352928581644196,50.09052007281065,50.11770353354604,-7.169716712031719,-2.257578093847007,-1.929539238864984,794.5740717809151,794.5740717809151,794.5740717809151,794.5740717809151,794.5740717809151,794.5740717809151,794.5740717809151,794.5740717809151,794.5740717809151,-112.73925366693491,-109.63601310478693,-122.05579188957694,-122.12077491578222,-125.40232524313043,-125.56260484206908,-123.51486601126123,-136.0410144229489,-145.48954183837543,-0.0,-0.0,-0.0,794.5740717809151,794.5740717809151,794.5740717809151,794.5740717809151,794.5740717809151,-0.0,-112.73925366693491,-122.05579188957694,-109.63601310478693,-122.12077491578222,-125.40232524313043,-125.56260484206908,-123.51486601126123,-136.0410144229489,-145.48954183837543,11.810587514842231,11.468679631226031,7.5455345751359335,5.976283900445758,14.9355723561967,15.046989193357552,5.79088840400958,2.4732690102392305,5.8441335441656435,-0.0,-0.0,-0.0,-0.0,-0.0,-0.0,-0.0,-0.0,-0.0,0.5474766012115296,0.5465321456854249,0.5444835703544173,0.5790067415275141,0.5720266531136152,0.584289319897409,0.561171828161539,0.5653506639874009,0.5681445432072855,5.509025201471005,5.498892126788384,4.64554737595922,3.064611255006743,8.950274406770838,8.814832321475006,2.850027231271726,3.017544238243586,6.257912955545171,3.0958614229564447,5.559197840101517,-4.702345106190127,-4.999790212674053,-6.0948972090285185,-6.199881330604618,-6.095195417564716,-16.198382918657646,-22.891990177418652
155.0,155.0,32.142592177739544,41.40080289625603,37.78045929698688,30.2778337035082,41.451937290103565,37.72434773022449,30.574359367340225,38.175130555719534,38.685009831970284,70.6430870499554,65.03207428040746,59.315421519129835,62.707656837365086,61.9443490268718,65.74864634651055,60.03915400361186,56.33907459344306,59.457659289749834,34.72469036570015,37.58030960452862,36.90936505572241,37.2231717244524,33.19121661358257,32.06757143996551,24.193786655021015,20.149527202112697,26.64088519473708,-7.040290607652509,-2.3927042837278263,-2.5062372901253958,-7.346356140215421,50.109752794059844,50.13791167342641,-7.15396254306645,-2.253395997927426,-1.9248437437574706,794.9285938722799,794.9285938722799,794.9285938722799,794.9285938722799,794.9285938722799,794.9285938722799,794.9285938722799,794.9285938722799,794.9285938722799,-112.7752035437152,-109.66866198422782,-122.11843695481852,-122.185740330093,-125.45526690535435,-125.61534637274379,-123.57110983600307,-136.0945814662444,-145.5191135384739,-0.0,-0.0,-0.0,794.9285938722799,794.9285938722799,794.9285938722799,794.9285938722799,794.9285938722799,-0.0,-112.7752035437152,-122.11843695481852,-109.66866198422782,-122.185740330093,-125.45526690535435,-125.61534637274379,-123.57110983600307,-136.0945814662444,-145.5191135384739,11.836660689966717,11.510824690989917,7.594236209605535,6.035507974206898,14.936564744218368,15.047002601596603,5.807848234026151,2.4772806250587873,5.900187145314964,-0.0,-0.0,-0.0,-0.0,-0.0,-0.0,-0.0,-0.0,-0.0,0.5105535863633971,0.5095790064433752,0.5076383907672735,0.539543289919243,0.5338795335477532,0.545040999601824,0.5244042028261865,0.528336831377192,0.5310066378853788,5.494958818644758,5.479748129535453,4.646794689427893,3.0687596108665214,8.955722420814899,8.823603833919057,2.856559492032122,3.0271949937826035,6.264939525597417,3.112817441452788,5.583165236269512,-4.70223179403399,-4.999790139783382,-6.094895398930174,-6.199881028021467,-6.095198048993277,-16.198382703133895,-22.865423198479643
155.0,155.0,32.144432845104056,41.401030796426255,37.78259021048972,30.278870170278715,41.451337084725694,37.7190381522731,30.571713862289297,38.17702975144309,38.69623383760618,70.64183429122899,65.03640667695223,59.33423304880584,62.71532813166051,61.94061568968877,65.75504728152052,60.04132150661128,56.366719736520764,59.48334886311081,34.72617186655903,37.58110116880123,36.911107885044494,37.2226200590057,33.174263612959315,32.048860709267274,24.19397943368803,20.165712795568894,26.68322138749426,-7.020993727911782,-2.3612342156056507,-2.5006411639437625,-7.341115101998287,50.09945952821992,50.12452287330214,-7.151488656422016,-2.2479664775430552,-1.9133682852279905,794.6558537164096,794.6558537164096,794.6558537164096,794.6558537164096,794.6558537164096,794.6558537164096,794.6558537164096,794.6558537164096,794.6558537164096,-112.75674688042226,-109.6804202032076,-122.06138223239601,-122.10466275646733,-125.41415530001095,-125.57477194499283,-123.49198996178453,-135.9333857920264,-145.4888768063243,-0.0,-0.0,-0.0,794.6558537164096,794.6558537164096,794.6558537164096,794.6558537164096,794.6558537164096,-0.0,-112.75674688042226,-122.06138223239601,-109.6804202032076,-122.10466275646733,-125.41415530001095,-125.57477194499283,-123.49198996178453,-135.9333857920264,-145.4888768063243,11.779638635682987,11.469856930041699,7.523416019485409,5.839302136390851,14.933946107219253,15.047001623910493,5.621207815811511,1.8929628513860426,5.616487579739868,-0.0,-0.0,-0.0,-0.0,-0.0,-0.0,-0.0,-0.0,-0.0,0.45695578103413786,0.45597594725655444,0.4542714910749032,0.48174492479747105,0.4788768540908382,0.4881193252700476,0.471574081817302,0.4751873004841394,0.47743464931588614,5.527976199243593,5.507522976710207,4.669386738513265,3.072098071966324,8.959474382757175,8.825382270551653,2.8590202691969484,3.0290381460615907,6.293958400670228,3.086901281559442,5.532560497572846,-4.700808382544084,-4.999790732633908,-6.094897054849741,-6.1998802230436745,-6.095185635396317,-16.198386815751363,-22.918117759137996
155.0,155.0,32.1413627591224,41.39918446031224,37.77978512551322,30.271071144513748,41.45064692385428,37.71276310066422,30.566745732095352,38.16897060792128,38.67319757228092,70.64110785373654,65.03068384402654,59.31658205359801,62.71295882328392,61.94852425311891,65.76527383227392,60.04308967698837,56.32553003510916,59.441139352486225,34.724481878463756,37.57742503343908,36.907989152639956,37.21792281646853,33.163732497294006,32.03444199201061,24.184267288243653,20.113537694377776,26.59716556416781,-7.018471403791859,-2.366666018299688,-2.5004400957697985,-7.343845513760823,50.11110467152005,50.13786214185049,-7.152789140154434,-2.25123326019814,-1.926247488994463,794.8915981034569,794.8915981034569,794.8915981034569,794.8915981034569,794.8915981034569,794.8915981034569,794.8915981034569,794.8915981034569,794.8915981034569,-112.81146809655057,-109.71240444249526,-122.11794496481548,-122.18257136288824,-125.44958600454676,-125.60984179170728,-123.5527728022915,-136.04376323019713,-145.54204084007668,-0.0,-0.0,-0.0,794.8915981034569,794.8915981034569,794.8915981034569,794.8915981034569,794.8915981034569,-0.0,-112.81146809655057,-122.11794496481548,-109.71240444249526,-122.18257136288824,-125.44958600454676,-125.60984179170728,-123.5527728022915,-136.04376323019713,-145.54204084007668,11.845450026412095,11.523036156988931,7.604332076700834,6.0468148270789825,14.935715898768278,15.046995951032562,5.7456756339358845,2.2577685512983896,5.749836467912871,-0.0,-0.0,-0.0,-0.0,-0.0,-0.0,-0.0,-0.0,-0.0,0.4314299368167485,0.4303889124307997,0.4288687069877304,0.4526949642232417,0.4531055917831316,0.4609000977421592,0.4475218407958046,0.45079699647413807,0.4524802222268138,5.572167869003951,5.543520572093208,4.696016671706437,3.0835585420811933,8.981284777948808,8.842951171886966,2.869751767506335,3.0363523121514073,6.335593802450144,3.0822628027958645,5.544268179328624,-4.704470481848287,-4.99979041382006,-6.09489377344656,-6.199881280129002,-6.095199238768599,-16.198384132543357,-22.910902736799343
155.0,155.0,32.14526022504053,41.40172135274487,37.7795242276506,30.27819612919073,41.4510495345626,37.72069227918815,30.593311117656963,38.167263788399524,38.67426844321827,70.641794664442,65.04115412510583,59.317025680331845,62.711783411576555,61.93910896270454,65.74866999820343,60.048822315920575,56.32023580509627,59.449229320475325,34.724444307624665,37.58601179690111,36.90690200492428,37.22455135206745,33.167905415739675,32.05305989272736,24.211770643346615,20.114742366225016,26.611096668660814,-7.023343732487773,-2.3759278710171525,-2.501308429906511,-7.339681467799392,50.13829088839155,50.165238811229436,-7.136670593354182,-2.253325270408751,-1.9265330556971794,795.3547242732529,795.3547242732529,795.3547242732529,795.3547242732529,795.3547242732529,795.3547242732529,795.3547242732529,795.3547242732529,795.3547242732529,-112.87241551693681,-109.7706130776705,-122.19627032883797,-122.27350588457807,-125.51875111807749,-125.67873979121354,-123.62702509239392,-136.10184855298013,-145.5834217250116,-0.0,-0.0,-0.0,795.3547242732529,795.3547242732529,795.3547242732529,795.3547242732529,795.3547242732529,-0.0,-112.87241551693681,-122.19627032883797,-109.7706130776705,-122.27350588457807,-125.51875111807749,-125.67873979121354,-123.62702509239392,-136.10184855298013,-145.5834217250116,11.886047314615883,11.582258515251185,7.651128275858027,6.153570670639815,14.937042948078357,15.047010273564286,5.771576251743985,2.2054471204081056,5.874379930050703,-0.0,-0.0,-0.0,-0.0,-0.0,-0.0,-0.0,-0.0,-0.0,0.4403078997862855,0.4391068352753568,0.4377179453739973,0.4581307082770564,0.46434943006310764,0.47032146525633106,0.4602938972677489,0.46332901859208797,0.4648172746846535,5.580581380386051,5.553467174603408,4.722602171843317,3.0964504817242755,9.010281037192799,8.874031278704026,2.8997923203784493,3.053368040164409,6.365873991353152,3.0947503141648425,5.563342168098656,-4.704294138721163,-4.999790693085804,-6.094890649428916,-6.199881129663546,-6.095206938826701,-16.19837758431429,-22.870198457790487
155.0,155.0,32.147533198970635,41.40024466744987,37.77858620054374,30.272467610439595,41.44929048070995,37.71221665014167,30.567819685429757,38.15982924537893,38.68150430810191,70.64656090143309,65.04265219049715,59.3327250672214,62.7165023805386,61.9331240743168,65.74871292861503,60.040881803913315,56.29571323181182,59.482731223045036,34.723296553107275,37.58388103740444,36.89882516797687,37.218999423697255,33.13437206686521,32.021265398107786,24.162461937343647,20.061679651378743,26.65239813945106,-7.014396025846581,-2.356296671479352,-2.514595246583522,-7.355919243949064,50.148447179917426,50.168994123357045,-7.167277981579665,-2.2723457919833203,-1.9361663863591687,795.2616404187512,795.2616404187512,795.2616404187512,795.2616404187512,795.2616404187512,795.2616404187512,795.2616404187512,795.2616404187512,795.2616404187512,-112.90150184970516,-109.82839172939445,-122.1612478691389,-122.24967827177495,-125.5046733273899,-125.66489057875266,-123.58910681467425,-135.95164272530363,-145.63956533805742,-0.0,-0.0,-0.0,795.2616404187512,795.2616404187512,795.2616404187512,795.2616404187512,795.2616404187512,-0.0,-112.90150184970516,-122.1612478691389,-109.82839172939445,-122.24967827177495,-125.5046733273899,-125.66489057875266,-123.58910681467425,-135.95164272530363,-145.63956533805742,11.854415672519448,11.567388858833354,7.554229045629702,6.10522018055486,14.93590102997731,15.0470100706552,5.655000683246182,1.544979919663904,5.786333860333487,-0.0,-0.0,-0.0,-0.0,-0.0,-0.0,-0.0,-0.0,-0.0,0.6016186005546484,0.5995638809556886,0.598015393438547,0.6166852989812074,0.6412113386675701,0.6418574336001031,0.6394101659857416,0.6431528481716628,0.6455523798787971,5.641164808449058,5.60849954400008,4.778562833292459,3.1185848787995094,9.052565145773077,8.905876059120022,2.958087814336553,3.0991250550299685,6.422053346573386,3.0569227873166573,5.501160490793645,-4.703398543070423,-4.999791644633248,-6.0948946432238085,-6.199879678392342,-6.095203205567256,-16.198369770997154,-22.93762468330058
155.0,155.0,32.14595878520403,41.396839054444726,37.77245649466965,30.27777221781643,41.44735681559293,37.70274204375649,30.52528614907968,38.148769417250755,38.65513328541019,70.65382168583204,65.03341924020249,59.31805331854522,62.70817102374845,61.93716117139926,65.74743245108398,60.02800606642267,56.27088928985804,59.44953764002483,34.71902314736334,37.57716544146189,36.8858160394967,37.22457709049211,33.10695498321586,31.99444377792874,24.09596905248037,20.0052959789635,26.568082269181605,-7.029294597022349,-2.381826939088906,-2.5373437046695764,-7.37109770472247,50.173349705758184,50.191970509962616,-7.216006475068024,-2.300795750218094,-1.9746199885144742,795.5386394142811,795.5386394142811,795.5386394142811,795.5386394142811,795.5386394142811,795.5386394142811,795.5386394142811,795.5386394142811,795.5386394142811,-112.97261993126467,-109.87424933389191,-122.21948370403318,-122.3925991176493,-125.54611880656242,-125.70609379160459,-123.69085450130748,-136.09570070028934,-145.7927378839657,-0.0,-0.0,-0.0,795.5386394142811,795.5386394142811,795.5386394142811,795.5386394142811,795.5386394142811,-0.0,-112.97261993126467,-122.21948370403318,-109.87424933389191,-122.3925991176493,-125.54611880656242,-125.70609379160459,-123.69085450130748,-136.09570070028934,-145.7927378839657,11.939626636021156,11.638624934824778,7.609243104120288,6.597916509873648,14.937046754280214,15.046996513380954,5.948145113768342,2.043341860731706,6.19172965652008,-0.0,-0.0,-0.0,-0.0,-0.0,-0.0,-0.0,-0.0,-0.0,0.8408360042035318,0.8378819155755962,0.8355938593844929,0.8517699134091261,0.9041784380252783,0.8929824301445181,0.908680615871709,0.9126166794522153,0.916674375729951,5.722215194132493,5.683605445140414,4.877741121611769,3.1794338536165294,9.149549265474453,8.968953613975962,3.033482339163984,3.149787223358792,6.480113419372097,3.0475008654397606,5.509531160893219,-4.7077361344938184,-4.99979224196332,-6.094896348263566,-6.199879133820591,-6.095221227535219,-16.198345519548234,-22.959248076560037
155.0,155.0,32.15641045033657,41.39830081419747,37.76867574999763,30.303150732555103,41.44777065345169,37.71305224230321,30.520527664399715,38.145268700772135,38.656720135829524,70.66456306140384,65.04356288306319,59.31767391583578,62.68356075520194,61.93271483694523,65.71407872783826,60.02131673502092,56.240246548547205,59.45169374710538,34.7147891550742,37.582221143472445,36.870258448950665,37.240421964060246,33.1199606181364,32.02038505709561,24.083772211873935,19.98139170380709,26.575628588512714,-7.061470976393755,-2.4182776729368873,-2.5679224155921028,-7.381956671061687,50.15170310115347,50.16911100269209,-7.248242457034809,-2.332375940415819,-2.0030811281625085,795.2913509481642,795.2913509481642,795.2913509481642,795.2913509481642,795.2913509481642,795.2913509481642,795.2913509481642,795.2913509481642,795.2913509481642,-112.9257095023448,-109.83214665422892,-122.2006480706332,-122.45323334650361,-125.50871165288704,-125.66929650040056,-123.66749251023741,-136.10392987711614,-145.74757030238922,-0.0,-0.0,-0.0,795.2913509481642,795.2913509481642,795.2913509481642,795.2913509481642,795.2913509481642,-0.0,-112.9257095023448,-122.2006480706332,-109.83214665422892,-122.45323334650361,-125.50871165288704,-125.66929650040056,-123.66749251023741,-136.10392987711614,-145.74757030238922,12.018135582331103,11.713630313018077,7.692979955338197,7.06981584666308,14.934080311447687,15.046966367350437,6.01312034273263,2.2615903003767888,6.341725739877475,-0.0,-0.0,-0.0,-0.0,-0.0,-0.0,-0.0,-0.0,-0.0,1.1965043915081177,1.193395211799641,1.1912888724058877,1.1958586308839578,1.270784327251316,1.2487480824715314,1.2773546154831619,1.283252380340883,1.2893494523353413,5.8056943309237035,5.769280810775545,5.014587984613609,3.286712124087301,9.271536770469279,9.071290569337211,3.092321407499934,3.200362263107152,6.532879377406008,3.067637613364321,5.526846487918387,-4.708244305067344,-4.999793169851048,-6.094890377813959,-6.19987598281622,-6.095229887345309,-16.198315253971295,-22.929157976784175
155.0,155.0,32.14320909421852,41.39424919765383,37.7610720868244,30.291516938475716,41.447102416636646,37.70822606451554,30.52848439179307,38.146648407541946,38.668364877663386,70.66519987186308,65.0402792990715,59.314910899814876,62.686832755824234,61.93117234025563,65.71519158683701,60.02833818213552,56.24935577047784,59.475993366065524,34.69631268062961,37.56936558997511,36.836407855375015,37.229142217083194,33.1069206626395,31.99994214586144,24.096283285286134,19.987397894527867,26.62063302156853,-7.049755038355442,-2.379794289840575,-2.570530475448325,-7.3801295784070735,50.11414020680735,50.12862875275465,-7.233677398536439,-2.322006818656772,-1.986074637716745,794.6436793426024,794.6436793426024,794.6436793426024,794.6436793426024,794.6436793426024,794.6436793426024,794.6436793426024,794.6436793426024,794.6436793426024,-112.88640419569111,-109.84312211674535,-122.08781963466987,-122.346730310291,-125.41175103048568,-125.57294285809543,-123.53544820139162,-135.90958712811087,-145.68661020078034,-0.0,-0.0,-0.0,794.6436793426024,794.6436793426024,794.6436793426024,794.6436793426024,794.6436793426024,-0.0,-112.88640419569111,-122.08781963466987,-109.84312211674535,-122.346730310291,-125.41175103048568,-125.57294285809543,-123.53544820139162,-135.90958712811087,-145.68661020078034,12.084674893350835,11.81240711113208,7.623050800888093,7.020628081038518,14.931137213459365,15.046954456278055,5.840288668742876,1.787030194098716,6.108476017444228,-0.0,-0.0,-0.0,-0.0,-0.0,-0.0,-0.0,-0.0,-0.0,1.1648585850427393,1.1634858512959976,1.1622846088182544,1.0779496489977773,1.1519604522300568,1.1326142859168533,1.158102603814391,1.1634336014794389,1.1692954653877214,6.000884704603006,5.967074630467827,5.174610188271689,3.330035493016351,9.32006530713278,9.108767353319488,3.1171832244848985,3.2183862664550174,6.591457927391072,3.034518741113258,5.45447827484138,-4.706681417544855,-4.999793055760351,-6.09488686849534,-6.19987389537293,-6.0952175789447445,-16.198296106906245,-22.993046175965674
155.0,155.0,32.11581576819024,41.38638813937632,37.75150612007833,30.267785081842423,41.44596329817698,37.691421652062104,30.501127207973944,38.141728356774756,38.65313819466835,70.6613538808298,65.00856694139613,59.27454835070608,62.675200912887405,61.93077957159614,65.70729891700302,60.021009588968276,56.2329408551254,59.44644004110358,34.68175806556629,37.54580141996818,36.81147456764871,37.21037040171379,33.080945511575294,31.96287763892479,24.064256185053967,19.960907562848917,26.561302766440974,-7.063597389886835,-2.387678287929378,-2.562930595842213,-7.381648003273739,50.11323937056621,50.13002167500534,-7.2366831292680125,-2.3104676626777607,-1.981083471898168,794.7173671707973,794.7173671707973,794.7173671707973,794.7173671707973,794.7173671707973,794.7173671707973,794.7173671707973,794.7173671707973,794.7173671707973,-112.89104852657275,-109.82609337465,-122.10442457613235,-122.39024682096453,-125.42306160737874,-125.58390454393356,-123.5820766542419,-136.0218055162931,-145.73697853973644,-0.0,-0.0,-0.0,794.7173671707973,794.7173671707973,794.7173671707973,794.7173671707973,794.7173671707973,-0.0,-112.89104852657275,-122.10442457613235,-109.82609337465,-122.39024682096453,-125.42306160737874,-125.58390454393356,-123.5820766542419,-136.0218055162931,-145.73697853973644,12.17270905677102,11.857165231319174,7.63667031041817,7.178330793257677,14.9328112632268,15.04694281663333,6.012997992346404,2.2775964197405343,6.297882308994757,-0.0,-0.0,-0.0,-0.0,-0.0,-0.0,-0.0,-0.0,-0.0,0.989869961498018,0.9894176478864772,0.9882616257116096,0.9037285283166379,0.9673480278162028,0.9528539446619015,0.9731344210309244,0.9774830898653812,0.9821114224940424,6.133106143485531,6.113967953785994,5.254506250079109,3.352653549486286,9.368846600043248,9.148165825735667,3.1401616148896183,3.242911109237886,6.662165896248405,3.0532487183068846,5.485471531367592,-4.708846742419414,-4.999791611856051,-6.094889229299005,-6.199875572845142,-6.095226798366149,-16.19828302599858,-22.993279411751093
155.0,155.0,32.11693740295749,41.38758049811656,37.75069100304325,30.27271619297698,41.44681637068721,37.698103689973365,30.515819323296903,38.1427669450011,38.65455478073412,70.66147140102402,65.01448717531176,59.27101469433916,62.663485996344704,61.92594152861039,65.68439235925665,60.02069569862479,56.22651013155235,59.44834529667334,34.68161494332748,37.5492992871209,36.810073000851354,37.21429749406121,33.097164052038316,31.98146850928707,24.077201110825104,19.96832680428493,26.570413182123755,-7.081758985858537,-2.4227469281755654,-2.561843993149047,-7.376971593258227,50.11883219827318,50.13528742431881,-7.225630862105797,-2.308202325792642,-1.9785553565445726,794.902862668421,794.902862668421,794.902862668421,794.902862668421,794.902862668421,794.902862668421,794.902862668421,794.902862668421,794.902862668421,-112.87477313425276,-109.7761680815543,-122.1402170808398,-122.4424426048762,-125.45051557903587,-125.61149526142383,-123.62401540034902,-136.0691984347433,-145.72470568003936,-0.0,-0.0,-0.0,794.902862668421,794.902862668421,794.902862668421,794.902862668421,794.902862668421,-0.0,-112.87477313425276,-122.1402170808398,-109.7761680815543,-122.4424426048762,-125.45051557903587,-125.61149526142383,-123.62401540034902,-136.0691984347433,-145.72470568003936,12.202836306001068,11.888768337553387,7.679903220502166,7.29750008821269,14.932145368413197,15.046931966548197,6.082461325010544,2.3735425199550733,6.378433955307106,-0.0,-0.0,-0.0,-0.0,-0.0,-0.0,-0.0,-0.0,-0.0,0.9694494774954142,0.969126370868749,0.9678840450113996,0.8848081276768426,0.9473619225876182,0.9333527968147737,0.953176427396688,0.9573142003071967,0.9617017400478904,6.20183665633933,6.187569218702745,5.32276184652983,3.3878918738383237,9.420265022160915,9.203474168779756,3.1795733949317286,3.283650305705075,6.728479150730383,3.0915547994476995,5.555435450148494,-4.708290658759837,-4.999791351271648,-6.094886853792446,-6.199874357409731,-6.095229882137526,-16.198276175705164,-22.95007340958915
155.0,155.0,32.115149275237584,41.38721506774044,37.75292361832976,30.279909752813456,41.44647842623608,37.699227657648414,30.523271203372353,38.146357151549445,38.66687982138296,70.66288504580693,65.01037789578888,59.28346398905678,62.683269499740426,61.92794758720481,65.69649292073068,60.02767235512982,56.247264034473936,59.47106690901677,34.68179034533333,37.546897215143595,36.813033088298894,37.2200268074814,33.09421182332946,31.977936612113584,24.091646687765298,19.985215774377448,26.613587432577518,-7.061552888938679,-2.386037779888924,-2.56557627739553,-7.3772348057905255,50.10402836575729,50.11857427348919,-7.226088029153585,-2.311171984671947,-1.9759078065437383,794.667530598188,794.667530598188,794.667530598188,794.667530598188,794.667530598188,794.667530598188,794.667530598188,794.667530598188,794.667530598188,-112.8939986044873,-109.82582879665966,-122.08785196865107,-122.38651095803075,-125.4151791503465,-125.57648807525212,-123.56077826210735,-135.9406954537747,-145.71971910260572,-0.0,-0.0,-0.0,794.667530598188,794.667530598188,794.667530598188,794.667530598188,794.667530598188,-0.0,-112.8939986044873,-122.08785196865107,-109.82582879665966,-122.38651095803075,-125.4151791503465,-125.57648807525212,-123.56077826210735,-135.9406954537747,-145.71971910260572,12.15144109387575,11.840846266072028,7.619137201160971,7.196140170807933,14.930567416759649,15.046942068808598,5.9458103427997795,1.9206807739580651,6.154510824723239,-0.0,-0.0,-0.0,-0.0,-0.0,-0.0,-0.0,-0.0,-0.0,1.0349229031080438,1.0346509059101505,1.033254989790341,0.9467622935515752,1.0134526949914955,0.9977515560719271,1.0196874335079846,1.0241100479377685,1.028685891250503,6.284922937231339,6.270479694671717,5.3909636307629185,3.4284677405464494,9.459652515606479,9.23713655882145,3.2100332923269352,3.3124828326981186,6.812784512402895,3.041965217814465,5.47671555990337,-4.704610560385098,-4.999792591575031,-6.094885038277685,-6.199873613380734,-6.095215885187106,-16.198272441956668,-23.00838500374143
155.0,155.0,32.106758370127714,41.384238180587346,37.749531709631775,30.267930961459797,41.445648667562786,37.687080800541096,30.501120183143996,38.14295699198509,38.65264093520579,70.66559429636209,64.99556732735249,59.26641848622398,62.67866960357797,61.92994393614429,65.697583180317,60.022731684519805,56.23562913440617,59.44017721376963,34.67955660249969,37.53762571528566,36.8086705247519,37.209787418784494,33.07578224509719,31.95423281225192,24.069042036724642,19.966550568394556,26.55315460165606,-7.079618895760387,-2.4013618187988457,-2.5754366879097237,-7.392229428526582,50.102331352468546,50.12041921633991,-7.248112422595001,-2.321138454536305,-1.9928816132782328,794.7846179737267,794.7846179737267,794.7846179737267,794.7846179737267,794.7846179737267,794.7846179737267,794.7846179737267,794.7846179737267,794.7846179737267,-112.91418013267135,-109.83946194361566,-122.12019009811246,-122.43561199032816,-125.43305850643978,-125.59390858761851,-123.61853407930725,-136.07193227812795,-145.78337023254443,-0.0,-0.0,-0.0,794.7846179737267,794.7846179737267,794.7846179737267,794.7846179737267,794.7846179737267,-0.0,-112.91418013267135,-122.12019009811246,-109.83946194361566,-122.43561199032816,-125.43305850643978,-125.59390858761851,-123.61853407930725,-136.07193227812795,-145.78337023254443,12.22370987226499,11.884748988428273,7.676906867325768,7.349618390707513,14.932787678998716,15.04693867915858,6.141138569072367,2.4720388321011635,6.409071375788747,-0.0,-0.0,-0.0,-0.0,-0.0,-0.0,-0.0,-0.0,-0.0,1.1320034848348306,1.1317304702051758,1.1302444108863492,1.0386642417805383,1.1104671538802182,1.0922170177144424,1.1175408284545172,1.1223727907925,1.1271845928589708,6.373044842953519,6.351792239668881,5.464477439287297,3.4787060439452873,9.516402879960314,9.282858803382645,3.2493499442974927,3.349150678044185,6.907672108620088,3.051261455756678,5.487411345750719,-4.706900202087298,-4.999791502017423,-6.094887281210742,-6.199876018428115,-6.095226400934322,-16.1982687378489,-23.003552535604264
155.0,155.0,32.11205120422296,41.38762564281995,37.75033993178271,30.27453422384952,41.4466706896498,37.69780490408536,30.523709776706657,38.145691503962226,38.65660573231046,70.6691127424253,65.0085394987421,59.269064132176915,62.664632718188656,61.92793887121945,65.68461046143737,60.025688218858726,56.242801641554834,59.44598964600147,34.682203898163706,37.54749867593938,36.81218035002085,37.214587012372796,33.099659379050216,31.98302914909818,24.092646828039424,19.987414232993547,26.570608841253993,-7.104167551846384,-2.440497315818271,-2.584308302305991,-7.396959315709728,50.10932530670196,50.127859591053266,-7.243066229370124,-2.3289426994439073,-1.999944561227457,795.0340027763094,795.0340027763094,795.0340027763094,795.0340027763094,795.0340027763094,795.0340027763094,795.0340027763094,795.0340027763094,795.0340027763094,-112.91281911224755,-109.813521186677,-122.16930972634984,-122.49178737043394,-125.47012022286661,-125.63100545728291,-123.67635470520023,-136.13594316637972,-145.7882267258346,-0.0,-0.0,-0.0,795.0340027763094,795.0340027763094,795.0340027763094,795.0340027763094,795.0340027763094,-0.0,-112.91281911224755,-122.16930972634984,-109.813521186677,-122.49178737043394,-125.47012022286661,-125.63100545728291,-123.67635470520023,-136.13594316637972,-145.7882267258346,12.257008515951192,11.926385546557448,7.738864612294974,7.442026285714873,14.932626837992583,15.046936063018723,6.241485266626465,2.6024111406721646,6.540581446458359,-0.0,-0.0,-0.0,-0.0,-0.0,-0.0,-0.0,-0.0,-0.0,1.2509095071255973,1.2506105880309837,1.2489665699581274,1.1522652558151858,1.2302113956429903,1.208426632823642,1.2378623646420583,1.24330282668766,1.2487715780189212,6.443379382040544,6.419748984555374,5.541951278274735,3.5290237173838794,9.582866712724108,9.350353365841675,3.304254290070237,3.400349079844159,6.993685861581022,3.085930824291563,5.547045218163718,-4.706311442010548,-4.999791260914822,-6.094884313679539,-6.199874954320993,-6.095231009506092,-16.198267004724364,-22.958132670032548
155.0,155.0,32.115160240022824,41.388368558675765,37.75334248100329,30.284922789565336,41.446608130944284,37.7019646443613,30.540708645586495,38.15006468454497,38.67281189275221,70.67172654494625,65.01045898993425,59.28390114848436,62.68265115202907,61.9320611284265,65.70091642409666,60.034548334340045,56.26396358256923,59.476629671153226,34.68524853255501,37.548660459580894,36.81775058009784,37.222859287969875,33.1039587807325,31.986976491311363,24.117793624809355,20.0091238997487,26.62767605944348,-7.0883558673306295,-2.4122538644677944,-2.5931892226734035,-7.40060286358192,50.093271193613795,50.110310978704774,-7.24313937042436,-2.3372156393445156,-2.0006488766335604,794.8202572351154,794.8202572351154,794.8202572351154,794.8202572351154,794.8202572351154,794.8202572351154,794.8202572351154,794.8202572351154,794.8202572351154,-112.92977092178154,-109.85966745462288,-122.12792192774302,-122.43854319155571,-125.43799213551212,-125.59921012271393,-123.62537738730217,-136.01937509999695,-145.77897302125803,-0.0,-0.0,-0.0,794.8202572351154,794.8202572351154,794.8202572351154,794.8202572351154,794.8202572351154,-0.0,-112.92977092178154,-122.12792192774302,-109.85966745462288,-122.43854319155571,-125.43799213551212,-125.59921012271393,-123.62537738730217,-136.01937509999695,-145.77897302125803,12.201494186507533,11.884278632179097,7.712514582510235,7.338129944904168,14.931032964319293,15.046949546246692,6.148649437892056,2.191766807489312,6.369344187253483,-0.0,-0.0,-0.0,-0.0,-0.0,-0.0,-0.0,-0.0,-0.0,1.3878638301304835,1.3875386982210405,1.385690030580805,1.282985256718168,1.3692860417966863,1.3431583858626581,1.377326939547146,1.383512142698962,1.3897535112305544,6.541485560684031,6.5167492793461985,5.630874863036739,3.5803952081297394,9.638977099365425,9.39856059616202,3.355174867977947,3.4409872986373538,7.099006857748554,3.0398855217032184,5.474923613387862,-4.703136967414546,-4.9997923890688964,-6.094882795447979,-6.199874144558856,-6.0952195222398435,-16.198269555042913,-23.002407254489682
155.0,155.0,32.11139133699541,41.38578734412663,37.751506848767626,30.271500993894794,41.44623988642389,37.69381925228352,30.526486561065646,38.148320776897805,38.65926768830503,70.67563991350676,64.9934209445271,59.27422994336176,62.67452533984691,61.93896878659105,65.70867107152743,60.03289809653486,56.254737824520184,59.44704634088573,34.68576194824583,37.540660560706854,36.81466314847664,37.2107039598378,33.09855988322479,31.972974585448107,24.109813064324516,20.002726918651096,26.571243815257603,-7.111472685774401,-2.4358554649154254,-2.609537099861201,-7.423484993927352,50.09353940254217,50.114555940789835,-7.267709635639985,-2.353813258687283,-2.0249144757821664,795.0180470256801,795.0180470256801,795.0180470256801,795.0180470256801,795.0180470256801,795.0180470256801,795.0180470256801,795.0180470256801,795.0180470256801,-112.96390037712831,-109.88544439414086,-122.18062106743652,-122.49221603814138,-125.467977784959,-125.62863736239343,-123.7018709585966,-136.16181803452102,-145.84708017026662,-0.0,-0.0,-0.0,795.0180470256801,795.0180470256801,795.0180470256801,795.0180470256801,795.0180470256801,-0.0,-112.96390037712831,-122.18062106743652,-109.88544439414086,-122.49221603814138,-125.467977784959,-125.62863736239343,-123.7018709585966,-136.16181803452102,-145.84708017026662,12.289599357863587,11.940406658743806,7.80741928052486,7.455600446007742,14.93373575201817,15.046953966120427,6.376595746401806,2.7391947565003716,6.632362930846471,-0.0,-0.0,-0.0,-0.0,-0.0,-0.0,-0.0,-0.0,-0.0,1.5795910835672027,1.5790366938787277,1.5773631397486634,1.4628230748289983,1.563007017821222,1.5306813423695542,1.5719800756682165,1.579089487373256,1.5860804327658973,6.656032712103134,6.625193301814002,5.729124627535798,3.6593826046246365,9.716499751566722,9.463411128076448,3.4116066628790245,3.4915977084516223,7.2182286542186755,3.050196409294008,5.487605183891362,-4.705953811825719,-4.999791249641192,-6.094886021516292,-6.199876336199408,-6.09522897460225,-16.198275071264877,-22.990466021509995
155.0,155.0,32.1159552003299,41.38957755013392,37.752382354186224,30.283646473068337,41.44777263934847,37.70998053176616,30.568638966645896,38.15815580358189,38.66707099173721,70.67374071552072,65.011174487112,59.27366618736392,62.66523031654833,61.94170362828017,65.70404807844267,60.04227170563298,56.28749762889395,59.4575620042997,34.686666960198565,37.55196794208215,36.81733436494899,37.22020777249778,33.13558030094892,32.01653605765967,24.166643366744267,20.072623890797068,26.603303253108425,-7.109343067083657,-2.4451373656680833,-2.591276949381577,-7.399449351140745,50.09070532127847,50.113834911452116,-7.221761419795631,-2.3286714089541656,-2.001068036719907,795.1711098610613,795.1711098610613,795.1711098610613,795.1711098610613,795.1711098610613,795.1711098610613,795.1711098610613,795.1711098610613,795.1711098610613,-112.94806519456974,-109.8536223884173,-122.22198605021359,-122.53023157056269,-125.49085120478145,-125.65140764483459,-123.75654245947172,-136.20051439189285,-145.81565210064372,-0.0,-0.0,-0.0,795.1711098610613,795.1711098610613,795.1711098610613,795.1711098610613,795.1711098610613,-0.0,-112.94806519456974,-122.22198605021359,-109.8536223884173,-122.53023157056269,-125.49085120478145,-125.65140764483459,-123.75654245947172,-136.20051439189285,-145.81565210064372,12.32196510771769,11.996045030772306,7.8950532739403085,7.529449914629041,14.93423744709792,15.046963352324717,6.5311337867594865,2.816243569785997,6.69480776928522,-0.0,-0.0,-0.0,-0.0,-0.0,-0.0,-0.0,-0.0,-0.0,1.355593952764673,1.3551499920694678,1.3536943381165631,1.2580031952511155,1.3347894370053246,1.3137947393240035,1.3347455005030824,1.341457310788096,1.3482634897384211,6.743449505333442,6.710424733801688,5.824855301801893,3.7201804941708554,9.786976763870129,9.53622366200355,3.4635444560320097,3.5516666433246256,7.324706366014631,3.0848295245427835,5.542612899790848,-4.706339095234469,-4.999791294821738,-6.094886041568498,-6.199875206042268,-6.095227825072568,-16.1982906753657,-22.939159391113687
155.0,155.0,32.11158012422111,41.3886915702754,37.75641120198627,30.305241744015,41.44834995578696,37.71558638903465,30.58251189366021,38.16227329057874,38.68191420695802,70.65264063748049,65.01193238049517,59.290303690596694,62.695140988430126,61.94055402334762,65.73035672500569,60.051024736225955,56.306678637903396,59.47954211167588,34.68067616096811,37.54897475384784,36.81697354062354,37.23965681374162,33.136596210364935,32.02791361061617,24.193430942122443,20.089925737611047,26.653251273015776,-7.030237268866073,-2.346314395950949,-2.5297191309314786,-7.3303659022638685,50.05413880284798,50.07864161079168,-7.153009871113486,-2.265950925668851,-1.931157971830211,794.7415900924207,794.7415900924207,794.7415900924207,794.7415900924207,794.7415900924207,794.7415900924207,794.7415900924207,794.7415900924207,794.7415900924207,-112.93109288870374,-109.87449571459038,-122.16207569538281,-122.4462698302272,-125.42671814773132,-125.5875164347759,-123.63730345359515,-136.0416891807774,-145.71772484719693,-0.0,-0.0,-0.0,794.7415900924207,794.7415900924207,794.7415900924207,794.7415900924207,794.7415900924207,-0.0,-112.93109288870374,-122.16207569538281,-109.87449571459038,-122.4462698302272,-125.42671814773132,-125.5875164347759,-123.63730345359515,-136.0416891807774,-145.71772484719693,12.278427895807646,11.967705871727205,7.933513882218568,7.4322364131160175,14.933075149766047,15.046988115316763,6.263161405245347,2.356260146337523,6.317634175230624,-0.0,-0.0,-0.0,-0.0,-0.0,-0.0,-0.0,-0.0,-0.0,0.6092965114596717,0.6091264385176762,0.6084525057267981,0.5608047444240017,0.58476823605065,0.5868946645433849,0.5788054040335273,0.5822420660419472,0.5855878221213924,6.853810407218583,6.815446235305302,5.9246371259970925,3.7732863494975235,9.816355579665895,9.58037823076255,3.4906387471277522,3.5734611685591298,7.449125538520607,3.0420710154869766,5.467175028017342,-4.7033150006950795,-4.999793698053904,-6.0948881818295595,-6.199874889596647,-6.095210790301617,-16.19831416269504,-22.972680982594166
155.0,155.0,32.10504018373268,41.38678695257,37.75854932695239,30.29269883376972,41.44928264024783,37.707105580005006,30.56340509132117,38.16328612321441,38.666827084511574,70.643117952659,65.00055037745749,59.281825987347545,62.70447367149858,61.949381893536135,65.74697738703142,60.04758060165494,56.30923597199867,59.44490857795041,34.67855498998511,37.54346738657195,36.82256263746667,37.23408218798316,33.14449679896191,32.01516887453973,24.172306630042964,20.09409477164041,26.593424385661898,-7.024092699503501,-2.331289920729868,-2.510410416479787,-7.321714812476958,50.07012608574495,50.10509829751615,-7.147831690668422,-2.247695859160056,-1.9231846517786257,795.4394881322827,795.4394881322827,795.4394881322827,795.4394881322827,795.4394881322827,795.4394881322827,795.4394881322827,795.4394881322827,795.4394881322827,-113.03368279777504,-109.9869706713803,-122.3027208416454,-122.52672373554645,-125.53153036868945,-125.69134852845522,-123.72871012247909,-136.238334295311,-145.83171723326453,-0.0,-0.0,-0.0,795.4394881322827,795.4394881322827,795.4394881322827,795.4394881322827,795.4394881322827,-0.0,-113.03368279777504,-122.3027208416454,-109.9869706713803,-122.52672373554645,-125.53153036868945,-125.69134852845522,-123.72871012247909,-136.238334295311,-145.83171723326453,12.362256611844687,12.027911401181568,8.094550337357337,7.319060485344651,14.937868593694267,15.047022251239767,6.203021909828016,2.805764660803563,6.459873119274427,-0.0,-0.0,-0.0,-0.0,-0.0,-0.0,-0.0,-0.0,-0.0,0.3824404425714817,0.3824446235735418,0.38182039262993256,0.34923273630832147,0.36208345322249846,0.3664536870178072,0.3576347243978554,0.35975673586414897,0.36184744303046235,6.980594589578007,6.921773240415377,6.02365171281832,3.817318603635873,9.88840194048484,9.644460397254765,3.5378489262389103,3.6386225331912354,7.597481232841979,3.0562465414384583,5.4703169344846465,-4.706052981282751,-4.999792166117594,-6.094890055009804,-6.199878594357601,-6.095212166639351,-16.19833571872467,-22.958003884033026
155.0,155.0,32.13791387279672,41.3966583768047,37.77097526716384,30.26946197861761,41.45146093741745,37.720657738557854,30.57173117929305,38.16998135530198,38.673330998873816,70.6405613778151,65.03081710098465,59.3033102633947,62.70705929372213,61.94793813576602,65.74706893074321,60.04309150209346,56.33581488837683,59.44957924327301,34.70283323374493,37.572167863590735,36.866576308508144,37.217385633148766,33.17811290125708,32.05348317692265,24.17968089407649,20.139556625075475,26.61988309262618,-7.013145941916645,-2.3410190017189088,-2.4971060539035466,-7.3331723560662825,50.06751280343997,50.1078490402434,-7.13869971875377,-2.23958218770458,-1.9151783215548397,795.731536686227,795.731536686227,795.731536686227,795.731536686227,795.731536686227,795.731536686227,795.731536686227,795.731536686227,795.731536686227,-113.02889274407532,-109.95184934915072,-122.34634426064495,-122.45818057073002,-125.57511000913318,-125.73479712112534,-123.80784298152174,-136.32542714077377,-145.85399898199066,-0.0,-0.0,-0.0,795.731536686227,795.731536686227,795.731536686227,795.731536686227,795.731536686227,-0.0,-113.02889274407532,-122.34634426064495,-109.95184934915072,-122.45818057073002,-125.57511000913318,-125.73479712112534,-123.80784298152174,-136.32542714077377,-145.85399898199066,12.312304859968304,11.879741990047016,8.103601891510628,6.776601075305997,14.938532949405808,15.047025133166601,6.375927872622167,3.0170651755388063,6.552138753888531,-0.0,-0.0,-0.0,-0.0,-0.0,-0.0,-0.0,-0.0,-0.0,0.31581176747634543,0.31569385622288704,0.3149271920753644,0.3046740500862964,0.3139293882452847,0.3186485170347441,0.31006596098665773,0.3117676488818293,0.3136558930563413,7.043681672639947,6.932454874939181,6.102028778230858,3.8878761004272038,9.984738064312772,9.725814061991459,3.620612980086119,3.732359011110551,7.758957674259353,3.085248591024926,5.51025738640577,-4.704759998358138,-4.9997905322963,-6.094887740959629,-6.199880492847162,-6.095206237520793,-16.198355583620472,-22.927252174627878
155.0,155.0,32.15021222415853,41.398578687694936,37.7806829090282,30.276617820916574,41.45169369326778,37.717409072473465,30.556334335690458,38.17280119016948,38.693219625569434,70.63861087184377,65.02212144025889,59.33025828178891,62.718951625772824,61.94334918545385,65.75531136820736,60.0384918714555,56.34920499295353,59.48577766727097,34.72062616221043,37.5745770904018,36.897748809428734,37.22172187698933,33.17076182233692,32.04292084596878,24.167109984113992,20.143342539607715,26.68961495524593,-6.980759348075057,-2.321772345081377,-2.487735565508615,-7.3268135978441435,50.051748567149296,50.09269679347263,-7.146547419129114,-2.2356743649706887,-1.9002736944333405,795.6987184656934,795.6987184656934,795.6987184656934,795.6987184656934,795.6987184656934,795.6987184656934,795.6987184656934,795.6987184656934,795.6987184656934,-113.04494451339035,-109.96012442626943,-122.34948028745015,-122.42719827230664,-125.56972691712062,-125.72991165793721,-123.8044515044063,-136.27069064503684,-145.89212382877673,-0.0,-0.0,-0.0,795.6987184656934,795.6987184656934,795.6987184656934,795.6987184656934,795.6987184656934,-0.0,-113.04494451339035,-122.34948028745015,-109.96012442626943,-122.42719827230664,-125.56972691712062,-125.72991165793721,-123.8044515044063,-136.27069064503684,-145.89212382877673,12.160784921819713,11.781479691972232,8.167244968695128,6.6501705954973565,14.936101881106595,15.047008562562487,6.383250673560289,2.775468145772067,6.459744302850083,-0.0,-0.0,-0.0,-0.0,-0.0,-0.0,-0.0,-0.0,-0.0,0.276794167397834,0.276393071828173,0.2756032427083126,0.2826206203573139,0.2868901541994337,0.29137713101581453,0.2837754549518695,0.2853552005486102,0.28735630457120054,7.15032352418184,7.036129157214223,6.248529144867661,3.989260070760497,10.100090011511238,9.821908094298323,3.7312784866893263,3.834938419928419,7.967123073773473,3.0453177988592866,5.482417479606152,-4.70084407012256,-4.999790819237944,-6.094888401351719,-6.199880521917609,-6.095190076511698,-16.198371964726228,-22.974728845522122
155.0,155.0,32.14229075814805,41.39707887693519,37.78047857756435,30.27645526971891,41.45147894713476,37.712619891930885,30.542136147815643,38.1697732057432,38.67850562409139,70.63925462659812,65.00822961171706,59.31259027943198,62.7173722350272,61.950574895117406,65.76425727952373,60.03393907446073,56.32774359107898,59.4548938818997,34.723724931904194,37.57002611911591,36.906414733820206,37.22251496928921,33.16917209113146,32.036103987474604,24.15032394707173,20.119477976431234,26.630671283267546,-6.990994141950664,-2.3352274401572504,-2.4883734135416793,-7.3278072993984535,50.04663715468871,50.09064439863266,-7.156449198789485,-2.238396081594986,-1.9105426099405562,795.9270499676229,795.9270499676229,795.9270499676229,795.9270499676229,795.9270499676229,795.9270499676229,795.9270499676229,795.9270499676229,795.9270499676229,-113.08233055046982,-109.98115488600872,-122.42169719142036,-122.51346554118571,-125.60366359437482,-125.76387715624182,-123.89253356381646,-136.42853421821465,-145.98491728442193,-0.0,-0.0,-0.0,795.9270499676229,795.9270499676229,795.9270499676229,795.9270499676229,795.9270499676229,-0.0,-113.08233055046982,-122.42169719142036,-109.98115488600872,-122.51346554118571,-125.60366359437482,-125.76387715624182,-123.89253356381646,-136.42853421821465,-145.98491728442193,12.23182400694804,11.848997648126401,8.344160609045279,6.903516189880485,14.935956652033903,15.04699535516804,6.645319016707372,3.375496198400498,6.7561695185750095,-0.0,-0.0,-0.0,-0.0,-0.0,-0.0,-0.0,-0.0,-0.0,0.28342115694669234,0.2829006976147109,0.2820002031860459,0.29385599560514697,0.2964228749933678,0.3013923912322117,0.2932170376776817,0.2950791279026909,0.2972345407741574,7.327227466510374,7.218016876454782,6.456280622927618,4.135233093132199,10.263291866846561,9.962292201864102,3.8730554806221065,3.9631874086168812,8.19969249032928,3.053918454514173,5.504790022388579,-4.702164917194766,-4.999790167546259,-6.09488822800776,-6.199881546328032,-6.0952001670081195,-16.198376204382853,-22.972917818807947
155.0,155.0,32.147973951616436,41.400651843889754,37.78296943494447,30.28330438501392,41.452369709889496,37.72472462223655,30.57094728223031,38.17506480185468,38.688030584447006,70.64330951729275,65.01788708332838,59.317610236678725,62.709693067241076,61.94321646250481,65.75277629930434,60.041197448204635,56.345306967555,59.4681943738994,34.72996826261389,37.58051865618653,36.915242636968095,37.22761891623361,33.18940522651451,32.06963833880076,24.185531503951072,20.157249788743304,26.669684864079613,-7.008907922452048,-2.355775118671494,-2.4939151439513543,-7.331138165251262,50.051414680562516,50.09814469591459,-7.1452542926299465,-2.2424524462315008,-1.9119273015396236,796.3539176303243,796.3539176303243,796.3539176303243,796.3539176303243,796.3539176303243,796.3539176303243,796.3539176303243,796.3539176303243,796.3539176303243,-113.12921807647255,-110.03089061412655,-122.52240916956774,-122.61655088482287,-125.66730820303385,-125.82737983182616,-124.00379534105755,-136.56698787622133,-146.09172865161653,-0.0,-0.0,-0.0,796.3539176303243,796.3539176303243,796.3539176303243,796.3539176303243,796.3539176303243,-0.0,-113.12921807647255,-122.52240916956774,-110.03089061412655,-122.61655088482287,-125.66730820303385,-125.82737983182616,-124.00379534105755,-136.56698787622133,-146.09172865161653,12.3215020787021,11.95273696835348,8.533236085099851,7.095260044221716,14.936651623435544,15.047003829263554,6.876652896452068,3.7385640211508946,7.064405053036494,-0.0,-0.0,-0.0,-0.0,-0.0,-0.0,-0.0,-0.0,-0.0,0.3744469297168474,0.37362242323588496,0.3723467970939012,0.39177739043919035,0.3920681312056171,0.3995196223318403,0.38652554991752913,0.38947694392754556,0.39236476535945203,7.501429120433451,7.385279572852836,6.6929151011252195,4.3140605229814994,10.457781394886839,10.13987413537995,4.048230106711156,4.128908828776364,8.443393250491942,3.080782085031149,5.534077740254357,-4.70077110335124,-4.99979011577326,-6.094888044052709,-6.199881200992435,-6.095202699717714,-16.198376005824613,-22.957375857320418
155.0,155.0,32.15247303410016,41.40194525143318,37.78655049712929,30.28891718878959,41.45189192274,37.72169011109232,30.570998764442436,38.17879443822018,38.70384414211277,70.64888724550825,65.02366948303344,59.33631128317805,62.71906060376193,61.941124108914295,65.75829259735923,60.04378095634385,56.36283918342708,59.49541526690431,34.73613566174209,37.58413947657948,36.9222036780873,37.22987369169981,33.18221273775951,32.05960869217695,24.194475717172942,20.17096310389339,26.720748660519227,-7.008299379147457,-2.3435984110926067,-2.5042511921567963,-7.341094683255411,50.021532367610995,50.06722958069699,-7.157969005107546,-2.2529454072289026,-1.9147169719598383,796.1522049841719,796.1522049841719,796.1522049841719,796.1522049841719,796.1522049841719,796.1522049841719,796.1522049841719,796.1522049841719,796.1522049841719,-113.13432798316708,-110.066995119028,-122.52091445685978,-122.60356656827747,-125.63683302409531,-125.79737091092827,-124.0042390986433,-136.5476300401738,-146.17617748217646,-0.0,-0.0,-0.0,796.1522049841719,796.1522049841719,796.1522049841719,796.1522049841719,796.1522049841719,-0.0,-113.13432798316708,-122.52091445685978,-110.066995119028,-122.60356656827747,-125.63683302409531,-125.79737091092827,-124.0042390986433,-136.5476300401738,-146.17617748217646,12.367925380697944,12.011584252373856,8.684117534358299,7.177714651107963,14.934357352660125,15.04700019302081,7.024228364576828,3.790112836203301,7.203681013687855,-0.0,-0.0,-0.0,-0.0,-0.0,-0.0,-0.0,-0.0,-0.0,0.5355094308129772,0.5341288993317865,0.5321775986150635,0.5633696279966811,0.5591034746048981,0.5715424031204234,0.5476561920824968,0.5525019608498791,0.5565054134480619,7.768032626648057,7.641900061007035,7.001138465818269,4.546391930258976,10.695625613192378,10.354733825841873,4.26331516748586,4.332194649213589,8.755413895647584,3.0612554871855155,5.489155339221049,-4.698755222760931,-4.999790573799676,-6.0948922394176535,-6.1998803293201075,-6.09519120978865,-16.198381619697454,-23.0229178096992
155.0,155.0,32.153499732094105,41.4008807197354,37.78633952181011,30.288516597797017,41.45149706866158,37.718966225833995,30.570380581138977,38.17574782759679,38.68946623248664,70.65966293722941,65.01400010962101,59.32274283221805,62.719748360100894,61.95280716606924,65.76776215314389,60.04605266033012,56.33030383307132,59.46258944879606,34.741312468089674,37.58186488486004,36.927692026630986,37.22952078850359,33.18541158045181,32.05812625495879,24.19965037950322,20.14182636993398,26.65742619343335,-7.035805737508867,-2.372120760845182,-2.5356549397507813,-7.374526125635878,50.00724972210261,50.055984585069865,-7.1894990732949875,-2.2864343105332163,-1.955653170172777,796.4850147085778,796.4850147085778,796.4850147085778,796.4850147085778,796.4850147085778,796.4850147085778,796.4850147085778,796.4850147085778,796.4850147085778,-113.2256240628989,-110.153199080629,-122.62596702640515,-122.7340545814057,-125.6865995989851,-125.84687961909883,-124.13610478664064,-136.77023406889546,-146.3354861142608,-0.0,-0.0,-0.0,796.4850147085778,796.4850147085778,796.4850147085778,796.4850147085778,796.4850147085778,-0.0,-113.2256240628989,-122.62596702640515,-110.153199080629,-122.7340545814057,-125.6865995989851,-125.84687961909883,-124.13610478664064,-136.77023406889546,-146.3354861142608,12.531190527567375,12.151016492109255,8.93019094709101,7.569976912295098,14.93560126940447,15.04699031109735,7.4230767095892976,4.628578868305812,7.625218874557865,-0.0,-0.0,-0.0,-0.0,-0.0,-0.0,-0.0,-0.0,-0.0,0.9333607276315836,0.9305120822954774,0.9273943616494164,0.9826706304033446,0.9709155843543911,0.9965178180292763,0.9411508901138742,0.9509643040549156,0.9567502397098625,8.086923090188622,7.937859717214544,7.389068059241837,4.870229876430877,11.032103522154985,10.668276907749428,4.562647235253606,4.622630016481603,9.133912112375466,3.055074710145793,5.482570476551,-4.7023827681872366,-4.999790045058013,-6.094892682205563,-6.19988151415144,-6.0952044686847415,-16.19838162866047,-23.040335983910992
155.0,155.0,32.168130671911236,41.406691265115114,37.792659414441644,30.31169318086392,41.45313393913092,37.73414145268534,30.613258235692825,38.18486660405364,38.69838335194991,70.6820889134575,65.03195645582707,59.33427511128172,62.72407971252187,61.95705788995961,65.75845474383694,60.0599592748047,56.35524051826822,59.47424266958005,34.75782973241258,37.598566849953635,36.947329189695914,37.245977995168666,33.219090842467615,32.099310193484456,24.25601459864891,20.20016751541796,26.690765020224678,-7.136027190677987,-2.4806903031534255,-2.6363541295346966,-7.46934902004987,50.01512516410584,50.06618726269017,-7.26592480827176,-2.3862246938094605,-2.0559529884523964,797.5097234950649,797.5097234950649,797.5097234950649,797.5097234950649,797.5097234950649,797.5097234950649,797.5097234950649,797.5097234950649,797.5097234950649,-113.40463181443698,-110.32556721383612,-122.84701558429244,-122.97523694007013,-125.83930168587081,-125.99931885585728,-124.38081640678202,-137.0784629055996,-146.6177849164765,-0.0,-0.0,-0.0,797.5097234950649,797.5097234950649,797.5097234950649,797.5097234950649,797.5097234950649,-0.0,-113.40463181443698,-122.84701558429244,-110.32556721383612,-122.97523694007013,-125.83930168587081,-125.99931885585728,-124.38081640678202,-137.0784629055996,-146.6177849164765,12.712236620607404,12.32736570358744,9.26399290432427,7.999856553609878,14.936888717710415,15.047002281213071,7.8700253788379015,5.383215865479732,8.151700231032322,-0.0,-0.0,-0.0,-0.0,-0.0,-0.0,-0.0,-0.0,-0.0,2.2634837894270823,2.257389306714706,2.2517160084905856,2.3700985848741567,2.3623543127269135,2.423543254847921,2.256605877312874,2.286609633150111,2.297191214714856,8.403287346513178,8.218154543208911,7.894702314088389,5.359359591379188,11.516774552902438,11.147899206631251,5.0325233452542095,5.094955108698389,9.586026113061807,3.063337712380488,5.4962851911405375,-4.7021539110208534,-4.999790083884826,-6.094892160357874,-6.19988134597609,-6.0952087081979,-16.198383837316605,-23.05652872672468
155.0,155.0,32.19845682950163,41.41542438191967,37.81078200717598,30.366665876922063,41.455871197809316,37.743990693524765,30.661664686489427,38.20240886230691,38.72283245968849,70.71867714097444,65.05890117738775,59.38000813642485,62.76115851804983,61.98814287676534,65.78420473560186,60.09562971508744,56.408658231161034,59.52039004229319,34.80224565552641,37.62065913145175,36.99807473519475,37.280490776648136,33.250348677703,32.12056523661388,24.33262188249536,20.288556839220337,26.773259998895153,-7.465076491564419,-2.8075380280680067,-2.9964442975285834,-7.8178399636419025,50.03989474374959,50.08980557349776,-7.604521546691125,-2.753186783297713,-2.41969930623904,799.6572639479357,799.6572639479357,799.6572639479357,799.6572639479357,799.6572639479357,799.6572639479357,799.6572639479357,799.6572639479357,799.6572639479357,-113.82263669688209,-110.77013127264856,-123.25645244115346,-123.40267130717353,-126.15840075360597,-126.31878842718345,-124.8140329233658,-137.59344473423994,-147.2416665413116,-0.0,-0.0,-0.0,799.6572639479357,799.6572639479357,799.6572639479357,799.6572639479357,799.6572639479357,-0.0,-113.82263669688209,-123.25645244115346,-110.77013127264856,-123.40267130717353,-126.15840075360597,-126.31878842718345,-124.8140329233658,-137.59344473423994,-147.2416665413116,12.918053820531059,12.524086763680742,9.707268319970936,8.52282445773813,14.935070860702938,15.047001008673632,8.421073166745096,6.330209303718491,8.81596185906346,-0.0,-0.0,-0.0,-0.0,-0.0,-0.0,-0.0,-0.0,-0.0,6.959676038875416,6.935577326362281,6.9508719520607025,7.222969819389361,7.408324433291153,7.492834827035518,6.930901984983547,7.067895393872243,7.094120896816616,8.91059593925539,8.676609240011096,8.737389226483568,6.3233611561941725,12.412905632639788,12.066876541907067,5.941316693995141,6.02297695054065,10.222925966565434,3.020477386269468,5.4259569783258765,-4.70097253948469,-4.999790724833741,-6.0948948327581745,-6.199880564596791,-6.095198088130051,-16.198392641439984,-23.184455933920276
155.0,155.0,32.25603579049128,41.4316127257775,37.84527249707892,30.49170684488963,41.466128610192385,37.78042153684107,30.750678647166886,38.23408346904818,38.734136735953356,70.785223329222,65.10249833846989,59.43094470333147,62.83511396441547,62.08800119188318,65.84972971982322,60.17126279441475,56.467348600638815,59.544328247516006,34.89214195746836,37.65591845221963,37.10487700166542,37.358376893301134,33.36842609679627,32.22773509273075,24.45102637467672,20.436901538071595,26.803276770904695,-8.336508958785734,-3.692874020404167,-3.9281894420113423,-8.716704902096472,49.92018924606802,49.876668065503075,-8.49595496298286,-3.7068129684376543,-3.383531295015059,809.6181961137686,809.6181961137686,809.6181961137686,809.6181961137686,809.6181961137686,809.6181961137686,809.6181961137686,809.6181961137686,809.6181961137686,-115.45832829711935,-112.41408574970411,-124.90633497037204,-125.11227123448528,-127.64052049174455,-127.80058923166357,-126.50093186316899,-139.4724238970712,-149.21449821517038,-0.0,-0.0,-0.0,809.6181961137686,809.6181961137686,809.6181961137686,809.6181961137686,809.6181961137686,-0.0,-115.45832829711935,-124.90633497037204,-112.41408574970411,-125.11227123448528,-127.64052049174455,-127.80058923166357,-126.50093186316899,-139.4724238970712,-149.21449821517038,13.358681853131388,12.934679318288898,10.484768593686482,9.62627812625247,14.936633041133197,15.046993117989548,9.414468934082846,8.25413234865539,10.135845923049345,-0.0,-0.0,-0.0,-0.0,-0.0,-0.0,-0.0,-0.0,-0.0,18.769177158481885,18.693754036666068,19.00901404237254,19.6034963150436,20.52497779247468,20.50288736992063,18.92387709504312,19.379659511841346,19.368866680497117,9.573517137064652,9.265146477230928,10.148096218209423,10.029978754513273,19.409922295015285,20.183038586989184,9.687370335948007,9.923101925358326,11.08777353132585,2.9723542381097943,5.361532462684562,-4.706763747705209,-4.999790338982979,-6.094891979787783,-6.1998816847956935,-6.095212701953658,-16.198392016687986,-23.351593379096148
155.0,155.0,32.2934909459183,41.444715368126346,37.86794587924803,30.579397750782164,41.47081949873124,37.804294631789766,30.827119312288822,38.257680999017275,38.74997943115444,70.83186947430029,65.14633406168473,59.47538015392549,62.87676100411125,62.12723580566133,65.85782184219343,60.220511401684654,56.51822622600174,59.5817843075049,34.94202485115085,37.683960659073726,37.16809291121736,37.41145411146858,33.42175647685307,32.27921002289536,24.54225615752182,20.557597731296887,26.86235008364048,-8.88969730865208,-4.247236983873147,-4.540118997387597,-9.301914355645444,50.17004089942089,50.138115954284125,-9.071911897381565,-4.334670464202079,-4.008638332575582,815.031579703354,815.031579703354,815.031579703354,815.031579703354,815.031579703354,815.031579703354,815.031579703354,815.031579703354,815.031579703354,-116.40561697067776,-113.38014247979348,-125.86584971934111,-126.134855132165,-128.4461965820839,-128.6058938597188,-127.47933440372582,-140.55362846106547,-150.48898165018713,-0.0,-0.0,-0.0,815.031579703354,815.031579703354,815.031579703354,815.031579703354,815.031579703354,-0.0,-116.40561697067776,-125.86584971934111,-113.38014247979348,-126.134855132165,-128.4461965820839,-128.6058938597188,-127.47933440372582,-140.55362846106547,-150.48898165018713,13.77907251381996,13.352594462341521,11.211712881344484,10.678784219031815,14.938486040320385,15.047008403568494,10.252904257605563,9.590644090282227,11.243101070924554,-0.0,-0.0,-0.0,-0.0,-0.0,-0.0,-0.0,-0.0,-0.0,26.3521695723377,26.22697029356092,26.928451121444606,27.71508757341057,29.195134602302616,29.04746437554574,26.826829618929708,27.507953889593058,27.39919430685176,10.063163052244803,9.716733472350844,11.34270496779262,14.132256308828659,20.004026382735162,20.729772218108277,13.698798885646438,14.107650023601686,11.757793065088364,2.930139536970787,5.299530688795263,-4.709930503532289,-4.999790585478211,-6.094885638789359,-6.199881400226011,-6.095222045285543,-16.19838453905758,-23.535590936234165
155.0,155.0,32.383301396180606,41.4792469410295,37.93808122611761,30.8147087747737,41.48261980503914,37.85025310604661,31.007468476736584,38.32330017710403,38.83087812865086,70.98552944815852,65.27840590199197,59.62852538545289,63.0292376518495,62.297151126053585,65.96124849600841,60.3947089461186,56.69654652151551,59.76597413407477,35.07046187237645,37.72068152798146,37.34390937338319,37.523107493025556,33.51354364639955,32.31936589884343,24.701966628497892,20.81099131813804,27.115560010172768,-11.374598768127429,-6.700899331882905,-7.282046680842952,-12.006952286128584,52.24847072101396,52.242716545921084,-11.766160988078218,-7.1520342241329855,-6.7190628471339755,849.9390978669787,849.9390978669787,849.9390978669787,849.9390978669787,849.9390978669787,849.9390978669787,849.9390978669787,849.9390978669787,849.9390978669787,-122.04705926023905,-119.0799702768974,-131.32890458572695,-131.70051984838472,-133.6391783087573,-133.79877682272027,-133.0819260702189,-146.17916744211516,-157.35670443498458,-0.0,-0.0,-0.0,849.9390978669787,849.9390978669787,849.9390978669787,849.9390978669787,849.9390978669787,-0.0,-122.04705926023905,-131.32890458572695,-119.0799702768974,-131.70051984838472,-133.6391783087573,-133.79877682272027,-133.0819260702189,-146.17916744211516,-157.35670443498458,14.799171742982276,14.278981255068459,12.478905979812058,12.484504805002194,14.938976842328774,15.0469989743889,12.23749993890684,11.686425827133762,13.69158203744635,-0.0,-0.0,-0.0,-0.0,-0.0,-0.0,-0.0,-0.0,-0.0,59.72373002274112,59.29987670797776,62.15739155453737,63.82392498480284,68.14509132114217,67.05720380873807,62.35136164182467,63.653582523363205,62.317662743078486,10.929605022302223,10.559732655592775,12.347676131165862,15.558454924181353,21.087536925073653,21.707115571064502,15.658695399661417,15.828005617791089,12.643114236136444,2.74815599058299,5.0367245338344695,-4.716481193931402,-4.999791181939243,-6.0948806656678345,-6.199879872456571,-6.0952223146610445,-16.198380078104357,-24.429867142218228
155.0,155.0,32.3824487402722,41.47646430366628,37.93277903018373,30.82847385507031,41.481500494502114,37.84366203900293,30.982424196559194,38.319357051412275,38.812992299037965,70.99841310182983,65.2706735718416,59.61236905178018,63.023068422805295,62.30999912158752,65.96205227186782,60.396743631157534,56.69021650888809,59.74118228356144,35.06770621719643,37.71763528405112,37.333580760659224,37.53489364884355,33.50076677253153,32.304309644608864,24.65841674823984,20.792971043077525,27.05191030281204,-11.37297545382002,-6.693908067316562,-7.28918960030343,-12.000146413615758,52.32108719026326,52.29439877321815,-12.073994188998578,-7.33877731049069,-6.891079376016666,851.109494976482,851.109494976482,851.109494976482,851.109494976482,851.109494976482,851.109494976482,851.109494976482,851.109494976482,851.109494976482,-122.26030840009754,-119.28763255864271,-131.50988118168496,-131.8877216607601,-133.8135098000809,-133.9728847383096,-133.2543730920786,-146.36567135013075,-157.71250843984515,-0.0,-0.0,-0.0,851.109494976482,851.109494976482,851.109494976482,851.109494976482,851.109494976482,-0.0,-122.26030840009754,-131.50988118168496,-119.28763255864271,-131.8877216607601,-133.8135098000809,-133.9728847383096,-133.2543730920786,-146.36567135013075,-157.71250843984515,14.871359017712702,14.323303920390888,12.483863067132452,12.547919690259558,14.940089930153686,15.04699387462869,12.229326296933097,11.746688268553214,13.805174230507344,-0.0,-0.0,-0.0,-0.0,-0.0,-0.0,-0.0,-0.0,-0.0,59.821643463909886,59.326245289324454,62.20446374571402,63.85008515282615,70.3360777551992,67.10348492931028,66.0381931913764,65.98183620665921,64.34614363167894,11.132953937677689,10.752122820630943,12.570342804680541,15.83320331149505,21.366098816076413,21.882306436002796,16.013658339381323,16.091892169122897,12.869625742326232,2.7296207697406203,5.016410299484586,-4.720950011308279,-4.999791590532267,-6.09487449927842,-6.199879262328494,-6.0952411587361475,-16.19834446166817,-24.550884735992764
155.0,155.0,32.39802542491752,41.47964260597659,37.930028376683545,30.852806998991753,41.48188158870421,37.85291124986032,30.988559548489953,38.31434815616715,38.81011491051665,71.00642419139041,65.28995381153926,59.6114761243484,63.00043150359666,62.300997003904385,65.92981040325999,60.39763898901445,56.652698093303705,59.734554127116034,35.06967672592433,37.733252599535845,37.324125165555685,37.55085738487168,33.51134168883997,32.327244242702875,24.662878015762512,20.757570765006772,27.0421431601769,-11.358784556105135,-6.689523327143429,-7.264868895591999,-11.955189795176588,52.26455257353321,52.238164806563375,-12.1504732473871,-7.335946818468104,-6.886589775402719,850.34238513339,850.34238513339,850.34238513339,850.34238513339,850.34238513339,850.34238513339,850.34238513339,850.34238513339,850.34238513339,-122.11573610836354,-119.14252042740063,-131.40532357724243,-131.77883226968547,-133.69874820009582,-133.8587589560877,-133.13872402716848,-146.24763957451495,-157.4758325797731,-0.0,-0.0,-0.0,850.34238513339,850.34238513339,850.34238513339,850.34238513339,850.34238513339,-0.0,-122.11573610836354,-131.40532357724243,-119.14252042740063,-131.77883226968547,-133.69874820009582,-133.8587589560877,-133.13872402716848,-146.24763957451495,-157.4758325797731,14.88339431108059,14.360355964967148,12.526766953274159,12.573233277619535,14.93699581385768,15.046967229536216,12.22182788662135,11.727870165086548,13.773836867500222,-0.0,-0.0,-0.0,-0.0,-0.0,-0.0,-0.0,-0.0,-0.0,59.598816315599066,59.07910863157761,61.8746378741806,63.48015788619321,69.9572183913658,66.71984903536053,67.05487390519478,65.90523714127247,64.26594550524474,11.266231091259687,10.868705957088476,12.791405851855105,15.988379638173967,21.495826696328812,21.99638940565651,16.126487342475514,16.169753342351825,12.985578004489577,2.754812230556332,5.0485809942813775,-4.7214864541259915,-4.999792395941449,-6.094869447811379,-6.199876170229178,-6.095252754002289,-16.198320994742296,-24.462104347889458
155.0,155.0,32.236937913298945,41.423421105656914,37.81450552155077,30.474683313665913,41.46075833980177,37.76554645133851,30.71629550696013,38.21054030294357,38.719692811290905,70.78483923242597,65.10949949697897,59.41466608888694,62.78075672204779,62.04341904469105,65.78335318740247,60.14764952749779,56.393808867471336,59.551921458079946,34.835183896983445,37.651474275236865,37.00140604656203,37.350036378179745,33.3015639684958,32.178889773575236,24.403437025577524,20.33112368617003,26.789049174984076,-7.940552006761841,-3.2715244845463127,-3.552652028204917,-8.270731889096801,49.65385169004588,49.61725949849104,-8.240325921107859,-3.4246074790065584,-3.0998914363922516,805.6509551162,805.6509551162,805.6509551162,805.6509551162,805.6509551162,805.6509551162,805.6509551162,805.6509551162,805.6509551162,-115.02169783470104,-112.04092133264085,-124.49940351845312,-124.85580682907944,-127.04938719361566,-127.21040000559523,-126.33761439870757,-139.30477124808024,-149.06706086684042,-0.0,-0.0,-0.0,805.6509551162,805.6509551162,805.6509551162,805.6509551162,805.6509551162,-0.0,-115.02169783470104,-124.49940351845312,-112.04092133264085,-124.85580682907944,-127.04938719361566,-127.21040000559523,-126.33761439870757,-139.30477124808024,-149.06706086684042,13.731256693945408,13.411982427664142,11.363227692278748,11.242733832529316,14.932141994158746,15.046956847486829,11.4820029984108,10.301597041240377,11.220564595765946,-0.0,-0.0,-0.0,-0.0,-0.0,-0.0,-0.0,-0.0,-0.0,14.005123143103418,13.968369081837563,14.011557232262215,13.827758115492518,15.16776004355183,14.509171913312368,15.412563148419684,15.620770680029688,15.66600619638499,10.709014228728458,10.402048992241067,12.014335570416005,14.755732708505356,20.29870416827027,20.810273272813934,14.869018475316265,14.873648947240133,12.252131591395196,2.9137541340143094,5.262908509280837,-4.708208595701061,-4.999792375470697,-6.094865727772914,-6.199874106492355,-6.095234092583809,-16.198266560825417,-23.518923426481106
155.0,155.0,32.18814254652758,41.40862613212593,37.78917211642082,30.39320964131777,41.45598122526971,37.734993838715305,30.647136066189628,38.18787902097637,38.68920855282823,70.7499494584223,65.05598014232292,59.343995703957034,62.73389424581275,62.00585192364324,65.75752458976116,60.10450386626411,56.325354380593446,59.49178716793129,34.7799531051423,37.612027556266,36.93413385439226,37.29501693404605,33.23203615213266,32.10898277044633,24.31464250423499,20.211476778830697,26.676590842897376,-7.553692506191168,-2.8771901665941004,-3.1297887761080205,-7.845548692084961,49.50983560428363,49.47091961953598,-7.748071537854024,-2.8936624471998718,-2.5744758997885593,802.7498138825816,802.7498138825816,802.7498138825816,802.7498138825816,802.7498138825816,802.7498138825816,802.7498138825816,802.7498138825816,802.7498138825816,-114.53277953320962,-111.53161545581135,-124.04916280173927,-124.41056980536311,-126.61819960909415,-126.77882341826754,-125.89986312483009,-138.84900945236132,-148.41869026245018,-0.0,-0.0,-0.0,802.7498138825816,802.7498138825816,802.7498138825816,802.7498138825816,802.7498138825816,-0.0,-114.53277953320962,-124.04916280173927,-111.53161545581135,-124.41056980536311,-126.61819960909415,-126.77882341826754,-125.89986312483009,-138.84900945236132,-148.41869026245018,13.669138619404615,13.365096516962845,11.262681662851891,11.176576880581216,14.934022930671151,15.046949506806975,11.452038743615539,10.184608515243626,10.814105489513365,-0.0,-0.0,-0.0,-0.0,-0.0,-0.0,-0.0,-0.0,-0.0,8.48733393748374,8.480296608235516,8.460196003191081,7.789532421981456,8.508237583183133,8.162703782945357,8.626933451933388,8.725058114453507,8.776428248696817,10.765008603895662,10.51342474647529,12.054014370020143,14.747821339017014,20.262967998041294,20.750127731142292,14.834683240180661,14.839439429538997,12.22393426778105,2.947798675367455,5.319557214422907,-4.709809759993234,-4.999790872976515,-6.094866935641571,-6.199875939466131,-6.095243333217007,-16.198241360736027,-23.417300895214286
155.0,155.0,32.18609605510353,41.40856129541801,37.78610333790511,30.39111234949727,41.456724840555765,37.740272671635076,30.666705236811982,38.18991092746908,38.69211366362493,70.73873398432389,65.05610607877415,59.332126352077005,62.71874407598958,61.9971649073616,65.73203119077228,60.10217348119138,56.34219538622641,59.495632279539606,34.77373370665466,37.61211380168471,36.92834189231961,37.293421574656975,33.24664817231901,32.125230809476605,24.3327058301503,20.236053984342167,26.69133185312527,-7.510208647827261,-2.85237040278748,-3.063699632115456,-7.783866080066336,49.48486018751449,49.44613845612182,-7.665274148914003,-2.8213897618553445,-2.5016147732733494,802.3996303767019,802.3996303767019,802.3996303767019,802.3996303767019,802.3996303767019,802.3996303767019,802.3996303767019,802.3996303767019,802.3996303767019,-114.42439465804628,-111.38465068956984,-123.99424125474194,-124.36142395928114,-126.56603281464713,-126.72672673023827,-125.84727943862966,-138.7915727836204,-148.25317943670393,-0.0,-0.0,-0.0,802.3996303767019,802.3996303767019,802.3996303767019,802.3996303767019,802.3996303767019,-0.0,-114.42439465804628,-123.99424125474194,-111.38465068956984,-124.36142395928114,-126.56603281464713,-126.72672673023827,-125.84727943862966,-138.7915727836204,-148.25317943670393,13.67196043588482,13.372416488128916,11.256135730850891,11.190858008231276,14.93369353904429,15.04694241240361,11.44964013704163,10.158833503726843,10.775418382484762,-0.0,-0.0,-0.0,-0.0,-0.0,-0.0,-0.0,-0.0,-0.0,7.626813239000445,7.623305125241243,7.599833884741363,6.992785439094893,7.636064500014544,7.32485728069507,7.739881293133648,7.828107819358871,7.879156770980922,10.821042571632152,10.575653211497128,12.117959234993915,14.802751680610612,20.309919986141857,20.792401588492037,14.881420465107036,14.887107063668326,12.280356038774942,2.9912929914436837,5.39979221028771,-4.708680643955634,-4.999790621011918,-6.094863074176683,-6.199874808668562,-6.095247334672194,-16.19822463371254,-23.336672651460244
155.0,155.0,32.18509232841292,41.40782023984345,37.788551584460286,30.39795556966248,41.45650340489132,37.74186934278913,30.674774296364518,38.194484591133225,38.709774024080886,70.73762687403847,65.05132022692746,59.34569208223869,62.73635216356209,61.998983154826206,65.74494104049607,60.10788774180726,56.364950844008824,59.528374535184376,34.774494623353725,37.60802944907302,36.93254428361441,37.29897667089962,33.245106933171805,32.12307038960225,24.350224034174015,20.25709331436623,26.754842096373814,-7.484049445563096,-2.8101107880735916,-3.0601576324042123,-7.777868360990296,49.467974312405076,49.42750953900225,-7.658203538787384,-2.8166363143302213,-2.4886650998283946,802.1645313230721,802.1645313230721,802.1645313230721,802.1645313230721,802.1645313230721,802.1645313230721,802.1645313230721,802.1645313230721,802.1645313230721,-114.44888290544628,-111.44126923778715,-123.95573407445866,-124.32565766447766,-126.53067975462312,-126.69175425251301,-125.81122308328072,-138.75085911576366,-148.28608152300941,-0.0,-0.0,-0.0,802.1645313230721,802.1645313230721,802.1645313230721,802.1645313230721,802.1645313230721,-0.0,-114.44888290544628,-123.95573407445866,-111.44126923778715,-124.32565766447766,-126.53067975462312,-126.69175425251301,-125.81122308328072,-138.75085911576366,-148.28608152300941,13.666372511695585,13.37160978236287,11.26244249158653,11.187011487986178,14.93187263341205,15.046953317020352,11.444483382706576,10.13110755916999,10.82052023777498,-0.0,-0.0,-0.0,-0.0,-0.0,-0.0,-0.0,-0.0,-0.0,7.601559235602483,7.59982501986887,7.575016926330698,6.972747604133061,7.613489869503302,7.30208331047436,7.716272901179037,7.805300499859442,7.85940707179739,10.905309722196783,10.653862381477959,12.195485114394438,14.860781419789074,20.351206522937794,20.82749887429759,14.934310046608596,14.93379286210542,12.362826798594677,2.944937127268778,5.323406086064664,-4.704982659624841,-4.999791710376283,-6.094860387444135,-6.199873972073247,-6.0952334556271905,-16.198212224527808,-23.381460256799063
155.0,155.0,32.18067916236303,41.404793718066806,37.78715453564952,30.38976375101839,41.456099903809665,37.73101936991469,30.663542985537536,38.19227139574685,38.69211780443171,70.74513838115068,65.02955950130527,59.33116814352602,62.73221593101243,62.00599647637592,65.74799728317159,60.1092382539955,56.34057397124088,59.48882211455496,34.77735537041661,37.597763116236166,36.933115152036784,37.29155883222491,33.235544605959326,32.10235524830511,24.34119876826727,20.235396826936498,26.681268185409742,-7.535347846356973,-2.860708954282868,-3.106073737589264,-7.8247413511395125,49.48240181785149,49.44571964931592,-7.7116009880018375,-2.8647264208473535,-2.5468700839399396,802.6190585914486,802.6190585914486,802.6190585914486,802.6190585914486,802.6190585914486,802.6190585914486,802.6190585914486,802.6190585914486,802.6190585914486,-114.52396723297271,-111.51083916037886,-124.02885647402347,-124.40080198901217,-126.59876709147223,-126.7593724927727,-125.87700085780115,-138.8206804211186,-148.39281361590162,-0.0,-0.0,-0.0,802.6190585914486,802.6190585914486,802.6190585914486,802.6190585914486,802.6190585914486,-0.0,-114.52396723297271,-124.02885647402347,-111.51083916037886,-124.40080198901217,-126.59876709147223,-126.7593724927727,-125.87700085780115,-138.8206804211186,-148.39281361590162,13.74305780373788,13.420356059990747,11.274387108751696,11.22348495808365,14.934149192263115,15.04694926512271,11.435518884422017,10.141787362370806,10.80671025061191,-0.0,-0.0,-0.0,-0.0,-0.0,-0.0,-0.0,-0.0,-0.0,8.1707301365811,8.169042503949205,8.144000126988589,7.498448515121834,8.18800725668643,7.851700730392826,8.299669748446492,8.395111019916879,8.4512073180029,11.003493116092853,10.743725525788035,12.294386422465315,14.935578226668396,20.42091143947148,20.889299553289952,15.011489265162547,15.004397736839291,12.461152756024193,2.9513326142461964,5.330156916065457,-4.707307868355783,-4.999790642162632,-6.094861383890275,-6.199876282239341,-6.095242915481398,-16.198212596779587,-23.413554650597987
155.0,155.0,32.22295576806686,41.419297834821506,37.80838616457844,30.458594789491197,41.46090412682151,37.757003662630176,30.736572037277366,38.21525760338217,38.71333969630831,70.79272522728462,65.07622308801267,59.368708831545256,62.75431329729404,62.04677739876412,65.75617089083813,60.15252438296883,56.397052322884875,59.526027607504375,34.83709434620306,37.634522890647006,36.998671301942395,37.33460904193505,33.30923821575467,32.16767323674873,24.432524689343367,20.358583101256308,26.758270395369802,-8.062511245921039,-3.4159363305116335,-3.6414407355519347,-8.291666054599245,49.64237349129716,49.61215372764181,-8.238819562351976,-3.4331991405877544,-3.116717473863878,806.0704507597817,806.0704507597817,806.0704507597817,806.0704507597817,806.0704507597817,806.0704507597817,806.0704507597817,806.0704507597817,806.0704507597817,-115.0515579446861,-112.0092973728935,-124.57091162139437,-124.94105899982175,-127.11224853205593,-127.2728036396146,-126.39852512123764,-139.35960056818013,-149.09297011831964,-0.0,-0.0,-0.0,806.0704507597817,806.0704507597817,806.0704507597817,806.0704507597817,806.0704507597817,-0.0,-115.0515579446861,-124.57091162139437,-112.0092973728935,-124.94105899982175,-127.11224853205593,-127.2728036396146,-126.39852512123764,-139.35960056818013,-149.09297011831964,13.907458443362138,13.556768905608166,11.41199897020781,11.353418962781204,14.934407147258037,15.046945198033223,11.474672357704106,10.265217307191602,11.229435826133608,-0.0,-0.0,-0.0,-0.0,-0.0,-0.0,-0.0,-0.0,-0.0,15.076172506043699,15.062286794908047,15.083953721684878,13.961240373870876,15.316597985633496,14.645177070691192,15.558776013315779,15.76781312815414,15.826905842123706,11.182062484242698,10.915921796118228,12.45823889476965,15.089723277901701,20.60134477208351,21.065709866867717,15.17850057424859,15.161492423377961,12.653727079195358,2.966460979733766,5.366066771544058,-4.707470565842234,-4.999790368855291,-6.094857321876916,-6.199875125284354,-6.095248905660293,-16.198216796541328,-23.489612848399265
155.0,155.0,32.34057939414274,41.45895130902382,37.888822358752556,30.717044740928866,41.47527214190452,37.81973763253715,30.945252675011375,38.291565145410004,38.797778225923025,70.9642796433499,65.20195738170067,59.5277419428415,62.92226354830527,62.226755328216456,65.87406756638026,60.33448413473481,56.60425616709632,59.69370299089484,35.01238268896069,37.70376195530945,37.220461826256646,37.47557305360687,33.460395310173205,32.274886342462565,24.659930696388184,20.69370165626922,27.02744011387411,-10.192696736344718,-5.521138337300866,-5.982751595479971,-10.603633776235895,50.8914061431448,50.87510080637428,-10.683660505626216,-5.910150647578832,-5.529996440650701,828.8446061989894,828.8446061989894,828.8446061989894,828.8446061989894,828.8446061989894,828.8446061989894,828.8446061989894,828.8446061989894,828.8446061989894,-118.8609975855216,-115.92513723354686,-128.18774031625858,-128.55458861802106,-130.50024210248594,-130.6607177232832,-129.97464977100978,-143.04186537438088,-154.00902985830993,-0.0,-0.0,-0.0,828.8446061989894,828.8446061989894,828.8446061989894,828.8446061989894,828.8446061989894,-0.0,-118.8609975855216,-128.18774031625858,-115.92513723354686,-128.55458861802106,-130.50024210248594,-130.6607177232832,-129.97464977100978,-143.04186537438088,-154.00902985830993,14.685576793077576,14.31059185524896,12.478429175292993,12.446294973460619,14.934777974444232,15.046959149173748,12.38639945856186,11.690844363852708,13.416656847418674,-0.0,-0.0,-0.0,-0.0,-0.0,-0.0,-0.0,-0.0,-0.0,44.30948470746017,44.09126516879026,45.33314041146888,45.2903413593961,49.91002211536568,47.59469994100809,48.16174632022704,47.69781829702371,47.01837185030957,11.759189112901266,11.48559045955851,13.218905438102759,16.11820771778138,21.504530050320014,21.98508771596011,16.192744632099025,16.223558201819266,13.231892761039544,2.766943987035173,5.056133783660168,-4.714169833332396,-4.999791463621146,-6.094860852754026,-6.199874211060268,-6.095243745462603,-16.19824948466712,-24.312955572367716
155.0,155.0,32.435723746871794,41.50223690993675,37.98064288491584,30.998645037387636,41.48691154552578,37.86748642152159,31.134408327848767,38.37705956212661,38.88641957508144,71.20441985391629,65.36699010248974,59.703574695614584,63.1131218051235,62.44482879911636,66.01322062049806,60.560031096470325,56.84491520686048,59.88973810882619,35.14910465959674,37.70807898883893,37.447756234730484,37.581235759517604,33.514794281278014,32.24635401581342,24.756361313641975,20.965444564426445,27.223704003416646,-14.703792356478798,-10.005636457960756,-10.812034822341857,-15.488372177892836,57.12067020444736,56.96570523189172,-15.56541354248095,-10.933847079751736,-10.291515896008574,926.7223723695364,926.7223723695364,926.7223723695364,926.7223723695364,926.7223723695364,926.7223723695364,926.7223723695364,926.7223723695364,926.7223723695364,-133.60157900471924,-130.50493013857403,-142.84071128948537,-143.2349980287193,-145.06204777956393,-145.22114270385666,-144.55427224269818,-157.66682589754006,-169.69747952871438,-0.0,-0.0,-0.0,926.7223723695364,926.7223723695364,926.7223723695364,926.7223723695364,926.7223723695364,-0.0,-133.60157900471924,-142.84071128948537,-130.50493013857403,-143.2349980287193,-145.06204777956393,-145.22114270385666,-144.55427224269818,-157.66682589754006,-169.69747952871438,15.023047380595209,13.760689931109315,12.88717277940378,13.027521054372755,14.94145803691344,15.04696508491564,12.479356228811055,12.00332379292644,14.089739369648807,-0.0,-0.0,-0.0,-0.0,-0.0,-0.0,-0.0,-0.0,-0.0,102.67571751908115,101.87542960309877,107.122511908644,109.32735100559434,120.57853237601324,114.95547175753333,111.40760155816845,111.8929708102557,107.92531457625051,12.915775867024289,12.60987502451268,14.479130235547863,17.455819074539214,22.961020706173585,23.36522790854463,17.511246236422497,17.5543977733298,14.405832341476843,2.6824449316244463,4.94550337420802,-4.7204161356327115,-4.999790319141443,-6.094864940566512,-6.199876100410026,-6.095252143833139,-16.198272641888313,-25.06935426705084
155.0,155.0,32.34871128786513,41.46265437356897,37.893200548123794,30.732775950672856,41.476765662119064,37.83203324035598,30.964600026383266,38.30041047103476,38.799203652228044,70.99246142423455,65.21254761895955,59.52249142195422,62.91680888366517,62.24218976477094,65.88133136604573,60.3349343720457,56.62970877813335,59.68291347880858,35.02446708286438,37.71024381263158,37.234551640618484,37.47913395082983,33.49074804768421,32.306605633140435,24.68584470364827,20.749936036745368,27.03272398425375,-10.362947084506915,-5.702623778683149,-6.151419840449878,-10.790007993206878,51.03372292300064,51.023043016478546,-10.650107558247274,-5.984319845626366,-5.5982106904121105,831.4072926436135,831.4072926436135,831.4072926436135,831.4072926436135,831.4072926436135,831.4072926436135,831.4072926436135,831.4072926436135,831.4072926436135,-119.215491829022,-116.25389728059119,-128.60332358110324,-128.98305042949642,-130.8824475070212,-131.04195112499528,-130.3417365509414,-143.42803358760798,-154.41370589595158,-0.0,-0.0,-0.0,831.4072926436135,831.4072926436135,831.4072926436135,831.4072926436135,831.4072926436135,-0.0,-119.215491829022,-128.60332358110324,-116.25389728059119,-128.98305042949642,-130.8824475070212,-131.04195112499528,-130.3417365509414,-143.42803358760798,-154.41370589595158,14.785222141265995,14.377628708053734,12.621034614931984,12.675098851303586,14.9394465670051,15.046980008704226,12.317871815863647,11.714537403245963,13.431289952601823,-0.0,-0.0,-0.0,-0.0,-0.0,-0.0,-0.0,-0.0,-0.0,46.28296777795215,46.04198792674493,47.500750602952664,47.77427764989558,52.15845005940337,50.196804469130655,47.89532484738189,48.70738907841469,47.89220156717991,11.875128657908801,11.597337274854542,13.36833312001664,16.2476203133434,21.62346258537495,22.101672418085172,16.26949101549072,16.31274950639618,13.316000141702002,2.803120837562601,5.111332763399823,-4.717928574494745,-4.999790331995769,-6.0948708763461426,-6.199874664274234,-6.0952477819806035,-16.19828654915949,-24.32857691093496
155.0,155.0,32.16884827781858,41.40463363918201,37.783787916394346,30.40019538289928,41.45567498383637,37.7524648193648,30.683563143396196,38.203582756623305,38.730419410310205,70.7350415192339,65.03594680374418,59.33129088378236,62.734260711791634,61.99097910246076,65.76480693889822,60.09630484577325,56.39406386327543,59.53797239979207,34.755606578193586,37.59656602538116,36.91136929269418,37.30504255083024,33.26619615920495,32.15744538867973,24.38526885125734,20.309259507655373,26.83082556528841,-7.218232907246901,-2.5307054756632663,-2.787390857843021,-7.5273918450999,49.385107457791605,49.34694161809315,-7.335491236255648,-2.4915011380816323,-2.1535138699759155,801.0649877563378,801.0649877563378,801.0649877563378,801.0649877563378,801.0649877563378,801.0649877563378,801.0649877563378,801.0649877563378,801.0649877563378,-114.30631668066245,-111.3208713263113,-123.86916336748337,-124.22976919035465,-126.36762700085686,-126.52819152903963,-125.57464569990242,-138.48724884227568,-148.23762054574738,-0.0,-0.0,-0.0,801.0649877563378,801.0649877563378,801.0649877563378,801.0649877563378,801.0649877563378,-0.0,-114.30631668066245,-123.86916336748337,-111.3208713263113,-124.22976919035465,-126.36762700085686,-126.52819152903963,-125.57464569990242,-138.48724884227568,-148.23762054574738,13.778422543973182,13.53268568826537,11.641670009884834,11.514850558430714,14.934278447774043,15.046984275717456,11.09091790139771,9.646049397358501,10.677669038078786,-0.0,-0.0,-0.0,-0.0,-0.0,-0.0,-0.0,-0.0,-0.0,4.098299027410888,4.098089212272374,4.088483440324969,3.8250359883414733,3.929602188424923,3.9684183898206955,3.7088917849214513,3.769815745549256,3.7914310640639663,11.175772001985399,10.909967441008394,12.561834674442265,15.15442177502831,20.54480418886445,21.02496868541907,15.220785727745898,15.164024162243175,12.546475208902555,2.9465649678424923,5.315149078731477,-4.7039962902711725,-4.999792621864898,-6.094875749300392,-6.199874268944487,-6.0952204353889075,-16.198285434266236,-23.492042824746015
155.0,155.0,32.15030061137531,41.39840213497739,37.7787789632741,30.367873935536515,41.455269990186196,37.73904503039455,30.657007232399454,38.1966756282691,38.70747970100867,70.68806942774613,65.015179949086,59.31182735965153,62.73360116496915,61.98385637525803,65.77145589401232,60.08779857537324,56.36794731139797,59.490683134884726,34.73311691530042,37.581407013910265,36.89573902474629,37.287083781485876,33.25142074387034,32.13038279137287,24.359414430196296,20.263862654615167,26.739557466471307,-7.044319650579238,-2.346592599984154,-2.5919667439157714,-7.364939336896979,49.36077655757771,49.3320359639336,-7.173780774166749,-2.313606080523447,-1.9848914803068995,800.6772584976956,800.6772584976956,800.6772584976956,800.6772584976956,800.6772584976956,800.6772584976956,800.6772584976956,800.6772584976956,800.6772584976956,-114.20126763686794,-111.22391789928587,-123.79447222674986,-124.14296944421822,-126.31102448508963,-126.47052124625671,-125.49685251524726,-138.3947293900988,-147.99178207065003,-0.0,-0.0,-0.0,800.6772584976956,800.6772584976956,800.6772584976956,800.6772584976956,800.6772584976956,-0.0,-114.20126763686794,-123.79447222674986,-111.22391789928587,-124.14296944421822,-126.31102448508963,-126.47052124625671,-125.49685251524726,-138.3947293900988,-147.99178207065003,13.705999682950125,13.46180749390293,11.544599479766589,11.37379798229077,14.939466571137576,15.047004904034097,10.993501146829457,9.477178609110155,10.309071326543435,-0.0,-0.0,-0.0,-0.0,-0.0,-0.0,-0.0,-0.0,-0.0,1.5812051959137325,1.581393621939903,1.577544472028145,1.5082548772195092,1.5128009632262125,1.5438162355592209,1.4484788537853281,1.4649699988402378,1.4731248420655039,11.139169909615585,10.859263364404121,12.480952461154487,15.094142007204901,20.48670190426367,20.93321637287029,15.131257652581677,15.1236344538179,12.515677266391965,2.9713573496684584,5.335662796609127,-4.706311516899603,-4.9997915241011395,-6.094879982360778,-6.1998777543153425,-6.095218025380833,-16.19830203930231,-23.406340592467345
155.0,155.0,32.18700101857371,41.40859732535231,37.79709198006585,30.366154111360203,41.45810556824182,37.75875165982628,30.670523854610853,38.20925137482573,38.72732785807907,70.70403064421953,65.0412735346077,59.343897298347926,62.747331465705024,61.993003194662734,65.78042107363875,60.09074971892638,56.40488302715989,59.51931029395346,34.76947371137681,37.61028147890618,36.95066188828507,37.28486605321354,33.29909409761062,32.18389182166964,24.3724058045493,20.335543235992272,26.81414188125915,-7.174400201180238,-2.4993804162406015,-2.716460281720972,-7.5174968600588015,49.41349680397407,49.38951023309604,-7.308780161107807,-2.451569615965827,-2.1186026161412546,801.8320704659409,801.8320704659409,801.8320704659409,801.8320704659409,801.8320704659409,801.8320704659409,801.8320704659409,801.8320704659409,801.8320704659409,-114.31805488654048,-111.31736649831619,-123.9519498564159,-124.28099618702348,-126.48300733208,-126.64231397241174,-125.67044896965075,-138.5737497477872,-148.09583987651175,-0.0,-0.0,-0.0,801.8320704659409,801.8320704659409,801.8320704659409,801.8320704659409,801.8320704659409,-0.0,-114.31805488654048,-123.9519498564159,-111.31736649831619,-124.28099618702348,-126.48300733208,-126.64231397241174,-125.67044896965075,-138.5737497477872,-148.09583987651175,13.637336719119212,13.32843196802976,11.482283164103913,11.210253382530404,14.940373252513337,15.047000105136,11.002299592922004,9.512057872361808,10.282540229089319,-0.0,-0.0,-0.0,-0.0,-0.0,-0.0,-0.0,-0.0,-0.0,3.3132855134037054,3.3095753157081136,3.300364721203723,3.4225306595777085,3.4613964867132414,3.521456422788726,3.2650002182374562,3.3112894256880283,3.3249647575985666,11.083208571874174,10.756906965517944,12.450813492159597,15.100990909253587,20.497369250298295,20.934028362753267,15.159168103295997,15.170518601171782,12.54501075385221,3.002581540234096,5.377959086707541,-4.705203427659483,-4.999789962465788,-6.094883323506491,-6.19987960205691,-6.095209446864895,-16.198323837228596,-23.35872985318201
155.0,155.0,32.1934762725787,41.410989263646904,37.80601297563338,30.373231816634583,41.45836628137329,37.75655673434749,30.651716262820294,38.212826555287606,38.74098853762167,70.70243893476596,65.04247573903828,59.364193216493994,62.761574846463105,61.9909944812645,65.78995532393976,60.085424521269715,56.41962716956118,59.54202014288076,34.78284791512798,37.61385343488862,36.97777419143978,37.28855392689027,33.29378478395521,32.175902180119685,24.353456636923962,20.34222750606596,26.854743607248704,-7.169418180233295,-2.504811278018437,-2.730256093091668,-7.536341483590998,49.41694223134295,49.39201518290097,-7.342216888577731,-2.4707913718906873,-2.1313672008755837,801.9267857478728,801.9267857478728,801.9267857478728,801.9267857478728,801.9267857478728,801.9267857478728,801.9267857478728,801.9267857478728,801.9267857478728,-114.360310364109,-111.34394167706222,-123.95898772108347,-124.28483405553129,-126.49670438506637,-126.65640245411329,-125.68598066337388,-138.58744430735422,-148.16729810611076,-0.0,-0.0,-0.0,801.9267857478728,801.9267857478728,801.9267857478728,801.9267857478728,801.9267857478728,-0.0,-114.360310364109,-123.95898772108347,-111.34394167706222,-124.28483405553129,-126.49670438506637,-126.65640245411329,-125.68598066337388,-138.58744430735422,-148.16729810611076,13.53008370337933,13.255065916622629,11.470571937207088,11.160590906329386,14.938445663373335,15.046992091699678,11.009398675765766,9.510033902789232,10.281778500728318,-0.0,-0.0,-0.0,-0.0,-0.0,-0.0,-0.0,-0.0,-0.0,3.563332774681871,3.5533103184541996,3.5474463790874653,3.7184054102741886,3.7444856384643854,3.814566285212205,3.5343517165468015,3.5833856092718688,3.5976401773790614,11.029850003779899,10.715249304548294,12.442354869414547,15.113115651399477,20.488972531057804,20.928136398903742,15.18543332111633,15.195595229240352,12.567707000110513,2.964109056811861,5.3549571312724655,-4.701659248851523,-4.999790219397683,-6.094887164660119,-6.19987973200077,-6.095191228120137,-16.198340987819368,-23.40272266888897
155.0,155.0,32.184484526703265,41.40970671500593,37.806402467246436,30.369713215739388,41.458366024659554,37.75212892922383,30.642171763903253,38.209573585057676,38.726943448229946,70.70211581106246,65.03021723735785,59.352248571359674,62.75726125977059,61.99905724912442,65.80062382085038,60.08420863092018,56.39569796444154,59.512502202165834,34.78415137884228,37.60926641271849,36.98685953545121,37.28586592281335,33.29087670504765,32.16940803241971,24.343388716248718,20.315967704175204,26.799637766300346,-7.19712857786706,-2.5331288081418664,-2.748270803198349,-7.558015861865003,49.42533891130802,49.401881443854634,-7.36684001331007,-2.491676544703754,-2.159298450441033,802.1982947692927,802.1982947692927,802.1982947692927,802.1982947692927,802.1982947692927,802.1982947692927,802.1982947692927,802.1982947692927,802.1982947692927,-114.39991360895276,-111.36800511238039,-124.00383080569173,-124.32944625047412,-126.53690980167625,-126.69679189014191,-125.73174747018822,-138.6506877106521,-148.26514164857687,-0.0,-0.0,-0.0,802.1982947692927,802.1982947692927,802.1982947692927,802.1982947692927,802.1982947692927,-0.0,-114.39991360895276,-124.00383080569173,-111.36800511238039,-124.32944625047412,-126.53690980167625,-126.69679189014191,-125.73174747018822,-138.6506877106521,-148.26514164857687,13.567309544784274,13.276728092654245,11.482025359523725,11.181046636627206,14.937549104944075,15.046981881175698,11.03537573719946,9.620675009370334,10.34680359821002,-0.0,-0.0,-0.0,-0.0,-0.0,-0.0,-0.0,-0.0,-0.0,3.7964778091148776,3.7836638280292294,3.7783225446743467,3.963688151675656,3.9929764533709178,4.066786846071078,3.767795116957059,3.8208578528404744,3.8362178917990435,11.045491578327034,10.75185697400587,12.481769142109997,15.152858092695768,20.52099076565887,20.960373475471542,15.227276922501744,15.232770751432552,12.601316560782347,2.9705878689682894,5.372271267661149,-4.703256501495429,-4.999789637935967,-6.094887528657312,-6.199880891156715,-6.095201946514817,-16.198350452109757,-23.436394430694637
155.0,155.0,32.254344313166605,41.432380584122996,37.844925729011024,30.49554745989594,41.467037795080635,37.79208290543037,30.767096661188386,38.24649052582672,38.76041095551241,70.77201554349207,65.09947703590421,59.4235774759225,62.82060408966919,62.07322081768564,65.8316347168934,60.16561842017251,56.49621619628303,59.57616654866794,34.88498504036947,37.66284363857338,37.10342888863142,37.36342729605233,33.39893629548279,32.26280926988195,24.497124909775426,20.51048760313012,26.91925393813097,-8.115075469728499,-3.4718601878574757,-3.7051338748753153,-8.48723440338074,49.757236126121725,49.747807451544745,-8.263091080302598,-3.4657513764835075,-3.132063907380529,809.0078027765167,809.0078027765167,809.0078027765167,809.0078027765167,809.0078027765167,809.0078027765167,809.0078027765167,809.0078027765167,809.0078027765167,-115.47705845874803,-112.45027081459816,-125.05507075964265,-125.38291056794898,-127.55009703502151,-127.70978507585059,-126.77561569931127,-139.74651681966174,-149.6520870708659,-0.0,-0.0,-0.0,809.0078027765167,809.0078027765167,809.0078027765167,809.0078027765167,809.0078027765167,-0.0,-115.47705845874803,-125.05507075964265,-112.45027081459816,-125.38291056794898,-127.55009703502151,-127.70978507585059,-126.77561569931127,-139.74651681966174,-149.6520870708659,13.810368166102426,13.477298255863415,11.663125212496533,11.377097885954385,14.938493745471392,15.04699337790177,11.184913112391419,10.021822184423923,11.009426741221331,-0.0,-0.0,-0.0,-0.0,-0.0,-0.0,-0.0,-0.0,-0.0,16.040772321554194,15.990738083474351,16.18681642917632,16.734342431979822,17.48107111088815,17.455985660608114,16.114336902481508,16.433813006681216,16.404510104104943,11.223297551196836,10.930317938264157,12.700846964210092,15.297966733883964,20.74861343520281,21.16034395405399,15.392408821815046,15.396353049797186,12.819518901382136,2.9598995368899086,5.349071695100767,-4.7039158708843605,-4.999789609347093,-6.094888390302917,-6.199880676545128,-6.095206766992288,-16.198369027069333,-23.61776396930774
155.0,155.0,32.36092564190488,41.470763430255154,37.92153188338506,30.73656418120723,41.480234874853245,37.84325597881508,30.954660217272682,38.3134648534848,38.83591888711808,70.93060890032865,65.22907008342551,59.57850174962055,62.97405962138851,62.23799224567798,65.93559819062578,60.33466413654562,56.67618678682357,59.7324138376799,35.04771901712885,37.72114719351148,37.30879160062032,37.48595762743555,33.51469299539417,32.33119317515886,24.690090295402154,20.787966267183414,27.152644534160792,-10.256751518786013,-5.58353786962627,-6.11121128208047,-10.852214631815848,51.08214447420077,51.08387183128559,-10.58472141924872,-5.890662676620951,-5.48007891334503,832.736407829338,832.736407829338,832.736407829338,832.736407829338,832.736407829338,832.736407829338,832.736407829338,832.736407829338,832.736407829338,-119.49371244821647,-116.56820939594792,-128.79940742988524,-129.2722220516339,-131.08020063276163,-131.23968212579237,-130.51221354397077,-143.54168610452243,-154.86268187105884,-0.0,-0.0,-0.0,832.736407829338,832.736407829338,832.736407829338,832.736407829338,832.736407829338,-0.0,-119.49371244821647,-128.79940742988524,-116.56820939594792,-129.2722220516339,-131.08020063276163,-131.23968212579237,-130.51221354397077,-143.54168610452243,-154.86268187105884,14.71255073033638,14.249346555051165,12.65088657491863,13.11808476539365,14.939435548704084,15.046996481333016,12.186210223417923,11.30651580969492,13.33057862844188,-0.0,-0.0,-0.0,-0.0,-0.0,-0.0,-0.0,-0.0,-0.0,45.534273401233754,45.40853602270682,47.2234228285937,48.591429290914526,51.29570584165686,50.9435770459446,46.98784993227638,47.629976519649816,46.6982705308042,11.801946273751039,11.517381042548859,13.435096458650477,16.36932488897252,21.627690132904668,22.13578437742209,16.40502194420236,16.457787481746905,13.37009677646248,2.730085236582534,4.992228268165295,-4.711963709480349,-4.999790134451666,-6.094897283882809,-6.199879811497259,-6.095199326795786,-16.198412385482126,-24.536625062995828
155.0,155.0,32.35682005380284,41.469970698478406,37.92150250039101,30.736324361470892,41.47942002136815,37.83904773439359,30.942240477061024,38.313698036205786,38.82260643447902,70.96678081066489,65.22189047884994,59.56992838476783,62.975329839969,62.247029030039265,65.94753707245597,60.33552629346325,56.66276499424775,59.70143232420673,35.04599541753768,37.713291644727654,37.30942346753403,37.48031761419374,33.50281493978459,32.31596046912807,24.66824054412533,20.764917974618854,27.082047277526488,-10.39981702453208,-5.729088509241225,-6.254622320381446,-11.001683606794272,51.272753252877905,51.27488917778066,-10.73483383175793,-6.032493423440764,-5.626504732318683,835.710290151059,835.710290151059,835.710290151059,835.710290151059,835.710290151059,835.710290151059,835.710290151059,835.710290151059,835.710290151059,-119.94487706057213,-117.00567441372273,-129.310450194549,-129.69337309796506,-131.52344434622972,-131.68208648744263,-130.9362478137794,-144.04267739887592,-155.60003075210523,-0.0,-0.0,-0.0,835.710290151059,835.710290151059,835.710290151059,835.710290151059,835.710290151059,-0.0,-119.94487706057213,-129.310450194549,-117.00567441372273,-129.69337309796506,-131.52344434622972,-131.68208648744263,-130.9362478137794,-144.04267739887592,-155.60003075210523,14.75953013151514,14.304863281912244,12.945938989678679,13.015165116975384,14.943535858538151,15.047017993533773,12.097138190793503,11.590197420097242,13.333211394590363,-0.0,-0.0,-0.0,-0.0,-0.0,-0.0,-0.0,-0.0,-0.0,47.30430468664821,47.14948148282743,49.03586615627853,50.478728504913725,53.23562169970946,52.898663443725525,48.78401619428842,49.42458522351143,48.440563521897786,11.880039813238376,11.590583043395723,13.515453749627573,16.43599996838269,21.708947586536723,22.21649067760572,16.477253628112344,16.53149173036371,13.45170663112892,2.7307983281960224,5.005876156412631,-4.717877509240806,-4.999789740503159,-6.094896297760529,-6.1998808782488455,-6.095217661995762,-16.198434484845084,-24.761773600736248
155.0,155.0,32.365670496480774,41.47570216691544,37.92575853839189,30.749726532541615,41.480408821466256,37.851762589038856,30.971071858122233,38.319847087869604,38.83063640822321,71.03961409592107,65.24190897197184,59.5803958511737,62.97609277045449,62.24795629659459,65.93748034986717,60.34438421270441,56.68725287981305,59.71498205277705,35.05680097021716,37.72489971441014,37.32121526040227,37.48788702428842,33.5228842645242,32.34243261171813,24.69711297197289,20.80823691067901,27.11412289541828,-10.533279320656197,-5.8658387321337555,-6.399227293487598,-11.1460214758278,51.39656950573016,51.39979915449327,-10.862737678095641,-6.174453913032655,-5.761803480741921,837.7374572392514,837.7374572392514,837.7374572392514,837.7374572392514,837.7374572392514,837.7374572392514,837.7374572392514,837.7374572392514,837.7374572392514,-120.27089964595959,-117.32969346649746,-129.64261659521333,-130.04573686350682,-131.8254108389231,-131.98365633115958,-131.29717578893718,-144.38041940495285,-156.16392102808481,-0.0,-0.0,-0.0,837.7374572392514,837.7374572392514,837.7374572392514,837.7374572392514,837.7374572392514,-0.0,-120.27089964595959,-129.64261659521333,-117.32969346649746,-130.04573686350682,-131.8254108389231,-131.98365633115958,-131.29717578893718,-144.38041940495285,-156.16392102808481,14.856036515817792,14.436148513201072,13.0907950425409,13.261236955669753,14.945491216426989,15.04704814905706,12.384666604667862,11.765366047665625,13.539177064731046,-0.0,-0.0,-0.0,-0.0,-0.0,-0.0,-0.0,-0.0,-0.0,49.08683187469562,48.89851206699968,50.898326553925,52.41235337985114,55.232449137427174,54.908287567992176,50.6356662052612,51.26904793721871,50.216152785742764,11.863643306549982,11.570490088123245,13.541933554508384,16.4801614641313,21.75623388145113,22.266091839321437,16.52839161276067,16.583684124898927,13.473187267691559,2.7273296917664007,5.00974523646459,-4.718411329788391,-4.999789877999342,-6.094895428717228,-6.199880616526953,-6.0952222509416805,-16.19844659783862,-24.92987114361015
155.0,155.0,32.36702753332582,41.47603493861287,37.9269312417669,30.750705471257795,41.47971848557354,37.84798631754663,30.965238284076804,38.31925275812212,38.83904329117086,71.0542834822207,65.24855401103757,59.59523514130602,62.98292112033213,62.24586339511723,65.94220233583081,60.3435140051078,56.6911335325798,59.73413568455941,35.058044896219194,37.72681998972462,37.319110247537616,37.48779628340668,33.51124205625667,32.32975290247838,24.695027858172935,20.802309487875693,27.14384237429388,-10.49765734740028,-5.816833122740187,-6.377904182071768,-11.123705425362417,51.355291710046316,51.35626112284233,-10.846104481223147,-6.156513917328152,-5.742656312900569,837.0067597741449,837.0067597741449,837.0067597741449,837.0067597741449,837.0067597741449,837.0067597741449,837.0067597741449,837.0067597741449,837.0067597741449,-120.2125595275853,-117.2951979603538,-129.53516762570533,-129.93937269599405,-131.71645597942535,-131.8749552332357,-131.18968048903554,-144.27553965470534,-156.29276434852608,-0.0,-0.0,-0.0,837.0067597741449,837.0067597741449,837.0067597741449,837.0067597741449,837.0067597741449,-0.0,-120.2125595275853,-129.53516762570533,-117.2951979603538,-129.93937269599405,-131.71645597942535,-131.8749552332357,-131.18968048903554,-144.27553965470534,-156.29276434852608,14.888673153092222,14.473079596179195,13.104082101997987,13.272544985031303,14.944245050382973,15.047046162202632,12.390575552999957,11.78383534011492,13.62806059437924,-0.0,-0.0,-0.0,-0.0,-0.0,-0.0,-0.0,-0.0,-0.0,48.873299944560905,48.65672858263969,50.63836477625743,52.138261905111335,54.961241021203826,54.627870207738134,50.377883001716164,51.037446722177236,50.042652707034584,11.855419868030522,11.564107157324989,13.536652821596098,16.480835730713764,21.743972439125795,22.260099073462943,16.529050245935984,16.590092887931483,13.452521701518094,2.6939697958025026,4.954319701066898,-4.71726994078486,-4.99979053868601,-6.094896872831764,-6.199879697873254,-6.0952102672557835,-16.198451869961517,-25.097500040142254
155.0,155.0,32.376660542526615,41.47928388542875,37.93441516784777,30.78351879305781,41.48049399275828,37.849152145386356,30.985342758336454,38.32422883976974,38.82956316434057,71.09810539427677,65.25947423339515,59.5987125077185,63.008196392146665,62.28002906812654,65.96717321799542,60.37154623101605,56.69513271258287,59.722084557862175,35.07377220220863,37.72559655618066,37.338885968867714,37.502861892514005,33.51371152335201,32.3222356999235,24.70200187869501,20.80775045118848,27.09353771300071,-10.956455538446606,-6.276681127005664,-6.87687632188861,-11.617986678350041,51.813268765454936,51.818371081279004,-11.338365027292786,-6.668292378531472,-6.2457819511451955,844.4161652680222,844.4161652680222,844.4161652680222,844.4161652680222,844.4161652680222,844.4161652680222,844.4161652680222,844.4161652680222,844.4161652680222,-121.39088961514346,-118.46026013026753,-130.6484068380297,-131.04506043701045,-132.81897282554854,-132.97718700438196,-132.29585217322946,-145.38796039866514,-157.75497644671327,-0.0,-0.0,-0.0,844.4161652680222,844.4161652680222,844.4161652680222,844.4161652680222,844.4161652680222,-0.0,-121.39088961514346,-130.6484068380297,-118.46026013026753,-131.04506043701045,-132.81897282554854,-132.97718700438196,-132.29585217322946,-145.38796039866514,-157.75497644671327,15.106559678644444,14.699592959411007,13.130111106649128,13.28928379799004,14.945648535418096,15.047036550748118,12.409572177555168,11.833206985159874,13.906875062696326,-0.0,-0.0,-0.0,-0.0,-0.0,-0.0,-0.0,-0.0,-0.0,54.9118831916917,54.58606119668738,57.00625245125999,58.653291383990826,61.96462254599807,61.498463856779566,56.76379461670434,57.546764547180004,56.32478331439645,11.95783708483335,11.657609970708156,13.642332855711302,16.61389713180131,21.875274674699888,22.39157633262562,16.663422451111373,16.73339527842216,13.536114607166091,2.670173361189967,4.940943923822988,-4.721577885139714,-4.999790182960671,-6.094892666405376,-6.199880575409358,-6.095223551254212,-16.1984486139202,-25.328776973859252
155.0,155.0,32.394674362024226,41.48902116578395,37.94585985279552,30.82979700111078,41.4826929212184,37.86576832884556,31.036214680258894,38.33444796377806,38.83972765379562,71.15972766995012,65.30482701324749,59.62794319585125,63.02930327501802,62.30178571758234,65.96851518778503,60.40315553734159,56.72226200277796,59.75289374434249,35.09152615988449,37.74128381952575,37.36502899741186,37.525286428993766,33.53606657288513,32.34767878285471,24.73952257770287,20.853929778571338,27.125588770573128,-11.527553605694385,-6.849068271374713,-7.48351477195383,-12.215384280209733,52.440325641565614,52.4443050339092,-11.911887690637236,-7.275178370437628,-6.8277851053542165,854.380497729461,854.380497729461,854.380497729461,854.380497729461,854.380497729461,854.380497729461,854.380497729461,854.380497729461,854.380497729461,-122.89951361929737,-119.94967038591521,-132.13373579433335,-132.52921349656094,-134.30153256564788,-134.45949494413196,-133.78047329467242,-146.87731172756554,-159.46787916042697,-0.0,-0.0,-0.0,854.380497729461,854.380497729461,854.380497729461,854.380497729461,854.380497729461,-0.0,-122.89951361929737,-132.13373579433335,-119.94967038591521,-132.52921349656094,-134.30153256564788,-134.45949494413196,-133.78047329467242,-146.87731172756554,-159.46787916042697,15.24137988969265,14.805347862397854,13.144321484591979,13.298225051036916,14.946925899388326,15.047045487161398,12.420738005853705,11.867423964355602,14.129380476684528,-0.0,-0.0,-0.0,-0.0,-0.0,-0.0,-0.0,-0.0,-0.0,62.269405023463136,61.81732161777944,64.76729774183782,66.58142625585046,70.28852919005766,69.87195458463734,64.42759429480832,65.30095043842348,63.764010546000556,12.013628240942296,11.714116293034705,13.748235525471799,16.75111781895619,22.016037155824893,22.539628726789488,16.814690348412682,16.87435282556571,13.616709699654567,2.671332256652415,4.953205187544886,-4.72164559092223,-4.999790493555401,-6.094884435540987,-6.199880035433664,-6.095230603577033,-16.198433852345797,-25.469997342728995
155.0,155.0,32.42987415989848,41.5080623184679,37.98290189277405,30.972922949877685,41.48727138379553,37.883991967124636,31.14651804949108,38.37430183636982,38.892642517337585,71.30334315418204,65.39973049232722,59.73243879409523,63.13312877207926,62.413936765486014,66.03950921588047,60.53609691033608,56.834299461239254,59.89031940551625,35.12969559339944,37.72571283977077,37.4504604423313,37.57574053527469,33.535995507454196,32.291705558891984,24.79000362985998,20.952748645441705,27.24691272676028,-14.344815668811687,-9.633723013670263,-10.48664565031297,-15.224350481751056,56.56442370708153,56.55621409378675,-14.928963171351135,-10.375865142049838,-9.756241072137712,919.8060366177041,919.8060366177041,919.8060366177041,919.8060366177041,919.8060366177041,919.8060366177041,919.8060366177041,919.8060366177041,919.8060366177041,-132.74998341396207,-129.79715464073394,-141.86752937796007,-142.26310239994083,-144.0340709727464,-144.19227692698612,-143.51710871158227,-156.61890306532356,-169.77493632489015,-0.0,-0.0,-0.0,919.8060366177041,919.8060366177041,919.8060366177041,919.8060366177041,919.8060366177041,-0.0,-132.74998341396207,-141.86752937796007,-129.79715464073394,-142.26310239994083,-144.0340709727464,-144.19227692698612,-143.51710871158227,-156.61890306532356,-169.77493632489015,15.488366516471183,14.936018185473483,13.149918030340197,13.303560786823505,14.94579506647534,15.04703440155987,12.439406907181198,11.910254256761712,14.411949598271839,-0.0,-0.0,-0.0,-0.0,-0.0,-0.0,-0.0,-0.0,-0.0,98.51085316943028,97.66388540185278,103.02807784962702,105.78054305077582,112.91313702966578,111.15247789227985,103.46170784225215,104.81773109600402,101.21027967743072,12.63256126399557,12.315176129122134,14.428007391182247,17.506513766652397,22.815848099377547,23.322721971016115,17.57045467646629,17.649050467526376,14.26713116206823,2.6203272494870076,4.880179664899469,-4.721532132837295,-4.999791107530495,-6.094873178055678,-6.199878270519375,-6.095226617389998,-16.19840538549453,-25.86456127603508
155.0,155.0,32.39360875188343,41.483277134090926,37.93375998820961,30.830092786421563,41.4802737845683,37.85069403800292,31.011897678812268,38.32065356524975,38.81562296686702,71.19388979030727,65.29090912252705,59.625233362913235,63.018453322647204,62.31448271433871,65.97082482744042,60.40678549069444,56.67220670936281,59.736185861636024,35.08293041751505,37.73555213081114,37.33745066604637,37.53088584354001,33.50593716710704,32.3119246168666,24.696190808039955,20.77752196197515,27.04943252749817,-11.395934547281112,-6.706024069126686,-7.355247633516711,-12.068982667425576,52.35117629299586,52.32915225219059,-12.063682905722212,-7.400699382880113,-6.96664820862249,852.4069575669396,852.4069575669396,852.4069575669396,852.4069575669396,852.4069575669396,852.4069575669396,852.4069575669396,852.4069575669396,852.4069575669396,-122.63343694213175,-119.68453917883252,-131.84419019035198,-132.23689337721007,-134.00771084953283,-134.16589910060114,-133.4900647011052,-146.58704849645838,-159.08805080865488,-0.0,-0.0,-0.0,852.4069575669396,852.4069575669396,852.4069575669396,852.4069575669396,852.4069575669396,-0.0,-122.63343694213175,-131.84419019035198,-119.68453917883252,-132.23689337721007,-134.00771084953283,-134.16589910060114,-133.4900647011052,-146.58704849645838,-159.08805080865488,15.237856470040454,14.81539861052389,13.145373794014269,13.304352024472074,14.945925626240356,15.047016858296839,12.436062471814315,11.884034189224776,14.253640820602124,-0.0,-0.0,-0.0,-0.0,-0.0,-0.0,-0.0,-0.0,-0.0,60.74315990510612,60.111014249250275,63.04741697909911,64.73335391716935,71.20874386602244,68.01026659584751,66.14806860311039,66.77508360605786,65.32275626670283,11.844780050422283,11.545033610736919,13.584695616511997,16.65378714900528,21.952106111369336,22.422948298580156,16.7972357246338,16.859500242227142,13.498717879119047,2.6497378809758714,4.93124449978466,-4.724569628617217,-4.999791537579563,-6.0948623596186895,-6.199877295641072,-6.095241417084647,-16.198352840033472,-25.384425613300692
155.0,155.0,32.389153513424354,41.47629816505477,37.9129105256715,30.795714493914755,41.477469966965934,37.84485408908064,30.970736128110172,38.29899087531217,38.792938684781674,71.15701578872192,65.27474233781305,59.59394626704531,62.95633876311683,62.26324516880966,65.90982239635002,60.35866405266195,56.60412011065789,59.69581432508907,35.0549004094676,37.74291089288137,37.28282949024272,37.52349890688377,33.49099402667507,32.32148095288123,24.662820734936215,20.701346728353823,26.99706124264623,-10.604271375400405,-5.932050849475672,-6.485004324856778,-11.181125274188247,51.39581336466762,51.38020320088983,-11.245563525902682,-6.548366286931579,-6.1667827053113,836.9386170152399,836.9386170152399,836.9386170152399,836.9386170152399,836.9386170152399,836.9386170152399,836.9386170152399,836.9386170152399,836.9386170152399,-120.17851135270648,-117.21267808583879,-129.54002634396244,-129.93578696667507,-131.70599460744936,-131.864797612782,-131.1878933301225,-144.28005470461096,-156.05485811069352,-0.0,-0.0,-0.0,836.9386170152399,836.9386170152399,836.9386170152399,836.9386170152399,836.9386170152399,-0.0,-120.17851135270648,-129.54002634396244,-117.21267808583879,-129.93578696667507,-131.70599460744936,-131.864797612782,-131.1878933301225,-144.28005470461096,-156.05485811069352,14.883551852280158,14.408125477766514,13.13214001034209,13.304265362049398,14.942927916239952,15.046983800537449,12.430778670694911,11.855716247157586,13.974961515633863,-0.0,-0.0,-0.0,-0.0,-0.0,-0.0,-0.0,-0.0,-0.0,50.28297610197927,49.78310775594006,51.87781787609351,53.23085739167147,58.63337795348615,55.92934259178461,55.47176137520321,55.825237734467386,55.0277628586289,11.493708009559871,11.248341028805736,13.23752675715197,16.343196140484537,21.621880304656187,22.118808333149698,16.494020444855366,16.555694970079163,13.137119144727015,2.711447400150328,5.003413284527147,-4.724308257090862,-4.99979271687519,-6.0948567568367915,-6.199873776636679,-6.095248675083113,-16.198308705956478,-24.868545019433178
155.0,155.0,32.363583334433606,41.46193914947339,37.88993384855578,30.720565072001502,41.4748897140074,37.82585487942604,30.948219892232554,38.28411715075455,38.78556517644664,70.96228764750762,65.23694048992041,59.567346025156766,62.92232863445644,62.22653786261049,65.88867480614749,60.33486065141803,56.583736280053394,59.69854237286663,35.0095686481202,37.72500673308926,37.21698388741623,37.48561262683272,33.459050794585224,32.28980998545081,24.648256672484063,20.668285632856563,27.013970980193232,-10.025173909195841,-5.354741874226465,-5.831269413308876,-10.509393670542272,50.85352302728138,50.831097130468784,-10.692644807335078,-5.957574541310086,-5.601797594237892,827.5948817314467,827.5948817314467,827.5948817314467,827.5948817314467,827.5948817314467,827.5948817314467,827.5948817314467,827.5948817314467,827.5948817314467,-118.65771034145092,-115.71585370793885,-127.97693350158055,-128.32683580383147,-130.31395823675962,-130.474794787325,-129.777470310177,-142.8638131196687,-153.95140227280808,-0.0,-0.0,-0.0,827.5948817314467,827.5948817314467,827.5948817314467,827.5948817314467,827.5948817314467,-0.0,-118.65771034145092,-127.97693350158055,-115.71585370793885,-128.32683580383147,-130.31395823675962,-130.474794787325,-129.777470310177,-142.8638131196687,-153.95140227280808,14.514852536715678,14.091047987177912,12.325161663949343,12.243603322181192,14.933001822592997,15.046917749390143,12.331906396804003,11.728830555869992,13.299008377569567,-0.0,-0.0,-0.0,-0.0,-0.0,-0.0,-0.0,-0.0,-0.0,42.47194967324837,42.13600856502693,43.42749879349064,44.12785848370255,48.63340218050949,46.38279584936127,48.29948854305881,48.23654463877052,47.82638619115708,11.192264110504487,10.99057873980981,12.789094512654176,15.9431234657538,21.17337771812936,21.70119002145235,16.12214508120373,16.185583391616436,12.72635642732174,2.7532793320513864,5.037860953719508,-4.7193278489198445,-4.999792926148574,-6.094855814707938,-6.1998713171065924,-6.095229073539743,-16.198262023015378,-24.429634434983228
155.0,155.0,32.15826626041199,41.39759563161408,37.767406112706816,30.310536100923326,41.4482928816336,37.7078332941166,30.588135480450575,38.156749233662254,38.66709068661281,70.70879967912565,65.03391141064478,59.313067458804355,62.69121186880159,61.96028593393581,65.73136444261601,60.06200802028651,56.257192085968974,59.4706205328478,34.73292542463149,37.58629870323873,36.86810870291208,37.239689309156894,33.135632465833304,32.0155684189964,24.185704712687244,20.0468977143305,26.623067293458945,-7.166099340803544,-2.4931108455666187,-2.7267295509192038,-7.515357175334459,49.90093935998348,49.90223892888773,-7.356422096956834,-2.4777802424385915,-2.149754000432056,797.8286521864011,797.8286521864011,797.8286521864011,797.8286521864011,797.8286521864011,797.8286521864011,797.8286521864011,797.8286521864011,797.8286521864011,-113.72146415428118,-110.67448203310114,-123.08322801187146,-123.32243793366831,-125.8858051916839,-126.04673367452072,-124.65773533009161,-137.4887051819825,-147.58785848916315,-0.0,-0.0,-0.0,797.8286521864011,797.8286521864011,797.8286521864011,797.8286521864011,797.8286521864011,-0.0,-113.72146415428118,-123.08322801187146,-110.67448203310114,-123.32243793366831,-125.8858051916839,-126.04673367452072,-124.65773533009161,-137.4887051819825,-147.58785848916315,13.424142374807607,13.054665006343015,10.136264873165924,9.451859468889458,14.9325449032411,15.046912460525135,8.981489636733565,7.141768060181772,9.89887574163873,-0.0,-0.0,-0.0,-0.0,-0.0,-0.0,-0.0,-0.0,-0.0,3.1964944030747575,3.1923953717122746,3.188227331150837,2.942201014297701,3.176015572007736,3.0810476697797275,3.195721523436971,3.214695452037967,3.2277806535263047,10.211279671779083,10.051531718797607,10.283989220661951,8.274149353879338,13.527652698143989,13.443842574666869,7.67089936420446,7.602956914929796,11.45821032954369,2.9697161266406362,5.370311867709679,-4.708802977847328,-4.999791612872816,-6.094858521871597,-6.199873027533479,-6.09522514828373,-16.198199193584767,-23.486272910341114
155.0,155.0,32.14535277115833,41.394718709409474,37.76017195422713,30.29458355566332,41.44821000051573,37.70756547950564,30.5869931165037,38.15238394324685,38.664094935360175,70.68478209153963,65.02924881937626,59.29550927544491,62.67065990653431,61.94433159117268,65.70043972038644,60.05065465663341,56.25093765082094,59.46798806128279,34.71239975764538,37.57689150230367,36.84538444315237,37.229688605824926,33.13006239965322,32.013745214008644,24.170755085715196,20.02860476700218,26.621187953999357,-7.085142979016968,-2.4243424354111838,-2.6102816631899475,-7.413416787797052,49.93436352417561,49.94007240581522,-7.2342445685913965,-2.3567713066430205,-2.0274287839390164,797.0980159935126,797.0980159935126,797.0980159935126,797.0980159935126,797.0980159935126,797.0980159935126,797.0980159935126,797.0980159935126,797.0980159935126,-113.48724105975083,-110.40555236713323,-122.87888307502229,-123.13061756332444,-125.77698306039217,-125.9380407034851,-124.4360384812725,-137.1599077479488,-147.0749046906,-0.0,-0.0,-0.0,797.0980159935126,797.0980159935126,797.0980159935126,797.0980159935126,797.0980159935126,-0.0,-113.48724105975083,-122.87888307502229,-110.40555236713323,-123.13061756332444,-125.77698306039217,-125.9380407034851,-124.4360384812725,-137.1599077479488,-147.0749046906,13.197084410433412,12.829349239673617,9.68122248626812,9.04918076550641,14.931897868002652,15.046907396517344,8.434078791434487,6.075622820829464,9.179518695273396,-0.0,-0.0,-0.0,-0.0,-0.0,-0.0,-0.0,-0.0,-0.0,1.6610688218912093,1.6593260398067329,1.6573945067092355,1.523685184698953,1.6341288304566963,1.5991641905961549,1.6421152260544971,1.649593178682097,1.65720258089645,9.857950284247355,9.72982243552238,9.4580731007015,7.272248649632456,12.762505325785582,12.63382037724734,6.650286532798174,6.6509367514898665,10.975501087339829,3.029870353222273,5.464983864709857,-4.707491740651727,-4.999791536890622,-6.094859910433276,-6.199871839082137,-6.095226870401896,-16.198191824807047,-23.29068139433842
155.0,155.0,32.136515718700814,41.39208441261689,37.760128302059535,30.29707522935312,41.4478229617842,37.70744418818746,30.58437312322283,38.15347734627995,38.676267514895684,70.6756105204718,65.02271008963149,59.301708751468624,62.68924039132159,61.94301859753115,65.71298416451539,60.05185270465986,56.267602518837194,59.49297818469487,34.70354106919599,37.56750957012946,36.837083802385244,37.233136609535705,33.121126305476245,32.00444740439553,24.168102466605717,20.029535470564145,26.667046941146623,-7.044935200590159,-2.3664907816191474,-2.58103132631309,-7.384559285978362,49.943394945597134,49.94800121816721,-7.206413426472396,-2.3263992604344637,-1.9898345910318465,796.5302464707728,796.5302464707728,796.5302464707728,796.5302464707728,796.5302464707728,796.5302464707728,796.5302464707728,796.5302464707728,796.5302464707728,-113.402796345424,-110.34965988049694,-122.72088584064166,-122.97320887896126,-125.69233733559797,-125.85358095585114,-124.25366535275784,-136.8723943364413,-146.81509654397811,-0.0,-0.0,-0.0,796.5302464707728,796.5302464707728,796.5302464707728,796.5302464707728,796.5302464707728,-0.0,-113.402796345424,-122.72088584064166,-110.34965988049694,-122.97320887896126,-125.69233733559797,-125.85358095585114,-124.25366535275784,-136.8723943364413,-146.81509654397811,13.001474857772926,12.638954080193749,9.350254418269373,8.695821385144965,14.931003404170214,15.046924079832102,7.95989063788229,5.092026825261063,8.615839494316095,-0.0,-0.0,-0.0,-0.0,-0.0,-0.0,-0.0,-0.0,-0.0,1.2898224863283998,1.2888436982817715,1.2873211600920287,1.1792399859963714,1.2634772093603708,1.2404266580452106,1.2689831022303384,1.2746086356361745,1.2812265886859102,9.571875944755568,9.451965873474025,8.949744037055337,6.788256576635707,12.334451619634093,12.204849833105976,6.178754995527616,6.207470420561365,10.615454349050681,2.9989747259377966,5.408479957054993,-4.703507895515763,-4.99979286823931,-6.094860712212471,-6.199871017970324,-6.095212692717328,-16.19819525206756,-23.245577157633903
155.0,155.0,32.12375337048944,41.38709650856946,37.755564053132574,30.277971499814587,41.44707100133681,37.69236461516255,30.555207246448678,38.14834009547414,38.656800544840195,70.67096866461155,65.00053413041029,59.28183061165952,62.67951662260982,61.94179203333444,65.71007299090371,60.04583852174333,56.24886855680809,59.452694237259685,34.695797534571774,37.55180320313343,36.82483939078888,37.21781975371316,33.098196089896966,31.97342615959327,24.13778808801217,19.999100817429877,26.585352543627152,-7.051675474434721,-2.3717618582645774,-2.5717067552263115,-7.385528897364164,49.959951747648645,49.96686509430802,-7.212909643839321,-2.3173360196026853,-1.9899746753645233,796.4544108283574,796.4544108283574,796.4544108283574,796.4544108283574,796.4544108283574,796.4544108283574,796.4544108283574,796.4544108283574,796.4544108283574,-113.3445295521886,-110.28263354552105,-122.65871698542232,-122.92976148545428,-125.68143219789202,-125.84230342713923,-124.18995406158261,-136.79099253342426,-146.63749376730925,-0.0,-0.0,-0.0,796.4544108283574,796.4544108283574,796.4544108283574,796.4544108283574,796.4544108283574,-0.0,-113.3445295521886,-122.65871698542232,-110.28263354552105,-122.92976148545428,-125.68143219789202,-125.84230342713923,-124.18995406158261,-136.79099253342426,-146.63749376730925,12.90187207966969,12.524806430989564,9.091369048948055,8.540016616520834,14.932794510536873,15.04692665607193,7.705854399050398,4.752314947600529,8.233093448184164,-0.0,-0.0,-0.0,-0.0,-0.0,-0.0,-0.0,-0.0,-0.0,1.1343144964004714,1.1336056296443666,1.1322622666491744,1.0358010353826592,1.108620930544031,1.089992941502143,1.1133931001129787,1.1181829550182287,1.124342210006746,9.325044638091107,9.202785429970387,8.591030711929891,6.512229600202437,12.064399699999283,11.944555083262717,5.906291871036329,5.943956910953168,10.317583619918105,3.019181922152655,5.435268776023388,-4.705463698713885,-4.999791874870548,-6.094865690074168,-6.199873577060174,-6.095223345402578,-16.198203274157763,-23.17880930954083
155.0,155.0,32.12690264847751,41.38968035524416,37.75588624830407,30.282960893633064,41.44823057810178,37.70196556760714,30.563975823368043,38.15114434802749,38.66232121801012,70.67002557535002,65.01271711349848,59.28012299166855,62.66538491120404,61.93895462148454,65.69510944164828,60.04241409531757,56.25345627058105,59.45976052193674,34.696078241113234,37.558677416327754,36.826903934316896,37.221300055779636,33.120884723457515,32.00042855285785,24.14453826166974,20.018818733596685,26.60542897939575,-7.070924737829515,-2.4065403172811926,-2.5694414163611774,-7.380683086874837,49.97187629992436,49.97811640073512,-7.20532193547454,-2.313584712957453,-1.984510371475888,796.4168076688871,796.4168076688871,796.4168076688871,796.4168076688871,796.4168076688871,796.4168076688871,796.4168076688871,796.4168076688871,796.4168076688871,-113.26211392578806,-110.17295202387697,-122.61400978657277,-122.89819457106105,-125.67582577834065,-125.83670926633769,-124.13836066341673,-136.70913371248872,-146.4538186371752,-0.0,-0.0,-0.0,796.4168076688871,796.4168076688871,796.4168076688871,796.4168076688871,796.4168076688871,-0.0,-113.26211392578806,-122.61400978657277,-110.17295202387697,-122.89819457106105,-125.67582577834065,-125.83670926633769,-124.13836066341673,-136.70913371248872,-146.4538186371752,12.805968538131665,12.439064067828065,8.906302889926405,8.414204974239443,14.932740436726693,15.046930753266349,7.482984369562859,4.382819499389993,7.959820723759244,-0.0,-0.0,-0.0,-0.0,-0.0,-0.0,-0.0,-0.0,-0.0,1.1082979790723504,1.1077947563133788,1.1062547778599738,1.0152144529099134,1.0841934585202535,1.0660887156896184,1.0889497424637578,1.0936218391035422,1.1002679171708765,9.092142531253307,8.976101975236865,8.308338236055706,6.328204336924805,11.867346073031296,11.776577117627822,5.731401210610176,5.778766350693196,10.033247840156132,3.062790581505929,5.507182936169509,-4.704769433093148,-4.999791736175547,-6.094864648107885,-6.199872726126528,-6.0952312125337755,-16.1982143985674,-23.085764709578626
155.0,155.0,32.12879739799468,41.39023147923337,37.75910458249285,30.290327639061793,41.44814383006317,37.70603368119649,30.566377822009787,38.15529048904471,38.67887730491716,70.67109603540881,65.01455956267463,59.29623339747381,62.68329850422796,61.942157980409455,65.71271482751874,60.04768332632071,56.27888836639313,59.4899936554548,34.698457065846405,37.558931487588154,36.833153876258294,37.226777534884846,33.12350511069275,32.00333519616684,24.15896996176987,20.04065532974359,26.661386665342118,-7.0547393581072715,-2.3788974119577198,-2.574256310384039,-7.382606999793268,49.96310169468095,49.9661530586002,-7.210864544623776,-2.3180352317534445,-1.981010286931983,795.9911583968961,795.9911583968961,795.9911583968961,795.9911583968961,795.9911583968961,795.9911583968961,795.9911583968961,795.9911583968961,795.9911583968961,-113.22323908374938,-110.15864413061202,-122.5045070141695,-122.78113962375639,-125.6122721282676,-125.77339233604083,-124.01051234335404,-136.5063303183314,-146.3430367580811,-0.0,-0.0,-0.0,795.9911583968961,795.9911583968961,795.9911583968961,795.9911583968961,795.9911583968961,-0.0,-113.22323908374938,-122.5045070141695,-110.15864413061202,-122.78113962375639,-125.6122721282676,-125.77339233604083,-124.01051234335404,-136.5063303183314,-146.3430367580811,12.665557924268617,12.304638924402179,8.70389726246409,8.15390736960175,14.931611475189866,15.046949293663706,7.170474201907038,3.707105708250275,7.596961821322439,-0.0,-0.0,-0.0,-0.0,-0.0,-0.0,-0.0,-0.0,-0.0,1.1955720037137356,1.1951553765094594,1.1933432320476358,1.0995709482148317,1.1733978515428867,1.1528252861129282,1.1785832483422582,1.183666261417341,1.1909590808864137,8.892259556129968,8.785278267629051,8.095857227066789,6.193881153148078,11.701583111957621,11.62997100229772,5.592586151325794,5.644362310373091,9.800299718005489,3.0219283179907985,5.443280037404424,-4.701406377947904,-4.999792963947898,-6.0948642991314,-6.199872244763419,-6.095221356334917,-16.198224044199847,-23.106755391426937
155.0,155.0,32.124537165816186,41.38761495476329,37.75648834944089,30.27908829158889,41.447558202561986,37.69610472254942,30.53894544218724,38.15045216712034,38.669086263768094,70.67555405348195,64.99668187629551,59.28165090329192,62.676954085877874,61.94542889829615,65.71623613526896,60.03961160194798,56.24836274697234,59.46755023589647,34.69909261752933,37.550410177498314,36.832004887447496,37.21696583751139,33.11271494667509,31.985324275948543,24.128753984429604,20.009472878939057,26.623133227323574,-7.08268779256002,-2.4089889133556035,-2.5932986141852115,-7.406323050620292,49.98247574022566,49.986936224657306,-7.246188702381936,-2.3388811616423872,-2.0051798994792214,796.1811874716947,796.1811874716947,796.1811874716947,796.1811874716947,796.1811874716947,796.1811874716947,796.1811874716947,796.1811874716947,796.1811874716947,-113.22674250908929,-110.15205474304737,-122.50802243916088,-122.79809422687391,-125.64104437645983,-125.8016657035074,-124.02482452061254,-136.55231421582502,-146.34070804320135,-0.0,-0.0,-0.0,796.1811874716947,796.1811874716947,796.1811874716947,796.1811874716947,796.1811874716947,-0.0,-113.22674250908929,-122.50802243916088,-110.15205474304737,-122.79809422687391,-125.64104437645983,-125.8016657035074,-124.02482452061254,-136.55231421582502,-146.34070804320135,12.638091526598824,12.255617810556895,8.564450524430411,8.099108628622972,14.93402164862034,15.046955106037235,7.102810107063071,3.7928327468001055,7.515648395844549,-0.0,-0.0,-0.0,-0.0,-0.0,-0.0,-0.0,-0.0,-0.0,1.415330249544229,1.4148741561145923,1.41271141389996,1.3077361947896713,1.3953911610555467,1.3679742152043266,1.4014997637830195,1.4077219316732485,1.416660881623537,8.73227060729561,8.626325446526122,7.922856202367812,6.083991499858059,11.575142894572789,11.517050019903495,5.4848119891023615,5.538026467423667,9.60820669895055,3.036531520461722,5.463873881730161,-4.704491511580144,-4.999791748992966,-6.094868672839058,-6.199874692051866,-6.095230486041356,-16.19823723384246,-23.096193267804576
155.0,155.0,32.12996697583989,41.39214357074797,37.75894452422493,30.292911212380364,41.44907084980639,37.71322148261648,30.5702793761783,38.157954944156806,38.68030146187485,70.6794439243638,65.01777040371064,59.28727876026827,62.66875524298272,61.9487953137646,65.71149220172902,60.04646613059066,56.2781468992321,59.480187978552465,34.70349309033678,37.56310400535738,36.84092999912688,37.22677593744244,33.15093731246998,32.031825094037956,24.174643450263634,20.06772771481026,26.67609409401242,-7.11284033809139,-2.4515938084718165,-2.6045577484628426,-7.409968881922297,49.99976374063344,50.00407150107932,-7.238846797783652,-2.3470180777371206,-2.011158895173121,796.3526728771451,796.3526728771451,796.3526728771451,796.3526728771451,796.3526728771451,796.3526728771451,796.3526728771451,796.3526728771451,796.3526728771451,-113.19027624692193,-110.09761276602947,-122.51583583970661,-122.80453989183297,-125.66671380121461,-125.82717776519158,-124.03823019855523,-136.5504816469455,-146.31866719362174,-0.0,-0.0,-0.0,796.3526728771451,796.3526728771451,796.3526728771451,796.3526728771451,796.3526728771451,-0.0,-113.19027624692193,-122.51583583970661,-110.09761276602947,-122.80453989183297,-125.66671380121461,-125.82717776519158,-124.03823019855523,-136.5504816469455,-146.31866719362174,12.583864412646054,12.223319887233737,8.476255417875949,8.00675964437145,14.934789504425176,15.046969395099532,7.044163097785423,3.6602689945332516,7.412269146821178,-0.0,-0.0,-0.0,-0.0,-0.0,-0.0,-0.0,-0.0,-0.0,1.5780021681678826,1.5776177792336348,1.575042026248925,1.4664749116418068,1.5609063078582166,1.5293807499019425,1.5640700502506906,1.5717180213862747,1.5836374303474712,8.563927167984877,8.46273008204713,7.750161192087912,5.978433043364146,11.44182435110683,11.411431467639837,5.385859461031934,5.446103371456505,9.326643680137304,3.0753671210318223,5.524880996505696,-4.704881695971474,-4.9997917565864105,-6.094869069991651,-6.199873716431917,-6.095232406500286,-16.19825543761826,-23.076149554709485
155.0,155.0,32.12945190610567,41.392630139937296,37.763540169478176,30.317730784209523,41.44912869496953,37.72065051950566,30.597557827827593,38.16410730344572,38.701829048205795,70.6712595446639,65.02158773710804,59.309210108576835,62.69947213342911,61.945319958475714,65.7385582292336,60.05910342187147,56.30992250416951,59.51466501041863,34.70180972159453,37.563111152439916,36.84544502780653,37.24874037407661,33.148021921661204,32.046624802844114,24.217135303450608,20.10247757784589,26.752281767831654,-7.058019060783344,-2.380870386375698,-2.5675089425770117,-7.362426053163927,49.9932447422812,49.99015158947482,-7.185349900622326,-2.307075829950955,-1.9610236840405286,795.9109303278777,795.9109303278777,795.9109303278777,795.9109303278777,795.9109303278777,795.9109303278777,795.9109303278777,795.9109303278777,795.9109303278777,-113.15117058516715,-110.09193513108683,-122.41685721163665,-122.68941436474279,-125.60092229998133,-125.76146896440461,-123.90719659980105,-136.3504048921771,-146.20827344140022,-0.0,-0.0,-0.0,795.9109303278777,795.9109303278777,795.9109303278777,795.9109303278777,795.9109303278777,-0.0,-113.15117058516715,-122.41685721163665,-110.09193513108683,-122.68941436474279,-125.60092229998133,-125.76146896440461,-123.90719659980105,-136.3504048921771,-146.20827344140022,12.464203929000771,12.119724934575613,8.33285282794912,7.767397447467931,14.93439923447335,15.04699733500225,6.7278749463061756,3.0092665268483123,6.998037504678481,-0.0,-0.0,-0.0,-0.0,-0.0,-0.0,-0.0,-0.0,-0.0,1.146317849554432,1.146163842383144,1.1442078958895896,1.0678229043704375,1.1191000082693652,1.1094931174267588,1.1101997474128638,1.11699860164177,1.125388753781872,8.418617914708205,8.315836804865947,7.591863726030004,5.857063360001799,11.171889712403278,11.242088536272055,5.194921807707712,5.27886036720284,9.043046396233157,3.0361264911313395,5.4570990831466775,-4.70208263144663,-4.9997941497555525,-6.0948715568184095,-6.19987342281611,-6.095213918726646,-16.1982797928985,-23.10737851179341
155.0,155.0,32.12254034377294,41.38964699516245,37.7643433708556,30.303466045700112,41.449876620516385,37.7121098834918,30.569105845318852,38.1608259104604,38.68844083418706,70.65768235037152,65.00575993352602,59.29385181607902,62.70787095836502,61.957497573485256,65.75234923738407,60.04924460705182,56.28206123557491,59.48322393191409,34.697703393279546,37.554310665797416,36.847873510921346,37.24185099627008,33.15890016187523,32.03291639370839,24.183803686606957,20.07362198010973,26.694740204480993,-7.040367678802006,-2.3602133820222284,-2.534114859472297,-7.341243422293955,50.015872331131675,50.0176036521293,-7.170962481812844,-2.276319608142954,-1.9365206876878622,796.1888260843203,796.1888260843203,796.1888260843203,796.1888260843203,796.1888260843203,796.1888260843203,796.1888260843203,796.1888260843203,796.1888260843203,-113.16636087385642,-110.10340099320706,-122.45219589698301,-122.65843901862416,-125.64297612910777,-125.80281725162514,-123.86942031512824,-136.41660831458503,-146.187324957093,-0.0,-0.0,-0.0,796.1888260843203,796.1888260843203,796.1888260843203,796.1888260843203,796.1888260843203,-0.0,-113.16636087385642,-122.45219589698301,-110.10340099320706,-122.65843901862416,-125.64297612910777,-125.80281725162514,-123.86942031512824,-136.41660831458503,-146.187324957093,12.465596778476291,12.087397959077508,8.287429245044748,7.417113506180562,14.937833474521751,15.047014396719511,6.34463916342291,3.12954503884778,6.8642167238588625,-0.0,-0.0,-0.0,-0.0,-0.0,-0.0,-0.0,-0.0,-0.0,0.7301150158916813,0.7301043216430244,0.72866036443337,0.6838222464596345,0.7056039966991443,0.7086547948524059,0.6964635588197374,0.7015037574091161,0.7065630727543405,8.26443238015682,8.130205824223097,7.359439271349329,5.654467160309306,10.931712760724979,11.039457355488665,4.974484731801741,5.139244466563262,8.853554815600257,3.056344559857661,5.476412830578197,-4.704664365323635,-4.999792569350674,-6.094875173975613,-6.199876969687328,-6.095213649046238,-16.198304821873396,-23.080870374775458
155.0,155.0,32.15282722658307,41.397915505372985,37.774786591562,30.28129310091122,41.45190535887318,37.72515449964238,30.582280763906724,38.17019493846592,38.69739369941169,70.65064359074834,65.03287989959719,59.316079467580465,62.70999440272454,61.95649718473422,65.74896679426938,60.04686930977754,56.326001152995474,59.49123802556897,34.71788803994883,37.57976648033261,36.88186834999886,37.22637387635461,33.19367179734229,32.06957671946535,24.198060522691968,20.139113107829164,26.727092012906297,-7.026688592491066,-2.3709723623316648,-2.5158870046444965,-7.347531792684668,50.024461214738714,50.030223733777106,-7.153582738949105,-2.2613531438791723,-1.9217163166938203,796.2504776647482,796.2504776647482,796.2504776647482,796.2504776647482,796.2504776647482,796.2504776647482,796.2504776647482,796.2504776647482,796.2504776647482,-113.11114837430645,-110.0163990457001,-122.41957759509995,-122.52236057123385,-125.65213728429134,-125.81199083709264,-123.87025766036597,-136.41634002414327,-146.10581636824347,-0.0,-0.0,-0.0,796.2504776647482,796.2504776647482,796.2504776647482,796.2504776647482,796.2504776647482,-0.0,-113.11114837430645,-122.41957759509995,-110.0163990457001,-122.52236057123385,-125.65213728429134,-125.81199083709264,-123.87025766036597,-136.41634002414327,-146.10581636824347,12.358561409394056,11.921135184329612,8.094567673234964,6.713538793613758,14.937795803549783,15.047013690244102,6.304316512872589,3.0837043900931618,6.72633246514146,-0.0,-0.0,-0.0,-0.0,-0.0,-0.0,-0.0,-0.0,-0.0,0.585293244509603,0.5851958732613727,0.5833762621837294,0.5825972167128504,0.5935249913254977,0.6006735842418475,0.584162624675465,0.5886882609039,0.5924046884835589,7.944610807628575,7.709399840810908,6.989940042771321,5.458137455570253,10.767528891709249,10.865911981671196,4.859862897760004,5.053766097791687,8.690196408048282,3.0886838600974897,5.527900637070832,-4.703154060682962,-4.9997908370729585,-6.094873311310082,-6.1998787772629225,-6.095206212910225,-16.19832301438016,-23.03329140025345
155.0,155.0,32.15534037236081,41.39828477421574,37.781211584492866,30.28385724599304,41.452244899693405,37.7202393173722,30.573325547378694,38.172678331815305,38.70868287810789,70.64036828129682,65.02483921006522,59.32972332292453,62.7208793043347,61.950716754346104,65.75836744652541,60.045590566861364,56.34494640308186,59.51458372631651,34.72480290167289,37.57664212577348,36.90083996081803,37.22787374235457,33.18340460755746,32.05346757776876,24.19107375756079,20.14666761592073,26.76489097910771,-6.985282671821694,-2.3313530591590386,-2.4910259805653254,-7.325778043188292,50.011736250002876,50.01801169930941,-7.1394140026497395,-2.239632717373824,-1.8941900220978332,795.8991984568047,795.8991984568047,795.8991984568047,795.8991984568047,795.8991984568047,795.8991984568047,795.8991984568047,795.8991984568047,795.8991984568047,-113.05662746064421,-109.9696613588155,-122.33143572873249,-122.38798616549174,-125.59927611074691,-125.75973332727823,-123.76993372700937,-136.23351685828752,-146.02371045013845,-0.0,-0.0,-0.0,795.8991984568047,795.8991984568047,795.8991984568047,795.8991984568047,795.8991984568047,-0.0,-113.05662746064421,-122.33143572873249,-109.9696613588155,-122.38798616549174,-125.59927611074691,-125.75973332727823,-123.76993372700937,-136.23351685828752,-146.02371045013845,12.122285790982925,11.745484628800986,7.941794385537522,6.315761744762587,14.93485425667114,15.047009370982549,6.0715830181177415,2.4511143692709907,6.393393917247588,-0.0,-0.0,-0.0,-0.0,-0.0,-0.0,-0.0,-0.0,-0.0,0.32303296691246186,0.3227020596411711,0.3215020216497605,0.3285324651878989,0.335445494981952,0.33986362908463724,0.33208838136069097,0.33438658105259195,0.33648495260153555,7.630069746850839,7.431230068265744,6.744039364664285,5.346884932171626,10.661878720047554,10.745447164337316,4.791100022253206,4.9817569069908325,8.566213836790748,3.053112823317705,5.493119531629298,-4.699830243769554,-4.999791087829861,-6.094875474690904,-6.199878872627845,-6.095190028334691,-16.198343576391803,-23.063027607099926
155.0,155.0,32.14711697949013,41.39674175353659,37.7816004148679,30.278212634293155,41.45259654206226,37.71469918653852,30.554237788803853,38.169630846849095,38.69443603542325,70.63652439023058,65.00902819371173,59.31488270075717,62.71538685075607,61.959371834760134,65.76621412409416,60.0398642369382,56.32756233882933,59.48445682184751,34.724960676063894,37.57026406769122,36.90966135250938,37.2239431598821,33.18244437903965,32.04400263909152,24.172476630379318,20.126182179168882,26.709339489874775,-6.991106354408132,-2.3473653735768147,-2.4836554037351792,-7.322212680694321,50.01101727716703,50.02132381446161,-7.144612971482423,-2.2344236911034625,-1.8961618982826542,795.94009846529,795.94009846529,795.94009846529,795.94009846529,795.94009846529,795.94009846529,795.94009846529,795.94009846529,795.94009846529,-113.03847123676442,-109.91810896825032,-122.34195470345519,-122.40875008584104,-125.60570956077883,-125.765815726414,-123.78492959480624,-136.303964976471,-146.00631021381645,-0.0,-0.0,-0.0,795.94009846529,795.94009846529,795.94009846529,795.94009846529,795.94009846529,-0.0,-113.03847123676442,-122.34195470345519,-109.91810896825032,-122.40875008584104,-125.60570956077883,-125.765815726414,-123.78492959480624,-136.303964976471,-146.00631021381645,12.095635471900168,11.70726705241197,7.954775706617035,6.386874165159491,14.936546077679989,15.046992521942439,6.11467973688948,2.7628073623275653,6.463318694519877,-0.0,-0.0,-0.0,-0.0,-0.0,-0.0,-0.0,-0.0,-0.0,0.23268406642075387,0.2323833617386851,0.2315085641856091,0.2374637415383971,0.2440177975944511,0.24690493810006667,0.24223770644448808,0.24370879939886028,0.24529783027393579,7.475950668098822,7.302000176773265,6.637380559989061,5.28679620241221,10.601149796900065,10.676202009157851,4.743489957096287,4.939482120284147,8.459005439134645,3.0674433854176613,5.534532281007627,-4.70117218973787,-4.9997903036091556,-6.094875359427902,-6.199880050410235,-6.095201152891435,-16.198356712205264,-23.03402816857093
155.0,155.0,32.15041307149517,41.39962335040208,37.783765571843865,30.286501586265086,41.45420869045321,37.724705970694,30.561123610102754,38.17659789749538,38.69920955089744,70.63496117489447,65.01804515250373,59.31652620690598,62.71198290170868,61.954718838725334,65.75204575294245,60.037111487988746,56.36338030371527,59.49214260555998,34.72734621716467,37.577740776496405,36.91718119085532,37.2306633363181,33.20510315912494,32.07156318572776,24.18006824898109,20.183812532100724,26.730928259921548,-7.00351053018373,-2.362748332018617,-2.4792197183028217,-7.313732740662353,50.02047436375182,50.03269798370578,-7.137106045900021,-2.2268404950606735,-1.8899743561690199,796.121931335353,796.121931335353,796.121931335353,796.121931335353,796.121931335353,796.121931335353,796.121931335353,796.121931335353,796.121931335353,-113.01921814363774,-109.89721861153191,-122.36974885588344,-122.43216739035164,-125.63293256548017,-125.7928674072989,-123.80440780315031,-136.33370056128246,-145.9804036448315,-0.0,-0.0,-0.0,796.121931335353,796.121931335353,796.121931335353,796.121931335353,796.121931335353,-0.0,-113.01921814363774,-122.36974885588344,-109.89721861153191,-122.43216739035164,-125.63293256548017,-125.7928674072989,-123.80440780315031,-136.33370056128246,-145.9804036448315,12.079455871535517,11.695651339371889,7.965351160812382,6.369281113399892,14.937388464075733,15.04700281954202,6.077988595021322,2.775771278685606,6.452361168395429,-0.0,-0.0,-0.0,-0.0,-0.0,-0.0,-0.0,-0.0,-0.0,0.19408106405412032,0.19384900313482453,0.1930884536634289,0.1978338554451496,0.20470127090764353,0.2067047654732197,0.2034710431450461,0.20464011075609362,0.20599266654255619,7.342670880188324,7.179348348075713,6.543632767084548,5.231870690679472,10.542205874624948,10.622583916635879,4.701685790837024,4.905127509421293,8.351621144488975,3.100299188557186,5.572444561626378,-4.70007189531533,-4.999789970332263,-6.094874908970299,-6.199879947510496,-6.0952035395462545,-16.198364050096483,-22.99525965205416
155.0,155.0,32.151193500818366,41.399832983004465,37.78643452813434,30.29041519635713,41.454105432105465,37.71955026559136,30.55155624241593,38.17550071854599,38.70858320778711,70.63366447340452,65.02089677678903,59.333790641893664,62.72101461544573,61.95014802825558,65.7584767167944,60.03643234695794,56.35702012929085,59.51143356067048,34.728633731687424,37.57717887337631,36.92038954194715,37.231997140089106,33.1924535277027,32.05475459598146,24.176515517698473,20.166775193093514,26.76088194348289,-6.993326120424418,-2.339723134084485,-2.475742945255491,-7.309324335535996,50.00228216195126,50.011722047200905,-7.14148040967927,-2.225739829866241,-1.8821198392848528,795.6846425518756,795.6846425518756,795.6846425518756,795.6846425518756,795.6846425518756,795.6846425518756,795.6846425518756,795.6846425518756,795.6846425518756,-112.95679884852527,-109.86396445810027,-122.28236930349199,-122.31474050362938,-125.56730792817731,-125.72781497466987,-123.69658177456186,-136.15871302385813,-145.91035559559924,-0.0,-0.0,-0.0,795.6846425518756,795.6846425518756,795.6846425518756,795.6846425518756,795.6846425518756,-0.0,-112.95679884852527,-122.28236930349199,-109.86396445810027,-122.31474050362938,-125.56730792817731,-125.72781497466987,-123.69658177456186,-136.15871302385813,-145.91035559559924,11.998523168548864,11.619951924774977,7.868807526811931,6.1155751003616015,14.934591138870672,15.047002593427912,5.870859160051614,2.243182124504017,6.163866094691533,-0.0,-0.0,-0.0,-0.0,-0.0,-0.0,-0.0,-0.0,-0.0,0.17176297047285774,0.17158396050300811,0.17089472074879444,0.17400838341240712,0.18174538822815617,0.18312220817589306,0.18078834631058696,0.18178599014129962,0.1831082871946846,7.26962070441885,7.113959291228497,6.482212229090495,5.1915300986701025,10.487297738601036,10.570031705699233,4.6617966177642245,4.868104428247263,8.272277761137547,3.085508656400425,5.5329647710929715,-4.69823860631949,-4.999790269785898,-6.0948783394768595,-6.1998793747114105,-6.095192738108155,-16.198373995938244,-23.036985467966637
155.0,155.0,32.1471863515889,41.39711764693852,37.784165952579244,30.284210427328496,41.45377552011821,37.71460274653824,30.540176443653316,38.172010289522696,38.69146286588463,70.63296611112372,65.00611213897837,59.31674784514959,62.719496805052096,61.95837453143256,65.76938364992579,60.03313455396881,56.34434283198216,59.47983886397302,34.726786543761925,37.569353088476234,36.91872218277899,37.228104627198086,33.18696663857506,32.04535023573954,24.163124665502,20.150760777504303,26.694655105399363,-6.9952803045789915,-2.345509775207883,-2.4760565762308766,-7.312014669179251,50.01229210713468,50.023558166226735,-7.14761718283718,-2.2267830014698764,-1.8919555771067804,795.8605202882815,795.8605202882815,795.8605202882815,795.8605202882815,795.8605202882815,795.8605202882815,795.8605202882815,795.8605202882815,795.8605202882815,-112.98747443838111,-109.88055280517682,-122.31984591869504,-122.37466071059153,-125.59391320007894,-125.75397846649062,-123.74019315053502,-136.2529225931629,-145.94434958784439,-0.0,-0.0,-0.0,795.8605202882815,795.8605202882815,795.8605202882815,795.8605202882815,795.8605202882815,-0.0,-112.98747443838111,-122.31984591869504,-109.88055280517682,-122.37466071059153,-125.59391320007894,-125.75397846649062,-123.74019315053502,-136.2529225931629,-145.94434958784439,12.026596693529948,11.62997031510002,7.899432010757258,6.279094113044814,14.936727843156007,15.04699306155021,5.955283012687223,2.572779119658409,6.314839154249039,-0.0,-0.0,-0.0,-0.0,-0.0,-0.0,-0.0,-0.0,-0.0,0.15716418836596904,0.15702812596235693,0.15637014637740984,0.15744497199176308,0.1663243769468194,0.16730470034904668,0.16561086243103867,0.16652458685510665,0.16789967990485452,7.214455683529508,7.058080930584826,6.428993924194064,5.15857304161996,10.451048969517906,10.537813927973575,4.630189360322474,4.844369584235067,8.215071890259727,3.0864904221117246,5.542657742840513,-4.7020552070312736,-4.999789640400915,-6.0948786220903495,-6.19988064672541,-6.095207214263804,-16.198376310240622,-23.019138407920547
155.0,155.0,32.15120095768768,41.40006441542581,37.78586880979363,30.290559729576195,41.45482596769812,37.72387390760152,30.575725641599146,38.173949446473515,38.69912996300929,70.63274789711862,65.01928785628785,59.324812709544055,62.716027195506946,61.95261632612094,65.75451374318874,60.04321034094323,56.34729752546218,59.49395717187111,34.72813465343256,37.578296121450485,36.92224921357707,37.23348489418096,33.20386585343845,32.06978012665784,24.20712784257924,20.168711335251047,26.732328389470062,-7.001927384275287,-2.3594655992743467,-2.4744323577807252,-7.307330093523089,50.02785713543056,50.03920706801632,-7.124154569362452,-2.2249869493769387,-1.8864692449514047,796.1098361402297,796.1098361402297,796.1098361402297,796.1098361402297,796.1098361402297,796.1098361402297,796.1098361402297,796.1098361402297,796.1098361402297,-113.00240204655763,-109.88546881196154,-122.36120749539843,-122.42164426300766,-125.63120652384819,-125.79106963835163,-123.77967958305462,-136.2955502400378,-145.947222057304,-0.0,-0.0,-0.0,796.1098361402297,796.1098361402297,796.1098361402297,796.1098361402297,796.1098361402297,-0.0,-113.00240204655763,-122.36120749539843,-109.88546881196154,-122.42164426300766,-125.63120652384819,-125.79106963835163,-123.77967958305462,-136.2955502400378,-145.947222057304,12.034820989809289,11.652251449505105,7.922185261003026,6.3270259133808535,14.937721511999866,15.047006051299041,5.9668660196477,2.599598493030165,6.3502242638275,-0.0,-0.0,-0.0,-0.0,-0.0,-0.0,-0.0,-0.0,-0.0,0.15047568476710016,0.15037054099288202,0.1497186127184215,0.1499795592986482,0.15933074129736535,0.16002320984538035,0.158773296888067,0.1596269483863216,0.1610402225688976,7.11508568523997,6.954385030088234,6.3564909136170415,5.122125507418311,10.408022918539105,10.509396000356054,4.599871854024642,4.826933719404671,8.134666143013932,3.104736496077213,5.573269479837789,-4.701730799098742,-4.999789532942714,-6.094878350245174,-6.199880605602549,-6.095212312449508,-16.19837818462597,-22.98738505231008
155.0,155.0,32.152079734061104,41.40018356557382,37.78731624285046,30.29183740473058,41.45428800305498,37.719334994733025,30.573519207686456,38.17476908432509,38.71037804830286,70.63220865136535,65.02451550855648,59.33941567085359,62.72356199321453,61.94853021596046,65.76066408279638,60.0448418071694,56.36442459544052,59.52014557149852,34.728863967218196,37.57858815951213,36.922389608392564,37.23273448513161,33.18728815036742,32.05320749423896,24.209154078225904,20.172065394700116,26.771890176223078,-6.988798226841663,-2.3348935989616635,-2.47322552500995,-7.306143895166929,50.019619496950654,50.02693203017702,-7.1253178972878715,-2.2241982554688375,-1.8789622952295735,795.8136800773729,795.8136800773729,795.8136800773729,795.8136800773729,795.8136800773729,795.8136800773729,795.8136800773729,795.8136800773729,795.8136800773729,-112.9757416155244,-109.88505287558144,-122.29582118972777,-122.33695219795206,-125.58659782520489,-125.74701298819544,-123.69724048492975,-136.1380677646318,-145.9011315439451,-0.0,-0.0,-0.0,795.8136800773729,795.8136800773729,795.8136800773729,795.8136800773729,795.8136800773729,-0.0,-112.9757416155244,-122.29582118972777,-109.88505287558144,-122.33695219795206,-125.58659782520489,-125.74701298819544,-123.69724048492975,-136.1380677646318,-145.9011315439451,11.97366437417565,11.600295717698861,7.830605051389707,6.130184865484576,14.935025530115379,15.047009123382464,5.7810063273799575,2.050142430738622,6.091575761222536,-0.0,-0.0,-0.0,-0.0,-0.0,-0.0,-0.0,-0.0,-0.0,0.14699338353862512,0.14690541813718047,0.14626104232426987,0.14539928320914478,0.15588738425094606,0.1563498439489298,0.15549514991855648,0.1563380524572227,0.1578255279477388,7.06699078516966,6.902871532480458,6.30997561518284,5.094070712365524,10.366119350079376,10.477502642348131,4.56942722930373,4.806142537036734,8.079614010705539,3.0817775135113616,5.528011173135924,-4.699877246244282,-4.999790143343235,-6.094881730017606,-6.199880046667702,-6.095202178922825,-16.198382028579733,-23.02666431528796
155.0,155.0,32.14613170629707,41.3974862395659,37.783742280741336,30.286340998606658,41.45344482660723,37.71283532297603,30.564679835423583,38.164363583635655,38.68574494022785,70.63215742134727,65.01447710938017,59.31901150209403,62.72392681438721,61.9562715362515,65.76577950205017,60.04461135070637,56.307564901159964,59.477641812928425,34.72497254507045,37.57208979640885,36.916731109112284,37.22989308822466,33.175720479067394,32.03841409189639,24.194415063255757,20.096151266941714,26.679731839629937,-6.991998377058499,-2.3430696079320565,-2.4756248842825532,-7.309578870477027,50.031768494978444,50.039104733632165,-7.131133652940322,-2.2310184672030497,-1.894960760194505,795.9651029862755,795.9651029862755,795.9651029862755,795.9651029862755,795.9651029862755,795.9651029862755,795.9651029862755,795.9651029862755,795.9651029862755,-113.00856070324072,-109.90064910046816,-122.33079370243867,-122.40026861989683,-125.60956153634862,-125.76953871624015,-123.73578753134743,-136.2174165080374,-145.93436259691563,-0.0,-0.0,-0.0,795.9651029862755,795.9651029862755,795.9651029862755,795.9651029862755,795.9651029862755,-0.0,-113.00856070324072,-122.33079370243867,-109.90064910046816,-122.40026861989683,-125.60956153634862,-125.76953871624015,-123.73578753134743,-136.2174165080374,-145.93436259691563,12.014886169823713,11.635691720504239,7.870172745442326,6.327774976469271,14.937146120280817,15.047001608791703,5.8585210779215675,2.3253997204404437,6.2319710000219155,-0.0,-0.0,-0.0,-0.0,-0.0,-0.0,-0.0,-0.0,-0.0,0.14819165184735575,0.14809459786502527,0.1474607504477936,0.1440211013387963,0.15714684091371936,0.15744413826607243,0.1569644504769592,0.1577395658162611,0.15928364725584432,7.031125474922856,6.859265844685258,6.269622949503255,5.076655334186725,10.342357685829446,10.46109620945045,4.548948173931357,4.798638716864905,8.029606766738393,3.0804137275906225,5.5398629007885365,-4.703149015732033,-4.999789844293503,-6.094881781060339,-6.1998811283260435,-6.09521660336295,-16.198380608384426,-23.012685912559096
155.0,155.0,32.14929898796871,41.400851491964055,37.78308248569699,30.287714753744638,41.45374718691873,37.718863865159605,30.583263042606827,38.16268338837085,38.681337692353914,70.63253687881559,65.03522093628105,59.319110078178696,62.71812614615739,61.94734297707346,65.74633484574308,60.04619957448509,56.30190983696191,59.47922145334531,34.72384967130676,37.58327207350223,36.91427244200128,37.231952754115774,33.179180151915105,32.0532444659368,24.207117577785528,20.08898765341615,26.675330797231172,-6.998561644906256,-2.353906654283517,-2.476573808767974,-7.309014355582989,50.057260665051366,50.06317747065491,-7.119760192830335,-2.232714962922282,-1.898442910310596,796.3012148324467,796.3012148324467,796.3012148324467,796.3012148324467,796.3012148324467,796.3012148324467,796.3012148324467,796.3012148324467,796.3012148324467,-113.04438437225389,-109.93292700179745,-122.38306990110509,-122.46266404539622,-125.65979089995018,-125.8195431805281,-123.78526683559342,-136.26041161253187,-145.9586433509329,-0.0,-0.0,-0.0,796.3012148324467,796.3012148324467,796.3012148324467,796.3012148324467,796.3012148324467,-0.0,-113.04438437225389,-122.38306990110509,-109.93292700179745,-122.46266404539622,-125.65979089995018,-125.8195431805281,-123.78526683559342,-136.26041161253187,-145.9586433509329,12.041840731857677,11.685570846248794,7.8845135605531596,6.3878128674624275,14.938257638457259,15.047022137733475,5.8559601675838735,2.291472314185976,6.31439699141528,-0.0,-0.0,-0.0,-0.0,-0.0,-0.0,-0.0,-0.0,-0.0,0.15483834800706303,0.15471472203577558,0.15407763667512034,0.14808181029410133,0.16444205560716219,0.164588608866943,0.1646588913788112,0.16548936162842945,0.16737833952249936,6.954176186204,6.785609064753134,6.219405151497005,5.056134315366041,10.318712637586174,10.45148182690918,4.547323682179676,4.764131671429844,7.991618864075605,3.095510961515831,5.563188368678743,-4.702625329420003,-4.999790334621674,-6.09488137766948,-6.199880974981731,-6.095222383051783,-16.198379635597895,-22.98000351662949
155.0,155.0,32.15038303479164,41.39985577228041,37.782067974234415,30.27988391781206,41.45202973532702,37.7104314885145,30.572249743655792,38.158423886556854,38.68321372143589,70.6336941457289,65.04011604761169,59.334465627326864,62.72184267435946,61.93965112169647,65.74896660028195,60.0449692860217,56.29578640902333,59.49798434451302,34.721238892039885,37.58158460020498,36.9059692859309,37.22539516107939,33.14483339467311,32.02249820765333,24.179027295469773,20.054147679805126,26.68743585956872,-6.982632572686413,-2.3235417332331916,-2.480341717001187,-7.316782136113563,50.0508089379013,50.049855277108605,-7.130263777690593,-2.238863808717302,-1.9006199254250742,795.8756780211224,795.8756780211224,795.8756780211224,795.8756780211224,795.8756780211224,795.8756780211224,795.8756780211224,795.8756780211224,795.8756780211224,-113.01803315398533,-109.93663298888877,-122.2972686326395,-122.3787299019094,-125.59623639618698,-125.7562371291372,-123.71326710373654,-136.09612436527766,-145.89927716959383,-0.0,-0.0,-0.0,795.8756780211224,795.8756780211224,795.8756780211224,795.8756780211224,795.8756780211224,-0.0,-113.01803315398533,-122.2972686326395,-109.93663298888877,-122.3787299019094,-125.59623639618698,-125.7562371291372,-123.71326710373654,-136.09612436527766,-145.89927716959383,12.003529474445855,11.639091168344827,7.784173419447743,6.287870345520713,14.937020585699209,15.047019544537566,5.8138627312798,1.8023247241602411,6.1198245017329,-0.0,-0.0,-0.0,-0.0,-0.0,-0.0,-0.0,-0.0,-0.0,0.19440722030478105,0.19417037293683234,0.19343490983169398,0.18244378985630832,0.20685780759507064,0.20628446378847995,0.2076638694451876,0.208494603107588,0.21018487434736657,6.925333866718125,6.756243378046104,6.195673483591919,5.05007742475635,10.29885703845811,10.438288490088134,4.561382007226393,4.747227502152927,7.949339110918266,3.061203188125769,5.499417423972536,-4.701261449726225,-4.99979156944143,-6.09488464682628,-6.199879355651079,-6.095218067089266,-16.19837725160204,-23.01373310459495
155.0,155.0,32.1470253349911,41.396120165248604,37.77635898223785,30.283443075249114,41.45019122034856,37.703701348784534,30.526711066821306,38.14695974028335,38.65971696208193,70.63638316869056,65.02928221963099,59.3200585055499,62.710925707608794,61.94383246695375,65.75084597024602,60.028990135607124,56.24922572841452,59.46321994094982,34.71591949740753,37.57333557534762,36.893300097057896,37.22987318602961,33.12255596767661,32.003973704381316,24.108751197728914,19.980692280857085,26.602799847968896,-6.9881977300237965,-2.340772066322509,-2.4893554083586933,-7.319713943812309,50.052752444486906,50.04947177633869,-7.165220875307935,-2.2518532624310086,-1.9214218461788657,795.7337930713738,795.7337930713738,795.7337930713738,795.7337930713738,795.7337930713738,795.7337930713738,795.7337930713738,795.7337930713738,795.7337930713738,-113.01452650494721,-109.9065231213221,-122.28557116094497,-122.46332050428151,-125.57536115586814,-125.73513021222723,-123.74708252595609,-136.18070734500245,-145.9012881256848,-0.0,-0.0,-0.0,795.7337930713738,795.7337930713738,795.7337930713738,795.7337930713738,795.7337930713738,-0.0,-113.01452650494721,-122.28557116094497,-109.9065231213221,-122.46332050428151,-125.57536115586814,-125.73513021222723,-123.74708252595609,-136.18070734500245,-145.9012881256848,12.065553224059432,11.698500443567404,7.805678473525569,6.799860398142485,14.938143375896093,15.047024443160044,6.079799266073088,2.314401433687734,6.343187701746798,-0.0,-0.0,-0.0,-0.0,-0.0,-0.0,-0.0,-0.0,-0.0,0.2621949061507069,0.2617515329709931,0.2608378595447811,0.24850815821036065,0.2766776015654282,0.27468940038039247,0.27837524564934674,0.27924600890294093,0.28161877445414796,6.915262902083309,6.746043263741171,6.198510542562931,5.065878499897388,10.323682390016813,10.455478844787844,4.5756234700287814,4.7392920335649125,7.92463279363831,3.057535421451936,5.517121891707758,-4.705062243824334,-4.999792492949692,-6.0948846119245506,-6.199878635122114,-6.095234792555275,-16.198358664504674,-22.996148631971568
155.0,155.0,32.15767800068892,41.396975475827496,37.77280326316588,30.306602420555,41.45022446340163,37.71525742513443,30.534524663850306,38.148764683428105,38.65970979388648,70.64374925863079,65.03946910928839,59.32323343594765,62.68364408721361,61.937119726302214,65.71910118250183,60.02343164762132,56.247271794408746,59.4545374879788,34.71331599162849,37.57801565005919,36.87866886609915,37.24346192391538,33.13734571095914,32.033438486523984,24.109764184936658,19.996339656613607,26.592929454192866,-7.0102763842026175,-2.372535807756782,-2.506454239008654,-7.319022524507129,50.017066555391196,50.01108292459273,-7.174811978291155,-2.2653752402468177,-1.9362146949534396,795.0736032496804,795.0736032496804,795.0736032496804,795.0736032496804,795.0736032496804,795.0736032496804,795.0736032496804,795.0736032496804,795.0736032496804,-112.89544702265161,-109.78246269687435,-122.20748398495785,-122.4698074194646,-125.47648302050519,-125.63690835678754,-123.65996591132539,-136.11962272247874,-145.76109433849032,-0.0,-0.0,-0.0,795.0736032496804,795.0736032496804,795.0736032496804,795.0736032496804,795.0736032496804,-0.0,-112.89544702265161,-122.20748398495785,-109.78246269687435,-122.4698074194646,-125.47648302050519,-125.63690835678754,-123.65996591132539,-136.11962272247874,-145.76109433849032,12.131345638600315,11.763467932834878,7.903118066546295,7.307008084485637,14.9349600663691,15.046991468451225,6.133496290367284,2.494411010645749,6.434538997936274,-0.0,-0.0,-0.0,-0.0,-0.0,-0.0,-0.0,-0.0,-0.0,0.44986207465225814,0.4491179408932341,0.4479842114849014,0.42851649647830936,0.4606738768877708,0.4565186417266395,0.46328509606229756,0.46487093587350103,0.4685385867526589,6.901526916812734,6.740048603541979,6.230418668115083,5.116842691801436,10.374009201763586,10.48958231253044,4.592663426679693,4.745249741871596,7.885819779255018,3.083882034570728,5.549806034981538,-4.705068250443021,-4.999793168208181,-6.094876745533781,-6.199875294311093,-6.095241468995846,-16.19833149599419,-22.949619620715442
155.0,155.0,32.15000114535488,41.394184267601176,37.767420450707505,30.297353257816845,41.44949248826092,37.71252022682283,30.549361182814266,38.1535456058203,38.677178214673084,70.65210010828412,65.03575509035925,59.32606570017742,62.683921530211045,61.941881022881574,65.72052432411844,60.03332587669005,56.275124567986346,59.48246325065996,34.7034610102511,37.56863432450069,36.853247760645935,37.23215518846175,33.133027900457435,32.0196447374232,24.13718435358777,20.02662522477756,26.65024943392949,-7.020582552606916,-2.361231948362103,-2.5308882998457207,-7.342720451874693,49.975490203684096,49.965448630101044,-7.184270346274258,-2.2814116357315917,-1.9442285541844935,794.2668446881634,794.2668446881634,794.2668446881634,794.2668446881634,794.2668446881634,794.2668446881634,794.2668446881634,794.2668446881634,794.2668446881634,-112.8197684516257,-109.75163638881735,-122.07452080862535,-122.3420744372953,-125.35591607097854,-125.51688842201814,-123.51037589623425,-135.9105829986255,-145.668420767065,-0.0,-0.0,-0.0,794.2668446881634,794.2668446881634,794.2668446881634,794.2668446881634,794.2668446881634,-0.0,-112.8197684516257,-122.07452080862535,-109.75163638881735,-122.3420744372953,-125.35591607097854,-125.51688842201814,-123.51037589623425,-135.9105829986255,-145.668420767065,12.16151061250283,11.824785857848948,7.8540894887684525,7.269618695119143,14.932315683904825,15.046978823154438,5.9903125230083605,2.063325379588544,6.274945281373593,-0.0,-0.0,-0.0,-0.0,-0.0,-0.0,-0.0,-0.0,-0.0,0.7147046659501185,0.7144442018194269,0.7129554624532736,0.6526725911499285,0.7002397774037177,0.6912239109757409,0.7037537339511454,0.7065316379886993,0.7121988562558657,6.97353532013094,6.811178748312572,6.287914767011497,5.144878473362594,10.371271093266033,10.483946262013742,4.589923056915112,4.740681630889882,7.864486199356578,3.054738414440534,5.4860977265753075,-4.702906160419893,-4.999793321049515,-6.094871694292501,-6.1998730826001935,-6.09522892463901,-16.198307787073727,-22.995724861086707
155.0,155.0,32.12408674419498,41.38716746245026,37.75804429063522,30.278291196165668,41.44823615932931,37.696970702277405,30.535448633147517,38.14774573970578,38.66146952693371,70.6525753672068,65.00758209233281,59.284845516003685,62.677321667518946,61.93883309108352,65.71631401471515,60.03159399970022,56.24221102423927,59.45236496552475,34.69070277469886,37.547332911731765,36.83056648363062,37.21880984021307,33.10721646780084,31.98495799847109,24.119607078264117,19.98740310077476,26.590169805185994,-7.047265981112669,-2.3805835014861025,-2.537016578192303,-7.355021668837622,49.995933047891626,49.987062172496785,-7.192850559421652,-2.2847694256714557,-1.9539858464865407,794.6169931670316,794.6169931670316,794.6169931670316,794.6169931670316,794.6169931670316,794.6169931670316,794.6169931670316,794.6169931670316,794.6169931670316,-112.86520352130383,-109.77972538436701,-122.12473814350324,-122.42234150578044,-125.40831503210957,-125.56897590718116,-123.5967529290547,-136.07324428154956,-145.7580029609299,-0.0,-0.0,-0.0,794.6169931670316,794.6169931670316,794.6169931670316,794.6169931670316,794.6169931670316,-0.0,-112.86520352130383,-122.12473814350324,-109.77972538436701,-122.42234150578044,-125.40831503210957,-125.56897590718116,-123.5967529290547,-136.07324428154956,-145.7580029609299,12.24661247535257,11.868632723543355,7.830915235848604,7.40612266542629,14.93381066932001,15.04696455518503,6.156369585567511,2.5990240766523973,6.458902982429011,-0.0,-0.0,-0.0,-0.0,-0.0,-0.0,-0.0,-0.0,-0.0,0.7154714101981096,0.7157379143982385,0.7140001797755786,0.6528021407558008,0.6952698713237744,0.6861191918766881,0.6988189572889109,0.7017046640948011,0.7075036394007533,6.999410749816564,6.833913513719609,6.287497813591673,5.102157681079172,10.368131849269556,10.481865473096647,4.5856536065321665,4.735421298507154,7.8452967898830765,3.073262328404942,5.5136119194134645,-4.705133844655282,-4.999792056877164,-6.094873069956018,-6.1998745329827285,-6.095234510620014,-16.19829394655054,-22.995355498479544
155.0,155.0,32.12475934818344,41.38749535994718,37.757651965120175,30.27970931997591,41.44896700489683,37.70341676401392,30.55665932090269,38.14984684251871,38.66126252081405,70.65264816287808,65.00556612343838,59.27973717873569,62.66148007730245,61.93505437856042,65.69430427161913,60.03509995738563,56.2461247494844,59.449035693084056,34.69077234215738,37.54765817470306,36.832470139453676,37.21822340820982,33.120861978901644,32.004293358223464,24.144801042680328,20.005911888010903,26.591951926883617,-7.067174299603535,-2.413448265785386,-2.5363505317350308,-7.352889320537847,49.977623938926996,49.967475428495035,-7.178321441022518,-2.2825583068125925,-1.953240455989053,794.2908951889481,794.2908951889481,794.2908951889481,794.2908951889481,794.2908951889481,794.2908951889481,794.2908951889481,794.2908951889481,794.2908951889481,-112.76883476978612,-109.6593449290973,-122.08190248440395,-122.38973054546962,-125.35971351078483,-125.5204622578343,-123.56168929013317,-136.03716798315097,-145.67194529003325,-0.0,-0.0,-0.0,794.2908951889481,794.2908951889481,794.2908951889481,794.2908951889481,794.2908951889481,-0.0,-112.76883476978612,-122.08190248440395,-109.6593449290973,-122.38973054546962,-125.35971351078483,-125.5204622578343,-123.56168929013317,-136.03716798315097,-145.67194529003325,12.266408534813783,11.89004829646227,7.860673493705909,7.4831415171106395,14.933383611044494,15.04695799440776,6.2214874698321365,2.659286428617089,6.517366016198904,-0.0,-0.0,-0.0,-0.0,-0.0,-0.0,-0.0,-0.0,-0.0,0.7038719480200435,0.7042050242322755,0.7023840675861778,0.6374073961111993,0.6845879765344195,0.6759887729625802,0.6880404571255738,0.6908805285994423,0.6963949821700463,6.97576608836271,6.812659308524469,6.2772606277468235,5.137990430677405,10.363009448416896,10.490520121945394,4.588087669718302,4.741889109886733,7.811606628599662,3.1129872309894906,5.577121492994256,-4.704775733757152,-4.999791938552756,-6.094871075882543,-6.199873352244248,-6.095237591973121,-16.19828917202226,-22.95741138711321
155.0,155.0,32.118959948398,41.38691407181357,37.75924801328963,30.29138709186627,41.448481719021046,37.70336033739266,30.56439991209994,38.15224977937038,38.67620198631884,70.65180653123215,65.00820310883964,59.29402671038396,62.68051580676433,61.93679516526097,65.70731495584467,60.04197723925897,56.26234589700618,59.481965515185166,34.68732846437123,37.54531105237089,36.8306691099341,37.22933606561288,33.115609729500235,31.99650670391822,24.15783949389788,20.014238551018423,26.64922729918825,-7.0449047619002805,-2.37183450236394,-2.5343420242644195,-7.344590332135629,49.98392639320677,49.97090265264021,-7.172331501315662,-2.2800072682998107,-1.9426136889670977,794.3021757714914,794.3021757714914,794.3021757714914,794.3021757714914,794.3021757714914,794.3021757714914,794.3021757714914,794.3021757714914,794.3021757714914,-112.81461348003293,-109.74247741078496,-122.05902616131343,-122.38678187947473,-125.36107182523921,-125.52214007794396,-123.52995162268782,-135.93463856073205,-145.70183879912688,-0.0,-0.0,-0.0,794.3021757714914,794.3021757714914,794.3021757714914,794.3021757714914,794.3021757714914,-0.0,-112.81461348003293,-122.05902616131343,-109.74247741078496,-122.38678187947473,-125.36107182523921,-125.52214007794396,-123.52995162268782,-135.93463856073205,-145.70183879912688,12.18379747230248,11.838742708753019,7.7663762126206635,7.460721278147889,14.931834734282623,15.046963675827627,6.059720242917327,2.154534724417032,6.301516028731859,-0.0,-0.0,-0.0,-0.0,-0.0,-0.0,-0.0,-0.0,-0.0,0.6914890187863221,0.6918082035007435,0.6900047190391606,0.6276834415665022,0.6720472658831302,0.6635774550948348,0.6754144889584454,0.6782198213638571,0.6838311071124527,6.9666651463283635,6.801133229199184,6.268411005420178,5.123595527198972,10.347274239625904,10.477519173037104,4.58254869016084,4.734712918471667,7.794709399878553,3.066218748588974,5.500496211162697,-4.70088505735494,-4.999793242337618,-6.094871040875138,-6.199872230644564,-6.095222151425045,-16.198284999204102,-23.013067021370546
155.0,155.0,32.109907276539694,41.3828336830124,37.75474053905337,30.268258702707,41.44749758880836,37.69157478407886,30.535355237254905,38.1467972402561,38.65931147795283,70.65243577804301,64.98544386727077,59.2760618237618,62.67856303340187,61.93695982584096,65.70819223854004,60.03488115480467,56.2411414172175,59.44873178408887,34.68284487778146,37.53273639250351,36.820553007016656,37.210851972612154,33.094042399219745,31.972626980321166,24.125213252414884,19.98329207895782,26.579464075224422,-7.057191794282881,-2.3838236783383007,-2.538677044906423,-7.360930919435131,49.98473697070064,49.973562991128986,-7.1924427611163,-2.28491761252631,-1.9548897627673956,794.3405759591222,794.3405759591222,794.3405759591222,794.3405759591222,794.3405759591222,794.3405759591222,794.3405759591222,794.3405759591222,794.3405759591222,-112.82249920458071,-109.73787648774984,-122.0713998521351,-122.40338718303168,-125.36718044378183,-125.52785401257566,-123.56872820426986,-136.0432856552388,-145.7388003195724,-0.0,-0.0,-0.0,794.3405759591222,794.3405759591222,794.3405759591222,794.3405759591222,794.3405759591222,-0.0,-112.82249920458071,-122.0713998521351,-109.73787648774984,-122.40338718303168,-125.36718044378183,-125.52785401257566,-123.56872820426986,-136.0432856552388,-145.7388003195724,12.253766666983495,11.875027485040297,7.785562827807865,7.513489296481018,14.933733114620155,15.046954552746744,6.219836579779364,2.65318115506738,6.4803200781767,-0.0,-0.0,-0.0,-0.0,-0.0,-0.0,-0.0,-0.0,-0.0,0.7095339878340458,0.7098352994964616,0.7080626593605561,0.6457293069578804,0.6896072826836287,0.6810854632249674,0.6929033070494189,0.6958474802603581,0.7013409236639929,6.9623766126382645,6.794822219157123,6.258491571616303,5.14532676357561,10.347848537667666,10.47595505966656,4.582153354071812,4.731752829094987,7.784239818581056,3.0756032895066867,5.515317535908235,-4.702950121507305,-4.99979270243005,-6.094874292418148,-6.199874798035994,-6.095229296612186,-16.198279600229665,-23.00873572643726
155.0,155.0,32.11121068115123,41.384946934747525,37.75358683601019,30.272718178141997,41.44826820436342,37.70068921946114,30.544575190058005,38.14740634274265,38.65927632276796,70.6536641018674,64.99681165216609,59.27211905486767,62.66456605768135,61.933430566285104,65.6907865274018,60.03307852884374,56.23944181665145,59.45074133319767,34.68143932252398,37.53923036911594,36.817677822244825,37.21407436299011,33.11291877646638,31.9967480150388,24.128784560642547,19.99123204267941,26.583915678072987,-7.076429698103759,-2.418524045522112,-2.541176040399708,-7.359686339335858,50.004185462071405,49.99158745028598,-7.188243779864187,-2.2862801730092217,-1.9566673995690587,794.6474701970592,794.6474701970592,794.6474701970592,794.6474701970592,794.6474701970592,794.6474701970592,794.6474701970592,794.6474701970592,794.6474701970592,-112.82817597262542,-109.71396604814875,-122.11815824384928,-122.46745017317467,-125.41275214897695,-125.57350500340515,-123.62351775226844,-136.09744084886995,-145.74657234312315,-0.0,-0.0,-0.0,794.6474701970592,794.6474701970592,794.6474701970592,794.6474701970592,794.6474701970592,-0.0,-112.82817597262542,-122.11815824384928,-109.71396604814875,-122.46745017317467,-125.41275214897695,-125.57350500340515,-123.62351775226844,-136.09744084886995,-145.74657234312315,12.276953146312572,11.91116982571527,7.793962406934525,7.602662875484282,14.933343917432406,15.046947555518196,6.26405608938353,2.6943731274194467,6.548720723094416,-0.0,-0.0,-0.0,-0.0,-0.0,-0.0,-0.0,-0.0,-0.0,0.7317492996662763,0.7319159810113872,0.7302467593390635,0.6663426415873203,0.7116116079487073,0.7026948015742209,0.7149713818594727,0.718034094274201,0.723523333858147,6.936073933198258,6.768579089547106,6.247199354479951,5.144375610490964,10.35313923806851,10.490692568336529,4.592845760481492,4.742179931476525,7.756051977000362,3.1098366038265994,5.579438923352369,-4.7024686219203735,-4.999792562733971,-6.09487281937385,-6.199873618208038,-6.095234492824973,-16.198277651544736,-22.968966472590346
155.0,155.0,32.108186162276766,41.38415603966226,37.75506649995371,30.280002718709174,41.44785988289732,37.702670179577375,30.5481468162023,38.15010377150959,38.6735683787716,70.65377350133294,64.99287954970485,59.284881398232606,62.68473824348756,61.935711923729585,65.70549347369987,60.03796297492477,56.26299584067254,59.48255439638532,34.67906550587837,37.53597733485664,36.81643938648537,37.22115016028563,33.11137736178451,31.993449810487625,24.13394906870206,20.00528318033742,26.638785175922358,-7.0552064059730055,-2.3821679030456893,-2.5416673112680055,-7.356335889537195,50.00728305661939,49.99132956901568,-7.187410424197532,-2.286018281779117,-1.9489193633742243,794.5924314613353,794.5924314613353,794.5924314613353,794.5924314613353,794.5924314613353,794.5924314613353,794.5924314613353,794.5924314613353,794.5924314613353,-112.86267234856076,-109.77983134921418,-122.08671890915357,-122.4430474294852,-125.40427612170609,-125.56531793539065,-123.58141125646607,-135.98278938283676,-145.76631881146582,-0.0,-0.0,-0.0,794.5924314613353,794.5924314613353,794.5924314613353,794.5924314613353,794.5924314613353,-0.0,-112.86267234856076,-122.08671890915357,-109.77983134921418,-122.4430474294852,-125.40427612170609,-125.56531793539065,-123.58141125646607,-135.98278938283676,-145.76631881146582,12.192335879993214,11.853438432897821,7.7017877577810925,7.524109463017718,14.931946462038109,15.046955993908048,6.099835147810033,2.178664184263763,6.350780086194917,-0.0,-0.0,-0.0,-0.0,-0.0,-0.0,-0.0,-0.0,-0.0,0.7500201625775124,0.7500571797414938,0.748515511850495,0.6833624294799974,0.7301271913607378,0.7208619948234052,0.733546563936843,0.7367077834198861,0.7420695984798342,6.930830096611231,6.76677173165749,6.247554361861466,5.1489742719936515,10.344707603972358,10.483020648011204,4.593937637277118,4.73754991344458,7.747247797911889,3.0638347272973787,5.507870776923291,-4.699239100411501,-4.999793811105784,-6.0948728951374,-6.199872717667771,-6.0952217047223325,-16.198277868286294,-23.021579505281778
155.0,155.0,32.10058211848626,41.38085040664624,37.7507284949935,30.266234499503565,41.447115711412586,37.69253984160034,30.525323913819655,38.1445001475698,38.66090003343533,70.65490864056825,64.97586642055789,59.266920719697595,62.67915632989451,61.93772576659236,65.7116611124846,60.03121495255321,56.24086492644409,59.46035660949207,34.67482601847863,37.52622763889275,36.80733714566336,37.20993865226244,33.09754670712095,31.97298278458753,24.10082397579707,19.974150174532745,26.59566345987599,-7.068645632262135,-2.3930927780799087,-2.5470065143346594,-7.367446875357978,50.01726232648232,50.00254620267236,-7.204676350773644,-2.292186182203547,-1.959649062363817,794.747280315374,794.747280315374,794.747280315374,794.747280315374,794.747280315374,794.747280315374,794.747280315374,794.747280315374,794.747280315374,-112.88697449300888,-109.79828697098156,-122.120165379895,-122.47375237807093,-125.4277842527453,-125.58835578978828,-123.63649532698157,-136.0975618412248,-145.83077032127832,-0.0,-0.0,-0.0,794.747280315374,794.747280315374,794.747280315374,794.747280315374,794.747280315374,-0.0,-112.88697449300888,-122.120165379895,-109.79828697098156,-122.47375237807093,-125.4277842527453,-125.58835578978828,-123.63649532698157,-136.0975618412248,-145.83077032127832,12.269437905465708,11.899353077029778,7.732310777957119,7.561267521117215,14.934204215341161,15.046954822027118,6.25503443981115,2.6230029456143784,6.553506717891871,-0.0,-0.0,-0.0,-0.0,-0.0,-0.0,-0.0,-0.0,-0.0,0.7821271690864864,0.7820375213671313,0.7806472565599722,0.7115923292669054,0.7622063489596311,0.752289270613513,0.7657782114040917,0.7689993305140538,0.7744440469451807,6.94154521168294,6.776765104533623,6.252040767873926,5.159500328590929,10.353596171618419,10.487109891277429,4.598902595493475,4.7380759285215825,7.749085152451055,3.0750387303849123,5.519574111570369,-4.702382018895164,-4.999792619883201,-6.094877883167335,-6.199874693309656,-6.0952284848773255,-16.1982829536891,-23.021246573045552
155.0,155.0,32.10425270742225,41.38415145900686,37.75113588152954,30.278202199946342,41.44826198506836,37.70799150973261,30.555624415488566,38.14971817002115,38.66152006607314,70.65446116428433,64.99357229436548,59.26741525520449,62.67022142925499,61.9394389082384,65.7040643254739,60.03614321164688,56.25219867382075,59.45831865806607,34.674906044843205,37.536092195702096,36.8084649038,37.21878063505213,33.12740419543008,32.01367476014479,24.13486545783459,20.01265692634292,26.60915380185332,-7.080287044903817,-2.415767614858145,-2.542024609944711,-7.355242812213635,50.02974002476377,50.014899976157636,-7.180304395240526,-2.2839695615448434,-1.9543899010860306,794.9797548901822,794.9797548901822,794.9797548901822,794.9797548901822,794.9797548901822,794.9797548901822,794.9797548901822,794.9797548901822,794.9797548901822,-112.8800329577285,-109.77482874312692,-122.16162985585613,-122.5148504979267,-125.46245595923241,-125.62293877556688,-123.68668805779001,-136.13735552526265,-145.84769002087324,-0.0,-0.0,-0.0,794.9797548901822,794.9797548901822,794.9797548901822,794.9797548901822,794.9797548901822,-0.0,-112.8800329577285,-122.16162985585613,-109.77482874312692,-122.5148504979267,-125.46245595923241,-125.62293877556688,-123.68668805779001,-136.13735552526265,-145.84769002087324,12.29009786731828,11.939401403453429,7.763498387857035,7.592827146039471,14.934628462322538,15.046962716060493,6.33065235896308,2.648160216148367,6.60826171271062,-0.0,-0.0,-0.0,-0.0,-0.0,-0.0,-0.0,-0.0,-0.0,0.7223095836438367,0.7221461312290743,0.720997305603807,0.65487202700299,0.7025712068605673,0.6948643786545837,0.7046701089803306,0.7076697907566876,0.7130226892604361,6.925833837236033,6.763675670233167,6.248646344510496,5.150128077112279,10.35477604646973,10.500373909834975,4.605263231116764,4.746955085864798,7.707758385613694,3.1100566503075417,5.57477426854618,-4.702720667859127,-4.999792364142502,-6.094878578971948,-6.199873272379293,-6.095227554133037,-16.198295913383884,-22.99909377248621
155.0,155.0,32.10530827744714,41.3847895686861,37.755429890847346,30.302262276287134,41.4483855088836,37.71435672588527,30.57291417167833,38.155510526607245,38.67766195180466,70.64726072264989,64.99791217018044,59.289906277606526,62.69950547623107,61.938483943484535,65.72972897899163,60.04642599008508,56.27413438526756,59.48762775946221,34.67418884257687,37.53704351784723,36.81153277169926,37.239834538350806,33.12596684899209,32.0255666239901,24.164089952186544,20.041694522869022,26.667302716904036,-7.038301742715799,-2.3574462636192766,-2.5209237209593223,-7.322565816761383,50.019163082990154,50.00230178776582,-7.150421664581117,-2.2614647445776868,-1.9250463946846998,794.7829166807463,794.7829166807463,794.7829166807463,794.7829166807463,794.7829166807463,794.7829166807463,794.7829166807463,794.7829166807463,794.7829166807463,-112.8902820960334,-109.82360966155392,-122.11804160638042,-122.46047411032494,-125.43303329109871,-125.59365979040409,-123.61098826695311,-135.99744415334015,-145.8306378518269,-0.0,-0.0,-0.0,794.7829166807463,794.7829166807463,794.7829166807463,794.7829166807463,794.7829166807463,-0.0,-112.8902820960334,-122.11804160638042,-109.82360966155392,-122.46047411032494,-125.43303329109871,-125.59365979040409,-123.61098826695311,-135.99744415334015,-145.8306378518269,12.210106504964967,11.887528301269514,7.712428871291947,7.471256913041201,14.933933333351485,15.046982015339378,6.105922989888481,2.1121532791866215,6.39557882297946,-0.0,-0.0,-0.0,-0.0,-0.0,-0.0,-0.0,-0.0,-0.0,0.49015491336706035,0.4900685376658387,0.48928288498734596,0.43793090307377375,0.4695047002186497,0.46894784040367843,0.46787002104304987,0.47042151000461835,0.4736831754356161,6.933053026126094,6.769256212828701,6.25229784661279,5.142017331139518,10.303367928726818,10.4823565470472,4.582070957319182,4.719112128115145,7.673412315667365,3.067196340553898,5.500874806827026,-4.699842565278062,-4.999794465979525,-6.094880673517917,-6.199872456880894,-6.095209008707932,-16.198315041102116,-23.042024310072215
155.0,155.0,32.10024047721487,41.383041125428896,37.75677281994651,30.298339530236163,41.449248906942366,37.705260831393005,30.567451512243654,38.15553875057961,38.66085756152543,70.64080785577869,64.98810640304056,59.27800367021528,62.70622407406223,61.950713758602575,65.74397748121525,60.04838830966477,56.2721524373856,59.450017693089876,34.672621455076616,37.53179985161958,36.81555648046833,37.24059652532836,33.13741969824673,32.01074076108288,24.163397934250796,20.042642702578505,26.599767001137153,-7.040346930436221,-2.3537785412207146,-2.508930681537813,-7.314753035425597,50.03699053831615,50.028922813722005,-7.142959559054452,-2.250411441515663,-1.9247454223547624,795.3324480738331,795.3324480738331,795.3324480738331,795.3324480738331,795.3324480738331,795.3324480738331,795.3324480738331,795.3324480738331,795.3324480738331,-112.96362435449555,-109.89961728855481,-122.22286040200981,-122.50895422944227,-125.51571582630869,-125.67541878043887,-123.65874942254757,-136.15786377256396,-145.8834986620411,-0.0,-0.0,-0.0,795.3324480738331,795.3324480738331,795.3324480738331,795.3324480738331,795.3324480738331,-0.0,-112.96362435449555,-122.22286040200981,-109.89961728855481,-122.50895422944227,-125.51571582630869,-125.67541878043887,-123.65874942254757,-136.15786377256396,-145.8834986620411,12.286800397331975,11.928671162992588,7.80835248316193,7.310109594414895,14.938433875583826,15.047010750168806,5.941297471199171,2.4931103211217005,6.466003991460426,-0.0,-0.0,-0.0,-0.0,-0.0,-0.0,-0.0,-0.0,-0.0,0.34930829646323686,0.3492996090061425,0.34863842093149805,0.3072089093928945,0.33086451124175026,0.3325371036516339,0.3290302582395537,0.33094030587643697,0.3329238578664655,6.938055126966666,6.756383096519137,6.220899895877961,5.109928534556398,10.270670791607248,10.460699676440246,4.5672022935983145,4.699906989513453,7.648391305518609,3.0857336433218636,5.512724967816683,-4.702341104024726,-4.999793505632843,-6.094884070906449,-6.19987556735494,-6.095207347801634,-16.198334158335452,-23.008813446240925
155.0,155.0,32.12958965891881,41.39298786794702,37.76801105453629,30.276612706906274,41.45164739390644,37.718933914261136,30.581726357529877,38.163635803609296,38.67329998351778,70.63755817652616,65.02460287165023,59.29643278726577,62.70980176203395,61.94898936660681,65.74348172090679,60.046510204881926,56.30433132680297,59.46664685823251,34.69269679793184,37.5617407571442,36.851744187168,37.224573474347736,33.1717452595535,32.04987635459038,24.180530630091496,20.096772761285237,26.64468979324646,-7.031946327375246,-2.3655298802969162,-2.49503736053615,-7.323590200748806,50.032905873038004,50.03028728039801,-7.128418582871431,-2.23980163769574,-1.911291825550647,795.4751251341102,795.4751251341102,795.4751251341102,795.4751251341102,795.4751251341102,795.4751251341102,795.4751251341102,795.4751251341102,795.4751251341102,-112.93150531580048,-109.8320567588916,-122.2288795706529,-122.37312798539277,-125.53685072922535,-125.69664595330089,-123.69354584672654,-136.1894904723161,-145.82064673412094,-0.0,-0.0,-0.0,795.4751251341102,795.4751251341102,795.4751251341102,795.4751251341102,795.4751251341102,-0.0,-112.93150531580048,-122.2288795706529,-109.8320567588916,-122.37312798539277,-125.53685072922535,-125.69664595330089,-123.69354584672654,-136.1894904723161,-145.82064673412094,12.231559742336893,11.76832288165667,7.744052924285566,6.549367234947925,14.938013230443682,15.047009916537338,6.007062742319927,2.5433788730580766,6.450979656575587,-0.0,-0.0,-0.0,-0.0,-0.0,-0.0,-0.0,-0.0,-0.0,0.265360220328385,0.2653392508229096,0.26462116786144696,0.24183593767230346,0.26264508934294484,0.26471949783256316,0.2615750449060402,0.2628254589763698,0.2642786965694867,6.857438603819708,6.607436757725353,6.146055779838774,5.097235154508749,10.254467384727457,10.441017565055304,4.560751501187368,4.713016801098214,7.640157490108446,3.1178072762838185,5.55907898015461,-4.700863978221491,-4.9997922074076495,-6.094881715814963,-6.199877497259824,-6.095203426102594,-16.19835276107759,-22.946887495644138
155.0,155.0,32.142787981674154,41.396672618558625,37.77803995915588,30.28168445840298,41.45199819726498,37.71622667307082,30.583795233114646,38.16888992143044,38.688389247653085,70.63598605092335,65.02179728018535,59.32748685570091,62.72443228662229,61.94617749557362,65.75544982839543,60.04854545110892,56.32872397571291,59.48724564491311,34.71035051049402,37.56802322020073,36.885413186644364,37.22748787787357,33.16988091270039,32.041587560929635,24.19492995678671,20.11742535425585,26.68749521389719,-7.001700910207752,-2.33885707005524,-2.486879999331646,-7.320190509412366,50.01683526007744,50.01491063778703,-7.1263497070297035,-2.2356739894180295,-1.900802828003533,795.290397975437,795.290397975437,795.290397975437,795.290397975437,795.290397975437,795.290397975437,795.290397975437,795.290397975437,795.290397975437,-112.90618994395864,-109.81775471735821,-122.18688774978551,-122.29019844854406,-125.50880761173843,-125.66916645793619,-123.64638600035688,-136.08433487827153,-145.75494504938627,-0.0,-0.0,-0.0,795.290397975437,795.290397975437,795.290397975437,795.290397975437,795.290397975437,-0.0,-112.90618994395864,-122.18688774978551,-109.81775471735821,-122.29019844854406,-125.50880761173843,-125.66916645793619,-123.64638600035688,-136.08433487827153,-145.75494504938627,12.004599878776178,11.586303724996874,7.696760205696878,6.280773791239351,14.935297535830129,15.047011405365472,5.9118250126768155,2.167056854437539,6.0836417127282365,-0.0,-0.0,-0.0,-0.0,-0.0,-0.0,-0.0,-0.0,-0.0,0.24421320720489406,0.24404097727562932,0.2432491477109145,0.24019918301065504,0.253433413883591,0.25593429699479603,0.252286178091343,0.2534737728088984,0.2546770489695291,6.789244621477395,6.547838706228119,6.127196713331302,5.089929552750818,10.258579342323875,10.42986802138416,4.575402818052623,4.729754037858436,7.655328602861122,3.080319859151925,5.516827398675123,-4.6972326570022425,-4.999792013838403,-6.094880006036468,-6.199877837513861,-6.095189272743936,-16.198363023744065,-22.97565187495394
155.0,155.0,32.138382970172664,41.39566106554482,37.778556604249204,30.28304620275328,41.45223115184627,37.71236254520612,30.57392014816161,38.16684228733821,38.675556397242055,70.63514503055363,65.00545610115564,59.3086598165343,62.72499325948283,61.957577524934905,65.7658797035977,60.047001553162936,56.31160121520069,59.4567640822646,34.714712690331524,37.56430260062721,36.898606810951435,37.2295902265264,33.174574748801234,32.037368160605965,24.187681472797866,20.100628197624186,26.630818099521104,-7.011815797627171,-2.3621562171525823,-2.484867617685466,-7.318031084712986,50.01373548837704,50.0160665727689,-7.131215899984095,-2.2354800411515394,-1.907570199002004,795.432685043384,795.432685043384,795.432685043384,795.432685043384,795.432685043384,795.432685043384,795.432685043384,795.432685043384,795.432685043384,-112.90665366747206,-109.78415060198715,-122.22901199547597,-122.340891725402,-125.53023302101839,-125.6903306103396,-123.70340738031283,-136.21451708055375,-145.76598565120375,-0.0,-0.0,-0.0,795.432685043384,795.432685043384,795.432685043384,795.432685043384,795.432685043384,-0.0,-112.90665366747206,-122.22901199547597,-109.78415060198715,-122.340891725402,-125.53023302101839,-125.6903306103396,-123.70340738031283,-136.21451708055375,-145.76598565120375,12.010275033178143,11.585515863388075,7.792320975935583,6.423805459524928,14.936567661886912,15.046990571499085,6.085440133251477,2.695114781454493,6.25573778989444,-0.0,-0.0,-0.0,-0.0,-0.0,-0.0,-0.0,-0.0,-0.0,0.22300152338885948,0.22278286947900183,0.22202373938375444,0.2240027085529633,0.23432868101946214,0.23658904105023365,0.23331220661558644,0.23433417656823244,0.2356278661698976,6.7906338243872195,6.552834597775842,6.14646714004032,5.111731868321418,10.290793674673562,10.445526887906528,4.6014569062102995,4.750660318863602,7.680731909562391,3.097048583250138,5.562286993911407,-4.69817304265437,-4.9997910128833345,-6.094877249833256,-6.199879097641298,-6.095199273720571,-16.19836449790207,-22.94073775689967
155.0,155.0,32.143613748788596,41.39946683705491,37.78096782953563,30.290018976186,41.45341283439208,37.72348768530022,30.59679635461216,38.1728314374087,38.68526517081302,70.63625834277657,65.01669996166953,59.312787240146214,62.71746451399369,61.954200177648346,65.75154812352166,60.049605035883665,56.338600695450346,59.47058820081408,34.719924811554776,37.574904168991296,36.90766082103106,37.23480003712704,33.198701933628456,32.06826301990523,24.217075015956773,20.14872052669401,26.669446885594052,-7.028637992325294,-2.3827836596637764,-2.4847201608559804,-7.315195489769439,50.02488710477615,50.02888287078402,-7.118029970978704,-2.2331945342409845,-1.9029008405427235,795.7430338606156,795.7430338606156,795.7430338606156,795.7430338606156,795.7430338606156,795.7430338606156,795.7430338606156,795.7430338606156,795.7430338606156,-112.91005752379489,-109.78786623384123,-122.28862014791292,-122.3982755555388,-125.57657637117858,-125.73649997729486,-123.76907287483606,-136.29230065140325,-145.7682208508982,-0.0,-0.0,-0.0,795.7430338606156,795.7430338606156,795.7430338606156,795.7430338606156,795.7430338606156,-0.0,-112.91005752379489,-122.28862014791292,-109.78786623384123,-122.3982755555388,-125.57657637117858,-125.73649997729486,-123.76907287483606,-136.29230065140325,-145.7682208508982,12.025358978641885,11.615456717114666,7.869342211190739,6.478136595138789,14.937436531663524,15.04699918535285,6.179870801385015,2.8482816701554348,6.340456507568533,-0.0,-0.0,-0.0,-0.0,-0.0,-0.0,-0.0,-0.0,-0.0,0.2409272866103725,0.24066220592472046,0.2398113065360381,0.24498925488360812,0.25442731127804297,0.25704512381093586,0.25308522337259026,0.2542572197867223,0.25573434975978754,6.786988144444792,6.552122046628622,6.172102202226452,5.139143532357315,10.324164136705658,10.474343001938426,4.63835937618295,4.789417746738215,7.698831416833461,3.132133919666974,5.6027726294762425,-4.696291619500809,-4.999790785197093,-6.094874261938675,-6.199878870480353,-6.095201666448615,-16.198361107968722,-22.89376493346036
155.0,155.0,32.145798286540774,41.40047309122276,37.78432558651607,30.293860471806905,41.452979713388956,37.720328714801,30.596400626185677,38.17681496985593,38.701286773387395,70.63812763427362,65.02342927548074,59.33400296601973,62.72564495645618,61.95180430340343,65.75713956519162,60.052181156712244,56.36155780736104,59.49797480523771,34.72444486670018,37.57738221309106,36.91320275570079,37.23567673389284,33.189848881535845,32.05776806829101,24.227556463834734,20.16767786482043,26.722003546649592,-7.0245737015334315,-2.365698348247672,-2.4867779014423186,-7.317385035174569,50.00673302930534,50.008147040009334,-7.122714743190908,-2.2350890613135292,-1.8970718833927063,795.4280489557634,795.4280489557634,795.4280489557634,795.4280489557634,795.4280489557634,795.4280489557634,795.4280489557634,795.4280489557634,795.4280489557634,-112.8695069338053,-109.77784838022686,-122.23411543062961,-122.32060399463292,-125.52916208509276,-125.68964133422078,-123.70721993642444,-136.17747718333263,-145.72451547479707,-0.0,-0.0,-0.0,795.4280489557634,795.4280489557634,795.4280489557634,795.4280489557634,795.4280489557634,-0.0,-112.8695069338053,-122.23411543062961,-109.77784838022686,-122.32060399463292,-125.52916208509276,-125.68964133422078,-123.70721993642444,-136.17747718333263,-145.72451547479707,11.974237582745035,11.569104374717359,7.8484774206167485,6.328872319055644,14.934727779156095,15.046997769761465,6.107306765472582,2.5190623740439753,6.13482109996312,-0.0,-0.0,-0.0,-0.0,-0.0,-0.0,-0.0,-0.0,-0.0,0.29458173136649124,0.2942456651337488,0.29318626053585795,0.3039726419228292,0.3113636569215172,0.3147030924745918,0.30907450452525526,0.3106692367716077,0.31263306964908116,6.836659372173254,6.60373949709152,6.222849576978204,5.17474604599674,10.356118222669084,10.500596371576908,4.67081943734335,4.820357085419089,7.74470885215875,3.119239737488072,5.564138839413196,-4.693737507237544,-4.999791128431478,-6.09487615158567,-6.19987826265396,-6.095190119289983,-16.198360237462634,-22.928640745881363
155.0,155.0,32.14333596113213,41.39915717088757,37.78231783671061,30.287819802854518,41.45248928756687,37.71594456236846,30.5775034846336,38.17330441214092,38.68803853318085,70.64105413449255,65.01595329112612,59.3160822994768,62.72332487306209,61.962815898089055,65.76703627558007,60.04702409114664,56.332229259592765,59.46801089684005,34.72590073589437,37.574150361977985,36.9130926886246,37.23139300590849,33.1898676984814,32.051302381023696,24.20440927295422,20.13786729209189,26.665465856988757,-7.035213219357613,-2.3795953112593766,-2.494974377232293,-7.32875321137827,50.00884459925379,50.01274721697005,-7.1420411588275865,-2.244544561725393,-1.912866838068111,795.5997076801259,795.5997076801259,795.5997076801259,795.5997076801259,795.5997076801259,795.5997076801259,795.5997076801259,795.5997076801259,795.5997076801259,-112.9027267721999,-109.80081476166083,-122.28345882778095,-122.38976969515646,-125.55516734472711,-125.71517663454152,-123.7684095263715,-136.3173437376512,-145.75813330431413,-0.0,-0.0,-0.0,795.5997076801259,795.5997076801259,795.5997076801259,795.5997076801259,795.5997076801259,-0.0,-112.9027267721999,-122.28345882778095,-109.80081476166083,-122.38976969515646,-125.55516734472711,-125.71517663454152,-123.7684095263715,-136.3173437376512,-145.75813330431413,12.036480566469827,11.62319522287,7.944390455761159,6.540216383968267,14.937003707654188,15.046986299736542,6.279932469877841,3.0729049320962813,6.322051739920865,-0.0,-0.0,-0.0,-0.0,-0.0,-0.0,-0.0,-0.0,-0.0,0.3822709269781937,0.3818229012754814,0.38042476499563344,0.39843258912688745,0.40339182463743567,0.4080200041155048,0.3993450543121323,0.4015737019202924,0.40430507453526626,6.9015674269687635,6.6657250239185055,6.280674810895472,5.220309702339942,10.407728334872987,10.542653695366427,4.712148060615661,4.8636069446499555,7.806848024483513,3.1231903862631527,5.575573963178338,-4.696801661163056,-4.999790504830193,-6.09487557123879,-6.199879407891857,-6.095202492714328,-16.198355555064186,-22.905261742155652
155.0,155.0,32.148353957363064,41.40262079728755,37.783224024063706,30.294113022966204,41.45325197999564,37.725421392543275,30.607111192176582,38.177998555893524,38.691175648697545,70.6430962615733,65.03135755070959,59.31905198405361,62.71879094197739,61.95785242341131,65.75202593524429,60.05328035946226,56.35217732725595,59.471759849334994,34.72859259373381,37.58505090387655,36.91563612449995,37.23655025704353,33.20806976856092,32.07675934941548,24.239846864745395,20.17685999817367,26.683185847586095,-7.047525261353559,-2.396289035173458,-2.499345572294619,-7.329893005214234,50.0241650306597,50.02875190196952,-7.128091188527682,-2.2467048075588854,-1.9160440670493077,795.946249234547,795.946249234547,795.946249234547,795.946249234547,795.946249234547,795.946249234547,795.946249234547,795.946249234547,795.946249234547,-112.93816659479543,-109.83422639997877,-122.35287880379256,-122.46420803475469,-125.60693750814633,-125.76673066646995,-123.84602921210175,-136.4030299143825,-145.792337468738,-0.0,-0.0,-0.0,795.946249234547,795.946249234547,795.946249234547,795.946249234547,795.946249234547,-0.0,-112.93816659479543,-122.35287880379256,-109.83422639997877,-122.46420803475469,-125.60693750814633,-125.76673066646995,-123.84602921210175,-136.4030299143825,-145.792337468738,12.083420178368648,11.687021753570122,8.03584621446075,6.651077557994335,14.938070278877662,15.046997743440192,6.406176477854198,3.2382920021955184,6.452750955985377,-0.0,-0.0,-0.0,-0.0,-0.0,-0.0,-0.0,-0.0,-0.0,0.44530889097108284,0.44470503252572646,0.4430610630824487,0.46412881057668254,0.4696591657827425,0.4751846708490621,0.4643222230559264,0.4671357965883934,0.47003188744172886,6.924180942985942,6.685126380961428,6.328830328045018,5.26682591101173,10.459991329026419,10.593300524961172,4.768886139240944,4.917034746286802,7.852233610265465,3.142922897083043,5.601644186448131,-4.6960274859683775,-4.999790463093712,-6.094874052892504,-6.199879183059102,-6.095206794170376,-16.198348927437053,-22.871360513645644
155.0,155.0,32.14989867570154,41.402420608001165,37.78503926581116,30.294838161353837,41.452498863760916,37.71977013337833,30.603823197301793,38.17829160576123,38.699173365624404,70.64333926545626,65.03456885681737,59.337118310914384,62.72608884896504,61.95102351327877,65.75537054735227,60.054814304145324,56.36393565399908,59.489891996748575,34.72989305230217,37.58471441582343,36.91609302713666,37.235454199453784,33.18864305851931,32.05807008473607,24.240795946126134,20.176059083981883,26.708480376139985,-7.0334305963847985,-2.3698928284362806,-2.4978553573457933,-7.329020347562498,50.010721110279796,50.01230649301332,-7.129967285393686,-2.246280420049251,-1.9106314086084677,795.6895413875418,795.6895413875418,795.6895413875418,795.6895413875418,795.6895413875418,795.6895413875418,795.6895413875418,795.6895413875418,795.6895413875418,-112.92803603127723,-109.85114737230272,-122.31318482415745,-122.41063279960376,-125.56819999333227,-125.72854167192773,-123.80030193088305,-136.29457205991656,-145.77716937391594,-0.0,-0.0,-0.0,795.6895413875418,795.6895413875418,795.6895413875418,795.6895413875418,795.6895413875418,-0.0,-112.92803603127723,-122.31318482415745,-109.85114737230272,-122.41063279960376,-125.56819999333227,-125.72854167192773,-123.80030193088305,-136.29457205991656,-145.77716937391594,12.068047059416662,11.669039616799564,8.041808245399409,6.576539055229614,14.935403310824604,15.04699868449631,6.3697344028570875,2.897927175129924,6.315029318113348,-0.0,-0.0,-0.0,-0.0,-0.0,-0.0,-0.0,-0.0,-0.0,0.4413089379511765,0.44066648572029954,0.4390192324656048,0.45900846530814643,0.4659172284601855,0.470871619726156,0.4612386350745876,0.4641599797913955,0.4667981869606,6.995428829571753,6.750862112433326,6.397983978227757,5.317429370020903,10.509050904893732,10.637575594853157,4.824891908656108,4.969501519879352,7.911281682044527,3.1190386762083198,5.5526772748552995,-4.693934656476254,-4.999791111623485,-6.094875006305269,-6.199878416618848,-6.095194626579006,-16.198345879463364,-22.9107083268361
155.0,155.0,32.14598975184829,41.39915829123529,37.78137375202662,30.28555160378632,41.451467649841724,37.71429451508803,30.582454763501314,38.1682088197904,38.67860856919567,70.6437710332309,65.02198101666772,59.317520223232755,62.7232310580661,61.95600438930783,65.76257284060848,60.049272267064644,56.319108369020896,59.45749167857947,34.72710718356426,37.577150775364046,36.90991889800767,37.229317727165274,33.17254005704359,32.04503638834874,24.206132067315487,20.11559758076574,26.63141859699222,-7.03301395802053,-2.376651980754809,-2.4986718320196255,-7.333102766940443,50.01925700367128,50.02161048380617,-7.1422699700271535,-2.251294285498642,-1.9223848956456882,795.8964477073346,795.8964477073346,795.8964477073346,795.8964477073346,795.8964477073346,795.8964477073346,795.8964477073346,795.8964477073346,795.8964477073346,-112.98067792777319,-109.88445790137038,-122.37272108120604,-122.49233160474597,-125.59936069472984,-125.75932025044874,-123.86581797751386,-136.40603594381142,-145.833842564727,-0.0,-0.0,-0.0,795.8964477073346,795.8964477073346,795.8964477073346,795.8964477073346,795.8964477073346,-0.0,-112.98067792777319,-122.37272108120604,-109.88445790137038,-122.49233160474597,-125.59936069472984,-125.75932025044874,-123.86581797751386,-136.40603594381142,-145.833842564727,12.157541571702357,11.748869625185963,8.161193464113104,6.823191809852882,14.937265858579247,15.046988425858652,6.5379206710316495,3.288829639098249,6.55627160806285,-0.0,-0.0,-0.0,-0.0,-0.0,-0.0,-0.0,-0.0,-0.0,0.42170556429130407,0.420961040531547,0.4194654980493265,0.4349242488919013,0.4458236502091668,0.4497212010639343,0.44258989666844567,0.4453598001225166,0.4477573280958461,7.080852880094717,6.826111192746849,6.475373170188896,5.382111330798966,10.581056982202776,10.702042587309178,4.9007339570652295,5.038708415663559,7.985296689700571,3.1164486107332148,5.56428969737289,-4.697078139894506,-4.999790810650349,-6.094872364016465,-6.199879218393623,-6.095206592140137,-16.1983347522848,-22.89242380011413
155.0,155.0,32.15001456452535,41.401321923953105,37.780796073495324,30.290638257107965,41.45177501878111,37.72116600124584,30.589734220783946,38.16400924234799,38.6739628909125,70.64494924917567,65.03401278134565,59.31898034881888,62.72153495289493,61.94459473011914,65.74415828177887,60.04654724464667,56.299698152903964,59.45786801215122,34.72609526538655,37.58521608355804,36.90677402723295,37.234532533411986,33.174036517889554,32.060509151928336,24.201870271986298,20.094151339974008,26.624738076958852,-7.038145355175653,-2.386897518638486,-2.499601254749921,-7.330000095504337,50.042642218867215,50.044919117909465,-7.1383880424038555,-2.2547924910192374,-1.9261800127810862,796.3568173048373,796.3568173048373,796.3568173048373,796.3568173048373,796.3568173048373,796.3568173048373,796.3568173048373,796.3568173048373,796.3568173048373,-113.04937232296236,-109.94906126205987,-122.46718736155577,-122.59822627163543,-125.66808645982054,-125.82780637953816,-123.96535209234546,-136.49921549915211,-145.89577626374492,-0.0,-0.0,-0.0,796.3568173048373,796.3568173048373,796.3568173048373,796.3568173048373,796.3568173048373,-0.0,-113.04937232296236,-122.46718736155577,-109.94906126205987,-122.59822627163543,-125.66808645982054,-125.82780637953816,-123.96535209234546,-136.49921549915211,-145.89577626374492,12.243390022499224,11.850654836756718,8.290262401760154,7.004400246247308,14.938438763200605,15.046995954801453,6.688294426677972,3.4085321129943567,6.787784755252766,-0.0,-0.0,-0.0,-0.0,-0.0,-0.0,-0.0,-0.0,-0.0,0.4287673067791479,0.42790957985870814,0.42650513277728846,0.43716320725703417,0.4545123751376291,0.45663896751700567,0.4528504975785284,0.4553499345926676,0.45786465394843745,7.131135200390104,6.873682342974174,6.558157712814794,5.4577421769324514,10.669980256452837,10.786483189624613,5.0033641294062745,5.1342757862399555,8.062191595907874,3.129842129674999,5.585013615018861,-4.696570213529083,-4.999791132193246,-6.094871186101082,-6.199878764532134,-6.0952107595926694,-16.198321551480284,-22.850862861788436
155.0,155.0,32.14962654715374,41.40030383027644,37.78018739427402,30.284559357245367,41.450292713067796,37.712881625114576,30.584375870175325,38.15825863269827,38.685183011287045,70.64843851394059,65.04057232471212,59.33627413049207,62.725848731338395,61.937745203162116,65.74672587912616,60.05059575948114,56.281674284191894,59.49721897531864,34.72323973035199,37.58458217768579,36.89904159222042,37.22872934461317,33.142744726946844,32.03006808324857,24.18768188218464,20.046912710549968,26.67832612490199,-7.029314549544499,-2.365969170497161,-2.5101314871821994,-7.343772025451925,50.04006279860437,50.03762214487152,-7.1531234599875235,-2.2697944366622322,-1.9302867568079276,796.2270201120081,796.2270201120081,796.2270201120081,796.2270201120081,796.2270201120081,796.2270201120081,796.2270201120081,796.2270201120081,796.2270201120081,-113.0853813266706,-110.00926059922634,-122.45865203945655,-122.60221667275076,-125.6485098010428,-125.80849744832479,-123.97204405926695,-136.44734310577232,-145.98292906905488,-0.0,-0.0,-0.0,796.2270201120081,796.2270201120081,796.2270201120081,796.2270201120081,796.2270201120081,-0.0,-113.0853813266706,-122.45865203945655,-110.00926059922634,-122.60221667275076,-125.6485098010428,-125.80849744832479,-123.97204405926695,-136.44734310577232,-145.98292906905488,12.28323888524054,11.890619954483405,8.350319300131206,7.1172539187376325,14.937128667192576,15.047005846835818,6.8142960049745485,3.2509015775108927,6.952441521438422,-0.0,-0.0,-0.0,-0.0,-0.0,-0.0,-0.0,-0.0,-0.0,0.5575958530541361,0.5563483805039477,0.5546441568840738,0.5616944728895891,0.594744465557369,0.5921140319248378,0.5954324741219652,0.5981038697841916,0.6012164851284102,7.237416194007638,6.971725697750713,6.678992302560731,5.558656294510826,10.787320635376883,10.883001229796834,5.142953337107118,5.2684256716897355,8.161613509393192,3.0938289050329497,5.525693964840278,-4.69532763682977,-4.999792226107582,-6.094873171618719,-6.19987709931501,-6.095202127750638,-16.198304731234394,-22.906284125097766
155.0,155.0,32.1488426110626,41.39645320799105,37.773451957636546,30.28890413441197,41.44853996175359,37.70697003338455,30.54686970512006,38.149308341674114,38.66350257897777,70.65505423925241,65.02565729830587,59.31561436010005,62.71608240885215,61.944979644970886,65.75329977293863,60.03792070888849,56.26531628033429,59.46795333314017,34.71901576076928,37.575898677105165,36.88485675832535,37.23321623985774,33.12355764807396,32.0124138546645,24.12179201839579,20.00375506436517,26.60605309147403,-7.04248040871194,-2.387842930403963,-2.532454255975016,-7.358824313516435,50.04063180832554,50.035815202196325,-7.19705894547679,-2.2953633303860848,-1.9641535596493271,796.2920269151334,796.2920269151334,796.2920269151334,796.2920269151334,796.2920269151334,796.2920269151334,796.2920269151334,796.2920269151334,796.2920269151334,-113.13841681255835,-110.04522552183258,-122.50508678175925,-122.71204610433092,-125.65830347726401,-125.81816156453462,-124.04289148736642,-136.59426056608658,-146.10682234991617,-0.0,-0.0,-0.0,796.2920269151334,796.2920269151334,796.2920269151334,796.2920269151334,796.2920269151334,-0.0,-113.13841681255835,-122.50508678175925,-110.04522552183258,-122.71204610433092,-125.65830347726401,-125.81816156453462,-124.04289148736642,-136.59426056608658,-146.10682234991617,12.42901206984791,12.032662961734687,8.504387212643543,7.602416200671787,14.937734532852984,15.04698178702938,7.110559552392044,3.9159584825399176,7.356337305132988,-0.0,-0.0,-0.0,-0.0,-0.0,-0.0,-0.0,-0.0,-0.0,0.7862743592051628,0.7843869931699778,0.7819053262672581,0.7873617159690891,0.8406530829314852,0.8299238437168189,0.8450932678468055,0.8483443445369391,0.8525905048305243,7.369166856826046,7.092839225339507,6.854815420699194,5.744502135151718,10.990514415435538,11.059398932241916,5.302210367089442,5.413721494332152,8.26059734369501,3.083679678752108,5.52821571686432,-4.699119374485031,-4.999792945993544,-6.094871722438427,-6.199876019680385,-6.095214072044819,-16.198267348942252,-22.92987035634539
155.0,155.0,32.164943146126646,41.4004007513531,37.77332679654979,30.326773131627604,41.44913758776287,37.725036781031136,30.576592851655764,38.15049416146846,38.66406348019366,70.6800715158073,65.04386115230808,59.33110677358047,62.69782455723524,61.94824557412988,65.73305991334624,60.0443184468474,56.2466749636276,59.46023610616252,34.72621110078905,37.58814701163427,36.87982403656942,37.257367146991896,33.14961295418471,32.05849279787306,24.1554793231673,20.008639366648307,26.60256191285504,-7.130250691335821,-2.483743481217793,-2.6206830898694635,-7.423368807115867,50.01860435089043,50.0088846783731,-7.273500826591498,-2.3907963628213085,-2.0603774233193,796.229130595178,796.229130595178,796.229130595178,796.229130595178,796.229130595178,796.229130595178,796.229130595178,796.229130595178,796.229130595178,-113.13992268981666,-110.0501385054083,-122.5484479324386,-122.81357289827127,-125.64819983731866,-125.80879562417084,-124.0962875400141,-136.708940033501,-146.18905298025973,-0.0,-0.0,-0.0,796.229130595178,796.229130595178,796.229130595178,796.229130595178,796.229130595178,-0.0,-113.13992268981666,-122.5484479324386,-110.0501385054083,-122.81357289827127,-125.64819983731866,-125.80879562417084,-124.0962875400141,-136.708940033501,-146.18905298025973,12.59691645186112,12.211360585192985,8.75873680788188,8.139524479194954,14.934177972192183,15.046959478197909,7.414509999074264,4.517029133595309,7.832348834452043,-0.0,-0.0,-0.0,-0.0,-0.0,-0.0,-0.0,-0.0,-0.0,1.9037677735947711,1.9013358629222006,1.8960775952170414,1.9118201702396342,2.0436618919052494,1.9950334175113549,2.053543634240428,2.064260479811052,2.073409505495978,7.519748276390504,7.24155556366129,7.160066386387975,6.025788767443334,11.216867073887219,11.309671550525048,5.477021856753536,5.571604757832629,8.36937797328796,3.1018809130169616,5.547047140118079,-4.699279348229188,-4.999794082949599,-6.094861873338245,-6.199872350294061,-6.095217416990744,-16.19822882356917,-22.924760485638096
155.0,155.0,32.15636270650798,41.398692457340545,37.76737977740608,30.318481497006196,41.44857882268444,37.72515108149104,30.595971648009264,38.15532748661008,38.679323352997876,70.69082262150974,65.04556356496954,59.335361653946265,62.702145666645876,61.95265173042584,65.73586782322707,60.056780444867506,56.26804614418771,59.491040927196366,34.71521281982451,37.58197389371091,36.857402004188636,37.24863180801958,33.146258426990215,32.050606630327295,24.188178344823253,20.037020905322542,26.659729866676216,-7.155031790389385,-2.4856721304249816,-2.6631388140069343,-7.454711726873709,49.992412461929064,49.9761665526247,-7.289694280939143,-2.416496716990624,-2.079373034359652,795.9233354509854,795.9233354509854,795.9233354509854,795.9233354509854,795.9233354509854,795.9233354509854,795.9233354509854,795.9233354509854,795.9233354509854,-113.17231313819771,-110.12470420043154,-122.5382615671449,-122.80829239283379,-125.60217994384374,-125.76329660852304,-124.09576891284878,-136.7131497589803,-146.34583630295904,-0.0,-0.0,-0.0,795.9233354509854,795.9233354509854,795.9233354509854,795.9233354509854,795.9233354509854,-0.0,-113.17231313819771,-122.5382615671449,-110.12470420043154,-122.80829239283379,-125.60217994384374,-125.76329660852304,-124.09576891284878,-136.7131497589803,-146.34583630295904,12.747102675061948,12.383115029783676,8.946482579674864,8.334299877644886,14.931654926215321,15.046934611666487,7.632464895172263,4.757924781728612,8.181556323505728,-0.0,-0.0,-0.0,-0.0,-0.0,-0.0,-0.0,-0.0,-0.0,2.3895621158868123,2.3881834309716705,2.3842402962854923,2.2404110392780394,2.404293022217667,2.3411025806388346,2.4161616024659573,2.4284984946668673,2.437877035786955,7.765677381740031,7.508016652056695,7.4611370571910705,6.195059294519587,11.363902799721469,11.478466904041653,5.620252460171866,5.71374905702973,8.483445166967151,3.0660322396486093,5.476621418965307,-4.6966374703380005,-4.999794157655686,-6.0948553311419476,-6.199869745069531,-6.095199635107807,-16.198205238794895,-23.024318042488545
155.0,155.0,32.13240364117984,41.39051588497174,37.756447237712244,30.289149750870173,41.44716964325498,37.70958538558402,30.575176334575882,38.14937064225682,38.65971154177566,70.68291032986036,65.0116105206373,59.28960318073615,62.68805843325279,61.948432023391234,65.72851534274817,60.049510561977826,56.24615730010889,59.4530268938295,34.698693441412,37.557004799001724,36.831971858645225,37.225480578502925,33.116714923915275,32.01678489027147,24.157808586107553,20.004701573698103,26.58384942106066,-7.1286518683146705,-2.4576474413240392,-2.621948654839504,-7.42624462370941,49.96888607312275,49.95160806108373,-7.251780261057034,-2.3687137393411786,-2.040207956531494,795.6987762559077,795.6987762559077,795.6987762559077,795.6987762559077,795.6987762559077,795.6987762559077,795.6987762559077,795.6987762559077,795.6987762559077,-113.16738594829775,-110.09347226940761,-122.55784505988761,-122.84220128907084,-125.56906019537432,-125.72989160945065,-124.14488010312174,-136.8346950794801,-146.53151681672117,-0.0,-0.0,-0.0,795.6987762559077,795.6987762559077,795.6987762559077,795.6987762559077,795.6987762559077,-0.0,-113.16738594829775,-122.55784505988761,-110.09347226940761,-122.84220128907084,-125.56906019537432,-125.72989160945065,-124.14488010312174,-136.8346950794801,-146.53151681672117,12.96301167494625,12.557157260995908,9.194179414493002,8.660377265795372,14.933041358886287,15.04693024757099,8.03214302538935,5.5086228450643,8.68488751453134,-0.0,-0.0,-0.0,-0.0,-0.0,-0.0,-0.0,-0.0,-0.0,1.777602767511002,1.7772329910396316,1.774506330950431,1.6415408156959683,1.7592719374621886,1.719604350191631,1.7674560860148902,1.7759845224599637,1.7830039271813425,7.937954779074671,7.680351375890447,7.6361391630931665,6.3732554057034205,11.508163478133072,11.63772942141149,5.772539631693699,5.873111670941674,8.597660843939904,3.078340342747293,5.504722089187248,-4.698055408091346,-4.999792977802411,-6.09485513643989,-6.199870979398235,-6.095204566321793,-16.198186297338967,-23.112400313597643
155.0,155.0,32.131473680237455,41.390366182030675,37.75436181927738,30.28832067207174,41.447650460234854,37.70882129103854,30.589496870248233,38.150911605944614,38.65978020404291,70.67499416587098,65.01391493935014,59.283185214631565,62.67641182233308,61.939679832230674,65.6995102881782,60.04875636743851,56.25502354818862,59.454446022082415,34.69428282276593,37.55742662749502,36.82715070676965,37.22548381242975,33.123424919351706,32.01800219780173,24.169136330363443,20.020923501778192,26.591924093300857,-7.105648094360131,-2.450466987878912,-2.5876418670019126,-7.393380750565426,49.95894087826485,49.93819843700242,-7.2064877686972695,-2.3314864475013946,-2.003825981746357,795.7535433188658,795.7535433188658,795.7535433188658,795.7535433188658,795.7535433188658,795.7535433188658,795.7535433188658,795.7535433188658,795.7535433188658,-113.19850232019515,-110.08496428279223,-122.643224402283,-122.93624116843996,-125.57711630222188,-125.73803359180921,-124.25017800834212,-137.00639798188905,-146.85051485380768,-0.0,-0.0,-0.0,795.7535433188658,795.7535433188658,795.7535433188658,795.7535433188658,795.7535433188658,-0.0,-113.19850232019515,-122.643224402283,-110.08496428279223,-122.93624116843996,-125.57711630222188,-125.73803359180921,-124.25017800834212,-137.00639798188905,-146.85051485380768,13.217640773625865,12.785547967952947,9.578292189729279,9.07643670793533,14.932630146784744,15.04691054547117,8.502752402407744,6.300965733854682,9.404908780150745,-0.0,-0.0,-0.0,-0.0,-0.0,-0.0,-0.0,-0.0,-0.0,1.3261512924947048,1.3259568630546468,1.3238802861893835,1.2193920002319274,1.3060608511239697,1.2810873470033601,1.311681100453295,1.3179988400922598,1.3237036629023922,8.065762957146,7.794619750539115,7.810071924433981,6.577395117436536,11.670060548941871,11.829005041509621,5.976173367334947,6.088262532958667,8.705515392914142,3.10097477891117,5.557837405710915,-4.69647620594094,-4.99979329285765,-6.094850379897584,-6.199870085855867,-6.095202292157124,-16.198173015038446,-23.236449384990873
155.0,155.0,32.119205762837076,41.38655231953796,37.754255692827634,30.276215680874746,41.445967552522895,37.689292671507616,30.56285856105769,38.15121524555715,38.669081620922455,70.6696370566993,64.99455282948864,59.288627387791784,62.689322835536565,61.927251585148795,65.68793820810596,60.04767227496647,56.25716046587992,59.47314902887515,34.68909611687057,37.54598917903311,36.825334771823414,37.21744487153912,33.07983530776941,31.966500215494417,24.1416217642397,20.01371577683559,26.62360821563782,-7.053635179928934,-2.3706060629714854,-2.5753925192076066,-7.3895976775225485,49.9303179533964,49.90296650990454,-7.211313976883142,-2.318842017697929,-1.9853289798159435,795.4686093125491,795.4686093125491,795.4686093125491,795.4686093125491,795.4686093125491,795.4686093125491,795.4686093125491,795.4686093125491,795.4686093125491,-113.34764802752912,-110.26648165556475,-122.71838872597321,-123.0059570536675,-125.53475235341182,-125.69564621329297,-124.34299617092847,-137.2117876499739,-147.54227968998998,-0.0,-0.0,-0.0,795.4686093125491,795.4686093125491,795.4686093125491,795.4686093125491,795.4686093125491,-0.0,-113.34764802752912,-122.71838872597321,-110.26648165556475,-123.0059570536675,-125.53475235341182,-125.69564621329297,-124.34299617092847,-137.2117876499739,-147.54227968998998,13.582196781911206,13.109010570611305,10.167322836310671,9.619451361804884,14.932790687061253,15.04691080001734,9.157795030288503,7.5012657208705,10.721585955238574,-0.0,-0.0,-0.0,-0.0,-0.0,-0.0,-0.0,-0.0,-0.0,1.1702346001601605,1.170269709863252,1.1681863991157304,1.0729196352832349,1.1504111014788643,1.1297476894669343,1.155582136190242,1.160650783289791,1.165711948034147,8.22870118108387,7.9476899445244085,8.025835835979644,6.8492899549102715,11.857005219290066,12.040132039233884,6.252880610874953,6.3910885719448585,8.854801588531817,3.0120545762096214,5.4270333608494035,-4.693379456913869,-4.999794716713742,-6.094842774389369,-6.199869867894015,-6.095184574109217,-16.198160915581195,-23.590020870063416
