commodity,zone,resource_id,component_id,resource_type,component_type,variable,value
Biomass_Herb,CA,CA_Bio_Electricity_CCS_93_Herb,CA_Bio_Electricity_CCS_93_Herb_biomass_edge,BECCSElectricity,UnidirectionalEdge{MacroEnergy.Biomass_Herb},capacity,0.014196520033642406
Biomass_Herb,NW,NW_Bio_Electricity_CCS_93_Herb,NW_Bio_Electricity_CCS_93_Herb_biomass_edge,BECCSElectricity,UnidirectionalEdge{MacroEnergy.Biomass_Herb},capacity,0.11147095707884168
Biomass_Herb,SW,SW_Bio_Electricity_CCS_93_Herb,SW_Bio_Electricity_CCS_93_Herb_biomass_edge,BECCSElectricity,UnidirectionalEdge{MacroEnergy.Biomass_Herb},capacity,0.19105957301016346
Biomass_Herb,TX,TX_Bio_Electricity_CCS_93_Herb,TX_Bio_Electricity_CCS_93_Herb_biomass_edge,BECCSElectricity,UnidirectionalEdge{MacroEnergy.Biomass_Herb},capacity,0.2881135304046936
Biomass_Herb,NCEN,NCEN_Bio_Electricity_CCS_93_Herb,NCEN_Bio_Electricity_CCS_93_Herb_biomass_edge,BECCSElectricity,UnidirectionalEdge{MacroEnergy.Biomass_Herb},capacity,0.22945097759081834
Biomass_Herb,CEN,CEN_Bio_Electricity_CCS_93_Herb,CEN_Bio_Electricity_CCS_93_Herb_biomass_edge,BECCSElectricity,UnidirectionalEdge{MacroEnergy.Biomass_Herb},capacity,0.2597803708760136
Biomass_Herb,SE,SE_Bio_Electricity_CCS_93_Herb,SE_Bio_Electricity_CCS_93_Herb_biomass_edge,BECCSElectricity,UnidirectionalEdge{MacroEnergy.Biomass_Herb},capacity,0.24750805811949392
Biomass_Herb,MIDAT,MIDAT_Bio_Electricity_CCS_93_Herb,MIDAT_Bio_Electricity_CCS_93_Herb_biomass_edge,BECCSElectricity,UnidirectionalEdge{MacroEnergy.Biomass_Herb},capacity,0.1514687532405378
Biomass_Herb,NE,NE_Bio_Electricity_CCS_93_Herb,NE_Bio_Electricity_CCS_93_Herb_biomass_edge,BECCSElectricity,UnidirectionalEdge{MacroEnergy.Biomass_Herb},capacity,0.10626007801783352
Biomass_Wood,CA,CA_Bio_Electricity_CCS_93_Wood,CA_Bio_Electricity_CCS_93_Wood_biomass_edge,BECCSElectricity,UnidirectionalEdge{MacroEnergy.Biomass_Wood},capacity,0.12371977339745381
Biomass_Wood,NW,NW_Bio_Electricity_CCS_93_Wood,NW_Bio_Electricity_CCS_93_Wood_biomass_edge,BECCSElectricity,UnidirectionalEdge{MacroEnergy.Biomass_Wood},capacity,0.11601921998595623
Biomass_Wood,SW,SW_Bio_Electricity_CCS_93_Wood,SW_Bio_Electricity_CCS_93_Wood_biomass_edge,BECCSElectricity,UnidirectionalEdge{MacroEnergy.Biomass_Wood},capacity,0.14122338865978354
Biomass_Wood,TX,TX_Bio_Electricity_CCS_93_Wood,TX_Bio_Electricity_CCS_93_Wood_biomass_edge,BECCSElectricity,UnidirectionalEdge{MacroEnergy.Biomass_Wood},capacity,0.14479625283431005
Biomass_Wood,NCEN,NCEN_Bio_Electricity_CCS_93_Wood,NCEN_Bio_Electricity_CCS_93_Wood_biomass_edge,BECCSElectricity,UnidirectionalEdge{MacroEnergy.Biomass_Wood},capacity,0.16602380297270342
Biomass_Wood,CEN,CEN_Bio_Electricity_CCS_93_Wood,CEN_Bio_Electricity_CCS_93_Wood_biomass_edge,BECCSElectricity,UnidirectionalEdge{MacroEnergy.Biomass_Wood},capacity,0.17614419973482756
Biomass_Wood,SE,SE_Bio_Electricity_CCS_93_Wood,SE_Bio_Electricity_CCS_93_Wood_biomass_edge,BECCSElectricity,UnidirectionalEdge{MacroEnergy.Biomass_Wood},capacity,0.18274021889275188
Biomass_Wood,MIDAT,MIDAT_Bio_Electricity_CCS_93_Wood,MIDAT_Bio_Electricity_CCS_93_Wood_biomass_edge,BECCSElectricity,UnidirectionalEdge{MacroEnergy.Biomass_Wood},capacity,0.15901311125227618
Biomass_Wood,NE,NE_Bio_Electricity_CCS_93_Wood,NE_Bio_Electricity_CCS_93_Wood_biomass_edge,BECCSElectricity,UnidirectionalEdge{MacroEnergy.Biomass_Wood},capacity,0.11859553117840435
Biomass_Agri,CA,CA_Bio_Electricity_CCS_93_Agri,CA_Bio_Electricity_CCS_93_Agri_biomass_edge,BECCSElectricity,UnidirectionalEdge{MacroEnergy.Biomass_Agri},capacity,0.1448314674553857
Biomass_Agri,NW,NW_Bio_Electricity_CCS_93_Agri,NW_Bio_Electricity_CCS_93_Agri_biomass_edge,BECCSElectricity,UnidirectionalEdge{MacroEnergy.Biomass_Agri},capacity,0.16068237467666696
Biomass_Agri,SW,SW_Bio_Electricity_CCS_93_Agri,SW_Bio_Electricity_CCS_93_Agri_biomass_edge,BECCSElectricity,UnidirectionalEdge{MacroEnergy.Biomass_Agri},capacity,0.15318437365021562
Biomass_Agri,TX,TX_Bio_Electricity_CCS_93_Agri,TX_Bio_Electricity_CCS_93_Agri_biomass_edge,BECCSElectricity,UnidirectionalEdge{MacroEnergy.Biomass_Agri},capacity,0.1606706330309225
Biomass_Agri,NCEN,NCEN_Bio_Electricity_CCS_93_Agri,NCEN_Bio_Electricity_CCS_93_Agri_biomass_edge,BECCSElectricity,UnidirectionalEdge{MacroEnergy.Biomass_Agri},capacity,0.2916825887921235
Biomass_Agri,CEN,CEN_Bio_Electricity_CCS_93_Agri,CEN_Bio_Electricity_CCS_93_Agri_biomass_edge,BECCSElectricity,UnidirectionalEdge{MacroEnergy.Biomass_Agri},capacity,0.24767146818303987
Biomass_Agri,SE,SE_Bio_Electricity_CCS_93_Agri,SE_Bio_Electricity_CCS_93_Agri_biomass_edge,BECCSElectricity,UnidirectionalEdge{MacroEnergy.Biomass_Agri},capacity,0.14624419944386294
Biomass_Agri,MIDAT,MIDAT_Bio_Electricity_CCS_93_Agri,MIDAT_Bio_Electricity_CCS_93_Agri_biomass_edge,BECCSElectricity,UnidirectionalEdge{MacroEnergy.Biomass_Agri},capacity,0.13425347591327086
Biomass_Agri,NE,NE_Bio_Electricity_CCS_93_Agri,NE_Bio_Electricity_CCS_93_Agri_biomass_edge,BECCSElectricity,UnidirectionalEdge{MacroEnergy.Biomass_Agri},capacity,0.1070129365730708
Biomass_Herb,CA,CA_Bio_H2_Herb,CA_Bio_H2_Herb_biomass_edge,BECCSHydrogen{NaturalGas},UnidirectionalEdge{MacroEnergy.Biomass_Herb},capacity,0.006657356076502837
Biomass_Herb,NW,NW_Bio_H2_Herb,NW_Bio_H2_Herb_biomass_edge,BECCSHydrogen{NaturalGas},UnidirectionalEdge{MacroEnergy.Biomass_Herb},capacity,0.044822623315784
Biomass_Herb,SW,SW_Bio_H2_Herb,SW_Bio_H2_Herb_biomass_edge,BECCSHydrogen{NaturalGas},UnidirectionalEdge{MacroEnergy.Biomass_Herb},capacity,0.060738587225471104
Biomass_Herb,TX,TX_Bio_H2_Herb,TX_Bio_H2_Herb_biomass_edge,BECCSHydrogen{NaturalGas},UnidirectionalEdge{MacroEnergy.Biomass_Herb},capacity,0.07414976367065444
Biomass_Herb,NCEN,NCEN_Bio_H2_Herb,NCEN_Bio_H2_Herb_biomass_edge,BECCSHydrogen{NaturalGas},UnidirectionalEdge{MacroEnergy.Biomass_Herb},capacity,0.07432388310489711
Biomass_Herb,CEN,CEN_Bio_H2_Herb,CEN_Bio_H2_Herb_biomass_edge,BECCSHydrogen{NaturalGas},UnidirectionalEdge{MacroEnergy.Biomass_Herb},capacity,0.0730075374826279
Biomass_Herb,SE,SE_Bio_H2_Herb,SE_Bio_H2_Herb_biomass_edge,BECCSHydrogen{NaturalGas},UnidirectionalEdge{MacroEnergy.Biomass_Herb},capacity,0.08172502271754466
Biomass_Herb,MIDAT,MIDAT_Bio_H2_Herb,MIDAT_Bio_H2_Herb_biomass_edge,BECCSHydrogen{NaturalGas},UnidirectionalEdge{MacroEnergy.Biomass_Herb},capacity,0.07213535663171465
Biomass_Herb,NE,NE_Bio_H2_Herb,NE_Bio_H2_Herb_biomass_edge,BECCSHydrogen{NaturalGas},UnidirectionalEdge{MacroEnergy.Biomass_Herb},capacity,0.07090574791964548
Biomass_Wood,CA,CA_Bio_H2_Wood,CA_Bio_H2_Wood_biomass_edge,BECCSHydrogen{NaturalGas},UnidirectionalEdge{MacroEnergy.Biomass_Wood},capacity,0.05556876866346019
Biomass_Wood,NW,NW_Bio_H2_Wood,NW_Bio_H2_Wood_biomass_edge,BECCSHydrogen{NaturalGas},UnidirectionalEdge{MacroEnergy.Biomass_Wood},capacity,0.04045650376253011
Biomass_Wood,SW,SW_Bio_H2_Wood,SW_Bio_H2_Wood_biomass_edge,BECCSHydrogen{NaturalGas},UnidirectionalEdge{MacroEnergy.Biomass_Wood},capacity,0.05268810334594256
Biomass_Wood,TX,TX_Bio_H2_Wood,TX_Bio_H2_Wood_biomass_edge,BECCSHydrogen{NaturalGas},UnidirectionalEdge{MacroEnergy.Biomass_Wood},capacity,0.05211888041622524
Biomass_Wood,NCEN,NCEN_Bio_H2_Wood,NCEN_Bio_H2_Wood_biomass_edge,BECCSHydrogen{NaturalGas},UnidirectionalEdge{MacroEnergy.Biomass_Wood},capacity,0.06416716738916269
Biomass_Wood,CEN,CEN_Bio_H2_Wood,CEN_Bio_H2_Wood_biomass_edge,BECCSHydrogen{NaturalGas},UnidirectionalEdge{MacroEnergy.Biomass_Wood},capacity,0.05768830937204975
Biomass_Wood,SE,SE_Bio_H2_Wood,SE_Bio_H2_Wood_biomass_edge,BECCSHydrogen{NaturalGas},UnidirectionalEdge{MacroEnergy.Biomass_Wood},capacity,0.07185282001622767
Biomass_Wood,MIDAT,MIDAT_Bio_H2_Wood,MIDAT_Bio_H2_Wood_biomass_edge,BECCSHydrogen{NaturalGas},UnidirectionalEdge{MacroEnergy.Biomass_Wood},capacity,0.07137095814116629
Biomass_Wood,NE,NE_Bio_H2_Wood,NE_Bio_H2_Wood_biomass_edge,BECCSHydrogen{NaturalGas},UnidirectionalEdge{MacroEnergy.Biomass_Wood},capacity,0.06522158339290826
Biomass_Agri,CA,CA_Bio_H2_Agri,CA_Bio_H2_Agri_biomass_edge,BECCSHydrogen{NaturalGas},UnidirectionalEdge{MacroEnergy.Biomass_Agri},capacity,0.05651391617067165
Biomass_Agri,NW,NW_Bio_H2_Agri,NW_Bio_H2_Agri_biomass_edge,BECCSHydrogen{NaturalGas},UnidirectionalEdge{MacroEnergy.Biomass_Agri},capacity,0.05004762746119684
Biomass_Agri,SW,SW_Bio_H2_Agri,SW_Bio_H2_Agri_biomass_edge,BECCSHydrogen{NaturalGas},UnidirectionalEdge{MacroEnergy.Biomass_Agri},capacity,0.059274714838716026
Biomass_Agri,TX,TX_Bio_H2_Agri,TX_Bio_H2_Agri_biomass_edge,BECCSHydrogen{NaturalGas},UnidirectionalEdge{MacroEnergy.Biomass_Agri},capacity,0.06735009454598376
Biomass_Agri,NCEN,NCEN_Bio_H2_Agri,NCEN_Bio_H2_Agri_biomass_edge,BECCSHydrogen{NaturalGas},UnidirectionalEdge{MacroEnergy.Biomass_Agri},capacity,0.08327054368638452
Biomass_Agri,CEN,CEN_Bio_H2_Agri,CEN_Bio_H2_Agri_biomass_edge,BECCSHydrogen{NaturalGas},UnidirectionalEdge{MacroEnergy.Biomass_Agri},capacity,0.06912926523878314
Biomass_Agri,SE,SE_Bio_H2_Agri,SE_Bio_H2_Agri_biomass_edge,BECCSHydrogen{NaturalGas},UnidirectionalEdge{MacroEnergy.Biomass_Agri},capacity,0.07154852750868168
Biomass_Agri,MIDAT,MIDAT_Bio_H2_Agri,MIDAT_Bio_H2_Agri_biomass_edge,BECCSHydrogen{NaturalGas},UnidirectionalEdge{MacroEnergy.Biomass_Agri},capacity,0.07372586960623839
Biomass_Agri,NE,NE_Bio_H2_Agri,NE_Bio_H2_Agri_biomass_edge,BECCSHydrogen{NaturalGas},UnidirectionalEdge{MacroEnergy.Biomass_Agri},capacity,0.07450043929968579
Biomass_Herb,CA,CA_Bio_H2_CCS_99_Herb,CA_Bio_H2_CCS_99_Herb_biomass_edge,BECCSHydrogen{NaturalGas},UnidirectionalEdge{MacroEnergy.Biomass_Herb},capacity,0.0091805282699846
Biomass_Herb,NW,NW_Bio_H2_CCS_99_Herb,NW_Bio_H2_CCS_99_Herb_biomass_edge,BECCSHydrogen{NaturalGas},UnidirectionalEdge{MacroEnergy.Biomass_Herb},capacity,0.048231515282374654
Biomass_Herb,SW,SW_Bio_H2_CCS_99_Herb,SW_Bio_H2_CCS_99_Herb_biomass_edge,BECCSHydrogen{NaturalGas},UnidirectionalEdge{MacroEnergy.Biomass_Herb},capacity,0.06445418952819017
Biomass_Herb,TX,TX_Bio_H2_CCS_99_Herb,TX_Bio_H2_CCS_99_Herb_biomass_edge,BECCSHydrogen{NaturalGas},UnidirectionalEdge{MacroEnergy.Biomass_Herb},capacity,0.10149762411693791
Biomass_Herb,NCEN,NCEN_Bio_H2_CCS_99_Herb,NCEN_Bio_H2_CCS_99_Herb_biomass_edge,BECCSHydrogen{NaturalGas},UnidirectionalEdge{MacroEnergy.Biomass_Herb},capacity,0.08015670042040725
Biomass_Herb,CEN,CEN_Bio_H2_CCS_99_Herb,CEN_Bio_H2_CCS_99_Herb_biomass_edge,BECCSHydrogen{NaturalGas},UnidirectionalEdge{MacroEnergy.Biomass_Herb},capacity,0.09990957629324532
Biomass_Herb,SE,SE_Bio_H2_CCS_99_Herb,SE_Bio_H2_CCS_99_Herb_biomass_edge,BECCSHydrogen{NaturalGas},UnidirectionalEdge{MacroEnergy.Biomass_Herb},capacity,0.08811642911241219
Biomass_Herb,MIDAT,MIDAT_Bio_H2_CCS_99_Herb,MIDAT_Bio_H2_CCS_99_Herb_biomass_edge,BECCSHydrogen{NaturalGas},UnidirectionalEdge{MacroEnergy.Biomass_Herb},capacity,0.05122449069221624
Biomass_Herb,NE,NE_Bio_H2_CCS_99_Herb,NE_Bio_H2_CCS_99_Herb_biomass_edge,BECCSHydrogen{NaturalGas},UnidirectionalEdge{MacroEnergy.Biomass_Herb},capacity,0.0454687975771176
Biomass_Wood,CA,CA_Bio_H2_CCS_99_Wood,CA_Bio_H2_CCS_99_Wood_biomass_edge,BECCSHydrogen{NaturalGas},UnidirectionalEdge{MacroEnergy.Biomass_Wood},capacity,0.05483340045914858
Biomass_Wood,NW,NW_Bio_H2_CCS_99_Wood,NW_Bio_H2_CCS_99_Wood_biomass_edge,BECCSHydrogen{NaturalGas},UnidirectionalEdge{MacroEnergy.Biomass_Wood},capacity,0.04443389042491696
Biomass_Wood,SW,SW_Bio_H2_CCS_99_Wood,SW_Bio_H2_CCS_99_Wood_biomass_edge,BECCSHydrogen{NaturalGas},UnidirectionalEdge{MacroEnergy.Biomass_Wood},capacity,0.05293607588640222
Biomass_Wood,TX,TX_Bio_H2_CCS_99_Wood,TX_Bio_H2_CCS_99_Wood_biomass_edge,BECCSHydrogen{NaturalGas},UnidirectionalEdge{MacroEnergy.Biomass_Wood},capacity,0.05177893977682676
Biomass_Wood,NCEN,NCEN_Bio_H2_CCS_99_Wood,NCEN_Bio_H2_CCS_99_Wood_biomass_edge,BECCSHydrogen{NaturalGas},UnidirectionalEdge{MacroEnergy.Biomass_Wood},capacity,0.056984465306171316
Biomass_Wood,CEN,CEN_Bio_H2_CCS_99_Wood,CEN_Bio_H2_CCS_99_Wood_biomass_edge,BECCSHydrogen{NaturalGas},UnidirectionalEdge{MacroEnergy.Biomass_Wood},capacity,0.05901906539771846
Biomass_Wood,SE,SE_Bio_H2_CCS_99_Wood,SE_Bio_H2_CCS_99_Wood_biomass_edge,BECCSHydrogen{NaturalGas},UnidirectionalEdge{MacroEnergy.Biomass_Wood},capacity,0.062449352057413
Biomass_Wood,MIDAT,MIDAT_Bio_H2_CCS_99_Wood,MIDAT_Bio_H2_CCS_99_Wood_biomass_edge,BECCSHydrogen{NaturalGas},UnidirectionalEdge{MacroEnergy.Biomass_Wood},capacity,0.05741556227971542
Biomass_Wood,NE,NE_Bio_H2_CCS_99_Wood,NE_Bio_H2_CCS_99_Wood_biomass_edge,BECCSHydrogen{NaturalGas},UnidirectionalEdge{MacroEnergy.Biomass_Wood},capacity,0.045056642617087604
Biomass_Agri,CA,CA_Bio_H2_CCS_99_Agri,CA_Bio_H2_CCS_99_Agri_biomass_edge,BECCSHydrogen{NaturalGas},UnidirectionalEdge{MacroEnergy.Biomass_Agri},capacity,0.05711768721766856
Biomass_Agri,NW,NW_Bio_H2_CCS_99_Agri,NW_Bio_H2_CCS_99_Agri_biomass_edge,BECCSHydrogen{NaturalGas},UnidirectionalEdge{MacroEnergy.Biomass_Agri},capacity,0.052490026702767305
Biomass_Agri,SW,SW_Bio_H2_CCS_99_Agri,SW_Bio_H2_CCS_99_Agri_biomass_edge,BECCSHydrogen{NaturalGas},UnidirectionalEdge{MacroEnergy.Biomass_Agri},capacity,0.059306117340915454
Biomass_Agri,TX,TX_Bio_H2_CCS_99_Agri,TX_Bio_H2_CCS_99_Agri_biomass_edge,BECCSHydrogen{NaturalGas},UnidirectionalEdge{MacroEnergy.Biomass_Agri},capacity,0.05795048840941005
Biomass_Agri,NCEN,NCEN_Bio_H2_CCS_99_Agri,NCEN_Bio_H2_CCS_99_Agri_biomass_edge,BECCSHydrogen{NaturalGas},UnidirectionalEdge{MacroEnergy.Biomass_Agri},capacity,0.10907984652027856
Biomass_Agri,CEN,CEN_Bio_H2_CCS_99_Agri,CEN_Bio_H2_CCS_99_Agri_biomass_edge,BECCSHydrogen{NaturalGas},UnidirectionalEdge{MacroEnergy.Biomass_Agri},capacity,0.08165067573276936
Biomass_Agri,SE,SE_Bio_H2_CCS_99_Agri,SE_Bio_H2_CCS_99_Agri_biomass_edge,BECCSHydrogen{NaturalGas},UnidirectionalEdge{MacroEnergy.Biomass_Agri},capacity,0.05247221865866504
Biomass_Agri,MIDAT,MIDAT_Bio_H2_CCS_99_Agri,MIDAT_Bio_H2_CCS_99_Agri_biomass_edge,BECCSHydrogen{NaturalGas},UnidirectionalEdge{MacroEnergy.Biomass_Agri},capacity,0.049874416572852596
Biomass_Agri,NE,NE_Bio_H2_CCS_99_Agri,NE_Bio_H2_CCS_99_Agri_biomass_edge,BECCSHydrogen{NaturalGas},UnidirectionalEdge{MacroEnergy.Biomass_Agri},capacity,0.045760122187831466
Biomass_Herb,CA,CA_Gasoline_Gasification_Non_CCS_Herb,CA_Gasoline_Gasification_Non_CCS_Herb_biomass_edge,BECCSLiquidFuels,UnidirectionalEdge{MacroEnergy.Biomass_Herb},capacity,0.010175152040752266
Biomass_Herb,NW,NW_Gasoline_Gasification_Non_CCS_Herb,NW_Gasoline_Gasification_Non_CCS_Herb_biomass_edge,BECCSLiquidFuels,UnidirectionalEdge{MacroEnergy.Biomass_Herb},capacity,0.26476985327298874
Biomass_Herb,SW,SW_Gasoline_Gasification_Non_CCS_Herb,SW_Gasoline_Gasification_Non_CCS_Herb_biomass_edge,BECCSLiquidFuels,UnidirectionalEdge{MacroEnergy.Biomass_Herb},capacity,0.7323854402069421
Biomass_Herb,TX,TX_Gasoline_Gasification_Non_CCS_Herb,TX_Gasoline_Gasification_Non_CCS_Herb_biomass_edge,BECCSLiquidFuels,UnidirectionalEdge{MacroEnergy.Biomass_Herb},capacity,2.1887442700324202
Biomass_Herb,NCEN,NCEN_Gasoline_Gasification_Non_CCS_Herb,NCEN_Gasoline_Gasification_Non_CCS_Herb_biomass_edge,BECCSLiquidFuels,UnidirectionalEdge{MacroEnergy.Biomass_Herb},capacity,8.362022270424012
Biomass_Herb,CEN,CEN_Gasoline_Gasification_Non_CCS_Herb,CEN_Gasoline_Gasification_Non_CCS_Herb_biomass_edge,BECCSLiquidFuels,UnidirectionalEdge{MacroEnergy.Biomass_Herb},capacity,8.291873883611148
Biomass_Herb,SE,SE_Gasoline_Gasification_Non_CCS_Herb,SE_Gasoline_Gasification_Non_CCS_Herb_biomass_edge,BECCSLiquidFuels,UnidirectionalEdge{MacroEnergy.Biomass_Herb},capacity,32.529363482692894
Biomass_Herb,MIDAT,MIDAT_Gasoline_Gasification_Non_CCS_Herb,MIDAT_Gasoline_Gasification_Non_CCS_Herb_biomass_edge,BECCSLiquidFuels,UnidirectionalEdge{MacroEnergy.Biomass_Herb},capacity,1499.0158810728324
Biomass_Herb,NE,NE_Gasoline_Gasification_Non_CCS_Herb,NE_Gasoline_Gasification_Non_CCS_Herb_biomass_edge,BECCSLiquidFuels,UnidirectionalEdge{MacroEnergy.Biomass_Herb},capacity,322.32846884226643
Biomass_Wood,CA,CA_Gasoline_Gasification_Non_CCS_Wood,CA_Gasoline_Gasification_Non_CCS_Wood_biomass_edge,BECCSLiquidFuels,UnidirectionalEdge{MacroEnergy.Biomass_Wood},capacity,0.3775442824389794
Biomass_Wood,NW,NW_Gasoline_Gasification_Non_CCS_Wood,NW_Gasoline_Gasification_Non_CCS_Wood_biomass_edge,BECCSLiquidFuels,UnidirectionalEdge{MacroEnergy.Biomass_Wood},capacity,0.22595829058757022
Biomass_Wood,SW,SW_Gasoline_Gasification_Non_CCS_Wood,SW_Gasoline_Gasification_Non_CCS_Wood_biomass_edge,BECCSLiquidFuels,UnidirectionalEdge{MacroEnergy.Biomass_Wood},capacity,0.5026212923276967
Biomass_Wood,TX,TX_Gasoline_Gasification_Non_CCS_Wood,TX_Gasoline_Gasification_Non_CCS_Wood_biomass_edge,BECCSLiquidFuels,UnidirectionalEdge{MacroEnergy.Biomass_Wood},capacity,0.5735705781593168
Biomass_Wood,NCEN,NCEN_Gasoline_Gasification_Non_CCS_Wood,NCEN_Gasoline_Gasification_Non_CCS_Wood_biomass_edge,BECCSLiquidFuels,UnidirectionalEdge{MacroEnergy.Biomass_Wood},capacity,2.5175227736830674
Biomass_Wood,CEN,CEN_Gasoline_Gasification_Non_CCS_Wood,CEN_Gasoline_Gasification_Non_CCS_Wood_biomass_edge,BECCSLiquidFuels,UnidirectionalEdge{MacroEnergy.Biomass_Wood},capacity,1.2161885810398458
Biomass_Wood,SE,SE_Gasoline_Gasification_Non_CCS_Wood,SE_Gasoline_Gasification_Non_CCS_Wood_biomass_edge,BECCSLiquidFuels,UnidirectionalEdge{MacroEnergy.Biomass_Wood},capacity,10.755434460985725
Biomass_Wood,MIDAT,MIDAT_Gasoline_Gasification_Non_CCS_Wood,MIDAT_Gasoline_Gasification_Non_CCS_Wood_biomass_edge,BECCSLiquidFuels,UnidirectionalEdge{MacroEnergy.Biomass_Wood},capacity,3303.368954122691
Biomass_Wood,NE,NE_Gasoline_Gasification_Non_CCS_Wood,NE_Gasoline_Gasification_Non_CCS_Wood_biomass_edge,BECCSLiquidFuels,UnidirectionalEdge{MacroEnergy.Biomass_Wood},capacity,1196.929169149939
Biomass_Agri,CA,CA_Gasoline_Gasification_Non_CCS_Agri,CA_Gasoline_Gasification_Non_CCS_Agri_biomass_edge,BECCSLiquidFuels,UnidirectionalEdge{MacroEnergy.Biomass_Agri},capacity,0.43181093987986857
Biomass_Agri,NW,NW_Gasoline_Gasification_Non_CCS_Agri,NW_Gasoline_Gasification_Non_CCS_Agri_biomass_edge,BECCSLiquidFuels,UnidirectionalEdge{MacroEnergy.Biomass_Agri},capacity,0.3278251907103946
Biomass_Agri,SW,SW_Gasoline_Gasification_Non_CCS_Agri,SW_Gasoline_Gasification_Non_CCS_Agri_biomass_edge,BECCSLiquidFuels,UnidirectionalEdge{MacroEnergy.Biomass_Agri},capacity,0.600263591669766
Biomass_Agri,TX,TX_Gasoline_Gasification_Non_CCS_Agri,TX_Gasoline_Gasification_Non_CCS_Agri_biomass_edge,BECCSLiquidFuels,UnidirectionalEdge{MacroEnergy.Biomass_Agri},capacity,0.926595979557731
Biomass_Agri,NCEN,NCEN_Gasoline_Gasification_Non_CCS_Agri,NCEN_Gasoline_Gasification_Non_CCS_Agri_biomass_edge,BECCSLiquidFuels,UnidirectionalEdge{MacroEnergy.Biomass_Agri},capacity,10.283724527782892
Biomass_Agri,CEN,CEN_Gasoline_Gasification_Non_CCS_Agri,CEN_Gasoline_Gasification_Non_CCS_Agri_biomass_edge,BECCSLiquidFuels,UnidirectionalEdge{MacroEnergy.Biomass_Agri},capacity,2.7054089368038516
Biomass_Agri,SE,SE_Gasoline_Gasification_Non_CCS_Agri,SE_Gasoline_Gasification_Non_CCS_Agri_biomass_edge,BECCSLiquidFuels,UnidirectionalEdge{MacroEnergy.Biomass_Agri},capacity,17.33853293919829
Biomass_Agri,MIDAT,MIDAT_Gasoline_Gasification_Non_CCS_Agri,MIDAT_Gasoline_Gasification_Non_CCS_Agri_biomass_edge,BECCSLiquidFuels,UnidirectionalEdge{MacroEnergy.Biomass_Agri},capacity,769.0775083453433
Biomass_Agri,NE,NE_Gasoline_Gasification_Non_CCS_Agri,NE_Gasoline_Gasification_Non_CCS_Agri_biomass_edge,BECCSLiquidFuels,UnidirectionalEdge{MacroEnergy.Biomass_Agri},capacity,218.46101386428256
Biomass_Herb,CA,CA_Gasoline_Gasification_CCS_31_Herb,CA_Gasoline_Gasification_CCS_31_Herb_biomass_edge,BECCSLiquidFuels,UnidirectionalEdge{MacroEnergy.Biomass_Herb},capacity,0.0102522145858672
Biomass_Herb,NW,NW_Gasoline_Gasification_CCS_31_Herb,NW_Gasoline_Gasification_CCS_31_Herb_biomass_edge,BECCSLiquidFuels,UnidirectionalEdge{MacroEnergy.Biomass_Herb},capacity,0.32250990105836663
Biomass_Herb,SW,SW_Gasoline_Gasification_CCS_31_Herb,SW_Gasoline_Gasification_CCS_31_Herb_biomass_edge,BECCSLiquidFuels,UnidirectionalEdge{MacroEnergy.Biomass_Herb},capacity,0.9839479837457804
Biomass_Herb,TX,TX_Gasoline_Gasification_CCS_31_Herb,TX_Gasoline_Gasification_CCS_31_Herb_biomass_edge,BECCSLiquidFuels,UnidirectionalEdge{MacroEnergy.Biomass_Herb},capacity,2.936847771488374
Biomass_Herb,NCEN,NCEN_Gasoline_Gasification_CCS_31_Herb,NCEN_Gasoline_Gasification_CCS_31_Herb_biomass_edge,BECCSLiquidFuels,UnidirectionalEdge{MacroEnergy.Biomass_Herb},capacity,2295.802834535821
Biomass_Herb,CEN,CEN_Gasoline_Gasification_CCS_31_Herb,CEN_Gasoline_Gasification_CCS_31_Herb_biomass_edge,BECCSLiquidFuels,UnidirectionalEdge{MacroEnergy.Biomass_Herb},capacity,7.011306223687029
Biomass_Herb,SE,SE_Gasoline_Gasification_CCS_31_Herb,SE_Gasoline_Gasification_CCS_31_Herb_biomass_edge,BECCSLiquidFuels,UnidirectionalEdge{MacroEnergy.Biomass_Herb},capacity,8794.767129327101
Biomass_Herb,MIDAT,MIDAT_Gasoline_Gasification_CCS_31_Herb,MIDAT_Gasoline_Gasification_CCS_31_Herb_biomass_edge,BECCSLiquidFuels,UnidirectionalEdge{MacroEnergy.Biomass_Herb},capacity,9.341079612353214
Biomass_Herb,NE,NE_Gasoline_Gasification_CCS_31_Herb,NE_Gasoline_Gasification_CCS_31_Herb_biomass_edge,BECCSLiquidFuels,UnidirectionalEdge{MacroEnergy.Biomass_Herb},capacity,3.236281391676227
Biomass_Wood,CA,CA_Gasoline_Gasification_CCS_31_Wood,CA_Gasoline_Gasification_CCS_31_Wood_biomass_edge,BECCSLiquidFuels,UnidirectionalEdge{MacroEnergy.Biomass_Wood},capacity,0.703463096006637
Biomass_Wood,NW,NW_Gasoline_Gasification_CCS_31_Wood,NW_Gasoline_Gasification_CCS_31_Wood_biomass_edge,BECCSLiquidFuels,UnidirectionalEdge{MacroEnergy.Biomass_Wood},capacity,0.3115710414851742
Biomass_Wood,SW,SW_Gasoline_Gasification_CCS_31_Wood,SW_Gasoline_Gasification_CCS_31_Wood_biomass_edge,BECCSLiquidFuels,UnidirectionalEdge{MacroEnergy.Biomass_Wood},capacity,0.7311485686237716
Biomass_Wood,TX,TX_Gasoline_Gasification_CCS_31_Wood,TX_Gasoline_Gasification_CCS_31_Wood_biomass_edge,BECCSLiquidFuels,UnidirectionalEdge{MacroEnergy.Biomass_Wood},capacity,0.83092427948273
Biomass_Wood,NCEN,NCEN_Gasoline_Gasification_CCS_31_Wood,NCEN_Gasoline_Gasification_CCS_31_Wood_biomass_edge,BECCSLiquidFuels,UnidirectionalEdge{MacroEnergy.Biomass_Wood},capacity,5.075683907349525
Biomass_Wood,CEN,CEN_Gasoline_Gasification_CCS_31_Wood,CEN_Gasoline_Gasification_CCS_31_Wood_biomass_edge,BECCSLiquidFuels,UnidirectionalEdge{MacroEnergy.Biomass_Wood},capacity,2.031945294334606
Biomass_Wood,SE,SE_Gasoline_Gasification_CCS_31_Wood,SE_Gasoline_Gasification_CCS_31_Wood_biomass_edge,BECCSLiquidFuels,UnidirectionalEdge{MacroEnergy.Biomass_Wood},capacity,1925.0510311728253
Biomass_Wood,MIDAT,MIDAT_Gasoline_Gasification_CCS_31_Wood,MIDAT_Gasoline_Gasification_CCS_31_Wood_biomass_edge,BECCSLiquidFuels,UnidirectionalEdge{MacroEnergy.Biomass_Wood},capacity,25.03295358385613
Biomass_Wood,NE,NE_Gasoline_Gasification_CCS_31_Wood,NE_Gasoline_Gasification_CCS_31_Wood_biomass_edge,BECCSLiquidFuels,UnidirectionalEdge{MacroEnergy.Biomass_Wood},capacity,4.481149464624412
Biomass_Agri,CA,CA_Gasoline_Gasification_CCS_31_Agri,CA_Gasoline_Gasification_CCS_31_Agri_biomass_edge,BECCSLiquidFuels,UnidirectionalEdge{MacroEnergy.Biomass_Agri},capacity,0.7768773153851831
Biomass_Agri,NW,NW_Gasoline_Gasification_CCS_31_Agri,NW_Gasoline_Gasification_CCS_31_Agri_biomass_edge,BECCSLiquidFuels,UnidirectionalEdge{MacroEnergy.Biomass_Agri},capacity,0.40426302874993697
Biomass_Agri,SW,SW_Gasoline_Gasification_CCS_31_Agri,SW_Gasoline_Gasification_CCS_31_Agri_biomass_edge,BECCSLiquidFuels,UnidirectionalEdge{MacroEnergy.Biomass_Agri},capacity,1.0007468053163355
Biomass_Agri,TX,TX_Gasoline_Gasification_CCS_31_Agri,TX_Gasoline_Gasification_CCS_31_Agri_biomass_edge,BECCSLiquidFuels,UnidirectionalEdge{MacroEnergy.Biomass_Agri},capacity,1.8374516195918225
Biomass_Agri,NCEN,NCEN_Gasoline_Gasification_CCS_31_Agri,NCEN_Gasoline_Gasification_CCS_31_Agri_biomass_edge,BECCSLiquidFuels,UnidirectionalEdge{MacroEnergy.Biomass_Agri},capacity,14090.37533156465
Biomass_Agri,CEN,CEN_Gasoline_Gasification_CCS_31_Agri,CEN_Gasoline_Gasification_CCS_31_Agri_biomass_edge,BECCSLiquidFuels,UnidirectionalEdge{MacroEnergy.Biomass_Agri},capacity,4.325315117577974
Biomass_Agri,SE,SE_Gasoline_Gasification_CCS_31_Agri,SE_Gasoline_Gasification_CCS_31_Agri_biomass_edge,BECCSLiquidFuels,UnidirectionalEdge{MacroEnergy.Biomass_Agri},capacity,938.3672832002593
Biomass_Agri,MIDAT,MIDAT_Gasoline_Gasification_CCS_31_Agri,MIDAT_Gasoline_Gasification_CCS_31_Agri_biomass_edge,BECCSLiquidFuels,UnidirectionalEdge{MacroEnergy.Biomass_Agri},capacity,9.305363215179176
Biomass_Agri,NE,NE_Gasoline_Gasification_CCS_31_Agri,NE_Gasoline_Gasification_CCS_31_Agri_biomass_edge,BECCSLiquidFuels,UnidirectionalEdge{MacroEnergy.Biomass_Agri},capacity,3.634724349745221
Biomass_Herb,CA,CA_Gasoline_Gasification_CCS_99_Herb,CA_Gasoline_Gasification_CCS_99_Herb_biomass_edge,BECCSLiquidFuels,UnidirectionalEdge{MacroEnergy.Biomass_Herb},capacity,0.010220052980166202
Biomass_Herb,NW,NW_Gasoline_Gasification_CCS_99_Herb,NW_Gasoline_Gasification_CCS_99_Herb_biomass_edge,BECCSLiquidFuels,UnidirectionalEdge{MacroEnergy.Biomass_Herb},capacity,1.8892272699681754
Biomass_Herb,SW,SW_Gasoline_Gasification_CCS_99_Herb,SW_Gasoline_Gasification_CCS_99_Herb_biomass_edge,BECCSLiquidFuels,UnidirectionalEdge{MacroEnergy.Biomass_Herb},capacity,1864.7592798380879
Biomass_Herb,TX,TX_Gasoline_Gasification_CCS_99_Herb,TX_Gasoline_Gasification_CCS_99_Herb_biomass_edge,BECCSLiquidFuels,UnidirectionalEdge{MacroEnergy.Biomass_Herb},capacity,25.975993866771216
Biomass_Herb,NCEN,NCEN_Gasoline_Gasification_CCS_99_Herb,NCEN_Gasoline_Gasification_CCS_99_Herb_biomass_edge,BECCSLiquidFuels,UnidirectionalEdge{MacroEnergy.Biomass_Herb},capacity,5.637742947022393
Biomass_Herb,CEN,CEN_Gasoline_Gasification_CCS_99_Herb,CEN_Gasoline_Gasification_CCS_99_Herb_biomass_edge,BECCSLiquidFuels,UnidirectionalEdge{MacroEnergy.Biomass_Herb},capacity,29.927449651779106
Biomass_Herb,SE,SE_Gasoline_Gasification_CCS_99_Herb,SE_Gasoline_Gasification_CCS_99_Herb_biomass_edge,BECCSLiquidFuels,UnidirectionalEdge{MacroEnergy.Biomass_Herb},capacity,2.6147291701068522
Biomass_Herb,MIDAT,MIDAT_Gasoline_Gasification_CCS_99_Herb,MIDAT_Gasoline_Gasification_CCS_99_Herb_biomass_edge,BECCSLiquidFuels,UnidirectionalEdge{MacroEnergy.Biomass_Herb},capacity,1.2358097434588369
Biomass_Herb,NE,NE_Gasoline_Gasification_CCS_99_Herb,NE_Gasoline_Gasification_CCS_99_Herb_biomass_edge,BECCSLiquidFuels,UnidirectionalEdge{MacroEnergy.Biomass_Herb},capacity,0.611363076381201
Biomass_Wood,CA,CA_Gasoline_Gasification_CCS_99_Wood,CA_Gasoline_Gasification_CCS_99_Wood_biomass_edge,BECCSLiquidFuels,UnidirectionalEdge{MacroEnergy.Biomass_Wood},capacity,55.18250645467219
Biomass_Wood,NW,NW_Gasoline_Gasification_CCS_99_Wood,NW_Gasoline_Gasification_CCS_99_Wood_biomass_edge,BECCSLiquidFuels,UnidirectionalEdge{MacroEnergy.Biomass_Wood},capacity,1.313533137096155
Biomass_Wood,SW,SW_Gasoline_Gasification_CCS_99_Wood,SW_Gasoline_Gasification_CCS_99_Wood_biomass_edge,BECCSLiquidFuels,UnidirectionalEdge{MacroEnergy.Biomass_Wood},capacity,701.4864036515834
Biomass_Wood,TX,TX_Gasoline_Gasification_CCS_99_Wood,TX_Gasoline_Gasification_CCS_99_Wood_biomass_edge,BECCSLiquidFuels,UnidirectionalEdge{MacroEnergy.Biomass_Wood},capacity,26.52817832679013
Biomass_Wood,NCEN,NCEN_Gasoline_Gasification_CCS_99_Wood,NCEN_Gasoline_Gasification_CCS_99_Wood_biomass_edge,BECCSLiquidFuels,UnidirectionalEdge{MacroEnergy.Biomass_Wood},capacity,3.29894852067491
Biomass_Wood,CEN,CEN_Gasoline_Gasification_CCS_99_Wood,CEN_Gasoline_Gasification_CCS_99_Wood_biomass_edge,BECCSLiquidFuels,UnidirectionalEdge{MacroEnergy.Biomass_Wood},capacity,5.4914062507966666
Biomass_Wood,SE,SE_Gasoline_Gasification_CCS_99_Wood,SE_Gasoline_Gasification_CCS_99_Wood_biomass_edge,BECCSLiquidFuels,UnidirectionalEdge{MacroEnergy.Biomass_Wood},capacity,3.027268146421849
Biomass_Wood,MIDAT,MIDAT_Gasoline_Gasification_CCS_99_Wood,MIDAT_Gasoline_Gasification_CCS_99_Wood_biomass_edge,BECCSLiquidFuels,UnidirectionalEdge{MacroEnergy.Biomass_Wood},capacity,1.4646135362451698
Biomass_Wood,NE,NE_Gasoline_Gasification_CCS_99_Wood,NE_Gasoline_Gasification_CCS_99_Wood_biomass_edge,BECCSLiquidFuels,UnidirectionalEdge{MacroEnergy.Biomass_Wood},capacity,0.7570041234108702
Biomass_Agri,CA,CA_Gasoline_Gasification_CCS_99_Agri,CA_Gasoline_Gasification_CCS_99_Agri_biomass_edge,BECCSLiquidFuels,UnidirectionalEdge{MacroEnergy.Biomass_Agri},capacity,541.49502162605
Biomass_Agri,NW,NW_Gasoline_Gasification_CCS_99_Agri,NW_Gasoline_Gasification_CCS_99_Agri_biomass_edge,BECCSLiquidFuels,UnidirectionalEdge{MacroEnergy.Biomass_Agri},capacity,4.438359549676377
Biomass_Agri,SW,SW_Gasoline_Gasification_CCS_99_Agri,SW_Gasoline_Gasification_CCS_99_Agri_biomass_edge,BECCSLiquidFuels,UnidirectionalEdge{MacroEnergy.Biomass_Agri},capacity,285.20823564753147
Biomass_Agri,TX,TX_Gasoline_Gasification_CCS_99_Agri,TX_Gasoline_Gasification_CCS_99_Agri_biomass_edge,BECCSLiquidFuels,UnidirectionalEdge{MacroEnergy.Biomass_Agri},capacity,114.19612934807871
Biomass_Agri,NCEN,NCEN_Gasoline_Gasification_CCS_99_Agri,NCEN_Gasoline_Gasification_CCS_99_Agri_biomass_edge,BECCSLiquidFuels,UnidirectionalEdge{MacroEnergy.Biomass_Agri},capacity,6.868462851595374
Biomass_Agri,CEN,CEN_Gasoline_Gasification_CCS_99_Agri,CEN_Gasoline_Gasification_CCS_99_Agri_biomass_edge,BECCSLiquidFuels,UnidirectionalEdge{MacroEnergy.Biomass_Agri},capacity,5053.47378033586
Biomass_Agri,SE,SE_Gasoline_Gasification_CCS_99_Agri,SE_Gasoline_Gasification_CCS_99_Agri_biomass_edge,BECCSLiquidFuels,UnidirectionalEdge{MacroEnergy.Biomass_Agri},capacity,1.7170001414046894
Biomass_Agri,MIDAT,MIDAT_Gasoline_Gasification_CCS_99_Agri,MIDAT_Gasoline_Gasification_CCS_99_Agri_biomass_edge,BECCSLiquidFuels,UnidirectionalEdge{MacroEnergy.Biomass_Agri},capacity,1.0249897499667895
Biomass_Agri,NE,NE_Gasoline_Gasification_CCS_99_Agri,NE_Gasoline_Gasification_CCS_99_Agri_biomass_edge,BECCSLiquidFuels,UnidirectionalEdge{MacroEnergy.Biomass_Agri},capacity,0.6100266588904932
Biomass_Herb,CA,CA_FT_High_Diesel_Non_CCS_Herb,CA_FT_High_Diesel_Non_CCS_Herb_biomass_edge,BECCSLiquidFuels,UnidirectionalEdge{MacroEnergy.Biomass_Herb},capacity,0.010017981141237057
Biomass_Herb,NW,NW_FT_High_Diesel_Non_CCS_Herb,NW_FT_High_Diesel_Non_CCS_Herb_biomass_edge,BECCSLiquidFuels,UnidirectionalEdge{MacroEnergy.Biomass_Herb},capacity,0.25028912558509336
Biomass_Herb,SW,SW_FT_High_Diesel_Non_CCS_Herb,SW_FT_High_Diesel_Non_CCS_Herb_biomass_edge,BECCSLiquidFuels,UnidirectionalEdge{MacroEnergy.Biomass_Herb},capacity,0.3087875471579569
Biomass_Herb,TX,TX_FT_High_Diesel_Non_CCS_Herb,TX_FT_High_Diesel_Non_CCS_Herb_biomass_edge,BECCSLiquidFuels,UnidirectionalEdge{MacroEnergy.Biomass_Herb},capacity,0.6342442342203316
Biomass_Herb,NCEN,NCEN_FT_High_Diesel_Non_CCS_Herb,NCEN_FT_High_Diesel_Non_CCS_Herb_biomass_edge,BECCSLiquidFuels,UnidirectionalEdge{MacroEnergy.Biomass_Herb},capacity,0.8125476599721128
Biomass_Herb,CEN,CEN_FT_High_Diesel_Non_CCS_Herb,CEN_FT_High_Diesel_Non_CCS_Herb_biomass_edge,BECCSLiquidFuels,UnidirectionalEdge{MacroEnergy.Biomass_Herb},capacity,1.021979912187816
Biomass_Herb,SE,SE_FT_High_Diesel_Non_CCS_Herb,SE_FT_High_Diesel_Non_CCS_Herb_biomass_edge,BECCSLiquidFuels,UnidirectionalEdge{MacroEnergy.Biomass_Herb},capacity,0.9116920695544631
Biomass_Herb,MIDAT,MIDAT_FT_High_Diesel_Non_CCS_Herb,MIDAT_FT_High_Diesel_Non_CCS_Herb_biomass_edge,BECCSLiquidFuels,UnidirectionalEdge{MacroEnergy.Biomass_Herb},capacity,0.5954313483482824
Biomass_Herb,NE,NE_FT_High_Diesel_Non_CCS_Herb,NE_FT_High_Diesel_Non_CCS_Herb_biomass_edge,BECCSLiquidFuels,UnidirectionalEdge{MacroEnergy.Biomass_Herb},capacity,0.6365265351038624
Biomass_Wood,CA,CA_FT_High_Diesel_Non_CCS_Wood,CA_FT_High_Diesel_Non_CCS_Wood_biomass_edge,BECCSLiquidFuels,UnidirectionalEdge{MacroEnergy.Biomass_Wood},capacity,0.24034515151571167
Biomass_Wood,NW,NW_FT_High_Diesel_Non_CCS_Wood,NW_FT_High_Diesel_Non_CCS_Wood_biomass_edge,BECCSLiquidFuels,UnidirectionalEdge{MacroEnergy.Biomass_Wood},capacity,0.2194853580599227
Biomass_Wood,SW,SW_FT_High_Diesel_Non_CCS_Wood,SW_FT_High_Diesel_Non_CCS_Wood_biomass_edge,BECCSLiquidFuels,UnidirectionalEdge{MacroEnergy.Biomass_Wood},capacity,0.2782170713020602
Biomass_Wood,TX,TX_FT_High_Diesel_Non_CCS_Wood,TX_FT_High_Diesel_Non_CCS_Wood_biomass_edge,BECCSLiquidFuels,UnidirectionalEdge{MacroEnergy.Biomass_Wood},capacity,0.29059002871200784
Biomass_Wood,NCEN,NCEN_FT_High_Diesel_Non_CCS_Wood,NCEN_FT_High_Diesel_Non_CCS_Wood_biomass_edge,BECCSLiquidFuels,UnidirectionalEdge{MacroEnergy.Biomass_Wood},capacity,0.6302982676136718
Biomass_Wood,CEN,CEN_FT_High_Diesel_Non_CCS_Wood,CEN_FT_High_Diesel_Non_CCS_Wood_biomass_edge,BECCSLiquidFuels,UnidirectionalEdge{MacroEnergy.Biomass_Wood},capacity,0.48802989920812095
Biomass_Wood,SE,SE_FT_High_Diesel_Non_CCS_Wood,SE_FT_High_Diesel_Non_CCS_Wood_biomass_edge,BECCSLiquidFuels,UnidirectionalEdge{MacroEnergy.Biomass_Wood},capacity,0.7835237461645329
Biomass_Wood,MIDAT,MIDAT_FT_High_Diesel_Non_CCS_Wood,MIDAT_FT_High_Diesel_Non_CCS_Wood_biomass_edge,BECCSLiquidFuels,UnidirectionalEdge{MacroEnergy.Biomass_Wood},capacity,0.7945597786712314
Biomass_Wood,NE,NE_FT_High_Diesel_Non_CCS_Wood,NE_FT_High_Diesel_Non_CCS_Wood_biomass_edge,BECCSLiquidFuels,UnidirectionalEdge{MacroEnergy.Biomass_Wood},capacity,0.6448689138462107
Biomass_Agri,CA,CA_FT_High_Diesel_Agri,CA_FT_High_Diesel_Agri_biomass_edge,BECCSLiquidFuels,UnidirectionalEdge{MacroEnergy.Biomass_Agri},capacity,0.2300297225818673
Biomass_Agri,NW,NW_FT_High_Diesel_Agri,NW_FT_High_Diesel_Agri_biomass_edge,BECCSLiquidFuels,UnidirectionalEdge{MacroEnergy.Biomass_Agri},capacity,0.2590146013262871
Biomass_Agri,SW,SW_FT_High_Diesel_Agri,SW_FT_High_Diesel_Agri_biomass_edge,BECCSLiquidFuels,UnidirectionalEdge{MacroEnergy.Biomass_Agri},capacity,0.26713964691338743
Biomass_Agri,TX,TX_FT_High_Diesel_Agri,TX_FT_High_Diesel_Agri_biomass_edge,BECCSLiquidFuels,UnidirectionalEdge{MacroEnergy.Biomass_Agri},capacity,0.30595777154152576
Biomass_Agri,NCEN,NCEN_FT_High_Diesel_Agri,NCEN_FT_High_Diesel_Agri_biomass_edge,BECCSLiquidFuels,UnidirectionalEdge{MacroEnergy.Biomass_Agri},capacity,0.9133994836069161
Biomass_Agri,CEN,CEN_FT_High_Diesel_Agri,CEN_FT_High_Diesel_Agri_biomass_edge,BECCSLiquidFuels,UnidirectionalEdge{MacroEnergy.Biomass_Agri},capacity,0.6728721704505463
Biomass_Agri,SE,SE_FT_High_Diesel_Agri,SE_FT_High_Diesel_Agri_biomass_edge,BECCSLiquidFuels,UnidirectionalEdge{MacroEnergy.Biomass_Agri},capacity,0.4868630242141599
Biomass_Agri,MIDAT,MIDAT_FT_High_Diesel_Agri,MIDAT_FT_High_Diesel_Agri_biomass_edge,BECCSLiquidFuels,UnidirectionalEdge{MacroEnergy.Biomass_Agri},capacity,0.4857719276693972
Biomass_Agri,NE,NE_FT_High_Diesel_Agri,NE_FT_High_Diesel_Agri_biomass_edge,BECCSLiquidFuels,UnidirectionalEdge{MacroEnergy.Biomass_Agri},capacity,0.5662731621741911
Biomass_Herb,CA,CA_FT_High_Diesel_CCS_53_Herb,CA_FT_High_Diesel_CCS_53_Herb_biomass_edge,BECCSLiquidFuels,UnidirectionalEdge{MacroEnergy.Biomass_Herb},capacity,0.01010011856385379
Biomass_Herb,NW,NW_FT_High_Diesel_CCS_53_Herb,NW_FT_High_Diesel_CCS_53_Herb_biomass_edge,BECCSLiquidFuels,UnidirectionalEdge{MacroEnergy.Biomass_Herb},capacity,1.0357855926433608
Biomass_Herb,SW,SW_FT_High_Diesel_CCS_53_Herb,SW_FT_High_Diesel_CCS_53_Herb_biomass_edge,BECCSLiquidFuels,UnidirectionalEdge{MacroEnergy.Biomass_Herb},capacity,1.2273994167331366
Biomass_Herb,TX,TX_FT_High_Diesel_CCS_53_Herb,TX_FT_High_Diesel_CCS_53_Herb_biomass_edge,BECCSLiquidFuels,UnidirectionalEdge{MacroEnergy.Biomass_Herb},capacity,2.5709640332060775
Biomass_Herb,NCEN,NCEN_FT_High_Diesel_CCS_53_Herb,NCEN_FT_High_Diesel_CCS_53_Herb_biomass_edge,BECCSLiquidFuels,UnidirectionalEdge{MacroEnergy.Biomass_Herb},capacity,1514.6958111641316
Biomass_Herb,CEN,CEN_FT_High_Diesel_CCS_53_Herb,CEN_FT_High_Diesel_CCS_53_Herb_biomass_edge,BECCSLiquidFuels,UnidirectionalEdge{MacroEnergy.Biomass_Herb},capacity,2142.618019422675
Biomass_Herb,SE,SE_FT_High_Diesel_CCS_53_Herb,SE_FT_High_Diesel_CCS_53_Herb_biomass_edge,BECCSLiquidFuels,UnidirectionalEdge{MacroEnergy.Biomass_Herb},capacity,4.0835422535788135
Biomass_Herb,MIDAT,MIDAT_FT_High_Diesel_CCS_53_Herb,MIDAT_FT_High_Diesel_CCS_53_Herb_biomass_edge,BECCSLiquidFuels,UnidirectionalEdge{MacroEnergy.Biomass_Herb},capacity,1.5264174470378693
Biomass_Herb,NE,NE_FT_High_Diesel_CCS_53_Herb,NE_FT_High_Diesel_CCS_53_Herb_biomass_edge,BECCSLiquidFuels,UnidirectionalEdge{MacroEnergy.Biomass_Herb},capacity,1.4701660830149965
Biomass_Wood,CA,CA_FT_High_Diesel_CCS_53_Wood,CA_FT_High_Diesel_CCS_53_Wood_biomass_edge,BECCSLiquidFuels,UnidirectionalEdge{MacroEnergy.Biomass_Wood},capacity,1.2032784673417691
Biomass_Wood,NW,NW_FT_High_Diesel_CCS_53_Wood,NW_FT_High_Diesel_CCS_53_Wood_biomass_edge,BECCSLiquidFuels,UnidirectionalEdge{MacroEnergy.Biomass_Wood},capacity,1.2011113143096532
Biomass_Wood,SW,SW_FT_High_Diesel_CCS_53_Wood,SW_FT_High_Diesel_CCS_53_Wood_biomass_edge,BECCSLiquidFuels,UnidirectionalEdge{MacroEnergy.Biomass_Wood},capacity,2.153140734542769
Biomass_Wood,TX,TX_FT_High_Diesel_CCS_53_Wood,TX_FT_High_Diesel_CCS_53_Wood_biomass_edge,BECCSLiquidFuels,UnidirectionalEdge{MacroEnergy.Biomass_Wood},capacity,2.2312280258632122
Biomass_Wood,NCEN,NCEN_FT_High_Diesel_CCS_53_Wood,NCEN_FT_High_Diesel_CCS_53_Wood_biomass_edge,BECCSLiquidFuels,UnidirectionalEdge{MacroEnergy.Biomass_Wood},capacity,2993.0899165966753
Biomass_Wood,CEN,CEN_FT_High_Diesel_CCS_53_Wood,CEN_FT_High_Diesel_CCS_53_Wood_biomass_edge,BECCSLiquidFuels,UnidirectionalEdge{MacroEnergy.Biomass_Wood},capacity,14.308984142625155
Biomass_Wood,SE,SE_FT_High_Diesel_CCS_53_Wood,SE_FT_High_Diesel_CCS_53_Wood_biomass_edge,BECCSLiquidFuels,UnidirectionalEdge{MacroEnergy.Biomass_Wood},capacity,2922.284087316792
Biomass_Wood,MIDAT,MIDAT_FT_High_Diesel_CCS_53_Wood,MIDAT_FT_High_Diesel_CCS_53_Wood_biomass_edge,BECCSLiquidFuels,UnidirectionalEdge{MacroEnergy.Biomass_Wood},capacity,6.204607216080084
Biomass_Wood,NE,NE_FT_High_Diesel_CCS_53_Wood,NE_FT_High_Diesel_CCS_53_Wood_biomass_edge,BECCSLiquidFuels,UnidirectionalEdge{MacroEnergy.Biomass_Wood},capacity,2.2795814052956134
Biomass_Agri,CA,CA_FT_High_Diesel_CCS_53_Agri,CA_FT_High_Diesel_CCS_53_Agri_biomass_edge,BECCSLiquidFuels,UnidirectionalEdge{MacroEnergy.Biomass_Agri},capacity,1.037132290625504
Biomass_Agri,NW,NW_FT_High_Diesel_CCS_53_Agri,NW_FT_High_Diesel_CCS_53_Agri_biomass_edge,BECCSLiquidFuels,UnidirectionalEdge{MacroEnergy.Biomass_Agri},capacity,0.9243300507158199
Biomass_Agri,SW,SW_FT_High_Diesel_CCS_53_Agri,SW_FT_High_Diesel_CCS_53_Agri_biomass_edge,BECCSLiquidFuels,UnidirectionalEdge{MacroEnergy.Biomass_Agri},capacity,0.9485498942691362
Biomass_Agri,TX,TX_FT_High_Diesel_CCS_53_Agri,TX_FT_High_Diesel_CCS_53_Agri_biomass_edge,BECCSLiquidFuels,UnidirectionalEdge{MacroEnergy.Biomass_Agri},capacity,0.9799248238931815
Biomass_Agri,NCEN,NCEN_FT_High_Diesel_CCS_53_Agri,NCEN_FT_High_Diesel_CCS_53_Agri_biomass_edge,BECCSLiquidFuels,UnidirectionalEdge{MacroEnergy.Biomass_Agri},capacity,7.0974144921943765
Biomass_Agri,CEN,CEN_FT_High_Diesel_CCS_53_Agri,CEN_FT_High_Diesel_CCS_53_Agri_biomass_edge,BECCSLiquidFuels,UnidirectionalEdge{MacroEnergy.Biomass_Agri},capacity,4.406935178881259
Biomass_Agri,SE,SE_FT_High_Diesel_CCS_53_Agri,SE_FT_High_Diesel_CCS_53_Agri_biomass_edge,BECCSLiquidFuels,UnidirectionalEdge{MacroEnergy.Biomass_Agri},capacity,1.2979716315865042
Biomass_Agri,MIDAT,MIDAT_FT_High_Diesel_CCS_53_Agri,MIDAT_FT_High_Diesel_CCS_53_Agri_biomass_edge,BECCSLiquidFuels,UnidirectionalEdge{MacroEnergy.Biomass_Agri},capacity,0.9798795132106914
Biomass_Agri,NE,NE_FT_High_Diesel_CCS_53_Agri,NE_FT_High_Diesel_CCS_53_Agri_biomass_edge,BECCSLiquidFuels,UnidirectionalEdge{MacroEnergy.Biomass_Agri},capacity,0.9059538684028055
Biomass_Herb,CA,CA_FT_High_Diesel_CCS_99_Herb,CA_FT_High_Diesel_CCS_99_Herb_biomass_edge,BECCSLiquidFuels,UnidirectionalEdge{MacroEnergy.Biomass_Herb},capacity,0.010149028884057226
Biomass_Herb,NW,NW_FT_High_Diesel_CCS_99_Herb,NW_FT_High_Diesel_CCS_99_Herb_biomass_edge,BECCSLiquidFuels,UnidirectionalEdge{MacroEnergy.Biomass_Herb},capacity,269.52813188356464
Biomass_Herb,SW,SW_FT_High_Diesel_CCS_99_Herb,SW_FT_High_Diesel_CCS_99_Herb_biomass_edge,BECCSLiquidFuels,UnidirectionalEdge{MacroEnergy.Biomass_Herb},capacity,3.584604888614592
Biomass_Herb,TX,TX_FT_High_Diesel_CCS_99_Herb,TX_FT_High_Diesel_CCS_99_Herb_biomass_edge,BECCSLiquidFuels,UnidirectionalEdge{MacroEnergy.Biomass_Herb},capacity,4.993057596378726
Biomass_Herb,NCEN,NCEN_FT_High_Diesel_CCS_99_Herb,NCEN_FT_High_Diesel_CCS_99_Herb_biomass_edge,BECCSLiquidFuels,UnidirectionalEdge{MacroEnergy.Biomass_Herb},capacity,4.978893307058961
Biomass_Herb,CEN,CEN_FT_High_Diesel_CCS_99_Herb,CEN_FT_High_Diesel_CCS_99_Herb_biomass_edge,BECCSLiquidFuels,UnidirectionalEdge{MacroEnergy.Biomass_Herb},capacity,19207.61172850332
Biomass_Herb,SE,SE_FT_High_Diesel_CCS_99_Herb,SE_FT_High_Diesel_CCS_99_Herb_biomass_edge,BECCSLiquidFuels,UnidirectionalEdge{MacroEnergy.Biomass_Herb},capacity,2.03727684225313
Biomass_Herb,MIDAT,MIDAT_FT_High_Diesel_CCS_99_Herb,MIDAT_FT_High_Diesel_CCS_99_Herb_biomass_edge,BECCSLiquidFuels,UnidirectionalEdge{MacroEnergy.Biomass_Herb},capacity,0.9181889638901691
Biomass_Herb,NE,NE_FT_High_Diesel_CCS_99_Herb,NE_FT_High_Diesel_CCS_99_Herb_biomass_edge,BECCSLiquidFuels,UnidirectionalEdge{MacroEnergy.Biomass_Herb},capacity,0.5601490211236689
Biomass_Wood,CA,CA_FT_High_Diesel_CCS_99_Wood,CA_FT_High_Diesel_CCS_99_Wood_biomass_edge,BECCSLiquidFuels,UnidirectionalEdge{MacroEnergy.Biomass_Wood},capacity,4.74792273581748
Biomass_Wood,NW,NW_FT_High_Diesel_CCS_99_Wood,NW_FT_High_Diesel_CCS_99_Wood_biomass_edge,BECCSLiquidFuels,UnidirectionalEdge{MacroEnergy.Biomass_Wood},capacity,787.5127579252888
Biomass_Wood,SW,SW_FT_High_Diesel_CCS_99_Wood,SW_FT_High_Diesel_CCS_99_Wood_biomass_edge,BECCSLiquidFuels,UnidirectionalEdge{MacroEnergy.Biomass_Wood},capacity,17.297019978992928
Biomass_Wood,TX,TX_FT_High_Diesel_CCS_99_Wood,TX_FT_High_Diesel_CCS_99_Wood_biomass_edge,BECCSLiquidFuels,UnidirectionalEdge{MacroEnergy.Biomass_Wood},capacity,7.379523164798025
Biomass_Wood,NCEN,NCEN_FT_High_Diesel_CCS_99_Wood,NCEN_FT_High_Diesel_CCS_99_Wood_biomass_edge,BECCSLiquidFuels,UnidirectionalEdge{MacroEnergy.Biomass_Wood},capacity,4.696550068414386
Biomass_Wood,CEN,CEN_FT_High_Diesel_CCS_99_Wood,CEN_FT_High_Diesel_CCS_99_Wood_biomass_edge,BECCSLiquidFuels,UnidirectionalEdge{MacroEnergy.Biomass_Wood},capacity,3695.0951663122128
Biomass_Wood,SE,SE_FT_High_Diesel_CCS_99_Wood,SE_FT_High_Diesel_CCS_99_Wood_biomass_edge,BECCSLiquidFuels,UnidirectionalEdge{MacroEnergy.Biomass_Wood},capacity,3.0189285896813467
Biomass_Wood,MIDAT,MIDAT_FT_High_Diesel_CCS_99_Wood,MIDAT_FT_High_Diesel_CCS_99_Wood_biomass_edge,BECCSLiquidFuels,UnidirectionalEdge{MacroEnergy.Biomass_Wood},capacity,1.3135383555626556
Biomass_Wood,NE,NE_FT_High_Diesel_CCS_99_Wood,NE_FT_High_Diesel_CCS_99_Wood_biomass_edge,BECCSLiquidFuels,UnidirectionalEdge{MacroEnergy.Biomass_Wood},capacity,0.7440862888975288
Biomass_Agri,CA,CA_FT_High_Diesel_CCS_99_Agri,CA_FT_High_Diesel_CCS_99_Agri_biomass_edge,BECCSLiquidFuels,UnidirectionalEdge{MacroEnergy.Biomass_Agri},capacity,1.976798542252886
Biomass_Agri,NW,NW_FT_High_Diesel_CCS_99_Agri,NW_FT_High_Diesel_CCS_99_Agri_biomass_edge,BECCSLiquidFuels,UnidirectionalEdge{MacroEnergy.Biomass_Agri},capacity,790.9295619196712
Biomass_Agri,SW,SW_FT_High_Diesel_CCS_99_Agri,SW_FT_High_Diesel_CCS_99_Agri_biomass_edge,BECCSLiquidFuels,UnidirectionalEdge{MacroEnergy.Biomass_Agri},capacity,2.011909525374398
Biomass_Agri,TX,TX_FT_High_Diesel_CCS_99_Agri,TX_FT_High_Diesel_CCS_99_Agri_biomass_edge,BECCSLiquidFuels,UnidirectionalEdge{MacroEnergy.Biomass_Agri},capacity,1.5116070460574054
Biomass_Agri,NCEN,NCEN_FT_High_Diesel_CCS_99_Agri,NCEN_FT_High_Diesel_CCS_99_Agri_biomass_edge,BECCSLiquidFuels,UnidirectionalEdge{MacroEnergy.Biomass_Agri},capacity,3.544226788429618
Biomass_Agri,CEN,CEN_FT_High_Diesel_CCS_99_Agri,CEN_FT_High_Diesel_CCS_99_Agri_biomass_edge,BECCSLiquidFuels,UnidirectionalEdge{MacroEnergy.Biomass_Agri},capacity,8.394151572128736
Biomass_Agri,SE,SE_FT_High_Diesel_CCS_99_Agri,SE_FT_High_Diesel_CCS_99_Agri_biomass_edge,BECCSLiquidFuels,UnidirectionalEdge{MacroEnergy.Biomass_Agri},capacity,0.988069958545133
Biomass_Agri,MIDAT,MIDAT_FT_High_Diesel_CCS_99_Agri,MIDAT_FT_High_Diesel_CCS_99_Agri_biomass_edge,BECCSLiquidFuels,UnidirectionalEdge{MacroEnergy.Biomass_Agri},capacity,0.711507100809419
Biomass_Agri,NE,NE_FT_High_Diesel_CCS_99_Agri,NE_FT_High_Diesel_CCS_99_Agri_biomass_edge,BECCSLiquidFuels,UnidirectionalEdge{MacroEnergy.Biomass_Agri},capacity,0.507697997276624
Biomass_Herb,CA,CA_FT_High_Jetfuel_CCS_75_Herb,CA_FT_High_Jetfuel_CCS_75_Herb_biomass_edge,BECCSLiquidFuels,UnidirectionalEdge{MacroEnergy.Biomass_Herb},capacity,0.009983943928908959
Biomass_Herb,NW,NW_FT_High_Jetfuel_CCS_75_Herb,NW_FT_High_Jetfuel_CCS_75_Herb_biomass_edge,BECCSLiquidFuels,UnidirectionalEdge{MacroEnergy.Biomass_Herb},capacity,0.25586158499479167
Biomass_Herb,SW,SW_FT_High_Jetfuel_CCS_75_Herb,SW_FT_High_Jetfuel_CCS_75_Herb_biomass_edge,BECCSLiquidFuels,UnidirectionalEdge{MacroEnergy.Biomass_Herb},capacity,0.5832391087679201
Biomass_Herb,TX,TX_FT_High_Jetfuel_CCS_75_Herb,TX_FT_High_Jetfuel_CCS_75_Herb_biomass_edge,BECCSLiquidFuels,UnidirectionalEdge{MacroEnergy.Biomass_Herb},capacity,1.1059484010755558
Biomass_Herb,NCEN,NCEN_FT_High_Jetfuel_CCS_75_Herb,NCEN_FT_High_Jetfuel_CCS_75_Herb_biomass_edge,BECCSLiquidFuels,UnidirectionalEdge{MacroEnergy.Biomass_Herb},capacity,0.6091787873078706
Biomass_Herb,CEN,CEN_FT_High_Jetfuel_CCS_75_Herb,CEN_FT_High_Jetfuel_CCS_75_Herb_biomass_edge,BECCSLiquidFuels,UnidirectionalEdge{MacroEnergy.Biomass_Herb},capacity,2.505904417645909
Biomass_Herb,SE,SE_FT_High_Jetfuel_CCS_75_Herb,SE_FT_High_Jetfuel_CCS_75_Herb_biomass_edge,BECCSLiquidFuels,UnidirectionalEdge{MacroEnergy.Biomass_Herb},capacity,0.6136744422061138
Biomass_Herb,MIDAT,MIDAT_FT_High_Jetfuel_CCS_75_Herb,MIDAT_FT_High_Jetfuel_CCS_75_Herb_biomass_edge,BECCSLiquidFuels,UnidirectionalEdge{MacroEnergy.Biomass_Herb},capacity,0.4547050396731832
Biomass_Herb,NE,NE_FT_High_Jetfuel_CCS_75_Herb,NE_FT_High_Jetfuel_CCS_75_Herb_biomass_edge,BECCSLiquidFuels,UnidirectionalEdge{MacroEnergy.Biomass_Herb},capacity,0.3067172254701053
Biomass_Wood,CA,CA_FT_High_Jetfuel_CCS_75_Wood,CA_FT_High_Jetfuel_CCS_75_Wood_biomass_edge,BECCSLiquidFuels,UnidirectionalEdge{MacroEnergy.Biomass_Wood},capacity,0.47188047743761785
Biomass_Wood,NW,NW_FT_High_Jetfuel_CCS_75_Wood,NW_FT_High_Jetfuel_CCS_75_Wood_biomass_edge,BECCSLiquidFuels,UnidirectionalEdge{MacroEnergy.Biomass_Wood},capacity,0.24579159660081304
Biomass_Wood,SW,SW_FT_High_Jetfuel_CCS_75_Wood,SW_FT_High_Jetfuel_CCS_75_Wood_biomass_edge,BECCSLiquidFuels,UnidirectionalEdge{MacroEnergy.Biomass_Wood},capacity,0.47027799747353016
Biomass_Wood,TX,TX_FT_High_Jetfuel_CCS_75_Wood,TX_FT_High_Jetfuel_CCS_75_Wood_biomass_edge,BECCSLiquidFuels,UnidirectionalEdge{MacroEnergy.Biomass_Wood},capacity,0.48527462148003664
Biomass_Wood,NCEN,NCEN_FT_High_Jetfuel_CCS_75_Wood,NCEN_FT_High_Jetfuel_CCS_75_Wood_biomass_edge,BECCSLiquidFuels,UnidirectionalEdge{MacroEnergy.Biomass_Wood},capacity,0.5352593366808153
Biomass_Wood,CEN,CEN_FT_High_Jetfuel_CCS_75_Wood,CEN_FT_High_Jetfuel_CCS_75_Wood_biomass_edge,BECCSLiquidFuels,UnidirectionalEdge{MacroEnergy.Biomass_Wood},capacity,0.5030655101628897
Biomass_Wood,SE,SE_FT_High_Jetfuel_CCS_75_Wood,SE_FT_High_Jetfuel_CCS_75_Wood_biomass_edge,BECCSLiquidFuels,UnidirectionalEdge{MacroEnergy.Biomass_Wood},capacity,0.5563075875249357
Biomass_Wood,MIDAT,MIDAT_FT_High_Jetfuel_CCS_75_Wood,MIDAT_FT_High_Jetfuel_CCS_75_Wood_biomass_edge,BECCSLiquidFuels,UnidirectionalEdge{MacroEnergy.Biomass_Wood},capacity,0.49439430632390496
Biomass_Wood,NE,NE_FT_High_Jetfuel_CCS_75_Wood,NE_FT_High_Jetfuel_CCS_75_Wood_biomass_edge,BECCSLiquidFuels,UnidirectionalEdge{MacroEnergy.Biomass_Wood},capacity,0.3640795152149795
Biomass_Agri,CA,CA_FT_High_Jetfuel_CCS_75_Agri,CA_FT_High_Jetfuel_CCS_75_Agri_biomass_edge,BECCSLiquidFuels,UnidirectionalEdge{MacroEnergy.Biomass_Agri},capacity,0.47280270094458493
Biomass_Agri,NW,NW_FT_High_Jetfuel_CCS_75_Agri,NW_FT_High_Jetfuel_CCS_75_Agri_biomass_edge,BECCSLiquidFuels,UnidirectionalEdge{MacroEnergy.Biomass_Agri},capacity,0.3295538536045959
Biomass_Agri,SW,SW_FT_High_Jetfuel_CCS_75_Agri,SW_FT_High_Jetfuel_CCS_75_Agri_biomass_edge,BECCSLiquidFuels,UnidirectionalEdge{MacroEnergy.Biomass_Agri},capacity,0.47987353633087765
Biomass_Agri,TX,TX_FT_High_Jetfuel_CCS_75_Agri,TX_FT_High_Jetfuel_CCS_75_Agri_biomass_edge,BECCSLiquidFuels,UnidirectionalEdge{MacroEnergy.Biomass_Agri},capacity,0.5184086854547627
Biomass_Agri,NCEN,NCEN_FT_High_Jetfuel_CCS_75_Agri,NCEN_FT_High_Jetfuel_CCS_75_Agri_biomass_edge,BECCSLiquidFuels,UnidirectionalEdge{MacroEnergy.Biomass_Agri},capacity,0.89432301781923
Biomass_Agri,CEN,CEN_FT_High_Jetfuel_CCS_75_Agri,CEN_FT_High_Jetfuel_CCS_75_Agri_biomass_edge,BECCSLiquidFuels,UnidirectionalEdge{MacroEnergy.Biomass_Agri},capacity,0.6363304232619373
Biomass_Agri,SE,SE_FT_High_Jetfuel_CCS_75_Agri,SE_FT_High_Jetfuel_CCS_75_Agri_biomass_edge,BECCSLiquidFuels,UnidirectionalEdge{MacroEnergy.Biomass_Agri},capacity,0.4830180078152087
Biomass_Agri,MIDAT,MIDAT_FT_High_Jetfuel_CCS_75_Agri,MIDAT_FT_High_Jetfuel_CCS_75_Agri_biomass_edge,BECCSLiquidFuels,UnidirectionalEdge{MacroEnergy.Biomass_Agri},capacity,0.41121288943650436
Biomass_Agri,NE,NE_FT_High_Jetfuel_CCS_75_Agri,NE_FT_High_Jetfuel_CCS_75_Agri_biomass_edge,BECCSLiquidFuels,UnidirectionalEdge{MacroEnergy.Biomass_Agri},capacity,0.31649158568683733
Biomass_Herb,CA,CA_FT_High_Jetfuel_CCS_84_Herb,CA_FT_High_Jetfuel_CCS_84_Herb_biomass_edge,BECCSLiquidFuels,UnidirectionalEdge{MacroEnergy.Biomass_Herb},capacity,0.010157398739358553
Biomass_Herb,NW,NW_FT_High_Jetfuel_CCS_84_Herb,NW_FT_High_Jetfuel_CCS_84_Herb_biomass_edge,BECCSLiquidFuels,UnidirectionalEdge{MacroEnergy.Biomass_Herb},capacity,0.8250901998544684
Biomass_Herb,SW,SW_FT_High_Jetfuel_CCS_84_Herb,SW_FT_High_Jetfuel_CCS_84_Herb_biomass_edge,BECCSLiquidFuels,UnidirectionalEdge{MacroEnergy.Biomass_Herb},capacity,99.2680908392866
Biomass_Herb,TX,TX_FT_High_Jetfuel_CCS_84_Herb,TX_FT_High_Jetfuel_CCS_84_Herb_biomass_edge,BECCSLiquidFuels,UnidirectionalEdge{MacroEnergy.Biomass_Herb},capacity,16646.912927038495
Biomass_Herb,NCEN,NCEN_FT_High_Jetfuel_CCS_84_Herb,NCEN_FT_High_Jetfuel_CCS_84_Herb_biomass_edge,BECCSLiquidFuels,UnidirectionalEdge{MacroEnergy.Biomass_Herb},capacity,3394.489315791483
Biomass_Herb,CEN,CEN_FT_High_Jetfuel_CCS_84_Herb,CEN_FT_High_Jetfuel_CCS_84_Herb_biomass_edge,BECCSLiquidFuels,UnidirectionalEdge{MacroEnergy.Biomass_Herb},capacity,3343.4134930856158
Biomass_Herb,SE,SE_FT_High_Jetfuel_CCS_84_Herb,SE_FT_High_Jetfuel_CCS_84_Herb_biomass_edge,BECCSLiquidFuels,UnidirectionalEdge{MacroEnergy.Biomass_Herb},capacity,9.325512497543052
Biomass_Herb,MIDAT,MIDAT_FT_High_Jetfuel_CCS_84_Herb,MIDAT_FT_High_Jetfuel_CCS_84_Herb_biomass_edge,BECCSLiquidFuels,UnidirectionalEdge{MacroEnergy.Biomass_Herb},capacity,2.5853836191999617
Biomass_Herb,NE,NE_FT_High_Jetfuel_CCS_84_Herb,NE_FT_High_Jetfuel_CCS_84_Herb_biomass_edge,BECCSLiquidFuels,UnidirectionalEdge{MacroEnergy.Biomass_Herb},capacity,1.0972955346388216
Biomass_Wood,CA,CA_FT_High_Jetfuel_CCS_84_Wood,CA_FT_High_Jetfuel_CCS_84_Wood_biomass_edge,BECCSLiquidFuels,UnidirectionalEdge{MacroEnergy.Biomass_Wood},capacity,25.05306860911195
Biomass_Wood,NW,NW_FT_High_Jetfuel_CCS_84_Wood,NW_FT_High_Jetfuel_CCS_84_Wood_biomass_edge,BECCSLiquidFuels,UnidirectionalEdge{MacroEnergy.Biomass_Wood},capacity,0.7081477324888747
Biomass_Wood,SW,SW_FT_High_Jetfuel_CCS_84_Wood,SW_FT_High_Jetfuel_CCS_84_Wood_biomass_edge,BECCSLiquidFuels,UnidirectionalEdge{MacroEnergy.Biomass_Wood},capacity,160.8115337183912
Biomass_Wood,TX,TX_FT_High_Jetfuel_CCS_84_Wood,TX_FT_High_Jetfuel_CCS_84_Wood_biomass_edge,BECCSLiquidFuels,UnidirectionalEdge{MacroEnergy.Biomass_Wood},capacity,1001.1074488817895
Biomass_Wood,NCEN,NCEN_FT_High_Jetfuel_CCS_84_Wood,NCEN_FT_High_Jetfuel_CCS_84_Wood_biomass_edge,BECCSLiquidFuels,UnidirectionalEdge{MacroEnergy.Biomass_Wood},capacity,15.674791157544247
Biomass_Wood,CEN,CEN_FT_High_Jetfuel_CCS_84_Wood,CEN_FT_High_Jetfuel_CCS_84_Wood_biomass_edge,BECCSLiquidFuels,UnidirectionalEdge{MacroEnergy.Biomass_Wood},capacity,7.5750304659280365
Biomass_Wood,SE,SE_FT_High_Jetfuel_CCS_84_Wood,SE_FT_High_Jetfuel_CCS_84_Wood_biomass_edge,BECCSLiquidFuels,UnidirectionalEdge{MacroEnergy.Biomass_Wood},capacity,145.58589052666852
Biomass_Wood,MIDAT,MIDAT_FT_High_Jetfuel_CCS_84_Wood,MIDAT_FT_High_Jetfuel_CCS_84_Wood_biomass_edge,BECCSLiquidFuels,UnidirectionalEdge{MacroEnergy.Biomass_Wood},capacity,4.51278678440999
Biomass_Wood,NE,NE_FT_High_Jetfuel_CCS_84_Wood,NE_FT_High_Jetfuel_CCS_84_Wood_biomass_edge,BECCSLiquidFuels,UnidirectionalEdge{MacroEnergy.Biomass_Wood},capacity,1.4535282694680527
Biomass_Agri,CA,CA_FT_High_Jetfuel_CCS_84_Agri,CA_FT_High_Jetfuel_CCS_84_Agri_biomass_edge,BECCSLiquidFuels,UnidirectionalEdge{MacroEnergy.Biomass_Agri},capacity,72.49562320596573
Biomass_Agri,NW,NW_FT_High_Jetfuel_CCS_84_Agri,NW_FT_High_Jetfuel_CCS_84_Agri_biomass_edge,BECCSLiquidFuels,UnidirectionalEdge{MacroEnergy.Biomass_Agri},capacity,0.7847808295422454
Biomass_Agri,SW,SW_FT_High_Jetfuel_CCS_84_Agri,SW_FT_High_Jetfuel_CCS_84_Agri_biomass_edge,BECCSLiquidFuels,UnidirectionalEdge{MacroEnergy.Biomass_Agri},capacity,14.255566790790983
Biomass_Agri,TX,TX_FT_High_Jetfuel_CCS_84_Agri,TX_FT_High_Jetfuel_CCS_84_Agri_biomass_edge,BECCSLiquidFuels,UnidirectionalEdge{MacroEnergy.Biomass_Agri},capacity,386.67964530338145
Biomass_Agri,NCEN,NCEN_FT_High_Jetfuel_CCS_84_Agri,NCEN_FT_High_Jetfuel_CCS_84_Agri_biomass_edge,BECCSLiquidFuels,UnidirectionalEdge{MacroEnergy.Biomass_Agri},capacity,34.905123808913515
Biomass_Agri,CEN,CEN_FT_High_Jetfuel_CCS_84_Agri,CEN_FT_High_Jetfuel_CCS_84_Agri_biomass_edge,BECCSLiquidFuels,UnidirectionalEdge{MacroEnergy.Biomass_Agri},capacity,1268.9642213602303
Biomass_Agri,SE,SE_FT_High_Jetfuel_CCS_84_Agri,SE_FT_High_Jetfuel_CCS_84_Agri_biomass_edge,BECCSLiquidFuels,UnidirectionalEdge{MacroEnergy.Biomass_Agri},capacity,4.341297541605516
Biomass_Agri,MIDAT,MIDAT_FT_High_Jetfuel_CCS_84_Agri,MIDAT_FT_High_Jetfuel_CCS_84_Agri_biomass_edge,BECCSLiquidFuels,UnidirectionalEdge{MacroEnergy.Biomass_Agri},capacity,1.9254517884053668
Biomass_Agri,NE,NE_FT_High_Jetfuel_CCS_84_Agri,NE_FT_High_Jetfuel_CCS_84_Agri_biomass_edge,BECCSLiquidFuels,UnidirectionalEdge{MacroEnergy.Biomass_Agri},capacity,1.0873553663155737
Biomass_Herb,CA,CA_FT_High_Jetfuel_CCS_99_Herb,CA_FT_High_Jetfuel_CCS_99_Herb_biomass_edge,BECCSLiquidFuels,UnidirectionalEdge{MacroEnergy.Biomass_Herb},capacity,0.010048452790614714
Biomass_Herb,NW,NW_FT_High_Jetfuel_CCS_99_Herb,NW_FT_High_Jetfuel_CCS_99_Herb_biomass_edge,BECCSLiquidFuels,UnidirectionalEdge{MacroEnergy.Biomass_Herb},capacity,0.32980930125906466
Biomass_Herb,SW,SW_FT_High_Jetfuel_CCS_99_Herb,SW_FT_High_Jetfuel_CCS_99_Herb_biomass_edge,BECCSLiquidFuels,UnidirectionalEdge{MacroEnergy.Biomass_Herb},capacity,0.764687132898395
Biomass_Herb,TX,TX_FT_High_Jetfuel_CCS_99_Herb,TX_FT_High_Jetfuel_CCS_99_Herb_biomass_edge,BECCSLiquidFuels,UnidirectionalEdge{MacroEnergy.Biomass_Herb},capacity,1.282032661605405
Biomass_Herb,NCEN,NCEN_FT_High_Jetfuel_CCS_99_Herb,NCEN_FT_High_Jetfuel_CCS_99_Herb_biomass_edge,BECCSLiquidFuels,UnidirectionalEdge{MacroEnergy.Biomass_Herb},capacity,0.6065653948012093
Biomass_Herb,CEN,CEN_FT_High_Jetfuel_CCS_99_Herb,CEN_FT_High_Jetfuel_CCS_99_Herb_biomass_edge,BECCSLiquidFuels,UnidirectionalEdge{MacroEnergy.Biomass_Herb},capacity,1.6331511680081219
Biomass_Herb,SE,SE_FT_High_Jetfuel_CCS_99_Herb,SE_FT_High_Jetfuel_CCS_99_Herb_biomass_edge,BECCSLiquidFuels,UnidirectionalEdge{MacroEnergy.Biomass_Herb},capacity,0.5720047890975598
Biomass_Herb,MIDAT,MIDAT_FT_High_Jetfuel_CCS_99_Herb,MIDAT_FT_High_Jetfuel_CCS_99_Herb_biomass_edge,BECCSLiquidFuels,UnidirectionalEdge{MacroEnergy.Biomass_Herb},capacity,0.412728360064257
Biomass_Herb,NE,NE_FT_High_Jetfuel_CCS_99_Herb,NE_FT_High_Jetfuel_CCS_99_Herb_biomass_edge,BECCSLiquidFuels,UnidirectionalEdge{MacroEnergy.Biomass_Herb},capacity,0.27268518751202137
Biomass_Wood,CA,CA_FT_High_Jetfuel_CCS_99_Wood,CA_FT_High_Jetfuel_CCS_99_Wood_biomass_edge,BECCSLiquidFuels,UnidirectionalEdge{MacroEnergy.Biomass_Wood},capacity,0.7551850305129993
Biomass_Wood,NW,NW_FT_High_Jetfuel_CCS_99_Wood,NW_FT_High_Jetfuel_CCS_99_Wood_biomass_edge,BECCSLiquidFuels,UnidirectionalEdge{MacroEnergy.Biomass_Wood},capacity,0.31271181457925445
Biomass_Wood,SW,SW_FT_High_Jetfuel_CCS_99_Wood,SW_FT_High_Jetfuel_CCS_99_Wood_biomass_edge,BECCSLiquidFuels,UnidirectionalEdge{MacroEnergy.Biomass_Wood},capacity,0.6332349970177209
Biomass_Wood,TX,TX_FT_High_Jetfuel_CCS_99_Wood,TX_FT_High_Jetfuel_CCS_99_Wood_biomass_edge,BECCSLiquidFuels,UnidirectionalEdge{MacroEnergy.Biomass_Wood},capacity,0.6276748744865842
Biomass_Wood,NCEN,NCEN_FT_High_Jetfuel_CCS_99_Wood,NCEN_FT_High_Jetfuel_CCS_99_Wood_biomass_edge,BECCSLiquidFuels,UnidirectionalEdge{MacroEnergy.Biomass_Wood},capacity,0.544223088506167
Biomass_Wood,CEN,CEN_FT_High_Jetfuel_CCS_99_Wood,CEN_FT_High_Jetfuel_CCS_99_Wood_biomass_edge,BECCSLiquidFuels,UnidirectionalEdge{MacroEnergy.Biomass_Wood},capacity,0.5542891121705648
Biomass_Wood,SE,SE_FT_High_Jetfuel_CCS_99_Wood,SE_FT_High_Jetfuel_CCS_99_Wood_biomass_edge,BECCSLiquidFuels,UnidirectionalEdge{MacroEnergy.Biomass_Wood},capacity,0.5301927543693714
Biomass_Wood,MIDAT,MIDAT_FT_High_Jetfuel_CCS_99_Wood,MIDAT_FT_High_Jetfuel_CCS_99_Wood_biomass_edge,BECCSLiquidFuels,UnidirectionalEdge{MacroEnergy.Biomass_Wood},capacity,0.4398982146349141
Biomass_Wood,NE,NE_FT_High_Jetfuel_CCS_99_Wood,NE_FT_High_Jetfuel_CCS_99_Wood_biomass_edge,BECCSLiquidFuels,UnidirectionalEdge{MacroEnergy.Biomass_Wood},capacity,0.32134938117401285
Biomass_Agri,CA,CA_FT_High_Jetfuel_CCS_99_Agri,CA_FT_High_Jetfuel_CCS_99_Agri_biomass_edge,BECCSLiquidFuels,UnidirectionalEdge{MacroEnergy.Biomass_Agri},capacity,0.6869751408440185
Biomass_Agri,NW,NW_FT_High_Jetfuel_CCS_99_Agri,NW_FT_High_Jetfuel_CCS_99_Agri_biomass_edge,BECCSLiquidFuels,UnidirectionalEdge{MacroEnergy.Biomass_Agri},capacity,0.4360193124108121
Biomass_Agri,SW,SW_FT_High_Jetfuel_CCS_99_Agri,SW_FT_High_Jetfuel_CCS_99_Agri_biomass_edge,BECCSLiquidFuels,UnidirectionalEdge{MacroEnergy.Biomass_Agri},capacity,0.668651484448893
Biomass_Agri,TX,TX_FT_High_Jetfuel_CCS_99_Agri,TX_FT_High_Jetfuel_CCS_99_Agri_biomass_edge,BECCSLiquidFuels,UnidirectionalEdge{MacroEnergy.Biomass_Agri},capacity,0.6629730374999513
Biomass_Agri,NCEN,NCEN_FT_High_Jetfuel_CCS_99_Agri,NCEN_FT_High_Jetfuel_CCS_99_Agri_biomass_edge,BECCSLiquidFuels,UnidirectionalEdge{MacroEnergy.Biomass_Agri},capacity,0.906661931627858
Biomass_Agri,CEN,CEN_FT_High_Jetfuel_CCS_99_Agri,CEN_FT_High_Jetfuel_CCS_99_Agri_biomass_edge,BECCSLiquidFuels,UnidirectionalEdge{MacroEnergy.Biomass_Agri},capacity,0.7118829668534498
Biomass_Agri,SE,SE_FT_High_Jetfuel_CCS_99_Agri,SE_FT_High_Jetfuel_CCS_99_Agri_biomass_edge,BECCSLiquidFuels,UnidirectionalEdge{MacroEnergy.Biomass_Agri},capacity,0.47275235403294497
Biomass_Agri,MIDAT,MIDAT_FT_High_Jetfuel_CCS_99_Agri,MIDAT_FT_High_Jetfuel_CCS_99_Agri_biomass_edge,BECCSLiquidFuels,UnidirectionalEdge{MacroEnergy.Biomass_Agri},capacity,0.3808861086446389
Biomass_Agri,NE,NE_FT_High_Jetfuel_CCS_99_Agri,NE_FT_High_Jetfuel_CCS_99_Agri_biomass_edge,BECCSLiquidFuels,UnidirectionalEdge{MacroEnergy.Biomass_Agri},capacity,0.2824938584322676
Biomass_Herb,CA,CA_Bio_NG_Herb,CA_Bio_NG_Herb_biomass_edge,BECCSNaturalGas,UnidirectionalEdge{MacroEnergy.Biomass_Herb},capacity,0.009229227331485759
Biomass_Herb,NW,NW_Bio_NG_Herb,NW_Bio_NG_Herb_biomass_edge,BECCSNaturalGas,UnidirectionalEdge{MacroEnergy.Biomass_Herb},capacity,0.05471340525359171
Biomass_Herb,SW,SW_Bio_NG_Herb,SW_Bio_NG_Herb_biomass_edge,BECCSNaturalGas,UnidirectionalEdge{MacroEnergy.Biomass_Herb},capacity,0.07218597356397226
Biomass_Herb,TX,TX_Bio_NG_Herb,TX_Bio_NG_Herb_biomass_edge,BECCSNaturalGas,UnidirectionalEdge{MacroEnergy.Biomass_Herb},capacity,0.11835611452998211
Biomass_Herb,NCEN,NCEN_Bio_NG_Herb,NCEN_Bio_NG_Herb_biomass_edge,BECCSNaturalGas,UnidirectionalEdge{MacroEnergy.Biomass_Herb},capacity,0.10874131380566447
Biomass_Herb,CEN,CEN_Bio_NG_Herb,CEN_Bio_NG_Herb_biomass_edge,BECCSNaturalGas,UnidirectionalEdge{MacroEnergy.Biomass_Herb},capacity,0.12916321194946478
Biomass_Herb,SE,SE_Bio_NG_Herb,SE_Bio_NG_Herb_biomass_edge,BECCSNaturalGas,UnidirectionalEdge{MacroEnergy.Biomass_Herb},capacity,0.12164729223310049
Biomass_Herb,MIDAT,MIDAT_Bio_NG_Herb,MIDAT_Bio_NG_Herb_biomass_edge,BECCSNaturalGas,UnidirectionalEdge{MacroEnergy.Biomass_Herb},capacity,0.07587722389998187
Biomass_Herb,NE,NE_Bio_NG_Herb,NE_Bio_NG_Herb_biomass_edge,BECCSNaturalGas,UnidirectionalEdge{MacroEnergy.Biomass_Herb},capacity,0.06950187067077457
Biomass_Wood,CA,CA_Bio_NG_Wood,CA_Bio_NG_Wood_biomass_edge,BECCSNaturalGas,UnidirectionalEdge{MacroEnergy.Biomass_Wood},capacity,0.05612877524929939
Biomass_Wood,NW,NW_Bio_NG_Wood,NW_Bio_NG_Wood_biomass_edge,BECCSNaturalGas,UnidirectionalEdge{MacroEnergy.Biomass_Wood},capacity,0.052030913960498706
Biomass_Wood,SW,SW_Bio_NG_Wood,SW_Bio_NG_Wood_biomass_edge,BECCSNaturalGas,UnidirectionalEdge{MacroEnergy.Biomass_Wood},capacity,0.058745319421962504
Biomass_Wood,TX,TX_Bio_NG_Wood,TX_Bio_NG_Wood_biomass_edge,BECCSNaturalGas,UnidirectionalEdge{MacroEnergy.Biomass_Wood},capacity,0.056118845906367315
Biomass_Wood,NCEN,NCEN_Bio_NG_Wood,NCEN_Bio_NG_Wood_biomass_edge,BECCSNaturalGas,UnidirectionalEdge{MacroEnergy.Biomass_Wood},capacity,0.07210608753086228
Biomass_Wood,CEN,CEN_Bio_NG_Wood,CEN_Bio_NG_Wood_biomass_edge,BECCSNaturalGas,UnidirectionalEdge{MacroEnergy.Biomass_Wood},capacity,0.0719003239276684
Biomass_Wood,SE,SE_Bio_NG_Wood,SE_Bio_NG_Wood_biomass_edge,BECCSNaturalGas,UnidirectionalEdge{MacroEnergy.Biomass_Wood},capacity,0.08238655066109347
Biomass_Wood,MIDAT,MIDAT_Bio_NG_Wood,MIDAT_Bio_NG_Wood_biomass_edge,BECCSNaturalGas,UnidirectionalEdge{MacroEnergy.Biomass_Wood},capacity,0.07793511606704183
Biomass_Wood,NE,NE_Bio_NG_Wood,NE_Bio_NG_Wood_biomass_edge,BECCSNaturalGas,UnidirectionalEdge{MacroEnergy.Biomass_Wood},capacity,0.07236742980518224
Biomass_Agri,CA,CA_Bio_NG_Agri,CA_Bio_NG_Agri_biomass_edge,BECCSNaturalGas,UnidirectionalEdge{MacroEnergy.Biomass_Agri},capacity,0.062343802791055565
Biomass_Agri,NW,NW_Bio_NG_Agri,NW_Bio_NG_Agri_biomass_edge,BECCSNaturalGas,UnidirectionalEdge{MacroEnergy.Biomass_Agri},capacity,0.05449354613576908
Biomass_Agri,SW,SW_Bio_NG_Agri,SW_Bio_NG_Agri_biomass_edge,BECCSNaturalGas,UnidirectionalEdge{MacroEnergy.Biomass_Agri},capacity,0.05448445608134884
Biomass_Agri,TX,TX_Bio_NG_Agri,TX_Bio_NG_Agri_biomass_edge,BECCSNaturalGas,UnidirectionalEdge{MacroEnergy.Biomass_Agri},capacity,0.05349457425436616
Biomass_Agri,NCEN,NCEN_Bio_NG_Agri,NCEN_Bio_NG_Agri_biomass_edge,BECCSNaturalGas,UnidirectionalEdge{MacroEnergy.Biomass_Agri},capacity,0.12842661657820392
Biomass_Agri,CEN,CEN_Bio_NG_Agri,CEN_Bio_NG_Agri_biomass_edge,BECCSNaturalGas,UnidirectionalEdge{MacroEnergy.Biomass_Agri},capacity,0.1027546121379455
Biomass_Agri,SE,SE_Bio_NG_Agri,SE_Bio_NG_Agri_biomass_edge,BECCSNaturalGas,UnidirectionalEdge{MacroEnergy.Biomass_Agri},capacity,0.07175298242614864
Biomass_Agri,MIDAT,MIDAT_Bio_NG_Agri,MIDAT_Bio_NG_Agri_biomass_edge,BECCSNaturalGas,UnidirectionalEdge{MacroEnergy.Biomass_Agri},capacity,0.07029846519437175
Biomass_Agri,NE,NE_Bio_NG_Agri,NE_Bio_NG_Agri_biomass_edge,BECCSNaturalGas,UnidirectionalEdge{MacroEnergy.Biomass_Agri},capacity,0.07148164780418098
Biomass_Herb,CA,CA_Bio_NG_CCS_40_Herb,CA_Bio_NG_CCS_40_Herb_biomass_edge,BECCSNaturalGas,UnidirectionalEdge{MacroEnergy.Biomass_Herb},capacity,0.009300085006300978
Biomass_Herb,NW,NW_Bio_NG_CCS_40_Herb,NW_Bio_NG_CCS_40_Herb_biomass_edge,BECCSNaturalGas,UnidirectionalEdge{MacroEnergy.Biomass_Herb},capacity,0.058487564355607806
Biomass_Herb,SW,SW_Bio_NG_CCS_40_Herb,SW_Bio_NG_CCS_40_Herb_biomass_edge,BECCSNaturalGas,UnidirectionalEdge{MacroEnergy.Biomass_Herb},capacity,0.0730455863287913
Biomass_Herb,TX,TX_Bio_NG_CCS_40_Herb,TX_Bio_NG_CCS_40_Herb_biomass_edge,BECCSNaturalGas,UnidirectionalEdge{MacroEnergy.Biomass_Herb},capacity,0.11252567958814536
Biomass_Herb,NCEN,NCEN_Bio_NG_CCS_40_Herb,NCEN_Bio_NG_CCS_40_Herb_biomass_edge,BECCSNaturalGas,UnidirectionalEdge{MacroEnergy.Biomass_Herb},capacity,0.102278745144293
Biomass_Herb,CEN,CEN_Bio_NG_CCS_40_Herb,CEN_Bio_NG_CCS_40_Herb_biomass_edge,BECCSNaturalGas,UnidirectionalEdge{MacroEnergy.Biomass_Herb},capacity,0.12170573712613257
Biomass_Herb,SE,SE_Bio_NG_CCS_40_Herb,SE_Bio_NG_CCS_40_Herb_biomass_edge,BECCSNaturalGas,UnidirectionalEdge{MacroEnergy.Biomass_Herb},capacity,0.11766350636797715
Biomass_Herb,MIDAT,MIDAT_Bio_NG_CCS_40_Herb,MIDAT_Bio_NG_CCS_40_Herb_biomass_edge,BECCSNaturalGas,UnidirectionalEdge{MacroEnergy.Biomass_Herb},capacity,0.06813691125979447
Biomass_Herb,NE,NE_Bio_NG_CCS_40_Herb,NE_Bio_NG_CCS_40_Herb_biomass_edge,BECCSNaturalGas,UnidirectionalEdge{MacroEnergy.Biomass_Herb},capacity,0.0654886703539033
Biomass_Wood,CA,CA_Bio_NG_CCS_40_Wood,CA_Bio_NG_CCS_40_Wood_biomass_edge,BECCSNaturalGas,UnidirectionalEdge{MacroEnergy.Biomass_Wood},capacity,0.06276320219590382
Biomass_Wood,NW,NW_Bio_NG_CCS_40_Wood,NW_Bio_NG_CCS_40_Wood_biomass_edge,BECCSNaturalGas,UnidirectionalEdge{MacroEnergy.Biomass_Wood},capacity,0.05419490250856232
Biomass_Wood,SW,SW_Bio_NG_CCS_40_Wood,SW_Bio_NG_CCS_40_Wood_biomass_edge,BECCSNaturalGas,UnidirectionalEdge{MacroEnergy.Biomass_Wood},capacity,0.0591860286905964
Biomass_Wood,TX,TX_Bio_NG_CCS_40_Wood,TX_Bio_NG_CCS_40_Wood_biomass_edge,BECCSNaturalGas,UnidirectionalEdge{MacroEnergy.Biomass_Wood},capacity,0.05588589404007992
Biomass_Wood,NCEN,NCEN_Bio_NG_CCS_40_Wood,NCEN_Bio_NG_CCS_40_Wood_biomass_edge,BECCSNaturalGas,UnidirectionalEdge{MacroEnergy.Biomass_Wood},capacity,0.07146445957483778
Biomass_Wood,CEN,CEN_Bio_NG_CCS_40_Wood,CEN_Bio_NG_CCS_40_Wood_biomass_edge,BECCSNaturalGas,UnidirectionalEdge{MacroEnergy.Biomass_Wood},capacity,0.07479118978383009
Biomass_Wood,SE,SE_Bio_NG_CCS_40_Wood,SE_Bio_NG_CCS_40_Wood_biomass_edge,BECCSNaturalGas,UnidirectionalEdge{MacroEnergy.Biomass_Wood},capacity,0.08042503030122274
Biomass_Wood,MIDAT,MIDAT_Bio_NG_CCS_40_Wood,MIDAT_Bio_NG_CCS_40_Wood_biomass_edge,BECCSNaturalGas,UnidirectionalEdge{MacroEnergy.Biomass_Wood},capacity,0.07752154074104228
Biomass_Wood,NE,NE_Bio_NG_CCS_40_Wood,NE_Bio_NG_CCS_40_Wood_biomass_edge,BECCSNaturalGas,UnidirectionalEdge{MacroEnergy.Biomass_Wood},capacity,0.06505270308069545
Biomass_Agri,CA,CA_Bio_NG_CCS_40_Agri,CA_Bio_NG_CCS_40_Agri_biomass_edge,BECCSNaturalGas,UnidirectionalEdge{MacroEnergy.Biomass_Agri},capacity,0.06535599083748361
Biomass_Agri,NW,NW_Bio_NG_CCS_40_Agri,NW_Bio_NG_CCS_40_Agri_biomass_edge,BECCSNaturalGas,UnidirectionalEdge{MacroEnergy.Biomass_Agri},capacity,0.0659050528118982
Biomass_Agri,SW,SW_Bio_NG_CCS_40_Agri,SW_Bio_NG_CCS_40_Agri_biomass_edge,BECCSNaturalGas,UnidirectionalEdge{MacroEnergy.Biomass_Agri},capacity,0.06527044355629398
Biomass_Agri,TX,TX_Bio_NG_CCS_40_Agri,TX_Bio_NG_CCS_40_Agri_biomass_edge,BECCSNaturalGas,UnidirectionalEdge{MacroEnergy.Biomass_Agri},capacity,0.06148422392050287
Biomass_Agri,NCEN,NCEN_Bio_NG_CCS_40_Agri,NCEN_Bio_NG_CCS_40_Agri_biomass_edge,BECCSNaturalGas,UnidirectionalEdge{MacroEnergy.Biomass_Agri},capacity,0.13745520682283882
Biomass_Agri,CEN,CEN_Bio_NG_CCS_40_Agri,CEN_Bio_NG_CCS_40_Agri_biomass_edge,BECCSNaturalGas,UnidirectionalEdge{MacroEnergy.Biomass_Agri},capacity,0.10055402847247014
Biomass_Agri,SE,SE_Bio_NG_CCS_40_Agri,SE_Bio_NG_CCS_40_Agri_biomass_edge,BECCSNaturalGas,UnidirectionalEdge{MacroEnergy.Biomass_Agri},capacity,0.06746315656953661
Biomass_Agri,MIDAT,MIDAT_Bio_NG_CCS_40_Agri,MIDAT_Bio_NG_CCS_40_Agri_biomass_edge,BECCSNaturalGas,UnidirectionalEdge{MacroEnergy.Biomass_Agri},capacity,0.06505904521770663
Biomass_Agri,NE,NE_Bio_NG_CCS_40_Agri,NE_Bio_NG_CCS_40_Agri_biomass_edge,BECCSNaturalGas,UnidirectionalEdge{MacroEnergy.Biomass_Agri},capacity,0.06568868335837591
Biomass_Herb,CA,CA_Bio_NG_CCS_99_Herb,CA_Bio_NG_CCS_99_Herb_biomass_edge,BECCSNaturalGas,UnidirectionalEdge{MacroEnergy.Biomass_Herb},capacity,0.009286699620942064
Biomass_Herb,NW,NW_Bio_NG_CCS_99_Herb,NW_Bio_NG_CCS_99_Herb_biomass_edge,BECCSNaturalGas,UnidirectionalEdge{MacroEnergy.Biomass_Herb},capacity,0.08202721019152472
Biomass_Herb,SW,SW_Bio_NG_CCS_99_Herb,SW_Bio_NG_CCS_99_Herb_biomass_edge,BECCSNaturalGas,UnidirectionalEdge{MacroEnergy.Biomass_Herb},capacity,0.11283481899390367
Biomass_Herb,TX,TX_Bio_NG_CCS_99_Herb,TX_Bio_NG_CCS_99_Herb_biomass_edge,BECCSNaturalGas,UnidirectionalEdge{MacroEnergy.Biomass_Herb},capacity,0.18009652659379055
Biomass_Herb,NCEN,NCEN_Bio_NG_CCS_99_Herb,NCEN_Bio_NG_CCS_99_Herb_biomass_edge,BECCSNaturalGas,UnidirectionalEdge{MacroEnergy.Biomass_Herb},capacity,0.14850533816094177
Biomass_Herb,CEN,CEN_Bio_NG_CCS_99_Herb,CEN_Bio_NG_CCS_99_Herb_biomass_edge,BECCSNaturalGas,UnidirectionalEdge{MacroEnergy.Biomass_Herb},capacity,0.16348867337192954
Biomass_Herb,SE,SE_Bio_NG_CCS_99_Herb,SE_Bio_NG_CCS_99_Herb_biomass_edge,BECCSNaturalGas,UnidirectionalEdge{MacroEnergy.Biomass_Herb},capacity,0.16444612004061
Biomass_Herb,MIDAT,MIDAT_Bio_NG_CCS_99_Herb,MIDAT_Bio_NG_CCS_99_Herb_biomass_edge,BECCSNaturalGas,UnidirectionalEdge{MacroEnergy.Biomass_Herb},capacity,0.09414451833312129
Biomass_Herb,NE,NE_Bio_NG_CCS_99_Herb,NE_Bio_NG_CCS_99_Herb_biomass_edge,BECCSNaturalGas,UnidirectionalEdge{MacroEnergy.Biomass_Herb},capacity,0.07191155475483127
Biomass_Wood,CA,CA_Bio_NG_CCS_99_Wood,CA_Bio_NG_CCS_99_Wood_biomass_edge,BECCSNaturalGas,UnidirectionalEdge{MacroEnergy.Biomass_Wood},capacity,0.08364386348160636
Biomass_Wood,NW,NW_Bio_NG_CCS_99_Wood,NW_Bio_NG_CCS_99_Wood_biomass_edge,BECCSNaturalGas,UnidirectionalEdge{MacroEnergy.Biomass_Wood},capacity,0.08322057333704728
Biomass_Wood,SW,SW_Bio_NG_CCS_99_Wood,SW_Bio_NG_CCS_99_Wood_biomass_edge,BECCSNaturalGas,UnidirectionalEdge{MacroEnergy.Biomass_Wood},capacity,0.08678590879283182
Biomass_Wood,TX,TX_Bio_NG_CCS_99_Wood,TX_Bio_NG_CCS_99_Wood_biomass_edge,BECCSNaturalGas,UnidirectionalEdge{MacroEnergy.Biomass_Wood},capacity,0.08345271695705482
Biomass_Wood,NCEN,NCEN_Bio_NG_CCS_99_Wood,NCEN_Bio_NG_CCS_99_Wood_biomass_edge,BECCSNaturalGas,UnidirectionalEdge{MacroEnergy.Biomass_Wood},capacity,0.10408460654303457
Biomass_Wood,CEN,CEN_Bio_NG_CCS_99_Wood,CEN_Bio_NG_CCS_99_Wood_biomass_edge,BECCSNaturalGas,UnidirectionalEdge{MacroEnergy.Biomass_Wood},capacity,0.10919167430345768
Biomass_Wood,SE,SE_Bio_NG_CCS_99_Wood,SE_Bio_NG_CCS_99_Wood_biomass_edge,BECCSNaturalGas,UnidirectionalEdge{MacroEnergy.Biomass_Wood},capacity,0.12119787725008059
Biomass_Wood,MIDAT,MIDAT_Bio_NG_CCS_99_Wood,MIDAT_Bio_NG_CCS_99_Wood_biomass_edge,BECCSNaturalGas,UnidirectionalEdge{MacroEnergy.Biomass_Wood},capacity,0.10613613646754488
Biomass_Wood,NE,NE_Bio_NG_CCS_99_Wood,NE_Bio_NG_CCS_99_Wood_biomass_edge,BECCSNaturalGas,UnidirectionalEdge{MacroEnergy.Biomass_Wood},capacity,0.08458270705416615
Biomass_Agri,CA,CA_Bio_NG_CCS_99_Agri,CA_Bio_NG_CCS_99_Agri_biomass_edge,BECCSNaturalGas,UnidirectionalEdge{MacroEnergy.Biomass_Agri},capacity,0.09931169241514226
Biomass_Agri,NW,NW_Bio_NG_CCS_99_Agri,NW_Bio_NG_CCS_99_Agri_biomass_edge,BECCSNaturalGas,UnidirectionalEdge{MacroEnergy.Biomass_Agri},capacity,0.10360483879248639
Biomass_Agri,SW,SW_Bio_NG_CCS_99_Agri,SW_Bio_NG_CCS_99_Agri_biomass_edge,BECCSNaturalGas,UnidirectionalEdge{MacroEnergy.Biomass_Agri},capacity,0.08778647492079569
Biomass_Agri,TX,TX_Bio_NG_CCS_99_Agri,TX_Bio_NG_CCS_99_Agri_biomass_edge,BECCSNaturalGas,UnidirectionalEdge{MacroEnergy.Biomass_Agri},capacity,0.08329206303234853
Biomass_Agri,NCEN,NCEN_Bio_NG_CCS_99_Agri,NCEN_Bio_NG_CCS_99_Agri_biomass_edge,BECCSNaturalGas,UnidirectionalEdge{MacroEnergy.Biomass_Agri},capacity,0.18558626719215468
Biomass_Agri,CEN,CEN_Bio_NG_CCS_99_Agri,CEN_Bio_NG_CCS_99_Agri_biomass_edge,BECCSNaturalGas,UnidirectionalEdge{MacroEnergy.Biomass_Agri},capacity,0.14927012927684655
Biomass_Agri,SE,SE_Bio_NG_CCS_99_Agri,SE_Bio_NG_CCS_99_Agri_biomass_edge,BECCSNaturalGas,UnidirectionalEdge{MacroEnergy.Biomass_Agri},capacity,0.09259862550364034
Biomass_Agri,MIDAT,MIDAT_Bio_NG_CCS_99_Agri,MIDAT_Bio_NG_CCS_99_Agri_biomass_edge,BECCSNaturalGas,UnidirectionalEdge{MacroEnergy.Biomass_Agri},capacity,0.08574158018383188
Biomass_Agri,NE,NE_Bio_NG_CCS_99_Agri,NE_Bio_NG_CCS_99_Agri_biomass_edge,BECCSNaturalGas,UnidirectionalEdge{MacroEnergy.Biomass_Agri},capacity,0.07258444152111797
CO2Captured,CA,CA_CO2_Injection_CA_Repetto_Sst1,CA_CO2_Injection_CA_Repetto_Sst1_co2_captured_edge,CO2Injection,UnidirectionalEdge{CO2Captured},capacity,9239.9
CO2Captured,CA,CA_CO2_Injection_CA_Temblor1a,CA_CO2_Injection_CA_Temblor1a_co2_captured_edge,CO2Injection,UnidirectionalEdge{CO2Captured},capacity,32339.5
CO2Captured,CA,CA_CO2_Injection_CA_Temblor2a,CA_CO2_Injection_CA_Temblor2a_co2_captured_edge,CO2Injection,UnidirectionalEdge{CO2Captured},capacity,128780.6
CO2Captured,CA,CA_CO2_Injection_CA_Temblor1b,CA_CO2_Injection_CA_Temblor1b_co2_captured_edge,CO2Injection,UnidirectionalEdge{CO2Captured},capacity,32339.5
CO2Captured,CA,CA_CO2_Injection_CA_Temblor2b,CA_CO2_Injection_CA_Temblor2b_co2_captured_edge,CO2Injection,UnidirectionalEdge{CO2Captured},capacity,129358.0
CO2Captured,CA,CA_CO2_Injection_CA_Moreno2,CA_CO2_Injection_CA_Moreno2_co2_captured_edge,CO2Injection,UnidirectionalEdge{CO2Captured},capacity,72186.4
CO2Captured,CA,CA_CO2_Injection_CA_Repetto_Sst2a,CA_CO2_Injection_CA_Repetto_Sst2a_co2_captured_edge,CO2Injection,UnidirectionalEdge{CO2Captured},capacity,4042.4
CO2Captured,CA,CA_CO2_Injection_CA_Panoche1a,CA_CO2_Injection_CA_Panoche1a_co2_captured_edge,CO2Injection,UnidirectionalEdge{CO2Captured},capacity,56594.1
CO2Captured,CA,CA_CO2_Injection_CA_Repetto_Sst2b,CA_CO2_Injection_CA_Repetto_Sst2b_co2_captured_edge,CO2Injection,UnidirectionalEdge{CO2Captured},capacity,5197.4
CO2Captured,CA,CA_CO2_Injection_CA_Panoche1b,CA_CO2_Injection_CA_Panoche1b_co2_captured_edge,CO2Injection,UnidirectionalEdge{CO2Captured},capacity,56594.1
CO2Captured,CA,CA_CO2_Injection_CA_Repetto_Sst2c,CA_CO2_Injection_CA_Repetto_Sst2c_co2_captured_edge,CO2Injection,UnidirectionalEdge{CO2Captured},capacity,4042.4
CO2Captured,CA,CA_CO2_Injection_CA_Repetto_Sst3b,CA_CO2_Injection_CA_Repetto_Sst3b_co2_captured_edge,CO2Injection,UnidirectionalEdge{CO2Captured},capacity,1732.5
CO2Captured,CA,CA_CO2_Injection_CA_Repetto_Sst3a,CA_CO2_Injection_CA_Repetto_Sst3a_co2_captured_edge,CO2Injection,UnidirectionalEdge{CO2Captured},capacity,1155.0
CO2Captured,CA,CA_CO2_Injection_CA_Repetto_Sst3c,CA_CO2_Injection_CA_Repetto_Sst3c_co2_captured_edge,CO2Injection,UnidirectionalEdge{CO2Captured},capacity,1155.0
CO2Captured,CA,CA_CO2_Injection_CA_Repetto_Sst3d,CA_CO2_Injection_CA_Repetto_Sst3d_co2_captured_edge,CO2Injection,UnidirectionalEdge{CO2Captured},capacity,577.5
CO2Captured,CA,CA_CO2_Injection_CA_Temblor3a,CA_CO2_Injection_CA_Temblor3a_co2_captured_edge,CO2Injection,UnidirectionalEdge{CO2Captured},capacity,8084.9
CO2Captured,CA,CA_CO2_Injection_CA_Temblor3b,CA_CO2_Injection_CA_Temblor3b_co2_captured_edge,CO2Injection,UnidirectionalEdge{CO2Captured},capacity,8084.9
CO2Captured,CA,CA_CO2_Injection_CA_Temblor3c,CA_CO2_Injection_CA_Temblor3c_co2_captured_edge,CO2Injection,UnidirectionalEdge{CO2Captured},capacity,8084.9
CO2Captured,CA,CA_CO2_Injection_CA_Stevens1,CA_CO2_Injection_CA_Stevens1_co2_captured_edge,CO2Injection,UnidirectionalEdge{CO2Captured},capacity,577.5
CO2Captured,NW,NW_CO2_Injection_NW_Frontier3,NW_CO2_Injection_NW_Frontier3_co2_captured_edge,CO2Injection,UnidirectionalEdge{CO2Captured},capacity,12127.3
CO2Captured,NW,NW_CO2_Injection_NW_Entrada2,NW_CO2_Injection_NW_Entrada2_co2_captured_edge,CO2Injection,UnidirectionalEdge{CO2Captured},capacity,35804.5
CO2Captured,NW,NW_CO2_Injection_NW_Tensleep4,NW_CO2_Injection_NW_Tensleep4_co2_captured_edge,CO2Injection,UnidirectionalEdge{CO2Captured},capacity,31184.5
CO2Captured,NW,NW_CO2_Injection_NW_Lance1,NW_CO2_Injection_NW_Lance1_co2_captured_edge,CO2Injection,UnidirectionalEdge{CO2Captured},capacity,4042.4
CO2Captured,NW,NW_CO2_Injection_NW_Tensleep5,NW_CO2_Injection_NW_Tensleep5_co2_captured_edge,CO2Injection,UnidirectionalEdge{CO2Captured},capacity,18479.7
CO2Captured,NW,NW_CO2_Injection_NW_Morrison7,NW_CO2_Injection_NW_Morrison7_co2_captured_edge,CO2Injection,UnidirectionalEdge{CO2Captured},capacity,6352.4
CO2Captured,NW,NW_CO2_Injection_NW_Red_River1,NW_CO2_Injection_NW_Red_River1_co2_captured_edge,CO2Injection,UnidirectionalEdge{CO2Captured},capacity,57749.1
CO2Captured,NW,NW_CO2_Injection_NW_Maha01,NW_CO2_Injection_NW_Maha01_co2_captured_edge,CO2Injection,UnidirectionalEdge{CO2Captured},capacity,9239.9
CO2Captured,NW,NW_CO2_Injection_NW_Fort_Union2,NW_CO2_Injection_NW_Fort_Union2_co2_captured_edge,CO2Injection,UnidirectionalEdge{CO2Captured},capacity,3464.9
CO2Captured,NW,NW_CO2_Injection_NW_Entrada6,NW_CO2_Injection_NW_Entrada6_co2_captured_edge,CO2Injection,UnidirectionalEdge{CO2Captured},capacity,2887.5
CO2Captured,NW,NW_CO2_Injection_NW_Morrison8,NW_CO2_Injection_NW_Morrison8_co2_captured_edge,CO2Injection,UnidirectionalEdge{CO2Captured},capacity,9239.9
CO2Captured,NW,NW_CO2_Injection_NW_Madison_GpMission_Canyon__Fm1,NW_CO2_Injection_NW_Madison_GpMission_Canyon__Fm1_co2_captured_edge,CO2Injection,UnidirectionalEdge{CO2Captured},capacity,16169.8
CO2Captured,NW,NW_CO2_Injection_NW_InyanKara2,NW_CO2_Injection_NW_InyanKara2_co2_captured_edge,CO2Injection,UnidirectionalEdge{CO2Captured},capacity,12704.8
CO2Captured,NW,NW_CO2_Injection_NW_Minnelusa2,NW_CO2_Injection_NW_Minnelusa2_co2_captured_edge,CO2Injection,UnidirectionalEdge{CO2Captured},capacity,11549.8
CO2Captured,NW,NW_CO2_Injection_NW_InyanKara3,NW_CO2_Injection_NW_InyanKara3_co2_captured_edge,CO2Injection,UnidirectionalEdge{CO2Captured},capacity,39269.4
CO2Captured,NW,NW_CO2_Injection_NW_InyanKara1,NW_CO2_Injection_NW_InyanKara1_co2_captured_edge,CO2Injection,UnidirectionalEdge{CO2Captured},capacity,33494.5
CO2Captured,NW,NW_CO2_Injection_NW_Arbuckle3,NW_CO2_Injection_NW_Arbuckle3_co2_captured_edge,CO2Injection,UnidirectionalEdge{CO2Captured},capacity,1732.5
CO2Captured,NW,NW_CO2_Injection_NW_Red_River2,NW_CO2_Injection_NW_Red_River2_co2_captured_edge,CO2Injection,UnidirectionalEdge{CO2Captured},capacity,13859.8
CO2Captured,NW,NW_CO2_Injection_NW_Arbuckle2,NW_CO2_Injection_NW_Arbuckle2_co2_captured_edge,CO2Injection,UnidirectionalEdge{CO2Captured},capacity,8662.4
CO2Captured,NW,NW_CO2_Injection_NW_Madison_GpMission_Canyon_Fm4,NW_CO2_Injection_NW_Madison_GpMission_Canyon_Fm4_co2_captured_edge,CO2Injection,UnidirectionalEdge{CO2Captured},capacity,21944.7
CO2Captured,NW,NW_CO2_Injection_NW_Nugget1,NW_CO2_Injection_NW_Nugget1_co2_captured_edge,CO2Injection,UnidirectionalEdge{CO2Captured},capacity,10394.8
CO2Captured,NW,NW_CO2_Injection_NW_Nugget2,NW_CO2_Injection_NW_Nugget2_co2_captured_edge,CO2Injection,UnidirectionalEdge{CO2Captured},capacity,35804.5
CO2Captured,NW,NW_CO2_Injection_NW_Nugget4,NW_CO2_Injection_NW_Nugget4_co2_captured_edge,CO2Injection,UnidirectionalEdge{CO2Captured},capacity,3464.9
CO2Captured,NW,NW_CO2_Injection_NW_Madison1,NW_CO2_Injection_NW_Madison1_co2_captured_edge,CO2Injection,UnidirectionalEdge{CO2Captured},capacity,8084.9
CO2Captured,NW,NW_CO2_Injection_NW_Morrison6,NW_CO2_Injection_NW_Morrison6_co2_captured_edge,CO2Injection,UnidirectionalEdge{CO2Captured},capacity,5774.9
CO2Captured,NW,NW_CO2_Injection_NW_Entrada1,NW_CO2_Injection_NW_Entrada1_co2_captured_edge,CO2Injection,UnidirectionalEdge{CO2Captured},capacity,20789.7
CO2Captured,NW,NW_CO2_Injection_NW_Minnelusa1,NW_CO2_Injection_NW_Minnelusa1_co2_captured_edge,CO2Injection,UnidirectionalEdge{CO2Captured},capacity,7507.4
CO2Captured,NW,NW_CO2_Injection_NW_Madison_GpMission_Canyon_Fm2,NW_CO2_Injection_NW_Madison_GpMission_Canyon_Fm2_co2_captured_edge,CO2Injection,UnidirectionalEdge{CO2Captured},capacity,1155.0
CO2Captured,NW,NW_CO2_Injection_NW_DuperowLower_1,NW_CO2_Injection_NW_DuperowLower_1_co2_captured_edge,CO2Injection,UnidirectionalEdge{CO2Captured},capacity,1155.0
CO2Captured,NW,NW_CO2_Injection_NW_Basal_Cambrian1,NW_CO2_Injection_NW_Basal_Cambrian1_co2_captured_edge,CO2Injection,UnidirectionalEdge{CO2Captured},capacity,12704.8
CO2Captured,NW,NW_CO2_Injection_NW_Dakota02,NW_CO2_Injection_NW_Dakota02_co2_captured_edge,CO2Injection,UnidirectionalEdge{CO2Captured},capacity,5774.9
CO2Captured,NW,NW_CO2_Injection_NW_Basal_Cambrian7,NW_CO2_Injection_NW_Basal_Cambrian7_co2_captured_edge,CO2Injection,UnidirectionalEdge{CO2Captured},capacity,14437.3
CO2Captured,NW,NW_CO2_Injection_NW_Fountain1b,NW_CO2_Injection_NW_Fountain1b_co2_captured_edge,CO2Injection,UnidirectionalEdge{CO2Captured},capacity,2310.0
CO2Captured,NW,NW_CO2_Injection_NW_Fountain2b,NW_CO2_Injection_NW_Fountain2b_co2_captured_edge,CO2Injection,UnidirectionalEdge{CO2Captured},capacity,1155.0
CO2Captured,NW,NW_CO2_Injection_NW_Morrison3,NW_CO2_Injection_NW_Morrison3_co2_captured_edge,CO2Injection,UnidirectionalEdge{CO2Captured},capacity,6352.4
CO2Captured,NW,NW_CO2_Injection_NW_Weber2,NW_CO2_Injection_NW_Weber2_co2_captured_edge,CO2Injection,UnidirectionalEdge{CO2Captured},capacity,1155.0
CO2Captured,NW,NW_CO2_Injection_NW_Basal_Cambrian4,NW_CO2_Injection_NW_Basal_Cambrian4_co2_captured_edge,CO2Injection,UnidirectionalEdge{CO2Captured},capacity,13859.8
CO2Captured,SW,SW_CO2_Injection_SW_Forbes,SW_CO2_Injection_SW_Forbes_co2_captured_edge,CO2Injection,UnidirectionalEdge{CO2Captured},capacity,39269.4
CO2Captured,SW,SW_CO2_Injection_SW_Mokelumne_River1,SW_CO2_Injection_SW_Mokelumne_River1_co2_captured_edge,CO2Injection,UnidirectionalEdge{CO2Captured},capacity,4619.9
CO2Captured,SW,SW_CO2_Injection_SW_Moreno1Starkey,SW_CO2_Injection_SW_Moreno1Starkey_co2_captured_edge,CO2Injection,UnidirectionalEdge{CO2Captured},capacity,56594.1
CO2Captured,SW,SW_CO2_Injection_SW_Mokelumne_River2,SW_CO2_Injection_SW_Mokelumne_River2_co2_captured_edge,CO2Injection,UnidirectionalEdge{CO2Captured},capacity,83158.7
CO2Captured,SW,SW_CO2_Injection_SW_Domengine2,SW_CO2_Injection_SW_Domengine2_co2_captured_edge,CO2Injection,UnidirectionalEdge{CO2Captured},capacity,46199.3
CO2Captured,SW,SW_CO2_Injection_SW_Winters2,SW_CO2_Injection_SW_Winters2_co2_captured_edge,CO2Injection,UnidirectionalEdge{CO2Captured},capacity,80271.3
CO2Captured,SW,SW_CO2_Injection_SW_Starkey1,SW_CO2_Injection_SW_Starkey1_co2_captured_edge,CO2Injection,UnidirectionalEdge{CO2Captured},capacity,2887.5
CO2Captured,SW,SW_CO2_Injection_SW_Seven_Rivers1,SW_CO2_Injection_SW_Seven_Rivers1_co2_captured_edge,CO2Injection,UnidirectionalEdge{CO2Captured},capacity,50819.2
CO2Captured,SW,SW_CO2_Injection_SW_Wolfcamp1,SW_CO2_Injection_SW_Wolfcamp1_co2_captured_edge,CO2Injection,UnidirectionalEdge{CO2Captured},capacity,37536.9
CO2Captured,SW,SW_CO2_Injection_SW_Arbuckle4,SW_CO2_Injection_SW_Arbuckle4_co2_captured_edge,CO2Injection,UnidirectionalEdge{CO2Captured},capacity,42734.4
CO2Captured,SW,SW_CO2_Injection_SW_Domengine1,SW_CO2_Injection_SW_Domengine1_co2_captured_edge,CO2Injection,UnidirectionalEdge{CO2Captured},capacity,5774.9
CO2Captured,SW,SW_CO2_Injection_SW_Wolfcamp2,SW_CO2_Injection_SW_Wolfcamp2_co2_captured_edge,CO2Injection,UnidirectionalEdge{CO2Captured},capacity,21367.2
CO2Captured,SW,SW_CO2_Injection_SW_Morrison2,SW_CO2_Injection_SW_Morrison2_co2_captured_edge,CO2Injection,UnidirectionalEdge{CO2Captured},capacity,6929.9
CO2Captured,SW,SW_CO2_Injection_SW_Seven_Rivers2,SW_CO2_Injection_SW_Seven_Rivers2_co2_captured_edge,CO2Injection,UnidirectionalEdge{CO2Captured},capacity,9239.9
CO2Captured,SW,SW_CO2_Injection_SW_Monterey1a,SW_CO2_Injection_SW_Monterey1a_co2_captured_edge,CO2Injection,UnidirectionalEdge{CO2Captured},capacity,124160.6
CO2Captured,SW,SW_CO2_Injection_SW_Monterey1b,SW_CO2_Injection_SW_Monterey1b_co2_captured_edge,CO2Injection,UnidirectionalEdge{CO2Captured},capacity,124738.1
CO2Captured,SW,SW_CO2_Injection_SW_Morrison1,SW_CO2_Injection_SW_Morrison1_co2_captured_edge,CO2Injection,UnidirectionalEdge{CO2Captured},capacity,1155.0
CO2Captured,SW,SW_CO2_Injection_SW_Leonard2,SW_CO2_Injection_SW_Leonard2_co2_captured_edge,CO2Injection,UnidirectionalEdge{CO2Captured},capacity,6929.9
CO2Captured,SW,SW_CO2_Injection_SW_Canyon2,SW_CO2_Injection_SW_Canyon2_co2_captured_edge,CO2Injection,UnidirectionalEdge{CO2Captured},capacity,7507.4
CO2Captured,SW,SW_CO2_Injection_SW_Leonard1,SW_CO2_Injection_SW_Leonard1_co2_captured_edge,CO2Injection,UnidirectionalEdge{CO2Captured},capacity,39269.4
CO2Captured,SW,SW_CO2_Injection_SW_Canyon1,SW_CO2_Injection_SW_Canyon1_co2_captured_edge,CO2Injection,UnidirectionalEdge{CO2Captured},capacity,13859.8
CO2Captured,SW,SW_CO2_Injection_SW_Canyon4,SW_CO2_Injection_SW_Canyon4_co2_captured_edge,CO2Injection,UnidirectionalEdge{CO2Captured},capacity,9817.4
CO2Captured,SW,SW_CO2_Injection_SW_Canyon3,SW_CO2_Injection_SW_Canyon3_co2_captured_edge,CO2Injection,UnidirectionalEdge{CO2Captured},capacity,56594.1
CO2Captured,SW,SW_CO2_Injection_SW_Navajo01,SW_CO2_Injection_SW_Navajo01_co2_captured_edge,CO2Injection,UnidirectionalEdge{CO2Captured},capacity,1155.0
CO2Captured,SW,SW_CO2_Injection_SW_Queen1,SW_CO2_Injection_SW_Queen1_co2_captured_edge,CO2Injection,UnidirectionalEdge{CO2Captured},capacity,32917.0
CO2Captured,SW,SW_CO2_Injection_SW_Queen2,SW_CO2_Injection_SW_Queen2_co2_captured_edge,CO2Injection,UnidirectionalEdge{CO2Captured},capacity,5774.9
CO2Captured,SW,SW_CO2_Injection_SW_Winters1a,SW_CO2_Injection_SW_Winters1a_co2_captured_edge,CO2Injection,UnidirectionalEdge{CO2Captured},capacity,2310.0
CO2Captured,SW,SW_CO2_Injection_SW_Winters1b,SW_CO2_Injection_SW_Winters1b_co2_captured_edge,CO2Injection,UnidirectionalEdge{CO2Captured},capacity,2310.0
CO2Captured,SW,SW_CO2_Injection_SW_Winters1c,SW_CO2_Injection_SW_Winters1c_co2_captured_edge,CO2Injection,UnidirectionalEdge{CO2Captured},capacity,1732.5
CO2Captured,SW,SW_CO2_Injection_SW_Entrada8,SW_CO2_Injection_SW_Entrada8_co2_captured_edge,CO2Injection,UnidirectionalEdge{CO2Captured},capacity,4619.9
CO2Captured,SW,SW_CO2_Injection_SW_Atoka2,SW_CO2_Injection_SW_Atoka2_co2_captured_edge,CO2Injection,UnidirectionalEdge{CO2Captured},capacity,5774.9
CO2Captured,SW,SW_CO2_Injection_SW_Hermosa1b,SW_CO2_Injection_SW_Hermosa1b_co2_captured_edge,CO2Injection,UnidirectionalEdge{CO2Captured},capacity,577.5
CO2Captured,SW,SW_CO2_Injection_SW_Atoka1,SW_CO2_Injection_SW_Atoka1_co2_captured_edge,CO2Injection,UnidirectionalEdge{CO2Captured},capacity,34072.0
CO2Captured,SW,SW_CO2_Injection_SW_Hermosa1a,SW_CO2_Injection_SW_Hermosa1a_co2_captured_edge,CO2Injection,UnidirectionalEdge{CO2Captured},capacity,577.5
CO2Captured,SW,SW_CO2_Injection_SW_Cisco4,SW_CO2_Injection_SW_Cisco4_co2_captured_edge,CO2Injection,UnidirectionalEdge{CO2Captured},capacity,5197.4
CO2Captured,SW,SW_CO2_Injection_SW_Cisco3,SW_CO2_Injection_SW_Cisco3_co2_captured_edge,CO2Injection,UnidirectionalEdge{CO2Captured},capacity,31184.5
CO2Captured,SW,SW_CO2_Injection_SW_Cisco1,SW_CO2_Injection_SW_Cisco1_co2_captured_edge,CO2Injection,UnidirectionalEdge{CO2Captured},capacity,7507.4
CO2Captured,SW,SW_CO2_Injection_SW_Cisco2,SW_CO2_Injection_SW_Cisco2_co2_captured_edge,CO2Injection,UnidirectionalEdge{CO2Captured},capacity,4042.4
CO2Captured,SW,SW_CO2_Injection_SW_Entrada9,SW_CO2_Injection_SW_Entrada9_co2_captured_edge,CO2Injection,UnidirectionalEdge{CO2Captured},capacity,10394.8
CO2Captured,TX,TX_CO2_Injection_TX_Frio02,TX_CO2_Injection_TX_Frio02_co2_captured_edge,CO2Injection,UnidirectionalEdge{CO2Captured},capacity,25987.1
CO2Captured,TX,TX_CO2_Injection_TX_Frio03a,TX_CO2_Injection_TX_Frio03a_co2_captured_edge,CO2Injection,UnidirectionalEdge{CO2Captured},capacity,28297.1
CO2Captured,TX,TX_CO2_Injection_TX_Frio06,TX_CO2_Injection_TX_Frio06_co2_captured_edge,CO2Injection,UnidirectionalEdge{CO2Captured},capacity,42156.9
CO2Captured,TX,TX_CO2_Injection_TX_Frio09a,TX_CO2_Injection_TX_Frio09a_co2_captured_edge,CO2Injection,UnidirectionalEdge{CO2Captured},capacity,54861.7
CO2Captured,TX,TX_CO2_Injection_TX_Frio12a,TX_CO2_Injection_TX_Frio12a_co2_captured_edge,CO2Injection,UnidirectionalEdge{CO2Captured},capacity,46776.8
CO2Captured,TX,TX_CO2_Injection_TX_Frio12b,TX_CO2_Injection_TX_Frio12b_co2_captured_edge,CO2Injection,UnidirectionalEdge{CO2Captured},capacity,42734.4
CO2Captured,TX,TX_CO2_Injection_TX_Frio07a,TX_CO2_Injection_TX_Frio07a_co2_captured_edge,CO2Injection,UnidirectionalEdge{CO2Captured},capacity,38114.4
CO2Captured,TX,TX_CO2_Injection_TX_Frio10,TX_CO2_Injection_TX_Frio10_co2_captured_edge,CO2Injection,UnidirectionalEdge{CO2Captured},capacity,46199.3
CO2Captured,TX,TX_CO2_Injection_TX_Frio04,TX_CO2_Injection_TX_Frio04_co2_captured_edge,CO2Injection,UnidirectionalEdge{CO2Captured},capacity,10972.3
CO2Captured,TX,TX_CO2_Injection_TX_Frio13a,TX_CO2_Injection_TX_Frio13a_co2_captured_edge,CO2Injection,UnidirectionalEdge{CO2Captured},capacity,32339.5
CO2Captured,TX,TX_CO2_Injection_TX_Frio01,TX_CO2_Injection_TX_Frio01_co2_captured_edge,CO2Injection,UnidirectionalEdge{CO2Captured},capacity,12704.8
CO2Captured,TX,TX_CO2_Injection_TX_Frio03b,TX_CO2_Injection_TX_Frio03b_co2_captured_edge,CO2Injection,UnidirectionalEdge{CO2Captured},capacity,13282.3
CO2Captured,TX,TX_CO2_Injection_TX_Frio09b,TX_CO2_Injection_TX_Frio09b_co2_captured_edge,CO2Injection,UnidirectionalEdge{CO2Captured},capacity,25409.6
CO2Captured,TX,TX_CO2_Injection_TX_Frio13b,TX_CO2_Injection_TX_Frio13b_co2_captured_edge,CO2Injection,UnidirectionalEdge{CO2Captured},capacity,29452.1
CO2Captured,TX,TX_CO2_Injection_TX_Frio13c,TX_CO2_Injection_TX_Frio13c_co2_captured_edge,CO2Injection,UnidirectionalEdge{CO2Captured},capacity,25987.1
CO2Captured,TX,TX_CO2_Injection_TX_Frio11,TX_CO2_Injection_TX_Frio11_co2_captured_edge,CO2Injection,UnidirectionalEdge{CO2Captured},capacity,3464.9
CO2Captured,TX,TX_CO2_Injection_TX_Frio08,TX_CO2_Injection_TX_Frio08_co2_captured_edge,CO2Injection,UnidirectionalEdge{CO2Captured},capacity,15014.8
CO2Captured,TX,TX_CO2_Injection_TX_Lower_Tuscaloosa08,TX_CO2_Injection_TX_Lower_Tuscaloosa08_co2_captured_edge,CO2Injection,UnidirectionalEdge{CO2Captured},capacity,86046.2
CO2Captured,TX,TX_CO2_Injection_TX_Frio05,TX_CO2_Injection_TX_Frio05_co2_captured_edge,CO2Injection,UnidirectionalEdge{CO2Captured},capacity,2310.0
CO2Captured,TX,TX_CO2_Injection_TX_Lower_Tuscaloosa09,TX_CO2_Injection_TX_Lower_Tuscaloosa09_co2_captured_edge,CO2Injection,UnidirectionalEdge{CO2Captured},capacity,37536.9
CO2Captured,TX,TX_CO2_Injection_TX_WashitaFredericksburg3,TX_CO2_Injection_TX_WashitaFredericksburg3_co2_captured_edge,CO2Injection,UnidirectionalEdge{CO2Captured},capacity,15592.3
CO2Captured,TX,TX_CO2_Injection_TX_Paluxy1,TX_CO2_Injection_TX_Paluxy1_co2_captured_edge,CO2Injection,UnidirectionalEdge{CO2Captured},capacity,1732.5
CO2Captured,TX,TX_CO2_Injection_TX_Frio07b,TX_CO2_Injection_TX_Frio07b_co2_captured_edge,CO2Injection,UnidirectionalEdge{CO2Captured},capacity,6929.9
CO2Captured,TX,TX_CO2_Injection_TX_Lower_Tuscaloosa06,TX_CO2_Injection_TX_Lower_Tuscaloosa06_co2_captured_edge,CO2Injection,UnidirectionalEdge{CO2Captured},capacity,43311.8
CO2Captured,NCEN,NCEN_CO2_Injection_NCEN_Mount_Simon03,NCEN_CO2_Injection_NCEN_Mount_Simon03_co2_captured_edge,CO2Injection,UnidirectionalEdge{CO2Captured},capacity,90088.6
CO2Captured,NCEN,NCEN_CO2_Injection_NCEN_Mount_Simon06,NCEN_CO2_Injection_NCEN_Mount_Simon06_co2_captured_edge,CO2Injection,UnidirectionalEdge{CO2Captured},capacity,88356.2
CO2Captured,NCEN,NCEN_CO2_Injection_NCEN_Mount_Simon07,NCEN_CO2_Injection_NCEN_Mount_Simon07_co2_captured_edge,CO2Injection,UnidirectionalEdge{CO2Captured},capacity,18479.7
CO2Captured,NCEN,NCEN_CO2_Injection_NCEN_Mount_Simon05,NCEN_CO2_Injection_NCEN_Mount_Simon05_co2_captured_edge,CO2Injection,UnidirectionalEdge{CO2Captured},capacity,5774.9
CO2Captured,NCEN,NCEN_CO2_Injection_NCEN_Mount_Simon02,NCEN_CO2_Injection_NCEN_Mount_Simon02_co2_captured_edge,CO2Injection,UnidirectionalEdge{CO2Captured},capacity,6352.4
CO2Captured,NCEN,NCEN_CO2_Injection_NCEN_Knox3,NCEN_CO2_Injection_NCEN_Knox3_co2_captured_edge,CO2Injection,UnidirectionalEdge{CO2Captured},capacity,6929.9
CO2Captured,NCEN,NCEN_CO2_Injection_NCEN_Knox5,NCEN_CO2_Injection_NCEN_Knox5_co2_captured_edge,CO2Injection,UnidirectionalEdge{CO2Captured},capacity,2310.0
CO2Captured,NCEN,NCEN_CO2_Injection_NCEN_Knox1,NCEN_CO2_Injection_NCEN_Knox1_co2_captured_edge,CO2Injection,UnidirectionalEdge{CO2Captured},capacity,9817.4
CO2Captured,NCEN,NCEN_CO2_Injection_NCEN_StPeter07,NCEN_CO2_Injection_NCEN_StPeter07_co2_captured_edge,CO2Injection,UnidirectionalEdge{CO2Captured},capacity,1732.5
CO2Captured,NCEN,NCEN_CO2_Injection_NCEN_Mount_Simon08,NCEN_CO2_Injection_NCEN_Mount_Simon08_co2_captured_edge,CO2Injection,UnidirectionalEdge{CO2Captured},capacity,4619.9
CO2Captured,NCEN,NCEN_CO2_Injection_NCEN_Knox4,NCEN_CO2_Injection_NCEN_Knox4_co2_captured_edge,CO2Injection,UnidirectionalEdge{CO2Captured},capacity,577.5
CO2Captured,NCEN,NCEN_CO2_Injection_NCEN_Knox6,NCEN_CO2_Injection_NCEN_Knox6_co2_captured_edge,CO2Injection,UnidirectionalEdge{CO2Captured},capacity,577.5
CO2Captured,NCEN,NCEN_CO2_Injection_NCEN_Mount_Simon10,NCEN_CO2_Injection_NCEN_Mount_Simon10_co2_captured_edge,CO2Injection,UnidirectionalEdge{CO2Captured},capacity,15592.3
CO2Captured,NCEN,NCEN_CO2_Injection_NCEN_Knox2,NCEN_CO2_Injection_NCEN_Knox2_co2_captured_edge,CO2Injection,UnidirectionalEdge{CO2Captured},capacity,2310.0
CO2Captured,NCEN,NCEN_CO2_Injection_NCEN_Niagaran01,NCEN_CO2_Injection_NCEN_Niagaran01_co2_captured_edge,CO2Injection,UnidirectionalEdge{CO2Captured},capacity,6929.9
CO2Captured,CEN,CEN_CO2_Injection_CEN_Woodbine1,CEN_CO2_Injection_CEN_Woodbine1_co2_captured_edge,CO2Injection,UnidirectionalEdge{CO2Captured},capacity,150147.7
CO2Captured,CEN,CEN_CO2_Injection_CEN_Lower_Tuscaloosa01,CEN_CO2_Injection_CEN_Lower_Tuscaloosa01_co2_captured_edge,CO2Injection,UnidirectionalEdge{CO2Captured},capacity,75651.4
CO2Captured,CEN,CEN_CO2_Injection_CEN_Lower_Tuscaloosa10,CEN_CO2_Injection_CEN_Lower_Tuscaloosa10_co2_captured_edge,CO2Injection,UnidirectionalEdge{CO2Captured},capacity,46199.3
CO2Captured,CEN,CEN_CO2_Injection_CEN_Arbuckle1,CEN_CO2_Injection_CEN_Arbuckle1_co2_captured_edge,CO2Injection,UnidirectionalEdge{CO2Captured},capacity,9817.4
CO2Captured,CEN,CEN_CO2_Injection_CEN_Paluxy6,CEN_CO2_Injection_CEN_Paluxy6_co2_captured_edge,CO2Injection,UnidirectionalEdge{CO2Captured},capacity,20789.7
CO2Captured,CEN,CEN_CO2_Injection_CEN_Paluxy2,CEN_CO2_Injection_CEN_Paluxy2_co2_captured_edge,CO2Injection,UnidirectionalEdge{CO2Captured},capacity,46776.8
CO2Captured,CEN,CEN_CO2_Injection_CEN_Paluxy3,CEN_CO2_Injection_CEN_Paluxy3_co2_captured_edge,CO2Injection,UnidirectionalEdge{CO2Captured},capacity,36959.4
CO2Captured,CEN,CEN_CO2_Injection_CEN_Basal_Cambrian8,CEN_CO2_Injection_CEN_Basal_Cambrian8_co2_captured_edge,CO2Injection,UnidirectionalEdge{CO2Captured},capacity,25409.6
CO2Captured,CEN,CEN_CO2_Injection_CEN_Lower_Tuscaloosa07,CEN_CO2_Injection_CEN_Lower_Tuscaloosa07_co2_captured_edge,CO2Injection,UnidirectionalEdge{CO2Captured},capacity,4619.9
CO2Captured,SE,SE_CO2_Injection_SE_WashitaFredericksburg1,SE_CO2_Injection_SE_WashitaFredericksburg1_co2_captured_edge,CO2Injection,UnidirectionalEdge{CO2Captured},capacity,19634.7
CO2Captured,SE,SE_CO2_Injection_SE_Lower_Tuscaloosa02,SE_CO2_Injection_SE_Lower_Tuscaloosa02_co2_captured_edge,CO2Injection,UnidirectionalEdge{CO2Captured},capacity,21367.2
CO2Captured,SE,SE_CO2_Injection_SE_WashitaFredericksburg2,SE_CO2_Injection_SE_WashitaFredericksburg2_co2_captured_edge,CO2Injection,UnidirectionalEdge{CO2Captured},capacity,12704.8
CO2Captured,SE,SE_CO2_Injection_SE_Cedar_KeysLawson2,SE_CO2_Injection_SE_Cedar_KeysLawson2_co2_captured_edge,CO2Injection,UnidirectionalEdge{CO2Captured},capacity,14437.3
CO2Captured,SE,SE_CO2_Injection_SE_Paluxy5,SE_CO2_Injection_SE_Paluxy5_co2_captured_edge,CO2Injection,UnidirectionalEdge{CO2Captured},capacity,8662.4
CO2Captured,SE,SE_CO2_Injection_SE_Lower_Tuscaloosa03,SE_CO2_Injection_SE_Lower_Tuscaloosa03_co2_captured_edge,CO2Injection,UnidirectionalEdge{CO2Captured},capacity,55439.2
CO2Captured,SE,SE_CO2_Injection_SE_Paluxy4,SE_CO2_Injection_SE_Paluxy4_co2_captured_edge,CO2Injection,UnidirectionalEdge{CO2Captured},capacity,15014.8
CO2Captured,SE,SE_CO2_Injection_SE_Lower_Tuscaloosa04,SE_CO2_Injection_SE_Lower_Tuscaloosa04_co2_captured_edge,CO2Injection,UnidirectionalEdge{CO2Captured},capacity,6929.9
CO2Captured,SE,SE_CO2_Injection_SE_Cedar_KeysLawson1,SE_CO2_Injection_SE_Cedar_KeysLawson1_co2_captured_edge,CO2Injection,UnidirectionalEdge{CO2Captured},capacity,2887.5
CO2Captured,SE,SE_CO2_Injection_SE_Lower_Tuscaloosa05,SE_CO2_Injection_SE_Lower_Tuscaloosa05_co2_captured_edge,CO2Injection,UnidirectionalEdge{CO2Captured},capacity,9239.9
CO2Captured,SE,SE_CO2_Injection_SE_Sunniland1,SE_CO2_Injection_SE_Sunniland1_co2_captured_edge,CO2Injection,UnidirectionalEdge{CO2Captured},capacity,577.5
CO2Captured,MIDAT,MIDAT_CO2_Injection_MIDAT_Waste_Gate1,MIDAT_CO2_Injection_MIDAT_Waste_Gate1_co2_captured_edge,CO2Injection,UnidirectionalEdge{CO2Captured},capacity,1155.0
CO2Captured,CA,co2_CA_to_NW,co2_CA_to_NW_charge_edge,GasStorage{CO2Captured},UnidirectionalEdge{CO2Captured},capacity,0.6535016865142891
CO2Captured,CA,co2_CA_to_NW,co2_CA_to_NW_discharge_edge,GasStorage{CO2Captured},UnidirectionalEdge{CO2Captured},capacity,1.505503250708284
CO2Captured,NW,co2_NW_to_CA,co2_NW_to_CA_charge_edge,GasStorage{CO2Captured},UnidirectionalEdge{CO2Captured},capacity,1.0658426682242481
CO2Captured,NW,co2_NW_to_CA,co2_NW_to_CA_discharge_edge,GasStorage{CO2Captured},UnidirectionalEdge{CO2Captured},capacity,1.8934905482527018
CO2Captured,CA,co2_CA_to_SW,co2_CA_to_SW_charge_edge,GasStorage{CO2Captured},UnidirectionalEdge{CO2Captured},capacity,0.7266482856811052
CO2Captured,CA,co2_CA_to_SW,co2_CA_to_SW_discharge_edge,GasStorage{CO2Captured},UnidirectionalEdge{CO2Captured},capacity,1.9893708853892786
CO2Captured,SW,co2_SW_to_CA,co2_SW_to_CA_charge_edge,GasStorage{CO2Captured},UnidirectionalEdge{CO2Captured},capacity,8.649106945575449
CO2Captured,SW,co2_SW_to_CA,co2_SW_to_CA_discharge_edge,GasStorage{CO2Captured},UnidirectionalEdge{CO2Captured},capacity,9.753703932308039
CO2Captured,NW,co2_NW_to_SW,co2_NW_to_SW_charge_edge,GasStorage{CO2Captured},UnidirectionalEdge{CO2Captured},capacity,0.6649804509334167
CO2Captured,NW,co2_NW_to_SW,co2_NW_to_SW_discharge_edge,GasStorage{CO2Captured},UnidirectionalEdge{CO2Captured},capacity,1.5837330609818758
CO2Captured,SW,co2_SW_to_NW,co2_SW_to_NW_charge_edge,GasStorage{CO2Captured},UnidirectionalEdge{CO2Captured},capacity,3.7859699696784728
CO2Captured,SW,co2_SW_to_NW,co2_SW_to_NW_discharge_edge,GasStorage{CO2Captured},UnidirectionalEdge{CO2Captured},capacity,4.680933081570796
CO2Captured,SW,co2_SW_to_CEN,co2_SW_to_CEN_charge_edge,GasStorage{CO2Captured},UnidirectionalEdge{CO2Captured},capacity,0.4062180450001087
CO2Captured,SW,co2_SW_to_CEN,co2_SW_to_CEN_discharge_edge,GasStorage{CO2Captured},UnidirectionalEdge{CO2Captured},capacity,1.1161094614462423
CO2Captured,CEN,co2_CEN_to_SW,co2_CEN_to_SW_charge_edge,GasStorage{CO2Captured},UnidirectionalEdge{CO2Captured},capacity,23824.35232682842
CO2Captured,CEN,co2_CEN_to_SW,co2_CEN_to_SW_discharge_edge,GasStorage{CO2Captured},UnidirectionalEdge{CO2Captured},capacity,23825.018322668624
CO2Captured,TX,co2_TX_to_CEN,co2_TX_to_CEN_charge_edge,GasStorage{CO2Captured},UnidirectionalEdge{CO2Captured},capacity,0.7762425908335957
CO2Captured,TX,co2_TX_to_CEN,co2_TX_to_CEN_discharge_edge,GasStorage{CO2Captured},UnidirectionalEdge{CO2Captured},capacity,1.911580340435881
CO2Captured,CEN,co2_CEN_to_TX,co2_CEN_to_TX_charge_edge,GasStorage{CO2Captured},UnidirectionalEdge{CO2Captured},capacity,2676.7897789079784
CO2Captured,CEN,co2_CEN_to_TX,co2_CEN_to_TX_discharge_edge,GasStorage{CO2Captured},UnidirectionalEdge{CO2Captured},capacity,2677.9519073762613
CO2Captured,NCEN,co2_NCEN_to_CEN,co2_NCEN_to_CEN_charge_edge,GasStorage{CO2Captured},UnidirectionalEdge{CO2Captured},capacity,4025.9454600059657
CO2Captured,NCEN,co2_NCEN_to_CEN,co2_NCEN_to_CEN_discharge_edge,GasStorage{CO2Captured},UnidirectionalEdge{CO2Captured},capacity,4027.1589646205584
CO2Captured,CEN,co2_CEN_to_NCEN,co2_CEN_to_NCEN_charge_edge,GasStorage{CO2Captured},UnidirectionalEdge{CO2Captured},capacity,0.708005599111538
CO2Captured,CEN,co2_CEN_to_NCEN,co2_CEN_to_NCEN_discharge_edge,GasStorage{CO2Captured},UnidirectionalEdge{CO2Captured},capacity,1.8648109356648526
CO2Captured,NCEN,co2_NCEN_to_SE,co2_NCEN_to_SE_charge_edge,GasStorage{CO2Captured},UnidirectionalEdge{CO2Captured},capacity,0.4331891689126041
CO2Captured,NCEN,co2_NCEN_to_SE,co2_NCEN_to_SE_discharge_edge,GasStorage{CO2Captured},UnidirectionalEdge{CO2Captured},capacity,0.9814461484373794
CO2Captured,SE,co2_SE_to_NCEN,co2_SE_to_NCEN_charge_edge,GasStorage{CO2Captured},UnidirectionalEdge{CO2Captured},capacity,0.7724363960368308
CO2Captured,SE,co2_SE_to_NCEN,co2_SE_to_NCEN_discharge_edge,GasStorage{CO2Captured},UnidirectionalEdge{CO2Captured},capacity,1.3203632272309849
CO2Captured,NCEN,co2_NCEN_to_MIDAT,co2_NCEN_to_MIDAT_charge_edge,GasStorage{CO2Captured},UnidirectionalEdge{CO2Captured},capacity,0.4130207400404804
CO2Captured,NCEN,co2_NCEN_to_MIDAT,co2_NCEN_to_MIDAT_discharge_edge,GasStorage{CO2Captured},UnidirectionalEdge{CO2Captured},capacity,1.0852532334165421
CO2Captured,MIDAT,co2_MIDAT_to_NCEN,co2_MIDAT_to_NCEN_charge_edge,GasStorage{CO2Captured},UnidirectionalEdge{CO2Captured},capacity,11.738225516820181
CO2Captured,MIDAT,co2_MIDAT_to_NCEN,co2_MIDAT_to_NCEN_discharge_edge,GasStorage{CO2Captured},UnidirectionalEdge{CO2Captured},capacity,12.39111330712332
CO2Captured,CEN,co2_CEN_to_SE,co2_CEN_to_SE_charge_edge,GasStorage{CO2Captured},UnidirectionalEdge{CO2Captured},capacity,0.4082319885178109
CO2Captured,CEN,co2_CEN_to_SE,co2_CEN_to_SE_discharge_edge,GasStorage{CO2Captured},UnidirectionalEdge{CO2Captured},capacity,1.0410370448781543
CO2Captured,SE,co2_SE_to_CEN,co2_SE_to_CEN_charge_edge,GasStorage{CO2Captured},UnidirectionalEdge{CO2Captured},capacity,1143.9251443846474
CO2Captured,SE,co2_SE_to_CEN,co2_SE_to_CEN_discharge_edge,GasStorage{CO2Captured},UnidirectionalEdge{CO2Captured},capacity,1144.572894255127
CO2Captured,SE,co2_SE_to_MIDAT,co2_SE_to_MIDAT_charge_edge,GasStorage{CO2Captured},UnidirectionalEdge{CO2Captured},capacity,0.6838398166864103
CO2Captured,SE,co2_SE_to_MIDAT,co2_SE_to_MIDAT_discharge_edge,GasStorage{CO2Captured},UnidirectionalEdge{CO2Captured},capacity,1.8365533862780492
CO2Captured,MIDAT,co2_MIDAT_to_SE,co2_MIDAT_to_SE_charge_edge,GasStorage{CO2Captured},UnidirectionalEdge{CO2Captured},capacity,6.676433786362663
CO2Captured,MIDAT,co2_MIDAT_to_SE,co2_MIDAT_to_SE_discharge_edge,GasStorage{CO2Captured},UnidirectionalEdge{CO2Captured},capacity,7.777430215786855
CO2Captured,MIDAT,co2_MIDAT_to_NE,co2_MIDAT_to_NE_charge_edge,GasStorage{CO2Captured},UnidirectionalEdge{CO2Captured},capacity,0.742486886767077
CO2Captured,MIDAT,co2_MIDAT_to_NE,co2_MIDAT_to_NE_discharge_edge,GasStorage{CO2Captured},UnidirectionalEdge{CO2Captured},capacity,1.9526938222170787
CO2Captured,NE,co2_NE_to_MIDAT,co2_NE_to_MIDAT_charge_edge,GasStorage{CO2Captured},UnidirectionalEdge{CO2Captured},capacity,17.36248807112244
CO2Captured,NE,co2_NE_to_MIDAT,co2_NE_to_MIDAT_discharge_edge,GasStorage{CO2Captured},UnidirectionalEdge{CO2Captured},capacity,18.345202369417144
Electricity,CA,CA_battery_moderate_0,CA_battery_moderate_0_discharge_edge,Battery,UnidirectionalEdge{Electricity},capacity,8.265959612021252
Electricity,NW,NW_battery_moderate_0,NW_battery_moderate_0_discharge_edge,Battery,UnidirectionalEdge{Electricity},capacity,9.189755651980002
Electricity,SW,SW_battery_moderate_0,SW_battery_moderate_0_discharge_edge,Battery,UnidirectionalEdge{Electricity},capacity,8.972276492300672
Electricity,TX,TX_battery_moderate_0,TX_battery_moderate_0_discharge_edge,Battery,UnidirectionalEdge{Electricity},capacity,13.104453975463473
Electricity,NCEN,NCEN_battery_moderate_0,NCEN_battery_moderate_0_discharge_edge,Battery,UnidirectionalEdge{Electricity},capacity,8.891874958190217
Electricity,CEN,CEN_battery_moderate_0,CEN_battery_moderate_0_discharge_edge,Battery,UnidirectionalEdge{Electricity},capacity,14.412020881692225
Electricity,SE,SE_battery_moderate_0,SE_battery_moderate_0_discharge_edge,Battery,UnidirectionalEdge{Electricity},capacity,8.70438030288464
Electricity,MIDAT,MIDAT_battery_moderate_0,MIDAT_battery_moderate_0_discharge_edge,Battery,UnidirectionalEdge{Electricity},capacity,8.47475808683293
Electricity,NE,NE_battery_moderate_0,NE_battery_moderate_0_discharge_edge,Battery,UnidirectionalEdge{Electricity},capacity,8.302616086920882
Electricity,CA,CA_hydroelectric_pumped_storage_1,CA_hydroelectric_pumped_storage_1_discharge_edge,Battery,UnidirectionalEdge{Electricity},capacity,3941.888
Electricity,CEN,CEN_hydroelectric_pumped_storage_1,CEN_hydroelectric_pumped_storage_1_discharge_edge,Battery,UnidirectionalEdge{Electricity},capacity,943.008
Electricity,MIDAT,MIDAT_hydroelectric_pumped_storage_1,MIDAT_hydroelectric_pumped_storage_1_discharge_edge,Battery,UnidirectionalEdge{Electricity},capacity,5244.0
Electricity,NE,NE_hydroelectric_pumped_storage_1,NE_hydroelectric_pumped_storage_1_discharge_edge,Battery,UnidirectionalEdge{Electricity},capacity,3206.9
Electricity,NW,NW_hydroelectric_pumped_storage_1,NW_hydroelectric_pumped_storage_1_discharge_edge,Battery,UnidirectionalEdge{Electricity},capacity,313.998
Electricity,NCEN,NCEN_hydroelectric_pumped_storage_1,NCEN_hydroelectric_pumped_storage_1_discharge_edge,Battery,UnidirectionalEdge{Electricity},capacity,1999.002
Electricity,SE,SE_hydroelectric_pumped_storage_1,SE_hydroelectric_pumped_storage_1_discharge_edge,Battery,UnidirectionalEdge{Electricity},capacity,6261.984
Electricity,SW,SW_hydroelectric_pumped_storage_1,SW_hydroelectric_pumped_storage_1_discharge_edge,Battery,UnidirectionalEdge{Electricity},capacity,778.8
CO2,CA,CA_Sorbent_DAC,CA_Sorbent_DAC_co2_edge,ElectricDAC,UnidirectionalEdge{CO2},capacity,0.20201854675607916
CO2,NW,NW_Sorbent_DAC,NW_Sorbent_DAC_co2_edge,ElectricDAC,UnidirectionalEdge{CO2},capacity,0.2984513912641715
CO2,SW,SW_Sorbent_DAC,SW_Sorbent_DAC_co2_edge,ElectricDAC,UnidirectionalEdge{CO2},capacity,0.2360644250324742
CO2,TX,TX_Sorbent_DAC,TX_Sorbent_DAC_co2_edge,ElectricDAC,UnidirectionalEdge{CO2},capacity,0.19178455814956774
CO2,NCEN,NCEN_Sorbent_DAC,NCEN_Sorbent_DAC_co2_edge,ElectricDAC,UnidirectionalEdge{CO2},capacity,0.17143893014085224
CO2,CEN,CEN_Sorbent_DAC,CEN_Sorbent_DAC_co2_edge,ElectricDAC,UnidirectionalEdge{CO2},capacity,0.2254634980200947
CO2,SE,SE_Sorbent_DAC,SE_Sorbent_DAC_co2_edge,ElectricDAC,UnidirectionalEdge{CO2},capacity,0.1582799491515312
CO2,MIDAT,MIDAT_Sorbent_DAC,MIDAT_Sorbent_DAC_co2_edge,ElectricDAC,UnidirectionalEdge{CO2},capacity,0.14363703648893672
CO2,NE,NE_Sorbent_DAC,NE_Sorbent_DAC_co2_edge,ElectricDAC,UnidirectionalEdge{CO2},capacity,0.134116344026855
Hydrogen,CA,CA_Electrolyzer,CA_Electrolyzer_h2_edge,Electrolyzer,EdgeWithUC{Hydrogen},capacity,34865.204810474796
Hydrogen,NW,NW_Electrolyzer,NW_Electrolyzer_h2_edge,Electrolyzer,EdgeWithUC{Hydrogen},capacity,6070.334028012389
Hydrogen,SW,SW_Electrolyzer,SW_Electrolyzer_h2_edge,Electrolyzer,EdgeWithUC{Hydrogen},capacity,11596.275132154715
Hydrogen,TX,TX_Electrolyzer,TX_Electrolyzer_h2_edge,Electrolyzer,EdgeWithUC{Hydrogen},capacity,46260.17943430562
Hydrogen,NCEN,NCEN_Electrolyzer,NCEN_Electrolyzer_h2_edge,Electrolyzer,EdgeWithUC{Hydrogen},capacity,38618.605066719865
Hydrogen,CEN,CEN_Electrolyzer,CEN_Electrolyzer_h2_edge,Electrolyzer,EdgeWithUC{Hydrogen},capacity,36685.52244045245
Hydrogen,SE,SE_Electrolyzer,SE_Electrolyzer_h2_edge,Electrolyzer,EdgeWithUC{Hydrogen},capacity,63798.36968527265
Hydrogen,MIDAT,MIDAT_Electrolyzer,MIDAT_Electrolyzer_h2_edge,Electrolyzer,EdgeWithUC{Hydrogen},capacity,121662.19986183573
Hydrogen,NE,NE_Electrolyzer,NE_Electrolyzer_h2_edge,Electrolyzer,EdgeWithUC{Hydrogen},capacity,125568.2317426506
Electricity,CA,CA_onshore_wind_turbine_1,CA_onshore_wind_turbine_1_edge,VRE,UnidirectionalEdge{Electricity},capacity,6061.6072456806705
Electricity,CA,CA_solar_photovoltaic_1,CA_solar_photovoltaic_1_edge,VRE,UnidirectionalEdge{Electricity},capacity,12307.05501840833
Electricity,CEN,CEN_onshore_wind_turbine_1,CEN_onshore_wind_turbine_1_edge,VRE,UnidirectionalEdge{Electricity},capacity,27693.203071150925
Electricity,CEN,CEN_solar_photovoltaic_1,CEN_solar_photovoltaic_1_edge,VRE,UnidirectionalEdge{Electricity},capacity,1942.3486260573732
Electricity,MIDAT,MIDAT_onshore_wind_turbine_1,MIDAT_onshore_wind_turbine_1_edge,VRE,UnidirectionalEdge{Electricity},capacity,3231.572170356665
Electricity,MIDAT,MIDAT_solar_photovoltaic_1,MIDAT_solar_photovoltaic_1_edge,VRE,UnidirectionalEdge{Electricity},capacity,2974.5089146949767
Electricity,NE,NE_onshore_wind_turbine_1,NE_onshore_wind_turbine_1_edge,VRE,UnidirectionalEdge{Electricity},capacity,3654.471102351116
Electricity,NE,NE_solar_photovoltaic_1,NE_solar_photovoltaic_1_edge,VRE,UnidirectionalEdge{Electricity},capacity,1629.5470860935163
Electricity,NW,NW_onshore_wind_turbine_1,NW_onshore_wind_turbine_1_edge,VRE,UnidirectionalEdge{Electricity},capacity,10851.418478754034
Electricity,NW,NW_solar_photovoltaic_1,NW_solar_photovoltaic_1_edge,VRE,UnidirectionalEdge{Electricity},capacity,26.089537954057587
Electricity,NCEN,NCEN_onshore_wind_turbine_1,NCEN_onshore_wind_turbine_1_edge,VRE,UnidirectionalEdge{Electricity},capacity,22119.223285743494
Electricity,NCEN,NCEN_solar_photovoltaic_1,NCEN_solar_photovoltaic_1_edge,VRE,UnidirectionalEdge{Electricity},capacity,1260.2389732541233
Electricity,SE,SE_solar_photovoltaic_1,SE_solar_photovoltaic_1_edge,VRE,UnidirectionalEdge{Electricity},capacity,8502.116530305091
Electricity,SW,SW_onshore_wind_turbine_1,SW_onshore_wind_turbine_1_edge,VRE,UnidirectionalEdge{Electricity},capacity,5283.154876238727
Electricity,SW,SW_solar_photovoltaic_1,SW_solar_photovoltaic_1_edge,VRE,UnidirectionalEdge{Electricity},capacity,7717.355079884323
Electricity,TX,TX_onshore_wind_turbine_1,TX_onshore_wind_turbine_1_edge,VRE,UnidirectionalEdge{Electricity},capacity,24925.304757250102
Electricity,TX,TX_solar_photovoltaic_1,TX_solar_photovoltaic_1_edge,VRE,UnidirectionalEdge{Electricity},capacity,595.9683736745502
Electricity,CA,CA_CCGT-H2,CA_CCGT-H2_elec_edge,ThermalPower{Hydrogen},EdgeWithUC{Electricity},capacity,17.171710026452793
Electricity,NW,NW_CCGT-H2,NW_CCGT-H2_elec_edge,ThermalPower{Hydrogen},EdgeWithUC{Electricity},capacity,13.287987758830333
Electricity,SW,SW_CCGT-H2,SW_CCGT-H2_elec_edge,ThermalPower{Hydrogen},EdgeWithUC{Electricity},capacity,17.5411047813851
Electricity,TX,TX_CCGT-H2,TX_CCGT-H2_elec_edge,ThermalPower{Hydrogen},EdgeWithUC{Electricity},capacity,19.27151353867372
Electricity,NCEN,NCEN_CCGT-H2,NCEN_CCGT-H2_elec_edge,ThermalPower{Hydrogen},EdgeWithUC{Electricity},capacity,19.599664361938025
Electricity,CEN,CEN_CCGT-H2,CEN_CCGT-H2_elec_edge,ThermalPower{Hydrogen},EdgeWithUC{Electricity},capacity,24.1678083185831
Electricity,SE,SE_CCGT-H2,SE_CCGT-H2_elec_edge,ThermalPower{Hydrogen},EdgeWithUC{Electricity},capacity,17.139336685775437
Electricity,MIDAT,MIDAT_CCGT-H2,MIDAT_CCGT-H2_elec_edge,ThermalPower{Hydrogen},EdgeWithUC{Electricity},capacity,17.923026682878273
Electricity,NE,NE_CCGT-H2,NE_CCGT-H2_elec_edge,ThermalPower{Hydrogen},EdgeWithUC{Electricity},capacity,17.212401935536374
Electricity,CA,CA_OCGT-H2,CA_OCGT-H2_elec_edge,ThermalPower{Hydrogen},EdgeWithUC{Electricity},capacity,87581.78657048485
Electricity,NW,NW_OCGT-H2,NW_OCGT-H2_elec_edge,ThermalPower{Hydrogen},EdgeWithUC{Electricity},capacity,20.93590459128796
Electricity,SW,SW_OCGT-H2,SW_OCGT-H2_elec_edge,ThermalPower{Hydrogen},EdgeWithUC{Electricity},capacity,17212.063342267
Electricity,TX,TX_OCGT-H2,TX_OCGT-H2_elec_edge,ThermalPower{Hydrogen},EdgeWithUC{Electricity},capacity,99757.76437689793
Electricity,NCEN,NCEN_OCGT-H2,NCEN_OCGT-H2_elec_edge,ThermalPower{Hydrogen},EdgeWithUC{Electricity},capacity,50086.939836727215
Electricity,CEN,CEN_OCGT-H2,CEN_OCGT-H2_elec_edge,ThermalPower{Hydrogen},EdgeWithUC{Electricity},capacity,13895.09525992502
Electricity,SE,SE_OCGT-H2,SE_OCGT-H2_elec_edge,ThermalPower{Hydrogen},EdgeWithUC{Electricity},capacity,117843.8850901907
Electricity,MIDAT,MIDAT_OCGT-H2,MIDAT_OCGT-H2_elec_edge,ThermalPower{Hydrogen},EdgeWithUC{Electricity},capacity,320130.59456756903
Electricity,NE,NE_OCGT-H2,NE_OCGT-H2_elec_edge,ThermalPower{Hydrogen},EdgeWithUC{Electricity},capacity,322201.6923992545
Hydrogen,CA,h2_CA_to_NW,h2_CA_to_NW_charge_edge,GasStorage{Hydrogen},UnidirectionalEdge{Hydrogen},capacity,1.068354769974606
Hydrogen,CA,h2_CA_to_NW,h2_CA_to_NW_discharge_edge,GasStorage{Hydrogen},UnidirectionalEdge{Hydrogen},capacity,2.701415448034682
Hydrogen,NW,h2_NW_to_CA,h2_NW_to_CA_charge_edge,GasStorage{Hydrogen},UnidirectionalEdge{Hydrogen},capacity,8.364771671943876
Hydrogen,NW,h2_NW_to_CA,h2_NW_to_CA_discharge_edge,GasStorage{Hydrogen},UnidirectionalEdge{Hydrogen},capacity,8.925411911566554
Hydrogen,CA,h2_CA_to_SW,h2_CA_to_SW_charge_edge,GasStorage{Hydrogen},UnidirectionalEdge{Hydrogen},capacity,2.0493683395326046
Hydrogen,CA,h2_CA_to_SW,h2_CA_to_SW_discharge_edge,GasStorage{Hydrogen},UnidirectionalEdge{Hydrogen},capacity,4.217170113670451
Hydrogen,SW,h2_SW_to_CA,h2_SW_to_CA_charge_edge,GasStorage{Hydrogen},UnidirectionalEdge{Hydrogen},capacity,3.5886247721395694
Hydrogen,SW,h2_SW_to_CA,h2_SW_to_CA_discharge_edge,GasStorage{Hydrogen},UnidirectionalEdge{Hydrogen},capacity,5.107055840337628
Hydrogen,NW,h2_NW_to_SW,h2_NW_to_SW_charge_edge,GasStorage{Hydrogen},UnidirectionalEdge{Hydrogen},capacity,7.973328016727267
Hydrogen,NW,h2_NW_to_SW,h2_NW_to_SW_discharge_edge,GasStorage{Hydrogen},UnidirectionalEdge{Hydrogen},capacity,8.557997663485002
Hydrogen,SW,h2_SW_to_NW,h2_SW_to_NW_charge_edge,GasStorage{Hydrogen},UnidirectionalEdge{Hydrogen},capacity,1.3542918824645633
Hydrogen,SW,h2_SW_to_NW,h2_SW_to_NW_discharge_edge,GasStorage{Hydrogen},UnidirectionalEdge{Hydrogen},capacity,3.2489200838738985
Hydrogen,SW,h2_SW_to_CEN,h2_SW_to_CEN_charge_edge,GasStorage{Hydrogen},UnidirectionalEdge{Hydrogen},capacity,2.5161260222622692
Hydrogen,SW,h2_SW_to_CEN,h2_SW_to_CEN_discharge_edge,GasStorage{Hydrogen},UnidirectionalEdge{Hydrogen},capacity,3.1825453399177883
Hydrogen,CEN,h2_CEN_to_SW,h2_CEN_to_SW_charge_edge,GasStorage{Hydrogen},UnidirectionalEdge{Hydrogen},capacity,4.645436442485971
Hydrogen,CEN,h2_CEN_to_SW,h2_CEN_to_SW_discharge_edge,GasStorage{Hydrogen},UnidirectionalEdge{Hydrogen},capacity,5.158877383744503
Hydrogen,TX,h2_TX_to_CEN,h2_TX_to_CEN_charge_edge,GasStorage{Hydrogen},UnidirectionalEdge{Hydrogen},capacity,3.8678576801875604
Hydrogen,TX,h2_TX_to_CEN,h2_TX_to_CEN_discharge_edge,GasStorage{Hydrogen},UnidirectionalEdge{Hydrogen},capacity,4.92847626129866
Hydrogen,CEN,h2_CEN_to_TX,h2_CEN_to_TX_charge_edge,GasStorage{Hydrogen},UnidirectionalEdge{Hydrogen},capacity,6.251580514223438
Hydrogen,CEN,h2_CEN_to_TX,h2_CEN_to_TX_discharge_edge,GasStorage{Hydrogen},UnidirectionalEdge{Hydrogen},capacity,6.949747767535146
Hydrogen,NCEN,h2_NCEN_to_CEN,h2_NCEN_to_CEN_charge_edge,GasStorage{Hydrogen},UnidirectionalEdge{Hydrogen},capacity,1.8182177393009404
Hydrogen,NCEN,h2_NCEN_to_CEN,h2_NCEN_to_CEN_discharge_edge,GasStorage{Hydrogen},UnidirectionalEdge{Hydrogen},capacity,4.06998242123043
Hydrogen,CEN,h2_CEN_to_NCEN,h2_CEN_to_NCEN_charge_edge,GasStorage{Hydrogen},UnidirectionalEdge{Hydrogen},capacity,5.475084406008508
Hydrogen,CEN,h2_CEN_to_NCEN,h2_CEN_to_NCEN_discharge_edge,GasStorage{Hydrogen},UnidirectionalEdge{Hydrogen},capacity,6.610455831804669
Hydrogen,NCEN,h2_NCEN_to_SE,h2_NCEN_to_SE_charge_edge,GasStorage{Hydrogen},UnidirectionalEdge{Hydrogen},capacity,1.7453364646170015
Hydrogen,NCEN,h2_NCEN_to_SE,h2_NCEN_to_SE_discharge_edge,GasStorage{Hydrogen},UnidirectionalEdge{Hydrogen},capacity,2.1186426123598405
Hydrogen,SE,h2_SE_to_NCEN,h2_SE_to_NCEN_charge_edge,GasStorage{Hydrogen},UnidirectionalEdge{Hydrogen},capacity,1.4407029234881914
Hydrogen,SE,h2_SE_to_NCEN,h2_SE_to_NCEN_discharge_edge,GasStorage{Hydrogen},UnidirectionalEdge{Hydrogen},capacity,1.8782090585427424
Hydrogen,NCEN,h2_NCEN_to_MIDAT,h2_NCEN_to_MIDAT_charge_edge,GasStorage{Hydrogen},UnidirectionalEdge{Hydrogen},capacity,2.142908824502735
Hydrogen,NCEN,h2_NCEN_to_MIDAT,h2_NCEN_to_MIDAT_discharge_edge,GasStorage{Hydrogen},UnidirectionalEdge{Hydrogen},capacity,2.7213505173207135
Hydrogen,MIDAT,h2_MIDAT_to_NCEN,h2_MIDAT_to_NCEN_charge_edge,GasStorage{Hydrogen},UnidirectionalEdge{Hydrogen},capacity,1.4186802505519525
Hydrogen,MIDAT,h2_MIDAT_to_NCEN,h2_MIDAT_to_NCEN_discharge_edge,GasStorage{Hydrogen},UnidirectionalEdge{Hydrogen},capacity,2.4777732471040843
Hydrogen,CEN,h2_CEN_to_SE,h2_CEN_to_SE_charge_edge,GasStorage{Hydrogen},UnidirectionalEdge{Hydrogen},capacity,2.9301103741234176
Hydrogen,CEN,h2_CEN_to_SE,h2_CEN_to_SE_discharge_edge,GasStorage{Hydrogen},UnidirectionalEdge{Hydrogen},capacity,3.343396806610467
Hydrogen,SE,h2_SE_to_CEN,h2_SE_to_CEN_charge_edge,GasStorage{Hydrogen},UnidirectionalEdge{Hydrogen},capacity,1.6473042841550463
Hydrogen,SE,h2_SE_to_CEN,h2_SE_to_CEN_discharge_edge,GasStorage{Hydrogen},UnidirectionalEdge{Hydrogen},capacity,2.2719591805914914
Hydrogen,SE,h2_SE_to_MIDAT,h2_SE_to_MIDAT_charge_edge,GasStorage{Hydrogen},UnidirectionalEdge{Hydrogen},capacity,4.432240290185344
Hydrogen,SE,h2_SE_to_MIDAT,h2_SE_to_MIDAT_discharge_edge,GasStorage{Hydrogen},UnidirectionalEdge{Hydrogen},capacity,5.126965349164515
Hydrogen,MIDAT,h2_MIDAT_to_SE,h2_MIDAT_to_SE_charge_edge,GasStorage{Hydrogen},UnidirectionalEdge{Hydrogen},capacity,4.63362512495081
Hydrogen,MIDAT,h2_MIDAT_to_SE,h2_MIDAT_to_SE_discharge_edge,GasStorage{Hydrogen},UnidirectionalEdge{Hydrogen},capacity,5.396573325984178
Hydrogen,MIDAT,h2_MIDAT_to_NE,h2_MIDAT_to_NE_charge_edge,GasStorage{Hydrogen},UnidirectionalEdge{Hydrogen},capacity,3.0055506395844036
Hydrogen,MIDAT,h2_MIDAT_to_NE,h2_MIDAT_to_NE_discharge_edge,GasStorage{Hydrogen},UnidirectionalEdge{Hydrogen},capacity,4.907013223308956
Hydrogen,NE,h2_NE_to_MIDAT,h2_NE_to_MIDAT_charge_edge,GasStorage{Hydrogen},UnidirectionalEdge{Hydrogen},capacity,4.1300341823773215
Hydrogen,NE,h2_NE_to_MIDAT,h2_NE_to_MIDAT_discharge_edge,GasStorage{Hydrogen},UnidirectionalEdge{Hydrogen},capacity,4.83081662766638
Hydrogen,CA,CA_Above_ground_storage,CA_Above_ground_storage_charge_edge,GasStorage{Hydrogen},UnidirectionalEdge{Hydrogen},capacity,5806.044495105186
Hydrogen,CA,CA_Above_ground_storage,CA_Above_ground_storage_discharge_edge,GasStorage{Hydrogen},UnidirectionalEdge{Hydrogen},capacity,31816.410862406832
Hydrogen,NW,NW_Above_ground_storage,NW_Above_ground_storage_charge_edge,GasStorage{Hydrogen},UnidirectionalEdge{Hydrogen},capacity,2123.787794669282
Hydrogen,NW,NW_Above_ground_storage,NW_Above_ground_storage_discharge_edge,GasStorage{Hydrogen},UnidirectionalEdge{Hydrogen},capacity,3975.6118253145632
Hydrogen,SW,SW_Above_ground_storage,SW_Above_ground_storage_charge_edge,GasStorage{Hydrogen},UnidirectionalEdge{Hydrogen},capacity,6856.484596109973
Hydrogen,SW,SW_Above_ground_storage,SW_Above_ground_storage_discharge_edge,GasStorage{Hydrogen},UnidirectionalEdge{Hydrogen},capacity,8666.697464032763
Hydrogen,TX,TX_Above_ground_storage,TX_Above_ground_storage_charge_edge,GasStorage{Hydrogen},UnidirectionalEdge{Hydrogen},capacity,11663.632089914188
Hydrogen,TX,TX_Above_ground_storage,TX_Above_ground_storage_discharge_edge,GasStorage{Hydrogen},UnidirectionalEdge{Hydrogen},capacity,42357.48478723634
Hydrogen,NCEN,NCEN_Above_ground_storage,NCEN_Above_ground_storage_charge_edge,GasStorage{Hydrogen},UnidirectionalEdge{Hydrogen},capacity,19961.991315594598
Hydrogen,NCEN,NCEN_Above_ground_storage,NCEN_Above_ground_storage_discharge_edge,GasStorage{Hydrogen},UnidirectionalEdge{Hydrogen},capacity,30093.306431340072
Hydrogen,CEN,CEN_Above_ground_storage,CEN_Above_ground_storage_charge_edge,GasStorage{Hydrogen},UnidirectionalEdge{Hydrogen},capacity,12058.447869100117
Hydrogen,CEN,CEN_Above_ground_storage,CEN_Above_ground_storage_discharge_edge,GasStorage{Hydrogen},UnidirectionalEdge{Hydrogen},capacity,27799.067546751245
Hydrogen,SE,SE_Above_ground_storage,SE_Above_ground_storage_charge_edge,GasStorage{Hydrogen},UnidirectionalEdge{Hydrogen},capacity,33400.75821016329
Hydrogen,SE,SE_Above_ground_storage,SE_Above_ground_storage_discharge_edge,GasStorage{Hydrogen},UnidirectionalEdge{Hydrogen},capacity,52024.493846096564
Hydrogen,MIDAT,MIDAT_Above_ground_storage,MIDAT_Above_ground_storage_charge_edge,GasStorage{Hydrogen},UnidirectionalEdge{Hydrogen},capacity,14893.460032190293
Hydrogen,MIDAT,MIDAT_Above_ground_storage,MIDAT_Above_ground_storage_discharge_edge,GasStorage{Hydrogen},UnidirectionalEdge{Hydrogen},capacity,58250.351618483444
Hydrogen,NE,NE_Above_ground_storage,NE_Above_ground_storage_charge_edge,GasStorage{Hydrogen},UnidirectionalEdge{Hydrogen},capacity,18950.956230251428
Hydrogen,NE,NE_Above_ground_storage,NE_Above_ground_storage_discharge_edge,GasStorage{Hydrogen},UnidirectionalEdge{Hydrogen},capacity,53725.781472065086
Electricity,CA,CA_conventional_hydroelectric_1,CA_conventional_hydroelectric_1_discharge_edge,HydroRes,UnidirectionalEdge{Electricity},capacity,8768.208
Electricity,CA,CA_conventional_hydroelectric_1,CA_conventional_hydroelectric_1_inflow_edge,HydroRes,UnidirectionalEdge{Electricity},capacity,8768.208
Electricity,CEN,CEN_conventional_hydroelectric_1,CEN_conventional_hydroelectric_1_discharge_edge,HydroRes,UnidirectionalEdge{Electricity},capacity,5737.392
Electricity,CEN,CEN_conventional_hydroelectric_1,CEN_conventional_hydroelectric_1_inflow_edge,HydroRes,UnidirectionalEdge{Electricity},capacity,5737.392
Electricity,MIDAT,MIDAT_conventional_hydroelectric_1,MIDAT_conventional_hydroelectric_1_discharge_edge,HydroRes,UnidirectionalEdge{Electricity},capacity,2806.182
Electricity,MIDAT,MIDAT_conventional_hydroelectric_1,MIDAT_conventional_hydroelectric_1_inflow_edge,HydroRes,UnidirectionalEdge{Electricity},capacity,2806.182
Electricity,NE,NE_conventional_hydroelectric_1,NE_conventional_hydroelectric_1_discharge_edge,HydroRes,UnidirectionalEdge{Electricity},capacity,4729.48
Electricity,NE,NE_conventional_hydroelectric_1,NE_conventional_hydroelectric_1_inflow_edge,HydroRes,UnidirectionalEdge{Electricity},capacity,4729.48
Electricity,NW,NW_conventional_hydroelectric_1,NW_conventional_hydroelectric_1_discharge_edge,HydroRes,UnidirectionalEdge{Electricity},capacity,33915.912
Electricity,NW,NW_conventional_hydroelectric_1,NW_conventional_hydroelectric_1_inflow_edge,HydroRes,UnidirectionalEdge{Electricity},capacity,33915.912
Electricity,NCEN,NCEN_conventional_hydroelectric_1,NCEN_conventional_hydroelectric_1_discharge_edge,HydroRes,UnidirectionalEdge{Electricity},capacity,456.48
Electricity,NCEN,NCEN_conventional_hydroelectric_1,NCEN_conventional_hydroelectric_1_inflow_edge,HydroRes,UnidirectionalEdge{Electricity},capacity,456.48
Electricity,SE,SE_conventional_hydroelectric_1,SE_conventional_hydroelectric_1_discharge_edge,HydroRes,UnidirectionalEdge{Electricity},capacity,11123.215
Electricity,SE,SE_conventional_hydroelectric_1,SE_conventional_hydroelectric_1_inflow_edge,HydroRes,UnidirectionalEdge{Electricity},capacity,11123.215
Electricity,SW,SW_conventional_hydroelectric_1,SW_conventional_hydroelectric_1_discharge_edge,HydroRes,UnidirectionalEdge{Electricity},capacity,4444.005
Electricity,SW,SW_conventional_hydroelectric_1,SW_conventional_hydroelectric_1_inflow_edge,HydroRes,UnidirectionalEdge{Electricity},capacity,4444.005
Electricity,TX,TX_conventional_hydroelectric_1,TX_conventional_hydroelectric_1_discharge_edge,HydroRes,UnidirectionalEdge{Electricity},capacity,467.896
Electricity,TX,TX_conventional_hydroelectric_1,TX_conventional_hydroelectric_1_inflow_edge,HydroRes,UnidirectionalEdge{Electricity},capacity,467.896
Electricity,CA,CA_small_hydroelectric_1,CA_small_hydroelectric_1_elec_edge,MustRun,UnidirectionalEdge{Electricity},capacity,342.916
Electricity,CEN,CEN_small_hydroelectric_1,CEN_small_hydroelectric_1_elec_edge,MustRun,UnidirectionalEdge{Electricity},capacity,137.904
Electricity,MIDAT,MIDAT_small_hydroelectric_1,MIDAT_small_hydroelectric_1_elec_edge,MustRun,UnidirectionalEdge{Electricity},capacity,263.268
Electricity,NE,NE_small_hydroelectric_1,NE_small_hydroelectric_1_elec_edge,MustRun,UnidirectionalEdge{Electricity},capacity,834.494
Electricity,NW,NW_small_hydroelectric_1,NW_small_hydroelectric_1_elec_edge,MustRun,UnidirectionalEdge{Electricity},capacity,734.58
Electricity,NCEN,NCEN_small_hydroelectric_1,NCEN_small_hydroelectric_1_elec_edge,MustRun,UnidirectionalEdge{Electricity},capacity,482.3
Electricity,SE,SE_small_hydroelectric_1,SE_small_hydroelectric_1_elec_edge,MustRun,UnidirectionalEdge{Electricity},capacity,249.895
Electricity,SW,SW_small_hydroelectric_1,SW_small_hydroelectric_1_elec_edge,MustRun,UnidirectionalEdge{Electricity},capacity,147.75
Electricity,TX,TX_small_hydroelectric_1,TX_small_hydroelectric_1_elec_edge,MustRun,UnidirectionalEdge{Electricity},capacity,15.751
CO2,CA,CA_Solvent_wNGCC_DAC,CA_Solvent_wNGCC_DAC_co2_edge,NaturalGasDAC,UnidirectionalEdge{CO2},capacity,0.23985556557044585
CO2,NW,NW_Solvent_wNGCC_DAC,NW_Solvent_wNGCC_DAC_co2_edge,NaturalGasDAC,UnidirectionalEdge{CO2},capacity,0.3272795757513984
CO2,SW,SW_Solvent_wNGCC_DAC,SW_Solvent_wNGCC_DAC_co2_edge,NaturalGasDAC,UnidirectionalEdge{CO2},capacity,0.27499300784811637
CO2,TX,TX_Solvent_wNGCC_DAC,TX_Solvent_wNGCC_DAC_co2_edge,NaturalGasDAC,UnidirectionalEdge{CO2},capacity,0.2558347276402679
CO2,NCEN,NCEN_Solvent_wNGCC_DAC,NCEN_Solvent_wNGCC_DAC_co2_edge,NaturalGasDAC,UnidirectionalEdge{CO2},capacity,0.20522382901720754
CO2,CEN,CEN_Solvent_wNGCC_DAC,CEN_Solvent_wNGCC_DAC_co2_edge,NaturalGasDAC,UnidirectionalEdge{CO2},capacity,0.27436111360960064
CO2,SE,SE_Solvent_wNGCC_DAC,SE_Solvent_wNGCC_DAC_co2_edge,NaturalGasDAC,UnidirectionalEdge{CO2},capacity,0.1932312501512427
CO2,MIDAT,MIDAT_Solvent_wNGCC_DAC,MIDAT_Solvent_wNGCC_DAC_co2_edge,NaturalGasDAC,UnidirectionalEdge{CO2},capacity,0.18307803423684238
CO2,NE,NE_Solvent_wNGCC_DAC,NE_Solvent_wNGCC_DAC_co2_edge,NaturalGasDAC,UnidirectionalEdge{CO2},capacity,0.1655824940518456
CO2,CA,CA_Sorbent_wNGCC_DAC,CA_Sorbent_wNGCC_DAC_co2_edge,NaturalGasDAC,UnidirectionalEdge{CO2},capacity,0.05359266893520477
CO2,NW,NW_Sorbent_wNGCC_DAC,NW_Sorbent_wNGCC_DAC_co2_edge,NaturalGasDAC,UnidirectionalEdge{CO2},capacity,0.0540595959696778
CO2,SW,SW_Sorbent_wNGCC_DAC,SW_Sorbent_wNGCC_DAC_co2_edge,NaturalGasDAC,UnidirectionalEdge{CO2},capacity,0.054127001238956717
CO2,TX,TX_Sorbent_wNGCC_DAC,TX_Sorbent_wNGCC_DAC_co2_edge,NaturalGasDAC,UnidirectionalEdge{CO2},capacity,0.05519493211319132
CO2,NCEN,NCEN_Sorbent_wNGCC_DAC,NCEN_Sorbent_wNGCC_DAC_co2_edge,NaturalGasDAC,UnidirectionalEdge{CO2},capacity,0.053124136643646555
CO2,CEN,CEN_Sorbent_wNGCC_DAC,CEN_Sorbent_wNGCC_DAC_co2_edge,NaturalGasDAC,UnidirectionalEdge{CO2},capacity,0.054566530003997096
CO2,SE,SE_Sorbent_wNGCC_DAC,SE_Sorbent_wNGCC_DAC_co2_edge,NaturalGasDAC,UnidirectionalEdge{CO2},capacity,0.05267435491959923
CO2,MIDAT,MIDAT_Sorbent_wNGCC_DAC,MIDAT_Sorbent_wNGCC_DAC_co2_edge,NaturalGasDAC,UnidirectionalEdge{CO2},capacity,0.05224899374813717
CO2,NE,NE_Sorbent_wNGCC_DAC,NE_Sorbent_wNGCC_DAC_co2_edge,NaturalGasDAC,UnidirectionalEdge{CO2},capacity,0.0511218375252159
Hydrogen,CA,CA_ATR_wCCS_94pct,CA_ATR_wCCS_94pct_h2_edge,ThermalHydrogenCCS{NaturalGas},EdgeWithUC{Hydrogen},capacity,7.295115285134393
Hydrogen,NW,NW_ATR_wCCS_94pct,NW_ATR_wCCS_94pct_h2_edge,ThermalHydrogenCCS{NaturalGas},EdgeWithUC{Hydrogen},capacity,5.8363135161007555
Hydrogen,SW,SW_ATR_wCCS_94pct,SW_ATR_wCCS_94pct_h2_edge,ThermalHydrogenCCS{NaturalGas},EdgeWithUC{Hydrogen},capacity,9.77346045665499
Hydrogen,TX,TX_ATR_wCCS_94pct,TX_ATR_wCCS_94pct_h2_edge,ThermalHydrogenCCS{NaturalGas},EdgeWithUC{Hydrogen},capacity,19.906684318022435
Hydrogen,NCEN,NCEN_ATR_wCCS_94pct,NCEN_ATR_wCCS_94pct_h2_edge,ThermalHydrogenCCS{NaturalGas},EdgeWithUC{Hydrogen},capacity,7.59801269637957
Hydrogen,CEN,CEN_ATR_wCCS_94pct,CEN_ATR_wCCS_94pct_h2_edge,ThermalHydrogenCCS{NaturalGas},EdgeWithUC{Hydrogen},capacity,7.952891467995904
Hydrogen,SE,SE_ATR_wCCS_94pct,SE_ATR_wCCS_94pct_h2_edge,ThermalHydrogenCCS{NaturalGas},EdgeWithUC{Hydrogen},capacity,7.65185932017568
Hydrogen,MIDAT,MIDAT_ATR_wCCS_94pct,MIDAT_ATR_wCCS_94pct_h2_edge,ThermalHydrogenCCS{NaturalGas},EdgeWithUC{Hydrogen},capacity,6.983070658072908
Hydrogen,NE,NE_ATR_wCCS_94pct,NE_ATR_wCCS_94pct_h2_edge,ThermalHydrogenCCS{NaturalGas},EdgeWithUC{Hydrogen},capacity,5.310680601221142
Hydrogen,CA,CA_Large_SMR_wCCS_96pct,CA_Large_SMR_wCCS_96pct_h2_edge,ThermalHydrogenCCS{NaturalGas},EdgeWithUC{Hydrogen},capacity,5.847306362665062
Hydrogen,NW,NW_Large_SMR_wCCS_96pct,NW_Large_SMR_wCCS_96pct_h2_edge,ThermalHydrogenCCS{NaturalGas},EdgeWithUC{Hydrogen},capacity,4.975341412528993
Hydrogen,SW,SW_Large_SMR_wCCS_96pct,SW_Large_SMR_wCCS_96pct_h2_edge,ThermalHydrogenCCS{NaturalGas},EdgeWithUC{Hydrogen},capacity,7.308015307959468
Hydrogen,TX,TX_Large_SMR_wCCS_96pct,TX_Large_SMR_wCCS_96pct_h2_edge,ThermalHydrogenCCS{NaturalGas},EdgeWithUC{Hydrogen},capacity,11.379251425896213
Hydrogen,NCEN,NCEN_Large_SMR_wCCS_96pct,NCEN_Large_SMR_wCCS_96pct_h2_edge,ThermalHydrogenCCS{NaturalGas},EdgeWithUC{Hydrogen},capacity,6.1090684611232895
Hydrogen,CEN,CEN_Large_SMR_wCCS_96pct,CEN_Large_SMR_wCCS_96pct_h2_edge,ThermalHydrogenCCS{NaturalGas},EdgeWithUC{Hydrogen},capacity,6.446284839844721
Hydrogen,SE,SE_Large_SMR_wCCS_96pct,SE_Large_SMR_wCCS_96pct_h2_edge,ThermalHydrogenCCS{NaturalGas},EdgeWithUC{Hydrogen},capacity,6.088090990267638
Hydrogen,MIDAT,MIDAT_Large_SMR_wCCS_96pct,MIDAT_Large_SMR_wCCS_96pct_h2_edge,ThermalHydrogenCCS{NaturalGas},EdgeWithUC{Hydrogen},capacity,5.6493544101487645
Hydrogen,NE,NE_Large_SMR_wCCS_96pct,NE_Large_SMR_wCCS_96pct_h2_edge,ThermalHydrogenCCS{NaturalGas},EdgeWithUC{Hydrogen},capacity,4.512575313954137
Electricity,CA,CA_natural_gas_fired_combined_cycle_1,CA_natural_gas_fired_combined_cycle_1_elec_edge,ThermalPower{NaturalGas},EdgeWithUC{Electricity},capacity,51.347584398472776
Electricity,CA,CA_natural_gas_fired_combined_cycle_2,CA_natural_gas_fired_combined_cycle_2_elec_edge,ThermalPower{NaturalGas},EdgeWithUC{Electricity},capacity,76.71972020196557
Electricity,CA,CA_natural_gas_fired_combined_cycle_3,CA_natural_gas_fired_combined_cycle_3_elec_edge,ThermalPower{NaturalGas},EdgeWithUC{Electricity},capacity,45.526630126780745
Electricity,CA,CA_natural_gas_fired_combined_cycle_4,CA_natural_gas_fired_combined_cycle_4_elec_edge,ThermalPower{NaturalGas},EdgeWithUC{Electricity},capacity,50.25911062767414
Electricity,CA,CA_natural_gas_fired_combustion_turbine_1,CA_natural_gas_fired_combustion_turbine_1_elec_edge,ThermalPower{NaturalGas},EdgeWithUC{Electricity},capacity,68.15675250633643
Electricity,CA,CA_natural_gas_fired_combustion_turbine_2,CA_natural_gas_fired_combustion_turbine_2_elec_edge,ThermalPower{NaturalGas},EdgeWithUC{Electricity},capacity,98.17115936711036
Electricity,CEN,CEN_natural_gas_fired_combined_cycle_1,CEN_natural_gas_fired_combined_cycle_1_elec_edge,ThermalPower{NaturalGas},EdgeWithUC{Electricity},capacity,68.0840830475189
Electricity,CEN,CEN_natural_gas_fired_combined_cycle_2,CEN_natural_gas_fired_combined_cycle_2_elec_edge,ThermalPower{NaturalGas},EdgeWithUC{Electricity},capacity,98.93089839460346
Electricity,CEN,CEN_natural_gas_fired_combined_cycle_3,CEN_natural_gas_fired_combined_cycle_3_elec_edge,ThermalPower{NaturalGas},EdgeWithUC{Electricity},capacity,41.751039060330456
Electricity,CEN,CEN_natural_gas_fired_combustion_turbine_1,CEN_natural_gas_fired_combustion_turbine_1_elec_edge,ThermalPower{NaturalGas},EdgeWithUC{Electricity},capacity,70.29594754279499
Electricity,CEN,CEN_natural_gas_fired_combustion_turbine_2,CEN_natural_gas_fired_combustion_turbine_2_elec_edge,ThermalPower{NaturalGas},EdgeWithUC{Electricity},capacity,86.2405762000686
Electricity,MIDAT,MIDAT_natural_gas_fired_combined_cycle_1,MIDAT_natural_gas_fired_combined_cycle_1_elec_edge,ThermalPower{NaturalGas},EdgeWithUC{Electricity},capacity,46.09287991192745
Electricity,MIDAT,MIDAT_natural_gas_fired_combined_cycle_2,MIDAT_natural_gas_fired_combined_cycle_2_elec_edge,ThermalPower{NaturalGas},EdgeWithUC{Electricity},capacity,72.3220601532957
Electricity,MIDAT,MIDAT_natural_gas_fired_combined_cycle_3,MIDAT_natural_gas_fired_combined_cycle_3_elec_edge,ThermalPower{NaturalGas},EdgeWithUC{Electricity},capacity,71.69263962700279
Electricity,MIDAT,MIDAT_natural_gas_fired_combined_cycle_4,MIDAT_natural_gas_fired_combined_cycle_4_elec_edge,ThermalPower{NaturalGas},EdgeWithUC{Electricity},capacity,89.29530644911266
Electricity,MIDAT,MIDAT_natural_gas_fired_combustion_turbine_1,MIDAT_natural_gas_fired_combustion_turbine_1_elec_edge,ThermalPower{NaturalGas},EdgeWithUC{Electricity},capacity,91.9882228117334
Electricity,MIDAT,MIDAT_natural_gas_fired_combustion_turbine_2,MIDAT_natural_gas_fired_combustion_turbine_2_elec_edge,ThermalPower{NaturalGas},EdgeWithUC{Electricity},capacity,51.6598091075444
Electricity,NE,NE_natural_gas_fired_combined_cycle_1,NE_natural_gas_fired_combined_cycle_1_elec_edge,ThermalPower{NaturalGas},EdgeWithUC{Electricity},capacity,51.16643554641193
Electricity,NE,NE_natural_gas_fired_combined_cycle_2,NE_natural_gas_fired_combined_cycle_2_elec_edge,ThermalPower{NaturalGas},EdgeWithUC{Electricity},capacity,87.50740110238343
Electricity,NE,NE_natural_gas_fired_combined_cycle_3,NE_natural_gas_fired_combined_cycle_3_elec_edge,ThermalPower{NaturalGas},EdgeWithUC{Electricity},capacity,19.29048012580907
Electricity,NE,NE_natural_gas_fired_combustion_turbine_1,NE_natural_gas_fired_combustion_turbine_1_elec_edge,ThermalPower{NaturalGas},EdgeWithUC{Electricity},capacity,61.830432084993745
Electricity,NE,NE_natural_gas_fired_combustion_turbine_2,NE_natural_gas_fired_combustion_turbine_2_elec_edge,ThermalPower{NaturalGas},EdgeWithUC{Electricity},capacity,105.31038200376916
Electricity,NW,NW_natural_gas_fired_combined_cycle_1,NW_natural_gas_fired_combined_cycle_1_elec_edge,ThermalPower{NaturalGas},EdgeWithUC{Electricity},capacity,93.63865360057545
Electricity,NW,NW_natural_gas_fired_combined_cycle_2,NW_natural_gas_fired_combined_cycle_2_elec_edge,ThermalPower{NaturalGas},EdgeWithUC{Electricity},capacity,42.52892156888415
Electricity,NW,NW_natural_gas_fired_combined_cycle_3,NW_natural_gas_fired_combined_cycle_3_elec_edge,ThermalPower{NaturalGas},EdgeWithUC{Electricity},capacity,6.47832477890184
Electricity,NW,NW_natural_gas_fired_combined_cycle_4,NW_natural_gas_fired_combined_cycle_4_elec_edge,ThermalPower{NaturalGas},EdgeWithUC{Electricity},capacity,37.39291674606865
Electricity,NW,NW_natural_gas_fired_combustion_turbine_1,NW_natural_gas_fired_combustion_turbine_1_elec_edge,ThermalPower{NaturalGas},EdgeWithUC{Electricity},capacity,52.991101419336836
Electricity,NW,NW_natural_gas_fired_combustion_turbine_2,NW_natural_gas_fired_combustion_turbine_2_elec_edge,ThermalPower{NaturalGas},EdgeWithUC{Electricity},capacity,92.91864236319394
Electricity,NCEN,NCEN_natural_gas_fired_combined_cycle_1,NCEN_natural_gas_fired_combined_cycle_1_elec_edge,ThermalPower{NaturalGas},EdgeWithUC{Electricity},capacity,74.89701318313503
Electricity,NCEN,NCEN_natural_gas_fired_combined_cycle_2,NCEN_natural_gas_fired_combined_cycle_2_elec_edge,ThermalPower{NaturalGas},EdgeWithUC{Electricity},capacity,78.28592947292233
Electricity,NCEN,NCEN_natural_gas_fired_combined_cycle_3,NCEN_natural_gas_fired_combined_cycle_3_elec_edge,ThermalPower{NaturalGas},EdgeWithUC{Electricity},capacity,53.82693724138825
Electricity,NCEN,NCEN_natural_gas_fired_combined_cycle_4,NCEN_natural_gas_fired_combined_cycle_4_elec_edge,ThermalPower{NaturalGas},EdgeWithUC{Electricity},capacity,4.985358246374838
Electricity,NCEN,NCEN_natural_gas_fired_combustion_turbine_1,NCEN_natural_gas_fired_combustion_turbine_1_elec_edge,ThermalPower{NaturalGas},EdgeWithUC{Electricity},capacity,89.42251888888873
Electricity,NCEN,NCEN_natural_gas_fired_combustion_turbine_2,NCEN_natural_gas_fired_combustion_turbine_2_elec_edge,ThermalPower{NaturalGas},EdgeWithUC{Electricity},capacity,58.753454464581885
Electricity,SE,SE_natural_gas_fired_combined_cycle_1,SE_natural_gas_fired_combined_cycle_1_elec_edge,ThermalPower{NaturalGas},EdgeWithUC{Electricity},capacity,98.37826751909907
Electricity,SE,SE_natural_gas_fired_combined_cycle_2,SE_natural_gas_fired_combined_cycle_2_elec_edge,ThermalPower{NaturalGas},EdgeWithUC{Electricity},capacity,39.113322840121455
Electricity,SE,SE_natural_gas_fired_combined_cycle_3,SE_natural_gas_fired_combined_cycle_3_elec_edge,ThermalPower{NaturalGas},EdgeWithUC{Electricity},capacity,69.5903509740938
Electricity,SE,SE_natural_gas_fired_combined_cycle_4,SE_natural_gas_fired_combined_cycle_4_elec_edge,ThermalPower{NaturalGas},EdgeWithUC{Electricity},capacity,68.55988632177056
Electricity,SE,SE_natural_gas_fired_combustion_turbine_1,SE_natural_gas_fired_combustion_turbine_1_elec_edge,ThermalPower{NaturalGas},EdgeWithUC{Electricity},capacity,96.7977027367817
Electricity,SE,SE_natural_gas_fired_combustion_turbine_2,SE_natural_gas_fired_combustion_turbine_2_elec_edge,ThermalPower{NaturalGas},EdgeWithUC{Electricity},capacity,46.353627108244595
Electricity,SW,SW_natural_gas_fired_combined_cycle_1,SW_natural_gas_fired_combined_cycle_1_elec_edge,ThermalPower{NaturalGas},EdgeWithUC{Electricity},capacity,87.6921694495133
Electricity,SW,SW_natural_gas_fired_combined_cycle_2,SW_natural_gas_fired_combined_cycle_2_elec_edge,ThermalPower{NaturalGas},EdgeWithUC{Electricity},capacity,40.685160634049815
Electricity,SW,SW_natural_gas_fired_combined_cycle_3,SW_natural_gas_fired_combined_cycle_3_elec_edge,ThermalPower{NaturalGas},EdgeWithUC{Electricity},capacity,41.53620473861239
Electricity,SW,SW_natural_gas_fired_combustion_turbine_1,SW_natural_gas_fired_combustion_turbine_1_elec_edge,ThermalPower{NaturalGas},EdgeWithUC{Electricity},capacity,85.06584919902313
Electricity,SW,SW_natural_gas_fired_combustion_turbine_2,SW_natural_gas_fired_combustion_turbine_2_elec_edge,ThermalPower{NaturalGas},EdgeWithUC{Electricity},capacity,88.49120705189189
Electricity,TX,TX_natural_gas_fired_combined_cycle_1,TX_natural_gas_fired_combined_cycle_1_elec_edge,ThermalPower{NaturalGas},EdgeWithUC{Electricity},capacity,90.49820121924441
Electricity,TX,TX_natural_gas_fired_combined_cycle_2,TX_natural_gas_fired_combined_cycle_2_elec_edge,ThermalPower{NaturalGas},EdgeWithUC{Electricity},capacity,47.13759262369026
Electricity,TX,TX_natural_gas_fired_combined_cycle_3,TX_natural_gas_fired_combined_cycle_3_elec_edge,ThermalPower{NaturalGas},EdgeWithUC{Electricity},capacity,59.46233590010543
Electricity,TX,TX_natural_gas_fired_combined_cycle_4,TX_natural_gas_fired_combined_cycle_4_elec_edge,ThermalPower{NaturalGas},EdgeWithUC{Electricity},capacity,87.82025577826097
Electricity,TX,TX_natural_gas_fired_combustion_turbine_1,TX_natural_gas_fired_combustion_turbine_1_elec_edge,ThermalPower{NaturalGas},EdgeWithUC{Electricity},capacity,64.17207694262447
Electricity,TX,TX_natural_gas_fired_combustion_turbine_2,TX_natural_gas_fired_combustion_turbine_2_elec_edge,ThermalPower{NaturalGas},EdgeWithUC{Electricity},capacity,108.65159321223702
Electricity,CA,CA_naturalgas_ccavgcf_moderate_0,CA_naturalgas_ccavgcf_moderate_0_elec_edge,ThermalPower{NaturalGas},EdgeWithUC{Electricity},capacity,3.1204019593178356
Electricity,CA,CA_naturalgas_ctavgcf_moderate_0,CA_naturalgas_ctavgcf_moderate_0_elec_edge,ThermalPower{NaturalGas},EdgeWithUC{Electricity},capacity,2.284199963800463
Electricity,NW,NW_naturalgas_ccavgcf_moderate_0,NW_naturalgas_ccavgcf_moderate_0_elec_edge,ThermalPower{NaturalGas},EdgeWithUC{Electricity},capacity,3.6236418403468695
Electricity,NW,NW_naturalgas_ctavgcf_moderate_0,NW_naturalgas_ctavgcf_moderate_0_elec_edge,ThermalPower{NaturalGas},EdgeWithUC{Electricity},capacity,2.5507900952098104
Electricity,SW,SW_naturalgas_ccavgcf_moderate_0,SW_naturalgas_ccavgcf_moderate_0_elec_edge,ThermalPower{NaturalGas},EdgeWithUC{Electricity},capacity,4.041826086743371
Electricity,SW,SW_naturalgas_ctavgcf_moderate_0,SW_naturalgas_ctavgcf_moderate_0_elec_edge,ThermalPower{NaturalGas},EdgeWithUC{Electricity},capacity,2.840894097910615
Electricity,TX,TX_naturalgas_ccavgcf_moderate_0,TX_naturalgas_ccavgcf_moderate_0_elec_edge,ThermalPower{NaturalGas},EdgeWithUC{Electricity},capacity,4.57540689130026
Electricity,TX,TX_naturalgas_ctavgcf_moderate_0,TX_naturalgas_ctavgcf_moderate_0_elec_edge,ThermalPower{NaturalGas},EdgeWithUC{Electricity},capacity,2.987028572254885
Electricity,NCEN,NCEN_naturalgas_ccavgcf_moderate_0,NCEN_naturalgas_ccavgcf_moderate_0_elec_edge,ThermalPower{NaturalGas},EdgeWithUC{Electricity},capacity,3.767623320874805
Electricity,NCEN,NCEN_naturalgas_ctavgcf_moderate_0,NCEN_naturalgas_ctavgcf_moderate_0_elec_edge,ThermalPower{NaturalGas},EdgeWithUC{Electricity},capacity,2.540421392849993
Electricity,CEN,CEN_naturalgas_ccavgcf_moderate_0,CEN_naturalgas_ccavgcf_moderate_0_elec_edge,ThermalPower{NaturalGas},EdgeWithUC{Electricity},capacity,4.441259984964214
Electricity,CEN,CEN_naturalgas_ctavgcf_moderate_0,CEN_naturalgas_ctavgcf_moderate_0_elec_edge,ThermalPower{NaturalGas},EdgeWithUC{Electricity},capacity,2.9136855516254454
Electricity,SE,SE_naturalgas_ccavgcf_moderate_0,SE_naturalgas_ccavgcf_moderate_0_elec_edge,ThermalPower{NaturalGas},EdgeWithUC{Electricity},capacity,4.022403952365864
Electricity,SE,SE_naturalgas_ctavgcf_moderate_0,SE_naturalgas_ctavgcf_moderate_0_elec_edge,ThermalPower{NaturalGas},EdgeWithUC{Electricity},capacity,2.7500906380584462
Electricity,MIDAT,MIDAT_naturalgas_ccavgcf_moderate_0,MIDAT_naturalgas_ccavgcf_moderate_0_elec_edge,ThermalPower{NaturalGas},EdgeWithUC{Electricity},capacity,3.6929527969042937
Electricity,MIDAT,MIDAT_naturalgas_ctavgcf_moderate_0,MIDAT_naturalgas_ctavgcf_moderate_0_elec_edge,ThermalPower{NaturalGas},EdgeWithUC{Electricity},capacity,2.5890069855646285
Electricity,NE,NE_naturalgas_ccavgcf_moderate_0,NE_naturalgas_ccavgcf_moderate_0_elec_edge,ThermalPower{NaturalGas},EdgeWithUC{Electricity},capacity,3.1826488490023386
Electricity,NE,NE_naturalgas_ctavgcf_moderate_0,NE_naturalgas_ctavgcf_moderate_0_elec_edge,ThermalPower{NaturalGas},EdgeWithUC{Electricity},capacity,2.274608758822728
Electricity,CA,CA_naturalgas_ccccsavgcf_conservative_0,CA_naturalgas_ccccsavgcf_conservative_0_elec_edge,ThermalPowerCCS{NaturalGas},EdgeWithUC{Electricity},capacity,2.493717968840529
Electricity,NW,NW_naturalgas_ccccsavgcf_conservative_0,NW_naturalgas_ccccsavgcf_conservative_0_elec_edge,ThermalPowerCCS{NaturalGas},EdgeWithUC{Electricity},capacity,2.627426637963773
Electricity,SW,SW_naturalgas_ccccsavgcf_conservative_0,SW_naturalgas_ccccsavgcf_conservative_0_elec_edge,ThermalPowerCCS{NaturalGas},EdgeWithUC{Electricity},capacity,3.014688479313081
Electricity,TX,TX_naturalgas_ccccsavgcf_conservative_0,TX_naturalgas_ccccsavgcf_conservative_0_elec_edge,ThermalPowerCCS{NaturalGas},EdgeWithUC{Electricity},capacity,3.4613410558572753
Electricity,NCEN,NCEN_naturalgas_ccccsavgcf_conservative_0,NCEN_naturalgas_ccccsavgcf_conservative_0_elec_edge,ThermalPowerCCS{NaturalGas},EdgeWithUC{Electricity},capacity,2.71171597477806
Electricity,CEN,CEN_naturalgas_ccccsavgcf_conservative_0,CEN_naturalgas_ccccsavgcf_conservative_0_elec_edge,ThermalPowerCCS{NaturalGas},EdgeWithUC{Electricity},capacity,3.1435669386995193
Electricity,SE,SE_naturalgas_ccccsavgcf_conservative_0,SE_naturalgas_ccccsavgcf_conservative_0_elec_edge,ThermalPowerCCS{NaturalGas},EdgeWithUC{Electricity},capacity,2.703806485540861
Electricity,MIDAT,MIDAT_naturalgas_ccccsavgcf_conservative_0,MIDAT_naturalgas_ccccsavgcf_conservative_0_elec_edge,ThermalPowerCCS{NaturalGas},EdgeWithUC{Electricity},capacity,2.5733780166883418
Electricity,NE,NE_naturalgas_ccccsavgcf_conservative_0,NE_naturalgas_ccccsavgcf_conservative_0_elec_edge,ThermalPowerCCS{NaturalGas},EdgeWithUC{Electricity},capacity,2.2609414254572338
Electricity,CA,CA_offshorewind_class10_moderate_floating_1_1,CA_offshorewind_class10_moderate_floating_1_1_edge,VRE,UnidirectionalEdge{Electricity},capacity,2.9124211515098484
Electricity,NW,NW_offshorewind_class10_moderate_floating_1_1,NW_offshorewind_class10_moderate_floating_1_1_edge,VRE,UnidirectionalEdge{Electricity},capacity,2.5658301691617535
Electricity,NE,NE_offshorewind_class10_moderate_floating_1_1,NE_offshorewind_class10_moderate_floating_1_1_edge,VRE,UnidirectionalEdge{Electricity},capacity,3.592211000709258
Electricity,CA,CA_utilitypv_class1_moderate_70_0_2_1,CA_utilitypv_class1_moderate_70_0_2_1_edge,VRE,UnidirectionalEdge{Electricity},capacity,5.781572202158256
Electricity,CA,CA_utilitypv_class1_moderate_70_0_2_2,CA_utilitypv_class1_moderate_70_0_2_2_edge,VRE,UnidirectionalEdge{Electricity},capacity,3.9426480042142114
Electricity,CA,CA_utilitypv_class1_moderate_70_0_2_3,CA_utilitypv_class1_moderate_70_0_2_3_edge,VRE,UnidirectionalEdge{Electricity},capacity,2.407332452635165
Electricity,NW,NW_utilitypv_class1_moderate_70_0_2_1,NW_utilitypv_class1_moderate_70_0_2_1_edge,VRE,UnidirectionalEdge{Electricity},capacity,1.3556044352079024
Electricity,NW,NW_utilitypv_class1_moderate_70_0_2_2,NW_utilitypv_class1_moderate_70_0_2_2_edge,VRE,UnidirectionalEdge{Electricity},capacity,1.0415676931771154
Electricity,NW,NW_utilitypv_class1_moderate_70_0_2_3,NW_utilitypv_class1_moderate_70_0_2_3_edge,VRE,UnidirectionalEdge{Electricity},capacity,1.7024136162722243
Electricity,NW,NW_utilitypv_class1_moderate_70_0_2_4,NW_utilitypv_class1_moderate_70_0_2_4_edge,VRE,UnidirectionalEdge{Electricity},capacity,1.2673058867076363
Electricity,SW,SW_utilitypv_class1_moderate_70_0_2_1,SW_utilitypv_class1_moderate_70_0_2_1_edge,VRE,UnidirectionalEdge{Electricity},capacity,51441.164080967275
Electricity,SW,SW_utilitypv_class1_moderate_70_0_2_2,SW_utilitypv_class1_moderate_70_0_2_2_edge,VRE,UnidirectionalEdge{Electricity},capacity,3.824607047799692
Electricity,SW,SW_utilitypv_class1_moderate_70_0_2_3,SW_utilitypv_class1_moderate_70_0_2_3_edge,VRE,UnidirectionalEdge{Electricity},capacity,12.9096496259473
Electricity,SW,SW_utilitypv_class1_moderate_70_0_2_4,SW_utilitypv_class1_moderate_70_0_2_4_edge,VRE,UnidirectionalEdge{Electricity},capacity,3.6391247955141277
Electricity,SW,SW_utilitypv_class1_moderate_70_0_2_5,SW_utilitypv_class1_moderate_70_0_2_5_edge,VRE,UnidirectionalEdge{Electricity},capacity,4.2173090461169105
Electricity,TX,TX_utilitypv_class1_moderate_70_0_2_1,TX_utilitypv_class1_moderate_70_0_2_1_edge,VRE,UnidirectionalEdge{Electricity},capacity,49133.61513161626
Electricity,TX,TX_utilitypv_class1_moderate_70_0_2_2,TX_utilitypv_class1_moderate_70_0_2_2_edge,VRE,UnidirectionalEdge{Electricity},capacity,7.534187332510086
Electricity,TX,TX_utilitypv_class1_moderate_70_0_2_3,TX_utilitypv_class1_moderate_70_0_2_3_edge,VRE,UnidirectionalEdge{Electricity},capacity,3.3468341666014743
Electricity,NCEN,NCEN_utilitypv_class1_moderate_70_0_2_1,NCEN_utilitypv_class1_moderate_70_0_2_1_edge,VRE,UnidirectionalEdge{Electricity},capacity,2.3764778372871316
Electricity,NCEN,NCEN_utilitypv_class1_moderate_70_0_2_2,NCEN_utilitypv_class1_moderate_70_0_2_2_edge,VRE,UnidirectionalEdge{Electricity},capacity,1.9339919639030547
Electricity,NCEN,NCEN_utilitypv_class1_moderate_70_0_2_3,NCEN_utilitypv_class1_moderate_70_0_2_3_edge,VRE,UnidirectionalEdge{Electricity},capacity,2.7032429115075978
Electricity,NCEN,NCEN_utilitypv_class1_moderate_70_0_2_4,NCEN_utilitypv_class1_moderate_70_0_2_4_edge,VRE,UnidirectionalEdge{Electricity},capacity,1.5040074574530171
Electricity,NCEN,NCEN_utilitypv_class1_moderate_70_0_2_5,NCEN_utilitypv_class1_moderate_70_0_2_5_edge,VRE,UnidirectionalEdge{Electricity},capacity,1.6479926999034866
Electricity,NCEN,NCEN_utilitypv_class1_moderate_70_0_2_6,NCEN_utilitypv_class1_moderate_70_0_2_6_edge,VRE,UnidirectionalEdge{Electricity},capacity,1.4076057526427743
Electricity,NCEN,NCEN_utilitypv_class1_moderate_70_0_2_7,NCEN_utilitypv_class1_moderate_70_0_2_7_edge,VRE,UnidirectionalEdge{Electricity},capacity,1.7351469575572585
Electricity,CEN,CEN_utilitypv_class1_moderate_70_0_2_1,CEN_utilitypv_class1_moderate_70_0_2_1_edge,VRE,UnidirectionalEdge{Electricity},capacity,4.52952877806601
Electricity,CEN,CEN_utilitypv_class1_moderate_70_0_2_2,CEN_utilitypv_class1_moderate_70_0_2_2_edge,VRE,UnidirectionalEdge{Electricity},capacity,22.926756502775785
Electricity,CEN,CEN_utilitypv_class1_moderate_70_0_2_3,CEN_utilitypv_class1_moderate_70_0_2_3_edge,VRE,UnidirectionalEdge{Electricity},capacity,3.6568515358087326
Electricity,CEN,CEN_utilitypv_class1_moderate_70_0_2_4,CEN_utilitypv_class1_moderate_70_0_2_4_edge,VRE,UnidirectionalEdge{Electricity},capacity,25970.95022620767
Electricity,CEN,CEN_utilitypv_class1_moderate_70_0_2_5,CEN_utilitypv_class1_moderate_70_0_2_5_edge,VRE,UnidirectionalEdge{Electricity},capacity,1.7522850008704804
Electricity,SE,SE_utilitypv_class1_moderate_70_0_2_1,SE_utilitypv_class1_moderate_70_0_2_1_edge,VRE,UnidirectionalEdge{Electricity},capacity,7.959647056050928
Electricity,SE,SE_utilitypv_class1_moderate_70_0_2_2,SE_utilitypv_class1_moderate_70_0_2_2_edge,VRE,UnidirectionalEdge{Electricity},capacity,180397.47227656143
Electricity,SE,SE_utilitypv_class1_moderate_70_0_2_3,SE_utilitypv_class1_moderate_70_0_2_3_edge,VRE,UnidirectionalEdge{Electricity},capacity,7.056749649553465
Electricity,SE,SE_utilitypv_class1_moderate_70_0_2_4,SE_utilitypv_class1_moderate_70_0_2_4_edge,VRE,UnidirectionalEdge{Electricity},capacity,1.8707937421531102
Electricity,SE,SE_utilitypv_class1_moderate_70_0_2_5,SE_utilitypv_class1_moderate_70_0_2_5_edge,VRE,UnidirectionalEdge{Electricity},capacity,6.159572093892452
Electricity,SE,SE_utilitypv_class1_moderate_70_0_2_6,SE_utilitypv_class1_moderate_70_0_2_6_edge,VRE,UnidirectionalEdge{Electricity},capacity,2.930096173865422
Electricity,SE,SE_utilitypv_class1_moderate_70_0_2_7,SE_utilitypv_class1_moderate_70_0_2_7_edge,VRE,UnidirectionalEdge{Electricity},capacity,6.712747817632005
Electricity,SE,SE_utilitypv_class1_moderate_70_0_2_8,SE_utilitypv_class1_moderate_70_0_2_8_edge,VRE,UnidirectionalEdge{Electricity},capacity,4.034368516463253
Electricity,MIDAT,MIDAT_utilitypv_class1_moderate_70_0_2_1,MIDAT_utilitypv_class1_moderate_70_0_2_1_edge,VRE,UnidirectionalEdge{Electricity},capacity,8.118379987045058
Electricity,MIDAT,MIDAT_utilitypv_class1_moderate_70_0_2_2,MIDAT_utilitypv_class1_moderate_70_0_2_2_edge,VRE,UnidirectionalEdge{Electricity},capacity,7.82391539374719
Electricity,MIDAT,MIDAT_utilitypv_class1_moderate_70_0_2_3,MIDAT_utilitypv_class1_moderate_70_0_2_3_edge,VRE,UnidirectionalEdge{Electricity},capacity,7.609202667044568
Electricity,MIDAT,MIDAT_utilitypv_class1_moderate_70_0_2_4,MIDAT_utilitypv_class1_moderate_70_0_2_4_edge,VRE,UnidirectionalEdge{Electricity},capacity,2.275672879089444
Electricity,MIDAT,MIDAT_utilitypv_class1_moderate_70_0_2_5,MIDAT_utilitypv_class1_moderate_70_0_2_5_edge,VRE,UnidirectionalEdge{Electricity},capacity,4.064953848356989
Electricity,MIDAT,MIDAT_utilitypv_class1_moderate_70_0_2_6,MIDAT_utilitypv_class1_moderate_70_0_2_6_edge,VRE,UnidirectionalEdge{Electricity},capacity,5.733525755986734
Electricity,MIDAT,MIDAT_utilitypv_class1_moderate_70_0_2_7,MIDAT_utilitypv_class1_moderate_70_0_2_7_edge,VRE,UnidirectionalEdge{Electricity},capacity,4.25924096822565
Electricity,NE,NE_utilitypv_class1_moderate_70_0_2_1,NE_utilitypv_class1_moderate_70_0_2_1_edge,VRE,UnidirectionalEdge{Electricity},capacity,11.332274560752639
Electricity,NE,NE_utilitypv_class1_moderate_70_0_2_2,NE_utilitypv_class1_moderate_70_0_2_2_edge,VRE,UnidirectionalEdge{Electricity},capacity,10.989067619873785
Electricity,NE,NE_utilitypv_class1_moderate_70_0_2_3,NE_utilitypv_class1_moderate_70_0_2_3_edge,VRE,UnidirectionalEdge{Electricity},capacity,4.6103495519291275
Electricity,NE,NE_utilitypv_class1_moderate_70_0_2_4,NE_utilitypv_class1_moderate_70_0_2_4_edge,VRE,UnidirectionalEdge{Electricity},capacity,15.576147122195653
Electricity,NE,NE_utilitypv_class1_moderate_70_0_2_5,NE_utilitypv_class1_moderate_70_0_2_5_edge,VRE,UnidirectionalEdge{Electricity},capacity,3.067567077815026
Electricity,NE,NE_utilitypv_class1_moderate_70_0_2_6,NE_utilitypv_class1_moderate_70_0_2_6_edge,VRE,UnidirectionalEdge{Electricity},capacity,11.600656040463035
Electricity,NE,NE_utilitypv_class1_moderate_70_0_2_7,NE_utilitypv_class1_moderate_70_0_2_7_edge,VRE,UnidirectionalEdge{Electricity},capacity,5.475003850698632
Electricity,CA,CA_landbasedwind_class4_moderate_70_1,CA_landbasedwind_class4_moderate_70_1_edge,VRE,UnidirectionalEdge{Electricity},capacity,2.0263982654438215
Electricity,CA,CA_landbasedwind_class4_moderate_70_2,CA_landbasedwind_class4_moderate_70_2_edge,VRE,UnidirectionalEdge{Electricity},capacity,2.505087889975981
Electricity,CA,CA_landbasedwind_class4_moderate_70_3,CA_landbasedwind_class4_moderate_70_3_edge,VRE,UnidirectionalEdge{Electricity},capacity,1.7169420526923698
Electricity,NW,NW_landbasedwind_class4_moderate_70_1,NW_landbasedwind_class4_moderate_70_1_edge,VRE,UnidirectionalEdge{Electricity},capacity,4.183559680907626
Electricity,NW,NW_landbasedwind_class4_moderate_70_2,NW_landbasedwind_class4_moderate_70_2_edge,VRE,UnidirectionalEdge{Electricity},capacity,79.05836633378641
Electricity,NW,NW_landbasedwind_class4_moderate_70_3,NW_landbasedwind_class4_moderate_70_3_edge,VRE,UnidirectionalEdge{Electricity},capacity,4.691630259832141
Electricity,NW,NW_landbasedwind_class4_moderate_70_4,NW_landbasedwind_class4_moderate_70_4_edge,VRE,UnidirectionalEdge{Electricity},capacity,5.969309641381569
Electricity,NW,NW_landbasedwind_class4_moderate_70_5,NW_landbasedwind_class4_moderate_70_5_edge,VRE,UnidirectionalEdge{Electricity},capacity,79860.117360118
Electricity,SW,SW_landbasedwind_class4_moderate_70_1,SW_landbasedwind_class4_moderate_70_1_edge,VRE,UnidirectionalEdge{Electricity},capacity,47.60393814536094
Electricity,SW,SW_landbasedwind_class4_moderate_70_2,SW_landbasedwind_class4_moderate_70_2_edge,VRE,UnidirectionalEdge{Electricity},capacity,11767.505913282937
Electricity,SW,SW_landbasedwind_class4_moderate_70_3,SW_landbasedwind_class4_moderate_70_3_edge,VRE,UnidirectionalEdge{Electricity},capacity,29.53215930423342
Electricity,SW,SW_landbasedwind_class4_moderate_70_4,SW_landbasedwind_class4_moderate_70_4_edge,VRE,UnidirectionalEdge{Electricity},capacity,5.327058230855044
Electricity,SW,SW_landbasedwind_class4_moderate_70_5,SW_landbasedwind_class4_moderate_70_5_edge,VRE,UnidirectionalEdge{Electricity},capacity,7.2296897765461905
Electricity,TX,TX_landbasedwind_class4_moderate_70_1,TX_landbasedwind_class4_moderate_70_1_edge,VRE,UnidirectionalEdge{Electricity},capacity,13558.440474040799
Electricity,TX,TX_landbasedwind_class4_moderate_70_2,TX_landbasedwind_class4_moderate_70_2_edge,VRE,UnidirectionalEdge{Electricity},capacity,12.225104586204722
Electricity,TX,TX_landbasedwind_class4_moderate_70_3,TX_landbasedwind_class4_moderate_70_3_edge,VRE,UnidirectionalEdge{Electricity},capacity,5.426168830843921
Electricity,NCEN,NCEN_landbasedwind_class4_moderate_70_1,NCEN_landbasedwind_class4_moderate_70_1_edge,VRE,UnidirectionalEdge{Electricity},capacity,20.511743232462123
Electricity,NCEN,NCEN_landbasedwind_class4_moderate_70_2,NCEN_landbasedwind_class4_moderate_70_2_edge,VRE,UnidirectionalEdge{Electricity},capacity,5.575866022122603
Electricity,NCEN,NCEN_landbasedwind_class4_moderate_70_3,NCEN_landbasedwind_class4_moderate_70_3_edge,VRE,UnidirectionalEdge{Electricity},capacity,14.480754214651114
Electricity,NCEN,NCEN_landbasedwind_class4_moderate_70_4,NCEN_landbasedwind_class4_moderate_70_4_edge,VRE,UnidirectionalEdge{Electricity},capacity,24.851965732273595
Electricity,NCEN,NCEN_landbasedwind_class4_moderate_70_5,NCEN_landbasedwind_class4_moderate_70_5_edge,VRE,UnidirectionalEdge{Electricity},capacity,77100.23376735397
Electricity,NCEN,NCEN_landbasedwind_class4_moderate_70_6,NCEN_landbasedwind_class4_moderate_70_6_edge,VRE,UnidirectionalEdge{Electricity},capacity,124489.78231547734
Electricity,NCEN,NCEN_landbasedwind_class4_moderate_70_7,NCEN_landbasedwind_class4_moderate_70_7_edge,VRE,UnidirectionalEdge{Electricity},capacity,18.254439310179567
Electricity,CEN,CEN_landbasedwind_class4_moderate_70_1,CEN_landbasedwind_class4_moderate_70_1_edge,VRE,UnidirectionalEdge{Electricity},capacity,17.427125017109873
Electricity,CEN,CEN_landbasedwind_class4_moderate_70_2,CEN_landbasedwind_class4_moderate_70_2_edge,VRE,UnidirectionalEdge{Electricity},capacity,40472.72759820286
Electricity,CEN,CEN_landbasedwind_class4_moderate_70_3,CEN_landbasedwind_class4_moderate_70_3_edge,VRE,UnidirectionalEdge{Electricity},capacity,32624.282613819756
Electricity,CEN,CEN_landbasedwind_class4_moderate_70_4,CEN_landbasedwind_class4_moderate_70_4_edge,VRE,UnidirectionalEdge{Electricity},capacity,9.987771025120239
Electricity,CEN,CEN_landbasedwind_class4_moderate_70_5,CEN_landbasedwind_class4_moderate_70_5_edge,VRE,UnidirectionalEdge{Electricity},capacity,149988.82010759081
Electricity,CEN,CEN_landbasedwind_class4_moderate_70_6,CEN_landbasedwind_class4_moderate_70_6_edge,VRE,UnidirectionalEdge{Electricity},capacity,10.036417841926262
Electricity,CEN,CEN_landbasedwind_class4_moderate_70_7,CEN_landbasedwind_class4_moderate_70_7_edge,VRE,UnidirectionalEdge{Electricity},capacity,90688.53374541203
Electricity,SE,SE_landbasedwind_class4_moderate_70_1,SE_landbasedwind_class4_moderate_70_1_edge,VRE,UnidirectionalEdge{Electricity},capacity,1580.4066728836517
Electricity,SE,SE_landbasedwind_class4_moderate_70_2,SE_landbasedwind_class4_moderate_70_2_edge,VRE,UnidirectionalEdge{Electricity},capacity,20181.88373249396
Electricity,SE,SE_landbasedwind_class4_moderate_70_3,SE_landbasedwind_class4_moderate_70_3_edge,VRE,UnidirectionalEdge{Electricity},capacity,105299.26535647537
Electricity,SE,SE_landbasedwind_class4_moderate_70_4,SE_landbasedwind_class4_moderate_70_4_edge,VRE,UnidirectionalEdge{Electricity},capacity,16.933564907816617
Electricity,SE,SE_landbasedwind_class4_moderate_70_5,SE_landbasedwind_class4_moderate_70_5_edge,VRE,UnidirectionalEdge{Electricity},capacity,73.73549157400221
Electricity,SE,SE_landbasedwind_class4_moderate_70_6,SE_landbasedwind_class4_moderate_70_6_edge,VRE,UnidirectionalEdge{Electricity},capacity,22.761142622959127
Electricity,SE,SE_landbasedwind_class4_moderate_70_7,SE_landbasedwind_class4_moderate_70_7_edge,VRE,UnidirectionalEdge{Electricity},capacity,39908.84097616193
Electricity,SE,SE_landbasedwind_class4_moderate_70_8,SE_landbasedwind_class4_moderate_70_8_edge,VRE,UnidirectionalEdge{Electricity},capacity,14.95488355871867
Electricity,MIDAT,MIDAT_landbasedwind_class4_moderate_70_1,MIDAT_landbasedwind_class4_moderate_70_1_edge,VRE,UnidirectionalEdge{Electricity},capacity,1383.4808035507438
Electricity,MIDAT,MIDAT_landbasedwind_class4_moderate_70_2,MIDAT_landbasedwind_class4_moderate_70_2_edge,VRE,UnidirectionalEdge{Electricity},capacity,199.70308053370726
Electricity,MIDAT,MIDAT_landbasedwind_class4_moderate_70_3,MIDAT_landbasedwind_class4_moderate_70_3_edge,VRE,UnidirectionalEdge{Electricity},capacity,259.93904833236246
Electricity,MIDAT,MIDAT_landbasedwind_class4_moderate_70_4,MIDAT_landbasedwind_class4_moderate_70_4_edge,VRE,UnidirectionalEdge{Electricity},capacity,52.7647362334775
Electricity,MIDAT,MIDAT_landbasedwind_class4_moderate_70_5,MIDAT_landbasedwind_class4_moderate_70_5_edge,VRE,UnidirectionalEdge{Electricity},capacity,65.17476001208807
Electricity,MIDAT,MIDAT_landbasedwind_class4_moderate_70_6,MIDAT_landbasedwind_class4_moderate_70_6_edge,VRE,UnidirectionalEdge{Electricity},capacity,12.194604508762271
Electricity,MIDAT,MIDAT_landbasedwind_class4_moderate_70_7,MIDAT_landbasedwind_class4_moderate_70_7_edge,VRE,UnidirectionalEdge{Electricity},capacity,40.20944432176338
Electricity,NE,NE_landbasedwind_class4_moderate_70_1,NE_landbasedwind_class4_moderate_70_1_edge,VRE,UnidirectionalEdge{Electricity},capacity,8.197061314463387
Electricity,NE,NE_landbasedwind_class4_moderate_70_2,NE_landbasedwind_class4_moderate_70_2_edge,VRE,UnidirectionalEdge{Electricity},capacity,20.76592481266974
Electricity,NE,NE_landbasedwind_class4_moderate_70_3,NE_landbasedwind_class4_moderate_70_3_edge,VRE,UnidirectionalEdge{Electricity},capacity,14.728397698477028
Electricity,NE,NE_landbasedwind_class4_moderate_70_4,NE_landbasedwind_class4_moderate_70_4_edge,VRE,UnidirectionalEdge{Electricity},capacity,7.796959264692505
Electricity,NE,NE_landbasedwind_class4_moderate_70_5,NE_landbasedwind_class4_moderate_70_5_edge,VRE,UnidirectionalEdge{Electricity},capacity,7.566105802190872
Electricity,NE,NE_landbasedwind_class4_moderate_70_6,NE_landbasedwind_class4_moderate_70_6_edge,VRE,UnidirectionalEdge{Electricity},capacity,7.401763022489066
Electricity,NE,NE_landbasedwind_class4_moderate_70_7,NE_landbasedwind_class4_moderate_70_7_edge,VRE,UnidirectionalEdge{Electricity},capacity,5.024265501346662
Electricity,CEN,CEN_nuclear_1,CEN_nuclear_1_elec_edge,ThermalPower{Uranium},EdgeWithUC{Electricity},capacity,6.9274726254554375
Electricity,CEN,CEN_nuclear_2,CEN_nuclear_2_elec_edge,ThermalPower{Uranium},EdgeWithUC{Electricity},capacity,13.754172262785987
Electricity,MIDAT,MIDAT_nuclear_1,MIDAT_nuclear_1_elec_edge,ThermalPower{Uranium},EdgeWithUC{Electricity},capacity,8.067693761810444
Electricity,MIDAT,MIDAT_nuclear_2,MIDAT_nuclear_2_elec_edge,ThermalPower{Uranium},EdgeWithUC{Electricity},capacity,117.64199516722037
Electricity,NE,NE_nuclear_1,NE_nuclear_1_elec_edge,ThermalPower{Uranium},EdgeWithUC{Electricity},capacity,168.0996692136696
Electricity,NE,NE_nuclear_2,NE_nuclear_2_elec_edge,ThermalPower{Uranium},EdgeWithUC{Electricity},capacity,6.873227091290091
Electricity,NW,NW_nuclear_1,NW_nuclear_1_elec_edge,ThermalPower{Uranium},EdgeWithUC{Electricity},capacity,5.4758547421791395
Electricity,NCEN,NCEN_nuclear_1,NCEN_nuclear_1_elec_edge,ThermalPower{Uranium},EdgeWithUC{Electricity},capacity,49.27677286570356
Electricity,NCEN,NCEN_nuclear_2,NCEN_nuclear_2_elec_edge,ThermalPower{Uranium},EdgeWithUC{Electricity},capacity,6.709523904157187
Electricity,SE,SE_nuclear_1,SE_nuclear_1_elec_edge,ThermalPower{Uranium},EdgeWithUC{Electricity},capacity,40.27455970165103
Electricity,SE,SE_nuclear_2,SE_nuclear_2_elec_edge,ThermalPower{Uranium},EdgeWithUC{Electricity},capacity,1010.6637131058036
Electricity,SW,SW_nuclear_1,SW_nuclear_1_elec_edge,ThermalPower{Uranium},EdgeWithUC{Electricity},capacity,44.94842939683421
Electricity,TX,TX_nuclear_1,TX_nuclear_1_elec_edge,ThermalPower{Uranium},EdgeWithUC{Electricity},capacity,42.16421331207041
Electricity,TX,TX_nuclear_2,TX_nuclear_2_elec_edge,ThermalPower{Uranium},EdgeWithUC{Electricity},capacity,47.75228620395949
Electricity,CA,CA_nuclear_mid_0,CA_nuclear_mid_0_elec_edge,ThermalPower{Uranium},EdgeWithUC{Electricity},capacity,1.53884159326272
Electricity,NW,NW_nuclear_mid_0,NW_nuclear_mid_0_elec_edge,ThermalPower{Uranium},EdgeWithUC{Electricity},capacity,1.4629624080785
Electricity,SW,SW_nuclear_mid_0,SW_nuclear_mid_0_elec_edge,ThermalPower{Uranium},EdgeWithUC{Electricity},capacity,1.7482328948886263
Electricity,TX,TX_nuclear_mid_0,TX_nuclear_mid_0_elec_edge,ThermalPower{Uranium},EdgeWithUC{Electricity},capacity,1.8042921933889795
Electricity,NCEN,NCEN_nuclear_mid_0,NCEN_nuclear_mid_0_elec_edge,ThermalPower{Uranium},EdgeWithUC{Electricity},capacity,1.6621103191458282
Electricity,CEN,CEN_nuclear_mid_0,CEN_nuclear_mid_0_elec_edge,ThermalPower{Uranium},EdgeWithUC{Electricity},capacity,1.6896499195881254
Electricity,SE,SE_nuclear_mid_0,SE_nuclear_mid_0_elec_edge,ThermalPower{Uranium},EdgeWithUC{Electricity},capacity,1.8123711604755053
Electricity,MIDAT,MIDAT_nuclear_mid_0,MIDAT_nuclear_mid_0_elec_edge,ThermalPower{Uranium},EdgeWithUC{Electricity},capacity,1.7575990395212542
Electricity,NE,NE_nuclear_mid_0,NE_nuclear_mid_0_elec_edge,ThermalPower{Uranium},EdgeWithUC{Electricity},capacity,1.5593877975603083
CO2Captured,CA,CA_Synfuel_Plant,CA_Synfuel_Plant_co2_captured_edge,SyntheticLiquidFuels,UnidirectionalEdge{CO2Captured},capacity,0.23069395081522584
CO2Captured,NW,NW_Synfuel_Plant,NW_Synfuel_Plant_co2_captured_edge,SyntheticLiquidFuels,UnidirectionalEdge{CO2Captured},capacity,0.3753004858455303
CO2Captured,SW,SW_Synfuel_Plant,SW_Synfuel_Plant_co2_captured_edge,SyntheticLiquidFuels,UnidirectionalEdge{CO2Captured},capacity,0.2712837253851313
CO2Captured,TX,TX_Synfuel_Plant,TX_Synfuel_Plant_co2_captured_edge,SyntheticLiquidFuels,UnidirectionalEdge{CO2Captured},capacity,0.3047696225483563
CO2Captured,NCEN,NCEN_Synfuel_Plant,NCEN_Synfuel_Plant_co2_captured_edge,SyntheticLiquidFuels,UnidirectionalEdge{CO2Captured},capacity,0.38615291291510784
CO2Captured,CEN,CEN_Synfuel_Plant,CEN_Synfuel_Plant_co2_captured_edge,SyntheticLiquidFuels,UnidirectionalEdge{CO2Captured},capacity,0.43382039263868477
CO2Captured,SE,SE_Synfuel_Plant,SE_Synfuel_Plant_co2_captured_edge,SyntheticLiquidFuels,UnidirectionalEdge{CO2Captured},capacity,0.37434960785111115
CO2Captured,MIDAT,MIDAT_Synfuel_Plant,MIDAT_Synfuel_Plant_co2_captured_edge,SyntheticLiquidFuels,UnidirectionalEdge{CO2Captured},capacity,0.4064794473494693
CO2Captured,NE,NE_Synfuel_Plant,NE_Synfuel_Plant_co2_captured_edge,SyntheticLiquidFuels,UnidirectionalEdge{CO2Captured},capacity,0.4692292177291323
CO2Captured,CA,CA_Synfuel_Plant_wCCS_Stored_99pct,CA_Synfuel_Plant_wCCS_Stored_99pct_co2_captured_edge,SyntheticLiquidFuels,UnidirectionalEdge{CO2Captured},capacity,0.2581977066374103
CO2Captured,NW,NW_Synfuel_Plant_wCCS_Stored_99pct,NW_Synfuel_Plant_wCCS_Stored_99pct_co2_captured_edge,SyntheticLiquidFuels,UnidirectionalEdge{CO2Captured},capacity,0.6291875846620825
CO2Captured,SW,SW_Synfuel_Plant_wCCS_Stored_99pct,SW_Synfuel_Plant_wCCS_Stored_99pct_co2_captured_edge,SyntheticLiquidFuels,UnidirectionalEdge{CO2Captured},capacity,0.3646186640753236
CO2Captured,TX,TX_Synfuel_Plant_wCCS_Stored_99pct,TX_Synfuel_Plant_wCCS_Stored_99pct_co2_captured_edge,SyntheticLiquidFuels,UnidirectionalEdge{CO2Captured},capacity,0.3615660310227017
CO2Captured,NCEN,NCEN_Synfuel_Plant_wCCS_Stored_99pct,NCEN_Synfuel_Plant_wCCS_Stored_99pct_co2_captured_edge,SyntheticLiquidFuels,UnidirectionalEdge{CO2Captured},capacity,0.6637870090116722
CO2Captured,CEN,CEN_Synfuel_Plant_wCCS_Stored_99pct,CEN_Synfuel_Plant_wCCS_Stored_99pct_co2_captured_edge,SyntheticLiquidFuels,UnidirectionalEdge{CO2Captured},capacity,0.8849958945785192
CO2Captured,SE,SE_Synfuel_Plant_wCCS_Stored_99pct,SE_Synfuel_Plant_wCCS_Stored_99pct_co2_captured_edge,SyntheticLiquidFuels,UnidirectionalEdge{CO2Captured},capacity,0.5988408233329222
CO2Captured,MIDAT,MIDAT_Synfuel_Plant_wCCS_Stored_99pct,MIDAT_Synfuel_Plant_wCCS_Stored_99pct_co2_captured_edge,SyntheticLiquidFuels,UnidirectionalEdge{CO2Captured},capacity,0.5565944925226812
CO2Captured,NE,NE_Synfuel_Plant_wCCS_Stored_99pct,NE_Synfuel_Plant_wCCS_Stored_99pct_co2_captured_edge,SyntheticLiquidFuels,UnidirectionalEdge{CO2Captured},capacity,0.6657579699221935
CO2Captured,CA,CA_Synfuel_Plant_wCCS_Recycled_99pct,CA_Synfuel_Plant_wCCS_Recycled_99pct_co2_captured_edge,SyntheticLiquidFuels,UnidirectionalEdge{CO2Captured},capacity,0.1109421603912355
CO2Captured,NW,NW_Synfuel_Plant_wCCS_Recycled_99pct,NW_Synfuel_Plant_wCCS_Recycled_99pct_co2_captured_edge,SyntheticLiquidFuels,UnidirectionalEdge{CO2Captured},capacity,0.1953606469249698
CO2Captured,SW,SW_Synfuel_Plant_wCCS_Recycled_99pct,SW_Synfuel_Plant_wCCS_Recycled_99pct_co2_captured_edge,SyntheticLiquidFuels,UnidirectionalEdge{CO2Captured},capacity,0.1209297519994158
CO2Captured,TX,TX_Synfuel_Plant_wCCS_Recycled_99pct,TX_Synfuel_Plant_wCCS_Recycled_99pct_co2_captured_edge,SyntheticLiquidFuels,UnidirectionalEdge{CO2Captured},capacity,0.1572548208488297
CO2Captured,NCEN,NCEN_Synfuel_Plant_wCCS_Recycled_99pct,NCEN_Synfuel_Plant_wCCS_Recycled_99pct_co2_captured_edge,SyntheticLiquidFuels,UnidirectionalEdge{CO2Captured},capacity,0.14898721419973632
CO2Captured,CEN,CEN_Synfuel_Plant_wCCS_Recycled_99pct,CEN_Synfuel_Plant_wCCS_Recycled_99pct_co2_captured_edge,SyntheticLiquidFuels,UnidirectionalEdge{CO2Captured},capacity,0.14990124459530996
CO2Captured,SE,SE_Synfuel_Plant_wCCS_Recycled_99pct,SE_Synfuel_Plant_wCCS_Recycled_99pct_co2_captured_edge,SyntheticLiquidFuels,UnidirectionalEdge{CO2Captured},capacity,0.14486509522318974
CO2Captured,MIDAT,MIDAT_Synfuel_Plant_wCCS_Recycled_99pct,MIDAT_Synfuel_Plant_wCCS_Recycled_99pct_co2_captured_edge,SyntheticLiquidFuels,UnidirectionalEdge{CO2Captured},capacity,0.1461828114985703
CO2Captured,NE,NE_Synfuel_Plant_wCCS_Recycled_99pct,NE_Synfuel_Plant_wCCS_Recycled_99pct_co2_captured_edge,SyntheticLiquidFuels,UnidirectionalEdge{CO2Captured},capacity,0.14981359497324948
CO2Captured,CA,CA_Syn_NG_Plant,CA_Syn_NG_Plant_co2_captured_edge,SyntheticNaturalGas,UnidirectionalEdge{CO2Captured},capacity,0.4171882932583138
CO2Captured,NW,NW_Syn_NG_Plant,NW_Syn_NG_Plant_co2_captured_edge,SyntheticNaturalGas,UnidirectionalEdge{CO2Captured},capacity,0.6930624042766039
CO2Captured,SW,SW_Syn_NG_Plant,SW_Syn_NG_Plant_co2_captured_edge,SyntheticNaturalGas,UnidirectionalEdge{CO2Captured},capacity,0.37285998987798163
CO2Captured,TX,TX_Syn_NG_Plant,TX_Syn_NG_Plant_co2_captured_edge,SyntheticNaturalGas,UnidirectionalEdge{CO2Captured},capacity,0.3103500112770008
CO2Captured,NCEN,NCEN_Syn_NG_Plant,NCEN_Syn_NG_Plant_co2_captured_edge,SyntheticNaturalGas,UnidirectionalEdge{CO2Captured},capacity,0.5522618159209784
CO2Captured,CEN,CEN_Syn_NG_Plant,CEN_Syn_NG_Plant_co2_captured_edge,SyntheticNaturalGas,UnidirectionalEdge{CO2Captured},capacity,0.3379427827346504
CO2Captured,SE,SE_Syn_NG_Plant,SE_Syn_NG_Plant_co2_captured_edge,SyntheticNaturalGas,UnidirectionalEdge{CO2Captured},capacity,0.5305933400770925
CO2Captured,MIDAT,MIDAT_Syn_NG_Plant,MIDAT_Syn_NG_Plant_co2_captured_edge,SyntheticNaturalGas,UnidirectionalEdge{CO2Captured},capacity,0.3833513198745991
CO2Captured,NE,NE_Syn_NG_Plant,NE_Syn_NG_Plant_co2_captured_edge,SyntheticNaturalGas,UnidirectionalEdge{CO2Captured},capacity,0.44939431601110313
Electricity,CA_NW,CA_to_NW,CA_to_NW_transmission_edge,TransmissionLink{Electricity},BidirectionalEdge{Electricity},capacity,6535.563757205843
Electricity,CA_SW,CA_to_SW,CA_to_SW_transmission_edge,TransmissionLink{Electricity},BidirectionalEdge{Electricity},capacity,11965.521469802825
Electricity,NW_SW,NW_to_SW,NW_to_SW_transmission_edge,TransmissionLink{Electricity},BidirectionalEdge{Electricity},capacity,22618.285549232023
Electricity,SW_CEN,SW_to_CEN,SW_to_CEN_transmission_edge,TransmissionLink{Electricity},BidirectionalEdge{Electricity},capacity,3048.704171434378
Electricity,TX_CEN,TX_to_CEN,TX_to_CEN_transmission_edge,TransmissionLink{Electricity},BidirectionalEdge{Electricity},capacity,12604.65832849265
Electricity,NCEN_CEN,NCEN_to_CEN,NCEN_to_CEN_transmission_edge,TransmissionLink{Electricity},BidirectionalEdge{Electricity},capacity,20138.577876747622
Electricity,NCEN_SE,NCEN_to_SE,NCEN_to_SE_transmission_edge,TransmissionLink{Electricity},BidirectionalEdge{Electricity},capacity,18034.17856576269
Electricity,NCEN_MIDAT,NCEN_to_MIDAT,NCEN_to_MIDAT_transmission_edge,TransmissionLink{Electricity},BidirectionalEdge{Electricity},capacity,9083.252416079562
Electricity,CEN_SE,CEN_to_SE,CEN_to_SE_transmission_edge,TransmissionLink{Electricity},BidirectionalEdge{Electricity},capacity,24336.66267330358
Electricity,SE_MIDAT,SE_to_MIDAT,SE_to_MIDAT_transmission_edge,TransmissionLink{Electricity},BidirectionalEdge{Electricity},capacity,15554.823598661467
Electricity,MIDAT_NE,MIDAT_to_NE,MIDAT_to_NE_transmission_edge,TransmissionLink{Electricity},BidirectionalEdge{Electricity},capacity,1915.47083156417
CO2Captured,CA,co2_CA_to_NW,co2_CA_to_NW_storage,GasStorage{CO2Captured},Storage{CO2Captured},capacity,0.0
CO2Captured,NW,co2_NW_to_CA,co2_NW_to_CA_storage,GasStorage{CO2Captured},Storage{CO2Captured},capacity,0.0
CO2Captured,CA,co2_CA_to_SW,co2_CA_to_SW_storage,GasStorage{CO2Captured},Storage{CO2Captured},capacity,0.0
CO2Captured,SW,co2_SW_to_CA,co2_SW_to_CA_storage,GasStorage{CO2Captured},Storage{CO2Captured},capacity,0.0
CO2Captured,NW,co2_NW_to_SW,co2_NW_to_SW_storage,GasStorage{CO2Captured},Storage{CO2Captured},capacity,0.0
CO2Captured,SW,co2_SW_to_NW,co2_SW_to_NW_storage,GasStorage{CO2Captured},Storage{CO2Captured},capacity,0.0
CO2Captured,SW,co2_SW_to_CEN,co2_SW_to_CEN_storage,GasStorage{CO2Captured},Storage{CO2Captured},capacity,0.0
CO2Captured,CEN,co2_CEN_to_SW,co2_CEN_to_SW_storage,GasStorage{CO2Captured},Storage{CO2Captured},capacity,0.0
CO2Captured,TX,co2_TX_to_CEN,co2_TX_to_CEN_storage,GasStorage{CO2Captured},Storage{CO2Captured},capacity,0.0
CO2Captured,CEN,co2_CEN_to_TX,co2_CEN_to_TX_storage,GasStorage{CO2Captured},Storage{CO2Captured},capacity,0.0
CO2Captured,NCEN,co2_NCEN_to_CEN,co2_NCEN_to_CEN_storage,GasStorage{CO2Captured},Storage{CO2Captured},capacity,0.0
CO2Captured,CEN,co2_CEN_to_NCEN,co2_CEN_to_NCEN_storage,GasStorage{CO2Captured},Storage{CO2Captured},capacity,0.0
CO2Captured,NCEN,co2_NCEN_to_SE,co2_NCEN_to_SE_storage,GasStorage{CO2Captured},Storage{CO2Captured},capacity,0.0
CO2Captured,SE,co2_SE_to_NCEN,co2_SE_to_NCEN_storage,GasStorage{CO2Captured},Storage{CO2Captured},capacity,0.0
CO2Captured,NCEN,co2_NCEN_to_MIDAT,co2_NCEN_to_MIDAT_storage,GasStorage{CO2Captured},Storage{CO2Captured},capacity,0.0
CO2Captured,MIDAT,co2_MIDAT_to_NCEN,co2_MIDAT_to_NCEN_storage,GasStorage{CO2Captured},Storage{CO2Captured},capacity,0.0
CO2Captured,CEN,co2_CEN_to_SE,co2_CEN_to_SE_storage,GasStorage{CO2Captured},Storage{CO2Captured},capacity,0.0
CO2Captured,SE,co2_SE_to_CEN,co2_SE_to_CEN_storage,GasStorage{CO2Captured},Storage{CO2Captured},capacity,0.0
CO2Captured,SE,co2_SE_to_MIDAT,co2_SE_to_MIDAT_storage,GasStorage{CO2Captured},Storage{CO2Captured},capacity,0.0
CO2Captured,MIDAT,co2_MIDAT_to_SE,co2_MIDAT_to_SE_storage,GasStorage{CO2Captured},Storage{CO2Captured},capacity,0.0
CO2Captured,MIDAT,co2_MIDAT_to_NE,co2_MIDAT_to_NE_storage,GasStorage{CO2Captured},Storage{CO2Captured},capacity,0.0
CO2Captured,NE,co2_NE_to_MIDAT,co2_NE_to_MIDAT_storage,GasStorage{CO2Captured},Storage{CO2Captured},capacity,0.0
Electricity,CA,CA_battery_moderate_0,CA_battery_moderate_0_storage,Battery,Storage{Electricity},capacity,10.226776498979346
Electricity,NW,NW_battery_moderate_0,NW_battery_moderate_0_storage,Battery,Storage{Electricity},capacity,12.69277752348281
Electricity,SW,SW_battery_moderate_0,SW_battery_moderate_0_storage,Battery,Storage{Electricity},capacity,12.005209291872813
Electricity,TX,TX_battery_moderate_0,TX_battery_moderate_0_storage,Battery,Storage{Electricity},capacity,15.072158913232892
Electricity,NCEN,NCEN_battery_moderate_0,NCEN_battery_moderate_0_storage,Battery,Storage{Electricity},capacity,12.054221763475082
Electricity,CEN,CEN_battery_moderate_0,CEN_battery_moderate_0_storage,Battery,Storage{Electricity},capacity,16.105865839422727
Electricity,SE,SE_battery_moderate_0,SE_battery_moderate_0_storage,Battery,Storage{Electricity},capacity,11.372278059738731
Electricity,MIDAT,MIDAT_battery_moderate_0,MIDAT_battery_moderate_0_storage,Battery,Storage{Electricity},capacity,11.067162784903246
Electricity,NE,NE_battery_moderate_0,NE_battery_moderate_0_storage,Battery,Storage{Electricity},capacity,10.872608655285354
Electricity,CA,CA_hydroelectric_pumped_storage_1,CA_hydroelectric_pumped_storage_1_storage,Battery,Storage{Electricity},capacity,2.4496246494761505e6
Electricity,CEN,CEN_hydroelectric_pumped_storage_1,CEN_hydroelectric_pumped_storage_1_storage,Battery,Storage{Electricity},capacity,2.3899638014150774e6
Electricity,MIDAT,MIDAT_hydroelectric_pumped_storage_1,MIDAT_hydroelectric_pumped_storage_1_storage,Battery,Storage{Electricity},capacity,2.4935455563269206e6
Electricity,NE,NE_hydroelectric_pumped_storage_1,NE_hydroelectric_pumped_storage_1_storage,Battery,Storage{Electricity},capacity,2.4409508526079324e6
Electricity,NW,NW_hydroelectric_pumped_storage_1,NW_hydroelectric_pumped_storage_1_storage,Battery,Storage{Electricity},capacity,2.3780424943409315e6
Electricity,NCEN,NCEN_hydroelectric_pumped_storage_1,NCEN_hydroelectric_pumped_storage_1_storage,Battery,Storage{Electricity},capacity,2.414158242538967e6
Electricity,SE,SE_hydroelectric_pumped_storage_1,SE_hydroelectric_pumped_storage_1_storage,Battery,Storage{Electricity},capacity,2.5397482774452227e6
Electricity,SW,SW_hydroelectric_pumped_storage_1,SW_hydroelectric_pumped_storage_1_storage,Battery,Storage{Electricity},capacity,2.3844555840736134e6
Hydrogen,CA,h2_CA_to_NW,h2_CA_to_NW_storage,GasStorage{Hydrogen},Storage{Hydrogen},capacity,0.0
Hydrogen,NW,h2_NW_to_CA,h2_NW_to_CA_storage,GasStorage{Hydrogen},Storage{Hydrogen},capacity,0.0
Hydrogen,CA,h2_CA_to_SW,h2_CA_to_SW_storage,GasStorage{Hydrogen},Storage{Hydrogen},capacity,0.0
Hydrogen,SW,h2_SW_to_CA,h2_SW_to_CA_storage,GasStorage{Hydrogen},Storage{Hydrogen},capacity,0.0
Hydrogen,NW,h2_NW_to_SW,h2_NW_to_SW_storage,GasStorage{Hydrogen},Storage{Hydrogen},capacity,0.0
Hydrogen,SW,h2_SW_to_NW,h2_SW_to_NW_storage,GasStorage{Hydrogen},Storage{Hydrogen},capacity,0.0
Hydrogen,SW,h2_SW_to_CEN,h2_SW_to_CEN_storage,GasStorage{Hydrogen},Storage{Hydrogen},capacity,0.0
Hydrogen,CEN,h2_CEN_to_SW,h2_CEN_to_SW_storage,GasStorage{Hydrogen},Storage{Hydrogen},capacity,0.0
Hydrogen,TX,h2_TX_to_CEN,h2_TX_to_CEN_storage,GasStorage{Hydrogen},Storage{Hydrogen},capacity,0.0
Hydrogen,CEN,h2_CEN_to_TX,h2_CEN_to_TX_storage,GasStorage{Hydrogen},Storage{Hydrogen},capacity,0.0
Hydrogen,NCEN,h2_NCEN_to_CEN,h2_NCEN_to_CEN_storage,GasStorage{Hydrogen},Storage{Hydrogen},capacity,0.0
Hydrogen,CEN,h2_CEN_to_NCEN,h2_CEN_to_NCEN_storage,GasStorage{Hydrogen},Storage{Hydrogen},capacity,0.0
Hydrogen,NCEN,h2_NCEN_to_SE,h2_NCEN_to_SE_storage,GasStorage{Hydrogen},Storage{Hydrogen},capacity,0.0
Hydrogen,SE,h2_SE_to_NCEN,h2_SE_to_NCEN_storage,GasStorage{Hydrogen},Storage{Hydrogen},capacity,0.0
Hydrogen,NCEN,h2_NCEN_to_MIDAT,h2_NCEN_to_MIDAT_storage,GasStorage{Hydrogen},Storage{Hydrogen},capacity,0.0
Hydrogen,MIDAT,h2_MIDAT_to_NCEN,h2_MIDAT_to_NCEN_storage,GasStorage{Hydrogen},Storage{Hydrogen},capacity,0.0
Hydrogen,CEN,h2_CEN_to_SE,h2_CEN_to_SE_storage,GasStorage{Hydrogen},Storage{Hydrogen},capacity,0.0
Hydrogen,SE,h2_SE_to_CEN,h2_SE_to_CEN_storage,GasStorage{Hydrogen},Storage{Hydrogen},capacity,0.0
Hydrogen,SE,h2_SE_to_MIDAT,h2_SE_to_MIDAT_storage,GasStorage{Hydrogen},Storage{Hydrogen},capacity,0.0
Hydrogen,MIDAT,h2_MIDAT_to_SE,h2_MIDAT_to_SE_storage,GasStorage{Hydrogen},Storage{Hydrogen},capacity,0.0
Hydrogen,MIDAT,h2_MIDAT_to_NE,h2_MIDAT_to_NE_storage,GasStorage{Hydrogen},Storage{Hydrogen},capacity,0.0
Hydrogen,NE,h2_NE_to_MIDAT,h2_NE_to_MIDAT_storage,GasStorage{Hydrogen},Storage{Hydrogen},capacity,0.0
Hydrogen,CA,CA_Above_ground_storage,CA_Above_ground_storage_storage,GasStorage{Hydrogen},LongDurationStorage{Hydrogen},capacity,201954.54648832465
Hydrogen,NW,NW_Above_ground_storage,NW_Above_ground_storage_storage,GasStorage{Hydrogen},LongDurationStorage{Hydrogen},capacity,56027.311841188755
Hydrogen,SW,SW_Above_ground_storage,SW_Above_ground_storage_storage,GasStorage{Hydrogen},LongDurationStorage{Hydrogen},capacity,110581.99834525718
Hydrogen,TX,TX_Above_ground_storage,TX_Above_ground_storage_storage,GasStorage{Hydrogen},LongDurationStorage{Hydrogen},capacity,317509.68383544154
Hydrogen,NCEN,NCEN_Above_ground_storage,NCEN_Above_ground_storage_storage,GasStorage{Hydrogen},LongDurationStorage{Hydrogen},capacity,542025.8375231577
Hydrogen,CEN,CEN_Above_ground_storage,CEN_Above_ground_storage_storage,GasStorage{Hydrogen},LongDurationStorage{Hydrogen},capacity,602479.5432497397
Hydrogen,SE,SE_Above_ground_storage,SE_Above_ground_storage_storage,GasStorage{Hydrogen},LongDurationStorage{Hydrogen},capacity,843558.1160164673
Hydrogen,MIDAT,MIDAT_Above_ground_storage,MIDAT_Above_ground_storage_storage,GasStorage{Hydrogen},LongDurationStorage{Hydrogen},capacity,314825.96569885133
Hydrogen,NE,NE_Above_ground_storage,NE_Above_ground_storage_storage,GasStorage{Hydrogen},LongDurationStorage{Hydrogen},capacity,363598.75657992304
Electricity,CA,CA_conventional_hydroelectric_1,CA_conventional_hydroelectric_1_storage,HydroRes,Storage{Electricity},capacity,0.0
Electricity,CEN,CEN_conventional_hydroelectric_1,CEN_conventional_hydroelectric_1_storage,HydroRes,Storage{Electricity},capacity,0.0
Electricity,MIDAT,MIDAT_conventional_hydroelectric_1,MIDAT_conventional_hydroelectric_1_storage,HydroRes,Storage{Electricity},capacity,0.0
Electricity,NE,NE_conventional_hydroelectric_1,NE_conventional_hydroelectric_1_storage,HydroRes,Storage{Electricity},capacity,0.0
Electricity,NW,NW_conventional_hydroelectric_1,NW_conventional_hydroelectric_1_storage,HydroRes,Storage{Electricity},capacity,0.0
Electricity,NCEN,NCEN_conventional_hydroelectric_1,NCEN_conventional_hydroelectric_1_storage,HydroRes,Storage{Electricity},capacity,0.0
Electricity,SE,SE_conventional_hydroelectric_1,SE_conventional_hydroelectric_1_storage,HydroRes,Storage{Electricity},capacity,0.0
Electricity,SW,SW_conventional_hydroelectric_1,SW_conventional_hydroelectric_1_storage,HydroRes,Storage{Electricity},capacity,0.0
Electricity,TX,TX_conventional_hydroelectric_1,TX_conventional_hydroelectric_1_storage,HydroRes,Storage{Electricity},capacity,0.0
Biomass_Herb,CA,CA_Bio_Electricity_CCS_93_Herb,CA_Bio_Electricity_CCS_93_Herb_biomass_edge,BECCSElectricity,UnidirectionalEdge{MacroEnergy.Biomass_Herb},new_capacity,0.014196520033642406
Biomass_Herb,NW,NW_Bio_Electricity_CCS_93_Herb,NW_Bio_Electricity_CCS_93_Herb_biomass_edge,BECCSElectricity,UnidirectionalEdge{MacroEnergy.Biomass_Herb},new_capacity,0.11147095707884168
Biomass_Herb,SW,SW_Bio_Electricity_CCS_93_Herb,SW_Bio_Electricity_CCS_93_Herb_biomass_edge,BECCSElectricity,UnidirectionalEdge{MacroEnergy.Biomass_Herb},new_capacity,0.19105957301016346
Biomass_Herb,TX,TX_Bio_Electricity_CCS_93_Herb,TX_Bio_Electricity_CCS_93_Herb_biomass_edge,BECCSElectricity,UnidirectionalEdge{MacroEnergy.Biomass_Herb},new_capacity,0.2881135304046936
Biomass_Herb,NCEN,NCEN_Bio_Electricity_CCS_93_Herb,NCEN_Bio_Electricity_CCS_93_Herb_biomass_edge,BECCSElectricity,UnidirectionalEdge{MacroEnergy.Biomass_Herb},new_capacity,0.22945097759081834
Biomass_Herb,CEN,CEN_Bio_Electricity_CCS_93_Herb,CEN_Bio_Electricity_CCS_93_Herb_biomass_edge,BECCSElectricity,UnidirectionalEdge{MacroEnergy.Biomass_Herb},new_capacity,0.2597803708760136
Biomass_Herb,SE,SE_Bio_Electricity_CCS_93_Herb,SE_Bio_Electricity_CCS_93_Herb_biomass_edge,BECCSElectricity,UnidirectionalEdge{MacroEnergy.Biomass_Herb},new_capacity,0.24750805811949392
Biomass_Herb,MIDAT,MIDAT_Bio_Electricity_CCS_93_Herb,MIDAT_Bio_Electricity_CCS_93_Herb_biomass_edge,BECCSElectricity,UnidirectionalEdge{MacroEnergy.Biomass_Herb},new_capacity,0.1514687532405378
Biomass_Herb,NE,NE_Bio_Electricity_CCS_93_Herb,NE_Bio_Electricity_CCS_93_Herb_biomass_edge,BECCSElectricity,UnidirectionalEdge{MacroEnergy.Biomass_Herb},new_capacity,0.10626007801783352
Biomass_Wood,CA,CA_Bio_Electricity_CCS_93_Wood,CA_Bio_Electricity_CCS_93_Wood_biomass_edge,BECCSElectricity,UnidirectionalEdge{MacroEnergy.Biomass_Wood},new_capacity,0.12371977339745381
Biomass_Wood,NW,NW_Bio_Electricity_CCS_93_Wood,NW_Bio_Electricity_CCS_93_Wood_biomass_edge,BECCSElectricity,UnidirectionalEdge{MacroEnergy.Biomass_Wood},new_capacity,0.11601921998595623
Biomass_Wood,SW,SW_Bio_Electricity_CCS_93_Wood,SW_Bio_Electricity_CCS_93_Wood_biomass_edge,BECCSElectricity,UnidirectionalEdge{MacroEnergy.Biomass_Wood},new_capacity,0.14122338865978354
Biomass_Wood,TX,TX_Bio_Electricity_CCS_93_Wood,TX_Bio_Electricity_CCS_93_Wood_biomass_edge,BECCSElectricity,UnidirectionalEdge{MacroEnergy.Biomass_Wood},new_capacity,0.14479625283431005
Biomass_Wood,NCEN,NCEN_Bio_Electricity_CCS_93_Wood,NCEN_Bio_Electricity_CCS_93_Wood_biomass_edge,BECCSElectricity,UnidirectionalEdge{MacroEnergy.Biomass_Wood},new_capacity,0.16602380297270342
Biomass_Wood,CEN,CEN_Bio_Electricity_CCS_93_Wood,CEN_Bio_Electricity_CCS_93_Wood_biomass_edge,BECCSElectricity,UnidirectionalEdge{MacroEnergy.Biomass_Wood},new_capacity,0.17614419973482756
Biomass_Wood,SE,SE_Bio_Electricity_CCS_93_Wood,SE_Bio_Electricity_CCS_93_Wood_biomass_edge,BECCSElectricity,UnidirectionalEdge{MacroEnergy.Biomass_Wood},new_capacity,0.18274021889275188
Biomass_Wood,MIDAT,MIDAT_Bio_Electricity_CCS_93_Wood,MIDAT_Bio_Electricity_CCS_93_Wood_biomass_edge,BECCSElectricity,UnidirectionalEdge{MacroEnergy.Biomass_Wood},new_capacity,0.15901311125227618
Biomass_Wood,NE,NE_Bio_Electricity_CCS_93_Wood,NE_Bio_Electricity_CCS_93_Wood_biomass_edge,BECCSElectricity,UnidirectionalEdge{MacroEnergy.Biomass_Wood},new_capacity,0.11859553117840435
Biomass_Agri,CA,CA_Bio_Electricity_CCS_93_Agri,CA_Bio_Electricity_CCS_93_Agri_biomass_edge,BECCSElectricity,UnidirectionalEdge{MacroEnergy.Biomass_Agri},new_capacity,0.1448314674553857
Biomass_Agri,NW,NW_Bio_Electricity_CCS_93_Agri,NW_Bio_Electricity_CCS_93_Agri_biomass_edge,BECCSElectricity,UnidirectionalEdge{MacroEnergy.Biomass_Agri},new_capacity,0.16068237467666696
Biomass_Agri,SW,SW_Bio_Electricity_CCS_93_Agri,SW_Bio_Electricity_CCS_93_Agri_biomass_edge,BECCSElectricity,UnidirectionalEdge{MacroEnergy.Biomass_Agri},new_capacity,0.15318437365021562
Biomass_Agri,TX,TX_Bio_Electricity_CCS_93_Agri,TX_Bio_Electricity_CCS_93_Agri_biomass_edge,BECCSElectricity,UnidirectionalEdge{MacroEnergy.Biomass_Agri},new_capacity,0.1606706330309225
Biomass_Agri,NCEN,NCEN_Bio_Electricity_CCS_93_Agri,NCEN_Bio_Electricity_CCS_93_Agri_biomass_edge,BECCSElectricity,UnidirectionalEdge{MacroEnergy.Biomass_Agri},new_capacity,0.2916825887921235
Biomass_Agri,CEN,CEN_Bio_Electricity_CCS_93_Agri,CEN_Bio_Electricity_CCS_93_Agri_biomass_edge,BECCSElectricity,UnidirectionalEdge{MacroEnergy.Biomass_Agri},new_capacity,0.24767146818303987
Biomass_Agri,SE,SE_Bio_Electricity_CCS_93_Agri,SE_Bio_Electricity_CCS_93_Agri_biomass_edge,BECCSElectricity,UnidirectionalEdge{MacroEnergy.Biomass_Agri},new_capacity,0.14624419944386294
Biomass_Agri,MIDAT,MIDAT_Bio_Electricity_CCS_93_Agri,MIDAT_Bio_Electricity_CCS_93_Agri_biomass_edge,BECCSElectricity,UnidirectionalEdge{MacroEnergy.Biomass_Agri},new_capacity,0.13425347591327086
Biomass_Agri,NE,NE_Bio_Electricity_CCS_93_Agri,NE_Bio_Electricity_CCS_93_Agri_biomass_edge,BECCSElectricity,UnidirectionalEdge{MacroEnergy.Biomass_Agri},new_capacity,0.1070129365730708
Biomass_Herb,CA,CA_Bio_H2_Herb,CA_Bio_H2_Herb_biomass_edge,BECCSHydrogen{NaturalGas},UnidirectionalEdge{MacroEnergy.Biomass_Herb},new_capacity,0.006657356076502837
Biomass_Herb,NW,NW_Bio_H2_Herb,NW_Bio_H2_Herb_biomass_edge,BECCSHydrogen{NaturalGas},UnidirectionalEdge{MacroEnergy.Biomass_Herb},new_capacity,0.044822623315784
Biomass_Herb,SW,SW_Bio_H2_Herb,SW_Bio_H2_Herb_biomass_edge,BECCSHydrogen{NaturalGas},UnidirectionalEdge{MacroEnergy.Biomass_Herb},new_capacity,0.060738587225471104
Biomass_Herb,TX,TX_Bio_H2_Herb,TX_Bio_H2_Herb_biomass_edge,BECCSHydrogen{NaturalGas},UnidirectionalEdge{MacroEnergy.Biomass_Herb},new_capacity,0.07414976367065444
Biomass_Herb,NCEN,NCEN_Bio_H2_Herb,NCEN_Bio_H2_Herb_biomass_edge,BECCSHydrogen{NaturalGas},UnidirectionalEdge{MacroEnergy.Biomass_Herb},new_capacity,0.07432388310489711
Biomass_Herb,CEN,CEN_Bio_H2_Herb,CEN_Bio_H2_Herb_biomass_edge,BECCSHydrogen{NaturalGas},UnidirectionalEdge{MacroEnergy.Biomass_Herb},new_capacity,0.0730075374826279
Biomass_Herb,SE,SE_Bio_H2_Herb,SE_Bio_H2_Herb_biomass_edge,BECCSHydrogen{NaturalGas},UnidirectionalEdge{MacroEnergy.Biomass_Herb},new_capacity,0.08172502271754466
Biomass_Herb,MIDAT,MIDAT_Bio_H2_Herb,MIDAT_Bio_H2_Herb_biomass_edge,BECCSHydrogen{NaturalGas},UnidirectionalEdge{MacroEnergy.Biomass_Herb},new_capacity,0.07213535663171465
Biomass_Herb,NE,NE_Bio_H2_Herb,NE_Bio_H2_Herb_biomass_edge,BECCSHydrogen{NaturalGas},UnidirectionalEdge{MacroEnergy.Biomass_Herb},new_capacity,0.07090574791964548
Biomass_Wood,CA,CA_Bio_H2_Wood,CA_Bio_H2_Wood_biomass_edge,BECCSHydrogen{NaturalGas},UnidirectionalEdge{MacroEnergy.Biomass_Wood},new_capacity,0.05556876866346019
Biomass_Wood,NW,NW_Bio_H2_Wood,NW_Bio_H2_Wood_biomass_edge,BECCSHydrogen{NaturalGas},UnidirectionalEdge{MacroEnergy.Biomass_Wood},new_capacity,0.04045650376253011
Biomass_Wood,SW,SW_Bio_H2_Wood,SW_Bio_H2_Wood_biomass_edge,BECCSHydrogen{NaturalGas},UnidirectionalEdge{MacroEnergy.Biomass_Wood},new_capacity,0.05268810334594256
Biomass_Wood,TX,TX_Bio_H2_Wood,TX_Bio_H2_Wood_biomass_edge,BECCSHydrogen{NaturalGas},UnidirectionalEdge{MacroEnergy.Biomass_Wood},new_capacity,0.05211888041622524
Biomass_Wood,NCEN,NCEN_Bio_H2_Wood,NCEN_Bio_H2_Wood_biomass_edge,BECCSHydrogen{NaturalGas},UnidirectionalEdge{MacroEnergy.Biomass_Wood},new_capacity,0.06416716738916269
Biomass_Wood,CEN,CEN_Bio_H2_Wood,CEN_Bio_H2_Wood_biomass_edge,BECCSHydrogen{NaturalGas},UnidirectionalEdge{MacroEnergy.Biomass_Wood},new_capacity,0.05768830937204975
Biomass_Wood,SE,SE_Bio_H2_Wood,SE_Bio_H2_Wood_biomass_edge,BECCSHydrogen{NaturalGas},UnidirectionalEdge{MacroEnergy.Biomass_Wood},new_capacity,0.07185282001622767
Biomass_Wood,MIDAT,MIDAT_Bio_H2_Wood,MIDAT_Bio_H2_Wood_biomass_edge,BECCSHydrogen{NaturalGas},UnidirectionalEdge{MacroEnergy.Biomass_Wood},new_capacity,0.07137095814116629
Biomass_Wood,NE,NE_Bio_H2_Wood,NE_Bio_H2_Wood_biomass_edge,BECCSHydrogen{NaturalGas},UnidirectionalEdge{MacroEnergy.Biomass_Wood},new_capacity,0.06522158339290826
Biomass_Agri,CA,CA_Bio_H2_Agri,CA_Bio_H2_Agri_biomass_edge,BECCSHydrogen{NaturalGas},UnidirectionalEdge{MacroEnergy.Biomass_Agri},new_capacity,0.05651391617067165
Biomass_Agri,NW,NW_Bio_H2_Agri,NW_Bio_H2_Agri_biomass_edge,BECCSHydrogen{NaturalGas},UnidirectionalEdge{MacroEnergy.Biomass_Agri},new_capacity,0.05004762746119684
Biomass_Agri,SW,SW_Bio_H2_Agri,SW_Bio_H2_Agri_biomass_edge,BECCSHydrogen{NaturalGas},UnidirectionalEdge{MacroEnergy.Biomass_Agri},new_capacity,0.059274714838716026
Biomass_Agri,TX,TX_Bio_H2_Agri,TX_Bio_H2_Agri_biomass_edge,BECCSHydrogen{NaturalGas},UnidirectionalEdge{MacroEnergy.Biomass_Agri},new_capacity,0.06735009454598376
Biomass_Agri,NCEN,NCEN_Bio_H2_Agri,NCEN_Bio_H2_Agri_biomass_edge,BECCSHydrogen{NaturalGas},UnidirectionalEdge{MacroEnergy.Biomass_Agri},new_capacity,0.08327054368638452
Biomass_Agri,CEN,CEN_Bio_H2_Agri,CEN_Bio_H2_Agri_biomass_edge,BECCSHydrogen{NaturalGas},UnidirectionalEdge{MacroEnergy.Biomass_Agri},new_capacity,0.06912926523878314
Biomass_Agri,SE,SE_Bio_H2_Agri,SE_Bio_H2_Agri_biomass_edge,BECCSHydrogen{NaturalGas},UnidirectionalEdge{MacroEnergy.Biomass_Agri},new_capacity,0.07154852750868168
Biomass_Agri,MIDAT,MIDAT_Bio_H2_Agri,MIDAT_Bio_H2_Agri_biomass_edge,BECCSHydrogen{NaturalGas},UnidirectionalEdge{MacroEnergy.Biomass_Agri},new_capacity,0.07372586960623839
Biomass_Agri,NE,NE_Bio_H2_Agri,NE_Bio_H2_Agri_biomass_edge,BECCSHydrogen{NaturalGas},UnidirectionalEdge{MacroEnergy.Biomass_Agri},new_capacity,0.07450043929968579
Biomass_Herb,CA,CA_Bio_H2_CCS_99_Herb,CA_Bio_H2_CCS_99_Herb_biomass_edge,BECCSHydrogen{NaturalGas},UnidirectionalEdge{MacroEnergy.Biomass_Herb},new_capacity,0.0091805282699846
Biomass_Herb,NW,NW_Bio_H2_CCS_99_Herb,NW_Bio_H2_CCS_99_Herb_biomass_edge,BECCSHydrogen{NaturalGas},UnidirectionalEdge{MacroEnergy.Biomass_Herb},new_capacity,0.048231515282374654
Biomass_Herb,SW,SW_Bio_H2_CCS_99_Herb,SW_Bio_H2_CCS_99_Herb_biomass_edge,BECCSHydrogen{NaturalGas},UnidirectionalEdge{MacroEnergy.Biomass_Herb},new_capacity,0.06445418952819017
Biomass_Herb,TX,TX_Bio_H2_CCS_99_Herb,TX_Bio_H2_CCS_99_Herb_biomass_edge,BECCSHydrogen{NaturalGas},UnidirectionalEdge{MacroEnergy.Biomass_Herb},new_capacity,0.10149762411693791
Biomass_Herb,NCEN,NCEN_Bio_H2_CCS_99_Herb,NCEN_Bio_H2_CCS_99_Herb_biomass_edge,BECCSHydrogen{NaturalGas},UnidirectionalEdge{MacroEnergy.Biomass_Herb},new_capacity,0.08015670042040725
Biomass_Herb,CEN,CEN_Bio_H2_CCS_99_Herb,CEN_Bio_H2_CCS_99_Herb_biomass_edge,BECCSHydrogen{NaturalGas},UnidirectionalEdge{MacroEnergy.Biomass_Herb},new_capacity,0.09990957629324532
Biomass_Herb,SE,SE_Bio_H2_CCS_99_Herb,SE_Bio_H2_CCS_99_Herb_biomass_edge,BECCSHydrogen{NaturalGas},UnidirectionalEdge{MacroEnergy.Biomass_Herb},new_capacity,0.08811642911241219
Biomass_Herb,MIDAT,MIDAT_Bio_H2_CCS_99_Herb,MIDAT_Bio_H2_CCS_99_Herb_biomass_edge,BECCSHydrogen{NaturalGas},UnidirectionalEdge{MacroEnergy.Biomass_Herb},new_capacity,0.05122449069221624
Biomass_Herb,NE,NE_Bio_H2_CCS_99_Herb,NE_Bio_H2_CCS_99_Herb_biomass_edge,BECCSHydrogen{NaturalGas},UnidirectionalEdge{MacroEnergy.Biomass_Herb},new_capacity,0.0454687975771176
Biomass_Wood,CA,CA_Bio_H2_CCS_99_Wood,CA_Bio_H2_CCS_99_Wood_biomass_edge,BECCSHydrogen{NaturalGas},UnidirectionalEdge{MacroEnergy.Biomass_Wood},new_capacity,0.05483340045914858
Biomass_Wood,NW,NW_Bio_H2_CCS_99_Wood,NW_Bio_H2_CCS_99_Wood_biomass_edge,BECCSHydrogen{NaturalGas},UnidirectionalEdge{MacroEnergy.Biomass_Wood},new_capacity,0.04443389042491696
Biomass_Wood,SW,SW_Bio_H2_CCS_99_Wood,SW_Bio_H2_CCS_99_Wood_biomass_edge,BECCSHydrogen{NaturalGas},UnidirectionalEdge{MacroEnergy.Biomass_Wood},new_capacity,0.05293607588640222
Biomass_Wood,TX,TX_Bio_H2_CCS_99_Wood,TX_Bio_H2_CCS_99_Wood_biomass_edge,BECCSHydrogen{NaturalGas},UnidirectionalEdge{MacroEnergy.Biomass_Wood},new_capacity,0.05177893977682676
Biomass_Wood,NCEN,NCEN_Bio_H2_CCS_99_Wood,NCEN_Bio_H2_CCS_99_Wood_biomass_edge,BECCSHydrogen{NaturalGas},UnidirectionalEdge{MacroEnergy.Biomass_Wood},new_capacity,0.056984465306171316
Biomass_Wood,CEN,CEN_Bio_H2_CCS_99_Wood,CEN_Bio_H2_CCS_99_Wood_biomass_edge,BECCSHydrogen{NaturalGas},UnidirectionalEdge{MacroEnergy.Biomass_Wood},new_capacity,0.05901906539771846
Biomass_Wood,SE,SE_Bio_H2_CCS_99_Wood,SE_Bio_H2_CCS_99_Wood_biomass_edge,BECCSHydrogen{NaturalGas},UnidirectionalEdge{MacroEnergy.Biomass_Wood},new_capacity,0.062449352057413
Biomass_Wood,MIDAT,MIDAT_Bio_H2_CCS_99_Wood,MIDAT_Bio_H2_CCS_99_Wood_biomass_edge,BECCSHydrogen{NaturalGas},UnidirectionalEdge{MacroEnergy.Biomass_Wood},new_capacity,0.05741556227971542
Biomass_Wood,NE,NE_Bio_H2_CCS_99_Wood,NE_Bio_H2_CCS_99_Wood_biomass_edge,BECCSHydrogen{NaturalGas},UnidirectionalEdge{MacroEnergy.Biomass_Wood},new_capacity,0.045056642617087604
Biomass_Agri,CA,CA_Bio_H2_CCS_99_Agri,CA_Bio_H2_CCS_99_Agri_biomass_edge,BECCSHydrogen{NaturalGas},UnidirectionalEdge{MacroEnergy.Biomass_Agri},new_capacity,0.05711768721766856
Biomass_Agri,NW,NW_Bio_H2_CCS_99_Agri,NW_Bio_H2_CCS_99_Agri_biomass_edge,BECCSHydrogen{NaturalGas},UnidirectionalEdge{MacroEnergy.Biomass_Agri},new_capacity,0.052490026702767305
Biomass_Agri,SW,SW_Bio_H2_CCS_99_Agri,SW_Bio_H2_CCS_99_Agri_biomass_edge,BECCSHydrogen{NaturalGas},UnidirectionalEdge{MacroEnergy.Biomass_Agri},new_capacity,0.059306117340915454
Biomass_Agri,TX,TX_Bio_H2_CCS_99_Agri,TX_Bio_H2_CCS_99_Agri_biomass_edge,BECCSHydrogen{NaturalGas},UnidirectionalEdge{MacroEnergy.Biomass_Agri},new_capacity,0.05795048840941005
Biomass_Agri,NCEN,NCEN_Bio_H2_CCS_99_Agri,NCEN_Bio_H2_CCS_99_Agri_biomass_edge,BECCSHydrogen{NaturalGas},UnidirectionalEdge{MacroEnergy.Biomass_Agri},new_capacity,0.10907984652027856
Biomass_Agri,CEN,CEN_Bio_H2_CCS_99_Agri,CEN_Bio_H2_CCS_99_Agri_biomass_edge,BECCSHydrogen{NaturalGas},UnidirectionalEdge{MacroEnergy.Biomass_Agri},new_capacity,0.08165067573276936
Biomass_Agri,SE,SE_Bio_H2_CCS_99_Agri,SE_Bio_H2_CCS_99_Agri_biomass_edge,BECCSHydrogen{NaturalGas},UnidirectionalEdge{MacroEnergy.Biomass_Agri},new_capacity,0.05247221865866504
Biomass_Agri,MIDAT,MIDAT_Bio_H2_CCS_99_Agri,MIDAT_Bio_H2_CCS_99_Agri_biomass_edge,BECCSHydrogen{NaturalGas},UnidirectionalEdge{MacroEnergy.Biomass_Agri},new_capacity,0.049874416572852596
Biomass_Agri,NE,NE_Bio_H2_CCS_99_Agri,NE_Bio_H2_CCS_99_Agri_biomass_edge,BECCSHydrogen{NaturalGas},UnidirectionalEdge{MacroEnergy.Biomass_Agri},new_capacity,0.045760122187831466
Biomass_Herb,CA,CA_Gasoline_Gasification_Non_CCS_Herb,CA_Gasoline_Gasification_Non_CCS_Herb_biomass_edge,BECCSLiquidFuels,UnidirectionalEdge{MacroEnergy.Biomass_Herb},new_capacity,0.010175152040752266
Biomass_Herb,NW,NW_Gasoline_Gasification_Non_CCS_Herb,NW_Gasoline_Gasification_Non_CCS_Herb_biomass_edge,BECCSLiquidFuels,UnidirectionalEdge{MacroEnergy.Biomass_Herb},new_capacity,0.26476985327298874
Biomass_Herb,SW,SW_Gasoline_Gasification_Non_CCS_Herb,SW_Gasoline_Gasification_Non_CCS_Herb_biomass_edge,BECCSLiquidFuels,UnidirectionalEdge{MacroEnergy.Biomass_Herb},new_capacity,0.7323854402069421
Biomass_Herb,TX,TX_Gasoline_Gasification_Non_CCS_Herb,TX_Gasoline_Gasification_Non_CCS_Herb_biomass_edge,BECCSLiquidFuels,UnidirectionalEdge{MacroEnergy.Biomass_Herb},new_capacity,2.1887442700324202
Biomass_Herb,NCEN,NCEN_Gasoline_Gasification_Non_CCS_Herb,NCEN_Gasoline_Gasification_Non_CCS_Herb_biomass_edge,BECCSLiquidFuels,UnidirectionalEdge{MacroEnergy.Biomass_Herb},new_capacity,8.362022270424012
Biomass_Herb,CEN,CEN_Gasoline_Gasification_Non_CCS_Herb,CEN_Gasoline_Gasification_Non_CCS_Herb_biomass_edge,BECCSLiquidFuels,UnidirectionalEdge{MacroEnergy.Biomass_Herb},new_capacity,8.291873883611148
Biomass_Herb,SE,SE_Gasoline_Gasification_Non_CCS_Herb,SE_Gasoline_Gasification_Non_CCS_Herb_biomass_edge,BECCSLiquidFuels,UnidirectionalEdge{MacroEnergy.Biomass_Herb},new_capacity,32.529363482692894
Biomass_Herb,MIDAT,MIDAT_Gasoline_Gasification_Non_CCS_Herb,MIDAT_Gasoline_Gasification_Non_CCS_Herb_biomass_edge,BECCSLiquidFuels,UnidirectionalEdge{MacroEnergy.Biomass_Herb},new_capacity,1499.0158810728324
Biomass_Herb,NE,NE_Gasoline_Gasification_Non_CCS_Herb,NE_Gasoline_Gasification_Non_CCS_Herb_biomass_edge,BECCSLiquidFuels,UnidirectionalEdge{MacroEnergy.Biomass_Herb},new_capacity,322.32846884226643
Biomass_Wood,CA,CA_Gasoline_Gasification_Non_CCS_Wood,CA_Gasoline_Gasification_Non_CCS_Wood_biomass_edge,BECCSLiquidFuels,UnidirectionalEdge{MacroEnergy.Biomass_Wood},new_capacity,0.3775442824389794
Biomass_Wood,NW,NW_Gasoline_Gasification_Non_CCS_Wood,NW_Gasoline_Gasification_Non_CCS_Wood_biomass_edge,BECCSLiquidFuels,UnidirectionalEdge{MacroEnergy.Biomass_Wood},new_capacity,0.22595829058757022
Biomass_Wood,SW,SW_Gasoline_Gasification_Non_CCS_Wood,SW_Gasoline_Gasification_Non_CCS_Wood_biomass_edge,BECCSLiquidFuels,UnidirectionalEdge{MacroEnergy.Biomass_Wood},new_capacity,0.5026212923276967
Biomass_Wood,TX,TX_Gasoline_Gasification_Non_CCS_Wood,TX_Gasoline_Gasification_Non_CCS_Wood_biomass_edge,BECCSLiquidFuels,UnidirectionalEdge{MacroEnergy.Biomass_Wood},new_capacity,0.5735705781593168
Biomass_Wood,NCEN,NCEN_Gasoline_Gasification_Non_CCS_Wood,NCEN_Gasoline_Gasification_Non_CCS_Wood_biomass_edge,BECCSLiquidFuels,UnidirectionalEdge{MacroEnergy.Biomass_Wood},new_capacity,2.5175227736830674
Biomass_Wood,CEN,CEN_Gasoline_Gasification_Non_CCS_Wood,CEN_Gasoline_Gasification_Non_CCS_Wood_biomass_edge,BECCSLiquidFuels,UnidirectionalEdge{MacroEnergy.Biomass_Wood},new_capacity,1.2161885810398458
Biomass_Wood,SE,SE_Gasoline_Gasification_Non_CCS_Wood,SE_Gasoline_Gasification_Non_CCS_Wood_biomass_edge,BECCSLiquidFuels,UnidirectionalEdge{MacroEnergy.Biomass_Wood},new_capacity,10.755434460985725
Biomass_Wood,MIDAT,MIDAT_Gasoline_Gasification_Non_CCS_Wood,MIDAT_Gasoline_Gasification_Non_CCS_Wood_biomass_edge,BECCSLiquidFuels,UnidirectionalEdge{MacroEnergy.Biomass_Wood},new_capacity,3303.368954122691
Biomass_Wood,NE,NE_Gasoline_Gasification_Non_CCS_Wood,NE_Gasoline_Gasification_Non_CCS_Wood_biomass_edge,BECCSLiquidFuels,UnidirectionalEdge{MacroEnergy.Biomass_Wood},new_capacity,1196.929169149939
Biomass_Agri,CA,CA_Gasoline_Gasification_Non_CCS_Agri,CA_Gasoline_Gasification_Non_CCS_Agri_biomass_edge,BECCSLiquidFuels,UnidirectionalEdge{MacroEnergy.Biomass_Agri},new_capacity,0.43181093987986857
Biomass_Agri,NW,NW_Gasoline_Gasification_Non_CCS_Agri,NW_Gasoline_Gasification_Non_CCS_Agri_biomass_edge,BECCSLiquidFuels,UnidirectionalEdge{MacroEnergy.Biomass_Agri},new_capacity,0.3278251907103946
Biomass_Agri,SW,SW_Gasoline_Gasification_Non_CCS_Agri,SW_Gasoline_Gasification_Non_CCS_Agri_biomass_edge,BECCSLiquidFuels,UnidirectionalEdge{MacroEnergy.Biomass_Agri},new_capacity,0.600263591669766
Biomass_Agri,TX,TX_Gasoline_Gasification_Non_CCS_Agri,TX_Gasoline_Gasification_Non_CCS_Agri_biomass_edge,BECCSLiquidFuels,UnidirectionalEdge{MacroEnergy.Biomass_Agri},new_capacity,0.926595979557731
Biomass_Agri,NCEN,NCEN_Gasoline_Gasification_Non_CCS_Agri,NCEN_Gasoline_Gasification_Non_CCS_Agri_biomass_edge,BECCSLiquidFuels,UnidirectionalEdge{MacroEnergy.Biomass_Agri},new_capacity,10.283724527782892
Biomass_Agri,CEN,CEN_Gasoline_Gasification_Non_CCS_Agri,CEN_Gasoline_Gasification_Non_CCS_Agri_biomass_edge,BECCSLiquidFuels,UnidirectionalEdge{MacroEnergy.Biomass_Agri},new_capacity,2.7054089368038516
Biomass_Agri,SE,SE_Gasoline_Gasification_Non_CCS_Agri,SE_Gasoline_Gasification_Non_CCS_Agri_biomass_edge,BECCSLiquidFuels,UnidirectionalEdge{MacroEnergy.Biomass_Agri},new_capacity,17.33853293919829
Biomass_Agri,MIDAT,MIDAT_Gasoline_Gasification_Non_CCS_Agri,MIDAT_Gasoline_Gasification_Non_CCS_Agri_biomass_edge,BECCSLiquidFuels,UnidirectionalEdge{MacroEnergy.Biomass_Agri},new_capacity,769.0775083453433
Biomass_Agri,NE,NE_Gasoline_Gasification_Non_CCS_Agri,NE_Gasoline_Gasification_Non_CCS_Agri_biomass_edge,BECCSLiquidFuels,UnidirectionalEdge{MacroEnergy.Biomass_Agri},new_capacity,218.46101386428256
Biomass_Herb,CA,CA_Gasoline_Gasification_CCS_31_Herb,CA_Gasoline_Gasification_CCS_31_Herb_biomass_edge,BECCSLiquidFuels,UnidirectionalEdge{MacroEnergy.Biomass_Herb},new_capacity,0.0102522145858672
Biomass_Herb,NW,NW_Gasoline_Gasification_CCS_31_Herb,NW_Gasoline_Gasification_CCS_31_Herb_biomass_edge,BECCSLiquidFuels,UnidirectionalEdge{MacroEnergy.Biomass_Herb},new_capacity,0.32250990105836663
Biomass_Herb,SW,SW_Gasoline_Gasification_CCS_31_Herb,SW_Gasoline_Gasification_CCS_31_Herb_biomass_edge,BECCSLiquidFuels,UnidirectionalEdge{MacroEnergy.Biomass_Herb},new_capacity,0.9839479837457804
Biomass_Herb,TX,TX_Gasoline_Gasification_CCS_31_Herb,TX_Gasoline_Gasification_CCS_31_Herb_biomass_edge,BECCSLiquidFuels,UnidirectionalEdge{MacroEnergy.Biomass_Herb},new_capacity,2.936847771488374
Biomass_Herb,NCEN,NCEN_Gasoline_Gasification_CCS_31_Herb,NCEN_Gasoline_Gasification_CCS_31_Herb_biomass_edge,BECCSLiquidFuels,UnidirectionalEdge{MacroEnergy.Biomass_Herb},new_capacity,2295.802834535821
Biomass_Herb,CEN,CEN_Gasoline_Gasification_CCS_31_Herb,CEN_Gasoline_Gasification_CCS_31_Herb_biomass_edge,BECCSLiquidFuels,UnidirectionalEdge{MacroEnergy.Biomass_Herb},new_capacity,7.011306223687029
Biomass_Herb,SE,SE_Gasoline_Gasification_CCS_31_Herb,SE_Gasoline_Gasification_CCS_31_Herb_biomass_edge,BECCSLiquidFuels,UnidirectionalEdge{MacroEnergy.Biomass_Herb},new_capacity,8794.767129327101
Biomass_Herb,MIDAT,MIDAT_Gasoline_Gasification_CCS_31_Herb,MIDAT_Gasoline_Gasification_CCS_31_Herb_biomass_edge,BECCSLiquidFuels,UnidirectionalEdge{MacroEnergy.Biomass_Herb},new_capacity,9.341079612353214
Biomass_Herb,NE,NE_Gasoline_Gasification_CCS_31_Herb,NE_Gasoline_Gasification_CCS_31_Herb_biomass_edge,BECCSLiquidFuels,UnidirectionalEdge{MacroEnergy.Biomass_Herb},new_capacity,3.236281391676227
Biomass_Wood,CA,CA_Gasoline_Gasification_CCS_31_Wood,CA_Gasoline_Gasification_CCS_31_Wood_biomass_edge,BECCSLiquidFuels,UnidirectionalEdge{MacroEnergy.Biomass_Wood},new_capacity,0.703463096006637
Biomass_Wood,NW,NW_Gasoline_Gasification_CCS_31_Wood,NW_Gasoline_Gasification_CCS_31_Wood_biomass_edge,BECCSLiquidFuels,UnidirectionalEdge{MacroEnergy.Biomass_Wood},new_capacity,0.3115710414851742
Biomass_Wood,SW,SW_Gasoline_Gasification_CCS_31_Wood,SW_Gasoline_Gasification_CCS_31_Wood_biomass_edge,BECCSLiquidFuels,UnidirectionalEdge{MacroEnergy.Biomass_Wood},new_capacity,0.7311485686237716
Biomass_Wood,TX,TX_Gasoline_Gasification_CCS_31_Wood,TX_Gasoline_Gasification_CCS_31_Wood_biomass_edge,BECCSLiquidFuels,UnidirectionalEdge{MacroEnergy.Biomass_Wood},new_capacity,0.83092427948273
Biomass_Wood,NCEN,NCEN_Gasoline_Gasification_CCS_31_Wood,NCEN_Gasoline_Gasification_CCS_31_Wood_biomass_edge,BECCSLiquidFuels,UnidirectionalEdge{MacroEnergy.Biomass_Wood},new_capacity,5.075683907349525
Biomass_Wood,CEN,CEN_Gasoline_Gasification_CCS_31_Wood,CEN_Gasoline_Gasification_CCS_31_Wood_biomass_edge,BECCSLiquidFuels,UnidirectionalEdge{MacroEnergy.Biomass_Wood},new_capacity,2.031945294334606
Biomass_Wood,SE,SE_Gasoline_Gasification_CCS_31_Wood,SE_Gasoline_Gasification_CCS_31_Wood_biomass_edge,BECCSLiquidFuels,UnidirectionalEdge{MacroEnergy.Biomass_Wood},new_capacity,1925.0510311728253
Biomass_Wood,MIDAT,MIDAT_Gasoline_Gasification_CCS_31_Wood,MIDAT_Gasoline_Gasification_CCS_31_Wood_biomass_edge,BECCSLiquidFuels,UnidirectionalEdge{MacroEnergy.Biomass_Wood},new_capacity,25.03295358385613
Biomass_Wood,NE,NE_Gasoline_Gasification_CCS_31_Wood,NE_Gasoline_Gasification_CCS_31_Wood_biomass_edge,BECCSLiquidFuels,UnidirectionalEdge{MacroEnergy.Biomass_Wood},new_capacity,4.481149464624412
Biomass_Agri,CA,CA_Gasoline_Gasification_CCS_31_Agri,CA_Gasoline_Gasification_CCS_31_Agri_biomass_edge,BECCSLiquidFuels,UnidirectionalEdge{MacroEnergy.Biomass_Agri},new_capacity,0.7768773153851831
Biomass_Agri,NW,NW_Gasoline_Gasification_CCS_31_Agri,NW_Gasoline_Gasification_CCS_31_Agri_biomass_edge,BECCSLiquidFuels,UnidirectionalEdge{MacroEnergy.Biomass_Agri},new_capacity,0.40426302874993697
Biomass_Agri,SW,SW_Gasoline_Gasification_CCS_31_Agri,SW_Gasoline_Gasification_CCS_31_Agri_biomass_edge,BECCSLiquidFuels,UnidirectionalEdge{MacroEnergy.Biomass_Agri},new_capacity,1.0007468053163355
Biomass_Agri,TX,TX_Gasoline_Gasification_CCS_31_Agri,TX_Gasoline_Gasification_CCS_31_Agri_biomass_edge,BECCSLiquidFuels,UnidirectionalEdge{MacroEnergy.Biomass_Agri},new_capacity,1.8374516195918225
Biomass_Agri,NCEN,NCEN_Gasoline_Gasification_CCS_31_Agri,NCEN_Gasoline_Gasification_CCS_31_Agri_biomass_edge,BECCSLiquidFuels,UnidirectionalEdge{MacroEnergy.Biomass_Agri},new_capacity,14090.37533156465
Biomass_Agri,CEN,CEN_Gasoline_Gasification_CCS_31_Agri,CEN_Gasoline_Gasification_CCS_31_Agri_biomass_edge,BECCSLiquidFuels,UnidirectionalEdge{MacroEnergy.Biomass_Agri},new_capacity,4.325315117577974
Biomass_Agri,SE,SE_Gasoline_Gasification_CCS_31_Agri,SE_Gasoline_Gasification_CCS_31_Agri_biomass_edge,BECCSLiquidFuels,UnidirectionalEdge{MacroEnergy.Biomass_Agri},new_capacity,938.3672832002593
Biomass_Agri,MIDAT,MIDAT_Gasoline_Gasification_CCS_31_Agri,MIDAT_Gasoline_Gasification_CCS_31_Agri_biomass_edge,BECCSLiquidFuels,UnidirectionalEdge{MacroEnergy.Biomass_Agri},new_capacity,9.305363215179176
Biomass_Agri,NE,NE_Gasoline_Gasification_CCS_31_Agri,NE_Gasoline_Gasification_CCS_31_Agri_biomass_edge,BECCSLiquidFuels,UnidirectionalEdge{MacroEnergy.Biomass_Agri},new_capacity,3.634724349745221
Biomass_Herb,CA,CA_Gasoline_Gasification_CCS_99_Herb,CA_Gasoline_Gasification_CCS_99_Herb_biomass_edge,BECCSLiquidFuels,UnidirectionalEdge{MacroEnergy.Biomass_Herb},new_capacity,0.010220052980166202
Biomass_Herb,NW,NW_Gasoline_Gasification_CCS_99_Herb,NW_Gasoline_Gasification_CCS_99_Herb_biomass_edge,BECCSLiquidFuels,UnidirectionalEdge{MacroEnergy.Biomass_Herb},new_capacity,1.8892272699681754
Biomass_Herb,SW,SW_Gasoline_Gasification_CCS_99_Herb,SW_Gasoline_Gasification_CCS_99_Herb_biomass_edge,BECCSLiquidFuels,UnidirectionalEdge{MacroEnergy.Biomass_Herb},new_capacity,1864.7592798380879
Biomass_Herb,TX,TX_Gasoline_Gasification_CCS_99_Herb,TX_Gasoline_Gasification_CCS_99_Herb_biomass_edge,BECCSLiquidFuels,UnidirectionalEdge{MacroEnergy.Biomass_Herb},new_capacity,25.975993866771216
Biomass_Herb,NCEN,NCEN_Gasoline_Gasification_CCS_99_Herb,NCEN_Gasoline_Gasification_CCS_99_Herb_biomass_edge,BECCSLiquidFuels,UnidirectionalEdge{MacroEnergy.Biomass_Herb},new_capacity,5.637742947022393
Biomass_Herb,CEN,CEN_Gasoline_Gasification_CCS_99_Herb,CEN_Gasoline_Gasification_CCS_99_Herb_biomass_edge,BECCSLiquidFuels,UnidirectionalEdge{MacroEnergy.Biomass_Herb},new_capacity,29.927449651779106
Biomass_Herb,SE,SE_Gasoline_Gasification_CCS_99_Herb,SE_Gasoline_Gasification_CCS_99_Herb_biomass_edge,BECCSLiquidFuels,UnidirectionalEdge{MacroEnergy.Biomass_Herb},new_capacity,2.6147291701068522
Biomass_Herb,MIDAT,MIDAT_Gasoline_Gasification_CCS_99_Herb,MIDAT_Gasoline_Gasification_CCS_99_Herb_biomass_edge,BECCSLiquidFuels,UnidirectionalEdge{MacroEnergy.Biomass_Herb},new_capacity,1.2358097434588369
Biomass_Herb,NE,NE_Gasoline_Gasification_CCS_99_Herb,NE_Gasoline_Gasification_CCS_99_Herb_biomass_edge,BECCSLiquidFuels,UnidirectionalEdge{MacroEnergy.Biomass_Herb},new_capacity,0.611363076381201
Biomass_Wood,CA,CA_Gasoline_Gasification_CCS_99_Wood,CA_Gasoline_Gasification_CCS_99_Wood_biomass_edge,BECCSLiquidFuels,UnidirectionalEdge{MacroEnergy.Biomass_Wood},new_capacity,55.18250645467219
Biomass_Wood,NW,NW_Gasoline_Gasification_CCS_99_Wood,NW_Gasoline_Gasification_CCS_99_Wood_biomass_edge,BECCSLiquidFuels,UnidirectionalEdge{MacroEnergy.Biomass_Wood},new_capacity,1.313533137096155
Biomass_Wood,SW,SW_Gasoline_Gasification_CCS_99_Wood,SW_Gasoline_Gasification_CCS_99_Wood_biomass_edge,BECCSLiquidFuels,UnidirectionalEdge{MacroEnergy.Biomass_Wood},new_capacity,701.4864036515834
Biomass_Wood,TX,TX_Gasoline_Gasification_CCS_99_Wood,TX_Gasoline_Gasification_CCS_99_Wood_biomass_edge,BECCSLiquidFuels,UnidirectionalEdge{MacroEnergy.Biomass_Wood},new_capacity,26.52817832679013
Biomass_Wood,NCEN,NCEN_Gasoline_Gasification_CCS_99_Wood,NCEN_Gasoline_Gasification_CCS_99_Wood_biomass_edge,BECCSLiquidFuels,UnidirectionalEdge{MacroEnergy.Biomass_Wood},new_capacity,3.29894852067491
Biomass_Wood,CEN,CEN_Gasoline_Gasification_CCS_99_Wood,CEN_Gasoline_Gasification_CCS_99_Wood_biomass_edge,BECCSLiquidFuels,UnidirectionalEdge{MacroEnergy.Biomass_Wood},new_capacity,5.4914062507966666
Biomass_Wood,SE,SE_Gasoline_Gasification_CCS_99_Wood,SE_Gasoline_Gasification_CCS_99_Wood_biomass_edge,BECCSLiquidFuels,UnidirectionalEdge{MacroEnergy.Biomass_Wood},new_capacity,3.027268146421849
Biomass_Wood,MIDAT,MIDAT_Gasoline_Gasification_CCS_99_Wood,MIDAT_Gasoline_Gasification_CCS_99_Wood_biomass_edge,BECCSLiquidFuels,UnidirectionalEdge{MacroEnergy.Biomass_Wood},new_capacity,1.4646135362451698
Biomass_Wood,NE,NE_Gasoline_Gasification_CCS_99_Wood,NE_Gasoline_Gasification_CCS_99_Wood_biomass_edge,BECCSLiquidFuels,UnidirectionalEdge{MacroEnergy.Biomass_Wood},new_capacity,0.7570041234108702
Biomass_Agri,CA,CA_Gasoline_Gasification_CCS_99_Agri,CA_Gasoline_Gasification_CCS_99_Agri_biomass_edge,BECCSLiquidFuels,UnidirectionalEdge{MacroEnergy.Biomass_Agri},new_capacity,541.49502162605
Biomass_Agri,NW,NW_Gasoline_Gasification_CCS_99_Agri,NW_Gasoline_Gasification_CCS_99_Agri_biomass_edge,BECCSLiquidFuels,UnidirectionalEdge{MacroEnergy.Biomass_Agri},new_capacity,4.438359549676377
Biomass_Agri,SW,SW_Gasoline_Gasification_CCS_99_Agri,SW_Gasoline_Gasification_CCS_99_Agri_biomass_edge,BECCSLiquidFuels,UnidirectionalEdge{MacroEnergy.Biomass_Agri},new_capacity,285.20823564753147
Biomass_Agri,TX,TX_Gasoline_Gasification_CCS_99_Agri,TX_Gasoline_Gasification_CCS_99_Agri_biomass_edge,BECCSLiquidFuels,UnidirectionalEdge{MacroEnergy.Biomass_Agri},new_capacity,114.19612934807871
Biomass_Agri,NCEN,NCEN_Gasoline_Gasification_CCS_99_Agri,NCEN_Gasoline_Gasification_CCS_99_Agri_biomass_edge,BECCSLiquidFuels,UnidirectionalEdge{MacroEnergy.Biomass_Agri},new_capacity,6.868462851595374
Biomass_Agri,CEN,CEN_Gasoline_Gasification_CCS_99_Agri,CEN_Gasoline_Gasification_CCS_99_Agri_biomass_edge,BECCSLiquidFuels,UnidirectionalEdge{MacroEnergy.Biomass_Agri},new_capacity,5053.47378033586
Biomass_Agri,SE,SE_Gasoline_Gasification_CCS_99_Agri,SE_Gasoline_Gasification_CCS_99_Agri_biomass_edge,BECCSLiquidFuels,UnidirectionalEdge{MacroEnergy.Biomass_Agri},new_capacity,1.7170001414046894
Biomass_Agri,MIDAT,MIDAT_Gasoline_Gasification_CCS_99_Agri,MIDAT_Gasoline_Gasification_CCS_99_Agri_biomass_edge,BECCSLiquidFuels,UnidirectionalEdge{MacroEnergy.Biomass_Agri},new_capacity,1.0249897499667895
Biomass_Agri,NE,NE_Gasoline_Gasification_CCS_99_Agri,NE_Gasoline_Gasification_CCS_99_Agri_biomass_edge,BECCSLiquidFuels,UnidirectionalEdge{MacroEnergy.Biomass_Agri},new_capacity,0.6100266588904932
Biomass_Herb,CA,CA_FT_High_Diesel_Non_CCS_Herb,CA_FT_High_Diesel_Non_CCS_Herb_biomass_edge,BECCSLiquidFuels,UnidirectionalEdge{MacroEnergy.Biomass_Herb},new_capacity,0.010017981141237057
Biomass_Herb,NW,NW_FT_High_Diesel_Non_CCS_Herb,NW_FT_High_Diesel_Non_CCS_Herb_biomass_edge,BECCSLiquidFuels,UnidirectionalEdge{MacroEnergy.Biomass_Herb},new_capacity,0.25028912558509336
Biomass_Herb,SW,SW_FT_High_Diesel_Non_CCS_Herb,SW_FT_High_Diesel_Non_CCS_Herb_biomass_edge,BECCSLiquidFuels,UnidirectionalEdge{MacroEnergy.Biomass_Herb},new_capacity,0.3087875471579569
Biomass_Herb,TX,TX_FT_High_Diesel_Non_CCS_Herb,TX_FT_High_Diesel_Non_CCS_Herb_biomass_edge,BECCSLiquidFuels,UnidirectionalEdge{MacroEnergy.Biomass_Herb},new_capacity,0.6342442342203316
Biomass_Herb,NCEN,NCEN_FT_High_Diesel_Non_CCS_Herb,NCEN_FT_High_Diesel_Non_CCS_Herb_biomass_edge,BECCSLiquidFuels,UnidirectionalEdge{MacroEnergy.Biomass_Herb},new_capacity,0.8125476599721128
Biomass_Herb,CEN,CEN_FT_High_Diesel_Non_CCS_Herb,CEN_FT_High_Diesel_Non_CCS_Herb_biomass_edge,BECCSLiquidFuels,UnidirectionalEdge{MacroEnergy.Biomass_Herb},new_capacity,1.021979912187816
Biomass_Herb,SE,SE_FT_High_Diesel_Non_CCS_Herb,SE_FT_High_Diesel_Non_CCS_Herb_biomass_edge,BECCSLiquidFuels,UnidirectionalEdge{MacroEnergy.Biomass_Herb},new_capacity,0.9116920695544631
Biomass_Herb,MIDAT,MIDAT_FT_High_Diesel_Non_CCS_Herb,MIDAT_FT_High_Diesel_Non_CCS_Herb_biomass_edge,BECCSLiquidFuels,UnidirectionalEdge{MacroEnergy.Biomass_Herb},new_capacity,0.5954313483482824
Biomass_Herb,NE,NE_FT_High_Diesel_Non_CCS_Herb,NE_FT_High_Diesel_Non_CCS_Herb_biomass_edge,BECCSLiquidFuels,UnidirectionalEdge{MacroEnergy.Biomass_Herb},new_capacity,0.6365265351038624
Biomass_Wood,CA,CA_FT_High_Diesel_Non_CCS_Wood,CA_FT_High_Diesel_Non_CCS_Wood_biomass_edge,BECCSLiquidFuels,UnidirectionalEdge{MacroEnergy.Biomass_Wood},new_capacity,0.24034515151571167
Biomass_Wood,NW,NW_FT_High_Diesel_Non_CCS_Wood,NW_FT_High_Diesel_Non_CCS_Wood_biomass_edge,BECCSLiquidFuels,UnidirectionalEdge{MacroEnergy.Biomass_Wood},new_capacity,0.2194853580599227
Biomass_Wood,SW,SW_FT_High_Diesel_Non_CCS_Wood,SW_FT_High_Diesel_Non_CCS_Wood_biomass_edge,BECCSLiquidFuels,UnidirectionalEdge{MacroEnergy.Biomass_Wood},new_capacity,0.2782170713020602
Biomass_Wood,TX,TX_FT_High_Diesel_Non_CCS_Wood,TX_FT_High_Diesel_Non_CCS_Wood_biomass_edge,BECCSLiquidFuels,UnidirectionalEdge{MacroEnergy.Biomass_Wood},new_capacity,0.29059002871200784
Biomass_Wood,NCEN,NCEN_FT_High_Diesel_Non_CCS_Wood,NCEN_FT_High_Diesel_Non_CCS_Wood_biomass_edge,BECCSLiquidFuels,UnidirectionalEdge{MacroEnergy.Biomass_Wood},new_capacity,0.6302982676136718
Biomass_Wood,CEN,CEN_FT_High_Diesel_Non_CCS_Wood,CEN_FT_High_Diesel_Non_CCS_Wood_biomass_edge,BECCSLiquidFuels,UnidirectionalEdge{MacroEnergy.Biomass_Wood},new_capacity,0.48802989920812095
Biomass_Wood,SE,SE_FT_High_Diesel_Non_CCS_Wood,SE_FT_High_Diesel_Non_CCS_Wood_biomass_edge,BECCSLiquidFuels,UnidirectionalEdge{MacroEnergy.Biomass_Wood},new_capacity,0.7835237461645329
Biomass_Wood,MIDAT,MIDAT_FT_High_Diesel_Non_CCS_Wood,MIDAT_FT_High_Diesel_Non_CCS_Wood_biomass_edge,BECCSLiquidFuels,UnidirectionalEdge{MacroEnergy.Biomass_Wood},new_capacity,0.7945597786712314
Biomass_Wood,NE,NE_FT_High_Diesel_Non_CCS_Wood,NE_FT_High_Diesel_Non_CCS_Wood_biomass_edge,BECCSLiquidFuels,UnidirectionalEdge{MacroEnergy.Biomass_Wood},new_capacity,0.6448689138462107
Biomass_Agri,CA,CA_FT_High_Diesel_Agri,CA_FT_High_Diesel_Agri_biomass_edge,BECCSLiquidFuels,UnidirectionalEdge{MacroEnergy.Biomass_Agri},new_capacity,0.2300297225818673
Biomass_Agri,NW,NW_FT_High_Diesel_Agri,NW_FT_High_Diesel_Agri_biomass_edge,BECCSLiquidFuels,UnidirectionalEdge{MacroEnergy.Biomass_Agri},new_capacity,0.2590146013262871
Biomass_Agri,SW,SW_FT_High_Diesel_Agri,SW_FT_High_Diesel_Agri_biomass_edge,BECCSLiquidFuels,UnidirectionalEdge{MacroEnergy.Biomass_Agri},new_capacity,0.26713964691338743
Biomass_Agri,TX,TX_FT_High_Diesel_Agri,TX_FT_High_Diesel_Agri_biomass_edge,BECCSLiquidFuels,UnidirectionalEdge{MacroEnergy.Biomass_Agri},new_capacity,0.30595777154152576
Biomass_Agri,NCEN,NCEN_FT_High_Diesel_Agri,NCEN_FT_High_Diesel_Agri_biomass_edge,BECCSLiquidFuels,UnidirectionalEdge{MacroEnergy.Biomass_Agri},new_capacity,0.9133994836069161
Biomass_Agri,CEN,CEN_FT_High_Diesel_Agri,CEN_FT_High_Diesel_Agri_biomass_edge,BECCSLiquidFuels,UnidirectionalEdge{MacroEnergy.Biomass_Agri},new_capacity,0.6728721704505463
Biomass_Agri,SE,SE_FT_High_Diesel_Agri,SE_FT_High_Diesel_Agri_biomass_edge,BECCSLiquidFuels,UnidirectionalEdge{MacroEnergy.Biomass_Agri},new_capacity,0.4868630242141599
Biomass_Agri,MIDAT,MIDAT_FT_High_Diesel_Agri,MIDAT_FT_High_Diesel_Agri_biomass_edge,BECCSLiquidFuels,UnidirectionalEdge{MacroEnergy.Biomass_Agri},new_capacity,0.4857719276693972
Biomass_Agri,NE,NE_FT_High_Diesel_Agri,NE_FT_High_Diesel_Agri_biomass_edge,BECCSLiquidFuels,UnidirectionalEdge{MacroEnergy.Biomass_Agri},new_capacity,0.5662731621741911
Biomass_Herb,CA,CA_FT_High_Diesel_CCS_53_Herb,CA_FT_High_Diesel_CCS_53_Herb_biomass_edge,BECCSLiquidFuels,UnidirectionalEdge{MacroEnergy.Biomass_Herb},new_capacity,0.01010011856385379
Biomass_Herb,NW,NW_FT_High_Diesel_CCS_53_Herb,NW_FT_High_Diesel_CCS_53_Herb_biomass_edge,BECCSLiquidFuels,UnidirectionalEdge{MacroEnergy.Biomass_Herb},new_capacity,1.0357855926433608
Biomass_Herb,SW,SW_FT_High_Diesel_CCS_53_Herb,SW_FT_High_Diesel_CCS_53_Herb_biomass_edge,BECCSLiquidFuels,UnidirectionalEdge{MacroEnergy.Biomass_Herb},new_capacity,1.2273994167331366
Biomass_Herb,TX,TX_FT_High_Diesel_CCS_53_Herb,TX_FT_High_Diesel_CCS_53_Herb_biomass_edge,BECCSLiquidFuels,UnidirectionalEdge{MacroEnergy.Biomass_Herb},new_capacity,2.5709640332060775
Biomass_Herb,NCEN,NCEN_FT_High_Diesel_CCS_53_Herb,NCEN_FT_High_Diesel_CCS_53_Herb_biomass_edge,BECCSLiquidFuels,UnidirectionalEdge{MacroEnergy.Biomass_Herb},new_capacity,1514.6958111641316
Biomass_Herb,CEN,CEN_FT_High_Diesel_CCS_53_Herb,CEN_FT_High_Diesel_CCS_53_Herb_biomass_edge,BECCSLiquidFuels,UnidirectionalEdge{MacroEnergy.Biomass_Herb},new_capacity,2142.618019422675
Biomass_Herb,SE,SE_FT_High_Diesel_CCS_53_Herb,SE_FT_High_Diesel_CCS_53_Herb_biomass_edge,BECCSLiquidFuels,UnidirectionalEdge{MacroEnergy.Biomass_Herb},new_capacity,4.0835422535788135
Biomass_Herb,MIDAT,MIDAT_FT_High_Diesel_CCS_53_Herb,MIDAT_FT_High_Diesel_CCS_53_Herb_biomass_edge,BECCSLiquidFuels,UnidirectionalEdge{MacroEnergy.Biomass_Herb},new_capacity,1.5264174470378693
Biomass_Herb,NE,NE_FT_High_Diesel_CCS_53_Herb,NE_FT_High_Diesel_CCS_53_Herb_biomass_edge,BECCSLiquidFuels,UnidirectionalEdge{MacroEnergy.Biomass_Herb},new_capacity,1.4701660830149965
Biomass_Wood,CA,CA_FT_High_Diesel_CCS_53_Wood,CA_FT_High_Diesel_CCS_53_Wood_biomass_edge,BECCSLiquidFuels,UnidirectionalEdge{MacroEnergy.Biomass_Wood},new_capacity,1.2032784673417691
Biomass_Wood,NW,NW_FT_High_Diesel_CCS_53_Wood,NW_FT_High_Diesel_CCS_53_Wood_biomass_edge,BECCSLiquidFuels,UnidirectionalEdge{MacroEnergy.Biomass_Wood},new_capacity,1.2011113143096532
Biomass_Wood,SW,SW_FT_High_Diesel_CCS_53_Wood,SW_FT_High_Diesel_CCS_53_Wood_biomass_edge,BECCSLiquidFuels,UnidirectionalEdge{MacroEnergy.Biomass_Wood},new_capacity,2.153140734542769
Biomass_Wood,TX,TX_FT_High_Diesel_CCS_53_Wood,TX_FT_High_Diesel_CCS_53_Wood_biomass_edge,BECCSLiquidFuels,UnidirectionalEdge{MacroEnergy.Biomass_Wood},new_capacity,2.2312280258632122
Biomass_Wood,NCEN,NCEN_FT_High_Diesel_CCS_53_Wood,NCEN_FT_High_Diesel_CCS_53_Wood_biomass_edge,BECCSLiquidFuels,UnidirectionalEdge{MacroEnergy.Biomass_Wood},new_capacity,2993.0899165966753
Biomass_Wood,CEN,CEN_FT_High_Diesel_CCS_53_Wood,CEN_FT_High_Diesel_CCS_53_Wood_biomass_edge,BECCSLiquidFuels,UnidirectionalEdge{MacroEnergy.Biomass_Wood},new_capacity,14.308984142625155
Biomass_Wood,SE,SE_FT_High_Diesel_CCS_53_Wood,SE_FT_High_Diesel_CCS_53_Wood_biomass_edge,BECCSLiquidFuels,UnidirectionalEdge{MacroEnergy.Biomass_Wood},new_capacity,2922.284087316792
Biomass_Wood,MIDAT,MIDAT_FT_High_Diesel_CCS_53_Wood,MIDAT_FT_High_Diesel_CCS_53_Wood_biomass_edge,BECCSLiquidFuels,UnidirectionalEdge{MacroEnergy.Biomass_Wood},new_capacity,6.204607216080084
Biomass_Wood,NE,NE_FT_High_Diesel_CCS_53_Wood,NE_FT_High_Diesel_CCS_53_Wood_biomass_edge,BECCSLiquidFuels,UnidirectionalEdge{MacroEnergy.Biomass_Wood},new_capacity,2.2795814052956134
Biomass_Agri,CA,CA_FT_High_Diesel_CCS_53_Agri,CA_FT_High_Diesel_CCS_53_Agri_biomass_edge,BECCSLiquidFuels,UnidirectionalEdge{MacroEnergy.Biomass_Agri},new_capacity,1.037132290625504
Biomass_Agri,NW,NW_FT_High_Diesel_CCS_53_Agri,NW_FT_High_Diesel_CCS_53_Agri_biomass_edge,BECCSLiquidFuels,UnidirectionalEdge{MacroEnergy.Biomass_Agri},new_capacity,0.9243300507158199
Biomass_Agri,SW,SW_FT_High_Diesel_CCS_53_Agri,SW_FT_High_Diesel_CCS_53_Agri_biomass_edge,BECCSLiquidFuels,UnidirectionalEdge{MacroEnergy.Biomass_Agri},new_capacity,0.9485498942691362
Biomass_Agri,TX,TX_FT_High_Diesel_CCS_53_Agri,TX_FT_High_Diesel_CCS_53_Agri_biomass_edge,BECCSLiquidFuels,UnidirectionalEdge{MacroEnergy.Biomass_Agri},new_capacity,0.9799248238931815
Biomass_Agri,NCEN,NCEN_FT_High_Diesel_CCS_53_Agri,NCEN_FT_High_Diesel_CCS_53_Agri_biomass_edge,BECCSLiquidFuels,UnidirectionalEdge{MacroEnergy.Biomass_Agri},new_capacity,7.0974144921943765
Biomass_Agri,CEN,CEN_FT_High_Diesel_CCS_53_Agri,CEN_FT_High_Diesel_CCS_53_Agri_biomass_edge,BECCSLiquidFuels,UnidirectionalEdge{MacroEnergy.Biomass_Agri},new_capacity,4.406935178881259
Biomass_Agri,SE,SE_FT_High_Diesel_CCS_53_Agri,SE_FT_High_Diesel_CCS_53_Agri_biomass_edge,BECCSLiquidFuels,UnidirectionalEdge{MacroEnergy.Biomass_Agri},new_capacity,1.2979716315865042
Biomass_Agri,MIDAT,MIDAT_FT_High_Diesel_CCS_53_Agri,MIDAT_FT_High_Diesel_CCS_53_Agri_biomass_edge,BECCSLiquidFuels,UnidirectionalEdge{MacroEnergy.Biomass_Agri},new_capacity,0.9798795132106914
Biomass_Agri,NE,NE_FT_High_Diesel_CCS_53_Agri,NE_FT_High_Diesel_CCS_53_Agri_biomass_edge,BECCSLiquidFuels,UnidirectionalEdge{MacroEnergy.Biomass_Agri},new_capacity,0.9059538684028055
Biomass_Herb,CA,CA_FT_High_Diesel_CCS_99_Herb,CA_FT_High_Diesel_CCS_99_Herb_biomass_edge,BECCSLiquidFuels,UnidirectionalEdge{MacroEnergy.Biomass_Herb},new_capacity,0.010149028884057226
Biomass_Herb,NW,NW_FT_High_Diesel_CCS_99_Herb,NW_FT_High_Diesel_CCS_99_Herb_biomass_edge,BECCSLiquidFuels,UnidirectionalEdge{MacroEnergy.Biomass_Herb},new_capacity,269.52813188356464
Biomass_Herb,SW,SW_FT_High_Diesel_CCS_99_Herb,SW_FT_High_Diesel_CCS_99_Herb_biomass_edge,BECCSLiquidFuels,UnidirectionalEdge{MacroEnergy.Biomass_Herb},new_capacity,3.584604888614592
Biomass_Herb,TX,TX_FT_High_Diesel_CCS_99_Herb,TX_FT_High_Diesel_CCS_99_Herb_biomass_edge,BECCSLiquidFuels,UnidirectionalEdge{MacroEnergy.Biomass_Herb},new_capacity,4.993057596378726
Biomass_Herb,NCEN,NCEN_FT_High_Diesel_CCS_99_Herb,NCEN_FT_High_Diesel_CCS_99_Herb_biomass_edge,BECCSLiquidFuels,UnidirectionalEdge{MacroEnergy.Biomass_Herb},new_capacity,4.978893307058961
Biomass_Herb,CEN,CEN_FT_High_Diesel_CCS_99_Herb,CEN_FT_High_Diesel_CCS_99_Herb_biomass_edge,BECCSLiquidFuels,UnidirectionalEdge{MacroEnergy.Biomass_Herb},new_capacity,19207.61172850332
Biomass_Herb,SE,SE_FT_High_Diesel_CCS_99_Herb,SE_FT_High_Diesel_CCS_99_Herb_biomass_edge,BECCSLiquidFuels,UnidirectionalEdge{MacroEnergy.Biomass_Herb},new_capacity,2.03727684225313
Biomass_Herb,MIDAT,MIDAT_FT_High_Diesel_CCS_99_Herb,MIDAT_FT_High_Diesel_CCS_99_Herb_biomass_edge,BECCSLiquidFuels,UnidirectionalEdge{MacroEnergy.Biomass_Herb},new_capacity,0.9181889638901691
Biomass_Herb,NE,NE_FT_High_Diesel_CCS_99_Herb,NE_FT_High_Diesel_CCS_99_Herb_biomass_edge,BECCSLiquidFuels,UnidirectionalEdge{MacroEnergy.Biomass_Herb},new_capacity,0.5601490211236689
Biomass_Wood,CA,CA_FT_High_Diesel_CCS_99_Wood,CA_FT_High_Diesel_CCS_99_Wood_biomass_edge,BECCSLiquidFuels,UnidirectionalEdge{MacroEnergy.Biomass_Wood},new_capacity,4.74792273581748
Biomass_Wood,NW,NW_FT_High_Diesel_CCS_99_Wood,NW_FT_High_Diesel_CCS_99_Wood_biomass_edge,BECCSLiquidFuels,UnidirectionalEdge{MacroEnergy.Biomass_Wood},new_capacity,787.5127579252888
Biomass_Wood,SW,SW_FT_High_Diesel_CCS_99_Wood,SW_FT_High_Diesel_CCS_99_Wood_biomass_edge,BECCSLiquidFuels,UnidirectionalEdge{MacroEnergy.Biomass_Wood},new_capacity,17.297019978992928
Biomass_Wood,TX,TX_FT_High_Diesel_CCS_99_Wood,TX_FT_High_Diesel_CCS_99_Wood_biomass_edge,BECCSLiquidFuels,UnidirectionalEdge{MacroEnergy.Biomass_Wood},new_capacity,7.379523164798025
Biomass_Wood,NCEN,NCEN_FT_High_Diesel_CCS_99_Wood,NCEN_FT_High_Diesel_CCS_99_Wood_biomass_edge,BECCSLiquidFuels,UnidirectionalEdge{MacroEnergy.Biomass_Wood},new_capacity,4.696550068414386
Biomass_Wood,CEN,CEN_FT_High_Diesel_CCS_99_Wood,CEN_FT_High_Diesel_CCS_99_Wood_biomass_edge,BECCSLiquidFuels,UnidirectionalEdge{MacroEnergy.Biomass_Wood},new_capacity,3695.0951663122128
Biomass_Wood,SE,SE_FT_High_Diesel_CCS_99_Wood,SE_FT_High_Diesel_CCS_99_Wood_biomass_edge,BECCSLiquidFuels,UnidirectionalEdge{MacroEnergy.Biomass_Wood},new_capacity,3.0189285896813467
Biomass_Wood,MIDAT,MIDAT_FT_High_Diesel_CCS_99_Wood,MIDAT_FT_High_Diesel_CCS_99_Wood_biomass_edge,BECCSLiquidFuels,UnidirectionalEdge{MacroEnergy.Biomass_Wood},new_capacity,1.3135383555626556
Biomass_Wood,NE,NE_FT_High_Diesel_CCS_99_Wood,NE_FT_High_Diesel_CCS_99_Wood_biomass_edge,BECCSLiquidFuels,UnidirectionalEdge{MacroEnergy.Biomass_Wood},new_capacity,0.7440862888975288
Biomass_Agri,CA,CA_FT_High_Diesel_CCS_99_Agri,CA_FT_High_Diesel_CCS_99_Agri_biomass_edge,BECCSLiquidFuels,UnidirectionalEdge{MacroEnergy.Biomass_Agri},new_capacity,1.976798542252886
Biomass_Agri,NW,NW_FT_High_Diesel_CCS_99_Agri,NW_FT_High_Diesel_CCS_99_Agri_biomass_edge,BECCSLiquidFuels,UnidirectionalEdge{MacroEnergy.Biomass_Agri},new_capacity,790.9295619196712
Biomass_Agri,SW,SW_FT_High_Diesel_CCS_99_Agri,SW_FT_High_Diesel_CCS_99_Agri_biomass_edge,BECCSLiquidFuels,UnidirectionalEdge{MacroEnergy.Biomass_Agri},new_capacity,2.011909525374398
Biomass_Agri,TX,TX_FT_High_Diesel_CCS_99_Agri,TX_FT_High_Diesel_CCS_99_Agri_biomass_edge,BECCSLiquidFuels,UnidirectionalEdge{MacroEnergy.Biomass_Agri},new_capacity,1.5116070460574054
Biomass_Agri,NCEN,NCEN_FT_High_Diesel_CCS_99_Agri,NCEN_FT_High_Diesel_CCS_99_Agri_biomass_edge,BECCSLiquidFuels,UnidirectionalEdge{MacroEnergy.Biomass_Agri},new_capacity,3.544226788429618
Biomass_Agri,CEN,CEN_FT_High_Diesel_CCS_99_Agri,CEN_FT_High_Diesel_CCS_99_Agri_biomass_edge,BECCSLiquidFuels,UnidirectionalEdge{MacroEnergy.Biomass_Agri},new_capacity,8.394151572128736
Biomass_Agri,SE,SE_FT_High_Diesel_CCS_99_Agri,SE_FT_High_Diesel_CCS_99_Agri_biomass_edge,BECCSLiquidFuels,UnidirectionalEdge{MacroEnergy.Biomass_Agri},new_capacity,0.988069958545133
Biomass_Agri,MIDAT,MIDAT_FT_High_Diesel_CCS_99_Agri,MIDAT_FT_High_Diesel_CCS_99_Agri_biomass_edge,BECCSLiquidFuels,UnidirectionalEdge{MacroEnergy.Biomass_Agri},new_capacity,0.711507100809419
Biomass_Agri,NE,NE_FT_High_Diesel_CCS_99_Agri,NE_FT_High_Diesel_CCS_99_Agri_biomass_edge,BECCSLiquidFuels,UnidirectionalEdge{MacroEnergy.Biomass_Agri},new_capacity,0.507697997276624
Biomass_Herb,CA,CA_FT_High_Jetfuel_CCS_75_Herb,CA_FT_High_Jetfuel_CCS_75_Herb_biomass_edge,BECCSLiquidFuels,UnidirectionalEdge{MacroEnergy.Biomass_Herb},new_capacity,0.009983943928908959
Biomass_Herb,NW,NW_FT_High_Jetfuel_CCS_75_Herb,NW_FT_High_Jetfuel_CCS_75_Herb_biomass_edge,BECCSLiquidFuels,UnidirectionalEdge{MacroEnergy.Biomass_Herb},new_capacity,0.25586158499479167
Biomass_Herb,SW,SW_FT_High_Jetfuel_CCS_75_Herb,SW_FT_High_Jetfuel_CCS_75_Herb_biomass_edge,BECCSLiquidFuels,UnidirectionalEdge{MacroEnergy.Biomass_Herb},new_capacity,0.5832391087679201
Biomass_Herb,TX,TX_FT_High_Jetfuel_CCS_75_Herb,TX_FT_High_Jetfuel_CCS_75_Herb_biomass_edge,BECCSLiquidFuels,UnidirectionalEdge{MacroEnergy.Biomass_Herb},new_capacity,1.1059484010755558
Biomass_Herb,NCEN,NCEN_FT_High_Jetfuel_CCS_75_Herb,NCEN_FT_High_Jetfuel_CCS_75_Herb_biomass_edge,BECCSLiquidFuels,UnidirectionalEdge{MacroEnergy.Biomass_Herb},new_capacity,0.6091787873078706
Biomass_Herb,CEN,CEN_FT_High_Jetfuel_CCS_75_Herb,CEN_FT_High_Jetfuel_CCS_75_Herb_biomass_edge,BECCSLiquidFuels,UnidirectionalEdge{MacroEnergy.Biomass_Herb},new_capacity,2.505904417645909
Biomass_Herb,SE,SE_FT_High_Jetfuel_CCS_75_Herb,SE_FT_High_Jetfuel_CCS_75_Herb_biomass_edge,BECCSLiquidFuels,UnidirectionalEdge{MacroEnergy.Biomass_Herb},new_capacity,0.6136744422061138
Biomass_Herb,MIDAT,MIDAT_FT_High_Jetfuel_CCS_75_Herb,MIDAT_FT_High_Jetfuel_CCS_75_Herb_biomass_edge,BECCSLiquidFuels,UnidirectionalEdge{MacroEnergy.Biomass_Herb},new_capacity,0.4547050396731832
Biomass_Herb,NE,NE_FT_High_Jetfuel_CCS_75_Herb,NE_FT_High_Jetfuel_CCS_75_Herb_biomass_edge,BECCSLiquidFuels,UnidirectionalEdge{MacroEnergy.Biomass_Herb},new_capacity,0.3067172254701053
Biomass_Wood,CA,CA_FT_High_Jetfuel_CCS_75_Wood,CA_FT_High_Jetfuel_CCS_75_Wood_biomass_edge,BECCSLiquidFuels,UnidirectionalEdge{MacroEnergy.Biomass_Wood},new_capacity,0.47188047743761785
Biomass_Wood,NW,NW_FT_High_Jetfuel_CCS_75_Wood,NW_FT_High_Jetfuel_CCS_75_Wood_biomass_edge,BECCSLiquidFuels,UnidirectionalEdge{MacroEnergy.Biomass_Wood},new_capacity,0.24579159660081304
Biomass_Wood,SW,SW_FT_High_Jetfuel_CCS_75_Wood,SW_FT_High_Jetfuel_CCS_75_Wood_biomass_edge,BECCSLiquidFuels,UnidirectionalEdge{MacroEnergy.Biomass_Wood},new_capacity,0.47027799747353016
Biomass_Wood,TX,TX_FT_High_Jetfuel_CCS_75_Wood,TX_FT_High_Jetfuel_CCS_75_Wood_biomass_edge,BECCSLiquidFuels,UnidirectionalEdge{MacroEnergy.Biomass_Wood},new_capacity,0.48527462148003664
Biomass_Wood,NCEN,NCEN_FT_High_Jetfuel_CCS_75_Wood,NCEN_FT_High_Jetfuel_CCS_75_Wood_biomass_edge,BECCSLiquidFuels,UnidirectionalEdge{MacroEnergy.Biomass_Wood},new_capacity,0.5352593366808153
Biomass_Wood,CEN,CEN_FT_High_Jetfuel_CCS_75_Wood,CEN_FT_High_Jetfuel_CCS_75_Wood_biomass_edge,BECCSLiquidFuels,UnidirectionalEdge{MacroEnergy.Biomass_Wood},new_capacity,0.5030655101628897
Biomass_Wood,SE,SE_FT_High_Jetfuel_CCS_75_Wood,SE_FT_High_Jetfuel_CCS_75_Wood_biomass_edge,BECCSLiquidFuels,UnidirectionalEdge{MacroEnergy.Biomass_Wood},new_capacity,0.5563075875249357
Biomass_Wood,MIDAT,MIDAT_FT_High_Jetfuel_CCS_75_Wood,MIDAT_FT_High_Jetfuel_CCS_75_Wood_biomass_edge,BECCSLiquidFuels,UnidirectionalEdge{MacroEnergy.Biomass_Wood},new_capacity,0.49439430632390496
Biomass_Wood,NE,NE_FT_High_Jetfuel_CCS_75_Wood,NE_FT_High_Jetfuel_CCS_75_Wood_biomass_edge,BECCSLiquidFuels,UnidirectionalEdge{MacroEnergy.Biomass_Wood},new_capacity,0.3640795152149795
Biomass_Agri,CA,CA_FT_High_Jetfuel_CCS_75_Agri,CA_FT_High_Jetfuel_CCS_75_Agri_biomass_edge,BECCSLiquidFuels,UnidirectionalEdge{MacroEnergy.Biomass_Agri},new_capacity,0.47280270094458493
Biomass_Agri,NW,NW_FT_High_Jetfuel_CCS_75_Agri,NW_FT_High_Jetfuel_CCS_75_Agri_biomass_edge,BECCSLiquidFuels,UnidirectionalEdge{MacroEnergy.Biomass_Agri},new_capacity,0.3295538536045959
Biomass_Agri,SW,SW_FT_High_Jetfuel_CCS_75_Agri,SW_FT_High_Jetfuel_CCS_75_Agri_biomass_edge,BECCSLiquidFuels,UnidirectionalEdge{MacroEnergy.Biomass_Agri},new_capacity,0.47987353633087765
Biomass_Agri,TX,TX_FT_High_Jetfuel_CCS_75_Agri,TX_FT_High_Jetfuel_CCS_75_Agri_biomass_edge,BECCSLiquidFuels,UnidirectionalEdge{MacroEnergy.Biomass_Agri},new_capacity,0.5184086854547627
Biomass_Agri,NCEN,NCEN_FT_High_Jetfuel_CCS_75_Agri,NCEN_FT_High_Jetfuel_CCS_75_Agri_biomass_edge,BECCSLiquidFuels,UnidirectionalEdge{MacroEnergy.Biomass_Agri},new_capacity,0.89432301781923
Biomass_Agri,CEN,CEN_FT_High_Jetfuel_CCS_75_Agri,CEN_FT_High_Jetfuel_CCS_75_Agri_biomass_edge,BECCSLiquidFuels,UnidirectionalEdge{MacroEnergy.Biomass_Agri},new_capacity,0.6363304232619373
Biomass_Agri,SE,SE_FT_High_Jetfuel_CCS_75_Agri,SE_FT_High_Jetfuel_CCS_75_Agri_biomass_edge,BECCSLiquidFuels,UnidirectionalEdge{MacroEnergy.Biomass_Agri},new_capacity,0.4830180078152087
Biomass_Agri,MIDAT,MIDAT_FT_High_Jetfuel_CCS_75_Agri,MIDAT_FT_High_Jetfuel_CCS_75_Agri_biomass_edge,BECCSLiquidFuels,UnidirectionalEdge{MacroEnergy.Biomass_Agri},new_capacity,0.41121288943650436
Biomass_Agri,NE,NE_FT_High_Jetfuel_CCS_75_Agri,NE_FT_High_Jetfuel_CCS_75_Agri_biomass_edge,BECCSLiquidFuels,UnidirectionalEdge{MacroEnergy.Biomass_Agri},new_capacity,0.31649158568683733
Biomass_Herb,CA,CA_FT_High_Jetfuel_CCS_84_Herb,CA_FT_High_Jetfuel_CCS_84_Herb_biomass_edge,BECCSLiquidFuels,UnidirectionalEdge{MacroEnergy.Biomass_Herb},new_capacity,0.010157398739358553
Biomass_Herb,NW,NW_FT_High_Jetfuel_CCS_84_Herb,NW_FT_High_Jetfuel_CCS_84_Herb_biomass_edge,BECCSLiquidFuels,UnidirectionalEdge{MacroEnergy.Biomass_Herb},new_capacity,0.8250901998544684
Biomass_Herb,SW,SW_FT_High_Jetfuel_CCS_84_Herb,SW_FT_High_Jetfuel_CCS_84_Herb_biomass_edge,BECCSLiquidFuels,UnidirectionalEdge{MacroEnergy.Biomass_Herb},new_capacity,99.2680908392866
Biomass_Herb,TX,TX_FT_High_Jetfuel_CCS_84_Herb,TX_FT_High_Jetfuel_CCS_84_Herb_biomass_edge,BECCSLiquidFuels,UnidirectionalEdge{MacroEnergy.Biomass_Herb},new_capacity,16646.912927038495
Biomass_Herb,NCEN,NCEN_FT_High_Jetfuel_CCS_84_Herb,NCEN_FT_High_Jetfuel_CCS_84_Herb_biomass_edge,BECCSLiquidFuels,UnidirectionalEdge{MacroEnergy.Biomass_Herb},new_capacity,3394.489315791483
Biomass_Herb,CEN,CEN_FT_High_Jetfuel_CCS_84_Herb,CEN_FT_High_Jetfuel_CCS_84_Herb_biomass_edge,BECCSLiquidFuels,UnidirectionalEdge{MacroEnergy.Biomass_Herb},new_capacity,3343.4134930856158
Biomass_Herb,SE,SE_FT_High_Jetfuel_CCS_84_Herb,SE_FT_High_Jetfuel_CCS_84_Herb_biomass_edge,BECCSLiquidFuels,UnidirectionalEdge{MacroEnergy.Biomass_Herb},new_capacity,9.325512497543052
Biomass_Herb,MIDAT,MIDAT_FT_High_Jetfuel_CCS_84_Herb,MIDAT_FT_High_Jetfuel_CCS_84_Herb_biomass_edge,BECCSLiquidFuels,UnidirectionalEdge{MacroEnergy.Biomass_Herb},new_capacity,2.5853836191999617
Biomass_Herb,NE,NE_FT_High_Jetfuel_CCS_84_Herb,NE_FT_High_Jetfuel_CCS_84_Herb_biomass_edge,BECCSLiquidFuels,UnidirectionalEdge{MacroEnergy.Biomass_Herb},new_capacity,1.0972955346388216
Biomass_Wood,CA,CA_FT_High_Jetfuel_CCS_84_Wood,CA_FT_High_Jetfuel_CCS_84_Wood_biomass_edge,BECCSLiquidFuels,UnidirectionalEdge{MacroEnergy.Biomass_Wood},new_capacity,25.05306860911195
Biomass_Wood,NW,NW_FT_High_Jetfuel_CCS_84_Wood,NW_FT_High_Jetfuel_CCS_84_Wood_biomass_edge,BECCSLiquidFuels,UnidirectionalEdge{MacroEnergy.Biomass_Wood},new_capacity,0.7081477324888747
Biomass_Wood,SW,SW_FT_High_Jetfuel_CCS_84_Wood,SW_FT_High_Jetfuel_CCS_84_Wood_biomass_edge,BECCSLiquidFuels,UnidirectionalEdge{MacroEnergy.Biomass_Wood},new_capacity,160.8115337183912
Biomass_Wood,TX,TX_FT_High_Jetfuel_CCS_84_Wood,TX_FT_High_Jetfuel_CCS_84_Wood_biomass_edge,BECCSLiquidFuels,UnidirectionalEdge{MacroEnergy.Biomass_Wood},new_capacity,1001.1074488817895
Biomass_Wood,NCEN,NCEN_FT_High_Jetfuel_CCS_84_Wood,NCEN_FT_High_Jetfuel_CCS_84_Wood_biomass_edge,BECCSLiquidFuels,UnidirectionalEdge{MacroEnergy.Biomass_Wood},new_capacity,15.674791157544247
Biomass_Wood,CEN,CEN_FT_High_Jetfuel_CCS_84_Wood,CEN_FT_High_Jetfuel_CCS_84_Wood_biomass_edge,BECCSLiquidFuels,UnidirectionalEdge{MacroEnergy.Biomass_Wood},new_capacity,7.5750304659280365
Biomass_Wood,SE,SE_FT_High_Jetfuel_CCS_84_Wood,SE_FT_High_Jetfuel_CCS_84_Wood_biomass_edge,BECCSLiquidFuels,UnidirectionalEdge{MacroEnergy.Biomass_Wood},new_capacity,145.58589052666852
Biomass_Wood,MIDAT,MIDAT_FT_High_Jetfuel_CCS_84_Wood,MIDAT_FT_High_Jetfuel_CCS_84_Wood_biomass_edge,BECCSLiquidFuels,UnidirectionalEdge{MacroEnergy.Biomass_Wood},new_capacity,4.51278678440999
Biomass_Wood,NE,NE_FT_High_Jetfuel_CCS_84_Wood,NE_FT_High_Jetfuel_CCS_84_Wood_biomass_edge,BECCSLiquidFuels,UnidirectionalEdge{MacroEnergy.Biomass_Wood},new_capacity,1.4535282694680527
Biomass_Agri,CA,CA_FT_High_Jetfuel_CCS_84_Agri,CA_FT_High_Jetfuel_CCS_84_Agri_biomass_edge,BECCSLiquidFuels,UnidirectionalEdge{MacroEnergy.Biomass_Agri},new_capacity,72.49562320596573
Biomass_Agri,NW,NW_FT_High_Jetfuel_CCS_84_Agri,NW_FT_High_Jetfuel_CCS_84_Agri_biomass_edge,BECCSLiquidFuels,UnidirectionalEdge{MacroEnergy.Biomass_Agri},new_capacity,0.7847808295422454
Biomass_Agri,SW,SW_FT_High_Jetfuel_CCS_84_Agri,SW_FT_High_Jetfuel_CCS_84_Agri_biomass_edge,BECCSLiquidFuels,UnidirectionalEdge{MacroEnergy.Biomass_Agri},new_capacity,14.255566790790983
Biomass_Agri,TX,TX_FT_High_Jetfuel_CCS_84_Agri,TX_FT_High_Jetfuel_CCS_84_Agri_biomass_edge,BECCSLiquidFuels,UnidirectionalEdge{MacroEnergy.Biomass_Agri},new_capacity,386.67964530338145
Biomass_Agri,NCEN,NCEN_FT_High_Jetfuel_CCS_84_Agri,NCEN_FT_High_Jetfuel_CCS_84_Agri_biomass_edge,BECCSLiquidFuels,UnidirectionalEdge{MacroEnergy.Biomass_Agri},new_capacity,34.905123808913515
Biomass_Agri,CEN,CEN_FT_High_Jetfuel_CCS_84_Agri,CEN_FT_High_Jetfuel_CCS_84_Agri_biomass_edge,BECCSLiquidFuels,UnidirectionalEdge{MacroEnergy.Biomass_Agri},new_capacity,1268.9642213602303
Biomass_Agri,SE,SE_FT_High_Jetfuel_CCS_84_Agri,SE_FT_High_Jetfuel_CCS_84_Agri_biomass_edge,BECCSLiquidFuels,UnidirectionalEdge{MacroEnergy.Biomass_Agri},new_capacity,4.341297541605516
Biomass_Agri,MIDAT,MIDAT_FT_High_Jetfuel_CCS_84_Agri,MIDAT_FT_High_Jetfuel_CCS_84_Agri_biomass_edge,BECCSLiquidFuels,UnidirectionalEdge{MacroEnergy.Biomass_Agri},new_capacity,1.9254517884053668
Biomass_Agri,NE,NE_FT_High_Jetfuel_CCS_84_Agri,NE_FT_High_Jetfuel_CCS_84_Agri_biomass_edge,BECCSLiquidFuels,UnidirectionalEdge{MacroEnergy.Biomass_Agri},new_capacity,1.0873553663155737
Biomass_Herb,CA,CA_FT_High_Jetfuel_CCS_99_Herb,CA_FT_High_Jetfuel_CCS_99_Herb_biomass_edge,BECCSLiquidFuels,UnidirectionalEdge{MacroEnergy.Biomass_Herb},new_capacity,0.010048452790614714
Biomass_Herb,NW,NW_FT_High_Jetfuel_CCS_99_Herb,NW_FT_High_Jetfuel_CCS_99_Herb_biomass_edge,BECCSLiquidFuels,UnidirectionalEdge{MacroEnergy.Biomass_Herb},new_capacity,0.32980930125906466
Biomass_Herb,SW,SW_FT_High_Jetfuel_CCS_99_Herb,SW_FT_High_Jetfuel_CCS_99_Herb_biomass_edge,BECCSLiquidFuels,UnidirectionalEdge{MacroEnergy.Biomass_Herb},new_capacity,0.764687132898395
Biomass_Herb,TX,TX_FT_High_Jetfuel_CCS_99_Herb,TX_FT_High_Jetfuel_CCS_99_Herb_biomass_edge,BECCSLiquidFuels,UnidirectionalEdge{MacroEnergy.Biomass_Herb},new_capacity,1.282032661605405
Biomass_Herb,NCEN,NCEN_FT_High_Jetfuel_CCS_99_Herb,NCEN_FT_High_Jetfuel_CCS_99_Herb_biomass_edge,BECCSLiquidFuels,UnidirectionalEdge{MacroEnergy.Biomass_Herb},new_capacity,0.6065653948012093
Biomass_Herb,CEN,CEN_FT_High_Jetfuel_CCS_99_Herb,CEN_FT_High_Jetfuel_CCS_99_Herb_biomass_edge,BECCSLiquidFuels,UnidirectionalEdge{MacroEnergy.Biomass_Herb},new_capacity,1.6331511680081219
Biomass_Herb,SE,SE_FT_High_Jetfuel_CCS_99_Herb,SE_FT_High_Jetfuel_CCS_99_Herb_biomass_edge,BECCSLiquidFuels,UnidirectionalEdge{MacroEnergy.Biomass_Herb},new_capacity,0.5720047890975598
Biomass_Herb,MIDAT,MIDAT_FT_High_Jetfuel_CCS_99_Herb,MIDAT_FT_High_Jetfuel_CCS_99_Herb_biomass_edge,BECCSLiquidFuels,UnidirectionalEdge{MacroEnergy.Biomass_Herb},new_capacity,0.412728360064257
Biomass_Herb,NE,NE_FT_High_Jetfuel_CCS_99_Herb,NE_FT_High_Jetfuel_CCS_99_Herb_biomass_edge,BECCSLiquidFuels,UnidirectionalEdge{MacroEnergy.Biomass_Herb},new_capacity,0.27268518751202137
Biomass_Wood,CA,CA_FT_High_Jetfuel_CCS_99_Wood,CA_FT_High_Jetfuel_CCS_99_Wood_biomass_edge,BECCSLiquidFuels,UnidirectionalEdge{MacroEnergy.Biomass_Wood},new_capacity,0.7551850305129993
Biomass_Wood,NW,NW_FT_High_Jetfuel_CCS_99_Wood,NW_FT_High_Jetfuel_CCS_99_Wood_biomass_edge,BECCSLiquidFuels,UnidirectionalEdge{MacroEnergy.Biomass_Wood},new_capacity,0.31271181457925445
Biomass_Wood,SW,SW_FT_High_Jetfuel_CCS_99_Wood,SW_FT_High_Jetfuel_CCS_99_Wood_biomass_edge,BECCSLiquidFuels,UnidirectionalEdge{MacroEnergy.Biomass_Wood},new_capacity,0.6332349970177209
Biomass_Wood,TX,TX_FT_High_Jetfuel_CCS_99_Wood,TX_FT_High_Jetfuel_CCS_99_Wood_biomass_edge,BECCSLiquidFuels,UnidirectionalEdge{MacroEnergy.Biomass_Wood},new_capacity,0.6276748744865842
Biomass_Wood,NCEN,NCEN_FT_High_Jetfuel_CCS_99_Wood,NCEN_FT_High_Jetfuel_CCS_99_Wood_biomass_edge,BECCSLiquidFuels,UnidirectionalEdge{MacroEnergy.Biomass_Wood},new_capacity,0.544223088506167
Biomass_Wood,CEN,CEN_FT_High_Jetfuel_CCS_99_Wood,CEN_FT_High_Jetfuel_CCS_99_Wood_biomass_edge,BECCSLiquidFuels,UnidirectionalEdge{MacroEnergy.Biomass_Wood},new_capacity,0.5542891121705648
Biomass_Wood,SE,SE_FT_High_Jetfuel_CCS_99_Wood,SE_FT_High_Jetfuel_CCS_99_Wood_biomass_edge,BECCSLiquidFuels,UnidirectionalEdge{MacroEnergy.Biomass_Wood},new_capacity,0.5301927543693714
Biomass_Wood,MIDAT,MIDAT_FT_High_Jetfuel_CCS_99_Wood,MIDAT_FT_High_Jetfuel_CCS_99_Wood_biomass_edge,BECCSLiquidFuels,UnidirectionalEdge{MacroEnergy.Biomass_Wood},new_capacity,0.4398982146349141
Biomass_Wood,NE,NE_FT_High_Jetfuel_CCS_99_Wood,NE_FT_High_Jetfuel_CCS_99_Wood_biomass_edge,BECCSLiquidFuels,UnidirectionalEdge{MacroEnergy.Biomass_Wood},new_capacity,0.32134938117401285
Biomass_Agri,CA,CA_FT_High_Jetfuel_CCS_99_Agri,CA_FT_High_Jetfuel_CCS_99_Agri_biomass_edge,BECCSLiquidFuels,UnidirectionalEdge{MacroEnergy.Biomass_Agri},new_capacity,0.6869751408440185
Biomass_Agri,NW,NW_FT_High_Jetfuel_CCS_99_Agri,NW_FT_High_Jetfuel_CCS_99_Agri_biomass_edge,BECCSLiquidFuels,UnidirectionalEdge{MacroEnergy.Biomass_Agri},new_capacity,0.4360193124108121
Biomass_Agri,SW,SW_FT_High_Jetfuel_CCS_99_Agri,SW_FT_High_Jetfuel_CCS_99_Agri_biomass_edge,BECCSLiquidFuels,UnidirectionalEdge{MacroEnergy.Biomass_Agri},new_capacity,0.668651484448893
Biomass_Agri,TX,TX_FT_High_Jetfuel_CCS_99_Agri,TX_FT_High_Jetfuel_CCS_99_Agri_biomass_edge,BECCSLiquidFuels,UnidirectionalEdge{MacroEnergy.Biomass_Agri},new_capacity,0.6629730374999513
Biomass_Agri,NCEN,NCEN_FT_High_Jetfuel_CCS_99_Agri,NCEN_FT_High_Jetfuel_CCS_99_Agri_biomass_edge,BECCSLiquidFuels,UnidirectionalEdge{MacroEnergy.Biomass_Agri},new_capacity,0.906661931627858
Biomass_Agri,CEN,CEN_FT_High_Jetfuel_CCS_99_Agri,CEN_FT_High_Jetfuel_CCS_99_Agri_biomass_edge,BECCSLiquidFuels,UnidirectionalEdge{MacroEnergy.Biomass_Agri},new_capacity,0.7118829668534498
Biomass_Agri,SE,SE_FT_High_Jetfuel_CCS_99_Agri,SE_FT_High_Jetfuel_CCS_99_Agri_biomass_edge,BECCSLiquidFuels,UnidirectionalEdge{MacroEnergy.Biomass_Agri},new_capacity,0.47275235403294497
Biomass_Agri,MIDAT,MIDAT_FT_High_Jetfuel_CCS_99_Agri,MIDAT_FT_High_Jetfuel_CCS_99_Agri_biomass_edge,BECCSLiquidFuels,UnidirectionalEdge{MacroEnergy.Biomass_Agri},new_capacity,0.3808861086446389
Biomass_Agri,NE,NE_FT_High_Jetfuel_CCS_99_Agri,NE_FT_High_Jetfuel_CCS_99_Agri_biomass_edge,BECCSLiquidFuels,UnidirectionalEdge{MacroEnergy.Biomass_Agri},new_capacity,0.2824938584322676
Biomass_Herb,CA,CA_Bio_NG_Herb,CA_Bio_NG_Herb_biomass_edge,BECCSNaturalGas,UnidirectionalEdge{MacroEnergy.Biomass_Herb},new_capacity,0.009229227331485759
Biomass_Herb,NW,NW_Bio_NG_Herb,NW_Bio_NG_Herb_biomass_edge,BECCSNaturalGas,UnidirectionalEdge{MacroEnergy.Biomass_Herb},new_capacity,0.05471340525359171
Biomass_Herb,SW,SW_Bio_NG_Herb,SW_Bio_NG_Herb_biomass_edge,BECCSNaturalGas,UnidirectionalEdge{MacroEnergy.Biomass_Herb},new_capacity,0.07218597356397226
Biomass_Herb,TX,TX_Bio_NG_Herb,TX_Bio_NG_Herb_biomass_edge,BECCSNaturalGas,UnidirectionalEdge{MacroEnergy.Biomass_Herb},new_capacity,0.11835611452998211
Biomass_Herb,NCEN,NCEN_Bio_NG_Herb,NCEN_Bio_NG_Herb_biomass_edge,BECCSNaturalGas,UnidirectionalEdge{MacroEnergy.Biomass_Herb},new_capacity,0.10874131380566447
Biomass_Herb,CEN,CEN_Bio_NG_Herb,CEN_Bio_NG_Herb_biomass_edge,BECCSNaturalGas,UnidirectionalEdge{MacroEnergy.Biomass_Herb},new_capacity,0.12916321194946478
Biomass_Herb,SE,SE_Bio_NG_Herb,SE_Bio_NG_Herb_biomass_edge,BECCSNaturalGas,UnidirectionalEdge{MacroEnergy.Biomass_Herb},new_capacity,0.12164729223310049
Biomass_Herb,MIDAT,MIDAT_Bio_NG_Herb,MIDAT_Bio_NG_Herb_biomass_edge,BECCSNaturalGas,UnidirectionalEdge{MacroEnergy.Biomass_Herb},new_capacity,0.07587722389998187
Biomass_Herb,NE,NE_Bio_NG_Herb,NE_Bio_NG_Herb_biomass_edge,BECCSNaturalGas,UnidirectionalEdge{MacroEnergy.Biomass_Herb},new_capacity,0.06950187067077457
Biomass_Wood,CA,CA_Bio_NG_Wood,CA_Bio_NG_Wood_biomass_edge,BECCSNaturalGas,UnidirectionalEdge{MacroEnergy.Biomass_Wood},new_capacity,0.05612877524929939
Biomass_Wood,NW,NW_Bio_NG_Wood,NW_Bio_NG_Wood_biomass_edge,BECCSNaturalGas,UnidirectionalEdge{MacroEnergy.Biomass_Wood},new_capacity,0.052030913960498706
Biomass_Wood,SW,SW_Bio_NG_Wood,SW_Bio_NG_Wood_biomass_edge,BECCSNaturalGas,UnidirectionalEdge{MacroEnergy.Biomass_Wood},new_capacity,0.058745319421962504
Biomass_Wood,TX,TX_Bio_NG_Wood,TX_Bio_NG_Wood_biomass_edge,BECCSNaturalGas,UnidirectionalEdge{MacroEnergy.Biomass_Wood},new_capacity,0.056118845906367315
Biomass_Wood,NCEN,NCEN_Bio_NG_Wood,NCEN_Bio_NG_Wood_biomass_edge,BECCSNaturalGas,UnidirectionalEdge{MacroEnergy.Biomass_Wood},new_capacity,0.07210608753086228
Biomass_Wood,CEN,CEN_Bio_NG_Wood,CEN_Bio_NG_Wood_biomass_edge,BECCSNaturalGas,UnidirectionalEdge{MacroEnergy.Biomass_Wood},new_capacity,0.0719003239276684
Biomass_Wood,SE,SE_Bio_NG_Wood,SE_Bio_NG_Wood_biomass_edge,BECCSNaturalGas,UnidirectionalEdge{MacroEnergy.Biomass_Wood},new_capacity,0.08238655066109347
Biomass_Wood,MIDAT,MIDAT_Bio_NG_Wood,MIDAT_Bio_NG_Wood_biomass_edge,BECCSNaturalGas,UnidirectionalEdge{MacroEnergy.Biomass_Wood},new_capacity,0.07793511606704183
Biomass_Wood,NE,NE_Bio_NG_Wood,NE_Bio_NG_Wood_biomass_edge,BECCSNaturalGas,UnidirectionalEdge{MacroEnergy.Biomass_Wood},new_capacity,0.07236742980518224
Biomass_Agri,CA,CA_Bio_NG_Agri,CA_Bio_NG_Agri_biomass_edge,BECCSNaturalGas,UnidirectionalEdge{MacroEnergy.Biomass_Agri},new_capacity,0.062343802791055565
Biomass_Agri,NW,NW_Bio_NG_Agri,NW_Bio_NG_Agri_biomass_edge,BECCSNaturalGas,UnidirectionalEdge{MacroEnergy.Biomass_Agri},new_capacity,0.05449354613576908
Biomass_Agri,SW,SW_Bio_NG_Agri,SW_Bio_NG_Agri_biomass_edge,BECCSNaturalGas,UnidirectionalEdge{MacroEnergy.Biomass_Agri},new_capacity,0.05448445608134884
Biomass_Agri,TX,TX_Bio_NG_Agri,TX_Bio_NG_Agri_biomass_edge,BECCSNaturalGas,UnidirectionalEdge{MacroEnergy.Biomass_Agri},new_capacity,0.05349457425436616
Biomass_Agri,NCEN,NCEN_Bio_NG_Agri,NCEN_Bio_NG_Agri_biomass_edge,BECCSNaturalGas,UnidirectionalEdge{MacroEnergy.Biomass_Agri},new_capacity,0.12842661657820392
Biomass_Agri,CEN,CEN_Bio_NG_Agri,CEN_Bio_NG_Agri_biomass_edge,BECCSNaturalGas,UnidirectionalEdge{MacroEnergy.Biomass_Agri},new_capacity,0.1027546121379455
Biomass_Agri,SE,SE_Bio_NG_Agri,SE_Bio_NG_Agri_biomass_edge,BECCSNaturalGas,UnidirectionalEdge{MacroEnergy.Biomass_Agri},new_capacity,0.07175298242614864
Biomass_Agri,MIDAT,MIDAT_Bio_NG_Agri,MIDAT_Bio_NG_Agri_biomass_edge,BECCSNaturalGas,UnidirectionalEdge{MacroEnergy.Biomass_Agri},new_capacity,0.07029846519437175
Biomass_Agri,NE,NE_Bio_NG_Agri,NE_Bio_NG_Agri_biomass_edge,BECCSNaturalGas,UnidirectionalEdge{MacroEnergy.Biomass_Agri},new_capacity,0.07148164780418098
Biomass_Herb,CA,CA_Bio_NG_CCS_40_Herb,CA_Bio_NG_CCS_40_Herb_biomass_edge,BECCSNaturalGas,UnidirectionalEdge{MacroEnergy.Biomass_Herb},new_capacity,0.009300085006300978
Biomass_Herb,NW,NW_Bio_NG_CCS_40_Herb,NW_Bio_NG_CCS_40_Herb_biomass_edge,BECCSNaturalGas,UnidirectionalEdge{MacroEnergy.Biomass_Herb},new_capacity,0.058487564355607806
Biomass_Herb,SW,SW_Bio_NG_CCS_40_Herb,SW_Bio_NG_CCS_40_Herb_biomass_edge,BECCSNaturalGas,UnidirectionalEdge{MacroEnergy.Biomass_Herb},new_capacity,0.0730455863287913
Biomass_Herb,TX,TX_Bio_NG_CCS_40_Herb,TX_Bio_NG_CCS_40_Herb_biomass_edge,BECCSNaturalGas,UnidirectionalEdge{MacroEnergy.Biomass_Herb},new_capacity,0.11252567958814536
Biomass_Herb,NCEN,NCEN_Bio_NG_CCS_40_Herb,NCEN_Bio_NG_CCS_40_Herb_biomass_edge,BECCSNaturalGas,UnidirectionalEdge{MacroEnergy.Biomass_Herb},new_capacity,0.102278745144293
Biomass_Herb,CEN,CEN_Bio_NG_CCS_40_Herb,CEN_Bio_NG_CCS_40_Herb_biomass_edge,BECCSNaturalGas,UnidirectionalEdge{MacroEnergy.Biomass_Herb},new_capacity,0.12170573712613257
Biomass_Herb,SE,SE_Bio_NG_CCS_40_Herb,SE_Bio_NG_CCS_40_Herb_biomass_edge,BECCSNaturalGas,UnidirectionalEdge{MacroEnergy.Biomass_Herb},new_capacity,0.11766350636797715
Biomass_Herb,MIDAT,MIDAT_Bio_NG_CCS_40_Herb,MIDAT_Bio_NG_CCS_40_Herb_biomass_edge,BECCSNaturalGas,UnidirectionalEdge{MacroEnergy.Biomass_Herb},new_capacity,0.06813691125979447
Biomass_Herb,NE,NE_Bio_NG_CCS_40_Herb,NE_Bio_NG_CCS_40_Herb_biomass_edge,BECCSNaturalGas,UnidirectionalEdge{MacroEnergy.Biomass_Herb},new_capacity,0.0654886703539033
Biomass_Wood,CA,CA_Bio_NG_CCS_40_Wood,CA_Bio_NG_CCS_40_Wood_biomass_edge,BECCSNaturalGas,UnidirectionalEdge{MacroEnergy.Biomass_Wood},new_capacity,0.06276320219590382
Biomass_Wood,NW,NW_Bio_NG_CCS_40_Wood,NW_Bio_NG_CCS_40_Wood_biomass_edge,BECCSNaturalGas,UnidirectionalEdge{MacroEnergy.Biomass_Wood},new_capacity,0.05419490250856232
Biomass_Wood,SW,SW_Bio_NG_CCS_40_Wood,SW_Bio_NG_CCS_40_Wood_biomass_edge,BECCSNaturalGas,UnidirectionalEdge{MacroEnergy.Biomass_Wood},new_capacity,0.0591860286905964
Biomass_Wood,TX,TX_Bio_NG_CCS_40_Wood,TX_Bio_NG_CCS_40_Wood_biomass_edge,BECCSNaturalGas,UnidirectionalEdge{MacroEnergy.Biomass_Wood},new_capacity,0.05588589404007992
Biomass_Wood,NCEN,NCEN_Bio_NG_CCS_40_Wood,NCEN_Bio_NG_CCS_40_Wood_biomass_edge,BECCSNaturalGas,UnidirectionalEdge{MacroEnergy.Biomass_Wood},new_capacity,0.07146445957483778
Biomass_Wood,CEN,CEN_Bio_NG_CCS_40_Wood,CEN_Bio_NG_CCS_40_Wood_biomass_edge,BECCSNaturalGas,UnidirectionalEdge{MacroEnergy.Biomass_Wood},new_capacity,0.07479118978383009
Biomass_Wood,SE,SE_Bio_NG_CCS_40_Wood,SE_Bio_NG_CCS_40_Wood_biomass_edge,BECCSNaturalGas,UnidirectionalEdge{MacroEnergy.Biomass_Wood},new_capacity,0.08042503030122274
Biomass_Wood,MIDAT,MIDAT_Bio_NG_CCS_40_Wood,MIDAT_Bio_NG_CCS_40_Wood_biomass_edge,BECCSNaturalGas,UnidirectionalEdge{MacroEnergy.Biomass_Wood},new_capacity,0.07752154074104228
Biomass_Wood,NE,NE_Bio_NG_CCS_40_Wood,NE_Bio_NG_CCS_40_Wood_biomass_edge,BECCSNaturalGas,UnidirectionalEdge{MacroEnergy.Biomass_Wood},new_capacity,0.06505270308069545
Biomass_Agri,CA,CA_Bio_NG_CCS_40_Agri,CA_Bio_NG_CCS_40_Agri_biomass_edge,BECCSNaturalGas,UnidirectionalEdge{MacroEnergy.Biomass_Agri},new_capacity,0.06535599083748361
Biomass_Agri,NW,NW_Bio_NG_CCS_40_Agri,NW_Bio_NG_CCS_40_Agri_biomass_edge,BECCSNaturalGas,UnidirectionalEdge{MacroEnergy.Biomass_Agri},new_capacity,0.0659050528118982
Biomass_Agri,SW,SW_Bio_NG_CCS_40_Agri,SW_Bio_NG_CCS_40_Agri_biomass_edge,BECCSNaturalGas,UnidirectionalEdge{MacroEnergy.Biomass_Agri},new_capacity,0.06527044355629398
Biomass_Agri,TX,TX_Bio_NG_CCS_40_Agri,TX_Bio_NG_CCS_40_Agri_biomass_edge,BECCSNaturalGas,UnidirectionalEdge{MacroEnergy.Biomass_Agri},new_capacity,0.06148422392050287
Biomass_Agri,NCEN,NCEN_Bio_NG_CCS_40_Agri,NCEN_Bio_NG_CCS_40_Agri_biomass_edge,BECCSNaturalGas,UnidirectionalEdge{MacroEnergy.Biomass_Agri},new_capacity,0.13745520682283882
Biomass_Agri,CEN,CEN_Bio_NG_CCS_40_Agri,CEN_Bio_NG_CCS_40_Agri_biomass_edge,BECCSNaturalGas,UnidirectionalEdge{MacroEnergy.Biomass_Agri},new_capacity,0.10055402847247014
Biomass_Agri,SE,SE_Bio_NG_CCS_40_Agri,SE_Bio_NG_CCS_40_Agri_biomass_edge,BECCSNaturalGas,UnidirectionalEdge{MacroEnergy.Biomass_Agri},new_capacity,0.06746315656953661
Biomass_Agri,MIDAT,MIDAT_Bio_NG_CCS_40_Agri,MIDAT_Bio_NG_CCS_40_Agri_biomass_edge,BECCSNaturalGas,UnidirectionalEdge{MacroEnergy.Biomass_Agri},new_capacity,0.06505904521770663
Biomass_Agri,NE,NE_Bio_NG_CCS_40_Agri,NE_Bio_NG_CCS_40_Agri_biomass_edge,BECCSNaturalGas,UnidirectionalEdge{MacroEnergy.Biomass_Agri},new_capacity,0.06568868335837591
Biomass_Herb,CA,CA_Bio_NG_CCS_99_Herb,CA_Bio_NG_CCS_99_Herb_biomass_edge,BECCSNaturalGas,UnidirectionalEdge{MacroEnergy.Biomass_Herb},new_capacity,0.009286699620942064
Biomass_Herb,NW,NW_Bio_NG_CCS_99_Herb,NW_Bio_NG_CCS_99_Herb_biomass_edge,BECCSNaturalGas,UnidirectionalEdge{MacroEnergy.Biomass_Herb},new_capacity,0.08202721019152472
Biomass_Herb,SW,SW_Bio_NG_CCS_99_Herb,SW_Bio_NG_CCS_99_Herb_biomass_edge,BECCSNaturalGas,UnidirectionalEdge{MacroEnergy.Biomass_Herb},new_capacity,0.11283481899390367
Biomass_Herb,TX,TX_Bio_NG_CCS_99_Herb,TX_Bio_NG_CCS_99_Herb_biomass_edge,BECCSNaturalGas,UnidirectionalEdge{MacroEnergy.Biomass_Herb},new_capacity,0.18009652659379055
Biomass_Herb,NCEN,NCEN_Bio_NG_CCS_99_Herb,NCEN_Bio_NG_CCS_99_Herb_biomass_edge,BECCSNaturalGas,UnidirectionalEdge{MacroEnergy.Biomass_Herb},new_capacity,0.14850533816094177
Biomass_Herb,CEN,CEN_Bio_NG_CCS_99_Herb,CEN_Bio_NG_CCS_99_Herb_biomass_edge,BECCSNaturalGas,UnidirectionalEdge{MacroEnergy.Biomass_Herb},new_capacity,0.16348867337192954
Biomass_Herb,SE,SE_Bio_NG_CCS_99_Herb,SE_Bio_NG_CCS_99_Herb_biomass_edge,BECCSNaturalGas,UnidirectionalEdge{MacroEnergy.Biomass_Herb},new_capacity,0.16444612004061
Biomass_Herb,MIDAT,MIDAT_Bio_NG_CCS_99_Herb,MIDAT_Bio_NG_CCS_99_Herb_biomass_edge,BECCSNaturalGas,UnidirectionalEdge{MacroEnergy.Biomass_Herb},new_capacity,0.09414451833312129
Biomass_Herb,NE,NE_Bio_NG_CCS_99_Herb,NE_Bio_NG_CCS_99_Herb_biomass_edge,BECCSNaturalGas,UnidirectionalEdge{MacroEnergy.Biomass_Herb},new_capacity,0.07191155475483127
Biomass_Wood,CA,CA_Bio_NG_CCS_99_Wood,CA_Bio_NG_CCS_99_Wood_biomass_edge,BECCSNaturalGas,UnidirectionalEdge{MacroEnergy.Biomass_Wood},new_capacity,0.08364386348160636
Biomass_Wood,NW,NW_Bio_NG_CCS_99_Wood,NW_Bio_NG_CCS_99_Wood_biomass_edge,BECCSNaturalGas,UnidirectionalEdge{MacroEnergy.Biomass_Wood},new_capacity,0.08322057333704728
Biomass_Wood,SW,SW_Bio_NG_CCS_99_Wood,SW_Bio_NG_CCS_99_Wood_biomass_edge,BECCSNaturalGas,UnidirectionalEdge{MacroEnergy.Biomass_Wood},new_capacity,0.08678590879283182
Biomass_Wood,TX,TX_Bio_NG_CCS_99_Wood,TX_Bio_NG_CCS_99_Wood_biomass_edge,BECCSNaturalGas,UnidirectionalEdge{MacroEnergy.Biomass_Wood},new_capacity,0.08345271695705482
Biomass_Wood,NCEN,NCEN_Bio_NG_CCS_99_Wood,NCEN_Bio_NG_CCS_99_Wood_biomass_edge,BECCSNaturalGas,UnidirectionalEdge{MacroEnergy.Biomass_Wood},new_capacity,0.10408460654303457
Biomass_Wood,CEN,CEN_Bio_NG_CCS_99_Wood,CEN_Bio_NG_CCS_99_Wood_biomass_edge,BECCSNaturalGas,UnidirectionalEdge{MacroEnergy.Biomass_Wood},new_capacity,0.10919167430345768
Biomass_Wood,SE,SE_Bio_NG_CCS_99_Wood,SE_Bio_NG_CCS_99_Wood_biomass_edge,BECCSNaturalGas,UnidirectionalEdge{MacroEnergy.Biomass_Wood},new_capacity,0.12119787725008059
Biomass_Wood,MIDAT,MIDAT_Bio_NG_CCS_99_Wood,MIDAT_Bio_NG_CCS_99_Wood_biomass_edge,BECCSNaturalGas,UnidirectionalEdge{MacroEnergy.Biomass_Wood},new_capacity,0.10613613646754488
Biomass_Wood,NE,NE_Bio_NG_CCS_99_Wood,NE_Bio_NG_CCS_99_Wood_biomass_edge,BECCSNaturalGas,UnidirectionalEdge{MacroEnergy.Biomass_Wood},new_capacity,0.08458270705416615
Biomass_Agri,CA,CA_Bio_NG_CCS_99_Agri,CA_Bio_NG_CCS_99_Agri_biomass_edge,BECCSNaturalGas,UnidirectionalEdge{MacroEnergy.Biomass_Agri},new_capacity,0.09931169241514226
Biomass_Agri,NW,NW_Bio_NG_CCS_99_Agri,NW_Bio_NG_CCS_99_Agri_biomass_edge,BECCSNaturalGas,UnidirectionalEdge{MacroEnergy.Biomass_Agri},new_capacity,0.10360483879248639
Biomass_Agri,SW,SW_Bio_NG_CCS_99_Agri,SW_Bio_NG_CCS_99_Agri_biomass_edge,BECCSNaturalGas,UnidirectionalEdge{MacroEnergy.Biomass_Agri},new_capacity,0.08778647492079569
Biomass_Agri,TX,TX_Bio_NG_CCS_99_Agri,TX_Bio_NG_CCS_99_Agri_biomass_edge,BECCSNaturalGas,UnidirectionalEdge{MacroEnergy.Biomass_Agri},new_capacity,0.08329206303234853
Biomass_Agri,NCEN,NCEN_Bio_NG_CCS_99_Agri,NCEN_Bio_NG_CCS_99_Agri_biomass_edge,BECCSNaturalGas,UnidirectionalEdge{MacroEnergy.Biomass_Agri},new_capacity,0.18558626719215468
Biomass_Agri,CEN,CEN_Bio_NG_CCS_99_Agri,CEN_Bio_NG_CCS_99_Agri_biomass_edge,BECCSNaturalGas,UnidirectionalEdge{MacroEnergy.Biomass_Agri},new_capacity,0.14927012927684655
Biomass_Agri,SE,SE_Bio_NG_CCS_99_Agri,SE_Bio_NG_CCS_99_Agri_biomass_edge,BECCSNaturalGas,UnidirectionalEdge{MacroEnergy.Biomass_Agri},new_capacity,0.09259862550364034
Biomass_Agri,MIDAT,MIDAT_Bio_NG_CCS_99_Agri,MIDAT_Bio_NG_CCS_99_Agri_biomass_edge,BECCSNaturalGas,UnidirectionalEdge{MacroEnergy.Biomass_Agri},new_capacity,0.08574158018383188
Biomass_Agri,NE,NE_Bio_NG_CCS_99_Agri,NE_Bio_NG_CCS_99_Agri_biomass_edge,BECCSNaturalGas,UnidirectionalEdge{MacroEnergy.Biomass_Agri},new_capacity,0.07258444152111797
CO2Captured,CA,CA_CO2_Injection_CA_Repetto_Sst1,CA_CO2_Injection_CA_Repetto_Sst1_co2_captured_edge,CO2Injection,UnidirectionalEdge{CO2Captured},new_capacity,0.0
CO2Captured,CA,CA_CO2_Injection_CA_Temblor1a,CA_CO2_Injection_CA_Temblor1a_co2_captured_edge,CO2Injection,UnidirectionalEdge{CO2Captured},new_capacity,0.0
CO2Captured,CA,CA_CO2_Injection_CA_Temblor2a,CA_CO2_Injection_CA_Temblor2a_co2_captured_edge,CO2Injection,UnidirectionalEdge{CO2Captured},new_capacity,0.0
CO2Captured,CA,CA_CO2_Injection_CA_Temblor1b,CA_CO2_Injection_CA_Temblor1b_co2_captured_edge,CO2Injection,UnidirectionalEdge{CO2Captured},new_capacity,0.0
CO2Captured,CA,CA_CO2_Injection_CA_Temblor2b,CA_CO2_Injection_CA_Temblor2b_co2_captured_edge,CO2Injection,UnidirectionalEdge{CO2Captured},new_capacity,0.0
CO2Captured,CA,CA_CO2_Injection_CA_Moreno2,CA_CO2_Injection_CA_Moreno2_co2_captured_edge,CO2Injection,UnidirectionalEdge{CO2Captured},new_capacity,0.0
CO2Captured,CA,CA_CO2_Injection_CA_Repetto_Sst2a,CA_CO2_Injection_CA_Repetto_Sst2a_co2_captured_edge,CO2Injection,UnidirectionalEdge{CO2Captured},new_capacity,0.0
CO2Captured,CA,CA_CO2_Injection_CA_Panoche1a,CA_CO2_Injection_CA_Panoche1a_co2_captured_edge,CO2Injection,UnidirectionalEdge{CO2Captured},new_capacity,0.0
CO2Captured,CA,CA_CO2_Injection_CA_Repetto_Sst2b,CA_CO2_Injection_CA_Repetto_Sst2b_co2_captured_edge,CO2Injection,UnidirectionalEdge{CO2Captured},new_capacity,0.0
CO2Captured,CA,CA_CO2_Injection_CA_Panoche1b,CA_CO2_Injection_CA_Panoche1b_co2_captured_edge,CO2Injection,UnidirectionalEdge{CO2Captured},new_capacity,0.0
CO2Captured,CA,CA_CO2_Injection_CA_Repetto_Sst2c,CA_CO2_Injection_CA_Repetto_Sst2c_co2_captured_edge,CO2Injection,UnidirectionalEdge{CO2Captured},new_capacity,0.0
CO2Captured,CA,CA_CO2_Injection_CA_Repetto_Sst3b,CA_CO2_Injection_CA_Repetto_Sst3b_co2_captured_edge,CO2Injection,UnidirectionalEdge{CO2Captured},new_capacity,0.0
CO2Captured,CA,CA_CO2_Injection_CA_Repetto_Sst3a,CA_CO2_Injection_CA_Repetto_Sst3a_co2_captured_edge,CO2Injection,UnidirectionalEdge{CO2Captured},new_capacity,0.0
CO2Captured,CA,CA_CO2_Injection_CA_Repetto_Sst3c,CA_CO2_Injection_CA_Repetto_Sst3c_co2_captured_edge,CO2Injection,UnidirectionalEdge{CO2Captured},new_capacity,0.0
CO2Captured,CA,CA_CO2_Injection_CA_Repetto_Sst3d,CA_CO2_Injection_CA_Repetto_Sst3d_co2_captured_edge,CO2Injection,UnidirectionalEdge{CO2Captured},new_capacity,0.0
CO2Captured,CA,CA_CO2_Injection_CA_Temblor3a,CA_CO2_Injection_CA_Temblor3a_co2_captured_edge,CO2Injection,UnidirectionalEdge{CO2Captured},new_capacity,0.0
CO2Captured,CA,CA_CO2_Injection_CA_Temblor3b,CA_CO2_Injection_CA_Temblor3b_co2_captured_edge,CO2Injection,UnidirectionalEdge{CO2Captured},new_capacity,0.0
CO2Captured,CA,CA_CO2_Injection_CA_Temblor3c,CA_CO2_Injection_CA_Temblor3c_co2_captured_edge,CO2Injection,UnidirectionalEdge{CO2Captured},new_capacity,0.0
CO2Captured,CA,CA_CO2_Injection_CA_Stevens1,CA_CO2_Injection_CA_Stevens1_co2_captured_edge,CO2Injection,UnidirectionalEdge{CO2Captured},new_capacity,0.0
CO2Captured,NW,NW_CO2_Injection_NW_Frontier3,NW_CO2_Injection_NW_Frontier3_co2_captured_edge,CO2Injection,UnidirectionalEdge{CO2Captured},new_capacity,0.0
CO2Captured,NW,NW_CO2_Injection_NW_Entrada2,NW_CO2_Injection_NW_Entrada2_co2_captured_edge,CO2Injection,UnidirectionalEdge{CO2Captured},new_capacity,0.0
CO2Captured,NW,NW_CO2_Injection_NW_Tensleep4,NW_CO2_Injection_NW_Tensleep4_co2_captured_edge,CO2Injection,UnidirectionalEdge{CO2Captured},new_capacity,0.0
CO2Captured,NW,NW_CO2_Injection_NW_Lance1,NW_CO2_Injection_NW_Lance1_co2_captured_edge,CO2Injection,UnidirectionalEdge{CO2Captured},new_capacity,0.0
CO2Captured,NW,NW_CO2_Injection_NW_Tensleep5,NW_CO2_Injection_NW_Tensleep5_co2_captured_edge,CO2Injection,UnidirectionalEdge{CO2Captured},new_capacity,0.0
CO2Captured,NW,NW_CO2_Injection_NW_Morrison7,NW_CO2_Injection_NW_Morrison7_co2_captured_edge,CO2Injection,UnidirectionalEdge{CO2Captured},new_capacity,0.0
CO2Captured,NW,NW_CO2_Injection_NW_Red_River1,NW_CO2_Injection_NW_Red_River1_co2_captured_edge,CO2Injection,UnidirectionalEdge{CO2Captured},new_capacity,0.0
CO2Captured,NW,NW_CO2_Injection_NW_Maha01,NW_CO2_Injection_NW_Maha01_co2_captured_edge,CO2Injection,UnidirectionalEdge{CO2Captured},new_capacity,0.0
CO2Captured,NW,NW_CO2_Injection_NW_Fort_Union2,NW_CO2_Injection_NW_Fort_Union2_co2_captured_edge,CO2Injection,UnidirectionalEdge{CO2Captured},new_capacity,0.0
CO2Captured,NW,NW_CO2_Injection_NW_Entrada6,NW_CO2_Injection_NW_Entrada6_co2_captured_edge,CO2Injection,UnidirectionalEdge{CO2Captured},new_capacity,0.0
CO2Captured,NW,NW_CO2_Injection_NW_Morrison8,NW_CO2_Injection_NW_Morrison8_co2_captured_edge,CO2Injection,UnidirectionalEdge{CO2Captured},new_capacity,0.0
CO2Captured,NW,NW_CO2_Injection_NW_Madison_GpMission_Canyon__Fm1,NW_CO2_Injection_NW_Madison_GpMission_Canyon__Fm1_co2_captured_edge,CO2Injection,UnidirectionalEdge{CO2Captured},new_capacity,0.0
CO2Captured,NW,NW_CO2_Injection_NW_InyanKara2,NW_CO2_Injection_NW_InyanKara2_co2_captured_edge,CO2Injection,UnidirectionalEdge{CO2Captured},new_capacity,0.0
CO2Captured,NW,NW_CO2_Injection_NW_Minnelusa2,NW_CO2_Injection_NW_Minnelusa2_co2_captured_edge,CO2Injection,UnidirectionalEdge{CO2Captured},new_capacity,0.0
CO2Captured,NW,NW_CO2_Injection_NW_InyanKara3,NW_CO2_Injection_NW_InyanKara3_co2_captured_edge,CO2Injection,UnidirectionalEdge{CO2Captured},new_capacity,0.0
CO2Captured,NW,NW_CO2_Injection_NW_InyanKara1,NW_CO2_Injection_NW_InyanKara1_co2_captured_edge,CO2Injection,UnidirectionalEdge{CO2Captured},new_capacity,0.0
CO2Captured,NW,NW_CO2_Injection_NW_Arbuckle3,NW_CO2_Injection_NW_Arbuckle3_co2_captured_edge,CO2Injection,UnidirectionalEdge{CO2Captured},new_capacity,0.0
CO2Captured,NW,NW_CO2_Injection_NW_Red_River2,NW_CO2_Injection_NW_Red_River2_co2_captured_edge,CO2Injection,UnidirectionalEdge{CO2Captured},new_capacity,0.0
CO2Captured,NW,NW_CO2_Injection_NW_Arbuckle2,NW_CO2_Injection_NW_Arbuckle2_co2_captured_edge,CO2Injection,UnidirectionalEdge{CO2Captured},new_capacity,0.0
CO2Captured,NW,NW_CO2_Injection_NW_Madison_GpMission_Canyon_Fm4,NW_CO2_Injection_NW_Madison_GpMission_Canyon_Fm4_co2_captured_edge,CO2Injection,UnidirectionalEdge{CO2Captured},new_capacity,0.0
CO2Captured,NW,NW_CO2_Injection_NW_Nugget1,NW_CO2_Injection_NW_Nugget1_co2_captured_edge,CO2Injection,UnidirectionalEdge{CO2Captured},new_capacity,0.0
CO2Captured,NW,NW_CO2_Injection_NW_Nugget2,NW_CO2_Injection_NW_Nugget2_co2_captured_edge,CO2Injection,UnidirectionalEdge{CO2Captured},new_capacity,0.0
CO2Captured,NW,NW_CO2_Injection_NW_Nugget4,NW_CO2_Injection_NW_Nugget4_co2_captured_edge,CO2Injection,UnidirectionalEdge{CO2Captured},new_capacity,0.0
CO2Captured,NW,NW_CO2_Injection_NW_Madison1,NW_CO2_Injection_NW_Madison1_co2_captured_edge,CO2Injection,UnidirectionalEdge{CO2Captured},new_capacity,0.0
CO2Captured,NW,NW_CO2_Injection_NW_Morrison6,NW_CO2_Injection_NW_Morrison6_co2_captured_edge,CO2Injection,UnidirectionalEdge{CO2Captured},new_capacity,0.0
CO2Captured,NW,NW_CO2_Injection_NW_Entrada1,NW_CO2_Injection_NW_Entrada1_co2_captured_edge,CO2Injection,UnidirectionalEdge{CO2Captured},new_capacity,0.0
CO2Captured,NW,NW_CO2_Injection_NW_Minnelusa1,NW_CO2_Injection_NW_Minnelusa1_co2_captured_edge,CO2Injection,UnidirectionalEdge{CO2Captured},new_capacity,0.0
CO2Captured,NW,NW_CO2_Injection_NW_Madison_GpMission_Canyon_Fm2,NW_CO2_Injection_NW_Madison_GpMission_Canyon_Fm2_co2_captured_edge,CO2Injection,UnidirectionalEdge{CO2Captured},new_capacity,0.0
CO2Captured,NW,NW_CO2_Injection_NW_DuperowLower_1,NW_CO2_Injection_NW_DuperowLower_1_co2_captured_edge,CO2Injection,UnidirectionalEdge{CO2Captured},new_capacity,0.0
CO2Captured,NW,NW_CO2_Injection_NW_Basal_Cambrian1,NW_CO2_Injection_NW_Basal_Cambrian1_co2_captured_edge,CO2Injection,UnidirectionalEdge{CO2Captured},new_capacity,0.0
CO2Captured,NW,NW_CO2_Injection_NW_Dakota02,NW_CO2_Injection_NW_Dakota02_co2_captured_edge,CO2Injection,UnidirectionalEdge{CO2Captured},new_capacity,0.0
CO2Captured,NW,NW_CO2_Injection_NW_Basal_Cambrian7,NW_CO2_Injection_NW_Basal_Cambrian7_co2_captured_edge,CO2Injection,UnidirectionalEdge{CO2Captured},new_capacity,0.0
CO2Captured,NW,NW_CO2_Injection_NW_Fountain1b,NW_CO2_Injection_NW_Fountain1b_co2_captured_edge,CO2Injection,UnidirectionalEdge{CO2Captured},new_capacity,0.0
CO2Captured,NW,NW_CO2_Injection_NW_Fountain2b,NW_CO2_Injection_NW_Fountain2b_co2_captured_edge,CO2Injection,UnidirectionalEdge{CO2Captured},new_capacity,0.0
CO2Captured,NW,NW_CO2_Injection_NW_Morrison3,NW_CO2_Injection_NW_Morrison3_co2_captured_edge,CO2Injection,UnidirectionalEdge{CO2Captured},new_capacity,0.0
CO2Captured,NW,NW_CO2_Injection_NW_Weber2,NW_CO2_Injection_NW_Weber2_co2_captured_edge,CO2Injection,UnidirectionalEdge{CO2Captured},new_capacity,0.0
CO2Captured,NW,NW_CO2_Injection_NW_Basal_Cambrian4,NW_CO2_Injection_NW_Basal_Cambrian4_co2_captured_edge,CO2Injection,UnidirectionalEdge{CO2Captured},new_capacity,0.0
CO2Captured,SW,SW_CO2_Injection_SW_Forbes,SW_CO2_Injection_SW_Forbes_co2_captured_edge,CO2Injection,UnidirectionalEdge{CO2Captured},new_capacity,0.0
CO2Captured,SW,SW_CO2_Injection_SW_Mokelumne_River1,SW_CO2_Injection_SW_Mokelumne_River1_co2_captured_edge,CO2Injection,UnidirectionalEdge{CO2Captured},new_capacity,0.0
CO2Captured,SW,SW_CO2_Injection_SW_Moreno1Starkey,SW_CO2_Injection_SW_Moreno1Starkey_co2_captured_edge,CO2Injection,UnidirectionalEdge{CO2Captured},new_capacity,0.0
CO2Captured,SW,SW_CO2_Injection_SW_Mokelumne_River2,SW_CO2_Injection_SW_Mokelumne_River2_co2_captured_edge,CO2Injection,UnidirectionalEdge{CO2Captured},new_capacity,0.0
CO2Captured,SW,SW_CO2_Injection_SW_Domengine2,SW_CO2_Injection_SW_Domengine2_co2_captured_edge,CO2Injection,UnidirectionalEdge{CO2Captured},new_capacity,0.0
CO2Captured,SW,SW_CO2_Injection_SW_Winters2,SW_CO2_Injection_SW_Winters2_co2_captured_edge,CO2Injection,UnidirectionalEdge{CO2Captured},new_capacity,0.0
CO2Captured,SW,SW_CO2_Injection_SW_Starkey1,SW_CO2_Injection_SW_Starkey1_co2_captured_edge,CO2Injection,UnidirectionalEdge{CO2Captured},new_capacity,0.0
CO2Captured,SW,SW_CO2_Injection_SW_Seven_Rivers1,SW_CO2_Injection_SW_Seven_Rivers1_co2_captured_edge,CO2Injection,UnidirectionalEdge{CO2Captured},new_capacity,0.0
CO2Captured,SW,SW_CO2_Injection_SW_Wolfcamp1,SW_CO2_Injection_SW_Wolfcamp1_co2_captured_edge,CO2Injection,UnidirectionalEdge{CO2Captured},new_capacity,0.0
CO2Captured,SW,SW_CO2_Injection_SW_Arbuckle4,SW_CO2_Injection_SW_Arbuckle4_co2_captured_edge,CO2Injection,UnidirectionalEdge{CO2Captured},new_capacity,0.0
CO2Captured,SW,SW_CO2_Injection_SW_Domengine1,SW_CO2_Injection_SW_Domengine1_co2_captured_edge,CO2Injection,UnidirectionalEdge{CO2Captured},new_capacity,0.0
CO2Captured,SW,SW_CO2_Injection_SW_Wolfcamp2,SW_CO2_Injection_SW_Wolfcamp2_co2_captured_edge,CO2Injection,UnidirectionalEdge{CO2Captured},new_capacity,0.0
CO2Captured,SW,SW_CO2_Injection_SW_Morrison2,SW_CO2_Injection_SW_Morrison2_co2_captured_edge,CO2Injection,UnidirectionalEdge{CO2Captured},new_capacity,0.0
CO2Captured,SW,SW_CO2_Injection_SW_Seven_Rivers2,SW_CO2_Injection_SW_Seven_Rivers2_co2_captured_edge,CO2Injection,UnidirectionalEdge{CO2Captured},new_capacity,0.0
CO2Captured,SW,SW_CO2_Injection_SW_Monterey1a,SW_CO2_Injection_SW_Monterey1a_co2_captured_edge,CO2Injection,UnidirectionalEdge{CO2Captured},new_capacity,0.0
CO2Captured,SW,SW_CO2_Injection_SW_Monterey1b,SW_CO2_Injection_SW_Monterey1b_co2_captured_edge,CO2Injection,UnidirectionalEdge{CO2Captured},new_capacity,0.0
CO2Captured,SW,SW_CO2_Injection_SW_Morrison1,SW_CO2_Injection_SW_Morrison1_co2_captured_edge,CO2Injection,UnidirectionalEdge{CO2Captured},new_capacity,0.0
CO2Captured,SW,SW_CO2_Injection_SW_Leonard2,SW_CO2_Injection_SW_Leonard2_co2_captured_edge,CO2Injection,UnidirectionalEdge{CO2Captured},new_capacity,0.0
CO2Captured,SW,SW_CO2_Injection_SW_Canyon2,SW_CO2_Injection_SW_Canyon2_co2_captured_edge,CO2Injection,UnidirectionalEdge{CO2Captured},new_capacity,0.0
CO2Captured,SW,SW_CO2_Injection_SW_Leonard1,SW_CO2_Injection_SW_Leonard1_co2_captured_edge,CO2Injection,UnidirectionalEdge{CO2Captured},new_capacity,0.0
CO2Captured,SW,SW_CO2_Injection_SW_Canyon1,SW_CO2_Injection_SW_Canyon1_co2_captured_edge,CO2Injection,UnidirectionalEdge{CO2Captured},new_capacity,0.0
CO2Captured,SW,SW_CO2_Injection_SW_Canyon4,SW_CO2_Injection_SW_Canyon4_co2_captured_edge,CO2Injection,UnidirectionalEdge{CO2Captured},new_capacity,0.0
CO2Captured,SW,SW_CO2_Injection_SW_Canyon3,SW_CO2_Injection_SW_Canyon3_co2_captured_edge,CO2Injection,UnidirectionalEdge{CO2Captured},new_capacity,0.0
CO2Captured,SW,SW_CO2_Injection_SW_Navajo01,SW_CO2_Injection_SW_Navajo01_co2_captured_edge,CO2Injection,UnidirectionalEdge{CO2Captured},new_capacity,0.0
CO2Captured,SW,SW_CO2_Injection_SW_Queen1,SW_CO2_Injection_SW_Queen1_co2_captured_edge,CO2Injection,UnidirectionalEdge{CO2Captured},new_capacity,0.0
CO2Captured,SW,SW_CO2_Injection_SW_Queen2,SW_CO2_Injection_SW_Queen2_co2_captured_edge,CO2Injection,UnidirectionalEdge{CO2Captured},new_capacity,0.0
CO2Captured,SW,SW_CO2_Injection_SW_Winters1a,SW_CO2_Injection_SW_Winters1a_co2_captured_edge,CO2Injection,UnidirectionalEdge{CO2Captured},new_capacity,0.0
CO2Captured,SW,SW_CO2_Injection_SW_Winters1b,SW_CO2_Injection_SW_Winters1b_co2_captured_edge,CO2Injection,UnidirectionalEdge{CO2Captured},new_capacity,0.0
CO2Captured,SW,SW_CO2_Injection_SW_Winters1c,SW_CO2_Injection_SW_Winters1c_co2_captured_edge,CO2Injection,UnidirectionalEdge{CO2Captured},new_capacity,0.0
CO2Captured,SW,SW_CO2_Injection_SW_Entrada8,SW_CO2_Injection_SW_Entrada8_co2_captured_edge,CO2Injection,UnidirectionalEdge{CO2Captured},new_capacity,0.0
CO2Captured,SW,SW_CO2_Injection_SW_Atoka2,SW_CO2_Injection_SW_Atoka2_co2_captured_edge,CO2Injection,UnidirectionalEdge{CO2Captured},new_capacity,0.0
CO2Captured,SW,SW_CO2_Injection_SW_Hermosa1b,SW_CO2_Injection_SW_Hermosa1b_co2_captured_edge,CO2Injection,UnidirectionalEdge{CO2Captured},new_capacity,0.0
CO2Captured,SW,SW_CO2_Injection_SW_Atoka1,SW_CO2_Injection_SW_Atoka1_co2_captured_edge,CO2Injection,UnidirectionalEdge{CO2Captured},new_capacity,0.0
CO2Captured,SW,SW_CO2_Injection_SW_Hermosa1a,SW_CO2_Injection_SW_Hermosa1a_co2_captured_edge,CO2Injection,UnidirectionalEdge{CO2Captured},new_capacity,0.0
CO2Captured,SW,SW_CO2_Injection_SW_Cisco4,SW_CO2_Injection_SW_Cisco4_co2_captured_edge,CO2Injection,UnidirectionalEdge{CO2Captured},new_capacity,0.0
CO2Captured,SW,SW_CO2_Injection_SW_Cisco3,SW_CO2_Injection_SW_Cisco3_co2_captured_edge,CO2Injection,UnidirectionalEdge{CO2Captured},new_capacity,0.0
CO2Captured,SW,SW_CO2_Injection_SW_Cisco1,SW_CO2_Injection_SW_Cisco1_co2_captured_edge,CO2Injection,UnidirectionalEdge{CO2Captured},new_capacity,0.0
CO2Captured,SW,SW_CO2_Injection_SW_Cisco2,SW_CO2_Injection_SW_Cisco2_co2_captured_edge,CO2Injection,UnidirectionalEdge{CO2Captured},new_capacity,0.0
CO2Captured,SW,SW_CO2_Injection_SW_Entrada9,SW_CO2_Injection_SW_Entrada9_co2_captured_edge,CO2Injection,UnidirectionalEdge{CO2Captured},new_capacity,0.0
CO2Captured,TX,TX_CO2_Injection_TX_Frio02,TX_CO2_Injection_TX_Frio02_co2_captured_edge,CO2Injection,UnidirectionalEdge{CO2Captured},new_capacity,0.0
CO2Captured,TX,TX_CO2_Injection_TX_Frio03a,TX_CO2_Injection_TX_Frio03a_co2_captured_edge,CO2Injection,UnidirectionalEdge{CO2Captured},new_capacity,0.0
CO2Captured,TX,TX_CO2_Injection_TX_Frio06,TX_CO2_Injection_TX_Frio06_co2_captured_edge,CO2Injection,UnidirectionalEdge{CO2Captured},new_capacity,0.0
CO2Captured,TX,TX_CO2_Injection_TX_Frio09a,TX_CO2_Injection_TX_Frio09a_co2_captured_edge,CO2Injection,UnidirectionalEdge{CO2Captured},new_capacity,0.0
CO2Captured,TX,TX_CO2_Injection_TX_Frio12a,TX_CO2_Injection_TX_Frio12a_co2_captured_edge,CO2Injection,UnidirectionalEdge{CO2Captured},new_capacity,0.0
CO2Captured,TX,TX_CO2_Injection_TX_Frio12b,TX_CO2_Injection_TX_Frio12b_co2_captured_edge,CO2Injection,UnidirectionalEdge{CO2Captured},new_capacity,0.0
CO2Captured,TX,TX_CO2_Injection_TX_Frio07a,TX_CO2_Injection_TX_Frio07a_co2_captured_edge,CO2Injection,UnidirectionalEdge{CO2Captured},new_capacity,0.0
CO2Captured,TX,TX_CO2_Injection_TX_Frio10,TX_CO2_Injection_TX_Frio10_co2_captured_edge,CO2Injection,UnidirectionalEdge{CO2Captured},new_capacity,0.0
CO2Captured,TX,TX_CO2_Injection_TX_Frio04,TX_CO2_Injection_TX_Frio04_co2_captured_edge,CO2Injection,UnidirectionalEdge{CO2Captured},new_capacity,0.0
CO2Captured,TX,TX_CO2_Injection_TX_Frio13a,TX_CO2_Injection_TX_Frio13a_co2_captured_edge,CO2Injection,UnidirectionalEdge{CO2Captured},new_capacity,0.0
CO2Captured,TX,TX_CO2_Injection_TX_Frio01,TX_CO2_Injection_TX_Frio01_co2_captured_edge,CO2Injection,UnidirectionalEdge{CO2Captured},new_capacity,0.0
CO2Captured,TX,TX_CO2_Injection_TX_Frio03b,TX_CO2_Injection_TX_Frio03b_co2_captured_edge,CO2Injection,UnidirectionalEdge{CO2Captured},new_capacity,0.0
CO2Captured,TX,TX_CO2_Injection_TX_Frio09b,TX_CO2_Injection_TX_Frio09b_co2_captured_edge,CO2Injection,UnidirectionalEdge{CO2Captured},new_capacity,0.0
CO2Captured,TX,TX_CO2_Injection_TX_Frio13b,TX_CO2_Injection_TX_Frio13b_co2_captured_edge,CO2Injection,UnidirectionalEdge{CO2Captured},new_capacity,0.0
CO2Captured,TX,TX_CO2_Injection_TX_Frio13c,TX_CO2_Injection_TX_Frio13c_co2_captured_edge,CO2Injection,UnidirectionalEdge{CO2Captured},new_capacity,0.0
CO2Captured,TX,TX_CO2_Injection_TX_Frio11,TX_CO2_Injection_TX_Frio11_co2_captured_edge,CO2Injection,UnidirectionalEdge{CO2Captured},new_capacity,0.0
CO2Captured,TX,TX_CO2_Injection_TX_Frio08,TX_CO2_Injection_TX_Frio08_co2_captured_edge,CO2Injection,UnidirectionalEdge{CO2Captured},new_capacity,0.0
CO2Captured,TX,TX_CO2_Injection_TX_Lower_Tuscaloosa08,TX_CO2_Injection_TX_Lower_Tuscaloosa08_co2_captured_edge,CO2Injection,UnidirectionalEdge{CO2Captured},new_capacity,0.0
CO2Captured,TX,TX_CO2_Injection_TX_Frio05,TX_CO2_Injection_TX_Frio05_co2_captured_edge,CO2Injection,UnidirectionalEdge{CO2Captured},new_capacity,0.0
CO2Captured,TX,TX_CO2_Injection_TX_Lower_Tuscaloosa09,TX_CO2_Injection_TX_Lower_Tuscaloosa09_co2_captured_edge,CO2Injection,UnidirectionalEdge{CO2Captured},new_capacity,0.0
CO2Captured,TX,TX_CO2_Injection_TX_WashitaFredericksburg3,TX_CO2_Injection_TX_WashitaFredericksburg3_co2_captured_edge,CO2Injection,UnidirectionalEdge{CO2Captured},new_capacity,0.0
CO2Captured,TX,TX_CO2_Injection_TX_Paluxy1,TX_CO2_Injection_TX_Paluxy1_co2_captured_edge,CO2Injection,UnidirectionalEdge{CO2Captured},new_capacity,0.0
CO2Captured,TX,TX_CO2_Injection_TX_Frio07b,TX_CO2_Injection_TX_Frio07b_co2_captured_edge,CO2Injection,UnidirectionalEdge{CO2Captured},new_capacity,0.0
CO2Captured,TX,TX_CO2_Injection_TX_Lower_Tuscaloosa06,TX_CO2_Injection_TX_Lower_Tuscaloosa06_co2_captured_edge,CO2Injection,UnidirectionalEdge{CO2Captured},new_capacity,0.0
CO2Captured,NCEN,NCEN_CO2_Injection_NCEN_Mount_Simon03,NCEN_CO2_Injection_NCEN_Mount_Simon03_co2_captured_edge,CO2Injection,UnidirectionalEdge{CO2Captured},new_capacity,0.0
CO2Captured,NCEN,NCEN_CO2_Injection_NCEN_Mount_Simon06,NCEN_CO2_Injection_NCEN_Mount_Simon06_co2_captured_edge,CO2Injection,UnidirectionalEdge{CO2Captured},new_capacity,0.0
CO2Captured,NCEN,NCEN_CO2_Injection_NCEN_Mount_Simon07,NCEN_CO2_Injection_NCEN_Mount_Simon07_co2_captured_edge,CO2Injection,UnidirectionalEdge{CO2Captured},new_capacity,0.0
CO2Captured,NCEN,NCEN_CO2_Injection_NCEN_Mount_Simon05,NCEN_CO2_Injection_NCEN_Mount_Simon05_co2_captured_edge,CO2Injection,UnidirectionalEdge{CO2Captured},new_capacity,0.0
CO2Captured,NCEN,NCEN_CO2_Injection_NCEN_Mount_Simon02,NCEN_CO2_Injection_NCEN_Mount_Simon02_co2_captured_edge,CO2Injection,UnidirectionalEdge{CO2Captured},new_capacity,0.0
CO2Captured,NCEN,NCEN_CO2_Injection_NCEN_Knox3,NCEN_CO2_Injection_NCEN_Knox3_co2_captured_edge,CO2Injection,UnidirectionalEdge{CO2Captured},new_capacity,0.0
CO2Captured,NCEN,NCEN_CO2_Injection_NCEN_Knox5,NCEN_CO2_Injection_NCEN_Knox5_co2_captured_edge,CO2Injection,UnidirectionalEdge{CO2Captured},new_capacity,0.0
CO2Captured,NCEN,NCEN_CO2_Injection_NCEN_Knox1,NCEN_CO2_Injection_NCEN_Knox1_co2_captured_edge,CO2Injection,UnidirectionalEdge{CO2Captured},new_capacity,0.0
CO2Captured,NCEN,NCEN_CO2_Injection_NCEN_StPeter07,NCEN_CO2_Injection_NCEN_StPeter07_co2_captured_edge,CO2Injection,UnidirectionalEdge{CO2Captured},new_capacity,0.0
CO2Captured,NCEN,NCEN_CO2_Injection_NCEN_Mount_Simon08,NCEN_CO2_Injection_NCEN_Mount_Simon08_co2_captured_edge,CO2Injection,UnidirectionalEdge{CO2Captured},new_capacity,0.0
CO2Captured,NCEN,NCEN_CO2_Injection_NCEN_Knox4,NCEN_CO2_Injection_NCEN_Knox4_co2_captured_edge,CO2Injection,UnidirectionalEdge{CO2Captured},new_capacity,0.0
CO2Captured,NCEN,NCEN_CO2_Injection_NCEN_Knox6,NCEN_CO2_Injection_NCEN_Knox6_co2_captured_edge,CO2Injection,UnidirectionalEdge{CO2Captured},new_capacity,0.0
CO2Captured,NCEN,NCEN_CO2_Injection_NCEN_Mount_Simon10,NCEN_CO2_Injection_NCEN_Mount_Simon10_co2_captured_edge,CO2Injection,UnidirectionalEdge{CO2Captured},new_capacity,0.0
CO2Captured,NCEN,NCEN_CO2_Injection_NCEN_Knox2,NCEN_CO2_Injection_NCEN_Knox2_co2_captured_edge,CO2Injection,UnidirectionalEdge{CO2Captured},new_capacity,0.0
CO2Captured,NCEN,NCEN_CO2_Injection_NCEN_Niagaran01,NCEN_CO2_Injection_NCEN_Niagaran01_co2_captured_edge,CO2Injection,UnidirectionalEdge{CO2Captured},new_capacity,0.0
CO2Captured,CEN,CEN_CO2_Injection_CEN_Woodbine1,CEN_CO2_Injection_CEN_Woodbine1_co2_captured_edge,CO2Injection,UnidirectionalEdge{CO2Captured},new_capacity,0.0
CO2Captured,CEN,CEN_CO2_Injection_CEN_Lower_Tuscaloosa01,CEN_CO2_Injection_CEN_Lower_Tuscaloosa01_co2_captured_edge,CO2Injection,UnidirectionalEdge{CO2Captured},new_capacity,0.0
CO2Captured,CEN,CEN_CO2_Injection_CEN_Lower_Tuscaloosa10,CEN_CO2_Injection_CEN_Lower_Tuscaloosa10_co2_captured_edge,CO2Injection,UnidirectionalEdge{CO2Captured},new_capacity,0.0
CO2Captured,CEN,CEN_CO2_Injection_CEN_Arbuckle1,CEN_CO2_Injection_CEN_Arbuckle1_co2_captured_edge,CO2Injection,UnidirectionalEdge{CO2Captured},new_capacity,0.0
CO2Captured,CEN,CEN_CO2_Injection_CEN_Paluxy6,CEN_CO2_Injection_CEN_Paluxy6_co2_captured_edge,CO2Injection,UnidirectionalEdge{CO2Captured},new_capacity,0.0
CO2Captured,CEN,CEN_CO2_Injection_CEN_Paluxy2,CEN_CO2_Injection_CEN_Paluxy2_co2_captured_edge,CO2Injection,UnidirectionalEdge{CO2Captured},new_capacity,0.0
CO2Captured,CEN,CEN_CO2_Injection_CEN_Paluxy3,CEN_CO2_Injection_CEN_Paluxy3_co2_captured_edge,CO2Injection,UnidirectionalEdge{CO2Captured},new_capacity,0.0
CO2Captured,CEN,CEN_CO2_Injection_CEN_Basal_Cambrian8,CEN_CO2_Injection_CEN_Basal_Cambrian8_co2_captured_edge,CO2Injection,UnidirectionalEdge{CO2Captured},new_capacity,0.0
CO2Captured,CEN,CEN_CO2_Injection_CEN_Lower_Tuscaloosa07,CEN_CO2_Injection_CEN_Lower_Tuscaloosa07_co2_captured_edge,CO2Injection,UnidirectionalEdge{CO2Captured},new_capacity,0.0
CO2Captured,SE,SE_CO2_Injection_SE_WashitaFredericksburg1,SE_CO2_Injection_SE_WashitaFredericksburg1_co2_captured_edge,CO2Injection,UnidirectionalEdge{CO2Captured},new_capacity,0.0
CO2Captured,SE,SE_CO2_Injection_SE_Lower_Tuscaloosa02,SE_CO2_Injection_SE_Lower_Tuscaloosa02_co2_captured_edge,CO2Injection,UnidirectionalEdge{CO2Captured},new_capacity,0.0
CO2Captured,SE,SE_CO2_Injection_SE_WashitaFredericksburg2,SE_CO2_Injection_SE_WashitaFredericksburg2_co2_captured_edge,CO2Injection,UnidirectionalEdge{CO2Captured},new_capacity,0.0
CO2Captured,SE,SE_CO2_Injection_SE_Cedar_KeysLawson2,SE_CO2_Injection_SE_Cedar_KeysLawson2_co2_captured_edge,CO2Injection,UnidirectionalEdge{CO2Captured},new_capacity,0.0
CO2Captured,SE,SE_CO2_Injection_SE_Paluxy5,SE_CO2_Injection_SE_Paluxy5_co2_captured_edge,CO2Injection,UnidirectionalEdge{CO2Captured},new_capacity,0.0
CO2Captured,SE,SE_CO2_Injection_SE_Lower_Tuscaloosa03,SE_CO2_Injection_SE_Lower_Tuscaloosa03_co2_captured_edge,CO2Injection,UnidirectionalEdge{CO2Captured},new_capacity,0.0
CO2Captured,SE,SE_CO2_Injection_SE_Paluxy4,SE_CO2_Injection_SE_Paluxy4_co2_captured_edge,CO2Injection,UnidirectionalEdge{CO2Captured},new_capacity,0.0
CO2Captured,SE,SE_CO2_Injection_SE_Lower_Tuscaloosa04,SE_CO2_Injection_SE_Lower_Tuscaloosa04_co2_captured_edge,CO2Injection,UnidirectionalEdge{CO2Captured},new_capacity,0.0
CO2Captured,SE,SE_CO2_Injection_SE_Cedar_KeysLawson1,SE_CO2_Injection_SE_Cedar_KeysLawson1_co2_captured_edge,CO2Injection,UnidirectionalEdge{CO2Captured},new_capacity,0.0
CO2Captured,SE,SE_CO2_Injection_SE_Lower_Tuscaloosa05,SE_CO2_Injection_SE_Lower_Tuscaloosa05_co2_captured_edge,CO2Injection,UnidirectionalEdge{CO2Captured},new_capacity,0.0
CO2Captured,SE,SE_CO2_Injection_SE_Sunniland1,SE_CO2_Injection_SE_Sunniland1_co2_captured_edge,CO2Injection,UnidirectionalEdge{CO2Captured},new_capacity,0.0
CO2Captured,MIDAT,MIDAT_CO2_Injection_MIDAT_Waste_Gate1,MIDAT_CO2_Injection_MIDAT_Waste_Gate1_co2_captured_edge,CO2Injection,UnidirectionalEdge{CO2Captured},new_capacity,0.0
CO2Captured,CA,co2_CA_to_NW,co2_CA_to_NW_charge_edge,GasStorage{CO2Captured},UnidirectionalEdge{CO2Captured},new_capacity,0.6535016865142891
CO2Captured,CA,co2_CA_to_NW,co2_CA_to_NW_discharge_edge,GasStorage{CO2Captured},UnidirectionalEdge{CO2Captured},new_capacity,1.505503250708284
CO2Captured,NW,co2_NW_to_CA,co2_NW_to_CA_charge_edge,GasStorage{CO2Captured},UnidirectionalEdge{CO2Captured},new_capacity,1.0658426682242481
CO2Captured,NW,co2_NW_to_CA,co2_NW_to_CA_discharge_edge,GasStorage{CO2Captured},UnidirectionalEdge{CO2Captured},new_capacity,1.8934905482527018
CO2Captured,CA,co2_CA_to_SW,co2_CA_to_SW_charge_edge,GasStorage{CO2Captured},UnidirectionalEdge{CO2Captured},new_capacity,0.7266482856811052
CO2Captured,CA,co2_CA_to_SW,co2_CA_to_SW_discharge_edge,GasStorage{CO2Captured},UnidirectionalEdge{CO2Captured},new_capacity,1.9893708853892786
CO2Captured,SW,co2_SW_to_CA,co2_SW_to_CA_charge_edge,GasStorage{CO2Captured},UnidirectionalEdge{CO2Captured},new_capacity,8.649106945575449
CO2Captured,SW,co2_SW_to_CA,co2_SW_to_CA_discharge_edge,GasStorage{CO2Captured},UnidirectionalEdge{CO2Captured},new_capacity,9.753703932308039
CO2Captured,NW,co2_NW_to_SW,co2_NW_to_SW_charge_edge,GasStorage{CO2Captured},UnidirectionalEdge{CO2Captured},new_capacity,0.6649804509334167
CO2Captured,NW,co2_NW_to_SW,co2_NW_to_SW_discharge_edge,GasStorage{CO2Captured},UnidirectionalEdge{CO2Captured},new_capacity,1.5837330609818758
CO2Captured,SW,co2_SW_to_NW,co2_SW_to_NW_charge_edge,GasStorage{CO2Captured},UnidirectionalEdge{CO2Captured},new_capacity,3.7859699696784723
CO2Captured,SW,co2_SW_to_NW,co2_SW_to_NW_discharge_edge,GasStorage{CO2Captured},UnidirectionalEdge{CO2Captured},new_capacity,4.680933081570796
CO2Captured,SW,co2_SW_to_CEN,co2_SW_to_CEN_charge_edge,GasStorage{CO2Captured},UnidirectionalEdge{CO2Captured},new_capacity,0.4062180450001087
CO2Captured,SW,co2_SW_to_CEN,co2_SW_to_CEN_discharge_edge,GasStorage{CO2Captured},UnidirectionalEdge{CO2Captured},new_capacity,1.1161094614462423
CO2Captured,CEN,co2_CEN_to_SW,co2_CEN_to_SW_charge_edge,GasStorage{CO2Captured},UnidirectionalEdge{CO2Captured},new_capacity,23824.352326828415
CO2Captured,CEN,co2_CEN_to_SW,co2_CEN_to_SW_discharge_edge,GasStorage{CO2Captured},UnidirectionalEdge{CO2Captured},new_capacity,23825.018322668624
CO2Captured,TX,co2_TX_to_CEN,co2_TX_to_CEN_charge_edge,GasStorage{CO2Captured},UnidirectionalEdge{CO2Captured},new_capacity,0.7762425908335957
CO2Captured,TX,co2_TX_to_CEN,co2_TX_to_CEN_discharge_edge,GasStorage{CO2Captured},UnidirectionalEdge{CO2Captured},new_capacity,1.911580340435881
CO2Captured,CEN,co2_CEN_to_TX,co2_CEN_to_TX_charge_edge,GasStorage{CO2Captured},UnidirectionalEdge{CO2Captured},new_capacity,2676.7897789079784
CO2Captured,CEN,co2_CEN_to_TX,co2_CEN_to_TX_discharge_edge,GasStorage{CO2Captured},UnidirectionalEdge{CO2Captured},new_capacity,2677.951907376261
CO2Captured,NCEN,co2_NCEN_to_CEN,co2_NCEN_to_CEN_charge_edge,GasStorage{CO2Captured},UnidirectionalEdge{CO2Captured},new_capacity,4025.9454600059657
CO2Captured,NCEN,co2_NCEN_to_CEN,co2_NCEN_to_CEN_discharge_edge,GasStorage{CO2Captured},UnidirectionalEdge{CO2Captured},new_capacity,4027.158964620558
CO2Captured,CEN,co2_CEN_to_NCEN,co2_CEN_to_NCEN_charge_edge,GasStorage{CO2Captured},UnidirectionalEdge{CO2Captured},new_capacity,0.708005599111538
CO2Captured,CEN,co2_CEN_to_NCEN,co2_CEN_to_NCEN_discharge_edge,GasStorage{CO2Captured},UnidirectionalEdge{CO2Captured},new_capacity,1.8648109356648526
CO2Captured,NCEN,co2_NCEN_to_SE,co2_NCEN_to_SE_charge_edge,GasStorage{CO2Captured},UnidirectionalEdge{CO2Captured},new_capacity,0.43318916891260406
CO2Captured,NCEN,co2_NCEN_to_SE,co2_NCEN_to_SE_discharge_edge,GasStorage{CO2Captured},UnidirectionalEdge{CO2Captured},new_capacity,0.9814461484373793
CO2Captured,SE,co2_SE_to_NCEN,co2_SE_to_NCEN_charge_edge,GasStorage{CO2Captured},UnidirectionalEdge{CO2Captured},new_capacity,0.7724363960368308
CO2Captured,SE,co2_SE_to_NCEN,co2_SE_to_NCEN_discharge_edge,GasStorage{CO2Captured},UnidirectionalEdge{CO2Captured},new_capacity,1.3203632272309849
CO2Captured,NCEN,co2_NCEN_to_MIDAT,co2_NCEN_to_MIDAT_charge_edge,GasStorage{CO2Captured},UnidirectionalEdge{CO2Captured},new_capacity,0.4130207400404804
CO2Captured,NCEN,co2_NCEN_to_MIDAT,co2_NCEN_to_MIDAT_discharge_edge,GasStorage{CO2Captured},UnidirectionalEdge{CO2Captured},new_capacity,1.0852532334165421
CO2Captured,MIDAT,co2_MIDAT_to_NCEN,co2_MIDAT_to_NCEN_charge_edge,GasStorage{CO2Captured},UnidirectionalEdge{CO2Captured},new_capacity,11.73822551682018
CO2Captured,MIDAT,co2_MIDAT_to_NCEN,co2_MIDAT_to_NCEN_discharge_edge,GasStorage{CO2Captured},UnidirectionalEdge{CO2Captured},new_capacity,12.39111330712332
CO2Captured,CEN,co2_CEN_to_SE,co2_CEN_to_SE_charge_edge,GasStorage{CO2Captured},UnidirectionalEdge{CO2Captured},new_capacity,0.4082319885178109
CO2Captured,CEN,co2_CEN_to_SE,co2_CEN_to_SE_discharge_edge,GasStorage{CO2Captured},UnidirectionalEdge{CO2Captured},new_capacity,1.0410370448781543
CO2Captured,SE,co2_SE_to_CEN,co2_SE_to_CEN_charge_edge,GasStorage{CO2Captured},UnidirectionalEdge{CO2Captured},new_capacity,1143.9251443846472
CO2Captured,SE,co2_SE_to_CEN,co2_SE_to_CEN_discharge_edge,GasStorage{CO2Captured},UnidirectionalEdge{CO2Captured},new_capacity,1144.572894255127
CO2Captured,SE,co2_SE_to_MIDAT,co2_SE_to_MIDAT_charge_edge,GasStorage{CO2Captured},UnidirectionalEdge{CO2Captured},new_capacity,0.6838398166864103
CO2Captured,SE,co2_SE_to_MIDAT,co2_SE_to_MIDAT_discharge_edge,GasStorage{CO2Captured},UnidirectionalEdge{CO2Captured},new_capacity,1.8365533862780492
CO2Captured,MIDAT,co2_MIDAT_to_SE,co2_MIDAT_to_SE_charge_edge,GasStorage{CO2Captured},UnidirectionalEdge{CO2Captured},new_capacity,6.676433786362663
CO2Captured,MIDAT,co2_MIDAT_to_SE,co2_MIDAT_to_SE_discharge_edge,GasStorage{CO2Captured},UnidirectionalEdge{CO2Captured},new_capacity,7.777430215786854
CO2Captured,MIDAT,co2_MIDAT_to_NE,co2_MIDAT_to_NE_charge_edge,GasStorage{CO2Captured},UnidirectionalEdge{CO2Captured},new_capacity,0.742486886767077
CO2Captured,MIDAT,co2_MIDAT_to_NE,co2_MIDAT_to_NE_discharge_edge,GasStorage{CO2Captured},UnidirectionalEdge{CO2Captured},new_capacity,1.9526938222170787
CO2Captured,NE,co2_NE_to_MIDAT,co2_NE_to_MIDAT_charge_edge,GasStorage{CO2Captured},UnidirectionalEdge{CO2Captured},new_capacity,17.36248807112244
CO2Captured,NE,co2_NE_to_MIDAT,co2_NE_to_MIDAT_discharge_edge,GasStorage{CO2Captured},UnidirectionalEdge{CO2Captured},new_capacity,18.345202369417144
Electricity,CA,CA_battery_moderate_0,CA_battery_moderate_0_discharge_edge,Battery,UnidirectionalEdge{Electricity},new_capacity,8.265959612021252
Electricity,NW,NW_battery_moderate_0,NW_battery_moderate_0_discharge_edge,Battery,UnidirectionalEdge{Electricity},new_capacity,9.189755651980002
Electricity,SW,SW_battery_moderate_0,SW_battery_moderate_0_discharge_edge,Battery,UnidirectionalEdge{Electricity},new_capacity,8.972276492300672
Electricity,TX,TX_battery_moderate_0,TX_battery_moderate_0_discharge_edge,Battery,UnidirectionalEdge{Electricity},new_capacity,13.104453975463473
Electricity,NCEN,NCEN_battery_moderate_0,NCEN_battery_moderate_0_discharge_edge,Battery,UnidirectionalEdge{Electricity},new_capacity,8.891874958190217
Electricity,CEN,CEN_battery_moderate_0,CEN_battery_moderate_0_discharge_edge,Battery,UnidirectionalEdge{Electricity},new_capacity,14.412020881692225
Electricity,SE,SE_battery_moderate_0,SE_battery_moderate_0_discharge_edge,Battery,UnidirectionalEdge{Electricity},new_capacity,8.70438030288464
Electricity,MIDAT,MIDAT_battery_moderate_0,MIDAT_battery_moderate_0_discharge_edge,Battery,UnidirectionalEdge{Electricity},new_capacity,8.47475808683293
Electricity,NE,NE_battery_moderate_0,NE_battery_moderate_0_discharge_edge,Battery,UnidirectionalEdge{Electricity},new_capacity,8.302616086920882
Electricity,CA,CA_hydroelectric_pumped_storage_1,CA_hydroelectric_pumped_storage_1_discharge_edge,Battery,UnidirectionalEdge{Electricity},new_capacity,0.0
Electricity,CEN,CEN_hydroelectric_pumped_storage_1,CEN_hydroelectric_pumped_storage_1_discharge_edge,Battery,UnidirectionalEdge{Electricity},new_capacity,0.0
Electricity,MIDAT,MIDAT_hydroelectric_pumped_storage_1,MIDAT_hydroelectric_pumped_storage_1_discharge_edge,Battery,UnidirectionalEdge{Electricity},new_capacity,0.0
Electricity,NE,NE_hydroelectric_pumped_storage_1,NE_hydroelectric_pumped_storage_1_discharge_edge,Battery,UnidirectionalEdge{Electricity},new_capacity,0.0
Electricity,NW,NW_hydroelectric_pumped_storage_1,NW_hydroelectric_pumped_storage_1_discharge_edge,Battery,UnidirectionalEdge{Electricity},new_capacity,0.0
Electricity,NCEN,NCEN_hydroelectric_pumped_storage_1,NCEN_hydroelectric_pumped_storage_1_discharge_edge,Battery,UnidirectionalEdge{Electricity},new_capacity,0.0
Electricity,SE,SE_hydroelectric_pumped_storage_1,SE_hydroelectric_pumped_storage_1_discharge_edge,Battery,UnidirectionalEdge{Electricity},new_capacity,0.0
Electricity,SW,SW_hydroelectric_pumped_storage_1,SW_hydroelectric_pumped_storage_1_discharge_edge,Battery,UnidirectionalEdge{Electricity},new_capacity,0.0
CO2,CA,CA_Sorbent_DAC,CA_Sorbent_DAC_co2_edge,ElectricDAC,UnidirectionalEdge{CO2},new_capacity,0.20201854675607916
CO2,NW,NW_Sorbent_DAC,NW_Sorbent_DAC_co2_edge,ElectricDAC,UnidirectionalEdge{CO2},new_capacity,0.2984513912641715
CO2,SW,SW_Sorbent_DAC,SW_Sorbent_DAC_co2_edge,ElectricDAC,UnidirectionalEdge{CO2},new_capacity,0.2360644250324742
CO2,TX,TX_Sorbent_DAC,TX_Sorbent_DAC_co2_edge,ElectricDAC,UnidirectionalEdge{CO2},new_capacity,0.19178455814956774
CO2,NCEN,NCEN_Sorbent_DAC,NCEN_Sorbent_DAC_co2_edge,ElectricDAC,UnidirectionalEdge{CO2},new_capacity,0.17143893014085224
CO2,CEN,CEN_Sorbent_DAC,CEN_Sorbent_DAC_co2_edge,ElectricDAC,UnidirectionalEdge{CO2},new_capacity,0.2254634980200947
CO2,SE,SE_Sorbent_DAC,SE_Sorbent_DAC_co2_edge,ElectricDAC,UnidirectionalEdge{CO2},new_capacity,0.1582799491515312
CO2,MIDAT,MIDAT_Sorbent_DAC,MIDAT_Sorbent_DAC_co2_edge,ElectricDAC,UnidirectionalEdge{CO2},new_capacity,0.14363703648893672
CO2,NE,NE_Sorbent_DAC,NE_Sorbent_DAC_co2_edge,ElectricDAC,UnidirectionalEdge{CO2},new_capacity,0.134116344026855
Hydrogen,CA,CA_Electrolyzer,CA_Electrolyzer_h2_edge,Electrolyzer,EdgeWithUC{Hydrogen},new_capacity,34865.204810474796
Hydrogen,NW,NW_Electrolyzer,NW_Electrolyzer_h2_edge,Electrolyzer,EdgeWithUC{Hydrogen},new_capacity,6070.334028012389
Hydrogen,SW,SW_Electrolyzer,SW_Electrolyzer_h2_edge,Electrolyzer,EdgeWithUC{Hydrogen},new_capacity,11596.275132154715
Hydrogen,TX,TX_Electrolyzer,TX_Electrolyzer_h2_edge,Electrolyzer,EdgeWithUC{Hydrogen},new_capacity,46260.17943430562
Hydrogen,NCEN,NCEN_Electrolyzer,NCEN_Electrolyzer_h2_edge,Electrolyzer,EdgeWithUC{Hydrogen},new_capacity,38618.605066719865
Hydrogen,CEN,CEN_Electrolyzer,CEN_Electrolyzer_h2_edge,Electrolyzer,EdgeWithUC{Hydrogen},new_capacity,36685.52244045245
Hydrogen,SE,SE_Electrolyzer,SE_Electrolyzer_h2_edge,Electrolyzer,EdgeWithUC{Hydrogen},new_capacity,63798.36968527265
Hydrogen,MIDAT,MIDAT_Electrolyzer,MIDAT_Electrolyzer_h2_edge,Electrolyzer,EdgeWithUC{Hydrogen},new_capacity,121662.19986183572
Hydrogen,NE,NE_Electrolyzer,NE_Electrolyzer_h2_edge,Electrolyzer,EdgeWithUC{Hydrogen},new_capacity,125568.23174265059
Electricity,CA,CA_onshore_wind_turbine_1,CA_onshore_wind_turbine_1_edge,VRE,UnidirectionalEdge{Electricity},new_capacity,0.0
Electricity,CA,CA_solar_photovoltaic_1,CA_solar_photovoltaic_1_edge,VRE,UnidirectionalEdge{Electricity},new_capacity,0.0
Electricity,CEN,CEN_onshore_wind_turbine_1,CEN_onshore_wind_turbine_1_edge,VRE,UnidirectionalEdge{Electricity},new_capacity,0.0
Electricity,CEN,CEN_solar_photovoltaic_1,CEN_solar_photovoltaic_1_edge,VRE,UnidirectionalEdge{Electricity},new_capacity,0.0
Electricity,MIDAT,MIDAT_onshore_wind_turbine_1,MIDAT_onshore_wind_turbine_1_edge,VRE,UnidirectionalEdge{Electricity},new_capacity,0.0
Electricity,MIDAT,MIDAT_solar_photovoltaic_1,MIDAT_solar_photovoltaic_1_edge,VRE,UnidirectionalEdge{Electricity},new_capacity,0.0
Electricity,NE,NE_onshore_wind_turbine_1,NE_onshore_wind_turbine_1_edge,VRE,UnidirectionalEdge{Electricity},new_capacity,0.0
Electricity,NE,NE_solar_photovoltaic_1,NE_solar_photovoltaic_1_edge,VRE,UnidirectionalEdge{Electricity},new_capacity,0.0
Electricity,NW,NW_onshore_wind_turbine_1,NW_onshore_wind_turbine_1_edge,VRE,UnidirectionalEdge{Electricity},new_capacity,0.0
Electricity,NW,NW_solar_photovoltaic_1,NW_solar_photovoltaic_1_edge,VRE,UnidirectionalEdge{Electricity},new_capacity,0.0
Electricity,NCEN,NCEN_onshore_wind_turbine_1,NCEN_onshore_wind_turbine_1_edge,VRE,UnidirectionalEdge{Electricity},new_capacity,0.0
Electricity,NCEN,NCEN_solar_photovoltaic_1,NCEN_solar_photovoltaic_1_edge,VRE,UnidirectionalEdge{Electricity},new_capacity,0.0
Electricity,SE,SE_solar_photovoltaic_1,SE_solar_photovoltaic_1_edge,VRE,UnidirectionalEdge{Electricity},new_capacity,0.0
Electricity,SW,SW_onshore_wind_turbine_1,SW_onshore_wind_turbine_1_edge,VRE,UnidirectionalEdge{Electricity},new_capacity,0.0
Electricity,SW,SW_solar_photovoltaic_1,SW_solar_photovoltaic_1_edge,VRE,UnidirectionalEdge{Electricity},new_capacity,0.0
Electricity,TX,TX_onshore_wind_turbine_1,TX_onshore_wind_turbine_1_edge,VRE,UnidirectionalEdge{Electricity},new_capacity,0.0
Electricity,TX,TX_solar_photovoltaic_1,TX_solar_photovoltaic_1_edge,VRE,UnidirectionalEdge{Electricity},new_capacity,0.0
Electricity,CA,CA_CCGT-H2,CA_CCGT-H2_elec_edge,ThermalPower{Hydrogen},EdgeWithUC{Electricity},new_capacity,17.171710026452793
Electricity,NW,NW_CCGT-H2,NW_CCGT-H2_elec_edge,ThermalPower{Hydrogen},EdgeWithUC{Electricity},new_capacity,13.287987758830333
Electricity,SW,SW_CCGT-H2,SW_CCGT-H2_elec_edge,ThermalPower{Hydrogen},EdgeWithUC{Electricity},new_capacity,17.5411047813851
Electricity,TX,TX_CCGT-H2,TX_CCGT-H2_elec_edge,ThermalPower{Hydrogen},EdgeWithUC{Electricity},new_capacity,19.27151353867372
Electricity,NCEN,NCEN_CCGT-H2,NCEN_CCGT-H2_elec_edge,ThermalPower{Hydrogen},EdgeWithUC{Electricity},new_capacity,19.599664361938025
Electricity,CEN,CEN_CCGT-H2,CEN_CCGT-H2_elec_edge,ThermalPower{Hydrogen},EdgeWithUC{Electricity},new_capacity,24.1678083185831
Electricity,SE,SE_CCGT-H2,SE_CCGT-H2_elec_edge,ThermalPower{Hydrogen},EdgeWithUC{Electricity},new_capacity,17.139336685775437
Electricity,MIDAT,MIDAT_CCGT-H2,MIDAT_CCGT-H2_elec_edge,ThermalPower{Hydrogen},EdgeWithUC{Electricity},new_capacity,17.923026682878273
Electricity,NE,NE_CCGT-H2,NE_CCGT-H2_elec_edge,ThermalPower{Hydrogen},EdgeWithUC{Electricity},new_capacity,17.212401935536374
Electricity,CA,CA_OCGT-H2,CA_OCGT-H2_elec_edge,ThermalPower{Hydrogen},EdgeWithUC{Electricity},new_capacity,87581.78657048484
Electricity,NW,NW_OCGT-H2,NW_OCGT-H2_elec_edge,ThermalPower{Hydrogen},EdgeWithUC{Electricity},new_capacity,20.93590459128796
Electricity,SW,SW_OCGT-H2,SW_OCGT-H2_elec_edge,ThermalPower{Hydrogen},EdgeWithUC{Electricity},new_capacity,17212.063342266996
Electricity,TX,TX_OCGT-H2,TX_OCGT-H2_elec_edge,ThermalPower{Hydrogen},EdgeWithUC{Electricity},new_capacity,99757.76437689792
Electricity,NCEN,NCEN_OCGT-H2,NCEN_OCGT-H2_elec_edge,ThermalPower{Hydrogen},EdgeWithUC{Electricity},new_capacity,50086.939836727215
Electricity,CEN,CEN_OCGT-H2,CEN_OCGT-H2_elec_edge,ThermalPower{Hydrogen},EdgeWithUC{Electricity},new_capacity,13895.095259925018
Electricity,SE,SE_OCGT-H2,SE_OCGT-H2_elec_edge,ThermalPower{Hydrogen},EdgeWithUC{Electricity},new_capacity,117843.88509019068
Electricity,MIDAT,MIDAT_OCGT-H2,MIDAT_OCGT-H2_elec_edge,ThermalPower{Hydrogen},EdgeWithUC{Electricity},new_capacity,320130.594567569
Electricity,NE,NE_OCGT-H2,NE_OCGT-H2_elec_edge,ThermalPower{Hydrogen},EdgeWithUC{Electricity},new_capacity,322201.6923992545
Hydrogen,CA,h2_CA_to_NW,h2_CA_to_NW_charge_edge,GasStorage{Hydrogen},UnidirectionalEdge{Hydrogen},new_capacity,1.068354769974606
Hydrogen,CA,h2_CA_to_NW,h2_CA_to_NW_discharge_edge,GasStorage{Hydrogen},UnidirectionalEdge{Hydrogen},new_capacity,2.701415448034682
Hydrogen,NW,h2_NW_to_CA,h2_NW_to_CA_charge_edge,GasStorage{Hydrogen},UnidirectionalEdge{Hydrogen},new_capacity,8.364771671943876
Hydrogen,NW,h2_NW_to_CA,h2_NW_to_CA_discharge_edge,GasStorage{Hydrogen},UnidirectionalEdge{Hydrogen},new_capacity,8.925411911566554
Hydrogen,CA,h2_CA_to_SW,h2_CA_to_SW_charge_edge,GasStorage{Hydrogen},UnidirectionalEdge{Hydrogen},new_capacity,2.0493683395326046
Hydrogen,CA,h2_CA_to_SW,h2_CA_to_SW_discharge_edge,GasStorage{Hydrogen},UnidirectionalEdge{Hydrogen},new_capacity,4.217170113670451
Hydrogen,SW,h2_SW_to_CA,h2_SW_to_CA_charge_edge,GasStorage{Hydrogen},UnidirectionalEdge{Hydrogen},new_capacity,3.5886247721395694
Hydrogen,SW,h2_SW_to_CA,h2_SW_to_CA_discharge_edge,GasStorage{Hydrogen},UnidirectionalEdge{Hydrogen},new_capacity,5.107055840337628
Hydrogen,NW,h2_NW_to_SW,h2_NW_to_SW_charge_edge,GasStorage{Hydrogen},UnidirectionalEdge{Hydrogen},new_capacity,7.973328016727267
Hydrogen,NW,h2_NW_to_SW,h2_NW_to_SW_discharge_edge,GasStorage{Hydrogen},UnidirectionalEdge{Hydrogen},new_capacity,8.557997663485002
Hydrogen,SW,h2_SW_to_NW,h2_SW_to_NW_charge_edge,GasStorage{Hydrogen},UnidirectionalEdge{Hydrogen},new_capacity,1.3542918824645633
Hydrogen,SW,h2_SW_to_NW,h2_SW_to_NW_discharge_edge,GasStorage{Hydrogen},UnidirectionalEdge{Hydrogen},new_capacity,3.2489200838738985
Hydrogen,SW,h2_SW_to_CEN,h2_SW_to_CEN_charge_edge,GasStorage{Hydrogen},UnidirectionalEdge{Hydrogen},new_capacity,2.5161260222622692
Hydrogen,SW,h2_SW_to_CEN,h2_SW_to_CEN_discharge_edge,GasStorage{Hydrogen},UnidirectionalEdge{Hydrogen},new_capacity,3.1825453399177888
Hydrogen,CEN,h2_CEN_to_SW,h2_CEN_to_SW_charge_edge,GasStorage{Hydrogen},UnidirectionalEdge{Hydrogen},new_capacity,4.645436442485971
Hydrogen,CEN,h2_CEN_to_SW,h2_CEN_to_SW_discharge_edge,GasStorage{Hydrogen},UnidirectionalEdge{Hydrogen},new_capacity,5.158877383744503
Hydrogen,TX,h2_TX_to_CEN,h2_TX_to_CEN_charge_edge,GasStorage{Hydrogen},UnidirectionalEdge{Hydrogen},new_capacity,3.8678576801875604
Hydrogen,TX,h2_TX_to_CEN,h2_TX_to_CEN_discharge_edge,GasStorage{Hydrogen},UnidirectionalEdge{Hydrogen},new_capacity,4.92847626129866
Hydrogen,CEN,h2_CEN_to_TX,h2_CEN_to_TX_charge_edge,GasStorage{Hydrogen},UnidirectionalEdge{Hydrogen},new_capacity,6.251580514223438
Hydrogen,CEN,h2_CEN_to_TX,h2_CEN_to_TX_discharge_edge,GasStorage{Hydrogen},UnidirectionalEdge{Hydrogen},new_capacity,6.949747767535146
Hydrogen,NCEN,h2_NCEN_to_CEN,h2_NCEN_to_CEN_charge_edge,GasStorage{Hydrogen},UnidirectionalEdge{Hydrogen},new_capacity,1.8182177393009404
Hydrogen,NCEN,h2_NCEN_to_CEN,h2_NCEN_to_CEN_discharge_edge,GasStorage{Hydrogen},UnidirectionalEdge{Hydrogen},new_capacity,4.06998242123043
Hydrogen,CEN,h2_CEN_to_NCEN,h2_CEN_to_NCEN_charge_edge,GasStorage{Hydrogen},UnidirectionalEdge{Hydrogen},new_capacity,5.475084406008508
Hydrogen,CEN,h2_CEN_to_NCEN,h2_CEN_to_NCEN_discharge_edge,GasStorage{Hydrogen},UnidirectionalEdge{Hydrogen},new_capacity,6.610455831804668
Hydrogen,NCEN,h2_NCEN_to_SE,h2_NCEN_to_SE_charge_edge,GasStorage{Hydrogen},UnidirectionalEdge{Hydrogen},new_capacity,1.7453364646170015
Hydrogen,NCEN,h2_NCEN_to_SE,h2_NCEN_to_SE_discharge_edge,GasStorage{Hydrogen},UnidirectionalEdge{Hydrogen},new_capacity,2.1186426123598405
Hydrogen,SE,h2_SE_to_NCEN,h2_SE_to_NCEN_charge_edge,GasStorage{Hydrogen},UnidirectionalEdge{Hydrogen},new_capacity,1.4407029234881914
Hydrogen,SE,h2_SE_to_NCEN,h2_SE_to_NCEN_discharge_edge,GasStorage{Hydrogen},UnidirectionalEdge{Hydrogen},new_capacity,1.8782090585427422
Hydrogen,NCEN,h2_NCEN_to_MIDAT,h2_NCEN_to_MIDAT_charge_edge,GasStorage{Hydrogen},UnidirectionalEdge{Hydrogen},new_capacity,2.142908824502735
Hydrogen,NCEN,h2_NCEN_to_MIDAT,h2_NCEN_to_MIDAT_discharge_edge,GasStorage{Hydrogen},UnidirectionalEdge{Hydrogen},new_capacity,2.7213505173207135
Hydrogen,MIDAT,h2_MIDAT_to_NCEN,h2_MIDAT_to_NCEN_charge_edge,GasStorage{Hydrogen},UnidirectionalEdge{Hydrogen},new_capacity,1.4186802505519525
Hydrogen,MIDAT,h2_MIDAT_to_NCEN,h2_MIDAT_to_NCEN_discharge_edge,GasStorage{Hydrogen},UnidirectionalEdge{Hydrogen},new_capacity,2.4777732471040843
Hydrogen,CEN,h2_CEN_to_SE,h2_CEN_to_SE_charge_edge,GasStorage{Hydrogen},UnidirectionalEdge{Hydrogen},new_capacity,2.9301103741234176
Hydrogen,CEN,h2_CEN_to_SE,h2_CEN_to_SE_discharge_edge,GasStorage{Hydrogen},UnidirectionalEdge{Hydrogen},new_capacity,3.343396806610467
Hydrogen,SE,h2_SE_to_CEN,h2_SE_to_CEN_charge_edge,GasStorage{Hydrogen},UnidirectionalEdge{Hydrogen},new_capacity,1.6473042841550463
Hydrogen,SE,h2_SE_to_CEN,h2_SE_to_CEN_discharge_edge,GasStorage{Hydrogen},UnidirectionalEdge{Hydrogen},new_capacity,2.2719591805914914
Hydrogen,SE,h2_SE_to_MIDAT,h2_SE_to_MIDAT_charge_edge,GasStorage{Hydrogen},UnidirectionalEdge{Hydrogen},new_capacity,4.432240290185344
Hydrogen,SE,h2_SE_to_MIDAT,h2_SE_to_MIDAT_discharge_edge,GasStorage{Hydrogen},UnidirectionalEdge{Hydrogen},new_capacity,5.126965349164515
Hydrogen,MIDAT,h2_MIDAT_to_SE,h2_MIDAT_to_SE_charge_edge,GasStorage{Hydrogen},UnidirectionalEdge{Hydrogen},new_capacity,4.63362512495081
Hydrogen,MIDAT,h2_MIDAT_to_SE,h2_MIDAT_to_SE_discharge_edge,GasStorage{Hydrogen},UnidirectionalEdge{Hydrogen},new_capacity,5.396573325984178
Hydrogen,MIDAT,h2_MIDAT_to_NE,h2_MIDAT_to_NE_charge_edge,GasStorage{Hydrogen},UnidirectionalEdge{Hydrogen},new_capacity,3.0055506395844036
Hydrogen,MIDAT,h2_MIDAT_to_NE,h2_MIDAT_to_NE_discharge_edge,GasStorage{Hydrogen},UnidirectionalEdge{Hydrogen},new_capacity,4.907013223308956
Hydrogen,NE,h2_NE_to_MIDAT,h2_NE_to_MIDAT_charge_edge,GasStorage{Hydrogen},UnidirectionalEdge{Hydrogen},new_capacity,4.1300341823773215
Hydrogen,NE,h2_NE_to_MIDAT,h2_NE_to_MIDAT_discharge_edge,GasStorage{Hydrogen},UnidirectionalEdge{Hydrogen},new_capacity,4.83081662766638
Hydrogen,CA,CA_Above_ground_storage,CA_Above_ground_storage_charge_edge,GasStorage{Hydrogen},UnidirectionalEdge{Hydrogen},new_capacity,5806.044495105186
Hydrogen,CA,CA_Above_ground_storage,CA_Above_ground_storage_discharge_edge,GasStorage{Hydrogen},UnidirectionalEdge{Hydrogen},new_capacity,31816.410862406832
Hydrogen,NW,NW_Above_ground_storage,NW_Above_ground_storage_charge_edge,GasStorage{Hydrogen},UnidirectionalEdge{Hydrogen},new_capacity,2123.787794669282
Hydrogen,NW,NW_Above_ground_storage,NW_Above_ground_storage_discharge_edge,GasStorage{Hydrogen},UnidirectionalEdge{Hydrogen},new_capacity,3975.6118253145632
Hydrogen,SW,SW_Above_ground_storage,SW_Above_ground_storage_charge_edge,GasStorage{Hydrogen},UnidirectionalEdge{Hydrogen},new_capacity,6856.484596109973
Hydrogen,SW,SW_Above_ground_storage,SW_Above_ground_storage_discharge_edge,GasStorage{Hydrogen},UnidirectionalEdge{Hydrogen},new_capacity,8666.697464032763
Hydrogen,TX,TX_Above_ground_storage,TX_Above_ground_storage_charge_edge,GasStorage{Hydrogen},UnidirectionalEdge{Hydrogen},new_capacity,11663.632089914188
Hydrogen,TX,TX_Above_ground_storage,TX_Above_ground_storage_discharge_edge,GasStorage{Hydrogen},UnidirectionalEdge{Hydrogen},new_capacity,42357.48478723634
Hydrogen,NCEN,NCEN_Above_ground_storage,NCEN_Above_ground_storage_charge_edge,GasStorage{Hydrogen},UnidirectionalEdge{Hydrogen},new_capacity,19961.991315594598
Hydrogen,NCEN,NCEN_Above_ground_storage,NCEN_Above_ground_storage_discharge_edge,GasStorage{Hydrogen},UnidirectionalEdge{Hydrogen},new_capacity,30093.306431340072
Hydrogen,CEN,CEN_Above_ground_storage,CEN_Above_ground_storage_charge_edge,GasStorage{Hydrogen},UnidirectionalEdge{Hydrogen},new_capacity,12058.447869100117
Hydrogen,CEN,CEN_Above_ground_storage,CEN_Above_ground_storage_discharge_edge,GasStorage{Hydrogen},UnidirectionalEdge{Hydrogen},new_capacity,27799.067546751245
Hydrogen,SE,SE_Above_ground_storage,SE_Above_ground_storage_charge_edge,GasStorage{Hydrogen},UnidirectionalEdge{Hydrogen},new_capacity,33400.75821016329
Hydrogen,SE,SE_Above_ground_storage,SE_Above_ground_storage_discharge_edge,GasStorage{Hydrogen},UnidirectionalEdge{Hydrogen},new_capacity,52024.493846096564
Hydrogen,MIDAT,MIDAT_Above_ground_storage,MIDAT_Above_ground_storage_charge_edge,GasStorage{Hydrogen},UnidirectionalEdge{Hydrogen},new_capacity,14893.460032190293
Hydrogen,MIDAT,MIDAT_Above_ground_storage,MIDAT_Above_ground_storage_discharge_edge,GasStorage{Hydrogen},UnidirectionalEdge{Hydrogen},new_capacity,58250.351618483444
Hydrogen,NE,NE_Above_ground_storage,NE_Above_ground_storage_charge_edge,GasStorage{Hydrogen},UnidirectionalEdge{Hydrogen},new_capacity,18950.956230251428
Hydrogen,NE,NE_Above_ground_storage,NE_Above_ground_storage_discharge_edge,GasStorage{Hydrogen},UnidirectionalEdge{Hydrogen},new_capacity,53725.781472065086
Electricity,CA,CA_conventional_hydroelectric_1,CA_conventional_hydroelectric_1_discharge_edge,HydroRes,UnidirectionalEdge{Electricity},new_capacity,0.0
Electricity,CA,CA_conventional_hydroelectric_1,CA_conventional_hydroelectric_1_inflow_edge,HydroRes,UnidirectionalEdge{Electricity},new_capacity,0.0
Electricity,CEN,CEN_conventional_hydroelectric_1,CEN_conventional_hydroelectric_1_discharge_edge,HydroRes,UnidirectionalEdge{Electricity},new_capacity,0.0
Electricity,CEN,CEN_conventional_hydroelectric_1,CEN_conventional_hydroelectric_1_inflow_edge,HydroRes,UnidirectionalEdge{Electricity},new_capacity,0.0
Electricity,MIDAT,MIDAT_conventional_hydroelectric_1,MIDAT_conventional_hydroelectric_1_discharge_edge,HydroRes,UnidirectionalEdge{Electricity},new_capacity,0.0
Electricity,MIDAT,MIDAT_conventional_hydroelectric_1,MIDAT_conventional_hydroelectric_1_inflow_edge,HydroRes,UnidirectionalEdge{Electricity},new_capacity,0.0
Electricity,NE,NE_conventional_hydroelectric_1,NE_conventional_hydroelectric_1_discharge_edge,HydroRes,UnidirectionalEdge{Electricity},new_capacity,0.0
Electricity,NE,NE_conventional_hydroelectric_1,NE_conventional_hydroelectric_1_inflow_edge,HydroRes,UnidirectionalEdge{Electricity},new_capacity,0.0
Electricity,NW,NW_conventional_hydroelectric_1,NW_conventional_hydroelectric_1_discharge_edge,HydroRes,UnidirectionalEdge{Electricity},new_capacity,0.0
Electricity,NW,NW_conventional_hydroelectric_1,NW_conventional_hydroelectric_1_inflow_edge,HydroRes,UnidirectionalEdge{Electricity},new_capacity,0.0
Electricity,NCEN,NCEN_conventional_hydroelectric_1,NCEN_conventional_hydroelectric_1_discharge_edge,HydroRes,UnidirectionalEdge{Electricity},new_capacity,0.0
Electricity,NCEN,NCEN_conventional_hydroelectric_1,NCEN_conventional_hydroelectric_1_inflow_edge,HydroRes,UnidirectionalEdge{Electricity},new_capacity,0.0
Electricity,SE,SE_conventional_hydroelectric_1,SE_conventional_hydroelectric_1_discharge_edge,HydroRes,UnidirectionalEdge{Electricity},new_capacity,0.0
Electricity,SE,SE_conventional_hydroelectric_1,SE_conventional_hydroelectric_1_inflow_edge,HydroRes,UnidirectionalEdge{Electricity},new_capacity,0.0
Electricity,SW,SW_conventional_hydroelectric_1,SW_conventional_hydroelectric_1_discharge_edge,HydroRes,UnidirectionalEdge{Electricity},new_capacity,0.0
Electricity,SW,SW_conventional_hydroelectric_1,SW_conventional_hydroelectric_1_inflow_edge,HydroRes,UnidirectionalEdge{Electricity},new_capacity,0.0
Electricity,TX,TX_conventional_hydroelectric_1,TX_conventional_hydroelectric_1_discharge_edge,HydroRes,UnidirectionalEdge{Electricity},new_capacity,0.0
Electricity,TX,TX_conventional_hydroelectric_1,TX_conventional_hydroelectric_1_inflow_edge,HydroRes,UnidirectionalEdge{Electricity},new_capacity,0.0
Electricity,CA,CA_small_hydroelectric_1,CA_small_hydroelectric_1_elec_edge,MustRun,UnidirectionalEdge{Electricity},new_capacity,0.0
Electricity,CEN,CEN_small_hydroelectric_1,CEN_small_hydroelectric_1_elec_edge,MustRun,UnidirectionalEdge{Electricity},new_capacity,0.0
Electricity,MIDAT,MIDAT_small_hydroelectric_1,MIDAT_small_hydroelectric_1_elec_edge,MustRun,UnidirectionalEdge{Electricity},new_capacity,0.0
Electricity,NE,NE_small_hydroelectric_1,NE_small_hydroelectric_1_elec_edge,MustRun,UnidirectionalEdge{Electricity},new_capacity,0.0
Electricity,NW,NW_small_hydroelectric_1,NW_small_hydroelectric_1_elec_edge,MustRun,UnidirectionalEdge{Electricity},new_capacity,0.0
Electricity,NCEN,NCEN_small_hydroelectric_1,NCEN_small_hydroelectric_1_elec_edge,MustRun,UnidirectionalEdge{Electricity},new_capacity,0.0
Electricity,SE,SE_small_hydroelectric_1,SE_small_hydroelectric_1_elec_edge,MustRun,UnidirectionalEdge{Electricity},new_capacity,0.0
Electricity,SW,SW_small_hydroelectric_1,SW_small_hydroelectric_1_elec_edge,MustRun,UnidirectionalEdge{Electricity},new_capacity,0.0
Electricity,TX,TX_small_hydroelectric_1,TX_small_hydroelectric_1_elec_edge,MustRun,UnidirectionalEdge{Electricity},new_capacity,0.0
CO2,CA,CA_Solvent_wNGCC_DAC,CA_Solvent_wNGCC_DAC_co2_edge,NaturalGasDAC,UnidirectionalEdge{CO2},new_capacity,0.23985556557044585
CO2,NW,NW_Solvent_wNGCC_DAC,NW_Solvent_wNGCC_DAC_co2_edge,NaturalGasDAC,UnidirectionalEdge{CO2},new_capacity,0.3272795757513984
CO2,SW,SW_Solvent_wNGCC_DAC,SW_Solvent_wNGCC_DAC_co2_edge,NaturalGasDAC,UnidirectionalEdge{CO2},new_capacity,0.27499300784811637
CO2,TX,TX_Solvent_wNGCC_DAC,TX_Solvent_wNGCC_DAC_co2_edge,NaturalGasDAC,UnidirectionalEdge{CO2},new_capacity,0.2558347276402679
CO2,NCEN,NCEN_Solvent_wNGCC_DAC,NCEN_Solvent_wNGCC_DAC_co2_edge,NaturalGasDAC,UnidirectionalEdge{CO2},new_capacity,0.20522382901720754
CO2,CEN,CEN_Solvent_wNGCC_DAC,CEN_Solvent_wNGCC_DAC_co2_edge,NaturalGasDAC,UnidirectionalEdge{CO2},new_capacity,0.27436111360960064
CO2,SE,SE_Solvent_wNGCC_DAC,SE_Solvent_wNGCC_DAC_co2_edge,NaturalGasDAC,UnidirectionalEdge{CO2},new_capacity,0.1932312501512427
CO2,MIDAT,MIDAT_Solvent_wNGCC_DAC,MIDAT_Solvent_wNGCC_DAC_co2_edge,NaturalGasDAC,UnidirectionalEdge{CO2},new_capacity,0.18307803423684238
CO2,NE,NE_Solvent_wNGCC_DAC,NE_Solvent_wNGCC_DAC_co2_edge,NaturalGasDAC,UnidirectionalEdge{CO2},new_capacity,0.1655824940518456
CO2,CA,CA_Sorbent_wNGCC_DAC,CA_Sorbent_wNGCC_DAC_co2_edge,NaturalGasDAC,UnidirectionalEdge{CO2},new_capacity,0.05359266893520477
CO2,NW,NW_Sorbent_wNGCC_DAC,NW_Sorbent_wNGCC_DAC_co2_edge,NaturalGasDAC,UnidirectionalEdge{CO2},new_capacity,0.0540595959696778
CO2,SW,SW_Sorbent_wNGCC_DAC,SW_Sorbent_wNGCC_DAC_co2_edge,NaturalGasDAC,UnidirectionalEdge{CO2},new_capacity,0.054127001238956717
CO2,TX,TX_Sorbent_wNGCC_DAC,TX_Sorbent_wNGCC_DAC_co2_edge,NaturalGasDAC,UnidirectionalEdge{CO2},new_capacity,0.05519493211319132
CO2,NCEN,NCEN_Sorbent_wNGCC_DAC,NCEN_Sorbent_wNGCC_DAC_co2_edge,NaturalGasDAC,UnidirectionalEdge{CO2},new_capacity,0.053124136643646555
CO2,CEN,CEN_Sorbent_wNGCC_DAC,CEN_Sorbent_wNGCC_DAC_co2_edge,NaturalGasDAC,UnidirectionalEdge{CO2},new_capacity,0.054566530003997096
CO2,SE,SE_Sorbent_wNGCC_DAC,SE_Sorbent_wNGCC_DAC_co2_edge,NaturalGasDAC,UnidirectionalEdge{CO2},new_capacity,0.05267435491959923
CO2,MIDAT,MIDAT_Sorbent_wNGCC_DAC,MIDAT_Sorbent_wNGCC_DAC_co2_edge,NaturalGasDAC,UnidirectionalEdge{CO2},new_capacity,0.05224899374813717
CO2,NE,NE_Sorbent_wNGCC_DAC,NE_Sorbent_wNGCC_DAC_co2_edge,NaturalGasDAC,UnidirectionalEdge{CO2},new_capacity,0.0511218375252159
Hydrogen,CA,CA_ATR_wCCS_94pct,CA_ATR_wCCS_94pct_h2_edge,ThermalHydrogenCCS{NaturalGas},EdgeWithUC{Hydrogen},new_capacity,7.295115285134393
Hydrogen,NW,NW_ATR_wCCS_94pct,NW_ATR_wCCS_94pct_h2_edge,ThermalHydrogenCCS{NaturalGas},EdgeWithUC{Hydrogen},new_capacity,5.836313516100756
Hydrogen,SW,SW_ATR_wCCS_94pct,SW_ATR_wCCS_94pct_h2_edge,ThermalHydrogenCCS{NaturalGas},EdgeWithUC{Hydrogen},new_capacity,9.77346045665499
Hydrogen,TX,TX_ATR_wCCS_94pct,TX_ATR_wCCS_94pct_h2_edge,ThermalHydrogenCCS{NaturalGas},EdgeWithUC{Hydrogen},new_capacity,19.906684318022435
Hydrogen,NCEN,NCEN_ATR_wCCS_94pct,NCEN_ATR_wCCS_94pct_h2_edge,ThermalHydrogenCCS{NaturalGas},EdgeWithUC{Hydrogen},new_capacity,7.59801269637957
Hydrogen,CEN,CEN_ATR_wCCS_94pct,CEN_ATR_wCCS_94pct_h2_edge,ThermalHydrogenCCS{NaturalGas},EdgeWithUC{Hydrogen},new_capacity,7.952891467995904
Hydrogen,SE,SE_ATR_wCCS_94pct,SE_ATR_wCCS_94pct_h2_edge,ThermalHydrogenCCS{NaturalGas},EdgeWithUC{Hydrogen},new_capacity,7.651859320175681
Hydrogen,MIDAT,MIDAT_ATR_wCCS_94pct,MIDAT_ATR_wCCS_94pct_h2_edge,ThermalHydrogenCCS{NaturalGas},EdgeWithUC{Hydrogen},new_capacity,6.983070658072908
Hydrogen,NE,NE_ATR_wCCS_94pct,NE_ATR_wCCS_94pct_h2_edge,ThermalHydrogenCCS{NaturalGas},EdgeWithUC{Hydrogen},new_capacity,5.310680601221142
Hydrogen,CA,CA_Large_SMR_wCCS_96pct,CA_Large_SMR_wCCS_96pct_h2_edge,ThermalHydrogenCCS{NaturalGas},EdgeWithUC{Hydrogen},new_capacity,5.847306362665061
Hydrogen,NW,NW_Large_SMR_wCCS_96pct,NW_Large_SMR_wCCS_96pct_h2_edge,ThermalHydrogenCCS{NaturalGas},EdgeWithUC{Hydrogen},new_capacity,4.975341412528993
Hydrogen,SW,SW_Large_SMR_wCCS_96pct,SW_Large_SMR_wCCS_96pct_h2_edge,ThermalHydrogenCCS{NaturalGas},EdgeWithUC{Hydrogen},new_capacity,7.308015307959468
Hydrogen,TX,TX_Large_SMR_wCCS_96pct,TX_Large_SMR_wCCS_96pct_h2_edge,ThermalHydrogenCCS{NaturalGas},EdgeWithUC{Hydrogen},new_capacity,11.379251425896213
Hydrogen,NCEN,NCEN_Large_SMR_wCCS_96pct,NCEN_Large_SMR_wCCS_96pct_h2_edge,ThermalHydrogenCCS{NaturalGas},EdgeWithUC{Hydrogen},new_capacity,6.1090684611232895
Hydrogen,CEN,CEN_Large_SMR_wCCS_96pct,CEN_Large_SMR_wCCS_96pct_h2_edge,ThermalHydrogenCCS{NaturalGas},EdgeWithUC{Hydrogen},new_capacity,6.446284839844721
Hydrogen,SE,SE_Large_SMR_wCCS_96pct,SE_Large_SMR_wCCS_96pct_h2_edge,ThermalHydrogenCCS{NaturalGas},EdgeWithUC{Hydrogen},new_capacity,6.088090990267638
Hydrogen,MIDAT,MIDAT_Large_SMR_wCCS_96pct,MIDAT_Large_SMR_wCCS_96pct_h2_edge,ThermalHydrogenCCS{NaturalGas},EdgeWithUC{Hydrogen},new_capacity,5.6493544101487645
Hydrogen,NE,NE_Large_SMR_wCCS_96pct,NE_Large_SMR_wCCS_96pct_h2_edge,ThermalHydrogenCCS{NaturalGas},EdgeWithUC{Hydrogen},new_capacity,4.512575313954137
Electricity,CA,CA_natural_gas_fired_combined_cycle_1,CA_natural_gas_fired_combined_cycle_1_elec_edge,ThermalPower{NaturalGas},EdgeWithUC{Electricity},new_capacity,0.0
Electricity,CA,CA_natural_gas_fired_combined_cycle_2,CA_natural_gas_fired_combined_cycle_2_elec_edge,ThermalPower{NaturalGas},EdgeWithUC{Electricity},new_capacity,0.0
Electricity,CA,CA_natural_gas_fired_combined_cycle_3,CA_natural_gas_fired_combined_cycle_3_elec_edge,ThermalPower{NaturalGas},EdgeWithUC{Electricity},new_capacity,0.0
Electricity,CA,CA_natural_gas_fired_combined_cycle_4,CA_natural_gas_fired_combined_cycle_4_elec_edge,ThermalPower{NaturalGas},EdgeWithUC{Electricity},new_capacity,0.0
Electricity,CA,CA_natural_gas_fired_combustion_turbine_1,CA_natural_gas_fired_combustion_turbine_1_elec_edge,ThermalPower{NaturalGas},EdgeWithUC{Electricity},new_capacity,0.0
Electricity,CA,CA_natural_gas_fired_combustion_turbine_2,CA_natural_gas_fired_combustion_turbine_2_elec_edge,ThermalPower{NaturalGas},EdgeWithUC{Electricity},new_capacity,0.0
Electricity,CEN,CEN_natural_gas_fired_combined_cycle_1,CEN_natural_gas_fired_combined_cycle_1_elec_edge,ThermalPower{NaturalGas},EdgeWithUC{Electricity},new_capacity,0.0
Electricity,CEN,CEN_natural_gas_fired_combined_cycle_2,CEN_natural_gas_fired_combined_cycle_2_elec_edge,ThermalPower{NaturalGas},EdgeWithUC{Electricity},new_capacity,0.0
Electricity,CEN,CEN_natural_gas_fired_combined_cycle_3,CEN_natural_gas_fired_combined_cycle_3_elec_edge,ThermalPower{NaturalGas},EdgeWithUC{Electricity},new_capacity,0.0
Electricity,CEN,CEN_natural_gas_fired_combustion_turbine_1,CEN_natural_gas_fired_combustion_turbine_1_elec_edge,ThermalPower{NaturalGas},EdgeWithUC{Electricity},new_capacity,0.0
Electricity,CEN,CEN_natural_gas_fired_combustion_turbine_2,CEN_natural_gas_fired_combustion_turbine_2_elec_edge,ThermalPower{NaturalGas},EdgeWithUC{Electricity},new_capacity,0.0
Electricity,MIDAT,MIDAT_natural_gas_fired_combined_cycle_1,MIDAT_natural_gas_fired_combined_cycle_1_elec_edge,ThermalPower{NaturalGas},EdgeWithUC{Electricity},new_capacity,0.0
Electricity,MIDAT,MIDAT_natural_gas_fired_combined_cycle_2,MIDAT_natural_gas_fired_combined_cycle_2_elec_edge,ThermalPower{NaturalGas},EdgeWithUC{Electricity},new_capacity,0.0
Electricity,MIDAT,MIDAT_natural_gas_fired_combined_cycle_3,MIDAT_natural_gas_fired_combined_cycle_3_elec_edge,ThermalPower{NaturalGas},EdgeWithUC{Electricity},new_capacity,0.0
Electricity,MIDAT,MIDAT_natural_gas_fired_combined_cycle_4,MIDAT_natural_gas_fired_combined_cycle_4_elec_edge,ThermalPower{NaturalGas},EdgeWithUC{Electricity},new_capacity,0.0
Electricity,MIDAT,MIDAT_natural_gas_fired_combustion_turbine_1,MIDAT_natural_gas_fired_combustion_turbine_1_elec_edge,ThermalPower{NaturalGas},EdgeWithUC{Electricity},new_capacity,0.0
Electricity,MIDAT,MIDAT_natural_gas_fired_combustion_turbine_2,MIDAT_natural_gas_fired_combustion_turbine_2_elec_edge,ThermalPower{NaturalGas},EdgeWithUC{Electricity},new_capacity,0.0
Electricity,NE,NE_natural_gas_fired_combined_cycle_1,NE_natural_gas_fired_combined_cycle_1_elec_edge,ThermalPower{NaturalGas},EdgeWithUC{Electricity},new_capacity,0.0
Electricity,NE,NE_natural_gas_fired_combined_cycle_2,NE_natural_gas_fired_combined_cycle_2_elec_edge,ThermalPower{NaturalGas},EdgeWithUC{Electricity},new_capacity,0.0
Electricity,NE,NE_natural_gas_fired_combined_cycle_3,NE_natural_gas_fired_combined_cycle_3_elec_edge,ThermalPower{NaturalGas},EdgeWithUC{Electricity},new_capacity,0.0
Electricity,NE,NE_natural_gas_fired_combustion_turbine_1,NE_natural_gas_fired_combustion_turbine_1_elec_edge,ThermalPower{NaturalGas},EdgeWithUC{Electricity},new_capacity,0.0
Electricity,NE,NE_natural_gas_fired_combustion_turbine_2,NE_natural_gas_fired_combustion_turbine_2_elec_edge,ThermalPower{NaturalGas},EdgeWithUC{Electricity},new_capacity,0.0
Electricity,NW,NW_natural_gas_fired_combined_cycle_1,NW_natural_gas_fired_combined_cycle_1_elec_edge,ThermalPower{NaturalGas},EdgeWithUC{Electricity},new_capacity,0.0
Electricity,NW,NW_natural_gas_fired_combined_cycle_2,NW_natural_gas_fired_combined_cycle_2_elec_edge,ThermalPower{NaturalGas},EdgeWithUC{Electricity},new_capacity,0.0
Electricity,NW,NW_natural_gas_fired_combined_cycle_3,NW_natural_gas_fired_combined_cycle_3_elec_edge,ThermalPower{NaturalGas},EdgeWithUC{Electricity},new_capacity,0.0
Electricity,NW,NW_natural_gas_fired_combined_cycle_4,NW_natural_gas_fired_combined_cycle_4_elec_edge,ThermalPower{NaturalGas},EdgeWithUC{Electricity},new_capacity,0.0
Electricity,NW,NW_natural_gas_fired_combustion_turbine_1,NW_natural_gas_fired_combustion_turbine_1_elec_edge,ThermalPower{NaturalGas},EdgeWithUC{Electricity},new_capacity,0.0
Electricity,NW,NW_natural_gas_fired_combustion_turbine_2,NW_natural_gas_fired_combustion_turbine_2_elec_edge,ThermalPower{NaturalGas},EdgeWithUC{Electricity},new_capacity,0.0
Electricity,NCEN,NCEN_natural_gas_fired_combined_cycle_1,NCEN_natural_gas_fired_combined_cycle_1_elec_edge,ThermalPower{NaturalGas},EdgeWithUC{Electricity},new_capacity,0.0
Electricity,NCEN,NCEN_natural_gas_fired_combined_cycle_2,NCEN_natural_gas_fired_combined_cycle_2_elec_edge,ThermalPower{NaturalGas},EdgeWithUC{Electricity},new_capacity,0.0
Electricity,NCEN,NCEN_natural_gas_fired_combined_cycle_3,NCEN_natural_gas_fired_combined_cycle_3_elec_edge,ThermalPower{NaturalGas},EdgeWithUC{Electricity},new_capacity,0.0
Electricity,NCEN,NCEN_natural_gas_fired_combined_cycle_4,NCEN_natural_gas_fired_combined_cycle_4_elec_edge,ThermalPower{NaturalGas},EdgeWithUC{Electricity},new_capacity,0.0
Electricity,NCEN,NCEN_natural_gas_fired_combustion_turbine_1,NCEN_natural_gas_fired_combustion_turbine_1_elec_edge,ThermalPower{NaturalGas},EdgeWithUC{Electricity},new_capacity,0.0
Electricity,NCEN,NCEN_natural_gas_fired_combustion_turbine_2,NCEN_natural_gas_fired_combustion_turbine_2_elec_edge,ThermalPower{NaturalGas},EdgeWithUC{Electricity},new_capacity,0.0
Electricity,SE,SE_natural_gas_fired_combined_cycle_1,SE_natural_gas_fired_combined_cycle_1_elec_edge,ThermalPower{NaturalGas},EdgeWithUC{Electricity},new_capacity,0.0
Electricity,SE,SE_natural_gas_fired_combined_cycle_2,SE_natural_gas_fired_combined_cycle_2_elec_edge,ThermalPower{NaturalGas},EdgeWithUC{Electricity},new_capacity,0.0
Electricity,SE,SE_natural_gas_fired_combined_cycle_3,SE_natural_gas_fired_combined_cycle_3_elec_edge,ThermalPower{NaturalGas},EdgeWithUC{Electricity},new_capacity,0.0
Electricity,SE,SE_natural_gas_fired_combined_cycle_4,SE_natural_gas_fired_combined_cycle_4_elec_edge,ThermalPower{NaturalGas},EdgeWithUC{Electricity},new_capacity,0.0
Electricity,SE,SE_natural_gas_fired_combustion_turbine_1,SE_natural_gas_fired_combustion_turbine_1_elec_edge,ThermalPower{NaturalGas},EdgeWithUC{Electricity},new_capacity,0.0
Electricity,SE,SE_natural_gas_fired_combustion_turbine_2,SE_natural_gas_fired_combustion_turbine_2_elec_edge,ThermalPower{NaturalGas},EdgeWithUC{Electricity},new_capacity,0.0
Electricity,SW,SW_natural_gas_fired_combined_cycle_1,SW_natural_gas_fired_combined_cycle_1_elec_edge,ThermalPower{NaturalGas},EdgeWithUC{Electricity},new_capacity,0.0
Electricity,SW,SW_natural_gas_fired_combined_cycle_2,SW_natural_gas_fired_combined_cycle_2_elec_edge,ThermalPower{NaturalGas},EdgeWithUC{Electricity},new_capacity,0.0
Electricity,SW,SW_natural_gas_fired_combined_cycle_3,SW_natural_gas_fired_combined_cycle_3_elec_edge,ThermalPower{NaturalGas},EdgeWithUC{Electricity},new_capacity,0.0
Electricity,SW,SW_natural_gas_fired_combustion_turbine_1,SW_natural_gas_fired_combustion_turbine_1_elec_edge,ThermalPower{NaturalGas},EdgeWithUC{Electricity},new_capacity,0.0
Electricity,SW,SW_natural_gas_fired_combustion_turbine_2,SW_natural_gas_fired_combustion_turbine_2_elec_edge,ThermalPower{NaturalGas},EdgeWithUC{Electricity},new_capacity,0.0
Electricity,TX,TX_natural_gas_fired_combined_cycle_1,TX_natural_gas_fired_combined_cycle_1_elec_edge,ThermalPower{NaturalGas},EdgeWithUC{Electricity},new_capacity,0.0
Electricity,TX,TX_natural_gas_fired_combined_cycle_2,TX_natural_gas_fired_combined_cycle_2_elec_edge,ThermalPower{NaturalGas},EdgeWithUC{Electricity},new_capacity,0.0
Electricity,TX,TX_natural_gas_fired_combined_cycle_3,TX_natural_gas_fired_combined_cycle_3_elec_edge,ThermalPower{NaturalGas},EdgeWithUC{Electricity},new_capacity,0.0
Electricity,TX,TX_natural_gas_fired_combined_cycle_4,TX_natural_gas_fired_combined_cycle_4_elec_edge,ThermalPower{NaturalGas},EdgeWithUC{Electricity},new_capacity,0.0
Electricity,TX,TX_natural_gas_fired_combustion_turbine_1,TX_natural_gas_fired_combustion_turbine_1_elec_edge,ThermalPower{NaturalGas},EdgeWithUC{Electricity},new_capacity,0.0
Electricity,TX,TX_natural_gas_fired_combustion_turbine_2,TX_natural_gas_fired_combustion_turbine_2_elec_edge,ThermalPower{NaturalGas},EdgeWithUC{Electricity},new_capacity,0.0
Electricity,CA,CA_naturalgas_ccavgcf_moderate_0,CA_naturalgas_ccavgcf_moderate_0_elec_edge,ThermalPower{NaturalGas},EdgeWithUC{Electricity},new_capacity,3.1204019593178356
Electricity,CA,CA_naturalgas_ctavgcf_moderate_0,CA_naturalgas_ctavgcf_moderate_0_elec_edge,ThermalPower{NaturalGas},EdgeWithUC{Electricity},new_capacity,2.284199963800463
Electricity,NW,NW_naturalgas_ccavgcf_moderate_0,NW_naturalgas_ccavgcf_moderate_0_elec_edge,ThermalPower{NaturalGas},EdgeWithUC{Electricity},new_capacity,3.6236418403468695
Electricity,NW,NW_naturalgas_ctavgcf_moderate_0,NW_naturalgas_ctavgcf_moderate_0_elec_edge,ThermalPower{NaturalGas},EdgeWithUC{Electricity},new_capacity,2.55079009520981
Electricity,SW,SW_naturalgas_ccavgcf_moderate_0,SW_naturalgas_ccavgcf_moderate_0_elec_edge,ThermalPower{NaturalGas},EdgeWithUC{Electricity},new_capacity,4.041826086743371
Electricity,SW,SW_naturalgas_ctavgcf_moderate_0,SW_naturalgas_ctavgcf_moderate_0_elec_edge,ThermalPower{NaturalGas},EdgeWithUC{Electricity},new_capacity,2.840894097910615
Electricity,TX,TX_naturalgas_ccavgcf_moderate_0,TX_naturalgas_ccavgcf_moderate_0_elec_edge,ThermalPower{NaturalGas},EdgeWithUC{Electricity},new_capacity,4.57540689130026
Electricity,TX,TX_naturalgas_ctavgcf_moderate_0,TX_naturalgas_ctavgcf_moderate_0_elec_edge,ThermalPower{NaturalGas},EdgeWithUC{Electricity},new_capacity,2.987028572254885
Electricity,NCEN,NCEN_naturalgas_ccavgcf_moderate_0,NCEN_naturalgas_ccavgcf_moderate_0_elec_edge,ThermalPower{NaturalGas},EdgeWithUC{Electricity},new_capacity,3.767623320874805
Electricity,NCEN,NCEN_naturalgas_ctavgcf_moderate_0,NCEN_naturalgas_ctavgcf_moderate_0_elec_edge,ThermalPower{NaturalGas},EdgeWithUC{Electricity},new_capacity,2.5404213928499924
Electricity,CEN,CEN_naturalgas_ccavgcf_moderate_0,CEN_naturalgas_ccavgcf_moderate_0_elec_edge,ThermalPower{NaturalGas},EdgeWithUC{Electricity},new_capacity,4.441259984964214
Electricity,CEN,CEN_naturalgas_ctavgcf_moderate_0,CEN_naturalgas_ctavgcf_moderate_0_elec_edge,ThermalPower{NaturalGas},EdgeWithUC{Electricity},new_capacity,2.913685551625445
Electricity,SE,SE_naturalgas_ccavgcf_moderate_0,SE_naturalgas_ccavgcf_moderate_0_elec_edge,ThermalPower{NaturalGas},EdgeWithUC{Electricity},new_capacity,4.022403952365864
Electricity,SE,SE_naturalgas_ctavgcf_moderate_0,SE_naturalgas_ctavgcf_moderate_0_elec_edge,ThermalPower{NaturalGas},EdgeWithUC{Electricity},new_capacity,2.7500906380584462
Electricity,MIDAT,MIDAT_naturalgas_ccavgcf_moderate_0,MIDAT_naturalgas_ccavgcf_moderate_0_elec_edge,ThermalPower{NaturalGas},EdgeWithUC{Electricity},new_capacity,3.692952796904294
Electricity,MIDAT,MIDAT_naturalgas_ctavgcf_moderate_0,MIDAT_naturalgas_ctavgcf_moderate_0_elec_edge,ThermalPower{NaturalGas},EdgeWithUC{Electricity},new_capacity,2.5890069855646285
Electricity,NE,NE_naturalgas_ccavgcf_moderate_0,NE_naturalgas_ccavgcf_moderate_0_elec_edge,ThermalPower{NaturalGas},EdgeWithUC{Electricity},new_capacity,3.1826488490023386
Electricity,NE,NE_naturalgas_ctavgcf_moderate_0,NE_naturalgas_ctavgcf_moderate_0_elec_edge,ThermalPower{NaturalGas},EdgeWithUC{Electricity},new_capacity,2.274608758822728
Electricity,CA,CA_naturalgas_ccccsavgcf_conservative_0,CA_naturalgas_ccccsavgcf_conservative_0_elec_edge,ThermalPowerCCS{NaturalGas},EdgeWithUC{Electricity},new_capacity,2.493717968840529
Electricity,NW,NW_naturalgas_ccccsavgcf_conservative_0,NW_naturalgas_ccccsavgcf_conservative_0_elec_edge,ThermalPowerCCS{NaturalGas},EdgeWithUC{Electricity},new_capacity,2.6274266379637727
Electricity,SW,SW_naturalgas_ccccsavgcf_conservative_0,SW_naturalgas_ccccsavgcf_conservative_0_elec_edge,ThermalPowerCCS{NaturalGas},EdgeWithUC{Electricity},new_capacity,3.014688479313081
Electricity,TX,TX_naturalgas_ccccsavgcf_conservative_0,TX_naturalgas_ccccsavgcf_conservative_0_elec_edge,ThermalPowerCCS{NaturalGas},EdgeWithUC{Electricity},new_capacity,3.461341055857275
Electricity,NCEN,NCEN_naturalgas_ccccsavgcf_conservative_0,NCEN_naturalgas_ccccsavgcf_conservative_0_elec_edge,ThermalPowerCCS{NaturalGas},EdgeWithUC{Electricity},new_capacity,2.7117159747780595
Electricity,CEN,CEN_naturalgas_ccccsavgcf_conservative_0,CEN_naturalgas_ccccsavgcf_conservative_0_elec_edge,ThermalPowerCCS{NaturalGas},EdgeWithUC{Electricity},new_capacity,3.1435669386995193
Electricity,SE,SE_naturalgas_ccccsavgcf_conservative_0,SE_naturalgas_ccccsavgcf_conservative_0_elec_edge,ThermalPowerCCS{NaturalGas},EdgeWithUC{Electricity},new_capacity,2.703806485540861
Electricity,MIDAT,MIDAT_naturalgas_ccccsavgcf_conservative_0,MIDAT_naturalgas_ccccsavgcf_conservative_0_elec_edge,ThermalPowerCCS{NaturalGas},EdgeWithUC{Electricity},new_capacity,2.5733780166883413
Electricity,NE,NE_naturalgas_ccccsavgcf_conservative_0,NE_naturalgas_ccccsavgcf_conservative_0_elec_edge,ThermalPowerCCS{NaturalGas},EdgeWithUC{Electricity},new_capacity,2.2609414254572338
Electricity,CA,CA_offshorewind_class10_moderate_floating_1_1,CA_offshorewind_class10_moderate_floating_1_1_edge,VRE,UnidirectionalEdge{Electricity},new_capacity,2.9124211515098484
Electricity,NW,NW_offshorewind_class10_moderate_floating_1_1,NW_offshorewind_class10_moderate_floating_1_1_edge,VRE,UnidirectionalEdge{Electricity},new_capacity,2.5658301691617535
Electricity,NE,NE_offshorewind_class10_moderate_floating_1_1,NE_offshorewind_class10_moderate_floating_1_1_edge,VRE,UnidirectionalEdge{Electricity},new_capacity,3.592211000709258
Electricity,CA,CA_utilitypv_class1_moderate_70_0_2_1,CA_utilitypv_class1_moderate_70_0_2_1_edge,VRE,UnidirectionalEdge{Electricity},new_capacity,5.781572202158256
Electricity,CA,CA_utilitypv_class1_moderate_70_0_2_2,CA_utilitypv_class1_moderate_70_0_2_2_edge,VRE,UnidirectionalEdge{Electricity},new_capacity,3.9426480042142114
Electricity,CA,CA_utilitypv_class1_moderate_70_0_2_3,CA_utilitypv_class1_moderate_70_0_2_3_edge,VRE,UnidirectionalEdge{Electricity},new_capacity,2.407332452635165
Electricity,NW,NW_utilitypv_class1_moderate_70_0_2_1,NW_utilitypv_class1_moderate_70_0_2_1_edge,VRE,UnidirectionalEdge{Electricity},new_capacity,1.3556044352079024
Electricity,NW,NW_utilitypv_class1_moderate_70_0_2_2,NW_utilitypv_class1_moderate_70_0_2_2_edge,VRE,UnidirectionalEdge{Electricity},new_capacity,1.0415676931771154
Electricity,NW,NW_utilitypv_class1_moderate_70_0_2_3,NW_utilitypv_class1_moderate_70_0_2_3_edge,VRE,UnidirectionalEdge{Electricity},new_capacity,1.7024136162722243
Electricity,NW,NW_utilitypv_class1_moderate_70_0_2_4,NW_utilitypv_class1_moderate_70_0_2_4_edge,VRE,UnidirectionalEdge{Electricity},new_capacity,1.2673058867076363
Electricity,SW,SW_utilitypv_class1_moderate_70_0_2_1,SW_utilitypv_class1_moderate_70_0_2_1_edge,VRE,UnidirectionalEdge{Electricity},new_capacity,51441.164080967275
Electricity,SW,SW_utilitypv_class1_moderate_70_0_2_2,SW_utilitypv_class1_moderate_70_0_2_2_edge,VRE,UnidirectionalEdge{Electricity},new_capacity,3.824607047799692
Electricity,SW,SW_utilitypv_class1_moderate_70_0_2_3,SW_utilitypv_class1_moderate_70_0_2_3_edge,VRE,UnidirectionalEdge{Electricity},new_capacity,12.9096496259473
Electricity,SW,SW_utilitypv_class1_moderate_70_0_2_4,SW_utilitypv_class1_moderate_70_0_2_4_edge,VRE,UnidirectionalEdge{Electricity},new_capacity,3.6391247955141277
Electricity,SW,SW_utilitypv_class1_moderate_70_0_2_5,SW_utilitypv_class1_moderate_70_0_2_5_edge,VRE,UnidirectionalEdge{Electricity},new_capacity,4.2173090461169105
Electricity,TX,TX_utilitypv_class1_moderate_70_0_2_1,TX_utilitypv_class1_moderate_70_0_2_1_edge,VRE,UnidirectionalEdge{Electricity},new_capacity,49133.61513161626
Electricity,TX,TX_utilitypv_class1_moderate_70_0_2_2,TX_utilitypv_class1_moderate_70_0_2_2_edge,VRE,UnidirectionalEdge{Electricity},new_capacity,7.534187332510086
Electricity,TX,TX_utilitypv_class1_moderate_70_0_2_3,TX_utilitypv_class1_moderate_70_0_2_3_edge,VRE,UnidirectionalEdge{Electricity},new_capacity,3.3468341666014743
Electricity,NCEN,NCEN_utilitypv_class1_moderate_70_0_2_1,NCEN_utilitypv_class1_moderate_70_0_2_1_edge,VRE,UnidirectionalEdge{Electricity},new_capacity,2.3764778372871316
Electricity,NCEN,NCEN_utilitypv_class1_moderate_70_0_2_2,NCEN_utilitypv_class1_moderate_70_0_2_2_edge,VRE,UnidirectionalEdge{Electricity},new_capacity,1.9339919639030547
Electricity,NCEN,NCEN_utilitypv_class1_moderate_70_0_2_3,NCEN_utilitypv_class1_moderate_70_0_2_3_edge,VRE,UnidirectionalEdge{Electricity},new_capacity,2.7032429115075978
Electricity,NCEN,NCEN_utilitypv_class1_moderate_70_0_2_4,NCEN_utilitypv_class1_moderate_70_0_2_4_edge,VRE,UnidirectionalEdge{Electricity},new_capacity,1.5040074574530171
Electricity,NCEN,NCEN_utilitypv_class1_moderate_70_0_2_5,NCEN_utilitypv_class1_moderate_70_0_2_5_edge,VRE,UnidirectionalEdge{Electricity},new_capacity,1.6479926999034866
Electricity,NCEN,NCEN_utilitypv_class1_moderate_70_0_2_6,NCEN_utilitypv_class1_moderate_70_0_2_6_edge,VRE,UnidirectionalEdge{Electricity},new_capacity,1.4076057526427743
Electricity,NCEN,NCEN_utilitypv_class1_moderate_70_0_2_7,NCEN_utilitypv_class1_moderate_70_0_2_7_edge,VRE,UnidirectionalEdge{Electricity},new_capacity,1.7351469575572585
Electricity,CEN,CEN_utilitypv_class1_moderate_70_0_2_1,CEN_utilitypv_class1_moderate_70_0_2_1_edge,VRE,UnidirectionalEdge{Electricity},new_capacity,4.52952877806601
Electricity,CEN,CEN_utilitypv_class1_moderate_70_0_2_2,CEN_utilitypv_class1_moderate_70_0_2_2_edge,VRE,UnidirectionalEdge{Electricity},new_capacity,22.926756502775785
Electricity,CEN,CEN_utilitypv_class1_moderate_70_0_2_3,CEN_utilitypv_class1_moderate_70_0_2_3_edge,VRE,UnidirectionalEdge{Electricity},new_capacity,3.6568515358087326
Electricity,CEN,CEN_utilitypv_class1_moderate_70_0_2_4,CEN_utilitypv_class1_moderate_70_0_2_4_edge,VRE,UnidirectionalEdge{Electricity},new_capacity,25970.95022620767
Electricity,CEN,CEN_utilitypv_class1_moderate_70_0_2_5,CEN_utilitypv_class1_moderate_70_0_2_5_edge,VRE,UnidirectionalEdge{Electricity},new_capacity,1.7522850008704804
Electricity,SE,SE_utilitypv_class1_moderate_70_0_2_1,SE_utilitypv_class1_moderate_70_0_2_1_edge,VRE,UnidirectionalEdge{Electricity},new_capacity,7.959647056050928
Electricity,SE,SE_utilitypv_class1_moderate_70_0_2_2,SE_utilitypv_class1_moderate_70_0_2_2_edge,VRE,UnidirectionalEdge{Electricity},new_capacity,180397.47227656143
Electricity,SE,SE_utilitypv_class1_moderate_70_0_2_3,SE_utilitypv_class1_moderate_70_0_2_3_edge,VRE,UnidirectionalEdge{Electricity},new_capacity,7.056749649553465
Electricity,SE,SE_utilitypv_class1_moderate_70_0_2_4,SE_utilitypv_class1_moderate_70_0_2_4_edge,VRE,UnidirectionalEdge{Electricity},new_capacity,1.8707937421531102
Electricity,SE,SE_utilitypv_class1_moderate_70_0_2_5,SE_utilitypv_class1_moderate_70_0_2_5_edge,VRE,UnidirectionalEdge{Electricity},new_capacity,6.159572093892452
Electricity,SE,SE_utilitypv_class1_moderate_70_0_2_6,SE_utilitypv_class1_moderate_70_0_2_6_edge,VRE,UnidirectionalEdge{Electricity},new_capacity,2.930096173865422
Electricity,SE,SE_utilitypv_class1_moderate_70_0_2_7,SE_utilitypv_class1_moderate_70_0_2_7_edge,VRE,UnidirectionalEdge{Electricity},new_capacity,6.712747817632005
Electricity,SE,SE_utilitypv_class1_moderate_70_0_2_8,SE_utilitypv_class1_moderate_70_0_2_8_edge,VRE,UnidirectionalEdge{Electricity},new_capacity,4.034368516463253
Electricity,MIDAT,MIDAT_utilitypv_class1_moderate_70_0_2_1,MIDAT_utilitypv_class1_moderate_70_0_2_1_edge,VRE,UnidirectionalEdge{Electricity},new_capacity,8.118379987045058
Electricity,MIDAT,MIDAT_utilitypv_class1_moderate_70_0_2_2,MIDAT_utilitypv_class1_moderate_70_0_2_2_edge,VRE,UnidirectionalEdge{Electricity},new_capacity,7.82391539374719
Electricity,MIDAT,MIDAT_utilitypv_class1_moderate_70_0_2_3,MIDAT_utilitypv_class1_moderate_70_0_2_3_edge,VRE,UnidirectionalEdge{Electricity},new_capacity,7.609202667044568
Electricity,MIDAT,MIDAT_utilitypv_class1_moderate_70_0_2_4,MIDAT_utilitypv_class1_moderate_70_0_2_4_edge,VRE,UnidirectionalEdge{Electricity},new_capacity,2.275672879089444
Electricity,MIDAT,MIDAT_utilitypv_class1_moderate_70_0_2_5,MIDAT_utilitypv_class1_moderate_70_0_2_5_edge,VRE,UnidirectionalEdge{Electricity},new_capacity,4.064953848356989
Electricity,MIDAT,MIDAT_utilitypv_class1_moderate_70_0_2_6,MIDAT_utilitypv_class1_moderate_70_0_2_6_edge,VRE,UnidirectionalEdge{Electricity},new_capacity,5.733525755986734
Electricity,MIDAT,MIDAT_utilitypv_class1_moderate_70_0_2_7,MIDAT_utilitypv_class1_moderate_70_0_2_7_edge,VRE,UnidirectionalEdge{Electricity},new_capacity,4.25924096822565
Electricity,NE,NE_utilitypv_class1_moderate_70_0_2_1,NE_utilitypv_class1_moderate_70_0_2_1_edge,VRE,UnidirectionalEdge{Electricity},new_capacity,11.332274560752639
Electricity,NE,NE_utilitypv_class1_moderate_70_0_2_2,NE_utilitypv_class1_moderate_70_0_2_2_edge,VRE,UnidirectionalEdge{Electricity},new_capacity,10.989067619873785
Electricity,NE,NE_utilitypv_class1_moderate_70_0_2_3,NE_utilitypv_class1_moderate_70_0_2_3_edge,VRE,UnidirectionalEdge{Electricity},new_capacity,4.6103495519291275
Electricity,NE,NE_utilitypv_class1_moderate_70_0_2_4,NE_utilitypv_class1_moderate_70_0_2_4_edge,VRE,UnidirectionalEdge{Electricity},new_capacity,15.576147122195653
Electricity,NE,NE_utilitypv_class1_moderate_70_0_2_5,NE_utilitypv_class1_moderate_70_0_2_5_edge,VRE,UnidirectionalEdge{Electricity},new_capacity,3.067567077815026
Electricity,NE,NE_utilitypv_class1_moderate_70_0_2_6,NE_utilitypv_class1_moderate_70_0_2_6_edge,VRE,UnidirectionalEdge{Electricity},new_capacity,11.600656040463035
Electricity,NE,NE_utilitypv_class1_moderate_70_0_2_7,NE_utilitypv_class1_moderate_70_0_2_7_edge,VRE,UnidirectionalEdge{Electricity},new_capacity,5.475003850698632
Electricity,CA,CA_landbasedwind_class4_moderate_70_1,CA_landbasedwind_class4_moderate_70_1_edge,VRE,UnidirectionalEdge{Electricity},new_capacity,2.0263982654438215
Electricity,CA,CA_landbasedwind_class4_moderate_70_2,CA_landbasedwind_class4_moderate_70_2_edge,VRE,UnidirectionalEdge{Electricity},new_capacity,2.505087889975981
Electricity,CA,CA_landbasedwind_class4_moderate_70_3,CA_landbasedwind_class4_moderate_70_3_edge,VRE,UnidirectionalEdge{Electricity},new_capacity,1.7169420526923698
Electricity,NW,NW_landbasedwind_class4_moderate_70_1,NW_landbasedwind_class4_moderate_70_1_edge,VRE,UnidirectionalEdge{Electricity},new_capacity,4.183559680907626
Electricity,NW,NW_landbasedwind_class4_moderate_70_2,NW_landbasedwind_class4_moderate_70_2_edge,VRE,UnidirectionalEdge{Electricity},new_capacity,79.05836633378641
Electricity,NW,NW_landbasedwind_class4_moderate_70_3,NW_landbasedwind_class4_moderate_70_3_edge,VRE,UnidirectionalEdge{Electricity},new_capacity,4.691630259832141
Electricity,NW,NW_landbasedwind_class4_moderate_70_4,NW_landbasedwind_class4_moderate_70_4_edge,VRE,UnidirectionalEdge{Electricity},new_capacity,5.969309641381569
Electricity,NW,NW_landbasedwind_class4_moderate_70_5,NW_landbasedwind_class4_moderate_70_5_edge,VRE,UnidirectionalEdge{Electricity},new_capacity,79860.117360118
Electricity,SW,SW_landbasedwind_class4_moderate_70_1,SW_landbasedwind_class4_moderate_70_1_edge,VRE,UnidirectionalEdge{Electricity},new_capacity,47.60393814536094
Electricity,SW,SW_landbasedwind_class4_moderate_70_2,SW_landbasedwind_class4_moderate_70_2_edge,VRE,UnidirectionalEdge{Electricity},new_capacity,11767.505913282937
Electricity,SW,SW_landbasedwind_class4_moderate_70_3,SW_landbasedwind_class4_moderate_70_3_edge,VRE,UnidirectionalEdge{Electricity},new_capacity,29.53215930423342
Electricity,SW,SW_landbasedwind_class4_moderate_70_4,SW_landbasedwind_class4_moderate_70_4_edge,VRE,UnidirectionalEdge{Electricity},new_capacity,5.327058230855044
Electricity,SW,SW_landbasedwind_class4_moderate_70_5,SW_landbasedwind_class4_moderate_70_5_edge,VRE,UnidirectionalEdge{Electricity},new_capacity,7.2296897765461905
Electricity,TX,TX_landbasedwind_class4_moderate_70_1,TX_landbasedwind_class4_moderate_70_1_edge,VRE,UnidirectionalEdge{Electricity},new_capacity,13558.440474040799
Electricity,TX,TX_landbasedwind_class4_moderate_70_2,TX_landbasedwind_class4_moderate_70_2_edge,VRE,UnidirectionalEdge{Electricity},new_capacity,12.225104586204722
Electricity,TX,TX_landbasedwind_class4_moderate_70_3,TX_landbasedwind_class4_moderate_70_3_edge,VRE,UnidirectionalEdge{Electricity},new_capacity,5.426168830843921
Electricity,NCEN,NCEN_landbasedwind_class4_moderate_70_1,NCEN_landbasedwind_class4_moderate_70_1_edge,VRE,UnidirectionalEdge{Electricity},new_capacity,20.511743232462123
Electricity,NCEN,NCEN_landbasedwind_class4_moderate_70_2,NCEN_landbasedwind_class4_moderate_70_2_edge,VRE,UnidirectionalEdge{Electricity},new_capacity,5.575866022122603
Electricity,NCEN,NCEN_landbasedwind_class4_moderate_70_3,NCEN_landbasedwind_class4_moderate_70_3_edge,VRE,UnidirectionalEdge{Electricity},new_capacity,14.480754214651114
Electricity,NCEN,NCEN_landbasedwind_class4_moderate_70_4,NCEN_landbasedwind_class4_moderate_70_4_edge,VRE,UnidirectionalEdge{Electricity},new_capacity,24.851965732273595
Electricity,NCEN,NCEN_landbasedwind_class4_moderate_70_5,NCEN_landbasedwind_class4_moderate_70_5_edge,VRE,UnidirectionalEdge{Electricity},new_capacity,77100.23376735397
Electricity,NCEN,NCEN_landbasedwind_class4_moderate_70_6,NCEN_landbasedwind_class4_moderate_70_6_edge,VRE,UnidirectionalEdge{Electricity},new_capacity,124489.78231547734
Electricity,NCEN,NCEN_landbasedwind_class4_moderate_70_7,NCEN_landbasedwind_class4_moderate_70_7_edge,VRE,UnidirectionalEdge{Electricity},new_capacity,18.254439310179567
Electricity,CEN,CEN_landbasedwind_class4_moderate_70_1,CEN_landbasedwind_class4_moderate_70_1_edge,VRE,UnidirectionalEdge{Electricity},new_capacity,17.427125017109873
Electricity,CEN,CEN_landbasedwind_class4_moderate_70_2,CEN_landbasedwind_class4_moderate_70_2_edge,VRE,UnidirectionalEdge{Electricity},new_capacity,40472.72759820286
Electricity,CEN,CEN_landbasedwind_class4_moderate_70_3,CEN_landbasedwind_class4_moderate_70_3_edge,VRE,UnidirectionalEdge{Electricity},new_capacity,32624.282613819756
Electricity,CEN,CEN_landbasedwind_class4_moderate_70_4,CEN_landbasedwind_class4_moderate_70_4_edge,VRE,UnidirectionalEdge{Electricity},new_capacity,9.987771025120239
Electricity,CEN,CEN_landbasedwind_class4_moderate_70_5,CEN_landbasedwind_class4_moderate_70_5_edge,VRE,UnidirectionalEdge{Electricity},new_capacity,149988.82010759081
Electricity,CEN,CEN_landbasedwind_class4_moderate_70_6,CEN_landbasedwind_class4_moderate_70_6_edge,VRE,UnidirectionalEdge{Electricity},new_capacity,10.036417841926262
Electricity,CEN,CEN_landbasedwind_class4_moderate_70_7,CEN_landbasedwind_class4_moderate_70_7_edge,VRE,UnidirectionalEdge{Electricity},new_capacity,90688.53374541203
Electricity,SE,SE_landbasedwind_class4_moderate_70_1,SE_landbasedwind_class4_moderate_70_1_edge,VRE,UnidirectionalEdge{Electricity},new_capacity,1580.4066728836517
Electricity,SE,SE_landbasedwind_class4_moderate_70_2,SE_landbasedwind_class4_moderate_70_2_edge,VRE,UnidirectionalEdge{Electricity},new_capacity,20181.88373249396
Electricity,SE,SE_landbasedwind_class4_moderate_70_3,SE_landbasedwind_class4_moderate_70_3_edge,VRE,UnidirectionalEdge{Electricity},new_capacity,105299.26535647537
Electricity,SE,SE_landbasedwind_class4_moderate_70_4,SE_landbasedwind_class4_moderate_70_4_edge,VRE,UnidirectionalEdge{Electricity},new_capacity,16.933564907816617
Electricity,SE,SE_landbasedwind_class4_moderate_70_5,SE_landbasedwind_class4_moderate_70_5_edge,VRE,UnidirectionalEdge{Electricity},new_capacity,73.73549157400221
Electricity,SE,SE_landbasedwind_class4_moderate_70_6,SE_landbasedwind_class4_moderate_70_6_edge,VRE,UnidirectionalEdge{Electricity},new_capacity,22.761142622959127
Electricity,SE,SE_landbasedwind_class4_moderate_70_7,SE_landbasedwind_class4_moderate_70_7_edge,VRE,UnidirectionalEdge{Electricity},new_capacity,39908.84097616193
Electricity,SE,SE_landbasedwind_class4_moderate_70_8,SE_landbasedwind_class4_moderate_70_8_edge,VRE,UnidirectionalEdge{Electricity},new_capacity,14.95488355871867
Electricity,MIDAT,MIDAT_landbasedwind_class4_moderate_70_1,MIDAT_landbasedwind_class4_moderate_70_1_edge,VRE,UnidirectionalEdge{Electricity},new_capacity,1383.4808035507438
Electricity,MIDAT,MIDAT_landbasedwind_class4_moderate_70_2,MIDAT_landbasedwind_class4_moderate_70_2_edge,VRE,UnidirectionalEdge{Electricity},new_capacity,199.70308053370726
Electricity,MIDAT,MIDAT_landbasedwind_class4_moderate_70_3,MIDAT_landbasedwind_class4_moderate_70_3_edge,VRE,UnidirectionalEdge{Electricity},new_capacity,259.93904833236246
Electricity,MIDAT,MIDAT_landbasedwind_class4_moderate_70_4,MIDAT_landbasedwind_class4_moderate_70_4_edge,VRE,UnidirectionalEdge{Electricity},new_capacity,52.7647362334775
Electricity,MIDAT,MIDAT_landbasedwind_class4_moderate_70_5,MIDAT_landbasedwind_class4_moderate_70_5_edge,VRE,UnidirectionalEdge{Electricity},new_capacity,65.17476001208807
Electricity,MIDAT,MIDAT_landbasedwind_class4_moderate_70_6,MIDAT_landbasedwind_class4_moderate_70_6_edge,VRE,UnidirectionalEdge{Electricity},new_capacity,12.194604508762271
Electricity,MIDAT,MIDAT_landbasedwind_class4_moderate_70_7,MIDAT_landbasedwind_class4_moderate_70_7_edge,VRE,UnidirectionalEdge{Electricity},new_capacity,40.20944432176338
Electricity,NE,NE_landbasedwind_class4_moderate_70_1,NE_landbasedwind_class4_moderate_70_1_edge,VRE,UnidirectionalEdge{Electricity},new_capacity,8.197061314463387
Electricity,NE,NE_landbasedwind_class4_moderate_70_2,NE_landbasedwind_class4_moderate_70_2_edge,VRE,UnidirectionalEdge{Electricity},new_capacity,20.76592481266974
Electricity,NE,NE_landbasedwind_class4_moderate_70_3,NE_landbasedwind_class4_moderate_70_3_edge,VRE,UnidirectionalEdge{Electricity},new_capacity,14.728397698477028
Electricity,NE,NE_landbasedwind_class4_moderate_70_4,NE_landbasedwind_class4_moderate_70_4_edge,VRE,UnidirectionalEdge{Electricity},new_capacity,7.796959264692505
Electricity,NE,NE_landbasedwind_class4_moderate_70_5,NE_landbasedwind_class4_moderate_70_5_edge,VRE,UnidirectionalEdge{Electricity},new_capacity,7.566105802190872
Electricity,NE,NE_landbasedwind_class4_moderate_70_6,NE_landbasedwind_class4_moderate_70_6_edge,VRE,UnidirectionalEdge{Electricity},new_capacity,7.401763022489066
Electricity,NE,NE_landbasedwind_class4_moderate_70_7,NE_landbasedwind_class4_moderate_70_7_edge,VRE,UnidirectionalEdge{Electricity},new_capacity,5.024265501346662
Electricity,CEN,CEN_nuclear_1,CEN_nuclear_1_elec_edge,ThermalPower{Uranium},EdgeWithUC{Electricity},new_capacity,0.0
Electricity,CEN,CEN_nuclear_2,CEN_nuclear_2_elec_edge,ThermalPower{Uranium},EdgeWithUC{Electricity},new_capacity,0.0
Electricity,MIDAT,MIDAT_nuclear_1,MIDAT_nuclear_1_elec_edge,ThermalPower{Uranium},EdgeWithUC{Electricity},new_capacity,0.0
Electricity,MIDAT,MIDAT_nuclear_2,MIDAT_nuclear_2_elec_edge,ThermalPower{Uranium},EdgeWithUC{Electricity},new_capacity,0.0
Electricity,NE,NE_nuclear_1,NE_nuclear_1_elec_edge,ThermalPower{Uranium},EdgeWithUC{Electricity},new_capacity,0.0
Electricity,NE,NE_nuclear_2,NE_nuclear_2_elec_edge,ThermalPower{Uranium},EdgeWithUC{Electricity},new_capacity,0.0
Electricity,NW,NW_nuclear_1,NW_nuclear_1_elec_edge,ThermalPower{Uranium},EdgeWithUC{Electricity},new_capacity,0.0
Electricity,NCEN,NCEN_nuclear_1,NCEN_nuclear_1_elec_edge,ThermalPower{Uranium},EdgeWithUC{Electricity},new_capacity,0.0
Electricity,NCEN,NCEN_nuclear_2,NCEN_nuclear_2_elec_edge,ThermalPower{Uranium},EdgeWithUC{Electricity},new_capacity,0.0
Electricity,SE,SE_nuclear_1,SE_nuclear_1_elec_edge,ThermalPower{Uranium},EdgeWithUC{Electricity},new_capacity,0.0
Electricity,SE,SE_nuclear_2,SE_nuclear_2_elec_edge,ThermalPower{Uranium},EdgeWithUC{Electricity},new_capacity,0.0
Electricity,SW,SW_nuclear_1,SW_nuclear_1_elec_edge,ThermalPower{Uranium},EdgeWithUC{Electricity},new_capacity,0.0
Electricity,TX,TX_nuclear_1,TX_nuclear_1_elec_edge,ThermalPower{Uranium},EdgeWithUC{Electricity},new_capacity,0.0
Electricity,TX,TX_nuclear_2,TX_nuclear_2_elec_edge,ThermalPower{Uranium},EdgeWithUC{Electricity},new_capacity,0.0
Electricity,CA,CA_nuclear_mid_0,CA_nuclear_mid_0_elec_edge,ThermalPower{Uranium},EdgeWithUC{Electricity},new_capacity,1.53884159326272
Electricity,NW,NW_nuclear_mid_0,NW_nuclear_mid_0_elec_edge,ThermalPower{Uranium},EdgeWithUC{Electricity},new_capacity,1.4629624080785
Electricity,SW,SW_nuclear_mid_0,SW_nuclear_mid_0_elec_edge,ThermalPower{Uranium},EdgeWithUC{Electricity},new_capacity,1.7482328948886263
Electricity,TX,TX_nuclear_mid_0,TX_nuclear_mid_0_elec_edge,ThermalPower{Uranium},EdgeWithUC{Electricity},new_capacity,1.8042921933889797
Electricity,NCEN,NCEN_nuclear_mid_0,NCEN_nuclear_mid_0_elec_edge,ThermalPower{Uranium},EdgeWithUC{Electricity},new_capacity,1.6621103191458284
Electricity,CEN,CEN_nuclear_mid_0,CEN_nuclear_mid_0_elec_edge,ThermalPower{Uranium},EdgeWithUC{Electricity},new_capacity,1.6896499195881254
Electricity,SE,SE_nuclear_mid_0,SE_nuclear_mid_0_elec_edge,ThermalPower{Uranium},EdgeWithUC{Electricity},new_capacity,1.8123711604755055
Electricity,MIDAT,MIDAT_nuclear_mid_0,MIDAT_nuclear_mid_0_elec_edge,ThermalPower{Uranium},EdgeWithUC{Electricity},new_capacity,1.7575990395212542
Electricity,NE,NE_nuclear_mid_0,NE_nuclear_mid_0_elec_edge,ThermalPower{Uranium},EdgeWithUC{Electricity},new_capacity,1.5593877975603083
CO2Captured,CA,CA_Synfuel_Plant,CA_Synfuel_Plant_co2_captured_edge,SyntheticLiquidFuels,UnidirectionalEdge{CO2Captured},new_capacity,0.23069395081522584
CO2Captured,NW,NW_Synfuel_Plant,NW_Synfuel_Plant_co2_captured_edge,SyntheticLiquidFuels,UnidirectionalEdge{CO2Captured},new_capacity,0.3753004858455303
CO2Captured,SW,SW_Synfuel_Plant,SW_Synfuel_Plant_co2_captured_edge,SyntheticLiquidFuels,UnidirectionalEdge{CO2Captured},new_capacity,0.2712837253851313
CO2Captured,TX,TX_Synfuel_Plant,TX_Synfuel_Plant_co2_captured_edge,SyntheticLiquidFuels,UnidirectionalEdge{CO2Captured},new_capacity,0.3047696225483563
CO2Captured,NCEN,NCEN_Synfuel_Plant,NCEN_Synfuel_Plant_co2_captured_edge,SyntheticLiquidFuels,UnidirectionalEdge{CO2Captured},new_capacity,0.38615291291510784
CO2Captured,CEN,CEN_Synfuel_Plant,CEN_Synfuel_Plant_co2_captured_edge,SyntheticLiquidFuels,UnidirectionalEdge{CO2Captured},new_capacity,0.43382039263868477
CO2Captured,SE,SE_Synfuel_Plant,SE_Synfuel_Plant_co2_captured_edge,SyntheticLiquidFuels,UnidirectionalEdge{CO2Captured},new_capacity,0.37434960785111115
CO2Captured,MIDAT,MIDAT_Synfuel_Plant,MIDAT_Synfuel_Plant_co2_captured_edge,SyntheticLiquidFuels,UnidirectionalEdge{CO2Captured},new_capacity,0.4064794473494693
CO2Captured,NE,NE_Synfuel_Plant,NE_Synfuel_Plant_co2_captured_edge,SyntheticLiquidFuels,UnidirectionalEdge{CO2Captured},new_capacity,0.4692292177291323
CO2Captured,CA,CA_Synfuel_Plant_wCCS_Stored_99pct,CA_Synfuel_Plant_wCCS_Stored_99pct_co2_captured_edge,SyntheticLiquidFuels,UnidirectionalEdge{CO2Captured},new_capacity,0.2581977066374103
CO2Captured,NW,NW_Synfuel_Plant_wCCS_Stored_99pct,NW_Synfuel_Plant_wCCS_Stored_99pct_co2_captured_edge,SyntheticLiquidFuels,UnidirectionalEdge{CO2Captured},new_capacity,0.6291875846620825
CO2Captured,SW,SW_Synfuel_Plant_wCCS_Stored_99pct,SW_Synfuel_Plant_wCCS_Stored_99pct_co2_captured_edge,SyntheticLiquidFuels,UnidirectionalEdge{CO2Captured},new_capacity,0.3646186640753236
CO2Captured,TX,TX_Synfuel_Plant_wCCS_Stored_99pct,TX_Synfuel_Plant_wCCS_Stored_99pct_co2_captured_edge,SyntheticLiquidFuels,UnidirectionalEdge{CO2Captured},new_capacity,0.3615660310227017
CO2Captured,NCEN,NCEN_Synfuel_Plant_wCCS_Stored_99pct,NCEN_Synfuel_Plant_wCCS_Stored_99pct_co2_captured_edge,SyntheticLiquidFuels,UnidirectionalEdge{CO2Captured},new_capacity,0.6637870090116722
CO2Captured,CEN,CEN_Synfuel_Plant_wCCS_Stored_99pct,CEN_Synfuel_Plant_wCCS_Stored_99pct_co2_captured_edge,SyntheticLiquidFuels,UnidirectionalEdge{CO2Captured},new_capacity,0.8849958945785192
CO2Captured,SE,SE_Synfuel_Plant_wCCS_Stored_99pct,SE_Synfuel_Plant_wCCS_Stored_99pct_co2_captured_edge,SyntheticLiquidFuels,UnidirectionalEdge{CO2Captured},new_capacity,0.5988408233329222
CO2Captured,MIDAT,MIDAT_Synfuel_Plant_wCCS_Stored_99pct,MIDAT_Synfuel_Plant_wCCS_Stored_99pct_co2_captured_edge,SyntheticLiquidFuels,UnidirectionalEdge{CO2Captured},new_capacity,0.5565944925226812
CO2Captured,NE,NE_Synfuel_Plant_wCCS_Stored_99pct,NE_Synfuel_Plant_wCCS_Stored_99pct_co2_captured_edge,SyntheticLiquidFuels,UnidirectionalEdge{CO2Captured},new_capacity,0.6657579699221935
CO2Captured,CA,CA_Synfuel_Plant_wCCS_Recycled_99pct,CA_Synfuel_Plant_wCCS_Recycled_99pct_co2_captured_edge,SyntheticLiquidFuels,UnidirectionalEdge{CO2Captured},new_capacity,0.1109421603912355
CO2Captured,NW,NW_Synfuel_Plant_wCCS_Recycled_99pct,NW_Synfuel_Plant_wCCS_Recycled_99pct_co2_captured_edge,SyntheticLiquidFuels,UnidirectionalEdge{CO2Captured},new_capacity,0.1953606469249698
CO2Captured,SW,SW_Synfuel_Plant_wCCS_Recycled_99pct,SW_Synfuel_Plant_wCCS_Recycled_99pct_co2_captured_edge,SyntheticLiquidFuels,UnidirectionalEdge{CO2Captured},new_capacity,0.1209297519994158
CO2Captured,TX,TX_Synfuel_Plant_wCCS_Recycled_99pct,TX_Synfuel_Plant_wCCS_Recycled_99pct_co2_captured_edge,SyntheticLiquidFuels,UnidirectionalEdge{CO2Captured},new_capacity,0.1572548208488297
CO2Captured,NCEN,NCEN_Synfuel_Plant_wCCS_Recycled_99pct,NCEN_Synfuel_Plant_wCCS_Recycled_99pct_co2_captured_edge,SyntheticLiquidFuels,UnidirectionalEdge{CO2Captured},new_capacity,0.14898721419973632
CO2Captured,CEN,CEN_Synfuel_Plant_wCCS_Recycled_99pct,CEN_Synfuel_Plant_wCCS_Recycled_99pct_co2_captured_edge,SyntheticLiquidFuels,UnidirectionalEdge{CO2Captured},new_capacity,0.14990124459530996
CO2Captured,SE,SE_Synfuel_Plant_wCCS_Recycled_99pct,SE_Synfuel_Plant_wCCS_Recycled_99pct_co2_captured_edge,SyntheticLiquidFuels,UnidirectionalEdge{CO2Captured},new_capacity,0.14486509522318974
CO2Captured,MIDAT,MIDAT_Synfuel_Plant_wCCS_Recycled_99pct,MIDAT_Synfuel_Plant_wCCS_Recycled_99pct_co2_captured_edge,SyntheticLiquidFuels,UnidirectionalEdge{CO2Captured},new_capacity,0.1461828114985703
CO2Captured,NE,NE_Synfuel_Plant_wCCS_Recycled_99pct,NE_Synfuel_Plant_wCCS_Recycled_99pct_co2_captured_edge,SyntheticLiquidFuels,UnidirectionalEdge{CO2Captured},new_capacity,0.14981359497324948
CO2Captured,CA,CA_Syn_NG_Plant,CA_Syn_NG_Plant_co2_captured_edge,SyntheticNaturalGas,UnidirectionalEdge{CO2Captured},new_capacity,0.4171882932583138
CO2Captured,NW,NW_Syn_NG_Plant,NW_Syn_NG_Plant_co2_captured_edge,SyntheticNaturalGas,UnidirectionalEdge{CO2Captured},new_capacity,0.6930624042766039
CO2Captured,SW,SW_Syn_NG_Plant,SW_Syn_NG_Plant_co2_captured_edge,SyntheticNaturalGas,UnidirectionalEdge{CO2Captured},new_capacity,0.37285998987798163
CO2Captured,TX,TX_Syn_NG_Plant,TX_Syn_NG_Plant_co2_captured_edge,SyntheticNaturalGas,UnidirectionalEdge{CO2Captured},new_capacity,0.3103500112770008
CO2Captured,NCEN,NCEN_Syn_NG_Plant,NCEN_Syn_NG_Plant_co2_captured_edge,SyntheticNaturalGas,UnidirectionalEdge{CO2Captured},new_capacity,0.5522618159209784
CO2Captured,CEN,CEN_Syn_NG_Plant,CEN_Syn_NG_Plant_co2_captured_edge,SyntheticNaturalGas,UnidirectionalEdge{CO2Captured},new_capacity,0.3379427827346504
CO2Captured,SE,SE_Syn_NG_Plant,SE_Syn_NG_Plant_co2_captured_edge,SyntheticNaturalGas,UnidirectionalEdge{CO2Captured},new_capacity,0.5305933400770925
CO2Captured,MIDAT,MIDAT_Syn_NG_Plant,MIDAT_Syn_NG_Plant_co2_captured_edge,SyntheticNaturalGas,UnidirectionalEdge{CO2Captured},new_capacity,0.3833513198745991
CO2Captured,NE,NE_Syn_NG_Plant,NE_Syn_NG_Plant_co2_captured_edge,SyntheticNaturalGas,UnidirectionalEdge{CO2Captured},new_capacity,0.44939431601110313
Electricity,CA_NW,CA_to_NW,CA_to_NW_transmission_edge,TransmissionLink{Electricity},BidirectionalEdge{Electricity},new_capacity,2.56375720584285
Electricity,CA_SW,CA_to_SW,CA_to_SW_transmission_edge,TransmissionLink{Electricity},BidirectionalEdge{Electricity},new_capacity,1.521469802824862
Electricity,NW_SW,NW_to_SW,NW_to_SW_transmission_edge,TransmissionLink{Electricity},BidirectionalEdge{Electricity},new_capacity,18088.285549232023
Electricity,SW_CEN,SW_to_CEN,SW_to_CEN_transmission_edge,TransmissionLink{Electricity},BidirectionalEdge{Electricity},new_capacity,2438.704171434378
Electricity,TX_CEN,TX_to_CEN,TX_to_CEN_transmission_edge,TransmissionLink{Electricity},BidirectionalEdge{Electricity},new_capacity,10079.65832849265
Electricity,NCEN_CEN,NCEN_to_CEN,NCEN_to_CEN_transmission_edge,TransmissionLink{Electricity},BidirectionalEdge{Electricity},new_capacity,10287.577876747624
Electricity,NCEN_SE,NCEN_to_SE,NCEN_to_SE_transmission_edge,TransmissionLink{Electricity},BidirectionalEdge{Electricity},new_capacity,14289.178565762692
Electricity,NCEN_MIDAT,NCEN_to_MIDAT,NCEN_to_MIDAT_transmission_edge,TransmissionLink{Electricity},BidirectionalEdge{Electricity},new_capacity,0.2524160795627049
Electricity,CEN_SE,CEN_to_SE,CEN_to_SE_transmission_edge,TransmissionLink{Electricity},BidirectionalEdge{Electricity},new_capacity,19464.66267330358
Electricity,SE_MIDAT,SE_to_MIDAT,SE_to_MIDAT_transmission_edge,TransmissionLink{Electricity},BidirectionalEdge{Electricity},new_capacity,10002.823598661467
Electricity,MIDAT_NE,MIDAT_to_NE,MIDAT_to_NE_transmission_edge,TransmissionLink{Electricity},BidirectionalEdge{Electricity},new_capacity,0.4708315641702041
CO2Captured,CA,co2_CA_to_NW,co2_CA_to_NW_storage,GasStorage{CO2Captured},Storage{CO2Captured},new_capacity,0.0
CO2Captured,NW,co2_NW_to_CA,co2_NW_to_CA_storage,GasStorage{CO2Captured},Storage{CO2Captured},new_capacity,0.0
CO2Captured,CA,co2_CA_to_SW,co2_CA_to_SW_storage,GasStorage{CO2Captured},Storage{CO2Captured},new_capacity,0.0
CO2Captured,SW,co2_SW_to_CA,co2_SW_to_CA_storage,GasStorage{CO2Captured},Storage{CO2Captured},new_capacity,0.0
CO2Captured,NW,co2_NW_to_SW,co2_NW_to_SW_storage,GasStorage{CO2Captured},Storage{CO2Captured},new_capacity,0.0
CO2Captured,SW,co2_SW_to_NW,co2_SW_to_NW_storage,GasStorage{CO2Captured},Storage{CO2Captured},new_capacity,0.0
CO2Captured,SW,co2_SW_to_CEN,co2_SW_to_CEN_storage,GasStorage{CO2Captured},Storage{CO2Captured},new_capacity,0.0
CO2Captured,CEN,co2_CEN_to_SW,co2_CEN_to_SW_storage,GasStorage{CO2Captured},Storage{CO2Captured},new_capacity,0.0
CO2Captured,TX,co2_TX_to_CEN,co2_TX_to_CEN_storage,GasStorage{CO2Captured},Storage{CO2Captured},new_capacity,0.0
CO2Captured,CEN,co2_CEN_to_TX,co2_CEN_to_TX_storage,GasStorage{CO2Captured},Storage{CO2Captured},new_capacity,0.0
CO2Captured,NCEN,co2_NCEN_to_CEN,co2_NCEN_to_CEN_storage,GasStorage{CO2Captured},Storage{CO2Captured},new_capacity,0.0
CO2Captured,CEN,co2_CEN_to_NCEN,co2_CEN_to_NCEN_storage,GasStorage{CO2Captured},Storage{CO2Captured},new_capacity,0.0
CO2Captured,NCEN,co2_NCEN_to_SE,co2_NCEN_to_SE_storage,GasStorage{CO2Captured},Storage{CO2Captured},new_capacity,0.0
CO2Captured,SE,co2_SE_to_NCEN,co2_SE_to_NCEN_storage,GasStorage{CO2Captured},Storage{CO2Captured},new_capacity,0.0
CO2Captured,NCEN,co2_NCEN_to_MIDAT,co2_NCEN_to_MIDAT_storage,GasStorage{CO2Captured},Storage{CO2Captured},new_capacity,0.0
CO2Captured,MIDAT,co2_MIDAT_to_NCEN,co2_MIDAT_to_NCEN_storage,GasStorage{CO2Captured},Storage{CO2Captured},new_capacity,0.0
CO2Captured,CEN,co2_CEN_to_SE,co2_CEN_to_SE_storage,GasStorage{CO2Captured},Storage{CO2Captured},new_capacity,0.0
CO2Captured,SE,co2_SE_to_CEN,co2_SE_to_CEN_storage,GasStorage{CO2Captured},Storage{CO2Captured},new_capacity,0.0
CO2Captured,SE,co2_SE_to_MIDAT,co2_SE_to_MIDAT_storage,GasStorage{CO2Captured},Storage{CO2Captured},new_capacity,0.0
CO2Captured,MIDAT,co2_MIDAT_to_SE,co2_MIDAT_to_SE_storage,GasStorage{CO2Captured},Storage{CO2Captured},new_capacity,0.0
CO2Captured,MIDAT,co2_MIDAT_to_NE,co2_MIDAT_to_NE_storage,GasStorage{CO2Captured},Storage{CO2Captured},new_capacity,0.0
CO2Captured,NE,co2_NE_to_MIDAT,co2_NE_to_MIDAT_storage,GasStorage{CO2Captured},Storage{CO2Captured},new_capacity,0.0
Electricity,CA,CA_battery_moderate_0,CA_battery_moderate_0_storage,Battery,Storage{Electricity},new_capacity,10.226776498979346
Electricity,NW,NW_battery_moderate_0,NW_battery_moderate_0_storage,Battery,Storage{Electricity},new_capacity,12.69277752348281
Electricity,SW,SW_battery_moderate_0,SW_battery_moderate_0_storage,Battery,Storage{Electricity},new_capacity,12.005209291872813
Electricity,TX,TX_battery_moderate_0,TX_battery_moderate_0_storage,Battery,Storage{Electricity},new_capacity,15.072158913232892
Electricity,NCEN,NCEN_battery_moderate_0,NCEN_battery_moderate_0_storage,Battery,Storage{Electricity},new_capacity,12.054221763475082
Electricity,CEN,CEN_battery_moderate_0,CEN_battery_moderate_0_storage,Battery,Storage{Electricity},new_capacity,16.105865839422727
Electricity,SE,SE_battery_moderate_0,SE_battery_moderate_0_storage,Battery,Storage{Electricity},new_capacity,11.372278059738731
Electricity,MIDAT,MIDAT_battery_moderate_0,MIDAT_battery_moderate_0_storage,Battery,Storage{Electricity},new_capacity,11.067162784903246
Electricity,NE,NE_battery_moderate_0,NE_battery_moderate_0_storage,Battery,Storage{Electricity},new_capacity,10.872608655285354
Electricity,CA,CA_hydroelectric_pumped_storage_1,CA_hydroelectric_pumped_storage_1_storage,Battery,Storage{Electricity},new_capacity,2.4496246494761505e6
Electricity,CEN,CEN_hydroelectric_pumped_storage_1,CEN_hydroelectric_pumped_storage_1_storage,Battery,Storage{Electricity},new_capacity,2.3899638014150774e6
Electricity,MIDAT,MIDAT_hydroelectric_pumped_storage_1,MIDAT_hydroelectric_pumped_storage_1_storage,Battery,Storage{Electricity},new_capacity,2.4935455563269206e6
Electricity,NE,NE_hydroelectric_pumped_storage_1,NE_hydroelectric_pumped_storage_1_storage,Battery,Storage{Electricity},new_capacity,2.4409508526079324e6
Electricity,NW,NW_hydroelectric_pumped_storage_1,NW_hydroelectric_pumped_storage_1_storage,Battery,Storage{Electricity},new_capacity,2.3780424943409315e6
Electricity,NCEN,NCEN_hydroelectric_pumped_storage_1,NCEN_hydroelectric_pumped_storage_1_storage,Battery,Storage{Electricity},new_capacity,2.414158242538967e6
Electricity,SE,SE_hydroelectric_pumped_storage_1,SE_hydroelectric_pumped_storage_1_storage,Battery,Storage{Electricity},new_capacity,2.5397482774452227e6
Electricity,SW,SW_hydroelectric_pumped_storage_1,SW_hydroelectric_pumped_storage_1_storage,Battery,Storage{Electricity},new_capacity,2.3844555840736134e6
Hydrogen,CA,h2_CA_to_NW,h2_CA_to_NW_storage,GasStorage{Hydrogen},Storage{Hydrogen},new_capacity,0.0
Hydrogen,NW,h2_NW_to_CA,h2_NW_to_CA_storage,GasStorage{Hydrogen},Storage{Hydrogen},new_capacity,0.0
Hydrogen,CA,h2_CA_to_SW,h2_CA_to_SW_storage,GasStorage{Hydrogen},Storage{Hydrogen},new_capacity,0.0
Hydrogen,SW,h2_SW_to_CA,h2_SW_to_CA_storage,GasStorage{Hydrogen},Storage{Hydrogen},new_capacity,0.0
Hydrogen,NW,h2_NW_to_SW,h2_NW_to_SW_storage,GasStorage{Hydrogen},Storage{Hydrogen},new_capacity,0.0
Hydrogen,SW,h2_SW_to_NW,h2_SW_to_NW_storage,GasStorage{Hydrogen},Storage{Hydrogen},new_capacity,0.0
Hydrogen,SW,h2_SW_to_CEN,h2_SW_to_CEN_storage,GasStorage{Hydrogen},Storage{Hydrogen},new_capacity,0.0
Hydrogen,CEN,h2_CEN_to_SW,h2_CEN_to_SW_storage,GasStorage{Hydrogen},Storage{Hydrogen},new_capacity,0.0
Hydrogen,TX,h2_TX_to_CEN,h2_TX_to_CEN_storage,GasStorage{Hydrogen},Storage{Hydrogen},new_capacity,0.0
Hydrogen,CEN,h2_CEN_to_TX,h2_CEN_to_TX_storage,GasStorage{Hydrogen},Storage{Hydrogen},new_capacity,0.0
Hydrogen,NCEN,h2_NCEN_to_CEN,h2_NCEN_to_CEN_storage,GasStorage{Hydrogen},Storage{Hydrogen},new_capacity,0.0
Hydrogen,CEN,h2_CEN_to_NCEN,h2_CEN_to_NCEN_storage,GasStorage{Hydrogen},Storage{Hydrogen},new_capacity,0.0
Hydrogen,NCEN,h2_NCEN_to_SE,h2_NCEN_to_SE_storage,GasStorage{Hydrogen},Storage{Hydrogen},new_capacity,0.0
Hydrogen,SE,h2_SE_to_NCEN,h2_SE_to_NCEN_storage,GasStorage{Hydrogen},Storage{Hydrogen},new_capacity,0.0
Hydrogen,NCEN,h2_NCEN_to_MIDAT,h2_NCEN_to_MIDAT_storage,GasStorage{Hydrogen},Storage{Hydrogen},new_capacity,0.0
Hydrogen,MIDAT,h2_MIDAT_to_NCEN,h2_MIDAT_to_NCEN_storage,GasStorage{Hydrogen},Storage{Hydrogen},new_capacity,0.0
Hydrogen,CEN,h2_CEN_to_SE,h2_CEN_to_SE_storage,GasStorage{Hydrogen},Storage{Hydrogen},new_capacity,0.0
Hydrogen,SE,h2_SE_to_CEN,h2_SE_to_CEN_storage,GasStorage{Hydrogen},Storage{Hydrogen},new_capacity,0.0
Hydrogen,SE,h2_SE_to_MIDAT,h2_SE_to_MIDAT_storage,GasStorage{Hydrogen},Storage{Hydrogen},new_capacity,0.0
Hydrogen,MIDAT,h2_MIDAT_to_SE,h2_MIDAT_to_SE_storage,GasStorage{Hydrogen},Storage{Hydrogen},new_capacity,0.0
Hydrogen,MIDAT,h2_MIDAT_to_NE,h2_MIDAT_to_NE_storage,GasStorage{Hydrogen},Storage{Hydrogen},new_capacity,0.0
Hydrogen,NE,h2_NE_to_MIDAT,h2_NE_to_MIDAT_storage,GasStorage{Hydrogen},Storage{Hydrogen},new_capacity,0.0
Hydrogen,CA,CA_Above_ground_storage,CA_Above_ground_storage_storage,GasStorage{Hydrogen},LongDurationStorage{Hydrogen},new_capacity,201954.54648832465
Hydrogen,NW,NW_Above_ground_storage,NW_Above_ground_storage_storage,GasStorage{Hydrogen},LongDurationStorage{Hydrogen},new_capacity,56027.311841188755
Hydrogen,SW,SW_Above_ground_storage,SW_Above_ground_storage_storage,GasStorage{Hydrogen},LongDurationStorage{Hydrogen},new_capacity,110581.99834525718
Hydrogen,TX,TX_Above_ground_storage,TX_Above_ground_storage_storage,GasStorage{Hydrogen},LongDurationStorage{Hydrogen},new_capacity,317509.68383544154
Hydrogen,NCEN,NCEN_Above_ground_storage,NCEN_Above_ground_storage_storage,GasStorage{Hydrogen},LongDurationStorage{Hydrogen},new_capacity,542025.8375231577
Hydrogen,CEN,CEN_Above_ground_storage,CEN_Above_ground_storage_storage,GasStorage{Hydrogen},LongDurationStorage{Hydrogen},new_capacity,602479.5432497397
Hydrogen,SE,SE_Above_ground_storage,SE_Above_ground_storage_storage,GasStorage{Hydrogen},LongDurationStorage{Hydrogen},new_capacity,843558.1160164673
Hydrogen,MIDAT,MIDAT_Above_ground_storage,MIDAT_Above_ground_storage_storage,GasStorage{Hydrogen},LongDurationStorage{Hydrogen},new_capacity,314825.96569885133
Hydrogen,NE,NE_Above_ground_storage,NE_Above_ground_storage_storage,GasStorage{Hydrogen},LongDurationStorage{Hydrogen},new_capacity,363598.75657992304
Electricity,CA,CA_conventional_hydroelectric_1,CA_conventional_hydroelectric_1_storage,HydroRes,Storage{Electricity},new_capacity,0.0
Electricity,CEN,CEN_conventional_hydroelectric_1,CEN_conventional_hydroelectric_1_storage,HydroRes,Storage{Electricity},new_capacity,0.0
Electricity,MIDAT,MIDAT_conventional_hydroelectric_1,MIDAT_conventional_hydroelectric_1_storage,HydroRes,Storage{Electricity},new_capacity,0.0
Electricity,NE,NE_conventional_hydroelectric_1,NE_conventional_hydroelectric_1_storage,HydroRes,Storage{Electricity},new_capacity,0.0
Electricity,NW,NW_conventional_hydroelectric_1,NW_conventional_hydroelectric_1_storage,HydroRes,Storage{Electricity},new_capacity,0.0
Electricity,NCEN,NCEN_conventional_hydroelectric_1,NCEN_conventional_hydroelectric_1_storage,HydroRes,Storage{Electricity},new_capacity,0.0
Electricity,SE,SE_conventional_hydroelectric_1,SE_conventional_hydroelectric_1_storage,HydroRes,Storage{Electricity},new_capacity,0.0
Electricity,SW,SW_conventional_hydroelectric_1,SW_conventional_hydroelectric_1_storage,HydroRes,Storage{Electricity},new_capacity,0.0
Electricity,TX,TX_conventional_hydroelectric_1,TX_conventional_hydroelectric_1_storage,HydroRes,Storage{Electricity},new_capacity,0.0
Biomass_Herb,CA,CA_Bio_Electricity_CCS_93_Herb,CA_Bio_Electricity_CCS_93_Herb_biomass_edge,BECCSElectricity,UnidirectionalEdge{MacroEnergy.Biomass_Herb},retired_capacity,0.0
Biomass_Herb,NW,NW_Bio_Electricity_CCS_93_Herb,NW_Bio_Electricity_CCS_93_Herb_biomass_edge,BECCSElectricity,UnidirectionalEdge{MacroEnergy.Biomass_Herb},retired_capacity,0.0
Biomass_Herb,SW,SW_Bio_Electricity_CCS_93_Herb,SW_Bio_Electricity_CCS_93_Herb_biomass_edge,BECCSElectricity,UnidirectionalEdge{MacroEnergy.Biomass_Herb},retired_capacity,0.0
Biomass_Herb,TX,TX_Bio_Electricity_CCS_93_Herb,TX_Bio_Electricity_CCS_93_Herb_biomass_edge,BECCSElectricity,UnidirectionalEdge{MacroEnergy.Biomass_Herb},retired_capacity,0.0
Biomass_Herb,NCEN,NCEN_Bio_Electricity_CCS_93_Herb,NCEN_Bio_Electricity_CCS_93_Herb_biomass_edge,BECCSElectricity,UnidirectionalEdge{MacroEnergy.Biomass_Herb},retired_capacity,0.0
Biomass_Herb,CEN,CEN_Bio_Electricity_CCS_93_Herb,CEN_Bio_Electricity_CCS_93_Herb_biomass_edge,BECCSElectricity,UnidirectionalEdge{MacroEnergy.Biomass_Herb},retired_capacity,0.0
Biomass_Herb,SE,SE_Bio_Electricity_CCS_93_Herb,SE_Bio_Electricity_CCS_93_Herb_biomass_edge,BECCSElectricity,UnidirectionalEdge{MacroEnergy.Biomass_Herb},retired_capacity,0.0
Biomass_Herb,MIDAT,MIDAT_Bio_Electricity_CCS_93_Herb,MIDAT_Bio_Electricity_CCS_93_Herb_biomass_edge,BECCSElectricity,UnidirectionalEdge{MacroEnergy.Biomass_Herb},retired_capacity,0.0
Biomass_Herb,NE,NE_Bio_Electricity_CCS_93_Herb,NE_Bio_Electricity_CCS_93_Herb_biomass_edge,BECCSElectricity,UnidirectionalEdge{MacroEnergy.Biomass_Herb},retired_capacity,0.0
Biomass_Wood,CA,CA_Bio_Electricity_CCS_93_Wood,CA_Bio_Electricity_CCS_93_Wood_biomass_edge,BECCSElectricity,UnidirectionalEdge{MacroEnergy.Biomass_Wood},retired_capacity,0.0
Biomass_Wood,NW,NW_Bio_Electricity_CCS_93_Wood,NW_Bio_Electricity_CCS_93_Wood_biomass_edge,BECCSElectricity,UnidirectionalEdge{MacroEnergy.Biomass_Wood},retired_capacity,0.0
Biomass_Wood,SW,SW_Bio_Electricity_CCS_93_Wood,SW_Bio_Electricity_CCS_93_Wood_biomass_edge,BECCSElectricity,UnidirectionalEdge{MacroEnergy.Biomass_Wood},retired_capacity,0.0
Biomass_Wood,TX,TX_Bio_Electricity_CCS_93_Wood,TX_Bio_Electricity_CCS_93_Wood_biomass_edge,BECCSElectricity,UnidirectionalEdge{MacroEnergy.Biomass_Wood},retired_capacity,0.0
Biomass_Wood,NCEN,NCEN_Bio_Electricity_CCS_93_Wood,NCEN_Bio_Electricity_CCS_93_Wood_biomass_edge,BECCSElectricity,UnidirectionalEdge{MacroEnergy.Biomass_Wood},retired_capacity,0.0
Biomass_Wood,CEN,CEN_Bio_Electricity_CCS_93_Wood,CEN_Bio_Electricity_CCS_93_Wood_biomass_edge,BECCSElectricity,UnidirectionalEdge{MacroEnergy.Biomass_Wood},retired_capacity,0.0
Biomass_Wood,SE,SE_Bio_Electricity_CCS_93_Wood,SE_Bio_Electricity_CCS_93_Wood_biomass_edge,BECCSElectricity,UnidirectionalEdge{MacroEnergy.Biomass_Wood},retired_capacity,0.0
Biomass_Wood,MIDAT,MIDAT_Bio_Electricity_CCS_93_Wood,MIDAT_Bio_Electricity_CCS_93_Wood_biomass_edge,BECCSElectricity,UnidirectionalEdge{MacroEnergy.Biomass_Wood},retired_capacity,0.0
Biomass_Wood,NE,NE_Bio_Electricity_CCS_93_Wood,NE_Bio_Electricity_CCS_93_Wood_biomass_edge,BECCSElectricity,UnidirectionalEdge{MacroEnergy.Biomass_Wood},retired_capacity,0.0
Biomass_Agri,CA,CA_Bio_Electricity_CCS_93_Agri,CA_Bio_Electricity_CCS_93_Agri_biomass_edge,BECCSElectricity,UnidirectionalEdge{MacroEnergy.Biomass_Agri},retired_capacity,0.0
Biomass_Agri,NW,NW_Bio_Electricity_CCS_93_Agri,NW_Bio_Electricity_CCS_93_Agri_biomass_edge,BECCSElectricity,UnidirectionalEdge{MacroEnergy.Biomass_Agri},retired_capacity,0.0
Biomass_Agri,SW,SW_Bio_Electricity_CCS_93_Agri,SW_Bio_Electricity_CCS_93_Agri_biomass_edge,BECCSElectricity,UnidirectionalEdge{MacroEnergy.Biomass_Agri},retired_capacity,0.0
Biomass_Agri,TX,TX_Bio_Electricity_CCS_93_Agri,TX_Bio_Electricity_CCS_93_Agri_biomass_edge,BECCSElectricity,UnidirectionalEdge{MacroEnergy.Biomass_Agri},retired_capacity,0.0
Biomass_Agri,NCEN,NCEN_Bio_Electricity_CCS_93_Agri,NCEN_Bio_Electricity_CCS_93_Agri_biomass_edge,BECCSElectricity,UnidirectionalEdge{MacroEnergy.Biomass_Agri},retired_capacity,0.0
Biomass_Agri,CEN,CEN_Bio_Electricity_CCS_93_Agri,CEN_Bio_Electricity_CCS_93_Agri_biomass_edge,BECCSElectricity,UnidirectionalEdge{MacroEnergy.Biomass_Agri},retired_capacity,0.0
Biomass_Agri,SE,SE_Bio_Electricity_CCS_93_Agri,SE_Bio_Electricity_CCS_93_Agri_biomass_edge,BECCSElectricity,UnidirectionalEdge{MacroEnergy.Biomass_Agri},retired_capacity,0.0
Biomass_Agri,MIDAT,MIDAT_Bio_Electricity_CCS_93_Agri,MIDAT_Bio_Electricity_CCS_93_Agri_biomass_edge,BECCSElectricity,UnidirectionalEdge{MacroEnergy.Biomass_Agri},retired_capacity,0.0
Biomass_Agri,NE,NE_Bio_Electricity_CCS_93_Agri,NE_Bio_Electricity_CCS_93_Agri_biomass_edge,BECCSElectricity,UnidirectionalEdge{MacroEnergy.Biomass_Agri},retired_capacity,0.0
Biomass_Herb,CA,CA_Bio_H2_Herb,CA_Bio_H2_Herb_biomass_edge,BECCSHydrogen{NaturalGas},UnidirectionalEdge{MacroEnergy.Biomass_Herb},retired_capacity,0.0
Biomass_Herb,NW,NW_Bio_H2_Herb,NW_Bio_H2_Herb_biomass_edge,BECCSHydrogen{NaturalGas},UnidirectionalEdge{MacroEnergy.Biomass_Herb},retired_capacity,0.0
Biomass_Herb,SW,SW_Bio_H2_Herb,SW_Bio_H2_Herb_biomass_edge,BECCSHydrogen{NaturalGas},UnidirectionalEdge{MacroEnergy.Biomass_Herb},retired_capacity,0.0
Biomass_Herb,TX,TX_Bio_H2_Herb,TX_Bio_H2_Herb_biomass_edge,BECCSHydrogen{NaturalGas},UnidirectionalEdge{MacroEnergy.Biomass_Herb},retired_capacity,0.0
Biomass_Herb,NCEN,NCEN_Bio_H2_Herb,NCEN_Bio_H2_Herb_biomass_edge,BECCSHydrogen{NaturalGas},UnidirectionalEdge{MacroEnergy.Biomass_Herb},retired_capacity,0.0
Biomass_Herb,CEN,CEN_Bio_H2_Herb,CEN_Bio_H2_Herb_biomass_edge,BECCSHydrogen{NaturalGas},UnidirectionalEdge{MacroEnergy.Biomass_Herb},retired_capacity,0.0
Biomass_Herb,SE,SE_Bio_H2_Herb,SE_Bio_H2_Herb_biomass_edge,BECCSHydrogen{NaturalGas},UnidirectionalEdge{MacroEnergy.Biomass_Herb},retired_capacity,0.0
Biomass_Herb,MIDAT,MIDAT_Bio_H2_Herb,MIDAT_Bio_H2_Herb_biomass_edge,BECCSHydrogen{NaturalGas},UnidirectionalEdge{MacroEnergy.Biomass_Herb},retired_capacity,0.0
Biomass_Herb,NE,NE_Bio_H2_Herb,NE_Bio_H2_Herb_biomass_edge,BECCSHydrogen{NaturalGas},UnidirectionalEdge{MacroEnergy.Biomass_Herb},retired_capacity,0.0
Biomass_Wood,CA,CA_Bio_H2_Wood,CA_Bio_H2_Wood_biomass_edge,BECCSHydrogen{NaturalGas},UnidirectionalEdge{MacroEnergy.Biomass_Wood},retired_capacity,0.0
Biomass_Wood,NW,NW_Bio_H2_Wood,NW_Bio_H2_Wood_biomass_edge,BECCSHydrogen{NaturalGas},UnidirectionalEdge{MacroEnergy.Biomass_Wood},retired_capacity,0.0
Biomass_Wood,SW,SW_Bio_H2_Wood,SW_Bio_H2_Wood_biomass_edge,BECCSHydrogen{NaturalGas},UnidirectionalEdge{MacroEnergy.Biomass_Wood},retired_capacity,0.0
Biomass_Wood,TX,TX_Bio_H2_Wood,TX_Bio_H2_Wood_biomass_edge,BECCSHydrogen{NaturalGas},UnidirectionalEdge{MacroEnergy.Biomass_Wood},retired_capacity,0.0
Biomass_Wood,NCEN,NCEN_Bio_H2_Wood,NCEN_Bio_H2_Wood_biomass_edge,BECCSHydrogen{NaturalGas},UnidirectionalEdge{MacroEnergy.Biomass_Wood},retired_capacity,0.0
Biomass_Wood,CEN,CEN_Bio_H2_Wood,CEN_Bio_H2_Wood_biomass_edge,BECCSHydrogen{NaturalGas},UnidirectionalEdge{MacroEnergy.Biomass_Wood},retired_capacity,0.0
Biomass_Wood,SE,SE_Bio_H2_Wood,SE_Bio_H2_Wood_biomass_edge,BECCSHydrogen{NaturalGas},UnidirectionalEdge{MacroEnergy.Biomass_Wood},retired_capacity,0.0
Biomass_Wood,MIDAT,MIDAT_Bio_H2_Wood,MIDAT_Bio_H2_Wood_biomass_edge,BECCSHydrogen{NaturalGas},UnidirectionalEdge{MacroEnergy.Biomass_Wood},retired_capacity,0.0
Biomass_Wood,NE,NE_Bio_H2_Wood,NE_Bio_H2_Wood_biomass_edge,BECCSHydrogen{NaturalGas},UnidirectionalEdge{MacroEnergy.Biomass_Wood},retired_capacity,0.0
Biomass_Agri,CA,CA_Bio_H2_Agri,CA_Bio_H2_Agri_biomass_edge,BECCSHydrogen{NaturalGas},UnidirectionalEdge{MacroEnergy.Biomass_Agri},retired_capacity,0.0
Biomass_Agri,NW,NW_Bio_H2_Agri,NW_Bio_H2_Agri_biomass_edge,BECCSHydrogen{NaturalGas},UnidirectionalEdge{MacroEnergy.Biomass_Agri},retired_capacity,0.0
Biomass_Agri,SW,SW_Bio_H2_Agri,SW_Bio_H2_Agri_biomass_edge,BECCSHydrogen{NaturalGas},UnidirectionalEdge{MacroEnergy.Biomass_Agri},retired_capacity,0.0
Biomass_Agri,TX,TX_Bio_H2_Agri,TX_Bio_H2_Agri_biomass_edge,BECCSHydrogen{NaturalGas},UnidirectionalEdge{MacroEnergy.Biomass_Agri},retired_capacity,0.0
Biomass_Agri,NCEN,NCEN_Bio_H2_Agri,NCEN_Bio_H2_Agri_biomass_edge,BECCSHydrogen{NaturalGas},UnidirectionalEdge{MacroEnergy.Biomass_Agri},retired_capacity,0.0
Biomass_Agri,CEN,CEN_Bio_H2_Agri,CEN_Bio_H2_Agri_biomass_edge,BECCSHydrogen{NaturalGas},UnidirectionalEdge{MacroEnergy.Biomass_Agri},retired_capacity,0.0
Biomass_Agri,SE,SE_Bio_H2_Agri,SE_Bio_H2_Agri_biomass_edge,BECCSHydrogen{NaturalGas},UnidirectionalEdge{MacroEnergy.Biomass_Agri},retired_capacity,0.0
Biomass_Agri,MIDAT,MIDAT_Bio_H2_Agri,MIDAT_Bio_H2_Agri_biomass_edge,BECCSHydrogen{NaturalGas},UnidirectionalEdge{MacroEnergy.Biomass_Agri},retired_capacity,0.0
Biomass_Agri,NE,NE_Bio_H2_Agri,NE_Bio_H2_Agri_biomass_edge,BECCSHydrogen{NaturalGas},UnidirectionalEdge{MacroEnergy.Biomass_Agri},retired_capacity,0.0
Biomass_Herb,CA,CA_Bio_H2_CCS_99_Herb,CA_Bio_H2_CCS_99_Herb_biomass_edge,BECCSHydrogen{NaturalGas},UnidirectionalEdge{MacroEnergy.Biomass_Herb},retired_capacity,0.0
Biomass_Herb,NW,NW_Bio_H2_CCS_99_Herb,NW_Bio_H2_CCS_99_Herb_biomass_edge,BECCSHydrogen{NaturalGas},UnidirectionalEdge{MacroEnergy.Biomass_Herb},retired_capacity,0.0
Biomass_Herb,SW,SW_Bio_H2_CCS_99_Herb,SW_Bio_H2_CCS_99_Herb_biomass_edge,BECCSHydrogen{NaturalGas},UnidirectionalEdge{MacroEnergy.Biomass_Herb},retired_capacity,0.0
Biomass_Herb,TX,TX_Bio_H2_CCS_99_Herb,TX_Bio_H2_CCS_99_Herb_biomass_edge,BECCSHydrogen{NaturalGas},UnidirectionalEdge{MacroEnergy.Biomass_Herb},retired_capacity,0.0
Biomass_Herb,NCEN,NCEN_Bio_H2_CCS_99_Herb,NCEN_Bio_H2_CCS_99_Herb_biomass_edge,BECCSHydrogen{NaturalGas},UnidirectionalEdge{MacroEnergy.Biomass_Herb},retired_capacity,0.0
Biomass_Herb,CEN,CEN_Bio_H2_CCS_99_Herb,CEN_Bio_H2_CCS_99_Herb_biomass_edge,BECCSHydrogen{NaturalGas},UnidirectionalEdge{MacroEnergy.Biomass_Herb},retired_capacity,0.0
Biomass_Herb,SE,SE_Bio_H2_CCS_99_Herb,SE_Bio_H2_CCS_99_Herb_biomass_edge,BECCSHydrogen{NaturalGas},UnidirectionalEdge{MacroEnergy.Biomass_Herb},retired_capacity,0.0
Biomass_Herb,MIDAT,MIDAT_Bio_H2_CCS_99_Herb,MIDAT_Bio_H2_CCS_99_Herb_biomass_edge,BECCSHydrogen{NaturalGas},UnidirectionalEdge{MacroEnergy.Biomass_Herb},retired_capacity,0.0
Biomass_Herb,NE,NE_Bio_H2_CCS_99_Herb,NE_Bio_H2_CCS_99_Herb_biomass_edge,BECCSHydrogen{NaturalGas},UnidirectionalEdge{MacroEnergy.Biomass_Herb},retired_capacity,0.0
Biomass_Wood,CA,CA_Bio_H2_CCS_99_Wood,CA_Bio_H2_CCS_99_Wood_biomass_edge,BECCSHydrogen{NaturalGas},UnidirectionalEdge{MacroEnergy.Biomass_Wood},retired_capacity,0.0
Biomass_Wood,NW,NW_Bio_H2_CCS_99_Wood,NW_Bio_H2_CCS_99_Wood_biomass_edge,BECCSHydrogen{NaturalGas},UnidirectionalEdge{MacroEnergy.Biomass_Wood},retired_capacity,0.0
Biomass_Wood,SW,SW_Bio_H2_CCS_99_Wood,SW_Bio_H2_CCS_99_Wood_biomass_edge,BECCSHydrogen{NaturalGas},UnidirectionalEdge{MacroEnergy.Biomass_Wood},retired_capacity,0.0
Biomass_Wood,TX,TX_Bio_H2_CCS_99_Wood,TX_Bio_H2_CCS_99_Wood_biomass_edge,BECCSHydrogen{NaturalGas},UnidirectionalEdge{MacroEnergy.Biomass_Wood},retired_capacity,0.0
Biomass_Wood,NCEN,NCEN_Bio_H2_CCS_99_Wood,NCEN_Bio_H2_CCS_99_Wood_biomass_edge,BECCSHydrogen{NaturalGas},UnidirectionalEdge{MacroEnergy.Biomass_Wood},retired_capacity,0.0
Biomass_Wood,CEN,CEN_Bio_H2_CCS_99_Wood,CEN_Bio_H2_CCS_99_Wood_biomass_edge,BECCSHydrogen{NaturalGas},UnidirectionalEdge{MacroEnergy.Biomass_Wood},retired_capacity,0.0
Biomass_Wood,SE,SE_Bio_H2_CCS_99_Wood,SE_Bio_H2_CCS_99_Wood_biomass_edge,BECCSHydrogen{NaturalGas},UnidirectionalEdge{MacroEnergy.Biomass_Wood},retired_capacity,0.0
Biomass_Wood,MIDAT,MIDAT_Bio_H2_CCS_99_Wood,MIDAT_Bio_H2_CCS_99_Wood_biomass_edge,BECCSHydrogen{NaturalGas},UnidirectionalEdge{MacroEnergy.Biomass_Wood},retired_capacity,0.0
Biomass_Wood,NE,NE_Bio_H2_CCS_99_Wood,NE_Bio_H2_CCS_99_Wood_biomass_edge,BECCSHydrogen{NaturalGas},UnidirectionalEdge{MacroEnergy.Biomass_Wood},retired_capacity,0.0
Biomass_Agri,CA,CA_Bio_H2_CCS_99_Agri,CA_Bio_H2_CCS_99_Agri_biomass_edge,BECCSHydrogen{NaturalGas},UnidirectionalEdge{MacroEnergy.Biomass_Agri},retired_capacity,0.0
Biomass_Agri,NW,NW_Bio_H2_CCS_99_Agri,NW_Bio_H2_CCS_99_Agri_biomass_edge,BECCSHydrogen{NaturalGas},UnidirectionalEdge{MacroEnergy.Biomass_Agri},retired_capacity,0.0
Biomass_Agri,SW,SW_Bio_H2_CCS_99_Agri,SW_Bio_H2_CCS_99_Agri_biomass_edge,BECCSHydrogen{NaturalGas},UnidirectionalEdge{MacroEnergy.Biomass_Agri},retired_capacity,0.0
Biomass_Agri,TX,TX_Bio_H2_CCS_99_Agri,TX_Bio_H2_CCS_99_Agri_biomass_edge,BECCSHydrogen{NaturalGas},UnidirectionalEdge{MacroEnergy.Biomass_Agri},retired_capacity,0.0
Biomass_Agri,NCEN,NCEN_Bio_H2_CCS_99_Agri,NCEN_Bio_H2_CCS_99_Agri_biomass_edge,BECCSHydrogen{NaturalGas},UnidirectionalEdge{MacroEnergy.Biomass_Agri},retired_capacity,0.0
Biomass_Agri,CEN,CEN_Bio_H2_CCS_99_Agri,CEN_Bio_H2_CCS_99_Agri_biomass_edge,BECCSHydrogen{NaturalGas},UnidirectionalEdge{MacroEnergy.Biomass_Agri},retired_capacity,0.0
Biomass_Agri,SE,SE_Bio_H2_CCS_99_Agri,SE_Bio_H2_CCS_99_Agri_biomass_edge,BECCSHydrogen{NaturalGas},UnidirectionalEdge{MacroEnergy.Biomass_Agri},retired_capacity,0.0
Biomass_Agri,MIDAT,MIDAT_Bio_H2_CCS_99_Agri,MIDAT_Bio_H2_CCS_99_Agri_biomass_edge,BECCSHydrogen{NaturalGas},UnidirectionalEdge{MacroEnergy.Biomass_Agri},retired_capacity,0.0
Biomass_Agri,NE,NE_Bio_H2_CCS_99_Agri,NE_Bio_H2_CCS_99_Agri_biomass_edge,BECCSHydrogen{NaturalGas},UnidirectionalEdge{MacroEnergy.Biomass_Agri},retired_capacity,0.0
Biomass_Herb,CA,CA_Gasoline_Gasification_Non_CCS_Herb,CA_Gasoline_Gasification_Non_CCS_Herb_biomass_edge,BECCSLiquidFuels,UnidirectionalEdge{MacroEnergy.Biomass_Herb},retired_capacity,0.0
Biomass_Herb,NW,NW_Gasoline_Gasification_Non_CCS_Herb,NW_Gasoline_Gasification_Non_CCS_Herb_biomass_edge,BECCSLiquidFuels,UnidirectionalEdge{MacroEnergy.Biomass_Herb},retired_capacity,0.0
Biomass_Herb,SW,SW_Gasoline_Gasification_Non_CCS_Herb,SW_Gasoline_Gasification_Non_CCS_Herb_biomass_edge,BECCSLiquidFuels,UnidirectionalEdge{MacroEnergy.Biomass_Herb},retired_capacity,0.0
Biomass_Herb,TX,TX_Gasoline_Gasification_Non_CCS_Herb,TX_Gasoline_Gasification_Non_CCS_Herb_biomass_edge,BECCSLiquidFuels,UnidirectionalEdge{MacroEnergy.Biomass_Herb},retired_capacity,0.0
Biomass_Herb,NCEN,NCEN_Gasoline_Gasification_Non_CCS_Herb,NCEN_Gasoline_Gasification_Non_CCS_Herb_biomass_edge,BECCSLiquidFuels,UnidirectionalEdge{MacroEnergy.Biomass_Herb},retired_capacity,0.0
Biomass_Herb,CEN,CEN_Gasoline_Gasification_Non_CCS_Herb,CEN_Gasoline_Gasification_Non_CCS_Herb_biomass_edge,BECCSLiquidFuels,UnidirectionalEdge{MacroEnergy.Biomass_Herb},retired_capacity,0.0
Biomass_Herb,SE,SE_Gasoline_Gasification_Non_CCS_Herb,SE_Gasoline_Gasification_Non_CCS_Herb_biomass_edge,BECCSLiquidFuels,UnidirectionalEdge{MacroEnergy.Biomass_Herb},retired_capacity,0.0
Biomass_Herb,MIDAT,MIDAT_Gasoline_Gasification_Non_CCS_Herb,MIDAT_Gasoline_Gasification_Non_CCS_Herb_biomass_edge,BECCSLiquidFuels,UnidirectionalEdge{MacroEnergy.Biomass_Herb},retired_capacity,0.0
Biomass_Herb,NE,NE_Gasoline_Gasification_Non_CCS_Herb,NE_Gasoline_Gasification_Non_CCS_Herb_biomass_edge,BECCSLiquidFuels,UnidirectionalEdge{MacroEnergy.Biomass_Herb},retired_capacity,0.0
Biomass_Wood,CA,CA_Gasoline_Gasification_Non_CCS_Wood,CA_Gasoline_Gasification_Non_CCS_Wood_biomass_edge,BECCSLiquidFuels,UnidirectionalEdge{MacroEnergy.Biomass_Wood},retired_capacity,0.0
Biomass_Wood,NW,NW_Gasoline_Gasification_Non_CCS_Wood,NW_Gasoline_Gasification_Non_CCS_Wood_biomass_edge,BECCSLiquidFuels,UnidirectionalEdge{MacroEnergy.Biomass_Wood},retired_capacity,0.0
Biomass_Wood,SW,SW_Gasoline_Gasification_Non_CCS_Wood,SW_Gasoline_Gasification_Non_CCS_Wood_biomass_edge,BECCSLiquidFuels,UnidirectionalEdge{MacroEnergy.Biomass_Wood},retired_capacity,0.0
Biomass_Wood,TX,TX_Gasoline_Gasification_Non_CCS_Wood,TX_Gasoline_Gasification_Non_CCS_Wood_biomass_edge,BECCSLiquidFuels,UnidirectionalEdge{MacroEnergy.Biomass_Wood},retired_capacity,0.0
Biomass_Wood,NCEN,NCEN_Gasoline_Gasification_Non_CCS_Wood,NCEN_Gasoline_Gasification_Non_CCS_Wood_biomass_edge,BECCSLiquidFuels,UnidirectionalEdge{MacroEnergy.Biomass_Wood},retired_capacity,0.0
Biomass_Wood,CEN,CEN_Gasoline_Gasification_Non_CCS_Wood,CEN_Gasoline_Gasification_Non_CCS_Wood_biomass_edge,BECCSLiquidFuels,UnidirectionalEdge{MacroEnergy.Biomass_Wood},retired_capacity,0.0
Biomass_Wood,SE,SE_Gasoline_Gasification_Non_CCS_Wood,SE_Gasoline_Gasification_Non_CCS_Wood_biomass_edge,BECCSLiquidFuels,UnidirectionalEdge{MacroEnergy.Biomass_Wood},retired_capacity,0.0
Biomass_Wood,MIDAT,MIDAT_Gasoline_Gasification_Non_CCS_Wood,MIDAT_Gasoline_Gasification_Non_CCS_Wood_biomass_edge,BECCSLiquidFuels,UnidirectionalEdge{MacroEnergy.Biomass_Wood},retired_capacity,0.0
Biomass_Wood,NE,NE_Gasoline_Gasification_Non_CCS_Wood,NE_Gasoline_Gasification_Non_CCS_Wood_biomass_edge,BECCSLiquidFuels,UnidirectionalEdge{MacroEnergy.Biomass_Wood},retired_capacity,0.0
Biomass_Agri,CA,CA_Gasoline_Gasification_Non_CCS_Agri,CA_Gasoline_Gasification_Non_CCS_Agri_biomass_edge,BECCSLiquidFuels,UnidirectionalEdge{MacroEnergy.Biomass_Agri},retired_capacity,0.0
Biomass_Agri,NW,NW_Gasoline_Gasification_Non_CCS_Agri,NW_Gasoline_Gasification_Non_CCS_Agri_biomass_edge,BECCSLiquidFuels,UnidirectionalEdge{MacroEnergy.Biomass_Agri},retired_capacity,0.0
Biomass_Agri,SW,SW_Gasoline_Gasification_Non_CCS_Agri,SW_Gasoline_Gasification_Non_CCS_Agri_biomass_edge,BECCSLiquidFuels,UnidirectionalEdge{MacroEnergy.Biomass_Agri},retired_capacity,0.0
Biomass_Agri,TX,TX_Gasoline_Gasification_Non_CCS_Agri,TX_Gasoline_Gasification_Non_CCS_Agri_biomass_edge,BECCSLiquidFuels,UnidirectionalEdge{MacroEnergy.Biomass_Agri},retired_capacity,0.0
Biomass_Agri,NCEN,NCEN_Gasoline_Gasification_Non_CCS_Agri,NCEN_Gasoline_Gasification_Non_CCS_Agri_biomass_edge,BECCSLiquidFuels,UnidirectionalEdge{MacroEnergy.Biomass_Agri},retired_capacity,0.0
Biomass_Agri,CEN,CEN_Gasoline_Gasification_Non_CCS_Agri,CEN_Gasoline_Gasification_Non_CCS_Agri_biomass_edge,BECCSLiquidFuels,UnidirectionalEdge{MacroEnergy.Biomass_Agri},retired_capacity,0.0
Biomass_Agri,SE,SE_Gasoline_Gasification_Non_CCS_Agri,SE_Gasoline_Gasification_Non_CCS_Agri_biomass_edge,BECCSLiquidFuels,UnidirectionalEdge{MacroEnergy.Biomass_Agri},retired_capacity,0.0
Biomass_Agri,MIDAT,MIDAT_Gasoline_Gasification_Non_CCS_Agri,MIDAT_Gasoline_Gasification_Non_CCS_Agri_biomass_edge,BECCSLiquidFuels,UnidirectionalEdge{MacroEnergy.Biomass_Agri},retired_capacity,0.0
Biomass_Agri,NE,NE_Gasoline_Gasification_Non_CCS_Agri,NE_Gasoline_Gasification_Non_CCS_Agri_biomass_edge,BECCSLiquidFuels,UnidirectionalEdge{MacroEnergy.Biomass_Agri},retired_capacity,0.0
Biomass_Herb,CA,CA_Gasoline_Gasification_CCS_31_Herb,CA_Gasoline_Gasification_CCS_31_Herb_biomass_edge,BECCSLiquidFuels,UnidirectionalEdge{MacroEnergy.Biomass_Herb},retired_capacity,0.0
Biomass_Herb,NW,NW_Gasoline_Gasification_CCS_31_Herb,NW_Gasoline_Gasification_CCS_31_Herb_biomass_edge,BECCSLiquidFuels,UnidirectionalEdge{MacroEnergy.Biomass_Herb},retired_capacity,0.0
Biomass_Herb,SW,SW_Gasoline_Gasification_CCS_31_Herb,SW_Gasoline_Gasification_CCS_31_Herb_biomass_edge,BECCSLiquidFuels,UnidirectionalEdge{MacroEnergy.Biomass_Herb},retired_capacity,0.0
Biomass_Herb,TX,TX_Gasoline_Gasification_CCS_31_Herb,TX_Gasoline_Gasification_CCS_31_Herb_biomass_edge,BECCSLiquidFuels,UnidirectionalEdge{MacroEnergy.Biomass_Herb},retired_capacity,0.0
Biomass_Herb,NCEN,NCEN_Gasoline_Gasification_CCS_31_Herb,NCEN_Gasoline_Gasification_CCS_31_Herb_biomass_edge,BECCSLiquidFuels,UnidirectionalEdge{MacroEnergy.Biomass_Herb},retired_capacity,0.0
Biomass_Herb,CEN,CEN_Gasoline_Gasification_CCS_31_Herb,CEN_Gasoline_Gasification_CCS_31_Herb_biomass_edge,BECCSLiquidFuels,UnidirectionalEdge{MacroEnergy.Biomass_Herb},retired_capacity,0.0
Biomass_Herb,SE,SE_Gasoline_Gasification_CCS_31_Herb,SE_Gasoline_Gasification_CCS_31_Herb_biomass_edge,BECCSLiquidFuels,UnidirectionalEdge{MacroEnergy.Biomass_Herb},retired_capacity,0.0
Biomass_Herb,MIDAT,MIDAT_Gasoline_Gasification_CCS_31_Herb,MIDAT_Gasoline_Gasification_CCS_31_Herb_biomass_edge,BECCSLiquidFuels,UnidirectionalEdge{MacroEnergy.Biomass_Herb},retired_capacity,0.0
Biomass_Herb,NE,NE_Gasoline_Gasification_CCS_31_Herb,NE_Gasoline_Gasification_CCS_31_Herb_biomass_edge,BECCSLiquidFuels,UnidirectionalEdge{MacroEnergy.Biomass_Herb},retired_capacity,0.0
Biomass_Wood,CA,CA_Gasoline_Gasification_CCS_31_Wood,CA_Gasoline_Gasification_CCS_31_Wood_biomass_edge,BECCSLiquidFuels,UnidirectionalEdge{MacroEnergy.Biomass_Wood},retired_capacity,0.0
Biomass_Wood,NW,NW_Gasoline_Gasification_CCS_31_Wood,NW_Gasoline_Gasification_CCS_31_Wood_biomass_edge,BECCSLiquidFuels,UnidirectionalEdge{MacroEnergy.Biomass_Wood},retired_capacity,0.0
Biomass_Wood,SW,SW_Gasoline_Gasification_CCS_31_Wood,SW_Gasoline_Gasification_CCS_31_Wood_biomass_edge,BECCSLiquidFuels,UnidirectionalEdge{MacroEnergy.Biomass_Wood},retired_capacity,0.0
Biomass_Wood,TX,TX_Gasoline_Gasification_CCS_31_Wood,TX_Gasoline_Gasification_CCS_31_Wood_biomass_edge,BECCSLiquidFuels,UnidirectionalEdge{MacroEnergy.Biomass_Wood},retired_capacity,0.0
Biomass_Wood,NCEN,NCEN_Gasoline_Gasification_CCS_31_Wood,NCEN_Gasoline_Gasification_CCS_31_Wood_biomass_edge,BECCSLiquidFuels,UnidirectionalEdge{MacroEnergy.Biomass_Wood},retired_capacity,0.0
Biomass_Wood,CEN,CEN_Gasoline_Gasification_CCS_31_Wood,CEN_Gasoline_Gasification_CCS_31_Wood_biomass_edge,BECCSLiquidFuels,UnidirectionalEdge{MacroEnergy.Biomass_Wood},retired_capacity,0.0
Biomass_Wood,SE,SE_Gasoline_Gasification_CCS_31_Wood,SE_Gasoline_Gasification_CCS_31_Wood_biomass_edge,BECCSLiquidFuels,UnidirectionalEdge{MacroEnergy.Biomass_Wood},retired_capacity,0.0
Biomass_Wood,MIDAT,MIDAT_Gasoline_Gasification_CCS_31_Wood,MIDAT_Gasoline_Gasification_CCS_31_Wood_biomass_edge,BECCSLiquidFuels,UnidirectionalEdge{MacroEnergy.Biomass_Wood},retired_capacity,0.0
Biomass_Wood,NE,NE_Gasoline_Gasification_CCS_31_Wood,NE_Gasoline_Gasification_CCS_31_Wood_biomass_edge,BECCSLiquidFuels,UnidirectionalEdge{MacroEnergy.Biomass_Wood},retired_capacity,0.0
Biomass_Agri,CA,CA_Gasoline_Gasification_CCS_31_Agri,CA_Gasoline_Gasification_CCS_31_Agri_biomass_edge,BECCSLiquidFuels,UnidirectionalEdge{MacroEnergy.Biomass_Agri},retired_capacity,0.0
Biomass_Agri,NW,NW_Gasoline_Gasification_CCS_31_Agri,NW_Gasoline_Gasification_CCS_31_Agri_biomass_edge,BECCSLiquidFuels,UnidirectionalEdge{MacroEnergy.Biomass_Agri},retired_capacity,0.0
Biomass_Agri,SW,SW_Gasoline_Gasification_CCS_31_Agri,SW_Gasoline_Gasification_CCS_31_Agri_biomass_edge,BECCSLiquidFuels,UnidirectionalEdge{MacroEnergy.Biomass_Agri},retired_capacity,0.0
Biomass_Agri,TX,TX_Gasoline_Gasification_CCS_31_Agri,TX_Gasoline_Gasification_CCS_31_Agri_biomass_edge,BECCSLiquidFuels,UnidirectionalEdge{MacroEnergy.Biomass_Agri},retired_capacity,0.0
Biomass_Agri,NCEN,NCEN_Gasoline_Gasification_CCS_31_Agri,NCEN_Gasoline_Gasification_CCS_31_Agri_biomass_edge,BECCSLiquidFuels,UnidirectionalEdge{MacroEnergy.Biomass_Agri},retired_capacity,0.0
Biomass_Agri,CEN,CEN_Gasoline_Gasification_CCS_31_Agri,CEN_Gasoline_Gasification_CCS_31_Agri_biomass_edge,BECCSLiquidFuels,UnidirectionalEdge{MacroEnergy.Biomass_Agri},retired_capacity,0.0
Biomass_Agri,SE,SE_Gasoline_Gasification_CCS_31_Agri,SE_Gasoline_Gasification_CCS_31_Agri_biomass_edge,BECCSLiquidFuels,UnidirectionalEdge{MacroEnergy.Biomass_Agri},retired_capacity,0.0
Biomass_Agri,MIDAT,MIDAT_Gasoline_Gasification_CCS_31_Agri,MIDAT_Gasoline_Gasification_CCS_31_Agri_biomass_edge,BECCSLiquidFuels,UnidirectionalEdge{MacroEnergy.Biomass_Agri},retired_capacity,0.0
Biomass_Agri,NE,NE_Gasoline_Gasification_CCS_31_Agri,NE_Gasoline_Gasification_CCS_31_Agri_biomass_edge,BECCSLiquidFuels,UnidirectionalEdge{MacroEnergy.Biomass_Agri},retired_capacity,0.0
Biomass_Herb,CA,CA_Gasoline_Gasification_CCS_99_Herb,CA_Gasoline_Gasification_CCS_99_Herb_biomass_edge,BECCSLiquidFuels,UnidirectionalEdge{MacroEnergy.Biomass_Herb},retired_capacity,0.0
Biomass_Herb,NW,NW_Gasoline_Gasification_CCS_99_Herb,NW_Gasoline_Gasification_CCS_99_Herb_biomass_edge,BECCSLiquidFuels,UnidirectionalEdge{MacroEnergy.Biomass_Herb},retired_capacity,0.0
Biomass_Herb,SW,SW_Gasoline_Gasification_CCS_99_Herb,SW_Gasoline_Gasification_CCS_99_Herb_biomass_edge,BECCSLiquidFuels,UnidirectionalEdge{MacroEnergy.Biomass_Herb},retired_capacity,0.0
Biomass_Herb,TX,TX_Gasoline_Gasification_CCS_99_Herb,TX_Gasoline_Gasification_CCS_99_Herb_biomass_edge,BECCSLiquidFuels,UnidirectionalEdge{MacroEnergy.Biomass_Herb},retired_capacity,0.0
Biomass_Herb,NCEN,NCEN_Gasoline_Gasification_CCS_99_Herb,NCEN_Gasoline_Gasification_CCS_99_Herb_biomass_edge,BECCSLiquidFuels,UnidirectionalEdge{MacroEnergy.Biomass_Herb},retired_capacity,0.0
Biomass_Herb,CEN,CEN_Gasoline_Gasification_CCS_99_Herb,CEN_Gasoline_Gasification_CCS_99_Herb_biomass_edge,BECCSLiquidFuels,UnidirectionalEdge{MacroEnergy.Biomass_Herb},retired_capacity,0.0
Biomass_Herb,SE,SE_Gasoline_Gasification_CCS_99_Herb,SE_Gasoline_Gasification_CCS_99_Herb_biomass_edge,BECCSLiquidFuels,UnidirectionalEdge{MacroEnergy.Biomass_Herb},retired_capacity,0.0
Biomass_Herb,MIDAT,MIDAT_Gasoline_Gasification_CCS_99_Herb,MIDAT_Gasoline_Gasification_CCS_99_Herb_biomass_edge,BECCSLiquidFuels,UnidirectionalEdge{MacroEnergy.Biomass_Herb},retired_capacity,0.0
Biomass_Herb,NE,NE_Gasoline_Gasification_CCS_99_Herb,NE_Gasoline_Gasification_CCS_99_Herb_biomass_edge,BECCSLiquidFuels,UnidirectionalEdge{MacroEnergy.Biomass_Herb},retired_capacity,0.0
Biomass_Wood,CA,CA_Gasoline_Gasification_CCS_99_Wood,CA_Gasoline_Gasification_CCS_99_Wood_biomass_edge,BECCSLiquidFuels,UnidirectionalEdge{MacroEnergy.Biomass_Wood},retired_capacity,0.0
Biomass_Wood,NW,NW_Gasoline_Gasification_CCS_99_Wood,NW_Gasoline_Gasification_CCS_99_Wood_biomass_edge,BECCSLiquidFuels,UnidirectionalEdge{MacroEnergy.Biomass_Wood},retired_capacity,0.0
Biomass_Wood,SW,SW_Gasoline_Gasification_CCS_99_Wood,SW_Gasoline_Gasification_CCS_99_Wood_biomass_edge,BECCSLiquidFuels,UnidirectionalEdge{MacroEnergy.Biomass_Wood},retired_capacity,0.0
Biomass_Wood,TX,TX_Gasoline_Gasification_CCS_99_Wood,TX_Gasoline_Gasification_CCS_99_Wood_biomass_edge,BECCSLiquidFuels,UnidirectionalEdge{MacroEnergy.Biomass_Wood},retired_capacity,0.0
Biomass_Wood,NCEN,NCEN_Gasoline_Gasification_CCS_99_Wood,NCEN_Gasoline_Gasification_CCS_99_Wood_biomass_edge,BECCSLiquidFuels,UnidirectionalEdge{MacroEnergy.Biomass_Wood},retired_capacity,0.0
Biomass_Wood,CEN,CEN_Gasoline_Gasification_CCS_99_Wood,CEN_Gasoline_Gasification_CCS_99_Wood_biomass_edge,BECCSLiquidFuels,UnidirectionalEdge{MacroEnergy.Biomass_Wood},retired_capacity,0.0
Biomass_Wood,SE,SE_Gasoline_Gasification_CCS_99_Wood,SE_Gasoline_Gasification_CCS_99_Wood_biomass_edge,BECCSLiquidFuels,UnidirectionalEdge{MacroEnergy.Biomass_Wood},retired_capacity,0.0
Biomass_Wood,MIDAT,MIDAT_Gasoline_Gasification_CCS_99_Wood,MIDAT_Gasoline_Gasification_CCS_99_Wood_biomass_edge,BECCSLiquidFuels,UnidirectionalEdge{MacroEnergy.Biomass_Wood},retired_capacity,0.0
Biomass_Wood,NE,NE_Gasoline_Gasification_CCS_99_Wood,NE_Gasoline_Gasification_CCS_99_Wood_biomass_edge,BECCSLiquidFuels,UnidirectionalEdge{MacroEnergy.Biomass_Wood},retired_capacity,0.0
Biomass_Agri,CA,CA_Gasoline_Gasification_CCS_99_Agri,CA_Gasoline_Gasification_CCS_99_Agri_biomass_edge,BECCSLiquidFuels,UnidirectionalEdge{MacroEnergy.Biomass_Agri},retired_capacity,0.0
Biomass_Agri,NW,NW_Gasoline_Gasification_CCS_99_Agri,NW_Gasoline_Gasification_CCS_99_Agri_biomass_edge,BECCSLiquidFuels,UnidirectionalEdge{MacroEnergy.Biomass_Agri},retired_capacity,0.0
Biomass_Agri,SW,SW_Gasoline_Gasification_CCS_99_Agri,SW_Gasoline_Gasification_CCS_99_Agri_biomass_edge,BECCSLiquidFuels,UnidirectionalEdge{MacroEnergy.Biomass_Agri},retired_capacity,0.0
Biomass_Agri,TX,TX_Gasoline_Gasification_CCS_99_Agri,TX_Gasoline_Gasification_CCS_99_Agri_biomass_edge,BECCSLiquidFuels,UnidirectionalEdge{MacroEnergy.Biomass_Agri},retired_capacity,0.0
Biomass_Agri,NCEN,NCEN_Gasoline_Gasification_CCS_99_Agri,NCEN_Gasoline_Gasification_CCS_99_Agri_biomass_edge,BECCSLiquidFuels,UnidirectionalEdge{MacroEnergy.Biomass_Agri},retired_capacity,0.0
Biomass_Agri,CEN,CEN_Gasoline_Gasification_CCS_99_Agri,CEN_Gasoline_Gasification_CCS_99_Agri_biomass_edge,BECCSLiquidFuels,UnidirectionalEdge{MacroEnergy.Biomass_Agri},retired_capacity,0.0
Biomass_Agri,SE,SE_Gasoline_Gasification_CCS_99_Agri,SE_Gasoline_Gasification_CCS_99_Agri_biomass_edge,BECCSLiquidFuels,UnidirectionalEdge{MacroEnergy.Biomass_Agri},retired_capacity,0.0
Biomass_Agri,MIDAT,MIDAT_Gasoline_Gasification_CCS_99_Agri,MIDAT_Gasoline_Gasification_CCS_99_Agri_biomass_edge,BECCSLiquidFuels,UnidirectionalEdge{MacroEnergy.Biomass_Agri},retired_capacity,0.0
Biomass_Agri,NE,NE_Gasoline_Gasification_CCS_99_Agri,NE_Gasoline_Gasification_CCS_99_Agri_biomass_edge,BECCSLiquidFuels,UnidirectionalEdge{MacroEnergy.Biomass_Agri},retired_capacity,0.0
Biomass_Herb,CA,CA_FT_High_Diesel_Non_CCS_Herb,CA_FT_High_Diesel_Non_CCS_Herb_biomass_edge,BECCSLiquidFuels,UnidirectionalEdge{MacroEnergy.Biomass_Herb},retired_capacity,0.0
Biomass_Herb,NW,NW_FT_High_Diesel_Non_CCS_Herb,NW_FT_High_Diesel_Non_CCS_Herb_biomass_edge,BECCSLiquidFuels,UnidirectionalEdge{MacroEnergy.Biomass_Herb},retired_capacity,0.0
Biomass_Herb,SW,SW_FT_High_Diesel_Non_CCS_Herb,SW_FT_High_Diesel_Non_CCS_Herb_biomass_edge,BECCSLiquidFuels,UnidirectionalEdge{MacroEnergy.Biomass_Herb},retired_capacity,0.0
Biomass_Herb,TX,TX_FT_High_Diesel_Non_CCS_Herb,TX_FT_High_Diesel_Non_CCS_Herb_biomass_edge,BECCSLiquidFuels,UnidirectionalEdge{MacroEnergy.Biomass_Herb},retired_capacity,0.0
Biomass_Herb,NCEN,NCEN_FT_High_Diesel_Non_CCS_Herb,NCEN_FT_High_Diesel_Non_CCS_Herb_biomass_edge,BECCSLiquidFuels,UnidirectionalEdge{MacroEnergy.Biomass_Herb},retired_capacity,0.0
Biomass_Herb,CEN,CEN_FT_High_Diesel_Non_CCS_Herb,CEN_FT_High_Diesel_Non_CCS_Herb_biomass_edge,BECCSLiquidFuels,UnidirectionalEdge{MacroEnergy.Biomass_Herb},retired_capacity,0.0
Biomass_Herb,SE,SE_FT_High_Diesel_Non_CCS_Herb,SE_FT_High_Diesel_Non_CCS_Herb_biomass_edge,BECCSLiquidFuels,UnidirectionalEdge{MacroEnergy.Biomass_Herb},retired_capacity,0.0
Biomass_Herb,MIDAT,MIDAT_FT_High_Diesel_Non_CCS_Herb,MIDAT_FT_High_Diesel_Non_CCS_Herb_biomass_edge,BECCSLiquidFuels,UnidirectionalEdge{MacroEnergy.Biomass_Herb},retired_capacity,0.0
Biomass_Herb,NE,NE_FT_High_Diesel_Non_CCS_Herb,NE_FT_High_Diesel_Non_CCS_Herb_biomass_edge,BECCSLiquidFuels,UnidirectionalEdge{MacroEnergy.Biomass_Herb},retired_capacity,0.0
Biomass_Wood,CA,CA_FT_High_Diesel_Non_CCS_Wood,CA_FT_High_Diesel_Non_CCS_Wood_biomass_edge,BECCSLiquidFuels,UnidirectionalEdge{MacroEnergy.Biomass_Wood},retired_capacity,0.0
Biomass_Wood,NW,NW_FT_High_Diesel_Non_CCS_Wood,NW_FT_High_Diesel_Non_CCS_Wood_biomass_edge,BECCSLiquidFuels,UnidirectionalEdge{MacroEnergy.Biomass_Wood},retired_capacity,0.0
Biomass_Wood,SW,SW_FT_High_Diesel_Non_CCS_Wood,SW_FT_High_Diesel_Non_CCS_Wood_biomass_edge,BECCSLiquidFuels,UnidirectionalEdge{MacroEnergy.Biomass_Wood},retired_capacity,0.0
Biomass_Wood,TX,TX_FT_High_Diesel_Non_CCS_Wood,TX_FT_High_Diesel_Non_CCS_Wood_biomass_edge,BECCSLiquidFuels,UnidirectionalEdge{MacroEnergy.Biomass_Wood},retired_capacity,0.0
Biomass_Wood,NCEN,NCEN_FT_High_Diesel_Non_CCS_Wood,NCEN_FT_High_Diesel_Non_CCS_Wood_biomass_edge,BECCSLiquidFuels,UnidirectionalEdge{MacroEnergy.Biomass_Wood},retired_capacity,0.0
Biomass_Wood,CEN,CEN_FT_High_Diesel_Non_CCS_Wood,CEN_FT_High_Diesel_Non_CCS_Wood_biomass_edge,BECCSLiquidFuels,UnidirectionalEdge{MacroEnergy.Biomass_Wood},retired_capacity,0.0
Biomass_Wood,SE,SE_FT_High_Diesel_Non_CCS_Wood,SE_FT_High_Diesel_Non_CCS_Wood_biomass_edge,BECCSLiquidFuels,UnidirectionalEdge{MacroEnergy.Biomass_Wood},retired_capacity,0.0
Biomass_Wood,MIDAT,MIDAT_FT_High_Diesel_Non_CCS_Wood,MIDAT_FT_High_Diesel_Non_CCS_Wood_biomass_edge,BECCSLiquidFuels,UnidirectionalEdge{MacroEnergy.Biomass_Wood},retired_capacity,0.0
Biomass_Wood,NE,NE_FT_High_Diesel_Non_CCS_Wood,NE_FT_High_Diesel_Non_CCS_Wood_biomass_edge,BECCSLiquidFuels,UnidirectionalEdge{MacroEnergy.Biomass_Wood},retired_capacity,0.0
Biomass_Agri,CA,CA_FT_High_Diesel_Agri,CA_FT_High_Diesel_Agri_biomass_edge,BECCSLiquidFuels,UnidirectionalEdge{MacroEnergy.Biomass_Agri},retired_capacity,0.0
Biomass_Agri,NW,NW_FT_High_Diesel_Agri,NW_FT_High_Diesel_Agri_biomass_edge,BECCSLiquidFuels,UnidirectionalEdge{MacroEnergy.Biomass_Agri},retired_capacity,0.0
Biomass_Agri,SW,SW_FT_High_Diesel_Agri,SW_FT_High_Diesel_Agri_biomass_edge,BECCSLiquidFuels,UnidirectionalEdge{MacroEnergy.Biomass_Agri},retired_capacity,0.0
Biomass_Agri,TX,TX_FT_High_Diesel_Agri,TX_FT_High_Diesel_Agri_biomass_edge,BECCSLiquidFuels,UnidirectionalEdge{MacroEnergy.Biomass_Agri},retired_capacity,0.0
Biomass_Agri,NCEN,NCEN_FT_High_Diesel_Agri,NCEN_FT_High_Diesel_Agri_biomass_edge,BECCSLiquidFuels,UnidirectionalEdge{MacroEnergy.Biomass_Agri},retired_capacity,0.0
Biomass_Agri,CEN,CEN_FT_High_Diesel_Agri,CEN_FT_High_Diesel_Agri_biomass_edge,BECCSLiquidFuels,UnidirectionalEdge{MacroEnergy.Biomass_Agri},retired_capacity,0.0
Biomass_Agri,SE,SE_FT_High_Diesel_Agri,SE_FT_High_Diesel_Agri_biomass_edge,BECCSLiquidFuels,UnidirectionalEdge{MacroEnergy.Biomass_Agri},retired_capacity,0.0
Biomass_Agri,MIDAT,MIDAT_FT_High_Diesel_Agri,MIDAT_FT_High_Diesel_Agri_biomass_edge,BECCSLiquidFuels,UnidirectionalEdge{MacroEnergy.Biomass_Agri},retired_capacity,0.0
Biomass_Agri,NE,NE_FT_High_Diesel_Agri,NE_FT_High_Diesel_Agri_biomass_edge,BECCSLiquidFuels,UnidirectionalEdge{MacroEnergy.Biomass_Agri},retired_capacity,0.0
Biomass_Herb,CA,CA_FT_High_Diesel_CCS_53_Herb,CA_FT_High_Diesel_CCS_53_Herb_biomass_edge,BECCSLiquidFuels,UnidirectionalEdge{MacroEnergy.Biomass_Herb},retired_capacity,0.0
Biomass_Herb,NW,NW_FT_High_Diesel_CCS_53_Herb,NW_FT_High_Diesel_CCS_53_Herb_biomass_edge,BECCSLiquidFuels,UnidirectionalEdge{MacroEnergy.Biomass_Herb},retired_capacity,0.0
Biomass_Herb,SW,SW_FT_High_Diesel_CCS_53_Herb,SW_FT_High_Diesel_CCS_53_Herb_biomass_edge,BECCSLiquidFuels,UnidirectionalEdge{MacroEnergy.Biomass_Herb},retired_capacity,0.0
Biomass_Herb,TX,TX_FT_High_Diesel_CCS_53_Herb,TX_FT_High_Diesel_CCS_53_Herb_biomass_edge,BECCSLiquidFuels,UnidirectionalEdge{MacroEnergy.Biomass_Herb},retired_capacity,0.0
Biomass_Herb,NCEN,NCEN_FT_High_Diesel_CCS_53_Herb,NCEN_FT_High_Diesel_CCS_53_Herb_biomass_edge,BECCSLiquidFuels,UnidirectionalEdge{MacroEnergy.Biomass_Herb},retired_capacity,0.0
Biomass_Herb,CEN,CEN_FT_High_Diesel_CCS_53_Herb,CEN_FT_High_Diesel_CCS_53_Herb_biomass_edge,BECCSLiquidFuels,UnidirectionalEdge{MacroEnergy.Biomass_Herb},retired_capacity,0.0
Biomass_Herb,SE,SE_FT_High_Diesel_CCS_53_Herb,SE_FT_High_Diesel_CCS_53_Herb_biomass_edge,BECCSLiquidFuels,UnidirectionalEdge{MacroEnergy.Biomass_Herb},retired_capacity,0.0
Biomass_Herb,MIDAT,MIDAT_FT_High_Diesel_CCS_53_Herb,MIDAT_FT_High_Diesel_CCS_53_Herb_biomass_edge,BECCSLiquidFuels,UnidirectionalEdge{MacroEnergy.Biomass_Herb},retired_capacity,0.0
Biomass_Herb,NE,NE_FT_High_Diesel_CCS_53_Herb,NE_FT_High_Diesel_CCS_53_Herb_biomass_edge,BECCSLiquidFuels,UnidirectionalEdge{MacroEnergy.Biomass_Herb},retired_capacity,0.0
Biomass_Wood,CA,CA_FT_High_Diesel_CCS_53_Wood,CA_FT_High_Diesel_CCS_53_Wood_biomass_edge,BECCSLiquidFuels,UnidirectionalEdge{MacroEnergy.Biomass_Wood},retired_capacity,0.0
Biomass_Wood,NW,NW_FT_High_Diesel_CCS_53_Wood,NW_FT_High_Diesel_CCS_53_Wood_biomass_edge,BECCSLiquidFuels,UnidirectionalEdge{MacroEnergy.Biomass_Wood},retired_capacity,0.0
Biomass_Wood,SW,SW_FT_High_Diesel_CCS_53_Wood,SW_FT_High_Diesel_CCS_53_Wood_biomass_edge,BECCSLiquidFuels,UnidirectionalEdge{MacroEnergy.Biomass_Wood},retired_capacity,0.0
Biomass_Wood,TX,TX_FT_High_Diesel_CCS_53_Wood,TX_FT_High_Diesel_CCS_53_Wood_biomass_edge,BECCSLiquidFuels,UnidirectionalEdge{MacroEnergy.Biomass_Wood},retired_capacity,0.0
Biomass_Wood,NCEN,NCEN_FT_High_Diesel_CCS_53_Wood,NCEN_FT_High_Diesel_CCS_53_Wood_biomass_edge,BECCSLiquidFuels,UnidirectionalEdge{MacroEnergy.Biomass_Wood},retired_capacity,0.0
Biomass_Wood,CEN,CEN_FT_High_Diesel_CCS_53_Wood,CEN_FT_High_Diesel_CCS_53_Wood_biomass_edge,BECCSLiquidFuels,UnidirectionalEdge{MacroEnergy.Biomass_Wood},retired_capacity,0.0
Biomass_Wood,SE,SE_FT_High_Diesel_CCS_53_Wood,SE_FT_High_Diesel_CCS_53_Wood_biomass_edge,BECCSLiquidFuels,UnidirectionalEdge{MacroEnergy.Biomass_Wood},retired_capacity,0.0
Biomass_Wood,MIDAT,MIDAT_FT_High_Diesel_CCS_53_Wood,MIDAT_FT_High_Diesel_CCS_53_Wood_biomass_edge,BECCSLiquidFuels,UnidirectionalEdge{MacroEnergy.Biomass_Wood},retired_capacity,0.0
Biomass_Wood,NE,NE_FT_High_Diesel_CCS_53_Wood,NE_FT_High_Diesel_CCS_53_Wood_biomass_edge,BECCSLiquidFuels,UnidirectionalEdge{MacroEnergy.Biomass_Wood},retired_capacity,0.0
Biomass_Agri,CA,CA_FT_High_Diesel_CCS_53_Agri,CA_FT_High_Diesel_CCS_53_Agri_biomass_edge,BECCSLiquidFuels,UnidirectionalEdge{MacroEnergy.Biomass_Agri},retired_capacity,0.0
Biomass_Agri,NW,NW_FT_High_Diesel_CCS_53_Agri,NW_FT_High_Diesel_CCS_53_Agri_biomass_edge,BECCSLiquidFuels,UnidirectionalEdge{MacroEnergy.Biomass_Agri},retired_capacity,0.0
Biomass_Agri,SW,SW_FT_High_Diesel_CCS_53_Agri,SW_FT_High_Diesel_CCS_53_Agri_biomass_edge,BECCSLiquidFuels,UnidirectionalEdge{MacroEnergy.Biomass_Agri},retired_capacity,0.0
Biomass_Agri,TX,TX_FT_High_Diesel_CCS_53_Agri,TX_FT_High_Diesel_CCS_53_Agri_biomass_edge,BECCSLiquidFuels,UnidirectionalEdge{MacroEnergy.Biomass_Agri},retired_capacity,0.0
Biomass_Agri,NCEN,NCEN_FT_High_Diesel_CCS_53_Agri,NCEN_FT_High_Diesel_CCS_53_Agri_biomass_edge,BECCSLiquidFuels,UnidirectionalEdge{MacroEnergy.Biomass_Agri},retired_capacity,0.0
Biomass_Agri,CEN,CEN_FT_High_Diesel_CCS_53_Agri,CEN_FT_High_Diesel_CCS_53_Agri_biomass_edge,BECCSLiquidFuels,UnidirectionalEdge{MacroEnergy.Biomass_Agri},retired_capacity,0.0
Biomass_Agri,SE,SE_FT_High_Diesel_CCS_53_Agri,SE_FT_High_Diesel_CCS_53_Agri_biomass_edge,BECCSLiquidFuels,UnidirectionalEdge{MacroEnergy.Biomass_Agri},retired_capacity,0.0
Biomass_Agri,MIDAT,MIDAT_FT_High_Diesel_CCS_53_Agri,MIDAT_FT_High_Diesel_CCS_53_Agri_biomass_edge,BECCSLiquidFuels,UnidirectionalEdge{MacroEnergy.Biomass_Agri},retired_capacity,0.0
Biomass_Agri,NE,NE_FT_High_Diesel_CCS_53_Agri,NE_FT_High_Diesel_CCS_53_Agri_biomass_edge,BECCSLiquidFuels,UnidirectionalEdge{MacroEnergy.Biomass_Agri},retired_capacity,0.0
Biomass_Herb,CA,CA_FT_High_Diesel_CCS_99_Herb,CA_FT_High_Diesel_CCS_99_Herb_biomass_edge,BECCSLiquidFuels,UnidirectionalEdge{MacroEnergy.Biomass_Herb},retired_capacity,0.0
Biomass_Herb,NW,NW_FT_High_Diesel_CCS_99_Herb,NW_FT_High_Diesel_CCS_99_Herb_biomass_edge,BECCSLiquidFuels,UnidirectionalEdge{MacroEnergy.Biomass_Herb},retired_capacity,0.0
Biomass_Herb,SW,SW_FT_High_Diesel_CCS_99_Herb,SW_FT_High_Diesel_CCS_99_Herb_biomass_edge,BECCSLiquidFuels,UnidirectionalEdge{MacroEnergy.Biomass_Herb},retired_capacity,0.0
Biomass_Herb,TX,TX_FT_High_Diesel_CCS_99_Herb,TX_FT_High_Diesel_CCS_99_Herb_biomass_edge,BECCSLiquidFuels,UnidirectionalEdge{MacroEnergy.Biomass_Herb},retired_capacity,0.0
Biomass_Herb,NCEN,NCEN_FT_High_Diesel_CCS_99_Herb,NCEN_FT_High_Diesel_CCS_99_Herb_biomass_edge,BECCSLiquidFuels,UnidirectionalEdge{MacroEnergy.Biomass_Herb},retired_capacity,0.0
Biomass_Herb,CEN,CEN_FT_High_Diesel_CCS_99_Herb,CEN_FT_High_Diesel_CCS_99_Herb_biomass_edge,BECCSLiquidFuels,UnidirectionalEdge{MacroEnergy.Biomass_Herb},retired_capacity,0.0
Biomass_Herb,SE,SE_FT_High_Diesel_CCS_99_Herb,SE_FT_High_Diesel_CCS_99_Herb_biomass_edge,BECCSLiquidFuels,UnidirectionalEdge{MacroEnergy.Biomass_Herb},retired_capacity,0.0
Biomass_Herb,MIDAT,MIDAT_FT_High_Diesel_CCS_99_Herb,MIDAT_FT_High_Diesel_CCS_99_Herb_biomass_edge,BECCSLiquidFuels,UnidirectionalEdge{MacroEnergy.Biomass_Herb},retired_capacity,0.0
Biomass_Herb,NE,NE_FT_High_Diesel_CCS_99_Herb,NE_FT_High_Diesel_CCS_99_Herb_biomass_edge,BECCSLiquidFuels,UnidirectionalEdge{MacroEnergy.Biomass_Herb},retired_capacity,0.0
Biomass_Wood,CA,CA_FT_High_Diesel_CCS_99_Wood,CA_FT_High_Diesel_CCS_99_Wood_biomass_edge,BECCSLiquidFuels,UnidirectionalEdge{MacroEnergy.Biomass_Wood},retired_capacity,0.0
Biomass_Wood,NW,NW_FT_High_Diesel_CCS_99_Wood,NW_FT_High_Diesel_CCS_99_Wood_biomass_edge,BECCSLiquidFuels,UnidirectionalEdge{MacroEnergy.Biomass_Wood},retired_capacity,0.0
Biomass_Wood,SW,SW_FT_High_Diesel_CCS_99_Wood,SW_FT_High_Diesel_CCS_99_Wood_biomass_edge,BECCSLiquidFuels,UnidirectionalEdge{MacroEnergy.Biomass_Wood},retired_capacity,0.0
Biomass_Wood,TX,TX_FT_High_Diesel_CCS_99_Wood,TX_FT_High_Diesel_CCS_99_Wood_biomass_edge,BECCSLiquidFuels,UnidirectionalEdge{MacroEnergy.Biomass_Wood},retired_capacity,0.0
Biomass_Wood,NCEN,NCEN_FT_High_Diesel_CCS_99_Wood,NCEN_FT_High_Diesel_CCS_99_Wood_biomass_edge,BECCSLiquidFuels,UnidirectionalEdge{MacroEnergy.Biomass_Wood},retired_capacity,0.0
Biomass_Wood,CEN,CEN_FT_High_Diesel_CCS_99_Wood,CEN_FT_High_Diesel_CCS_99_Wood_biomass_edge,BECCSLiquidFuels,UnidirectionalEdge{MacroEnergy.Biomass_Wood},retired_capacity,0.0
Biomass_Wood,SE,SE_FT_High_Diesel_CCS_99_Wood,SE_FT_High_Diesel_CCS_99_Wood_biomass_edge,BECCSLiquidFuels,UnidirectionalEdge{MacroEnergy.Biomass_Wood},retired_capacity,0.0
Biomass_Wood,MIDAT,MIDAT_FT_High_Diesel_CCS_99_Wood,MIDAT_FT_High_Diesel_CCS_99_Wood_biomass_edge,BECCSLiquidFuels,UnidirectionalEdge{MacroEnergy.Biomass_Wood},retired_capacity,0.0
Biomass_Wood,NE,NE_FT_High_Diesel_CCS_99_Wood,NE_FT_High_Diesel_CCS_99_Wood_biomass_edge,BECCSLiquidFuels,UnidirectionalEdge{MacroEnergy.Biomass_Wood},retired_capacity,0.0
Biomass_Agri,CA,CA_FT_High_Diesel_CCS_99_Agri,CA_FT_High_Diesel_CCS_99_Agri_biomass_edge,BECCSLiquidFuels,UnidirectionalEdge{MacroEnergy.Biomass_Agri},retired_capacity,0.0
Biomass_Agri,NW,NW_FT_High_Diesel_CCS_99_Agri,NW_FT_High_Diesel_CCS_99_Agri_biomass_edge,BECCSLiquidFuels,UnidirectionalEdge{MacroEnergy.Biomass_Agri},retired_capacity,0.0
Biomass_Agri,SW,SW_FT_High_Diesel_CCS_99_Agri,SW_FT_High_Diesel_CCS_99_Agri_biomass_edge,BECCSLiquidFuels,UnidirectionalEdge{MacroEnergy.Biomass_Agri},retired_capacity,0.0
Biomass_Agri,TX,TX_FT_High_Diesel_CCS_99_Agri,TX_FT_High_Diesel_CCS_99_Agri_biomass_edge,BECCSLiquidFuels,UnidirectionalEdge{MacroEnergy.Biomass_Agri},retired_capacity,0.0
Biomass_Agri,NCEN,NCEN_FT_High_Diesel_CCS_99_Agri,NCEN_FT_High_Diesel_CCS_99_Agri_biomass_edge,BECCSLiquidFuels,UnidirectionalEdge{MacroEnergy.Biomass_Agri},retired_capacity,0.0
Biomass_Agri,CEN,CEN_FT_High_Diesel_CCS_99_Agri,CEN_FT_High_Diesel_CCS_99_Agri_biomass_edge,BECCSLiquidFuels,UnidirectionalEdge{MacroEnergy.Biomass_Agri},retired_capacity,0.0
Biomass_Agri,SE,SE_FT_High_Diesel_CCS_99_Agri,SE_FT_High_Diesel_CCS_99_Agri_biomass_edge,BECCSLiquidFuels,UnidirectionalEdge{MacroEnergy.Biomass_Agri},retired_capacity,0.0
Biomass_Agri,MIDAT,MIDAT_FT_High_Diesel_CCS_99_Agri,MIDAT_FT_High_Diesel_CCS_99_Agri_biomass_edge,BECCSLiquidFuels,UnidirectionalEdge{MacroEnergy.Biomass_Agri},retired_capacity,0.0
Biomass_Agri,NE,NE_FT_High_Diesel_CCS_99_Agri,NE_FT_High_Diesel_CCS_99_Agri_biomass_edge,BECCSLiquidFuels,UnidirectionalEdge{MacroEnergy.Biomass_Agri},retired_capacity,0.0
Biomass_Herb,CA,CA_FT_High_Jetfuel_CCS_75_Herb,CA_FT_High_Jetfuel_CCS_75_Herb_biomass_edge,BECCSLiquidFuels,UnidirectionalEdge{MacroEnergy.Biomass_Herb},retired_capacity,0.0
Biomass_Herb,NW,NW_FT_High_Jetfuel_CCS_75_Herb,NW_FT_High_Jetfuel_CCS_75_Herb_biomass_edge,BECCSLiquidFuels,UnidirectionalEdge{MacroEnergy.Biomass_Herb},retired_capacity,0.0
Biomass_Herb,SW,SW_FT_High_Jetfuel_CCS_75_Herb,SW_FT_High_Jetfuel_CCS_75_Herb_biomass_edge,BECCSLiquidFuels,UnidirectionalEdge{MacroEnergy.Biomass_Herb},retired_capacity,0.0
Biomass_Herb,TX,TX_FT_High_Jetfuel_CCS_75_Herb,TX_FT_High_Jetfuel_CCS_75_Herb_biomass_edge,BECCSLiquidFuels,UnidirectionalEdge{MacroEnergy.Biomass_Herb},retired_capacity,0.0
Biomass_Herb,NCEN,NCEN_FT_High_Jetfuel_CCS_75_Herb,NCEN_FT_High_Jetfuel_CCS_75_Herb_biomass_edge,BECCSLiquidFuels,UnidirectionalEdge{MacroEnergy.Biomass_Herb},retired_capacity,0.0
Biomass_Herb,CEN,CEN_FT_High_Jetfuel_CCS_75_Herb,CEN_FT_High_Jetfuel_CCS_75_Herb_biomass_edge,BECCSLiquidFuels,UnidirectionalEdge{MacroEnergy.Biomass_Herb},retired_capacity,0.0
Biomass_Herb,SE,SE_FT_High_Jetfuel_CCS_75_Herb,SE_FT_High_Jetfuel_CCS_75_Herb_biomass_edge,BECCSLiquidFuels,UnidirectionalEdge{MacroEnergy.Biomass_Herb},retired_capacity,0.0
Biomass_Herb,MIDAT,MIDAT_FT_High_Jetfuel_CCS_75_Herb,MIDAT_FT_High_Jetfuel_CCS_75_Herb_biomass_edge,BECCSLiquidFuels,UnidirectionalEdge{MacroEnergy.Biomass_Herb},retired_capacity,0.0
Biomass_Herb,NE,NE_FT_High_Jetfuel_CCS_75_Herb,NE_FT_High_Jetfuel_CCS_75_Herb_biomass_edge,BECCSLiquidFuels,UnidirectionalEdge{MacroEnergy.Biomass_Herb},retired_capacity,0.0
Biomass_Wood,CA,CA_FT_High_Jetfuel_CCS_75_Wood,CA_FT_High_Jetfuel_CCS_75_Wood_biomass_edge,BECCSLiquidFuels,UnidirectionalEdge{MacroEnergy.Biomass_Wood},retired_capacity,0.0
Biomass_Wood,NW,NW_FT_High_Jetfuel_CCS_75_Wood,NW_FT_High_Jetfuel_CCS_75_Wood_biomass_edge,BECCSLiquidFuels,UnidirectionalEdge{MacroEnergy.Biomass_Wood},retired_capacity,0.0
Biomass_Wood,SW,SW_FT_High_Jetfuel_CCS_75_Wood,SW_FT_High_Jetfuel_CCS_75_Wood_biomass_edge,BECCSLiquidFuels,UnidirectionalEdge{MacroEnergy.Biomass_Wood},retired_capacity,0.0
Biomass_Wood,TX,TX_FT_High_Jetfuel_CCS_75_Wood,TX_FT_High_Jetfuel_CCS_75_Wood_biomass_edge,BECCSLiquidFuels,UnidirectionalEdge{MacroEnergy.Biomass_Wood},retired_capacity,0.0
Biomass_Wood,NCEN,NCEN_FT_High_Jetfuel_CCS_75_Wood,NCEN_FT_High_Jetfuel_CCS_75_Wood_biomass_edge,BECCSLiquidFuels,UnidirectionalEdge{MacroEnergy.Biomass_Wood},retired_capacity,0.0
Biomass_Wood,CEN,CEN_FT_High_Jetfuel_CCS_75_Wood,CEN_FT_High_Jetfuel_CCS_75_Wood_biomass_edge,BECCSLiquidFuels,UnidirectionalEdge{MacroEnergy.Biomass_Wood},retired_capacity,0.0
Biomass_Wood,SE,SE_FT_High_Jetfuel_CCS_75_Wood,SE_FT_High_Jetfuel_CCS_75_Wood_biomass_edge,BECCSLiquidFuels,UnidirectionalEdge{MacroEnergy.Biomass_Wood},retired_capacity,0.0
Biomass_Wood,MIDAT,MIDAT_FT_High_Jetfuel_CCS_75_Wood,MIDAT_FT_High_Jetfuel_CCS_75_Wood_biomass_edge,BECCSLiquidFuels,UnidirectionalEdge{MacroEnergy.Biomass_Wood},retired_capacity,0.0
Biomass_Wood,NE,NE_FT_High_Jetfuel_CCS_75_Wood,NE_FT_High_Jetfuel_CCS_75_Wood_biomass_edge,BECCSLiquidFuels,UnidirectionalEdge{MacroEnergy.Biomass_Wood},retired_capacity,0.0
Biomass_Agri,CA,CA_FT_High_Jetfuel_CCS_75_Agri,CA_FT_High_Jetfuel_CCS_75_Agri_biomass_edge,BECCSLiquidFuels,UnidirectionalEdge{MacroEnergy.Biomass_Agri},retired_capacity,0.0
Biomass_Agri,NW,NW_FT_High_Jetfuel_CCS_75_Agri,NW_FT_High_Jetfuel_CCS_75_Agri_biomass_edge,BECCSLiquidFuels,UnidirectionalEdge{MacroEnergy.Biomass_Agri},retired_capacity,0.0
Biomass_Agri,SW,SW_FT_High_Jetfuel_CCS_75_Agri,SW_FT_High_Jetfuel_CCS_75_Agri_biomass_edge,BECCSLiquidFuels,UnidirectionalEdge{MacroEnergy.Biomass_Agri},retired_capacity,0.0
Biomass_Agri,TX,TX_FT_High_Jetfuel_CCS_75_Agri,TX_FT_High_Jetfuel_CCS_75_Agri_biomass_edge,BECCSLiquidFuels,UnidirectionalEdge{MacroEnergy.Biomass_Agri},retired_capacity,0.0
Biomass_Agri,NCEN,NCEN_FT_High_Jetfuel_CCS_75_Agri,NCEN_FT_High_Jetfuel_CCS_75_Agri_biomass_edge,BECCSLiquidFuels,UnidirectionalEdge{MacroEnergy.Biomass_Agri},retired_capacity,0.0
Biomass_Agri,CEN,CEN_FT_High_Jetfuel_CCS_75_Agri,CEN_FT_High_Jetfuel_CCS_75_Agri_biomass_edge,BECCSLiquidFuels,UnidirectionalEdge{MacroEnergy.Biomass_Agri},retired_capacity,0.0
Biomass_Agri,SE,SE_FT_High_Jetfuel_CCS_75_Agri,SE_FT_High_Jetfuel_CCS_75_Agri_biomass_edge,BECCSLiquidFuels,UnidirectionalEdge{MacroEnergy.Biomass_Agri},retired_capacity,0.0
Biomass_Agri,MIDAT,MIDAT_FT_High_Jetfuel_CCS_75_Agri,MIDAT_FT_High_Jetfuel_CCS_75_Agri_biomass_edge,BECCSLiquidFuels,UnidirectionalEdge{MacroEnergy.Biomass_Agri},retired_capacity,0.0
Biomass_Agri,NE,NE_FT_High_Jetfuel_CCS_75_Agri,NE_FT_High_Jetfuel_CCS_75_Agri_biomass_edge,BECCSLiquidFuels,UnidirectionalEdge{MacroEnergy.Biomass_Agri},retired_capacity,0.0
Biomass_Herb,CA,CA_FT_High_Jetfuel_CCS_84_Herb,CA_FT_High_Jetfuel_CCS_84_Herb_biomass_edge,BECCSLiquidFuels,UnidirectionalEdge{MacroEnergy.Biomass_Herb},retired_capacity,0.0
Biomass_Herb,NW,NW_FT_High_Jetfuel_CCS_84_Herb,NW_FT_High_Jetfuel_CCS_84_Herb_biomass_edge,BECCSLiquidFuels,UnidirectionalEdge{MacroEnergy.Biomass_Herb},retired_capacity,0.0
Biomass_Herb,SW,SW_FT_High_Jetfuel_CCS_84_Herb,SW_FT_High_Jetfuel_CCS_84_Herb_biomass_edge,BECCSLiquidFuels,UnidirectionalEdge{MacroEnergy.Biomass_Herb},retired_capacity,0.0
Biomass_Herb,TX,TX_FT_High_Jetfuel_CCS_84_Herb,TX_FT_High_Jetfuel_CCS_84_Herb_biomass_edge,BECCSLiquidFuels,UnidirectionalEdge{MacroEnergy.Biomass_Herb},retired_capacity,0.0
Biomass_Herb,NCEN,NCEN_FT_High_Jetfuel_CCS_84_Herb,NCEN_FT_High_Jetfuel_CCS_84_Herb_biomass_edge,BECCSLiquidFuels,UnidirectionalEdge{MacroEnergy.Biomass_Herb},retired_capacity,0.0
Biomass_Herb,CEN,CEN_FT_High_Jetfuel_CCS_84_Herb,CEN_FT_High_Jetfuel_CCS_84_Herb_biomass_edge,BECCSLiquidFuels,UnidirectionalEdge{MacroEnergy.Biomass_Herb},retired_capacity,0.0
Biomass_Herb,SE,SE_FT_High_Jetfuel_CCS_84_Herb,SE_FT_High_Jetfuel_CCS_84_Herb_biomass_edge,BECCSLiquidFuels,UnidirectionalEdge{MacroEnergy.Biomass_Herb},retired_capacity,0.0
Biomass_Herb,MIDAT,MIDAT_FT_High_Jetfuel_CCS_84_Herb,MIDAT_FT_High_Jetfuel_CCS_84_Herb_biomass_edge,BECCSLiquidFuels,UnidirectionalEdge{MacroEnergy.Biomass_Herb},retired_capacity,0.0
Biomass_Herb,NE,NE_FT_High_Jetfuel_CCS_84_Herb,NE_FT_High_Jetfuel_CCS_84_Herb_biomass_edge,BECCSLiquidFuels,UnidirectionalEdge{MacroEnergy.Biomass_Herb},retired_capacity,0.0
Biomass_Wood,CA,CA_FT_High_Jetfuel_CCS_84_Wood,CA_FT_High_Jetfuel_CCS_84_Wood_biomass_edge,BECCSLiquidFuels,UnidirectionalEdge{MacroEnergy.Biomass_Wood},retired_capacity,0.0
Biomass_Wood,NW,NW_FT_High_Jetfuel_CCS_84_Wood,NW_FT_High_Jetfuel_CCS_84_Wood_biomass_edge,BECCSLiquidFuels,UnidirectionalEdge{MacroEnergy.Biomass_Wood},retired_capacity,0.0
Biomass_Wood,SW,SW_FT_High_Jetfuel_CCS_84_Wood,SW_FT_High_Jetfuel_CCS_84_Wood_biomass_edge,BECCSLiquidFuels,UnidirectionalEdge{MacroEnergy.Biomass_Wood},retired_capacity,0.0
Biomass_Wood,TX,TX_FT_High_Jetfuel_CCS_84_Wood,TX_FT_High_Jetfuel_CCS_84_Wood_biomass_edge,BECCSLiquidFuels,UnidirectionalEdge{MacroEnergy.Biomass_Wood},retired_capacity,0.0
Biomass_Wood,NCEN,NCEN_FT_High_Jetfuel_CCS_84_Wood,NCEN_FT_High_Jetfuel_CCS_84_Wood_biomass_edge,BECCSLiquidFuels,UnidirectionalEdge{MacroEnergy.Biomass_Wood},retired_capacity,0.0
Biomass_Wood,CEN,CEN_FT_High_Jetfuel_CCS_84_Wood,CEN_FT_High_Jetfuel_CCS_84_Wood_biomass_edge,BECCSLiquidFuels,UnidirectionalEdge{MacroEnergy.Biomass_Wood},retired_capacity,0.0
Biomass_Wood,SE,SE_FT_High_Jetfuel_CCS_84_Wood,SE_FT_High_Jetfuel_CCS_84_Wood_biomass_edge,BECCSLiquidFuels,UnidirectionalEdge{MacroEnergy.Biomass_Wood},retired_capacity,0.0
Biomass_Wood,MIDAT,MIDAT_FT_High_Jetfuel_CCS_84_Wood,MIDAT_FT_High_Jetfuel_CCS_84_Wood_biomass_edge,BECCSLiquidFuels,UnidirectionalEdge{MacroEnergy.Biomass_Wood},retired_capacity,0.0
Biomass_Wood,NE,NE_FT_High_Jetfuel_CCS_84_Wood,NE_FT_High_Jetfuel_CCS_84_Wood_biomass_edge,BECCSLiquidFuels,UnidirectionalEdge{MacroEnergy.Biomass_Wood},retired_capacity,0.0
Biomass_Agri,CA,CA_FT_High_Jetfuel_CCS_84_Agri,CA_FT_High_Jetfuel_CCS_84_Agri_biomass_edge,BECCSLiquidFuels,UnidirectionalEdge{MacroEnergy.Biomass_Agri},retired_capacity,0.0
Biomass_Agri,NW,NW_FT_High_Jetfuel_CCS_84_Agri,NW_FT_High_Jetfuel_CCS_84_Agri_biomass_edge,BECCSLiquidFuels,UnidirectionalEdge{MacroEnergy.Biomass_Agri},retired_capacity,0.0
Biomass_Agri,SW,SW_FT_High_Jetfuel_CCS_84_Agri,SW_FT_High_Jetfuel_CCS_84_Agri_biomass_edge,BECCSLiquidFuels,UnidirectionalEdge{MacroEnergy.Biomass_Agri},retired_capacity,0.0
Biomass_Agri,TX,TX_FT_High_Jetfuel_CCS_84_Agri,TX_FT_High_Jetfuel_CCS_84_Agri_biomass_edge,BECCSLiquidFuels,UnidirectionalEdge{MacroEnergy.Biomass_Agri},retired_capacity,0.0
Biomass_Agri,NCEN,NCEN_FT_High_Jetfuel_CCS_84_Agri,NCEN_FT_High_Jetfuel_CCS_84_Agri_biomass_edge,BECCSLiquidFuels,UnidirectionalEdge{MacroEnergy.Biomass_Agri},retired_capacity,0.0
Biomass_Agri,CEN,CEN_FT_High_Jetfuel_CCS_84_Agri,CEN_FT_High_Jetfuel_CCS_84_Agri_biomass_edge,BECCSLiquidFuels,UnidirectionalEdge{MacroEnergy.Biomass_Agri},retired_capacity,0.0
Biomass_Agri,SE,SE_FT_High_Jetfuel_CCS_84_Agri,SE_FT_High_Jetfuel_CCS_84_Agri_biomass_edge,BECCSLiquidFuels,UnidirectionalEdge{MacroEnergy.Biomass_Agri},retired_capacity,0.0
Biomass_Agri,MIDAT,MIDAT_FT_High_Jetfuel_CCS_84_Agri,MIDAT_FT_High_Jetfuel_CCS_84_Agri_biomass_edge,BECCSLiquidFuels,UnidirectionalEdge{MacroEnergy.Biomass_Agri},retired_capacity,0.0
Biomass_Agri,NE,NE_FT_High_Jetfuel_CCS_84_Agri,NE_FT_High_Jetfuel_CCS_84_Agri_biomass_edge,BECCSLiquidFuels,UnidirectionalEdge{MacroEnergy.Biomass_Agri},retired_capacity,0.0
Biomass_Herb,CA,CA_FT_High_Jetfuel_CCS_99_Herb,CA_FT_High_Jetfuel_CCS_99_Herb_biomass_edge,BECCSLiquidFuels,UnidirectionalEdge{MacroEnergy.Biomass_Herb},retired_capacity,0.0
Biomass_Herb,NW,NW_FT_High_Jetfuel_CCS_99_Herb,NW_FT_High_Jetfuel_CCS_99_Herb_biomass_edge,BECCSLiquidFuels,UnidirectionalEdge{MacroEnergy.Biomass_Herb},retired_capacity,0.0
Biomass_Herb,SW,SW_FT_High_Jetfuel_CCS_99_Herb,SW_FT_High_Jetfuel_CCS_99_Herb_biomass_edge,BECCSLiquidFuels,UnidirectionalEdge{MacroEnergy.Biomass_Herb},retired_capacity,0.0
Biomass_Herb,TX,TX_FT_High_Jetfuel_CCS_99_Herb,TX_FT_High_Jetfuel_CCS_99_Herb_biomass_edge,BECCSLiquidFuels,UnidirectionalEdge{MacroEnergy.Biomass_Herb},retired_capacity,0.0
Biomass_Herb,NCEN,NCEN_FT_High_Jetfuel_CCS_99_Herb,NCEN_FT_High_Jetfuel_CCS_99_Herb_biomass_edge,BECCSLiquidFuels,UnidirectionalEdge{MacroEnergy.Biomass_Herb},retired_capacity,0.0
Biomass_Herb,CEN,CEN_FT_High_Jetfuel_CCS_99_Herb,CEN_FT_High_Jetfuel_CCS_99_Herb_biomass_edge,BECCSLiquidFuels,UnidirectionalEdge{MacroEnergy.Biomass_Herb},retired_capacity,0.0
Biomass_Herb,SE,SE_FT_High_Jetfuel_CCS_99_Herb,SE_FT_High_Jetfuel_CCS_99_Herb_biomass_edge,BECCSLiquidFuels,UnidirectionalEdge{MacroEnergy.Biomass_Herb},retired_capacity,0.0
Biomass_Herb,MIDAT,MIDAT_FT_High_Jetfuel_CCS_99_Herb,MIDAT_FT_High_Jetfuel_CCS_99_Herb_biomass_edge,BECCSLiquidFuels,UnidirectionalEdge{MacroEnergy.Biomass_Herb},retired_capacity,0.0
Biomass_Herb,NE,NE_FT_High_Jetfuel_CCS_99_Herb,NE_FT_High_Jetfuel_CCS_99_Herb_biomass_edge,BECCSLiquidFuels,UnidirectionalEdge{MacroEnergy.Biomass_Herb},retired_capacity,0.0
Biomass_Wood,CA,CA_FT_High_Jetfuel_CCS_99_Wood,CA_FT_High_Jetfuel_CCS_99_Wood_biomass_edge,BECCSLiquidFuels,UnidirectionalEdge{MacroEnergy.Biomass_Wood},retired_capacity,0.0
Biomass_Wood,NW,NW_FT_High_Jetfuel_CCS_99_Wood,NW_FT_High_Jetfuel_CCS_99_Wood_biomass_edge,BECCSLiquidFuels,UnidirectionalEdge{MacroEnergy.Biomass_Wood},retired_capacity,0.0
Biomass_Wood,SW,SW_FT_High_Jetfuel_CCS_99_Wood,SW_FT_High_Jetfuel_CCS_99_Wood_biomass_edge,BECCSLiquidFuels,UnidirectionalEdge{MacroEnergy.Biomass_Wood},retired_capacity,0.0
Biomass_Wood,TX,TX_FT_High_Jetfuel_CCS_99_Wood,TX_FT_High_Jetfuel_CCS_99_Wood_biomass_edge,BECCSLiquidFuels,UnidirectionalEdge{MacroEnergy.Biomass_Wood},retired_capacity,0.0
Biomass_Wood,NCEN,NCEN_FT_High_Jetfuel_CCS_99_Wood,NCEN_FT_High_Jetfuel_CCS_99_Wood_biomass_edge,BECCSLiquidFuels,UnidirectionalEdge{MacroEnergy.Biomass_Wood},retired_capacity,0.0
Biomass_Wood,CEN,CEN_FT_High_Jetfuel_CCS_99_Wood,CEN_FT_High_Jetfuel_CCS_99_Wood_biomass_edge,BECCSLiquidFuels,UnidirectionalEdge{MacroEnergy.Biomass_Wood},retired_capacity,0.0
Biomass_Wood,SE,SE_FT_High_Jetfuel_CCS_99_Wood,SE_FT_High_Jetfuel_CCS_99_Wood_biomass_edge,BECCSLiquidFuels,UnidirectionalEdge{MacroEnergy.Biomass_Wood},retired_capacity,0.0
Biomass_Wood,MIDAT,MIDAT_FT_High_Jetfuel_CCS_99_Wood,MIDAT_FT_High_Jetfuel_CCS_99_Wood_biomass_edge,BECCSLiquidFuels,UnidirectionalEdge{MacroEnergy.Biomass_Wood},retired_capacity,0.0
Biomass_Wood,NE,NE_FT_High_Jetfuel_CCS_99_Wood,NE_FT_High_Jetfuel_CCS_99_Wood_biomass_edge,BECCSLiquidFuels,UnidirectionalEdge{MacroEnergy.Biomass_Wood},retired_capacity,0.0
Biomass_Agri,CA,CA_FT_High_Jetfuel_CCS_99_Agri,CA_FT_High_Jetfuel_CCS_99_Agri_biomass_edge,BECCSLiquidFuels,UnidirectionalEdge{MacroEnergy.Biomass_Agri},retired_capacity,0.0
Biomass_Agri,NW,NW_FT_High_Jetfuel_CCS_99_Agri,NW_FT_High_Jetfuel_CCS_99_Agri_biomass_edge,BECCSLiquidFuels,UnidirectionalEdge{MacroEnergy.Biomass_Agri},retired_capacity,0.0
Biomass_Agri,SW,SW_FT_High_Jetfuel_CCS_99_Agri,SW_FT_High_Jetfuel_CCS_99_Agri_biomass_edge,BECCSLiquidFuels,UnidirectionalEdge{MacroEnergy.Biomass_Agri},retired_capacity,0.0
Biomass_Agri,TX,TX_FT_High_Jetfuel_CCS_99_Agri,TX_FT_High_Jetfuel_CCS_99_Agri_biomass_edge,BECCSLiquidFuels,UnidirectionalEdge{MacroEnergy.Biomass_Agri},retired_capacity,0.0
Biomass_Agri,NCEN,NCEN_FT_High_Jetfuel_CCS_99_Agri,NCEN_FT_High_Jetfuel_CCS_99_Agri_biomass_edge,BECCSLiquidFuels,UnidirectionalEdge{MacroEnergy.Biomass_Agri},retired_capacity,0.0
Biomass_Agri,CEN,CEN_FT_High_Jetfuel_CCS_99_Agri,CEN_FT_High_Jetfuel_CCS_99_Agri_biomass_edge,BECCSLiquidFuels,UnidirectionalEdge{MacroEnergy.Biomass_Agri},retired_capacity,0.0
Biomass_Agri,SE,SE_FT_High_Jetfuel_CCS_99_Agri,SE_FT_High_Jetfuel_CCS_99_Agri_biomass_edge,BECCSLiquidFuels,UnidirectionalEdge{MacroEnergy.Biomass_Agri},retired_capacity,0.0
Biomass_Agri,MIDAT,MIDAT_FT_High_Jetfuel_CCS_99_Agri,MIDAT_FT_High_Jetfuel_CCS_99_Agri_biomass_edge,BECCSLiquidFuels,UnidirectionalEdge{MacroEnergy.Biomass_Agri},retired_capacity,0.0
Biomass_Agri,NE,NE_FT_High_Jetfuel_CCS_99_Agri,NE_FT_High_Jetfuel_CCS_99_Agri_biomass_edge,BECCSLiquidFuels,UnidirectionalEdge{MacroEnergy.Biomass_Agri},retired_capacity,0.0
Biomass_Herb,CA,CA_Bio_NG_Herb,CA_Bio_NG_Herb_biomass_edge,BECCSNaturalGas,UnidirectionalEdge{MacroEnergy.Biomass_Herb},retired_capacity,0.0
Biomass_Herb,NW,NW_Bio_NG_Herb,NW_Bio_NG_Herb_biomass_edge,BECCSNaturalGas,UnidirectionalEdge{MacroEnergy.Biomass_Herb},retired_capacity,0.0
Biomass_Herb,SW,SW_Bio_NG_Herb,SW_Bio_NG_Herb_biomass_edge,BECCSNaturalGas,UnidirectionalEdge{MacroEnergy.Biomass_Herb},retired_capacity,0.0
Biomass_Herb,TX,TX_Bio_NG_Herb,TX_Bio_NG_Herb_biomass_edge,BECCSNaturalGas,UnidirectionalEdge{MacroEnergy.Biomass_Herb},retired_capacity,0.0
Biomass_Herb,NCEN,NCEN_Bio_NG_Herb,NCEN_Bio_NG_Herb_biomass_edge,BECCSNaturalGas,UnidirectionalEdge{MacroEnergy.Biomass_Herb},retired_capacity,0.0
Biomass_Herb,CEN,CEN_Bio_NG_Herb,CEN_Bio_NG_Herb_biomass_edge,BECCSNaturalGas,UnidirectionalEdge{MacroEnergy.Biomass_Herb},retired_capacity,0.0
Biomass_Herb,SE,SE_Bio_NG_Herb,SE_Bio_NG_Herb_biomass_edge,BECCSNaturalGas,UnidirectionalEdge{MacroEnergy.Biomass_Herb},retired_capacity,0.0
Biomass_Herb,MIDAT,MIDAT_Bio_NG_Herb,MIDAT_Bio_NG_Herb_biomass_edge,BECCSNaturalGas,UnidirectionalEdge{MacroEnergy.Biomass_Herb},retired_capacity,0.0
Biomass_Herb,NE,NE_Bio_NG_Herb,NE_Bio_NG_Herb_biomass_edge,BECCSNaturalGas,UnidirectionalEdge{MacroEnergy.Biomass_Herb},retired_capacity,0.0
Biomass_Wood,CA,CA_Bio_NG_Wood,CA_Bio_NG_Wood_biomass_edge,BECCSNaturalGas,UnidirectionalEdge{MacroEnergy.Biomass_Wood},retired_capacity,0.0
Biomass_Wood,NW,NW_Bio_NG_Wood,NW_Bio_NG_Wood_biomass_edge,BECCSNaturalGas,UnidirectionalEdge{MacroEnergy.Biomass_Wood},retired_capacity,0.0
Biomass_Wood,SW,SW_Bio_NG_Wood,SW_Bio_NG_Wood_biomass_edge,BECCSNaturalGas,UnidirectionalEdge{MacroEnergy.Biomass_Wood},retired_capacity,0.0
Biomass_Wood,TX,TX_Bio_NG_Wood,TX_Bio_NG_Wood_biomass_edge,BECCSNaturalGas,UnidirectionalEdge{MacroEnergy.Biomass_Wood},retired_capacity,0.0
Biomass_Wood,NCEN,NCEN_Bio_NG_Wood,NCEN_Bio_NG_Wood_biomass_edge,BECCSNaturalGas,UnidirectionalEdge{MacroEnergy.Biomass_Wood},retired_capacity,0.0
Biomass_Wood,CEN,CEN_Bio_NG_Wood,CEN_Bio_NG_Wood_biomass_edge,BECCSNaturalGas,UnidirectionalEdge{MacroEnergy.Biomass_Wood},retired_capacity,0.0
Biomass_Wood,SE,SE_Bio_NG_Wood,SE_Bio_NG_Wood_biomass_edge,BECCSNaturalGas,UnidirectionalEdge{MacroEnergy.Biomass_Wood},retired_capacity,0.0
Biomass_Wood,MIDAT,MIDAT_Bio_NG_Wood,MIDAT_Bio_NG_Wood_biomass_edge,BECCSNaturalGas,UnidirectionalEdge{MacroEnergy.Biomass_Wood},retired_capacity,0.0
Biomass_Wood,NE,NE_Bio_NG_Wood,NE_Bio_NG_Wood_biomass_edge,BECCSNaturalGas,UnidirectionalEdge{MacroEnergy.Biomass_Wood},retired_capacity,0.0
Biomass_Agri,CA,CA_Bio_NG_Agri,CA_Bio_NG_Agri_biomass_edge,BECCSNaturalGas,UnidirectionalEdge{MacroEnergy.Biomass_Agri},retired_capacity,0.0
Biomass_Agri,NW,NW_Bio_NG_Agri,NW_Bio_NG_Agri_biomass_edge,BECCSNaturalGas,UnidirectionalEdge{MacroEnergy.Biomass_Agri},retired_capacity,0.0
Biomass_Agri,SW,SW_Bio_NG_Agri,SW_Bio_NG_Agri_biomass_edge,BECCSNaturalGas,UnidirectionalEdge{MacroEnergy.Biomass_Agri},retired_capacity,0.0
Biomass_Agri,TX,TX_Bio_NG_Agri,TX_Bio_NG_Agri_biomass_edge,BECCSNaturalGas,UnidirectionalEdge{MacroEnergy.Biomass_Agri},retired_capacity,0.0
Biomass_Agri,NCEN,NCEN_Bio_NG_Agri,NCEN_Bio_NG_Agri_biomass_edge,BECCSNaturalGas,UnidirectionalEdge{MacroEnergy.Biomass_Agri},retired_capacity,0.0
Biomass_Agri,CEN,CEN_Bio_NG_Agri,CEN_Bio_NG_Agri_biomass_edge,BECCSNaturalGas,UnidirectionalEdge{MacroEnergy.Biomass_Agri},retired_capacity,0.0
Biomass_Agri,SE,SE_Bio_NG_Agri,SE_Bio_NG_Agri_biomass_edge,BECCSNaturalGas,UnidirectionalEdge{MacroEnergy.Biomass_Agri},retired_capacity,0.0
Biomass_Agri,MIDAT,MIDAT_Bio_NG_Agri,MIDAT_Bio_NG_Agri_biomass_edge,BECCSNaturalGas,UnidirectionalEdge{MacroEnergy.Biomass_Agri},retired_capacity,0.0
Biomass_Agri,NE,NE_Bio_NG_Agri,NE_Bio_NG_Agri_biomass_edge,BECCSNaturalGas,UnidirectionalEdge{MacroEnergy.Biomass_Agri},retired_capacity,0.0
Biomass_Herb,CA,CA_Bio_NG_CCS_40_Herb,CA_Bio_NG_CCS_40_Herb_biomass_edge,BECCSNaturalGas,UnidirectionalEdge{MacroEnergy.Biomass_Herb},retired_capacity,0.0
Biomass_Herb,NW,NW_Bio_NG_CCS_40_Herb,NW_Bio_NG_CCS_40_Herb_biomass_edge,BECCSNaturalGas,UnidirectionalEdge{MacroEnergy.Biomass_Herb},retired_capacity,0.0
Biomass_Herb,SW,SW_Bio_NG_CCS_40_Herb,SW_Bio_NG_CCS_40_Herb_biomass_edge,BECCSNaturalGas,UnidirectionalEdge{MacroEnergy.Biomass_Herb},retired_capacity,0.0
Biomass_Herb,TX,TX_Bio_NG_CCS_40_Herb,TX_Bio_NG_CCS_40_Herb_biomass_edge,BECCSNaturalGas,UnidirectionalEdge{MacroEnergy.Biomass_Herb},retired_capacity,0.0
Biomass_Herb,NCEN,NCEN_Bio_NG_CCS_40_Herb,NCEN_Bio_NG_CCS_40_Herb_biomass_edge,BECCSNaturalGas,UnidirectionalEdge{MacroEnergy.Biomass_Herb},retired_capacity,0.0
Biomass_Herb,CEN,CEN_Bio_NG_CCS_40_Herb,CEN_Bio_NG_CCS_40_Herb_biomass_edge,BECCSNaturalGas,UnidirectionalEdge{MacroEnergy.Biomass_Herb},retired_capacity,0.0
Biomass_Herb,SE,SE_Bio_NG_CCS_40_Herb,SE_Bio_NG_CCS_40_Herb_biomass_edge,BECCSNaturalGas,UnidirectionalEdge{MacroEnergy.Biomass_Herb},retired_capacity,0.0
Biomass_Herb,MIDAT,MIDAT_Bio_NG_CCS_40_Herb,MIDAT_Bio_NG_CCS_40_Herb_biomass_edge,BECCSNaturalGas,UnidirectionalEdge{MacroEnergy.Biomass_Herb},retired_capacity,0.0
Biomass_Herb,NE,NE_Bio_NG_CCS_40_Herb,NE_Bio_NG_CCS_40_Herb_biomass_edge,BECCSNaturalGas,UnidirectionalEdge{MacroEnergy.Biomass_Herb},retired_capacity,0.0
Biomass_Wood,CA,CA_Bio_NG_CCS_40_Wood,CA_Bio_NG_CCS_40_Wood_biomass_edge,BECCSNaturalGas,UnidirectionalEdge{MacroEnergy.Biomass_Wood},retired_capacity,0.0
Biomass_Wood,NW,NW_Bio_NG_CCS_40_Wood,NW_Bio_NG_CCS_40_Wood_biomass_edge,BECCSNaturalGas,UnidirectionalEdge{MacroEnergy.Biomass_Wood},retired_capacity,0.0
Biomass_Wood,SW,SW_Bio_NG_CCS_40_Wood,SW_Bio_NG_CCS_40_Wood_biomass_edge,BECCSNaturalGas,UnidirectionalEdge{MacroEnergy.Biomass_Wood},retired_capacity,0.0
Biomass_Wood,TX,TX_Bio_NG_CCS_40_Wood,TX_Bio_NG_CCS_40_Wood_biomass_edge,BECCSNaturalGas,UnidirectionalEdge{MacroEnergy.Biomass_Wood},retired_capacity,0.0
Biomass_Wood,NCEN,NCEN_Bio_NG_CCS_40_Wood,NCEN_Bio_NG_CCS_40_Wood_biomass_edge,BECCSNaturalGas,UnidirectionalEdge{MacroEnergy.Biomass_Wood},retired_capacity,0.0
Biomass_Wood,CEN,CEN_Bio_NG_CCS_40_Wood,CEN_Bio_NG_CCS_40_Wood_biomass_edge,BECCSNaturalGas,UnidirectionalEdge{MacroEnergy.Biomass_Wood},retired_capacity,0.0
Biomass_Wood,SE,SE_Bio_NG_CCS_40_Wood,SE_Bio_NG_CCS_40_Wood_biomass_edge,BECCSNaturalGas,UnidirectionalEdge{MacroEnergy.Biomass_Wood},retired_capacity,0.0
Biomass_Wood,MIDAT,MIDAT_Bio_NG_CCS_40_Wood,MIDAT_Bio_NG_CCS_40_Wood_biomass_edge,BECCSNaturalGas,UnidirectionalEdge{MacroEnergy.Biomass_Wood},retired_capacity,0.0
Biomass_Wood,NE,NE_Bio_NG_CCS_40_Wood,NE_Bio_NG_CCS_40_Wood_biomass_edge,BECCSNaturalGas,UnidirectionalEdge{MacroEnergy.Biomass_Wood},retired_capacity,0.0
Biomass_Agri,CA,CA_Bio_NG_CCS_40_Agri,CA_Bio_NG_CCS_40_Agri_biomass_edge,BECCSNaturalGas,UnidirectionalEdge{MacroEnergy.Biomass_Agri},retired_capacity,0.0
Biomass_Agri,NW,NW_Bio_NG_CCS_40_Agri,NW_Bio_NG_CCS_40_Agri_biomass_edge,BECCSNaturalGas,UnidirectionalEdge{MacroEnergy.Biomass_Agri},retired_capacity,0.0
Biomass_Agri,SW,SW_Bio_NG_CCS_40_Agri,SW_Bio_NG_CCS_40_Agri_biomass_edge,BECCSNaturalGas,UnidirectionalEdge{MacroEnergy.Biomass_Agri},retired_capacity,0.0
Biomass_Agri,TX,TX_Bio_NG_CCS_40_Agri,TX_Bio_NG_CCS_40_Agri_biomass_edge,BECCSNaturalGas,UnidirectionalEdge{MacroEnergy.Biomass_Agri},retired_capacity,0.0
Biomass_Agri,NCEN,NCEN_Bio_NG_CCS_40_Agri,NCEN_Bio_NG_CCS_40_Agri_biomass_edge,BECCSNaturalGas,UnidirectionalEdge{MacroEnergy.Biomass_Agri},retired_capacity,0.0
Biomass_Agri,CEN,CEN_Bio_NG_CCS_40_Agri,CEN_Bio_NG_CCS_40_Agri_biomass_edge,BECCSNaturalGas,UnidirectionalEdge{MacroEnergy.Biomass_Agri},retired_capacity,0.0
Biomass_Agri,SE,SE_Bio_NG_CCS_40_Agri,SE_Bio_NG_CCS_40_Agri_biomass_edge,BECCSNaturalGas,UnidirectionalEdge{MacroEnergy.Biomass_Agri},retired_capacity,0.0
Biomass_Agri,MIDAT,MIDAT_Bio_NG_CCS_40_Agri,MIDAT_Bio_NG_CCS_40_Agri_biomass_edge,BECCSNaturalGas,UnidirectionalEdge{MacroEnergy.Biomass_Agri},retired_capacity,0.0
Biomass_Agri,NE,NE_Bio_NG_CCS_40_Agri,NE_Bio_NG_CCS_40_Agri_biomass_edge,BECCSNaturalGas,UnidirectionalEdge{MacroEnergy.Biomass_Agri},retired_capacity,0.0
Biomass_Herb,CA,CA_Bio_NG_CCS_99_Herb,CA_Bio_NG_CCS_99_Herb_biomass_edge,BECCSNaturalGas,UnidirectionalEdge{MacroEnergy.Biomass_Herb},retired_capacity,0.0
Biomass_Herb,NW,NW_Bio_NG_CCS_99_Herb,NW_Bio_NG_CCS_99_Herb_biomass_edge,BECCSNaturalGas,UnidirectionalEdge{MacroEnergy.Biomass_Herb},retired_capacity,0.0
Biomass_Herb,SW,SW_Bio_NG_CCS_99_Herb,SW_Bio_NG_CCS_99_Herb_biomass_edge,BECCSNaturalGas,UnidirectionalEdge{MacroEnergy.Biomass_Herb},retired_capacity,0.0
Biomass_Herb,TX,TX_Bio_NG_CCS_99_Herb,TX_Bio_NG_CCS_99_Herb_biomass_edge,BECCSNaturalGas,UnidirectionalEdge{MacroEnergy.Biomass_Herb},retired_capacity,0.0
Biomass_Herb,NCEN,NCEN_Bio_NG_CCS_99_Herb,NCEN_Bio_NG_CCS_99_Herb_biomass_edge,BECCSNaturalGas,UnidirectionalEdge{MacroEnergy.Biomass_Herb},retired_capacity,0.0
Biomass_Herb,CEN,CEN_Bio_NG_CCS_99_Herb,CEN_Bio_NG_CCS_99_Herb_biomass_edge,BECCSNaturalGas,UnidirectionalEdge{MacroEnergy.Biomass_Herb},retired_capacity,0.0
Biomass_Herb,SE,SE_Bio_NG_CCS_99_Herb,SE_Bio_NG_CCS_99_Herb_biomass_edge,BECCSNaturalGas,UnidirectionalEdge{MacroEnergy.Biomass_Herb},retired_capacity,0.0
Biomass_Herb,MIDAT,MIDAT_Bio_NG_CCS_99_Herb,MIDAT_Bio_NG_CCS_99_Herb_biomass_edge,BECCSNaturalGas,UnidirectionalEdge{MacroEnergy.Biomass_Herb},retired_capacity,0.0
Biomass_Herb,NE,NE_Bio_NG_CCS_99_Herb,NE_Bio_NG_CCS_99_Herb_biomass_edge,BECCSNaturalGas,UnidirectionalEdge{MacroEnergy.Biomass_Herb},retired_capacity,0.0
Biomass_Wood,CA,CA_Bio_NG_CCS_99_Wood,CA_Bio_NG_CCS_99_Wood_biomass_edge,BECCSNaturalGas,UnidirectionalEdge{MacroEnergy.Biomass_Wood},retired_capacity,0.0
Biomass_Wood,NW,NW_Bio_NG_CCS_99_Wood,NW_Bio_NG_CCS_99_Wood_biomass_edge,BECCSNaturalGas,UnidirectionalEdge{MacroEnergy.Biomass_Wood},retired_capacity,0.0
Biomass_Wood,SW,SW_Bio_NG_CCS_99_Wood,SW_Bio_NG_CCS_99_Wood_biomass_edge,BECCSNaturalGas,UnidirectionalEdge{MacroEnergy.Biomass_Wood},retired_capacity,0.0
Biomass_Wood,TX,TX_Bio_NG_CCS_99_Wood,TX_Bio_NG_CCS_99_Wood_biomass_edge,BECCSNaturalGas,UnidirectionalEdge{MacroEnergy.Biomass_Wood},retired_capacity,0.0
Biomass_Wood,NCEN,NCEN_Bio_NG_CCS_99_Wood,NCEN_Bio_NG_CCS_99_Wood_biomass_edge,BECCSNaturalGas,UnidirectionalEdge{MacroEnergy.Biomass_Wood},retired_capacity,0.0
Biomass_Wood,CEN,CEN_Bio_NG_CCS_99_Wood,CEN_Bio_NG_CCS_99_Wood_biomass_edge,BECCSNaturalGas,UnidirectionalEdge{MacroEnergy.Biomass_Wood},retired_capacity,0.0
Biomass_Wood,SE,SE_Bio_NG_CCS_99_Wood,SE_Bio_NG_CCS_99_Wood_biomass_edge,BECCSNaturalGas,UnidirectionalEdge{MacroEnergy.Biomass_Wood},retired_capacity,0.0
Biomass_Wood,MIDAT,MIDAT_Bio_NG_CCS_99_Wood,MIDAT_Bio_NG_CCS_99_Wood_biomass_edge,BECCSNaturalGas,UnidirectionalEdge{MacroEnergy.Biomass_Wood},retired_capacity,0.0
Biomass_Wood,NE,NE_Bio_NG_CCS_99_Wood,NE_Bio_NG_CCS_99_Wood_biomass_edge,BECCSNaturalGas,UnidirectionalEdge{MacroEnergy.Biomass_Wood},retired_capacity,0.0
Biomass_Agri,CA,CA_Bio_NG_CCS_99_Agri,CA_Bio_NG_CCS_99_Agri_biomass_edge,BECCSNaturalGas,UnidirectionalEdge{MacroEnergy.Biomass_Agri},retired_capacity,0.0
Biomass_Agri,NW,NW_Bio_NG_CCS_99_Agri,NW_Bio_NG_CCS_99_Agri_biomass_edge,BECCSNaturalGas,UnidirectionalEdge{MacroEnergy.Biomass_Agri},retired_capacity,0.0
Biomass_Agri,SW,SW_Bio_NG_CCS_99_Agri,SW_Bio_NG_CCS_99_Agri_biomass_edge,BECCSNaturalGas,UnidirectionalEdge{MacroEnergy.Biomass_Agri},retired_capacity,0.0
Biomass_Agri,TX,TX_Bio_NG_CCS_99_Agri,TX_Bio_NG_CCS_99_Agri_biomass_edge,BECCSNaturalGas,UnidirectionalEdge{MacroEnergy.Biomass_Agri},retired_capacity,0.0
Biomass_Agri,NCEN,NCEN_Bio_NG_CCS_99_Agri,NCEN_Bio_NG_CCS_99_Agri_biomass_edge,BECCSNaturalGas,UnidirectionalEdge{MacroEnergy.Biomass_Agri},retired_capacity,0.0
Biomass_Agri,CEN,CEN_Bio_NG_CCS_99_Agri,CEN_Bio_NG_CCS_99_Agri_biomass_edge,BECCSNaturalGas,UnidirectionalEdge{MacroEnergy.Biomass_Agri},retired_capacity,0.0
Biomass_Agri,SE,SE_Bio_NG_CCS_99_Agri,SE_Bio_NG_CCS_99_Agri_biomass_edge,BECCSNaturalGas,UnidirectionalEdge{MacroEnergy.Biomass_Agri},retired_capacity,0.0
Biomass_Agri,MIDAT,MIDAT_Bio_NG_CCS_99_Agri,MIDAT_Bio_NG_CCS_99_Agri_biomass_edge,BECCSNaturalGas,UnidirectionalEdge{MacroEnergy.Biomass_Agri},retired_capacity,0.0
Biomass_Agri,NE,NE_Bio_NG_CCS_99_Agri,NE_Bio_NG_CCS_99_Agri_biomass_edge,BECCSNaturalGas,UnidirectionalEdge{MacroEnergy.Biomass_Agri},retired_capacity,0.0
CO2Captured,CA,CA_CO2_Injection_CA_Repetto_Sst1,CA_CO2_Injection_CA_Repetto_Sst1_co2_captured_edge,CO2Injection,UnidirectionalEdge{CO2Captured},retired_capacity,0.0
CO2Captured,CA,CA_CO2_Injection_CA_Temblor1a,CA_CO2_Injection_CA_Temblor1a_co2_captured_edge,CO2Injection,UnidirectionalEdge{CO2Captured},retired_capacity,0.0
CO2Captured,CA,CA_CO2_Injection_CA_Temblor2a,CA_CO2_Injection_CA_Temblor2a_co2_captured_edge,CO2Injection,UnidirectionalEdge{CO2Captured},retired_capacity,0.0
CO2Captured,CA,CA_CO2_Injection_CA_Temblor1b,CA_CO2_Injection_CA_Temblor1b_co2_captured_edge,CO2Injection,UnidirectionalEdge{CO2Captured},retired_capacity,0.0
CO2Captured,CA,CA_CO2_Injection_CA_Temblor2b,CA_CO2_Injection_CA_Temblor2b_co2_captured_edge,CO2Injection,UnidirectionalEdge{CO2Captured},retired_capacity,0.0
CO2Captured,CA,CA_CO2_Injection_CA_Moreno2,CA_CO2_Injection_CA_Moreno2_co2_captured_edge,CO2Injection,UnidirectionalEdge{CO2Captured},retired_capacity,0.0
CO2Captured,CA,CA_CO2_Injection_CA_Repetto_Sst2a,CA_CO2_Injection_CA_Repetto_Sst2a_co2_captured_edge,CO2Injection,UnidirectionalEdge{CO2Captured},retired_capacity,0.0
CO2Captured,CA,CA_CO2_Injection_CA_Panoche1a,CA_CO2_Injection_CA_Panoche1a_co2_captured_edge,CO2Injection,UnidirectionalEdge{CO2Captured},retired_capacity,0.0
CO2Captured,CA,CA_CO2_Injection_CA_Repetto_Sst2b,CA_CO2_Injection_CA_Repetto_Sst2b_co2_captured_edge,CO2Injection,UnidirectionalEdge{CO2Captured},retired_capacity,0.0
CO2Captured,CA,CA_CO2_Injection_CA_Panoche1b,CA_CO2_Injection_CA_Panoche1b_co2_captured_edge,CO2Injection,UnidirectionalEdge{CO2Captured},retired_capacity,0.0
CO2Captured,CA,CA_CO2_Injection_CA_Repetto_Sst2c,CA_CO2_Injection_CA_Repetto_Sst2c_co2_captured_edge,CO2Injection,UnidirectionalEdge{CO2Captured},retired_capacity,0.0
CO2Captured,CA,CA_CO2_Injection_CA_Repetto_Sst3b,CA_CO2_Injection_CA_Repetto_Sst3b_co2_captured_edge,CO2Injection,UnidirectionalEdge{CO2Captured},retired_capacity,0.0
CO2Captured,CA,CA_CO2_Injection_CA_Repetto_Sst3a,CA_CO2_Injection_CA_Repetto_Sst3a_co2_captured_edge,CO2Injection,UnidirectionalEdge{CO2Captured},retired_capacity,0.0
CO2Captured,CA,CA_CO2_Injection_CA_Repetto_Sst3c,CA_CO2_Injection_CA_Repetto_Sst3c_co2_captured_edge,CO2Injection,UnidirectionalEdge{CO2Captured},retired_capacity,0.0
CO2Captured,CA,CA_CO2_Injection_CA_Repetto_Sst3d,CA_CO2_Injection_CA_Repetto_Sst3d_co2_captured_edge,CO2Injection,UnidirectionalEdge{CO2Captured},retired_capacity,0.0
CO2Captured,CA,CA_CO2_Injection_CA_Temblor3a,CA_CO2_Injection_CA_Temblor3a_co2_captured_edge,CO2Injection,UnidirectionalEdge{CO2Captured},retired_capacity,0.0
CO2Captured,CA,CA_CO2_Injection_CA_Temblor3b,CA_CO2_Injection_CA_Temblor3b_co2_captured_edge,CO2Injection,UnidirectionalEdge{CO2Captured},retired_capacity,0.0
CO2Captured,CA,CA_CO2_Injection_CA_Temblor3c,CA_CO2_Injection_CA_Temblor3c_co2_captured_edge,CO2Injection,UnidirectionalEdge{CO2Captured},retired_capacity,0.0
CO2Captured,CA,CA_CO2_Injection_CA_Stevens1,CA_CO2_Injection_CA_Stevens1_co2_captured_edge,CO2Injection,UnidirectionalEdge{CO2Captured},retired_capacity,0.0
CO2Captured,NW,NW_CO2_Injection_NW_Frontier3,NW_CO2_Injection_NW_Frontier3_co2_captured_edge,CO2Injection,UnidirectionalEdge{CO2Captured},retired_capacity,0.0
CO2Captured,NW,NW_CO2_Injection_NW_Entrada2,NW_CO2_Injection_NW_Entrada2_co2_captured_edge,CO2Injection,UnidirectionalEdge{CO2Captured},retired_capacity,0.0
CO2Captured,NW,NW_CO2_Injection_NW_Tensleep4,NW_CO2_Injection_NW_Tensleep4_co2_captured_edge,CO2Injection,UnidirectionalEdge{CO2Captured},retired_capacity,0.0
CO2Captured,NW,NW_CO2_Injection_NW_Lance1,NW_CO2_Injection_NW_Lance1_co2_captured_edge,CO2Injection,UnidirectionalEdge{CO2Captured},retired_capacity,0.0
CO2Captured,NW,NW_CO2_Injection_NW_Tensleep5,NW_CO2_Injection_NW_Tensleep5_co2_captured_edge,CO2Injection,UnidirectionalEdge{CO2Captured},retired_capacity,0.0
CO2Captured,NW,NW_CO2_Injection_NW_Morrison7,NW_CO2_Injection_NW_Morrison7_co2_captured_edge,CO2Injection,UnidirectionalEdge{CO2Captured},retired_capacity,0.0
CO2Captured,NW,NW_CO2_Injection_NW_Red_River1,NW_CO2_Injection_NW_Red_River1_co2_captured_edge,CO2Injection,UnidirectionalEdge{CO2Captured},retired_capacity,0.0
CO2Captured,NW,NW_CO2_Injection_NW_Maha01,NW_CO2_Injection_NW_Maha01_co2_captured_edge,CO2Injection,UnidirectionalEdge{CO2Captured},retired_capacity,0.0
CO2Captured,NW,NW_CO2_Injection_NW_Fort_Union2,NW_CO2_Injection_NW_Fort_Union2_co2_captured_edge,CO2Injection,UnidirectionalEdge{CO2Captured},retired_capacity,0.0
CO2Captured,NW,NW_CO2_Injection_NW_Entrada6,NW_CO2_Injection_NW_Entrada6_co2_captured_edge,CO2Injection,UnidirectionalEdge{CO2Captured},retired_capacity,0.0
CO2Captured,NW,NW_CO2_Injection_NW_Morrison8,NW_CO2_Injection_NW_Morrison8_co2_captured_edge,CO2Injection,UnidirectionalEdge{CO2Captured},retired_capacity,0.0
CO2Captured,NW,NW_CO2_Injection_NW_Madison_GpMission_Canyon__Fm1,NW_CO2_Injection_NW_Madison_GpMission_Canyon__Fm1_co2_captured_edge,CO2Injection,UnidirectionalEdge{CO2Captured},retired_capacity,0.0
CO2Captured,NW,NW_CO2_Injection_NW_InyanKara2,NW_CO2_Injection_NW_InyanKara2_co2_captured_edge,CO2Injection,UnidirectionalEdge{CO2Captured},retired_capacity,0.0
CO2Captured,NW,NW_CO2_Injection_NW_Minnelusa2,NW_CO2_Injection_NW_Minnelusa2_co2_captured_edge,CO2Injection,UnidirectionalEdge{CO2Captured},retired_capacity,0.0
CO2Captured,NW,NW_CO2_Injection_NW_InyanKara3,NW_CO2_Injection_NW_InyanKara3_co2_captured_edge,CO2Injection,UnidirectionalEdge{CO2Captured},retired_capacity,0.0
CO2Captured,NW,NW_CO2_Injection_NW_InyanKara1,NW_CO2_Injection_NW_InyanKara1_co2_captured_edge,CO2Injection,UnidirectionalEdge{CO2Captured},retired_capacity,0.0
CO2Captured,NW,NW_CO2_Injection_NW_Arbuckle3,NW_CO2_Injection_NW_Arbuckle3_co2_captured_edge,CO2Injection,UnidirectionalEdge{CO2Captured},retired_capacity,0.0
CO2Captured,NW,NW_CO2_Injection_NW_Red_River2,NW_CO2_Injection_NW_Red_River2_co2_captured_edge,CO2Injection,UnidirectionalEdge{CO2Captured},retired_capacity,0.0
CO2Captured,NW,NW_CO2_Injection_NW_Arbuckle2,NW_CO2_Injection_NW_Arbuckle2_co2_captured_edge,CO2Injection,UnidirectionalEdge{CO2Captured},retired_capacity,0.0
CO2Captured,NW,NW_CO2_Injection_NW_Madison_GpMission_Canyon_Fm4,NW_CO2_Injection_NW_Madison_GpMission_Canyon_Fm4_co2_captured_edge,CO2Injection,UnidirectionalEdge{CO2Captured},retired_capacity,0.0
CO2Captured,NW,NW_CO2_Injection_NW_Nugget1,NW_CO2_Injection_NW_Nugget1_co2_captured_edge,CO2Injection,UnidirectionalEdge{CO2Captured},retired_capacity,0.0
CO2Captured,NW,NW_CO2_Injection_NW_Nugget2,NW_CO2_Injection_NW_Nugget2_co2_captured_edge,CO2Injection,UnidirectionalEdge{CO2Captured},retired_capacity,0.0
CO2Captured,NW,NW_CO2_Injection_NW_Nugget4,NW_CO2_Injection_NW_Nugget4_co2_captured_edge,CO2Injection,UnidirectionalEdge{CO2Captured},retired_capacity,0.0
CO2Captured,NW,NW_CO2_Injection_NW_Madison1,NW_CO2_Injection_NW_Madison1_co2_captured_edge,CO2Injection,UnidirectionalEdge{CO2Captured},retired_capacity,0.0
CO2Captured,NW,NW_CO2_Injection_NW_Morrison6,NW_CO2_Injection_NW_Morrison6_co2_captured_edge,CO2Injection,UnidirectionalEdge{CO2Captured},retired_capacity,0.0
CO2Captured,NW,NW_CO2_Injection_NW_Entrada1,NW_CO2_Injection_NW_Entrada1_co2_captured_edge,CO2Injection,UnidirectionalEdge{CO2Captured},retired_capacity,0.0
CO2Captured,NW,NW_CO2_Injection_NW_Minnelusa1,NW_CO2_Injection_NW_Minnelusa1_co2_captured_edge,CO2Injection,UnidirectionalEdge{CO2Captured},retired_capacity,0.0
CO2Captured,NW,NW_CO2_Injection_NW_Madison_GpMission_Canyon_Fm2,NW_CO2_Injection_NW_Madison_GpMission_Canyon_Fm2_co2_captured_edge,CO2Injection,UnidirectionalEdge{CO2Captured},retired_capacity,0.0
CO2Captured,NW,NW_CO2_Injection_NW_DuperowLower_1,NW_CO2_Injection_NW_DuperowLower_1_co2_captured_edge,CO2Injection,UnidirectionalEdge{CO2Captured},retired_capacity,0.0
CO2Captured,NW,NW_CO2_Injection_NW_Basal_Cambrian1,NW_CO2_Injection_NW_Basal_Cambrian1_co2_captured_edge,CO2Injection,UnidirectionalEdge{CO2Captured},retired_capacity,0.0
CO2Captured,NW,NW_CO2_Injection_NW_Dakota02,NW_CO2_Injection_NW_Dakota02_co2_captured_edge,CO2Injection,UnidirectionalEdge{CO2Captured},retired_capacity,0.0
CO2Captured,NW,NW_CO2_Injection_NW_Basal_Cambrian7,NW_CO2_Injection_NW_Basal_Cambrian7_co2_captured_edge,CO2Injection,UnidirectionalEdge{CO2Captured},retired_capacity,0.0
CO2Captured,NW,NW_CO2_Injection_NW_Fountain1b,NW_CO2_Injection_NW_Fountain1b_co2_captured_edge,CO2Injection,UnidirectionalEdge{CO2Captured},retired_capacity,0.0
CO2Captured,NW,NW_CO2_Injection_NW_Fountain2b,NW_CO2_Injection_NW_Fountain2b_co2_captured_edge,CO2Injection,UnidirectionalEdge{CO2Captured},retired_capacity,0.0
CO2Captured,NW,NW_CO2_Injection_NW_Morrison3,NW_CO2_Injection_NW_Morrison3_co2_captured_edge,CO2Injection,UnidirectionalEdge{CO2Captured},retired_capacity,0.0
CO2Captured,NW,NW_CO2_Injection_NW_Weber2,NW_CO2_Injection_NW_Weber2_co2_captured_edge,CO2Injection,UnidirectionalEdge{CO2Captured},retired_capacity,0.0
CO2Captured,NW,NW_CO2_Injection_NW_Basal_Cambrian4,NW_CO2_Injection_NW_Basal_Cambrian4_co2_captured_edge,CO2Injection,UnidirectionalEdge{CO2Captured},retired_capacity,0.0
CO2Captured,SW,SW_CO2_Injection_SW_Forbes,SW_CO2_Injection_SW_Forbes_co2_captured_edge,CO2Injection,UnidirectionalEdge{CO2Captured},retired_capacity,0.0
CO2Captured,SW,SW_CO2_Injection_SW_Mokelumne_River1,SW_CO2_Injection_SW_Mokelumne_River1_co2_captured_edge,CO2Injection,UnidirectionalEdge{CO2Captured},retired_capacity,0.0
CO2Captured,SW,SW_CO2_Injection_SW_Moreno1Starkey,SW_CO2_Injection_SW_Moreno1Starkey_co2_captured_edge,CO2Injection,UnidirectionalEdge{CO2Captured},retired_capacity,0.0
CO2Captured,SW,SW_CO2_Injection_SW_Mokelumne_River2,SW_CO2_Injection_SW_Mokelumne_River2_co2_captured_edge,CO2Injection,UnidirectionalEdge{CO2Captured},retired_capacity,0.0
CO2Captured,SW,SW_CO2_Injection_SW_Domengine2,SW_CO2_Injection_SW_Domengine2_co2_captured_edge,CO2Injection,UnidirectionalEdge{CO2Captured},retired_capacity,0.0
CO2Captured,SW,SW_CO2_Injection_SW_Winters2,SW_CO2_Injection_SW_Winters2_co2_captured_edge,CO2Injection,UnidirectionalEdge{CO2Captured},retired_capacity,0.0
CO2Captured,SW,SW_CO2_Injection_SW_Starkey1,SW_CO2_Injection_SW_Starkey1_co2_captured_edge,CO2Injection,UnidirectionalEdge{CO2Captured},retired_capacity,0.0
CO2Captured,SW,SW_CO2_Injection_SW_Seven_Rivers1,SW_CO2_Injection_SW_Seven_Rivers1_co2_captured_edge,CO2Injection,UnidirectionalEdge{CO2Captured},retired_capacity,0.0
CO2Captured,SW,SW_CO2_Injection_SW_Wolfcamp1,SW_CO2_Injection_SW_Wolfcamp1_co2_captured_edge,CO2Injection,UnidirectionalEdge{CO2Captured},retired_capacity,0.0
CO2Captured,SW,SW_CO2_Injection_SW_Arbuckle4,SW_CO2_Injection_SW_Arbuckle4_co2_captured_edge,CO2Injection,UnidirectionalEdge{CO2Captured},retired_capacity,0.0
CO2Captured,SW,SW_CO2_Injection_SW_Domengine1,SW_CO2_Injection_SW_Domengine1_co2_captured_edge,CO2Injection,UnidirectionalEdge{CO2Captured},retired_capacity,0.0
CO2Captured,SW,SW_CO2_Injection_SW_Wolfcamp2,SW_CO2_Injection_SW_Wolfcamp2_co2_captured_edge,CO2Injection,UnidirectionalEdge{CO2Captured},retired_capacity,0.0
CO2Captured,SW,SW_CO2_Injection_SW_Morrison2,SW_CO2_Injection_SW_Morrison2_co2_captured_edge,CO2Injection,UnidirectionalEdge{CO2Captured},retired_capacity,0.0
CO2Captured,SW,SW_CO2_Injection_SW_Seven_Rivers2,SW_CO2_Injection_SW_Seven_Rivers2_co2_captured_edge,CO2Injection,UnidirectionalEdge{CO2Captured},retired_capacity,0.0
CO2Captured,SW,SW_CO2_Injection_SW_Monterey1a,SW_CO2_Injection_SW_Monterey1a_co2_captured_edge,CO2Injection,UnidirectionalEdge{CO2Captured},retired_capacity,0.0
CO2Captured,SW,SW_CO2_Injection_SW_Monterey1b,SW_CO2_Injection_SW_Monterey1b_co2_captured_edge,CO2Injection,UnidirectionalEdge{CO2Captured},retired_capacity,0.0
CO2Captured,SW,SW_CO2_Injection_SW_Morrison1,SW_CO2_Injection_SW_Morrison1_co2_captured_edge,CO2Injection,UnidirectionalEdge{CO2Captured},retired_capacity,0.0
CO2Captured,SW,SW_CO2_Injection_SW_Leonard2,SW_CO2_Injection_SW_Leonard2_co2_captured_edge,CO2Injection,UnidirectionalEdge{CO2Captured},retired_capacity,0.0
CO2Captured,SW,SW_CO2_Injection_SW_Canyon2,SW_CO2_Injection_SW_Canyon2_co2_captured_edge,CO2Injection,UnidirectionalEdge{CO2Captured},retired_capacity,0.0
CO2Captured,SW,SW_CO2_Injection_SW_Leonard1,SW_CO2_Injection_SW_Leonard1_co2_captured_edge,CO2Injection,UnidirectionalEdge{CO2Captured},retired_capacity,0.0
CO2Captured,SW,SW_CO2_Injection_SW_Canyon1,SW_CO2_Injection_SW_Canyon1_co2_captured_edge,CO2Injection,UnidirectionalEdge{CO2Captured},retired_capacity,0.0
CO2Captured,SW,SW_CO2_Injection_SW_Canyon4,SW_CO2_Injection_SW_Canyon4_co2_captured_edge,CO2Injection,UnidirectionalEdge{CO2Captured},retired_capacity,0.0
CO2Captured,SW,SW_CO2_Injection_SW_Canyon3,SW_CO2_Injection_SW_Canyon3_co2_captured_edge,CO2Injection,UnidirectionalEdge{CO2Captured},retired_capacity,0.0
CO2Captured,SW,SW_CO2_Injection_SW_Navajo01,SW_CO2_Injection_SW_Navajo01_co2_captured_edge,CO2Injection,UnidirectionalEdge{CO2Captured},retired_capacity,0.0
CO2Captured,SW,SW_CO2_Injection_SW_Queen1,SW_CO2_Injection_SW_Queen1_co2_captured_edge,CO2Injection,UnidirectionalEdge{CO2Captured},retired_capacity,0.0
CO2Captured,SW,SW_CO2_Injection_SW_Queen2,SW_CO2_Injection_SW_Queen2_co2_captured_edge,CO2Injection,UnidirectionalEdge{CO2Captured},retired_capacity,0.0
CO2Captured,SW,SW_CO2_Injection_SW_Winters1a,SW_CO2_Injection_SW_Winters1a_co2_captured_edge,CO2Injection,UnidirectionalEdge{CO2Captured},retired_capacity,0.0
CO2Captured,SW,SW_CO2_Injection_SW_Winters1b,SW_CO2_Injection_SW_Winters1b_co2_captured_edge,CO2Injection,UnidirectionalEdge{CO2Captured},retired_capacity,0.0
CO2Captured,SW,SW_CO2_Injection_SW_Winters1c,SW_CO2_Injection_SW_Winters1c_co2_captured_edge,CO2Injection,UnidirectionalEdge{CO2Captured},retired_capacity,0.0
CO2Captured,SW,SW_CO2_Injection_SW_Entrada8,SW_CO2_Injection_SW_Entrada8_co2_captured_edge,CO2Injection,UnidirectionalEdge{CO2Captured},retired_capacity,0.0
CO2Captured,SW,SW_CO2_Injection_SW_Atoka2,SW_CO2_Injection_SW_Atoka2_co2_captured_edge,CO2Injection,UnidirectionalEdge{CO2Captured},retired_capacity,0.0
CO2Captured,SW,SW_CO2_Injection_SW_Hermosa1b,SW_CO2_Injection_SW_Hermosa1b_co2_captured_edge,CO2Injection,UnidirectionalEdge{CO2Captured},retired_capacity,0.0
CO2Captured,SW,SW_CO2_Injection_SW_Atoka1,SW_CO2_Injection_SW_Atoka1_co2_captured_edge,CO2Injection,UnidirectionalEdge{CO2Captured},retired_capacity,0.0
CO2Captured,SW,SW_CO2_Injection_SW_Hermosa1a,SW_CO2_Injection_SW_Hermosa1a_co2_captured_edge,CO2Injection,UnidirectionalEdge{CO2Captured},retired_capacity,0.0
CO2Captured,SW,SW_CO2_Injection_SW_Cisco4,SW_CO2_Injection_SW_Cisco4_co2_captured_edge,CO2Injection,UnidirectionalEdge{CO2Captured},retired_capacity,0.0
CO2Captured,SW,SW_CO2_Injection_SW_Cisco3,SW_CO2_Injection_SW_Cisco3_co2_captured_edge,CO2Injection,UnidirectionalEdge{CO2Captured},retired_capacity,0.0
CO2Captured,SW,SW_CO2_Injection_SW_Cisco1,SW_CO2_Injection_SW_Cisco1_co2_captured_edge,CO2Injection,UnidirectionalEdge{CO2Captured},retired_capacity,0.0
CO2Captured,SW,SW_CO2_Injection_SW_Cisco2,SW_CO2_Injection_SW_Cisco2_co2_captured_edge,CO2Injection,UnidirectionalEdge{CO2Captured},retired_capacity,0.0
CO2Captured,SW,SW_CO2_Injection_SW_Entrada9,SW_CO2_Injection_SW_Entrada9_co2_captured_edge,CO2Injection,UnidirectionalEdge{CO2Captured},retired_capacity,0.0
CO2Captured,TX,TX_CO2_Injection_TX_Frio02,TX_CO2_Injection_TX_Frio02_co2_captured_edge,CO2Injection,UnidirectionalEdge{CO2Captured},retired_capacity,0.0
CO2Captured,TX,TX_CO2_Injection_TX_Frio03a,TX_CO2_Injection_TX_Frio03a_co2_captured_edge,CO2Injection,UnidirectionalEdge{CO2Captured},retired_capacity,0.0
CO2Captured,TX,TX_CO2_Injection_TX_Frio06,TX_CO2_Injection_TX_Frio06_co2_captured_edge,CO2Injection,UnidirectionalEdge{CO2Captured},retired_capacity,0.0
CO2Captured,TX,TX_CO2_Injection_TX_Frio09a,TX_CO2_Injection_TX_Frio09a_co2_captured_edge,CO2Injection,UnidirectionalEdge{CO2Captured},retired_capacity,0.0
CO2Captured,TX,TX_CO2_Injection_TX_Frio12a,TX_CO2_Injection_TX_Frio12a_co2_captured_edge,CO2Injection,UnidirectionalEdge{CO2Captured},retired_capacity,0.0
CO2Captured,TX,TX_CO2_Injection_TX_Frio12b,TX_CO2_Injection_TX_Frio12b_co2_captured_edge,CO2Injection,UnidirectionalEdge{CO2Captured},retired_capacity,0.0
CO2Captured,TX,TX_CO2_Injection_TX_Frio07a,TX_CO2_Injection_TX_Frio07a_co2_captured_edge,CO2Injection,UnidirectionalEdge{CO2Captured},retired_capacity,0.0
CO2Captured,TX,TX_CO2_Injection_TX_Frio10,TX_CO2_Injection_TX_Frio10_co2_captured_edge,CO2Injection,UnidirectionalEdge{CO2Captured},retired_capacity,0.0
CO2Captured,TX,TX_CO2_Injection_TX_Frio04,TX_CO2_Injection_TX_Frio04_co2_captured_edge,CO2Injection,UnidirectionalEdge{CO2Captured},retired_capacity,0.0
CO2Captured,TX,TX_CO2_Injection_TX_Frio13a,TX_CO2_Injection_TX_Frio13a_co2_captured_edge,CO2Injection,UnidirectionalEdge{CO2Captured},retired_capacity,0.0
CO2Captured,TX,TX_CO2_Injection_TX_Frio01,TX_CO2_Injection_TX_Frio01_co2_captured_edge,CO2Injection,UnidirectionalEdge{CO2Captured},retired_capacity,0.0
CO2Captured,TX,TX_CO2_Injection_TX_Frio03b,TX_CO2_Injection_TX_Frio03b_co2_captured_edge,CO2Injection,UnidirectionalEdge{CO2Captured},retired_capacity,0.0
CO2Captured,TX,TX_CO2_Injection_TX_Frio09b,TX_CO2_Injection_TX_Frio09b_co2_captured_edge,CO2Injection,UnidirectionalEdge{CO2Captured},retired_capacity,0.0
CO2Captured,TX,TX_CO2_Injection_TX_Frio13b,TX_CO2_Injection_TX_Frio13b_co2_captured_edge,CO2Injection,UnidirectionalEdge{CO2Captured},retired_capacity,0.0
CO2Captured,TX,TX_CO2_Injection_TX_Frio13c,TX_CO2_Injection_TX_Frio13c_co2_captured_edge,CO2Injection,UnidirectionalEdge{CO2Captured},retired_capacity,0.0
CO2Captured,TX,TX_CO2_Injection_TX_Frio11,TX_CO2_Injection_TX_Frio11_co2_captured_edge,CO2Injection,UnidirectionalEdge{CO2Captured},retired_capacity,0.0
CO2Captured,TX,TX_CO2_Injection_TX_Frio08,TX_CO2_Injection_TX_Frio08_co2_captured_edge,CO2Injection,UnidirectionalEdge{CO2Captured},retired_capacity,0.0
CO2Captured,TX,TX_CO2_Injection_TX_Lower_Tuscaloosa08,TX_CO2_Injection_TX_Lower_Tuscaloosa08_co2_captured_edge,CO2Injection,UnidirectionalEdge{CO2Captured},retired_capacity,0.0
CO2Captured,TX,TX_CO2_Injection_TX_Frio05,TX_CO2_Injection_TX_Frio05_co2_captured_edge,CO2Injection,UnidirectionalEdge{CO2Captured},retired_capacity,0.0
CO2Captured,TX,TX_CO2_Injection_TX_Lower_Tuscaloosa09,TX_CO2_Injection_TX_Lower_Tuscaloosa09_co2_captured_edge,CO2Injection,UnidirectionalEdge{CO2Captured},retired_capacity,0.0
CO2Captured,TX,TX_CO2_Injection_TX_WashitaFredericksburg3,TX_CO2_Injection_TX_WashitaFredericksburg3_co2_captured_edge,CO2Injection,UnidirectionalEdge{CO2Captured},retired_capacity,0.0
CO2Captured,TX,TX_CO2_Injection_TX_Paluxy1,TX_CO2_Injection_TX_Paluxy1_co2_captured_edge,CO2Injection,UnidirectionalEdge{CO2Captured},retired_capacity,0.0
CO2Captured,TX,TX_CO2_Injection_TX_Frio07b,TX_CO2_Injection_TX_Frio07b_co2_captured_edge,CO2Injection,UnidirectionalEdge{CO2Captured},retired_capacity,0.0
CO2Captured,TX,TX_CO2_Injection_TX_Lower_Tuscaloosa06,TX_CO2_Injection_TX_Lower_Tuscaloosa06_co2_captured_edge,CO2Injection,UnidirectionalEdge{CO2Captured},retired_capacity,0.0
CO2Captured,NCEN,NCEN_CO2_Injection_NCEN_Mount_Simon03,NCEN_CO2_Injection_NCEN_Mount_Simon03_co2_captured_edge,CO2Injection,UnidirectionalEdge{CO2Captured},retired_capacity,0.0
CO2Captured,NCEN,NCEN_CO2_Injection_NCEN_Mount_Simon06,NCEN_CO2_Injection_NCEN_Mount_Simon06_co2_captured_edge,CO2Injection,UnidirectionalEdge{CO2Captured},retired_capacity,0.0
CO2Captured,NCEN,NCEN_CO2_Injection_NCEN_Mount_Simon07,NCEN_CO2_Injection_NCEN_Mount_Simon07_co2_captured_edge,CO2Injection,UnidirectionalEdge{CO2Captured},retired_capacity,0.0
CO2Captured,NCEN,NCEN_CO2_Injection_NCEN_Mount_Simon05,NCEN_CO2_Injection_NCEN_Mount_Simon05_co2_captured_edge,CO2Injection,UnidirectionalEdge{CO2Captured},retired_capacity,0.0
CO2Captured,NCEN,NCEN_CO2_Injection_NCEN_Mount_Simon02,NCEN_CO2_Injection_NCEN_Mount_Simon02_co2_captured_edge,CO2Injection,UnidirectionalEdge{CO2Captured},retired_capacity,0.0
CO2Captured,NCEN,NCEN_CO2_Injection_NCEN_Knox3,NCEN_CO2_Injection_NCEN_Knox3_co2_captured_edge,CO2Injection,UnidirectionalEdge{CO2Captured},retired_capacity,0.0
CO2Captured,NCEN,NCEN_CO2_Injection_NCEN_Knox5,NCEN_CO2_Injection_NCEN_Knox5_co2_captured_edge,CO2Injection,UnidirectionalEdge{CO2Captured},retired_capacity,0.0
CO2Captured,NCEN,NCEN_CO2_Injection_NCEN_Knox1,NCEN_CO2_Injection_NCEN_Knox1_co2_captured_edge,CO2Injection,UnidirectionalEdge{CO2Captured},retired_capacity,0.0
CO2Captured,NCEN,NCEN_CO2_Injection_NCEN_StPeter07,NCEN_CO2_Injection_NCEN_StPeter07_co2_captured_edge,CO2Injection,UnidirectionalEdge{CO2Captured},retired_capacity,0.0
CO2Captured,NCEN,NCEN_CO2_Injection_NCEN_Mount_Simon08,NCEN_CO2_Injection_NCEN_Mount_Simon08_co2_captured_edge,CO2Injection,UnidirectionalEdge{CO2Captured},retired_capacity,0.0
CO2Captured,NCEN,NCEN_CO2_Injection_NCEN_Knox4,NCEN_CO2_Injection_NCEN_Knox4_co2_captured_edge,CO2Injection,UnidirectionalEdge{CO2Captured},retired_capacity,0.0
CO2Captured,NCEN,NCEN_CO2_Injection_NCEN_Knox6,NCEN_CO2_Injection_NCEN_Knox6_co2_captured_edge,CO2Injection,UnidirectionalEdge{CO2Captured},retired_capacity,0.0
CO2Captured,NCEN,NCEN_CO2_Injection_NCEN_Mount_Simon10,NCEN_CO2_Injection_NCEN_Mount_Simon10_co2_captured_edge,CO2Injection,UnidirectionalEdge{CO2Captured},retired_capacity,0.0
CO2Captured,NCEN,NCEN_CO2_Injection_NCEN_Knox2,NCEN_CO2_Injection_NCEN_Knox2_co2_captured_edge,CO2Injection,UnidirectionalEdge{CO2Captured},retired_capacity,0.0
CO2Captured,NCEN,NCEN_CO2_Injection_NCEN_Niagaran01,NCEN_CO2_Injection_NCEN_Niagaran01_co2_captured_edge,CO2Injection,UnidirectionalEdge{CO2Captured},retired_capacity,0.0
CO2Captured,CEN,CEN_CO2_Injection_CEN_Woodbine1,CEN_CO2_Injection_CEN_Woodbine1_co2_captured_edge,CO2Injection,UnidirectionalEdge{CO2Captured},retired_capacity,0.0
CO2Captured,CEN,CEN_CO2_Injection_CEN_Lower_Tuscaloosa01,CEN_CO2_Injection_CEN_Lower_Tuscaloosa01_co2_captured_edge,CO2Injection,UnidirectionalEdge{CO2Captured},retired_capacity,0.0
CO2Captured,CEN,CEN_CO2_Injection_CEN_Lower_Tuscaloosa10,CEN_CO2_Injection_CEN_Lower_Tuscaloosa10_co2_captured_edge,CO2Injection,UnidirectionalEdge{CO2Captured},retired_capacity,0.0
CO2Captured,CEN,CEN_CO2_Injection_CEN_Arbuckle1,CEN_CO2_Injection_CEN_Arbuckle1_co2_captured_edge,CO2Injection,UnidirectionalEdge{CO2Captured},retired_capacity,0.0
CO2Captured,CEN,CEN_CO2_Injection_CEN_Paluxy6,CEN_CO2_Injection_CEN_Paluxy6_co2_captured_edge,CO2Injection,UnidirectionalEdge{CO2Captured},retired_capacity,0.0
CO2Captured,CEN,CEN_CO2_Injection_CEN_Paluxy2,CEN_CO2_Injection_CEN_Paluxy2_co2_captured_edge,CO2Injection,UnidirectionalEdge{CO2Captured},retired_capacity,0.0
CO2Captured,CEN,CEN_CO2_Injection_CEN_Paluxy3,CEN_CO2_Injection_CEN_Paluxy3_co2_captured_edge,CO2Injection,UnidirectionalEdge{CO2Captured},retired_capacity,0.0
CO2Captured,CEN,CEN_CO2_Injection_CEN_Basal_Cambrian8,CEN_CO2_Injection_CEN_Basal_Cambrian8_co2_captured_edge,CO2Injection,UnidirectionalEdge{CO2Captured},retired_capacity,0.0
CO2Captured,CEN,CEN_CO2_Injection_CEN_Lower_Tuscaloosa07,CEN_CO2_Injection_CEN_Lower_Tuscaloosa07_co2_captured_edge,CO2Injection,UnidirectionalEdge{CO2Captured},retired_capacity,0.0
CO2Captured,SE,SE_CO2_Injection_SE_WashitaFredericksburg1,SE_CO2_Injection_SE_WashitaFredericksburg1_co2_captured_edge,CO2Injection,UnidirectionalEdge{CO2Captured},retired_capacity,0.0
CO2Captured,SE,SE_CO2_Injection_SE_Lower_Tuscaloosa02,SE_CO2_Injection_SE_Lower_Tuscaloosa02_co2_captured_edge,CO2Injection,UnidirectionalEdge{CO2Captured},retired_capacity,0.0
CO2Captured,SE,SE_CO2_Injection_SE_WashitaFredericksburg2,SE_CO2_Injection_SE_WashitaFredericksburg2_co2_captured_edge,CO2Injection,UnidirectionalEdge{CO2Captured},retired_capacity,0.0
CO2Captured,SE,SE_CO2_Injection_SE_Cedar_KeysLawson2,SE_CO2_Injection_SE_Cedar_KeysLawson2_co2_captured_edge,CO2Injection,UnidirectionalEdge{CO2Captured},retired_capacity,0.0
CO2Captured,SE,SE_CO2_Injection_SE_Paluxy5,SE_CO2_Injection_SE_Paluxy5_co2_captured_edge,CO2Injection,UnidirectionalEdge{CO2Captured},retired_capacity,0.0
CO2Captured,SE,SE_CO2_Injection_SE_Lower_Tuscaloosa03,SE_CO2_Injection_SE_Lower_Tuscaloosa03_co2_captured_edge,CO2Injection,UnidirectionalEdge{CO2Captured},retired_capacity,0.0
CO2Captured,SE,SE_CO2_Injection_SE_Paluxy4,SE_CO2_Injection_SE_Paluxy4_co2_captured_edge,CO2Injection,UnidirectionalEdge{CO2Captured},retired_capacity,0.0
CO2Captured,SE,SE_CO2_Injection_SE_Lower_Tuscaloosa04,SE_CO2_Injection_SE_Lower_Tuscaloosa04_co2_captured_edge,CO2Injection,UnidirectionalEdge{CO2Captured},retired_capacity,0.0
CO2Captured,SE,SE_CO2_Injection_SE_Cedar_KeysLawson1,SE_CO2_Injection_SE_Cedar_KeysLawson1_co2_captured_edge,CO2Injection,UnidirectionalEdge{CO2Captured},retired_capacity,0.0
CO2Captured,SE,SE_CO2_Injection_SE_Lower_Tuscaloosa05,SE_CO2_Injection_SE_Lower_Tuscaloosa05_co2_captured_edge,CO2Injection,UnidirectionalEdge{CO2Captured},retired_capacity,0.0
CO2Captured,SE,SE_CO2_Injection_SE_Sunniland1,SE_CO2_Injection_SE_Sunniland1_co2_captured_edge,CO2Injection,UnidirectionalEdge{CO2Captured},retired_capacity,0.0
CO2Captured,MIDAT,MIDAT_CO2_Injection_MIDAT_Waste_Gate1,MIDAT_CO2_Injection_MIDAT_Waste_Gate1_co2_captured_edge,CO2Injection,UnidirectionalEdge{CO2Captured},retired_capacity,0.0
CO2Captured,CA,co2_CA_to_NW,co2_CA_to_NW_charge_edge,GasStorage{CO2Captured},UnidirectionalEdge{CO2Captured},retired_capacity,0.0
CO2Captured,CA,co2_CA_to_NW,co2_CA_to_NW_discharge_edge,GasStorage{CO2Captured},UnidirectionalEdge{CO2Captured},retired_capacity,0.0
CO2Captured,NW,co2_NW_to_CA,co2_NW_to_CA_charge_edge,GasStorage{CO2Captured},UnidirectionalEdge{CO2Captured},retired_capacity,0.0
CO2Captured,NW,co2_NW_to_CA,co2_NW_to_CA_discharge_edge,GasStorage{CO2Captured},UnidirectionalEdge{CO2Captured},retired_capacity,0.0
CO2Captured,CA,co2_CA_to_SW,co2_CA_to_SW_charge_edge,GasStorage{CO2Captured},UnidirectionalEdge{CO2Captured},retired_capacity,0.0
CO2Captured,CA,co2_CA_to_SW,co2_CA_to_SW_discharge_edge,GasStorage{CO2Captured},UnidirectionalEdge{CO2Captured},retired_capacity,0.0
CO2Captured,SW,co2_SW_to_CA,co2_SW_to_CA_charge_edge,GasStorage{CO2Captured},UnidirectionalEdge{CO2Captured},retired_capacity,0.0
CO2Captured,SW,co2_SW_to_CA,co2_SW_to_CA_discharge_edge,GasStorage{CO2Captured},UnidirectionalEdge{CO2Captured},retired_capacity,0.0
CO2Captured,NW,co2_NW_to_SW,co2_NW_to_SW_charge_edge,GasStorage{CO2Captured},UnidirectionalEdge{CO2Captured},retired_capacity,0.0
CO2Captured,NW,co2_NW_to_SW,co2_NW_to_SW_discharge_edge,GasStorage{CO2Captured},UnidirectionalEdge{CO2Captured},retired_capacity,0.0
CO2Captured,SW,co2_SW_to_NW,co2_SW_to_NW_charge_edge,GasStorage{CO2Captured},UnidirectionalEdge{CO2Captured},retired_capacity,0.0
CO2Captured,SW,co2_SW_to_NW,co2_SW_to_NW_discharge_edge,GasStorage{CO2Captured},UnidirectionalEdge{CO2Captured},retired_capacity,0.0
CO2Captured,SW,co2_SW_to_CEN,co2_SW_to_CEN_charge_edge,GasStorage{CO2Captured},UnidirectionalEdge{CO2Captured},retired_capacity,0.0
CO2Captured,SW,co2_SW_to_CEN,co2_SW_to_CEN_discharge_edge,GasStorage{CO2Captured},UnidirectionalEdge{CO2Captured},retired_capacity,0.0
CO2Captured,CEN,co2_CEN_to_SW,co2_CEN_to_SW_charge_edge,GasStorage{CO2Captured},UnidirectionalEdge{CO2Captured},retired_capacity,0.0
CO2Captured,CEN,co2_CEN_to_SW,co2_CEN_to_SW_discharge_edge,GasStorage{CO2Captured},UnidirectionalEdge{CO2Captured},retired_capacity,0.0
CO2Captured,TX,co2_TX_to_CEN,co2_TX_to_CEN_charge_edge,GasStorage{CO2Captured},UnidirectionalEdge{CO2Captured},retired_capacity,0.0
CO2Captured,TX,co2_TX_to_CEN,co2_TX_to_CEN_discharge_edge,GasStorage{CO2Captured},UnidirectionalEdge{CO2Captured},retired_capacity,0.0
CO2Captured,CEN,co2_CEN_to_TX,co2_CEN_to_TX_charge_edge,GasStorage{CO2Captured},UnidirectionalEdge{CO2Captured},retired_capacity,0.0
CO2Captured,CEN,co2_CEN_to_TX,co2_CEN_to_TX_discharge_edge,GasStorage{CO2Captured},UnidirectionalEdge{CO2Captured},retired_capacity,0.0
CO2Captured,NCEN,co2_NCEN_to_CEN,co2_NCEN_to_CEN_charge_edge,GasStorage{CO2Captured},UnidirectionalEdge{CO2Captured},retired_capacity,0.0
CO2Captured,NCEN,co2_NCEN_to_CEN,co2_NCEN_to_CEN_discharge_edge,GasStorage{CO2Captured},UnidirectionalEdge{CO2Captured},retired_capacity,0.0
CO2Captured,CEN,co2_CEN_to_NCEN,co2_CEN_to_NCEN_charge_edge,GasStorage{CO2Captured},UnidirectionalEdge{CO2Captured},retired_capacity,0.0
CO2Captured,CEN,co2_CEN_to_NCEN,co2_CEN_to_NCEN_discharge_edge,GasStorage{CO2Captured},UnidirectionalEdge{CO2Captured},retired_capacity,0.0
CO2Captured,NCEN,co2_NCEN_to_SE,co2_NCEN_to_SE_charge_edge,GasStorage{CO2Captured},UnidirectionalEdge{CO2Captured},retired_capacity,0.0
CO2Captured,NCEN,co2_NCEN_to_SE,co2_NCEN_to_SE_discharge_edge,GasStorage{CO2Captured},UnidirectionalEdge{CO2Captured},retired_capacity,0.0
CO2Captured,SE,co2_SE_to_NCEN,co2_SE_to_NCEN_charge_edge,GasStorage{CO2Captured},UnidirectionalEdge{CO2Captured},retired_capacity,0.0
CO2Captured,SE,co2_SE_to_NCEN,co2_SE_to_NCEN_discharge_edge,GasStorage{CO2Captured},UnidirectionalEdge{CO2Captured},retired_capacity,0.0
CO2Captured,NCEN,co2_NCEN_to_MIDAT,co2_NCEN_to_MIDAT_charge_edge,GasStorage{CO2Captured},UnidirectionalEdge{CO2Captured},retired_capacity,0.0
CO2Captured,NCEN,co2_NCEN_to_MIDAT,co2_NCEN_to_MIDAT_discharge_edge,GasStorage{CO2Captured},UnidirectionalEdge{CO2Captured},retired_capacity,0.0
CO2Captured,MIDAT,co2_MIDAT_to_NCEN,co2_MIDAT_to_NCEN_charge_edge,GasStorage{CO2Captured},UnidirectionalEdge{CO2Captured},retired_capacity,0.0
CO2Captured,MIDAT,co2_MIDAT_to_NCEN,co2_MIDAT_to_NCEN_discharge_edge,GasStorage{CO2Captured},UnidirectionalEdge{CO2Captured},retired_capacity,0.0
CO2Captured,CEN,co2_CEN_to_SE,co2_CEN_to_SE_charge_edge,GasStorage{CO2Captured},UnidirectionalEdge{CO2Captured},retired_capacity,0.0
CO2Captured,CEN,co2_CEN_to_SE,co2_CEN_to_SE_discharge_edge,GasStorage{CO2Captured},UnidirectionalEdge{CO2Captured},retired_capacity,0.0
CO2Captured,SE,co2_SE_to_CEN,co2_SE_to_CEN_charge_edge,GasStorage{CO2Captured},UnidirectionalEdge{CO2Captured},retired_capacity,0.0
CO2Captured,SE,co2_SE_to_CEN,co2_SE_to_CEN_discharge_edge,GasStorage{CO2Captured},UnidirectionalEdge{CO2Captured},retired_capacity,0.0
CO2Captured,SE,co2_SE_to_MIDAT,co2_SE_to_MIDAT_charge_edge,GasStorage{CO2Captured},UnidirectionalEdge{CO2Captured},retired_capacity,0.0
CO2Captured,SE,co2_SE_to_MIDAT,co2_SE_to_MIDAT_discharge_edge,GasStorage{CO2Captured},UnidirectionalEdge{CO2Captured},retired_capacity,0.0
CO2Captured,MIDAT,co2_MIDAT_to_SE,co2_MIDAT_to_SE_charge_edge,GasStorage{CO2Captured},UnidirectionalEdge{CO2Captured},retired_capacity,0.0
CO2Captured,MIDAT,co2_MIDAT_to_SE,co2_MIDAT_to_SE_discharge_edge,GasStorage{CO2Captured},UnidirectionalEdge{CO2Captured},retired_capacity,0.0
CO2Captured,MIDAT,co2_MIDAT_to_NE,co2_MIDAT_to_NE_charge_edge,GasStorage{CO2Captured},UnidirectionalEdge{CO2Captured},retired_capacity,0.0
CO2Captured,MIDAT,co2_MIDAT_to_NE,co2_MIDAT_to_NE_discharge_edge,GasStorage{CO2Captured},UnidirectionalEdge{CO2Captured},retired_capacity,0.0
CO2Captured,NE,co2_NE_to_MIDAT,co2_NE_to_MIDAT_charge_edge,GasStorage{CO2Captured},UnidirectionalEdge{CO2Captured},retired_capacity,0.0
CO2Captured,NE,co2_NE_to_MIDAT,co2_NE_to_MIDAT_discharge_edge,GasStorage{CO2Captured},UnidirectionalEdge{CO2Captured},retired_capacity,0.0
Electricity,CA,CA_battery_moderate_0,CA_battery_moderate_0_discharge_edge,Battery,UnidirectionalEdge{Electricity},retired_capacity,0.0
Electricity,NW,NW_battery_moderate_0,NW_battery_moderate_0_discharge_edge,Battery,UnidirectionalEdge{Electricity},retired_capacity,0.0
Electricity,SW,SW_battery_moderate_0,SW_battery_moderate_0_discharge_edge,Battery,UnidirectionalEdge{Electricity},retired_capacity,0.0
Electricity,TX,TX_battery_moderate_0,TX_battery_moderate_0_discharge_edge,Battery,UnidirectionalEdge{Electricity},retired_capacity,0.0
Electricity,NCEN,NCEN_battery_moderate_0,NCEN_battery_moderate_0_discharge_edge,Battery,UnidirectionalEdge{Electricity},retired_capacity,0.0
Electricity,CEN,CEN_battery_moderate_0,CEN_battery_moderate_0_discharge_edge,Battery,UnidirectionalEdge{Electricity},retired_capacity,0.0
Electricity,SE,SE_battery_moderate_0,SE_battery_moderate_0_discharge_edge,Battery,UnidirectionalEdge{Electricity},retired_capacity,0.0
Electricity,MIDAT,MIDAT_battery_moderate_0,MIDAT_battery_moderate_0_discharge_edge,Battery,UnidirectionalEdge{Electricity},retired_capacity,0.0
Electricity,NE,NE_battery_moderate_0,NE_battery_moderate_0_discharge_edge,Battery,UnidirectionalEdge{Electricity},retired_capacity,0.0
Electricity,CA,CA_hydroelectric_pumped_storage_1,CA_hydroelectric_pumped_storage_1_discharge_edge,Battery,UnidirectionalEdge{Electricity},retired_capacity,0.0
Electricity,CEN,CEN_hydroelectric_pumped_storage_1,CEN_hydroelectric_pumped_storage_1_discharge_edge,Battery,UnidirectionalEdge{Electricity},retired_capacity,0.0
Electricity,MIDAT,MIDAT_hydroelectric_pumped_storage_1,MIDAT_hydroelectric_pumped_storage_1_discharge_edge,Battery,UnidirectionalEdge{Electricity},retired_capacity,0.0
Electricity,NE,NE_hydroelectric_pumped_storage_1,NE_hydroelectric_pumped_storage_1_discharge_edge,Battery,UnidirectionalEdge{Electricity},retired_capacity,0.0
Electricity,NW,NW_hydroelectric_pumped_storage_1,NW_hydroelectric_pumped_storage_1_discharge_edge,Battery,UnidirectionalEdge{Electricity},retired_capacity,0.0
Electricity,NCEN,NCEN_hydroelectric_pumped_storage_1,NCEN_hydroelectric_pumped_storage_1_discharge_edge,Battery,UnidirectionalEdge{Electricity},retired_capacity,0.0
Electricity,SE,SE_hydroelectric_pumped_storage_1,SE_hydroelectric_pumped_storage_1_discharge_edge,Battery,UnidirectionalEdge{Electricity},retired_capacity,0.0
Electricity,SW,SW_hydroelectric_pumped_storage_1,SW_hydroelectric_pumped_storage_1_discharge_edge,Battery,UnidirectionalEdge{Electricity},retired_capacity,0.0
CO2,CA,CA_Sorbent_DAC,CA_Sorbent_DAC_co2_edge,ElectricDAC,UnidirectionalEdge{CO2},retired_capacity,0.0
CO2,NW,NW_Sorbent_DAC,NW_Sorbent_DAC_co2_edge,ElectricDAC,UnidirectionalEdge{CO2},retired_capacity,0.0
CO2,SW,SW_Sorbent_DAC,SW_Sorbent_DAC_co2_edge,ElectricDAC,UnidirectionalEdge{CO2},retired_capacity,0.0
CO2,TX,TX_Sorbent_DAC,TX_Sorbent_DAC_co2_edge,ElectricDAC,UnidirectionalEdge{CO2},retired_capacity,0.0
CO2,NCEN,NCEN_Sorbent_DAC,NCEN_Sorbent_DAC_co2_edge,ElectricDAC,UnidirectionalEdge{CO2},retired_capacity,0.0
CO2,CEN,CEN_Sorbent_DAC,CEN_Sorbent_DAC_co2_edge,ElectricDAC,UnidirectionalEdge{CO2},retired_capacity,0.0
CO2,SE,SE_Sorbent_DAC,SE_Sorbent_DAC_co2_edge,ElectricDAC,UnidirectionalEdge{CO2},retired_capacity,0.0
CO2,MIDAT,MIDAT_Sorbent_DAC,MIDAT_Sorbent_DAC_co2_edge,ElectricDAC,UnidirectionalEdge{CO2},retired_capacity,0.0
CO2,NE,NE_Sorbent_DAC,NE_Sorbent_DAC_co2_edge,ElectricDAC,UnidirectionalEdge{CO2},retired_capacity,0.0
Hydrogen,CA,CA_Electrolyzer,CA_Electrolyzer_h2_edge,Electrolyzer,EdgeWithUC{Hydrogen},retired_capacity,0.0
Hydrogen,NW,NW_Electrolyzer,NW_Electrolyzer_h2_edge,Electrolyzer,EdgeWithUC{Hydrogen},retired_capacity,0.0
Hydrogen,SW,SW_Electrolyzer,SW_Electrolyzer_h2_edge,Electrolyzer,EdgeWithUC{Hydrogen},retired_capacity,0.0
Hydrogen,TX,TX_Electrolyzer,TX_Electrolyzer_h2_edge,Electrolyzer,EdgeWithUC{Hydrogen},retired_capacity,0.0
Hydrogen,NCEN,NCEN_Electrolyzer,NCEN_Electrolyzer_h2_edge,Electrolyzer,EdgeWithUC{Hydrogen},retired_capacity,0.0
Hydrogen,CEN,CEN_Electrolyzer,CEN_Electrolyzer_h2_edge,Electrolyzer,EdgeWithUC{Hydrogen},retired_capacity,0.0
Hydrogen,SE,SE_Electrolyzer,SE_Electrolyzer_h2_edge,Electrolyzer,EdgeWithUC{Hydrogen},retired_capacity,0.0
Hydrogen,MIDAT,MIDAT_Electrolyzer,MIDAT_Electrolyzer_h2_edge,Electrolyzer,EdgeWithUC{Hydrogen},retired_capacity,0.0
Hydrogen,NE,NE_Electrolyzer,NE_Electrolyzer_h2_edge,Electrolyzer,EdgeWithUC{Hydrogen},retired_capacity,0.0
Electricity,CA,CA_onshore_wind_turbine_1,CA_onshore_wind_turbine_1_edge,VRE,UnidirectionalEdge{Electricity},retired_capacity,1.592754319329163
Electricity,CA,CA_solar_photovoltaic_1,CA_solar_photovoltaic_1_edge,VRE,UnidirectionalEdge{Electricity},retired_capacity,0.044981591671150595
Electricity,CEN,CEN_onshore_wind_turbine_1,CEN_onshore_wind_turbine_1_edge,VRE,UnidirectionalEdge{Electricity},retired_capacity,0.09692884907422192
Electricity,CEN,CEN_solar_photovoltaic_1,CEN_solar_photovoltaic_1_edge,VRE,UnidirectionalEdge{Electricity},retired_capacity,0.051373942627084675
Electricity,MIDAT,MIDAT_onshore_wind_turbine_1,MIDAT_onshore_wind_turbine_1_edge,VRE,UnidirectionalEdge{Electricity},retired_capacity,0.02782964333496238
Electricity,MIDAT,MIDAT_solar_photovoltaic_1,MIDAT_solar_photovoltaic_1_edge,VRE,UnidirectionalEdge{Electricity},retired_capacity,0.09108530502293538
Electricity,NE,NE_onshore_wind_turbine_1,NE_onshore_wind_turbine_1_edge,VRE,UnidirectionalEdge{Electricity},retired_capacity,0.028897648883681393
Electricity,NE,NE_solar_photovoltaic_1,NE_solar_photovoltaic_1_edge,VRE,UnidirectionalEdge{Electricity},retired_capacity,0.05291390648362916
Electricity,NW,NW_onshore_wind_turbine_1,NW_onshore_wind_turbine_1_edge,VRE,UnidirectionalEdge{Electricity},retired_capacity,0.08152124596510152
Electricity,NW,NW_solar_photovoltaic_1,NW_solar_photovoltaic_1_edge,VRE,UnidirectionalEdge{Electricity},retired_capacity,511.6104620459425
Electricity,NCEN,NCEN_onshore_wind_turbine_1,NCEN_onshore_wind_turbine_1_edge,VRE,UnidirectionalEdge{Electricity},retired_capacity,0.07671425650605856
Electricity,NCEN,NCEN_solar_photovoltaic_1,NCEN_solar_photovoltaic_1_edge,VRE,UnidirectionalEdge{Electricity},retired_capacity,0.7610267458766214
Electricity,SE,SE_solar_photovoltaic_1,SE_solar_photovoltaic_1_edge,VRE,UnidirectionalEdge{Electricity},retired_capacity,0.08346969490929951
Electricity,SW,SW_onshore_wind_turbine_1,SW_onshore_wind_turbine_1_edge,VRE,UnidirectionalEdge{Electricity},retired_capacity,0.04512376127271273
Electricity,SW,SW_solar_photovoltaic_1,SW_solar_photovoltaic_1_edge,VRE,UnidirectionalEdge{Electricity},retired_capacity,0.04492011567689026
Electricity,TX,TX_onshore_wind_turbine_1,TX_onshore_wind_turbine_1_edge,VRE,UnidirectionalEdge{Electricity},retired_capacity,0.0952427498970682
Electricity,TX,TX_solar_photovoltaic_1,TX_solar_photovoltaic_1_edge,VRE,UnidirectionalEdge{Electricity},retired_capacity,0.031626325449763334
Electricity,CA,CA_CCGT-H2,CA_CCGT-H2_elec_edge,ThermalPower{Hydrogen},EdgeWithUC{Electricity},retired_capacity,0.0
Electricity,NW,NW_CCGT-H2,NW_CCGT-H2_elec_edge,ThermalPower{Hydrogen},EdgeWithUC{Electricity},retired_capacity,0.0
Electricity,SW,SW_CCGT-H2,SW_CCGT-H2_elec_edge,ThermalPower{Hydrogen},EdgeWithUC{Electricity},retired_capacity,0.0
Electricity,TX,TX_CCGT-H2,TX_CCGT-H2_elec_edge,ThermalPower{Hydrogen},EdgeWithUC{Electricity},retired_capacity,0.0
Electricity,NCEN,NCEN_CCGT-H2,NCEN_CCGT-H2_elec_edge,ThermalPower{Hydrogen},EdgeWithUC{Electricity},retired_capacity,0.0
Electricity,CEN,CEN_CCGT-H2,CEN_CCGT-H2_elec_edge,ThermalPower{Hydrogen},EdgeWithUC{Electricity},retired_capacity,0.0
Electricity,SE,SE_CCGT-H2,SE_CCGT-H2_elec_edge,ThermalPower{Hydrogen},EdgeWithUC{Electricity},retired_capacity,0.0
Electricity,MIDAT,MIDAT_CCGT-H2,MIDAT_CCGT-H2_elec_edge,ThermalPower{Hydrogen},EdgeWithUC{Electricity},retired_capacity,0.0
Electricity,NE,NE_CCGT-H2,NE_CCGT-H2_elec_edge,ThermalPower{Hydrogen},EdgeWithUC{Electricity},retired_capacity,0.0
Electricity,CA,CA_OCGT-H2,CA_OCGT-H2_elec_edge,ThermalPower{Hydrogen},EdgeWithUC{Electricity},retired_capacity,0.0
Electricity,NW,NW_OCGT-H2,NW_OCGT-H2_elec_edge,ThermalPower{Hydrogen},EdgeWithUC{Electricity},retired_capacity,0.0
Electricity,SW,SW_OCGT-H2,SW_OCGT-H2_elec_edge,ThermalPower{Hydrogen},EdgeWithUC{Electricity},retired_capacity,0.0
Electricity,TX,TX_OCGT-H2,TX_OCGT-H2_elec_edge,ThermalPower{Hydrogen},EdgeWithUC{Electricity},retired_capacity,0.0
Electricity,NCEN,NCEN_OCGT-H2,NCEN_OCGT-H2_elec_edge,ThermalPower{Hydrogen},EdgeWithUC{Electricity},retired_capacity,0.0
Electricity,CEN,CEN_OCGT-H2,CEN_OCGT-H2_elec_edge,ThermalPower{Hydrogen},EdgeWithUC{Electricity},retired_capacity,0.0
Electricity,SE,SE_OCGT-H2,SE_OCGT-H2_elec_edge,ThermalPower{Hydrogen},EdgeWithUC{Electricity},retired_capacity,0.0
Electricity,MIDAT,MIDAT_OCGT-H2,MIDAT_OCGT-H2_elec_edge,ThermalPower{Hydrogen},EdgeWithUC{Electricity},retired_capacity,0.0
Electricity,NE,NE_OCGT-H2,NE_OCGT-H2_elec_edge,ThermalPower{Hydrogen},EdgeWithUC{Electricity},retired_capacity,0.0
Hydrogen,CA,h2_CA_to_NW,h2_CA_to_NW_charge_edge,GasStorage{Hydrogen},UnidirectionalEdge{Hydrogen},retired_capacity,0.0
Hydrogen,CA,h2_CA_to_NW,h2_CA_to_NW_discharge_edge,GasStorage{Hydrogen},UnidirectionalEdge{Hydrogen},retired_capacity,0.0
Hydrogen,NW,h2_NW_to_CA,h2_NW_to_CA_charge_edge,GasStorage{Hydrogen},UnidirectionalEdge{Hydrogen},retired_capacity,0.0
Hydrogen,NW,h2_NW_to_CA,h2_NW_to_CA_discharge_edge,GasStorage{Hydrogen},UnidirectionalEdge{Hydrogen},retired_capacity,0.0
Hydrogen,CA,h2_CA_to_SW,h2_CA_to_SW_charge_edge,GasStorage{Hydrogen},UnidirectionalEdge{Hydrogen},retired_capacity,0.0
Hydrogen,CA,h2_CA_to_SW,h2_CA_to_SW_discharge_edge,GasStorage{Hydrogen},UnidirectionalEdge{Hydrogen},retired_capacity,0.0
Hydrogen,SW,h2_SW_to_CA,h2_SW_to_CA_charge_edge,GasStorage{Hydrogen},UnidirectionalEdge{Hydrogen},retired_capacity,0.0
Hydrogen,SW,h2_SW_to_CA,h2_SW_to_CA_discharge_edge,GasStorage{Hydrogen},UnidirectionalEdge{Hydrogen},retired_capacity,0.0
Hydrogen,NW,h2_NW_to_SW,h2_NW_to_SW_charge_edge,GasStorage{Hydrogen},UnidirectionalEdge{Hydrogen},retired_capacity,0.0
Hydrogen,NW,h2_NW_to_SW,h2_NW_to_SW_discharge_edge,GasStorage{Hydrogen},UnidirectionalEdge{Hydrogen},retired_capacity,0.0
Hydrogen,SW,h2_SW_to_NW,h2_SW_to_NW_charge_edge,GasStorage{Hydrogen},UnidirectionalEdge{Hydrogen},retired_capacity,0.0
Hydrogen,SW,h2_SW_to_NW,h2_SW_to_NW_discharge_edge,GasStorage{Hydrogen},UnidirectionalEdge{Hydrogen},retired_capacity,0.0
Hydrogen,SW,h2_SW_to_CEN,h2_SW_to_CEN_charge_edge,GasStorage{Hydrogen},UnidirectionalEdge{Hydrogen},retired_capacity,0.0
Hydrogen,SW,h2_SW_to_CEN,h2_SW_to_CEN_discharge_edge,GasStorage{Hydrogen},UnidirectionalEdge{Hydrogen},retired_capacity,0.0
Hydrogen,CEN,h2_CEN_to_SW,h2_CEN_to_SW_charge_edge,GasStorage{Hydrogen},UnidirectionalEdge{Hydrogen},retired_capacity,0.0
Hydrogen,CEN,h2_CEN_to_SW,h2_CEN_to_SW_discharge_edge,GasStorage{Hydrogen},UnidirectionalEdge{Hydrogen},retired_capacity,0.0
Hydrogen,TX,h2_TX_to_CEN,h2_TX_to_CEN_charge_edge,GasStorage{Hydrogen},UnidirectionalEdge{Hydrogen},retired_capacity,0.0
Hydrogen,TX,h2_TX_to_CEN,h2_TX_to_CEN_discharge_edge,GasStorage{Hydrogen},UnidirectionalEdge{Hydrogen},retired_capacity,0.0
Hydrogen,CEN,h2_CEN_to_TX,h2_CEN_to_TX_charge_edge,GasStorage{Hydrogen},UnidirectionalEdge{Hydrogen},retired_capacity,0.0
Hydrogen,CEN,h2_CEN_to_TX,h2_CEN_to_TX_discharge_edge,GasStorage{Hydrogen},UnidirectionalEdge{Hydrogen},retired_capacity,0.0
Hydrogen,NCEN,h2_NCEN_to_CEN,h2_NCEN_to_CEN_charge_edge,GasStorage{Hydrogen},UnidirectionalEdge{Hydrogen},retired_capacity,0.0
Hydrogen,NCEN,h2_NCEN_to_CEN,h2_NCEN_to_CEN_discharge_edge,GasStorage{Hydrogen},UnidirectionalEdge{Hydrogen},retired_capacity,0.0
Hydrogen,CEN,h2_CEN_to_NCEN,h2_CEN_to_NCEN_charge_edge,GasStorage{Hydrogen},UnidirectionalEdge{Hydrogen},retired_capacity,0.0
Hydrogen,CEN,h2_CEN_to_NCEN,h2_CEN_to_NCEN_discharge_edge,GasStorage{Hydrogen},UnidirectionalEdge{Hydrogen},retired_capacity,0.0
Hydrogen,NCEN,h2_NCEN_to_SE,h2_NCEN_to_SE_charge_edge,GasStorage{Hydrogen},UnidirectionalEdge{Hydrogen},retired_capacity,0.0
Hydrogen,NCEN,h2_NCEN_to_SE,h2_NCEN_to_SE_discharge_edge,GasStorage{Hydrogen},UnidirectionalEdge{Hydrogen},retired_capacity,0.0
Hydrogen,SE,h2_SE_to_NCEN,h2_SE_to_NCEN_charge_edge,GasStorage{Hydrogen},UnidirectionalEdge{Hydrogen},retired_capacity,0.0
Hydrogen,SE,h2_SE_to_NCEN,h2_SE_to_NCEN_discharge_edge,GasStorage{Hydrogen},UnidirectionalEdge{Hydrogen},retired_capacity,0.0
Hydrogen,NCEN,h2_NCEN_to_MIDAT,h2_NCEN_to_MIDAT_charge_edge,GasStorage{Hydrogen},UnidirectionalEdge{Hydrogen},retired_capacity,0.0
Hydrogen,NCEN,h2_NCEN_to_MIDAT,h2_NCEN_to_MIDAT_discharge_edge,GasStorage{Hydrogen},UnidirectionalEdge{Hydrogen},retired_capacity,0.0
Hydrogen,MIDAT,h2_MIDAT_to_NCEN,h2_MIDAT_to_NCEN_charge_edge,GasStorage{Hydrogen},UnidirectionalEdge{Hydrogen},retired_capacity,0.0
Hydrogen,MIDAT,h2_MIDAT_to_NCEN,h2_MIDAT_to_NCEN_discharge_edge,GasStorage{Hydrogen},UnidirectionalEdge{Hydrogen},retired_capacity,0.0
Hydrogen,CEN,h2_CEN_to_SE,h2_CEN_to_SE_charge_edge,GasStorage{Hydrogen},UnidirectionalEdge{Hydrogen},retired_capacity,0.0
Hydrogen,CEN,h2_CEN_to_SE,h2_CEN_to_SE_discharge_edge,GasStorage{Hydrogen},UnidirectionalEdge{Hydrogen},retired_capacity,0.0
Hydrogen,SE,h2_SE_to_CEN,h2_SE_to_CEN_charge_edge,GasStorage{Hydrogen},UnidirectionalEdge{Hydrogen},retired_capacity,0.0
Hydrogen,SE,h2_SE_to_CEN,h2_SE_to_CEN_discharge_edge,GasStorage{Hydrogen},UnidirectionalEdge{Hydrogen},retired_capacity,0.0
Hydrogen,SE,h2_SE_to_MIDAT,h2_SE_to_MIDAT_charge_edge,GasStorage{Hydrogen},UnidirectionalEdge{Hydrogen},retired_capacity,0.0
Hydrogen,SE,h2_SE_to_MIDAT,h2_SE_to_MIDAT_discharge_edge,GasStorage{Hydrogen},UnidirectionalEdge{Hydrogen},retired_capacity,0.0
Hydrogen,MIDAT,h2_MIDAT_to_SE,h2_MIDAT_to_SE_charge_edge,GasStorage{Hydrogen},UnidirectionalEdge{Hydrogen},retired_capacity,0.0
Hydrogen,MIDAT,h2_MIDAT_to_SE,h2_MIDAT_to_SE_discharge_edge,GasStorage{Hydrogen},UnidirectionalEdge{Hydrogen},retired_capacity,0.0
Hydrogen,MIDAT,h2_MIDAT_to_NE,h2_MIDAT_to_NE_charge_edge,GasStorage{Hydrogen},UnidirectionalEdge{Hydrogen},retired_capacity,0.0
Hydrogen,MIDAT,h2_MIDAT_to_NE,h2_MIDAT_to_NE_discharge_edge,GasStorage{Hydrogen},UnidirectionalEdge{Hydrogen},retired_capacity,0.0
Hydrogen,NE,h2_NE_to_MIDAT,h2_NE_to_MIDAT_charge_edge,GasStorage{Hydrogen},UnidirectionalEdge{Hydrogen},retired_capacity,0.0
Hydrogen,NE,h2_NE_to_MIDAT,h2_NE_to_MIDAT_discharge_edge,GasStorage{Hydrogen},UnidirectionalEdge{Hydrogen},retired_capacity,0.0
Hydrogen,CA,CA_Above_ground_storage,CA_Above_ground_storage_charge_edge,GasStorage{Hydrogen},UnidirectionalEdge{Hydrogen},retired_capacity,0.0
Hydrogen,CA,CA_Above_ground_storage,CA_Above_ground_storage_discharge_edge,GasStorage{Hydrogen},UnidirectionalEdge{Hydrogen},retired_capacity,0.0
Hydrogen,NW,NW_Above_ground_storage,NW_Above_ground_storage_charge_edge,GasStorage{Hydrogen},UnidirectionalEdge{Hydrogen},retired_capacity,0.0
Hydrogen,NW,NW_Above_ground_storage,NW_Above_ground_storage_discharge_edge,GasStorage{Hydrogen},UnidirectionalEdge{Hydrogen},retired_capacity,0.0
Hydrogen,SW,SW_Above_ground_storage,SW_Above_ground_storage_charge_edge,GasStorage{Hydrogen},UnidirectionalEdge{Hydrogen},retired_capacity,0.0
Hydrogen,SW,SW_Above_ground_storage,SW_Above_ground_storage_discharge_edge,GasStorage{Hydrogen},UnidirectionalEdge{Hydrogen},retired_capacity,0.0
Hydrogen,TX,TX_Above_ground_storage,TX_Above_ground_storage_charge_edge,GasStorage{Hydrogen},UnidirectionalEdge{Hydrogen},retired_capacity,0.0
Hydrogen,TX,TX_Above_ground_storage,TX_Above_ground_storage_discharge_edge,GasStorage{Hydrogen},UnidirectionalEdge{Hydrogen},retired_capacity,0.0
Hydrogen,NCEN,NCEN_Above_ground_storage,NCEN_Above_ground_storage_charge_edge,GasStorage{Hydrogen},UnidirectionalEdge{Hydrogen},retired_capacity,0.0
Hydrogen,NCEN,NCEN_Above_ground_storage,NCEN_Above_ground_storage_discharge_edge,GasStorage{Hydrogen},UnidirectionalEdge{Hydrogen},retired_capacity,0.0
Hydrogen,CEN,CEN_Above_ground_storage,CEN_Above_ground_storage_charge_edge,GasStorage{Hydrogen},UnidirectionalEdge{Hydrogen},retired_capacity,0.0
Hydrogen,CEN,CEN_Above_ground_storage,CEN_Above_ground_storage_discharge_edge,GasStorage{Hydrogen},UnidirectionalEdge{Hydrogen},retired_capacity,0.0
Hydrogen,SE,SE_Above_ground_storage,SE_Above_ground_storage_charge_edge,GasStorage{Hydrogen},UnidirectionalEdge{Hydrogen},retired_capacity,0.0
Hydrogen,SE,SE_Above_ground_storage,SE_Above_ground_storage_discharge_edge,GasStorage{Hydrogen},UnidirectionalEdge{Hydrogen},retired_capacity,0.0
Hydrogen,MIDAT,MIDAT_Above_ground_storage,MIDAT_Above_ground_storage_charge_edge,GasStorage{Hydrogen},UnidirectionalEdge{Hydrogen},retired_capacity,0.0
Hydrogen,MIDAT,MIDAT_Above_ground_storage,MIDAT_Above_ground_storage_discharge_edge,GasStorage{Hydrogen},UnidirectionalEdge{Hydrogen},retired_capacity,0.0
Hydrogen,NE,NE_Above_ground_storage,NE_Above_ground_storage_charge_edge,GasStorage{Hydrogen},UnidirectionalEdge{Hydrogen},retired_capacity,0.0
Hydrogen,NE,NE_Above_ground_storage,NE_Above_ground_storage_discharge_edge,GasStorage{Hydrogen},UnidirectionalEdge{Hydrogen},retired_capacity,0.0
Electricity,CA,CA_conventional_hydroelectric_1,CA_conventional_hydroelectric_1_discharge_edge,HydroRes,UnidirectionalEdge{Electricity},retired_capacity,0.0
Electricity,CA,CA_conventional_hydroelectric_1,CA_conventional_hydroelectric_1_inflow_edge,HydroRes,UnidirectionalEdge{Electricity},retired_capacity,0.0
Electricity,CEN,CEN_conventional_hydroelectric_1,CEN_conventional_hydroelectric_1_discharge_edge,HydroRes,UnidirectionalEdge{Electricity},retired_capacity,0.0
Electricity,CEN,CEN_conventional_hydroelectric_1,CEN_conventional_hydroelectric_1_inflow_edge,HydroRes,UnidirectionalEdge{Electricity},retired_capacity,0.0
Electricity,MIDAT,MIDAT_conventional_hydroelectric_1,MIDAT_conventional_hydroelectric_1_discharge_edge,HydroRes,UnidirectionalEdge{Electricity},retired_capacity,0.0
Electricity,MIDAT,MIDAT_conventional_hydroelectric_1,MIDAT_conventional_hydroelectric_1_inflow_edge,HydroRes,UnidirectionalEdge{Electricity},retired_capacity,0.0
Electricity,NE,NE_conventional_hydroelectric_1,NE_conventional_hydroelectric_1_discharge_edge,HydroRes,UnidirectionalEdge{Electricity},retired_capacity,0.0
Electricity,NE,NE_conventional_hydroelectric_1,NE_conventional_hydroelectric_1_inflow_edge,HydroRes,UnidirectionalEdge{Electricity},retired_capacity,0.0
Electricity,NW,NW_conventional_hydroelectric_1,NW_conventional_hydroelectric_1_discharge_edge,HydroRes,UnidirectionalEdge{Electricity},retired_capacity,0.0
Electricity,NW,NW_conventional_hydroelectric_1,NW_conventional_hydroelectric_1_inflow_edge,HydroRes,UnidirectionalEdge{Electricity},retired_capacity,0.0
Electricity,NCEN,NCEN_conventional_hydroelectric_1,NCEN_conventional_hydroelectric_1_discharge_edge,HydroRes,UnidirectionalEdge{Electricity},retired_capacity,0.0
Electricity,NCEN,NCEN_conventional_hydroelectric_1,NCEN_conventional_hydroelectric_1_inflow_edge,HydroRes,UnidirectionalEdge{Electricity},retired_capacity,0.0
Electricity,SE,SE_conventional_hydroelectric_1,SE_conventional_hydroelectric_1_discharge_edge,HydroRes,UnidirectionalEdge{Electricity},retired_capacity,0.0
Electricity,SE,SE_conventional_hydroelectric_1,SE_conventional_hydroelectric_1_inflow_edge,HydroRes,UnidirectionalEdge{Electricity},retired_capacity,0.0
Electricity,SW,SW_conventional_hydroelectric_1,SW_conventional_hydroelectric_1_discharge_edge,HydroRes,UnidirectionalEdge{Electricity},retired_capacity,0.0
Electricity,SW,SW_conventional_hydroelectric_1,SW_conventional_hydroelectric_1_inflow_edge,HydroRes,UnidirectionalEdge{Electricity},retired_capacity,0.0
Electricity,TX,TX_conventional_hydroelectric_1,TX_conventional_hydroelectric_1_discharge_edge,HydroRes,UnidirectionalEdge{Electricity},retired_capacity,0.0
Electricity,TX,TX_conventional_hydroelectric_1,TX_conventional_hydroelectric_1_inflow_edge,HydroRes,UnidirectionalEdge{Electricity},retired_capacity,0.0
Electricity,CA,CA_small_hydroelectric_1,CA_small_hydroelectric_1_elec_edge,MustRun,UnidirectionalEdge{Electricity},retired_capacity,0.0
Electricity,CEN,CEN_small_hydroelectric_1,CEN_small_hydroelectric_1_elec_edge,MustRun,UnidirectionalEdge{Electricity},retired_capacity,0.0
Electricity,MIDAT,MIDAT_small_hydroelectric_1,MIDAT_small_hydroelectric_1_elec_edge,MustRun,UnidirectionalEdge{Electricity},retired_capacity,0.0
Electricity,NE,NE_small_hydroelectric_1,NE_small_hydroelectric_1_elec_edge,MustRun,UnidirectionalEdge{Electricity},retired_capacity,0.0
Electricity,NW,NW_small_hydroelectric_1,NW_small_hydroelectric_1_elec_edge,MustRun,UnidirectionalEdge{Electricity},retired_capacity,0.0
Electricity,NCEN,NCEN_small_hydroelectric_1,NCEN_small_hydroelectric_1_elec_edge,MustRun,UnidirectionalEdge{Electricity},retired_capacity,0.0
Electricity,SE,SE_small_hydroelectric_1,SE_small_hydroelectric_1_elec_edge,MustRun,UnidirectionalEdge{Electricity},retired_capacity,0.0
Electricity,SW,SW_small_hydroelectric_1,SW_small_hydroelectric_1_elec_edge,MustRun,UnidirectionalEdge{Electricity},retired_capacity,0.0
Electricity,TX,TX_small_hydroelectric_1,TX_small_hydroelectric_1_elec_edge,MustRun,UnidirectionalEdge{Electricity},retired_capacity,0.0
CO2,CA,CA_Solvent_wNGCC_DAC,CA_Solvent_wNGCC_DAC_co2_edge,NaturalGasDAC,UnidirectionalEdge{CO2},retired_capacity,0.0
CO2,NW,NW_Solvent_wNGCC_DAC,NW_Solvent_wNGCC_DAC_co2_edge,NaturalGasDAC,UnidirectionalEdge{CO2},retired_capacity,0.0
CO2,SW,SW_Solvent_wNGCC_DAC,SW_Solvent_wNGCC_DAC_co2_edge,NaturalGasDAC,UnidirectionalEdge{CO2},retired_capacity,0.0
CO2,TX,TX_Solvent_wNGCC_DAC,TX_Solvent_wNGCC_DAC_co2_edge,NaturalGasDAC,UnidirectionalEdge{CO2},retired_capacity,0.0
CO2,NCEN,NCEN_Solvent_wNGCC_DAC,NCEN_Solvent_wNGCC_DAC_co2_edge,NaturalGasDAC,UnidirectionalEdge{CO2},retired_capacity,0.0
CO2,CEN,CEN_Solvent_wNGCC_DAC,CEN_Solvent_wNGCC_DAC_co2_edge,NaturalGasDAC,UnidirectionalEdge{CO2},retired_capacity,0.0
CO2,SE,SE_Solvent_wNGCC_DAC,SE_Solvent_wNGCC_DAC_co2_edge,NaturalGasDAC,UnidirectionalEdge{CO2},retired_capacity,0.0
CO2,MIDAT,MIDAT_Solvent_wNGCC_DAC,MIDAT_Solvent_wNGCC_DAC_co2_edge,NaturalGasDAC,UnidirectionalEdge{CO2},retired_capacity,0.0
CO2,NE,NE_Solvent_wNGCC_DAC,NE_Solvent_wNGCC_DAC_co2_edge,NaturalGasDAC,UnidirectionalEdge{CO2},retired_capacity,0.0
CO2,CA,CA_Sorbent_wNGCC_DAC,CA_Sorbent_wNGCC_DAC_co2_edge,NaturalGasDAC,UnidirectionalEdge{CO2},retired_capacity,0.0
CO2,NW,NW_Sorbent_wNGCC_DAC,NW_Sorbent_wNGCC_DAC_co2_edge,NaturalGasDAC,UnidirectionalEdge{CO2},retired_capacity,0.0
CO2,SW,SW_Sorbent_wNGCC_DAC,SW_Sorbent_wNGCC_DAC_co2_edge,NaturalGasDAC,UnidirectionalEdge{CO2},retired_capacity,0.0
CO2,TX,TX_Sorbent_wNGCC_DAC,TX_Sorbent_wNGCC_DAC_co2_edge,NaturalGasDAC,UnidirectionalEdge{CO2},retired_capacity,0.0
CO2,NCEN,NCEN_Sorbent_wNGCC_DAC,NCEN_Sorbent_wNGCC_DAC_co2_edge,NaturalGasDAC,UnidirectionalEdge{CO2},retired_capacity,0.0
CO2,CEN,CEN_Sorbent_wNGCC_DAC,CEN_Sorbent_wNGCC_DAC_co2_edge,NaturalGasDAC,UnidirectionalEdge{CO2},retired_capacity,0.0
CO2,SE,SE_Sorbent_wNGCC_DAC,SE_Sorbent_wNGCC_DAC_co2_edge,NaturalGasDAC,UnidirectionalEdge{CO2},retired_capacity,0.0
CO2,MIDAT,MIDAT_Sorbent_wNGCC_DAC,MIDAT_Sorbent_wNGCC_DAC_co2_edge,NaturalGasDAC,UnidirectionalEdge{CO2},retired_capacity,0.0
CO2,NE,NE_Sorbent_wNGCC_DAC,NE_Sorbent_wNGCC_DAC_co2_edge,NaturalGasDAC,UnidirectionalEdge{CO2},retired_capacity,0.0
Hydrogen,CA,CA_ATR_wCCS_94pct,CA_ATR_wCCS_94pct_h2_edge,ThermalHydrogenCCS{NaturalGas},EdgeWithUC{Hydrogen},retired_capacity,0.0
Hydrogen,NW,NW_ATR_wCCS_94pct,NW_ATR_wCCS_94pct_h2_edge,ThermalHydrogenCCS{NaturalGas},EdgeWithUC{Hydrogen},retired_capacity,0.0
Hydrogen,SW,SW_ATR_wCCS_94pct,SW_ATR_wCCS_94pct_h2_edge,ThermalHydrogenCCS{NaturalGas},EdgeWithUC{Hydrogen},retired_capacity,0.0
Hydrogen,TX,TX_ATR_wCCS_94pct,TX_ATR_wCCS_94pct_h2_edge,ThermalHydrogenCCS{NaturalGas},EdgeWithUC{Hydrogen},retired_capacity,0.0
Hydrogen,NCEN,NCEN_ATR_wCCS_94pct,NCEN_ATR_wCCS_94pct_h2_edge,ThermalHydrogenCCS{NaturalGas},EdgeWithUC{Hydrogen},retired_capacity,0.0
Hydrogen,CEN,CEN_ATR_wCCS_94pct,CEN_ATR_wCCS_94pct_h2_edge,ThermalHydrogenCCS{NaturalGas},EdgeWithUC{Hydrogen},retired_capacity,0.0
Hydrogen,SE,SE_ATR_wCCS_94pct,SE_ATR_wCCS_94pct_h2_edge,ThermalHydrogenCCS{NaturalGas},EdgeWithUC{Hydrogen},retired_capacity,0.0
Hydrogen,MIDAT,MIDAT_ATR_wCCS_94pct,MIDAT_ATR_wCCS_94pct_h2_edge,ThermalHydrogenCCS{NaturalGas},EdgeWithUC{Hydrogen},retired_capacity,0.0
Hydrogen,NE,NE_ATR_wCCS_94pct,NE_ATR_wCCS_94pct_h2_edge,ThermalHydrogenCCS{NaturalGas},EdgeWithUC{Hydrogen},retired_capacity,0.0
Hydrogen,CA,CA_Large_SMR_wCCS_96pct,CA_Large_SMR_wCCS_96pct_h2_edge,ThermalHydrogenCCS{NaturalGas},EdgeWithUC{Hydrogen},retired_capacity,0.0
Hydrogen,NW,NW_Large_SMR_wCCS_96pct,NW_Large_SMR_wCCS_96pct_h2_edge,ThermalHydrogenCCS{NaturalGas},EdgeWithUC{Hydrogen},retired_capacity,0.0
Hydrogen,SW,SW_Large_SMR_wCCS_96pct,SW_Large_SMR_wCCS_96pct_h2_edge,ThermalHydrogenCCS{NaturalGas},EdgeWithUC{Hydrogen},retired_capacity,0.0
Hydrogen,TX,TX_Large_SMR_wCCS_96pct,TX_Large_SMR_wCCS_96pct_h2_edge,ThermalHydrogenCCS{NaturalGas},EdgeWithUC{Hydrogen},retired_capacity,0.0
Hydrogen,NCEN,NCEN_Large_SMR_wCCS_96pct,NCEN_Large_SMR_wCCS_96pct_h2_edge,ThermalHydrogenCCS{NaturalGas},EdgeWithUC{Hydrogen},retired_capacity,0.0
Hydrogen,CEN,CEN_Large_SMR_wCCS_96pct,CEN_Large_SMR_wCCS_96pct_h2_edge,ThermalHydrogenCCS{NaturalGas},EdgeWithUC{Hydrogen},retired_capacity,0.0
Hydrogen,SE,SE_Large_SMR_wCCS_96pct,SE_Large_SMR_wCCS_96pct_h2_edge,ThermalHydrogenCCS{NaturalGas},EdgeWithUC{Hydrogen},retired_capacity,0.0
Hydrogen,MIDAT,MIDAT_Large_SMR_wCCS_96pct,MIDAT_Large_SMR_wCCS_96pct_h2_edge,ThermalHydrogenCCS{NaturalGas},EdgeWithUC{Hydrogen},retired_capacity,0.0
Hydrogen,NE,NE_Large_SMR_wCCS_96pct,NE_Large_SMR_wCCS_96pct_h2_edge,ThermalHydrogenCCS{NaturalGas},EdgeWithUC{Hydrogen},retired_capacity,0.0
Electricity,CA,CA_natural_gas_fired_combined_cycle_1,CA_natural_gas_fired_combined_cycle_1_elec_edge,ThermalPower{NaturalGas},EdgeWithUC{Electricity},retired_capacity,2299.4464156015265
Electricity,CA,CA_natural_gas_fired_combined_cycle_2,CA_natural_gas_fired_combined_cycle_2_elec_edge,ThermalPower{NaturalGas},EdgeWithUC{Electricity},retired_capacity,15503.780279798035
Electricity,CA,CA_natural_gas_fired_combined_cycle_3,CA_natural_gas_fired_combined_cycle_3_elec_edge,ThermalPower{NaturalGas},EdgeWithUC{Electricity},retired_capacity,1638.463369873219
Electricity,CA,CA_natural_gas_fired_combined_cycle_4,CA_natural_gas_fired_combined_cycle_4_elec_edge,ThermalPower{NaturalGas},EdgeWithUC{Electricity},retired_capacity,290.43888937232583
Electricity,CA,CA_natural_gas_fired_combustion_turbine_1,CA_natural_gas_fired_combustion_turbine_1_elec_edge,ThermalPower{NaturalGas},EdgeWithUC{Electricity},retired_capacity,2350.0292474936637
Electricity,CA,CA_natural_gas_fired_combustion_turbine_2,CA_natural_gas_fired_combustion_turbine_2_elec_edge,ThermalPower{NaturalGas},EdgeWithUC{Electricity},retired_capacity,5801.85784063289
Electricity,CEN,CEN_natural_gas_fired_combined_cycle_1,CEN_natural_gas_fired_combined_cycle_1_elec_edge,ThermalPower{NaturalGas},EdgeWithUC{Electricity},retired_capacity,2811.517916952481
Electricity,CEN,CEN_natural_gas_fired_combined_cycle_2,CEN_natural_gas_fired_combined_cycle_2_elec_edge,ThermalPower{NaturalGas},EdgeWithUC{Electricity},retired_capacity,23548.980101605397
Electricity,CEN,CEN_natural_gas_fired_combined_cycle_3,CEN_natural_gas_fired_combined_cycle_3_elec_edge,ThermalPower{NaturalGas},EdgeWithUC{Electricity},retired_capacity,3317.5449609396696
Electricity,CEN,CEN_natural_gas_fired_combustion_turbine_1,CEN_natural_gas_fired_combustion_turbine_1_elec_edge,ThermalPower{NaturalGas},EdgeWithUC{Electricity},retired_capacity,1281.222052457205
Electricity,CEN,CEN_natural_gas_fired_combustion_turbine_2,CEN_natural_gas_fired_combustion_turbine_2_elec_edge,ThermalPower{NaturalGas},EdgeWithUC{Electricity},retired_capacity,12017.313423799931
Electricity,MIDAT,MIDAT_natural_gas_fired_combined_cycle_1,MIDAT_natural_gas_fired_combined_cycle_1_elec_edge,ThermalPower{NaturalGas},EdgeWithUC{Electricity},retired_capacity,3980.3071200880727
Electricity,MIDAT,MIDAT_natural_gas_fired_combined_cycle_2,MIDAT_natural_gas_fired_combined_cycle_2_elec_edge,ThermalPower{NaturalGas},EdgeWithUC{Electricity},retired_capacity,31730.599939846703
Electricity,MIDAT,MIDAT_natural_gas_fired_combined_cycle_3,MIDAT_natural_gas_fired_combined_cycle_3_elec_edge,ThermalPower{NaturalGas},EdgeWithUC{Electricity},retired_capacity,1626.0033603729971
Electricity,MIDAT,MIDAT_natural_gas_fired_combined_cycle_4,MIDAT_natural_gas_fired_combined_cycle_4_elec_edge,ThermalPower{NaturalGas},EdgeWithUC{Electricity},retired_capacity,20199.203693550884
Electricity,MIDAT,MIDAT_natural_gas_fired_combustion_turbine_1,MIDAT_natural_gas_fired_combustion_turbine_1_elec_edge,ThermalPower{NaturalGas},EdgeWithUC{Electricity},retired_capacity,14416.761777188267
Electricity,MIDAT,MIDAT_natural_gas_fired_combustion_turbine_2,MIDAT_natural_gas_fired_combustion_turbine_2_elec_edge,ThermalPower{NaturalGas},EdgeWithUC{Electricity},retired_capacity,653.0581908924556
Electricity,NE,NE_natural_gas_fired_combined_cycle_1,NE_natural_gas_fired_combined_cycle_1_elec_edge,ThermalPower{NaturalGas},EdgeWithUC{Electricity},retired_capacity,6068.449564453588
Electricity,NE,NE_natural_gas_fired_combined_cycle_2,NE_natural_gas_fired_combined_cycle_2_elec_edge,ThermalPower{NaturalGas},EdgeWithUC{Electricity},retired_capacity,21137.612598897616
Electricity,NE,NE_natural_gas_fired_combined_cycle_3,NE_natural_gas_fired_combined_cycle_3_elec_edge,ThermalPower{NaturalGas},EdgeWithUC{Electricity},retired_capacity,0.2095198741909321
Electricity,NE,NE_natural_gas_fired_combustion_turbine_1,NE_natural_gas_fired_combustion_turbine_1_elec_edge,ThermalPower{NaturalGas},EdgeWithUC{Electricity},retired_capacity,1351.3705679150062
Electricity,NE,NE_natural_gas_fired_combustion_turbine_2,NE_natural_gas_fired_combustion_turbine_2_elec_edge,ThermalPower{NaturalGas},EdgeWithUC{Electricity},retired_capacity,2235.888617996231
Electricity,NW,NW_natural_gas_fired_combined_cycle_1,NW_natural_gas_fired_combined_cycle_1_elec_edge,ThermalPower{NaturalGas},EdgeWithUC{Electricity},retired_capacity,2311.3613463994243
Electricity,NW,NW_natural_gas_fired_combined_cycle_2,NW_natural_gas_fired_combined_cycle_2_elec_edge,ThermalPower{NaturalGas},EdgeWithUC{Electricity},retired_capacity,3757.371078431116
Electricity,NW,NW_natural_gas_fired_combined_cycle_3,NW_natural_gas_fired_combined_cycle_3_elec_edge,ThermalPower{NaturalGas},EdgeWithUC{Electricity},retired_capacity,0.021675221098159978
Electricity,NW,NW_natural_gas_fired_combined_cycle_4,NW_natural_gas_fired_combined_cycle_4_elec_edge,ThermalPower{NaturalGas},EdgeWithUC{Electricity},retired_capacity,578.9070832539313
Electricity,NW,NW_natural_gas_fired_combustion_turbine_1,NW_natural_gas_fired_combustion_turbine_1_elec_edge,ThermalPower{NaturalGas},EdgeWithUC{Electricity},retired_capacity,200.20689858066316
Electricity,NW,NW_natural_gas_fired_combustion_turbine_2,NW_natural_gas_fired_combustion_turbine_2_elec_edge,ThermalPower{NaturalGas},EdgeWithUC{Electricity},retired_capacity,1475.681357636806
Electricity,NCEN,NCEN_natural_gas_fired_combined_cycle_1,NCEN_natural_gas_fired_combined_cycle_1_elec_edge,ThermalPower{NaturalGas},EdgeWithUC{Electricity},retired_capacity,1887.300986816865
Electricity,NCEN,NCEN_natural_gas_fired_combined_cycle_2,NCEN_natural_gas_fired_combined_cycle_2_elec_edge,ThermalPower{NaturalGas},EdgeWithUC{Electricity},retired_capacity,17586.605070527075
Electricity,NCEN,NCEN_natural_gas_fired_combined_cycle_3,NCEN_natural_gas_fired_combined_cycle_3_elec_edge,ThermalPower{NaturalGas},EdgeWithUC{Electricity},retired_capacity,1846.9670627586117
Electricity,NCEN,NCEN_natural_gas_fired_combined_cycle_4,NCEN_natural_gas_fired_combined_cycle_4_elec_edge,ThermalPower{NaturalGas},EdgeWithUC{Electricity},retired_capacity,0.014641753625162124
Electricity,NCEN,NCEN_natural_gas_fired_combustion_turbine_1,NCEN_natural_gas_fired_combustion_turbine_1_elec_edge,ThermalPower{NaturalGas},EdgeWithUC{Electricity},retired_capacity,15665.890481111112
Electricity,NCEN,NCEN_natural_gas_fired_combustion_turbine_2,NCEN_natural_gas_fired_combustion_turbine_2_elec_edge,ThermalPower{NaturalGas},EdgeWithUC{Electricity},retired_capacity,985.3295455354182
Electricity,SE,SE_natural_gas_fired_combined_cycle_1,SE_natural_gas_fired_combined_cycle_1_elec_edge,ThermalPower{NaturalGas},EdgeWithUC{Electricity},retired_capacity,26120.333732480904
Electricity,SE,SE_natural_gas_fired_combined_cycle_2,SE_natural_gas_fired_combined_cycle_2_elec_edge,ThermalPower{NaturalGas},EdgeWithUC{Electricity},retired_capacity,4598.386677159879
Electricity,SE,SE_natural_gas_fired_combined_cycle_3,SE_natural_gas_fired_combined_cycle_3_elec_edge,ThermalPower{NaturalGas},EdgeWithUC{Electricity},retired_capacity,42609.7296490259
Electricity,SE,SE_natural_gas_fired_combined_cycle_4,SE_natural_gas_fired_combined_cycle_4_elec_edge,ThermalPower{NaturalGas},EdgeWithUC{Electricity},retired_capacity,6019.940113678229
Electricity,SE,SE_natural_gas_fired_combustion_turbine_1,SE_natural_gas_fired_combustion_turbine_1_elec_edge,ThermalPower{NaturalGas},EdgeWithUC{Electricity},retired_capacity,24837.342297263218
Electricity,SE,SE_natural_gas_fired_combustion_turbine_2,SE_natural_gas_fired_combustion_turbine_2_elec_edge,ThermalPower{NaturalGas},EdgeWithUC{Electricity},retired_capacity,636.8553728917553
Electricity,SW,SW_natural_gas_fired_combined_cycle_1,SW_natural_gas_fired_combined_cycle_1_elec_edge,ThermalPower{NaturalGas},EdgeWithUC{Electricity},retired_capacity,18588.003830550486
Electricity,SW,SW_natural_gas_fired_combined_cycle_2,SW_natural_gas_fired_combined_cycle_2_elec_edge,ThermalPower{NaturalGas},EdgeWithUC{Electricity},retired_capacity,2706.6188393659504
Electricity,SW,SW_natural_gas_fired_combined_cycle_3,SW_natural_gas_fired_combined_cycle_3_elec_edge,ThermalPower{NaturalGas},EdgeWithUC{Electricity},retired_capacity,148.06379526138758
Electricity,SW,SW_natural_gas_fired_combustion_turbine_1,SW_natural_gas_fired_combustion_turbine_1_elec_edge,ThermalPower{NaturalGas},EdgeWithUC{Electricity},retired_capacity,5698.1841508009775
Electricity,SW,SW_natural_gas_fired_combustion_turbine_2,SW_natural_gas_fired_combustion_turbine_2_elec_edge,ThermalPower{NaturalGas},EdgeWithUC{Electricity},retired_capacity,660.5087929481081
Electricity,TX,TX_natural_gas_fired_combined_cycle_1,TX_natural_gas_fired_combined_cycle_1_elec_edge,ThermalPower{NaturalGas},EdgeWithUC{Electricity},retired_capacity,29225.716798780755
Electricity,TX,TX_natural_gas_fired_combined_cycle_2,TX_natural_gas_fired_combined_cycle_2_elec_edge,ThermalPower{NaturalGas},EdgeWithUC{Electricity},retired_capacity,1680.1604073763096
Electricity,TX,TX_natural_gas_fired_combined_cycle_3,TX_natural_gas_fired_combined_cycle_3_elec_edge,ThermalPower{NaturalGas},EdgeWithUC{Electricity},retired_capacity,2380.1376640998947
Electricity,TX,TX_natural_gas_fired_combined_cycle_4,TX_natural_gas_fired_combined_cycle_4_elec_edge,ThermalPower{NaturalGas},EdgeWithUC{Electricity},retired_capacity,4612.08374422174
Electricity,TX,TX_natural_gas_fired_combustion_turbine_1,TX_natural_gas_fired_combustion_turbine_1_elec_edge,ThermalPower{NaturalGas},EdgeWithUC{Electricity},retired_capacity,921.1239230573756
Electricity,TX,TX_natural_gas_fired_combustion_turbine_2,TX_natural_gas_fired_combustion_turbine_2_elec_edge,ThermalPower{NaturalGas},EdgeWithUC{Electricity},retired_capacity,3830.2284067877636
Electricity,CA,CA_naturalgas_ccavgcf_moderate_0,CA_naturalgas_ccavgcf_moderate_0_elec_edge,ThermalPower{NaturalGas},EdgeWithUC{Electricity},retired_capacity,0.0
Electricity,CA,CA_naturalgas_ctavgcf_moderate_0,CA_naturalgas_ctavgcf_moderate_0_elec_edge,ThermalPower{NaturalGas},EdgeWithUC{Electricity},retired_capacity,0.0
Electricity,NW,NW_naturalgas_ccavgcf_moderate_0,NW_naturalgas_ccavgcf_moderate_0_elec_edge,ThermalPower{NaturalGas},EdgeWithUC{Electricity},retired_capacity,0.0
Electricity,NW,NW_naturalgas_ctavgcf_moderate_0,NW_naturalgas_ctavgcf_moderate_0_elec_edge,ThermalPower{NaturalGas},EdgeWithUC{Electricity},retired_capacity,0.0
Electricity,SW,SW_naturalgas_ccavgcf_moderate_0,SW_naturalgas_ccavgcf_moderate_0_elec_edge,ThermalPower{NaturalGas},EdgeWithUC{Electricity},retired_capacity,0.0
Electricity,SW,SW_naturalgas_ctavgcf_moderate_0,SW_naturalgas_ctavgcf_moderate_0_elec_edge,ThermalPower{NaturalGas},EdgeWithUC{Electricity},retired_capacity,0.0
Electricity,TX,TX_naturalgas_ccavgcf_moderate_0,TX_naturalgas_ccavgcf_moderate_0_elec_edge,ThermalPower{NaturalGas},EdgeWithUC{Electricity},retired_capacity,0.0
Electricity,TX,TX_naturalgas_ctavgcf_moderate_0,TX_naturalgas_ctavgcf_moderate_0_elec_edge,ThermalPower{NaturalGas},EdgeWithUC{Electricity},retired_capacity,0.0
Electricity,NCEN,NCEN_naturalgas_ccavgcf_moderate_0,NCEN_naturalgas_ccavgcf_moderate_0_elec_edge,ThermalPower{NaturalGas},EdgeWithUC{Electricity},retired_capacity,0.0
Electricity,NCEN,NCEN_naturalgas_ctavgcf_moderate_0,NCEN_naturalgas_ctavgcf_moderate_0_elec_edge,ThermalPower{NaturalGas},EdgeWithUC{Electricity},retired_capacity,0.0
Electricity,CEN,CEN_naturalgas_ccavgcf_moderate_0,CEN_naturalgas_ccavgcf_moderate_0_elec_edge,ThermalPower{NaturalGas},EdgeWithUC{Electricity},retired_capacity,0.0
Electricity,CEN,CEN_naturalgas_ctavgcf_moderate_0,CEN_naturalgas_ctavgcf_moderate_0_elec_edge,ThermalPower{NaturalGas},EdgeWithUC{Electricity},retired_capacity,0.0
Electricity,SE,SE_naturalgas_ccavgcf_moderate_0,SE_naturalgas_ccavgcf_moderate_0_elec_edge,ThermalPower{NaturalGas},EdgeWithUC{Electricity},retired_capacity,0.0
Electricity,SE,SE_naturalgas_ctavgcf_moderate_0,SE_naturalgas_ctavgcf_moderate_0_elec_edge,ThermalPower{NaturalGas},EdgeWithUC{Electricity},retired_capacity,0.0
Electricity,MIDAT,MIDAT_naturalgas_ccavgcf_moderate_0,MIDAT_naturalgas_ccavgcf_moderate_0_elec_edge,ThermalPower{NaturalGas},EdgeWithUC{Electricity},retired_capacity,0.0
Electricity,MIDAT,MIDAT_naturalgas_ctavgcf_moderate_0,MIDAT_naturalgas_ctavgcf_moderate_0_elec_edge,ThermalPower{NaturalGas},EdgeWithUC{Electricity},retired_capacity,0.0
Electricity,NE,NE_naturalgas_ccavgcf_moderate_0,NE_naturalgas_ccavgcf_moderate_0_elec_edge,ThermalPower{NaturalGas},EdgeWithUC{Electricity},retired_capacity,0.0
Electricity,NE,NE_naturalgas_ctavgcf_moderate_0,NE_naturalgas_ctavgcf_moderate_0_elec_edge,ThermalPower{NaturalGas},EdgeWithUC{Electricity},retired_capacity,0.0
Electricity,CA,CA_naturalgas_ccccsavgcf_conservative_0,CA_naturalgas_ccccsavgcf_conservative_0_elec_edge,ThermalPowerCCS{NaturalGas},EdgeWithUC{Electricity},retired_capacity,0.0
Electricity,NW,NW_naturalgas_ccccsavgcf_conservative_0,NW_naturalgas_ccccsavgcf_conservative_0_elec_edge,ThermalPowerCCS{NaturalGas},EdgeWithUC{Electricity},retired_capacity,0.0
Electricity,SW,SW_naturalgas_ccccsavgcf_conservative_0,SW_naturalgas_ccccsavgcf_conservative_0_elec_edge,ThermalPowerCCS{NaturalGas},EdgeWithUC{Electricity},retired_capacity,0.0
Electricity,TX,TX_naturalgas_ccccsavgcf_conservative_0,TX_naturalgas_ccccsavgcf_conservative_0_elec_edge,ThermalPowerCCS{NaturalGas},EdgeWithUC{Electricity},retired_capacity,0.0
Electricity,NCEN,NCEN_naturalgas_ccccsavgcf_conservative_0,NCEN_naturalgas_ccccsavgcf_conservative_0_elec_edge,ThermalPowerCCS{NaturalGas},EdgeWithUC{Electricity},retired_capacity,0.0
Electricity,CEN,CEN_naturalgas_ccccsavgcf_conservative_0,CEN_naturalgas_ccccsavgcf_conservative_0_elec_edge,ThermalPowerCCS{NaturalGas},EdgeWithUC{Electricity},retired_capacity,0.0
Electricity,SE,SE_naturalgas_ccccsavgcf_conservative_0,SE_naturalgas_ccccsavgcf_conservative_0_elec_edge,ThermalPowerCCS{NaturalGas},EdgeWithUC{Electricity},retired_capacity,0.0
Electricity,MIDAT,MIDAT_naturalgas_ccccsavgcf_conservative_0,MIDAT_naturalgas_ccccsavgcf_conservative_0_elec_edge,ThermalPowerCCS{NaturalGas},EdgeWithUC{Electricity},retired_capacity,0.0
Electricity,NE,NE_naturalgas_ccccsavgcf_conservative_0,NE_naturalgas_ccccsavgcf_conservative_0_elec_edge,ThermalPowerCCS{NaturalGas},EdgeWithUC{Electricity},retired_capacity,0.0
Electricity,CA,CA_offshorewind_class10_moderate_floating_1_1,CA_offshorewind_class10_moderate_floating_1_1_edge,VRE,UnidirectionalEdge{Electricity},retired_capacity,0.0
Electricity,NW,NW_offshorewind_class10_moderate_floating_1_1,NW_offshorewind_class10_moderate_floating_1_1_edge,VRE,UnidirectionalEdge{Electricity},retired_capacity,0.0
Electricity,NE,NE_offshorewind_class10_moderate_floating_1_1,NE_offshorewind_class10_moderate_floating_1_1_edge,VRE,UnidirectionalEdge{Electricity},retired_capacity,0.0
Electricity,CA,CA_utilitypv_class1_moderate_70_0_2_1,CA_utilitypv_class1_moderate_70_0_2_1_edge,VRE,UnidirectionalEdge{Electricity},retired_capacity,0.0
Electricity,CA,CA_utilitypv_class1_moderate_70_0_2_2,CA_utilitypv_class1_moderate_70_0_2_2_edge,VRE,UnidirectionalEdge{Electricity},retired_capacity,0.0
Electricity,CA,CA_utilitypv_class1_moderate_70_0_2_3,CA_utilitypv_class1_moderate_70_0_2_3_edge,VRE,UnidirectionalEdge{Electricity},retired_capacity,0.0
Electricity,NW,NW_utilitypv_class1_moderate_70_0_2_1,NW_utilitypv_class1_moderate_70_0_2_1_edge,VRE,UnidirectionalEdge{Electricity},retired_capacity,0.0
Electricity,NW,NW_utilitypv_class1_moderate_70_0_2_2,NW_utilitypv_class1_moderate_70_0_2_2_edge,VRE,UnidirectionalEdge{Electricity},retired_capacity,0.0
Electricity,NW,NW_utilitypv_class1_moderate_70_0_2_3,NW_utilitypv_class1_moderate_70_0_2_3_edge,VRE,UnidirectionalEdge{Electricity},retired_capacity,0.0
Electricity,NW,NW_utilitypv_class1_moderate_70_0_2_4,NW_utilitypv_class1_moderate_70_0_2_4_edge,VRE,UnidirectionalEdge{Electricity},retired_capacity,0.0
Electricity,SW,SW_utilitypv_class1_moderate_70_0_2_1,SW_utilitypv_class1_moderate_70_0_2_1_edge,VRE,UnidirectionalEdge{Electricity},retired_capacity,0.0
Electricity,SW,SW_utilitypv_class1_moderate_70_0_2_2,SW_utilitypv_class1_moderate_70_0_2_2_edge,VRE,UnidirectionalEdge{Electricity},retired_capacity,0.0
Electricity,SW,SW_utilitypv_class1_moderate_70_0_2_3,SW_utilitypv_class1_moderate_70_0_2_3_edge,VRE,UnidirectionalEdge{Electricity},retired_capacity,0.0
Electricity,SW,SW_utilitypv_class1_moderate_70_0_2_4,SW_utilitypv_class1_moderate_70_0_2_4_edge,VRE,UnidirectionalEdge{Electricity},retired_capacity,0.0
Electricity,SW,SW_utilitypv_class1_moderate_70_0_2_5,SW_utilitypv_class1_moderate_70_0_2_5_edge,VRE,UnidirectionalEdge{Electricity},retired_capacity,0.0
Electricity,TX,TX_utilitypv_class1_moderate_70_0_2_1,TX_utilitypv_class1_moderate_70_0_2_1_edge,VRE,UnidirectionalEdge{Electricity},retired_capacity,0.0
Electricity,TX,TX_utilitypv_class1_moderate_70_0_2_2,TX_utilitypv_class1_moderate_70_0_2_2_edge,VRE,UnidirectionalEdge{Electricity},retired_capacity,0.0
Electricity,TX,TX_utilitypv_class1_moderate_70_0_2_3,TX_utilitypv_class1_moderate_70_0_2_3_edge,VRE,UnidirectionalEdge{Electricity},retired_capacity,0.0
Electricity,NCEN,NCEN_utilitypv_class1_moderate_70_0_2_1,NCEN_utilitypv_class1_moderate_70_0_2_1_edge,VRE,UnidirectionalEdge{Electricity},retired_capacity,0.0
Electricity,NCEN,NCEN_utilitypv_class1_moderate_70_0_2_2,NCEN_utilitypv_class1_moderate_70_0_2_2_edge,VRE,UnidirectionalEdge{Electricity},retired_capacity,0.0
Electricity,NCEN,NCEN_utilitypv_class1_moderate_70_0_2_3,NCEN_utilitypv_class1_moderate_70_0_2_3_edge,VRE,UnidirectionalEdge{Electricity},retired_capacity,0.0
Electricity,NCEN,NCEN_utilitypv_class1_moderate_70_0_2_4,NCEN_utilitypv_class1_moderate_70_0_2_4_edge,VRE,UnidirectionalEdge{Electricity},retired_capacity,0.0
Electricity,NCEN,NCEN_utilitypv_class1_moderate_70_0_2_5,NCEN_utilitypv_class1_moderate_70_0_2_5_edge,VRE,UnidirectionalEdge{Electricity},retired_capacity,0.0
Electricity,NCEN,NCEN_utilitypv_class1_moderate_70_0_2_6,NCEN_utilitypv_class1_moderate_70_0_2_6_edge,VRE,UnidirectionalEdge{Electricity},retired_capacity,0.0
Electricity,NCEN,NCEN_utilitypv_class1_moderate_70_0_2_7,NCEN_utilitypv_class1_moderate_70_0_2_7_edge,VRE,UnidirectionalEdge{Electricity},retired_capacity,0.0
Electricity,CEN,CEN_utilitypv_class1_moderate_70_0_2_1,CEN_utilitypv_class1_moderate_70_0_2_1_edge,VRE,UnidirectionalEdge{Electricity},retired_capacity,0.0
Electricity,CEN,CEN_utilitypv_class1_moderate_70_0_2_2,CEN_utilitypv_class1_moderate_70_0_2_2_edge,VRE,UnidirectionalEdge{Electricity},retired_capacity,0.0
Electricity,CEN,CEN_utilitypv_class1_moderate_70_0_2_3,CEN_utilitypv_class1_moderate_70_0_2_3_edge,VRE,UnidirectionalEdge{Electricity},retired_capacity,0.0
Electricity,CEN,CEN_utilitypv_class1_moderate_70_0_2_4,CEN_utilitypv_class1_moderate_70_0_2_4_edge,VRE,UnidirectionalEdge{Electricity},retired_capacity,0.0
Electricity,CEN,CEN_utilitypv_class1_moderate_70_0_2_5,CEN_utilitypv_class1_moderate_70_0_2_5_edge,VRE,UnidirectionalEdge{Electricity},retired_capacity,0.0
Electricity,SE,SE_utilitypv_class1_moderate_70_0_2_1,SE_utilitypv_class1_moderate_70_0_2_1_edge,VRE,UnidirectionalEdge{Electricity},retired_capacity,0.0
Electricity,SE,SE_utilitypv_class1_moderate_70_0_2_2,SE_utilitypv_class1_moderate_70_0_2_2_edge,VRE,UnidirectionalEdge{Electricity},retired_capacity,0.0
Electricity,SE,SE_utilitypv_class1_moderate_70_0_2_3,SE_utilitypv_class1_moderate_70_0_2_3_edge,VRE,UnidirectionalEdge{Electricity},retired_capacity,0.0
Electricity,SE,SE_utilitypv_class1_moderate_70_0_2_4,SE_utilitypv_class1_moderate_70_0_2_4_edge,VRE,UnidirectionalEdge{Electricity},retired_capacity,0.0
Electricity,SE,SE_utilitypv_class1_moderate_70_0_2_5,SE_utilitypv_class1_moderate_70_0_2_5_edge,VRE,UnidirectionalEdge{Electricity},retired_capacity,0.0
Electricity,SE,SE_utilitypv_class1_moderate_70_0_2_6,SE_utilitypv_class1_moderate_70_0_2_6_edge,VRE,UnidirectionalEdge{Electricity},retired_capacity,0.0
Electricity,SE,SE_utilitypv_class1_moderate_70_0_2_7,SE_utilitypv_class1_moderate_70_0_2_7_edge,VRE,UnidirectionalEdge{Electricity},retired_capacity,0.0
Electricity,SE,SE_utilitypv_class1_moderate_70_0_2_8,SE_utilitypv_class1_moderate_70_0_2_8_edge,VRE,UnidirectionalEdge{Electricity},retired_capacity,0.0
Electricity,MIDAT,MIDAT_utilitypv_class1_moderate_70_0_2_1,MIDAT_utilitypv_class1_moderate_70_0_2_1_edge,VRE,UnidirectionalEdge{Electricity},retired_capacity,0.0
Electricity,MIDAT,MIDAT_utilitypv_class1_moderate_70_0_2_2,MIDAT_utilitypv_class1_moderate_70_0_2_2_edge,VRE,UnidirectionalEdge{Electricity},retired_capacity,0.0
Electricity,MIDAT,MIDAT_utilitypv_class1_moderate_70_0_2_3,MIDAT_utilitypv_class1_moderate_70_0_2_3_edge,VRE,UnidirectionalEdge{Electricity},retired_capacity,0.0
Electricity,MIDAT,MIDAT_utilitypv_class1_moderate_70_0_2_4,MIDAT_utilitypv_class1_moderate_70_0_2_4_edge,VRE,UnidirectionalEdge{Electricity},retired_capacity,0.0
Electricity,MIDAT,MIDAT_utilitypv_class1_moderate_70_0_2_5,MIDAT_utilitypv_class1_moderate_70_0_2_5_edge,VRE,UnidirectionalEdge{Electricity},retired_capacity,0.0
Electricity,MIDAT,MIDAT_utilitypv_class1_moderate_70_0_2_6,MIDAT_utilitypv_class1_moderate_70_0_2_6_edge,VRE,UnidirectionalEdge{Electricity},retired_capacity,0.0
Electricity,MIDAT,MIDAT_utilitypv_class1_moderate_70_0_2_7,MIDAT_utilitypv_class1_moderate_70_0_2_7_edge,VRE,UnidirectionalEdge{Electricity},retired_capacity,0.0
Electricity,NE,NE_utilitypv_class1_moderate_70_0_2_1,NE_utilitypv_class1_moderate_70_0_2_1_edge,VRE,UnidirectionalEdge{Electricity},retired_capacity,0.0
Electricity,NE,NE_utilitypv_class1_moderate_70_0_2_2,NE_utilitypv_class1_moderate_70_0_2_2_edge,VRE,UnidirectionalEdge{Electricity},retired_capacity,0.0
Electricity,NE,NE_utilitypv_class1_moderate_70_0_2_3,NE_utilitypv_class1_moderate_70_0_2_3_edge,VRE,UnidirectionalEdge{Electricity},retired_capacity,0.0
Electricity,NE,NE_utilitypv_class1_moderate_70_0_2_4,NE_utilitypv_class1_moderate_70_0_2_4_edge,VRE,UnidirectionalEdge{Electricity},retired_capacity,0.0
Electricity,NE,NE_utilitypv_class1_moderate_70_0_2_5,NE_utilitypv_class1_moderate_70_0_2_5_edge,VRE,UnidirectionalEdge{Electricity},retired_capacity,0.0
Electricity,NE,NE_utilitypv_class1_moderate_70_0_2_6,NE_utilitypv_class1_moderate_70_0_2_6_edge,VRE,UnidirectionalEdge{Electricity},retired_capacity,0.0
Electricity,NE,NE_utilitypv_class1_moderate_70_0_2_7,NE_utilitypv_class1_moderate_70_0_2_7_edge,VRE,UnidirectionalEdge{Electricity},retired_capacity,0.0
Electricity,CA,CA_landbasedwind_class4_moderate_70_1,CA_landbasedwind_class4_moderate_70_1_edge,VRE,UnidirectionalEdge{Electricity},retired_capacity,0.0
Electricity,CA,CA_landbasedwind_class4_moderate_70_2,CA_landbasedwind_class4_moderate_70_2_edge,VRE,UnidirectionalEdge{Electricity},retired_capacity,0.0
Electricity,CA,CA_landbasedwind_class4_moderate_70_3,CA_landbasedwind_class4_moderate_70_3_edge,VRE,UnidirectionalEdge{Electricity},retired_capacity,0.0
Electricity,NW,NW_landbasedwind_class4_moderate_70_1,NW_landbasedwind_class4_moderate_70_1_edge,VRE,UnidirectionalEdge{Electricity},retired_capacity,0.0
Electricity,NW,NW_landbasedwind_class4_moderate_70_2,NW_landbasedwind_class4_moderate_70_2_edge,VRE,UnidirectionalEdge{Electricity},retired_capacity,0.0
Electricity,NW,NW_landbasedwind_class4_moderate_70_3,NW_landbasedwind_class4_moderate_70_3_edge,VRE,UnidirectionalEdge{Electricity},retired_capacity,0.0
Electricity,NW,NW_landbasedwind_class4_moderate_70_4,NW_landbasedwind_class4_moderate_70_4_edge,VRE,UnidirectionalEdge{Electricity},retired_capacity,0.0
Electricity,NW,NW_landbasedwind_class4_moderate_70_5,NW_landbasedwind_class4_moderate_70_5_edge,VRE,UnidirectionalEdge{Electricity},retired_capacity,0.0
Electricity,SW,SW_landbasedwind_class4_moderate_70_1,SW_landbasedwind_class4_moderate_70_1_edge,VRE,UnidirectionalEdge{Electricity},retired_capacity,0.0
Electricity,SW,SW_landbasedwind_class4_moderate_70_2,SW_landbasedwind_class4_moderate_70_2_edge,VRE,UnidirectionalEdge{Electricity},retired_capacity,0.0
Electricity,SW,SW_landbasedwind_class4_moderate_70_3,SW_landbasedwind_class4_moderate_70_3_edge,VRE,UnidirectionalEdge{Electricity},retired_capacity,0.0
Electricity,SW,SW_landbasedwind_class4_moderate_70_4,SW_landbasedwind_class4_moderate_70_4_edge,VRE,UnidirectionalEdge{Electricity},retired_capacity,0.0
Electricity,SW,SW_landbasedwind_class4_moderate_70_5,SW_landbasedwind_class4_moderate_70_5_edge,VRE,UnidirectionalEdge{Electricity},retired_capacity,0.0
Electricity,TX,TX_landbasedwind_class4_moderate_70_1,TX_landbasedwind_class4_moderate_70_1_edge,VRE,UnidirectionalEdge{Electricity},retired_capacity,0.0
Electricity,TX,TX_landbasedwind_class4_moderate_70_2,TX_landbasedwind_class4_moderate_70_2_edge,VRE,UnidirectionalEdge{Electricity},retired_capacity,0.0
Electricity,TX,TX_landbasedwind_class4_moderate_70_3,TX_landbasedwind_class4_moderate_70_3_edge,VRE,UnidirectionalEdge{Electricity},retired_capacity,0.0
Electricity,NCEN,NCEN_landbasedwind_class4_moderate_70_1,NCEN_landbasedwind_class4_moderate_70_1_edge,VRE,UnidirectionalEdge{Electricity},retired_capacity,0.0
Electricity,NCEN,NCEN_landbasedwind_class4_moderate_70_2,NCEN_landbasedwind_class4_moderate_70_2_edge,VRE,UnidirectionalEdge{Electricity},retired_capacity,0.0
Electricity,NCEN,NCEN_landbasedwind_class4_moderate_70_3,NCEN_landbasedwind_class4_moderate_70_3_edge,VRE,UnidirectionalEdge{Electricity},retired_capacity,0.0
Electricity,NCEN,NCEN_landbasedwind_class4_moderate_70_4,NCEN_landbasedwind_class4_moderate_70_4_edge,VRE,UnidirectionalEdge{Electricity},retired_capacity,0.0
Electricity,NCEN,NCEN_landbasedwind_class4_moderate_70_5,NCEN_landbasedwind_class4_moderate_70_5_edge,VRE,UnidirectionalEdge{Electricity},retired_capacity,0.0
Electricity,NCEN,NCEN_landbasedwind_class4_moderate_70_6,NCEN_landbasedwind_class4_moderate_70_6_edge,VRE,UnidirectionalEdge{Electricity},retired_capacity,0.0
Electricity,NCEN,NCEN_landbasedwind_class4_moderate_70_7,NCEN_landbasedwind_class4_moderate_70_7_edge,VRE,UnidirectionalEdge{Electricity},retired_capacity,0.0
Electricity,CEN,CEN_landbasedwind_class4_moderate_70_1,CEN_landbasedwind_class4_moderate_70_1_edge,VRE,UnidirectionalEdge{Electricity},retired_capacity,0.0
Electricity,CEN,CEN_landbasedwind_class4_moderate_70_2,CEN_landbasedwind_class4_moderate_70_2_edge,VRE,UnidirectionalEdge{Electricity},retired_capacity,0.0
Electricity,CEN,CEN_landbasedwind_class4_moderate_70_3,CEN_landbasedwind_class4_moderate_70_3_edge,VRE,UnidirectionalEdge{Electricity},retired_capacity,0.0
Electricity,CEN,CEN_landbasedwind_class4_moderate_70_4,CEN_landbasedwind_class4_moderate_70_4_edge,VRE,UnidirectionalEdge{Electricity},retired_capacity,0.0
Electricity,CEN,CEN_landbasedwind_class4_moderate_70_5,CEN_landbasedwind_class4_moderate_70_5_edge,VRE,UnidirectionalEdge{Electricity},retired_capacity,0.0
Electricity,CEN,CEN_landbasedwind_class4_moderate_70_6,CEN_landbasedwind_class4_moderate_70_6_edge,VRE,UnidirectionalEdge{Electricity},retired_capacity,0.0
Electricity,CEN,CEN_landbasedwind_class4_moderate_70_7,CEN_landbasedwind_class4_moderate_70_7_edge,VRE,UnidirectionalEdge{Electricity},retired_capacity,0.0
Electricity,SE,SE_landbasedwind_class4_moderate_70_1,SE_landbasedwind_class4_moderate_70_1_edge,VRE,UnidirectionalEdge{Electricity},retired_capacity,0.0
Electricity,SE,SE_landbasedwind_class4_moderate_70_2,SE_landbasedwind_class4_moderate_70_2_edge,VRE,UnidirectionalEdge{Electricity},retired_capacity,0.0
Electricity,SE,SE_landbasedwind_class4_moderate_70_3,SE_landbasedwind_class4_moderate_70_3_edge,VRE,UnidirectionalEdge{Electricity},retired_capacity,0.0
Electricity,SE,SE_landbasedwind_class4_moderate_70_4,SE_landbasedwind_class4_moderate_70_4_edge,VRE,UnidirectionalEdge{Electricity},retired_capacity,0.0
Electricity,SE,SE_landbasedwind_class4_moderate_70_5,SE_landbasedwind_class4_moderate_70_5_edge,VRE,UnidirectionalEdge{Electricity},retired_capacity,0.0
Electricity,SE,SE_landbasedwind_class4_moderate_70_6,SE_landbasedwind_class4_moderate_70_6_edge,VRE,UnidirectionalEdge{Electricity},retired_capacity,0.0
Electricity,SE,SE_landbasedwind_class4_moderate_70_7,SE_landbasedwind_class4_moderate_70_7_edge,VRE,UnidirectionalEdge{Electricity},retired_capacity,0.0
Electricity,SE,SE_landbasedwind_class4_moderate_70_8,SE_landbasedwind_class4_moderate_70_8_edge,VRE,UnidirectionalEdge{Electricity},retired_capacity,0.0
Electricity,MIDAT,MIDAT_landbasedwind_class4_moderate_70_1,MIDAT_landbasedwind_class4_moderate_70_1_edge,VRE,UnidirectionalEdge{Electricity},retired_capacity,0.0
Electricity,MIDAT,MIDAT_landbasedwind_class4_moderate_70_2,MIDAT_landbasedwind_class4_moderate_70_2_edge,VRE,UnidirectionalEdge{Electricity},retired_capacity,0.0
Electricity,MIDAT,MIDAT_landbasedwind_class4_moderate_70_3,MIDAT_landbasedwind_class4_moderate_70_3_edge,VRE,UnidirectionalEdge{Electricity},retired_capacity,0.0
Electricity,MIDAT,MIDAT_landbasedwind_class4_moderate_70_4,MIDAT_landbasedwind_class4_moderate_70_4_edge,VRE,UnidirectionalEdge{Electricity},retired_capacity,0.0
Electricity,MIDAT,MIDAT_landbasedwind_class4_moderate_70_5,MIDAT_landbasedwind_class4_moderate_70_5_edge,VRE,UnidirectionalEdge{Electricity},retired_capacity,0.0
Electricity,MIDAT,MIDAT_landbasedwind_class4_moderate_70_6,MIDAT_landbasedwind_class4_moderate_70_6_edge,VRE,UnidirectionalEdge{Electricity},retired_capacity,0.0
Electricity,MIDAT,MIDAT_landbasedwind_class4_moderate_70_7,MIDAT_landbasedwind_class4_moderate_70_7_edge,VRE,UnidirectionalEdge{Electricity},retired_capacity,0.0
Electricity,NE,NE_landbasedwind_class4_moderate_70_1,NE_landbasedwind_class4_moderate_70_1_edge,VRE,UnidirectionalEdge{Electricity},retired_capacity,0.0
Electricity,NE,NE_landbasedwind_class4_moderate_70_2,NE_landbasedwind_class4_moderate_70_2_edge,VRE,UnidirectionalEdge{Electricity},retired_capacity,0.0
Electricity,NE,NE_landbasedwind_class4_moderate_70_3,NE_landbasedwind_class4_moderate_70_3_edge,VRE,UnidirectionalEdge{Electricity},retired_capacity,0.0
Electricity,NE,NE_landbasedwind_class4_moderate_70_4,NE_landbasedwind_class4_moderate_70_4_edge,VRE,UnidirectionalEdge{Electricity},retired_capacity,0.0
Electricity,NE,NE_landbasedwind_class4_moderate_70_5,NE_landbasedwind_class4_moderate_70_5_edge,VRE,UnidirectionalEdge{Electricity},retired_capacity,0.0
Electricity,NE,NE_landbasedwind_class4_moderate_70_6,NE_landbasedwind_class4_moderate_70_6_edge,VRE,UnidirectionalEdge{Electricity},retired_capacity,0.0
Electricity,NE,NE_landbasedwind_class4_moderate_70_7,NE_landbasedwind_class4_moderate_70_7_edge,VRE,UnidirectionalEdge{Electricity},retired_capacity,0.0
Electricity,CEN,CEN_nuclear_1,CEN_nuclear_1_elec_edge,ThermalPower{Uranium},EdgeWithUC{Electricity},retired_capacity,4143.072527374545
Electricity,CEN,CEN_nuclear_2,CEN_nuclear_2_elec_edge,ThermalPower{Uranium},EdgeWithUC{Electricity},retired_capacity,3095.2448277372137
Electricity,MIDAT,MIDAT_nuclear_1,MIDAT_nuclear_1_elec_edge,ThermalPower{Uranium},EdgeWithUC{Electricity},retired_capacity,2431.9323062381895
Electricity,MIDAT,MIDAT_nuclear_2,MIDAT_nuclear_2_elec_edge,ThermalPower{Uranium},EdgeWithUC{Electricity},retired_capacity,17652.566004832777
Electricity,NE,NE_nuclear_1,NE_nuclear_1_elec_edge,ThermalPower{Uranium},EdgeWithUC{Electricity},retired_capacity,3227.60033078633
Electricity,NE,NE_nuclear_2,NE_nuclear_2_elec_edge,ThermalPower{Uranium},EdgeWithUC{Electricity},retired_capacity,2097.8267729087097
Electricity,NW,NW_nuclear_1,NW_nuclear_1_elec_edge,ThermalPower{Uranium},EdgeWithUC{Electricity},retired_capacity,1157.524145257821
Electricity,NCEN,NCEN_nuclear_1,NCEN_nuclear_1_elec_edge,ThermalPower{Uranium},EdgeWithUC{Electricity},retired_capacity,11414.227227134297
Electricity,NCEN,NCEN_nuclear_2,NCEN_nuclear_2_elec_edge,ThermalPower{Uranium},EdgeWithUC{Electricity},retired_capacity,2878.291476095843
Electricity,SE,SE_nuclear_1,SE_nuclear_1_elec_edge,ThermalPower{Uranium},EdgeWithUC{Electricity},retired_capacity,33592.013440298346
Electricity,SE,SE_nuclear_2,SE_nuclear_2_elec_edge,ThermalPower{Uranium},EdgeWithUC{Electricity},retired_capacity,1217.3362868941963
Electricity,SW,SW_nuclear_1,SW_nuclear_1_elec_edge,ThermalPower{Uranium},EdgeWithUC{Electricity},retired_capacity,3958.0505706031654
Electricity,TX,TX_nuclear_1,TX_nuclear_1_elec_edge,ThermalPower{Uranium},EdgeWithUC{Electricity},retired_capacity,2517.8357866879296
Electricity,TX,TX_nuclear_2,TX_nuclear_2_elec_edge,ThermalPower{Uranium},EdgeWithUC{Electricity},retired_capacity,2412.2477137960404
Electricity,CA,CA_nuclear_mid_0,CA_nuclear_mid_0_elec_edge,ThermalPower{Uranium},EdgeWithUC{Electricity},retired_capacity,0.0
Electricity,NW,NW_nuclear_mid_0,NW_nuclear_mid_0_elec_edge,ThermalPower{Uranium},EdgeWithUC{Electricity},retired_capacity,0.0
Electricity,SW,SW_nuclear_mid_0,SW_nuclear_mid_0_elec_edge,ThermalPower{Uranium},EdgeWithUC{Electricity},retired_capacity,0.0
Electricity,TX,TX_nuclear_mid_0,TX_nuclear_mid_0_elec_edge,ThermalPower{Uranium},EdgeWithUC{Electricity},retired_capacity,0.0
Electricity,NCEN,NCEN_nuclear_mid_0,NCEN_nuclear_mid_0_elec_edge,ThermalPower{Uranium},EdgeWithUC{Electricity},retired_capacity,0.0
Electricity,CEN,CEN_nuclear_mid_0,CEN_nuclear_mid_0_elec_edge,ThermalPower{Uranium},EdgeWithUC{Electricity},retired_capacity,0.0
Electricity,SE,SE_nuclear_mid_0,SE_nuclear_mid_0_elec_edge,ThermalPower{Uranium},EdgeWithUC{Electricity},retired_capacity,0.0
Electricity,MIDAT,MIDAT_nuclear_mid_0,MIDAT_nuclear_mid_0_elec_edge,ThermalPower{Uranium},EdgeWithUC{Electricity},retired_capacity,0.0
Electricity,NE,NE_nuclear_mid_0,NE_nuclear_mid_0_elec_edge,ThermalPower{Uranium},EdgeWithUC{Electricity},retired_capacity,0.0
CO2Captured,CA,CA_Synfuel_Plant,CA_Synfuel_Plant_co2_captured_edge,SyntheticLiquidFuels,UnidirectionalEdge{CO2Captured},retired_capacity,0.0
CO2Captured,NW,NW_Synfuel_Plant,NW_Synfuel_Plant_co2_captured_edge,SyntheticLiquidFuels,UnidirectionalEdge{CO2Captured},retired_capacity,0.0
CO2Captured,SW,SW_Synfuel_Plant,SW_Synfuel_Plant_co2_captured_edge,SyntheticLiquidFuels,UnidirectionalEdge{CO2Captured},retired_capacity,0.0
CO2Captured,TX,TX_Synfuel_Plant,TX_Synfuel_Plant_co2_captured_edge,SyntheticLiquidFuels,UnidirectionalEdge{CO2Captured},retired_capacity,0.0
CO2Captured,NCEN,NCEN_Synfuel_Plant,NCEN_Synfuel_Plant_co2_captured_edge,SyntheticLiquidFuels,UnidirectionalEdge{CO2Captured},retired_capacity,0.0
CO2Captured,CEN,CEN_Synfuel_Plant,CEN_Synfuel_Plant_co2_captured_edge,SyntheticLiquidFuels,UnidirectionalEdge{CO2Captured},retired_capacity,0.0
CO2Captured,SE,SE_Synfuel_Plant,SE_Synfuel_Plant_co2_captured_edge,SyntheticLiquidFuels,UnidirectionalEdge{CO2Captured},retired_capacity,0.0
CO2Captured,MIDAT,MIDAT_Synfuel_Plant,MIDAT_Synfuel_Plant_co2_captured_edge,SyntheticLiquidFuels,UnidirectionalEdge{CO2Captured},retired_capacity,0.0
CO2Captured,NE,NE_Synfuel_Plant,NE_Synfuel_Plant_co2_captured_edge,SyntheticLiquidFuels,UnidirectionalEdge{CO2Captured},retired_capacity,0.0
CO2Captured,CA,CA_Synfuel_Plant_wCCS_Stored_99pct,CA_Synfuel_Plant_wCCS_Stored_99pct_co2_captured_edge,SyntheticLiquidFuels,UnidirectionalEdge{CO2Captured},retired_capacity,0.0
CO2Captured,NW,NW_Synfuel_Plant_wCCS_Stored_99pct,NW_Synfuel_Plant_wCCS_Stored_99pct_co2_captured_edge,SyntheticLiquidFuels,UnidirectionalEdge{CO2Captured},retired_capacity,0.0
CO2Captured,SW,SW_Synfuel_Plant_wCCS_Stored_99pct,SW_Synfuel_Plant_wCCS_Stored_99pct_co2_captured_edge,SyntheticLiquidFuels,UnidirectionalEdge{CO2Captured},retired_capacity,0.0
CO2Captured,TX,TX_Synfuel_Plant_wCCS_Stored_99pct,TX_Synfuel_Plant_wCCS_Stored_99pct_co2_captured_edge,SyntheticLiquidFuels,UnidirectionalEdge{CO2Captured},retired_capacity,0.0
CO2Captured,NCEN,NCEN_Synfuel_Plant_wCCS_Stored_99pct,NCEN_Synfuel_Plant_wCCS_Stored_99pct_co2_captured_edge,SyntheticLiquidFuels,UnidirectionalEdge{CO2Captured},retired_capacity,0.0
CO2Captured,CEN,CEN_Synfuel_Plant_wCCS_Stored_99pct,CEN_Synfuel_Plant_wCCS_Stored_99pct_co2_captured_edge,SyntheticLiquidFuels,UnidirectionalEdge{CO2Captured},retired_capacity,0.0
CO2Captured,SE,SE_Synfuel_Plant_wCCS_Stored_99pct,SE_Synfuel_Plant_wCCS_Stored_99pct_co2_captured_edge,SyntheticLiquidFuels,UnidirectionalEdge{CO2Captured},retired_capacity,0.0
CO2Captured,MIDAT,MIDAT_Synfuel_Plant_wCCS_Stored_99pct,MIDAT_Synfuel_Plant_wCCS_Stored_99pct_co2_captured_edge,SyntheticLiquidFuels,UnidirectionalEdge{CO2Captured},retired_capacity,0.0
CO2Captured,NE,NE_Synfuel_Plant_wCCS_Stored_99pct,NE_Synfuel_Plant_wCCS_Stored_99pct_co2_captured_edge,SyntheticLiquidFuels,UnidirectionalEdge{CO2Captured},retired_capacity,0.0
CO2Captured,CA,CA_Synfuel_Plant_wCCS_Recycled_99pct,CA_Synfuel_Plant_wCCS_Recycled_99pct_co2_captured_edge,SyntheticLiquidFuels,UnidirectionalEdge{CO2Captured},retired_capacity,0.0
CO2Captured,NW,NW_Synfuel_Plant_wCCS_Recycled_99pct,NW_Synfuel_Plant_wCCS_Recycled_99pct_co2_captured_edge,SyntheticLiquidFuels,UnidirectionalEdge{CO2Captured},retired_capacity,0.0
CO2Captured,SW,SW_Synfuel_Plant_wCCS_Recycled_99pct,SW_Synfuel_Plant_wCCS_Recycled_99pct_co2_captured_edge,SyntheticLiquidFuels,UnidirectionalEdge{CO2Captured},retired_capacity,0.0
CO2Captured,TX,TX_Synfuel_Plant_wCCS_Recycled_99pct,TX_Synfuel_Plant_wCCS_Recycled_99pct_co2_captured_edge,SyntheticLiquidFuels,UnidirectionalEdge{CO2Captured},retired_capacity,0.0
CO2Captured,NCEN,NCEN_Synfuel_Plant_wCCS_Recycled_99pct,NCEN_Synfuel_Plant_wCCS_Recycled_99pct_co2_captured_edge,SyntheticLiquidFuels,UnidirectionalEdge{CO2Captured},retired_capacity,0.0
CO2Captured,CEN,CEN_Synfuel_Plant_wCCS_Recycled_99pct,CEN_Synfuel_Plant_wCCS_Recycled_99pct_co2_captured_edge,SyntheticLiquidFuels,UnidirectionalEdge{CO2Captured},retired_capacity,0.0
CO2Captured,SE,SE_Synfuel_Plant_wCCS_Recycled_99pct,SE_Synfuel_Plant_wCCS_Recycled_99pct_co2_captured_edge,SyntheticLiquidFuels,UnidirectionalEdge{CO2Captured},retired_capacity,0.0
CO2Captured,MIDAT,MIDAT_Synfuel_Plant_wCCS_Recycled_99pct,MIDAT_Synfuel_Plant_wCCS_Recycled_99pct_co2_captured_edge,SyntheticLiquidFuels,UnidirectionalEdge{CO2Captured},retired_capacity,0.0
CO2Captured,NE,NE_Synfuel_Plant_wCCS_Recycled_99pct,NE_Synfuel_Plant_wCCS_Recycled_99pct_co2_captured_edge,SyntheticLiquidFuels,UnidirectionalEdge{CO2Captured},retired_capacity,0.0
CO2Captured,CA,CA_Syn_NG_Plant,CA_Syn_NG_Plant_co2_captured_edge,SyntheticNaturalGas,UnidirectionalEdge{CO2Captured},retired_capacity,0.0
CO2Captured,NW,NW_Syn_NG_Plant,NW_Syn_NG_Plant_co2_captured_edge,SyntheticNaturalGas,UnidirectionalEdge{CO2Captured},retired_capacity,0.0
CO2Captured,SW,SW_Syn_NG_Plant,SW_Syn_NG_Plant_co2_captured_edge,SyntheticNaturalGas,UnidirectionalEdge{CO2Captured},retired_capacity,0.0
CO2Captured,TX,TX_Syn_NG_Plant,TX_Syn_NG_Plant_co2_captured_edge,SyntheticNaturalGas,UnidirectionalEdge{CO2Captured},retired_capacity,0.0
CO2Captured,NCEN,NCEN_Syn_NG_Plant,NCEN_Syn_NG_Plant_co2_captured_edge,SyntheticNaturalGas,UnidirectionalEdge{CO2Captured},retired_capacity,0.0
CO2Captured,CEN,CEN_Syn_NG_Plant,CEN_Syn_NG_Plant_co2_captured_edge,SyntheticNaturalGas,UnidirectionalEdge{CO2Captured},retired_capacity,0.0
CO2Captured,SE,SE_Syn_NG_Plant,SE_Syn_NG_Plant_co2_captured_edge,SyntheticNaturalGas,UnidirectionalEdge{CO2Captured},retired_capacity,0.0
CO2Captured,MIDAT,MIDAT_Syn_NG_Plant,MIDAT_Syn_NG_Plant_co2_captured_edge,SyntheticNaturalGas,UnidirectionalEdge{CO2Captured},retired_capacity,0.0
CO2Captured,NE,NE_Syn_NG_Plant,NE_Syn_NG_Plant_co2_captured_edge,SyntheticNaturalGas,UnidirectionalEdge{CO2Captured},retired_capacity,0.0
Electricity,CA_NW,CA_to_NW,CA_to_NW_transmission_edge,TransmissionLink{Electricity},BidirectionalEdge{Electricity},retired_capacity,0.0
Electricity,CA_SW,CA_to_SW,CA_to_SW_transmission_edge,TransmissionLink{Electricity},BidirectionalEdge{Electricity},retired_capacity,0.0
Electricity,NW_SW,NW_to_SW,NW_to_SW_transmission_edge,TransmissionLink{Electricity},BidirectionalEdge{Electricity},retired_capacity,0.0
Electricity,SW_CEN,SW_to_CEN,SW_to_CEN_transmission_edge,TransmissionLink{Electricity},BidirectionalEdge{Electricity},retired_capacity,0.0
Electricity,TX_CEN,TX_to_CEN,TX_to_CEN_transmission_edge,TransmissionLink{Electricity},BidirectionalEdge{Electricity},retired_capacity,0.0
Electricity,NCEN_CEN,NCEN_to_CEN,NCEN_to_CEN_transmission_edge,TransmissionLink{Electricity},BidirectionalEdge{Electricity},retired_capacity,0.0
Electricity,NCEN_SE,NCEN_to_SE,NCEN_to_SE_transmission_edge,TransmissionLink{Electricity},BidirectionalEdge{Electricity},retired_capacity,0.0
Electricity,NCEN_MIDAT,NCEN_to_MIDAT,NCEN_to_MIDAT_transmission_edge,TransmissionLink{Electricity},BidirectionalEdge{Electricity},retired_capacity,0.0
Electricity,CEN_SE,CEN_to_SE,CEN_to_SE_transmission_edge,TransmissionLink{Electricity},BidirectionalEdge{Electricity},retired_capacity,0.0
Electricity,SE_MIDAT,SE_to_MIDAT,SE_to_MIDAT_transmission_edge,TransmissionLink{Electricity},BidirectionalEdge{Electricity},retired_capacity,0.0
Electricity,MIDAT_NE,MIDAT_to_NE,MIDAT_to_NE_transmission_edge,TransmissionLink{Electricity},BidirectionalEdge{Electricity},retired_capacity,0.0
CO2Captured,CA,co2_CA_to_NW,co2_CA_to_NW_storage,GasStorage{CO2Captured},Storage{CO2Captured},retired_capacity,0.0
CO2Captured,NW,co2_NW_to_CA,co2_NW_to_CA_storage,GasStorage{CO2Captured},Storage{CO2Captured},retired_capacity,0.0
CO2Captured,CA,co2_CA_to_SW,co2_CA_to_SW_storage,GasStorage{CO2Captured},Storage{CO2Captured},retired_capacity,0.0
CO2Captured,SW,co2_SW_to_CA,co2_SW_to_CA_storage,GasStorage{CO2Captured},Storage{CO2Captured},retired_capacity,0.0
CO2Captured,NW,co2_NW_to_SW,co2_NW_to_SW_storage,GasStorage{CO2Captured},Storage{CO2Captured},retired_capacity,0.0
CO2Captured,SW,co2_SW_to_NW,co2_SW_to_NW_storage,GasStorage{CO2Captured},Storage{CO2Captured},retired_capacity,0.0
CO2Captured,SW,co2_SW_to_CEN,co2_SW_to_CEN_storage,GasStorage{CO2Captured},Storage{CO2Captured},retired_capacity,0.0
CO2Captured,CEN,co2_CEN_to_SW,co2_CEN_to_SW_storage,GasStorage{CO2Captured},Storage{CO2Captured},retired_capacity,0.0
CO2Captured,TX,co2_TX_to_CEN,co2_TX_to_CEN_storage,GasStorage{CO2Captured},Storage{CO2Captured},retired_capacity,0.0
CO2Captured,CEN,co2_CEN_to_TX,co2_CEN_to_TX_storage,GasStorage{CO2Captured},Storage{CO2Captured},retired_capacity,0.0
CO2Captured,NCEN,co2_NCEN_to_CEN,co2_NCEN_to_CEN_storage,GasStorage{CO2Captured},Storage{CO2Captured},retired_capacity,0.0
CO2Captured,CEN,co2_CEN_to_NCEN,co2_CEN_to_NCEN_storage,GasStorage{CO2Captured},Storage{CO2Captured},retired_capacity,0.0
CO2Captured,NCEN,co2_NCEN_to_SE,co2_NCEN_to_SE_storage,GasStorage{CO2Captured},Storage{CO2Captured},retired_capacity,0.0
CO2Captured,SE,co2_SE_to_NCEN,co2_SE_to_NCEN_storage,GasStorage{CO2Captured},Storage{CO2Captured},retired_capacity,0.0
CO2Captured,NCEN,co2_NCEN_to_MIDAT,co2_NCEN_to_MIDAT_storage,GasStorage{CO2Captured},Storage{CO2Captured},retired_capacity,0.0
CO2Captured,MIDAT,co2_MIDAT_to_NCEN,co2_MIDAT_to_NCEN_storage,GasStorage{CO2Captured},Storage{CO2Captured},retired_capacity,0.0
CO2Captured,CEN,co2_CEN_to_SE,co2_CEN_to_SE_storage,GasStorage{CO2Captured},Storage{CO2Captured},retired_capacity,0.0
CO2Captured,SE,co2_SE_to_CEN,co2_SE_to_CEN_storage,GasStorage{CO2Captured},Storage{CO2Captured},retired_capacity,0.0
CO2Captured,SE,co2_SE_to_MIDAT,co2_SE_to_MIDAT_storage,GasStorage{CO2Captured},Storage{CO2Captured},retired_capacity,0.0
CO2Captured,MIDAT,co2_MIDAT_to_SE,co2_MIDAT_to_SE_storage,GasStorage{CO2Captured},Storage{CO2Captured},retired_capacity,0.0
CO2Captured,MIDAT,co2_MIDAT_to_NE,co2_MIDAT_to_NE_storage,GasStorage{CO2Captured},Storage{CO2Captured},retired_capacity,0.0
CO2Captured,NE,co2_NE_to_MIDAT,co2_NE_to_MIDAT_storage,GasStorage{CO2Captured},Storage{CO2Captured},retired_capacity,0.0
Electricity,CA,CA_battery_moderate_0,CA_battery_moderate_0_storage,Battery,Storage{Electricity},retired_capacity,0.0
Electricity,NW,NW_battery_moderate_0,NW_battery_moderate_0_storage,Battery,Storage{Electricity},retired_capacity,0.0
Electricity,SW,SW_battery_moderate_0,SW_battery_moderate_0_storage,Battery,Storage{Electricity},retired_capacity,0.0
Electricity,TX,TX_battery_moderate_0,TX_battery_moderate_0_storage,Battery,Storage{Electricity},retired_capacity,0.0
Electricity,NCEN,NCEN_battery_moderate_0,NCEN_battery_moderate_0_storage,Battery,Storage{Electricity},retired_capacity,0.0
Electricity,CEN,CEN_battery_moderate_0,CEN_battery_moderate_0_storage,Battery,Storage{Electricity},retired_capacity,0.0
Electricity,SE,SE_battery_moderate_0,SE_battery_moderate_0_storage,Battery,Storage{Electricity},retired_capacity,0.0
Electricity,MIDAT,MIDAT_battery_moderate_0,MIDAT_battery_moderate_0_storage,Battery,Storage{Electricity},retired_capacity,0.0
Electricity,NE,NE_battery_moderate_0,NE_battery_moderate_0_storage,Battery,Storage{Electricity},retired_capacity,0.0
Electricity,CA,CA_hydroelectric_pumped_storage_1,CA_hydroelectric_pumped_storage_1_storage,Battery,Storage{Electricity},retired_capacity,0.0
Electricity,CEN,CEN_hydroelectric_pumped_storage_1,CEN_hydroelectric_pumped_storage_1_storage,Battery,Storage{Electricity},retired_capacity,0.0
Electricity,MIDAT,MIDAT_hydroelectric_pumped_storage_1,MIDAT_hydroelectric_pumped_storage_1_storage,Battery,Storage{Electricity},retired_capacity,0.0
Electricity,NE,NE_hydroelectric_pumped_storage_1,NE_hydroelectric_pumped_storage_1_storage,Battery,Storage{Electricity},retired_capacity,0.0
Electricity,NW,NW_hydroelectric_pumped_storage_1,NW_hydroelectric_pumped_storage_1_storage,Battery,Storage{Electricity},retired_capacity,0.0
Electricity,NCEN,NCEN_hydroelectric_pumped_storage_1,NCEN_hydroelectric_pumped_storage_1_storage,Battery,Storage{Electricity},retired_capacity,0.0
Electricity,SE,SE_hydroelectric_pumped_storage_1,SE_hydroelectric_pumped_storage_1_storage,Battery,Storage{Electricity},retired_capacity,0.0
Electricity,SW,SW_hydroelectric_pumped_storage_1,SW_hydroelectric_pumped_storage_1_storage,Battery,Storage{Electricity},retired_capacity,0.0
Hydrogen,CA,h2_CA_to_NW,h2_CA_to_NW_storage,GasStorage{Hydrogen},Storage{Hydrogen},retired_capacity,0.0
Hydrogen,NW,h2_NW_to_CA,h2_NW_to_CA_storage,GasStorage{Hydrogen},Storage{Hydrogen},retired_capacity,0.0
Hydrogen,CA,h2_CA_to_SW,h2_CA_to_SW_storage,GasStorage{Hydrogen},Storage{Hydrogen},retired_capacity,0.0
Hydrogen,SW,h2_SW_to_CA,h2_SW_to_CA_storage,GasStorage{Hydrogen},Storage{Hydrogen},retired_capacity,0.0
Hydrogen,NW,h2_NW_to_SW,h2_NW_to_SW_storage,GasStorage{Hydrogen},Storage{Hydrogen},retired_capacity,0.0
Hydrogen,SW,h2_SW_to_NW,h2_SW_to_NW_storage,GasStorage{Hydrogen},Storage{Hydrogen},retired_capacity,0.0
Hydrogen,SW,h2_SW_to_CEN,h2_SW_to_CEN_storage,GasStorage{Hydrogen},Storage{Hydrogen},retired_capacity,0.0
Hydrogen,CEN,h2_CEN_to_SW,h2_CEN_to_SW_storage,GasStorage{Hydrogen},Storage{Hydrogen},retired_capacity,0.0
Hydrogen,TX,h2_TX_to_CEN,h2_TX_to_CEN_storage,GasStorage{Hydrogen},Storage{Hydrogen},retired_capacity,0.0
Hydrogen,CEN,h2_CEN_to_TX,h2_CEN_to_TX_storage,GasStorage{Hydrogen},Storage{Hydrogen},retired_capacity,0.0
Hydrogen,NCEN,h2_NCEN_to_CEN,h2_NCEN_to_CEN_storage,GasStorage{Hydrogen},Storage{Hydrogen},retired_capacity,0.0
Hydrogen,CEN,h2_CEN_to_NCEN,h2_CEN_to_NCEN_storage,GasStorage{Hydrogen},Storage{Hydrogen},retired_capacity,0.0
Hydrogen,NCEN,h2_NCEN_to_SE,h2_NCEN_to_SE_storage,GasStorage{Hydrogen},Storage{Hydrogen},retired_capacity,0.0
Hydrogen,SE,h2_SE_to_NCEN,h2_SE_to_NCEN_storage,GasStorage{Hydrogen},Storage{Hydrogen},retired_capacity,0.0
Hydrogen,NCEN,h2_NCEN_to_MIDAT,h2_NCEN_to_MIDAT_storage,GasStorage{Hydrogen},Storage{Hydrogen},retired_capacity,0.0
Hydrogen,MIDAT,h2_MIDAT_to_NCEN,h2_MIDAT_to_NCEN_storage,GasStorage{Hydrogen},Storage{Hydrogen},retired_capacity,0.0
Hydrogen,CEN,h2_CEN_to_SE,h2_CEN_to_SE_storage,GasStorage{Hydrogen},Storage{Hydrogen},retired_capacity,0.0
Hydrogen,SE,h2_SE_to_CEN,h2_SE_to_CEN_storage,GasStorage{Hydrogen},Storage{Hydrogen},retired_capacity,0.0
Hydrogen,SE,h2_SE_to_MIDAT,h2_SE_to_MIDAT_storage,GasStorage{Hydrogen},Storage{Hydrogen},retired_capacity,0.0
Hydrogen,MIDAT,h2_MIDAT_to_SE,h2_MIDAT_to_SE_storage,GasStorage{Hydrogen},Storage{Hydrogen},retired_capacity,0.0
Hydrogen,MIDAT,h2_MIDAT_to_NE,h2_MIDAT_to_NE_storage,GasStorage{Hydrogen},Storage{Hydrogen},retired_capacity,0.0
Hydrogen,NE,h2_NE_to_MIDAT,h2_NE_to_MIDAT_storage,GasStorage{Hydrogen},Storage{Hydrogen},retired_capacity,0.0
Hydrogen,CA,CA_Above_ground_storage,CA_Above_ground_storage_storage,GasStorage{Hydrogen},LongDurationStorage{Hydrogen},retired_capacity,0.0
Hydrogen,NW,NW_Above_ground_storage,NW_Above_ground_storage_storage,GasStorage{Hydrogen},LongDurationStorage{Hydrogen},retired_capacity,0.0
Hydrogen,SW,SW_Above_ground_storage,SW_Above_ground_storage_storage,GasStorage{Hydrogen},LongDurationStorage{Hydrogen},retired_capacity,0.0
Hydrogen,TX,TX_Above_ground_storage,TX_Above_ground_storage_storage,GasStorage{Hydrogen},LongDurationStorage{Hydrogen},retired_capacity,0.0
Hydrogen,NCEN,NCEN_Above_ground_storage,NCEN_Above_ground_storage_storage,GasStorage{Hydrogen},LongDurationStorage{Hydrogen},retired_capacity,0.0
Hydrogen,CEN,CEN_Above_ground_storage,CEN_Above_ground_storage_storage,GasStorage{Hydrogen},LongDurationStorage{Hydrogen},retired_capacity,0.0
Hydrogen,SE,SE_Above_ground_storage,SE_Above_ground_storage_storage,GasStorage{Hydrogen},LongDurationStorage{Hydrogen},retired_capacity,0.0
Hydrogen,MIDAT,MIDAT_Above_ground_storage,MIDAT_Above_ground_storage_storage,GasStorage{Hydrogen},LongDurationStorage{Hydrogen},retired_capacity,0.0
Hydrogen,NE,NE_Above_ground_storage,NE_Above_ground_storage_storage,GasStorage{Hydrogen},LongDurationStorage{Hydrogen},retired_capacity,0.0
Electricity,CA,CA_conventional_hydroelectric_1,CA_conventional_hydroelectric_1_storage,HydroRes,Storage{Electricity},retired_capacity,0.0
Electricity,CEN,CEN_conventional_hydroelectric_1,CEN_conventional_hydroelectric_1_storage,HydroRes,Storage{Electricity},retired_capacity,0.0
Electricity,MIDAT,MIDAT_conventional_hydroelectric_1,MIDAT_conventional_hydroelectric_1_storage,HydroRes,Storage{Electricity},retired_capacity,0.0
Electricity,NE,NE_conventional_hydroelectric_1,NE_conventional_hydroelectric_1_storage,HydroRes,Storage{Electricity},retired_capacity,0.0
Electricity,NW,NW_conventional_hydroelectric_1,NW_conventional_hydroelectric_1_storage,HydroRes,Storage{Electricity},retired_capacity,0.0
Electricity,NCEN,NCEN_conventional_hydroelectric_1,NCEN_conventional_hydroelectric_1_storage,HydroRes,Storage{Electricity},retired_capacity,0.0
Electricity,SE,SE_conventional_hydroelectric_1,SE_conventional_hydroelectric_1_storage,HydroRes,Storage{Electricity},retired_capacity,0.0
Electricity,SW,SW_conventional_hydroelectric_1,SW_conventional_hydroelectric_1_storage,HydroRes,Storage{Electricity},retired_capacity,0.0
Electricity,TX,TX_conventional_hydroelectric_1,TX_conventional_hydroelectric_1_storage,HydroRes,Storage{Electricity},retired_capacity,0.0
Biomass_Herb,CA,CA_Bio_Electricity_CCS_93_Herb,CA_Bio_Electricity_CCS_93_Herb_biomass_edge,BECCSElectricity,UnidirectionalEdge{MacroEnergy.Biomass_Herb},existing_capacity,0.0
Biomass_Herb,NW,NW_Bio_Electricity_CCS_93_Herb,NW_Bio_Electricity_CCS_93_Herb_biomass_edge,BECCSElectricity,UnidirectionalEdge{MacroEnergy.Biomass_Herb},existing_capacity,0.0
Biomass_Herb,SW,SW_Bio_Electricity_CCS_93_Herb,SW_Bio_Electricity_CCS_93_Herb_biomass_edge,BECCSElectricity,UnidirectionalEdge{MacroEnergy.Biomass_Herb},existing_capacity,0.0
Biomass_Herb,TX,TX_Bio_Electricity_CCS_93_Herb,TX_Bio_Electricity_CCS_93_Herb_biomass_edge,BECCSElectricity,UnidirectionalEdge{MacroEnergy.Biomass_Herb},existing_capacity,0.0
Biomass_Herb,NCEN,NCEN_Bio_Electricity_CCS_93_Herb,NCEN_Bio_Electricity_CCS_93_Herb_biomass_edge,BECCSElectricity,UnidirectionalEdge{MacroEnergy.Biomass_Herb},existing_capacity,0.0
Biomass_Herb,CEN,CEN_Bio_Electricity_CCS_93_Herb,CEN_Bio_Electricity_CCS_93_Herb_biomass_edge,BECCSElectricity,UnidirectionalEdge{MacroEnergy.Biomass_Herb},existing_capacity,0.0
Biomass_Herb,SE,SE_Bio_Electricity_CCS_93_Herb,SE_Bio_Electricity_CCS_93_Herb_biomass_edge,BECCSElectricity,UnidirectionalEdge{MacroEnergy.Biomass_Herb},existing_capacity,0.0
Biomass_Herb,MIDAT,MIDAT_Bio_Electricity_CCS_93_Herb,MIDAT_Bio_Electricity_CCS_93_Herb_biomass_edge,BECCSElectricity,UnidirectionalEdge{MacroEnergy.Biomass_Herb},existing_capacity,0.0
Biomass_Herb,NE,NE_Bio_Electricity_CCS_93_Herb,NE_Bio_Electricity_CCS_93_Herb_biomass_edge,BECCSElectricity,UnidirectionalEdge{MacroEnergy.Biomass_Herb},existing_capacity,0.0
Biomass_Wood,CA,CA_Bio_Electricity_CCS_93_Wood,CA_Bio_Electricity_CCS_93_Wood_biomass_edge,BECCSElectricity,UnidirectionalEdge{MacroEnergy.Biomass_Wood},existing_capacity,0.0
Biomass_Wood,NW,NW_Bio_Electricity_CCS_93_Wood,NW_Bio_Electricity_CCS_93_Wood_biomass_edge,BECCSElectricity,UnidirectionalEdge{MacroEnergy.Biomass_Wood},existing_capacity,0.0
Biomass_Wood,SW,SW_Bio_Electricity_CCS_93_Wood,SW_Bio_Electricity_CCS_93_Wood_biomass_edge,BECCSElectricity,UnidirectionalEdge{MacroEnergy.Biomass_Wood},existing_capacity,0.0
Biomass_Wood,TX,TX_Bio_Electricity_CCS_93_Wood,TX_Bio_Electricity_CCS_93_Wood_biomass_edge,BECCSElectricity,UnidirectionalEdge{MacroEnergy.Biomass_Wood},existing_capacity,0.0
Biomass_Wood,NCEN,NCEN_Bio_Electricity_CCS_93_Wood,NCEN_Bio_Electricity_CCS_93_Wood_biomass_edge,BECCSElectricity,UnidirectionalEdge{MacroEnergy.Biomass_Wood},existing_capacity,0.0
Biomass_Wood,CEN,CEN_Bio_Electricity_CCS_93_Wood,CEN_Bio_Electricity_CCS_93_Wood_biomass_edge,BECCSElectricity,UnidirectionalEdge{MacroEnergy.Biomass_Wood},existing_capacity,0.0
Biomass_Wood,SE,SE_Bio_Electricity_CCS_93_Wood,SE_Bio_Electricity_CCS_93_Wood_biomass_edge,BECCSElectricity,UnidirectionalEdge{MacroEnergy.Biomass_Wood},existing_capacity,0.0
Biomass_Wood,MIDAT,MIDAT_Bio_Electricity_CCS_93_Wood,MIDAT_Bio_Electricity_CCS_93_Wood_biomass_edge,BECCSElectricity,UnidirectionalEdge{MacroEnergy.Biomass_Wood},existing_capacity,0.0
Biomass_Wood,NE,NE_Bio_Electricity_CCS_93_Wood,NE_Bio_Electricity_CCS_93_Wood_biomass_edge,BECCSElectricity,UnidirectionalEdge{MacroEnergy.Biomass_Wood},existing_capacity,0.0
Biomass_Agri,CA,CA_Bio_Electricity_CCS_93_Agri,CA_Bio_Electricity_CCS_93_Agri_biomass_edge,BECCSElectricity,UnidirectionalEdge{MacroEnergy.Biomass_Agri},existing_capacity,0.0
Biomass_Agri,NW,NW_Bio_Electricity_CCS_93_Agri,NW_Bio_Electricity_CCS_93_Agri_biomass_edge,BECCSElectricity,UnidirectionalEdge{MacroEnergy.Biomass_Agri},existing_capacity,0.0
Biomass_Agri,SW,SW_Bio_Electricity_CCS_93_Agri,SW_Bio_Electricity_CCS_93_Agri_biomass_edge,BECCSElectricity,UnidirectionalEdge{MacroEnergy.Biomass_Agri},existing_capacity,0.0
Biomass_Agri,TX,TX_Bio_Electricity_CCS_93_Agri,TX_Bio_Electricity_CCS_93_Agri_biomass_edge,BECCSElectricity,UnidirectionalEdge{MacroEnergy.Biomass_Agri},existing_capacity,0.0
Biomass_Agri,NCEN,NCEN_Bio_Electricity_CCS_93_Agri,NCEN_Bio_Electricity_CCS_93_Agri_biomass_edge,BECCSElectricity,UnidirectionalEdge{MacroEnergy.Biomass_Agri},existing_capacity,0.0
Biomass_Agri,CEN,CEN_Bio_Electricity_CCS_93_Agri,CEN_Bio_Electricity_CCS_93_Agri_biomass_edge,BECCSElectricity,UnidirectionalEdge{MacroEnergy.Biomass_Agri},existing_capacity,0.0
Biomass_Agri,SE,SE_Bio_Electricity_CCS_93_Agri,SE_Bio_Electricity_CCS_93_Agri_biomass_edge,BECCSElectricity,UnidirectionalEdge{MacroEnergy.Biomass_Agri},existing_capacity,0.0
Biomass_Agri,MIDAT,MIDAT_Bio_Electricity_CCS_93_Agri,MIDAT_Bio_Electricity_CCS_93_Agri_biomass_edge,BECCSElectricity,UnidirectionalEdge{MacroEnergy.Biomass_Agri},existing_capacity,0.0
Biomass_Agri,NE,NE_Bio_Electricity_CCS_93_Agri,NE_Bio_Electricity_CCS_93_Agri_biomass_edge,BECCSElectricity,UnidirectionalEdge{MacroEnergy.Biomass_Agri},existing_capacity,0.0
Biomass_Herb,CA,CA_Bio_H2_Herb,CA_Bio_H2_Herb_biomass_edge,BECCSHydrogen{NaturalGas},UnidirectionalEdge{MacroEnergy.Biomass_Herb},existing_capacity,0.0
Biomass_Herb,NW,NW_Bio_H2_Herb,NW_Bio_H2_Herb_biomass_edge,BECCSHydrogen{NaturalGas},UnidirectionalEdge{MacroEnergy.Biomass_Herb},existing_capacity,0.0
Biomass_Herb,SW,SW_Bio_H2_Herb,SW_Bio_H2_Herb_biomass_edge,BECCSHydrogen{NaturalGas},UnidirectionalEdge{MacroEnergy.Biomass_Herb},existing_capacity,0.0
Biomass_Herb,TX,TX_Bio_H2_Herb,TX_Bio_H2_Herb_biomass_edge,BECCSHydrogen{NaturalGas},UnidirectionalEdge{MacroEnergy.Biomass_Herb},existing_capacity,0.0
Biomass_Herb,NCEN,NCEN_Bio_H2_Herb,NCEN_Bio_H2_Herb_biomass_edge,BECCSHydrogen{NaturalGas},UnidirectionalEdge{MacroEnergy.Biomass_Herb},existing_capacity,0.0
Biomass_Herb,CEN,CEN_Bio_H2_Herb,CEN_Bio_H2_Herb_biomass_edge,BECCSHydrogen{NaturalGas},UnidirectionalEdge{MacroEnergy.Biomass_Herb},existing_capacity,0.0
Biomass_Herb,SE,SE_Bio_H2_Herb,SE_Bio_H2_Herb_biomass_edge,BECCSHydrogen{NaturalGas},UnidirectionalEdge{MacroEnergy.Biomass_Herb},existing_capacity,0.0
Biomass_Herb,MIDAT,MIDAT_Bio_H2_Herb,MIDAT_Bio_H2_Herb_biomass_edge,BECCSHydrogen{NaturalGas},UnidirectionalEdge{MacroEnergy.Biomass_Herb},existing_capacity,0.0
Biomass_Herb,NE,NE_Bio_H2_Herb,NE_Bio_H2_Herb_biomass_edge,BECCSHydrogen{NaturalGas},UnidirectionalEdge{MacroEnergy.Biomass_Herb},existing_capacity,0.0
Biomass_Wood,CA,CA_Bio_H2_Wood,CA_Bio_H2_Wood_biomass_edge,BECCSHydrogen{NaturalGas},UnidirectionalEdge{MacroEnergy.Biomass_Wood},existing_capacity,0.0
Biomass_Wood,NW,NW_Bio_H2_Wood,NW_Bio_H2_Wood_biomass_edge,BECCSHydrogen{NaturalGas},UnidirectionalEdge{MacroEnergy.Biomass_Wood},existing_capacity,0.0
Biomass_Wood,SW,SW_Bio_H2_Wood,SW_Bio_H2_Wood_biomass_edge,BECCSHydrogen{NaturalGas},UnidirectionalEdge{MacroEnergy.Biomass_Wood},existing_capacity,0.0
Biomass_Wood,TX,TX_Bio_H2_Wood,TX_Bio_H2_Wood_biomass_edge,BECCSHydrogen{NaturalGas},UnidirectionalEdge{MacroEnergy.Biomass_Wood},existing_capacity,0.0
Biomass_Wood,NCEN,NCEN_Bio_H2_Wood,NCEN_Bio_H2_Wood_biomass_edge,BECCSHydrogen{NaturalGas},UnidirectionalEdge{MacroEnergy.Biomass_Wood},existing_capacity,0.0
Biomass_Wood,CEN,CEN_Bio_H2_Wood,CEN_Bio_H2_Wood_biomass_edge,BECCSHydrogen{NaturalGas},UnidirectionalEdge{MacroEnergy.Biomass_Wood},existing_capacity,0.0
Biomass_Wood,SE,SE_Bio_H2_Wood,SE_Bio_H2_Wood_biomass_edge,BECCSHydrogen{NaturalGas},UnidirectionalEdge{MacroEnergy.Biomass_Wood},existing_capacity,0.0
Biomass_Wood,MIDAT,MIDAT_Bio_H2_Wood,MIDAT_Bio_H2_Wood_biomass_edge,BECCSHydrogen{NaturalGas},UnidirectionalEdge{MacroEnergy.Biomass_Wood},existing_capacity,0.0
Biomass_Wood,NE,NE_Bio_H2_Wood,NE_Bio_H2_Wood_biomass_edge,BECCSHydrogen{NaturalGas},UnidirectionalEdge{MacroEnergy.Biomass_Wood},existing_capacity,0.0
Biomass_Agri,CA,CA_Bio_H2_Agri,CA_Bio_H2_Agri_biomass_edge,BECCSHydrogen{NaturalGas},UnidirectionalEdge{MacroEnergy.Biomass_Agri},existing_capacity,0.0
Biomass_Agri,NW,NW_Bio_H2_Agri,NW_Bio_H2_Agri_biomass_edge,BECCSHydrogen{NaturalGas},UnidirectionalEdge{MacroEnergy.Biomass_Agri},existing_capacity,0.0
Biomass_Agri,SW,SW_Bio_H2_Agri,SW_Bio_H2_Agri_biomass_edge,BECCSHydrogen{NaturalGas},UnidirectionalEdge{MacroEnergy.Biomass_Agri},existing_capacity,0.0
Biomass_Agri,TX,TX_Bio_H2_Agri,TX_Bio_H2_Agri_biomass_edge,BECCSHydrogen{NaturalGas},UnidirectionalEdge{MacroEnergy.Biomass_Agri},existing_capacity,0.0
Biomass_Agri,NCEN,NCEN_Bio_H2_Agri,NCEN_Bio_H2_Agri_biomass_edge,BECCSHydrogen{NaturalGas},UnidirectionalEdge{MacroEnergy.Biomass_Agri},existing_capacity,0.0
Biomass_Agri,CEN,CEN_Bio_H2_Agri,CEN_Bio_H2_Agri_biomass_edge,BECCSHydrogen{NaturalGas},UnidirectionalEdge{MacroEnergy.Biomass_Agri},existing_capacity,0.0
Biomass_Agri,SE,SE_Bio_H2_Agri,SE_Bio_H2_Agri_biomass_edge,BECCSHydrogen{NaturalGas},UnidirectionalEdge{MacroEnergy.Biomass_Agri},existing_capacity,0.0
Biomass_Agri,MIDAT,MIDAT_Bio_H2_Agri,MIDAT_Bio_H2_Agri_biomass_edge,BECCSHydrogen{NaturalGas},UnidirectionalEdge{MacroEnergy.Biomass_Agri},existing_capacity,0.0
Biomass_Agri,NE,NE_Bio_H2_Agri,NE_Bio_H2_Agri_biomass_edge,BECCSHydrogen{NaturalGas},UnidirectionalEdge{MacroEnergy.Biomass_Agri},existing_capacity,0.0
Biomass_Herb,CA,CA_Bio_H2_CCS_99_Herb,CA_Bio_H2_CCS_99_Herb_biomass_edge,BECCSHydrogen{NaturalGas},UnidirectionalEdge{MacroEnergy.Biomass_Herb},existing_capacity,0.0
Biomass_Herb,NW,NW_Bio_H2_CCS_99_Herb,NW_Bio_H2_CCS_99_Herb_biomass_edge,BECCSHydrogen{NaturalGas},UnidirectionalEdge{MacroEnergy.Biomass_Herb},existing_capacity,0.0
Biomass_Herb,SW,SW_Bio_H2_CCS_99_Herb,SW_Bio_H2_CCS_99_Herb_biomass_edge,BECCSHydrogen{NaturalGas},UnidirectionalEdge{MacroEnergy.Biomass_Herb},existing_capacity,0.0
Biomass_Herb,TX,TX_Bio_H2_CCS_99_Herb,TX_Bio_H2_CCS_99_Herb_biomass_edge,BECCSHydrogen{NaturalGas},UnidirectionalEdge{MacroEnergy.Biomass_Herb},existing_capacity,0.0
Biomass_Herb,NCEN,NCEN_Bio_H2_CCS_99_Herb,NCEN_Bio_H2_CCS_99_Herb_biomass_edge,BECCSHydrogen{NaturalGas},UnidirectionalEdge{MacroEnergy.Biomass_Herb},existing_capacity,0.0
Biomass_Herb,CEN,CEN_Bio_H2_CCS_99_Herb,CEN_Bio_H2_CCS_99_Herb_biomass_edge,BECCSHydrogen{NaturalGas},UnidirectionalEdge{MacroEnergy.Biomass_Herb},existing_capacity,0.0
Biomass_Herb,SE,SE_Bio_H2_CCS_99_Herb,SE_Bio_H2_CCS_99_Herb_biomass_edge,BECCSHydrogen{NaturalGas},UnidirectionalEdge{MacroEnergy.Biomass_Herb},existing_capacity,0.0
Biomass_Herb,MIDAT,MIDAT_Bio_H2_CCS_99_Herb,MIDAT_Bio_H2_CCS_99_Herb_biomass_edge,BECCSHydrogen{NaturalGas},UnidirectionalEdge{MacroEnergy.Biomass_Herb},existing_capacity,0.0
Biomass_Herb,NE,NE_Bio_H2_CCS_99_Herb,NE_Bio_H2_CCS_99_Herb_biomass_edge,BECCSHydrogen{NaturalGas},UnidirectionalEdge{MacroEnergy.Biomass_Herb},existing_capacity,0.0
Biomass_Wood,CA,CA_Bio_H2_CCS_99_Wood,CA_Bio_H2_CCS_99_Wood_biomass_edge,BECCSHydrogen{NaturalGas},UnidirectionalEdge{MacroEnergy.Biomass_Wood},existing_capacity,0.0
Biomass_Wood,NW,NW_Bio_H2_CCS_99_Wood,NW_Bio_H2_CCS_99_Wood_biomass_edge,BECCSHydrogen{NaturalGas},UnidirectionalEdge{MacroEnergy.Biomass_Wood},existing_capacity,0.0
Biomass_Wood,SW,SW_Bio_H2_CCS_99_Wood,SW_Bio_H2_CCS_99_Wood_biomass_edge,BECCSHydrogen{NaturalGas},UnidirectionalEdge{MacroEnergy.Biomass_Wood},existing_capacity,0.0
Biomass_Wood,TX,TX_Bio_H2_CCS_99_Wood,TX_Bio_H2_CCS_99_Wood_biomass_edge,BECCSHydrogen{NaturalGas},UnidirectionalEdge{MacroEnergy.Biomass_Wood},existing_capacity,0.0
Biomass_Wood,NCEN,NCEN_Bio_H2_CCS_99_Wood,NCEN_Bio_H2_CCS_99_Wood_biomass_edge,BECCSHydrogen{NaturalGas},UnidirectionalEdge{MacroEnergy.Biomass_Wood},existing_capacity,0.0
Biomass_Wood,CEN,CEN_Bio_H2_CCS_99_Wood,CEN_Bio_H2_CCS_99_Wood_biomass_edge,BECCSHydrogen{NaturalGas},UnidirectionalEdge{MacroEnergy.Biomass_Wood},existing_capacity,0.0
Biomass_Wood,SE,SE_Bio_H2_CCS_99_Wood,SE_Bio_H2_CCS_99_Wood_biomass_edge,BECCSHydrogen{NaturalGas},UnidirectionalEdge{MacroEnergy.Biomass_Wood},existing_capacity,0.0
Biomass_Wood,MIDAT,MIDAT_Bio_H2_CCS_99_Wood,MIDAT_Bio_H2_CCS_99_Wood_biomass_edge,BECCSHydrogen{NaturalGas},UnidirectionalEdge{MacroEnergy.Biomass_Wood},existing_capacity,0.0
Biomass_Wood,NE,NE_Bio_H2_CCS_99_Wood,NE_Bio_H2_CCS_99_Wood_biomass_edge,BECCSHydrogen{NaturalGas},UnidirectionalEdge{MacroEnergy.Biomass_Wood},existing_capacity,0.0
Biomass_Agri,CA,CA_Bio_H2_CCS_99_Agri,CA_Bio_H2_CCS_99_Agri_biomass_edge,BECCSHydrogen{NaturalGas},UnidirectionalEdge{MacroEnergy.Biomass_Agri},existing_capacity,0.0
Biomass_Agri,NW,NW_Bio_H2_CCS_99_Agri,NW_Bio_H2_CCS_99_Agri_biomass_edge,BECCSHydrogen{NaturalGas},UnidirectionalEdge{MacroEnergy.Biomass_Agri},existing_capacity,0.0
Biomass_Agri,SW,SW_Bio_H2_CCS_99_Agri,SW_Bio_H2_CCS_99_Agri_biomass_edge,BECCSHydrogen{NaturalGas},UnidirectionalEdge{MacroEnergy.Biomass_Agri},existing_capacity,0.0
Biomass_Agri,TX,TX_Bio_H2_CCS_99_Agri,TX_Bio_H2_CCS_99_Agri_biomass_edge,BECCSHydrogen{NaturalGas},UnidirectionalEdge{MacroEnergy.Biomass_Agri},existing_capacity,0.0
Biomass_Agri,NCEN,NCEN_Bio_H2_CCS_99_Agri,NCEN_Bio_H2_CCS_99_Agri_biomass_edge,BECCSHydrogen{NaturalGas},UnidirectionalEdge{MacroEnergy.Biomass_Agri},existing_capacity,0.0
Biomass_Agri,CEN,CEN_Bio_H2_CCS_99_Agri,CEN_Bio_H2_CCS_99_Agri_biomass_edge,BECCSHydrogen{NaturalGas},UnidirectionalEdge{MacroEnergy.Biomass_Agri},existing_capacity,0.0
Biomass_Agri,SE,SE_Bio_H2_CCS_99_Agri,SE_Bio_H2_CCS_99_Agri_biomass_edge,BECCSHydrogen{NaturalGas},UnidirectionalEdge{MacroEnergy.Biomass_Agri},existing_capacity,0.0
Biomass_Agri,MIDAT,MIDAT_Bio_H2_CCS_99_Agri,MIDAT_Bio_H2_CCS_99_Agri_biomass_edge,BECCSHydrogen{NaturalGas},UnidirectionalEdge{MacroEnergy.Biomass_Agri},existing_capacity,0.0
Biomass_Agri,NE,NE_Bio_H2_CCS_99_Agri,NE_Bio_H2_CCS_99_Agri_biomass_edge,BECCSHydrogen{NaturalGas},UnidirectionalEdge{MacroEnergy.Biomass_Agri},existing_capacity,0.0
Biomass_Herb,CA,CA_Gasoline_Gasification_Non_CCS_Herb,CA_Gasoline_Gasification_Non_CCS_Herb_biomass_edge,BECCSLiquidFuels,UnidirectionalEdge{MacroEnergy.Biomass_Herb},existing_capacity,0.0
Biomass_Herb,NW,NW_Gasoline_Gasification_Non_CCS_Herb,NW_Gasoline_Gasification_Non_CCS_Herb_biomass_edge,BECCSLiquidFuels,UnidirectionalEdge{MacroEnergy.Biomass_Herb},existing_capacity,0.0
Biomass_Herb,SW,SW_Gasoline_Gasification_Non_CCS_Herb,SW_Gasoline_Gasification_Non_CCS_Herb_biomass_edge,BECCSLiquidFuels,UnidirectionalEdge{MacroEnergy.Biomass_Herb},existing_capacity,0.0
Biomass_Herb,TX,TX_Gasoline_Gasification_Non_CCS_Herb,TX_Gasoline_Gasification_Non_CCS_Herb_biomass_edge,BECCSLiquidFuels,UnidirectionalEdge{MacroEnergy.Biomass_Herb},existing_capacity,0.0
Biomass_Herb,NCEN,NCEN_Gasoline_Gasification_Non_CCS_Herb,NCEN_Gasoline_Gasification_Non_CCS_Herb_biomass_edge,BECCSLiquidFuels,UnidirectionalEdge{MacroEnergy.Biomass_Herb},existing_capacity,0.0
Biomass_Herb,CEN,CEN_Gasoline_Gasification_Non_CCS_Herb,CEN_Gasoline_Gasification_Non_CCS_Herb_biomass_edge,BECCSLiquidFuels,UnidirectionalEdge{MacroEnergy.Biomass_Herb},existing_capacity,0.0
Biomass_Herb,SE,SE_Gasoline_Gasification_Non_CCS_Herb,SE_Gasoline_Gasification_Non_CCS_Herb_biomass_edge,BECCSLiquidFuels,UnidirectionalEdge{MacroEnergy.Biomass_Herb},existing_capacity,0.0
Biomass_Herb,MIDAT,MIDAT_Gasoline_Gasification_Non_CCS_Herb,MIDAT_Gasoline_Gasification_Non_CCS_Herb_biomass_edge,BECCSLiquidFuels,UnidirectionalEdge{MacroEnergy.Biomass_Herb},existing_capacity,0.0
Biomass_Herb,NE,NE_Gasoline_Gasification_Non_CCS_Herb,NE_Gasoline_Gasification_Non_CCS_Herb_biomass_edge,BECCSLiquidFuels,UnidirectionalEdge{MacroEnergy.Biomass_Herb},existing_capacity,0.0
Biomass_Wood,CA,CA_Gasoline_Gasification_Non_CCS_Wood,CA_Gasoline_Gasification_Non_CCS_Wood_biomass_edge,BECCSLiquidFuels,UnidirectionalEdge{MacroEnergy.Biomass_Wood},existing_capacity,0.0
Biomass_Wood,NW,NW_Gasoline_Gasification_Non_CCS_Wood,NW_Gasoline_Gasification_Non_CCS_Wood_biomass_edge,BECCSLiquidFuels,UnidirectionalEdge{MacroEnergy.Biomass_Wood},existing_capacity,0.0
Biomass_Wood,SW,SW_Gasoline_Gasification_Non_CCS_Wood,SW_Gasoline_Gasification_Non_CCS_Wood_biomass_edge,BECCSLiquidFuels,UnidirectionalEdge{MacroEnergy.Biomass_Wood},existing_capacity,0.0
Biomass_Wood,TX,TX_Gasoline_Gasification_Non_CCS_Wood,TX_Gasoline_Gasification_Non_CCS_Wood_biomass_edge,BECCSLiquidFuels,UnidirectionalEdge{MacroEnergy.Biomass_Wood},existing_capacity,0.0
Biomass_Wood,NCEN,NCEN_Gasoline_Gasification_Non_CCS_Wood,NCEN_Gasoline_Gasification_Non_CCS_Wood_biomass_edge,BECCSLiquidFuels,UnidirectionalEdge{MacroEnergy.Biomass_Wood},existing_capacity,0.0
Biomass_Wood,CEN,CEN_Gasoline_Gasification_Non_CCS_Wood,CEN_Gasoline_Gasification_Non_CCS_Wood_biomass_edge,BECCSLiquidFuels,UnidirectionalEdge{MacroEnergy.Biomass_Wood},existing_capacity,0.0
Biomass_Wood,SE,SE_Gasoline_Gasification_Non_CCS_Wood,SE_Gasoline_Gasification_Non_CCS_Wood_biomass_edge,BECCSLiquidFuels,UnidirectionalEdge{MacroEnergy.Biomass_Wood},existing_capacity,0.0
Biomass_Wood,MIDAT,MIDAT_Gasoline_Gasification_Non_CCS_Wood,MIDAT_Gasoline_Gasification_Non_CCS_Wood_biomass_edge,BECCSLiquidFuels,UnidirectionalEdge{MacroEnergy.Biomass_Wood},existing_capacity,0.0
Biomass_Wood,NE,NE_Gasoline_Gasification_Non_CCS_Wood,NE_Gasoline_Gasification_Non_CCS_Wood_biomass_edge,BECCSLiquidFuels,UnidirectionalEdge{MacroEnergy.Biomass_Wood},existing_capacity,0.0
Biomass_Agri,CA,CA_Gasoline_Gasification_Non_CCS_Agri,CA_Gasoline_Gasification_Non_CCS_Agri_biomass_edge,BECCSLiquidFuels,UnidirectionalEdge{MacroEnergy.Biomass_Agri},existing_capacity,0.0
Biomass_Agri,NW,NW_Gasoline_Gasification_Non_CCS_Agri,NW_Gasoline_Gasification_Non_CCS_Agri_biomass_edge,BECCSLiquidFuels,UnidirectionalEdge{MacroEnergy.Biomass_Agri},existing_capacity,0.0
Biomass_Agri,SW,SW_Gasoline_Gasification_Non_CCS_Agri,SW_Gasoline_Gasification_Non_CCS_Agri_biomass_edge,BECCSLiquidFuels,UnidirectionalEdge{MacroEnergy.Biomass_Agri},existing_capacity,0.0
Biomass_Agri,TX,TX_Gasoline_Gasification_Non_CCS_Agri,TX_Gasoline_Gasification_Non_CCS_Agri_biomass_edge,BECCSLiquidFuels,UnidirectionalEdge{MacroEnergy.Biomass_Agri},existing_capacity,0.0
Biomass_Agri,NCEN,NCEN_Gasoline_Gasification_Non_CCS_Agri,NCEN_Gasoline_Gasification_Non_CCS_Agri_biomass_edge,BECCSLiquidFuels,UnidirectionalEdge{MacroEnergy.Biomass_Agri},existing_capacity,0.0
Biomass_Agri,CEN,CEN_Gasoline_Gasification_Non_CCS_Agri,CEN_Gasoline_Gasification_Non_CCS_Agri_biomass_edge,BECCSLiquidFuels,UnidirectionalEdge{MacroEnergy.Biomass_Agri},existing_capacity,0.0
Biomass_Agri,SE,SE_Gasoline_Gasification_Non_CCS_Agri,SE_Gasoline_Gasification_Non_CCS_Agri_biomass_edge,BECCSLiquidFuels,UnidirectionalEdge{MacroEnergy.Biomass_Agri},existing_capacity,0.0
Biomass_Agri,MIDAT,MIDAT_Gasoline_Gasification_Non_CCS_Agri,MIDAT_Gasoline_Gasification_Non_CCS_Agri_biomass_edge,BECCSLiquidFuels,UnidirectionalEdge{MacroEnergy.Biomass_Agri},existing_capacity,0.0
Biomass_Agri,NE,NE_Gasoline_Gasification_Non_CCS_Agri,NE_Gasoline_Gasification_Non_CCS_Agri_biomass_edge,BECCSLiquidFuels,UnidirectionalEdge{MacroEnergy.Biomass_Agri},existing_capacity,0.0
Biomass_Herb,CA,CA_Gasoline_Gasification_CCS_31_Herb,CA_Gasoline_Gasification_CCS_31_Herb_biomass_edge,BECCSLiquidFuels,UnidirectionalEdge{MacroEnergy.Biomass_Herb},existing_capacity,0.0
Biomass_Herb,NW,NW_Gasoline_Gasification_CCS_31_Herb,NW_Gasoline_Gasification_CCS_31_Herb_biomass_edge,BECCSLiquidFuels,UnidirectionalEdge{MacroEnergy.Biomass_Herb},existing_capacity,0.0
Biomass_Herb,SW,SW_Gasoline_Gasification_CCS_31_Herb,SW_Gasoline_Gasification_CCS_31_Herb_biomass_edge,BECCSLiquidFuels,UnidirectionalEdge{MacroEnergy.Biomass_Herb},existing_capacity,0.0
Biomass_Herb,TX,TX_Gasoline_Gasification_CCS_31_Herb,TX_Gasoline_Gasification_CCS_31_Herb_biomass_edge,BECCSLiquidFuels,UnidirectionalEdge{MacroEnergy.Biomass_Herb},existing_capacity,0.0
Biomass_Herb,NCEN,NCEN_Gasoline_Gasification_CCS_31_Herb,NCEN_Gasoline_Gasification_CCS_31_Herb_biomass_edge,BECCSLiquidFuels,UnidirectionalEdge{MacroEnergy.Biomass_Herb},existing_capacity,0.0
Biomass_Herb,CEN,CEN_Gasoline_Gasification_CCS_31_Herb,CEN_Gasoline_Gasification_CCS_31_Herb_biomass_edge,BECCSLiquidFuels,UnidirectionalEdge{MacroEnergy.Biomass_Herb},existing_capacity,0.0
Biomass_Herb,SE,SE_Gasoline_Gasification_CCS_31_Herb,SE_Gasoline_Gasification_CCS_31_Herb_biomass_edge,BECCSLiquidFuels,UnidirectionalEdge{MacroEnergy.Biomass_Herb},existing_capacity,0.0
Biomass_Herb,MIDAT,MIDAT_Gasoline_Gasification_CCS_31_Herb,MIDAT_Gasoline_Gasification_CCS_31_Herb_biomass_edge,BECCSLiquidFuels,UnidirectionalEdge{MacroEnergy.Biomass_Herb},existing_capacity,0.0
Biomass_Herb,NE,NE_Gasoline_Gasification_CCS_31_Herb,NE_Gasoline_Gasification_CCS_31_Herb_biomass_edge,BECCSLiquidFuels,UnidirectionalEdge{MacroEnergy.Biomass_Herb},existing_capacity,0.0
Biomass_Wood,CA,CA_Gasoline_Gasification_CCS_31_Wood,CA_Gasoline_Gasification_CCS_31_Wood_biomass_edge,BECCSLiquidFuels,UnidirectionalEdge{MacroEnergy.Biomass_Wood},existing_capacity,0.0
Biomass_Wood,NW,NW_Gasoline_Gasification_CCS_31_Wood,NW_Gasoline_Gasification_CCS_31_Wood_biomass_edge,BECCSLiquidFuels,UnidirectionalEdge{MacroEnergy.Biomass_Wood},existing_capacity,0.0
Biomass_Wood,SW,SW_Gasoline_Gasification_CCS_31_Wood,SW_Gasoline_Gasification_CCS_31_Wood_biomass_edge,BECCSLiquidFuels,UnidirectionalEdge{MacroEnergy.Biomass_Wood},existing_capacity,0.0
Biomass_Wood,TX,TX_Gasoline_Gasification_CCS_31_Wood,TX_Gasoline_Gasification_CCS_31_Wood_biomass_edge,BECCSLiquidFuels,UnidirectionalEdge{MacroEnergy.Biomass_Wood},existing_capacity,0.0
Biomass_Wood,NCEN,NCEN_Gasoline_Gasification_CCS_31_Wood,NCEN_Gasoline_Gasification_CCS_31_Wood_biomass_edge,BECCSLiquidFuels,UnidirectionalEdge{MacroEnergy.Biomass_Wood},existing_capacity,0.0
Biomass_Wood,CEN,CEN_Gasoline_Gasification_CCS_31_Wood,CEN_Gasoline_Gasification_CCS_31_Wood_biomass_edge,BECCSLiquidFuels,UnidirectionalEdge{MacroEnergy.Biomass_Wood},existing_capacity,0.0
Biomass_Wood,SE,SE_Gasoline_Gasification_CCS_31_Wood,SE_Gasoline_Gasification_CCS_31_Wood_biomass_edge,BECCSLiquidFuels,UnidirectionalEdge{MacroEnergy.Biomass_Wood},existing_capacity,0.0
Biomass_Wood,MIDAT,MIDAT_Gasoline_Gasification_CCS_31_Wood,MIDAT_Gasoline_Gasification_CCS_31_Wood_biomass_edge,BECCSLiquidFuels,UnidirectionalEdge{MacroEnergy.Biomass_Wood},existing_capacity,0.0
Biomass_Wood,NE,NE_Gasoline_Gasification_CCS_31_Wood,NE_Gasoline_Gasification_CCS_31_Wood_biomass_edge,BECCSLiquidFuels,UnidirectionalEdge{MacroEnergy.Biomass_Wood},existing_capacity,0.0
Biomass_Agri,CA,CA_Gasoline_Gasification_CCS_31_Agri,CA_Gasoline_Gasification_CCS_31_Agri_biomass_edge,BECCSLiquidFuels,UnidirectionalEdge{MacroEnergy.Biomass_Agri},existing_capacity,0.0
Biomass_Agri,NW,NW_Gasoline_Gasification_CCS_31_Agri,NW_Gasoline_Gasification_CCS_31_Agri_biomass_edge,BECCSLiquidFuels,UnidirectionalEdge{MacroEnergy.Biomass_Agri},existing_capacity,0.0
Biomass_Agri,SW,SW_Gasoline_Gasification_CCS_31_Agri,SW_Gasoline_Gasification_CCS_31_Agri_biomass_edge,BECCSLiquidFuels,UnidirectionalEdge{MacroEnergy.Biomass_Agri},existing_capacity,0.0
Biomass_Agri,TX,TX_Gasoline_Gasification_CCS_31_Agri,TX_Gasoline_Gasification_CCS_31_Agri_biomass_edge,BECCSLiquidFuels,UnidirectionalEdge{MacroEnergy.Biomass_Agri},existing_capacity,0.0
Biomass_Agri,NCEN,NCEN_Gasoline_Gasification_CCS_31_Agri,NCEN_Gasoline_Gasification_CCS_31_Agri_biomass_edge,BECCSLiquidFuels,UnidirectionalEdge{MacroEnergy.Biomass_Agri},existing_capacity,0.0
Biomass_Agri,CEN,CEN_Gasoline_Gasification_CCS_31_Agri,CEN_Gasoline_Gasification_CCS_31_Agri_biomass_edge,BECCSLiquidFuels,UnidirectionalEdge{MacroEnergy.Biomass_Agri},existing_capacity,0.0
Biomass_Agri,SE,SE_Gasoline_Gasification_CCS_31_Agri,SE_Gasoline_Gasification_CCS_31_Agri_biomass_edge,BECCSLiquidFuels,UnidirectionalEdge{MacroEnergy.Biomass_Agri},existing_capacity,0.0
Biomass_Agri,MIDAT,MIDAT_Gasoline_Gasification_CCS_31_Agri,MIDAT_Gasoline_Gasification_CCS_31_Agri_biomass_edge,BECCSLiquidFuels,UnidirectionalEdge{MacroEnergy.Biomass_Agri},existing_capacity,0.0
Biomass_Agri,NE,NE_Gasoline_Gasification_CCS_31_Agri,NE_Gasoline_Gasification_CCS_31_Agri_biomass_edge,BECCSLiquidFuels,UnidirectionalEdge{MacroEnergy.Biomass_Agri},existing_capacity,0.0
Biomass_Herb,CA,CA_Gasoline_Gasification_CCS_99_Herb,CA_Gasoline_Gasification_CCS_99_Herb_biomass_edge,BECCSLiquidFuels,UnidirectionalEdge{MacroEnergy.Biomass_Herb},existing_capacity,0.0
Biomass_Herb,NW,NW_Gasoline_Gasification_CCS_99_Herb,NW_Gasoline_Gasification_CCS_99_Herb_biomass_edge,BECCSLiquidFuels,UnidirectionalEdge{MacroEnergy.Biomass_Herb},existing_capacity,0.0
Biomass_Herb,SW,SW_Gasoline_Gasification_CCS_99_Herb,SW_Gasoline_Gasification_CCS_99_Herb_biomass_edge,BECCSLiquidFuels,UnidirectionalEdge{MacroEnergy.Biomass_Herb},existing_capacity,0.0
Biomass_Herb,TX,TX_Gasoline_Gasification_CCS_99_Herb,TX_Gasoline_Gasification_CCS_99_Herb_biomass_edge,BECCSLiquidFuels,UnidirectionalEdge{MacroEnergy.Biomass_Herb},existing_capacity,0.0
Biomass_Herb,NCEN,NCEN_Gasoline_Gasification_CCS_99_Herb,NCEN_Gasoline_Gasification_CCS_99_Herb_biomass_edge,BECCSLiquidFuels,UnidirectionalEdge{MacroEnergy.Biomass_Herb},existing_capacity,0.0
Biomass_Herb,CEN,CEN_Gasoline_Gasification_CCS_99_Herb,CEN_Gasoline_Gasification_CCS_99_Herb_biomass_edge,BECCSLiquidFuels,UnidirectionalEdge{MacroEnergy.Biomass_Herb},existing_capacity,0.0
Biomass_Herb,SE,SE_Gasoline_Gasification_CCS_99_Herb,SE_Gasoline_Gasification_CCS_99_Herb_biomass_edge,BECCSLiquidFuels,UnidirectionalEdge{MacroEnergy.Biomass_Herb},existing_capacity,0.0
Biomass_Herb,MIDAT,MIDAT_Gasoline_Gasification_CCS_99_Herb,MIDAT_Gasoline_Gasification_CCS_99_Herb_biomass_edge,BECCSLiquidFuels,UnidirectionalEdge{MacroEnergy.Biomass_Herb},existing_capacity,0.0
Biomass_Herb,NE,NE_Gasoline_Gasification_CCS_99_Herb,NE_Gasoline_Gasification_CCS_99_Herb_biomass_edge,BECCSLiquidFuels,UnidirectionalEdge{MacroEnergy.Biomass_Herb},existing_capacity,0.0
Biomass_Wood,CA,CA_Gasoline_Gasification_CCS_99_Wood,CA_Gasoline_Gasification_CCS_99_Wood_biomass_edge,BECCSLiquidFuels,UnidirectionalEdge{MacroEnergy.Biomass_Wood},existing_capacity,0.0
Biomass_Wood,NW,NW_Gasoline_Gasification_CCS_99_Wood,NW_Gasoline_Gasification_CCS_99_Wood_biomass_edge,BECCSLiquidFuels,UnidirectionalEdge{MacroEnergy.Biomass_Wood},existing_capacity,0.0
Biomass_Wood,SW,SW_Gasoline_Gasification_CCS_99_Wood,SW_Gasoline_Gasification_CCS_99_Wood_biomass_edge,BECCSLiquidFuels,UnidirectionalEdge{MacroEnergy.Biomass_Wood},existing_capacity,0.0
Biomass_Wood,TX,TX_Gasoline_Gasification_CCS_99_Wood,TX_Gasoline_Gasification_CCS_99_Wood_biomass_edge,BECCSLiquidFuels,UnidirectionalEdge{MacroEnergy.Biomass_Wood},existing_capacity,0.0
Biomass_Wood,NCEN,NCEN_Gasoline_Gasification_CCS_99_Wood,NCEN_Gasoline_Gasification_CCS_99_Wood_biomass_edge,BECCSLiquidFuels,UnidirectionalEdge{MacroEnergy.Biomass_Wood},existing_capacity,0.0
Biomass_Wood,CEN,CEN_Gasoline_Gasification_CCS_99_Wood,CEN_Gasoline_Gasification_CCS_99_Wood_biomass_edge,BECCSLiquidFuels,UnidirectionalEdge{MacroEnergy.Biomass_Wood},existing_capacity,0.0
Biomass_Wood,SE,SE_Gasoline_Gasification_CCS_99_Wood,SE_Gasoline_Gasification_CCS_99_Wood_biomass_edge,BECCSLiquidFuels,UnidirectionalEdge{MacroEnergy.Biomass_Wood},existing_capacity,0.0
Biomass_Wood,MIDAT,MIDAT_Gasoline_Gasification_CCS_99_Wood,MIDAT_Gasoline_Gasification_CCS_99_Wood_biomass_edge,BECCSLiquidFuels,UnidirectionalEdge{MacroEnergy.Biomass_Wood},existing_capacity,0.0
Biomass_Wood,NE,NE_Gasoline_Gasification_CCS_99_Wood,NE_Gasoline_Gasification_CCS_99_Wood_biomass_edge,BECCSLiquidFuels,UnidirectionalEdge{MacroEnergy.Biomass_Wood},existing_capacity,0.0
Biomass_Agri,CA,CA_Gasoline_Gasification_CCS_99_Agri,CA_Gasoline_Gasification_CCS_99_Agri_biomass_edge,BECCSLiquidFuels,UnidirectionalEdge{MacroEnergy.Biomass_Agri},existing_capacity,0.0
Biomass_Agri,NW,NW_Gasoline_Gasification_CCS_99_Agri,NW_Gasoline_Gasification_CCS_99_Agri_biomass_edge,BECCSLiquidFuels,UnidirectionalEdge{MacroEnergy.Biomass_Agri},existing_capacity,0.0
Biomass_Agri,SW,SW_Gasoline_Gasification_CCS_99_Agri,SW_Gasoline_Gasification_CCS_99_Agri_biomass_edge,BECCSLiquidFuels,UnidirectionalEdge{MacroEnergy.Biomass_Agri},existing_capacity,0.0
Biomass_Agri,TX,TX_Gasoline_Gasification_CCS_99_Agri,TX_Gasoline_Gasification_CCS_99_Agri_biomass_edge,BECCSLiquidFuels,UnidirectionalEdge{MacroEnergy.Biomass_Agri},existing_capacity,0.0
Biomass_Agri,NCEN,NCEN_Gasoline_Gasification_CCS_99_Agri,NCEN_Gasoline_Gasification_CCS_99_Agri_biomass_edge,BECCSLiquidFuels,UnidirectionalEdge{MacroEnergy.Biomass_Agri},existing_capacity,0.0
Biomass_Agri,CEN,CEN_Gasoline_Gasification_CCS_99_Agri,CEN_Gasoline_Gasification_CCS_99_Agri_biomass_edge,BECCSLiquidFuels,UnidirectionalEdge{MacroEnergy.Biomass_Agri},existing_capacity,0.0
Biomass_Agri,SE,SE_Gasoline_Gasification_CCS_99_Agri,SE_Gasoline_Gasification_CCS_99_Agri_biomass_edge,BECCSLiquidFuels,UnidirectionalEdge{MacroEnergy.Biomass_Agri},existing_capacity,0.0
Biomass_Agri,MIDAT,MIDAT_Gasoline_Gasification_CCS_99_Agri,MIDAT_Gasoline_Gasification_CCS_99_Agri_biomass_edge,BECCSLiquidFuels,UnidirectionalEdge{MacroEnergy.Biomass_Agri},existing_capacity,0.0
Biomass_Agri,NE,NE_Gasoline_Gasification_CCS_99_Agri,NE_Gasoline_Gasification_CCS_99_Agri_biomass_edge,BECCSLiquidFuels,UnidirectionalEdge{MacroEnergy.Biomass_Agri},existing_capacity,0.0
Biomass_Herb,CA,CA_FT_High_Diesel_Non_CCS_Herb,CA_FT_High_Diesel_Non_CCS_Herb_biomass_edge,BECCSLiquidFuels,UnidirectionalEdge{MacroEnergy.Biomass_Herb},existing_capacity,0.0
Biomass_Herb,NW,NW_FT_High_Diesel_Non_CCS_Herb,NW_FT_High_Diesel_Non_CCS_Herb_biomass_edge,BECCSLiquidFuels,UnidirectionalEdge{MacroEnergy.Biomass_Herb},existing_capacity,0.0
Biomass_Herb,SW,SW_FT_High_Diesel_Non_CCS_Herb,SW_FT_High_Diesel_Non_CCS_Herb_biomass_edge,BECCSLiquidFuels,UnidirectionalEdge{MacroEnergy.Biomass_Herb},existing_capacity,0.0
Biomass_Herb,TX,TX_FT_High_Diesel_Non_CCS_Herb,TX_FT_High_Diesel_Non_CCS_Herb_biomass_edge,BECCSLiquidFuels,UnidirectionalEdge{MacroEnergy.Biomass_Herb},existing_capacity,0.0
Biomass_Herb,NCEN,NCEN_FT_High_Diesel_Non_CCS_Herb,NCEN_FT_High_Diesel_Non_CCS_Herb_biomass_edge,BECCSLiquidFuels,UnidirectionalEdge{MacroEnergy.Biomass_Herb},existing_capacity,0.0
Biomass_Herb,CEN,CEN_FT_High_Diesel_Non_CCS_Herb,CEN_FT_High_Diesel_Non_CCS_Herb_biomass_edge,BECCSLiquidFuels,UnidirectionalEdge{MacroEnergy.Biomass_Herb},existing_capacity,0.0
Biomass_Herb,SE,SE_FT_High_Diesel_Non_CCS_Herb,SE_FT_High_Diesel_Non_CCS_Herb_biomass_edge,BECCSLiquidFuels,UnidirectionalEdge{MacroEnergy.Biomass_Herb},existing_capacity,0.0
Biomass_Herb,MIDAT,MIDAT_FT_High_Diesel_Non_CCS_Herb,MIDAT_FT_High_Diesel_Non_CCS_Herb_biomass_edge,BECCSLiquidFuels,UnidirectionalEdge{MacroEnergy.Biomass_Herb},existing_capacity,0.0
Biomass_Herb,NE,NE_FT_High_Diesel_Non_CCS_Herb,NE_FT_High_Diesel_Non_CCS_Herb_biomass_edge,BECCSLiquidFuels,UnidirectionalEdge{MacroEnergy.Biomass_Herb},existing_capacity,0.0
Biomass_Wood,CA,CA_FT_High_Diesel_Non_CCS_Wood,CA_FT_High_Diesel_Non_CCS_Wood_biomass_edge,BECCSLiquidFuels,UnidirectionalEdge{MacroEnergy.Biomass_Wood},existing_capacity,0.0
Biomass_Wood,NW,NW_FT_High_Diesel_Non_CCS_Wood,NW_FT_High_Diesel_Non_CCS_Wood_biomass_edge,BECCSLiquidFuels,UnidirectionalEdge{MacroEnergy.Biomass_Wood},existing_capacity,0.0
Biomass_Wood,SW,SW_FT_High_Diesel_Non_CCS_Wood,SW_FT_High_Diesel_Non_CCS_Wood_biomass_edge,BECCSLiquidFuels,UnidirectionalEdge{MacroEnergy.Biomass_Wood},existing_capacity,0.0
Biomass_Wood,TX,TX_FT_High_Diesel_Non_CCS_Wood,TX_FT_High_Diesel_Non_CCS_Wood_biomass_edge,BECCSLiquidFuels,UnidirectionalEdge{MacroEnergy.Biomass_Wood},existing_capacity,0.0
Biomass_Wood,NCEN,NCEN_FT_High_Diesel_Non_CCS_Wood,NCEN_FT_High_Diesel_Non_CCS_Wood_biomass_edge,BECCSLiquidFuels,UnidirectionalEdge{MacroEnergy.Biomass_Wood},existing_capacity,0.0
Biomass_Wood,CEN,CEN_FT_High_Diesel_Non_CCS_Wood,CEN_FT_High_Diesel_Non_CCS_Wood_biomass_edge,BECCSLiquidFuels,UnidirectionalEdge{MacroEnergy.Biomass_Wood},existing_capacity,0.0
Biomass_Wood,SE,SE_FT_High_Diesel_Non_CCS_Wood,SE_FT_High_Diesel_Non_CCS_Wood_biomass_edge,BECCSLiquidFuels,UnidirectionalEdge{MacroEnergy.Biomass_Wood},existing_capacity,0.0
Biomass_Wood,MIDAT,MIDAT_FT_High_Diesel_Non_CCS_Wood,MIDAT_FT_High_Diesel_Non_CCS_Wood_biomass_edge,BECCSLiquidFuels,UnidirectionalEdge{MacroEnergy.Biomass_Wood},existing_capacity,0.0
Biomass_Wood,NE,NE_FT_High_Diesel_Non_CCS_Wood,NE_FT_High_Diesel_Non_CCS_Wood_biomass_edge,BECCSLiquidFuels,UnidirectionalEdge{MacroEnergy.Biomass_Wood},existing_capacity,0.0
Biomass_Agri,CA,CA_FT_High_Diesel_Agri,CA_FT_High_Diesel_Agri_biomass_edge,BECCSLiquidFuels,UnidirectionalEdge{MacroEnergy.Biomass_Agri},existing_capacity,0.0
Biomass_Agri,NW,NW_FT_High_Diesel_Agri,NW_FT_High_Diesel_Agri_biomass_edge,BECCSLiquidFuels,UnidirectionalEdge{MacroEnergy.Biomass_Agri},existing_capacity,0.0
Biomass_Agri,SW,SW_FT_High_Diesel_Agri,SW_FT_High_Diesel_Agri_biomass_edge,BECCSLiquidFuels,UnidirectionalEdge{MacroEnergy.Biomass_Agri},existing_capacity,0.0
Biomass_Agri,TX,TX_FT_High_Diesel_Agri,TX_FT_High_Diesel_Agri_biomass_edge,BECCSLiquidFuels,UnidirectionalEdge{MacroEnergy.Biomass_Agri},existing_capacity,0.0
Biomass_Agri,NCEN,NCEN_FT_High_Diesel_Agri,NCEN_FT_High_Diesel_Agri_biomass_edge,BECCSLiquidFuels,UnidirectionalEdge{MacroEnergy.Biomass_Agri},existing_capacity,0.0
Biomass_Agri,CEN,CEN_FT_High_Diesel_Agri,CEN_FT_High_Diesel_Agri_biomass_edge,BECCSLiquidFuels,UnidirectionalEdge{MacroEnergy.Biomass_Agri},existing_capacity,0.0
Biomass_Agri,SE,SE_FT_High_Diesel_Agri,SE_FT_High_Diesel_Agri_biomass_edge,BECCSLiquidFuels,UnidirectionalEdge{MacroEnergy.Biomass_Agri},existing_capacity,0.0
Biomass_Agri,MIDAT,MIDAT_FT_High_Diesel_Agri,MIDAT_FT_High_Diesel_Agri_biomass_edge,BECCSLiquidFuels,UnidirectionalEdge{MacroEnergy.Biomass_Agri},existing_capacity,0.0
Biomass_Agri,NE,NE_FT_High_Diesel_Agri,NE_FT_High_Diesel_Agri_biomass_edge,BECCSLiquidFuels,UnidirectionalEdge{MacroEnergy.Biomass_Agri},existing_capacity,0.0
Biomass_Herb,CA,CA_FT_High_Diesel_CCS_53_Herb,CA_FT_High_Diesel_CCS_53_Herb_biomass_edge,BECCSLiquidFuels,UnidirectionalEdge{MacroEnergy.Biomass_Herb},existing_capacity,0.0
Biomass_Herb,NW,NW_FT_High_Diesel_CCS_53_Herb,NW_FT_High_Diesel_CCS_53_Herb_biomass_edge,BECCSLiquidFuels,UnidirectionalEdge{MacroEnergy.Biomass_Herb},existing_capacity,0.0
Biomass_Herb,SW,SW_FT_High_Diesel_CCS_53_Herb,SW_FT_High_Diesel_CCS_53_Herb_biomass_edge,BECCSLiquidFuels,UnidirectionalEdge{MacroEnergy.Biomass_Herb},existing_capacity,0.0
Biomass_Herb,TX,TX_FT_High_Diesel_CCS_53_Herb,TX_FT_High_Diesel_CCS_53_Herb_biomass_edge,BECCSLiquidFuels,UnidirectionalEdge{MacroEnergy.Biomass_Herb},existing_capacity,0.0
Biomass_Herb,NCEN,NCEN_FT_High_Diesel_CCS_53_Herb,NCEN_FT_High_Diesel_CCS_53_Herb_biomass_edge,BECCSLiquidFuels,UnidirectionalEdge{MacroEnergy.Biomass_Herb},existing_capacity,0.0
Biomass_Herb,CEN,CEN_FT_High_Diesel_CCS_53_Herb,CEN_FT_High_Diesel_CCS_53_Herb_biomass_edge,BECCSLiquidFuels,UnidirectionalEdge{MacroEnergy.Biomass_Herb},existing_capacity,0.0
Biomass_Herb,SE,SE_FT_High_Diesel_CCS_53_Herb,SE_FT_High_Diesel_CCS_53_Herb_biomass_edge,BECCSLiquidFuels,UnidirectionalEdge{MacroEnergy.Biomass_Herb},existing_capacity,0.0
Biomass_Herb,MIDAT,MIDAT_FT_High_Diesel_CCS_53_Herb,MIDAT_FT_High_Diesel_CCS_53_Herb_biomass_edge,BECCSLiquidFuels,UnidirectionalEdge{MacroEnergy.Biomass_Herb},existing_capacity,0.0
Biomass_Herb,NE,NE_FT_High_Diesel_CCS_53_Herb,NE_FT_High_Diesel_CCS_53_Herb_biomass_edge,BECCSLiquidFuels,UnidirectionalEdge{MacroEnergy.Biomass_Herb},existing_capacity,0.0
Biomass_Wood,CA,CA_FT_High_Diesel_CCS_53_Wood,CA_FT_High_Diesel_CCS_53_Wood_biomass_edge,BECCSLiquidFuels,UnidirectionalEdge{MacroEnergy.Biomass_Wood},existing_capacity,0.0
Biomass_Wood,NW,NW_FT_High_Diesel_CCS_53_Wood,NW_FT_High_Diesel_CCS_53_Wood_biomass_edge,BECCSLiquidFuels,UnidirectionalEdge{MacroEnergy.Biomass_Wood},existing_capacity,0.0
Biomass_Wood,SW,SW_FT_High_Diesel_CCS_53_Wood,SW_FT_High_Diesel_CCS_53_Wood_biomass_edge,BECCSLiquidFuels,UnidirectionalEdge{MacroEnergy.Biomass_Wood},existing_capacity,0.0
Biomass_Wood,TX,TX_FT_High_Diesel_CCS_53_Wood,TX_FT_High_Diesel_CCS_53_Wood_biomass_edge,BECCSLiquidFuels,UnidirectionalEdge{MacroEnergy.Biomass_Wood},existing_capacity,0.0
Biomass_Wood,NCEN,NCEN_FT_High_Diesel_CCS_53_Wood,NCEN_FT_High_Diesel_CCS_53_Wood_biomass_edge,BECCSLiquidFuels,UnidirectionalEdge{MacroEnergy.Biomass_Wood},existing_capacity,0.0
Biomass_Wood,CEN,CEN_FT_High_Diesel_CCS_53_Wood,CEN_FT_High_Diesel_CCS_53_Wood_biomass_edge,BECCSLiquidFuels,UnidirectionalEdge{MacroEnergy.Biomass_Wood},existing_capacity,0.0
Biomass_Wood,SE,SE_FT_High_Diesel_CCS_53_Wood,SE_FT_High_Diesel_CCS_53_Wood_biomass_edge,BECCSLiquidFuels,UnidirectionalEdge{MacroEnergy.Biomass_Wood},existing_capacity,0.0
Biomass_Wood,MIDAT,MIDAT_FT_High_Diesel_CCS_53_Wood,MIDAT_FT_High_Diesel_CCS_53_Wood_biomass_edge,BECCSLiquidFuels,UnidirectionalEdge{MacroEnergy.Biomass_Wood},existing_capacity,0.0
Biomass_Wood,NE,NE_FT_High_Diesel_CCS_53_Wood,NE_FT_High_Diesel_CCS_53_Wood_biomass_edge,BECCSLiquidFuels,UnidirectionalEdge{MacroEnergy.Biomass_Wood},existing_capacity,0.0
Biomass_Agri,CA,CA_FT_High_Diesel_CCS_53_Agri,CA_FT_High_Diesel_CCS_53_Agri_biomass_edge,BECCSLiquidFuels,UnidirectionalEdge{MacroEnergy.Biomass_Agri},existing_capacity,0.0
Biomass_Agri,NW,NW_FT_High_Diesel_CCS_53_Agri,NW_FT_High_Diesel_CCS_53_Agri_biomass_edge,BECCSLiquidFuels,UnidirectionalEdge{MacroEnergy.Biomass_Agri},existing_capacity,0.0
Biomass_Agri,SW,SW_FT_High_Diesel_CCS_53_Agri,SW_FT_High_Diesel_CCS_53_Agri_biomass_edge,BECCSLiquidFuels,UnidirectionalEdge{MacroEnergy.Biomass_Agri},existing_capacity,0.0
Biomass_Agri,TX,TX_FT_High_Diesel_CCS_53_Agri,TX_FT_High_Diesel_CCS_53_Agri_biomass_edge,BECCSLiquidFuels,UnidirectionalEdge{MacroEnergy.Biomass_Agri},existing_capacity,0.0
Biomass_Agri,NCEN,NCEN_FT_High_Diesel_CCS_53_Agri,NCEN_FT_High_Diesel_CCS_53_Agri_biomass_edge,BECCSLiquidFuels,UnidirectionalEdge{MacroEnergy.Biomass_Agri},existing_capacity,0.0
Biomass_Agri,CEN,CEN_FT_High_Diesel_CCS_53_Agri,CEN_FT_High_Diesel_CCS_53_Agri_biomass_edge,BECCSLiquidFuels,UnidirectionalEdge{MacroEnergy.Biomass_Agri},existing_capacity,0.0
Biomass_Agri,SE,SE_FT_High_Diesel_CCS_53_Agri,SE_FT_High_Diesel_CCS_53_Agri_biomass_edge,BECCSLiquidFuels,UnidirectionalEdge{MacroEnergy.Biomass_Agri},existing_capacity,0.0
Biomass_Agri,MIDAT,MIDAT_FT_High_Diesel_CCS_53_Agri,MIDAT_FT_High_Diesel_CCS_53_Agri_biomass_edge,BECCSLiquidFuels,UnidirectionalEdge{MacroEnergy.Biomass_Agri},existing_capacity,0.0
Biomass_Agri,NE,NE_FT_High_Diesel_CCS_53_Agri,NE_FT_High_Diesel_CCS_53_Agri_biomass_edge,BECCSLiquidFuels,UnidirectionalEdge{MacroEnergy.Biomass_Agri},existing_capacity,0.0
Biomass_Herb,CA,CA_FT_High_Diesel_CCS_99_Herb,CA_FT_High_Diesel_CCS_99_Herb_biomass_edge,BECCSLiquidFuels,UnidirectionalEdge{MacroEnergy.Biomass_Herb},existing_capacity,0.0
Biomass_Herb,NW,NW_FT_High_Diesel_CCS_99_Herb,NW_FT_High_Diesel_CCS_99_Herb_biomass_edge,BECCSLiquidFuels,UnidirectionalEdge{MacroEnergy.Biomass_Herb},existing_capacity,0.0
Biomass_Herb,SW,SW_FT_High_Diesel_CCS_99_Herb,SW_FT_High_Diesel_CCS_99_Herb_biomass_edge,BECCSLiquidFuels,UnidirectionalEdge{MacroEnergy.Biomass_Herb},existing_capacity,0.0
Biomass_Herb,TX,TX_FT_High_Diesel_CCS_99_Herb,TX_FT_High_Diesel_CCS_99_Herb_biomass_edge,BECCSLiquidFuels,UnidirectionalEdge{MacroEnergy.Biomass_Herb},existing_capacity,0.0
Biomass_Herb,NCEN,NCEN_FT_High_Diesel_CCS_99_Herb,NCEN_FT_High_Diesel_CCS_99_Herb_biomass_edge,BECCSLiquidFuels,UnidirectionalEdge{MacroEnergy.Biomass_Herb},existing_capacity,0.0
Biomass_Herb,CEN,CEN_FT_High_Diesel_CCS_99_Herb,CEN_FT_High_Diesel_CCS_99_Herb_biomass_edge,BECCSLiquidFuels,UnidirectionalEdge{MacroEnergy.Biomass_Herb},existing_capacity,0.0
Biomass_Herb,SE,SE_FT_High_Diesel_CCS_99_Herb,SE_FT_High_Diesel_CCS_99_Herb_biomass_edge,BECCSLiquidFuels,UnidirectionalEdge{MacroEnergy.Biomass_Herb},existing_capacity,0.0
Biomass_Herb,MIDAT,MIDAT_FT_High_Diesel_CCS_99_Herb,MIDAT_FT_High_Diesel_CCS_99_Herb_biomass_edge,BECCSLiquidFuels,UnidirectionalEdge{MacroEnergy.Biomass_Herb},existing_capacity,0.0
Biomass_Herb,NE,NE_FT_High_Diesel_CCS_99_Herb,NE_FT_High_Diesel_CCS_99_Herb_biomass_edge,BECCSLiquidFuels,UnidirectionalEdge{MacroEnergy.Biomass_Herb},existing_capacity,0.0
Biomass_Wood,CA,CA_FT_High_Diesel_CCS_99_Wood,CA_FT_High_Diesel_CCS_99_Wood_biomass_edge,BECCSLiquidFuels,UnidirectionalEdge{MacroEnergy.Biomass_Wood},existing_capacity,0.0
Biomass_Wood,NW,NW_FT_High_Diesel_CCS_99_Wood,NW_FT_High_Diesel_CCS_99_Wood_biomass_edge,BECCSLiquidFuels,UnidirectionalEdge{MacroEnergy.Biomass_Wood},existing_capacity,0.0
Biomass_Wood,SW,SW_FT_High_Diesel_CCS_99_Wood,SW_FT_High_Diesel_CCS_99_Wood_biomass_edge,BECCSLiquidFuels,UnidirectionalEdge{MacroEnergy.Biomass_Wood},existing_capacity,0.0
Biomass_Wood,TX,TX_FT_High_Diesel_CCS_99_Wood,TX_FT_High_Diesel_CCS_99_Wood_biomass_edge,BECCSLiquidFuels,UnidirectionalEdge{MacroEnergy.Biomass_Wood},existing_capacity,0.0
Biomass_Wood,NCEN,NCEN_FT_High_Diesel_CCS_99_Wood,NCEN_FT_High_Diesel_CCS_99_Wood_biomass_edge,BECCSLiquidFuels,UnidirectionalEdge{MacroEnergy.Biomass_Wood},existing_capacity,0.0
Biomass_Wood,CEN,CEN_FT_High_Diesel_CCS_99_Wood,CEN_FT_High_Diesel_CCS_99_Wood_biomass_edge,BECCSLiquidFuels,UnidirectionalEdge{MacroEnergy.Biomass_Wood},existing_capacity,0.0
Biomass_Wood,SE,SE_FT_High_Diesel_CCS_99_Wood,SE_FT_High_Diesel_CCS_99_Wood_biomass_edge,BECCSLiquidFuels,UnidirectionalEdge{MacroEnergy.Biomass_Wood},existing_capacity,0.0
Biomass_Wood,MIDAT,MIDAT_FT_High_Diesel_CCS_99_Wood,MIDAT_FT_High_Diesel_CCS_99_Wood_biomass_edge,BECCSLiquidFuels,UnidirectionalEdge{MacroEnergy.Biomass_Wood},existing_capacity,0.0
Biomass_Wood,NE,NE_FT_High_Diesel_CCS_99_Wood,NE_FT_High_Diesel_CCS_99_Wood_biomass_edge,BECCSLiquidFuels,UnidirectionalEdge{MacroEnergy.Biomass_Wood},existing_capacity,0.0
Biomass_Agri,CA,CA_FT_High_Diesel_CCS_99_Agri,CA_FT_High_Diesel_CCS_99_Agri_biomass_edge,BECCSLiquidFuels,UnidirectionalEdge{MacroEnergy.Biomass_Agri},existing_capacity,0.0
Biomass_Agri,NW,NW_FT_High_Diesel_CCS_99_Agri,NW_FT_High_Diesel_CCS_99_Agri_biomass_edge,BECCSLiquidFuels,UnidirectionalEdge{MacroEnergy.Biomass_Agri},existing_capacity,0.0
Biomass_Agri,SW,SW_FT_High_Diesel_CCS_99_Agri,SW_FT_High_Diesel_CCS_99_Agri_biomass_edge,BECCSLiquidFuels,UnidirectionalEdge{MacroEnergy.Biomass_Agri},existing_capacity,0.0
Biomass_Agri,TX,TX_FT_High_Diesel_CCS_99_Agri,TX_FT_High_Diesel_CCS_99_Agri_biomass_edge,BECCSLiquidFuels,UnidirectionalEdge{MacroEnergy.Biomass_Agri},existing_capacity,0.0
Biomass_Agri,NCEN,NCEN_FT_High_Diesel_CCS_99_Agri,NCEN_FT_High_Diesel_CCS_99_Agri_biomass_edge,BECCSLiquidFuels,UnidirectionalEdge{MacroEnergy.Biomass_Agri},existing_capacity,0.0
Biomass_Agri,CEN,CEN_FT_High_Diesel_CCS_99_Agri,CEN_FT_High_Diesel_CCS_99_Agri_biomass_edge,BECCSLiquidFuels,UnidirectionalEdge{MacroEnergy.Biomass_Agri},existing_capacity,0.0
Biomass_Agri,SE,SE_FT_High_Diesel_CCS_99_Agri,SE_FT_High_Diesel_CCS_99_Agri_biomass_edge,BECCSLiquidFuels,UnidirectionalEdge{MacroEnergy.Biomass_Agri},existing_capacity,0.0
Biomass_Agri,MIDAT,MIDAT_FT_High_Diesel_CCS_99_Agri,MIDAT_FT_High_Diesel_CCS_99_Agri_biomass_edge,BECCSLiquidFuels,UnidirectionalEdge{MacroEnergy.Biomass_Agri},existing_capacity,0.0
Biomass_Agri,NE,NE_FT_High_Diesel_CCS_99_Agri,NE_FT_High_Diesel_CCS_99_Agri_biomass_edge,BECCSLiquidFuels,UnidirectionalEdge{MacroEnergy.Biomass_Agri},existing_capacity,0.0
Biomass_Herb,CA,CA_FT_High_Jetfuel_CCS_75_Herb,CA_FT_High_Jetfuel_CCS_75_Herb_biomass_edge,BECCSLiquidFuels,UnidirectionalEdge{MacroEnergy.Biomass_Herb},existing_capacity,0.0
Biomass_Herb,NW,NW_FT_High_Jetfuel_CCS_75_Herb,NW_FT_High_Jetfuel_CCS_75_Herb_biomass_edge,BECCSLiquidFuels,UnidirectionalEdge{MacroEnergy.Biomass_Herb},existing_capacity,0.0
Biomass_Herb,SW,SW_FT_High_Jetfuel_CCS_75_Herb,SW_FT_High_Jetfuel_CCS_75_Herb_biomass_edge,BECCSLiquidFuels,UnidirectionalEdge{MacroEnergy.Biomass_Herb},existing_capacity,0.0
Biomass_Herb,TX,TX_FT_High_Jetfuel_CCS_75_Herb,TX_FT_High_Jetfuel_CCS_75_Herb_biomass_edge,BECCSLiquidFuels,UnidirectionalEdge{MacroEnergy.Biomass_Herb},existing_capacity,0.0
Biomass_Herb,NCEN,NCEN_FT_High_Jetfuel_CCS_75_Herb,NCEN_FT_High_Jetfuel_CCS_75_Herb_biomass_edge,BECCSLiquidFuels,UnidirectionalEdge{MacroEnergy.Biomass_Herb},existing_capacity,0.0
Biomass_Herb,CEN,CEN_FT_High_Jetfuel_CCS_75_Herb,CEN_FT_High_Jetfuel_CCS_75_Herb_biomass_edge,BECCSLiquidFuels,UnidirectionalEdge{MacroEnergy.Biomass_Herb},existing_capacity,0.0
Biomass_Herb,SE,SE_FT_High_Jetfuel_CCS_75_Herb,SE_FT_High_Jetfuel_CCS_75_Herb_biomass_edge,BECCSLiquidFuels,UnidirectionalEdge{MacroEnergy.Biomass_Herb},existing_capacity,0.0
Biomass_Herb,MIDAT,MIDAT_FT_High_Jetfuel_CCS_75_Herb,MIDAT_FT_High_Jetfuel_CCS_75_Herb_biomass_edge,BECCSLiquidFuels,UnidirectionalEdge{MacroEnergy.Biomass_Herb},existing_capacity,0.0
Biomass_Herb,NE,NE_FT_High_Jetfuel_CCS_75_Herb,NE_FT_High_Jetfuel_CCS_75_Herb_biomass_edge,BECCSLiquidFuels,UnidirectionalEdge{MacroEnergy.Biomass_Herb},existing_capacity,0.0
Biomass_Wood,CA,CA_FT_High_Jetfuel_CCS_75_Wood,CA_FT_High_Jetfuel_CCS_75_Wood_biomass_edge,BECCSLiquidFuels,UnidirectionalEdge{MacroEnergy.Biomass_Wood},existing_capacity,0.0
Biomass_Wood,NW,NW_FT_High_Jetfuel_CCS_75_Wood,NW_FT_High_Jetfuel_CCS_75_Wood_biomass_edge,BECCSLiquidFuels,UnidirectionalEdge{MacroEnergy.Biomass_Wood},existing_capacity,0.0
Biomass_Wood,SW,SW_FT_High_Jetfuel_CCS_75_Wood,SW_FT_High_Jetfuel_CCS_75_Wood_biomass_edge,BECCSLiquidFuels,UnidirectionalEdge{MacroEnergy.Biomass_Wood},existing_capacity,0.0
Biomass_Wood,TX,TX_FT_High_Jetfuel_CCS_75_Wood,TX_FT_High_Jetfuel_CCS_75_Wood_biomass_edge,BECCSLiquidFuels,UnidirectionalEdge{MacroEnergy.Biomass_Wood},existing_capacity,0.0
Biomass_Wood,NCEN,NCEN_FT_High_Jetfuel_CCS_75_Wood,NCEN_FT_High_Jetfuel_CCS_75_Wood_biomass_edge,BECCSLiquidFuels,UnidirectionalEdge{MacroEnergy.Biomass_Wood},existing_capacity,0.0
Biomass_Wood,CEN,CEN_FT_High_Jetfuel_CCS_75_Wood,CEN_FT_High_Jetfuel_CCS_75_Wood_biomass_edge,BECCSLiquidFuels,UnidirectionalEdge{MacroEnergy.Biomass_Wood},existing_capacity,0.0
Biomass_Wood,SE,SE_FT_High_Jetfuel_CCS_75_Wood,SE_FT_High_Jetfuel_CCS_75_Wood_biomass_edge,BECCSLiquidFuels,UnidirectionalEdge{MacroEnergy.Biomass_Wood},existing_capacity,0.0
Biomass_Wood,MIDAT,MIDAT_FT_High_Jetfuel_CCS_75_Wood,MIDAT_FT_High_Jetfuel_CCS_75_Wood_biomass_edge,BECCSLiquidFuels,UnidirectionalEdge{MacroEnergy.Biomass_Wood},existing_capacity,0.0
Biomass_Wood,NE,NE_FT_High_Jetfuel_CCS_75_Wood,NE_FT_High_Jetfuel_CCS_75_Wood_biomass_edge,BECCSLiquidFuels,UnidirectionalEdge{MacroEnergy.Biomass_Wood},existing_capacity,0.0
Biomass_Agri,CA,CA_FT_High_Jetfuel_CCS_75_Agri,CA_FT_High_Jetfuel_CCS_75_Agri_biomass_edge,BECCSLiquidFuels,UnidirectionalEdge{MacroEnergy.Biomass_Agri},existing_capacity,0.0
Biomass_Agri,NW,NW_FT_High_Jetfuel_CCS_75_Agri,NW_FT_High_Jetfuel_CCS_75_Agri_biomass_edge,BECCSLiquidFuels,UnidirectionalEdge{MacroEnergy.Biomass_Agri},existing_capacity,0.0
Biomass_Agri,SW,SW_FT_High_Jetfuel_CCS_75_Agri,SW_FT_High_Jetfuel_CCS_75_Agri_biomass_edge,BECCSLiquidFuels,UnidirectionalEdge{MacroEnergy.Biomass_Agri},existing_capacity,0.0
Biomass_Agri,TX,TX_FT_High_Jetfuel_CCS_75_Agri,TX_FT_High_Jetfuel_CCS_75_Agri_biomass_edge,BECCSLiquidFuels,UnidirectionalEdge{MacroEnergy.Biomass_Agri},existing_capacity,0.0
Biomass_Agri,NCEN,NCEN_FT_High_Jetfuel_CCS_75_Agri,NCEN_FT_High_Jetfuel_CCS_75_Agri_biomass_edge,BECCSLiquidFuels,UnidirectionalEdge{MacroEnergy.Biomass_Agri},existing_capacity,0.0
Biomass_Agri,CEN,CEN_FT_High_Jetfuel_CCS_75_Agri,CEN_FT_High_Jetfuel_CCS_75_Agri_biomass_edge,BECCSLiquidFuels,UnidirectionalEdge{MacroEnergy.Biomass_Agri},existing_capacity,0.0
Biomass_Agri,SE,SE_FT_High_Jetfuel_CCS_75_Agri,SE_FT_High_Jetfuel_CCS_75_Agri_biomass_edge,BECCSLiquidFuels,UnidirectionalEdge{MacroEnergy.Biomass_Agri},existing_capacity,0.0
Biomass_Agri,MIDAT,MIDAT_FT_High_Jetfuel_CCS_75_Agri,MIDAT_FT_High_Jetfuel_CCS_75_Agri_biomass_edge,BECCSLiquidFuels,UnidirectionalEdge{MacroEnergy.Biomass_Agri},existing_capacity,0.0
Biomass_Agri,NE,NE_FT_High_Jetfuel_CCS_75_Agri,NE_FT_High_Jetfuel_CCS_75_Agri_biomass_edge,BECCSLiquidFuels,UnidirectionalEdge{MacroEnergy.Biomass_Agri},existing_capacity,0.0
Biomass_Herb,CA,CA_FT_High_Jetfuel_CCS_84_Herb,CA_FT_High_Jetfuel_CCS_84_Herb_biomass_edge,BECCSLiquidFuels,UnidirectionalEdge{MacroEnergy.Biomass_Herb},existing_capacity,0.0
Biomass_Herb,NW,NW_FT_High_Jetfuel_CCS_84_Herb,NW_FT_High_Jetfuel_CCS_84_Herb_biomass_edge,BECCSLiquidFuels,UnidirectionalEdge{MacroEnergy.Biomass_Herb},existing_capacity,0.0
Biomass_Herb,SW,SW_FT_High_Jetfuel_CCS_84_Herb,SW_FT_High_Jetfuel_CCS_84_Herb_biomass_edge,BECCSLiquidFuels,UnidirectionalEdge{MacroEnergy.Biomass_Herb},existing_capacity,0.0
Biomass_Herb,TX,TX_FT_High_Jetfuel_CCS_84_Herb,TX_FT_High_Jetfuel_CCS_84_Herb_biomass_edge,BECCSLiquidFuels,UnidirectionalEdge{MacroEnergy.Biomass_Herb},existing_capacity,0.0
Biomass_Herb,NCEN,NCEN_FT_High_Jetfuel_CCS_84_Herb,NCEN_FT_High_Jetfuel_CCS_84_Herb_biomass_edge,BECCSLiquidFuels,UnidirectionalEdge{MacroEnergy.Biomass_Herb},existing_capacity,0.0
Biomass_Herb,CEN,CEN_FT_High_Jetfuel_CCS_84_Herb,CEN_FT_High_Jetfuel_CCS_84_Herb_biomass_edge,BECCSLiquidFuels,UnidirectionalEdge{MacroEnergy.Biomass_Herb},existing_capacity,0.0
Biomass_Herb,SE,SE_FT_High_Jetfuel_CCS_84_Herb,SE_FT_High_Jetfuel_CCS_84_Herb_biomass_edge,BECCSLiquidFuels,UnidirectionalEdge{MacroEnergy.Biomass_Herb},existing_capacity,0.0
Biomass_Herb,MIDAT,MIDAT_FT_High_Jetfuel_CCS_84_Herb,MIDAT_FT_High_Jetfuel_CCS_84_Herb_biomass_edge,BECCSLiquidFuels,UnidirectionalEdge{MacroEnergy.Biomass_Herb},existing_capacity,0.0
Biomass_Herb,NE,NE_FT_High_Jetfuel_CCS_84_Herb,NE_FT_High_Jetfuel_CCS_84_Herb_biomass_edge,BECCSLiquidFuels,UnidirectionalEdge{MacroEnergy.Biomass_Herb},existing_capacity,0.0
Biomass_Wood,CA,CA_FT_High_Jetfuel_CCS_84_Wood,CA_FT_High_Jetfuel_CCS_84_Wood_biomass_edge,BECCSLiquidFuels,UnidirectionalEdge{MacroEnergy.Biomass_Wood},existing_capacity,0.0
Biomass_Wood,NW,NW_FT_High_Jetfuel_CCS_84_Wood,NW_FT_High_Jetfuel_CCS_84_Wood_biomass_edge,BECCSLiquidFuels,UnidirectionalEdge{MacroEnergy.Biomass_Wood},existing_capacity,0.0
Biomass_Wood,SW,SW_FT_High_Jetfuel_CCS_84_Wood,SW_FT_High_Jetfuel_CCS_84_Wood_biomass_edge,BECCSLiquidFuels,UnidirectionalEdge{MacroEnergy.Biomass_Wood},existing_capacity,0.0
Biomass_Wood,TX,TX_FT_High_Jetfuel_CCS_84_Wood,TX_FT_High_Jetfuel_CCS_84_Wood_biomass_edge,BECCSLiquidFuels,UnidirectionalEdge{MacroEnergy.Biomass_Wood},existing_capacity,0.0
Biomass_Wood,NCEN,NCEN_FT_High_Jetfuel_CCS_84_Wood,NCEN_FT_High_Jetfuel_CCS_84_Wood_biomass_edge,BECCSLiquidFuels,UnidirectionalEdge{MacroEnergy.Biomass_Wood},existing_capacity,0.0
Biomass_Wood,CEN,CEN_FT_High_Jetfuel_CCS_84_Wood,CEN_FT_High_Jetfuel_CCS_84_Wood_biomass_edge,BECCSLiquidFuels,UnidirectionalEdge{MacroEnergy.Biomass_Wood},existing_capacity,0.0
Biomass_Wood,SE,SE_FT_High_Jetfuel_CCS_84_Wood,SE_FT_High_Jetfuel_CCS_84_Wood_biomass_edge,BECCSLiquidFuels,UnidirectionalEdge{MacroEnergy.Biomass_Wood},existing_capacity,0.0
Biomass_Wood,MIDAT,MIDAT_FT_High_Jetfuel_CCS_84_Wood,MIDAT_FT_High_Jetfuel_CCS_84_Wood_biomass_edge,BECCSLiquidFuels,UnidirectionalEdge{MacroEnergy.Biomass_Wood},existing_capacity,0.0
Biomass_Wood,NE,NE_FT_High_Jetfuel_CCS_84_Wood,NE_FT_High_Jetfuel_CCS_84_Wood_biomass_edge,BECCSLiquidFuels,UnidirectionalEdge{MacroEnergy.Biomass_Wood},existing_capacity,0.0
Biomass_Agri,CA,CA_FT_High_Jetfuel_CCS_84_Agri,CA_FT_High_Jetfuel_CCS_84_Agri_biomass_edge,BECCSLiquidFuels,UnidirectionalEdge{MacroEnergy.Biomass_Agri},existing_capacity,0.0
Biomass_Agri,NW,NW_FT_High_Jetfuel_CCS_84_Agri,NW_FT_High_Jetfuel_CCS_84_Agri_biomass_edge,BECCSLiquidFuels,UnidirectionalEdge{MacroEnergy.Biomass_Agri},existing_capacity,0.0
Biomass_Agri,SW,SW_FT_High_Jetfuel_CCS_84_Agri,SW_FT_High_Jetfuel_CCS_84_Agri_biomass_edge,BECCSLiquidFuels,UnidirectionalEdge{MacroEnergy.Biomass_Agri},existing_capacity,0.0
Biomass_Agri,TX,TX_FT_High_Jetfuel_CCS_84_Agri,TX_FT_High_Jetfuel_CCS_84_Agri_biomass_edge,BECCSLiquidFuels,UnidirectionalEdge{MacroEnergy.Biomass_Agri},existing_capacity,0.0
Biomass_Agri,NCEN,NCEN_FT_High_Jetfuel_CCS_84_Agri,NCEN_FT_High_Jetfuel_CCS_84_Agri_biomass_edge,BECCSLiquidFuels,UnidirectionalEdge{MacroEnergy.Biomass_Agri},existing_capacity,0.0
Biomass_Agri,CEN,CEN_FT_High_Jetfuel_CCS_84_Agri,CEN_FT_High_Jetfuel_CCS_84_Agri_biomass_edge,BECCSLiquidFuels,UnidirectionalEdge{MacroEnergy.Biomass_Agri},existing_capacity,0.0
Biomass_Agri,SE,SE_FT_High_Jetfuel_CCS_84_Agri,SE_FT_High_Jetfuel_CCS_84_Agri_biomass_edge,BECCSLiquidFuels,UnidirectionalEdge{MacroEnergy.Biomass_Agri},existing_capacity,0.0
Biomass_Agri,MIDAT,MIDAT_FT_High_Jetfuel_CCS_84_Agri,MIDAT_FT_High_Jetfuel_CCS_84_Agri_biomass_edge,BECCSLiquidFuels,UnidirectionalEdge{MacroEnergy.Biomass_Agri},existing_capacity,0.0
Biomass_Agri,NE,NE_FT_High_Jetfuel_CCS_84_Agri,NE_FT_High_Jetfuel_CCS_84_Agri_biomass_edge,BECCSLiquidFuels,UnidirectionalEdge{MacroEnergy.Biomass_Agri},existing_capacity,0.0
Biomass_Herb,CA,CA_FT_High_Jetfuel_CCS_99_Herb,CA_FT_High_Jetfuel_CCS_99_Herb_biomass_edge,BECCSLiquidFuels,UnidirectionalEdge{MacroEnergy.Biomass_Herb},existing_capacity,0.0
Biomass_Herb,NW,NW_FT_High_Jetfuel_CCS_99_Herb,NW_FT_High_Jetfuel_CCS_99_Herb_biomass_edge,BECCSLiquidFuels,UnidirectionalEdge{MacroEnergy.Biomass_Herb},existing_capacity,0.0
Biomass_Herb,SW,SW_FT_High_Jetfuel_CCS_99_Herb,SW_FT_High_Jetfuel_CCS_99_Herb_biomass_edge,BECCSLiquidFuels,UnidirectionalEdge{MacroEnergy.Biomass_Herb},existing_capacity,0.0
Biomass_Herb,TX,TX_FT_High_Jetfuel_CCS_99_Herb,TX_FT_High_Jetfuel_CCS_99_Herb_biomass_edge,BECCSLiquidFuels,UnidirectionalEdge{MacroEnergy.Biomass_Herb},existing_capacity,0.0
Biomass_Herb,NCEN,NCEN_FT_High_Jetfuel_CCS_99_Herb,NCEN_FT_High_Jetfuel_CCS_99_Herb_biomass_edge,BECCSLiquidFuels,UnidirectionalEdge{MacroEnergy.Biomass_Herb},existing_capacity,0.0
Biomass_Herb,CEN,CEN_FT_High_Jetfuel_CCS_99_Herb,CEN_FT_High_Jetfuel_CCS_99_Herb_biomass_edge,BECCSLiquidFuels,UnidirectionalEdge{MacroEnergy.Biomass_Herb},existing_capacity,0.0
Biomass_Herb,SE,SE_FT_High_Jetfuel_CCS_99_Herb,SE_FT_High_Jetfuel_CCS_99_Herb_biomass_edge,BECCSLiquidFuels,UnidirectionalEdge{MacroEnergy.Biomass_Herb},existing_capacity,0.0
Biomass_Herb,MIDAT,MIDAT_FT_High_Jetfuel_CCS_99_Herb,MIDAT_FT_High_Jetfuel_CCS_99_Herb_biomass_edge,BECCSLiquidFuels,UnidirectionalEdge{MacroEnergy.Biomass_Herb},existing_capacity,0.0
Biomass_Herb,NE,NE_FT_High_Jetfuel_CCS_99_Herb,NE_FT_High_Jetfuel_CCS_99_Herb_biomass_edge,BECCSLiquidFuels,UnidirectionalEdge{MacroEnergy.Biomass_Herb},existing_capacity,0.0
Biomass_Wood,CA,CA_FT_High_Jetfuel_CCS_99_Wood,CA_FT_High_Jetfuel_CCS_99_Wood_biomass_edge,BECCSLiquidFuels,UnidirectionalEdge{MacroEnergy.Biomass_Wood},existing_capacity,0.0
Biomass_Wood,NW,NW_FT_High_Jetfuel_CCS_99_Wood,NW_FT_High_Jetfuel_CCS_99_Wood_biomass_edge,BECCSLiquidFuels,UnidirectionalEdge{MacroEnergy.Biomass_Wood},existing_capacity,0.0
Biomass_Wood,SW,SW_FT_High_Jetfuel_CCS_99_Wood,SW_FT_High_Jetfuel_CCS_99_Wood_biomass_edge,BECCSLiquidFuels,UnidirectionalEdge{MacroEnergy.Biomass_Wood},existing_capacity,0.0
Biomass_Wood,TX,TX_FT_High_Jetfuel_CCS_99_Wood,TX_FT_High_Jetfuel_CCS_99_Wood_biomass_edge,BECCSLiquidFuels,UnidirectionalEdge{MacroEnergy.Biomass_Wood},existing_capacity,0.0
Biomass_Wood,NCEN,NCEN_FT_High_Jetfuel_CCS_99_Wood,NCEN_FT_High_Jetfuel_CCS_99_Wood_biomass_edge,BECCSLiquidFuels,UnidirectionalEdge{MacroEnergy.Biomass_Wood},existing_capacity,0.0
Biomass_Wood,CEN,CEN_FT_High_Jetfuel_CCS_99_Wood,CEN_FT_High_Jetfuel_CCS_99_Wood_biomass_edge,BECCSLiquidFuels,UnidirectionalEdge{MacroEnergy.Biomass_Wood},existing_capacity,0.0
Biomass_Wood,SE,SE_FT_High_Jetfuel_CCS_99_Wood,SE_FT_High_Jetfuel_CCS_99_Wood_biomass_edge,BECCSLiquidFuels,UnidirectionalEdge{MacroEnergy.Biomass_Wood},existing_capacity,0.0
Biomass_Wood,MIDAT,MIDAT_FT_High_Jetfuel_CCS_99_Wood,MIDAT_FT_High_Jetfuel_CCS_99_Wood_biomass_edge,BECCSLiquidFuels,UnidirectionalEdge{MacroEnergy.Biomass_Wood},existing_capacity,0.0
Biomass_Wood,NE,NE_FT_High_Jetfuel_CCS_99_Wood,NE_FT_High_Jetfuel_CCS_99_Wood_biomass_edge,BECCSLiquidFuels,UnidirectionalEdge{MacroEnergy.Biomass_Wood},existing_capacity,0.0
Biomass_Agri,CA,CA_FT_High_Jetfuel_CCS_99_Agri,CA_FT_High_Jetfuel_CCS_99_Agri_biomass_edge,BECCSLiquidFuels,UnidirectionalEdge{MacroEnergy.Biomass_Agri},existing_capacity,0.0
Biomass_Agri,NW,NW_FT_High_Jetfuel_CCS_99_Agri,NW_FT_High_Jetfuel_CCS_99_Agri_biomass_edge,BECCSLiquidFuels,UnidirectionalEdge{MacroEnergy.Biomass_Agri},existing_capacity,0.0
Biomass_Agri,SW,SW_FT_High_Jetfuel_CCS_99_Agri,SW_FT_High_Jetfuel_CCS_99_Agri_biomass_edge,BECCSLiquidFuels,UnidirectionalEdge{MacroEnergy.Biomass_Agri},existing_capacity,0.0
Biomass_Agri,TX,TX_FT_High_Jetfuel_CCS_99_Agri,TX_FT_High_Jetfuel_CCS_99_Agri_biomass_edge,BECCSLiquidFuels,UnidirectionalEdge{MacroEnergy.Biomass_Agri},existing_capacity,0.0
Biomass_Agri,NCEN,NCEN_FT_High_Jetfuel_CCS_99_Agri,NCEN_FT_High_Jetfuel_CCS_99_Agri_biomass_edge,BECCSLiquidFuels,UnidirectionalEdge{MacroEnergy.Biomass_Agri},existing_capacity,0.0
Biomass_Agri,CEN,CEN_FT_High_Jetfuel_CCS_99_Agri,CEN_FT_High_Jetfuel_CCS_99_Agri_biomass_edge,BECCSLiquidFuels,UnidirectionalEdge{MacroEnergy.Biomass_Agri},existing_capacity,0.0
Biomass_Agri,SE,SE_FT_High_Jetfuel_CCS_99_Agri,SE_FT_High_Jetfuel_CCS_99_Agri_biomass_edge,BECCSLiquidFuels,UnidirectionalEdge{MacroEnergy.Biomass_Agri},existing_capacity,0.0
Biomass_Agri,MIDAT,MIDAT_FT_High_Jetfuel_CCS_99_Agri,MIDAT_FT_High_Jetfuel_CCS_99_Agri_biomass_edge,BECCSLiquidFuels,UnidirectionalEdge{MacroEnergy.Biomass_Agri},existing_capacity,0.0
Biomass_Agri,NE,NE_FT_High_Jetfuel_CCS_99_Agri,NE_FT_High_Jetfuel_CCS_99_Agri_biomass_edge,BECCSLiquidFuels,UnidirectionalEdge{MacroEnergy.Biomass_Agri},existing_capacity,0.0
Biomass_Herb,CA,CA_Bio_NG_Herb,CA_Bio_NG_Herb_biomass_edge,BECCSNaturalGas,UnidirectionalEdge{MacroEnergy.Biomass_Herb},existing_capacity,0.0
Biomass_Herb,NW,NW_Bio_NG_Herb,NW_Bio_NG_Herb_biomass_edge,BECCSNaturalGas,UnidirectionalEdge{MacroEnergy.Biomass_Herb},existing_capacity,0.0
Biomass_Herb,SW,SW_Bio_NG_Herb,SW_Bio_NG_Herb_biomass_edge,BECCSNaturalGas,UnidirectionalEdge{MacroEnergy.Biomass_Herb},existing_capacity,0.0
Biomass_Herb,TX,TX_Bio_NG_Herb,TX_Bio_NG_Herb_biomass_edge,BECCSNaturalGas,UnidirectionalEdge{MacroEnergy.Biomass_Herb},existing_capacity,0.0
Biomass_Herb,NCEN,NCEN_Bio_NG_Herb,NCEN_Bio_NG_Herb_biomass_edge,BECCSNaturalGas,UnidirectionalEdge{MacroEnergy.Biomass_Herb},existing_capacity,0.0
Biomass_Herb,CEN,CEN_Bio_NG_Herb,CEN_Bio_NG_Herb_biomass_edge,BECCSNaturalGas,UnidirectionalEdge{MacroEnergy.Biomass_Herb},existing_capacity,0.0
Biomass_Herb,SE,SE_Bio_NG_Herb,SE_Bio_NG_Herb_biomass_edge,BECCSNaturalGas,UnidirectionalEdge{MacroEnergy.Biomass_Herb},existing_capacity,0.0
Biomass_Herb,MIDAT,MIDAT_Bio_NG_Herb,MIDAT_Bio_NG_Herb_biomass_edge,BECCSNaturalGas,UnidirectionalEdge{MacroEnergy.Biomass_Herb},existing_capacity,0.0
Biomass_Herb,NE,NE_Bio_NG_Herb,NE_Bio_NG_Herb_biomass_edge,BECCSNaturalGas,UnidirectionalEdge{MacroEnergy.Biomass_Herb},existing_capacity,0.0
Biomass_Wood,CA,CA_Bio_NG_Wood,CA_Bio_NG_Wood_biomass_edge,BECCSNaturalGas,UnidirectionalEdge{MacroEnergy.Biomass_Wood},existing_capacity,0.0
Biomass_Wood,NW,NW_Bio_NG_Wood,NW_Bio_NG_Wood_biomass_edge,BECCSNaturalGas,UnidirectionalEdge{MacroEnergy.Biomass_Wood},existing_capacity,0.0
Biomass_Wood,SW,SW_Bio_NG_Wood,SW_Bio_NG_Wood_biomass_edge,BECCSNaturalGas,UnidirectionalEdge{MacroEnergy.Biomass_Wood},existing_capacity,0.0
Biomass_Wood,TX,TX_Bio_NG_Wood,TX_Bio_NG_Wood_biomass_edge,BECCSNaturalGas,UnidirectionalEdge{MacroEnergy.Biomass_Wood},existing_capacity,0.0
Biomass_Wood,NCEN,NCEN_Bio_NG_Wood,NCEN_Bio_NG_Wood_biomass_edge,BECCSNaturalGas,UnidirectionalEdge{MacroEnergy.Biomass_Wood},existing_capacity,0.0
Biomass_Wood,CEN,CEN_Bio_NG_Wood,CEN_Bio_NG_Wood_biomass_edge,BECCSNaturalGas,UnidirectionalEdge{MacroEnergy.Biomass_Wood},existing_capacity,0.0
Biomass_Wood,SE,SE_Bio_NG_Wood,SE_Bio_NG_Wood_biomass_edge,BECCSNaturalGas,UnidirectionalEdge{MacroEnergy.Biomass_Wood},existing_capacity,0.0
Biomass_Wood,MIDAT,MIDAT_Bio_NG_Wood,MIDAT_Bio_NG_Wood_biomass_edge,BECCSNaturalGas,UnidirectionalEdge{MacroEnergy.Biomass_Wood},existing_capacity,0.0
Biomass_Wood,NE,NE_Bio_NG_Wood,NE_Bio_NG_Wood_biomass_edge,BECCSNaturalGas,UnidirectionalEdge{MacroEnergy.Biomass_Wood},existing_capacity,0.0
Biomass_Agri,CA,CA_Bio_NG_Agri,CA_Bio_NG_Agri_biomass_edge,BECCSNaturalGas,UnidirectionalEdge{MacroEnergy.Biomass_Agri},existing_capacity,0.0
Biomass_Agri,NW,NW_Bio_NG_Agri,NW_Bio_NG_Agri_biomass_edge,BECCSNaturalGas,UnidirectionalEdge{MacroEnergy.Biomass_Agri},existing_capacity,0.0
Biomass_Agri,SW,SW_Bio_NG_Agri,SW_Bio_NG_Agri_biomass_edge,BECCSNaturalGas,UnidirectionalEdge{MacroEnergy.Biomass_Agri},existing_capacity,0.0
Biomass_Agri,TX,TX_Bio_NG_Agri,TX_Bio_NG_Agri_biomass_edge,BECCSNaturalGas,UnidirectionalEdge{MacroEnergy.Biomass_Agri},existing_capacity,0.0
Biomass_Agri,NCEN,NCEN_Bio_NG_Agri,NCEN_Bio_NG_Agri_biomass_edge,BECCSNaturalGas,UnidirectionalEdge{MacroEnergy.Biomass_Agri},existing_capacity,0.0
Biomass_Agri,CEN,CEN_Bio_NG_Agri,CEN_Bio_NG_Agri_biomass_edge,BECCSNaturalGas,UnidirectionalEdge{MacroEnergy.Biomass_Agri},existing_capacity,0.0
Biomass_Agri,SE,SE_Bio_NG_Agri,SE_Bio_NG_Agri_biomass_edge,BECCSNaturalGas,UnidirectionalEdge{MacroEnergy.Biomass_Agri},existing_capacity,0.0
Biomass_Agri,MIDAT,MIDAT_Bio_NG_Agri,MIDAT_Bio_NG_Agri_biomass_edge,BECCSNaturalGas,UnidirectionalEdge{MacroEnergy.Biomass_Agri},existing_capacity,0.0
Biomass_Agri,NE,NE_Bio_NG_Agri,NE_Bio_NG_Agri_biomass_edge,BECCSNaturalGas,UnidirectionalEdge{MacroEnergy.Biomass_Agri},existing_capacity,0.0
Biomass_Herb,CA,CA_Bio_NG_CCS_40_Herb,CA_Bio_NG_CCS_40_Herb_biomass_edge,BECCSNaturalGas,UnidirectionalEdge{MacroEnergy.Biomass_Herb},existing_capacity,0.0
Biomass_Herb,NW,NW_Bio_NG_CCS_40_Herb,NW_Bio_NG_CCS_40_Herb_biomass_edge,BECCSNaturalGas,UnidirectionalEdge{MacroEnergy.Biomass_Herb},existing_capacity,0.0
Biomass_Herb,SW,SW_Bio_NG_CCS_40_Herb,SW_Bio_NG_CCS_40_Herb_biomass_edge,BECCSNaturalGas,UnidirectionalEdge{MacroEnergy.Biomass_Herb},existing_capacity,0.0
Biomass_Herb,TX,TX_Bio_NG_CCS_40_Herb,TX_Bio_NG_CCS_40_Herb_biomass_edge,BECCSNaturalGas,UnidirectionalEdge{MacroEnergy.Biomass_Herb},existing_capacity,0.0
Biomass_Herb,NCEN,NCEN_Bio_NG_CCS_40_Herb,NCEN_Bio_NG_CCS_40_Herb_biomass_edge,BECCSNaturalGas,UnidirectionalEdge{MacroEnergy.Biomass_Herb},existing_capacity,0.0
Biomass_Herb,CEN,CEN_Bio_NG_CCS_40_Herb,CEN_Bio_NG_CCS_40_Herb_biomass_edge,BECCSNaturalGas,UnidirectionalEdge{MacroEnergy.Biomass_Herb},existing_capacity,0.0
Biomass_Herb,SE,SE_Bio_NG_CCS_40_Herb,SE_Bio_NG_CCS_40_Herb_biomass_edge,BECCSNaturalGas,UnidirectionalEdge{MacroEnergy.Biomass_Herb},existing_capacity,0.0
Biomass_Herb,MIDAT,MIDAT_Bio_NG_CCS_40_Herb,MIDAT_Bio_NG_CCS_40_Herb_biomass_edge,BECCSNaturalGas,UnidirectionalEdge{MacroEnergy.Biomass_Herb},existing_capacity,0.0
Biomass_Herb,NE,NE_Bio_NG_CCS_40_Herb,NE_Bio_NG_CCS_40_Herb_biomass_edge,BECCSNaturalGas,UnidirectionalEdge{MacroEnergy.Biomass_Herb},existing_capacity,0.0
Biomass_Wood,CA,CA_Bio_NG_CCS_40_Wood,CA_Bio_NG_CCS_40_Wood_biomass_edge,BECCSNaturalGas,UnidirectionalEdge{MacroEnergy.Biomass_Wood},existing_capacity,0.0
Biomass_Wood,NW,NW_Bio_NG_CCS_40_Wood,NW_Bio_NG_CCS_40_Wood_biomass_edge,BECCSNaturalGas,UnidirectionalEdge{MacroEnergy.Biomass_Wood},existing_capacity,0.0
Biomass_Wood,SW,SW_Bio_NG_CCS_40_Wood,SW_Bio_NG_CCS_40_Wood_biomass_edge,BECCSNaturalGas,UnidirectionalEdge{MacroEnergy.Biomass_Wood},existing_capacity,0.0
Biomass_Wood,TX,TX_Bio_NG_CCS_40_Wood,TX_Bio_NG_CCS_40_Wood_biomass_edge,BECCSNaturalGas,UnidirectionalEdge{MacroEnergy.Biomass_Wood},existing_capacity,0.0
Biomass_Wood,NCEN,NCEN_Bio_NG_CCS_40_Wood,NCEN_Bio_NG_CCS_40_Wood_biomass_edge,BECCSNaturalGas,UnidirectionalEdge{MacroEnergy.Biomass_Wood},existing_capacity,0.0
Biomass_Wood,CEN,CEN_Bio_NG_CCS_40_Wood,CEN_Bio_NG_CCS_40_Wood_biomass_edge,BECCSNaturalGas,UnidirectionalEdge{MacroEnergy.Biomass_Wood},existing_capacity,0.0
Biomass_Wood,SE,SE_Bio_NG_CCS_40_Wood,SE_Bio_NG_CCS_40_Wood_biomass_edge,BECCSNaturalGas,UnidirectionalEdge{MacroEnergy.Biomass_Wood},existing_capacity,0.0
Biomass_Wood,MIDAT,MIDAT_Bio_NG_CCS_40_Wood,MIDAT_Bio_NG_CCS_40_Wood_biomass_edge,BECCSNaturalGas,UnidirectionalEdge{MacroEnergy.Biomass_Wood},existing_capacity,0.0
Biomass_Wood,NE,NE_Bio_NG_CCS_40_Wood,NE_Bio_NG_CCS_40_Wood_biomass_edge,BECCSNaturalGas,UnidirectionalEdge{MacroEnergy.Biomass_Wood},existing_capacity,0.0
Biomass_Agri,CA,CA_Bio_NG_CCS_40_Agri,CA_Bio_NG_CCS_40_Agri_biomass_edge,BECCSNaturalGas,UnidirectionalEdge{MacroEnergy.Biomass_Agri},existing_capacity,0.0
Biomass_Agri,NW,NW_Bio_NG_CCS_40_Agri,NW_Bio_NG_CCS_40_Agri_biomass_edge,BECCSNaturalGas,UnidirectionalEdge{MacroEnergy.Biomass_Agri},existing_capacity,0.0
Biomass_Agri,SW,SW_Bio_NG_CCS_40_Agri,SW_Bio_NG_CCS_40_Agri_biomass_edge,BECCSNaturalGas,UnidirectionalEdge{MacroEnergy.Biomass_Agri},existing_capacity,0.0
Biomass_Agri,TX,TX_Bio_NG_CCS_40_Agri,TX_Bio_NG_CCS_40_Agri_biomass_edge,BECCSNaturalGas,UnidirectionalEdge{MacroEnergy.Biomass_Agri},existing_capacity,0.0
Biomass_Agri,NCEN,NCEN_Bio_NG_CCS_40_Agri,NCEN_Bio_NG_CCS_40_Agri_biomass_edge,BECCSNaturalGas,UnidirectionalEdge{MacroEnergy.Biomass_Agri},existing_capacity,0.0
Biomass_Agri,CEN,CEN_Bio_NG_CCS_40_Agri,CEN_Bio_NG_CCS_40_Agri_biomass_edge,BECCSNaturalGas,UnidirectionalEdge{MacroEnergy.Biomass_Agri},existing_capacity,0.0
Biomass_Agri,SE,SE_Bio_NG_CCS_40_Agri,SE_Bio_NG_CCS_40_Agri_biomass_edge,BECCSNaturalGas,UnidirectionalEdge{MacroEnergy.Biomass_Agri},existing_capacity,0.0
Biomass_Agri,MIDAT,MIDAT_Bio_NG_CCS_40_Agri,MIDAT_Bio_NG_CCS_40_Agri_biomass_edge,BECCSNaturalGas,UnidirectionalEdge{MacroEnergy.Biomass_Agri},existing_capacity,0.0
Biomass_Agri,NE,NE_Bio_NG_CCS_40_Agri,NE_Bio_NG_CCS_40_Agri_biomass_edge,BECCSNaturalGas,UnidirectionalEdge{MacroEnergy.Biomass_Agri},existing_capacity,0.0
Biomass_Herb,CA,CA_Bio_NG_CCS_99_Herb,CA_Bio_NG_CCS_99_Herb_biomass_edge,BECCSNaturalGas,UnidirectionalEdge{MacroEnergy.Biomass_Herb},existing_capacity,0.0
Biomass_Herb,NW,NW_Bio_NG_CCS_99_Herb,NW_Bio_NG_CCS_99_Herb_biomass_edge,BECCSNaturalGas,UnidirectionalEdge{MacroEnergy.Biomass_Herb},existing_capacity,0.0
Biomass_Herb,SW,SW_Bio_NG_CCS_99_Herb,SW_Bio_NG_CCS_99_Herb_biomass_edge,BECCSNaturalGas,UnidirectionalEdge{MacroEnergy.Biomass_Herb},existing_capacity,0.0
Biomass_Herb,TX,TX_Bio_NG_CCS_99_Herb,TX_Bio_NG_CCS_99_Herb_biomass_edge,BECCSNaturalGas,UnidirectionalEdge{MacroEnergy.Biomass_Herb},existing_capacity,0.0
Biomass_Herb,NCEN,NCEN_Bio_NG_CCS_99_Herb,NCEN_Bio_NG_CCS_99_Herb_biomass_edge,BECCSNaturalGas,UnidirectionalEdge{MacroEnergy.Biomass_Herb},existing_capacity,0.0
Biomass_Herb,CEN,CEN_Bio_NG_CCS_99_Herb,CEN_Bio_NG_CCS_99_Herb_biomass_edge,BECCSNaturalGas,UnidirectionalEdge{MacroEnergy.Biomass_Herb},existing_capacity,0.0
Biomass_Herb,SE,SE_Bio_NG_CCS_99_Herb,SE_Bio_NG_CCS_99_Herb_biomass_edge,BECCSNaturalGas,UnidirectionalEdge{MacroEnergy.Biomass_Herb},existing_capacity,0.0
Biomass_Herb,MIDAT,MIDAT_Bio_NG_CCS_99_Herb,MIDAT_Bio_NG_CCS_99_Herb_biomass_edge,BECCSNaturalGas,UnidirectionalEdge{MacroEnergy.Biomass_Herb},existing_capacity,0.0
Biomass_Herb,NE,NE_Bio_NG_CCS_99_Herb,NE_Bio_NG_CCS_99_Herb_biomass_edge,BECCSNaturalGas,UnidirectionalEdge{MacroEnergy.Biomass_Herb},existing_capacity,0.0
Biomass_Wood,CA,CA_Bio_NG_CCS_99_Wood,CA_Bio_NG_CCS_99_Wood_biomass_edge,BECCSNaturalGas,UnidirectionalEdge{MacroEnergy.Biomass_Wood},existing_capacity,0.0
Biomass_Wood,NW,NW_Bio_NG_CCS_99_Wood,NW_Bio_NG_CCS_99_Wood_biomass_edge,BECCSNaturalGas,UnidirectionalEdge{MacroEnergy.Biomass_Wood},existing_capacity,0.0
Biomass_Wood,SW,SW_Bio_NG_CCS_99_Wood,SW_Bio_NG_CCS_99_Wood_biomass_edge,BECCSNaturalGas,UnidirectionalEdge{MacroEnergy.Biomass_Wood},existing_capacity,0.0
Biomass_Wood,TX,TX_Bio_NG_CCS_99_Wood,TX_Bio_NG_CCS_99_Wood_biomass_edge,BECCSNaturalGas,UnidirectionalEdge{MacroEnergy.Biomass_Wood},existing_capacity,0.0
Biomass_Wood,NCEN,NCEN_Bio_NG_CCS_99_Wood,NCEN_Bio_NG_CCS_99_Wood_biomass_edge,BECCSNaturalGas,UnidirectionalEdge{MacroEnergy.Biomass_Wood},existing_capacity,0.0
Biomass_Wood,CEN,CEN_Bio_NG_CCS_99_Wood,CEN_Bio_NG_CCS_99_Wood_biomass_edge,BECCSNaturalGas,UnidirectionalEdge{MacroEnergy.Biomass_Wood},existing_capacity,0.0
Biomass_Wood,SE,SE_Bio_NG_CCS_99_Wood,SE_Bio_NG_CCS_99_Wood_biomass_edge,BECCSNaturalGas,UnidirectionalEdge{MacroEnergy.Biomass_Wood},existing_capacity,0.0
Biomass_Wood,MIDAT,MIDAT_Bio_NG_CCS_99_Wood,MIDAT_Bio_NG_CCS_99_Wood_biomass_edge,BECCSNaturalGas,UnidirectionalEdge{MacroEnergy.Biomass_Wood},existing_capacity,0.0
Biomass_Wood,NE,NE_Bio_NG_CCS_99_Wood,NE_Bio_NG_CCS_99_Wood_biomass_edge,BECCSNaturalGas,UnidirectionalEdge{MacroEnergy.Biomass_Wood},existing_capacity,0.0
Biomass_Agri,CA,CA_Bio_NG_CCS_99_Agri,CA_Bio_NG_CCS_99_Agri_biomass_edge,BECCSNaturalGas,UnidirectionalEdge{MacroEnergy.Biomass_Agri},existing_capacity,0.0
Biomass_Agri,NW,NW_Bio_NG_CCS_99_Agri,NW_Bio_NG_CCS_99_Agri_biomass_edge,BECCSNaturalGas,UnidirectionalEdge{MacroEnergy.Biomass_Agri},existing_capacity,0.0
Biomass_Agri,SW,SW_Bio_NG_CCS_99_Agri,SW_Bio_NG_CCS_99_Agri_biomass_edge,BECCSNaturalGas,UnidirectionalEdge{MacroEnergy.Biomass_Agri},existing_capacity,0.0
Biomass_Agri,TX,TX_Bio_NG_CCS_99_Agri,TX_Bio_NG_CCS_99_Agri_biomass_edge,BECCSNaturalGas,UnidirectionalEdge{MacroEnergy.Biomass_Agri},existing_capacity,0.0
Biomass_Agri,NCEN,NCEN_Bio_NG_CCS_99_Agri,NCEN_Bio_NG_CCS_99_Agri_biomass_edge,BECCSNaturalGas,UnidirectionalEdge{MacroEnergy.Biomass_Agri},existing_capacity,0.0
Biomass_Agri,CEN,CEN_Bio_NG_CCS_99_Agri,CEN_Bio_NG_CCS_99_Agri_biomass_edge,BECCSNaturalGas,UnidirectionalEdge{MacroEnergy.Biomass_Agri},existing_capacity,0.0
Biomass_Agri,SE,SE_Bio_NG_CCS_99_Agri,SE_Bio_NG_CCS_99_Agri_biomass_edge,BECCSNaturalGas,UnidirectionalEdge{MacroEnergy.Biomass_Agri},existing_capacity,0.0
Biomass_Agri,MIDAT,MIDAT_Bio_NG_CCS_99_Agri,MIDAT_Bio_NG_CCS_99_Agri_biomass_edge,BECCSNaturalGas,UnidirectionalEdge{MacroEnergy.Biomass_Agri},existing_capacity,0.0
Biomass_Agri,NE,NE_Bio_NG_CCS_99_Agri,NE_Bio_NG_CCS_99_Agri_biomass_edge,BECCSNaturalGas,UnidirectionalEdge{MacroEnergy.Biomass_Agri},existing_capacity,0.0
CO2Captured,CA,CA_CO2_Injection_CA_Repetto_Sst1,CA_CO2_Injection_CA_Repetto_Sst1_co2_captured_edge,CO2Injection,UnidirectionalEdge{CO2Captured},existing_capacity,9239.9
CO2Captured,CA,CA_CO2_Injection_CA_Temblor1a,CA_CO2_Injection_CA_Temblor1a_co2_captured_edge,CO2Injection,UnidirectionalEdge{CO2Captured},existing_capacity,32339.5
CO2Captured,CA,CA_CO2_Injection_CA_Temblor2a,CA_CO2_Injection_CA_Temblor2a_co2_captured_edge,CO2Injection,UnidirectionalEdge{CO2Captured},existing_capacity,128780.6
CO2Captured,CA,CA_CO2_Injection_CA_Temblor1b,CA_CO2_Injection_CA_Temblor1b_co2_captured_edge,CO2Injection,UnidirectionalEdge{CO2Captured},existing_capacity,32339.5
CO2Captured,CA,CA_CO2_Injection_CA_Temblor2b,CA_CO2_Injection_CA_Temblor2b_co2_captured_edge,CO2Injection,UnidirectionalEdge{CO2Captured},existing_capacity,129358.0
CO2Captured,CA,CA_CO2_Injection_CA_Moreno2,CA_CO2_Injection_CA_Moreno2_co2_captured_edge,CO2Injection,UnidirectionalEdge{CO2Captured},existing_capacity,72186.4
CO2Captured,CA,CA_CO2_Injection_CA_Repetto_Sst2a,CA_CO2_Injection_CA_Repetto_Sst2a_co2_captured_edge,CO2Injection,UnidirectionalEdge{CO2Captured},existing_capacity,4042.4
CO2Captured,CA,CA_CO2_Injection_CA_Panoche1a,CA_CO2_Injection_CA_Panoche1a_co2_captured_edge,CO2Injection,UnidirectionalEdge{CO2Captured},existing_capacity,56594.1
CO2Captured,CA,CA_CO2_Injection_CA_Repetto_Sst2b,CA_CO2_Injection_CA_Repetto_Sst2b_co2_captured_edge,CO2Injection,UnidirectionalEdge{CO2Captured},existing_capacity,5197.4
CO2Captured,CA,CA_CO2_Injection_CA_Panoche1b,CA_CO2_Injection_CA_Panoche1b_co2_captured_edge,CO2Injection,UnidirectionalEdge{CO2Captured},existing_capacity,56594.1
CO2Captured,CA,CA_CO2_Injection_CA_Repetto_Sst2c,CA_CO2_Injection_CA_Repetto_Sst2c_co2_captured_edge,CO2Injection,UnidirectionalEdge{CO2Captured},existing_capacity,4042.4
CO2Captured,CA,CA_CO2_Injection_CA_Repetto_Sst3b,CA_CO2_Injection_CA_Repetto_Sst3b_co2_captured_edge,CO2Injection,UnidirectionalEdge{CO2Captured},existing_capacity,1732.5
CO2Captured,CA,CA_CO2_Injection_CA_Repetto_Sst3a,CA_CO2_Injection_CA_Repetto_Sst3a_co2_captured_edge,CO2Injection,UnidirectionalEdge{CO2Captured},existing_capacity,1155.0
CO2Captured,CA,CA_CO2_Injection_CA_Repetto_Sst3c,CA_CO2_Injection_CA_Repetto_Sst3c_co2_captured_edge,CO2Injection,UnidirectionalEdge{CO2Captured},existing_capacity,1155.0
CO2Captured,CA,CA_CO2_Injection_CA_Repetto_Sst3d,CA_CO2_Injection_CA_Repetto_Sst3d_co2_captured_edge,CO2Injection,UnidirectionalEdge{CO2Captured},existing_capacity,577.5
CO2Captured,CA,CA_CO2_Injection_CA_Temblor3a,CA_CO2_Injection_CA_Temblor3a_co2_captured_edge,CO2Injection,UnidirectionalEdge{CO2Captured},existing_capacity,8084.9
CO2Captured,CA,CA_CO2_Injection_CA_Temblor3b,CA_CO2_Injection_CA_Temblor3b_co2_captured_edge,CO2Injection,UnidirectionalEdge{CO2Captured},existing_capacity,8084.9
CO2Captured,CA,CA_CO2_Injection_CA_Temblor3c,CA_CO2_Injection_CA_Temblor3c_co2_captured_edge,CO2Injection,UnidirectionalEdge{CO2Captured},existing_capacity,8084.9
CO2Captured,CA,CA_CO2_Injection_CA_Stevens1,CA_CO2_Injection_CA_Stevens1_co2_captured_edge,CO2Injection,UnidirectionalEdge{CO2Captured},existing_capacity,577.5
CO2Captured,NW,NW_CO2_Injection_NW_Frontier3,NW_CO2_Injection_NW_Frontier3_co2_captured_edge,CO2Injection,UnidirectionalEdge{CO2Captured},existing_capacity,12127.3
CO2Captured,NW,NW_CO2_Injection_NW_Entrada2,NW_CO2_Injection_NW_Entrada2_co2_captured_edge,CO2Injection,UnidirectionalEdge{CO2Captured},existing_capacity,35804.5
CO2Captured,NW,NW_CO2_Injection_NW_Tensleep4,NW_CO2_Injection_NW_Tensleep4_co2_captured_edge,CO2Injection,UnidirectionalEdge{CO2Captured},existing_capacity,31184.5
CO2Captured,NW,NW_CO2_Injection_NW_Lance1,NW_CO2_Injection_NW_Lance1_co2_captured_edge,CO2Injection,UnidirectionalEdge{CO2Captured},existing_capacity,4042.4
CO2Captured,NW,NW_CO2_Injection_NW_Tensleep5,NW_CO2_Injection_NW_Tensleep5_co2_captured_edge,CO2Injection,UnidirectionalEdge{CO2Captured},existing_capacity,18479.7
CO2Captured,NW,NW_CO2_Injection_NW_Morrison7,NW_CO2_Injection_NW_Morrison7_co2_captured_edge,CO2Injection,UnidirectionalEdge{CO2Captured},existing_capacity,6352.4
CO2Captured,NW,NW_CO2_Injection_NW_Red_River1,NW_CO2_Injection_NW_Red_River1_co2_captured_edge,CO2Injection,UnidirectionalEdge{CO2Captured},existing_capacity,57749.1
CO2Captured,NW,NW_CO2_Injection_NW_Maha01,NW_CO2_Injection_NW_Maha01_co2_captured_edge,CO2Injection,UnidirectionalEdge{CO2Captured},existing_capacity,9239.9
CO2Captured,NW,NW_CO2_Injection_NW_Fort_Union2,NW_CO2_Injection_NW_Fort_Union2_co2_captured_edge,CO2Injection,UnidirectionalEdge{CO2Captured},existing_capacity,3464.9
CO2Captured,NW,NW_CO2_Injection_NW_Entrada6,NW_CO2_Injection_NW_Entrada6_co2_captured_edge,CO2Injection,UnidirectionalEdge{CO2Captured},existing_capacity,2887.5
CO2Captured,NW,NW_CO2_Injection_NW_Morrison8,NW_CO2_Injection_NW_Morrison8_co2_captured_edge,CO2Injection,UnidirectionalEdge{CO2Captured},existing_capacity,9239.9
CO2Captured,NW,NW_CO2_Injection_NW_Madison_GpMission_Canyon__Fm1,NW_CO2_Injection_NW_Madison_GpMission_Canyon__Fm1_co2_captured_edge,CO2Injection,UnidirectionalEdge{CO2Captured},existing_capacity,16169.8
CO2Captured,NW,NW_CO2_Injection_NW_InyanKara2,NW_CO2_Injection_NW_InyanKara2_co2_captured_edge,CO2Injection,UnidirectionalEdge{CO2Captured},existing_capacity,12704.8
CO2Captured,NW,NW_CO2_Injection_NW_Minnelusa2,NW_CO2_Injection_NW_Minnelusa2_co2_captured_edge,CO2Injection,UnidirectionalEdge{CO2Captured},existing_capacity,11549.8
CO2Captured,NW,NW_CO2_Injection_NW_InyanKara3,NW_CO2_Injection_NW_InyanKara3_co2_captured_edge,CO2Injection,UnidirectionalEdge{CO2Captured},existing_capacity,39269.4
CO2Captured,NW,NW_CO2_Injection_NW_InyanKara1,NW_CO2_Injection_NW_InyanKara1_co2_captured_edge,CO2Injection,UnidirectionalEdge{CO2Captured},existing_capacity,33494.5
CO2Captured,NW,NW_CO2_Injection_NW_Arbuckle3,NW_CO2_Injection_NW_Arbuckle3_co2_captured_edge,CO2Injection,UnidirectionalEdge{CO2Captured},existing_capacity,1732.5
CO2Captured,NW,NW_CO2_Injection_NW_Red_River2,NW_CO2_Injection_NW_Red_River2_co2_captured_edge,CO2Injection,UnidirectionalEdge{CO2Captured},existing_capacity,13859.8
CO2Captured,NW,NW_CO2_Injection_NW_Arbuckle2,NW_CO2_Injection_NW_Arbuckle2_co2_captured_edge,CO2Injection,UnidirectionalEdge{CO2Captured},existing_capacity,8662.4
CO2Captured,NW,NW_CO2_Injection_NW_Madison_GpMission_Canyon_Fm4,NW_CO2_Injection_NW_Madison_GpMission_Canyon_Fm4_co2_captured_edge,CO2Injection,UnidirectionalEdge{CO2Captured},existing_capacity,21944.7
CO2Captured,NW,NW_CO2_Injection_NW_Nugget1,NW_CO2_Injection_NW_Nugget1_co2_captured_edge,CO2Injection,UnidirectionalEdge{CO2Captured},existing_capacity,10394.8
CO2Captured,NW,NW_CO2_Injection_NW_Nugget2,NW_CO2_Injection_NW_Nugget2_co2_captured_edge,CO2Injection,UnidirectionalEdge{CO2Captured},existing_capacity,35804.5
CO2Captured,NW,NW_CO2_Injection_NW_Nugget4,NW_CO2_Injection_NW_Nugget4_co2_captured_edge,CO2Injection,UnidirectionalEdge{CO2Captured},existing_capacity,3464.9
CO2Captured,NW,NW_CO2_Injection_NW_Madison1,NW_CO2_Injection_NW_Madison1_co2_captured_edge,CO2Injection,UnidirectionalEdge{CO2Captured},existing_capacity,8084.9
CO2Captured,NW,NW_CO2_Injection_NW_Morrison6,NW_CO2_Injection_NW_Morrison6_co2_captured_edge,CO2Injection,UnidirectionalEdge{CO2Captured},existing_capacity,5774.9
CO2Captured,NW,NW_CO2_Injection_NW_Entrada1,NW_CO2_Injection_NW_Entrada1_co2_captured_edge,CO2Injection,UnidirectionalEdge{CO2Captured},existing_capacity,20789.7
CO2Captured,NW,NW_CO2_Injection_NW_Minnelusa1,NW_CO2_Injection_NW_Minnelusa1_co2_captured_edge,CO2Injection,UnidirectionalEdge{CO2Captured},existing_capacity,7507.4
CO2Captured,NW,NW_CO2_Injection_NW_Madison_GpMission_Canyon_Fm2,NW_CO2_Injection_NW_Madison_GpMission_Canyon_Fm2_co2_captured_edge,CO2Injection,UnidirectionalEdge{CO2Captured},existing_capacity,1155.0
CO2Captured,NW,NW_CO2_Injection_NW_DuperowLower_1,NW_CO2_Injection_NW_DuperowLower_1_co2_captured_edge,CO2Injection,UnidirectionalEdge{CO2Captured},existing_capacity,1155.0
CO2Captured,NW,NW_CO2_Injection_NW_Basal_Cambrian1,NW_CO2_Injection_NW_Basal_Cambrian1_co2_captured_edge,CO2Injection,UnidirectionalEdge{CO2Captured},existing_capacity,12704.8
CO2Captured,NW,NW_CO2_Injection_NW_Dakota02,NW_CO2_Injection_NW_Dakota02_co2_captured_edge,CO2Injection,UnidirectionalEdge{CO2Captured},existing_capacity,5774.9
CO2Captured,NW,NW_CO2_Injection_NW_Basal_Cambrian7,NW_CO2_Injection_NW_Basal_Cambrian7_co2_captured_edge,CO2Injection,UnidirectionalEdge{CO2Captured},existing_capacity,14437.3
CO2Captured,NW,NW_CO2_Injection_NW_Fountain1b,NW_CO2_Injection_NW_Fountain1b_co2_captured_edge,CO2Injection,UnidirectionalEdge{CO2Captured},existing_capacity,2310.0
CO2Captured,NW,NW_CO2_Injection_NW_Fountain2b,NW_CO2_Injection_NW_Fountain2b_co2_captured_edge,CO2Injection,UnidirectionalEdge{CO2Captured},existing_capacity,1155.0
CO2Captured,NW,NW_CO2_Injection_NW_Morrison3,NW_CO2_Injection_NW_Morrison3_co2_captured_edge,CO2Injection,UnidirectionalEdge{CO2Captured},existing_capacity,6352.4
CO2Captured,NW,NW_CO2_Injection_NW_Weber2,NW_CO2_Injection_NW_Weber2_co2_captured_edge,CO2Injection,UnidirectionalEdge{CO2Captured},existing_capacity,1155.0
CO2Captured,NW,NW_CO2_Injection_NW_Basal_Cambrian4,NW_CO2_Injection_NW_Basal_Cambrian4_co2_captured_edge,CO2Injection,UnidirectionalEdge{CO2Captured},existing_capacity,13859.8
CO2Captured,SW,SW_CO2_Injection_SW_Forbes,SW_CO2_Injection_SW_Forbes_co2_captured_edge,CO2Injection,UnidirectionalEdge{CO2Captured},existing_capacity,39269.4
CO2Captured,SW,SW_CO2_Injection_SW_Mokelumne_River1,SW_CO2_Injection_SW_Mokelumne_River1_co2_captured_edge,CO2Injection,UnidirectionalEdge{CO2Captured},existing_capacity,4619.9
CO2Captured,SW,SW_CO2_Injection_SW_Moreno1Starkey,SW_CO2_Injection_SW_Moreno1Starkey_co2_captured_edge,CO2Injection,UnidirectionalEdge{CO2Captured},existing_capacity,56594.1
CO2Captured,SW,SW_CO2_Injection_SW_Mokelumne_River2,SW_CO2_Injection_SW_Mokelumne_River2_co2_captured_edge,CO2Injection,UnidirectionalEdge{CO2Captured},existing_capacity,83158.7
CO2Captured,SW,SW_CO2_Injection_SW_Domengine2,SW_CO2_Injection_SW_Domengine2_co2_captured_edge,CO2Injection,UnidirectionalEdge{CO2Captured},existing_capacity,46199.3
CO2Captured,SW,SW_CO2_Injection_SW_Winters2,SW_CO2_Injection_SW_Winters2_co2_captured_edge,CO2Injection,UnidirectionalEdge{CO2Captured},existing_capacity,80271.3
CO2Captured,SW,SW_CO2_Injection_SW_Starkey1,SW_CO2_Injection_SW_Starkey1_co2_captured_edge,CO2Injection,UnidirectionalEdge{CO2Captured},existing_capacity,2887.5
CO2Captured,SW,SW_CO2_Injection_SW_Seven_Rivers1,SW_CO2_Injection_SW_Seven_Rivers1_co2_captured_edge,CO2Injection,UnidirectionalEdge{CO2Captured},existing_capacity,50819.2
CO2Captured,SW,SW_CO2_Injection_SW_Wolfcamp1,SW_CO2_Injection_SW_Wolfcamp1_co2_captured_edge,CO2Injection,UnidirectionalEdge{CO2Captured},existing_capacity,37536.9
CO2Captured,SW,SW_CO2_Injection_SW_Arbuckle4,SW_CO2_Injection_SW_Arbuckle4_co2_captured_edge,CO2Injection,UnidirectionalEdge{CO2Captured},existing_capacity,42734.4
CO2Captured,SW,SW_CO2_Injection_SW_Domengine1,SW_CO2_Injection_SW_Domengine1_co2_captured_edge,CO2Injection,UnidirectionalEdge{CO2Captured},existing_capacity,5774.9
CO2Captured,SW,SW_CO2_Injection_SW_Wolfcamp2,SW_CO2_Injection_SW_Wolfcamp2_co2_captured_edge,CO2Injection,UnidirectionalEdge{CO2Captured},existing_capacity,21367.2
CO2Captured,SW,SW_CO2_Injection_SW_Morrison2,SW_CO2_Injection_SW_Morrison2_co2_captured_edge,CO2Injection,UnidirectionalEdge{CO2Captured},existing_capacity,6929.9
CO2Captured,SW,SW_CO2_Injection_SW_Seven_Rivers2,SW_CO2_Injection_SW_Seven_Rivers2_co2_captured_edge,CO2Injection,UnidirectionalEdge{CO2Captured},existing_capacity,9239.9
CO2Captured,SW,SW_CO2_Injection_SW_Monterey1a,SW_CO2_Injection_SW_Monterey1a_co2_captured_edge,CO2Injection,UnidirectionalEdge{CO2Captured},existing_capacity,124160.6
CO2Captured,SW,SW_CO2_Injection_SW_Monterey1b,SW_CO2_Injection_SW_Monterey1b_co2_captured_edge,CO2Injection,UnidirectionalEdge{CO2Captured},existing_capacity,124738.1
CO2Captured,SW,SW_CO2_Injection_SW_Morrison1,SW_CO2_Injection_SW_Morrison1_co2_captured_edge,CO2Injection,UnidirectionalEdge{CO2Captured},existing_capacity,1155.0
CO2Captured,SW,SW_CO2_Injection_SW_Leonard2,SW_CO2_Injection_SW_Leonard2_co2_captured_edge,CO2Injection,UnidirectionalEdge{CO2Captured},existing_capacity,6929.9
CO2Captured,SW,SW_CO2_Injection_SW_Canyon2,SW_CO2_Injection_SW_Canyon2_co2_captured_edge,CO2Injection,UnidirectionalEdge{CO2Captured},existing_capacity,7507.4
CO2Captured,SW,SW_CO2_Injection_SW_Leonard1,SW_CO2_Injection_SW_Leonard1_co2_captured_edge,CO2Injection,UnidirectionalEdge{CO2Captured},existing_capacity,39269.4
CO2Captured,SW,SW_CO2_Injection_SW_Canyon1,SW_CO2_Injection_SW_Canyon1_co2_captured_edge,CO2Injection,UnidirectionalEdge{CO2Captured},existing_capacity,13859.8
CO2Captured,SW,SW_CO2_Injection_SW_Canyon4,SW_CO2_Injection_SW_Canyon4_co2_captured_edge,CO2Injection,UnidirectionalEdge{CO2Captured},existing_capacity,9817.4
CO2Captured,SW,SW_CO2_Injection_SW_Canyon3,SW_CO2_Injection_SW_Canyon3_co2_captured_edge,CO2Injection,UnidirectionalEdge{CO2Captured},existing_capacity,56594.1
CO2Captured,SW,SW_CO2_Injection_SW_Navajo01,SW_CO2_Injection_SW_Navajo01_co2_captured_edge,CO2Injection,UnidirectionalEdge{CO2Captured},existing_capacity,1155.0
CO2Captured,SW,SW_CO2_Injection_SW_Queen1,SW_CO2_Injection_SW_Queen1_co2_captured_edge,CO2Injection,UnidirectionalEdge{CO2Captured},existing_capacity,32917.0
CO2Captured,SW,SW_CO2_Injection_SW_Queen2,SW_CO2_Injection_SW_Queen2_co2_captured_edge,CO2Injection,UnidirectionalEdge{CO2Captured},existing_capacity,5774.9
CO2Captured,SW,SW_CO2_Injection_SW_Winters1a,SW_CO2_Injection_SW_Winters1a_co2_captured_edge,CO2Injection,UnidirectionalEdge{CO2Captured},existing_capacity,2310.0
CO2Captured,SW,SW_CO2_Injection_SW_Winters1b,SW_CO2_Injection_SW_Winters1b_co2_captured_edge,CO2Injection,UnidirectionalEdge{CO2Captured},existing_capacity,2310.0
CO2Captured,SW,SW_CO2_Injection_SW_Winters1c,SW_CO2_Injection_SW_Winters1c_co2_captured_edge,CO2Injection,UnidirectionalEdge{CO2Captured},existing_capacity,1732.5
CO2Captured,SW,SW_CO2_Injection_SW_Entrada8,SW_CO2_Injection_SW_Entrada8_co2_captured_edge,CO2Injection,UnidirectionalEdge{CO2Captured},existing_capacity,4619.9
CO2Captured,SW,SW_CO2_Injection_SW_Atoka2,SW_CO2_Injection_SW_Atoka2_co2_captured_edge,CO2Injection,UnidirectionalEdge{CO2Captured},existing_capacity,5774.9
CO2Captured,SW,SW_CO2_Injection_SW_Hermosa1b,SW_CO2_Injection_SW_Hermosa1b_co2_captured_edge,CO2Injection,UnidirectionalEdge{CO2Captured},existing_capacity,577.5
CO2Captured,SW,SW_CO2_Injection_SW_Atoka1,SW_CO2_Injection_SW_Atoka1_co2_captured_edge,CO2Injection,UnidirectionalEdge{CO2Captured},existing_capacity,34072.0
CO2Captured,SW,SW_CO2_Injection_SW_Hermosa1a,SW_CO2_Injection_SW_Hermosa1a_co2_captured_edge,CO2Injection,UnidirectionalEdge{CO2Captured},existing_capacity,577.5
CO2Captured,SW,SW_CO2_Injection_SW_Cisco4,SW_CO2_Injection_SW_Cisco4_co2_captured_edge,CO2Injection,UnidirectionalEdge{CO2Captured},existing_capacity,5197.4
CO2Captured,SW,SW_CO2_Injection_SW_Cisco3,SW_CO2_Injection_SW_Cisco3_co2_captured_edge,CO2Injection,UnidirectionalEdge{CO2Captured},existing_capacity,31184.5
CO2Captured,SW,SW_CO2_Injection_SW_Cisco1,SW_CO2_Injection_SW_Cisco1_co2_captured_edge,CO2Injection,UnidirectionalEdge{CO2Captured},existing_capacity,7507.4
CO2Captured,SW,SW_CO2_Injection_SW_Cisco2,SW_CO2_Injection_SW_Cisco2_co2_captured_edge,CO2Injection,UnidirectionalEdge{CO2Captured},existing_capacity,4042.4
CO2Captured,SW,SW_CO2_Injection_SW_Entrada9,SW_CO2_Injection_SW_Entrada9_co2_captured_edge,CO2Injection,UnidirectionalEdge{CO2Captured},existing_capacity,10394.8
CO2Captured,TX,TX_CO2_Injection_TX_Frio02,TX_CO2_Injection_TX_Frio02_co2_captured_edge,CO2Injection,UnidirectionalEdge{CO2Captured},existing_capacity,25987.1
CO2Captured,TX,TX_CO2_Injection_TX_Frio03a,TX_CO2_Injection_TX_Frio03a_co2_captured_edge,CO2Injection,UnidirectionalEdge{CO2Captured},existing_capacity,28297.1
CO2Captured,TX,TX_CO2_Injection_TX_Frio06,TX_CO2_Injection_TX_Frio06_co2_captured_edge,CO2Injection,UnidirectionalEdge{CO2Captured},existing_capacity,42156.9
CO2Captured,TX,TX_CO2_Injection_TX_Frio09a,TX_CO2_Injection_TX_Frio09a_co2_captured_edge,CO2Injection,UnidirectionalEdge{CO2Captured},existing_capacity,54861.7
CO2Captured,TX,TX_CO2_Injection_TX_Frio12a,TX_CO2_Injection_TX_Frio12a_co2_captured_edge,CO2Injection,UnidirectionalEdge{CO2Captured},existing_capacity,46776.8
CO2Captured,TX,TX_CO2_Injection_TX_Frio12b,TX_CO2_Injection_TX_Frio12b_co2_captured_edge,CO2Injection,UnidirectionalEdge{CO2Captured},existing_capacity,42734.4
CO2Captured,TX,TX_CO2_Injection_TX_Frio07a,TX_CO2_Injection_TX_Frio07a_co2_captured_edge,CO2Injection,UnidirectionalEdge{CO2Captured},existing_capacity,38114.4
CO2Captured,TX,TX_CO2_Injection_TX_Frio10,TX_CO2_Injection_TX_Frio10_co2_captured_edge,CO2Injection,UnidirectionalEdge{CO2Captured},existing_capacity,46199.3
CO2Captured,TX,TX_CO2_Injection_TX_Frio04,TX_CO2_Injection_TX_Frio04_co2_captured_edge,CO2Injection,UnidirectionalEdge{CO2Captured},existing_capacity,10972.3
CO2Captured,TX,TX_CO2_Injection_TX_Frio13a,TX_CO2_Injection_TX_Frio13a_co2_captured_edge,CO2Injection,UnidirectionalEdge{CO2Captured},existing_capacity,32339.5
CO2Captured,TX,TX_CO2_Injection_TX_Frio01,TX_CO2_Injection_TX_Frio01_co2_captured_edge,CO2Injection,UnidirectionalEdge{CO2Captured},existing_capacity,12704.8
CO2Captured,TX,TX_CO2_Injection_TX_Frio03b,TX_CO2_Injection_TX_Frio03b_co2_captured_edge,CO2Injection,UnidirectionalEdge{CO2Captured},existing_capacity,13282.3
CO2Captured,TX,TX_CO2_Injection_TX_Frio09b,TX_CO2_Injection_TX_Frio09b_co2_captured_edge,CO2Injection,UnidirectionalEdge{CO2Captured},existing_capacity,25409.6
CO2Captured,TX,TX_CO2_Injection_TX_Frio13b,TX_CO2_Injection_TX_Frio13b_co2_captured_edge,CO2Injection,UnidirectionalEdge{CO2Captured},existing_capacity,29452.1
CO2Captured,TX,TX_CO2_Injection_TX_Frio13c,TX_CO2_Injection_TX_Frio13c_co2_captured_edge,CO2Injection,UnidirectionalEdge{CO2Captured},existing_capacity,25987.1
CO2Captured,TX,TX_CO2_Injection_TX_Frio11,TX_CO2_Injection_TX_Frio11_co2_captured_edge,CO2Injection,UnidirectionalEdge{CO2Captured},existing_capacity,3464.9
CO2Captured,TX,TX_CO2_Injection_TX_Frio08,TX_CO2_Injection_TX_Frio08_co2_captured_edge,CO2Injection,UnidirectionalEdge{CO2Captured},existing_capacity,15014.8
CO2Captured,TX,TX_CO2_Injection_TX_Lower_Tuscaloosa08,TX_CO2_Injection_TX_Lower_Tuscaloosa08_co2_captured_edge,CO2Injection,UnidirectionalEdge{CO2Captured},existing_capacity,86046.2
CO2Captured,TX,TX_CO2_Injection_TX_Frio05,TX_CO2_Injection_TX_Frio05_co2_captured_edge,CO2Injection,UnidirectionalEdge{CO2Captured},existing_capacity,2310.0
CO2Captured,TX,TX_CO2_Injection_TX_Lower_Tuscaloosa09,TX_CO2_Injection_TX_Lower_Tuscaloosa09_co2_captured_edge,CO2Injection,UnidirectionalEdge{CO2Captured},existing_capacity,37536.9
CO2Captured,TX,TX_CO2_Injection_TX_WashitaFredericksburg3,TX_CO2_Injection_TX_WashitaFredericksburg3_co2_captured_edge,CO2Injection,UnidirectionalEdge{CO2Captured},existing_capacity,15592.3
CO2Captured,TX,TX_CO2_Injection_TX_Paluxy1,TX_CO2_Injection_TX_Paluxy1_co2_captured_edge,CO2Injection,UnidirectionalEdge{CO2Captured},existing_capacity,1732.5
CO2Captured,TX,TX_CO2_Injection_TX_Frio07b,TX_CO2_Injection_TX_Frio07b_co2_captured_edge,CO2Injection,UnidirectionalEdge{CO2Captured},existing_capacity,6929.9
CO2Captured,TX,TX_CO2_Injection_TX_Lower_Tuscaloosa06,TX_CO2_Injection_TX_Lower_Tuscaloosa06_co2_captured_edge,CO2Injection,UnidirectionalEdge{CO2Captured},existing_capacity,43311.8
CO2Captured,NCEN,NCEN_CO2_Injection_NCEN_Mount_Simon03,NCEN_CO2_Injection_NCEN_Mount_Simon03_co2_captured_edge,CO2Injection,UnidirectionalEdge{CO2Captured},existing_capacity,90088.6
CO2Captured,NCEN,NCEN_CO2_Injection_NCEN_Mount_Simon06,NCEN_CO2_Injection_NCEN_Mount_Simon06_co2_captured_edge,CO2Injection,UnidirectionalEdge{CO2Captured},existing_capacity,88356.2
CO2Captured,NCEN,NCEN_CO2_Injection_NCEN_Mount_Simon07,NCEN_CO2_Injection_NCEN_Mount_Simon07_co2_captured_edge,CO2Injection,UnidirectionalEdge{CO2Captured},existing_capacity,18479.7
CO2Captured,NCEN,NCEN_CO2_Injection_NCEN_Mount_Simon05,NCEN_CO2_Injection_NCEN_Mount_Simon05_co2_captured_edge,CO2Injection,UnidirectionalEdge{CO2Captured},existing_capacity,5774.9
CO2Captured,NCEN,NCEN_CO2_Injection_NCEN_Mount_Simon02,NCEN_CO2_Injection_NCEN_Mount_Simon02_co2_captured_edge,CO2Injection,UnidirectionalEdge{CO2Captured},existing_capacity,6352.4
CO2Captured,NCEN,NCEN_CO2_Injection_NCEN_Knox3,NCEN_CO2_Injection_NCEN_Knox3_co2_captured_edge,CO2Injection,UnidirectionalEdge{CO2Captured},existing_capacity,6929.9
CO2Captured,NCEN,NCEN_CO2_Injection_NCEN_Knox5,NCEN_CO2_Injection_NCEN_Knox5_co2_captured_edge,CO2Injection,UnidirectionalEdge{CO2Captured},existing_capacity,2310.0
CO2Captured,NCEN,NCEN_CO2_Injection_NCEN_Knox1,NCEN_CO2_Injection_NCEN_Knox1_co2_captured_edge,CO2Injection,UnidirectionalEdge{CO2Captured},existing_capacity,9817.4
CO2Captured,NCEN,NCEN_CO2_Injection_NCEN_StPeter07,NCEN_CO2_Injection_NCEN_StPeter07_co2_captured_edge,CO2Injection,UnidirectionalEdge{CO2Captured},existing_capacity,1732.5
CO2Captured,NCEN,NCEN_CO2_Injection_NCEN_Mount_Simon08,NCEN_CO2_Injection_NCEN_Mount_Simon08_co2_captured_edge,CO2Injection,UnidirectionalEdge{CO2Captured},existing_capacity,4619.9
CO2Captured,NCEN,NCEN_CO2_Injection_NCEN_Knox4,NCEN_CO2_Injection_NCEN_Knox4_co2_captured_edge,CO2Injection,UnidirectionalEdge{CO2Captured},existing_capacity,577.5
CO2Captured,NCEN,NCEN_CO2_Injection_NCEN_Knox6,NCEN_CO2_Injection_NCEN_Knox6_co2_captured_edge,CO2Injection,UnidirectionalEdge{CO2Captured},existing_capacity,577.5
CO2Captured,NCEN,NCEN_CO2_Injection_NCEN_Mount_Simon10,NCEN_CO2_Injection_NCEN_Mount_Simon10_co2_captured_edge,CO2Injection,UnidirectionalEdge{CO2Captured},existing_capacity,15592.3
CO2Captured,NCEN,NCEN_CO2_Injection_NCEN_Knox2,NCEN_CO2_Injection_NCEN_Knox2_co2_captured_edge,CO2Injection,UnidirectionalEdge{CO2Captured},existing_capacity,2310.0
CO2Captured,NCEN,NCEN_CO2_Injection_NCEN_Niagaran01,NCEN_CO2_Injection_NCEN_Niagaran01_co2_captured_edge,CO2Injection,UnidirectionalEdge{CO2Captured},existing_capacity,6929.9
CO2Captured,CEN,CEN_CO2_Injection_CEN_Woodbine1,CEN_CO2_Injection_CEN_Woodbine1_co2_captured_edge,CO2Injection,UnidirectionalEdge{CO2Captured},existing_capacity,150147.7
CO2Captured,CEN,CEN_CO2_Injection_CEN_Lower_Tuscaloosa01,CEN_CO2_Injection_CEN_Lower_Tuscaloosa01_co2_captured_edge,CO2Injection,UnidirectionalEdge{CO2Captured},existing_capacity,75651.4
CO2Captured,CEN,CEN_CO2_Injection_CEN_Lower_Tuscaloosa10,CEN_CO2_Injection_CEN_Lower_Tuscaloosa10_co2_captured_edge,CO2Injection,UnidirectionalEdge{CO2Captured},existing_capacity,46199.3
CO2Captured,CEN,CEN_CO2_Injection_CEN_Arbuckle1,CEN_CO2_Injection_CEN_Arbuckle1_co2_captured_edge,CO2Injection,UnidirectionalEdge{CO2Captured},existing_capacity,9817.4
CO2Captured,CEN,CEN_CO2_Injection_CEN_Paluxy6,CEN_CO2_Injection_CEN_Paluxy6_co2_captured_edge,CO2Injection,UnidirectionalEdge{CO2Captured},existing_capacity,20789.7
CO2Captured,CEN,CEN_CO2_Injection_CEN_Paluxy2,CEN_CO2_Injection_CEN_Paluxy2_co2_captured_edge,CO2Injection,UnidirectionalEdge{CO2Captured},existing_capacity,46776.8
CO2Captured,CEN,CEN_CO2_Injection_CEN_Paluxy3,CEN_CO2_Injection_CEN_Paluxy3_co2_captured_edge,CO2Injection,UnidirectionalEdge{CO2Captured},existing_capacity,36959.4
CO2Captured,CEN,CEN_CO2_Injection_CEN_Basal_Cambrian8,CEN_CO2_Injection_CEN_Basal_Cambrian8_co2_captured_edge,CO2Injection,UnidirectionalEdge{CO2Captured},existing_capacity,25409.6
CO2Captured,CEN,CEN_CO2_Injection_CEN_Lower_Tuscaloosa07,CEN_CO2_Injection_CEN_Lower_Tuscaloosa07_co2_captured_edge,CO2Injection,UnidirectionalEdge{CO2Captured},existing_capacity,4619.9
CO2Captured,SE,SE_CO2_Injection_SE_WashitaFredericksburg1,SE_CO2_Injection_SE_WashitaFredericksburg1_co2_captured_edge,CO2Injection,UnidirectionalEdge{CO2Captured},existing_capacity,19634.7
CO2Captured,SE,SE_CO2_Injection_SE_Lower_Tuscaloosa02,SE_CO2_Injection_SE_Lower_Tuscaloosa02_co2_captured_edge,CO2Injection,UnidirectionalEdge{CO2Captured},existing_capacity,21367.2
CO2Captured,SE,SE_CO2_Injection_SE_WashitaFredericksburg2,SE_CO2_Injection_SE_WashitaFredericksburg2_co2_captured_edge,CO2Injection,UnidirectionalEdge{CO2Captured},existing_capacity,12704.8
CO2Captured,SE,SE_CO2_Injection_SE_Cedar_KeysLawson2,SE_CO2_Injection_SE_Cedar_KeysLawson2_co2_captured_edge,CO2Injection,UnidirectionalEdge{CO2Captured},existing_capacity,14437.3
CO2Captured,SE,SE_CO2_Injection_SE_Paluxy5,SE_CO2_Injection_SE_Paluxy5_co2_captured_edge,CO2Injection,UnidirectionalEdge{CO2Captured},existing_capacity,8662.4
CO2Captured,SE,SE_CO2_Injection_SE_Lower_Tuscaloosa03,SE_CO2_Injection_SE_Lower_Tuscaloosa03_co2_captured_edge,CO2Injection,UnidirectionalEdge{CO2Captured},existing_capacity,55439.2
CO2Captured,SE,SE_CO2_Injection_SE_Paluxy4,SE_CO2_Injection_SE_Paluxy4_co2_captured_edge,CO2Injection,UnidirectionalEdge{CO2Captured},existing_capacity,15014.8
CO2Captured,SE,SE_CO2_Injection_SE_Lower_Tuscaloosa04,SE_CO2_Injection_SE_Lower_Tuscaloosa04_co2_captured_edge,CO2Injection,UnidirectionalEdge{CO2Captured},existing_capacity,6929.9
CO2Captured,SE,SE_CO2_Injection_SE_Cedar_KeysLawson1,SE_CO2_Injection_SE_Cedar_KeysLawson1_co2_captured_edge,CO2Injection,UnidirectionalEdge{CO2Captured},existing_capacity,2887.5
CO2Captured,SE,SE_CO2_Injection_SE_Lower_Tuscaloosa05,SE_CO2_Injection_SE_Lower_Tuscaloosa05_co2_captured_edge,CO2Injection,UnidirectionalEdge{CO2Captured},existing_capacity,9239.9
CO2Captured,SE,SE_CO2_Injection_SE_Sunniland1,SE_CO2_Injection_SE_Sunniland1_co2_captured_edge,CO2Injection,UnidirectionalEdge{CO2Captured},existing_capacity,577.5
CO2Captured,MIDAT,MIDAT_CO2_Injection_MIDAT_Waste_Gate1,MIDAT_CO2_Injection_MIDAT_Waste_Gate1_co2_captured_edge,CO2Injection,UnidirectionalEdge{CO2Captured},existing_capacity,1155.0
CO2Captured,CA,co2_CA_to_NW,co2_CA_to_NW_charge_edge,GasStorage{CO2Captured},UnidirectionalEdge{CO2Captured},existing_capacity,0.0
CO2Captured,CA,co2_CA_to_NW,co2_CA_to_NW_discharge_edge,GasStorage{CO2Captured},UnidirectionalEdge{CO2Captured},existing_capacity,0.0
CO2Captured,NW,co2_NW_to_CA,co2_NW_to_CA_charge_edge,GasStorage{CO2Captured},UnidirectionalEdge{CO2Captured},existing_capacity,0.0
CO2Captured,NW,co2_NW_to_CA,co2_NW_to_CA_discharge_edge,GasStorage{CO2Captured},UnidirectionalEdge{CO2Captured},existing_capacity,0.0
CO2Captured,CA,co2_CA_to_SW,co2_CA_to_SW_charge_edge,GasStorage{CO2Captured},UnidirectionalEdge{CO2Captured},existing_capacity,0.0
CO2Captured,CA,co2_CA_to_SW,co2_CA_to_SW_discharge_edge,GasStorage{CO2Captured},UnidirectionalEdge{CO2Captured},existing_capacity,0.0
CO2Captured,SW,co2_SW_to_CA,co2_SW_to_CA_charge_edge,GasStorage{CO2Captured},UnidirectionalEdge{CO2Captured},existing_capacity,0.0
CO2Captured,SW,co2_SW_to_CA,co2_SW_to_CA_discharge_edge,GasStorage{CO2Captured},UnidirectionalEdge{CO2Captured},existing_capacity,0.0
CO2Captured,NW,co2_NW_to_SW,co2_NW_to_SW_charge_edge,GasStorage{CO2Captured},UnidirectionalEdge{CO2Captured},existing_capacity,0.0
CO2Captured,NW,co2_NW_to_SW,co2_NW_to_SW_discharge_edge,GasStorage{CO2Captured},UnidirectionalEdge{CO2Captured},existing_capacity,0.0
CO2Captured,SW,co2_SW_to_NW,co2_SW_to_NW_charge_edge,GasStorage{CO2Captured},UnidirectionalEdge{CO2Captured},existing_capacity,0.0
CO2Captured,SW,co2_SW_to_NW,co2_SW_to_NW_discharge_edge,GasStorage{CO2Captured},UnidirectionalEdge{CO2Captured},existing_capacity,0.0
CO2Captured,SW,co2_SW_to_CEN,co2_SW_to_CEN_charge_edge,GasStorage{CO2Captured},UnidirectionalEdge{CO2Captured},existing_capacity,0.0
CO2Captured,SW,co2_SW_to_CEN,co2_SW_to_CEN_discharge_edge,GasStorage{CO2Captured},UnidirectionalEdge{CO2Captured},existing_capacity,0.0
CO2Captured,CEN,co2_CEN_to_SW,co2_CEN_to_SW_charge_edge,GasStorage{CO2Captured},UnidirectionalEdge{CO2Captured},existing_capacity,0.0
CO2Captured,CEN,co2_CEN_to_SW,co2_CEN_to_SW_discharge_edge,GasStorage{CO2Captured},UnidirectionalEdge{CO2Captured},existing_capacity,0.0
CO2Captured,TX,co2_TX_to_CEN,co2_TX_to_CEN_charge_edge,GasStorage{CO2Captured},UnidirectionalEdge{CO2Captured},existing_capacity,0.0
CO2Captured,TX,co2_TX_to_CEN,co2_TX_to_CEN_discharge_edge,GasStorage{CO2Captured},UnidirectionalEdge{CO2Captured},existing_capacity,0.0
CO2Captured,CEN,co2_CEN_to_TX,co2_CEN_to_TX_charge_edge,GasStorage{CO2Captured},UnidirectionalEdge{CO2Captured},existing_capacity,0.0
CO2Captured,CEN,co2_CEN_to_TX,co2_CEN_to_TX_discharge_edge,GasStorage{CO2Captured},UnidirectionalEdge{CO2Captured},existing_capacity,0.0
CO2Captured,NCEN,co2_NCEN_to_CEN,co2_NCEN_to_CEN_charge_edge,GasStorage{CO2Captured},UnidirectionalEdge{CO2Captured},existing_capacity,0.0
CO2Captured,NCEN,co2_NCEN_to_CEN,co2_NCEN_to_CEN_discharge_edge,GasStorage{CO2Captured},UnidirectionalEdge{CO2Captured},existing_capacity,0.0
CO2Captured,CEN,co2_CEN_to_NCEN,co2_CEN_to_NCEN_charge_edge,GasStorage{CO2Captured},UnidirectionalEdge{CO2Captured},existing_capacity,0.0
CO2Captured,CEN,co2_CEN_to_NCEN,co2_CEN_to_NCEN_discharge_edge,GasStorage{CO2Captured},UnidirectionalEdge{CO2Captured},existing_capacity,0.0
CO2Captured,NCEN,co2_NCEN_to_SE,co2_NCEN_to_SE_charge_edge,GasStorage{CO2Captured},UnidirectionalEdge{CO2Captured},existing_capacity,0.0
CO2Captured,NCEN,co2_NCEN_to_SE,co2_NCEN_to_SE_discharge_edge,GasStorage{CO2Captured},UnidirectionalEdge{CO2Captured},existing_capacity,0.0
CO2Captured,SE,co2_SE_to_NCEN,co2_SE_to_NCEN_charge_edge,GasStorage{CO2Captured},UnidirectionalEdge{CO2Captured},existing_capacity,0.0
CO2Captured,SE,co2_SE_to_NCEN,co2_SE_to_NCEN_discharge_edge,GasStorage{CO2Captured},UnidirectionalEdge{CO2Captured},existing_capacity,0.0
CO2Captured,NCEN,co2_NCEN_to_MIDAT,co2_NCEN_to_MIDAT_charge_edge,GasStorage{CO2Captured},UnidirectionalEdge{CO2Captured},existing_capacity,0.0
CO2Captured,NCEN,co2_NCEN_to_MIDAT,co2_NCEN_to_MIDAT_discharge_edge,GasStorage{CO2Captured},UnidirectionalEdge{CO2Captured},existing_capacity,0.0
CO2Captured,MIDAT,co2_MIDAT_to_NCEN,co2_MIDAT_to_NCEN_charge_edge,GasStorage{CO2Captured},UnidirectionalEdge{CO2Captured},existing_capacity,0.0
CO2Captured,MIDAT,co2_MIDAT_to_NCEN,co2_MIDAT_to_NCEN_discharge_edge,GasStorage{CO2Captured},UnidirectionalEdge{CO2Captured},existing_capacity,0.0
CO2Captured,CEN,co2_CEN_to_SE,co2_CEN_to_SE_charge_edge,GasStorage{CO2Captured},UnidirectionalEdge{CO2Captured},existing_capacity,0.0
CO2Captured,CEN,co2_CEN_to_SE,co2_CEN_to_SE_discharge_edge,GasStorage{CO2Captured},UnidirectionalEdge{CO2Captured},existing_capacity,0.0
CO2Captured,SE,co2_SE_to_CEN,co2_SE_to_CEN_charge_edge,GasStorage{CO2Captured},UnidirectionalEdge{CO2Captured},existing_capacity,0.0
CO2Captured,SE,co2_SE_to_CEN,co2_SE_to_CEN_discharge_edge,GasStorage{CO2Captured},UnidirectionalEdge{CO2Captured},existing_capacity,0.0
CO2Captured,SE,co2_SE_to_MIDAT,co2_SE_to_MIDAT_charge_edge,GasStorage{CO2Captured},UnidirectionalEdge{CO2Captured},existing_capacity,0.0
CO2Captured,SE,co2_SE_to_MIDAT,co2_SE_to_MIDAT_discharge_edge,GasStorage{CO2Captured},UnidirectionalEdge{CO2Captured},existing_capacity,0.0
CO2Captured,MIDAT,co2_MIDAT_to_SE,co2_MIDAT_to_SE_charge_edge,GasStorage{CO2Captured},UnidirectionalEdge{CO2Captured},existing_capacity,0.0
CO2Captured,MIDAT,co2_MIDAT_to_SE,co2_MIDAT_to_SE_discharge_edge,GasStorage{CO2Captured},UnidirectionalEdge{CO2Captured},existing_capacity,0.0
CO2Captured,MIDAT,co2_MIDAT_to_NE,co2_MIDAT_to_NE_charge_edge,GasStorage{CO2Captured},UnidirectionalEdge{CO2Captured},existing_capacity,0.0
CO2Captured,MIDAT,co2_MIDAT_to_NE,co2_MIDAT_to_NE_discharge_edge,GasStorage{CO2Captured},UnidirectionalEdge{CO2Captured},existing_capacity,0.0
CO2Captured,NE,co2_NE_to_MIDAT,co2_NE_to_MIDAT_charge_edge,GasStorage{CO2Captured},UnidirectionalEdge{CO2Captured},existing_capacity,0.0
CO2Captured,NE,co2_NE_to_MIDAT,co2_NE_to_MIDAT_discharge_edge,GasStorage{CO2Captured},UnidirectionalEdge{CO2Captured},existing_capacity,0.0
Electricity,CA,CA_battery_moderate_0,CA_battery_moderate_0_discharge_edge,Battery,UnidirectionalEdge{Electricity},existing_capacity,0.0
Electricity,NW,NW_battery_moderate_0,NW_battery_moderate_0_discharge_edge,Battery,UnidirectionalEdge{Electricity},existing_capacity,0.0
Electricity,SW,SW_battery_moderate_0,SW_battery_moderate_0_discharge_edge,Battery,UnidirectionalEdge{Electricity},existing_capacity,0.0
Electricity,TX,TX_battery_moderate_0,TX_battery_moderate_0_discharge_edge,Battery,UnidirectionalEdge{Electricity},existing_capacity,0.0
Electricity,NCEN,NCEN_battery_moderate_0,NCEN_battery_moderate_0_discharge_edge,Battery,UnidirectionalEdge{Electricity},existing_capacity,0.0
Electricity,CEN,CEN_battery_moderate_0,CEN_battery_moderate_0_discharge_edge,Battery,UnidirectionalEdge{Electricity},existing_capacity,0.0
Electricity,SE,SE_battery_moderate_0,SE_battery_moderate_0_discharge_edge,Battery,UnidirectionalEdge{Electricity},existing_capacity,0.0
Electricity,MIDAT,MIDAT_battery_moderate_0,MIDAT_battery_moderate_0_discharge_edge,Battery,UnidirectionalEdge{Electricity},existing_capacity,0.0
Electricity,NE,NE_battery_moderate_0,NE_battery_moderate_0_discharge_edge,Battery,UnidirectionalEdge{Electricity},existing_capacity,0.0
Electricity,CA,CA_hydroelectric_pumped_storage_1,CA_hydroelectric_pumped_storage_1_discharge_edge,Battery,UnidirectionalEdge{Electricity},existing_capacity,3941.888
Electricity,CEN,CEN_hydroelectric_pumped_storage_1,CEN_hydroelectric_pumped_storage_1_discharge_edge,Battery,UnidirectionalEdge{Electricity},existing_capacity,943.008
Electricity,MIDAT,MIDAT_hydroelectric_pumped_storage_1,MIDAT_hydroelectric_pumped_storage_1_discharge_edge,Battery,UnidirectionalEdge{Electricity},existing_capacity,5244.0
Electricity,NE,NE_hydroelectric_pumped_storage_1,NE_hydroelectric_pumped_storage_1_discharge_edge,Battery,UnidirectionalEdge{Electricity},existing_capacity,3206.9
Electricity,NW,NW_hydroelectric_pumped_storage_1,NW_hydroelectric_pumped_storage_1_discharge_edge,Battery,UnidirectionalEdge{Electricity},existing_capacity,313.998
Electricity,NCEN,NCEN_hydroelectric_pumped_storage_1,NCEN_hydroelectric_pumped_storage_1_discharge_edge,Battery,UnidirectionalEdge{Electricity},existing_capacity,1999.002
Electricity,SE,SE_hydroelectric_pumped_storage_1,SE_hydroelectric_pumped_storage_1_discharge_edge,Battery,UnidirectionalEdge{Electricity},existing_capacity,6261.984
Electricity,SW,SW_hydroelectric_pumped_storage_1,SW_hydroelectric_pumped_storage_1_discharge_edge,Battery,UnidirectionalEdge{Electricity},existing_capacity,778.8
CO2,CA,CA_Sorbent_DAC,CA_Sorbent_DAC_co2_edge,ElectricDAC,UnidirectionalEdge{CO2},existing_capacity,0.0
CO2,NW,NW_Sorbent_DAC,NW_Sorbent_DAC_co2_edge,ElectricDAC,UnidirectionalEdge{CO2},existing_capacity,0.0
CO2,SW,SW_Sorbent_DAC,SW_Sorbent_DAC_co2_edge,ElectricDAC,UnidirectionalEdge{CO2},existing_capacity,0.0
CO2,TX,TX_Sorbent_DAC,TX_Sorbent_DAC_co2_edge,ElectricDAC,UnidirectionalEdge{CO2},existing_capacity,0.0
CO2,NCEN,NCEN_Sorbent_DAC,NCEN_Sorbent_DAC_co2_edge,ElectricDAC,UnidirectionalEdge{CO2},existing_capacity,0.0
CO2,CEN,CEN_Sorbent_DAC,CEN_Sorbent_DAC_co2_edge,ElectricDAC,UnidirectionalEdge{CO2},existing_capacity,0.0
CO2,SE,SE_Sorbent_DAC,SE_Sorbent_DAC_co2_edge,ElectricDAC,UnidirectionalEdge{CO2},existing_capacity,0.0
CO2,MIDAT,MIDAT_Sorbent_DAC,MIDAT_Sorbent_DAC_co2_edge,ElectricDAC,UnidirectionalEdge{CO2},existing_capacity,0.0
CO2,NE,NE_Sorbent_DAC,NE_Sorbent_DAC_co2_edge,ElectricDAC,UnidirectionalEdge{CO2},existing_capacity,0.0
Hydrogen,CA,CA_Electrolyzer,CA_Electrolyzer_h2_edge,Electrolyzer,EdgeWithUC{Hydrogen},existing_capacity,0.0
Hydrogen,NW,NW_Electrolyzer,NW_Electrolyzer_h2_edge,Electrolyzer,EdgeWithUC{Hydrogen},existing_capacity,0.0
Hydrogen,SW,SW_Electrolyzer,SW_Electrolyzer_h2_edge,Electrolyzer,EdgeWithUC{Hydrogen},existing_capacity,0.0
Hydrogen,TX,TX_Electrolyzer,TX_Electrolyzer_h2_edge,Electrolyzer,EdgeWithUC{Hydrogen},existing_capacity,0.0
Hydrogen,NCEN,NCEN_Electrolyzer,NCEN_Electrolyzer_h2_edge,Electrolyzer,EdgeWithUC{Hydrogen},existing_capacity,0.0
Hydrogen,CEN,CEN_Electrolyzer,CEN_Electrolyzer_h2_edge,Electrolyzer,EdgeWithUC{Hydrogen},existing_capacity,0.0
Hydrogen,SE,SE_Electrolyzer,SE_Electrolyzer_h2_edge,Electrolyzer,EdgeWithUC{Hydrogen},existing_capacity,0.0
Hydrogen,MIDAT,MIDAT_Electrolyzer,MIDAT_Electrolyzer_h2_edge,Electrolyzer,EdgeWithUC{Hydrogen},existing_capacity,0.0
Hydrogen,NE,NE_Electrolyzer,NE_Electrolyzer_h2_edge,Electrolyzer,EdgeWithUC{Hydrogen},existing_capacity,0.0
Electricity,CA,CA_onshore_wind_turbine_1,CA_onshore_wind_turbine_1_edge,VRE,UnidirectionalEdge{Electricity},existing_capacity,6063.2
Electricity,CA,CA_solar_photovoltaic_1,CA_solar_photovoltaic_1_edge,VRE,UnidirectionalEdge{Electricity},existing_capacity,12307.1
Electricity,CEN,CEN_onshore_wind_turbine_1,CEN_onshore_wind_turbine_1_edge,VRE,UnidirectionalEdge{Electricity},existing_capacity,27693.3
Electricity,CEN,CEN_solar_photovoltaic_1,CEN_solar_photovoltaic_1_edge,VRE,UnidirectionalEdge{Electricity},existing_capacity,1942.4
Electricity,MIDAT,MIDAT_onshore_wind_turbine_1,MIDAT_onshore_wind_turbine_1_edge,VRE,UnidirectionalEdge{Electricity},existing_capacity,3231.6
Electricity,MIDAT,MIDAT_solar_photovoltaic_1,MIDAT_solar_photovoltaic_1_edge,VRE,UnidirectionalEdge{Electricity},existing_capacity,2974.6
Electricity,NE,NE_onshore_wind_turbine_1,NE_onshore_wind_turbine_1_edge,VRE,UnidirectionalEdge{Electricity},existing_capacity,3654.5
Electricity,NE,NE_solar_photovoltaic_1,NE_solar_photovoltaic_1_edge,VRE,UnidirectionalEdge{Electricity},existing_capacity,1629.6
Electricity,NW,NW_onshore_wind_turbine_1,NW_onshore_wind_turbine_1_edge,VRE,UnidirectionalEdge{Electricity},existing_capacity,10851.5
Electricity,NW,NW_solar_photovoltaic_1,NW_solar_photovoltaic_1_edge,VRE,UnidirectionalEdge{Electricity},existing_capacity,537.7
Electricity,NCEN,NCEN_onshore_wind_turbine_1,NCEN_onshore_wind_turbine_1_edge,VRE,UnidirectionalEdge{Electricity},existing_capacity,22119.3
Electricity,NCEN,NCEN_solar_photovoltaic_1,NCEN_solar_photovoltaic_1_edge,VRE,UnidirectionalEdge{Electricity},existing_capacity,1261.0
Electricity,SE,SE_solar_photovoltaic_1,SE_solar_photovoltaic_1_edge,VRE,UnidirectionalEdge{Electricity},existing_capacity,8502.2
Electricity,SW,SW_onshore_wind_turbine_1,SW_onshore_wind_turbine_1_edge,VRE,UnidirectionalEdge{Electricity},existing_capacity,5283.2
Electricity,SW,SW_solar_photovoltaic_1,SW_solar_photovoltaic_1_edge,VRE,UnidirectionalEdge{Electricity},existing_capacity,7717.4
Electricity,TX,TX_onshore_wind_turbine_1,TX_onshore_wind_turbine_1_edge,VRE,UnidirectionalEdge{Electricity},existing_capacity,24925.4
Electricity,TX,TX_solar_photovoltaic_1,TX_solar_photovoltaic_1_edge,VRE,UnidirectionalEdge{Electricity},existing_capacity,596.0
Electricity,CA,CA_CCGT-H2,CA_CCGT-H2_elec_edge,ThermalPower{Hydrogen},EdgeWithUC{Electricity},existing_capacity,0.0
Electricity,NW,NW_CCGT-H2,NW_CCGT-H2_elec_edge,ThermalPower{Hydrogen},EdgeWithUC{Electricity},existing_capacity,0.0
Electricity,SW,SW_CCGT-H2,SW_CCGT-H2_elec_edge,ThermalPower{Hydrogen},EdgeWithUC{Electricity},existing_capacity,0.0
Electricity,TX,TX_CCGT-H2,TX_CCGT-H2_elec_edge,ThermalPower{Hydrogen},EdgeWithUC{Electricity},existing_capacity,0.0
Electricity,NCEN,NCEN_CCGT-H2,NCEN_CCGT-H2_elec_edge,ThermalPower{Hydrogen},EdgeWithUC{Electricity},existing_capacity,0.0
Electricity,CEN,CEN_CCGT-H2,CEN_CCGT-H2_elec_edge,ThermalPower{Hydrogen},EdgeWithUC{Electricity},existing_capacity,0.0
Electricity,SE,SE_CCGT-H2,SE_CCGT-H2_elec_edge,ThermalPower{Hydrogen},EdgeWithUC{Electricity},existing_capacity,0.0
Electricity,MIDAT,MIDAT_CCGT-H2,MIDAT_CCGT-H2_elec_edge,ThermalPower{Hydrogen},EdgeWithUC{Electricity},existing_capacity,0.0
Electricity,NE,NE_CCGT-H2,NE_CCGT-H2_elec_edge,ThermalPower{Hydrogen},EdgeWithUC{Electricity},existing_capacity,0.0
Electricity,CA,CA_OCGT-H2,CA_OCGT-H2_elec_edge,ThermalPower{Hydrogen},EdgeWithUC{Electricity},existing_capacity,0.0
Electricity,NW,NW_OCGT-H2,NW_OCGT-H2_elec_edge,ThermalPower{Hydrogen},EdgeWithUC{Electricity},existing_capacity,0.0
Electricity,SW,SW_OCGT-H2,SW_OCGT-H2_elec_edge,ThermalPower{Hydrogen},EdgeWithUC{Electricity},existing_capacity,0.0
Electricity,TX,TX_OCGT-H2,TX_OCGT-H2_elec_edge,ThermalPower{Hydrogen},EdgeWithUC{Electricity},existing_capacity,0.0
Electricity,NCEN,NCEN_OCGT-H2,NCEN_OCGT-H2_elec_edge,ThermalPower{Hydrogen},EdgeWithUC{Electricity},existing_capacity,0.0
Electricity,CEN,CEN_OCGT-H2,CEN_OCGT-H2_elec_edge,ThermalPower{Hydrogen},EdgeWithUC{Electricity},existing_capacity,0.0
Electricity,SE,SE_OCGT-H2,SE_OCGT-H2_elec_edge,ThermalPower{Hydrogen},EdgeWithUC{Electricity},existing_capacity,0.0
Electricity,MIDAT,MIDAT_OCGT-H2,MIDAT_OCGT-H2_elec_edge,ThermalPower{Hydrogen},EdgeWithUC{Electricity},existing_capacity,0.0
Electricity,NE,NE_OCGT-H2,NE_OCGT-H2_elec_edge,ThermalPower{Hydrogen},EdgeWithUC{Electricity},existing_capacity,0.0
Hydrogen,CA,h2_CA_to_NW,h2_CA_to_NW_charge_edge,GasStorage{Hydrogen},UnidirectionalEdge{Hydrogen},existing_capacity,0.0
Hydrogen,CA,h2_CA_to_NW,h2_CA_to_NW_discharge_edge,GasStorage{Hydrogen},UnidirectionalEdge{Hydrogen},existing_capacity,0.0
Hydrogen,NW,h2_NW_to_CA,h2_NW_to_CA_charge_edge,GasStorage{Hydrogen},UnidirectionalEdge{Hydrogen},existing_capacity,0.0
Hydrogen,NW,h2_NW_to_CA,h2_NW_to_CA_discharge_edge,GasStorage{Hydrogen},UnidirectionalEdge{Hydrogen},existing_capacity,0.0
Hydrogen,CA,h2_CA_to_SW,h2_CA_to_SW_charge_edge,GasStorage{Hydrogen},UnidirectionalEdge{Hydrogen},existing_capacity,0.0
Hydrogen,CA,h2_CA_to_SW,h2_CA_to_SW_discharge_edge,GasStorage{Hydrogen},UnidirectionalEdge{Hydrogen},existing_capacity,0.0
Hydrogen,SW,h2_SW_to_CA,h2_SW_to_CA_charge_edge,GasStorage{Hydrogen},UnidirectionalEdge{Hydrogen},existing_capacity,0.0
Hydrogen,SW,h2_SW_to_CA,h2_SW_to_CA_discharge_edge,GasStorage{Hydrogen},UnidirectionalEdge{Hydrogen},existing_capacity,0.0
Hydrogen,NW,h2_NW_to_SW,h2_NW_to_SW_charge_edge,GasStorage{Hydrogen},UnidirectionalEdge{Hydrogen},existing_capacity,0.0
Hydrogen,NW,h2_NW_to_SW,h2_NW_to_SW_discharge_edge,GasStorage{Hydrogen},UnidirectionalEdge{Hydrogen},existing_capacity,0.0
Hydrogen,SW,h2_SW_to_NW,h2_SW_to_NW_charge_edge,GasStorage{Hydrogen},UnidirectionalEdge{Hydrogen},existing_capacity,0.0
Hydrogen,SW,h2_SW_to_NW,h2_SW_to_NW_discharge_edge,GasStorage{Hydrogen},UnidirectionalEdge{Hydrogen},existing_capacity,0.0
Hydrogen,SW,h2_SW_to_CEN,h2_SW_to_CEN_charge_edge,GasStorage{Hydrogen},UnidirectionalEdge{Hydrogen},existing_capacity,0.0
Hydrogen,SW,h2_SW_to_CEN,h2_SW_to_CEN_discharge_edge,GasStorage{Hydrogen},UnidirectionalEdge{Hydrogen},existing_capacity,0.0
Hydrogen,CEN,h2_CEN_to_SW,h2_CEN_to_SW_charge_edge,GasStorage{Hydrogen},UnidirectionalEdge{Hydrogen},existing_capacity,0.0
Hydrogen,CEN,h2_CEN_to_SW,h2_CEN_to_SW_discharge_edge,GasStorage{Hydrogen},UnidirectionalEdge{Hydrogen},existing_capacity,0.0
Hydrogen,TX,h2_TX_to_CEN,h2_TX_to_CEN_charge_edge,GasStorage{Hydrogen},UnidirectionalEdge{Hydrogen},existing_capacity,0.0
Hydrogen,TX,h2_TX_to_CEN,h2_TX_to_CEN_discharge_edge,GasStorage{Hydrogen},UnidirectionalEdge{Hydrogen},existing_capacity,0.0
Hydrogen,CEN,h2_CEN_to_TX,h2_CEN_to_TX_charge_edge,GasStorage{Hydrogen},UnidirectionalEdge{Hydrogen},existing_capacity,0.0
Hydrogen,CEN,h2_CEN_to_TX,h2_CEN_to_TX_discharge_edge,GasStorage{Hydrogen},UnidirectionalEdge{Hydrogen},existing_capacity,0.0
Hydrogen,NCEN,h2_NCEN_to_CEN,h2_NCEN_to_CEN_charge_edge,GasStorage{Hydrogen},UnidirectionalEdge{Hydrogen},existing_capacity,0.0
Hydrogen,NCEN,h2_NCEN_to_CEN,h2_NCEN_to_CEN_discharge_edge,GasStorage{Hydrogen},UnidirectionalEdge{Hydrogen},existing_capacity,0.0
Hydrogen,CEN,h2_CEN_to_NCEN,h2_CEN_to_NCEN_charge_edge,GasStorage{Hydrogen},UnidirectionalEdge{Hydrogen},existing_capacity,0.0
Hydrogen,CEN,h2_CEN_to_NCEN,h2_CEN_to_NCEN_discharge_edge,GasStorage{Hydrogen},UnidirectionalEdge{Hydrogen},existing_capacity,0.0
Hydrogen,NCEN,h2_NCEN_to_SE,h2_NCEN_to_SE_charge_edge,GasStorage{Hydrogen},UnidirectionalEdge{Hydrogen},existing_capacity,0.0
Hydrogen,NCEN,h2_NCEN_to_SE,h2_NCEN_to_SE_discharge_edge,GasStorage{Hydrogen},UnidirectionalEdge{Hydrogen},existing_capacity,0.0
Hydrogen,SE,h2_SE_to_NCEN,h2_SE_to_NCEN_charge_edge,GasStorage{Hydrogen},UnidirectionalEdge{Hydrogen},existing_capacity,0.0
Hydrogen,SE,h2_SE_to_NCEN,h2_SE_to_NCEN_discharge_edge,GasStorage{Hydrogen},UnidirectionalEdge{Hydrogen},existing_capacity,0.0
Hydrogen,NCEN,h2_NCEN_to_MIDAT,h2_NCEN_to_MIDAT_charge_edge,GasStorage{Hydrogen},UnidirectionalEdge{Hydrogen},existing_capacity,0.0
Hydrogen,NCEN,h2_NCEN_to_MIDAT,h2_NCEN_to_MIDAT_discharge_edge,GasStorage{Hydrogen},UnidirectionalEdge{Hydrogen},existing_capacity,0.0
Hydrogen,MIDAT,h2_MIDAT_to_NCEN,h2_MIDAT_to_NCEN_charge_edge,GasStorage{Hydrogen},UnidirectionalEdge{Hydrogen},existing_capacity,0.0
Hydrogen,MIDAT,h2_MIDAT_to_NCEN,h2_MIDAT_to_NCEN_discharge_edge,GasStorage{Hydrogen},UnidirectionalEdge{Hydrogen},existing_capacity,0.0
Hydrogen,CEN,h2_CEN_to_SE,h2_CEN_to_SE_charge_edge,GasStorage{Hydrogen},UnidirectionalEdge{Hydrogen},existing_capacity,0.0
Hydrogen,CEN,h2_CEN_to_SE,h2_CEN_to_SE_discharge_edge,GasStorage{Hydrogen},UnidirectionalEdge{Hydrogen},existing_capacity,0.0
Hydrogen,SE,h2_SE_to_CEN,h2_SE_to_CEN_charge_edge,GasStorage{Hydrogen},UnidirectionalEdge{Hydrogen},existing_capacity,0.0
Hydrogen,SE,h2_SE_to_CEN,h2_SE_to_CEN_discharge_edge,GasStorage{Hydrogen},UnidirectionalEdge{Hydrogen},existing_capacity,0.0
Hydrogen,SE,h2_SE_to_MIDAT,h2_SE_to_MIDAT_charge_edge,GasStorage{Hydrogen},UnidirectionalEdge{Hydrogen},existing_capacity,0.0
Hydrogen,SE,h2_SE_to_MIDAT,h2_SE_to_MIDAT_discharge_edge,GasStorage{Hydrogen},UnidirectionalEdge{Hydrogen},existing_capacity,0.0
Hydrogen,MIDAT,h2_MIDAT_to_SE,h2_MIDAT_to_SE_charge_edge,GasStorage{Hydrogen},UnidirectionalEdge{Hydrogen},existing_capacity,0.0
Hydrogen,MIDAT,h2_MIDAT_to_SE,h2_MIDAT_to_SE_discharge_edge,GasStorage{Hydrogen},UnidirectionalEdge{Hydrogen},existing_capacity,0.0
Hydrogen,MIDAT,h2_MIDAT_to_NE,h2_MIDAT_to_NE_charge_edge,GasStorage{Hydrogen},UnidirectionalEdge{Hydrogen},existing_capacity,0.0
Hydrogen,MIDAT,h2_MIDAT_to_NE,h2_MIDAT_to_NE_discharge_edge,GasStorage{Hydrogen},UnidirectionalEdge{Hydrogen},existing_capacity,0.0
Hydrogen,NE,h2_NE_to_MIDAT,h2_NE_to_MIDAT_charge_edge,GasStorage{Hydrogen},UnidirectionalEdge{Hydrogen},existing_capacity,0.0
Hydrogen,NE,h2_NE_to_MIDAT,h2_NE_to_MIDAT_discharge_edge,GasStorage{Hydrogen},UnidirectionalEdge{Hydrogen},existing_capacity,0.0
Hydrogen,CA,CA_Above_ground_storage,CA_Above_ground_storage_charge_edge,GasStorage{Hydrogen},UnidirectionalEdge{Hydrogen},existing_capacity,0.0
Hydrogen,CA,CA_Above_ground_storage,CA_Above_ground_storage_discharge_edge,GasStorage{Hydrogen},UnidirectionalEdge{Hydrogen},existing_capacity,0.0
Hydrogen,NW,NW_Above_ground_storage,NW_Above_ground_storage_charge_edge,GasStorage{Hydrogen},UnidirectionalEdge{Hydrogen},existing_capacity,0.0
Hydrogen,NW,NW_Above_ground_storage,NW_Above_ground_storage_discharge_edge,GasStorage{Hydrogen},UnidirectionalEdge{Hydrogen},existing_capacity,0.0
Hydrogen,SW,SW_Above_ground_storage,SW_Above_ground_storage_charge_edge,GasStorage{Hydrogen},UnidirectionalEdge{Hydrogen},existing_capacity,0.0
Hydrogen,SW,SW_Above_ground_storage,SW_Above_ground_storage_discharge_edge,GasStorage{Hydrogen},UnidirectionalEdge{Hydrogen},existing_capacity,0.0
Hydrogen,TX,TX_Above_ground_storage,TX_Above_ground_storage_charge_edge,GasStorage{Hydrogen},UnidirectionalEdge{Hydrogen},existing_capacity,0.0
Hydrogen,TX,TX_Above_ground_storage,TX_Above_ground_storage_discharge_edge,GasStorage{Hydrogen},UnidirectionalEdge{Hydrogen},existing_capacity,0.0
Hydrogen,NCEN,NCEN_Above_ground_storage,NCEN_Above_ground_storage_charge_edge,GasStorage{Hydrogen},UnidirectionalEdge{Hydrogen},existing_capacity,0.0
Hydrogen,NCEN,NCEN_Above_ground_storage,NCEN_Above_ground_storage_discharge_edge,GasStorage{Hydrogen},UnidirectionalEdge{Hydrogen},existing_capacity,0.0
Hydrogen,CEN,CEN_Above_ground_storage,CEN_Above_ground_storage_charge_edge,GasStorage{Hydrogen},UnidirectionalEdge{Hydrogen},existing_capacity,0.0
Hydrogen,CEN,CEN_Above_ground_storage,CEN_Above_ground_storage_discharge_edge,GasStorage{Hydrogen},UnidirectionalEdge{Hydrogen},existing_capacity,0.0
Hydrogen,SE,SE_Above_ground_storage,SE_Above_ground_storage_charge_edge,GasStorage{Hydrogen},UnidirectionalEdge{Hydrogen},existing_capacity,0.0
Hydrogen,SE,SE_Above_ground_storage,SE_Above_ground_storage_discharge_edge,GasStorage{Hydrogen},UnidirectionalEdge{Hydrogen},existing_capacity,0.0
Hydrogen,MIDAT,MIDAT_Above_ground_storage,MIDAT_Above_ground_storage_charge_edge,GasStorage{Hydrogen},UnidirectionalEdge{Hydrogen},existing_capacity,0.0
Hydrogen,MIDAT,MIDAT_Above_ground_storage,MIDAT_Above_ground_storage_discharge_edge,GasStorage{Hydrogen},UnidirectionalEdge{Hydrogen},existing_capacity,0.0
Hydrogen,NE,NE_Above_ground_storage,NE_Above_ground_storage_charge_edge,GasStorage{Hydrogen},UnidirectionalEdge{Hydrogen},existing_capacity,0.0
Hydrogen,NE,NE_Above_ground_storage,NE_Above_ground_storage_discharge_edge,GasStorage{Hydrogen},UnidirectionalEdge{Hydrogen},existing_capacity,0.0
Electricity,CA,CA_conventional_hydroelectric_1,CA_conventional_hydroelectric_1_discharge_edge,HydroRes,UnidirectionalEdge{Electricity},existing_capacity,8768.208
Electricity,CA,CA_conventional_hydroelectric_1,CA_conventional_hydroelectric_1_inflow_edge,HydroRes,UnidirectionalEdge{Electricity},existing_capacity,8768.208
Electricity,CEN,CEN_conventional_hydroelectric_1,CEN_conventional_hydroelectric_1_discharge_edge,HydroRes,UnidirectionalEdge{Electricity},existing_capacity,5737.392
Electricity,CEN,CEN_conventional_hydroelectric_1,CEN_conventional_hydroelectric_1_inflow_edge,HydroRes,UnidirectionalEdge{Electricity},existing_capacity,5737.392
Electricity,MIDAT,MIDAT_conventional_hydroelectric_1,MIDAT_conventional_hydroelectric_1_discharge_edge,HydroRes,UnidirectionalEdge{Electricity},existing_capacity,2806.182
Electricity,MIDAT,MIDAT_conventional_hydroelectric_1,MIDAT_conventional_hydroelectric_1_inflow_edge,HydroRes,UnidirectionalEdge{Electricity},existing_capacity,2806.182
Electricity,NE,NE_conventional_hydroelectric_1,NE_conventional_hydroelectric_1_discharge_edge,HydroRes,UnidirectionalEdge{Electricity},existing_capacity,4729.48
Electricity,NE,NE_conventional_hydroelectric_1,NE_conventional_hydroelectric_1_inflow_edge,HydroRes,UnidirectionalEdge{Electricity},existing_capacity,4729.48
Electricity,NW,NW_conventional_hydroelectric_1,NW_conventional_hydroelectric_1_discharge_edge,HydroRes,UnidirectionalEdge{Electricity},existing_capacity,33915.912
Electricity,NW,NW_conventional_hydroelectric_1,NW_conventional_hydroelectric_1_inflow_edge,HydroRes,UnidirectionalEdge{Electricity},existing_capacity,33915.912
Electricity,NCEN,NCEN_conventional_hydroelectric_1,NCEN_conventional_hydroelectric_1_discharge_edge,HydroRes,UnidirectionalEdge{Electricity},existing_capacity,456.48
Electricity,NCEN,NCEN_conventional_hydroelectric_1,NCEN_conventional_hydroelectric_1_inflow_edge,HydroRes,UnidirectionalEdge{Electricity},existing_capacity,456.48
Electricity,SE,SE_conventional_hydroelectric_1,SE_conventional_hydroelectric_1_discharge_edge,HydroRes,UnidirectionalEdge{Electricity},existing_capacity,11123.215
Electricity,SE,SE_conventional_hydroelectric_1,SE_conventional_hydroelectric_1_inflow_edge,HydroRes,UnidirectionalEdge{Electricity},existing_capacity,11123.215
Electricity,SW,SW_conventional_hydroelectric_1,SW_conventional_hydroelectric_1_discharge_edge,HydroRes,UnidirectionalEdge{Electricity},existing_capacity,4444.005
Electricity,SW,SW_conventional_hydroelectric_1,SW_conventional_hydroelectric_1_inflow_edge,HydroRes,UnidirectionalEdge{Electricity},existing_capacity,4444.005
Electricity,TX,TX_conventional_hydroelectric_1,TX_conventional_hydroelectric_1_discharge_edge,HydroRes,UnidirectionalEdge{Electricity},existing_capacity,467.896
Electricity,TX,TX_conventional_hydroelectric_1,TX_conventional_hydroelectric_1_inflow_edge,HydroRes,UnidirectionalEdge{Electricity},existing_capacity,467.896
Electricity,CA,CA_small_hydroelectric_1,CA_small_hydroelectric_1_elec_edge,MustRun,UnidirectionalEdge{Electricity},existing_capacity,342.916
Electricity,CEN,CEN_small_hydroelectric_1,CEN_small_hydroelectric_1_elec_edge,MustRun,UnidirectionalEdge{Electricity},existing_capacity,137.904
Electricity,MIDAT,MIDAT_small_hydroelectric_1,MIDAT_small_hydroelectric_1_elec_edge,MustRun,UnidirectionalEdge{Electricity},existing_capacity,263.268
Electricity,NE,NE_small_hydroelectric_1,NE_small_hydroelectric_1_elec_edge,MustRun,UnidirectionalEdge{Electricity},existing_capacity,834.494
Electricity,NW,NW_small_hydroelectric_1,NW_small_hydroelectric_1_elec_edge,MustRun,UnidirectionalEdge{Electricity},existing_capacity,734.58
Electricity,NCEN,NCEN_small_hydroelectric_1,NCEN_small_hydroelectric_1_elec_edge,MustRun,UnidirectionalEdge{Electricity},existing_capacity,482.3
Electricity,SE,SE_small_hydroelectric_1,SE_small_hydroelectric_1_elec_edge,MustRun,UnidirectionalEdge{Electricity},existing_capacity,249.895
Electricity,SW,SW_small_hydroelectric_1,SW_small_hydroelectric_1_elec_edge,MustRun,UnidirectionalEdge{Electricity},existing_capacity,147.75
Electricity,TX,TX_small_hydroelectric_1,TX_small_hydroelectric_1_elec_edge,MustRun,UnidirectionalEdge{Electricity},existing_capacity,15.751
CO2,CA,CA_Solvent_wNGCC_DAC,CA_Solvent_wNGCC_DAC_co2_edge,NaturalGasDAC,UnidirectionalEdge{CO2},existing_capacity,0.0
CO2,NW,NW_Solvent_wNGCC_DAC,NW_Solvent_wNGCC_DAC_co2_edge,NaturalGasDAC,UnidirectionalEdge{CO2},existing_capacity,0.0
CO2,SW,SW_Solvent_wNGCC_DAC,SW_Solvent_wNGCC_DAC_co2_edge,NaturalGasDAC,UnidirectionalEdge{CO2},existing_capacity,0.0
CO2,TX,TX_Solvent_wNGCC_DAC,TX_Solvent_wNGCC_DAC_co2_edge,NaturalGasDAC,UnidirectionalEdge{CO2},existing_capacity,0.0
CO2,NCEN,NCEN_Solvent_wNGCC_DAC,NCEN_Solvent_wNGCC_DAC_co2_edge,NaturalGasDAC,UnidirectionalEdge{CO2},existing_capacity,0.0
CO2,CEN,CEN_Solvent_wNGCC_DAC,CEN_Solvent_wNGCC_DAC_co2_edge,NaturalGasDAC,UnidirectionalEdge{CO2},existing_capacity,0.0
CO2,SE,SE_Solvent_wNGCC_DAC,SE_Solvent_wNGCC_DAC_co2_edge,NaturalGasDAC,UnidirectionalEdge{CO2},existing_capacity,0.0
CO2,MIDAT,MIDAT_Solvent_wNGCC_DAC,MIDAT_Solvent_wNGCC_DAC_co2_edge,NaturalGasDAC,UnidirectionalEdge{CO2},existing_capacity,0.0
CO2,NE,NE_Solvent_wNGCC_DAC,NE_Solvent_wNGCC_DAC_co2_edge,NaturalGasDAC,UnidirectionalEdge{CO2},existing_capacity,0.0
CO2,CA,CA_Sorbent_wNGCC_DAC,CA_Sorbent_wNGCC_DAC_co2_edge,NaturalGasDAC,UnidirectionalEdge{CO2},existing_capacity,0.0
CO2,NW,NW_Sorbent_wNGCC_DAC,NW_Sorbent_wNGCC_DAC_co2_edge,NaturalGasDAC,UnidirectionalEdge{CO2},existing_capacity,0.0
CO2,SW,SW_Sorbent_wNGCC_DAC,SW_Sorbent_wNGCC_DAC_co2_edge,NaturalGasDAC,UnidirectionalEdge{CO2},existing_capacity,0.0
CO2,TX,TX_Sorbent_wNGCC_DAC,TX_Sorbent_wNGCC_DAC_co2_edge,NaturalGasDAC,UnidirectionalEdge{CO2},existing_capacity,0.0
CO2,NCEN,NCEN_Sorbent_wNGCC_DAC,NCEN_Sorbent_wNGCC_DAC_co2_edge,NaturalGasDAC,UnidirectionalEdge{CO2},existing_capacity,0.0
CO2,CEN,CEN_Sorbent_wNGCC_DAC,CEN_Sorbent_wNGCC_DAC_co2_edge,NaturalGasDAC,UnidirectionalEdge{CO2},existing_capacity,0.0
CO2,SE,SE_Sorbent_wNGCC_DAC,SE_Sorbent_wNGCC_DAC_co2_edge,NaturalGasDAC,UnidirectionalEdge{CO2},existing_capacity,0.0
CO2,MIDAT,MIDAT_Sorbent_wNGCC_DAC,MIDAT_Sorbent_wNGCC_DAC_co2_edge,NaturalGasDAC,UnidirectionalEdge{CO2},existing_capacity,0.0
CO2,NE,NE_Sorbent_wNGCC_DAC,NE_Sorbent_wNGCC_DAC_co2_edge,NaturalGasDAC,UnidirectionalEdge{CO2},existing_capacity,0.0
Hydrogen,CA,CA_ATR_wCCS_94pct,CA_ATR_wCCS_94pct_h2_edge,ThermalHydrogenCCS{NaturalGas},EdgeWithUC{Hydrogen},existing_capacity,0.0
Hydrogen,NW,NW_ATR_wCCS_94pct,NW_ATR_wCCS_94pct_h2_edge,ThermalHydrogenCCS{NaturalGas},EdgeWithUC{Hydrogen},existing_capacity,0.0
Hydrogen,SW,SW_ATR_wCCS_94pct,SW_ATR_wCCS_94pct_h2_edge,ThermalHydrogenCCS{NaturalGas},EdgeWithUC{Hydrogen},existing_capacity,0.0
Hydrogen,TX,TX_ATR_wCCS_94pct,TX_ATR_wCCS_94pct_h2_edge,ThermalHydrogenCCS{NaturalGas},EdgeWithUC{Hydrogen},existing_capacity,0.0
Hydrogen,NCEN,NCEN_ATR_wCCS_94pct,NCEN_ATR_wCCS_94pct_h2_edge,ThermalHydrogenCCS{NaturalGas},EdgeWithUC{Hydrogen},existing_capacity,0.0
Hydrogen,CEN,CEN_ATR_wCCS_94pct,CEN_ATR_wCCS_94pct_h2_edge,ThermalHydrogenCCS{NaturalGas},EdgeWithUC{Hydrogen},existing_capacity,0.0
Hydrogen,SE,SE_ATR_wCCS_94pct,SE_ATR_wCCS_94pct_h2_edge,ThermalHydrogenCCS{NaturalGas},EdgeWithUC{Hydrogen},existing_capacity,0.0
Hydrogen,MIDAT,MIDAT_ATR_wCCS_94pct,MIDAT_ATR_wCCS_94pct_h2_edge,ThermalHydrogenCCS{NaturalGas},EdgeWithUC{Hydrogen},existing_capacity,0.0
Hydrogen,NE,NE_ATR_wCCS_94pct,NE_ATR_wCCS_94pct_h2_edge,ThermalHydrogenCCS{NaturalGas},EdgeWithUC{Hydrogen},existing_capacity,0.0
Hydrogen,CA,CA_Large_SMR_wCCS_96pct,CA_Large_SMR_wCCS_96pct_h2_edge,ThermalHydrogenCCS{NaturalGas},EdgeWithUC{Hydrogen},existing_capacity,0.0
Hydrogen,NW,NW_Large_SMR_wCCS_96pct,NW_Large_SMR_wCCS_96pct_h2_edge,ThermalHydrogenCCS{NaturalGas},EdgeWithUC{Hydrogen},existing_capacity,0.0
Hydrogen,SW,SW_Large_SMR_wCCS_96pct,SW_Large_SMR_wCCS_96pct_h2_edge,ThermalHydrogenCCS{NaturalGas},EdgeWithUC{Hydrogen},existing_capacity,0.0
Hydrogen,TX,TX_Large_SMR_wCCS_96pct,TX_Large_SMR_wCCS_96pct_h2_edge,ThermalHydrogenCCS{NaturalGas},EdgeWithUC{Hydrogen},existing_capacity,0.0
Hydrogen,NCEN,NCEN_Large_SMR_wCCS_96pct,NCEN_Large_SMR_wCCS_96pct_h2_edge,ThermalHydrogenCCS{NaturalGas},EdgeWithUC{Hydrogen},existing_capacity,0.0
Hydrogen,CEN,CEN_Large_SMR_wCCS_96pct,CEN_Large_SMR_wCCS_96pct_h2_edge,ThermalHydrogenCCS{NaturalGas},EdgeWithUC{Hydrogen},existing_capacity,0.0
Hydrogen,SE,SE_Large_SMR_wCCS_96pct,SE_Large_SMR_wCCS_96pct_h2_edge,ThermalHydrogenCCS{NaturalGas},EdgeWithUC{Hydrogen},existing_capacity,0.0
Hydrogen,MIDAT,MIDAT_Large_SMR_wCCS_96pct,MIDAT_Large_SMR_wCCS_96pct_h2_edge,ThermalHydrogenCCS{NaturalGas},EdgeWithUC{Hydrogen},existing_capacity,0.0
Hydrogen,NE,NE_Large_SMR_wCCS_96pct,NE_Large_SMR_wCCS_96pct_h2_edge,ThermalHydrogenCCS{NaturalGas},EdgeWithUC{Hydrogen},existing_capacity,0.0
Electricity,CA,CA_natural_gas_fired_combined_cycle_1,CA_natural_gas_fired_combined_cycle_1_elec_edge,ThermalPower{NaturalGas},EdgeWithUC{Electricity},existing_capacity,2350.794
Electricity,CA,CA_natural_gas_fired_combined_cycle_2,CA_natural_gas_fired_combined_cycle_2_elec_edge,ThermalPower{NaturalGas},EdgeWithUC{Electricity},existing_capacity,15580.5
Electricity,CA,CA_natural_gas_fired_combined_cycle_3,CA_natural_gas_fired_combined_cycle_3_elec_edge,ThermalPower{NaturalGas},EdgeWithUC{Electricity},existing_capacity,1683.99
Electricity,CA,CA_natural_gas_fired_combined_cycle_4,CA_natural_gas_fired_combined_cycle_4_elec_edge,ThermalPower{NaturalGas},EdgeWithUC{Electricity},existing_capacity,340.698
Electricity,CA,CA_natural_gas_fired_combustion_turbine_1,CA_natural_gas_fired_combustion_turbine_1_elec_edge,ThermalPower{NaturalGas},EdgeWithUC{Electricity},existing_capacity,2418.186
Electricity,CA,CA_natural_gas_fired_combustion_turbine_2,CA_natural_gas_fired_combustion_turbine_2_elec_edge,ThermalPower{NaturalGas},EdgeWithUC{Electricity},existing_capacity,5900.029
Electricity,CEN,CEN_natural_gas_fired_combined_cycle_1,CEN_natural_gas_fired_combined_cycle_1_elec_edge,ThermalPower{NaturalGas},EdgeWithUC{Electricity},existing_capacity,2879.602
Electricity,CEN,CEN_natural_gas_fired_combined_cycle_2,CEN_natural_gas_fired_combined_cycle_2_elec_edge,ThermalPower{NaturalGas},EdgeWithUC{Electricity},existing_capacity,23647.911
Electricity,CEN,CEN_natural_gas_fired_combined_cycle_3,CEN_natural_gas_fired_combined_cycle_3_elec_edge,ThermalPower{NaturalGas},EdgeWithUC{Electricity},existing_capacity,3359.296
Electricity,CEN,CEN_natural_gas_fired_combustion_turbine_1,CEN_natural_gas_fired_combustion_turbine_1_elec_edge,ThermalPower{NaturalGas},EdgeWithUC{Electricity},existing_capacity,1351.518
Electricity,CEN,CEN_natural_gas_fired_combustion_turbine_2,CEN_natural_gas_fired_combustion_turbine_2_elec_edge,ThermalPower{NaturalGas},EdgeWithUC{Electricity},existing_capacity,12103.554
Electricity,MIDAT,MIDAT_natural_gas_fired_combined_cycle_1,MIDAT_natural_gas_fired_combined_cycle_1_elec_edge,ThermalPower{NaturalGas},EdgeWithUC{Electricity},existing_capacity,4026.4
Electricity,MIDAT,MIDAT_natural_gas_fired_combined_cycle_2,MIDAT_natural_gas_fired_combined_cycle_2_elec_edge,ThermalPower{NaturalGas},EdgeWithUC{Electricity},existing_capacity,31802.922
Electricity,MIDAT,MIDAT_natural_gas_fired_combined_cycle_3,MIDAT_natural_gas_fired_combined_cycle_3_elec_edge,ThermalPower{NaturalGas},EdgeWithUC{Electricity},existing_capacity,1697.696
Electricity,MIDAT,MIDAT_natural_gas_fired_combined_cycle_4,MIDAT_natural_gas_fired_combined_cycle_4_elec_edge,ThermalPower{NaturalGas},EdgeWithUC{Electricity},existing_capacity,20288.499
Electricity,MIDAT,MIDAT_natural_gas_fired_combustion_turbine_1,MIDAT_natural_gas_fired_combustion_turbine_1_elec_edge,ThermalPower{NaturalGas},EdgeWithUC{Electricity},existing_capacity,14508.75
Electricity,MIDAT,MIDAT_natural_gas_fired_combustion_turbine_2,MIDAT_natural_gas_fired_combustion_turbine_2_elec_edge,ThermalPower{NaturalGas},EdgeWithUC{Electricity},existing_capacity,704.718
Electricity,NE,NE_natural_gas_fired_combined_cycle_1,NE_natural_gas_fired_combined_cycle_1_elec_edge,ThermalPower{NaturalGas},EdgeWithUC{Electricity},existing_capacity,6119.616
Electricity,NE,NE_natural_gas_fired_combined_cycle_2,NE_natural_gas_fired_combined_cycle_2_elec_edge,ThermalPower{NaturalGas},EdgeWithUC{Electricity},existing_capacity,21225.12
Electricity,NE,NE_natural_gas_fired_combined_cycle_3,NE_natural_gas_fired_combined_cycle_3_elec_edge,ThermalPower{NaturalGas},EdgeWithUC{Electricity},existing_capacity,19.5
Electricity,NE,NE_natural_gas_fired_combustion_turbine_1,NE_natural_gas_fired_combustion_turbine_1_elec_edge,ThermalPower{NaturalGas},EdgeWithUC{Electricity},existing_capacity,1413.201
Electricity,NE,NE_natural_gas_fired_combustion_turbine_2,NE_natural_gas_fired_combustion_turbine_2_elec_edge,ThermalPower{NaturalGas},EdgeWithUC{Electricity},existing_capacity,2341.199
Electricity,NW,NW_natural_gas_fired_combined_cycle_1,NW_natural_gas_fired_combined_cycle_1_elec_edge,ThermalPower{NaturalGas},EdgeWithUC{Electricity},existing_capacity,2405.0
Electricity,NW,NW_natural_gas_fired_combined_cycle_2,NW_natural_gas_fired_combined_cycle_2_elec_edge,ThermalPower{NaturalGas},EdgeWithUC{Electricity},existing_capacity,3799.9
Electricity,NW,NW_natural_gas_fired_combined_cycle_3,NW_natural_gas_fired_combined_cycle_3_elec_edge,ThermalPower{NaturalGas},EdgeWithUC{Electricity},existing_capacity,6.5
Electricity,NW,NW_natural_gas_fired_combined_cycle_4,NW_natural_gas_fired_combined_cycle_4_elec_edge,ThermalPower{NaturalGas},EdgeWithUC{Electricity},existing_capacity,616.3
Electricity,NW,NW_natural_gas_fired_combustion_turbine_1,NW_natural_gas_fired_combustion_turbine_1_elec_edge,ThermalPower{NaturalGas},EdgeWithUC{Electricity},existing_capacity,253.198
Electricity,NW,NW_natural_gas_fired_combustion_turbine_2,NW_natural_gas_fired_combustion_turbine_2_elec_edge,ThermalPower{NaturalGas},EdgeWithUC{Electricity},existing_capacity,1568.6
Electricity,NCEN,NCEN_natural_gas_fired_combined_cycle_1,NCEN_natural_gas_fired_combined_cycle_1_elec_edge,ThermalPower{NaturalGas},EdgeWithUC{Electricity},existing_capacity,1962.198
Electricity,NCEN,NCEN_natural_gas_fired_combined_cycle_2,NCEN_natural_gas_fired_combined_cycle_2_elec_edge,ThermalPower{NaturalGas},EdgeWithUC{Electricity},existing_capacity,17664.891
Electricity,NCEN,NCEN_natural_gas_fired_combined_cycle_3,NCEN_natural_gas_fired_combined_cycle_3_elec_edge,ThermalPower{NaturalGas},EdgeWithUC{Electricity},existing_capacity,1900.794
Electricity,NCEN,NCEN_natural_gas_fired_combined_cycle_4,NCEN_natural_gas_fired_combined_cycle_4_elec_edge,ThermalPower{NaturalGas},EdgeWithUC{Electricity},existing_capacity,5.0
Electricity,NCEN,NCEN_natural_gas_fired_combustion_turbine_1,NCEN_natural_gas_fired_combustion_turbine_1_elec_edge,ThermalPower{NaturalGas},EdgeWithUC{Electricity},existing_capacity,15755.313
Electricity,NCEN,NCEN_natural_gas_fired_combustion_turbine_2,NCEN_natural_gas_fired_combustion_turbine_2_elec_edge,ThermalPower{NaturalGas},EdgeWithUC{Electricity},existing_capacity,1044.083
Electricity,SE,SE_natural_gas_fired_combined_cycle_1,SE_natural_gas_fired_combined_cycle_1_elec_edge,ThermalPower{NaturalGas},EdgeWithUC{Electricity},existing_capacity,26218.712
Electricity,SE,SE_natural_gas_fired_combined_cycle_2,SE_natural_gas_fired_combined_cycle_2_elec_edge,ThermalPower{NaturalGas},EdgeWithUC{Electricity},existing_capacity,4637.5
Electricity,SE,SE_natural_gas_fired_combined_cycle_3,SE_natural_gas_fired_combined_cycle_3_elec_edge,ThermalPower{NaturalGas},EdgeWithUC{Electricity},existing_capacity,42679.32
Electricity,SE,SE_natural_gas_fired_combined_cycle_4,SE_natural_gas_fired_combined_cycle_4_elec_edge,ThermalPower{NaturalGas},EdgeWithUC{Electricity},existing_capacity,6088.5
Electricity,SE,SE_natural_gas_fired_combustion_turbine_1,SE_natural_gas_fired_combustion_turbine_1_elec_edge,ThermalPower{NaturalGas},EdgeWithUC{Electricity},existing_capacity,24934.14
Electricity,SE,SE_natural_gas_fired_combustion_turbine_2,SE_natural_gas_fired_combustion_turbine_2_elec_edge,ThermalPower{NaturalGas},EdgeWithUC{Electricity},existing_capacity,683.209
Electricity,SW,SW_natural_gas_fired_combined_cycle_1,SW_natural_gas_fired_combined_cycle_1_elec_edge,ThermalPower{NaturalGas},EdgeWithUC{Electricity},existing_capacity,18675.696
Electricity,SW,SW_natural_gas_fired_combined_cycle_2,SW_natural_gas_fired_combined_cycle_2_elec_edge,ThermalPower{NaturalGas},EdgeWithUC{Electricity},existing_capacity,2747.304
Electricity,SW,SW_natural_gas_fired_combined_cycle_3,SW_natural_gas_fired_combined_cycle_3_elec_edge,ThermalPower{NaturalGas},EdgeWithUC{Electricity},existing_capacity,189.6
Electricity,SW,SW_natural_gas_fired_combustion_turbine_1,SW_natural_gas_fired_combustion_turbine_1_elec_edge,ThermalPower{NaturalGas},EdgeWithUC{Electricity},existing_capacity,5783.25
Electricity,SW,SW_natural_gas_fired_combustion_turbine_2,SW_natural_gas_fired_combustion_turbine_2_elec_edge,ThermalPower{NaturalGas},EdgeWithUC{Electricity},existing_capacity,749.0
Electricity,TX,TX_natural_gas_fired_combined_cycle_1,TX_natural_gas_fired_combined_cycle_1_elec_edge,ThermalPower{NaturalGas},EdgeWithUC{Electricity},existing_capacity,29316.215
Electricity,TX,TX_natural_gas_fired_combined_cycle_2,TX_natural_gas_fired_combined_cycle_2_elec_edge,ThermalPower{NaturalGas},EdgeWithUC{Electricity},existing_capacity,1727.298
Electricity,TX,TX_natural_gas_fired_combined_cycle_3,TX_natural_gas_fired_combined_cycle_3_elec_edge,ThermalPower{NaturalGas},EdgeWithUC{Electricity},existing_capacity,2439.6
Electricity,TX,TX_natural_gas_fired_combined_cycle_4,TX_natural_gas_fired_combined_cycle_4_elec_edge,ThermalPower{NaturalGas},EdgeWithUC{Electricity},existing_capacity,4699.904
Electricity,TX,TX_natural_gas_fired_combustion_turbine_1,TX_natural_gas_fired_combustion_turbine_1_elec_edge,ThermalPower{NaturalGas},EdgeWithUC{Electricity},existing_capacity,985.296
Electricity,TX,TX_natural_gas_fired_combustion_turbine_2,TX_natural_gas_fired_combustion_turbine_2_elec_edge,ThermalPower{NaturalGas},EdgeWithUC{Electricity},existing_capacity,3938.88
Electricity,CA,CA_naturalgas_ccavgcf_moderate_0,CA_naturalgas_ccavgcf_moderate_0_elec_edge,ThermalPower{NaturalGas},EdgeWithUC{Electricity},existing_capacity,0.0
Electricity,CA,CA_naturalgas_ctavgcf_moderate_0,CA_naturalgas_ctavgcf_moderate_0_elec_edge,ThermalPower{NaturalGas},EdgeWithUC{Electricity},existing_capacity,0.0
Electricity,NW,NW_naturalgas_ccavgcf_moderate_0,NW_naturalgas_ccavgcf_moderate_0_elec_edge,ThermalPower{NaturalGas},EdgeWithUC{Electricity},existing_capacity,0.0
Electricity,NW,NW_naturalgas_ctavgcf_moderate_0,NW_naturalgas_ctavgcf_moderate_0_elec_edge,ThermalPower{NaturalGas},EdgeWithUC{Electricity},existing_capacity,0.0
Electricity,SW,SW_naturalgas_ccavgcf_moderate_0,SW_naturalgas_ccavgcf_moderate_0_elec_edge,ThermalPower{NaturalGas},EdgeWithUC{Electricity},existing_capacity,0.0
Electricity,SW,SW_naturalgas_ctavgcf_moderate_0,SW_naturalgas_ctavgcf_moderate_0_elec_edge,ThermalPower{NaturalGas},EdgeWithUC{Electricity},existing_capacity,0.0
Electricity,TX,TX_naturalgas_ccavgcf_moderate_0,TX_naturalgas_ccavgcf_moderate_0_elec_edge,ThermalPower{NaturalGas},EdgeWithUC{Electricity},existing_capacity,0.0
Electricity,TX,TX_naturalgas_ctavgcf_moderate_0,TX_naturalgas_ctavgcf_moderate_0_elec_edge,ThermalPower{NaturalGas},EdgeWithUC{Electricity},existing_capacity,0.0
Electricity,NCEN,NCEN_naturalgas_ccavgcf_moderate_0,NCEN_naturalgas_ccavgcf_moderate_0_elec_edge,ThermalPower{NaturalGas},EdgeWithUC{Electricity},existing_capacity,0.0
Electricity,NCEN,NCEN_naturalgas_ctavgcf_moderate_0,NCEN_naturalgas_ctavgcf_moderate_0_elec_edge,ThermalPower{NaturalGas},EdgeWithUC{Electricity},existing_capacity,0.0
Electricity,CEN,CEN_naturalgas_ccavgcf_moderate_0,CEN_naturalgas_ccavgcf_moderate_0_elec_edge,ThermalPower{NaturalGas},EdgeWithUC{Electricity},existing_capacity,0.0
Electricity,CEN,CEN_naturalgas_ctavgcf_moderate_0,CEN_naturalgas_ctavgcf_moderate_0_elec_edge,ThermalPower{NaturalGas},EdgeWithUC{Electricity},existing_capacity,0.0
Electricity,SE,SE_naturalgas_ccavgcf_moderate_0,SE_naturalgas_ccavgcf_moderate_0_elec_edge,ThermalPower{NaturalGas},EdgeWithUC{Electricity},existing_capacity,0.0
Electricity,SE,SE_naturalgas_ctavgcf_moderate_0,SE_naturalgas_ctavgcf_moderate_0_elec_edge,ThermalPower{NaturalGas},EdgeWithUC{Electricity},existing_capacity,0.0
Electricity,MIDAT,MIDAT_naturalgas_ccavgcf_moderate_0,MIDAT_naturalgas_ccavgcf_moderate_0_elec_edge,ThermalPower{NaturalGas},EdgeWithUC{Electricity},existing_capacity,0.0
Electricity,MIDAT,MIDAT_naturalgas_ctavgcf_moderate_0,MIDAT_naturalgas_ctavgcf_moderate_0_elec_edge,ThermalPower{NaturalGas},EdgeWithUC{Electricity},existing_capacity,0.0
Electricity,NE,NE_naturalgas_ccavgcf_moderate_0,NE_naturalgas_ccavgcf_moderate_0_elec_edge,ThermalPower{NaturalGas},EdgeWithUC{Electricity},existing_capacity,0.0
Electricity,NE,NE_naturalgas_ctavgcf_moderate_0,NE_naturalgas_ctavgcf_moderate_0_elec_edge,ThermalPower{NaturalGas},EdgeWithUC{Electricity},existing_capacity,0.0
Electricity,CA,CA_naturalgas_ccccsavgcf_conservative_0,CA_naturalgas_ccccsavgcf_conservative_0_elec_edge,ThermalPowerCCS{NaturalGas},EdgeWithUC{Electricity},existing_capacity,0.0
Electricity,NW,NW_naturalgas_ccccsavgcf_conservative_0,NW_naturalgas_ccccsavgcf_conservative_0_elec_edge,ThermalPowerCCS{NaturalGas},EdgeWithUC{Electricity},existing_capacity,0.0
Electricity,SW,SW_naturalgas_ccccsavgcf_conservative_0,SW_naturalgas_ccccsavgcf_conservative_0_elec_edge,ThermalPowerCCS{NaturalGas},EdgeWithUC{Electricity},existing_capacity,0.0
Electricity,TX,TX_naturalgas_ccccsavgcf_conservative_0,TX_naturalgas_ccccsavgcf_conservative_0_elec_edge,ThermalPowerCCS{NaturalGas},EdgeWithUC{Electricity},existing_capacity,0.0
Electricity,NCEN,NCEN_naturalgas_ccccsavgcf_conservative_0,NCEN_naturalgas_ccccsavgcf_conservative_0_elec_edge,ThermalPowerCCS{NaturalGas},EdgeWithUC{Electricity},existing_capacity,0.0
Electricity,CEN,CEN_naturalgas_ccccsavgcf_conservative_0,CEN_naturalgas_ccccsavgcf_conservative_0_elec_edge,ThermalPowerCCS{NaturalGas},EdgeWithUC{Electricity},existing_capacity,0.0
Electricity,SE,SE_naturalgas_ccccsavgcf_conservative_0,SE_naturalgas_ccccsavgcf_conservative_0_elec_edge,ThermalPowerCCS{NaturalGas},EdgeWithUC{Electricity},existing_capacity,0.0
Electricity,MIDAT,MIDAT_naturalgas_ccccsavgcf_conservative_0,MIDAT_naturalgas_ccccsavgcf_conservative_0_elec_edge,ThermalPowerCCS{NaturalGas},EdgeWithUC{Electricity},existing_capacity,0.0
Electricity,NE,NE_naturalgas_ccccsavgcf_conservative_0,NE_naturalgas_ccccsavgcf_conservative_0_elec_edge,ThermalPowerCCS{NaturalGas},EdgeWithUC{Electricity},existing_capacity,0.0
Electricity,CA,CA_offshorewind_class10_moderate_floating_1_1,CA_offshorewind_class10_moderate_floating_1_1_edge,VRE,UnidirectionalEdge{Electricity},existing_capacity,0.0
Electricity,NW,NW_offshorewind_class10_moderate_floating_1_1,NW_offshorewind_class10_moderate_floating_1_1_edge,VRE,UnidirectionalEdge{Electricity},existing_capacity,0.0
Electricity,NE,NE_offshorewind_class10_moderate_floating_1_1,NE_offshorewind_class10_moderate_floating_1_1_edge,VRE,UnidirectionalEdge{Electricity},existing_capacity,0.0
Electricity,CA,CA_utilitypv_class1_moderate_70_0_2_1,CA_utilitypv_class1_moderate_70_0_2_1_edge,VRE,UnidirectionalEdge{Electricity},existing_capacity,0.0
Electricity,CA,CA_utilitypv_class1_moderate_70_0_2_2,CA_utilitypv_class1_moderate_70_0_2_2_edge,VRE,UnidirectionalEdge{Electricity},existing_capacity,0.0
Electricity,CA,CA_utilitypv_class1_moderate_70_0_2_3,CA_utilitypv_class1_moderate_70_0_2_3_edge,VRE,UnidirectionalEdge{Electricity},existing_capacity,0.0
Electricity,NW,NW_utilitypv_class1_moderate_70_0_2_1,NW_utilitypv_class1_moderate_70_0_2_1_edge,VRE,UnidirectionalEdge{Electricity},existing_capacity,0.0
Electricity,NW,NW_utilitypv_class1_moderate_70_0_2_2,NW_utilitypv_class1_moderate_70_0_2_2_edge,VRE,UnidirectionalEdge{Electricity},existing_capacity,0.0
Electricity,NW,NW_utilitypv_class1_moderate_70_0_2_3,NW_utilitypv_class1_moderate_70_0_2_3_edge,VRE,UnidirectionalEdge{Electricity},existing_capacity,0.0
Electricity,NW,NW_utilitypv_class1_moderate_70_0_2_4,NW_utilitypv_class1_moderate_70_0_2_4_edge,VRE,UnidirectionalEdge{Electricity},existing_capacity,0.0
Electricity,SW,SW_utilitypv_class1_moderate_70_0_2_1,SW_utilitypv_class1_moderate_70_0_2_1_edge,VRE,UnidirectionalEdge{Electricity},existing_capacity,0.0
Electricity,SW,SW_utilitypv_class1_moderate_70_0_2_2,SW_utilitypv_class1_moderate_70_0_2_2_edge,VRE,UnidirectionalEdge{Electricity},existing_capacity,0.0
Electricity,SW,SW_utilitypv_class1_moderate_70_0_2_3,SW_utilitypv_class1_moderate_70_0_2_3_edge,VRE,UnidirectionalEdge{Electricity},existing_capacity,0.0
Electricity,SW,SW_utilitypv_class1_moderate_70_0_2_4,SW_utilitypv_class1_moderate_70_0_2_4_edge,VRE,UnidirectionalEdge{Electricity},existing_capacity,0.0
Electricity,SW,SW_utilitypv_class1_moderate_70_0_2_5,SW_utilitypv_class1_moderate_70_0_2_5_edge,VRE,UnidirectionalEdge{Electricity},existing_capacity,0.0
Electricity,TX,TX_utilitypv_class1_moderate_70_0_2_1,TX_utilitypv_class1_moderate_70_0_2_1_edge,VRE,UnidirectionalEdge{Electricity},existing_capacity,0.0
Electricity,TX,TX_utilitypv_class1_moderate_70_0_2_2,TX_utilitypv_class1_moderate_70_0_2_2_edge,VRE,UnidirectionalEdge{Electricity},existing_capacity,0.0
Electricity,TX,TX_utilitypv_class1_moderate_70_0_2_3,TX_utilitypv_class1_moderate_70_0_2_3_edge,VRE,UnidirectionalEdge{Electricity},existing_capacity,0.0
Electricity,NCEN,NCEN_utilitypv_class1_moderate_70_0_2_1,NCEN_utilitypv_class1_moderate_70_0_2_1_edge,VRE,UnidirectionalEdge{Electricity},existing_capacity,0.0
Electricity,NCEN,NCEN_utilitypv_class1_moderate_70_0_2_2,NCEN_utilitypv_class1_moderate_70_0_2_2_edge,VRE,UnidirectionalEdge{Electricity},existing_capacity,0.0
Electricity,NCEN,NCEN_utilitypv_class1_moderate_70_0_2_3,NCEN_utilitypv_class1_moderate_70_0_2_3_edge,VRE,UnidirectionalEdge{Electricity},existing_capacity,0.0
Electricity,NCEN,NCEN_utilitypv_class1_moderate_70_0_2_4,NCEN_utilitypv_class1_moderate_70_0_2_4_edge,VRE,UnidirectionalEdge{Electricity},existing_capacity,0.0
Electricity,NCEN,NCEN_utilitypv_class1_moderate_70_0_2_5,NCEN_utilitypv_class1_moderate_70_0_2_5_edge,VRE,UnidirectionalEdge{Electricity},existing_capacity,0.0
Electricity,NCEN,NCEN_utilitypv_class1_moderate_70_0_2_6,NCEN_utilitypv_class1_moderate_70_0_2_6_edge,VRE,UnidirectionalEdge{Electricity},existing_capacity,0.0
Electricity,NCEN,NCEN_utilitypv_class1_moderate_70_0_2_7,NCEN_utilitypv_class1_moderate_70_0_2_7_edge,VRE,UnidirectionalEdge{Electricity},existing_capacity,0.0
Electricity,CEN,CEN_utilitypv_class1_moderate_70_0_2_1,CEN_utilitypv_class1_moderate_70_0_2_1_edge,VRE,UnidirectionalEdge{Electricity},existing_capacity,0.0
Electricity,CEN,CEN_utilitypv_class1_moderate_70_0_2_2,CEN_utilitypv_class1_moderate_70_0_2_2_edge,VRE,UnidirectionalEdge{Electricity},existing_capacity,0.0
Electricity,CEN,CEN_utilitypv_class1_moderate_70_0_2_3,CEN_utilitypv_class1_moderate_70_0_2_3_edge,VRE,UnidirectionalEdge{Electricity},existing_capacity,0.0
Electricity,CEN,CEN_utilitypv_class1_moderate_70_0_2_4,CEN_utilitypv_class1_moderate_70_0_2_4_edge,VRE,UnidirectionalEdge{Electricity},existing_capacity,0.0
Electricity,CEN,CEN_utilitypv_class1_moderate_70_0_2_5,CEN_utilitypv_class1_moderate_70_0_2_5_edge,VRE,UnidirectionalEdge{Electricity},existing_capacity,0.0
Electricity,SE,SE_utilitypv_class1_moderate_70_0_2_1,SE_utilitypv_class1_moderate_70_0_2_1_edge,VRE,UnidirectionalEdge{Electricity},existing_capacity,0.0
Electricity,SE,SE_utilitypv_class1_moderate_70_0_2_2,SE_utilitypv_class1_moderate_70_0_2_2_edge,VRE,UnidirectionalEdge{Electricity},existing_capacity,0.0
Electricity,SE,SE_utilitypv_class1_moderate_70_0_2_3,SE_utilitypv_class1_moderate_70_0_2_3_edge,VRE,UnidirectionalEdge{Electricity},existing_capacity,0.0
Electricity,SE,SE_utilitypv_class1_moderate_70_0_2_4,SE_utilitypv_class1_moderate_70_0_2_4_edge,VRE,UnidirectionalEdge{Electricity},existing_capacity,0.0
Electricity,SE,SE_utilitypv_class1_moderate_70_0_2_5,SE_utilitypv_class1_moderate_70_0_2_5_edge,VRE,UnidirectionalEdge{Electricity},existing_capacity,0.0
Electricity,SE,SE_utilitypv_class1_moderate_70_0_2_6,SE_utilitypv_class1_moderate_70_0_2_6_edge,VRE,UnidirectionalEdge{Electricity},existing_capacity,0.0
Electricity,SE,SE_utilitypv_class1_moderate_70_0_2_7,SE_utilitypv_class1_moderate_70_0_2_7_edge,VRE,UnidirectionalEdge{Electricity},existing_capacity,0.0
Electricity,SE,SE_utilitypv_class1_moderate_70_0_2_8,SE_utilitypv_class1_moderate_70_0_2_8_edge,VRE,UnidirectionalEdge{Electricity},existing_capacity,0.0
Electricity,MIDAT,MIDAT_utilitypv_class1_moderate_70_0_2_1,MIDAT_utilitypv_class1_moderate_70_0_2_1_edge,VRE,UnidirectionalEdge{Electricity},existing_capacity,0.0
Electricity,MIDAT,MIDAT_utilitypv_class1_moderate_70_0_2_2,MIDAT_utilitypv_class1_moderate_70_0_2_2_edge,VRE,UnidirectionalEdge{Electricity},existing_capacity,0.0
Electricity,MIDAT,MIDAT_utilitypv_class1_moderate_70_0_2_3,MIDAT_utilitypv_class1_moderate_70_0_2_3_edge,VRE,UnidirectionalEdge{Electricity},existing_capacity,0.0
Electricity,MIDAT,MIDAT_utilitypv_class1_moderate_70_0_2_4,MIDAT_utilitypv_class1_moderate_70_0_2_4_edge,VRE,UnidirectionalEdge{Electricity},existing_capacity,0.0
Electricity,MIDAT,MIDAT_utilitypv_class1_moderate_70_0_2_5,MIDAT_utilitypv_class1_moderate_70_0_2_5_edge,VRE,UnidirectionalEdge{Electricity},existing_capacity,0.0
Electricity,MIDAT,MIDAT_utilitypv_class1_moderate_70_0_2_6,MIDAT_utilitypv_class1_moderate_70_0_2_6_edge,VRE,UnidirectionalEdge{Electricity},existing_capacity,0.0
Electricity,MIDAT,MIDAT_utilitypv_class1_moderate_70_0_2_7,MIDAT_utilitypv_class1_moderate_70_0_2_7_edge,VRE,UnidirectionalEdge{Electricity},existing_capacity,0.0
Electricity,NE,NE_utilitypv_class1_moderate_70_0_2_1,NE_utilitypv_class1_moderate_70_0_2_1_edge,VRE,UnidirectionalEdge{Electricity},existing_capacity,0.0
Electricity,NE,NE_utilitypv_class1_moderate_70_0_2_2,NE_utilitypv_class1_moderate_70_0_2_2_edge,VRE,UnidirectionalEdge{Electricity},existing_capacity,0.0
Electricity,NE,NE_utilitypv_class1_moderate_70_0_2_3,NE_utilitypv_class1_moderate_70_0_2_3_edge,VRE,UnidirectionalEdge{Electricity},existing_capacity,0.0
Electricity,NE,NE_utilitypv_class1_moderate_70_0_2_4,NE_utilitypv_class1_moderate_70_0_2_4_edge,VRE,UnidirectionalEdge{Electricity},existing_capacity,0.0
Electricity,NE,NE_utilitypv_class1_moderate_70_0_2_5,NE_utilitypv_class1_moderate_70_0_2_5_edge,VRE,UnidirectionalEdge{Electricity},existing_capacity,0.0
Electricity,NE,NE_utilitypv_class1_moderate_70_0_2_6,NE_utilitypv_class1_moderate_70_0_2_6_edge,VRE,UnidirectionalEdge{Electricity},existing_capacity,0.0
Electricity,NE,NE_utilitypv_class1_moderate_70_0_2_7,NE_utilitypv_class1_moderate_70_0_2_7_edge,VRE,UnidirectionalEdge{Electricity},existing_capacity,0.0
Electricity,CA,CA_landbasedwind_class4_moderate_70_1,CA_landbasedwind_class4_moderate_70_1_edge,VRE,UnidirectionalEdge{Electricity},existing_capacity,0.0
Electricity,CA,CA_landbasedwind_class4_moderate_70_2,CA_landbasedwind_class4_moderate_70_2_edge,VRE,UnidirectionalEdge{Electricity},existing_capacity,0.0
Electricity,CA,CA_landbasedwind_class4_moderate_70_3,CA_landbasedwind_class4_moderate_70_3_edge,VRE,UnidirectionalEdge{Electricity},existing_capacity,0.0
Electricity,NW,NW_landbasedwind_class4_moderate_70_1,NW_landbasedwind_class4_moderate_70_1_edge,VRE,UnidirectionalEdge{Electricity},existing_capacity,0.0
Electricity,NW,NW_landbasedwind_class4_moderate_70_2,NW_landbasedwind_class4_moderate_70_2_edge,VRE,UnidirectionalEdge{Electricity},existing_capacity,0.0
Electricity,NW,NW_landbasedwind_class4_moderate_70_3,NW_landbasedwind_class4_moderate_70_3_edge,VRE,UnidirectionalEdge{Electricity},existing_capacity,0.0
Electricity,NW,NW_landbasedwind_class4_moderate_70_4,NW_landbasedwind_class4_moderate_70_4_edge,VRE,UnidirectionalEdge{Electricity},existing_capacity,0.0
Electricity,NW,NW_landbasedwind_class4_moderate_70_5,NW_landbasedwind_class4_moderate_70_5_edge,VRE,UnidirectionalEdge{Electricity},existing_capacity,0.0
Electricity,SW,SW_landbasedwind_class4_moderate_70_1,SW_landbasedwind_class4_moderate_70_1_edge,VRE,UnidirectionalEdge{Electricity},existing_capacity,0.0
Electricity,SW,SW_landbasedwind_class4_moderate_70_2,SW_landbasedwind_class4_moderate_70_2_edge,VRE,UnidirectionalEdge{Electricity},existing_capacity,0.0
Electricity,SW,SW_landbasedwind_class4_moderate_70_3,SW_landbasedwind_class4_moderate_70_3_edge,VRE,UnidirectionalEdge{Electricity},existing_capacity,0.0
Electricity,SW,SW_landbasedwind_class4_moderate_70_4,SW_landbasedwind_class4_moderate_70_4_edge,VRE,UnidirectionalEdge{Electricity},existing_capacity,0.0
Electricity,SW,SW_landbasedwind_class4_moderate_70_5,SW_landbasedwind_class4_moderate_70_5_edge,VRE,UnidirectionalEdge{Electricity},existing_capacity,0.0
Electricity,TX,TX_landbasedwind_class4_moderate_70_1,TX_landbasedwind_class4_moderate_70_1_edge,VRE,UnidirectionalEdge{Electricity},existing_capacity,0.0
Electricity,TX,TX_landbasedwind_class4_moderate_70_2,TX_landbasedwind_class4_moderate_70_2_edge,VRE,UnidirectionalEdge{Electricity},existing_capacity,0.0
Electricity,TX,TX_landbasedwind_class4_moderate_70_3,TX_landbasedwind_class4_moderate_70_3_edge,VRE,UnidirectionalEdge{Electricity},existing_capacity,0.0
Electricity,NCEN,NCEN_landbasedwind_class4_moderate_70_1,NCEN_landbasedwind_class4_moderate_70_1_edge,VRE,UnidirectionalEdge{Electricity},existing_capacity,0.0
Electricity,NCEN,NCEN_landbasedwind_class4_moderate_70_2,NCEN_landbasedwind_class4_moderate_70_2_edge,VRE,UnidirectionalEdge{Electricity},existing_capacity,0.0
Electricity,NCEN,NCEN_landbasedwind_class4_moderate_70_3,NCEN_landbasedwind_class4_moderate_70_3_edge,VRE,UnidirectionalEdge{Electricity},existing_capacity,0.0
Electricity,NCEN,NCEN_landbasedwind_class4_moderate_70_4,NCEN_landbasedwind_class4_moderate_70_4_edge,VRE,UnidirectionalEdge{Electricity},existing_capacity,0.0
Electricity,NCEN,NCEN_landbasedwind_class4_moderate_70_5,NCEN_landbasedwind_class4_moderate_70_5_edge,VRE,UnidirectionalEdge{Electricity},existing_capacity,0.0
Electricity,NCEN,NCEN_landbasedwind_class4_moderate_70_6,NCEN_landbasedwind_class4_moderate_70_6_edge,VRE,UnidirectionalEdge{Electricity},existing_capacity,0.0
Electricity,NCEN,NCEN_landbasedwind_class4_moderate_70_7,NCEN_landbasedwind_class4_moderate_70_7_edge,VRE,UnidirectionalEdge{Electricity},existing_capacity,0.0
Electricity,CEN,CEN_landbasedwind_class4_moderate_70_1,CEN_landbasedwind_class4_moderate_70_1_edge,VRE,UnidirectionalEdge{Electricity},existing_capacity,0.0
Electricity,CEN,CEN_landbasedwind_class4_moderate_70_2,CEN_landbasedwind_class4_moderate_70_2_edge,VRE,UnidirectionalEdge{Electricity},existing_capacity,0.0
Electricity,CEN,CEN_landbasedwind_class4_moderate_70_3,CEN_landbasedwind_class4_moderate_70_3_edge,VRE,UnidirectionalEdge{Electricity},existing_capacity,0.0
Electricity,CEN,CEN_landbasedwind_class4_moderate_70_4,CEN_landbasedwind_class4_moderate_70_4_edge,VRE,UnidirectionalEdge{Electricity},existing_capacity,0.0
Electricity,CEN,CEN_landbasedwind_class4_moderate_70_5,CEN_landbasedwind_class4_moderate_70_5_edge,VRE,UnidirectionalEdge{Electricity},existing_capacity,0.0
Electricity,CEN,CEN_landbasedwind_class4_moderate_70_6,CEN_landbasedwind_class4_moderate_70_6_edge,VRE,UnidirectionalEdge{Electricity},existing_capacity,0.0
Electricity,CEN,CEN_landbasedwind_class4_moderate_70_7,CEN_landbasedwind_class4_moderate_70_7_edge,VRE,UnidirectionalEdge{Electricity},existing_capacity,0.0
Electricity,SE,SE_landbasedwind_class4_moderate_70_1,SE_landbasedwind_class4_moderate_70_1_edge,VRE,UnidirectionalEdge{Electricity},existing_capacity,0.0
Electricity,SE,SE_landbasedwind_class4_moderate_70_2,SE_landbasedwind_class4_moderate_70_2_edge,VRE,UnidirectionalEdge{Electricity},existing_capacity,0.0
Electricity,SE,SE_landbasedwind_class4_moderate_70_3,SE_landbasedwind_class4_moderate_70_3_edge,VRE,UnidirectionalEdge{Electricity},existing_capacity,0.0
Electricity,SE,SE_landbasedwind_class4_moderate_70_4,SE_landbasedwind_class4_moderate_70_4_edge,VRE,UnidirectionalEdge{Electricity},existing_capacity,0.0
Electricity,SE,SE_landbasedwind_class4_moderate_70_5,SE_landbasedwind_class4_moderate_70_5_edge,VRE,UnidirectionalEdge{Electricity},existing_capacity,0.0
Electricity,SE,SE_landbasedwind_class4_moderate_70_6,SE_landbasedwind_class4_moderate_70_6_edge,VRE,UnidirectionalEdge{Electricity},existing_capacity,0.0
Electricity,SE,SE_landbasedwind_class4_moderate_70_7,SE_landbasedwind_class4_moderate_70_7_edge,VRE,UnidirectionalEdge{Electricity},existing_capacity,0.0
Electricity,SE,SE_landbasedwind_class4_moderate_70_8,SE_landbasedwind_class4_moderate_70_8_edge,VRE,UnidirectionalEdge{Electricity},existing_capacity,0.0
Electricity,MIDAT,MIDAT_landbasedwind_class4_moderate_70_1,MIDAT_landbasedwind_class4_moderate_70_1_edge,VRE,UnidirectionalEdge{Electricity},existing_capacity,0.0
Electricity,MIDAT,MIDAT_landbasedwind_class4_moderate_70_2,MIDAT_landbasedwind_class4_moderate_70_2_edge,VRE,UnidirectionalEdge{Electricity},existing_capacity,0.0
Electricity,MIDAT,MIDAT_landbasedwind_class4_moderate_70_3,MIDAT_landbasedwind_class4_moderate_70_3_edge,VRE,UnidirectionalEdge{Electricity},existing_capacity,0.0
Electricity,MIDAT,MIDAT_landbasedwind_class4_moderate_70_4,MIDAT_landbasedwind_class4_moderate_70_4_edge,VRE,UnidirectionalEdge{Electricity},existing_capacity,0.0
Electricity,MIDAT,MIDAT_landbasedwind_class4_moderate_70_5,MIDAT_landbasedwind_class4_moderate_70_5_edge,VRE,UnidirectionalEdge{Electricity},existing_capacity,0.0
Electricity,MIDAT,MIDAT_landbasedwind_class4_moderate_70_6,MIDAT_landbasedwind_class4_moderate_70_6_edge,VRE,UnidirectionalEdge{Electricity},existing_capacity,0.0
Electricity,MIDAT,MIDAT_landbasedwind_class4_moderate_70_7,MIDAT_landbasedwind_class4_moderate_70_7_edge,VRE,UnidirectionalEdge{Electricity},existing_capacity,0.0
Electricity,NE,NE_landbasedwind_class4_moderate_70_1,NE_landbasedwind_class4_moderate_70_1_edge,VRE,UnidirectionalEdge{Electricity},existing_capacity,0.0
Electricity,NE,NE_landbasedwind_class4_moderate_70_2,NE_landbasedwind_class4_moderate_70_2_edge,VRE,UnidirectionalEdge{Electricity},existing_capacity,0.0
Electricity,NE,NE_landbasedwind_class4_moderate_70_3,NE_landbasedwind_class4_moderate_70_3_edge,VRE,UnidirectionalEdge{Electricity},existing_capacity,0.0
Electricity,NE,NE_landbasedwind_class4_moderate_70_4,NE_landbasedwind_class4_moderate_70_4_edge,VRE,UnidirectionalEdge{Electricity},existing_capacity,0.0
Electricity,NE,NE_landbasedwind_class4_moderate_70_5,NE_landbasedwind_class4_moderate_70_5_edge,VRE,UnidirectionalEdge{Electricity},existing_capacity,0.0
Electricity,NE,NE_landbasedwind_class4_moderate_70_6,NE_landbasedwind_class4_moderate_70_6_edge,VRE,UnidirectionalEdge{Electricity},existing_capacity,0.0
Electricity,NE,NE_landbasedwind_class4_moderate_70_7,NE_landbasedwind_class4_moderate_70_7_edge,VRE,UnidirectionalEdge{Electricity},existing_capacity,0.0
Electricity,CEN,CEN_nuclear_1,CEN_nuclear_1_elec_edge,ThermalPower{Uranium},EdgeWithUC{Electricity},existing_capacity,4150.0
Electricity,CEN,CEN_nuclear_2,CEN_nuclear_2_elec_edge,ThermalPower{Uranium},EdgeWithUC{Electricity},existing_capacity,3108.999
Electricity,MIDAT,MIDAT_nuclear_1,MIDAT_nuclear_1_elec_edge,ThermalPower{Uranium},EdgeWithUC{Electricity},existing_capacity,2440.0
Electricity,MIDAT,MIDAT_nuclear_2,MIDAT_nuclear_2_elec_edge,ThermalPower{Uranium},EdgeWithUC{Electricity},existing_capacity,17770.208
Electricity,NE,NE_nuclear_1,NE_nuclear_1_elec_edge,ThermalPower{Uranium},EdgeWithUC{Electricity},existing_capacity,3395.7
Electricity,NE,NE_nuclear_2,NE_nuclear_2_elec_edge,ThermalPower{Uranium},EdgeWithUC{Electricity},existing_capacity,2104.7
Electricity,NW,NW_nuclear_1,NW_nuclear_1_elec_edge,ThermalPower{Uranium},EdgeWithUC{Electricity},existing_capacity,1163.0
Electricity,NCEN,NCEN_nuclear_1,NCEN_nuclear_1_elec_edge,ThermalPower{Uranium},EdgeWithUC{Electricity},existing_capacity,11463.504
Electricity,NCEN,NCEN_nuclear_2,NCEN_nuclear_2_elec_edge,ThermalPower{Uranium},EdgeWithUC{Electricity},existing_capacity,2885.001
Electricity,SE,SE_nuclear_1,SE_nuclear_1_elec_edge,ThermalPower{Uranium},EdgeWithUC{Electricity},existing_capacity,33632.288
Electricity,SE,SE_nuclear_2,SE_nuclear_2_elec_edge,ThermalPower{Uranium},EdgeWithUC{Electricity},existing_capacity,2228.0
Electricity,SW,SW_nuclear_1,SW_nuclear_1_elec_edge,ThermalPower{Uranium},EdgeWithUC{Electricity},existing_capacity,4002.999
Electricity,TX,TX_nuclear_1,TX_nuclear_1_elec_edge,ThermalPower{Uranium},EdgeWithUC{Electricity},existing_capacity,2560.0
Electricity,TX,TX_nuclear_2,TX_nuclear_2_elec_edge,ThermalPower{Uranium},EdgeWithUC{Electricity},existing_capacity,2460.0
Electricity,CA,CA_nuclear_mid_0,CA_nuclear_mid_0_elec_edge,ThermalPower{Uranium},EdgeWithUC{Electricity},existing_capacity,0.0
Electricity,NW,NW_nuclear_mid_0,NW_nuclear_mid_0_elec_edge,ThermalPower{Uranium},EdgeWithUC{Electricity},existing_capacity,0.0
Electricity,SW,SW_nuclear_mid_0,SW_nuclear_mid_0_elec_edge,ThermalPower{Uranium},EdgeWithUC{Electricity},existing_capacity,0.0
Electricity,TX,TX_nuclear_mid_0,TX_nuclear_mid_0_elec_edge,ThermalPower{Uranium},EdgeWithUC{Electricity},existing_capacity,0.0
Electricity,NCEN,NCEN_nuclear_mid_0,NCEN_nuclear_mid_0_elec_edge,ThermalPower{Uranium},EdgeWithUC{Electricity},existing_capacity,0.0
Electricity,CEN,CEN_nuclear_mid_0,CEN_nuclear_mid_0_elec_edge,ThermalPower{Uranium},EdgeWithUC{Electricity},existing_capacity,0.0
Electricity,SE,SE_nuclear_mid_0,SE_nuclear_mid_0_elec_edge,ThermalPower{Uranium},EdgeWithUC{Electricity},existing_capacity,0.0
Electricity,MIDAT,MIDAT_nuclear_mid_0,MIDAT_nuclear_mid_0_elec_edge,ThermalPower{Uranium},EdgeWithUC{Electricity},existing_capacity,0.0
Electricity,NE,NE_nuclear_mid_0,NE_nuclear_mid_0_elec_edge,ThermalPower{Uranium},EdgeWithUC{Electricity},existing_capacity,0.0
CO2Captured,CA,CA_Synfuel_Plant,CA_Synfuel_Plant_co2_captured_edge,SyntheticLiquidFuels,UnidirectionalEdge{CO2Captured},existing_capacity,0.0
CO2Captured,NW,NW_Synfuel_Plant,NW_Synfuel_Plant_co2_captured_edge,SyntheticLiquidFuels,UnidirectionalEdge{CO2Captured},existing_capacity,0.0
CO2Captured,SW,SW_Synfuel_Plant,SW_Synfuel_Plant_co2_captured_edge,SyntheticLiquidFuels,UnidirectionalEdge{CO2Captured},existing_capacity,0.0
CO2Captured,TX,TX_Synfuel_Plant,TX_Synfuel_Plant_co2_captured_edge,SyntheticLiquidFuels,UnidirectionalEdge{CO2Captured},existing_capacity,0.0
CO2Captured,NCEN,NCEN_Synfuel_Plant,NCEN_Synfuel_Plant_co2_captured_edge,SyntheticLiquidFuels,UnidirectionalEdge{CO2Captured},existing_capacity,0.0
CO2Captured,CEN,CEN_Synfuel_Plant,CEN_Synfuel_Plant_co2_captured_edge,SyntheticLiquidFuels,UnidirectionalEdge{CO2Captured},existing_capacity,0.0
CO2Captured,SE,SE_Synfuel_Plant,SE_Synfuel_Plant_co2_captured_edge,SyntheticLiquidFuels,UnidirectionalEdge{CO2Captured},existing_capacity,0.0
CO2Captured,MIDAT,MIDAT_Synfuel_Plant,MIDAT_Synfuel_Plant_co2_captured_edge,SyntheticLiquidFuels,UnidirectionalEdge{CO2Captured},existing_capacity,0.0
CO2Captured,NE,NE_Synfuel_Plant,NE_Synfuel_Plant_co2_captured_edge,SyntheticLiquidFuels,UnidirectionalEdge{CO2Captured},existing_capacity,0.0
CO2Captured,CA,CA_Synfuel_Plant_wCCS_Stored_99pct,CA_Synfuel_Plant_wCCS_Stored_99pct_co2_captured_edge,SyntheticLiquidFuels,UnidirectionalEdge{CO2Captured},existing_capacity,0.0
CO2Captured,NW,NW_Synfuel_Plant_wCCS_Stored_99pct,NW_Synfuel_Plant_wCCS_Stored_99pct_co2_captured_edge,SyntheticLiquidFuels,UnidirectionalEdge{CO2Captured},existing_capacity,0.0
CO2Captured,SW,SW_Synfuel_Plant_wCCS_Stored_99pct,SW_Synfuel_Plant_wCCS_Stored_99pct_co2_captured_edge,SyntheticLiquidFuels,UnidirectionalEdge{CO2Captured},existing_capacity,0.0
CO2Captured,TX,TX_Synfuel_Plant_wCCS_Stored_99pct,TX_Synfuel_Plant_wCCS_Stored_99pct_co2_captured_edge,SyntheticLiquidFuels,UnidirectionalEdge{CO2Captured},existing_capacity,0.0
CO2Captured,NCEN,NCEN_Synfuel_Plant_wCCS_Stored_99pct,NCEN_Synfuel_Plant_wCCS_Stored_99pct_co2_captured_edge,SyntheticLiquidFuels,UnidirectionalEdge{CO2Captured},existing_capacity,0.0
CO2Captured,CEN,CEN_Synfuel_Plant_wCCS_Stored_99pct,CEN_Synfuel_Plant_wCCS_Stored_99pct_co2_captured_edge,SyntheticLiquidFuels,UnidirectionalEdge{CO2Captured},existing_capacity,0.0
CO2Captured,SE,SE_Synfuel_Plant_wCCS_Stored_99pct,SE_Synfuel_Plant_wCCS_Stored_99pct_co2_captured_edge,SyntheticLiquidFuels,UnidirectionalEdge{CO2Captured},existing_capacity,0.0
CO2Captured,MIDAT,MIDAT_Synfuel_Plant_wCCS_Stored_99pct,MIDAT_Synfuel_Plant_wCCS_Stored_99pct_co2_captured_edge,SyntheticLiquidFuels,UnidirectionalEdge{CO2Captured},existing_capacity,0.0
CO2Captured,NE,NE_Synfuel_Plant_wCCS_Stored_99pct,NE_Synfuel_Plant_wCCS_Stored_99pct_co2_captured_edge,SyntheticLiquidFuels,UnidirectionalEdge{CO2Captured},existing_capacity,0.0
CO2Captured,CA,CA_Synfuel_Plant_wCCS_Recycled_99pct,CA_Synfuel_Plant_wCCS_Recycled_99pct_co2_captured_edge,SyntheticLiquidFuels,UnidirectionalEdge{CO2Captured},existing_capacity,0.0
CO2Captured,NW,NW_Synfuel_Plant_wCCS_Recycled_99pct,NW_Synfuel_Plant_wCCS_Recycled_99pct_co2_captured_edge,SyntheticLiquidFuels,UnidirectionalEdge{CO2Captured},existing_capacity,0.0
CO2Captured,SW,SW_Synfuel_Plant_wCCS_Recycled_99pct,SW_Synfuel_Plant_wCCS_Recycled_99pct_co2_captured_edge,SyntheticLiquidFuels,UnidirectionalEdge{CO2Captured},existing_capacity,0.0
CO2Captured,TX,TX_Synfuel_Plant_wCCS_Recycled_99pct,TX_Synfuel_Plant_wCCS_Recycled_99pct_co2_captured_edge,SyntheticLiquidFuels,UnidirectionalEdge{CO2Captured},existing_capacity,0.0
CO2Captured,NCEN,NCEN_Synfuel_Plant_wCCS_Recycled_99pct,NCEN_Synfuel_Plant_wCCS_Recycled_99pct_co2_captured_edge,SyntheticLiquidFuels,UnidirectionalEdge{CO2Captured},existing_capacity,0.0
CO2Captured,CEN,CEN_Synfuel_Plant_wCCS_Recycled_99pct,CEN_Synfuel_Plant_wCCS_Recycled_99pct_co2_captured_edge,SyntheticLiquidFuels,UnidirectionalEdge{CO2Captured},existing_capacity,0.0
CO2Captured,SE,SE_Synfuel_Plant_wCCS_Recycled_99pct,SE_Synfuel_Plant_wCCS_Recycled_99pct_co2_captured_edge,SyntheticLiquidFuels,UnidirectionalEdge{CO2Captured},existing_capacity,0.0
CO2Captured,MIDAT,MIDAT_Synfuel_Plant_wCCS_Recycled_99pct,MIDAT_Synfuel_Plant_wCCS_Recycled_99pct_co2_captured_edge,SyntheticLiquidFuels,UnidirectionalEdge{CO2Captured},existing_capacity,0.0
CO2Captured,NE,NE_Synfuel_Plant_wCCS_Recycled_99pct,NE_Synfuel_Plant_wCCS_Recycled_99pct_co2_captured_edge,SyntheticLiquidFuels,UnidirectionalEdge{CO2Captured},existing_capacity,0.0
CO2Captured,CA,CA_Syn_NG_Plant,CA_Syn_NG_Plant_co2_captured_edge,SyntheticNaturalGas,UnidirectionalEdge{CO2Captured},existing_capacity,0.0
CO2Captured,NW,NW_Syn_NG_Plant,NW_Syn_NG_Plant_co2_captured_edge,SyntheticNaturalGas,UnidirectionalEdge{CO2Captured},existing_capacity,0.0
CO2Captured,SW,SW_Syn_NG_Plant,SW_Syn_NG_Plant_co2_captured_edge,SyntheticNaturalGas,UnidirectionalEdge{CO2Captured},existing_capacity,0.0
CO2Captured,TX,TX_Syn_NG_Plant,TX_Syn_NG_Plant_co2_captured_edge,SyntheticNaturalGas,UnidirectionalEdge{CO2Captured},existing_capacity,0.0
CO2Captured,NCEN,NCEN_Syn_NG_Plant,NCEN_Syn_NG_Plant_co2_captured_edge,SyntheticNaturalGas,UnidirectionalEdge{CO2Captured},existing_capacity,0.0
CO2Captured,CEN,CEN_Syn_NG_Plant,CEN_Syn_NG_Plant_co2_captured_edge,SyntheticNaturalGas,UnidirectionalEdge{CO2Captured},existing_capacity,0.0
CO2Captured,SE,SE_Syn_NG_Plant,SE_Syn_NG_Plant_co2_captured_edge,SyntheticNaturalGas,UnidirectionalEdge{CO2Captured},existing_capacity,0.0
CO2Captured,MIDAT,MIDAT_Syn_NG_Plant,MIDAT_Syn_NG_Plant_co2_captured_edge,SyntheticNaturalGas,UnidirectionalEdge{CO2Captured},existing_capacity,0.0
CO2Captured,NE,NE_Syn_NG_Plant,NE_Syn_NG_Plant_co2_captured_edge,SyntheticNaturalGas,UnidirectionalEdge{CO2Captured},existing_capacity,0.0
Electricity,CA_NW,CA_to_NW,CA_to_NW_transmission_edge,TransmissionLink{Electricity},BidirectionalEdge{Electricity},existing_capacity,6533.0
Electricity,CA_SW,CA_to_SW,CA_to_SW_transmission_edge,TransmissionLink{Electricity},BidirectionalEdge{Electricity},existing_capacity,11964.0
Electricity,NW_SW,NW_to_SW,NW_to_SW_transmission_edge,TransmissionLink{Electricity},BidirectionalEdge{Electricity},existing_capacity,4530.0
Electricity,SW_CEN,SW_to_CEN,SW_to_CEN_transmission_edge,TransmissionLink{Electricity},BidirectionalEdge{Electricity},existing_capacity,610.0
Electricity,TX_CEN,TX_to_CEN,TX_to_CEN_transmission_edge,TransmissionLink{Electricity},BidirectionalEdge{Electricity},existing_capacity,2525.0
Electricity,NCEN_CEN,NCEN_to_CEN,NCEN_to_CEN_transmission_edge,TransmissionLink{Electricity},BidirectionalEdge{Electricity},existing_capacity,9851.0
Electricity,NCEN_SE,NCEN_to_SE,NCEN_to_SE_transmission_edge,TransmissionLink{Electricity},BidirectionalEdge{Electricity},existing_capacity,3745.0
Electricity,NCEN_MIDAT,NCEN_to_MIDAT,NCEN_to_MIDAT_transmission_edge,TransmissionLink{Electricity},BidirectionalEdge{Electricity},existing_capacity,9083.0
Electricity,CEN_SE,CEN_to_SE,CEN_to_SE_transmission_edge,TransmissionLink{Electricity},BidirectionalEdge{Electricity},existing_capacity,4872.0
Electricity,SE_MIDAT,SE_to_MIDAT,SE_to_MIDAT_transmission_edge,TransmissionLink{Electricity},BidirectionalEdge{Electricity},existing_capacity,5552.0
Electricity,MIDAT_NE,MIDAT_to_NE,MIDAT_to_NE_transmission_edge,TransmissionLink{Electricity},BidirectionalEdge{Electricity},existing_capacity,1915.0
CO2Captured,CA,co2_CA_to_NW,co2_CA_to_NW_storage,GasStorage{CO2Captured},Storage{CO2Captured},existing_capacity,0.0
CO2Captured,NW,co2_NW_to_CA,co2_NW_to_CA_storage,GasStorage{CO2Captured},Storage{CO2Captured},existing_capacity,0.0
CO2Captured,CA,co2_CA_to_SW,co2_CA_to_SW_storage,GasStorage{CO2Captured},Storage{CO2Captured},existing_capacity,0.0
CO2Captured,SW,co2_SW_to_CA,co2_SW_to_CA_storage,GasStorage{CO2Captured},Storage{CO2Captured},existing_capacity,0.0
CO2Captured,NW,co2_NW_to_SW,co2_NW_to_SW_storage,GasStorage{CO2Captured},Storage{CO2Captured},existing_capacity,0.0
CO2Captured,SW,co2_SW_to_NW,co2_SW_to_NW_storage,GasStorage{CO2Captured},Storage{CO2Captured},existing_capacity,0.0
CO2Captured,SW,co2_SW_to_CEN,co2_SW_to_CEN_storage,GasStorage{CO2Captured},Storage{CO2Captured},existing_capacity,0.0
CO2Captured,CEN,co2_CEN_to_SW,co2_CEN_to_SW_storage,GasStorage{CO2Captured},Storage{CO2Captured},existing_capacity,0.0
CO2Captured,TX,co2_TX_to_CEN,co2_TX_to_CEN_storage,GasStorage{CO2Captured},Storage{CO2Captured},existing_capacity,0.0
CO2Captured,CEN,co2_CEN_to_TX,co2_CEN_to_TX_storage,GasStorage{CO2Captured},Storage{CO2Captured},existing_capacity,0.0
CO2Captured,NCEN,co2_NCEN_to_CEN,co2_NCEN_to_CEN_storage,GasStorage{CO2Captured},Storage{CO2Captured},existing_capacity,0.0
CO2Captured,CEN,co2_CEN_to_NCEN,co2_CEN_to_NCEN_storage,GasStorage{CO2Captured},Storage{CO2Captured},existing_capacity,0.0
CO2Captured,NCEN,co2_NCEN_to_SE,co2_NCEN_to_SE_storage,GasStorage{CO2Captured},Storage{CO2Captured},existing_capacity,0.0
CO2Captured,SE,co2_SE_to_NCEN,co2_SE_to_NCEN_storage,GasStorage{CO2Captured},Storage{CO2Captured},existing_capacity,0.0
CO2Captured,NCEN,co2_NCEN_to_MIDAT,co2_NCEN_to_MIDAT_storage,GasStorage{CO2Captured},Storage{CO2Captured},existing_capacity,0.0
CO2Captured,MIDAT,co2_MIDAT_to_NCEN,co2_MIDAT_to_NCEN_storage,GasStorage{CO2Captured},Storage{CO2Captured},existing_capacity,0.0
CO2Captured,CEN,co2_CEN_to_SE,co2_CEN_to_SE_storage,GasStorage{CO2Captured},Storage{CO2Captured},existing_capacity,0.0
CO2Captured,SE,co2_SE_to_CEN,co2_SE_to_CEN_storage,GasStorage{CO2Captured},Storage{CO2Captured},existing_capacity,0.0
CO2Captured,SE,co2_SE_to_MIDAT,co2_SE_to_MIDAT_storage,GasStorage{CO2Captured},Storage{CO2Captured},existing_capacity,0.0
CO2Captured,MIDAT,co2_MIDAT_to_SE,co2_MIDAT_to_SE_storage,GasStorage{CO2Captured},Storage{CO2Captured},existing_capacity,0.0
CO2Captured,MIDAT,co2_MIDAT_to_NE,co2_MIDAT_to_NE_storage,GasStorage{CO2Captured},Storage{CO2Captured},existing_capacity,0.0
CO2Captured,NE,co2_NE_to_MIDAT,co2_NE_to_MIDAT_storage,GasStorage{CO2Captured},Storage{CO2Captured},existing_capacity,0.0
Electricity,CA,CA_battery_moderate_0,CA_battery_moderate_0_storage,Battery,Storage{Electricity},existing_capacity,0.0
Electricity,NW,NW_battery_moderate_0,NW_battery_moderate_0_storage,Battery,Storage{Electricity},existing_capacity,0.0
Electricity,SW,SW_battery_moderate_0,SW_battery_moderate_0_storage,Battery,Storage{Electricity},existing_capacity,0.0
Electricity,TX,TX_battery_moderate_0,TX_battery_moderate_0_storage,Battery,Storage{Electricity},existing_capacity,0.0
Electricity,NCEN,NCEN_battery_moderate_0,NCEN_battery_moderate_0_storage,Battery,Storage{Electricity},existing_capacity,0.0
Electricity,CEN,CEN_battery_moderate_0,CEN_battery_moderate_0_storage,Battery,Storage{Electricity},existing_capacity,0.0
Electricity,SE,SE_battery_moderate_0,SE_battery_moderate_0_storage,Battery,Storage{Electricity},existing_capacity,0.0
Electricity,MIDAT,MIDAT_battery_moderate_0,MIDAT_battery_moderate_0_storage,Battery,Storage{Electricity},existing_capacity,0.0
Electricity,NE,NE_battery_moderate_0,NE_battery_moderate_0_storage,Battery,Storage{Electricity},existing_capacity,0.0
Electricity,CA,CA_hydroelectric_pumped_storage_1,CA_hydroelectric_pumped_storage_1_storage,Battery,Storage{Electricity},existing_capacity,0.0
Electricity,CEN,CEN_hydroelectric_pumped_storage_1,CEN_hydroelectric_pumped_storage_1_storage,Battery,Storage{Electricity},existing_capacity,0.0
Electricity,MIDAT,MIDAT_hydroelectric_pumped_storage_1,MIDAT_hydroelectric_pumped_storage_1_storage,Battery,Storage{Electricity},existing_capacity,0.0
Electricity,NE,NE_hydroelectric_pumped_storage_1,NE_hydroelectric_pumped_storage_1_storage,Battery,Storage{Electricity},existing_capacity,0.0
Electricity,NW,NW_hydroelectric_pumped_storage_1,NW_hydroelectric_pumped_storage_1_storage,Battery,Storage{Electricity},existing_capacity,0.0
Electricity,NCEN,NCEN_hydroelectric_pumped_storage_1,NCEN_hydroelectric_pumped_storage_1_storage,Battery,Storage{Electricity},existing_capacity,0.0
Electricity,SE,SE_hydroelectric_pumped_storage_1,SE_hydroelectric_pumped_storage_1_storage,Battery,Storage{Electricity},existing_capacity,0.0
Electricity,SW,SW_hydroelectric_pumped_storage_1,SW_hydroelectric_pumped_storage_1_storage,Battery,Storage{Electricity},existing_capacity,0.0
Hydrogen,CA,h2_CA_to_NW,h2_CA_to_NW_storage,GasStorage{Hydrogen},Storage{Hydrogen},existing_capacity,0.0
Hydrogen,NW,h2_NW_to_CA,h2_NW_to_CA_storage,GasStorage{Hydrogen},Storage{Hydrogen},existing_capacity,0.0
Hydrogen,CA,h2_CA_to_SW,h2_CA_to_SW_storage,GasStorage{Hydrogen},Storage{Hydrogen},existing_capacity,0.0
Hydrogen,SW,h2_SW_to_CA,h2_SW_to_CA_storage,GasStorage{Hydrogen},Storage{Hydrogen},existing_capacity,0.0
Hydrogen,NW,h2_NW_to_SW,h2_NW_to_SW_storage,GasStorage{Hydrogen},Storage{Hydrogen},existing_capacity,0.0
Hydrogen,SW,h2_SW_to_NW,h2_SW_to_NW_storage,GasStorage{Hydrogen},Storage{Hydrogen},existing_capacity,0.0
Hydrogen,SW,h2_SW_to_CEN,h2_SW_to_CEN_storage,GasStorage{Hydrogen},Storage{Hydrogen},existing_capacity,0.0
Hydrogen,CEN,h2_CEN_to_SW,h2_CEN_to_SW_storage,GasStorage{Hydrogen},Storage{Hydrogen},existing_capacity,0.0
Hydrogen,TX,h2_TX_to_CEN,h2_TX_to_CEN_storage,GasStorage{Hydrogen},Storage{Hydrogen},existing_capacity,0.0
Hydrogen,CEN,h2_CEN_to_TX,h2_CEN_to_TX_storage,GasStorage{Hydrogen},Storage{Hydrogen},existing_capacity,0.0
Hydrogen,NCEN,h2_NCEN_to_CEN,h2_NCEN_to_CEN_storage,GasStorage{Hydrogen},Storage{Hydrogen},existing_capacity,0.0
Hydrogen,CEN,h2_CEN_to_NCEN,h2_CEN_to_NCEN_storage,GasStorage{Hydrogen},Storage{Hydrogen},existing_capacity,0.0
Hydrogen,NCEN,h2_NCEN_to_SE,h2_NCEN_to_SE_storage,GasStorage{Hydrogen},Storage{Hydrogen},existing_capacity,0.0
Hydrogen,SE,h2_SE_to_NCEN,h2_SE_to_NCEN_storage,GasStorage{Hydrogen},Storage{Hydrogen},existing_capacity,0.0
Hydrogen,NCEN,h2_NCEN_to_MIDAT,h2_NCEN_to_MIDAT_storage,GasStorage{Hydrogen},Storage{Hydrogen},existing_capacity,0.0
Hydrogen,MIDAT,h2_MIDAT_to_NCEN,h2_MIDAT_to_NCEN_storage,GasStorage{Hydrogen},Storage{Hydrogen},existing_capacity,0.0
Hydrogen,CEN,h2_CEN_to_SE,h2_CEN_to_SE_storage,GasStorage{Hydrogen},Storage{Hydrogen},existing_capacity,0.0
Hydrogen,SE,h2_SE_to_CEN,h2_SE_to_CEN_storage,GasStorage{Hydrogen},Storage{Hydrogen},existing_capacity,0.0
Hydrogen,SE,h2_SE_to_MIDAT,h2_SE_to_MIDAT_storage,GasStorage{Hydrogen},Storage{Hydrogen},existing_capacity,0.0
Hydrogen,MIDAT,h2_MIDAT_to_SE,h2_MIDAT_to_SE_storage,GasStorage{Hydrogen},Storage{Hydrogen},existing_capacity,0.0
Hydrogen,MIDAT,h2_MIDAT_to_NE,h2_MIDAT_to_NE_storage,GasStorage{Hydrogen},Storage{Hydrogen},existing_capacity,0.0
Hydrogen,NE,h2_NE_to_MIDAT,h2_NE_to_MIDAT_storage,GasStorage{Hydrogen},Storage{Hydrogen},existing_capacity,0.0
Hydrogen,CA,CA_Above_ground_storage,CA_Above_ground_storage_storage,GasStorage{Hydrogen},LongDurationStorage{Hydrogen},existing_capacity,0.0
Hydrogen,NW,NW_Above_ground_storage,NW_Above_ground_storage_storage,GasStorage{Hydrogen},LongDurationStorage{Hydrogen},existing_capacity,0.0
Hydrogen,SW,SW_Above_ground_storage,SW_Above_ground_storage_storage,GasStorage{Hydrogen},LongDurationStorage{Hydrogen},existing_capacity,0.0
Hydrogen,TX,TX_Above_ground_storage,TX_Above_ground_storage_storage,GasStorage{Hydrogen},LongDurationStorage{Hydrogen},existing_capacity,0.0
Hydrogen,NCEN,NCEN_Above_ground_storage,NCEN_Above_ground_storage_storage,GasStorage{Hydrogen},LongDurationStorage{Hydrogen},existing_capacity,0.0
Hydrogen,CEN,CEN_Above_ground_storage,CEN_Above_ground_storage_storage,GasStorage{Hydrogen},LongDurationStorage{Hydrogen},existing_capacity,0.0
Hydrogen,SE,SE_Above_ground_storage,SE_Above_ground_storage_storage,GasStorage{Hydrogen},LongDurationStorage{Hydrogen},existing_capacity,0.0
Hydrogen,MIDAT,MIDAT_Above_ground_storage,MIDAT_Above_ground_storage_storage,GasStorage{Hydrogen},LongDurationStorage{Hydrogen},existing_capacity,0.0
Hydrogen,NE,NE_Above_ground_storage,NE_Above_ground_storage_storage,GasStorage{Hydrogen},LongDurationStorage{Hydrogen},existing_capacity,0.0
Electricity,CA,CA_conventional_hydroelectric_1,CA_conventional_hydroelectric_1_storage,HydroRes,Storage{Electricity},existing_capacity,0.0
Electricity,CEN,CEN_conventional_hydroelectric_1,CEN_conventional_hydroelectric_1_storage,HydroRes,Storage{Electricity},existing_capacity,0.0
Electricity,MIDAT,MIDAT_conventional_hydroelectric_1,MIDAT_conventional_hydroelectric_1_storage,HydroRes,Storage{Electricity},existing_capacity,0.0
Electricity,NE,NE_conventional_hydroelectric_1,NE_conventional_hydroelectric_1_storage,HydroRes,Storage{Electricity},existing_capacity,0.0
Electricity,NW,NW_conventional_hydroelectric_1,NW_conventional_hydroelectric_1_storage,HydroRes,Storage{Electricity},existing_capacity,0.0
Electricity,NCEN,NCEN_conventional_hydroelectric_1,NCEN_conventional_hydroelectric_1_storage,HydroRes,Storage{Electricity},existing_capacity,0.0
Electricity,SE,SE_conventional_hydroelectric_1,SE_conventional_hydroelectric_1_storage,HydroRes,Storage{Electricity},existing_capacity,0.0
Electricity,SW,SW_conventional_hydroelectric_1,SW_conventional_hydroelectric_1_storage,HydroRes,Storage{Electricity},existing_capacity,0.0
Electricity,TX,TX_conventional_hydroelectric_1,TX_conventional_hydroelectric_1_storage,HydroRes,Storage{Electricity},existing_capacity,0.0
