natgas_SE,natgas_MIDAT,natgas_NE,natgas_demand_SE,natgas_demand_MIDAT,natgas_demand_NE,ethylene_demand_SE,ethylene_demand_MIDAT,ethylene_demand_NE,ethane_SE,ethane_MIDAT,ethane_NE,ethylene_SE,ethylene_MIDAT,ethylene_NE,biowood_SE,biowood_MIDAT,biowood_NE,bioherb_SE,bioherb_MIDAT,bioherb_NE,elec_SE,elec_MIDAT,elec_NE,h2_SE,h2_MIDAT,h2_NE,co2_captured_SE,co2_captured_MIDAT,co2_captured_NE,gasoline_SE,gasoline_MIDAT,gasoline_NE,gasoline_demand_SE,gasoline_demand_MIDAT,gasoline_demand_NE,jetfuel_SE,jetfuel_MIDAT,jetfuel_NE,jetfuel_demand_SE,jetfuel_demand_MIDAT,jetfuel_demand_NE,diesel_SE,diesel_MIDAT,diesel_NE,diesel_demand_SE,diesel_demand_MIDAT,diesel_demand_NE
-24.957707546437035,-27.002965441377743,-27.12705014193613,-24.957707546437035,-27.002965441377743,-27.12705014193613,2673.0564995551376,2673.0564995551376,2673.0564995551376,73.46474602,73.46474602,73.46474602,2196.7808603950084,2196.7808603950084,2196.7808603950084,60.0,39.99999999999999,40.00000000000001,60.0,39.99999999999999,39.99999999999999,-1.2352631565100682,3.056291206972466,2.9115261383087496,-1.833195038901882,0.23291934524604183,0.042055250814202354,-41.04342819035575,-68.86236264037542,-68.22006361051457,-10595.011543481918,-10595.011543481918,-10595.011543481918,-10595.011543481918,-10595.011543481918,-10595.011543481918,69.30059661,69.30059661,69.30059661,0.0,0.0,0.0,83.29037731,83.29037731,83.29037731,0.0,0.0,0.0
-24.957707546437035,-26.898849526053944,-26.83520815152425,-24.957707546437035,-26.898849526053944,-26.83520815152425,2673.0564995551376,2673.0564995551376,2673.0564995551376,73.46474602,73.46474602,73.46474602,2196.7808603950084,2196.7808603950084,2196.7808603950084,60.0,39.99999999999999,40.19310860338854,60.0,39.99999999999999,40.19310860338854,-1.2352631565100682,3.0562912069724657,2.911526138308749,-1.833195038901882,0.23291934524604183,0.43327346395494903,-41.04342819035575,-68.86236264037542,-69.50623789260264,-10595.011543481918,-10595.011543481918,-10595.011543481918,-10595.011543481918,-10595.011543481918,-10595.011543481918,69.30059661,69.30059661,69.30059661,0.0,0.0,0.0,83.29037731,83.29037731,83.29037731,0.0,0.0,0.0
-24.957707546437035,-27.002965441377743,-26.899296465935333,-24.957707546437035,-27.002965441377743,-26.899296465935333,2673.0564995551376,2673.0564995551376,2673.0564995551376,73.46474602,73.46474602,73.46474602,2196.7808603950084,2196.7808603950084,2196.7808603950084,60.0,39.99999999999999,39.99999999999999,60.0,39.99999999999999,39.99999999999999,-1.2352631565100682,3.056291206972466,2.9115261383087496,-1.833195038901882,0.23291934524604183,0.43327346395494903,-41.04342819035575,-68.86236264037542,-69.5398646366334,-10595.011543481918,-10595.011543481918,-10595.011543481918,-10595.011543481918,-10595.011543481918,-10595.011543481918,69.30059661,69.30059661,69.30059661,0.0,0.0,0.0,83.29037731,83.29037731,83.29037731,0.0,0.0,0.0
-24.95770754643703,-27.002965441377743,-26.899296465935333,-24.95770754643703,-27.002965441377743,-26.899296465935333,2673.0564995551376,2673.0564995551376,2673.0564995551376,73.46474602,73.46474602,73.46474602,2196.7808603950084,2196.7808603950084,2196.7808603950084,60.0,39.99999999999999,39.99999999999999,60.0,39.99999999999999,39.99999999999999,-1.2352631565100602,3.056291206972463,2.9115261383087474,-1.833195038901887,0.23291934524604183,0.43327346395494903,-41.04342819035575,-68.86236264037542,-69.5398646366334,-10595.011543481918,-10595.011543481918,-10595.011543481918,-10595.011543481918,-10595.011543481918,-10595.011543481918,69.30059661,69.30059661,69.30059661,0.0,0.0,0.0,83.29037731,83.29037731,83.29037731,0.0,0.0,0.0
-24.957707546437035,-27.00296544137774,-26.899296465935333,-24.957707546437035,-27.00296544137774,-26.899296465935333,2062.524105379503,2062.524105379503,2062.524105379503,73.46474602,73.46474602,73.46474602,1586.2484662193738,1586.2484662193738,1586.2484662193738,60.0,39.99999999999999,39.99999999999999,60.0,39.99999999999999,39.99999999999999,-1.2352631565101242,3.056291206972467,2.911526138308751,-1.833195038901882,0.23291934524604183,0.43327346395494903,-41.04342819035575,-68.86236264037542,-69.5398646366334,-10595.01154348191,-10595.01154348191,-10595.01154348191,-10595.01154348191,-10595.01154348191,-10595.01154348191,69.30059661,69.30059661,69.30059661,0.0,0.0,0.0,83.29037731,83.29037731,83.29037731,0.0,0.0,0.0
-24.95770754643703,-27.00296544137774,-26.803824984623176,-24.95770754643703,-27.00296544137774,-26.803824984623176,2673.0564995551376,2673.0564995551376,2673.0564995551376,73.46474602,73.46474602,73.46474602,2196.7808603950084,2196.7808603950084,2196.7808603950084,60.0,39.99999999999999,39.99999999999999,60.0,39.99999999999999,39.99999999999999,-1.2352631565100682,3.056291206972467,2.911526138308751,-1.833195038901886,0.23291934524604269,0.43327346395494903,-41.04342819035575,-68.86236264037542,-69.48977133813082,-10595.011543481918,-10595.011543481918,-10595.011543481918,-10595.011543481918,-10595.011543481918,-10595.011543481918,69.30059661,69.30059661,69.30059661,0.0,0.0,0.0,83.29037731,83.29037731,83.29037731,0.0,0.0,0.0
-24.95770754643703,-27.002965441377743,-26.899296465935333,-24.95770754643703,-27.002965441377743,-26.899296465935333,2062.524105379503,2062.524105379503,2062.524105379503,73.46474602,73.46474602,73.46474602,1586.2484662193738,1586.2484662193738,1586.2484662193738,60.0,39.99999999999999,39.99999999999999,60.0,39.99999999999999,39.99999999999999,-1.2352631565100682,3.0562912069724657,2.911526138308749,-1.833195038901882,0.23291934524604438,0.43327346395494903,-41.04342819035575,-68.86236264037542,-69.53986463663338,-10595.011543481918,-10595.011543481918,-10595.011543481918,-10595.011543481918,-10595.011543481918,-10595.011543481918,69.30059661,69.30059661,69.30059661,0.0,0.0,0.0,83.29037731,83.29037731,83.29037731,0.0,0.0,0.0
-24.95770754643703,-27.00296544137774,-26.899296465935333,-24.95770754643703,-27.00296544137774,-26.899296465935333,2062.524105379503,2062.524105379503,2062.524105379503,73.46474602,73.46474602,73.46474602,1586.2484662193738,1586.2484662193738,1586.2484662193738,60.0,39.99999999999999,39.99999999999999,60.0,39.99999999999999,39.99999999999999,-1.2352631565100716,3.056291206972468,2.911526138308752,-1.8331950389018903,0.23291934524604438,0.43327346395494903,-41.04342819035575,-68.86236264037542,-69.53986463663341,-10595.011543481918,-10595.011543481918,-10595.011543481918,-10595.011543481918,-10595.011543481918,-10595.011543481918,69.30059661,69.30059661,69.30059661,0.0,0.0,0.0,83.29037731,83.29037731,83.29037731,0.0,0.0,0.0
-24.957707546437035,-27.002965441377743,-26.899296465935333,-24.957707546437035,-27.002965441377743,-26.899296465935333,2062.524105379503,2062.524105379503,2062.524105379503,73.46474602,73.46474602,73.46474602,1586.2484662193738,1586.2484662193738,1586.2484662193738,60.0,39.99999999999999,39.99999999999999,60.0,39.99999999999999,39.99999999999999,-1.2352631565101242,3.0562912069724644,2.9115261383087487,-1.8331950389018912,0.23291934524604438,0.4332734639549487,-41.04342819035575,-68.86236264037542,-69.5398646366334,-10595.01154348191,-10595.01154348191,-10595.01154348191,-10595.01154348191,-10595.01154348191,-10595.01154348191,69.30059661,69.30059661,69.30059661,0.0,0.0,0.0,83.29037731,83.29037731,83.29037731,0.0,0.0,0.0
-24.95770754643703,-27.00296544137774,-26.899296465935333,-24.95770754643703,-27.00296544137774,-26.899296465935333,2065.6075754246135,2065.6075754246135,2065.6075754246135,73.46474602,73.46474602,73.46474602,1589.331936264484,1589.331936264484,1589.331936264484,60.0,39.99999999999999,39.99999999999999,60.0,39.99999999999999,39.99999999999999,-1.2352631565100716,3.056291206972467,2.9115261383087514,-2.528573104593504,0.23291934524604438,0.43327346395494903,-41.04342819035575,-68.86236264037542,-69.5398646366334,-10595.011543481918,-10595.011543481918,-10595.011543481918,-10595.011543481918,-10595.011543481918,-10595.011543481918,69.30059661,69.30059661,69.30059661,0.0,0.0,0.0,83.29037731,83.29037731,83.29037731,0.0,0.0,0.0
-24.957707546437035,-27.00296544137774,-26.899296465935333,-24.957707546437035,-27.00296544137774,-26.899296465935333,2673.0564995551376,2673.0564995551376,2673.0564995551376,73.46474602,73.46474602,73.46474602,2196.7808603950084,2196.7808603950084,2196.7808603950084,60.0,39.99999999999999,39.99999999999999,60.0,39.99999999999999,39.99999999999999,-1.2352631565101242,3.0562912069724644,2.9115261383087487,-2.5285731045934994,0.23291934524604438,0.43327346395494903,-41.04342819035575,-68.86236264037542,-69.5398646366334,-10595.01154348191,-10595.01154348191,-10595.01154348191,-10595.01154348191,-10595.01154348191,-10595.01154348191,69.30059661,69.30059661,69.30059661,0.0,0.0,0.0,83.29037731,83.29037731,83.29037731,0.0,0.0,0.0
-24.95770754643703,-27.002965441377743,-26.899296465935333,-24.95770754643703,-27.002965441377743,-26.899296465935333,2673.0564995551376,2673.0564995551376,2673.0564995551376,73.46474602,73.46474602,73.46474602,2196.7808603950084,2196.7808603950084,2196.7808603950084,60.0,39.99999999999999,39.99999999999999,60.0,39.99999999999999,39.99999999999999,-1.2352631565100682,3.0562912069724657,2.9115261383087496,-2.528573104593504,0.23291934524604438,0.43327346395494903,-41.04342819035575,-68.86236264037542,-69.5398646366334,-10595.011543481918,-10595.011543481918,-10595.011543481918,-10595.011543481918,-10595.011543481918,-10595.011543481918,69.30059661,69.30059661,69.30059661,0.0,0.0,0.0,83.29037731,83.29037731,83.29037731,0.0,0.0,0.0
-24.95770754643703,-27.00296544137774,-27.12705014193613,-24.95770754643703,-27.00296544137774,-27.12705014193613,2065.6075754246135,2065.6075754246135,2065.6075754246135,73.46474602,73.46474602,73.46474602,1589.331936264484,1589.331936264484,1589.331936264484,60.0,39.99999999999999,40.00000000000001,60.0,39.99999999999999,39.99999999999999,-1.2352631565100716,3.056291206972467,2.9115261383087514,-2.528573104593498,0.23291934524604438,0.04205525081420494,-41.04342819035575,-68.86236264037542,-68.22006361051459,-10595.011543481918,-10595.011543481918,-10595.011543481918,-10595.011543481918,-10595.011543481918,-10595.011543481918,69.30059661,69.30059661,69.30059661,0.0,0.0,0.0,83.29037731,83.29037731,83.29037731,0.0,0.0,0.0
-24.957707546437035,-27.00296544137774,-26.899296465935333,-24.957707546437035,-27.00296544137774,-26.899296465935333,2065.6075754246135,2065.6075754246135,2065.6075754246135,73.46474602,73.46474602,73.46474602,1589.331936264484,1589.331936264484,1589.331936264484,60.0,39.99999999999999,39.99999999999999,60.0,39.99999999999999,39.99999999999999,-1.2352631565101242,3.0562912069724666,2.911526138308751,-2.5285731045934994,0.23291934524604438,0.43327346395494903,-41.04342819035575,-68.86236264037542,-69.5398646366334,-10595.01154348191,-10595.01154348191,-10595.01154348191,-10595.01154348191,-10595.01154348191,-10595.01154348191,69.30059661,69.30059661,69.30059661,0.0,0.0,0.0,83.29037731,83.29037731,83.29037731,0.0,0.0,0.0
-24.95770754643703,-27.002965441377743,-27.12705014193613,-24.95770754643703,-27.002965441377743,-27.12705014193613,2673.0564995551376,2673.0564995551376,2673.0564995551376,73.46474602,73.46474602,73.46474602,2196.7808603950084,2196.7808603950084,2196.7808603950084,60.0,39.99999999999999,40.00000000000001,60.0,39.99999999999999,39.99999999999999,-1.2352631565100682,3.0562912069724666,2.91152613830875,-2.5285731045934994,0.23291934524604438,0.04205525081420494,-41.04342819035575,-68.86236264037542,-68.22006361051459,-10595.011543481918,-10595.011543481918,-10595.011543481918,-10595.011543481918,-10595.011543481918,-10595.011543481918,69.30059661,69.30059661,69.30059661,0.0,0.0,0.0,83.29037731,83.29037731,83.29037731,0.0,0.0,0.0
-24.95770754643703,-27.002965441377743,-27.12705014193613,-24.95770754643703,-27.002965441377743,-27.12705014193613,2065.6075754246135,2065.6075754246135,2065.6075754246135,73.46474602,73.46474602,73.46474602,1589.331936264484,1589.331936264484,1589.331936264484,60.0,39.99999999999999,40.00000000000001,60.0,39.99999999999999,39.99999999999999,-1.2352631565100682,3.0562912069724666,2.911526138308749,-2.5285731045934994,0.23291934524604438,0.04205525081420494,-41.04342819035575,-68.86236264037542,-68.22006361051459,-10595.011543481918,-10595.011543481918,-10595.011543481918,-10595.011543481918,-10595.011543481918,-10595.011543481918,69.30059661,69.30059661,69.30059661,0.0,0.0,0.0,83.29037731,83.29037731,83.29037731,0.0,0.0,0.0
-24.957707546437035,-27.00296544137774,-26.899296465935333,-24.957707546437035,-27.00296544137774,-26.899296465935333,2673.0564995551376,2673.0564995551376,2673.0564995551376,73.46474602,73.46474602,73.46474602,2196.7808603950084,2196.7808603950084,2196.7808603950084,60.0,39.99999999999999,39.99999999999999,60.0,39.99999999999999,39.99999999999999,-1.2352631565101242,3.056291206972467,2.911526138308751,-2.5285731045934954,0.23291934524604438,0.43327346395494903,-41.04342819035575,-68.86236264037542,-69.5398646366334,-10595.01154348191,-10595.01154348191,-10595.01154348191,-10595.01154348191,-10595.01154348191,-10595.01154348191,69.30059661,69.30059661,69.30059661,0.0,0.0,0.0,83.29037731,83.29037731,83.29037731,0.0,0.0,0.0
-24.95770754643703,-27.00296544137774,-26.899296465935333,-24.95770754643703,-27.00296544137774,-26.899296465935333,2673.0564995551376,2673.0564995551376,2673.0564995551376,73.46474602,73.46474602,73.46474602,2196.7808603950084,2196.7808603950084,2196.7808603950084,60.0,39.99999999999999,39.99999999999999,60.0,39.99999999999999,39.99999999999999,-1.2352631565100682,3.056291206972467,2.911526138308752,-2.5285731045934994,0.23291934524604438,0.43327346395494903,-41.04342819035575,-68.86236264037542,-69.5398646366334,-10595.011543481918,-10595.011543481918,-10595.011543481918,-10595.011543481918,-10595.011543481918,-10595.011543481918,69.30059661,69.30059661,69.30059661,0.0,0.0,0.0,83.29037731,83.29037731,83.29037731,0.0,0.0,0.0
-24.95770754643703,-27.002965441377743,-26.899296465935333,-24.95770754643703,-27.002965441377743,-26.899296465935333,2673.0564995551376,2673.0564995551376,2673.0564995551376,73.46474602,73.46474602,73.46474602,2196.7808603950084,2196.7808603950084,2196.7808603950084,60.0,39.99999999999999,39.99999999999999,60.0,39.99999999999999,39.99999999999999,-1.2352631565100716,3.0562912069724666,2.91152613830875,-2.5285731045934994,0.23291934524604438,0.43327346395494903,-41.04342819035575,-68.86236264037542,-69.5398646366334,-10595.011543481918,-10595.011543481918,-10595.011543481918,-10595.011543481918,-10595.011543481918,-10595.011543481918,69.30059661,69.30059661,69.30059661,0.0,0.0,0.0,83.29037731,83.29037731,83.29037731,0.0,0.0,0.0
-24.95770754643703,-27.002965441377743,-26.899296465935333,-24.95770754643703,-27.002965441377743,-26.899296465935333,2065.6075754246135,2065.6075754246135,2065.6075754246135,73.46474602,73.46474602,73.46474602,1589.331936264484,1589.331936264484,1589.331936264484,60.0,39.99999999999999,39.99999999999999,60.0,39.99999999999999,39.99999999999999,-1.2352631565100682,3.056291206972466,2.9115261383087496,-2.5285731045934994,0.23291934524604438,0.43327346395494903,-41.04342819035575,-68.86236264037542,-69.5398646366334,-10595.011543481918,-10595.011543481918,-10595.011543481918,-10595.011543481918,-10595.011543481918,-10595.011543481918,69.30059661,69.30059661,69.30059661,0.0,0.0,0.0,83.29037731,83.29037731,83.29037731,0.0,0.0,0.0
-24.95770754643703,-27.00296544137774,-26.899296465935333,-24.95770754643703,-27.00296544137774,-26.899296465935333,2065.6075754246135,2065.6075754246135,2065.6075754246135,73.46474602,73.46474602,73.46474602,1589.331936264484,1589.331936264484,1589.331936264484,60.0,39.99999999999999,39.99999999999999,60.0,39.99999999999999,39.99999999999999,-1.2352631565100716,3.056291206972467,2.911526138308752,-2.5285731045934994,0.23291934524604163,0.43327346395494903,-41.04342819035575,-68.86236264037542,-69.5398646366334,-10595.011543481918,-10595.011543481918,-10595.011543481918,-10595.011543481918,-10595.011543481918,-10595.011543481918,69.30059661,69.30059661,69.30059661,0.0,0.0,0.0,83.29037731,83.29037731,83.29037731,0.0,0.0,0.0
-24.95770754643703,-27.00296544137774,-27.12705014193613,-24.95770754643703,-27.00296544137774,-27.12705014193613,2673.056499555138,2673.056499555138,2673.056499555138,73.46474602,73.46474602,73.46474602,2196.7808603950084,2196.7808603950084,2196.7808603950084,60.0,39.99999999999999,40.00000000000001,60.0,39.99999999999999,39.99999999999999,-1.2352631565100585,3.0562912069724666,2.9115261383087514,-2.5285731045934994,0.23291934524604163,0.042055250814202264,-41.04342819035575,-68.86236264037542,-68.22006361051457,-10595.011543481918,-10595.011543481918,-10595.011543481918,-10595.011543481918,-10595.011543481918,-10595.011543481918,69.30059661,69.30059661,69.30059661,0.0,0.0,0.0,83.29037731,83.29037731,83.29037731,0.0,0.0,0.0
-24.957707546437035,-27.002965441377743,-27.12705014193613,-24.957707546437035,-27.002965441377743,-27.12705014193613,2673.0564995551376,2673.0564995551376,2673.0564995551376,73.46474602,73.46474602,73.46474602,2196.7808603950084,2196.7808603950084,2196.7808603950084,60.0,39.99999999999999,40.00000000000001,60.0,39.99999999999999,39.99999999999999,-1.2352631565101242,3.056291206972466,2.9115261383087496,-2.5285731045934954,0.23291934524604163,0.042055250814202264,-41.04342819035575,-68.86236264037542,-68.22006361051457,-10595.01154348191,-10595.01154348191,-10595.01154348191,-10595.01154348191,-10595.01154348191,-10595.01154348191,69.30059661,69.30059661,69.30059661,0.0,0.0,0.0,83.29037731,83.29037731,83.29037731,0.0,0.0,0.0
-24.95770754643703,-27.002965441377743,-27.12705014193613,-24.95770754643703,-27.002965441377743,-27.12705014193613,2065.6075754246135,2065.6075754246135,2065.6075754246135,73.46474602,73.46474602,73.46474602,1589.331936264484,1589.331936264484,1589.331936264484,60.0,39.99999999999999,40.00000000000001,60.0,39.99999999999999,39.99999999999999,-1.2352631565100682,3.056291206972465,2.9115261383087496,-2.5285731045934994,0.23291934524604163,0.042055250814202264,-41.04342819035575,-68.86236264037542,-68.22006361051457,-10595.011543481918,-10595.011543481918,-10595.011543481918,-10595.011543481918,-10595.011543481918,-10595.011543481918,69.30059661,69.30059661,69.30059661,0.0,0.0,0.0,83.29037731,83.29037731,83.29037731,0.0,0.0,0.0
-24.95770754643703,-27.00296544137774,-27.12705014193613,-24.95770754643703,-27.00296544137774,-27.12705014193613,2673.0564995551376,2673.0564995551376,2673.0564995551376,73.46474602,73.46474602,73.46474602,2196.7808603950084,2196.7808603950084,2196.7808603950084,60.0,39.99999999999999,40.00000000000001,60.0,39.99999999999999,39.99999999999999,-1.2352631565100716,3.0562912069724666,2.911526138308751,-2.5285731045934994,0.23291934524604138,0.04205525081420286,-41.04342819035575,-68.86236264037542,-68.22006361051457,-10595.011543481918,-10595.011543481918,-10595.011543481918,-10595.011543481918,-10595.011543481918,-10595.011543481918,69.30059661,69.30059661,69.30059661,0.0,0.0,0.0,83.29037731,83.29037731,83.29037731,0.0,0.0,0.0
-24.95770754643703,-27.002965441377743,-27.502098569498976,-24.95770754643703,-27.002965441377743,-27.502098569498976,2065.6075754246135,2065.6075754246135,2065.6075754246135,73.46474602,73.46474602,73.46474602,1589.331936264484,1589.331936264484,1589.331936264484,60.0,39.99999999999999,39.99999999999998,60.0,39.99999999999999,39.99999999999999,-1.2352631565100682,3.056291206972468,2.911526138308752,-2.5285731045934994,0.23291934524604138,-0.6021748588761527,-41.04342819035575,-68.86236264037542,-66.0467098880485,-10595.011543481918,-10595.011543481918,-10595.011543481918,-10595.011543481918,-10595.011543481918,-10595.011543481918,69.30059661,69.30059661,69.30059661,0.0,0.0,0.0,83.29037731,83.29037731,83.29037731,0.0,0.0,0.0
-24.95770754643703,-27.002965441377743,-27.50209856949896,-24.95770754643703,-27.002965441377743,-27.50209856949896,2673.0564995551376,2673.0564995551376,2673.0564995551376,73.46474602,73.46474602,73.46474602,2196.7808603950084,2196.7808603950084,2196.7808603950084,60.0,39.99999999999999,40.00000000000001,60.0,39.99999999999999,39.99999999999999,-1.2352631565100716,3.0562912069724657,2.9115261383087496,-2.5285731045934994,0.23291934524604163,-0.602174858876153,-41.04342819035575,-68.86236264037542,-66.04670988804851,-10595.011543481918,-10595.011543481918,-10595.011543481918,-10595.011543481918,-10595.011543481918,-10595.011543481918,69.30059661,69.30059661,69.30059661,0.0,0.0,0.0,83.29037731,83.29037731,83.29037731,0.0,0.0,0.0
-24.95770754643703,-27.002965441377743,-27.502098569498976,-24.95770754643703,-27.002965441377743,-27.502098569498976,2065.6075754246135,2065.6075754246135,2065.6075754246135,73.46474602,73.46474602,73.46474602,1589.331936264484,1589.331936264484,1589.331936264484,60.0,39.99999999999999,39.99999999999998,60.0,39.99999999999999,39.99999999999999,-1.2352631565100585,3.056291206972465,2.911526138308749,-2.5285731045934994,0.23291934524604208,-0.602174858876153,-41.04342819035575,-68.86236264037542,-66.0467098880485,-10595.011543481918,-10595.011543481918,-10595.011543481918,-10595.011543481918,-10595.011543481918,-10595.011543481918,69.30059661,69.30059661,69.30059661,0.0,0.0,0.0,83.29037731,83.29037731,83.29037731,0.0,0.0,0.0
-24.957707546437035,-27.00296544137774,-27.502098569498962,-24.957707546437035,-27.00296544137774,-27.502098569498962,2673.0564995551376,2673.0564995551376,2673.0564995551376,73.46474602,73.46474602,73.46474602,2196.7808603950084,2196.7808603950084,2196.7808603950084,60.0,39.99999999999999,39.99999999999999,60.0,39.99999999999999,39.99999999999999,-1.2352631565101242,3.056291206972467,2.911526138308752,-2.5285731045935003,0.23291934524604269,-0.6021748588761523,-41.04342819035575,-68.86236264037542,-66.04670988804851,-10595.01154348191,-10595.01154348191,-10595.01154348191,-10595.01154348191,-10595.01154348191,-10595.01154348191,69.30059661,69.30059661,69.30059661,0.0,0.0,0.0,83.29037731,83.29037731,83.29037731,0.0,0.0,0.0
-24.95770754643703,-27.002965441377743,-27.50209856949896,-24.95770754643703,-27.002965441377743,-27.50209856949896,2065.6075754246135,2065.6075754246135,2065.6075754246135,73.46474602,73.46474602,73.46474602,1589.331936264484,1589.331936264484,1589.331936264484,60.0,39.99999999999999,40.00000000000001,60.0,39.99999999999999,39.99999999999999,-1.2352631565100716,3.056291206972467,2.911526138308752,-2.5285731045935047,0.23291934524604208,-0.6021748588761524,-41.04342819035575,-68.86236264037542,-66.04670988804851,-10595.011543481918,-10595.011543481918,-10595.011543481918,-10595.011543481918,-10595.011543481918,-10595.011543481918,69.30059661,69.30059661,69.30059661,0.0,0.0,0.0,83.29037731,83.29037731,83.29037731,0.0,0.0,0.0
-24.957707546437035,-27.002965441377743,-27.50209856949896,-24.957707546437035,-27.002965441377743,-27.50209856949896,2085.4122829181565,2085.4122829181565,2085.4122829181565,73.46474602,73.46474602,73.46474602,1609.1366437580273,1609.1366437580273,1609.1366437580273,60.0,39.99999999999999,40.00000000000001,60.0,39.99999999999999,39.99999999999999,-1.235263156510111,3.0562912069724666,2.9115261383087496,-6.9948915662516535,0.23291934524604208,-0.6021748588761523,-41.04342819035575,-68.86236264037542,-66.04670988804851,-10595.011543481914,-10595.011543481914,-10595.011543481914,-10595.011543481914,-10595.011543481914,-10595.011543481914,69.30059661,69.30059661,69.30059661,0.0,0.0,0.0,83.29037731,83.29037731,83.29037731,0.0,0.0,0.0
-24.957707546437035,-27.00296544137774,-27.50209856949896,-24.957707546437035,-27.00296544137774,-27.50209856949896,2673.056499555138,2673.056499555138,2673.056499555138,73.46474602,73.46474602,73.46474602,2196.7808603950084,2196.7808603950084,2196.7808603950084,60.0,39.99999999999999,40.00000000000001,60.0,39.99999999999999,39.99999999999999,-1.2352631565101109,3.0562912069724644,2.9115261383087496,-2.5285731045935047,0.23291934524604208,-0.6021748588761523,-41.04342819035575,-68.86236264037542,-66.04670988804851,-10595.011543481914,-10595.011543481914,-10595.011543481914,-10595.011543481914,-10595.011543481914,-10595.011543481914,69.30059661,69.30059661,69.30059661,0.0,0.0,0.0,83.29037731,83.29037731,83.29037731,0.0,0.0,0.0
-24.957707546437035,-27.002965441377743,-27.502098569498962,-24.957707546437035,-27.002965441377743,-27.502098569498962,2673.056499555138,2673.056499555138,2673.056499555138,73.46474602,73.46474602,73.46474602,2196.7808603950084,2196.7808603950084,2196.7808603950084,60.0,39.99999999999999,40.000000000000014,60.0,39.99999999999999,39.99999999999999,-1.2352631565101098,3.0562912069724666,2.911526138308751,-2.5285731045935083,0.23291934524604208,-0.602174858876153,-41.04342819035575,-68.86236264037542,-66.0467098880485,-10595.011543481914,-10595.011543481914,-10595.011543481914,-10595.011543481914,-10595.011543481914,-10595.011543481914,69.30059661,69.30059661,69.30059661,0.0,0.0,0.0,83.29037731,83.29037731,83.29037731,0.0,0.0,0.0
-24.957707546437035,-27.002965441377743,-27.12705014193613,-24.957707546437035,-27.002965441377743,-27.12705014193613,2065.6075754246135,2065.6075754246135,2065.6075754246135,73.46474602,73.46474602,73.46474602,1589.331936264484,1589.331936264484,1589.331936264484,60.0,39.99999999999999,40.00000000000001,60.0,39.99999999999999,39.99999999999999,-1.2352631565101109,3.0562912069724684,2.911526138308752,-2.5285731045935047,0.23291934524604208,0.0420552508142037,-41.04342819035575,-68.86236264037542,-68.22006361051457,-10595.011543481914,-10595.011543481914,-10595.011543481914,-10595.011543481914,-10595.011543481914,-10595.011543481914,69.30059661,69.30059661,69.30059661,0.0,0.0,0.0,83.29037731,83.29037731,83.29037731,0.0,0.0,0.0
-24.957707546437035,-27.002965441377743,-27.50209856949896,-24.957707546437035,-27.002965441377743,-27.50209856949896,2065.6075754246135,2065.6075754246135,2065.6075754246135,73.46474602,73.46474602,73.46474602,1589.331936264484,1589.331936264484,1589.331936264484,60.0,39.99999999999999,40.00000000000001,60.0,39.99999999999999,39.99999999999999,-1.2352631565101109,3.056291206972463,2.9115261383087474,-2.5285731045935047,0.23291934524604208,-0.6021748588761536,-41.04342819035575,-68.86236264037542,-66.04670988804851,-10595.011543481914,-10595.011543481914,-10595.011543481914,-10595.011543481914,-10595.011543481914,-10595.011543481914,69.30059661,69.30059661,69.30059661,0.0,0.0,0.0,83.29037731,83.29037731,83.29037731,0.0,0.0,0.0
-24.957707546437035,-27.00296544137774,-27.502098569498962,-24.957707546437035,-27.00296544137774,-27.502098569498962,2673.056499555138,2673.056499555138,2673.056499555138,73.46474602,73.46474602,73.46474602,2196.7808603950084,2196.7808603950084,2196.7808603950084,60.0,39.99999999999999,40.000000000000014,60.0,39.99999999999999,39.99999999999999,-1.2352631565101098,3.0562912069724644,2.9115261383087487,-2.5285731045935083,0.23291934524604208,-0.6021748588761533,-41.04342819035575,-68.86236264037542,-66.04670988804848,-10595.011543481914,-10595.011543481914,-10595.011543481914,-10595.011543481914,-10595.011543481914,-10595.011543481914,69.30059661,69.30059661,69.30059661,0.0,0.0,0.0,83.29037731,83.29037731,83.29037731,0.0,0.0,0.0
-24.957707546437035,-27.002965441377743,-27.130886925389888,-24.957707546437035,-27.002965441377743,-27.130886925389888,2673.0564995551376,2673.0564995551376,2673.0564995551376,73.46474602,73.46474602,73.46474602,2196.7808603950084,2196.7808603950084,2196.7808603950084,60.0,39.99999999999999,39.999999999999986,60.0,39.99999999999999,39.99999999999999,-1.2352631565101109,3.056291206972468,2.911526138308752,-2.5285731045935047,0.23291934524604208,0.03546471145016896,-41.04342819035575,-68.86236264037542,-68.19782998149846,-10595.011543481914,-10595.011543481914,-10595.011543481914,-10595.011543481914,-10595.011543481914,-10595.011543481914,69.30059661,69.30059661,69.30059661,0.0,0.0,0.0,83.29037731,83.29037731,83.29037731,0.0,0.0,0.0
-24.957707546437035,-27.002965441377743,-27.130886925389888,-24.957707546437035,-27.002965441377743,-27.130886925389888,2673.0564995551376,2673.0564995551376,2673.0564995551376,73.46474602,73.46474602,73.46474602,2196.7808603950084,2196.7808603950084,2196.7808603950084,60.0,39.99999999999999,39.999999999999986,60.0,39.99999999999999,39.99999999999999,-1.2352631565101109,3.056291206972468,2.911526138308752,-2.5285731045935047,0.23291934524604208,0.03546471145016896,-41.04342819035575,-68.86236264037542,-68.19782998149846,-10595.011543481914,-10595.011543481914,-10595.011543481914,-10595.011543481914,-10595.011543481914,-10595.011543481914,69.30059661,69.30059661,69.30059661,0.0,0.0,0.0,83.29037731,83.29037731,83.29037731,0.0,0.0,0.0
-24.957707546437035,-27.002965441377743,-27.502098569498962,-24.957707546437035,-27.002965441377743,-27.502098569498962,2673.056499555138,2673.056499555138,2673.056499555138,73.46474602,73.46474602,73.46474602,2196.7808603950084,2196.7808603950084,2196.7808603950084,60.0,39.99999999999999,40.000000000000014,60.0,39.99999999999999,39.99999999999999,-1.2352631565101098,3.056291206972468,2.911526138308752,-2.5285731045935047,0.23291934524604208,-0.6021748588761526,-41.04342819035575,-68.86236264037542,-66.0467098880485,-10595.011543481914,-10595.011543481914,-10595.011543481914,-10595.011543481914,-10595.011543481914,-10595.011543481914,69.30059661,69.30059661,69.30059661,0.0,0.0,0.0,83.29037731,83.29037731,83.29037731,0.0,0.0,0.0
-24.957707546437035,-27.002965441377743,-27.130886925389888,-24.957707546437035,-27.002965441377743,-27.130886925389888,2673.0564995551376,2673.0564995551376,2673.0564995551376,73.46474602,73.46474602,73.46474602,2196.7808603950084,2196.7808603950084,2196.7808603950084,60.0,39.99999999999999,40.00000000000001,60.0,39.99999999999999,39.99999999999999,-1.2352631565101109,3.056291206972464,2.9115261383087474,-1.833195038901902,0.23291934524604208,0.03546471145016896,-41.04342819035575,-68.86236264037542,-68.19782998149844,-10595.011543481914,-10595.011543481914,-10595.011543481914,-10595.011543481914,-10595.011543481914,-10595.011543481914,69.30059661,69.30059661,69.30059661,0.0,0.0,0.0,83.29037731,83.29037731,83.29037731,0.0,0.0,0.0
-24.957707546437035,-27.00296544137774,-27.08003723906404,-24.957707546437035,-27.00296544137774,-27.08003723906404,2673.0564995551376,2673.0564995551376,2673.0564995551376,73.46474602,73.46474602,73.46474602,2196.7808603950084,2196.7808603950084,2196.7808603950084,60.0,39.99999999999999,39.999999999999986,60.0,39.99999999999999,39.99999999999999,-1.2352631565101109,3.056291206972468,2.911526138308752,-1.8331950389019016,0.23291934524604269,0.12281049559943036,-41.04342819035575,-68.86236264037542,-68.49249687499984,-10595.011543481914,-10595.011543481914,-10595.011543481914,-10595.011543481914,-10595.011543481914,-10595.011543481914,69.30059661,69.30059661,69.30059661,0.0,0.0,0.0,83.29037731,83.29037731,83.29037731,0.0,0.0,0.0
-24.957707546437035,-27.00296544137774,-26.586350252768902,-24.957707546437035,-27.00296544137774,-26.586350252768902,2673.056499555138,2673.056499555138,2673.056499555138,73.46474602,73.46474602,73.46474602,2196.7808603950084,2196.7808603950084,2196.7808603950084,60.0,39.99999999999999,41.64077831208334,60.0,39.99999999999999,41.64077831208334,-1.2352631565101098,3.0562912069724666,2.911526138308751,-1.833195038901902,0.23291934524604269,0.03546471145016896,-41.04342819035575,-68.86236264037542,-67.91211494165304,-10595.011543481914,-10595.011543481914,-10595.011543481914,-10595.011543481914,-10595.011543481914,-10595.011543481914,69.30059661,69.30059661,69.30059661,0.0,0.0,0.0,83.29037731,83.29037731,83.29037731,0.0,0.0,0.0
-24.957707546437035,-27.002965441377743,-27.130886925389888,-24.957707546437035,-27.002965441377743,-27.130886925389888,2673.0564995551376,2673.0564995551376,2673.0564995551376,73.46474602,73.46474602,73.46474602,2196.7808603950084,2196.7808603950084,2196.7808603950084,60.0,39.99999999999999,40.00000000000001,60.0,39.99999999999999,39.99999999999999,-1.2352631565101109,3.0562912069724644,2.9115261383087487,-1.833195038901902,0.23291934524604269,0.03546471145016896,-41.04342819035575,-68.86236264037542,-68.19782998149844,-10595.011543481914,-10595.011543481914,-10595.011543481914,-10595.011543481914,-10595.011543481914,-10595.011543481914,69.30059661,69.30059661,69.30059661,0.0,0.0,0.0,83.29037731,83.29037731,83.29037731,0.0,0.0,0.0
-24.957707546437035,-27.002965441377743,-27.130886925389888,-24.957707546437035,-27.002965441377743,-27.130886925389888,2673.0564995551376,2673.0564995551376,2673.0564995551376,73.46474602,73.46474602,73.46474602,2196.7808603950084,2196.7808603950084,2196.7808603950084,60.0,39.99999999999999,40.00000000000001,60.0,39.99999999999999,39.99999999999999,-1.2352631565101109,3.056291206972464,2.9115261383087474,-1.833195038901902,0.23291934524604269,0.03546471145016896,-41.04342819035575,-68.86236264037542,-68.19782998149844,-10595.011543481914,-10595.011543481914,-10595.011543481914,-10595.011543481914,-10595.011543481914,-10595.011543481914,69.30059661,69.30059661,69.30059661,0.0,0.0,0.0,83.29037731,83.29037731,83.29037731,0.0,0.0,0.0
-24.957707546437035,-27.00296544137774,-27.130886925389888,-24.957707546437035,-27.00296544137774,-27.130886925389888,2673.0564995551376,2673.0564995551376,2673.0564995551376,73.46474602,73.46474602,73.46474602,2196.7808603950084,2196.7808603950084,2196.7808603950084,60.0,39.99999999999999,39.999999999999986,60.0,39.99999999999999,39.99999999999999,-1.2352631565101098,3.056291206972468,2.911526138308752,-1.8331950389019014,0.23291934524604269,0.03546471145016896,-41.04342819035575,-68.86236264037542,-68.19782998149846,-10595.011543481914,-10595.011543481914,-10595.011543481914,-10595.011543481914,-10595.011543481914,-10595.011543481914,69.30059661,69.30059661,69.30059661,0.0,0.0,0.0,83.29037731,83.29037731,83.29037731,0.0,0.0,0.0
-24.957707546437035,-27.00296544137774,-27.130886925389888,-24.957707546437035,-27.00296544137774,-27.130886925389888,2673.056499555138,2673.056499555138,2673.056499555138,73.46474602,73.46474602,73.46474602,2196.7808603950084,2196.7808603950084,2196.7808603950084,60.0,39.99999999999999,39.999999999999986,60.0,39.99999999999999,39.99999999999999,-1.2352631565101098,3.056291206972468,2.911526138308752,-1.833195038901902,0.23291934524604269,0.03546471145016896,-41.04342819035575,-68.86236264037542,-68.19782998149846,-10595.011543481914,-10595.011543481914,-10595.011543481914,-10595.011543481914,-10595.011543481914,-10595.011543481914,69.30059661,69.30059661,69.30059661,0.0,0.0,0.0,83.29037731,83.29037731,83.29037731,0.0,0.0,0.0
-24.957707546437035,-27.002965441377743,-27.130886925389888,-24.957707546437035,-27.002965441377743,-27.130886925389888,2673.056499555138,2673.056499555138,2673.056499555138,73.46474602,73.46474602,73.46474602,2196.7808603950084,2196.7808603950084,2196.7808603950084,60.0,39.99999999999999,40.00000000000001,60.0,39.99999999999999,39.99999999999999,-1.2352631565101109,3.0562912069724644,2.9115261383087487,-1.833195038901902,0.23291934524604269,0.035464711450168364,-41.04342819035575,-68.86236264037542,-68.19782998149844,-10595.011543481914,-10595.011543481914,-10595.011543481914,-10595.011543481914,-10595.011543481914,-10595.011543481914,69.30059661,69.30059661,69.30059661,0.0,0.0,0.0,83.29037731,83.29037731,83.29037731,0.0,0.0,0.0
-24.957707546437035,-27.00296544137774,-27.130886925389888,-24.957707546437035,-27.00296544137774,-27.130886925389888,2673.0564995551376,2673.0564995551376,2673.0564995551376,73.46474602,73.46474602,73.46474602,2196.7808603950084,2196.7808603950084,2196.7808603950084,60.0,39.99999999999999,39.999999999999986,60.0,39.99999999999999,39.99999999999999,-1.2352631565101109,3.056291206972468,2.911526138308752,-1.833195038901902,0.23291934524604269,0.03546471145016896,-41.04342819035575,-68.86236264037542,-68.19782998149846,-10595.011543481914,-10595.011543481914,-10595.011543481914,-10595.011543481914,-10595.011543481914,-10595.011543481914,69.30059661,69.30059661,69.30059661,0.0,0.0,0.0,83.29037731,83.29037731,83.29037731,0.0,0.0,0.0
-24.957707546437035,-27.00296544137774,-27.130886925389888,-24.957707546437035,-27.00296544137774,-27.130886925389888,2062.524105379503,2062.524105379503,2062.524105379503,73.46474602,73.46474602,73.46474602,1586.2484662193738,1586.2484662193738,1586.2484662193738,60.0,39.99999999999999,39.999999999999986,60.0,39.99999999999999,39.99999999999999,-1.2352631565101109,3.0562912069724684,2.9115261383087523,-1.833195038901902,0.23291934524604269,0.03546471145016896,-41.04342819035575,-68.86236264037542,-68.19782998149846,-10595.011543481914,-10595.011543481914,-10595.011543481914,-10595.011543481914,-10595.011543481914,-10595.011543481914,69.30059661,69.30059661,69.30059661,0.0,0.0,0.0,83.29037731,83.29037731,83.29037731,0.0,0.0,0.0
-24.957707546437035,-27.00296544137774,-27.130886925389888,-24.957707546437035,-27.00296544137774,-27.130886925389888,2673.0564995551376,2673.0564995551376,2673.0564995551376,73.46474602,73.46474602,73.46474602,2196.7808603950084,2196.7808603950084,2196.7808603950084,60.0,39.99999999999999,39.999999999999986,60.0,39.99999999999999,39.99999999999999,-1.2352631565101109,3.0562912069724684,2.911526138308752,-1.833195038901902,0.2329193452460404,0.03546471145016896,-41.04342819035575,-68.86236264037542,-68.19782998149846,-10595.011543481914,-10595.011543481914,-10595.011543481914,-10595.011543481914,-10595.011543481914,-10595.011543481914,69.30059661,69.30059661,69.30059661,0.0,0.0,0.0,83.29037731,83.29037731,83.29037731,0.0,0.0,0.0
-24.957707546437035,-27.002965441377743,-27.130886925389888,-24.957707546437035,-27.002965441377743,-27.130886925389888,2062.524105379503,2062.524105379503,2062.524105379503,73.46474602,73.46474602,73.46474602,1586.2484662193738,1586.2484662193738,1586.2484662193738,60.0,39.99999999999999,40.00000000000001,60.0,39.99999999999999,39.99999999999999,-1.2352631565101109,3.056291206972464,2.9115261383087474,-1.833195038901902,0.2329193452460403,0.035464711450168364,-41.04342819035575,-68.86236264037542,-68.19782998149844,-10595.011543481914,-10595.011543481914,-10595.011543481914,-10595.011543481914,-10595.011543481914,-10595.011543481914,69.30059661,69.30059661,69.30059661,0.0,0.0,0.0,83.29037731,83.29037731,83.29037731,0.0,0.0,0.0
-24.957707546437035,-27.002965441377743,-27.130886925389888,-24.957707546437035,-27.002965441377743,-27.130886925389888,2673.056499555138,2673.056499555138,2673.056499555138,73.46474602,73.46474602,73.46474602,2196.7808603950084,2196.7808603950084,2196.7808603950084,60.0,39.99999999999999,40.00000000000001,60.0,39.99999999999999,39.99999999999999,-1.2352631565101087,3.0562912069724635,2.9115261383087474,-1.8331950389019016,0.2329193452460404,0.03546471145016579,-41.04342819035575,-68.86236264037542,-68.19782998149844,-10595.011543481914,-10595.011543481914,-10595.011543481914,-10595.011543481914,-10595.011543481914,-10595.011543481914,69.30059661,69.30059661,69.30059661,0.0,0.0,0.0,83.29037731,83.29037731,83.29037731,0.0,0.0,0.0
-24.957707546437035,-27.002965441377743,-27.130886925389888,-24.957707546437035,-27.002965441377743,-27.130886925389888,2673.056499555138,2673.056499555138,2673.056499555138,73.46474602,73.46474602,73.46474602,2196.7808603950084,2196.7808603950084,2196.7808603950084,60.0,39.99999999999999,40.00000000000001,60.0,39.99999999999999,39.99999999999999,-1.2352631565101109,3.056291206972469,2.9115261383087523,-6.980042804701488,0.23291934524604063,0.035464711450166386,-41.04342819035575,-68.86236264037542,-68.19782998149844,-10595.011543481914,-10595.011543481914,-10595.011543481914,-10595.011543481914,-10595.011543481914,-10595.011543481914,69.30059661,69.30059661,69.30059661,0.0,0.0,0.0,83.29037731,83.29037731,83.29037731,0.0,0.0,0.0
-24.957707546437035,-27.00296544137774,-26.83319374591647,-24.957707546437035,-27.00296544137774,-26.83319374591647,2085.346440013834,2085.346440013834,2085.346440013834,73.46474602,73.46474602,73.46474602,1609.0708008537051,1609.0708008537051,1609.0708008537051,60.0,39.99999999999999,40.8969983787944,60.0,39.99999999999999,40.8969983787944,-1.2352631565101109,3.0562912069724684,2.911526138308752,-6.980042804701488,0.2329193452460403,0.035464711450166386,-41.04342819035575,-68.86236264037542,-68.04163220288868,-10595.011543481914,-10595.011543481914,-10595.011543481914,-10595.011543481914,-10595.011543481914,-10595.011543481914,69.30059661,69.30059661,69.30059661,0.0,0.0,0.0,83.29037731,83.29037731,83.29037731,0.0,0.0,0.0
-24.957707546437035,-27.002965441377743,-27.13088692538989,-24.957707546437035,-27.002965441377743,-27.13088692538989,2085.346440013834,2085.346440013834,2085.346440013834,73.46474602,73.46474602,73.46474602,1609.0708008537051,1609.0708008537051,1609.0708008537051,60.0,39.99999999999999,39.99999999999999,60.0,39.99999999999999,39.99999999999999,-1.2352631565101098,3.0562912069724644,2.9115261383087487,-6.980042804701488,0.2329193452460403,0.03546471145016579,-41.04342819035575,-68.86236264037542,-68.19782998149843,-10595.011543481914,-10595.011543481914,-10595.011543481914,-10595.011543481914,-10595.011543481914,-10595.011543481914,69.30059661,69.30059661,69.30059661,0.0,0.0,0.0,83.29037731,83.29037731,83.29037731,0.0,0.0,0.0
-24.957707546437035,-27.002965441377746,-27.130886925389888,-24.957707546437035,-27.002965441377746,-27.130886925389888,2673.056499555138,2673.056499555138,2673.056499555138,73.46474602,73.46474602,73.46474602,2196.7808603950084,2196.7808603950084,2196.7808603950084,60.0,39.99999999999999,40.00000000000001,60.0,39.99999999999999,39.99999999999999,-1.2352631565101109,3.0562912069724697,2.911526138308754,-6.980042804701488,0.2329193452460403,0.035464711450166386,-41.04342819035575,-68.86236264037542,-68.19782998149844,-10595.011543481914,-10595.011543481914,-10595.011543481914,-10595.011543481914,-10595.011543481914,-10595.011543481914,69.30059661,69.30059661,69.30059661,0.0,0.0,0.0,83.29037731,83.29037731,83.29037731,0.0,0.0,0.0
-24.957707546437035,-27.002965441377746,-27.130886925389888,-24.957707546437035,-27.002965441377746,-27.130886925389888,2085.346440013834,2085.346440013834,2085.346440013834,73.46474602,73.46474602,73.46474602,1609.0708008537051,1609.0708008537051,1609.0708008537051,60.0,39.99999999999999,40.00000000000001,60.0,39.99999999999999,39.99999999999999,-1.2352631565101098,3.0562912069724706,2.911526138308754,-6.980042804701488,0.2329193452460403,0.035464711450165366,-41.04342819035575,-68.86236264037542,-68.19782998149844,-10595.011543481914,-10595.011543481914,-10595.011543481914,-10595.011543481914,-10595.011543481914,-10595.011543481914,69.30059661,69.30059661,69.30059661,0.0,0.0,0.0,83.29037731,83.29037731,83.29037731,0.0,0.0,0.0
-24.957707546437035,-27.002965441377746,-27.130886925389888,-24.957707546437035,-27.002965441377746,-27.130886925389888,2673.056499555138,2673.056499555138,2673.056499555138,73.46474602,73.46474602,73.46474602,2196.7808603950084,2196.7808603950084,2196.7808603950084,60.0,39.99999999999999,40.00000000000001,60.0,39.99999999999999,39.99999999999999,-1.2352631565101109,3.0562912069724706,2.911526138308754,-6.980042804701488,0.2329193452460403,0.035464711450165366,-41.04342819035575,-68.86236264037542,-68.19782998149844,-10595.011543481914,-10595.011543481914,-10595.011543481914,-10595.011543481914,-10595.011543481914,-10595.011543481914,69.30059661,69.30059661,69.30059661,0.0,0.0,0.0,83.29037731,83.29037731,83.29037731,0.0,0.0,0.0
-24.957707546437035,-27.002965441377746,-27.130886925389888,-24.957707546437035,-27.002965441377746,-27.130886925389888,2085.346440013834,2085.346440013834,2085.346440013834,73.46474602,73.46474602,73.46474602,1609.0708008537051,1609.0708008537051,1609.0708008537051,60.0,39.99999999999999,40.00000000000001,60.0,39.99999999999999,39.99999999999999,-1.2352631565101109,3.0562912069724697,2.911526138308754,-6.980042804701488,0.23291934524604146,0.035464711450165366,-41.04342819035575,-68.86236264037542,-68.19782998149844,-10595.011543481914,-10595.011543481914,-10595.011543481914,-10595.011543481914,-10595.011543481914,-10595.011543481914,69.30059661,69.30059661,69.30059661,0.0,0.0,0.0,83.29037731,83.29037731,83.29037731,0.0,0.0,0.0
-24.957707546437035,-27.002965441377743,-27.13088692538989,-24.957707546437035,-27.002965441377743,-27.13088692538989,2085.346440013834,2085.346440013834,2085.346440013834,73.46474602,73.46474602,73.46474602,1609.0708008537051,1609.0708008537051,1609.0708008537051,60.0,39.99999999999999,39.99999999999999,60.0,39.99999999999999,39.99999999999999,-1.2352631565101098,3.056291206972464,2.9115261383087474,-6.980042804701488,0.23291934524604208,0.035464711450165366,-41.04342819035575,-68.86236264037542,-68.19782998149843,-10595.011543481914,-10595.011543481914,-10595.011543481914,-10595.011543481914,-10595.011543481914,-10595.011543481914,69.30059661,69.30059661,69.30059661,0.0,0.0,0.0,83.29037731,83.29037731,83.29037731,0.0,0.0,0.0
-24.957707546437035,-27.002965441377746,-27.130886925389888,-24.957707546437035,-27.002965441377746,-27.130886925389888,2673.0564995551376,2673.0564995551376,2673.0564995551376,73.46474602,73.46474602,73.46474602,2196.7808603950084,2196.7808603950084,2196.7808603950084,60.0,39.99999999999999,40.00000000000001,60.0,39.99999999999999,39.99999999999999,-1.2352631565101109,3.0562912069724706,2.9115261383087545,-6.980042804701488,0.23291934524604146,0.035464711450165366,-41.04342819035575,-68.86236264037542,-68.19782998149844,-10595.011543481914,-10595.011543481914,-10595.011543481914,-10595.011543481914,-10595.011543481914,-10595.011543481914,69.30059661,69.30059661,69.30059661,0.0,0.0,0.0,83.29037731,83.29037731,83.29037731,0.0,0.0,0.0
-24.957707546437035,-27.002965441377746,-27.130886925389888,-24.957707546437035,-27.002965441377746,-27.130886925389888,2673.056499555138,2673.056499555138,2673.056499555138,73.46474602,73.46474602,73.46474602,2196.7808603950084,2196.7808603950084,2196.7808603950084,60.0,39.99999999999999,40.00000000000001,60.0,39.99999999999999,39.99999999999999,-1.2352631565101109,3.0562912069724693,2.911526138308754,-6.980042804701488,0.2263288058820029,0.0354647114501654,-41.04342819035575,-68.86236264037542,-68.19782998149844,-10595.011543481914,-10595.011543481914,-10595.011543481914,-10595.011543481914,-10595.011543481914,-10595.011543481914,69.30059661,69.30059661,69.30059661,0.0,0.0,0.0,83.29037731,83.29037731,83.29037731,0.0,0.0,0.0
-24.957707546437035,-27.002965441377743,-27.13088692538989,-24.957707546437035,-27.002965441377743,-27.13088692538989,2085.346440013834,2085.346440013834,2085.346440013834,73.46474602,73.46474602,73.46474602,1609.0708008537051,1609.0708008537051,1609.0708008537051,60.0,39.99999999999999,39.99999999999999,60.0,39.99999999999999,39.99999999999999,-1.2352631565101098,3.0562912069724644,2.9115261383087487,-6.980042804701488,0.2263288058820029,0.03546471145016482,-41.04342819035575,-68.86236264037542,-68.19782998149843,-10595.011543481914,-10595.011543481914,-10595.011543481914,-10595.011543481914,-10595.011543481914,-10595.011543481914,69.30059661,69.30059661,69.30059661,0.0,0.0,0.0,83.29037731,83.29037731,83.29037731,0.0,0.0,0.0
-24.957707546437035,-27.002965441377746,-27.130886925389888,-24.957707546437035,-27.002965441377746,-27.130886925389888,2673.0564995551376,2673.0564995551376,2673.0564995551376,73.46474602,73.46474602,73.46474602,2196.7808603950084,2196.7808603950084,2196.7808603950084,60.0,39.99999999999999,40.00000000000001,60.0,39.99999999999999,39.99999999999999,-1.2352631565101109,3.0562912069724693,2.9115261383087536,-6.994891566251655,0.2263288058820029,0.0354647114501654,-41.04342819035575,-68.86236264037542,-68.19782998149844,-10595.011543481914,-10595.011543481914,-10595.011543481914,-10595.011543481914,-10595.011543481914,-10595.011543481914,69.30059661,69.30059661,69.30059661,0.0,0.0,0.0,83.29037731,83.29037731,83.29037731,0.0,0.0,0.0
-24.957707546437035,-27.002965441377746,-27.130886925389888,-24.957707546437035,-27.002965441377746,-27.130886925389888,2085.346440013834,2085.346440013834,2085.346440013834,73.46474602,73.46474602,73.46474602,1609.0708008537051,1609.0708008537051,1609.0708008537051,60.0,39.99999999999999,40.00000000000001,60.0,39.99999999999999,39.99999999999999,-1.2352631565101109,3.0562912069724697,2.911526138308754,-6.980042804701488,0.2263288058820029,0.0354647114501654,-41.04342819035575,-68.86236264037542,-68.19782998149844,-10595.011543481914,-10595.011543481914,-10595.011543481914,-10595.011543481914,-10595.011543481914,-10595.011543481914,69.30059661,69.30059661,69.30059661,0.0,0.0,0.0,83.29037731,83.29037731,83.29037731,0.0,0.0,0.0
-24.957707546437035,-27.002965441377746,-27.130886925389888,-24.957707546437035,-27.002965441377746,-27.130886925389888,2085.346440013834,2085.346440013834,2085.346440013834,73.46474602,73.46474602,73.46474602,1609.0708008537051,1609.0708008537051,1609.0708008537051,60.0,39.99999999999999,40.00000000000001,60.0,39.99999999999999,39.99999999999999,-1.2352631565101109,3.0562912069724693,2.911526138308754,-6.980042804701488,0.22632880588200266,0.0354647114501654,-41.04342819035575,-68.86236264037542,-68.19782998149844,-10595.011543481914,-10595.011543481914,-10595.011543481914,-10595.011543481914,-10595.011543481914,-10595.011543481914,69.30059661,69.30059661,69.30059661,0.0,0.0,0.0,83.29037731,83.29037731,83.29037731,0.0,0.0,0.0
-24.957707546437035,-27.002965441377746,-27.130886925389888,-24.957707546437035,-27.002965441377746,-27.130886925389888,2673.0564995551376,2673.0564995551376,2673.0564995551376,73.46474602,73.46474602,73.46474602,2196.7808603950084,2196.7808603950084,2196.7808603950084,60.0,39.99999999999999,40.00000000000001,60.0,39.99999999999999,39.99999999999999,-1.2352631565101109,3.056291206972471,2.9115261383087545,-6.980042804701488,0.2263288058820029,0.0354647114501654,-41.04342819035575,-68.86236264037542,-68.19782998149844,-10595.011543481914,-10595.011543481914,-10595.011543481914,-10595.011543481914,-10595.011543481914,-10595.011543481914,69.30059661,69.30059661,69.30059661,0.0,0.0,0.0,83.29037731,83.29037731,83.29037731,0.0,0.0,0.0
-24.957707546437035,-27.00296544137774,-27.130886925389888,-24.957707546437035,-27.00296544137774,-27.130886925389888,2085.346440013834,2085.346440013834,2085.346440013834,73.46474602,73.46474602,73.46474602,1609.0708008537051,1609.0708008537051,1609.0708008537051,60.0,39.99999999999999,40.00000000000001,60.0,39.99999999999999,39.99999999999999,-1.2352631565101098,3.0562912069724635,2.9115261383087474,-6.980042804701488,0.2263288058820029,0.035464711450164804,-41.04342819035575,-68.86236264037542,-68.19782998149844,-10595.011543481914,-10595.011543481914,-10595.011543481914,-10595.011543481914,-10595.011543481914,-10595.011543481914,69.30059661,69.30059661,69.30059661,0.0,0.0,0.0,83.29037731,83.29037731,83.29037731,0.0,0.0,0.0
-24.957707546437035,-27.002965441377746,-27.130886925389888,-24.957707546437035,-27.002965441377746,-27.130886925389888,2085.346440013834,2085.346440013834,2085.346440013834,73.46474602,73.46474602,73.46474602,1609.0708008537051,1609.0708008537051,1609.0708008537051,60.0,39.99999999999999,40.00000000000001,60.0,39.99999999999999,39.99999999999999,-1.2352631565101098,3.056291206972471,2.9115261383087554,-6.980042804701488,0.2263288058820027,0.0354647114501654,-41.04342819035575,-68.86236264037542,-68.19782998149844,-10595.011543481914,-10595.011543481914,-10595.011543481914,-10595.011543481914,-10595.011543481914,-10595.011543481914,69.30059661,69.30059661,69.30059661,0.0,0.0,0.0,83.29037731,83.29037731,83.29037731,0.0,0.0,0.0
-24.957707546437035,-27.002965441377743,-27.130886925389888,-24.957707546437035,-27.002965441377743,-27.130886925389888,2085.346440013834,2085.346440013834,2085.346440013834,73.46474602,73.46474602,73.46474602,1609.0708008537051,1609.0708008537051,1609.0708008537051,60.0,39.99999999999999,40.00000000000001,60.0,39.99999999999999,39.99999999999999,-1.2352631565101109,3.0562912069724693,2.911526138308753,-6.980042804701488,0.2263288058820027,0.0354647114501654,-41.04342819035575,-68.86236264037542,-68.19782998149844,-10595.011543481914,-10595.011543481914,-10595.011543481914,-10595.011543481914,-10595.011543481914,-10595.011543481914,69.30059661,69.30059661,69.30059661,0.0,0.0,0.0,83.29037731,83.29037731,83.29037731,0.0,0.0,0.0
-24.957707546437035,-27.00296544137774,-27.13088692538989,-24.957707546437035,-27.00296544137774,-27.13088692538989,2673.056499555138,2673.056499555138,2673.056499555138,73.46474602,73.46474602,73.46474602,2196.7808603950084,2196.7808603950084,2196.7808603950084,60.0,39.99999999999999,39.99999999999999,60.0,39.99999999999999,39.99999999999999,-1.2352631565101109,3.056291206972464,2.9115261383087474,-6.994891566251655,0.22632880588200477,0.03546471145016482,-41.04342819035575,-68.86236264037542,-68.19782998149843,-10595.011543481914,-10595.011543481914,-10595.011543481914,-10595.011543481914,-10595.011543481914,-10595.011543481914,69.30059661,69.30059661,69.30059661,0.0,0.0,0.0,83.29037731,83.29037731,83.29037731,0.0,0.0,0.0
-24.957707546437035,-27.002965441377743,-27.130886925389888,-24.957707546437035,-27.002965441377743,-27.130886925389888,2085.4122829181565,2085.4122829181565,2085.4122829181565,73.46474602,73.46474602,73.46474602,1609.1366437580273,1609.1366437580273,1609.1366437580273,60.0,39.99999999999999,40.00000000000001,60.0,39.99999999999999,39.99999999999999,-1.2352631565101109,3.0562912069724697,2.911526138308754,-6.994891566251655,0.22632880588200474,0.035464711450165366,-41.04342819035575,-68.86236264037542,-68.19782998149844,-10595.011543481914,-10595.011543481914,-10595.011543481914,-10595.011543481914,-10595.011543481914,-10595.011543481914,69.30059661,69.30059661,69.30059661,0.0,0.0,0.0,83.29037731,83.29037731,83.29037731,0.0,0.0,0.0
-24.957707546437035,-27.002965441377743,-27.130886925389888,-24.957707546437035,-27.002965441377743,-27.130886925389888,2085.346440013834,2085.346440013834,2085.346440013834,73.46474602,73.46474602,73.46474602,1609.0708008537051,1609.0708008537051,1609.0708008537051,60.0,39.99999999999999,40.00000000000001,60.0,39.99999999999999,39.99999999999999,-1.2352631565101109,3.0562912069724693,2.911526138308754,-6.980042804701488,0.22632880588200477,0.035464711450165366,-41.04342819035575,-68.86236264037542,-68.19782998149844,-10595.011543481914,-10595.011543481914,-10595.011543481914,-10595.011543481914,-10595.011543481914,-10595.011543481914,69.30059661,69.30059661,69.30059661,0.0,0.0,0.0,83.29037731,83.29037731,83.29037731,0.0,0.0,0.0
-24.957707546437035,-27.002965441377746,-27.130886925389888,-24.957707546437035,-27.002965441377746,-27.130886925389888,2673.056499555138,2673.056499555138,2673.056499555138,73.46474602,73.46474602,73.46474602,2196.7808603950084,2196.7808603950084,2196.7808603950084,60.0,39.99999999999999,40.00000000000001,60.0,39.99999999999999,39.99999999999999,-1.2352631565101109,3.0562912069724693,2.9115261383087536,-6.980042804701488,0.22632880588200477,0.0354647114501654,-41.04342819035575,-68.86236264037542,-68.19782998149844,-10595.011543481914,-10595.011543481914,-10595.011543481914,-10595.011543481914,-10595.011543481914,-10595.011543481914,69.30059661,69.30059661,69.30059661,0.0,0.0,0.0,83.29037731,83.29037731,83.29037731,0.0,0.0,0.0
-24.957707546437035,-27.002965441377746,-27.130886925389888,-24.957707546437035,-27.002965441377746,-27.130886925389888,2673.056499555138,2673.056499555138,2673.056499555138,73.46474602,73.46474602,73.46474602,2196.7808603950084,2196.7808603950084,2196.7808603950084,60.0,39.99999999999999,40.00000000000001,60.0,39.99999999999999,39.99999999999999,-1.2352631565101109,3.0562912069724697,2.911526138308754,-6.980042804701488,0.22632880588200477,0.035464711450165366,-41.04342819035575,-68.86236264037542,-68.19782998149844,-10595.011543481914,-10595.011543481914,-10595.011543481914,-10595.011543481914,-10595.011543481914,-10595.011543481914,69.30059661,69.30059661,69.30059661,0.0,0.0,0.0,83.29037731,83.29037731,83.29037731,0.0,0.0,0.0
-24.957707546437035,-27.002965441377743,-27.130886925389888,-24.957707546437035,-27.002965441377743,-27.130886925389888,2673.0564995551376,2673.0564995551376,2673.0564995551376,73.46474602,73.46474602,73.46474602,2196.7808603950084,2196.7808603950084,2196.7808603950084,60.0,39.99999999999999,40.00000000000001,60.0,39.99999999999999,39.99999999999999,-1.2352631565101109,3.0562912069724644,2.9115261383087474,-6.980042804701488,0.22632880588200477,0.03546471145016482,-41.04342819035575,-68.86236264037542,-68.19782998149844,-10595.011543481914,-10595.011543481914,-10595.011543481914,-10595.011543481914,-10595.011543481914,-10595.011543481914,69.30059661,69.30059661,69.30059661,0.0,0.0,0.0,83.29037731,83.29037731,83.29037731,0.0,0.0,0.0
-24.957707546437035,-27.002965441377746,-27.13088692538989,-24.957707546437035,-27.002965441377746,-27.13088692538989,2085.346440013834,2085.346440013834,2085.346440013834,73.46474602,73.46474602,73.46474602,1609.0708008537051,1609.0708008537051,1609.0708008537051,60.0,39.99999999999999,39.99999999999999,60.0,39.99999999999999,39.99999999999999,-1.2352631565101109,3.0562912069724697,2.911526138308754,-6.980042804701488,0.22632880588200477,0.035464711450165116,-41.04342819035575,-68.86236264037542,-68.19782998149844,-10595.011543481914,-10595.011543481914,-10595.011543481914,-10595.011543481914,-10595.011543481914,-10595.011543481914,69.30059661,69.30059661,69.30059661,0.0,0.0,0.0,83.29037731,83.29037731,83.29037731,0.0,0.0,0.0
-24.85359163111461,-27.002965441377746,-27.130886925389888,-24.85359163111461,-27.002965441377746,-27.130886925389888,2673.1010103592457,2673.1010103592457,2673.1010103592457,73.46474602,73.46474602,73.46474602,2196.825371199116,2196.825371199116,2196.825371199116,60.0,39.99999999999999,40.00000000000001,60.0,39.99999999999999,39.99999999999999,-1.2352631565101098,3.0562912069724697,2.911526138308754,-6.980042804701488,0.22632880588200477,0.035464711450165116,-41.04342819035575,-68.86236264037542,-68.19782998149844,-10595.011543481914,-10595.011543481914,-10595.011543481914,-10595.011543481914,-10595.011543481914,-10595.011543481914,69.30059661,69.30059661,69.30059661,0.0,0.0,0.0,83.29037731,83.29037731,83.29037731,0.0,0.0,0.0
-24.957707546437035,-27.002965441377743,-27.130886925389888,-24.957707546437035,-27.002965441377743,-27.130886925389888,2062.524105379503,2062.524105379503,2062.524105379503,73.46474602,73.46474602,73.46474602,1586.2484662193738,1586.2484662193738,1586.2484662193738,60.0,39.99999999999999,40.00000000000001,60.0,39.99999999999999,39.99999999999999,-1.2352631565101109,3.0562912069724635,2.9115261383087474,-1.833195038901902,0.22632880588200477,0.03546471145016482,-41.04342819035575,-68.86236264037542,-68.19782998149844,-10595.011543481914,-10595.011543481914,-10595.011543481914,-10595.011543481914,-10595.011543481914,-10595.011543481914,69.30059661,69.30059661,69.30059661,0.0,0.0,0.0,83.29037731,83.29037731,83.29037731,0.0,0.0,0.0
-24.957707546437035,-27.002965441377743,-27.13088692538989,-24.957707546437035,-27.002965441377743,-27.13088692538989,2062.524105379503,2062.524105379503,2062.524105379503,73.46474602,73.46474602,73.46474602,1586.2484662193738,1586.2484662193738,1586.2484662193738,60.0,39.99999999999999,39.99999999999999,60.0,39.99999999999999,39.99999999999999,-1.2352631565101109,3.056291206972465,2.9115261383087487,-1.833195038901902,0.22632880588200477,0.03546471145016482,-41.04342819035575,-68.86236264037542,-68.19782998149843,-10595.011543481914,-10595.011543481914,-10595.011543481914,-10595.011543481914,-10595.011543481914,-10595.011543481914,69.30059661,69.30059661,69.30059661,0.0,0.0,0.0,83.29037731,83.29037731,83.29037731,0.0,0.0,0.0
-24.957707546437035,-27.002965441377746,-27.130886925389888,-24.957707546437035,-27.002965441377746,-27.130886925389888,2673.056499555138,2673.056499555138,2673.056499555138,73.46474602,73.46474602,73.46474602,2196.7808603950084,2196.7808603950084,2196.7808603950084,60.0,39.99999999999999,40.00000000000001,60.0,39.99999999999999,39.99999999999999,-1.2352631565101109,3.0562912069724693,2.911526138308753,-1.833195038901902,0.22632880588200477,0.035464711450165366,-41.04342819035575,-68.86236264037542,-68.19782998149844,-10595.011543481914,-10595.011543481914,-10595.011543481914,-10595.011543481914,-10595.011543481914,-10595.011543481914,69.30059661,69.30059661,69.30059661,0.0,0.0,0.0,83.29037731,83.29037731,83.29037731,0.0,0.0,0.0
-24.957707546437035,-27.002965441377743,-27.13088692538989,-24.957707546437035,-27.002965441377743,-27.13088692538989,2673.0564995551376,2673.0564995551376,2673.0564995551376,73.46474602,73.46474602,73.46474602,2196.7808603950084,2196.7808603950084,2196.7808603950084,60.0,39.99999999999999,39.99999999999999,60.0,39.99999999999999,39.99999999999999,-1.2352631565101109,3.0562912069724715,2.911526138308756,-1.833195038901902,0.22632880588200716,0.035464711450165366,-41.04342819035575,-68.86236264037542,-68.19782998149843,-10595.011543481914,-10595.011543481914,-10595.011543481914,-10595.011543481914,-10595.011543481914,-10595.011543481914,69.30059661,69.30059661,69.30059661,0.0,0.0,0.0,83.29037731,83.29037731,83.29037731,0.0,0.0,0.0
-24.957707546437035,-27.002965441377743,-26.833193745916475,-24.957707546437035,-27.002965441377743,-26.833193745916475,2673.056499555138,2673.056499555138,2673.056499555138,73.46474602,73.46474602,73.46474602,2196.7808603950084,2196.7808603950084,2196.7808603950084,60.0,39.99999999999999,40.88543752092087,60.0,39.99999999999999,40.88543752092087,-1.2352631565101109,3.0562912069724715,2.9115261383087563,-1.833195038901902,0.23291934524604424,0.04205525081420574,-41.04342819035575,-68.86236264037542,-68.06587896856298,-10595.011543481914,-10595.011543481914,-10595.011543481914,-10595.011543481914,-10595.011543481914,-10595.011543481914,69.30059661,69.30059661,69.30059661,0.0,0.0,0.0,83.29037731,83.29037731,83.29037731,0.0,0.0,0.0
-24.957707546437035,-27.002965441377743,-27.12705014193613,-24.957707546437035,-27.002965441377743,-27.12705014193613,2062.524105379503,2062.524105379503,2062.524105379503,73.46474602,73.46474602,73.46474602,1586.2484662193738,1586.2484662193738,1586.2484662193738,60.0,39.99999999999999,40.00000000000001,60.0,39.99999999999999,39.99999999999999,-1.2352631565101098,3.0562912069724635,2.9115261383087474,-1.8331950389019014,0.23291934524604208,0.04205525081420574,-41.04342819035575,-68.86236264037542,-68.22006361051457,-10595.011543481914,-10595.011543481914,-10595.011543481914,-10595.011543481914,-10595.011543481914,-10595.011543481914,69.30059661,69.30059661,69.30059661,0.0,0.0,0.0,83.29037731,83.29037731,83.29037731,0.0,0.0,0.0
-24.957707546437035,-27.002965441377743,-26.899296465935333,-24.957707546437035,-27.002965441377743,-26.899296465935333,2062.524105379503,2062.524105379503,2062.524105379503,73.46474602,73.46474602,73.46474602,1586.2484662193738,1586.2484662193738,1586.2484662193738,60.0,39.99999999999999,39.99999999999999,60.0,39.99999999999999,39.99999999999999,-1.2352631565101109,3.056291206972472,2.911526138308756,-1.833195038901902,0.23291934524604424,0.43327346395494903,-41.04342819035575,-68.86236264037542,-69.5398646366334,-10595.011543481914,-10595.011543481914,-10595.011543481914,-10595.011543481914,-10595.011543481914,-10595.011543481914,69.30059661,69.30059661,69.30059661,0.0,0.0,0.0,83.29037731,83.29037731,83.29037731,0.0,0.0,0.0
-24.957707546437035,-27.00296544137774,-26.899296465935333,-24.957707546437035,-27.00296544137774,-26.899296465935333,2673.056499555138,2673.056499555138,2673.056499555138,73.46474602,73.46474602,73.46474602,2196.7808603950084,2196.7808603950084,2196.7808603950084,60.0,39.99999999999999,39.99999999999999,60.0,39.99999999999999,39.99999999999999,-1.2352631565101109,3.056291206972472,2.9115261383087563,-1.833195038901902,0.2329193452460421,0.43327346395494903,-41.04342819035575,-68.86236264037542,-69.5398646366334,-10595.011543481914,-10595.011543481914,-10595.011543481914,-10595.011543481914,-10595.011543481914,-10595.011543481914,69.30059661,69.30059661,69.30059661,0.0,0.0,0.0,83.29037731,83.29037731,83.29037731,0.0,0.0,0.0
-24.957707546437035,-27.00296544137774,-26.899296465935333,-24.957707546437035,-27.00296544137774,-26.899296465935333,2062.524105379503,2062.524105379503,2062.524105379503,73.46474602,73.46474602,73.46474602,1586.2484662193738,1586.2484662193738,1586.2484662193738,60.0,39.99999999999999,39.99999999999999,60.0,39.99999999999999,39.99999999999999,-1.2352631565101098,3.0562912069724657,2.9115261383087496,-1.8331950389019014,0.23291934524604288,0.43327346395494903,-41.04342819035575,-68.86236264037542,-69.5398646366334,-10595.011543481914,-10595.011543481914,-10595.011543481914,-10595.011543481914,-10595.011543481914,-10595.011543481914,69.30059661,69.30059661,69.30059661,0.0,0.0,0.0,83.29037731,83.29037731,83.29037731,0.0,0.0,0.0
-24.957707546437035,-27.002965441377743,-26.899296465935333,-24.957707546437035,-27.002965441377743,-26.899296465935333,2673.0564995551376,2673.0564995551376,2673.0564995551376,73.46474602,73.46474602,73.46474602,2196.7808603950084,2196.7808603950084,2196.7808603950084,60.0,39.99999999999999,39.99999999999999,60.0,39.99999999999999,39.99999999999999,-1.2352631565101109,3.0562912069724715,2.9115261383087554,-6.9948915662516535,0.23291934524604266,0.43327346395494903,-41.04342819035575,-68.86236264037542,-69.5398646366334,-10595.011543481914,-10595.011543481914,-10595.011543481914,-10595.011543481914,-10595.011543481914,-10595.011543481914,69.30059661,69.30059661,69.30059661,0.0,0.0,0.0,83.29037731,83.29037731,83.29037731,0.0,0.0,0.0
-24.957707546437035,-27.00296544137774,-26.899296465935333,-24.957707546437035,-27.00296544137774,-26.899296465935333,2085.4122829181565,2085.4122829181565,2085.4122829181565,73.46474602,73.46474602,73.46474602,1609.1366437580273,1609.1366437580273,1609.1366437580273,60.0,39.99999999999999,39.99999999999999,60.0,39.99999999999999,39.99999999999999,-1.2352631565101109,3.056291206972472,2.9115261383087563,-6.994891566251655,0.23291934524604266,0.43327346395494903,-41.04342819035575,-68.86236264037542,-69.5398646366334,-10595.011543481914,-10595.011543481914,-10595.011543481914,-10595.011543481914,-10595.011543481914,-10595.011543481914,69.30059661,69.30059661,69.30059661,0.0,0.0,0.0,83.29037731,83.29037731,83.29037731,0.0,0.0,0.0
-24.957707546437035,-27.002965441377743,-26.899296465935333,-24.957707546437035,-27.002965441377743,-26.899296465935333,2673.056499555138,2673.056499555138,2673.056499555138,73.46474602,73.46474602,73.46474602,2196.7808603950084,2196.7808603950084,2196.7808603950084,60.0,39.99999999999999,39.99999999999999,60.0,39.99999999999999,39.99999999999999,-1.2352631565101109,3.056291206972471,2.911526138308754,-6.994891566251655,0.23291934524604266,0.43327346395494903,-41.04342819035575,-68.86236264037542,-69.5398646366334,-10595.011543481914,-10595.011543481914,-10595.011543481914,-10595.011543481914,-10595.011543481914,-10595.011543481914,69.30059661,69.30059661,69.30059661,0.0,0.0,0.0,83.29037731,83.29037731,83.29037731,0.0,0.0,0.0
-24.957707546437035,-26.909731693594278,-26.812323212765715,-24.957707546437035,-26.909731693594278,-26.812323212765715,2673.056499555138,2673.056499555138,2673.056499555138,73.46474602,73.46474602,73.46474602,2196.7808603950084,2196.7808603950084,2196.7808603950084,60.0,39.99999999999999,40.00000000000001,60.0,39.99999999999999,39.99999999999999,-1.2352631565101087,4.075294026546184,3.8822626104848204,-1.8331950389019014,0.23624497327676694,0.43327346395494903,-41.04342819035575,-68.86236264037542,-69.52917681911873,-10595.011543481914,-10595.011543481914,-10595.011543481914,-10595.011543481914,-10595.011543481914,-10595.011543481914,69.30059661,69.30059661,69.30059661,0.0,0.0,0.0,83.29037731,83.29037731,83.29037731,0.0,0.0,0.0
-24.957707546437035,-26.909731693594278,-26.812323212765715,-24.957707546437035,-26.909731693594278,-26.812323212765715,2062.524105379503,2062.524105379503,2062.524105379503,73.46474602,73.46474602,73.46474602,1586.2484662193738,1586.2484662193738,1586.2484662193738,60.0,39.99999999999999,40.00000000000001,60.0,39.99999999999999,39.99999999999999,-1.23526315651011,4.075294026546184,3.882262610484821,-1.8331950389019016,0.23624497327676694,0.43327346395494903,-41.04342819035575,-68.86236264037542,-69.52917681911873,-10595.011543481914,-10595.011543481914,-10595.011543481914,-10595.011543481914,-10595.011543481914,-10595.011543481914,69.30059661,69.30059661,69.30059661,0.0,0.0,0.0,83.29037731,83.29037731,83.29037731,0.0,0.0,0.0
-24.957707546437035,-26.909731693594278,-26.812323212765715,-24.957707546437035,-26.909731693594278,-26.812323212765715,2673.056499555138,2673.056499555138,2673.056499555138,73.46474602,73.46474602,73.46474602,2196.7808603950084,2196.7808603950084,2196.7808603950084,60.0,39.99999999999999,40.00000000000002,60.0,39.99999999999999,39.99999999999999,-1.2352631565101098,4.075294026546178,3.882262610484815,-1.8331950389019016,0.23624497327676655,0.43327346395494876,-41.04342819035575,-68.86236264037542,-69.52917681911873,-10595.011543481914,-10595.011543481914,-10595.011543481914,-10595.011543481914,-10595.011543481914,-10595.011543481914,69.30059661,69.30059661,69.30059661,0.0,0.0,0.0,83.29037731,83.29037731,83.29037731,0.0,0.0,0.0
-24.957707546437035,-26.909731693594278,-26.812323212765715,-24.957707546437035,-26.909731693594278,-26.812323212765715,2062.524105379503,2062.524105379503,2062.524105379503,73.46474602,73.46474602,73.46474602,1586.2484662193738,1586.2484662193738,1586.2484662193738,60.0,39.99999999999999,40.00000000000001,60.0,39.99999999999999,39.99999999999999,-1.2352631565101098,4.0752940265461834,3.8822626104848204,-1.8331950389019016,0.23624497327676655,0.43327346395494903,-41.04342819035575,-68.86236264037542,-69.52917681911873,-10595.011543481914,-10595.011543481914,-10595.011543481914,-10595.011543481914,-10595.011543481914,-10595.011543481914,69.30059661,69.30059661,69.30059661,0.0,0.0,0.0,83.29037731,83.29037731,83.29037731,0.0,0.0,0.0
-24.957707546437035,-26.9097316935945,-26.812323212765715,-24.957707546437035,-26.9097316935945,-26.812323212765715,2673.0564995551376,2673.0564995551376,2673.0564995551376,73.46474602,73.46474602,73.46474602,2196.7808603950084,2196.7808603950084,2196.7808603950084,60.0,39.99999999999999,40.00000000000001,60.0,39.99999999999999,39.99999999999999,-1.2352631565101109,4.075294026546184,3.8822626104848212,-1.833195038901902,0.23624497327676655,0.43327346395494903,-41.04342819035575,-68.86236264037542,-69.52917681911873,-10595.011543481914,-10595.011543481914,-10595.011543481914,-10595.011543481914,-10595.011543481914,-10595.011543481914,69.30059661,69.30059661,69.30059661,0.0,0.0,0.0,83.29037731,83.29037731,83.29037731,0.0,0.0,0.0
-24.957707546437035,-26.909731693594278,-26.812323212765715,-24.957707546437035,-26.909731693594278,-26.812323212765715,2062.524105379503,2062.524105379503,2062.524105379503,73.46474602,73.46474602,73.46474602,1586.2484662193738,1586.2484662193738,1586.2484662193738,60.0,39.99999999999999,40.00000000000002,60.0,39.99999999999999,39.99999999999999,-1.2352631565101098,4.075294026546178,3.882262610484815,-1.8331950389019014,0.23624497327676622,0.43327346395494876,-41.04342819035575,-68.86236264037542,-69.52917681911873,-10595.011543481914,-10595.011543481914,-10595.011543481914,-10595.011543481914,-10595.011543481914,-10595.011543481914,69.30059661,69.30059661,69.30059661,0.0,0.0,0.0,83.29037731,83.29037731,83.29037731,0.0,0.0,0.0
-24.957707546437035,-26.909731693594278,-26.70872342200048,-24.957707546437035,-26.909731693594278,-26.70872342200048,2062.524105379503,2062.524105379503,2062.524105379503,73.46474602,73.46474602,73.46474602,1586.2484662193738,1586.2484662193738,1586.2484662193738,60.0,39.99999999999999,40.000000000000014,60.0,39.99999999999999,39.99999999999999,-1.2352631565101109,4.075294026546178,3.882262610484815,-1.833195038901902,0.23624497327676622,0.6112294282081289,-41.04342819035575,-68.86236264037542,-70.12952326602819,-10595.011543481914,-10595.011543481914,-10595.011543481914,-10595.011543481914,-10595.011543481914,-10595.011543481914,69.30059661,69.30059661,69.30059661,0.0,0.0,0.0,83.29037731,83.29037731,83.29037731,0.0,0.0,0.0
-24.957707546437035,-26.909731693594278,-26.70872342200048,-24.957707546437035,-26.909731693594278,-26.70872342200048,2062.524105379503,2062.524105379503,2062.524105379503,73.46474602,73.46474602,73.46474602,1586.2484662193738,1586.2484662193738,1586.2484662193738,60.0,39.99999999999999,39.99999999999999,60.0,39.99999999999999,39.99999999999999,-1.2352631565101109,4.075294026546184,3.8822626104848212,-1.833195038901902,0.23624497327676622,0.6112294282081292,-41.04342819035575,-68.86236264037542,-70.12952326602819,-10595.011543481914,-10595.011543481914,-10595.011543481914,-10595.011543481914,-10595.011543481914,-10595.011543481914,69.30059661,69.30059661,69.30059661,0.0,0.0,0.0,83.29037731,83.29037731,83.29037731,0.0,0.0,0.0
-24.957707546437035,-26.909731693594278,-26.70872342200048,-24.957707546437035,-26.909731693594278,-26.70872342200048,2062.524105379503,2062.524105379503,2062.524105379503,73.46474602,73.46474602,73.46474602,1586.2484662193738,1586.2484662193738,1586.2484662193738,60.0,39.99999999999999,39.99999999999999,60.0,39.99999999999999,39.99999999999999,-1.2352631565101098,4.075294026546184,3.8822626104848212,-1.833195038901902,0.23624497327676622,0.6112294282081292,-41.04342819035575,-68.86236264037542,-70.12952326602819,-10595.011543481914,-10595.011543481914,-10595.011543481914,-10595.011543481914,-10595.011543481914,-10595.011543481914,69.30059661,69.30059661,69.30059661,0.0,0.0,0.0,83.29037731,83.29037731,83.29037731,0.0,0.0,0.0
-24.957707546437035,-26.909731693594278,-26.70872342200048,-24.957707546437035,-26.909731693594278,-26.70872342200048,2673.056499555138,2673.056499555138,2673.056499555138,73.46474602,73.46474602,73.46474602,2196.7808603950084,2196.7808603950084,2196.7808603950084,60.0,39.99999999999999,39.99999999999999,60.0,39.99999999999999,39.99999999999999,-1.2352631565101109,4.075294026546184,3.882262610484821,-1.833195038901902,0.23624497327676622,0.6112294282081292,-41.04342819035575,-68.86236264037542,-70.12952326602819,-10595.011543481914,-10595.011543481914,-10595.011543481914,-10595.011543481914,-10595.011543481914,-10595.011543481914,69.30059661,69.30059661,69.30059661,0.0,0.0,0.0,83.29037731,83.29037731,83.29037731,0.0,0.0,0.0
-24.957707546437035,-26.909731693594278,-26.708723422000492,-24.957707546437035,-26.909731693594278,-26.708723422000492,2062.524105379503,2062.524105379503,2062.524105379503,73.46474602,73.46474602,73.46474602,1586.2484662193738,1586.2484662193738,1586.2484662193738,60.0,39.99999999999999,39.999999999999986,60.0,39.99999999999999,39.99999999999999,-1.2352631565101098,4.075294026546178,3.882262610484815,-1.8331950389019016,0.23624497327676622,0.6112294282081289,-41.04342819035575,-68.86236264037542,-70.12952326602819,-10595.011543481914,-10595.011543481914,-10595.011543481914,-10595.011543481914,-10595.011543481914,-10595.011543481914,69.30059661,69.30059661,69.30059661,0.0,0.0,0.0,83.29037731,83.29037731,83.29037731,0.0,0.0,0.0
-24.957707546437035,-26.909731693594278,-26.70872342200048,-24.957707546437035,-26.909731693594278,-26.70872342200048,2673.0564995551376,2673.0564995551376,2673.0564995551376,73.46474602,73.46474602,73.46474602,2196.7808603950084,2196.7808603950084,2196.7808603950084,60.0,39.99999999999999,39.99999999999999,60.0,39.99999999999999,39.99999999999999,-1.2352631565101109,4.075294026546184,3.8822626104848212,-1.833195038901902,0.23624497327676514,0.6112294282081292,-41.04342819035575,-68.86236264037542,-70.12952326602819,-10595.011543481914,-10595.011543481914,-10595.011543481914,-10595.011543481914,-10595.011543481914,-10595.011543481914,69.30059661,69.30059661,69.30059661,0.0,0.0,0.0,83.29037731,83.29037731,83.29037731,0.0,0.0,0.0
-24.957707546437035,-26.909731693594278,-26.312638799414117,-24.957707546437035,-26.909731693594278,-26.312638799414117,2062.524105379503,2062.524105379503,2062.524105379503,73.46474602,73.46474602,73.46474602,1586.2484662193738,1586.2484662193738,1586.2484662193738,60.0,39.99999999999999,41.193467935522804,60.0,39.99999999999999,41.193467935522804,-1.2352631565101109,4.075294026546184,3.8822626104848212,-1.833195038901902,0.23624497327676514,0.6112294282081292,-41.04342819035575,-68.86236264037542,-69.92170010293485,-10595.011543481914,-10595.011543481914,-10595.011543481914,-10595.011543481914,-10595.011543481914,-10595.011543481914,69.30059661,69.30059661,69.30059661,0.0,0.0,0.0,83.29037731,83.29037731,83.29037731,0.0,0.0,0.0
-24.957707546437035,-26.909731693594278,-26.70872342200048,-24.957707546437035,-26.909731693594278,-26.70872342200048,2078.2753227066246,2078.2753227066246,2078.2753227066246,73.46474602,73.46474602,73.46474602,1601.9996835464954,1601.9996835464954,1601.9996835464954,60.0,39.99999999999999,40.000000000000014,60.0,39.99999999999999,39.99999999999999,-1.2352631565101109,4.075294026546178,3.882262610484815,-5.385378415740562,0.23624497327676514,0.6112294282081289,-41.04342819035575,-68.86236264037542,-70.12952326602819,-10595.011543481914,-10595.011543481914,-10595.011543481914,-10595.011543481914,-10595.011543481914,-10595.011543481914,69.30059661,69.30059661,69.30059661,0.0,0.0,0.0,83.29037731,83.29037731,83.29037731,0.0,0.0,0.0
-24.957707546437035,-26.909731693594278,-26.70872342200048,-24.957707546437035,-26.909731693594278,-26.70872342200048,2078.2753227066246,2078.2753227066246,2078.2753227066246,73.46474602,73.46474602,73.46474602,1601.9996835464954,1601.9996835464954,1601.9996835464954,60.0,39.99999999999999,39.99999999999999,60.0,39.99999999999999,39.99999999999999,-1.2352631565101087,4.075294026546184,3.8822626104848204,-5.385378415740562,0.23624497327676514,0.6112294282081292,-41.04342819035575,-68.86236264037542,-70.12952326602819,-10595.011543481914,-10595.011543481914,-10595.011543481914,-10595.011543481914,-10595.011543481914,-10595.011543481914,69.30059661,69.30059661,69.30059661,0.0,0.0,0.0,83.29037731,83.29037731,83.29037731,0.0,0.0,0.0
-24.957707546437035,-26.909731693594278,-26.70872342200048,-24.957707546437035,-26.909731693594278,-26.70872342200048,2078.2753227066246,2078.2753227066246,2078.2753227066246,73.46474602,73.46474602,73.46474602,1601.9996835464954,1601.9996835464954,1601.9996835464954,60.0,39.99999999999999,39.99999999999999,60.0,39.99999999999999,39.99999999999999,-1.2352631565101109,4.075294026546184,3.8822626104848212,-5.385378415740562,0.23624497327676514,0.6112294282081292,-41.04342819035575,-68.86236264037542,-70.12952326602819,-10595.011543481914,-10595.011543481914,-10595.011543481914,-10595.011543481914,-10595.011543481914,-10595.011543481914,69.30059661,69.30059661,69.30059661,0.0,0.0,0.0,83.29037731,83.29037731,83.29037731,0.0,0.0,0.0
-24.957707546437035,-26.909731693594278,-26.70872342200048,-24.957707546437035,-26.909731693594278,-26.70872342200048,2673.0564995551376,2673.0564995551376,2673.0564995551376,73.46474602,73.46474602,73.46474602,2196.7808603950084,2196.7808603950084,2196.7808603950084,60.0,39.99999999999999,39.99999999999999,60.0,39.99999999999999,39.99999999999999,-1.2352631565101109,4.075294026546184,3.8822626104848212,-5.385378415740562,0.23624497327676514,0.6112294282081292,-41.04342819035575,-68.86236264037542,-70.12952326602819,-10595.011543481914,-10595.011543481914,-10595.011543481914,-10595.011543481914,-10595.011543481914,-10595.011543481914,69.30059661,69.30059661,69.30059661,0.0,0.0,0.0,83.29037731,83.29037731,83.29037731,0.0,0.0,0.0
-24.957707546437035,-26.909731693594278,-26.70872342200049,-24.957707546437035,-26.909731693594278,-26.70872342200049,2673.056499555138,2673.056499555138,2673.056499555138,73.46474602,73.46474602,73.46474602,2196.7808603950084,2196.7808603950084,2196.7808603950084,60.0,39.99999999999999,40.00000000000001,60.0,39.99999999999999,39.99999999999999,-1.2352631565101109,4.075294026546176,3.8822626104848137,-5.385378415740562,0.23624497327676514,0.6112294282081289,-41.04342819035575,-68.86236264037542,-70.12952326602819,-10595.011543481914,-10595.011543481914,-10595.011543481914,-10595.011543481914,-10595.011543481914,-10595.011543481914,69.30059661,69.30059661,69.30059661,0.0,0.0,0.0,83.29037731,83.29037731,83.29037731,0.0,0.0,0.0
-24.957707546437035,-26.909731693594278,-26.540127857964787,-24.957707546437035,-26.909731693594278,-26.540127857964787,2078.2753227066246,2078.2753227066246,2078.2753227066246,73.46474602,73.46474602,73.46474602,1601.9996835464954,1601.9996835464954,1601.9996835464954,60.0,39.99999999999999,40.00000000000002,60.0,39.99999999999999,39.99999999999999,-1.2352631565101109,4.075294026546178,3.882262610484814,-5.385378415740562,0.23624497327676514,0.6112294282081289,-41.04342819035575,-68.86236264037542,-71.10651122214183,-10595.011543481914,-10595.011543481914,-10595.011543481914,-10595.011543481914,-10595.011543481914,-10595.011543481914,69.30059661,69.30059661,69.30059661,0.0,0.0,0.0,83.29037731,83.29037731,83.29037731,0.0,0.0,0.0
-24.957707546437035,-26.909731693594278,-26.70872342200048,-24.957707546437035,-26.909731693594278,-26.70872342200048,2673.056499555138,2673.056499555138,2673.056499555138,73.46474602,73.46474602,73.46474602,2196.7808603950084,2196.7808603950084,2196.7808603950084,60.0,39.99999999999999,39.99999999999999,60.0,39.99999999999999,39.99999999999999,-1.2352631565101109,4.075294026546184,3.8822626104848204,-5.385378415740562,0.2362449732767644,0.6112294282081292,-41.04342819035575,-68.86236264037542,-70.12952326602819,-10595.011543481914,-10595.011543481914,-10595.011543481914,-10595.011543481914,-10595.011543481914,-10595.011543481914,69.30059661,69.30059661,69.30059661,0.0,0.0,0.0,83.29037731,83.29037731,83.29037731,0.0,0.0,0.0
-24.957707546437035,-26.909731693594278,-26.708723421996996,-24.957707546437035,-26.909731693594278,-26.708723421996996,2078.2753227066246,2078.2753227066246,2078.2753227066246,73.46474602,73.46474602,73.46474602,1601.9996835464954,1601.9996835464954,1601.9996835464954,60.0,39.99999999999999,40.0000000000105,60.0,39.99999999999999,39.99999999999999,-1.2352631565101109,4.075294026546184,3.8822626104848212,-5.385378415740562,0.2362449732767644,0.6112294282081292,-41.04342819035575,-68.86236264037542,-70.12952326602635,-10595.011543481914,-10595.011543481914,-10595.011543481914,-10595.011543481914,-10595.011543481914,-10595.011543481914,69.30059661,69.30059661,69.30059661,0.0,0.0,0.0,83.29037731,83.29037731,83.29037731,0.0,0.0,0.0
-24.957707546437035,-26.909731693594278,-26.70872342200048,-24.957707546437035,-26.909731693594278,-26.70872342200048,2673.0564995551376,2673.0564995551376,2673.0564995551376,73.46474602,73.46474602,73.46474602,2196.7808603950084,2196.7808603950084,2196.7808603950084,60.0,39.99999999999999,40.000000000000014,60.0,39.99999999999999,39.99999999999999,-1.2352631565101109,4.075294026546178,3.882262610484814,-5.385378415740562,0.2362449732767596,0.6112294282081289,-41.04342819035575,-68.86236264037542,-70.12952326602819,-10595.011543481914,-10595.011543481914,-10595.011543481914,-10595.011543481914,-10595.011543481914,-10595.011543481914,69.30059661,69.30059661,69.30059661,0.0,0.0,0.0,83.29037731,83.29037731,83.29037731,0.0,0.0,0.0
-24.957707546437035,-26.909731693594278,-26.70872342200048,-24.957707546437035,-26.909731693594278,-26.70872342200048,2673.056499555138,2673.056499555138,2673.056499555138,73.46474602,73.46474602,73.46474602,2196.7808603950084,2196.7808603950084,2196.7808603950084,60.0,39.99999999999999,39.99999999999999,60.0,39.99999999999999,39.99999999999999,-1.2352631565101109,4.075294026546184,3.8822626104848212,-5.385378415740562,0.2362449732767596,0.6112294282081292,-41.04342819035575,-68.86236264037542,-70.12952326602819,-10595.011543481914,-10595.011543481914,-10595.011543481914,-10595.011543481914,-10595.011543481914,-10595.011543481914,69.30059661,69.30059661,69.30059661,0.0,0.0,0.0,83.29037731,83.29037731,83.29037731,0.0,0.0,0.0
-24.957707546437035,-26.909731693594278,-26.70872342200049,-24.957707546437035,-26.909731693594278,-26.70872342200049,2078.2753227066246,2078.2753227066246,2078.2753227066246,73.46474602,73.46474602,73.46474602,1601.9996835464954,1601.9996835464954,1601.9996835464954,60.0,39.99999999999999,40.00000000000001,60.0,39.99999999999999,39.99999999999999,-1.2352631565101109,4.075294026546184,3.8822626104848212,-5.385378415740562,0.2362449732767596,0.6112294282081292,-41.04342819035575,-68.86236264037542,-70.12952326602817,-10595.011543481914,-10595.011543481914,-10595.011543481914,-10595.011543481914,-10595.011543481914,-10595.011543481914,69.30059661,69.30059661,69.30059661,0.0,0.0,0.0,83.29037731,83.29037731,83.29037731,0.0,0.0,0.0
-24.957707546437035,-26.909731693594278,-26.70872342200048,-24.957707546437035,-26.909731693594278,-26.70872342200048,2078.2753227066246,2078.2753227066246,2078.2753227066246,73.46474602,73.46474602,73.46474602,1601.9996835464954,1601.9996835464954,1601.9996835464954,60.0,39.99999999999999,39.99999999999999,60.0,39.99999999999999,39.99999999999999,-1.2352631565101109,4.075294026546184,3.8822626104848212,-5.385378415740562,0.2362449732767596,0.6112294282081292,-41.04342819035575,-68.86236264037542,-70.12952326602819,-10595.011543481914,-10595.011543481914,-10595.011543481914,-10595.011543481914,-10595.011543481914,-10595.011543481914,69.30059661,69.30059661,69.30059661,0.0,0.0,0.0,83.29037731,83.29037731,83.29037731,0.0,0.0,0.0
-24.957707546437035,-26.909731693594278,-26.70872342200048,-24.957707546437035,-26.909731693594278,-26.70872342200048,2673.0564995551376,2673.0564995551376,2673.0564995551376,73.46474602,73.46474602,73.46474602,2196.7808603950084,2196.7808603950084,2196.7808603950084,60.0,39.99999999999999,40.000000000000014,60.0,39.99999999999999,39.99999999999999,-1.2352631565101109,4.075294026546179,3.882262610484815,-5.385378415740562,0.23624497327675928,0.6112294282081289,-41.04342819035575,-68.86236264037542,-70.12952326602819,-10595.011543481914,-10595.011543481914,-10595.011543481914,-10595.011543481914,-10595.011543481914,-10595.011543481914,69.30059661,69.30059661,69.30059661,0.0,0.0,0.0,83.29037731,83.29037731,83.29037731,0.0,0.0,0.0
-24.957707546437035,-26.909731693594278,-26.70872342200048,-24.957707546437035,-26.909731693594278,-26.70872342200048,2078.2753227066246,2078.2753227066246,2078.2753227066246,73.46474602,73.46474602,73.46474602,1601.9996835464954,1601.9996835464954,1601.9996835464954,60.0,39.99999999999999,40.000000000000014,60.0,39.99999999999999,39.99999999999999,-1.2352631565101109,4.075294026546178,3.882262610484815,-5.385378415740562,0.23624497327675928,0.6112294282081289,-41.04342819035575,-68.86236264037542,-70.12952326602819,-10595.011543481914,-10595.011543481914,-10595.011543481914,-10595.011543481914,-10595.011543481914,-10595.011543481914,69.30059661,69.30059661,69.30059661,0.0,0.0,0.0,83.29037731,83.29037731,83.29037731,0.0,0.0,0.0
-24.957707546437035,-26.909731693594278,-26.70872342200048,-24.957707546437035,-26.909731693594278,-26.70872342200048,2078.2753227066246,2078.2753227066246,2078.2753227066246,73.46474602,73.46474602,73.46474602,1601.9996835464954,1601.9996835464954,1601.9996835464954,60.0,39.99999999999999,40.000000000000014,60.0,39.99999999999999,39.99999999999999,-1.2352631565101098,4.075294026546178,3.882262610484815,-5.385378415740562,0.23624497327675928,0.6112294282081289,-41.04342819035575,-68.86236264037542,-70.12952326602819,-10595.011543481914,-10595.011543481914,-10595.011543481914,-10595.011543481914,-10595.011543481914,-10595.011543481914,69.30059661,69.30059661,69.30059661,0.0,0.0,0.0,83.29037731,83.29037731,83.29037731,0.0,0.0,0.0
-24.957707546437035,-26.909731693594278,-26.70872342200048,-24.957707546437035,-26.909731693594278,-26.70872342200048,2673.056499555138,2673.056499555138,2673.056499555138,73.46474602,73.46474602,73.46474602,2196.7808603950084,2196.7808603950084,2196.7808603950084,60.0,39.99999999999999,39.99999999999999,60.0,39.99999999999999,39.99999999999999,-1.2352631565101098,4.075294026546184,3.8822626104848212,-1.8331950389019016,0.23624497327675928,0.6112294282081292,-41.04342819035575,-68.86236264037542,-70.12952326602819,-10595.011543481914,-10595.011543481914,-10595.011543481914,-10595.011543481914,-10595.011543481914,-10595.011543481914,69.30059661,69.30059661,69.30059661,0.0,0.0,0.0,83.29037731,83.29037731,83.29037731,0.0,0.0,0.0
-24.957707546437035,-26.909731693594278,-26.70872342200048,-24.957707546437035,-26.909731693594278,-26.70872342200048,2326.7089206142705,2326.7089206142705,2326.7089206142705,73.46474602,73.46474602,73.46474602,1850.4332814541413,1850.4332814541413,1850.4332814541413,60.0,39.99999999999999,40.000000000000014,60.0,39.99999999999999,39.99999999999999,-1.2352631565101098,4.075294026546179,3.882262610484815,-1.8331950389019014,0.23624497327675928,0.6112294282081289,-41.04342819035575,-68.86236264037542,-70.12952326602819,-10595.011543481914,-10595.011543481914,-10595.011543481914,-10595.011543481914,-10595.011543481914,-10595.011543481914,69.30059661,69.30059661,69.30059661,0.0,0.0,0.0,83.29037731,83.29037731,83.29037731,0.0,0.0,0.0
-24.957707546437035,-26.909731693594278,-26.70872342200048,-24.957707546437035,-26.909731693594278,-26.70872342200048,2085.4122829181565,2085.4122829181565,2085.4122829181565,73.46474602,73.46474602,73.46474602,1609.1366437580273,1609.1366437580273,1609.1366437580273,60.0,39.99999999999999,40.000000000000014,60.0,39.99999999999999,39.99999999999999,-1.2352631565101109,4.075294026546178,3.882262610484814,-6.994891566251655,0.23624497327675997,0.6112294282081289,-41.04342819035575,-68.86236264037542,-70.12952326602819,-10595.011543481914,-10595.011543481914,-10595.011543481914,-10595.011543481914,-10595.011543481914,-10595.011543481914,69.30059661,69.30059661,69.30059661,0.0,0.0,0.0,83.29037731,83.29037731,83.29037731,0.0,0.0,0.0
-24.957707546437035,-26.909731693594278,-26.70872342200048,-24.957707546437035,-26.909731693594278,-26.70872342200048,2673.0564995551376,2673.0564995551376,2673.0564995551376,73.46474602,73.46474602,73.46474602,2196.7808603950084,2196.7808603950084,2196.7808603950084,60.0,39.99999999999999,39.99999999999999,60.0,39.99999999999999,39.99999999999999,-1.2352631565101109,4.075294026546184,3.8822626104848212,-1.833195038901902,0.23624497327675997,0.6112294282081292,-41.04342819035575,-68.86236264037542,-70.12952326602819,-10595.011543481914,-10595.011543481914,-10595.011543481914,-10595.011543481914,-10595.011543481914,-10595.011543481914,69.30059661,69.30059661,69.30059661,0.0,0.0,0.0,83.29037731,83.29037731,83.29037731,0.0,0.0,0.0
-24.957707546437035,-26.909731693594278,-26.70872342200048,-24.957707546437035,-26.909731693594278,-26.70872342200048,2673.0564995551376,2673.0564995551376,2673.0564995551376,73.46474602,73.46474602,73.46474602,2196.7808603950084,2196.7808603950084,2196.7808603950084,60.0,39.99999999999999,39.99999999999999,60.0,39.99999999999999,39.99999999999999,-1.2352631565101109,4.075294026546184,3.8822626104848212,-1.8331950389019014,0.23624497327675997,0.6112294282081292,-41.04342819035575,-68.86236264037542,-70.12952326602819,-10595.011543481914,-10595.011543481914,-10595.011543481914,-10595.011543481914,-10595.011543481914,-10595.011543481914,69.30059661,69.30059661,69.30059661,0.0,0.0,0.0,83.29037731,83.29037731,83.29037731,0.0,0.0,0.0
-24.957707546437035,-26.909731693594278,-26.3126387994141,-24.957707546437035,-26.909731693594278,-26.3126387994141,2673.056499555138,2673.056499555138,2673.056499555138,73.46474602,73.46474602,73.46474602,2196.7808603950084,2196.7808603950084,2196.7808603950084,60.0,39.99999999999999,41.193467935522875,60.0,39.99999999999999,41.193467935522875,-1.2352631565101098,4.075294026546178,3.882262610484815,-1.833195038901902,0.23624497327675997,0.6112294282081289,-41.04342819035575,-68.86236264037542,-69.92170010293484,-10595.011543481914,-10595.011543481914,-10595.011543481914,-10595.011543481914,-10595.011543481914,-10595.011543481914,69.30059661,69.30059661,69.30059661,0.0,0.0,0.0,83.29037731,83.29037731,83.29037731,0.0,0.0,0.0
-24.957707546437035,-26.909731693594278,-26.771498283310997,-24.957707546437035,-26.909731693594278,-26.771498283310997,2062.524105379503,2062.524105379503,2062.524105379503,73.46474602,73.46474602,73.46474602,1586.2484662193738,1586.2484662193738,1586.2484662193738,60.0,39.99999999999999,40.00000000000002,60.0,39.99999999999999,39.99999999999999,-1.2352631565101109,4.075294026546178,3.882262610484815,-1.833195038901902,0.23624497327675997,0.5033994712858495,-41.04342819035575,-68.86236264037542,-69.765751634207,-10595.011543481914,-10595.011543481914,-10595.011543481914,-10595.011543481914,-10595.011543481914,-10595.011543481914,69.30059661,69.30059661,69.30059661,0.0,0.0,0.0,83.29037731,83.29037731,83.29037731,0.0,0.0,0.0
-24.957707546437035,-26.909731693594278,-26.312638799414117,-24.957707546437035,-26.909731693594278,-26.312638799414117,2673.0564995551376,2673.0564995551376,2673.0564995551376,73.46474602,73.46474602,73.46474602,2196.7808603950084,2196.7808603950084,2196.7808603950084,60.0,39.99999999999999,41.38261888928055,60.0,39.99999999999999,41.38261888928055,-1.2352631565101109,4.075294026546184,3.8822626104848212,-1.833195038901902,0.23624497327675997,0.5033994712858495,-41.04342819035575,-68.86236264037542,-69.52499088783891,-10595.011543481914,-10595.011543481914,-10595.011543481914,-10595.011543481914,-10595.011543481914,-10595.011543481914,69.30059661,69.30059661,69.30059661,0.0,0.0,0.0,83.29037731,83.29037731,83.29037731,0.0,0.0,0.0
-24.957707546437035,-26.909731693594278,-26.771498283310997,-24.957707546437035,-26.909731693594278,-26.771498283310997,2062.524105379503,2062.524105379503,2062.524105379503,73.46474602,73.46474602,73.46474602,1586.2484662193738,1586.2484662193738,1586.2484662193738,60.0,39.99999999999999,40.00000000000001,60.0,39.99999999999999,39.99999999999999,-1.2352631565101098,4.075294026546184,3.8822626104848212,-1.8331950389019016,0.23624497327675997,0.5033994712858495,-41.04342819035575,-68.86236264037542,-69.765751634207,-10595.011543481914,-10595.011543481914,-10595.011543481914,-10595.011543481914,-10595.011543481914,-10595.011543481914,69.30059661,69.30059661,69.30059661,0.0,0.0,0.0,83.29037731,83.29037731,83.29037731,0.0,0.0,0.0
-24.957707546437035,-26.909731693594278,-26.77343434861564,-24.957707546437035,-26.909731693594278,-26.77343434861564,2062.524105379503,2062.524105379503,2062.524105379503,73.46474602,73.46474602,73.46474602,1586.2484662193738,1586.2484662193738,1586.2484662193738,60.0,39.99999999999999,40.00000000000001,60.0,39.99999999999999,39.99999999999999,-1.2352631565101109,4.075294026546184,3.8822626104848212,-1.8331950389019016,0.2329193452460479,0.5000738432551369,-41.04342819035575,-68.86236264037542,-69.75453240376221,-10595.011543481914,-10595.011543481914,-10595.011543481914,-10595.011543481914,-10595.011543481914,-10595.011543481914,69.30059661,69.30059661,69.30059661,0.0,0.0,0.0,83.29037731,83.29037731,83.29037731,0.0,0.0,0.0
-24.957707546437035,-26.909731693594278,-26.77343434861564,-24.957707546437035,-26.909731693594278,-26.77343434861564,2673.056499555138,2673.056499555138,2673.056499555138,73.46474602,73.46474602,73.46474602,2196.7808603950084,2196.7808603950084,2196.7808603950084,60.0,39.99999999999999,40.00000000000002,60.0,39.99999999999999,39.99999999999999,-1.2352631565101109,4.075294026546179,3.882262610484815,-4.9883248367136614,0.23291934524604718,0.5000738432551369,-41.04342819035575,-68.86236264037542,-69.75453240376221,-10595.011543481914,-10595.011543481914,-10595.011543481914,-10595.011543481914,-10595.011543481914,-10595.011543481914,69.30059661,69.30059661,69.30059661,0.0,0.0,0.0,83.29037731,83.29037731,83.29037731,0.0,0.0,0.0
-24.957707546437035,-26.909731693594278,-26.77343434861564,-24.957707546437035,-26.909731693594278,-26.77343434861564,2673.0564995551376,2673.0564995551376,2673.0564995551376,73.46474602,73.46474602,73.46474602,2196.7808603950084,2196.7808603950084,2196.7808603950084,60.0,39.99999999999999,40.00000000000001,60.0,39.99999999999999,39.99999999999999,-1.2352631565101109,4.075294026546184,3.8822626104848212,-4.9883248367136614,0.23291934524604718,0.5000738432551369,-41.04342819035575,-68.86236264037542,-69.75453240376221,-10595.011543481914,-10595.011543481914,-10595.011543481914,-10595.011543481914,-10595.011543481914,-10595.011543481914,69.30059661,69.30059661,69.30059661,0.0,0.0,0.0,83.29037731,83.29037731,83.29037731,0.0,0.0,0.0
-24.957707546437035,-26.909731693594278,-26.773434348615627,-24.957707546437035,-26.909731693594278,-26.773434348615627,2673.0564995551376,2673.0564995551376,2673.0564995551376,73.46474602,73.46474602,73.46474602,2196.7808603950084,2196.7808603950084,2196.7808603950084,60.0,39.99999999999999,40.00000000000004,60.0,39.99999999999999,39.99999999999999,-1.2352631565101109,4.075294026546184,3.8822626104848212,-4.9883248367136614,0.2329193452460479,0.5000738432551369,-41.04342819035575,-68.86236264037542,-69.75453240376221,-10595.011543481914,-10595.011543481914,-10595.011543481914,-10595.011543481914,-10595.011543481914,-10595.011543481914,69.30059661,69.30059661,69.30059661,0.0,0.0,0.0,83.29037731,83.29037731,83.29037731,0.0,0.0,0.0
-24.957707546437035,-26.909731693594278,-26.77343434861564,-24.957707546437035,-26.909731693594278,-26.77343434861564,2076.51469366519,2076.51469366519,2076.51469366519,73.46474602,73.46474602,73.46474602,1600.2390545050607,1600.2390545050607,1600.2390545050607,60.0,39.99999999999999,40.00000000000002,60.0,39.99999999999999,39.99999999999999,-1.2352631565101109,4.075294026546178,3.882262610484814,-4.9883248367136614,0.2329193452460479,0.5000738432551369,-41.04342819035575,-68.86236264037542,-69.75453240376221,-10595.011543481914,-10595.011543481914,-10595.011543481914,-10595.011543481914,-10595.011543481914,-10595.011543481914,69.30059661,69.30059661,69.30059661,0.0,0.0,0.0,83.29037731,83.29037731,83.29037731,0.0,0.0,0.0
-24.957707546437035,-26.909731693594278,-26.77343434861564,-24.957707546437035,-26.909731693594278,-26.77343434861564,2673.0564995551376,2673.0564995551376,2673.0564995551376,73.46474602,73.46474602,73.46474602,2196.7808603950084,2196.7808603950084,2196.7808603950084,60.0,39.99999999999999,40.00000000000002,60.0,39.99999999999999,39.99999999999999,-1.2352631565101109,4.075294026546179,3.882262610484815,-4.9883248367136614,0.2329193452460468,0.5000738432551369,-41.04342819035575,-68.86236264037542,-69.75453240376221,-10595.011543481914,-10595.011543481914,-10595.011543481914,-10595.011543481914,-10595.011543481914,-10595.011543481914,69.30059661,69.30059661,69.30059661,0.0,0.0,0.0,83.29037731,83.29037731,83.29037731,0.0,0.0,0.0
-24.957707546437035,-26.909731693594278,-26.77343434861564,-24.957707546437035,-26.909731693594278,-26.77343434861564,2076.51469366519,2076.51469366519,2076.51469366519,73.46474602,73.46474602,73.46474602,1600.2390545050607,1600.2390545050607,1600.2390545050607,60.0,39.99999999999999,40.00000000000001,60.0,39.99999999999999,39.99999999999999,-1.2352631565101109,4.075294026546184,3.8822626104848212,-4.9883248367136614,0.23291934524604718,0.5000738432551369,-41.04342819035575,-68.86236264037542,-69.75453240376221,-10595.011543481914,-10595.011543481914,-10595.011543481914,-10595.011543481914,-10595.011543481914,-10595.011543481914,69.30059661,69.30059661,69.30059661,0.0,0.0,0.0,83.29037731,83.29037731,83.29037731,0.0,0.0,0.0
-24.957707546437035,-26.909731693594278,-26.77343434861564,-24.957707546437035,-26.909731693594278,-26.77343434861564,2673.056499555138,2673.056499555138,2673.056499555138,73.46474602,73.46474602,73.46474602,2196.7808603950084,2196.7808603950084,2196.7808603950084,60.0,39.99999999999999,40.00000000000001,60.0,39.99999999999999,39.99999999999999,-1.2352631565101098,4.075294026546184,3.8822626104848212,-4.9883248367136614,0.23291934524604718,0.5000738432551369,-41.04342819035575,-68.86236264037542,-69.75453240376221,-10595.011543481914,-10595.011543481914,-10595.011543481914,-10595.011543481914,-10595.011543481914,-10595.011543481914,69.30059661,69.30059661,69.30059661,0.0,0.0,0.0,83.29037731,83.29037731,83.29037731,0.0,0.0,0.0
-24.957707546437035,-26.909731693594278,-26.77343434861564,-24.957707546437035,-26.909731693594278,-26.77343434861564,2085.4122829181565,2085.4122829181565,2085.4122829181565,73.46474602,73.46474602,73.46474602,1609.1366437580273,1609.1366437580273,1609.1366437580273,60.0,39.99999999999999,40.00000000000001,60.0,39.99999999999999,39.99999999999999,-1.2352631565101098,4.075294026546184,3.8822626104848212,-6.994891566251655,0.23291934524604718,0.5000738432551369,-41.04342819035575,-68.86236264037542,-69.75453240376221,-10595.011543481914,-10595.011543481914,-10595.011543481914,-10595.011543481914,-10595.011543481914,-10595.011543481914,69.30059661,69.30059661,69.30059661,0.0,0.0,0.0,83.29037731,83.29037731,83.29037731,0.0,0.0,0.0
-24.957707546437035,-26.909731693594278,-26.77343434861564,-24.957707546437035,-26.909731693594278,-26.77343434861564,2673.056499555138,2673.056499555138,2673.056499555138,73.46474602,73.46474602,73.46474602,2196.7808603950084,2196.7808603950084,2196.7808603950084,60.0,39.99999999999999,40.00000000000002,60.0,39.99999999999999,39.99999999999999,-1.2352631565101109,4.075294026546178,3.882262610484815,-4.988324836713661,0.23291934524604718,0.5000738432551369,-41.04342819035575,-68.86236264037542,-69.75453240376221,-10595.011543481914,-10595.011543481914,-10595.011543481914,-10595.011543481914,-10595.011543481914,-10595.011543481914,69.30059661,69.30059661,69.30059661,0.0,0.0,0.0,83.29037731,83.29037731,83.29037731,0.0,0.0,0.0
-24.957707546437035,-26.909731693594278,-26.514170395988284,-24.957707546437035,-26.909731693594278,-26.514170395988284,2076.51469366519,2076.51469366519,2076.51469366519,73.46474602,73.46474602,73.46474602,1600.2390545050607,1600.2390545050607,1600.2390545050607,60.0,39.99999999999999,40.781204814963964,60.0,39.99999999999999,40.781204814963964,-1.2352631565101098,4.075294026546185,3.8822626104848212,-4.9883248367136614,0.23291934524604718,0.5000738432551369,-41.04342819035575,-68.86236264037542,-69.61849820390043,-10595.011543481914,-10595.011543481914,-10595.011543481914,-10595.011543481914,-10595.011543481914,-10595.011543481914,69.30059661,69.30059661,69.30059661,0.0,0.0,0.0,83.29037731,83.29037731,83.29037731,0.0,0.0,0.0
-24.957707546437035,-26.909731693594278,-26.77343434861564,-24.957707546437035,-26.909731693594278,-26.77343434861564,2076.51469366519,2076.51469366519,2076.51469366519,73.46474602,73.46474602,73.46474602,1600.2390545050607,1600.2390545050607,1600.2390545050607,60.0,39.99999999999999,40.00000000000001,60.0,39.99999999999999,39.99999999999999,-1.2352631565101109,4.075294026546184,3.8822626104848212,-4.9883248367136614,0.23291934524604718,0.5000738432551369,-41.04342819035575,-68.86236264037542,-69.75453240376221,-10595.011543481914,-10595.011543481914,-10595.011543481914,-10595.011543481914,-10595.011543481914,-10595.011543481914,69.30059661,69.30059661,69.30059661,0.0,0.0,0.0,83.29037731,83.29037731,83.29037731,0.0,0.0,0.0
-24.957707546437035,-26.909731693594278,-26.77343434861564,-24.957707546437035,-26.909731693594278,-26.77343434861564,2673.0564995551376,2673.0564995551376,2673.0564995551376,73.46474602,73.46474602,73.46474602,2196.7808603950084,2196.7808603950084,2196.7808603950084,60.0,39.99999999999999,40.00000000000002,60.0,39.99999999999999,39.99999999999999,-1.2352631565101109,4.075294026546178,3.882262610484815,-4.9883248367136614,0.23291934524604718,0.5000738432551369,-41.04342819035575,-68.86236264037542,-69.75453240376221,-10595.011543481914,-10595.011543481914,-10595.011543481914,-10595.011543481914,-10595.011543481914,-10595.011543481914,69.30059661,69.30059661,69.30059661,0.0,0.0,0.0,83.29037731,83.29037731,83.29037731,0.0,0.0,0.0
-24.957707546437035,-26.909731693594278,-26.77343434861564,-24.957707546437035,-26.909731693594278,-26.77343434861564,2076.51469366519,2076.51469366519,2076.51469366519,73.46474602,73.46474602,73.46474602,1600.2390545050607,1600.2390545050607,1600.2390545050607,60.0,39.99999999999999,40.00000000000002,60.0,39.99999999999999,39.99999999999999,-1.2352631565101109,4.075294026546179,3.882262610484815,-4.9883248367136614,0.23291934524604718,0.5000738432551369,-41.04342819035575,-68.86236264037542,-69.75453240376221,-10595.011543481914,-10595.011543481914,-10595.011543481914,-10595.011543481914,-10595.011543481914,-10595.011543481914,69.30059661,69.30059661,69.30059661,0.0,0.0,0.0,83.29037731,83.29037731,83.29037731,0.0,0.0,0.0
-24.957707546437035,-26.909731693594278,-26.77343434861564,-24.957707546437035,-26.909731693594278,-26.77343434861564,2076.51469366519,2076.51469366519,2076.51469366519,73.46474602,73.46474602,73.46474602,1600.2390545050607,1600.2390545050607,1600.2390545050607,60.0,39.99999999999999,40.00000000000001,60.0,39.99999999999999,39.99999999999999,-1.2352631565101098,4.075294026546184,3.8822626104848212,-4.9883248367136614,0.23291934524604718,0.5000738432551369,-41.04342819035575,-68.86236264037542,-69.75453240376221,-10595.011543481914,-10595.011543481914,-10595.011543481914,-10595.011543481914,-10595.011543481914,-10595.011543481914,69.30059661,69.30059661,69.30059661,0.0,0.0,0.0,83.29037731,83.29037731,83.29037731,0.0,0.0,0.0
-24.957707546437035,-26.909731693594278,-26.77343434861564,-24.957707546437035,-26.909731693594278,-26.77343434861564,2076.51469366519,2076.51469366519,2076.51469366519,73.46474602,73.46474602,73.46474602,1600.2390545050607,1600.2390545050607,1600.2390545050607,60.0,39.99999999999999,40.00000000000001,60.0,39.99999999999999,39.99999999999999,-1.2352631565101109,4.075294026546184,3.8822626104848212,-4.9883248367136614,0.23291934524604718,0.5000738432551369,-41.04342819035575,-68.86236264037542,-69.75453240376221,-10595.011543481914,-10595.011543481914,-10595.011543481914,-10595.011543481914,-10595.011543481914,-10595.011543481914,69.30059661,69.30059661,69.30059661,0.0,0.0,0.0,83.29037731,83.29037731,83.29037731,0.0,0.0,0.0
-24.957707546437035,-26.909731693594278,-26.773434348615645,-24.957707546437035,-26.909731693594278,-26.773434348615645,2673.0564995551376,2673.0564995551376,2673.0564995551376,73.46474602,73.46474602,73.46474602,2196.7808603950084,2196.7808603950084,2196.7808603950084,60.0,39.99999999999999,40.00000000000001,60.0,39.99999999999999,39.99999999999999,-1.2352631565101109,4.075294026546179,3.882262610484815,-4.9883248367136614,0.23291934524604718,0.5000738432551369,-41.04342819035575,-68.86236264037542,-69.75453240376221,-10595.011543481914,-10595.011543481914,-10595.011543481914,-10595.011543481914,-10595.011543481914,-10595.011543481914,69.30059661,69.30059661,69.30059661,0.0,0.0,0.0,83.29037731,83.29037731,83.29037731,0.0,0.0,0.0
-24.957707546437035,-26.909731693594278,-26.773434348615645,-24.957707546437035,-26.909731693594278,-26.773434348615645,2673.056499555138,2673.056499555138,2673.056499555138,73.46474602,73.46474602,73.46474602,2196.7808603950084,2196.7808603950084,2196.7808603950084,60.0,39.99999999999999,40.00000000000001,60.0,39.99999999999999,39.99999999999999,-1.2352631565100922,4.075294026546178,3.882262610484815,-4.9883248367136614,0.23291934524604718,0.5000738432551369,-41.04342819035575,-68.86236264037542,-69.75453240376221,-10595.011543481916,-10595.011543481916,-10595.011543481916,-10595.011543481916,-10595.011543481916,-10595.011543481916,69.30059661,69.30059661,69.30059661,0.0,0.0,0.0,83.29037731,83.29037731,83.29037731,0.0,0.0,0.0
-24.957707546437035,-26.909731693594278,-26.77343434861564,-24.957707546437035,-26.909731693594278,-26.77343434861564,2076.51469366519,2076.51469366519,2076.51469366519,73.46474602,73.46474602,73.46474602,1600.2390545050607,1600.2390545050607,1600.2390545050607,60.0,39.99999999999999,40.00000000000001,60.0,39.99999999999999,39.99999999999999,-1.2352631565101098,4.075294026546184,3.8822626104848212,-4.988324836713656,0.23291934524604718,0.5000738432551369,-41.04342819035575,-68.86236264037542,-69.75453240376221,-10595.011543481914,-10595.011543481914,-10595.011543481914,-10595.011543481914,-10595.011543481914,-10595.011543481914,69.30059661,69.30059661,69.30059661,0.0,0.0,0.0,83.29037731,83.29037731,83.29037731,0.0,0.0,0.0
-24.957707546437035,-26.909731693594278,-26.77343434861564,-24.957707546437035,-26.909731693594278,-26.77343434861564,2673.0564995551376,2673.0564995551376,2673.0564995551376,73.46474602,73.46474602,73.46474602,2196.7808603950084,2196.7808603950084,2196.7808603950084,60.0,39.99999999999999,40.00000000000001,60.0,39.99999999999999,39.99999999999999,-1.2352631565100716,4.075294026546184,3.8822626104848212,-4.9883248367136614,0.23291934524604718,0.5000738432551369,-41.04342819035575,-68.86236264037542,-69.75453240376221,-10595.011543481918,-10595.011543481918,-10595.011543481918,-10595.011543481918,-10595.011543481918,-10595.011543481918,69.30059661,69.30059661,69.30059661,0.0,0.0,0.0,83.29037731,83.29037731,83.29037731,0.0,0.0,0.0
-24.957707546437035,-26.909731693594278,-26.77343434861564,-24.957707546437035,-26.909731693594278,-26.77343434861564,2076.51469366519,2076.51469366519,2076.51469366519,73.46474602,73.46474602,73.46474602,1600.2390545050607,1600.2390545050607,1600.2390545050607,60.0,39.99999999999999,40.00000000000002,60.0,39.99999999999999,39.99999999999999,-1.2352631565101109,4.075294026546178,3.882262610484815,-4.9883248367136614,0.23291934524604718,0.5000738432551369,-41.04342819035575,-68.86236264037542,-69.75453240376221,-10595.011543481914,-10595.011543481914,-10595.011543481914,-10595.011543481914,-10595.011543481914,-10595.011543481914,69.30059661,69.30059661,69.30059661,0.0,0.0,0.0,83.29037731,83.29037731,83.29037731,0.0,0.0,0.0
-24.957707546437035,-26.909731693594278,-26.77343434861564,-24.957707546437035,-26.909731693594278,-26.77343434861564,2673.056499555138,2673.056499555138,2673.056499555138,73.46474602,73.46474602,73.46474602,2196.7808603950084,2196.7808603950084,2196.7808603950084,60.0,39.99999999999999,40.00000000000002,60.0,39.99999999999999,39.99999999999999,-1.2352631565101109,4.075294026546179,3.882262610484815,-4.9883248367136614,0.23291934524604718,0.5000738432551369,-41.04342819035575,-68.86236264037542,-69.75453240376221,-10595.011543481914,-10595.011543481914,-10595.011543481914,-10595.011543481914,-10595.011543481914,-10595.011543481914,69.30059661,69.30059661,69.30059661,0.0,0.0,0.0,83.29037731,83.29037731,83.29037731,0.0,0.0,0.0
-24.957707546437035,-26.909731693594278,-26.77343434861564,-24.957707546437035,-26.909731693594278,-26.77343434861564,2673.056499555138,2673.056499555138,2673.056499555138,73.46474602,73.46474602,73.46474602,2196.7808603950084,2196.7808603950084,2196.7808603950084,60.0,39.99999999999999,40.00000000000001,60.0,39.99999999999999,39.99999999999999,-1.2352631565101109,4.075294026546184,3.8822626104848212,-4.9883248367136614,0.23291934524604718,0.5000738432551369,-41.04342819035575,-68.86236264037542,-69.75453240376221,-10595.011543481914,-10595.011543481914,-10595.011543481914,-10595.011543481914,-10595.011543481914,-10595.011543481914,69.30059661,69.30059661,69.30059661,0.0,0.0,0.0,83.29037731,83.29037731,83.29037731,0.0,0.0,0.0
-24.957707546437035,-26.909731693594278,-26.77343434861564,-24.957707546437035,-26.909731693594278,-26.77343434861564,2673.0564995551376,2673.0564995551376,2673.0564995551376,73.46474602,73.46474602,73.46474602,2196.7808603950084,2196.7808603950084,2196.7808603950084,60.0,39.99999999999999,40.00000000000001,60.0,39.99999999999999,39.99999999999999,-1.2352631565101109,4.075294026546184,3.8822626104848212,-4.9883248367136614,0.23291934524604718,0.5000738432551369,-41.04342819035575,-68.86236264037542,-69.75453240376221,-10595.011543481914,-10595.011543481914,-10595.011543481914,-10595.011543481914,-10595.011543481914,-10595.011543481914,69.30059661,69.30059661,69.30059661,0.0,0.0,0.0,83.29037731,83.29037731,83.29037731,0.0,0.0,0.0
-24.957707546437035,-26.909731693594278,-26.77343434861564,-24.957707546437035,-26.909731693594278,-26.77343434861564,2076.51469366519,2076.51469366519,2076.51469366519,73.46474602,73.46474602,73.46474602,1600.2390545050607,1600.2390545050607,1600.2390545050607,60.0,39.99999999999999,40.00000000000001,60.0,39.99999999999999,39.99999999999999,-1.2352631565101109,4.075294026546184,3.8822626104848212,-4.988324836713661,0.23291934524604718,0.5000738432551369,-41.04342819035575,-68.86236264037542,-69.75453240376221,-10595.011543481914,-10595.011543481914,-10595.011543481914,-10595.011543481914,-10595.011543481914,-10595.011543481914,69.30059661,69.30059661,69.30059661,0.0,0.0,0.0,83.29037731,83.29037731,83.29037731,0.0,0.0,0.0
-24.957707546437035,-26.909731693594278,-26.77343434861564,-24.957707546437035,-26.909731693594278,-26.77343434861564,2076.51469366519,2076.51469366519,2076.51469366519,73.46474602,73.46474602,73.46474602,1600.2390545050607,1600.2390545050607,1600.2390545050607,60.0,39.99999999999999,40.00000000000002,60.0,39.99999999999999,39.99999999999999,-1.2352631565101109,4.075294026546178,3.882262610484815,-4.988324836713661,0.23291934524604718,0.5000738432551369,-41.04342819035575,-68.86236264037542,-69.75453240376221,-10595.011543481914,-10595.011543481914,-10595.011543481914,-10595.011543481914,-10595.011543481914,-10595.011543481914,69.30059661,69.30059661,69.30059661,0.0,0.0,0.0,83.29037731,83.29037731,83.29037731,0.0,0.0,0.0
-24.957707546437035,-26.909731693594278,-26.77343434861564,-24.957707546437035,-26.909731693594278,-26.77343434861564,2673.056499555138,2673.056499555138,2673.056499555138,73.46474602,73.46474602,73.46474602,2196.7808603950084,2196.7808603950084,2196.7808603950084,60.0,39.99999999999999,40.00000000000001,60.0,39.99999999999999,39.99999999999999,-1.2352631565101109,4.075294026546184,3.8822626104848212,-4.9883248367136614,0.23291934524604718,0.5000738432551369,-41.04342819035575,-68.86236264037542,-69.75453240376221,-10595.011543481914,-10595.011543481914,-10595.011543481914,-10595.011543481914,-10595.011543481914,-10595.011543481914,69.30059661,69.30059661,69.30059661,0.0,0.0,0.0,83.29037731,83.29037731,83.29037731,0.0,0.0,0.0
-24.957707546437035,-26.909731693594278,-27.077123733060596,-24.957707546437035,-26.909731693594278,-27.077123733060596,2076.51469366519,2076.51469366519,2076.51469366519,73.46474602,73.46474602,73.46474602,1600.2390545050607,1600.2390545050607,1600.2390545050607,60.0,39.99999999999999,39.99999999999999,60.0,39.99999999999999,39.99999999999999,-1.2352631565101109,4.075294026546184,3.8822626104848212,-4.988324836713661,0.23291934524604718,-0.021581044685951206,-41.04342819035575,-68.86236264037542,-67.99469445844434,-10595.011543481914,-10595.011543481914,-10595.011543481914,-10595.011543481914,-10595.011543481914,-10595.011543481914,69.30059661,69.30059661,69.30059661,0.0,0.0,0.0,83.29037731,83.29037731,83.29037731,0.0,0.0,0.0
-24.957707546437035,-26.909731693594278,-27.077123733060596,-24.957707546437035,-26.909731693594278,-27.077123733060596,2076.51469366519,2076.51469366519,2076.51469366519,73.46474602,73.46474602,73.46474602,1600.2390545050607,1600.2390545050607,1600.2390545050607,60.0,39.99999999999999,40.000000000000014,60.0,39.99999999999999,39.99999999999999,-1.235263156510112,4.075294026546178,3.882262610484815,-4.988324836713661,0.23291934524604718,-0.021581044685951206,-41.04342819035575,-68.86236264037542,-67.99469445844434,-10595.011543481914,-10595.011543481914,-10595.011543481914,-10595.011543481914,-10595.011543481914,-10595.011543481914,69.30059661,69.30059661,69.30059661,0.0,0.0,0.0,83.29037731,83.29037731,83.29037731,0.0,0.0,0.0
-24.957707546437035,-26.909731693594278,-27.077123733060596,-24.957707546437035,-26.909731693594278,-27.077123733060596,2076.51469366519,2076.51469366519,2076.51469366519,73.46474602,73.46474602,73.46474602,1600.2390545050607,1600.2390545050607,1600.2390545050607,60.0,39.99999999999999,40.000000000000014,60.0,39.99999999999999,39.99999999999999,-1.2352631565101109,4.075294026546178,3.882262610484815,-4.9883248367136614,0.23291934524604718,-0.021581044685951206,-41.04342819035575,-68.86236264037542,-67.99469445844434,-10595.011543481914,-10595.011543481914,-10595.011543481914,-10595.011543481914,-10595.011543481914,-10595.011543481914,69.30059661,69.30059661,69.30059661,0.0,0.0,0.0,83.29037731,83.29037731,83.29037731,0.0,0.0,0.0
-24.957707546437035,-26.909731693594278,-27.077123733060596,-24.957707546437035,-26.909731693594278,-27.077123733060596,2673.056499555138,2673.056499555138,2673.056499555138,73.46474602,73.46474602,73.46474602,2196.7808603950084,2196.7808603950084,2196.7808603950084,60.0,39.99999999999999,39.99999999999999,60.0,39.99999999999999,39.99999999999999,-1.2352631565101109,4.075294026546184,3.8822626104848212,-6.994891566251655,0.23291934524604718,-0.021581044685951206,-41.04342819035575,-68.86236264037542,-67.99469445844434,-10595.011543481914,-10595.011543481914,-10595.011543481914,-10595.011543481914,-10595.011543481914,-10595.011543481914,69.30059661,69.30059661,69.30059661,0.0,0.0,0.0,83.29037731,83.29037731,83.29037731,0.0,0.0,0.0
-24.957707546437035,-26.909731693594278,-27.077123733060596,-24.957707546437035,-26.909731693594278,-27.077123733060596,2076.51469366519,2076.51469366519,2076.51469366519,73.46474602,73.46474602,73.46474602,1600.2390545050607,1600.2390545050607,1600.2390545050607,60.0,39.99999999999999,39.99999999999999,60.0,39.99999999999999,39.99999999999999,-1.235263156510112,4.075294026546184,3.8822626104848212,-4.9883248367136614,0.23291934524604718,-0.021581044685951206,-41.04342819035575,-68.86236264037542,-67.99469445844434,-10595.011543481914,-10595.011543481914,-10595.011543481914,-10595.011543481914,-10595.011543481914,-10595.011543481914,69.30059661,69.30059661,69.30059661,0.0,0.0,0.0,83.29037731,83.29037731,83.29037731,0.0,0.0,0.0
-24.957707546437035,-26.909731693594278,-27.077123733060596,-24.957707546437035,-26.909731693594278,-27.077123733060596,2673.056499555138,2673.056499555138,2673.056499555138,73.46474602,73.46474602,73.46474602,2196.7808603950084,2196.7808603950084,2196.7808603950084,60.0,39.99999999999999,40.000000000000014,60.0,39.99999999999999,39.99999999999999,-1.2352631565101109,4.075294026546178,3.882262610484815,-4.9883248367136614,0.2329193452460424,-0.02158104468595151,-41.04342819035575,-68.86236264037542,-67.99469445844434,-10595.011543481914,-10595.011543481914,-10595.011543481914,-10595.011543481914,-10595.011543481914,-10595.011543481914,69.30059661,69.30059661,69.30059661,0.0,0.0,0.0,83.29037731,83.29037731,83.29037731,0.0,0.0,0.0
-24.957707546437035,-26.909731693594278,-27.077123733060596,-24.957707546437035,-26.909731693594278,-27.077123733060596,2076.51469366519,2076.51469366519,2076.51469366519,73.46474602,73.46474602,73.46474602,1600.2390545050607,1600.2390545050607,1600.2390545050607,60.0,39.99999999999999,40.000000000000014,60.0,39.99999999999999,39.99999999999999,-1.2352631565101109,4.075294026546178,3.882262610484815,-4.9883248367136614,0.2329193452460424,-0.021581044685951206,-41.04342819035575,-68.86236264037542,-67.99469445844434,-10595.011543481914,-10595.011543481914,-10595.011543481914,-10595.011543481914,-10595.011543481914,-10595.011543481914,69.30059661,69.30059661,69.30059661,0.0,0.0,0.0,83.29037731,83.29037731,83.29037731,0.0,0.0,0.0
-24.957707546437035,-26.909731693594278,-27.077123733060596,-24.957707546437035,-26.909731693594278,-27.077123733060596,2673.056499555138,2673.056499555138,2673.056499555138,73.46474602,73.46474602,73.46474602,2196.7808603950084,2196.7808603950084,2196.7808603950084,60.0,39.99999999999999,39.99999999999999,60.0,39.99999999999999,39.99999999999999,-1.2352631565101109,4.075294026546184,3.8822626104848212,-4.9883248367136614,0.2329193452460424,-0.021581044685951206,-41.04342819035575,-68.86236264037542,-67.99469445844434,-10595.011543481914,-10595.011543481914,-10595.011543481914,-10595.011543481914,-10595.011543481914,-10595.011543481914,69.30059661,69.30059661,69.30059661,0.0,0.0,0.0,83.29037731,83.29037731,83.29037731,0.0,0.0,0.0
-24.957707546437035,-26.909731693594278,-27.077123733060596,-24.957707546437035,-26.909731693594278,-27.077123733060596,2062.524105379503,2062.524105379503,2062.524105379503,73.46474602,73.46474602,73.46474602,1586.2484662193738,1586.2484662193738,1586.2484662193738,60.0,39.99999999999999,39.99999999999999,60.0,39.99999999999999,39.99999999999999,-1.235263156510112,4.075294026546184,3.8822626104848212,-1.8331950389019023,0.2329193452460424,-0.021581044685951206,-41.04342819035575,-68.86236264037542,-67.99469445844434,-10595.011543481914,-10595.011543481914,-10595.011543481914,-10595.011543481914,-10595.011543481914,-10595.011543481914,69.30059661,69.30059661,69.30059661,0.0,0.0,0.0,83.29037731,83.29037731,83.29037731,0.0,0.0,0.0
-24.957707546437035,-26.909731693594278,-27.0771237330606,-24.957707546437035,-26.909731693594278,-27.0771237330606,2085.4122829181565,2085.4122829181565,2085.4122829181565,73.46474602,73.46474602,73.46474602,1609.1366437580273,1609.1366437580273,1609.1366437580273,60.0,39.99999999999999,39.99999999999998,60.0,39.99999999999999,39.99999999999999,-1.235263156510113,4.075294026546179,3.882262610484816,-6.994891566251655,0.2329193452460424,-0.02158104468595096,-41.04342819035575,-68.86236264037542,-67.99469445844434,-10595.011543481914,-10595.011543481914,-10595.011543481914,-10595.011543481914,-10595.011543481914,-10595.011543481914,69.30059661,69.30059661,69.30059661,0.0,0.0,0.0,83.29037731,83.29037731,83.29037731,0.0,0.0,0.0
-24.957707546437035,-26.909731693594278,-27.0771237330606,-24.957707546437035,-26.909731693594278,-27.0771237330606,2085.4122829181565,2085.4122829181565,2085.4122829181565,73.46474602,73.46474602,73.46474602,1609.1366437580273,1609.1366437580273,1609.1366437580273,60.0,39.99999999999999,39.99999999999998,60.0,39.99999999999999,39.99999999999999,-1.235263156510113,4.075294026546179,3.882262610484816,-6.994891566251655,0.2329193452460424,-0.021581044685951206,-41.04342819035575,-68.86236264037542,-67.99469445844434,-10595.011543481914,-10595.011543481914,-10595.011543481914,-10595.011543481914,-10595.011543481914,-10595.011543481914,69.30059661,69.30059661,69.30059661,0.0,0.0,0.0,83.29037731,83.29037731,83.29037731,0.0,0.0,0.0
-24.957707546437035,-26.909731693594278,-27.077123733060596,-24.957707546437035,-26.909731693594278,-27.077123733060596,2062.5241053795025,2062.5241053795025,2062.5241053795025,73.46474602,73.46474602,73.46474602,1586.2484662193733,1586.2484662193733,1586.2484662193733,60.0,39.99999999999999,39.99999999999999,60.0,39.99999999999999,39.99999999999999,-1.2352631565100933,4.075294026546185,3.8822626104848212,-1.8331950389018965,0.2329193452460424,-0.021581044685951206,-41.04342819035575,-68.86236264037542,-67.99469445844434,-10595.011543481916,-10595.011543481916,-10595.011543481916,-10595.011543481916,-10595.011543481916,-10595.011543481916,69.30059661,69.30059661,69.30059661,0.0,0.0,0.0,83.29037731,83.29037731,83.29037731,0.0,0.0,0.0
-24.957707546437035,-26.909731693594278,-26.312638799414117,-24.957707546437035,-26.909731693594278,-26.312638799414117,2062.524105379503,2062.524105379503,2062.524105379503,73.46474602,73.46474602,73.46474602,1586.2484662193738,1586.2484662193738,1586.2484662193738,60.0,39.99999999999999,42.3035184995055,60.0,39.99999999999999,42.3035184995055,-1.2352631565101109,4.075294026546184,3.8822626104848212,-1.8331950389019023,0.2329193452460424,-0.021581044685951213,-41.04342819035575,-68.86236264037542,-67.59357392008523,-10595.011543481914,-10595.011543481914,-10595.011543481914,-10595.011543481914,-10595.011543481914,-10595.011543481914,69.30059661,69.30059661,69.30059661,0.0,0.0,0.0,83.29037731,83.29037731,83.29037731,0.0,0.0,0.0
-24.957707546436968,-26.909731693594278,-27.077123733060596,-24.957707546436968,-26.909731693594278,-27.077123733060596,2673.056499555138,2673.056499555138,2673.056499555138,73.46474602,73.46474602,73.46474602,2196.7808603950084,2196.7808603950084,2196.7808603950084,60.0,39.99999999999999,39.99999999999999,60.000000000000185,39.99999999999999,39.99999999999999,-1.2352631565100922,4.075294026546181,3.882262610484817,-1.8331950389019016,0.23291934524604183,-0.021581044685951775,-41.04342819035575,-68.86236264037542,-67.99469445844434,-10595.011543481902,-10595.011543481902,-10595.011543481902,-10595.011543481902,-10595.011543481902,-10595.011543481902,69.30059661,69.30059661,69.30059661,0.0,0.0,0.0,83.29037731,83.29037731,83.29037731,0.0,0.0,0.0
