time,CA_onshore_wind_turbine_1,CA_solar_photovoltaic_1,CEN_onshore_wind_turbine_1,CEN_solar_photovoltaic_1,MIDAT_onshore_wind_turbine_1,MIDAT_solar_photovoltaic_1,NE_onshore_wind_turbine_1,NE_solar_photovoltaic_1,NW_onshore_wind_turbine_1,NW_solar_photovoltaic_1,NCEN_onshore_wind_turbine_1,NCEN_solar_photovoltaic_1,SE_solar_photovoltaic_1,SW_onshore_wind_turbine_1,SW_solar_photovoltaic_1,TX_onshore_wind_turbine_1,TX_solar_photovoltaic_1,CA_offshorewind_class10_moderate_floating_1_1,NW_offshorewind_class10_moderate_floating_1_1,NE_offshorewind_class10_moderate_floating_1_1,CA_utilitypv_class1_moderate_70_0_2_1,CA_utilitypv_class1_moderate_70_0_2_2,CA_utilitypv_class1_moderate_70_0_2_3,NW_utilitypv_class1_moderate_70_0_2_1,NW_utilitypv_class1_moderate_70_0_2_2,NW_utilitypv_class1_moderate_70_0_2_3,NW_utilitypv_class1_moderate_70_0_2_4,SW_utilitypv_class1_moderate_70_0_2_1,SW_utilitypv_class1_moderate_70_0_2_2,SW_utilitypv_class1_moderate_70_0_2_3,SW_utilitypv_class1_moderate_70_0_2_4,SW_utilitypv_class1_moderate_70_0_2_5,TX_utilitypv_class1_moderate_70_0_2_1,TX_utilitypv_class1_moderate_70_0_2_2,TX_utilitypv_class1_moderate_70_0_2_3,NCEN_utilitypv_class1_moderate_70_0_2_1,NCEN_utilitypv_class1_moderate_70_0_2_2,NCEN_utilitypv_class1_moderate_70_0_2_3,NCEN_utilitypv_class1_moderate_70_0_2_4,NCEN_utilitypv_class1_moderate_70_0_2_5,NCEN_utilitypv_class1_moderate_70_0_2_6,NCEN_utilitypv_class1_moderate_70_0_2_7,CEN_utilitypv_class1_moderate_70_0_2_1,CEN_utilitypv_class1_moderate_70_0_2_2,CEN_utilitypv_class1_moderate_70_0_2_3,CEN_utilitypv_class1_moderate_70_0_2_4,CEN_utilitypv_class1_moderate_70_0_2_5,SE_utilitypv_class1_moderate_70_0_2_1,SE_utilitypv_class1_moderate_70_0_2_2,SE_utilitypv_class1_moderate_70_0_2_3,SE_utilitypv_class1_moderate_70_0_2_4,SE_utilitypv_class1_moderate_70_0_2_5,SE_utilitypv_class1_moderate_70_0_2_6,SE_utilitypv_class1_moderate_70_0_2_7,SE_utilitypv_class1_moderate_70_0_2_8,MIDAT_utilitypv_class1_moderate_70_0_2_1,MIDAT_utilitypv_class1_moderate_70_0_2_2,MIDAT_utilitypv_class1_moderate_70_0_2_3,MIDAT_utilitypv_class1_moderate_70_0_2_4,MIDAT_utilitypv_class1_moderate_70_0_2_5,MIDAT_utilitypv_class1_moderate_70_0_2_6,MIDAT_utilitypv_class1_moderate_70_0_2_7,NE_utilitypv_class1_moderate_70_0_2_1,NE_utilitypv_class1_moderate_70_0_2_2,NE_utilitypv_class1_moderate_70_0_2_3,NE_utilitypv_class1_moderate_70_0_2_4,NE_utilitypv_class1_moderate_70_0_2_5,NE_utilitypv_class1_moderate_70_0_2_6,NE_utilitypv_class1_moderate_70_0_2_7,CA_landbasedwind_class4_moderate_70_1,CA_landbasedwind_class4_moderate_70_2,CA_landbasedwind_class4_moderate_70_3,NW_landbasedwind_class4_moderate_70_1,NW_landbasedwind_class4_moderate_70_2,NW_landbasedwind_class4_moderate_70_3,NW_landbasedwind_class4_moderate_70_4,NW_landbasedwind_class4_moderate_70_5,SW_landbasedwind_class4_moderate_70_1,SW_landbasedwind_class4_moderate_70_2,SW_landbasedwind_class4_moderate_70_3,SW_landbasedwind_class4_moderate_70_4,SW_landbasedwind_class4_moderate_70_5,TX_landbasedwind_class4_moderate_70_1,TX_landbasedwind_class4_moderate_70_2,TX_landbasedwind_class4_moderate_70_3,NCEN_landbasedwind_class4_moderate_70_1,NCEN_landbasedwind_class4_moderate_70_2,NCEN_landbasedwind_class4_moderate_70_3,NCEN_landbasedwind_class4_moderate_70_4,NCEN_landbasedwind_class4_moderate_70_5,NCEN_landbasedwind_class4_moderate_70_6,NCEN_landbasedwind_class4_moderate_70_7,CEN_landbasedwind_class4_moderate_70_1,CEN_landbasedwind_class4_moderate_70_2,CEN_landbasedwind_class4_moderate_70_3,CEN_landbasedwind_class4_moderate_70_4,CEN_landbasedwind_class4_moderate_70_5,CEN_landbasedwind_class4_moderate_70_6,CEN_landbasedwind_class4_moderate_70_7,SE_landbasedwind_class4_moderate_70_1,SE_landbasedwind_class4_moderate_70_2,SE_landbasedwind_class4_moderate_70_3,SE_landbasedwind_class4_moderate_70_4,SE_landbasedwind_class4_moderate_70_5,SE_landbasedwind_class4_moderate_70_6,SE_landbasedwind_class4_moderate_70_7,SE_landbasedwind_class4_moderate_70_8,MIDAT_landbasedwind_class4_moderate_70_1,MIDAT_landbasedwind_class4_moderate_70_2,MIDAT_landbasedwind_class4_moderate_70_3,MIDAT_landbasedwind_class4_moderate_70_4,MIDAT_landbasedwind_class4_moderate_70_5,MIDAT_landbasedwind_class4_moderate_70_6,MIDAT_landbasedwind_class4_moderate_70_7,NE_landbasedwind_class4_moderate_70_1,NE_landbasedwind_class4_moderate_70_2,NE_landbasedwind_class4_moderate_70_3,NE_landbasedwind_class4_moderate_70_4,NE_landbasedwind_class4_moderate_70_5,NE_landbasedwind_class4_moderate_70_6,NE_landbasedwind_class4_moderate_70_7
1,0.0,0.0,0.0,0.0,0.0,0.0,0.0,0.0,0.0,0.0,0.0,0.0,0.0,0.0,0.0,0.0,0.0,0.5634628473626447,1.4642173967779208,2.008812027284659,0.0,0.0,0.0,0.0,0.0,0.0,0.0,0.0,0.0,0.0,0.0,0.0,0.0,0.0,0.0,0.0,0.0,0.0,0.0,0.0,0.0,0.0,0.0,0.0,0.0,0.0,0.0,0.0,0.0,0.0,0.0,0.0,0.0,0.0,0.0,0.0,0.0,0.0,0.0,0.0,0.0,0.0,0.0,0.0,0.0,0.0,0.0,0.0,0.0,0.44648830022194097,0.08206440833966863,0.005027328607771227,2.0395020294463144,3.33496194697409,1.6479433288129979,2.260712987896815,3.970813975254714,1.921187910755937,2.905533775387198,2.6162303235946602,1.2918809586804487,1.6985737772331637,1.8016436983043604,1.2149099027937784,1.3196004869339757,2.0256431002262207,1.1845463407896064,1.2923660532245007,2.043967165301508,2.382445231152815,2.3914836737531004,1.8209153813576675,1.6524945892451557,2.305174983368488,2.279082592967825,1.8686114115429842,2.2648093262832845,2.057617844984229,2.2879649897804484,2.452260339838176,2.4335589037182217,2.467327475140337,0.9458802365178762,2.279925133492295,2.223738452109874,2.4801422894433927,0.6361284746836259,1.578448084204183,2.5653663980426415,2.4107388320710754,2.372650118543824,2.5140977799954243,2.0032170284351754,2.2593484209412793,2.402890336809808,2.7489624680085143,2.6453866654614657,2.486384516064316,2.2349453178802037,1.3892149773434141,2.1566512804422366
2,0.0,0.0,0.0,0.0,0.0,0.0,0.0,0.0,0.0,0.0,0.0,0.0,0.0,0.0,0.0,0.0,0.0,0.5866863166841205,1.7180416454395502,2.013731134783413,0.0,0.0,0.0,0.0,0.0,0.0,0.0,0.0,0.0,0.0,0.0,0.0,0.0,0.0,0.0,0.0,0.0,0.0,0.0,0.0,0.0,0.0,0.0,0.0,0.0,0.0,0.0,0.0,0.0,0.0,0.0,0.0,0.0,0.0,0.0,0.0,0.0,0.0,0.0,0.0,0.0,0.0,0.0,0.0,0.0,0.0,0.0,0.0,0.0,0.4371066025631948,0.08479039763091271,0.0025255335908421,2.121130187626221,3.4892834697752733,1.6378086087490034,2.2383777109165406,4.105622630835569,1.7972699479454537,2.9949443413918004,2.7073941898942344,1.3464292119264187,1.7902186790813737,1.809427681226225,1.1459164132444721,1.276201030768155,1.901843535196308,1.307320561290699,1.3571783662479677,1.9333374094749054,2.1974003268696833,2.2035556950359023,1.7619786011710232,1.6120860303458873,2.1146153701229196,2.0825217287365376,1.7478786899437484,2.0826364624517737,1.8821309172354788,2.1010160560254008,2.2511252833546678,2.2288761383006204,2.268303713753994,0.9142563531180132,2.063546464449942,2.0599047304375873,2.2790404039551504,0.5225657638157394,1.4499066379540864,2.3777308902907635,2.232345595228651,2.1657510463535132,2.342003186957541,1.8412312834812417,1.9934339470499598,2.395047958002035,2.7494409441161025,2.6502363545738135,2.487827862103906,2.229206478754726,1.394721851383867,2.126492279460063
3,0.0,0.0,0.0,0.0,0.0,0.0,0.0,0.0,0.0,0.0,0.0,0.0,0.0,0.0,0.0,0.0,0.0,1.2112164050943857,1.926266523203572,2.0284552608350808,0.0,0.0,0.0,0.0,0.0,0.0,0.0,0.0,0.0,0.0,0.0,0.0,0.0,0.0,0.0,0.0,0.0,0.0,0.0,0.0,0.0,0.0,0.0,0.0,0.0,0.0,0.0,0.0,0.0,0.0,0.0,0.0,0.0,0.0,0.0,0.0,0.0,0.0,0.0,0.0,0.0,0.0,0.0,0.0,0.0,0.0,0.0,0.0,0.0,0.43573490109903157,0.07567629140105084,0.0025264912397233628,2.1461745857995824,3.4518507281072743,1.5974058064295655,2.1934208001835973,4.07401006132568,1.6871962514314411,3.047073946845984,2.772489501347554,1.4242304381989315,1.8415871344629595,1.8335222235045876,1.1143166657758439,1.2156313570875765,1.8127504664096872,1.401030756881684,1.4866435471714352,1.828076720716421,2.0675547740756883,2.0695289767245413,1.7191336030499436,1.5302220566880402,1.9208303136074392,1.878858986360683,1.612816377296916,1.8956293392693624,1.7007265706961832,1.9086243679885229,2.0349424710329913,2.0128579125184842,2.049830149313493,0.876630714576909,1.822637611824586,1.886360701326467,2.063897775247824,0.4673929736366603,1.213553375095671,2.1581629859386453,1.9786464788455334,1.970533843934355,2.1436538617216243,1.6689713773411716,1.7199397185789618,2.3554306632135464,2.838707205427937,2.662946166427897,2.4967296222209683,2.2157412058316197,1.370158983120227,2.110230374336272
4,0.0,0.0,0.0,0.0,0.0,0.0,0.0,0.0,0.0,0.0,0.0,0.0,0.0,0.0,0.0,0.0,0.0,1.4723946156560936,1.95125678379077,2.0009409169122296,0.0,0.0,0.0,0.0,0.0,0.0,0.0,0.0,0.0,0.0,0.0,0.0,0.0,0.0,0.0,0.0,0.0,0.0,0.0,0.0,0.0,0.0,0.0,0.0,0.0,0.0,0.0,0.0,0.0,0.0,0.0,0.0,0.0,0.0,0.0,0.0,0.0,0.0,0.0,0.0,0.0,0.0,0.0,0.0,0.0,0.0,0.0,0.0,0.0,0.4524257484092009,0.0859943977588641,0.00294497889355911,2.1299428991762577,3.36468102336039,1.5493897655457016,2.0765660090709037,3.985171233442088,1.7437459455372473,3.192143109524409,2.9163751860958342,1.5136339539593906,1.882484328879575,1.7665013735868342,1.1132650661310484,1.1308996157816495,1.7636062623289277,1.4461823288255164,1.5499815391051106,1.7591766718603115,1.986938274880231,1.990869634108094,1.6967094450295939,1.5386666445561623,1.8937590578279924,1.8351387352331585,1.5875899608985833,1.8695374717208324,1.6275118592345095,1.8758379932987737,1.8197187759406006,1.7963001102525595,1.8377460108749801,0.7779793235693568,1.5799588398465616,1.7003851473888432,1.8489338065537595,0.4127222205597435,1.3691767719900554,2.0955607568732546,1.9158835962978884,1.9237805976988973,2.0511017575375945,1.5555949136687524,1.5147648738995914,2.3513958720789034,2.8180213124848734,2.6278205435280775,2.4663766850722872,2.1541863056815327,1.4100412145609837,2.085293406208903
5,0.0,0.0,0.0,0.0,0.0,0.0,0.0,0.0,0.0,0.0,0.0,0.0,0.0,0.0,0.0,0.0,0.0,1.5798387738416673,2.794025947783099,2.009457489318234,0.0,0.0,0.0,0.0,0.0,0.0,0.0,0.0,0.0,0.0,0.0,0.0,0.0,0.0,0.0,0.0,0.0,0.0,0.0,0.0,0.0,0.0,0.0,0.0,0.0,0.0,0.0,0.0,0.0,0.0,0.0,0.0,0.0,0.0,0.0,0.0,0.0,0.0,0.0,0.0,0.0,0.0,0.0,0.0,0.0,0.0,0.0,0.0,0.0,0.48810907260535696,0.10338320361214369,0.003363666224409813,3.13576902415622,40.98397720831372,1.8945856028395918,2.8569931457506614,48.58308397472865,1.7989322569172597,3.1771230728338082,2.9244926194107776,1.5768988204937031,1.866146318114959,1.7206109348644532,1.1713023304755392,1.067198250156602,1.6505496166032803,1.4302975724329778,1.5349635587717891,1.6462067348814493,1.8390439553986653,1.8428288033028366,1.6102974505164536,1.4162292290910052,1.6595814022093691,1.595851278475493,1.4099565125844293,1.632626490732946,1.4162054954011722,1.6518955300707603,1.7723607434199948,1.7533626148169787,1.7922908207765431,0.7965033834773505,1.4718044473983678,1.666670785769405,1.8058590194177668,0.42256184343139,1.1660588490101418,1.917646160939995,1.7376490453046927,1.8298709785549896,1.8920914292863884,1.419327005450591,1.2883482190359992,2.3211409203792996,2.814605823847728,2.631141895039214,2.4609617037319556,2.1280540267150307,1.394363464652045,2.069712998422414
6,0.0,0.0,0.0,0.0,0.0,0.0,0.0,0.0,0.0,0.0,0.0,0.0,0.0,0.0,0.0,0.0,0.0,1.8271594381320724,2.8989846163658695,1.593473605689705,0.0,0.0,0.0,0.0,0.0,0.0,0.0,0.0,0.0,0.0,0.0,0.0,0.0,0.0,0.0,0.0,0.0,0.0,0.0,0.0,0.0,0.0,0.0,0.0,0.0,0.0,0.0,0.0,0.0,0.0,0.0,0.0,0.0,0.0,0.0,0.0,0.0,0.0,0.0,0.0,0.0,0.0,0.0,0.0,0.0,0.0,0.0,0.0,0.0,0.5103926178211583,0.117148208493405,0.004409167893157582,3.3033302871962285,469.5165521113838,1.9503349123012863,2.890829290211489,726.4065892961735,1.9231257496472587,3.204178130935162,2.955236582870505,1.6379037945934183,1.8687622934918346,1.8041497136964608,1.2207929429975555,1.0165421162619106,1.6570716932892289,1.4861748121666958,1.5908103060664889,1.6690892058068627,1.85578013540362,1.858441141564981,1.6420303601866983,1.3965983122121433,1.5940055075716373,1.5499210565990325,1.3308931477284371,1.5690647682531562,1.3344812738079455,1.5913058465012,1.739234514247073,1.7281374046569908,1.7604094704802264,0.8725851056308767,1.345551770277825,1.6487419072416465,1.777939194236751,0.4492589047806489,1.0505740435046391,1.7827002651940234,1.5849580147750117,1.7535315624457937,1.7880690420897452,1.3021693656495765,1.0181401859371855,1.6479459066653526,1.9876645271855296,1.9207083900822788,1.8238091129133203,1.6454702916938384,0.9380232340068169,1.63068145859652
7,0.0,0.0,0.0,0.0,0.0,0.0,0.0,0.0,0.0,0.0,0.0,0.0,0.0,0.0,0.0,0.0,0.0,1.652110051114375,2.894772627397948,1.5683271551423354,0.0,0.0,0.0,0.0,0.0,0.0,0.0,0.0,0.0,0.0,0.0,0.0,0.0,0.0,0.0,0.0,0.0,0.0,0.0,0.0,0.0,0.0,0.0,0.0,0.0,0.0,0.0,0.0455047447075769,0.9256061824107746,0.05807081500824886,0.0,0.0,0.04976127956343986,0.06438299801946824,0.00966726087720233,0.19762871417005864,0.15676938328753864,0.27687355215573917,0.0034964960970233884,0.12731207624034094,0.07820528054621999,0.11589361433935935,0.8686241598284117,0.912014005425247,0.31659371188468266,0.9597766059474633,0.09570053512383302,1.0206952600629435,0.3698676179046474,0.5392240983847959,0.13356187968109057,0.00482084763660077,3.29465101550059,956.9535857771154,1.9149763220056073,2.7507818286245724,2961.087876849473,1.988805735642723,3.0483751252259026,2.8258326912844325,1.6851191484750605,1.8255484249529683,0.22633814953587716,0.2343794786884681,0.23257504534742823,1.6426666596417387,1.4694227551892531,1.5936228706612283,1.6704008383591322,1.8312297862794367,1.8375711301050615,1.6550199894858295,0.18809025837062876,0.1879671705628425,0.16983388139533417,0.18955961324171522,0.18048885554890148,0.17760709280240405,0.19081690328312106,1.7286769427919353,1.725410283045676,1.7537828965796507,0.975220843949522,1.2576290151263096,1.6411414273829479,1.768648573613973,0.477304291322207,1.0033361870310955,1.6527394472876722,1.554127603535946,1.6375081049863525,1.6562324462440188,1.1901317557501612,0.8614278929490904,1.6737431007849999,1.9666786072357212,1.9015190039618624,1.7840351380691732,1.616576279993141,0.9748483404401682,1.5597850640553697
8,0.0,0.0,0.0,0.0,0.0,0.0,0.0,0.0,0.0,0.0,0.0,0.0,0.0,0.0,0.0,0.0,0.0,1.604842628748266,2.901168346248714,1.4678590268595686,0.0,0.0,0.0,0.0,0.0,0.0,0.0,0.0,0.0,0.0,0.0,0.0,0.5292647611929624,0.2033349846838064,0.09813104929097455,0.013973262419284434,0.05325612471438041,0.16542803828533809,0.05179759094395276,0.0030997840229281064,0.0,0.020390409526196748,0.01065307987060435,1.151131218069441,0.10966244017149557,0.86240371298544,0.0,0.6530328069991169,0.8248416405258467,0.4766235444623108,0.29306743178224276,0.5850788864387473,0.3581589935106829,0.6842139388663255,0.3479497294472632,0.9545249154525552,0.9641793647981944,1.2199773424662252,0.3830611284287374,0.5277118033568016,0.520616047411447,0.9482385469757233,1.7117409015205034,1.722849720392615,0.6608308409207617,1.6102109978607348,0.5348187155145547,1.7015161869554447,1.4087158048986064,0.595644676535863,0.16434006368872267,0.005440375995842652,3.254226839260093,1013.4736439939529,1.862066975450125,2.5501653395871795,3832.389476316428,2.0938938415105515,2.981741506443427,2.7722993788971024,1.7477789216273099,1.812544413952331,1.697155962987381,1.32153604548677,0.8640944082135649,1.6198817973731572,1.4627494760500923,1.587067230238377,1.6579481023617468,1.7999615661319694,1.806634387212398,1.6568901564222216,1.4357643375522837,1.5995459293026215,1.5524293469907207,1.2747428556968856,1.5783268400846282,1.3250436575438194,1.60435134133877,1.7380119907775224,1.7378565031976905,1.7671850268816343,1.046304144573233,1.2280139741247895,1.6440819492636969,1.7801757358629402,0.5442272365960221,0.9608834972908653,1.6082964307292755,1.495302293832502,1.6219813074001763,1.6215635354953903,1.1317337472220927,0.8693257408133839,1.5271354002041768,1.898082970488403,1.851580752322043,1.7136618797455245,1.567039583902666,0.8770909985806128,1.4764176203580313
9,0.0,0.0,0.0,0.0,0.0,0.0,0.0,0.0,0.0,0.0,0.0,0.0,0.0,0.0,0.0,0.0,0.0,1.623181222997089,2.907455531921735,1.475464076811284,0.009099564333536527,0.005468903225224323,0.0,0.0,0.0,0.0,0.0,1.2746314122468902,0.18975510860917014,0.5879510406354274,0.0036501670472612506,0.019312159196883373,0.5932132258458296,0.5482495316674019,0.48535390012121327,0.19001905226050203,0.2304344747991367,0.4920767088608786,0.16996053819175547,0.16438807187940188,0.012423519569261954,0.21049990083049464,0.1833653184339747,1.2114768959253936,0.4468788273558104,0.570994187712131,0.02054592041864112,0.9181545806604294,0.9587525809038198,0.602968095553436,0.5425454193255237,0.90355501547148,0.4983731778119107,1.0635615596802093,0.804752563434282,1.2394780290497822,1.2658004080739254,1.4475958973920395,0.6445837344217105,0.6375603628108868,0.6583311030560606,1.1858452670239306,1.844268497503787,1.8541258537654066,0.7636909898646884,1.8015178451106983,0.6867496067372829,1.7885592565346649,1.6285464186202265,0.6590748317917204,0.1991802999433239,0.005650253259176985,3.2636450557031136,852.2600141955775,1.8335437966919275,2.178004740293042,2159.543920076503,2.2210681132187364,3.0097556925051947,2.8024465772457816,1.8092329976918267,1.8729330467551906,1.689357454833953,1.3335075652132122,0.8494071942393555,1.6598690975821349,1.4710627560627927,1.6067230500374627,1.7029849836839972,1.8529289174621226,1.8561752145542414,1.708067168650416,1.5185193388397966,1.7648386123564705,1.6911530284280616,1.3041238422252608,1.7308066324258107,1.463270009213872,1.764888905097905,1.8908270413671744,1.896036118218035,1.9278635182017752,0.8847554195699507,0.9342469529832054,1.813961643559388,1.954418895416893,0.5406691291610561,0.9326243399704026,1.608271354885673,1.4603100136116822,1.6527157066561813,1.6047416823011176,1.0952512896004056,0.48904171831138166,1.4302918763818848,1.8533488147175845,1.8576892587986187,1.6578150802649212,1.4188766350892195,0.8437060789928097,1.3818239589341674
10,0.0,0.0,0.0,0.0,0.0,0.0,0.0,0.0,0.0,0.0,0.0,0.0,0.0,0.0,0.0,0.0,0.0,1.5191602598950156,2.527942082503159,1.4608232423556382,0.45877837110393904,0.2810640243555362,0.09353300791191776,0.17173797288412004,0.04707077308426114,0.054361986863869866,0.02736268592992124,1.162134625028557,0.8066246379995814,1.0958449845041933,0.4100532777379233,0.5149717413059958,0.9141919003959629,0.7994868427930903,0.7749842916800906,0.32682865588385646,0.3371221020045787,0.5766134966238272,0.21315826333090154,0.42150377077441814,0.11070009207908618,0.4478928783132503,0.3413545724293182,1.3723558139419652,0.5318958264166125,0.6451848222604895,0.11252044845672271,0.9863399665431078,0.939973563188687,0.5416481664371924,0.518852819877929,0.9373316520061215,0.48504464790511514,1.2199797906889165,0.9037653233722622,1.3487800887857562,1.335318147969792,1.4338992488751785,0.6168932634169808,0.6710350604841784,0.6355676034763267,1.245540024204841,1.804165332426786,1.823323957896962,0.7605729719130596,1.7615270816392972,0.6992573577681838,1.759103141647767,1.5745266623373873,0.6996227141111038,0.2180110907938948,0.008169327165619567,3.156872754851852,973.1725550431956,1.797021865256812,1.894970639881292,3396.805862705849,2.398103823832452,3.225548384138932,2.9914592799736752,1.8823622541442946,1.9994141437128476,2.54127265144416,1.3444090466786678,0.880494365374896,1.5706355377636019,1.1253294205629203,1.5435806915663335,1.6662259267610473,1.799071066401666,1.8041814375319518,1.5539971672678252,1.1676047787539177,1.8783344397343171,1.726669559963284,1.0568243347308819,1.8598428707337007,1.5486883945960948,1.8778625414634007,1.876081304919353,1.8892080595423977,1.9116712151626416,0.21246637198292304,0.498645876217635,1.7944940746994043,1.9647172243421664,0.12498002529992622,1.0818294239988404,1.585661261690035,1.416632305989836,1.6033436229342897,1.5016167012041173,1.0099342851947815,0.23741168255878503,1.3205282891562966,1.8405267470367974,1.8424983844951939,1.611138537538773,1.0829178278692613,0.7109337169632699,1.2398784722372893
11,0.0,0.0,0.0,0.0,0.0,0.0,0.0,0.0,0.0,0.0,0.0,0.0,0.0,0.0,0.0,0.0,0.0,1.512771363556249,1.4743511312798459,1.3811333054855233,0.9765107628729885,0.9295917524798825,0.5407502981369057,0.6575384185286894,0.21087164340782405,0.6697632281250627,0.41260303074369764,1.4722653945573256,1.105183833445019,1.29790717174534,1.0524224452860316,1.0253021591999585,0.9322078015538864,0.8198024806303614,0.7809146359505719,0.3092975476475317,0.4331912006803429,0.5969243408086189,0.20970874213321467,0.4289517509458385,0.21645025771801601,0.4477548617270404,0.4082887392932073,1.2404868485609697,0.4996012867051385,0.5903936603244802,0.174474537399128,0.891285400536372,0.8681690702214837,0.520840837570379,0.4841491116629042,0.8653870530882726,0.46644415471075584,1.2031305241870287,0.8346357055761198,1.3849423846575046,1.3554455314734408,1.4530042380470238,0.5912249716591544,0.6561468226933074,0.6367856581139408,1.214671502357925,1.7328778679419035,1.7559833986931643,0.6851078159083159,1.6698492421589428,0.6394818947999004,1.705941694713788,1.4996331632913762,0.7247212251252108,0.21887809522447046,0.006506866313408215,3.03505287292679,867.9708257477046,1.4949628749920332,1.7512148875054665,2643.753850554145,2.65457391560755,3.9772787777207554,3.611294601128648,2.1154428904957037,2.2574315850590523,2.6678822072699404,1.0879222217308624,0.7540326102792485,1.3090178586197565,0.840259540272076,1.4534777327608435,1.54207793307598,1.6373738775000675,1.6505027779494412,1.3662095509016368,0.7292588720233246,1.7194221058398398,1.6057258595786834,0.45734976762277535,1.7072971343368408,1.3426307511629663,1.7232389974451507,1.7627413316558886,1.792071260540979,1.7955176032228337,0.37037193904030674,0.7171630250163503,1.6920134112176086,1.8409822500834707,0.19469730175174563,1.0045921663664785,1.5588717014539952,1.4822773329625036,1.645851008246943,1.4696464327238594,0.9324951343576333,0.40922651031185087,1.229338700319711,1.8037570776226524,1.83176801707355,1.5686969105804067,1.0115375372116886,0.6020193752372811,1.180206207733114
12,0.0,0.0,0.0,0.0,0.0,0.0,0.0,0.0,0.0,0.0,0.0,0.0,0.0,0.0,0.0,0.0,0.0,1.4973170047536795,1.5323607878678052,1.3061066545084783,0.9739219272369191,1.0495997534813077,0.858293383952736,0.7430511372117654,0.29813889563500534,1.2349152241537804,0.8756348499757963,1.4226748612054507,1.0497786242419451,1.2577308166022032,1.1422285904678242,1.0635947961728793,0.9033013067601132,0.7989571332180265,0.7516760919821888,0.3050835141626045,0.4462089913257352,0.5763179183905656,0.22094035774023463,0.40361607648967235,0.27180833723287245,0.4145221216525956,0.43650164144019765,1.1892735497718974,0.47887603059705786,0.5482977769715944,0.21535515293198632,0.8407779058350418,0.8427158454433084,0.5093453125670449,0.4826334889329653,0.829405674837461,0.4669720326239335,1.207002029291358,0.7998547529516022,1.3776372594728379,1.3558198214734158,1.43666438546337,0.5992583838124719,0.6477762576003081,0.6558622538378138,1.1730595348415722,1.7220809665922037,1.7452585885353997,0.6462296077689866,1.6383630389166939,0.5988551970426441,1.6877604487120603,1.492218692007282,0.6999613907817044,0.18714821087240682,0.004409286654868701,2.8840029458934704,650.6716170067195,1.2502276554505973,1.480262505612439,1614.7518230994683,2.1568329728431026,4.010710500356623,3.626409855521203,2.115669082262479,2.322843850017275,2.6124492731978535,1.1913441068177772,0.8417913742730729,0.9743706543163038,0.8164097964794144,1.4088612738732937,1.4648972302174101,1.5310747698058549,1.5582087940711062,1.318311852779189,0.7330654360200881,1.6285999201081722,1.512582562384921,0.19727511569512085,1.6248164522185107,1.317321254078701,1.6416674157662783,1.7300602387431354,1.7310183259305632,1.7601161713319016,0.6253864598502191,1.1892165573965237,1.660058922799255,1.7990339156640403,0.3779171183816258,0.9428121405377397,1.5460102101316089,1.3933801206308694,1.6293645333713371,1.428056948984926,0.9166619101758955,0.7925745620604712,1.0833123777635123,1.761137707326018,1.8336209685989893,1.541558080642786,0.9472877517455689,0.42296939459499616,1.0932198943427731
13,0.0,0.0,0.0,0.0,0.0,0.0,0.0,0.0,0.0,0.0,0.0,0.0,0.0,0.0,0.0,0.0,0.0,0.4221857416818057,1.3193537423698811,1.0967281843365475,0.8811596949265192,0.9432680550407673,0.8215688631863503,0.6957151078397256,0.31198442407437404,1.158472889538954,0.8049941127412092,1.3035685234863195,0.9758817341683863,1.163912387393756,1.0676258730303254,1.0048049936308332,0.920010793604888,0.7907933705238843,0.7621068255678924,0.30423727496433595,0.447574131005265,0.5671196204560738,0.2282895395067211,0.3874538643289651,0.3385086183426115,0.4088987265556878,0.4415689208670468,1.1550625677808952,0.47738829995443366,0.5416042827419005,0.23819118596853434,0.8277331884493346,0.8557811998034595,0.5457519831366398,0.506609778649362,0.8313441758385292,0.474362061140718,1.297950523341969,0.798584952816018,1.3901158858331542,1.3685408049684398,1.4523950756985968,0.5543464859381309,0.7146648852153632,0.6448098229757111,1.238666618093081,1.7386943076183776,1.7608328005604026,0.7153279776069881,1.6921183184273367,0.6512827948917179,1.7082861814277894,1.5123038000584543,0.6381577071844549,0.1546217219399828,0.0031543058699489753,2.7055003634207813,644.5594403369419,0.979034711216076,1.083127416563513,2208.7501949872603,1.908792540382902,3.447752059297045,3.163013064431894,1.9780729247705544,2.2490921797736867,2.451900898546228,1.4312131847464764,1.026850575187785,1.0043295665971135,0.8619648468291743,1.3755168584565958,1.431357245143836,1.493791503524335,1.5080129106427194,1.3077420832777875,0.7194024302047062,1.5850533837547118,1.5068119272117428,0.189976080015723,1.58484692491038,1.41836401210419,1.600102879529004,1.7398966297605511,1.7372278536458907,1.76346619587639,0.8698699932704128,1.3598454527796457,1.6638577481869596,1.795902867550467,0.668406863098852,0.937080218693211,1.5402426883263693,1.3161925698754082,1.6352808898342985,1.4335627915668923,0.9751841371449284,1.2224338838509565,0.8754249927078175,1.6687919355294554,1.8190685594800016,1.4761981093248568,0.887102865224761,0.25553371535619857,0.9471368920453624
14,0.0,0.0,0.0,0.0,0.0,0.0,0.0,0.0,0.0,0.0,0.0,0.0,0.0,0.0,0.0,0.0,0.0,0.1629724961653639,1.155206340177351,1.1079518894503266,0.8891212787220244,0.9237742044939861,0.7229555317898158,0.6642096737332248,0.32489947137546005,0.9831797806371183,0.654796872317933,1.3222070090923808,0.9659236135420817,1.1838001762787993,1.0478895557576395,0.9958050513707262,0.9190670574753312,0.7968983388692266,0.7526295999416517,0.31687865331357445,0.48759180287573534,0.5915107329072109,0.22291881422599208,0.4393236115081136,0.42277110969163223,0.47368671529147455,0.5040199585187484,1.381967202813783,0.534029468091648,0.6313431792732445,0.23506918468530213,0.8701250697195064,0.9045185300492449,0.5943372418545625,0.5502757469591701,0.8867907566165583,0.5053801385736998,1.4627899851910975,0.8397565700348233,1.5292281689569478,1.5774917453405628,1.6359580752748624,0.6059858504574387,0.9076345043976657,0.8093970144646834,1.4358322826582146,1.7902713572398472,1.795290084608773,0.7236660818369707,1.734554884465286,0.6706202569142619,1.754987443243989,1.507869386500631,0.6472722085782837,0.17316051007391478,0.006088410879858567,2.749670194824954,706.43513969777,0.8768146592674951,0.9224062363151377,4816.708434635206,2.050437527957077,3.440236581403269,3.1763259060480564,2.028880415763882,2.3703547652648203,2.3691709313243337,1.6590661949684762,1.210318713555607,1.238966773316494,0.9889041893308064,1.6049502443268047,1.6687877994438054,1.75757108464677,1.7701987515138171,1.5295552445602834,0.7144554400878929,1.8868616433483112,1.808244536034863,0.3008247395306678,1.874483084291569,1.721720718503672,1.8930054820448277,1.9674117549830044,1.9575520470116317,1.984624801982136,1.134570450248499,1.5058787083483,1.8577694086348089,2.0077333749750323,0.9292923965737723,1.0857936931034828,1.7738799303309776,1.424244770985723,1.8773398563159773,1.6396751779157182,1.1594491688557778,1.553080823488834,0.6894670062002561,1.5792781865521306,1.8364477461787558,1.411209854928698,0.8268069553024295,0.1454249504804668,0.7271305611003247
15,0.0,0.0,0.0,0.0,0.0,0.0,0.0,0.0,0.0,0.0,0.0,0.0,0.0,0.0,0.0,0.0,0.0,0.12340516924424969,0.7824119919392271,1.156138622505427,0.8557030121681413,0.8877565762166815,0.6826588798913862,0.7304531969148885,0.3578098909540236,0.9356211354016752,0.5766831363910943,1.2978535578004085,0.9409364782476008,1.1800209629461325,1.0558996399076328,0.9735956110407602,1.1989810013474198,1.0204857666910465,0.9211791268666523,0.25505293694773357,0.4424766019782196,0.5109173825990808,0.22243623994012268,0.4661569357703419,0.48797722836536517,0.4850676745710565,0.4847539764438449,1.4574267710833766,0.5129300822268026,0.6326893141249457,0.2237804587182186,1.2041280424336378,1.2919316236511804,0.7715994087526887,0.7049059848804671,1.2057594191001764,0.6625367990685795,1.9284321878289283,1.1102342483416985,1.527294655910242,1.736208696082027,1.7052241107050685,0.7608757219220346,0.9418511446462023,0.916676153730621,1.5882772396322729,1.7104344110963758,1.65596873372054,0.5569451493483135,1.6107704090979187,0.5663511406678317,1.627404152962141,1.2803289140685163,0.687300160093406,0.23671277214583375,0.021663042461312995,2.7857010775077513,648.4999715806402,0.8176730717596674,0.8865692762743833,4651.8353540682365,2.30077441595518,3.4756494561210047,3.2238472423613516,2.1147625837413395,2.50115050471679,3.4110118119351682,2.1280776937274304,1.5437187330804618,1.3834042587530124,1.031745052234243,1.6339867564342043,1.6837900260445764,1.7844294973438082,1.7833986252298928,1.5751016092789207,0.701811802502277,1.944521763780358,1.8402128663710755,0.42999719837922434,1.9278629252366954,1.7982253133561663,1.9476529478561133,2.6899358957434742,2.677736448276846,2.7334611269907327,1.4944825621363247,1.797409527862598,2.447876299881983,2.7378128960745016,1.1753689323642829,1.1639820911628362,1.936142826480225,1.6118279930584194,2.123003581700196,1.8448588569734827,1.3382026049652267,1.8414835278862807,0.5233057768458078,1.531077708837719,1.8146627212767754,1.2620651287534073,0.7586085562495437,0.11623328192356153,0.5655338976412775
16,0.0,0.0,0.0,0.0,0.0,0.0,0.0,0.0,0.0,0.0,0.0,0.0,0.0,0.0,0.0,0.0,0.0,0.6604334457401428,1.1169092228647424,0.9970215068575747,0.9050913557841671,0.9378423991944747,0.73805301793772,0.8975282251345253,0.44932327373602077,1.0624325778318988,0.5393928285236519,1.375497463515785,0.9579513152140322,1.2610209513148423,1.1339533450142025,1.0171017200195789,1.2676818163090502,1.0455430564587207,0.9761515623620105,0.1656024670278532,0.282975982076219,0.3394362198940156,0.15247303424158742,0.33221543377275653,0.35655227003356105,0.31789192801150934,0.5232648074282309,1.863087766594731,0.5263963180583884,0.8108597256632493,0.18432480497818188,1.2188334862539794,1.317918444503448,0.8602992720111269,0.6774909470263462,1.2095151065873884,0.6305987602089109,1.695368564073111,1.1134452413711209,0.699988047719549,1.1119287659238033,0.8727317635409411,0.5652241413034698,0.4832307778715432,0.6760142880325879,1.041649084575571,0.8687249210781733,0.6266405134376325,0.10633219300929568,0.7713159997526049,0.2712023476430056,0.6124076204011383,0.3611741194367791,0.7454184066809214,0.27493509938080807,0.03087056692884827,2.703993173655444,606.2308926951604,0.732962845115524,0.8790208245936713,5160.249333464839,2.5901229405200734,3.5524099032551817,3.3058812495067116,2.22865521648231,2.592427652288009,3.5895987475705624,2.3186915753392894,1.7263500597686448,0.903457483120933,0.7449322854379061,0.9639387117308544,0.9732117545142103,1.0078660247600055,1.0058239210593456,0.943594777641465,0.8612636631322257,2.586707734000811,2.3248993678553234,0.6165781199418842,2.5601051718113013,2.362518664899113,2.586238119423797,2.6833691319652644,2.669367440568749,2.7249922854607576,1.6504312741903027,1.6381493755503787,2.4414672467948364,2.7279584641310066,1.2301765700786196,0.9734337859985658,1.6029624639827489,1.350931103857846,1.7321294518957089,1.5733650987602985,1.2151201448731577,1.5896238977292398,0.7741297219149161,1.5136810560182106,1.835038201091436,1.2993578054543145,0.7383215550540154,0.376396168065511,0.6675908057421873
17,0.0,0.0,0.0,0.0,0.0,0.0,0.0,0.0,0.0,0.0,0.0,0.0,0.0,0.0,0.0,0.0,0.0,1.45157589835912,1.4571183474556881,0.8816463615586552,0.9236927807354505,0.9534022388581871,0.7857541044984475,1.056066722412147,0.44228924028421285,1.151415062181401,0.4803359808377398,1.3863713751125033,0.8704652957739856,1.2627925375542208,1.170024216756818,1.0705602629197073,0.9490557511671796,0.8017187772357799,0.7533325110705338,0.07621795590969287,0.11130855865408548,0.146062522912891,0.03221972649191632,0.20477178904906496,0.2851704070632195,0.15881808523276686,0.36889680273998104,1.3105891063767885,0.27943936790020596,0.6394567002971598,0.1325649691797147,0.752579511778324,0.9729212780366652,0.41903151744476386,0.22963481594508678,0.7476508391998133,0.1386980637759304,0.5319091544539966,0.5288666480663928,0.0,0.06487576215368247,0.0,0.16303453834984521,0.026976791340966907,0.13772322537304577,0.27090579750108146,0.0,0.0,0.0,0.0,0.0,0.0,0.0,0.8304764464182623,0.32910780012306506,0.034576689632367555,2.5631941406141943,580.3077701397257,0.6580077114414212,0.8928160774521757,4891.800667671283,2.8018123702292588,3.6150994415511946,3.363212370128096,2.29840036342533,2.6701359905303796,2.681623374370247,2.065685167731033,1.5778430390446903,1.3669060867476688,1.0105908542569466,1.4178849502246287,1.464829224708133,1.550727915691823,1.5435151725941978,1.4396993319778915,1.0410367247850516,1.9078503694217943,1.7602502564856763,0.9149041270478138,1.886245298985159,1.772541716371066,1.9057021293992875,1.7291167112266521,1.713228100885317,1.7642756001805537,1.3605858057246634,1.1189665989727913,1.6410700083746868,1.7685578056225495,1.0309342064712976,0.8982253768186297,1.5684449292778737,1.4010029155013477,1.6405612998006873,1.56473368708998,1.2488694087100107,1.573203954948312,1.012531874640492,1.598908078438754,1.8098413602640946,1.2526853016252173,0.8643114701827785,0.5048171310045804,0.7256494664444428
18,0.0,0.0,0.0,0.0,0.0,0.0,0.0,0.0,0.0,0.0,0.0,0.0,0.0,0.0,0.0,0.0,0.0,1.523054267445628,1.4743379085079846,0.7465045507701467,0.8703187591730712,0.909727467093921,0.7271459523211699,0.6257834252794532,0.13626454945101363,0.9702599719589462,0.3097537280103699,1.229538112449518,0.4004226635171191,0.9970151139215613,1.0894408053204288,0.8545101646816617,0.5305225755655556,0.4116877619622059,0.3653759348361493,0.0,0.0,0.0,0.0,0.0,0.029155701899976096,0.0,0.07776453860004921,0.9804066942850929,0.016405383741669107,0.9181350160431521,0.02513928228116342,0.0285322976086343,0.0,0.0,0.0,0.12075506528339941,0.0,0.0,0.007402969790943625,0.0,0.0,0.0,0.0,0.0,0.0,0.0,0.0,0.0,0.0,0.0,0.0,0.0,0.0,0.8605152873073327,0.36515090817416196,0.03750019512303132,2.4518582265758266,531.7856732984652,0.6180622475039025,1.088200366517773,2584.2926518772656,2.741185107126137,3.316657740313701,3.094365452182103,2.210019596281657,2.5344665571167617,1.801058980767266,1.6261674386183813,1.3140134929201452,1.616795419103294,1.2622245249052853,1.644175564371075,1.692353491511689,1.7854887591238366,1.7725721195565711,1.6875238261283556,1.4244346125722611,1.9312109431957651,1.8320785330320177,1.2912532632091285,1.8938013900624355,1.792090278969642,1.9143800559613737,1.7351327429651064,1.7213562356046168,1.7679374562649173,1.5106191306575454,1.172257206668593,1.6598333036670674,1.7959205513379857,1.11247515957864,0.9923523157287946,1.5936907301580092,1.3984767634669097,1.65684400706553,1.612551391912902,1.338109099072467,1.5906707526866128,1.0940199277669427,1.6332882241489912,1.815630416605142,1.1270384188224334,0.9482925590209506,0.5523941533543135,0.720428292168787
19,0.0,0.0,0.0,0.0,0.0,0.0,0.0,0.0,0.0,0.0,0.0,0.0,0.0,0.0,0.0,0.0,0.0,1.4218562947372142,2.790283748065651,0.5796518053141353,0.516469837850446,0.4846913249897442,0.28098043963777486,0.061659739846418954,0.0013033535012177523,0.2515881421486316,0.04144131350698323,0.8973546718343641,0.006064144461478141,0.2346115281174473,0.4113969987287238,0.15391149786933803,0.764431325434316,0.012168481274163886,0.019808340428224887,0.0,0.0,0.0,0.0,0.0,0.0,0.0,0.0,0.0,0.0,0.0,0.0,0.0,0.0,0.0,0.0,0.0,0.0,0.0,0.0,0.0,0.0,0.0,0.0,0.0,0.0,0.0,0.0,0.0,0.0,0.0,0.0,0.0,0.0,0.8805228934621054,0.39161866481837887,0.038117772000906415,2.4295891414125514,291.6134631438383,0.7248055617926561,1.5043177329344448,681.9843938470221,2.2538960825894883,2.4927298046235933,2.3595882451400954,1.8579672122816948,2.055786053863546,1.8504436438342964,1.6387167591792071,1.2202279398418252,1.6554504729978063,1.3486650328116951,1.6650554885900704,1.7055106714284989,1.7926645378684043,1.7847553775718552,1.7082564239095284,1.5188756044406615,1.929953365590336,1.8728778455233623,1.4688982200338954,1.8882074312132318,1.792705252592551,1.9081347430401365,1.727389347785902,1.7158424452500185,1.7648683657171205,1.5596821682982558,1.2422929502841633,1.6366493234572843,1.7628024968234968,1.0202105663160337,1.0914437482924768,1.595879067997359,1.454605968309032,1.6537496238360632,1.6214371860789782,1.3578382011469738,1.5985743593292696,0.8689815533895606,1.654338293117016,1.7915905259438034,0.9975583989589687,1.0156567865433779,0.33403737847777815,0.6827164545063835
20,0.0,0.0,0.0,0.0,0.0,0.0,0.0,0.0,0.0,0.0,0.0,0.0,0.0,0.0,0.0,0.0,0.0,1.513696042276166,1.8480485808662124,0.7785822845618591,0.020886398085276175,0.014790296225933027,0.00787285989738525,0.0,0.0,0.0,0.0,0.0,0.0,0.0,0.0,0.0,0.0,0.0,0.0,0.0,0.0,0.0,0.0,0.0,0.0,0.0,0.0,0.0,0.0,0.0,0.0,0.0,0.0,0.0,0.0,0.0,0.0,0.0,0.0,0.0,0.0,0.0,0.0,0.0,0.0,0.0,0.0,0.0,0.0,0.0,0.0,0.0,0.0,0.9639491718549151,0.46451323895401697,0.046781008646579025,1.675150634422022,2.6742405158984184,0.7089169641382596,1.379617343768499,3.3914534926007036,2.3132336757702134,2.4895173914160296,2.3574808387354977,1.903733840431988,2.054789922301085,1.7827748040544975,1.6217051182481015,1.1149230595658008,1.676373803290442,1.4185797003740594,1.671675578696039,1.7133933863766657,1.7961768735694932,1.7876308684972173,1.714458676016335,1.5710608723737156,1.9757913591092802,1.9179271141720164,1.6062706791040462,1.932532494320185,1.8355727462203433,1.9517633061550441,1.7652348863193765,1.7508763442128839,1.7992258487793151,1.5922285821185262,1.3773639710484797,1.6606916598616728,1.8140556777989332,0.9491692191894665,1.0799833229998512,1.6324034893866184,1.4655626843365397,1.6854893268467492,1.6617993981687036,1.3936261136932213,1.6410073706416455,0.6886750720444734,1.685360485098279,1.7793491856417756,0.8392529371149964,1.0676950333947244,0.2666155215133121,0.643727213180298
21,0.0,0.0,0.0,0.0,0.0,0.0,0.0,0.0,0.0,0.0,0.0,0.0,0.0,0.0,0.0,0.0,0.0,1.547519923810154,1.8496740007636578,1.0009826795637093,0.0,0.0,0.0,0.0,0.0,0.0,0.0,0.0,0.0,0.0,0.0,0.0,0.0,0.0,0.0,0.0,0.0,0.0,0.0,0.0,0.0,0.0,0.0,0.0,0.0,0.0,0.0,0.0,0.0,0.0,0.0,0.0,0.0,0.0,0.0,0.0,0.0,0.0,0.0,0.0,0.0,0.0,0.0,0.0,0.0,0.0,0.0,0.0,0.0,1.0414154867365462,0.5192401645261753,0.04083425078029947,1.5291856745196797,2.6597444244375765,0.7338973591906595,1.451887043208648,3.375414087851823,2.3632022114100586,2.4989641041387927,2.3664179805280128,1.9264599458917546,2.0619625482705874,1.541987955406512,1.421200513702349,0.9818774117976883,1.7001867549354088,1.4548772276272484,1.685934574445568,1.7315106106967093,1.8147328586419462,1.7954209825475118,1.728464158181719,1.637380328033224,1.993087156657566,1.9551264984693262,1.6772237139379964,1.94774118209898,1.8559014699109362,1.9641459683698486,1.7626931240879458,1.7565017299293686,1.805433499859646,1.6026727450116596,1.4119166663922424,1.6580271177225008,1.8073766856032307,0.885181714215999,1.1139013924105257,1.6524340909269881,1.4650951244461723,1.6942702192357189,1.6753969173381478,1.3804390988749997,1.660231078946751,1.00466683077426,1.684409836742562,1.8073509310470275,0.7064830301938321,1.1191498688628498,0.46799442416742143,0.5444411932728643
22,0.0,0.0,0.0,0.0,0.0,0.0,0.0,0.0,0.0,0.0,0.0,0.0,0.0,0.0,0.0,0.0,0.0,1.5678826452734045,1.604597091756549,1.0053943088825505,0.0,0.0,0.0,0.0,0.0,0.0,0.0,0.0,0.0,0.0,0.0,0.0,0.0,0.0,0.0,0.0,0.0,0.0,0.0,0.0,0.0,0.0,0.0,0.0,0.0,0.0,0.0,0.0,0.0,0.0,0.0,0.0,0.0,0.0,0.0,0.0,0.0,0.0,0.0,0.0,0.0,0.0,0.0,0.0,0.0,0.0,0.0,0.0,0.0,1.0993407980196057,0.5377655397113388,0.051110134652680925,1.3778225558893187,2.508260474683084,0.7552082386121546,1.5114489314555248,3.2492417571047554,2.382581643939936,2.49592595490941,2.366611568618339,1.9107997251634075,2.0367959261010817,2.8258169329492375,2.384417444665992,1.0622091695325862,1.6939139062193753,1.4515212249276273,1.6779060710389722,1.7231096517087536,1.8038811347287265,1.7930206741802976,1.7163487561035318,2.1261113923958224,2.6764849803294055,2.654136419037968,2.1817808745911673,2.609437924620579,2.428458995852182,2.6368451779708266,1.749192561534528,1.7508240930055763,1.8043929603663855,1.5848509610221448,1.4391996428572584,1.62529088099258,1.7848085530222306,0.8294392514918663,1.2260782660050609,1.789734462118787,1.652758721825066,1.8366889066820562,1.7977128547472816,1.4377493675780215,1.8118710859332339,1.0347031437303427,1.7082537550042076,1.8465274329639634,0.6225719855800141,1.176640717449824,0.32536537624365414,0.4432764188059165
23,0.0,0.0,0.0,0.0,0.0,0.0,0.0,0.0,0.0,0.0,0.0,0.0,0.0,0.0,0.0,0.0,0.0,1.4552018427596587,1.4193744667991428,1.1540143436744938,0.0,0.0,0.0,0.0,0.0,0.0,0.0,0.0,0.0,0.0,0.0,0.0,0.0,0.0,0.0,0.0,0.0,0.0,0.0,0.0,0.0,0.0,0.0,0.0,0.0,0.0,0.0,0.0,0.0,0.0,0.0,0.0,0.0,0.0,0.0,0.0,0.0,0.0,0.0,0.0,0.0,0.0,0.0,0.0,0.0,0.0,0.0,0.0,0.0,1.147754700948116,0.5165342487901903,0.04235928239903329,1.294393123134348,2.4486363438618355,0.774385989406706,1.5624336563569496,3.2316122184856795,2.396526307786516,2.4889656847893775,2.358453555070618,1.8808487598882229,2.007570166158832,2.7897889818159456,2.3714507405147387,1.04548996587343,1.7678500744028298,1.5117024462327704,1.7479885298995335,1.8021246881064812,1.8899355845642276,1.890228553704219,1.7921590984890337,2.1372349084420694,2.6169389529022737,2.5681978397569765,2.183416872015167,2.554922463503317,2.3712606681112938,2.5769367804387002,1.8563713148564602,1.8670049905103951,1.9240018889977364,1.637862774904887,1.5502883811571344,1.6802987991535119,1.907357440611122,0.8200136793595592,1.2656959497065827,1.9260342013744491,1.8172177950506807,1.9639296121063126,1.9280334337429323,1.4988356137665138,1.9502517012272023,1.2777870403823655,2.3017783501775035,2.359744358749589,0.7209882962904912,1.3898389734664471,0.4892461560080297,0.40778403172089983
24,0.0,0.0,0.0,0.0,0.0,0.0,0.0,0.0,0.0,0.0,0.0,0.0,0.0,0.0,0.0,0.0,0.0,1.2962548915948462,1.0473771756147408,0.8820686387001979,0.0,0.0,0.0,0.0,0.0,0.0,0.0,0.0,0.0,0.0,0.0,0.0,0.0,0.0,0.0,0.0,0.0,0.0,0.0,0.0,0.0,0.0,0.0,0.0,0.0,0.0,0.0,0.0,0.0,0.0,0.0,0.0,0.0,0.0,0.0,0.0,0.0,0.0,0.0,0.0,0.0,0.0,0.0,0.0,0.0,0.0,0.0,0.0,0.0,1.180407651041143,0.502535424092386,0.037434330978540896,1.2361328785997072,2.2011733728936633,0.8212669864282516,1.556142421544361,2.900739758661075,2.4662050944186262,2.5632123155712065,2.4189381268399544,1.8863662165173967,2.0223693080588774,2.828276549666043,2.3901554954436257,1.0406792614202667,1.7794439984923969,1.509933893778367,1.7441730954082182,1.8195830468004814,1.9008897183666704,1.905194864353689,1.8069142587710303,2.0069986705284606,2.3611912603737437,2.3118775176644704,2.0286403235914747,2.3006150726869237,2.1584100017594245,2.319303132400819,1.738282883656666,1.760490926244529,1.8153870531532448,1.5253798369461684,1.5234110287527667,1.5734362996880584,1.7778536689743305,0.7771177631218313,1.2076210951247504,1.8446753342196445,1.7414674691967775,1.8658986792448786,1.841698719437602,1.4419480875012196,1.8541010356722438,1.5742017483374866,2.337935689588722,2.3751160127997135,0.7022613239909093,1.4653901066326185,0.5799405154056745,0.44044634712444575
25,0.0,0.0,0.0,0.0,0.0,0.0,0.0,0.0,0.0,0.0,0.0,0.0,0.0,0.0,0.0,0.0,0.0,1.2416552721667173,0.6337133743422545,0.6849819330059426,0.0,0.0,0.0,0.0,0.0,0.0,0.0,0.0,0.0,0.0,0.0,0.0,0.0,0.0,0.0,0.0,0.0,0.0,0.0,0.0,0.0,0.0,0.0,0.0,0.0,0.0,0.0,0.0,0.0,0.0,0.0,0.0,0.0,0.0,0.0,0.0,0.0,0.0,0.0,0.0,0.0,0.0,0.0,0.0,0.0,0.0,0.0,0.0,0.0,1.2340961942626691,0.49529601174000304,0.03270502353662816,1.3242514391654732,2.451471374200082,0.911655465523143,1.6481958973655328,3.2538676018666592,2.7733960551431167,2.903988724100657,2.7230620990111376,1.9954421139815803,2.1525698211948363,2.810122072460217,2.374458358736259,1.0344807183148277,1.8494664976261923,1.547193121728836,1.7946207906319955,1.8980351056383782,1.98554143860747,1.9956820957668242,1.8786102284462238,1.8764770479939035,2.140287386653654,2.103795347517007,1.871671883752379,2.0866052013880108,1.9608972939020468,2.101281283023127,1.71258349283994,1.7809069005106721,1.8126861265918706,1.4490847242322786,1.5481830413755446,1.544222126553752,1.7386267424035395,0.7299710684979617,1.262319367351779,1.882170725492628,1.694339184979512,1.8835042828408035,1.8631587701378862,1.4885444758472826,1.853488547272704,1.6541634585998573,2.447032265349609,2.2889973696254007,0.768581212588112,1.5352563368672247,0.699191578011936,0.40689127502347056
26,0.0,0.0,0.0,0.0,0.0,0.0,0.0,0.0,0.0,0.0,0.0,0.0,0.0,0.0,0.0,0.0,0.0,1.3313472346470032,0.4266811091780175,0.8053003763226585,0.0,0.0,0.0,0.0,0.0,0.0,0.0,0.0,0.0,0.0,0.0,0.0,0.0,0.0,0.0,0.0,0.0,0.0,0.0,0.0,0.0,0.0,0.0,0.0,0.0,0.0,0.0,0.0,0.0,0.0,0.0,0.0,0.0,0.0,0.0,0.0,0.0,0.0,0.0,0.0,0.0,0.0,0.0,0.0,0.0,0.0,0.0,0.0,0.0,1.2537205561873033,0.49430100391643117,0.04325662075924926,1.44025205582675,2.493281217889489,1.000569044409214,1.6635783699663524,3.311967619789357,2.928441254531421,3.066825720995695,2.873844623835687,2.0030831367062856,2.1857642961757398,2.772662174040306,2.367115758405289,1.120941301202613,1.8557923273180528,1.5280500553485874,1.7841047135040213,1.9099528461984434,2.001021755328111,2.012673341552727,1.8850544418010564,1.911600244699823,2.145785588902072,2.1099471943343815,1.8786092272464785,2.0890601509745466,1.959908792153108,2.1033913797109562,1.719959347427789,1.7752916181634646,1.8046130296497722,1.381407274706027,1.5834223682040278,1.5391578826436128,1.7420659052863812,0.6849496759044649,1.2493800376350919,1.9115290286370765,1.6907432063014483,1.891888823130813,1.8794504036797974,1.5505210835242913,1.87971727583286,1.7135079724516586,2.6019918185380675,2.3934266629799144,1.0944761510847052,1.686930279196715,0.6863489480562461,0.5189473989003522
27,0.0,0.0,0.0,0.0,0.0,0.0,0.0,0.0,0.0,0.0,0.0,0.0,0.0,0.0,0.0,0.0,0.0,1.5059409917282882,0.4360609126122843,1.0056050879044,0.0,0.0,0.0,0.0,0.0,0.0,0.0,0.0,0.0,0.0,0.0,0.0,0.0,0.0,0.0,0.0,0.0,0.0,0.0,0.0,0.0,0.0,0.0,0.0,0.0,0.0,0.0,0.0,0.0,0.0,0.0,0.0,0.0,0.0,0.0,0.0,0.0,0.0,0.0,0.0,0.0,0.0,0.0,0.0,0.0,0.0,0.0,0.0,0.0,1.2626417296229153,0.5207474602194077,0.06980664511745849,1.5207134461181662,2.627822733839821,1.0445428434666637,1.6431932415128605,3.4035442877648165,2.952430419164571,3.080645767588294,2.8934486771230468,1.9525074734925658,2.119856488532358,2.8178934737370582,2.380597159202141,1.2358834652726136,1.8958554356613853,1.518116674292557,1.8076991336138999,1.9574448397684492,2.0423984012104484,2.0700262905447744,1.923778716634125,1.9602556710704349,2.2042809129561647,2.1615420686575817,1.923813881714958,2.1457755199371604,2.0118789037045914,2.1503323816177726,1.7193263839797055,1.7837901873426745,1.8132119928850443,1.3519859576110056,1.6191697480534195,1.547653442660506,1.7334653242962759,0.6280788891162501,1.2705842995438843,1.8999109854331238,1.7171284943939185,1.9086907938418562,1.9050676375873792,1.6082998118337812,1.8917250163448216,1.7198214737954434,2.6153433088919726,2.3720916072073415,1.1508994168880795,1.7877671069627166,0.8060143130214756,0.768613160331967
28,0.0,0.0,0.0,0.0,0.0,0.0,0.0,0.0,0.0,0.0,0.0,0.0,0.0,0.0,0.0,0.0,0.0,1.657285115994867,0.6558661329868801,1.0105131097239175,0.0,0.0,0.0,0.0,0.0,0.0,0.0,0.0,0.0,0.0,0.0,0.0,0.0,0.0,0.0,0.0,0.0,0.0,0.0,0.0,0.0,0.0,0.0,0.0,0.0,0.0,0.0,0.0,0.0,0.0,0.0,0.0,0.0,0.0,0.0,0.0,0.0,0.0,0.0,0.0,0.0,0.0,0.0,0.0,0.0,0.0,0.0,0.0,0.0,1.2659029018871357,0.48954509504349375,0.09155630795482894,1.577249403555519,3.04098559648628,1.101316424069082,1.64282893663316,3.8657932311762124,3.0894940823320454,3.2315319968102187,3.026184606295679,1.9507384484447297,2.102220002071519,2.8211813841371622,2.404244266939573,1.4588841292392418,2.367820173429397,1.7046864883329995,2.181211305829043,2.489342760539458,2.6581297411885316,2.6810663800424663,2.4135051670583216,2.4770356838809846,2.8518056774846627,2.81085280559455,2.374074728363899,2.7737699024146423,2.5399882413925745,2.792844258776313,1.7096417486957307,1.7737071684896364,1.800858259855886,1.356465584539352,1.6354626730076092,1.5426544756825553,1.7415111632973321,0.5417281754434327,1.4610104926903205,2.4175854392620977,2.2453950828100346,2.40003897472387,2.397237171754327,1.9476903001527148,2.374066533775135,1.814168758327753,2.561993073868017,2.283788386132901,1.3101128702704865,1.8045127983496094,0.9201185662266456,0.9485244237355444
29,0.0,0.0,0.0,0.0,0.0,0.0,0.0,0.0,0.0,0.0,0.0,0.0,0.0,0.0,0.0,0.0,0.0,1.5202439969657573,0.7324381149582878,1.1523075015721824,0.0,0.0,0.0,0.0,0.0,0.0,0.0,0.0,0.0,0.0,0.0,0.0,0.0,0.0,0.0,0.0,0.0,0.0,0.0,0.0,0.0,0.0,0.0,0.0,0.0,0.0,0.0,0.0,0.0,0.0,0.0,0.0,0.0,0.0,0.0,0.0,0.0,0.0,0.0,0.0,0.0,0.0,0.0,0.0,0.0,0.0,0.0,0.0,0.0,1.240013131754106,0.49062858805663545,0.13260727622977003,2.0599007957035305,749.1115049738962,1.3404154280322227,2.138475102536451,2400.3871168094265,3.0838712002966986,3.2260789411575956,3.014145600386307,1.9185599120850423,2.050806332810187,2.6996944951461046,2.3583464572232185,1.644132789756938,2.326688643096041,1.6343903715106993,2.141325653546561,2.471411241390733,2.63663507662568,2.6599974271957763,2.3807637294773443,2.4777582875057576,2.832017481166986,2.793999899578921,2.3591872112841443,2.749503391503822,2.52497933848932,2.770834417136939,1.7125552851057364,1.775895605695041,1.801511215417122,1.41934453919888,1.6673737349971667,1.560117237863384,1.710884127570921,0.5028592490778616,1.1632979038356552,1.899997165382871,1.7427994714238366,1.87974574057111,1.8828026395662505,1.628037159840007,1.8645477252043605,1.6143697841202034,1.907977446458382,1.793605123995805,1.3486528290029156,1.5591735889937413,0.8321571808700963,0.9989655014402006
30,0.0,0.0,0.0,0.0,0.0,0.0,0.0,0.0,0.0,0.0,0.0,0.0,0.0,0.0,0.0,0.0,0.0,1.40171077038899,0.7635600003288942,1.3521965612983973,0.0,0.0,0.0,0.0,0.0,0.0,0.0,0.0,0.0,0.0,0.0,0.0,0.0,0.0,0.0,0.0,0.0,0.0,0.0,0.0,0.0,0.0,0.0,0.0,0.0,0.0,0.0,0.0,0.0,0.0,0.0,0.0,0.0,0.0,0.0,0.0,0.0,0.0,0.0,0.0,0.0,0.0,0.0,0.0,0.0,0.0,0.0,0.0,0.0,1.2128126162523454,0.4938529502016008,0.23437499472245737,2.065072876568329,888.9537891338475,1.3680246574048127,2.2010309480409576,3398.338232824208,3.095102495212096,3.2297746646453334,3.013778728532664,1.880918129154919,2.032439784941255,2.029301599250175,1.8427584595549238,1.569748281135392,1.7817588024519253,1.3486319856168656,1.7118363668159002,1.8864561062502503,1.9686035246850224,1.997761298509431,1.8273051758455452,1.9294508006166922,2.1302371183774085,2.0963127451650507,1.8646856525912625,2.0631259068322834,1.9504932194322642,2.081327913208952,1.686093532732798,1.7553870607716817,1.7819293557258788,1.4538234786474797,1.691905413437219,1.5789732755837136,1.6825828663201037,0.5677307568848219,1.0623956063104742,1.7359297337250723,1.6167389882881622,1.715315278119732,1.7226611350127996,1.5307370540233478,1.7023196265626979,1.533807347822524,1.8994383173299383,1.7743128731100501,1.5386478148312808,1.582011065940364,0.8883943091161886,1.1830317374864925
31,0.0,0.0,0.0,0.0,0.0,0.0,0.0,0.0,0.0,0.0,0.0,0.0,0.0,0.0,0.0,0.0,0.0,1.355848333570449,0.8519247477328057,1.4396523149229923,0.0,0.0,0.0,0.0,0.0,0.0,0.0,0.0,0.0,0.0,0.0,0.0,0.0,0.0,0.0,0.0,0.0,0.0,0.0,0.0,0.0,0.0,0.0,0.0,0.0,0.0,0.0,0.059787335297673355,1.0866780727264995,0.10450894307448812,0.0,0.0,0.1697305287046699,0.2812278780254931,0.006474357737512057,0.10392986643466426,0.29323552621692467,0.39784679923074007,0.0,0.11485699860081586,0.1926447117707194,0.04476388132207188,0.563785684261271,0.6089579423234247,0.14168943855070262,0.6444675939756124,0.08381313020300588,0.9067433156962867,0.28949760361078575,1.1761823169679964,0.49677806140030323,0.2765881962788938,2.0530868007243126,874.4817652042607,1.3444423488098343,2.2976317816923815,3796.0397318057876,3.034593966375091,3.168501895552879,2.952933842350731,1.8170918977840378,1.9976722265015736,1.7732523608137853,1.6671050029981966,1.4985645227450721,1.7192654393622906,1.293083018518408,1.6851548458581913,1.8366993534589895,1.9342988597381918,1.9441684602061287,1.7712605026274204,1.7981187029355432,1.9683770179981366,1.942029392288532,1.7360594485019973,1.9002077089971863,1.8089081186713045,1.9232158590457402,1.6657305644559983,1.7481357575798029,1.770364674317534,1.4816327663179916,1.7095435635737743,1.590187788558712,1.6750326232679527,0.7651986783066516,1.0416245469567684,1.6788790679893566,1.5700697942674537,1.6523562457177121,1.6557333405627332,1.4906846110466674,1.642118075900484,1.629840826705152,1.911838478814687,1.7680471788336902,1.6421193289797422,1.5993013185290117,0.958226896732917,1.3906832915289913
32,0.0,0.0,0.0,0.0,0.0,0.0,0.0,0.0,0.0,0.0,0.0,0.0,0.0,0.0,0.0,0.0,0.0,1.3830415446554087,0.9005838716413402,1.4136727922374064,0.0,0.0,0.0,0.0,0.0,0.0,0.0,0.0,0.0,0.0,0.0,0.0,0.8143338869881518,0.1275100922193518,0.06272736624708616,0.030863842108033696,0.06946332391006817,0.2566101949285359,0.1695516908200242,0.007738112053985106,0.0,0.042238178182327536,0.023305983764134213,1.8089020602122972,0.029629077529843013,1.944991270368945,0.0,0.9898230790630445,1.2763488482451066,0.7725838500484707,0.23663500472488802,0.6967979817139021,0.8350096161417127,1.4119759102953289,0.40505650054204567,1.1574677223153662,1.425615455999215,1.5178681822392344,0.43363132682002026,0.6145014048177959,0.783609802650929,0.6728029927640353,1.6334330642139019,1.6715802943657607,0.5027375504243019,1.576668241443782,0.5280369393025539,1.666379376682304,1.323399334848136,1.136559745834189,0.5004641046493308,0.2782631660954234,2.021531435077429,780.2296270535737,1.3367607968918307,2.3862822580058016,3036.0013268377734,2.879350705327141,2.9994803453874113,2.8020160675766803,1.7179941110245065,1.9225047122915635,2.3156101987660804,2.112552985497251,1.8271568325992371,2.2924401120877675,1.4978609206615454,2.3064298206619025,2.543505675911881,2.7448067032601102,2.763922098951298,2.395667250534977,2.508781140637012,2.8659774429979734,2.829163643917127,2.3570393737015607,2.7735130331711844,2.56905878063834,2.8040915053352364,2.509410149453288,2.6251528682842036,2.650128710818535,2.1211365188814018,2.538926986053319,2.25358969679602,2.5508476793809223,1.1761821242395718,1.2582131409376416,1.9773734393524478,1.8488892534010972,1.9500669563724244,1.9546425428040806,1.736270963433098,1.9292460985228104,1.6596843052318313,1.9171698393294037,1.7709719346197357,1.6544657492008668,1.606348410868807,0.949643043385219,1.5423551725618454
33,0.0,0.0,0.0,0.0,0.0,0.0,0.0,0.0,0.0,0.0,0.0,0.0,0.0,0.0,0.0,0.0,0.0,1.4311904325260425,0.7781476233637515,1.3800653691218008,0.009535583192191792,0.006057819736669858,0.0,0.0,0.0023666046615676587,0.0,0.0,1.2992498984494887,0.22597002968498753,0.45336872792710803,0.006289141664024722,0.029188583410092863,0.7570390330984083,0.6244291544392504,0.5207448473687168,0.3612351075834704,0.357360996837261,0.6719939314302519,0.5551468894203604,0.30126261266279986,0.0028232090789976193,0.3938867843616425,0.4211732339978266,2.2478560490763257,0.2814528208323273,1.2024036582201916,0.07168799898425098,1.345302857049976,1.4116610057244543,0.81042031039431,0.47899020523683844,1.2162849698615563,0.7576567511795087,1.8169187008078804,1.1058112041072676,1.6621049401394918,1.795681788002204,1.8960337905950482,1.0414415717532806,0.9502219020431575,1.1309438132446754,1.3331662589409978,1.8283069782955756,1.8268471574133507,0.6459536870885785,1.7611492383862597,0.6754352846841609,1.773749158489938,1.5828627644122664,1.1177364349346863,0.4892356364603534,0.31824477899277026,1.8696517018299836,13.918177352266866,1.2638990045855536,2.3185902750116747,17.017917757046234,2.888051108574551,2.998041495762152,2.8048778170218185,1.678442593545169,1.8680824354279952,2.5468220122238563,2.194164526189766,1.9327112203010746,2.2481080242287064,1.3852628743061137,2.1989674300069737,2.480707913128459,2.75656748329493,2.7727001363236923,2.3415003521585955,2.471995452065226,2.857829702013987,2.7810021721634257,2.3300171737467057,2.746260078754858,2.581995369179868,2.786056074517546,2.5511840990411656,2.650915813102074,2.6882968217514644,1.8814235398414692,2.6033826623166476,1.9532846684334126,2.4400620061722407,1.231797370015066,1.529265424725736,2.1601100490984777,1.9670686206970203,2.124795726785983,2.1428144507262488,1.8122437565715135,2.0737093660728263,1.5387822173626269,1.8842182738019488,1.6792804411698388,1.6103392745166163,1.447712059355835,0.8472323658002203,1.518027220773062
34,0.0,0.0,0.0,0.0,0.0,0.0,0.0,0.0,0.0,0.0,0.0,0.0,0.0,0.0,0.0,0.0,0.0,1.5412709663996211,0.8479127949921619,1.4267871524227624,0.4737066705633737,0.2787685565906202,0.06833495695993953,0.05117659571856392,0.1225092750397909,0.015072878082879618,0.015138272098394176,1.157321220409358,0.8994734917058009,0.9907517373106609,0.4715772911491022,0.6560416266947464,0.8846256313227059,0.757649048494077,0.7196706259836736,0.48389036556858644,0.41325500277215366,0.6692461023763994,0.521836354024678,0.5334580150252282,0.030109352289804568,0.4945502724962316,0.5032222752796669,1.6557342172268363,0.4304739870611356,0.6729120401205364,0.201000046406625,1.1453180236959088,1.160594616056187,0.6796385899225408,0.4142367558027279,1.1061513056204202,0.614457068190605,1.511951556698694,1.1170431269118453,1.5190293246091695,1.583017906147811,1.6480368651900843,0.990778502145778,0.9074249215300312,1.0160129513965375,1.3027801701337802,1.8080043597611795,1.813282696522478,0.72221197853088,1.7525922807156,0.7089060489688932,1.7695296708992885,1.5741680559681939,1.0690169870723172,0.4734901255391094,0.3463969951788824,1.5311921420864052,3.343702957683945,1.1017256735888001,1.8322383465062289,4.184243138326565,3.0521602879697696,3.180758573970479,2.9447401847262427,1.6586251399621035,1.8117821720404832,2.484107938289526,2.040906201943277,1.8907530592648794,1.559543596062558,1.0293204434364722,1.40030296537953,1.691364238184935,2.0381124280465883,2.046514889021637,1.604860193625548,1.6984707583238574,2.020931159837346,1.932928747736696,1.6610013146704308,1.9238362480755313,1.8630258915989444,1.9765799747110577,1.7881556151108384,2.015507271939441,2.083615502734574,1.0653562824689717,1.8965037483717389,1.5852100026465141,1.7516817883272466,0.5325839011016102,1.098191957675681,1.8534338384320108,1.6981123802165996,1.66207264392982,1.8413739507902491,1.6002689826035201,1.7621482490327338,1.4858368994757516,1.8558045616395589,1.7051064723169205,1.618485638090192,1.3120763266377566,0.9058622751545613,1.4919843853052024
35,0.0,0.0,0.0,0.0,0.0,0.0,0.0,0.0,0.0,0.0,0.0,0.0,0.0,0.0,0.0,0.0,0.0,1.4942330016446301,0.7331739034039,1.4108242846214143,0.9982461704658894,0.8224977548020527,0.32278935644845297,0.2056640220653013,0.35953299895140206,0.172441812739451,0.2424896669782481,1.439167300472036,1.1164382804836546,1.2427799400024853,1.0555960262052029,1.1085588831654212,0.9098443804032286,0.7703730816491534,0.7228746738842626,0.49800722300546196,0.4209305281112461,0.7007873116928154,0.47911346198271887,0.4851203149965566,0.10336588006565142,0.47807697940291294,0.47943786548630407,1.4901855686754857,0.45394559421730696,0.639084524478676,0.23469935837824102,1.0927547551854477,1.1126652366947383,0.6576367248740702,0.4488203005156368,1.0687042948672874,0.5923400018462326,1.4793277351015952,1.060716220806718,1.5647439133808554,1.5681136418558115,1.675398890661242,0.9723144286619658,0.9172448538318356,1.0188945922176762,1.3287484649634278,1.765034728454367,1.7727849675974596,0.6818141512544522,1.691902892732628,0.653739684894787,1.7320847936144173,1.5149120521191053,1.0334723078800232,0.4398979240594253,0.3404061299704708,1.511494370466655,3.5493068374203176,1.0908239513716205,1.8469924657787997,4.430858524450741,3.670491022849607,3.890816635934499,3.4754283518559532,1.621852094293783,1.740595242478594,2.422808668772632,1.8750774921548192,1.9242727336150987,1.057197315724228,0.9224274739564737,1.3817406720656598,1.3180322834748255,1.9933026426951983,2.0001519989891676,0.9904054037336065,1.3688083254461194,1.9511622809877736,1.8579753315543712,1.564044540057056,1.878232502971514,1.7948068411331377,1.9179617339977995,1.734482274301186,2.0172295957945607,2.033757254257125,0.9422570284243355,1.6207132611063066,1.6612512645667845,1.6910111073712528,0.3488353798551387,1.1768180883226478,1.929562163804036,1.77929030589911,1.655444202289841,1.9073336911713383,1.6621190856853847,1.8359675584357902,1.5227893210442467,1.877792997715801,1.7486499003458427,1.7181675074784089,1.34347316828197,0.8158368243395611,1.5230366761981502
36,0.0,0.0,0.0,0.0,0.0,0.0,0.0,0.0,0.0,0.0,0.0,0.0,0.0,0.0,0.0,0.0,0.0,1.3794332080933054,0.5506652696170968,1.3338917592808346,1.024547308403971,0.9907524122711164,0.4869505942753365,0.30382234619600307,0.3907911691331012,0.35303923333925014,0.5212532176481739,1.3364036287093768,1.0435247279522946,1.1935685858225487,1.050169499974424,1.052187891215814,0.8942730262169789,0.7356841612939844,0.6874703282195824,0.5040221369200759,0.45266114070603847,0.7243378356276069,0.4446065398782528,0.4354487663877675,0.24886472867030884,0.46343323749851706,0.4877552607511797,1.4250554462685656,0.4648100325367166,0.6488873549551499,0.3137811755710911,1.0867601004498706,1.101598358945921,0.6208239102658695,0.47728221720394015,1.0491382757401917,0.5729816213704959,1.3925206787654156,1.0401055741975567,1.5913887080271536,1.5999563859746733,1.7202540219769027,0.9326950224177648,0.8929603826602563,0.9980992259118153,1.362099237146973,1.7670036142236736,1.7811553571410386,0.6464182231047411,1.6812506641503298,0.6125835864908229,1.7279848095485075,1.5241439676519883,0.9145687423573314,0.3576033156818837,0.2897569678791165,1.3790662827206321,3.5117102499757493,1.048765363762896,1.7758839538649047,4.378470724717772,3.6285148270103846,3.850758901172753,3.3444938872743073,1.3895784188984766,1.496817837016779,2.4361927570535045,1.9061771236251124,1.9671563009946276,0.6672007669201341,0.9982730927096934,1.404678353600608,1.1333891944687076,2.0094279548793565,2.0156774242350366,0.5984318846484331,1.336009377466267,1.9509754084101587,1.8878556952258805,1.533322581051026,1.891413265359006,1.7954113117466548,1.929886257625185,1.6430747005951716,2.0044226749851077,2.0339779420080504,0.832644431115436,1.6948006705989531,1.7072628701668666,1.641014341263059,0.470246372537236,1.1930208804074027,1.9650296605728954,1.8248874983437418,1.6243849064214366,1.9259127074533495,1.6869041846824935,1.8666560361122535,1.5835722925332334,1.9233991703547986,1.7847735929835782,1.7828580020022518,1.401258315961286,0.8617265139507051,1.5850154344898364
37,0.0,0.0,0.0,0.0,0.0,0.0,0.0,0.0,0.0,0.0,0.0,0.0,0.0,0.0,0.0,0.0,0.0,1.3816389826609141,0.5743111911267541,1.1651427452673753,0.9402756796734764,0.9166970142747921,0.4484524674773632,0.35044189870494125,0.3365450518738346,0.45708108840097084,0.5315062502601127,1.2192409124909318,0.9598976317029901,1.1081070747230246,0.9774000474357116,0.9379932695279649,0.9306195289100287,0.7351113332550918,0.7015196599208036,0.5309539307792353,0.5021896550858727,0.7667433556042131,0.4771141170195412,0.4354468179663492,0.3206728532439884,0.4953288429673812,0.54782217054293,1.5663695917339595,0.49249414870536934,0.726454616025876,0.3736454197575255,1.212410756581935,1.232354119856609,0.709998921236533,0.5268038982819194,1.1601557054945442,0.623900240564724,1.4960027100944666,1.142445466093701,1.7240757634056862,1.7772310998913508,1.9075234316012324,1.0752320723237925,1.0860723068771958,1.1810453204286846,1.5188156012578995,1.8532208999272743,1.872080873716051,0.7605506340410031,1.8200075426965086,0.6801805867609887,1.786825226845668,1.611385287873901,0.7532982018939312,0.29004643679225967,0.24165859493665776,1.2722148127461392,2.9570342184310903,0.9069429263411213,1.5582960959212726,3.7285136269420036,3.1624490062362547,3.328394214364252,2.8173757793527443,1.156116926050723,1.278682203895194,2.3952540191348817,1.941264704008236,1.9658078710638316,0.6504536497554468,1.1267624404842125,1.4589470179327675,1.0077713220828897,2.1812158618849935,2.188697902369313,0.92592674621142,1.4428309386823113,2.0951450884967926,2.046593635404861,1.572546585753802,2.044033280792064,1.9148996444122695,2.0835724975258927,1.663347587965319,2.156075789343049,2.1343576021366744,0.7157713597425235,1.8404437531733837,1.8090601263041517,1.744846673657463,0.5024628763222106,1.3556647284103747,2.1452720180955396,2.0158266253233137,1.5768857432604193,2.1053398578578495,1.8025032989820637,2.0158067059754856,1.6723868822766903,1.9805837377979572,1.8570149189591127,1.823453699056408,1.4328246746326405,0.8979701201225154,1.5667203080188337
38,0.0,0.0,0.0,0.0,0.0,0.0,0.0,0.0,0.0,0.0,0.0,0.0,0.0,0.0,0.0,0.0,0.0,1.3629512801923154,0.4151641881059631,1.3409598890495515,0.9213263038840553,0.87973032714206,0.5237963675491357,0.39807715395842247,0.30615144801145106,0.5251446374475421,0.47946182515979474,1.2314213909339742,0.9402541779290514,1.1227687880661374,0.9639584047444671,0.9041284716029185,0.9588238028227352,0.7425845187982523,0.69813722316785,0.6120484184249615,0.5462199695170047,0.8427339929360209,0.5883396318123923,0.47989552278496284,0.3184808021792631,0.5985023277202286,0.6441186065239597,1.8999396651642684,0.5177255388335931,0.8984982673318882,0.4215606434345639,1.443679743306916,1.519927965651732,0.854053109737186,0.5816893376465111,1.3771677523630315,0.7418712317946512,1.846836104596436,1.2815199210140338,2.0921341858549223,2.1542484537557307,2.304159715902454,1.3067508494042213,1.3480072288221487,1.4903374545242674,1.8594011902174667,2.2560941071671756,2.2657475248077183,1.0228174741903948,2.2846442438371533,0.924252176562129,2.194444377456392,2.0047504309200352,0.6612494507826008,0.27679372232204275,0.23378034217750587,1.2878776902164337,3.0421274091281703,0.7970826580662711,1.39474530983603,3.85243869383703,3.14385048974869,3.325811534031118,2.6594467714923926,0.9742288517318707,1.198073812880397,2.397737684606909,1.9591126178543643,1.9586176567405396,0.9352367401999027,1.339175369691009,1.6601600532835885,0.9701565676380819,2.751511299822596,2.7593898622435518,1.3839968226621102,1.745356485833974,2.6062641915232234,2.5550875130948043,1.7767740877794242,2.549249398354732,2.309685720025673,2.6025586732357624,1.9569290113617726,2.537974751662432,2.4916587279288365,0.685813536232524,2.0984293561015672,2.0114214069999905,1.9640763076009051,0.5493160570473178,1.637479660129884,2.5957958402124177,2.451177067764405,1.458452929807481,2.543181405163125,2.0718429783054795,2.4292010190484348,2.0603725254793126,2.415279429853328,2.260575060540166,2.197377050107715,1.705035803389765,1.1819900121882618,1.8640497028091474
39,0.0,0.0,0.0,0.0,0.0,0.0,0.0,0.0,0.0,0.0,0.0,0.0,0.0,0.0,0.0,0.0,0.0,1.2817064248730032,0.237106108761916,1.9818479289177136,0.87295087990005,0.8505728553645495,0.5930673499423025,0.4400087034473924,0.2715507593860849,0.5775095186774164,0.46694903840172375,1.1843369276975864,0.9269927614007645,1.0905549801877168,0.9402035951950642,0.865273675154032,0.9363340484742366,0.727940296832454,0.6760142786124725,0.6295934226490052,0.48476049140237265,0.8760083826902605,0.6054092035837728,0.5121322059502613,0.27401100410892326,0.6204097054664759,0.6505177115506751,1.8544742397040892,0.48287457502995235,0.8770396929467097,0.40511243526110885,1.4641426055465683,1.5132900224125478,0.8124019261079427,0.549164108513114,1.383354386233698,0.7261548836278857,1.7228676897879813,1.192340661207135,2.0605848869672165,2.1870397049989005,2.2861062612368723,1.171082695744425,1.1598952750592648,1.2603086502911536,1.924927777370824,2.4286721982781945,2.3677970849425183,0.7958172177236493,2.3641608862481256,0.8826581987068298,2.3757188659691124,1.948925563473682,0.5961706575540503,0.2548955450385903,0.21661213006173133,1.36195260551897,3.438127624220215,0.7497231281604216,1.330165248822818,4.309291420504451,3.1447598585883902,3.34747742491831,2.6192799245750003,0.8270417643447394,1.1749396921454331,2.472546766693995,1.9669646605331703,1.9316880964093173,1.1707687858734257,1.4313363849247485,1.7359094660444923,0.9367079748827107,2.787993360958353,2.792367952846689,1.6686948028746,1.8044099570991934,2.6442139490682166,2.589849098922059,1.741644998980199,2.585197746033373,2.3019390183457666,2.647079612383095,2.0240298885771892,2.5794137311856957,2.40576090630546,0.724453443569619,2.099168109453325,1.929988678595473,0.0,0.6059734793501427,1.640548274732737,2.6149159436415346,2.4607970424962957,1.1090624332083896,2.568004908181287,2.0619399932403475,2.4093124092056257,2.355558082939126,2.811992592717047,2.601510645708533,2.5045702567484405,1.8730647581871205,1.2623284382915188,2.0719326836897487
40,0.0,0.0,0.0,0.0,0.0,0.0,0.0,0.0,0.0,0.0,0.0,0.0,0.0,0.0,0.0,0.0,0.0,1.2444002165579295,0.19714199010797726,1.781536506422106,0.9151527738068079,0.9024658366431639,0.6478492306801686,0.6145778952298249,0.22536993174497083,0.78941629436366,0.5878156281490045,1.4526033006040961,1.0515429462790795,1.3270884350252228,1.0469774322312109,0.9658770360262219,0.9469220765531645,0.7340491977408696,0.6953567584054028,0.6490502235682734,0.393746940085934,0.852531165695922,0.479708656149051,0.43246913017608246,0.31557046730002397,0.5764800978982145,0.755566848797367,1.7079760471812548,0.5564397600024082,0.9361690221012395,0.46918565137064516,1.4030581575646988,1.4573432036704617,0.8840583629389105,0.49131413093387544,1.3264709104498742,0.7017679175007339,1.4274343938377738,0.9271957035198957,1.5200096048166754,1.6038861563038003,1.4944308404012965,0.9173559906326698,0.6497978541264176,0.945970598229597,1.4399698082162073,1.1496430810687097,0.9409361473444151,0.12131481271239339,0.9968352480318843,0.3426676005796082,1.0158106558148687,0.6110813125686042,0.5517910089802344,0.2291252463221329,0.18330200181729367,1.6765641841722174,350.8080660119449,0.8171172249501152,1.4586457606844183,634.5244589633876,3.533110109642461,3.8893389489437453,2.985101699466652,0.7216762518498661,1.2559881590737494,2.4669219628867722,1.959817863207392,1.8705285650175902,1.3442610281303846,1.5103515824176617,1.8422198202854014,1.1870449482982095,2.8415067300811643,2.8528275217540795,1.8787739439691231,1.8255686462179472,2.6823610841966,2.6445210605270404,1.7065889550079838,2.673655205508112,2.2971687676239405,2.713576852256665,2.1283504267235003,2.5263289390387627,2.3342662629230233,0.9600809498422673,2.096958910456305,1.760876212092227,0.0,0.7435836372912701,1.604981051723712,2.5688414345347894,2.4276578889074614,0.9367498263024039,2.5241516096573804,1.999911981025214,2.311307049932349,2.069782020479959,2.425307818806303,2.2874750105317894,2.20193647705484,1.7501305403296499,1.1559241117227508,1.9216604639648107
41,0.0,0.0,0.0,0.0,0.0,0.0,0.0,0.0,0.0,0.0,0.0,0.0,0.0,0.0,0.0,0.0,0.0,1.2402035439192218,0.19176708939777506,1.5311458336303714,0.9489594773764356,0.929394532952287,0.6275645971567012,0.781157460022328,0.15858561594501586,0.8031933485854132,0.5994598438720696,1.465481726336293,0.9722437676793021,1.3336422880651586,1.0252923662061946,0.9208162124227659,0.9878023438795935,0.7220527149902485,0.6593958482293285,0.3188850799549752,0.13034574853501502,0.2557449930217263,0.07036751445572692,0.14147139035880638,0.23277829616983858,0.17956721399828968,0.5360233186364258,1.3273784565059792,0.40865388901735056,0.6945730545103288,0.3284685723522164,0.3989767475721302,0.544302880698524,0.26568251495042916,0.12608797434265498,0.4119851820797904,0.1243280513448623,0.33260579552765956,0.264787007129713,0.05158939312569104,0.10244107260575963,0.0,0.2218597079095902,0.03554097487172081,0.15729520941489583,0.28993072915115736,0.0,0.0,0.0,0.0,0.0,0.0,0.0,0.5061484407455309,0.20404929586452472,0.13735602995563068,1.6646905554715437,441.6358411866754,0.8548979702090136,1.328043600429057,899.7246450892344,3.4854212129446296,3.9025470917572846,3.1157509868331505,0.681292061431288,1.3225225992730572,2.5276303304526664,1.9660318438611135,1.8217962240737577,1.4644956239219784,1.3388166347426114,1.619234631569074,1.4420407183298076,2.0338321119052125,2.0445023268839577,1.6883683381625172,1.5570445577594958,1.9342541921605516,1.918896908435272,1.4082714632771989,1.931148998781282,1.6853265329770686,1.9556704245187575,0.8548071789969924,0.888242851028167,0.9071524929440784,0.8035684850973945,0.8968434663179714,0.8756215401048735,0.8220217905250848,0.7404874366954814,0.9468775541117793,1.642616557075229,1.5505706063860458,1.1134944868612502,1.6319673922844942,1.454564511807492,1.5314948831367872,1.7264905721436357,1.9192412901984568,1.9017035313620418,1.8385350947996137,1.607340048503123,0.9480730411527567,1.675568737420022
42,0.0,0.0,0.0,0.0,0.0,0.0,0.0,0.0,0.0,0.0,0.0,0.0,0.0,0.0,0.0,0.0,0.0,1.210127375698102,0.14271881118779092,1.5765503705364479,0.8936705082568199,0.8847115966640962,0.5301685835328427,0.5521345765647201,0.051445670927933396,0.6468638525219367,0.36700029704715353,1.2346122696471866,0.465154769851001,1.0206795608173662,0.8816782158264251,0.6175931474904923,0.5769409109107073,0.3771793890646413,0.3302032433702824,0.012304865486237698,0.0,0.0,0.0,0.0,0.025996394345167987,0.0,0.18399390674823435,0.9011199453298495,0.03481633074058387,0.7356405295158766,0.06636106533663161,0.031728879573577715,0.0,0.0,0.0,0.10829662183292588,0.0,0.0,0.0,0.0,0.0,0.0,0.0,0.0,0.0,0.0,0.0,0.0,0.0,0.0,0.0,0.0,0.0,0.47003303617198067,0.1908011463200191,0.13853667515082857,1.687303487994722,269.04553075549165,0.9589351084633058,1.2045745189336163,448.33518565492705,3.0249176236382276,3.3362426442512003,2.858044218688928,0.688208965257448,1.3603144493162609,1.8114073645319877,1.5421561377748425,1.4418165627923658,1.6930026671521912,1.5398815811400555,1.7971379778574796,1.6312916777323654,2.052950181590859,2.062369714010856,1.8418836803006648,1.6886466432116318,1.9418391795352363,1.9436001453723293,1.532624360292476,1.9418576219759416,1.6419432887214125,1.9681819294200977,0.8675329566191294,0.8301222870036327,0.8582897298822445,0.873052341973267,0.8988312091612869,0.8642346328427539,0.820036689063727,0.8095901806682013,1.1122733797335513,1.649194499786887,1.5394082019979294,1.3247191873819748,1.6454460953611658,1.5133764942765584,1.5136348560166049,1.7205504390755237,1.9280864258944632,1.919742253008902,1.852470335988297,1.636285600672716,0.9412605043397839,1.7007102523555293
43,0.0,0.0,0.0,0.0,0.0,0.0,0.0,0.0,0.0,0.0,0.0,0.0,0.0,0.0,0.0,0.0,0.0,1.1158416141018246,0.09338540927659846,1.5687835528731036,0.5396305341143965,0.4596475228992315,0.20346351063869006,0.06414725129059518,0.0011841221629329103,0.16841940038297623,0.04904739081358829,0.7856045782336878,0.009047582087481711,0.25669610006391436,0.2924174351077801,0.09693824835168083,0.7138503999776162,0.012169367501063776,0.018235244852951207,0.0,0.0,0.0,0.0,0.0,0.0,0.0,0.0,0.0,0.0,0.0,0.0,0.0,0.0,0.0,0.0,0.0,0.0,0.0,0.0,0.0,0.0,0.0,0.0,0.0,0.0,0.0,0.0,0.0,0.0,0.0,0.0,0.0,0.0,0.4340189888188297,0.19192384063741139,0.11865451353340911,1.448206816909837,2.811691677914041,0.934649452469837,0.9208263895538487,3.532233221187198,2.1746576388473926,2.308233546708948,2.1179588795920097,0.7312921876772038,1.3081870248806822,1.7593242153343454,1.5389002756875971,1.3775490487982962,1.9216246341663865,1.7246919174635682,1.9958838716812046,1.8322073226006452,2.2042496525973547,2.2163401039433666,2.0201270424747655,1.847850160529573,2.0974346538541795,2.1199901008603774,1.6288140423250912,2.0845030868367758,1.7570242117336612,2.117514091412886,0.9047538420563797,0.8952085827040719,0.9115421177243661,0.9094933209781004,0.9360496467721973,0.9004165457298239,0.8519226151229873,0.8619747854115012,1.0607887503682605,1.640781850975884,1.5393707732449968,1.455884649916337,1.6293862398612688,1.5077722292184426,1.4760230418476556,1.744642557695311,1.9294875703473764,1.9061555486678436,1.8409833009321837,1.621999145386658,0.974371729681117,1.6948904076780256
44,0.0,0.0,0.0,0.0,0.0,0.0,0.0,0.0,0.0,0.0,0.0,0.0,0.0,0.0,0.0,0.0,0.0,1.1152303754483457,0.03847754452165407,1.5920790276563084,0.02741197304420956,0.015395574276204912,0.004453488779600341,0.0,0.0,0.0,0.0,0.0,0.0,0.0,0.0,0.0,0.0,0.0,0.0,0.0,0.0,0.0,0.0,0.0,0.0,0.0,0.0,0.0,0.0,0.0,0.0,0.0,0.0,0.0,0.0,0.0,0.0,0.0,0.0,0.0,0.0,0.0,0.0,0.0,0.0,0.0,0.0,0.0,0.0,0.0,0.0,0.0,0.0,0.4458975228427091,0.19889001877278048,0.11158559712874931,1.4821763275580624,2.61262398054987,0.958324752533807,0.7780639003142624,3.333054286224069,2.173229109750519,2.300997035539808,2.1460203043929305,0.7874500125075814,1.3600470869247796,2.0498114661022555,1.7967449611199875,1.4815656284975174,2.42633838829704,2.095828683810754,2.487125593731861,2.3350015165876545,2.8063599824963603,2.814422668903717,2.5485839280992835,2.230789713696227,2.646201059370469,2.66455878182569,1.815986597311964,2.6507575765281217,2.0339662873805597,2.6901398928748677,0.9132705092711149,0.9141075897141491,0.8985611454071432,0.9083722913707462,0.9373409472119363,0.9133779388170176,0.8822050243929311,0.8860730990997467,0.9813046611276377,1.6427130891096624,1.5233338459440517,1.5295252892562523,1.6213951216827738,1.5011234559657858,1.461714445708413,1.7894043244839253,1.9668134105314152,1.934989525971968,1.8738078789821166,1.628888340677296,1.040312389004054,1.7237044184085146
45,0.0,0.0,0.0,0.0,0.0,0.0,0.0,0.0,0.0,0.0,0.0,0.0,0.0,0.0,0.0,0.0,0.0,1.1160047491937561,0.023584120546211805,1.7976348783726674,0.0,0.0,0.0,0.0,0.0,0.0,0.0,0.0,0.0,0.0,0.0,0.0,0.0,0.0,0.0,0.0,0.0,0.0,0.0,0.0,0.0,0.0,0.0,0.0,0.0,0.0,0.0,0.0,0.0,0.0,0.0,0.0,0.0,0.0,0.0,0.0,0.0,0.0,0.0,0.0,0.0,0.0,0.0,0.0,0.0,0.0,0.0,0.0,0.0,0.44197077792287265,0.17316339365424166,0.12360046033486263,1.5073543649594954,2.636569054930078,0.9435543609451034,0.6700376241388861,3.3561988996807486,2.188298453428807,2.312882736866527,2.1696017481035312,0.8354378989215097,1.3880751885114209,2.237736658193171,1.9407109600377304,1.4617841351545078,2.484585201399696,2.1473946553760417,2.5321317721970615,2.4465219707493233,2.839653800765518,2.82838999836531,2.5946092790115287,2.2947048943306783,2.8387696308045633,2.8666187936323695,1.7657997822970772,2.84643755320576,1.9416373102080096,2.8890275507146725,0.9239247380137385,0.9007302672698643,0.9087251197310025,0.9188163607500748,0.9508591770800905,0.9248025672546945,0.8951622163484103,0.8955397783022487,0.9268779016224471,1.6917263796912039,1.5572970233070578,1.6155661536306631,1.6719204343065144,1.5315886217921744,1.4942812108123107,2.0582660034564526,2.308508087363748,2.2602788098241966,2.168756134853222,1.807136236116281,1.1343073099949592,1.9628991505394442
46,0.0,0.0,0.0,0.0,0.0,0.0,0.0,0.0,0.0,0.0,0.0,0.0,0.0,0.0,0.0,0.0,0.0,1.059824031114719,0.020648481598492818,2.0087712263881983,0.0,0.0,0.0,0.0,0.0,0.0,0.0,0.0,0.0,0.0,0.0,0.0,0.0,0.0,0.0,0.0,0.0,0.0,0.0,0.0,0.0,0.0,0.0,0.0,0.0,0.0,0.0,0.0,0.0,0.0,0.0,0.0,0.0,0.0,0.0,0.0,0.0,0.0,0.0,0.0,0.0,0.0,0.0,0.0,0.0,0.0,0.0,0.0,0.0,0.43324804796755256,0.14533625824132596,0.11841108866987768,1.5029486574160384,2.552222096991045,0.8818513617025576,0.5830266127793979,3.3156140720602707,2.176738716527808,2.299388281206575,2.1592176089737194,0.8951792187667791,1.3740383461464178,2.2983618636935716,2.02833577360704,1.3582207326014752,2.5639378003681585,2.1652001669825136,2.5722093249689877,2.55371393942988,2.8914034862973494,2.8795507002359955,2.6457750296921354,2.3018899940782127,3.007279203179678,3.053528007798377,1.646059231389105,2.9935674504813505,1.7077919692312387,3.0521128242835402,0.9247425096041297,0.9067282050145877,0.9221884583691917,0.910858126382994,0.9483246797813933,0.9227349621606251,0.9179330510222599,0.8939656896880877,1.4971119869833842,2.544439161551452,2.364832863528406,2.427380770581749,2.441851785748945,2.1410610212034964,2.116467903289129,2.4512265605475037,2.7501960709544164,2.6397865628633532,2.5036883224532644,1.9250953980625685,1.3746091608523123,2.231497181669223
47,0.0,0.0,0.0,0.0,0.0,0.0,0.0,0.0,0.0,0.0,0.0,0.0,0.0,0.0,0.0,0.0,0.0,1.0965744193711064,0.015980619061715766,2.0135823105168456,0.0,0.0,0.0,0.0,0.0,0.0,0.0,0.0,0.0,0.0,0.0,0.0,0.0,0.0,0.0,0.0,0.0,0.0,0.0,0.0,0.0,0.0,0.0,0.0,0.0,0.0,0.0,0.0,0.0,0.0,0.0,0.0,0.0,0.0,0.0,0.0,0.0,0.0,0.0,0.0,0.0,0.0,0.0,0.0,0.0,0.0,0.0,0.0,0.0,0.42947217080834355,0.1290538597887192,0.07826154007661726,1.486682225494874,2.5384287572023823,0.8206610623575705,0.557294042754752,3.3403584628395038,2.172311722868219,2.3294064991233654,2.185478866054865,0.9617154265188872,1.3804414575969393,2.3458776983861753,2.063383757103578,1.2178086090015698,3.1046975498933485,2.4551514288915763,3.045299998477695,3.1203778124689627,3.556605413017678,3.545231143536512,3.184762265554479,2.4596421036838176,3.477581833369186,3.567060074512483,1.5943570948664592,3.444488509761868,1.5713676495197695,3.536586364294635,0.9305534290165269,0.9116193090121669,0.9324159117388717,0.9090888806962667,0.9496538081310462,0.9277306378173193,0.9216767487394009,0.8995047076023681,1.5794434782242206,2.562830710016783,2.398331122056902,2.456484078718823,2.4139696235680645,2.1339318300638865,2.1357397038414803,2.430195609959604,2.8287948038494193,2.637454188541632,2.486799916442557,1.7742280109237694,1.353701924586531,2.208865346021655
48,0.0,0.0,0.0,0.0,0.0,0.0,0.0,0.0,0.0,0.0,0.0,0.0,0.0,0.0,0.0,0.0,0.0,1.0952609753494416,0.06607424045952033,2.0239912014416266,0.0,0.0,0.0,0.0,0.0,0.0,0.0,0.0,0.0,0.0,0.0,0.0,0.0,0.0,0.0,0.0,0.0,0.0,0.0,0.0,0.0,0.0,0.0,0.0,0.0,0.0,0.0,0.0,0.0,0.0,0.0,0.0,0.0,0.0,0.0,0.0,0.0,0.0,0.0,0.0,0.0,0.0,0.0,0.0,0.0,0.0,0.0,0.0,0.0,0.4416103444597952,0.11016142330483768,0.0431841420845902,1.8924286832372657,225.42023691332952,0.8650656483210623,0.6141244118893484,421.9402232287539,2.6137535756448607,2.937916280850544,2.7192863730530803,1.120136381558769,1.529338365565477,2.434982603699609,2.0681609004420913,1.0503753494307408,13.7655515872926,4.782721396400594,9.74153529513528,15.89265062297346,772.2876647869562,767.782103758771,15.160502392710182,5.438213370139655,698.7703076631751,703.2169068539624,2.218208437696328,707.6388207414857,2.201716421565072,724.0101506592764,0.9403295734500716,0.9163401176401749,0.9271709904951422,0.9109335454779952,0.9527968206786568,0.9353894149922191,0.9355416006624182,0.907815690340497,1.6884883559231412,2.5595470700582723,2.369468290068241,2.493044135632708,2.379339393154279,2.1473162211215033,2.1864234628123356,2.409548157118234,2.834572406245883,2.6447190765991273,2.4754495983921228,1.6114098851662777,1.3174033083049483,2.1782994506602353
49,0.0,0.0,0.0,0.0,0.0,0.0,0.0,0.0,0.0,0.0,0.0,0.0,0.0,0.0,0.0,0.0,0.0,1.0332702222115013,0.18558411224373378,2.0024961838637507,0.0,0.0,0.0,0.0,0.0,0.0,0.0,0.0,0.0,0.0,0.0,0.0,0.0,0.0,0.0,0.0,0.0,0.0,0.0,0.0,0.0,0.0,0.0,0.0,0.0,0.0,0.0,0.0,0.0,0.0,0.0,0.0,0.0,0.0,0.0,0.0,0.0,0.0,0.0,0.0,0.0,0.0,0.0,0.0,0.0,0.0,0.0,0.0,0.0,0.44571489675796827,0.09159366365558766,0.033940824252477214,1.7591614708448904,598.6925291586986,0.808559144741582,0.5951250336226094,2510.6593218250127,2.5858239215655825,2.9837920072040163,2.757766198451506,1.197821227567655,1.5328329901323245,2.3064569758025755,2.014175535389901,0.89834337249174,13.501269093913965,4.5568083140479505,9.022844536539056,16.69419038941099,319.2755029889813,318.6835137164744,14.111611262235197,5.21259831871707,307.93764071939586,308.80737724249775,2.4145492021865693,304.43978822224017,2.543865258306497,310.91740892909,0.9344293927624676,0.9144985103339422,0.9308661468994615,0.9015915996639805,0.9443182392698333,0.9285493473481701,0.9415268519542224,0.9051086069232372,1.7179175797225525,2.5252874635388736,2.3467976424753942,2.4907791208855485,2.327532796476561,2.1173386354266697,2.2723054855318594,2.424822332692365,2.8239336036663616,2.614049187550215,2.4509883367858176,1.4527425479203204,1.3198705958747876,2.1384992630945607
50,0.0,0.0,0.0,0.0,0.0,0.0,0.0,0.0,0.0,0.0,0.0,0.0,0.0,0.0,0.0,0.0,0.0,1.0227680789089248,0.40448361910940467,2.0081601017517663,0.0,0.0,0.0,0.0,0.0,0.0,0.0,0.0,0.0,0.0,0.0,0.0,0.0,0.0,0.0,0.0,0.0,0.0,0.0,0.0,0.0,0.0,0.0,0.0,0.0,0.0,0.0,0.0,0.0,0.0,0.0,0.0,0.0,0.0,0.0,0.0,0.0,0.0,0.0,0.0,0.0,0.0,0.0,0.0,0.0,0.0,0.0,0.0,0.0,0.4518588785847961,0.08927846381613709,0.03354606585611821,1.6012788158046767,687.3284115830718,0.7753896687921664,0.6153252325125905,4110.6530811629345,2.5670773023323594,3.0111365626034114,2.784407122328524,1.2528109762973614,1.5479051886001223,2.0967206866080232,1.8928579434278738,0.7558175384097368,14.350889282964467,4.498069529667804,9.11136952190533,18.436346666298167,931.2332196633215,931.0900222921337,14.190747781922028,5.005973972427116,849.1863916793118,821.9273105122957,2.8897395387412517,831.163542342023,3.229480981024874,854.5549415351779,0.9370350518656778,0.9184372321115006,0.9221970229000362,0.901693058346904,0.9431939420544353,0.9262744528985927,0.9539862625106252,0.9091061272163756,1.6839065506928819,2.572797703819546,2.3150700038532506,2.5166358987820487,2.294425021898121,2.117350381704032,2.37669875361685,2.4001344266710483,2.8238053431983445,2.6115498358735145,2.4544160220893705,1.321745121254795,1.3194971577920516,2.0959159919147803
51,0.0,0.0,0.0,0.0,0.0,0.0,0.0,0.0,0.0,0.0,0.0,0.0,0.0,0.0,0.0,0.0,0.0,1.0733930093049067,1.0569714171185494,2.019572650968888,0.0,0.0,0.0,0.0,0.0,0.0,0.0,0.0,0.0,0.0,0.0,0.0,0.0,0.0,0.0,0.0,0.0,0.0,0.0,0.0,0.0,0.0,0.0,0.0,0.0,0.0,0.0,0.0,0.0,0.0,0.0,0.0,0.0,0.0,0.0,0.0,0.0,0.0,0.0,0.0,0.0,0.0,0.0,0.0,0.0,0.0,0.0,0.0,0.0,0.4705929913538822,0.09550790802256608,0.03157909971037847,1.4537633863302692,621.9717735583849,0.7270022430476409,0.7729732363388995,2419.1800534418726,2.5965564212930516,3.091962734400397,2.8564326273637946,1.3161390694939263,1.5766340806440517,2.4304263443300442,2.0304873097858964,0.6779618101155414,14.692884135400263,4.490812362543234,9.454140941528758,18.64694839423929,1058.7999415929517,1056.204638827985,13.806639440027897,4.6493011216852755,975.823703079328,921.5075577179014,3.4046973807488814,960.6344981784059,3.9756313546955937,986.6925401533372,0.9418399601527199,0.9253088380037298,0.9288483369782625,0.9063395309044253,0.9471818645974821,0.9271709294942063,0.9503309088531751,0.9169389044165683,1.184087119143669,1.8615298285316157,1.6601493195370978,1.8461158721832192,1.7004626048020306,1.6105264346949326,1.7712958760033501,2.3686111613753447,2.818158078110656,2.6198634086644965,2.4577879668033606,1.2440445424574502,1.3007882675009181,2.0511999276263397
52,0.0,0.0,0.0,0.0,0.0,0.0,0.0,0.0,0.0,0.0,0.0,0.0,0.0,0.0,0.0,0.0,0.0,1.0806795744922462,1.7820430849910567,1.57411354723886,0.0,0.0,0.0,0.0,0.0,0.0,0.0,0.0,0.0,0.0,0.0,0.0,0.0,0.0,0.0,0.0,0.0,0.0,0.0,0.0,0.0,0.0,0.0,0.0,0.0,0.0,0.0,0.0,0.0,0.0,0.0,0.0,0.0,0.0,0.0,0.0,0.0,0.0,0.0,0.0,0.0,0.0,0.0,0.0,0.0,0.0,0.0,0.0,0.0,0.4944676531666773,0.10832282199948964,0.02942960637610322,1.268515274450322,75.66213101580252,0.6774489358116164,1.0264458615719783,108.0944245227729,2.5743860194330956,3.075692999194132,2.8464160105439547,1.3593703944099924,1.5737817119501072,2.3647960886191868,1.9752682567407893,0.5971574101361584,14.30309781178833,4.316271033514748,9.33386733484419,17.831525266286153,866.5776934212918,867.8872546334896,13.006154402928328,4.139577845606792,829.0764167623202,775.039820476657,3.859665754873391,811.4428790128295,4.51497411418039,834.1268412059144,0.9410269336522106,0.9249285514561052,0.9285293974189699,0.8990210630758178,0.9418093802830754,0.915707227308264,0.9533107112920334,0.9147569333574204,0.9889341028923582,1.647983253613262,1.474884608420254,1.6504684523201902,1.5257446497674927,1.4373217513325223,1.5944241940913955,1.7264002607126159,1.9732114910537746,1.8934768022306905,1.7993493128495128,1.037020132852216,0.9626540199503069,1.59054276031896
53,0.0,0.0,0.0,0.0,0.0,0.0,0.0,0.0,0.0,0.0,0.0,0.0,0.0,0.0,0.0,0.0,0.0,1.1781346854864256,1.7547195367045068,0.9407588042767703,0.0,0.0,0.0,0.0,0.0,0.0,0.0,0.0,0.0,0.0,0.0,0.0,0.0,0.0,0.0,0.0,0.0,0.0,0.0,0.0,0.0,0.0,0.0,0.0,0.0,0.0,0.0,0.0,0.0,0.0,0.0,0.0,0.0,0.0,0.0,0.0,0.0,0.0,0.0,0.0,0.0,0.0,0.0,0.0,0.0,0.0,0.0,0.0,0.0,0.5179390943104705,0.12280389758574245,0.015189865646103444,0.9894340710251641,2.601579242081698,0.6249670215453812,1.0883316530501548,3.485027731549053,2.532916447613294,2.9988983115086967,2.7811792590753157,1.4005975141303266,1.5693366221952334,2.727435219716426,2.267352401817594,0.5811963959339664,13.078396766053334,4.1678824778332295,9.054253588947693,15.803213049371251,212.97960225815768,212.35552035878936,11.701334640324255,3.4297803467260626,217.8309008654578,217.94720487593258,4.261573918772267,212.95953192489105,4.753857885564796,217.85901136732718,0.9435728021353498,0.9288869893152878,0.9322193192201667,0.9019967030252616,0.9425267163986888,0.9137322488085431,0.957835658949989,0.9195074193770765,0.5773320083708313,0.9894439137962507,0.913266932938555,1.0017043925911935,0.9517741744073867,0.9164804858428894,0.9747993577414746,0.8982702162399221,1.0339953859443796,1.0374384302603232,1.0004537788663725,0.725903681107082,0.5040658116483172,0.9363968529641777
54,0.0,0.0,0.0,0.0,0.0,0.0,0.0,0.0,0.0,0.0,0.0,0.0,0.0,0.0,0.0,0.0,0.0,1.263356657910701,1.8396535238679403,0.886444448110681,0.0,0.0,0.0,0.0,0.0,0.0,0.0,0.0,0.0,0.0,0.0,0.0,0.0,0.0,0.0,0.0,0.0,0.0,0.0,0.0,0.0,0.0,0.0,0.0,0.0,0.0,0.0,0.0,0.0,0.0,0.0,0.0,0.0,0.0,0.0,0.0,0.0,0.0,0.0,0.0,0.0,0.0,0.0,0.0,0.0,0.0,0.0,0.0,0.0,0.5385419945276341,0.13211778160973314,0.01066770326360252,0.893638678375138,2.4933168653715256,0.657578417914347,1.208343715109686,3.3434604668582324,2.535102098751432,2.9907995654575643,2.7770148516737265,1.4406861794922254,1.6097405989647537,1.5414998801097681,1.4623291942338161,0.5872445576491787,2.570713055048447,2.0463091071909814,2.483016646078461,2.609084427615336,2.836508312568185,2.8232064238545718,2.54278584361316,1.6921308227084149,2.9532659046381013,2.9511329892593494,2.176185796321006,2.90378219615377,2.1877430730622276,2.9487380950449733,0.49158466000699264,0.4818696295023983,0.48610289585849387,0.48413102858564017,0.49436755955649403,0.4871785533685582,0.5043493701550688,0.4945997029801106,0.4960087845894918,0.9007654665508369,0.8111575818060075,0.9078430927212935,0.8774611972860349,0.8213307092062028,0.8917175791500469,0.8246946127817445,0.9744067424877443,0.9696595743765357,0.9356026263031616,0.6855437306776828,0.4483542858029743,0.8808486273676639
55,0.0,0.0,0.0,0.0,0.0,0.0,0.0,0.0,0.0,0.0,0.0,0.0,0.0,0.0,0.0,0.0,0.0,1.4225906847450593,1.5134261301975798,0.8850641736110543,0.0,0.0,0.0,0.0,0.0,0.0,0.0,0.0,0.0,0.0,0.0,0.0,0.0,0.0,0.0,0.0,0.0,0.0,0.0,0.0,0.0,0.0,0.0,0.0,0.0,0.0,0.0,0.04604640899864377,0.4194257655672118,0.07169126718295661,0.0,0.0,0.022450012374354823,0.10842646883019219,0.007831845431553259,0.528067057729871,0.44128301329571484,0.5546753121067496,0.0,0.13061185809647535,0.09209370522089892,0.10023568650655318,0.6717223564768071,0.7092005371939316,0.25501773056889987,0.7008344803473592,0.1149423180411176,0.7181218921600223,0.3855365257503909,0.5395185013100501,0.1364033229486476,0.011658397403228932,0.7373342751020835,1.7089286039495164,0.6412277669732239,1.1303771342740316,2.3176341351354495,1.9232710811592462,2.1382769815868983,2.0193140201529474,1.2774023509177947,1.3955681124941068,0.880587530306002,0.9180416447128428,0.5553398089389354,1.363954649564839,1.2366585629047346,1.3487123882683,1.3707852305136825,1.4312104543641908,1.4341781415860169,1.3582892804569298,1.0022614187597907,1.4878914210494258,1.470255978869318,1.3031145937194761,1.4560290551162325,1.2665902632041277,1.482620265596779,0.8581057647261332,0.842902982582018,0.8499424020628794,0.8238120953361694,0.8509348141879656,0.8167799912106446,0.8715679034012283,0.836779376019873,0.5021707536075724,0.8965131539300728,0.7981460189524299,0.9067431884106725,0.8826957839535581,0.7958452650913097,0.8916023038806742,0.8374113964088821,0.9728068304963955,0.9680017964872647,0.9333726946267191,0.6865070686231838,0.47494121303225256,0.8719816875308064
56,0.0,0.0,0.0,0.0,0.0,0.0,0.0,0.0,0.0,0.0,0.0,0.0,0.0,0.0,0.0,0.0,0.0,0.9504294534635349,0.9722001169806402,0.8878563602243705,0.0,0.0,0.0,0.0,0.0,0.0,0.0,0.0,0.0,0.0,0.0,0.0,0.32177516914737225,0.11173740538970742,0.03738817099370706,0.02238667392751803,0.07984653185041518,0.024825334795163457,0.016474322954129834,0.012615041960715624,0.0,0.020321456871781277,0.027663868402042113,0.47450366973790536,0.10837524876760884,0.7463921899772004,0.0,0.3907593360968544,0.42501740032457747,0.3104076506464124,0.06693865450749091,0.24380718016792602,0.21296201330042752,0.5640434553230551,0.29819138016109203,0.8268560964806753,0.799152770228913,0.8602536459466901,0.10141636826927264,0.32344200402103196,0.3616455409835475,0.5961750063942688,0.9386868789377516,0.9452909503271485,0.3619699769533371,0.829743286233203,0.34327778397081654,0.9264343813824816,0.8407287965763883,0.48919219140582504,0.13048412468473036,0.009578223320061184,0.5530783319217912,0.8618343922776148,0.5576125236493243,0.8390513256041574,1.2043567226573941,1.1065325091190736,1.1429341395702863,1.0992475633597962,0.88188493589089,0.9450487592961725,0.884197648440022,0.917005927759778,0.5908515397703351,1.342163484211774,1.2314583302657116,1.3259561129687114,1.3473637359861854,1.4050949672528077,1.4092042695556302,1.336510882435654,0.8910020060390016,1.4842873482120922,1.4668616509043204,1.299260208039053,1.452943268144736,1.248695752002373,1.4804821432335302,0.9675211368903547,0.9565069051059254,0.9638985520941787,0.9339745506189949,0.962759228878312,0.905352001475908,0.9808359229509733,0.9465889127555052,0.5586984050145816,0.8852362046917435,0.8121419864544066,0.9208848213476557,0.8923881244354277,0.7635873858288438,0.8970709323311183,0.7978308750598337,0.971884725057123,0.977350279666723,0.9373273775508277,0.7014495683588868,0.4482873986102298,0.8616752425606569
57,0.0,0.0,0.0,0.0,0.0,0.0,0.0,0.0,0.0,0.0,0.0,0.0,0.0,0.0,0.0,0.0,0.0,0.8635582029389721,0.9254678128846026,0.833101779666741,0.011138528673021232,0.006944035790905551,0.0,0.0,0.00587391526944866,0.0,0.0,0.4100277649513373,0.09274123229764121,0.30087507763853516,0.007257626532594145,0.03989528856252791,0.323064011940005,0.2955751097720505,0.2567369554655158,0.2499707640673065,0.2934757600140633,0.1146296789401614,0.08391226907450419,0.22262137237970053,0.014101341280300408,0.18115799254716342,0.30894776150423797,1.0273444426406817,0.3819808133536531,0.5231052809594985,0.087841521866679,0.5662346679699528,0.5870198835327756,0.4521438123008803,0.1915265221298157,0.5036664946084612,0.3968316455396794,0.8703758020783496,0.5457058644991966,0.8630698436879776,0.8391102050582742,0.8939670452957955,0.22585184151923876,0.3600556505602208,0.38682444384253856,0.6282397940545854,0.9865806754055555,0.9905930275802959,0.3962446987651287,0.9258383946881175,0.40757515872950467,0.9448856000199726,0.9090560270707169,0.4952265779669828,0.12472521759016267,0.006487232264534421,0.5032162539573627,0.8211021088227426,0.5655516070861051,0.8111435097803779,1.1294524592667585,1.054948370362716,1.0783052478657282,1.0407692169519436,0.8512263584904689,0.9164430019792436,0.8854406329119229,0.9128606680835931,0.6026288619818081,1.3754122335948509,1.2684269841535585,1.353803287682215,1.3749797848482075,1.4425345458294032,1.4456623290025163,1.3663554223350154,0.8279409636400086,1.5223201172339031,1.5013542490860345,1.3257493260009472,1.4919950781331863,1.2403291205092861,1.519566117960494,1.3588773475185008,1.3339650477209943,1.3459006246266654,1.2761863657940253,1.3349342326528415,1.14601330111838,1.3689727908567875,1.2878590141748845,0.3753307964352359,0.8494348283690094,0.5532362510248658,0.9239027240028364,0.8851098850976378,0.668359851797117,0.8972007088119724,0.7599910002861368,0.9497364597439812,0.9838466035722391,0.923010727569741,0.627897137791787,0.3932763398003276,0.8164154836247937
58,0.0,0.0,0.0,0.0,0.0,0.0,0.0,0.0,0.0,0.0,0.0,0.0,0.0,0.0,0.0,0.0,0.0,0.8537332154814834,0.8863822190245436,0.8027317129233289,0.27915809888591947,0.22691597592093304,0.07388412884281396,0.11451847187523212,0.15253114418315056,0.02767649975118619,0.004728498819280747,0.4330573214247124,0.35933501106704857,0.43815317406190246,0.30459578098043594,0.3830624203369206,0.4585513331112452,0.40110322657854525,0.3949597946230736,0.376249403713687,0.3086720758285382,0.19729847932468192,0.13722117703446138,0.3071723673702619,0.0420368579172715,0.19313710914499366,0.42309595164273617,1.0818183398789092,0.4428934237963842,0.5711981518979883,0.28640979832299496,0.5685968116422302,0.5387856039887993,0.427225617909075,0.2728053541411858,0.4951682444143617,0.4184972439172445,0.805282410594149,0.5156402439951737,0.8499051935776603,0.8342430435728296,0.8870789683330429,0.23158266471805466,0.37137826545631825,0.37238948875586164,0.6354173943126504,0.9714479861535636,0.9774122777900303,0.3941327866877504,0.90536668445991,0.39578514075000015,0.93420159111567,0.8898060258652709,0.4962725205230809,0.1121401633370604,0.007721802349722744,0.4735056957265176,0.7838447188546525,0.5696582237101078,0.7797912611376088,1.0749385860617622,1.1223846020543888,1.1516008894864171,1.109041194226812,0.8923604037046586,0.9626809440242301,1.2330806664504053,1.0844589565885459,0.6584038639473784,1.3553334502990104,1.1723246585107834,1.3050978062790914,1.3519299186790121,1.4305642790350248,1.4356312732415972,1.336712812654369,0.5989691857900832,1.5149609187355964,1.4843238034063688,1.192769670231221,1.4866181824472733,0.9862625124634374,1.514073242811719,1.2342213588308368,1.1865713892398162,1.2151458774987987,1.1362817122727868,1.2213506727135979,1.0414898310416207,1.2302298679705927,1.143068876410096,0.3646510232344795,0.7696782343454371,0.3291801481658668,0.9061758358174643,0.8596055428106819,0.6359195051894067,0.893718080620193,0.708106190811991,0.9676425844721805,0.9829949514184229,0.9119213552057079,0.4241866017047481,0.38533627515549984,0.7626030468976546
59,0.0,0.0,0.0,0.0,0.0,0.0,0.0,0.0,0.0,0.0,0.0,0.0,0.0,0.0,0.0,0.0,0.0,0.9135923690786285,1.005656019800635,0.7637049639542388,0.39218283002134413,0.4165841913163981,0.2556060296401006,0.28972060562055635,0.2958777831877447,0.22131623512495174,0.05737330322510943,0.531891034625005,0.45956481212413536,0.49809268842829724,0.5037799880299247,0.5380332983429401,0.4860867512325058,0.4291827556168277,0.41777826084103653,0.37743837025914684,0.34086878439429225,0.2766325987385375,0.1767789348297062,0.21178525089577238,0.05557277928956912,0.17792805519527377,0.4500380091680065,1.0413233373049735,0.4799245461855026,0.5869778026499262,0.35731241365260225,0.5499519235335253,0.5408263936551521,0.42140620142617724,0.31869274597295927,0.5077823670488484,0.41710097327229834,0.811404527007201,0.5110047853891779,0.8545379193140601,0.8376444983555817,0.8934066739521729,0.2691849987400877,0.35907504577341287,0.3775102040634719,0.636331271003435,0.9563283250507038,0.9620336264761757,0.3777119012366055,0.8752263933042741,0.3804334197122232,0.9263199007637937,0.8694782065462308,0.4941005094884914,0.1007392260924219,0.007931498884051372,0.5012688773511977,0.9257060353825182,0.6655572478508331,0.8694680076622623,1.264315802800411,1.3262996572079189,1.3872154219704385,1.3303452616088194,1.0002822151376054,1.0830343839187933,1.2392017815227518,1.0232723254238083,0.5859180602234668,1.3096609042386262,0.9983163364340708,1.239771476463325,1.3227666124874098,1.401770282027428,1.4061179410346085,1.2874780185674801,0.3196605431042117,1.489673125970512,1.455009606801923,0.9044311077831773,1.4692526730068494,0.35544007159913354,1.4978654517763061,1.2313772719880944,1.188426568630348,1.2152080739560915,1.082360145712153,1.1974215050812802,1.0278836777997507,1.2204655102541437,1.1328998807041568,0.21971623260289785,0.7623209199873129,0.08842086072814533,0.923904994855306,0.8739759500650308,0.6616484201321007,0.9059565270172456,0.7110238854860009,0.9567030879744678,0.9849155069590658,0.9129851864776306,0.36180765404090987,0.3973272533128007,0.7110724868545746
60,0.0,0.0,0.0,0.0,0.0,0.0,0.0,0.0,0.0,0.0,0.0,0.0,0.0,0.0,0.0,0.0,0.0,0.9552785608484227,1.0215353736252002,0.8066161420082687,0.4006377438552935,0.43560828365577553,0.38078882503171996,0.30435652190912543,0.30281423966974996,0.30625721643844417,0.10234555063360412,0.49578669900802197,0.4727626029253291,0.4649542317144135,0.49867107105494934,0.5107977361404794,0.42773338200640865,0.3832114498662902,0.37638248842926236,0.2960996652040859,0.3344253968578077,0.3183893706413483,0.1888163590917344,0.17231666084169955,0.10281146278948178,0.18708414413690344,0.38410086890093753,0.8924836042942594,0.4156551753801243,0.47061361270971247,0.3421161725438888,0.44210693597865003,0.4392782211507438,0.3338996932418814,0.28768411907023506,0.4273455073686665,0.3414634130335332,0.6728453785185682,0.42863455148130125,0.8601936046752581,0.8287949882460133,0.8989163091968155,0.31506672459829677,0.33153544011392366,0.3870076909523892,0.6355018675821764,0.9573878211956277,0.9639837420835136,0.3646342251960575,0.8722856768260954,0.36358353179831226,0.9270407976586021,0.8667775536709756,0.46395419609318356,0.0737275166612638,0.004400362222278715,0.4990173132665834,0.977084220122606,0.7043979719098048,0.9046458513856783,1.2933369986349135,1.3181472538328247,1.4079903366499025,1.3498353206891949,0.973312068173243,1.0445471456646223,1.1739903085435799,0.980430397912718,0.6896262964004887,1.0405260319643475,0.856448075291838,1.0033120717266186,1.0543230220004247,1.1102651273249649,1.1129882992099738,1.0299961489785705,0.12982667148007498,1.3105770056208712,1.2720234617390815,0.668503591259695,1.2993545873614494,0.40949787364575785,1.3238686792028602,0.9871021989783912,0.9536475899881225,0.9780762371719902,0.8980782401401353,0.9527810683464928,0.8594534487509069,0.9787241534959321,0.9341591706758301,0.0,0.8199303403799245,0.0,0.9323186708296092,0.8889605943492533,0.7005667742020858,0.9141227027655106,0.659838914023748,0.9520036146060704,0.9884219452461451,0.9096798190996704,0.4215949065194564,0.3726218714950802,0.6702658001955242
61,0.0,0.0,0.0,0.0,0.0,0.0,0.0,0.0,0.0,0.0,0.0,0.0,0.0,0.0,0.0,0.0,0.0,0.9041610253285621,0.9873965209873186,0.8324671968126349,0.3811266482817386,0.4142954980519993,0.3818806452417327,0.29288072151261535,0.28413557101687903,0.2977292148298609,0.12952456966848044,0.5059417064621812,0.4862688475872914,0.47349689266359185,0.5063810602249346,0.49785564281239436,0.45167576090898365,0.39559182260451387,0.3964175220289068,0.29978641201378897,0.3452052110775574,0.30942176775219443,0.18546660734293197,0.1983893828999464,0.1554644302419861,0.19522534918175583,0.40573103565416613,0.885711913151475,0.4368891712965195,0.4858132872832357,0.3565094345583446,0.44734399778853806,0.4406523425714113,0.3469093245076813,0.2590814455005267,0.41654525692012445,0.34900321547873325,0.6684632256762022,0.4217476852623796,0.8561888131327322,0.8407915750621502,0.8972472606963464,0.3016363389854021,0.3483313168115192,0.37900597013095005,0.6378817265113685,0.9720834530472224,0.9798230241854853,0.4041709559401703,0.9196104499276174,0.3956649426371621,0.9328577444403443,0.8878929677918475,0.3997984481754645,0.03717471738162079,0.0,0.4702070599244743,0.9492782713957695,0.6729681489256263,0.8558065588007229,1.2353096877341159,1.2741593133911557,1.3490460364376418,1.298307533492057,0.9024347836620641,0.9672176102054331,1.1782525042635825,1.0026328773871018,0.8361423699105739,0.9909888307767432,0.8420762009383504,0.9707086194060572,1.008742532326412,1.0626386562071275,1.0677317035297165,0.9847633755723404,0.04493589720467039,1.3055550239751028,1.2871222259445858,0.6470897481860545,1.2919742906669853,0.5757119263291313,1.3158652840502327,0.9802650673109383,0.9465912298401236,0.9701173579087481,0.9030263685716537,0.9298040760689616,0.850318739784691,0.9687562848534981,0.9277826395314133,0.0,0.8341154204396766,0.0,0.9261498608019494,0.8965154537951214,0.7232554061306127,0.9111412836817756,0.5934387799291896,0.9422162175777942,0.9882519242953833,0.899462020462332,0.5146754448026627,0.33722811433598654,0.6328662267046146
62,0.0,0.0,0.0,0.0,0.0,0.0,0.0,0.0,0.0,0.0,0.0,0.0,0.0,0.0,0.0,0.0,0.0,0.9004011560954077,0.9389969886856173,0.8278193544627612,0.3905542112587952,0.42042873430363104,0.353963103365744,0.2902657709941734,0.27265702258200786,0.28893725601040166,0.15604331806328486,0.5263155739594367,0.5083996689669079,0.49265459254885613,0.5162775356786402,0.49859242542494986,0.43506334510311717,0.3844856271273427,0.3753298179892304,0.3052963523510219,0.3474872609638575,0.2916958525053658,0.14813883128739275,0.1869867618320314,0.15129416775123364,0.18123181988219011,0.41164250243400335,0.912604359305794,0.43973277628337737,0.48310433603910496,0.36190983372501595,0.4006408846669034,0.41238351618812885,0.34601469594991574,0.2288004565112703,0.3978773038813199,0.3487146949741686,0.6943111461248321,0.4037348734633337,0.8425115762698443,0.8373285482831783,0.8896676349677985,0.25656248853689056,0.3487423747085652,0.37077394501309513,0.6296561584021392,0.9777165116184108,0.9847516590982117,0.4094508909256289,0.9375566155968258,0.39269816970134785,0.934621533398424,0.9080697832238602,0.389947831045968,0.036905696170788066,0.0,0.46748201891752506,0.980998700598775,0.641282853260696,0.8478681029499082,1.2595487752041663,1.3160486550193085,1.3746409316044037,1.3233649116251485,0.8913579167215695,0.961546644477044,1.1238779139021062,1.0217636796364733,0.9438047254915798,0.9862563454071065,0.8590391997166513,0.9776914877454566,1.003444117841724,1.0610343121152255,1.0652471712674014,0.9802982319689253,0.025621791555466497,1.3083551274648926,1.267753290359451,0.66979551914222,1.2914250606845599,0.7424091498108383,1.3148592753568664,0.963273776218557,0.9315392645798966,0.953761943106656,0.8968593537554952,0.9054405971688908,0.8379941325361191,0.9497888500993668,0.9156200520607491,0.0,0.8575834880319526,0.0,0.9156370211739571,0.897368129089017,0.7421096449404572,0.8933310182232077,0.46749611394710544,0.9128985048689024,0.9813393446097578,0.882993922464907,0.5841661690287889,0.2699561023646013,0.5501748919332563
63,0.0,0.0,0.0,0.0,0.0,0.0,0.0,0.0,0.0,0.0,0.0,0.0,0.0,0.0,0.0,0.0,0.0,0.9086783869115496,0.9533156735066477,0.8479607557554516,0.3779236886071162,0.4116661802785835,0.3543648750274073,0.2927437860038571,0.2742478497304942,0.3021823487593973,0.14910252038598143,0.5145295500042266,0.5099077673565158,0.48487700511627096,0.5093696410349167,0.48580791482538066,0.42189546571171377,0.37588161850298807,0.3689311698867801,0.3063260210179095,0.3431743738605739,0.3049346024038281,0.12544415652282892,0.17778014398327474,0.21265215386820918,0.2163259548778685,0.4038188266613938,0.9461049995501289,0.4309608552340909,0.4692197515796579,0.3724876272065314,0.3933102319052155,0.41529208116116934,0.33210484319753775,0.1728839801912282,0.3668739766405942,0.3412453411371912,0.6712723570096735,0.3997054744214519,0.831621207646748,0.8094152538159332,0.8801872744993577,0.16590992723847,0.31878535414752696,0.3696806314630958,0.6167445040314883,0.9492033211350339,0.9533684759399819,0.33130588313977327,0.8367101894436999,0.3365288384438263,0.9215911688404432,0.8472724696506138,0.39204235520536357,0.04998274498961153,0.0,0.48618015263063386,1.0077232189453298,0.637726868345811,0.8605511685725338,1.286189965561789,1.3538335691719006,1.4016918503111242,1.3467439787336843,0.877989994205667,0.949016126254755,1.2031098175430088,1.048020483711121,1.0227049213495132,0.9949691834951615,0.8785050788405009,0.9848799526905374,1.0014604740635988,1.06608075859549,1.0692175326112192,0.9814898821054214,0.027576456867385683,1.3171879789588274,1.2859789047297454,0.7173115193170498,1.298475855772267,0.8763703947723034,1.3202896574366605,0.9479288632328462,0.9169818233085607,0.9370815706533904,0.879215778530881,0.8869525904616626,0.82426083895772,0.9317841782626601,0.8994846021406993,0.0,0.8743344686836991,0.0,0.9135899848107627,0.904817286392209,0.7601995774721226,0.8968744743984942,0.3492951017713264,0.8993330346374897,0.9853742249654189,0.9056066574547845,0.6479585956008647,0.23523107632032514,0.4614862794950555
64,0.0,0.0,0.0,0.0,0.0,0.0,0.0,0.0,0.0,0.0,0.0,0.0,0.0,0.0,0.0,0.0,0.0,0.9193563447115003,0.9889604593611008,0.8333716769882837,0.4004215268984108,0.4317179789778294,0.3881711390189533,0.2917322310473981,0.292508838784835,0.32832990718669874,0.11493652619565989,0.5326409168410464,0.5380977744599811,0.5010384939058756,0.5203076251287202,0.49907196028728373,0.43901593357441016,0.38569782892092164,0.3857741736460092,0.32141305471255377,0.3397799154930874,0.40275524881905866,0.10053415799520607,0.22188079538934202,0.2872049272754039,0.2541136070536637,0.4147252444835541,0.8826027604424218,0.4451584100356678,0.4821227597494726,0.3996024839499299,0.41625923691487277,0.46973344194702804,0.35483475977799106,0.21282482276141346,0.3729092261069731,0.33439042733488433,0.6369014464016809,0.4114255472209436,0.7116266940422764,0.6970971532569337,0.7464572004282068,0.14967887352916126,0.24632057278886865,0.3667507933202945,0.5116035232487972,0.7398625133733256,0.6800275359772643,0.11994892666362325,0.6533005609351727,0.21308304942156764,0.6737109924012854,0.4517241088968168,0.3907096856806376,0.06650450191008316,0.00522279771497304,0.5129196535936101,0.9986675114666923,0.67018635947272,0.8574144995165698,1.2909315368015086,1.3672244755076761,1.4050508981027292,1.3557426795113514,0.8547974636145597,0.9110232202308146,1.1826318902185449,1.0642346412312875,1.0500033612997015,1.0032152770702822,0.8815489356389321,0.983253140004333,0.992119435812647,1.061186910039396,1.0643054526881315,0.9722609181951594,0.037258343900880564,1.3105466451161192,1.2889119984329227,0.7679717009114964,1.2905639013042673,0.9742507283812847,1.3125797131215222,0.9419545545833898,0.9137383360348394,0.9307375127082196,0.8693435102467184,0.8791310973529036,0.8353617489499428,0.9264715692122536,0.8905114204037563,0.0,0.8584952119045823,0.20597777106532483,0.9001274245792601,0.9025635990389915,0.761139975524924,0.8948763004674163,0.36891035557645135,0.9042277804339633,0.9745388026591577,0.910166472708255,0.7357938074172834,0.2708960702021228,0.4346638938273206
65,0.0,0.0,0.0,0.0,0.0,0.0,0.0,0.0,0.0,0.0,0.0,0.0,0.0,0.0,0.0,0.0,0.0,0.9291137023241172,0.9730444692193849,0.8062926747698196,0.4026915059427072,0.4261469272900973,0.4146441375082679,0.2820870656794211,0.2555073028006144,0.339711322362622,0.11080388044444661,0.5244685732177459,0.529167162921711,0.49594002895534217,0.508315261992808,0.48718199358893655,0.4256443249141739,0.3654680886483286,0.36024191784315995,0.2519951415976759,0.1880854610586939,0.2000114835968118,0.022530168360015757,0.14721992239169712,0.24341396591792175,0.12682682640972362,0.35480461007224107,0.6831592446892656,0.35103691785930624,0.4523567240594275,0.3624194579387243,0.3858070869066117,0.5119007050525397,0.2502408459470501,0.09916776861165302,0.28099273445739104,0.11443870623939514,0.3989247074220915,0.30301755215052517,0.03708486980441252,0.06474498205964939,0.0,0.10091607595581714,0.011176421131053603,0.1120803610979915,0.15143520077941577,0.0,0.0,0.0,0.0,0.0,0.0,0.0,0.39041786060152106,0.08725564310922848,0.01060405995718644,0.5548718150055191,0.9716251564873346,0.7286540750107908,0.8678571814266078,1.2911394644834218,1.3570004824117525,1.3913759786524338,1.3431569256918934,0.8384302440298961,0.860190909849889,1.0740430493679014,1.0076833084777466,1.0072639773898455,1.0159401318310444,0.9184853498340928,1.003935789446757,1.0067077070548827,1.0586771984599181,1.0629229123878758,0.99337802165984,0.11545794027293813,1.3119038370823546,1.2968322409251414,0.9016552616662818,1.2877740437106695,1.0538004346228975,1.3111628066835692,0.9271891417538427,0.8968536374741234,0.9208141123854148,0.8799320593354718,0.8768372226375369,0.8785868762371312,0.9317271575409904,0.8773631245923266,0.30258609419255933,0.884389856452799,0.5287985601249696,0.9123980720598155,0.9058747460461021,0.812192227332476,0.9075524419640715,0.3721773947141672,0.9170142800888996,0.972787881372998,0.8937270486674418,0.8377698080032214,0.30001631650728,0.37051174138063714
66,0.0,0.0,0.0,0.0,0.0,0.0,0.0,0.0,0.0,0.0,0.0,0.0,0.0,0.0,0.0,0.0,0.0,0.8769688694525568,0.9401340393661597,0.8376609917473212,0.3602956098765455,0.3883671225738863,0.39376626065841114,0.17565767197434812,0.0910874361881009,0.32742382882191845,0.10080387971739721,0.428444242272235,0.36773392581953246,0.38812386353755546,0.4330682462520641,0.36427672403638156,0.3112900653268298,0.25046166573982176,0.24844577265062306,0.017748837092438366,0.0,0.0,0.0,0.002717929568976881,0.0360616864199788,0.0,0.11065224947467117,0.10901660378364257,0.04598739815710397,0.5541775652918659,0.11360245503701144,0.011747496814549119,0.0,0.0,0.0,0.019959071936388663,0.0,0.0,0.006925175266512038,0.0,0.0,0.0,0.0,0.0,0.0,0.0,0.0,0.0,0.0,0.0,0.0,0.0,0.0,0.3766975491311636,0.09482700327571521,0.018405223096060595,0.6262430192647606,0.9382995018286238,0.7757311710094383,0.880962230054001,1.255469042014738,1.169741499240093,1.1878203392570867,1.1476113105789523,0.7644902712441701,0.7579669465696606,0.9174481162408483,0.9207230008694651,0.9293993956247135,1.0319882860290583,0.9720135623946007,1.0297275168500875,1.0229678981863017,1.0665635822660988,1.0713684726360952,1.0248166372193666,0.4840449832594077,1.3230978637584485,1.3129004192887805,1.0837250462513932,1.2935089612583397,1.157345545856625,1.3176305153610883,0.9453298096887011,0.9297436198885407,0.9431636962144694,0.9004522802548021,0.9140110347611206,0.9171833180434668,0.958914907635517,0.8965851441872861,0.35870438439994246,0.8994813999581908,0.5808447918299073,0.9214005293638365,0.9184592064999322,0.8399107824958296,0.9070370779915891,0.3488989017748967,0.9045046751283543,0.9777955116308235,0.9043710114689283,0.8713286279920949,0.28286101675017705,0.3241747910253482
67,0.0,0.0,0.0,0.0,0.0,0.0,0.0,0.0,0.0,0.0,0.0,0.0,0.0,0.0,0.0,0.0,0.0,0.8703459038873,0.8628116158888428,0.8773341866978273,0.3168433850868464,0.30027150988947393,0.2104856752816131,0.018131475712787903,0.0,0.18447263270595737,0.02881215536691322,0.37914509048550826,0.025550631219328122,0.198697975701142,0.23289746195152528,0.1005389919427491,0.39516447532932375,0.013222865195935674,0.021577758878281773,0.0,0.0,0.0,0.0,0.0,0.0,0.0,0.0,0.0,0.0,0.0,0.0,0.0,0.0,0.0,0.0,0.0,0.0,0.0,0.0,0.0,0.0,0.0,0.0,0.0,0.0,0.0,0.0,0.0,0.0,0.0,0.0,0.0,0.0,0.3994221116265616,0.12575645325639834,0.027673458923805714,0.6804444687172255,0.8937053001245658,0.8099321933061856,0.8726646534164484,1.1875378895929316,1.1021076599139406,1.1116367908507243,1.0701979500143821,0.7661143222249192,0.7838236003529517,0.8532299155958754,0.9116010969466224,0.9306986841617642,1.0256781264378318,0.9867455278735928,1.0295075592911118,1.0209898929826302,1.0568969247688074,1.0597384066641098,1.0236285212334906,0.7996261376352587,1.3197123495992855,1.3008521040646883,1.1548418601504675,1.2833610009110998,1.207139702121104,1.3080553415929899,0.9472247284393234,0.921769641665378,0.9452866752399132,0.9007876268138766,0.9225520495691413,0.9227133678773711,0.9664846056548413,0.8899713190835801,0.4589793849037562,0.9077674445361623,0.6283971835492919,0.9072871692342659,0.90181157401571,0.8413943462961448,0.8969037539291094,0.3789672773596593,0.8846063537245001,0.9708921025491684,0.8658715816195981,0.8801424922045724,0.2024971034921007,0.31789384572359075
68,0.0,0.0,0.0,0.0,0.0,0.0,0.0,0.0,0.0,0.0,0.0,0.0,0.0,0.0,0.0,0.0,0.0,0.8988729034556906,0.8717698095786957,0.903631821004474,0.025994561084408202,0.011126261356623547,0.006660079080408343,0.0,0.0,0.0,0.0,0.0,0.0,0.0,0.0,0.0,0.0,0.0,0.0,0.0,0.0,0.0,0.0,0.0,0.0,0.0,0.0,0.0,0.0,0.0,0.0,0.0,0.0,0.0,0.0,0.0,0.0,0.0,0.0,0.0,0.0,0.0,0.0,0.0,0.0,0.0,0.0,0.0,0.0,0.0,0.0,0.0,0.0,0.46322654128256324,0.16626893063251943,0.034098251484261,0.7019333911930441,0.8510826518854628,0.8277548705996112,0.8667721952512886,1.1275738337426446,1.049791593601526,1.0569556203475088,1.0168191521917294,0.7780959158418272,0.7719298602025368,0.8695968466854538,0.9306636312817087,0.9676059072945167,1.0625880061759645,1.0277407993895675,1.0660517020204985,1.0590431164183407,1.0965715654892847,1.0948579563118983,1.061914598710871,1.3878560631747403,2.078997287149832,2.06718773153807,1.7333327448920102,2.011437812296208,1.86859326613369,2.048648821262759,0.9726363085410412,0.95350718494592,0.9706012352107791,0.921780193886697,0.9535397482907939,0.9456785484621442,0.9791036018850718,0.9059882086660664,0.5770063065564841,0.9918572811788522,0.6820999247675292,0.9801874217368152,0.9761205800870556,0.9035833660421755,0.97293406307179,0.3973102993544102,0.8763727506874943,0.9883827203343607,0.8337455130463178,0.9035388650058831,0.0796457159267681,0.4021268845528815
69,0.0,0.0,0.0,0.0,0.0,0.0,0.0,0.0,0.0,0.0,0.0,0.0,0.0,0.0,0.0,0.0,0.0,0.9141783975926723,0.9680176414013575,1.4074951533320377,0.0,0.0,0.0,0.0,0.0,0.0,0.0,0.0,0.0,0.0,0.0,0.0,0.0,0.0,0.0,0.0,0.0,0.0,0.0,0.0,0.0,0.0,0.0,0.0,0.0,0.0,0.0,0.0,0.0,0.0,0.0,0.0,0.0,0.0,0.0,0.0,0.0,0.0,0.0,0.0,0.0,0.0,0.0,0.0,0.0,0.0,0.0,0.0,0.0,0.4979699548898736,0.18545202126851157,0.025477298293424766,0.744636776637869,0.9294092576760704,0.8822551480761986,0.942941841200438,1.2058668218305684,1.114629638961091,1.11612805715923,1.081301979144456,0.826966669087601,0.7740823368696872,1.6598180748187588,1.588363790599109,1.5461401636478929,1.8286711670536633,1.6756014455042436,1.8026479377286186,1.8243999257755306,1.9394618577789515,1.93003807302739,1.8172881867556754,1.6810010337112224,2.2763772384496406,2.2633522978958354,1.8929629555497147,2.2030898432713,2.047447777143624,2.237813395127887,1.724651834996621,1.7009211074746418,1.7230985977003002,1.552252212907625,1.6767934717162234,1.6070195515629067,1.7330747594169225,1.4970610768744894,0.9148826195128095,1.7049336416514222,1.2592465614922528,1.7160852591465101,1.7071348161985043,1.4877979803819734,1.6997985062048144,0.519597604012175,1.404043692059295,1.6281064244281076,1.088027137963655,1.410392362308281,0.1139930854488517,0.665776963380472
70,0.0,0.0,0.0,0.0,0.0,0.0,0.0,0.0,0.0,0.0,0.0,0.0,0.0,0.0,0.0,0.0,0.0,0.927768749212122,0.9698868013678901,1.450927978809216,0.0,0.0,0.0,0.0,0.0,0.0,0.0,0.0,0.0,0.0,0.0,0.0,0.0,0.0,0.0,0.0,0.0,0.0,0.0,0.0,0.0,0.0,0.0,0.0,0.0,0.0,0.0,0.0,0.0,0.0,0.0,0.0,0.0,0.0,0.0,0.0,0.0,0.0,0.0,0.0,0.0,0.0,0.0,0.0,0.0,0.0,0.0,0.0,0.0,0.5062166627768091,0.1730341434749516,0.014487667103393546,0.7501765646911407,0.941199819252688,0.8918008669194406,0.9622728086072336,1.2114037489009206,1.1043875786890105,1.0983536138904952,1.0731374433266865,0.8308980140539561,0.7530877665931968,1.5576236138549575,1.5267224615873864,1.5216616284561102,1.8200434179745528,1.663039053376238,1.7974207344532083,1.8225035876038334,1.9295582798222313,1.9222413696916192,1.8038963860328927,1.7409870414759947,2.264862445903418,2.268452938471455,1.9072181956689551,2.176147665712051,2.051356842463427,2.224890721437987,1.7707994583088293,1.7478771884689195,1.7719059868395561,1.5660523945158253,1.7098239597033,1.6110898041141262,1.7970045617121286,1.502427635105418,0.9448201163162935,1.7121275095763622,1.4089418921008736,1.7166199037665422,1.705527251905977,1.4793528134922056,1.7013723347041605,0.6081325040477743,1.472902441734261,1.6706363896231835,0.9064077565250828,1.466230249547742,0.18393320805814406,0.9007848378128
71,0.0,0.0,0.0,0.0,0.0,0.0,0.0,0.0,0.0,0.0,0.0,0.0,0.0,0.0,0.0,0.0,0.0,0.9276762380709105,1.007800313347671,1.4180671107484315,0.0,0.0,0.0,0.0,0.0,0.0,0.0,0.0,0.0,0.0,0.0,0.0,0.0,0.0,0.0,0.0,0.0,0.0,0.0,0.0,0.0,0.0,0.0,0.0,0.0,0.0,0.0,0.0,0.0,0.0,0.0,0.0,0.0,0.0,0.0,0.0,0.0,0.0,0.0,0.0,0.0,0.0,0.0,0.0,0.0,0.0,0.0,0.0,0.0,0.5194422804242964,0.1657677713542984,0.012019409690461644,0.7809495042122196,0.992802626331013,0.9332366289873866,1.0089869976179644,1.2711439597187564,1.1048532391742611,1.1009746266667122,1.075075092585692,0.8309431954874551,0.7377472473611708,1.6217941805734881,1.6267604493225267,1.5796701679762482,1.8160411354095558,1.645275968955934,1.79510619270512,1.8243510107219905,1.926341519363632,1.9214328969319467,1.7937539532157452,1.6803338098156093,2.0859633349391515,2.086107703977177,1.7937504489575584,2.01793981337687,1.909334670288093,2.054447483373224,1.7720482954973704,1.7505355461034924,1.7738273145223502,1.5602561286231822,1.7132449076027214,1.5653590470349918,1.789320028313341,1.479784614056138,1.0580701228525982,1.7488900865459414,1.5709340299027232,1.7471175292959487,1.7376806041043835,1.4945514494658028,1.732045622575086,0.7896173526973302,1.51212155384974,1.6578499926658985,0.7456635390256248,1.4833648995967152,0.19687628603204116,1.0881878508591503
72,0.0,0.0,0.0,0.0,0.0,0.0,0.0,0.0,0.0,0.0,0.0,0.0,0.0,0.0,0.0,0.0,0.0,0.9707194106640866,1.0386440255169402,1.4247365799580498,0.0,0.0,0.0,0.0,0.0,0.0,0.0,0.0,0.0,0.0,0.0,0.0,0.0,0.0,0.0,0.0,0.0,0.0,0.0,0.0,0.0,0.0,0.0,0.0,0.0,0.0,0.0,0.0,0.0,0.0,0.0,0.0,0.0,0.0,0.0,0.0,0.0,0.0,0.0,0.0,0.0,0.0,0.0,0.0,0.0,0.0,0.0,0.0,0.0,0.5384863695691223,0.1578394227189464,0.0097982686079834,0.8003504838354121,1.0471808909469473,0.9700649390538922,1.0463369306339105,1.327450488737668,1.1331685029454697,1.1427972520099559,1.1009324694931628,0.8436207494699701,0.7406283881793723,1.6820856255071703,1.6549341795475687,1.6006211437031075,1.7580241284533074,1.5733000992036814,1.736363907638168,1.7687537491866934,1.8632176050523412,1.8562189880249207,1.7246794133462977,1.6475520532397603,1.9696350813755998,1.9528127045668953,1.7177277689834334,1.9227995409455616,1.8141286900012616,1.9395197957128403,1.776119336791453,1.7563600906505599,1.7784156729176175,1.54190975831367,1.7194437914643856,1.5143402184352386,1.7872069761178864,1.465358019048888,1.0013952499445509,1.842549643680826,1.5686220272708198,1.8366400112339107,1.8296500945461105,1.564981135130541,1.818231550859366,0.9296822020111701,1.6039496278234893,1.6483095215738501,0.7918962408334196,1.501006027578601,0.27964634574448344,1.258983742746409
73,0.0,0.0,0.0,0.0,0.0,0.0,0.0,0.0,0.0,0.0,0.0,0.0,0.0,0.0,0.0,0.0,0.0,1.396302565611192,1.4340824969394097,1.4331830174345388,0.0,0.0,0.0,0.0,0.0,0.0,0.0,0.0,0.0,0.0,0.0,0.0,0.0,0.0,0.0,0.0,0.0,0.0,0.0,0.0,0.0,0.0,0.0,0.0,0.0,0.0,0.0,0.0,0.0,0.0,0.0,0.0,0.0,0.0,0.0,0.0,0.0,0.0,0.0,0.0,0.0,0.0,0.0,0.0,0.0,0.0,0.0,0.0,0.0,0.6116828854376717,0.15680742363052289,0.010424650057112055,0.9777779663671244,1.70893300782609,1.266602787077519,1.3756947131995236,2.1130348907900043,1.7514396821545795,1.8118626551092945,1.7016551963682431,1.103179338746279,0.9042101339997808,1.5877770762708678,1.6029894825567101,1.5458816056911306,1.7551500819142518,1.517905164460359,1.7345433399553762,1.7736494992042893,1.8638381916098297,1.862206752950442,1.7026813552121354,1.576061833351515,1.8019454735913314,1.7929383116497775,1.5925089292286057,1.7644292842014693,1.6637137131957793,1.7713844198078732,1.7650086769863265,1.7455817433692573,1.7685168803509441,1.4958661289128852,1.7067916510428205,1.4190211138490358,1.7689296405815185,1.4405478771849527,1.073227907203659,1.8305622538529462,1.6342101525460748,1.8206523168049387,1.8118468922581883,1.536524022036696,1.803791520323358,1.0751199869792512,1.6709004534188203,1.5716833399862686,0.9576477112457833,1.4994858030363538,0.31266196099768806,1.3575917220506302
74,0.0,0.0,0.0,0.0,0.0,0.0,0.0,0.0,0.0,0.0,0.0,0.0,0.0,0.0,0.0,0.0,0.0,1.3963041215150422,1.4660811576403496,1.4559072602038077,0.0,0.0,0.0,0.0,0.0,0.0,0.0,0.0,0.0,0.0,0.0,0.0,0.0,0.0,0.0,0.0,0.0,0.0,0.0,0.0,0.0,0.0,0.0,0.0,0.0,0.0,0.0,0.0,0.0,0.0,0.0,0.0,0.0,0.0,0.0,0.0,0.0,0.0,0.0,0.0,0.0,0.0,0.0,0.0,0.0,0.0,0.0,0.0,0.0,0.6074983195580855,0.15293113551214738,0.007536440007329944,1.002085087689145,1.7224143747316703,1.2745995819959552,1.3537497175879736,2.1895343902288005,1.752546834635286,1.8314462697223632,1.6989303592152893,1.107424857045535,0.9170272954412748,1.1655812409117061,1.2236686422050642,1.2175868313812144,1.3292498473901482,1.1691382495746927,1.3216748831315108,1.3474428339637612,1.3957653773977654,1.4007001016288996,1.296403230620438,1.2372601986982588,1.3456206525261223,1.3405119368726446,1.2281357643730626,1.3204237973550335,1.2576063189706481,1.3227707105434092,1.4454525658184139,1.4282758910303528,1.4495163821338792,1.2399249629707043,1.4072234558133587,1.1339003581720721,1.4476313269087768,1.229182460075628,1.0570836141902191,1.7180933793419513,1.5704728251867124,1.7089535393067337,1.704109296452387,1.440206834851864,1.6938768687013521,1.2599935995730016,1.7050563359844588,1.4753026138854741,1.131888072235932,1.5046647690902812,0.3008854973767259,1.426174528821667
75,0.0,0.0,0.0,0.0,0.0,0.0,0.0,0.0,0.0,0.0,0.0,0.0,0.0,0.0,0.0,0.0,0.0,1.3609115263797529,1.8708675838398268,1.4708401565632538,0.0,0.0,0.0,0.0,0.0,0.0,0.0,0.0,0.0,0.0,0.0,0.0,0.0,0.0,0.0,0.0,0.0,0.0,0.0,0.0,0.0,0.0,0.0,0.0,0.0,0.0,0.0,0.0,0.0,0.0,0.0,0.0,0.0,0.0,0.0,0.0,0.0,0.0,0.0,0.0,0.0,0.0,0.0,0.0,0.0,0.0,0.0,0.0,0.0,0.6058636976467835,0.15274195866042287,0.006295468157593775,1.1360946264256961,2.773039956032335,1.4828326303828123,1.5720834936429973,3.4699921616265783,1.7604419005954206,1.8507432582746333,1.695724043958311,1.118257833361766,0.9004321059707256,0.9238704288873123,0.9754075356967853,0.9850004612078243,1.0482623622553078,0.9108981719524563,1.0403743197133473,1.0661339798975646,1.0933123537761276,1.1014134900760837,1.0199620254652384,0.9961226241130454,1.0477722358227766,1.0461249136897095,0.9762709507238991,1.0209648908712552,0.9905863473535916,1.0306173662829679,1.1406551314048556,1.1262525921738415,1.145427602044947,0.9875377161387702,1.1231676943805056,0.8816013501059188,1.1438765910925213,1.016538395212626,1.0398015515640964,1.7207408225207814,1.5909008605071904,1.71106603603657,1.7083754576522523,1.4195271912858658,1.694224560055119,1.2482323511076991,1.743379576249609,1.3418245919893819,1.2524074829812495,1.513585906749066,0.357178391929434,1.4796348389336416
76,0.0,0.0,0.0,0.0,0.0,0.0,0.0,0.0,0.0,0.0,0.0,0.0,0.0,0.0,0.0,0.0,0.0,1.2819918054259332,1.4576380565675935,1.4525299213427214,0.0,0.0,0.0,0.0,0.0,0.0,0.0,0.0,0.0,0.0,0.0,0.0,0.0,0.0,0.0,0.0,0.0,0.0,0.0,0.0,0.0,0.0,0.0,0.0,0.0,0.0,0.0,0.0,0.0,0.0,0.0,0.0,0.0,0.0,0.0,0.0,0.0,0.0,0.0,0.0,0.0,0.0,0.0,0.0,0.0,0.0,0.0,0.0,0.0,0.601312764994774,0.16125941589645146,0.007121894859806021,0.9731395644342915,1.696372292000433,1.1799745674019029,1.2345009778489824,2.176686655933736,1.7504712743813542,1.8429501621299664,1.6776309616824179,1.11204482822655,0.9088287095894969,0.8833066967163177,0.9488790322113712,0.9616128033181965,1.0314469102081496,0.8429330784377971,1.0168284995268824,1.054896770878024,1.083019647099718,1.0908635380474152,0.9973780161559009,0.9817496561659027,1.0327798341859307,1.0344021768905804,0.9513745980922277,1.0113703708084358,0.9765537880452051,1.022677031098283,1.1263097555129207,1.1096427968150238,1.1328967791123432,0.9337220296781146,1.110318508915931,0.8124245844217488,1.1303810484650967,1.010842896528997,0.7960905395353848,1.2056187696217933,1.1182202475527845,1.19998668190442,1.196686372327008,1.0428642905614165,1.1902633858724982,1.3275228640820362,1.754914622693775,1.1389031639519684,1.3296283567584695,1.4990355102226456,0.45165339094803136,1.4952348091912766
77,0.0,0.0,0.0,0.0,0.0,0.0,0.0,0.0,0.0,0.0,0.0,0.0,0.0,0.0,0.0,0.0,0.0,1.322087467847548,1.4501988336585656,1.313029495531966,0.0,0.0,0.0,0.0,0.0,0.0,0.0,0.0,0.0,0.0,0.0,0.0,0.0,0.0,0.0,0.0,0.0,0.0,0.0,0.0,0.0,0.0,0.0,0.0,0.0,0.0,0.0,0.0,0.0,0.0,0.0,0.0,0.0,0.0,0.0,0.0,0.0,0.0,0.0,0.0,0.0,0.0,0.0,0.0,0.0,0.0,0.0,0.0,0.0,0.6038461549458323,0.16766781515837784,0.013084461047152801,0.9110900763246446,1.6360048727769936,1.0898582034844564,1.1654912904034398,2.144107965643343,1.7378742012541153,1.836333692752902,1.6513103062028236,1.1123361998297625,0.9184640070721215,0.8340292331122328,0.8984339985122194,0.9171141137039482,0.9333079587871538,0.7349518225535157,0.9223415903745558,0.9597199144388355,0.9829521646461217,0.9898087209730875,0.8992203571865041,0.9023066588257826,0.9359776052951929,0.944032364164741,0.8679305932783308,0.9214148450409994,0.8903067226260859,0.9332701063867717,0.9846189479685563,0.9667313006775657,0.9861311175773153,0.8014318888435943,0.9687952300969442,0.7085098929096514,0.9883429533174422,0.8993178727112721,0.6721905248041367,1.0227691698655406,0.9316240318757849,1.0226118478203574,1.0169353627302655,0.9028064658500083,1.008783440250113,1.4358412484974643,1.733455672545503,0.9394329940315875,1.375497849601417,1.5166367374826937,0.6171819517316983,1.4887323326549504
78,0.0,0.0,0.0,0.0,0.0,0.0,0.0,0.0,0.0,0.0,0.0,0.0,0.0,0.0,0.0,0.0,0.0,1.2961015506621494,1.3698056723607182,0.8675284986972409,0.0,0.0,0.0,0.0,0.0,0.0,0.0,0.0,0.0,0.0,0.0,0.0,0.0,0.0,0.0,0.0,0.0,0.0,0.0,0.0,0.0,0.0,0.0,0.0,0.0,0.0,0.0,0.0,0.0,0.0,0.0,0.0,0.0,0.0,0.0,0.0,0.0,0.0,0.0,0.0,0.0,0.0,0.0,0.0,0.0,0.0,0.0,0.0,0.0,0.6068465582990923,0.16883364147018612,0.012080548218192537,0.8558733393666467,1.578027518683939,1.0023305085074143,1.093805865637243,2.110140881915868,1.6879700964377093,1.7887656269673755,1.611329758279215,1.08570589977626,0.8956582019861377,0.8332983303371293,0.8722313013130467,0.8691602735358401,0.9164845346784709,0.6694020533052254,0.8937469249022048,0.9551655409458917,0.9781594317355484,0.9850289406749653,0.8794444286106771,0.8568615724681585,0.8808083377862204,0.8931901318610471,0.8092677873131047,0.864548853616725,0.8429804425017906,0.8830608706484782,0.9512581012750161,0.9351029779918463,0.9503361563765793,0.7554560073119747,0.9384319316115537,0.7192122090072903,0.9593926041252416,0.8646624883314917,0.6008974145040611,0.9069399704291641,0.7879676742304156,0.9210721084285964,0.9200890700149955,0.8201855888229055,0.9065083407570711,0.8250040356982762,0.9524458779713214,0.5909103160927835,0.8608918360871689,0.91291862562018,0.4012656246870918,0.8896889434771378
79,0.0,0.0,0.0,0.0,0.0,0.0,0.0,0.0,0.0,0.0,0.0,0.0,0.0,0.0,0.0,0.0,0.0,0.9171640043840057,0.9633301780580208,0.8399208866338572,0.0,0.0,0.0,0.0,0.0,0.0,0.0,0.0,0.0,0.0,0.0,0.0,0.0,0.0,0.0,0.0,0.0,0.0,0.0,0.0,0.0,0.0,0.0,0.0,0.0,0.0,0.0,0.0,0.43530961208944063,0.004653965332767159,0.0,0.0,0.0352379128448964,0.02606213587622849,0.0055386980995826745,0.16107354662210718,0.1830831307840152,0.14494375492226355,0.004533249779259481,0.024579527764364364,0.14516487344639098,0.058867744883440556,0.13801729095728732,0.19442046475627664,0.13521466638183552,0.21767543217050594,0.02173832242597779,0.24488526738355976,0.09213394963453518,0.5346298718271632,0.16068536795510793,0.01429850409722102,0.6924722585929131,0.9653870817569441,0.7481588649901691,0.823934882530013,1.2993973331322195,1.1110128408174553,1.1435395549952148,1.0661428064399416,0.8349127420788922,0.7310384096083726,0.8227931916335365,0.8670397571011037,0.8431072126955703,0.7947687664088487,0.552516992950653,0.760190999494867,0.8375215453312137,0.8577771241252776,0.8605179637379479,0.7682059774010179,0.7974552793730609,0.8092922843998167,0.8297758845546923,0.7372288500057467,0.8016570674626564,0.7760506289981741,0.8187638067465741,0.9326447013900179,0.9221222353298799,0.9375868690185598,0.7078449840179735,0.9230332424233794,0.7632610794791255,0.9453458104271704,0.8408041226767624,0.5860025629179972,0.9063405248263763,0.8126216030421602,0.9183262879157965,0.9202157058283262,0.8184744987171362,0.9201948326026042,0.8378722745415637,0.9544539970013801,0.5628487603418997,0.8667600119622136,0.9041361946295128,0.38391104239940166,0.8860108320910598
80,0.0,0.0,0.0,0.0,0.0,0.0,0.0,0.0,0.0,0.0,0.0,0.0,0.0,0.0,0.0,0.0,0.0,0.8507944467824844,0.9049481333381633,0.8317221028511605,0.0,0.0,0.0,0.0,0.0,0.0,0.0,0.0,0.0,0.0,0.0,0.0,0.3058114571919077,0.10292343833545503,0.047465246744709394,0.02263979872578392,0.10110528148718445,0.185764865965373,0.09614445707046335,0.011607433681892581,0.0,0.03216691619323459,0.061630136961877996,0.6099915632738728,0.07682703791894331,0.40176288093164203,0.0,0.10593993681198807,0.44078984776569996,0.06533324332580875,0.13452887178483042,0.10395617006719818,0.24568930654673005,0.2610392283122211,0.14673552079609334,0.6356416085002095,0.6966974564758046,0.5662184321374564,0.20921269019100325,0.20103262499739044,0.3778861832993692,0.4108094355937236,0.5154373026690002,0.6931890478174219,0.30856360627865964,0.6747569696707081,0.14426259924740928,0.5828511721380254,0.43504025631166565,0.5271073589645647,0.16350149505946895,0.012831789930244393,0.6673707980556971,0.9246602841437834,0.6769343766908249,0.764019393505246,1.2515722636744613,1.0751218246744756,1.1081153151958745,1.0476133358823887,0.8213844085432349,0.7310292662010656,0.8113294304966985,0.8610676713138972,0.8111791554967,0.7825707393786256,0.48811322848183747,0.7168561253522983,0.8445177862058237,0.8681057520589093,0.8696714683173923,0.7647994833493392,0.8106671859906882,0.8165636844314577,0.843970411013288,0.7282626881286278,0.8140030729700811,0.7838445723952407,0.8312024184633628,0.9458457366326911,0.9342644361586281,0.9507342010983848,0.6822614259527398,0.9351912852171296,0.8012899091545123,0.9562631400058308,0.8430604841670926,0.5523788643439502,0.9059461607138246,0.8040286912203669,0.9155739057848535,0.9217315733593736,0.8143058942503227,0.9190413687184034,0.8348640811950307,0.9575693259676328,0.5830781832018879,0.8685150235196035,0.9035945156567173,0.385947168387176,0.9024761908286276
81,0.0,0.0,0.0,0.0,0.0,0.0,0.0,0.0,0.0,0.0,0.0,0.0,0.0,0.0,0.0,0.0,0.0,0.6838755983859091,0.8043199422283513,0.8560340532243149,0.005627353094919646,0.00394242860350447,0.0,0.0,0.0016583488886116411,0.0,0.0,0.4566021447401454,0.2021600458752975,0.2956358446596645,0.005604189436994277,0.031097770007089534,0.2798394354995253,0.2587193039585358,0.23927951875308406,0.20079832188269575,0.23814675459293166,0.3552437463762155,0.13688417549638762,0.1769513183657343,0.008935091809174373,0.1561367665802056,0.2726013584921412,0.6329319906248436,0.27135541529107465,0.3068341063826665,0.08801396714388855,0.28336328625366736,0.41871006236760877,0.12572960873171832,0.23582048070237993,0.21434643192383396,0.3273635379909068,0.4792158628018097,0.22890766264788337,0.7865273171672236,0.7976255004114048,0.7467501932298641,0.2949469606033098,0.2672930116590191,0.39538935117279905,0.5437310300924709,0.7107962360036861,0.8503226592545197,0.3219257509473863,0.7809966732494944,0.20339803107318116,0.7673790512843595,0.5529897969421758,0.5186707269694223,0.16174427229600655,0.014105980539450986,0.6407291779807482,0.8475448275064537,0.6064630154368629,0.6836154609915563,1.1297984178454499,1.0192794634992275,1.0516972004245133,1.0004212498618479,0.7940249603517588,0.7167654618027415,0.8145879268813587,0.8699661760518413,0.7772845560171491,0.8065582609582869,0.43671987254554023,0.6656316048967432,0.9014972003273023,0.9357667235053668,0.9377226023061667,0.8082414721611872,0.8798212054829406,0.8913369058072931,0.9191956385402591,0.7522601552450938,0.8971443974078284,0.8434908026714201,0.9086409416267998,0.9735838427423005,0.9607359636338515,0.9781538264142,0.6532337294188371,0.9659087274605938,0.7856494293487639,0.9744417562924355,0.8594392022367057,0.48788462127305365,0.9131587216422332,0.8307455986544312,0.9196873983718064,0.9376868664522178,0.7453535554926773,0.9136652603969537,0.8247076267210165,0.9596200729624371,0.5348174853082284,0.8395624162644522,0.8916812460282024,0.3775672167788331,0.8876463522453424
82,0.0,0.0,0.0,0.0,0.0,0.0,0.0,0.0,0.0,0.0,0.0,0.0,0.0,0.0,0.0,0.0,0.0,0.6639883142198177,0.7967511554711604,0.8386657011726761,0.2456805532645847,0.20431277791504193,0.08195632356404821,0.11218319966839255,0.08499536963800261,0.05609127237443352,0.026894536880081997,0.40439765765768243,0.42169676695791036,0.4108309126733012,0.2975097186919766,0.32570156751496526,0.3649461766908644,0.317104315727355,0.3268450350596228,0.24304862421968465,0.21464313434530258,0.39692507874177996,0.09166715098521888,0.2536572522196666,0.07578850637122156,0.1521627783957223,0.3642842678788707,0.6727742181991481,0.35136084860687733,0.39345504516677465,0.19597917362748624,0.3659576860098308,0.43274609924992546,0.19664050956385942,0.23418632107168175,0.2720114624976431,0.33388648392132425,0.5744050185365341,0.27640471714268144,0.8144547760808312,0.7977830385807518,0.7946761441301167,0.32120992263922266,0.29561278195252383,0.38787692138122143,0.6113846410026245,0.8481668693103979,0.8767769222922581,0.32943597616161124,0.8149110463548945,0.2576187744477417,0.8560666123024454,0.6279113540350154,0.5124549970394139,0.1663196784550841,0.012624217985261787,0.6454821499736849,0.8887858896962371,0.5796120315001241,0.6437822838484872,1.1779485080114682,1.0646041354499367,1.1131677705207323,1.0531082656054558,0.819385629131459,0.7417896348998259,0.856121902290397,0.9084146858898041,0.6555292801964208,0.7822218800984446,0.34191549569024327,0.3743754870547801,0.9173336991368704,0.9816022913801135,0.9827336102462141,0.8123342384589369,0.9868421122404172,1.0133418706077464,1.0410632210987387,0.6935608863731271,1.0216417785704834,0.863659658504031,1.0322482251940528,0.9795573991195852,0.9641087556701677,0.9846842761253356,0.5716977462742243,0.9706294446711041,0.6849191752796413,0.9805972739759454,0.8019232726548049,0.38782680734730945,0.8797858781613996,0.7758461083524821,0.8484517142328443,0.9060424017777962,0.5113052782029712,0.8959012379550089,0.8064218579433149,0.94674131190515,0.522180678099615,0.7736765843694235,0.8441485622882023,0.42116580683059635,0.8646376362670507
83,0.0,0.0,0.0,0.0,0.0,0.0,0.0,0.0,0.0,0.0,0.0,0.0,0.0,0.0,0.0,0.0,0.0,0.6101193026952152,0.8199799712882974,0.8118598345197885,0.35838634482128784,0.4061610919532068,0.3125721409165665,0.29044380301187467,0.20500527031768673,0.3076954087615822,0.23810011546600196,0.42971043034049217,0.41198518078093826,0.41851437927575397,0.4215736356368609,0.387307113353367,0.3603507148800418,0.32583060388401996,0.3316037215550369,0.2288929980063028,0.24983718583734404,0.40206781678616044,0.13334010815305813,0.263731920863008,0.1889780631089666,0.1463394339927539,0.38050299757509,0.6850970757349657,0.36238030237925534,0.4082715007025399,0.19411754240177892,0.36701018179585665,0.4162097096996149,0.23219425801168414,0.26192361760115446,0.2930987369907746,0.3197906696918047,0.5964063802603321,0.30510416532707907,0.7943582021507094,0.7994453124281042,0.8069679330858648,0.37063248928542714,0.3122318214313997,0.38597181236791656,0.6134836932276122,0.8751282999577104,0.8910171354224072,0.3212521644662707,0.8193511945497054,0.27624485578369684,0.8766792456121184,0.7132703938008103,0.49736258952377277,0.15900026350962398,0.009370950888308137,0.608192517972703,0.9026800038830061,0.5424766874001228,0.592745074253368,1.1918007070198655,1.0951142051268405,1.1714850237743946,1.0783471531303963,0.8259890393881761,0.7294244340608482,0.8847918443898379,0.9056088646646412,0.5041884849715879,0.6927076029789241,0.12947126598083256,0.03385614269107644,0.8361807993830341,0.9687346844184503,0.9707822997734183,0.6811200885752555,0.9634106424646198,0.994091112318074,1.0326112212969747,0.37912157984806616,1.0154380452731857,0.605242425231826,1.0225285227279528,0.9704896855964762,0.9508044737976888,0.973676598383463,0.4139239793326511,0.9557202597552745,0.5189973067830023,0.9665735727053288,0.7156705685740699,0.34620385909158813,0.8781407918508748,0.7496665488855072,0.6843051201427186,0.8943177868602206,0.3767019754081532,0.8778552262540131,0.7585014915477828,0.9657913660968376,0.524503930575644,0.7138892569402717,0.8300729852191253,0.39569441286935847,0.85040878602058
84,0.0,0.0,0.0,0.0,0.0,0.0,0.0,0.0,0.0,0.0,0.0,0.0,0.0,0.0,0.0,0.0,0.0,0.5907016316482496,0.7983485342302648,0.844956441926227,0.38036507190804425,0.4265192121127961,0.45359231787302123,0.2769491505777826,0.22367589393490395,0.3722749521820625,0.32066060543169306,0.44348538930353243,0.42641486792194483,0.4295165335213156,0.4340825209015744,0.40495717052107416,0.322298932398553,0.29753303097712713,0.3024151290799586,0.2237931940764275,0.25323016064362747,0.4030361817526251,0.1598891352241565,0.24460149154455402,0.21738562308052956,0.1777331534506421,0.3420264916965934,0.6653612317331792,0.3399625323700297,0.3755531295755645,0.2120025082118182,0.3628364232592247,0.4184304021546268,0.24014101138279598,0.28984716224692575,0.32614665809517907,0.31053214546784424,0.5957991660570734,0.32306694512794865,0.8070818452325081,0.8039848526173685,0.8198228522471869,0.39629968492762235,0.3134654885173609,0.3933483655926313,0.6246128510160784,0.8921660727456402,0.8984605168974067,0.3152809872992146,0.8246844384563428,0.2776415914827314,0.8629143433205471,0.7341079034450857,0.46355081665624,0.1246490070634024,0.002313423811389865,0.5081138977864449,0.9768580997597383,0.47430058392905694,0.5172979032469781,1.2603941020715865,1.1635109839952236,1.2861532956505357,1.204665278056332,0.8113488274880192,0.7069948777970909,0.8565581270959228,0.866857613798512,0.3881341494882148,0.5472380386159921,0.03718798112474816,0.0,0.7542801459766038,0.8695345200467273,0.8734301679505734,0.5230671206370907,0.8773782575142626,0.860810242572029,0.9314438400870131,0.18077907482615746,0.9152085496098152,0.4802680535108306,0.9278940887015779,0.9471500715480943,0.9297080222168006,0.9523285985633265,0.45107450316465436,0.934058849577319,0.4196771730850738,0.9533218101696548,0.7020759559386103,0.3466487794799633,0.8604396322840877,0.6712183235297591,0.6517547103604819,0.8962684376580583,0.32983682520599267,0.86922838091483,0.7344204209829215,0.9547186120960092,0.5347504439299031,0.6800763940576746,0.8362306601413785,0.408962028375921,0.8412992135516761
85,0.0,0.0,0.0,0.0,0.0,0.0,0.0,0.0,0.0,0.0,0.0,0.0,0.0,0.0,0.0,0.0,0.0,0.5216680456840698,0.7279716283184907,0.741913185372518,0.3638616301821802,0.4040813018470004,0.44137869238982996,0.267314791911041,0.2205618397017965,0.38011942357205797,0.2962267188201231,0.4356433861030382,0.4194979800417,0.4220345143198916,0.42977965401603235,0.39488535785754575,0.33668306958134053,0.3044472612555591,0.3191756172666089,0.22450054261916297,0.25657975349485085,0.380476000104198,0.15690410585748044,0.23772445213253923,0.21794678723008454,0.18920988624330004,0.3636959707682408,0.653424530058043,0.35584861404594426,0.4021937224388239,0.2504219065370987,0.36459708467633156,0.43542430440720636,0.24056796738793784,0.293479581049498,0.33737743163718614,0.30408638678250854,0.5649861483016192,0.33145546194434683,0.8211087972618198,0.7979286380802213,0.8361847635770872,0.38981284923257387,0.3066154437891082,0.40097509303304824,0.6164556477276806,0.8905940722136281,0.8783360503677038,0.3215192937488278,0.8238033013711092,0.27770874082082186,0.88301001210918,0.7412220119283743,0.3996853143481144,0.09125868049813679,0.0,0.4305053323478306,0.9500362920516636,0.33970257952829613,0.39094779330375073,1.2046791262109764,1.046083895213843,1.1759841698789586,1.1267216955342398,0.7276619091702015,0.6789532520374106,0.875783182817031,0.8764167175562658,0.3056085696603559,0.46691757116748644,0.011064455110006857,0.020490297917396105,0.7380839504541861,0.8241513986176869,0.8334116099504172,0.5937078118339834,0.8469232989418511,0.8256238152177957,0.8902794232453743,0.19510410567294956,0.8633549688893254,0.493845888626542,0.8864018514359486,0.9443166058572388,0.9258320823209942,0.9509604911290808,0.5484707664928643,0.9313686990746888,0.4327506391760748,0.9445155131516003,0.7640971485076138,0.3484420047001393,0.8237523377251303,0.6383436756942498,0.6173614844719948,0.88945713921132,0.3006683759493752,0.8448723119680377,0.7220739917272336,0.9351286728553738,0.5423000303314309,0.6633797574049018,0.8361462609638153,0.3912765184640463,0.8252746100367538
86,0.0,0.0,0.0,0.0,0.0,0.0,0.0,0.0,0.0,0.0,0.0,0.0,0.0,0.0,0.0,0.0,0.0,0.4434129779035392,0.7128778251506107,0.7379733062925324,0.36517421736387856,0.40136600078840523,0.4088414789153514,0.2552072869381383,0.20429663947099064,0.36356745222121534,0.2571671561385579,0.43246844118402805,0.41464250876499387,0.41869740046164416,0.425640709907543,0.3871173769632059,0.33757316675473703,0.30949638926761125,0.3192765130224693,0.17816238319681055,0.1976287713876208,0.2911796813093803,0.11435472863636365,0.18207022957462227,0.17234723798735907,0.15126582139324396,0.2795601382481818,0.4677199377715997,0.26960535791409646,0.30505780799649074,0.2183051678164789,0.3625022697760074,0.44144299569597933,0.22439309612461245,0.28056026481997065,0.34314029267841883,0.2861499892239001,0.4889873221462535,0.3074570587519009,0.821827228841574,0.7949733760779205,0.8569484726818786,0.3845652419351948,0.28751252121910986,0.378748187167401,0.6114863793464123,0.8833287380844439,0.9091358493614372,0.32230684536678456,0.8327179684461221,0.26526705075479573,0.8578785210962625,0.7761973366274577,0.37806617889804073,0.09462540715633211,0.0,0.43329511774486795,0.9400502063431304,0.27564668672602827,0.3164595997860346,1.177173264506564,0.9923959904520423,1.1524218476847068,1.1081981113525714,0.7383144815227349,0.6956738960994715,0.877295771791978,0.8782415774233581,0.24575867239632265,0.3669735380746475,0.013760654764737965,0.030157380956234853,0.5501957462392042,0.5953743353657046,0.6024115906475345,0.5094144619614056,0.6288064756465541,0.6061559679837956,0.6424273517659458,0.23462809535788898,0.623240549073671,0.4465250009448376,0.6402087934329757,0.9442205930772616,0.927824242544375,0.9524533105213777,0.6273522999042627,0.9349801413027521,0.5280831743605994,0.9521046144009233,0.8161405445721011,0.31330750587819267,0.7997581936177003,0.5439344045486729,0.5222738203282951,0.8861853814865448,0.21716447664929772,0.8152335544544691,0.7412102625875558,0.9181362849356915,0.5393486318481169,0.6535951549835941,0.8335567066473377,0.3893623566930762,0.8174721214374001
87,0.0,0.0,0.0,0.0,0.0,0.0,0.0,0.0,0.0,0.0,0.0,0.0,0.0,0.0,0.0,0.0,0.0,0.34314924405570546,0.7141387851160648,0.7345087593768689,0.35303952153856066,0.3910597212945457,0.39790965897922326,0.24499429450491894,0.17937319131359636,0.3356707301248112,0.23870311157434498,0.41189099197799806,0.3832726257390906,0.4004154290673405,0.4123447932033657,0.3803216595046699,0.5595608611984062,0.5110191273603082,0.5060269885567497,0.1875992900113964,0.18212735620283416,0.29862074950235984,0.08096589370512253,0.1602983578301923,0.17148691167634,0.13014917691477845,0.28515519155209557,0.49470588704073926,0.27472670789322073,0.31198800654237857,0.21920641072885427,0.35413379931813815,0.465503271050693,0.1938845617343921,0.23746420744954067,0.3559612095700504,0.23470823651113,0.37221723525644046,0.25296067446387943,0.7255036214955677,0.747613243502963,0.8348068671953932,0.44421649229796634,0.314682904475893,0.37969352614368335,0.650372377883869,0.9168525009498367,0.905168181896463,0.2962988541423133,0.8419729921340711,0.2582737689321014,0.6835014411336986,0.7202450577782864,0.37772771335262234,0.10488878296826724,0.010203281617220086,0.45519176851318854,0.9075593274944822,0.23381067684706508,0.261703128746592,1.121843790919229,0.9467506708190365,1.1586150690935284,1.1167162458985302,0.7871626627221935,0.7383847135781296,1.5898824668292946,1.4351408103285834,0.24059492255549353,0.36931214080496966,0.017359402010317798,0.03836113068912767,0.5632357345772085,0.6100404159042228,0.6169323428766802,0.5484192444911935,0.6578302556890456,0.6249030507747193,0.6622103950758174,0.2738657997605299,0.6364909715703106,0.4798639773139568,0.6598783750268922,0.9456073565743282,0.9292031676486658,0.9529222854980617,0.7428708933541421,0.9415907708011275,0.6434877432613382,0.9667630315771021,0.8460318240248892,0.0,0.7508674709325991,0.5588909508511453,0.40890093129554883,0.8845054135881654,0.14337944468391664,0.7895597493583884,0.680983768766481,0.9243340532170805,0.5420510866527475,0.690039658614968,0.8203334461981902,0.3798499569409799,0.8133212375548897
88,0.0,0.0,0.0,0.0,0.0,0.0,0.0,0.0,0.0,0.0,0.0,0.0,0.0,0.0,0.0,0.0,0.0,0.2888309732416927,0.6497190044235892,0.49436278314220816,0.36750907203953354,0.40475135008939045,0.4103812094709385,0.23354100477981515,0.17150617553100123,0.3514599733764996,0.2389517278543951,0.4338388209362165,0.39064283469821737,0.42297745114427876,0.4315475803768374,0.3966814628879609,0.56852410286956,0.5121451972959701,0.523274271363305,0.2610152129739858,0.21338163663183596,0.3788780426834315,0.08453048156577529,0.17188381034560102,0.257156847841293,0.1834171457308904,0.3986018586104212,0.6209611586539427,0.35756030186745624,0.43534324188294704,0.24831394297699916,0.28883834722454604,0.41437961838164483,0.14016985870045387,0.15336561097245283,0.35591789751932645,0.1287198804621125,0.23562829830512966,0.18894856719252712,0.5771964672209642,0.5325637208286051,0.6038164537803514,0.36382854840485623,0.287023906784706,0.25535010725676255,0.5746766601051658,0.6620603290581668,0.5488431904648678,0.07288860859785569,0.5799248681146922,0.14594706196730925,0.29526041132154085,0.2608205707786059,0.38734073613404507,0.11817479139158116,0.02258673291923988,0.461670307307983,0.9002259330645757,0.20374475252028573,0.2301956996824192,1.1130786448557046,0.9107151916008487,1.1699731584869824,1.1147165730475983,0.8364996696301978,0.7910118813545535,1.5773978577726666,1.4283663537347042,0.25490870670752064,0.4578169143923334,0.07213786773318745,0.08266240574226419,0.6954411476360551,0.7569229502514645,0.7716181762370979,0.6873799692322402,0.814015704026307,0.7807556820830541,0.8180070938069548,0.3113052099960447,0.7985585533606354,0.5875713877206432,0.817817250976077,0.8695690407794245,0.8518621818857355,0.8797003288127598,0.7654109977014025,0.8703201638584943,0.7550215781056471,0.8838526676081528,0.8125085118694511,0.0,0.7528191534742668,0.6366680585588425,0.22768080650774475,0.8774977384855234,0.17444705883458234,0.7233865808028606,0.734745684696672,0.944621678767831,0.7024904421170932,0.7801685852063764,0.8280909403766366,0.41281615820577944,0.8432578546784706
89,0.0,0.0,0.0,0.0,0.0,0.0,0.0,0.0,0.0,0.0,0.0,0.0,0.0,0.0,0.0,0.0,0.0,0.3035818947236817,0.6079352039274282,0.4471073447884433,0.37211673575526394,0.40097586065927926,0.41140950955518507,0.21077495088161174,0.16310492651553177,0.348689571719615,0.22139849763923125,0.4319923166476656,0.3692971376395735,0.42014596147764927,0.4288609263557994,0.3987318772988422,0.3241533025575336,0.2945420883561347,0.30274321384504654,0.21968382920555984,0.12521670256965398,0.22569611933120665,0.052229139530693657,0.07842766603633963,0.2548037341075726,0.10705721289343109,0.3724412196444078,0.6558088041111159,0.2941444059017355,0.42897612537854,0.2199286012162684,0.13846779681678822,0.4521626470977935,0.048946869979390496,0.043503300514280724,0.37003055037161503,0.017531306723023537,0.04341155075812642,0.08551526698316089,0.018850012298480812,0.02512168413203661,0.0,0.16892558068854385,0.025920808270716078,0.02323617831824457,0.13370436295363455,0.0,0.0,0.0,0.0,0.0,0.0,0.0,0.40661718289676685,0.13244167468564577,0.02687660575583794,0.460773425551278,0.8854063679918909,0.20849305537836837,0.2051317988864938,1.1076783952667029,0.912511364969891,1.168500672745708,1.1128346860436125,0.8765476493840407,0.8604654289848921,0.8666904639521817,0.8568984134456716,0.28680789450890043,0.6083251328988797,0.24927436136264974,0.24287703364575752,0.7696104373340908,0.8118059947701113,0.8311638773739105,0.774825797744036,0.8646481057659905,0.8430565418602782,0.8685559953701159,0.38309447830685806,0.8531911490645143,0.6201409637371111,0.8740359955227177,0.8889000036106154,0.8707582296847249,0.9014640155728557,0.8397031197264777,0.8938105027840919,0.8493759316216991,0.9079340077096276,0.8514491017471997,0.0,0.7860494519248462,0.6153767885896855,0.37549172341228454,0.8726858131215351,0.437463196065084,0.7040439771731513,0.7196246913684643,0.9596831324220645,0.784058699506716,0.8277275089505318,0.8626568723223338,0.43718218392893604,0.8682704880174192
90,0.0,0.0,0.0,0.0,0.0,0.0,0.0,0.0,0.0,0.0,0.0,0.0,0.0,0.0,0.0,0.0,0.0,0.32266328279546413,0.5519166661610584,0.25298682005142453,0.36841326369059146,0.4000598110697453,0.35428905038122616,0.1905359497200182,0.07847394854636792,0.2959440399688318,0.1650484888949587,0.4017852249526186,0.2343377701861032,0.37667859683811056,0.4202414321278991,0.3787720622606181,0.31294563365372596,0.2631118755880375,0.2560771733641485,0.02253561372508363,0.0,0.0,0.0,0.002327028019955972,0.040620047266718105,0.0,0.19082011157566525,0.5537754289628918,0.05085093184671609,0.3365432327509552,0.07115142395717705,0.0,0.0,0.0,0.0,0.06848743817082092,0.0,0.0,0.0,0.0,0.0,0.0,0.0,0.0,0.0,0.0,0.0,0.0,0.0,0.0,0.0,0.0,0.0,0.42153884881231063,0.1450289655966947,0.029554632075942715,0.46753242234327397,0.8424322101884627,0.23706446539105014,0.19830217417667007,1.0662906467405264,0.9110007044791839,1.1254569917296493,1.0725711029793032,0.8806530560826231,0.888031105683571,0.9100181691901525,0.8589046583514639,0.33286586293563725,0.6882402723703986,0.4021176899204484,0.4618641863115145,0.8244413052495716,0.8697206224569527,0.8756871170771774,0.837421525159538,0.9004037086927781,0.9012003752814053,0.9071748651076632,0.5358032183002817,0.8913066927343607,0.6403340190859597,0.9079382810668903,0.9362877707280859,0.9247497536871379,0.945723687626014,0.8990242658498495,0.9425224731561173,0.9163237984610575,0.9536828310774581,0.9061966786818267,0.0,0.7646570980321741,0.5741429234109248,0.631762357058304,0.8587194380541447,0.624076559535037,0.7941721682642537,0.7506057299064297,0.9651527866424559,0.8185553670201182,0.8412755969250609,0.8751997347913738,0.4316272215965977,0.8770309892194543
91,0.0,0.0,0.0,0.0,0.0,0.0,0.0,0.0,0.0,0.0,0.0,0.0,0.0,0.0,0.0,0.0,0.0,0.464426819445905,0.5705411408152814,0.4208345518740515,0.30500978328423267,0.2864832583591552,0.1616002209761267,0.04517646085195612,0.003538062589586509,0.1426543487922647,0.03180061774217312,0.33014955585349526,0.008678708041184827,0.18063397387344748,0.27902144377447624,0.15389930617713804,0.31435615616487667,0.01901078367255275,0.027780200976999098,0.0,0.0,0.0,0.0,0.0,0.0,0.0,0.0,0.0,0.0,0.0,0.0,0.0,0.0,0.0,0.0,0.0,0.0,0.0,0.0,0.0,0.0,0.0,0.0,0.0,0.0,0.0,0.0,0.0,0.0,0.0,0.0,0.0,0.0,0.45717334075596194,0.19082517405032137,0.03164417365818861,0.5059324714270802,0.7694452786895454,0.3513075492893831,0.2684659998965878,0.9983892668606131,0.9066029249036429,1.0244671309893079,0.9810332715022305,0.8504616204806172,0.87407831850037,0.9016884412158106,0.8603816585347701,0.4544653853745708,0.7626211209421951,0.5263994280046278,0.6245664332927003,0.9254060280601948,0.9756618724350119,0.9750758839800255,0.9364059011224235,0.9913103833996253,1.0255719946180761,1.0303985023092537,0.6126344399236279,1.0126321323332377,0.6895421259598145,1.0264365645052749,0.9411618292142521,0.9297730711241456,0.9481073009883403,0.9067124023078073,0.9467399873535527,0.9207842939354514,0.9580354219560832,0.9127233432884836,0.35268498338749765,0.6887059836187115,0.5410144185689427,0.7720862357380893,0.8464943581357218,0.6988251382272224,0.842401453036576,0.6899208485153165,0.9603694720467786,0.8293536379319439,0.8298507267488979,0.8716557769662856,0.4029994600319675,0.8764101936081437
92,0.0,0.0,0.0,0.0,0.0,0.0,0.0,0.0,0.0,0.0,0.0,0.0,0.0,0.0,0.0,0.0,0.0,0.12928068479438748,0.10315894106180634,0.432120723261338,0.024557867272234968,0.012088417767604406,0.005394311415744747,0.0,0.0,0.0,0.0,0.0,0.0,0.0,0.0,0.0,0.0,0.0,0.0,0.0,0.0,0.0,0.0,0.0,0.0,0.0,0.0,0.0,0.0,0.0,0.0,0.0,0.0,0.0,0.0,0.0,0.0,0.0,0.0,0.0,0.0,0.0,0.0,0.0,0.0,0.0,0.0,0.0,0.0,0.0,0.0,0.0,0.0,0.10999717765206585,0.10331154334780224,0.028263822060188556,0.11663039664862662,0.0851431600383421,0.1078052220537633,0.10291841569254945,0.12505512955249287,0.1510084552569122,0.1398773355604419,0.13180968108336444,0.14150258251588976,0.14495999412035498,0.8885765433642518,0.8552244829307227,0.5358848411134027,0.7531033878679994,0.5655254820938056,0.6817931963297119,0.9343748855335612,0.9831067514896858,0.9833416168257827,0.9456246605120029,1.000878118268595,1.0361444506343105,1.0401374225548352,0.6175982828823896,1.0203802460455336,0.6788610466250158,1.034855590267398,0.9415453680694554,0.9259275557506044,0.9425265838581254,0.9077499742921304,0.9460900172199587,0.9247340111585238,0.9562558787329181,0.9167415160178898,0.4579001352762191,0.8603409667191837,0.6357495383309146,0.8577058177816248,0.8593240277200218,0.8020675864627531,0.9340930086680501,0.6428565869526257,0.9706844270032846,0.8490428602866462,0.8278869328981413,0.8769015941720557,0.4235524824974446,0.8903427362025456
93,0.0,0.0,0.0,0.0,0.0,0.0,0.0,0.0,0.0,0.0,0.0,0.0,0.0,0.0,0.0,0.0,0.0,0.6993695636171104,0.7285797031881791,0.28074870594897466,0.0,0.0,0.0,0.0,0.0,0.0,0.0,0.0,0.0,0.0,0.0,0.0,0.0,0.0,0.0,0.0,0.0,0.0,0.0,0.0,0.0,0.0,0.0,0.0,0.0,0.0,0.0,0.0,0.0,0.0,0.0,0.0,0.0,0.0,0.0,0.0,0.0,0.0,0.0,0.0,0.0,0.0,0.0,0.0,0.0,0.0,0.0,0.0,0.0,0.5660498410923056,0.2838562813131997,0.03457802823263785,0.5374072090225572,0.7902151019006851,0.4507838558123567,0.4016337642037303,1.0486018871088163,1.02291049019248,1.0612265924062285,1.0197608057535312,0.9152195929418703,0.9376269793615855,0.9150173248817737,0.8642325182308195,0.5267130084486593,0.8067686397455871,0.632164871057527,0.8061426164965533,1.0977262526581875,1.1683747349161422,1.167882704976364,1.1123785176965448,1.1148554571478506,1.1658584606775548,1.166384739233763,0.623467637786375,1.1446376789244823,0.764145445880839,1.16071367940458,1.0513218297091953,1.0349600973950146,1.0572711046625045,1.0108756424439065,1.0613866189096939,1.0402971002440147,1.065366725633794,1.021888318528962,0.634982096123565,1.138029049072859,0.8863110491206871,1.0612398336376252,0.9202403367543424,1.0193205310777849,1.1501005650381018,0.7170158735231131,1.6336270308884906,1.2757035423108798,1.2449856252544587,1.2955665447249025,0.6496651688005297,1.3691237672896834
94,0.0,0.0,0.0,0.0,0.0,0.0,0.0,0.0,0.0,0.0,0.0,0.0,0.0,0.0,0.0,0.0,0.0,0.7305448004941417,0.7567378243734977,0.15208953438630807,0.0,0.0,0.0,0.0,0.0,0.0,0.0,0.0,0.0,0.0,0.0,0.0,0.0,0.0,0.0,0.0,0.0,0.0,0.0,0.0,0.0,0.0,0.0,0.0,0.0,0.0,0.0,0.0,0.0,0.0,0.0,0.0,0.0,0.0,0.0,0.0,0.0,0.0,0.0,0.0,0.0,0.0,0.0,0.0,0.0,0.0,0.0,0.0,0.0,0.5899805361542194,0.2891550983437354,0.03527831312093811,0.5258227644190707,0.7852911068528101,0.4508641306453923,0.4623765881259281,1.063955483994505,1.0807770234169105,1.1098374458333637,1.067659257669014,0.9608425065599686,0.9786712107462332,0.8495750763831893,0.8570056151403289,0.49247294907939543,0.9642880452542815,0.7091187599156774,1.1106042363474842,1.7968989007079976,2.017496136686532,2.0199573943828,1.8373907838723724,1.8386796356099921,2.0107099501583434,2.0202865960163763,0.6844006061187302,1.980377981744823,1.1715478444736096,2.0088018469905364,1.8273318221499721,1.7963550829226733,1.8366450204339344,1.6637481027905245,1.8182564251312243,1.7509016259282468,1.8670312058657146,1.6813626242608777,1.0980080650534774,1.9509877170734526,1.6017782663086528,1.7379617683999609,1.0031650580064673,1.6245502956877447,1.940521717167286,0.34929213403189274,1.5089900091409802,1.26445148870293,1.1936609063113335,1.1954530786906492,0.6076122829414285,1.323487738965631
95,0.0,0.0,0.0,0.0,0.0,0.0,0.0,0.0,0.0,0.0,0.0,0.0,0.0,0.0,0.0,0.0,0.0,0.8406526277233066,0.841010288374763,0.3936462721314754,0.0,0.0,0.0,0.0,0.0,0.0,0.0,0.0,0.0,0.0,0.0,0.0,0.0,0.0,0.0,0.0,0.0,0.0,0.0,0.0,0.0,0.0,0.0,0.0,0.0,0.0,0.0,0.0,0.0,0.0,0.0,0.0,0.0,0.0,0.0,0.0,0.0,0.0,0.0,0.0,0.0,0.0,0.0,0.0,0.0,0.0,0.0,0.0,0.0,0.6120515443751704,0.29661116231284457,0.024780693682911924,0.5190268907428198,0.7852446077422428,0.4485229636357482,0.5205772788420552,1.0835234624755685,1.1006492450685421,1.1189001598783932,1.0773705475771393,0.9715448187772058,0.9865124858893664,0.8832767016892831,0.8740183048073469,0.4747238558701964,0.9541628660950683,0.6721313588964066,1.0809456478285409,1.7883231846307392,2.0328196591653978,2.033091053715907,1.8385796866501778,1.9407726089036323,2.1541024189282325,2.164348868678644,0.684990194097044,2.110729086518404,1.4315594199322428,2.1443144013901474,1.9588850932323112,1.9339365237337915,1.9655231884607929,1.7717553169861482,1.9405556324097546,1.8625553585514325,1.9831164550287212,1.7654298180334216,1.222889549200886,2.081316856409444,1.8217628510876125,1.8451077273456438,1.0675249704594805,1.7269959703795017,2.038077916377972,0.2686531965511922,1.451673801216037,1.2182184878627988,1.0941873526689583,1.0134737468949329,0.5439655299993107,1.194254293425622
96,0.0,0.0,0.0,0.0,0.0,0.0,0.0,0.0,0.0,0.0,0.0,0.0,0.0,0.0,0.0,0.0,0.0,0.7987275059708479,0.8669176779703576,0.05096452206767833,0.0,0.0,0.0,0.0,0.0,0.0,0.0,0.0,0.0,0.0,0.0,0.0,0.0,0.0,0.0,0.0,0.0,0.0,0.0,0.0,0.0,0.0,0.0,0.0,0.0,0.0,0.0,0.0,0.0,0.0,0.0,0.0,0.0,0.0,0.0,0.0,0.0,0.0,0.0,0.0,0.0,0.0,0.0,0.0,0.0,0.0,0.0,0.0,0.0,0.6456839312646923,0.2979905965846018,0.016146515474379015,0.524176530835022,0.8750384790987482,0.46973936000472427,0.5733325009082957,1.201791536877863,1.1160176616986632,1.1262544413376077,1.0844236299333048,0.9779968945345789,0.9901435349461334,0.9160980225997264,0.8847448512657827,0.4408965591497289,1.1427075664322746,0.6948116944001035,1.1009551234364463,1.8164801920210767,2.107222982805979,2.1103063335467596,1.8976150037995048,2.0058758305436513,2.253332702355692,2.2614817838220915,0.7793228252361672,2.204289188637631,1.6926228530336127,2.241783301666146,2.051593196865724,2.030386172047656,2.0560812886615167,1.8497451288364495,2.0278816138381046,1.9430194125479368,2.0564059794442073,1.8261847629057915,1.3745721243977869,2.102223652925261,1.8341126298473327,1.8922460885533674,1.3874803306552552,1.7996459051659919,2.0729247038221246,0.2761964948168215,1.4951557528162098,1.3390905581615278,1.088477386187158,0.9028024451210452,0.5861090530109361,1.1904639544512934
97,0.0,0.0,0.0,0.0,0.0,0.0,0.0,0.0,0.0,0.0,0.0,0.0,0.0,0.0,0.0,0.0,0.0,0.8188280428770272,0.8345640873429159,0.13309673851762782,0.0,0.0,0.0,0.0,0.0,0.0,0.0,0.0,0.0,0.0,0.0,0.0,0.0,0.0,0.0,0.0,0.0,0.0,0.0,0.0,0.0,0.0,0.0,0.0,0.0,0.0,0.0,0.0,0.0,0.0,0.0,0.0,0.0,0.0,0.0,0.0,0.0,0.0,0.0,0.0,0.0,0.0,0.0,0.0,0.0,0.0,0.0,0.0,0.0,0.6757013885994447,0.2962405871235685,0.01673786687490713,0.503063558653173,0.8544363402370436,0.4738417612501632,0.5904602354270774,1.1919774886555388,1.1157630268924308,1.1212917037401837,1.0791974455249687,0.9730546204861872,0.9814305617266008,1.5478468736555442,1.3649916347393258,0.4351937404495172,1.3296211746778268,0.8125273907090982,1.141393383226763,1.7601970104916376,2.0519231890139054,2.058082712639589,1.8554666001880165,2.042385883164915,2.323052108022239,2.3331904583865253,0.9318758053445757,2.266768201487139,1.890204081161686,2.3118052242934937,2.1120811477048846,2.083721787788818,2.1085991200670833,1.8765382083929083,2.073855244196082,1.975076969908379,2.1261727523542504,1.8545825253130808,1.258446317364701,2.153209354135413,1.9848572859184088,1.9401930357712622,1.6524841315503913,1.8637330481942769,2.1136731669394493,0.4465218277730344,1.538175803369616,1.3809864968347632,0.9990885010796156,0.7210314333176173,0.5949282863810996,1.0947344121009266
98,0.0,0.0,0.0,0.0,0.0,0.0,0.0,0.0,0.0,0.0,0.0,0.0,0.0,0.0,0.0,0.0,0.0,0.9038154953294883,0.8663432667528679,0.5508965689809099,0.0,0.0,0.0,0.0,0.0,0.0,0.0,0.0,0.0,0.0,0.0,0.0,0.0,0.0,0.0,0.0,0.0,0.0,0.0,0.0,0.0,0.0,0.0,0.0,0.0,0.0,0.0,0.0,0.0,0.0,0.0,0.0,0.0,0.0,0.0,0.0,0.0,0.0,0.0,0.0,0.0,0.0,0.0,0.0,0.0,0.0,0.0,0.0,0.0,0.7104614564687102,0.298531979325747,0.017979889469321397,0.4761598344103273,0.89215034641893,0.4885604203525443,0.6146313718175775,1.2655586198889068,1.1763977656811981,1.184419665963361,1.1372107760484482,1.011674791900778,1.0222764093121501,0.8872393730744079,0.8663307645469303,0.3743343377408114,1.527823740315041,0.934759186445971,1.3034010065462476,1.7441066838222472,2.0497758030542172,2.056924130920379,1.857830584222338,2.0680500635753454,2.356883323736838,2.3601246101025026,1.0478168279508415,2.299082585130236,2.0124582503714787,2.3439739636232844,2.125035147442759,2.106523547112374,2.1281953993457137,1.8875914513632601,2.0923350680808,1.9857912184651312,2.13126754254381,1.8712855251682807,1.280647039645487,2.173878740053169,1.9554645781521742,2.013236814784019,1.8300869966018105,1.8871831081393697,2.1236771821782128,0.591054192668945,1.5165842351559817,1.328414339101152,0.8419695630225128,0.5563142112719749,0.5842487087311334,0.9345663890579792
99,0.0,0.0,0.0,0.0,0.0,0.0,0.0,0.0,0.0,0.0,0.0,0.0,0.0,0.0,0.0,0.0,0.0,1.007467147344943,0.8599252764239234,0.5427270862472058,0.0,0.0,0.0,0.0,0.0,0.0,0.0,0.0,0.0,0.0,0.0,0.0,0.0,0.0,0.0,0.0,0.0,0.0,0.0,0.0,0.0,0.0,0.0,0.0,0.0,0.0,0.0,0.0,0.0,0.0,0.0,0.0,0.0,0.0,0.0,0.0,0.0,0.0,0.0,0.0,0.0,0.0,0.0,0.0,0.0,0.0,0.0,0.0,0.0,0.7496575180594369,0.30057370491993285,0.0204967735265552,0.4466932887058229,0.9255181884991543,0.49761441689047514,0.6718195618482026,1.308596525734174,1.2099703773609036,1.23019035175966,1.1787000121968596,1.0370529561391395,1.0476310855072075,0.8961909832205492,0.856820097837689,0.34413109109635354,1.6677339348238132,1.0497952862863906,1.4633165596620303,1.7200014579562666,2.0495538978939294,2.0552169862785377,1.8627106297885163,2.0327593908456016,2.355292282452865,2.3424108619001345,1.2293691362859902,2.2996322382387007,2.0665542393514222,2.338498010765761,2.1303774600564793,2.11476344415496,2.1358861660773982,1.9029460159476272,2.0991881601527496,1.9779596333865648,2.1335046915837665,1.8848194762400095,1.2601504473200293,2.169635478340126,1.9599736846402322,2.0634693147578567,1.9098873950509443,1.887863806067502,2.1111364353684934,0.8580779652555846,1.454287198294197,1.2014326133306588,0.6434000729542061,0.41643859673611083,0.6025220699684732,0.8036000528242493
100,0.0,0.0,0.0,0.0,0.0,0.0,0.0,0.0,0.0,0.0,0.0,0.0,0.0,0.0,0.0,0.0,0.0,1.090627674013831,0.9259722959907402,0.5213090096340465,0.0,0.0,0.0,0.0,0.0,0.0,0.0,0.0,0.0,0.0,0.0,0.0,0.0,0.0,0.0,0.0,0.0,0.0,0.0,0.0,0.0,0.0,0.0,0.0,0.0,0.0,0.0,0.0,0.0,0.0,0.0,0.0,0.0,0.0,0.0,0.0,0.0,0.0,0.0,0.0,0.0,0.0,0.0,0.0,0.0,0.0,0.0,0.0,0.0,0.7546048118047517,0.313237730913648,0.03462463533159256,0.43118799558609733,0.9361030250829572,0.49555741163440503,0.7075152192789604,1.3166654036322143,1.2190248303803664,1.238840461712897,1.1862070439561805,1.0369211563430403,1.0471799490110838,0.864512157639183,0.8307254881380217,0.2975557939846792,1.7289640175972298,1.1500622937036882,1.525226851346983,1.6556175386801097,1.9999999226420186,2.005842600199685,1.8268057957959485,1.9445377067644714,2.272616666072281,2.255144566470335,1.359603691024843,2.2202540548460092,2.0327492667962055,2.255830054578837,2.0810281805224804,2.063226781467165,2.0878354612650583,1.865244517025907,2.0445717157752625,1.913467687710238,2.0783384945611942,1.848927027811028,1.306084147463821,2.1117150041423542,1.9525980363863482,2.0216195470909,1.9211148584945086,1.8447616866227747,2.0531270699686246,1.0060374248529622,1.3388571274209564,1.0285518666034328,0.3995305138091144,0.4172300979676058,0.6420836116527417,0.6437183200116233
101,0.0,0.0,0.0,0.0,0.0,0.0,0.0,0.0,0.0,0.0,0.0,0.0,0.0,0.0,0.0,0.0,0.0,1.0820022627225354,0.9330313745881007,0.643412011336514,0.0,0.0,0.0,0.0,0.0,0.0,0.0,0.0,0.0,0.0,0.0,0.0,0.0,0.0,0.0,0.0,0.0,0.0,0.0,0.0,0.0,0.0,0.0,0.0,0.0,0.0,0.0,0.0,0.0,0.0,0.0,0.0,0.0,0.0,0.0,0.0,0.0,0.0,0.0,0.0,0.0,0.0,0.0,0.0,0.0,0.0,0.0,0.0,0.0,0.7592824993255298,0.33322118388804967,0.04076931634835616,0.42382194556992514,0.9096570583565153,0.5030565543303893,0.7214524609746946,1.3034345871710684,1.2142412005781615,1.2286845746141069,1.176199601632785,1.028625684265819,1.0405188614113623,0.8988445160248375,0.7853954461273429,0.2780911519842178,1.6941812979630484,1.1923338571266484,1.522761262546906,1.554337232369102,1.8794923222158104,1.884354223300761,1.7257846646102628,1.8358161188945505,2.1410856765141943,2.1060185382066265,1.3821265690419264,2.087692074375809,1.9389995571223757,2.116752575195278,1.970052101647525,1.9531237469200278,1.9732729333263705,1.7854019143166795,1.9368281937858853,1.8147051599582724,1.9670743804817903,1.7753662975040623,1.2362342861474644,2.021919242599921,1.8601393004698679,1.9531292805223899,1.8928570964796734,1.7963685136567733,1.965371553960793,1.3095321378521252,1.3926333301899163,0.910392890760785,0.2659430295208475,0.5229491039759288,0.8300628726376935,0.5286185016889393
102,0.0,0.0,0.0,0.0,0.0,0.0,0.0,0.0,0.0,0.0,0.0,0.0,0.0,0.0,0.0,0.0,0.0,1.026079063821995,0.9466384442276778,0.5195416333852207,0.0,0.0,0.0,0.0,0.0,0.0,0.0,0.0,0.0,0.0,0.0,0.0,0.0,0.0,0.0,0.0,0.0,0.0,0.0,0.0,0.0,0.0,0.0,0.0,0.0,0.0,0.0,0.0,0.0,0.0,0.0,0.0,0.0,0.0,0.0,0.0,0.0,0.0,0.0,0.0,0.0,0.0,0.0,0.0,0.0,0.0,0.0,0.0,0.0,0.7405593961316808,0.3413401453909246,0.04835715734448724,0.41437366601609993,0.893740926110695,0.5206725330677602,0.7120036847292885,1.2781322012742748,1.1896017714220122,1.1982639660146504,1.1497590938817872,1.006139308623614,1.0199486056716944,0.9087466516011773,0.7421159605931313,0.2603661501344619,1.126038746527712,0.9221778048729918,1.0571892373344571,1.0449915982355584,1.1895818628836423,1.1926902925551985,1.131310115032015,1.2832432448485953,1.446460936414951,1.3992087825954513,1.111438145631615,1.4040996106778039,1.3474062816243446,1.4208034821494948,1.312934212397522,1.2907070549099444,1.3113871422683587,1.2362001388336452,1.298667217652877,1.2514173526540908,1.3091230811328387,1.2402896668707086,0.7274912461464282,1.2315815869960716,1.1147213567910086,1.2176308830969162,1.197848376834635,1.167697332089542,1.2130407701703234,0.7328635903184635,0.8873824259431622,0.6292924357754321,0.22455059392726046,0.543927724332818,0.41215713810544763,0.43132333628717234
103,0.0,0.0,0.0,0.0,0.0,0.0,0.0,0.0,0.0,0.0,0.0,0.0,0.0,0.0,0.0,0.0,0.0,0.9911020426183503,0.9045670642516335,0.24137505531480202,0.0,0.0,0.0,0.0,0.0,0.0,0.0,0.0,0.0,0.0,0.0,0.0,0.0,0.0,0.0,0.0,0.0,0.0,0.0,0.0,0.0,0.0,0.0,0.0,0.0,0.0,0.0,0.02761577057312817,0.805868082527013,0.03527750549028051,0.0,0.0,0.09894061740368604,0.10920636735259569,0.0,0.08309994229486989,0.08437832870361633,0.034374020846899514,0.0,0.03423963854176539,0.1530181695742074,0.03012746131885932,0.1914257919896328,0.19027116479834824,0.15648284672590174,0.40099950220557457,0.028156434387305185,0.19321994074200005,0.09947304289743314,0.7172884812560378,0.34481405052955555,0.06207986061152854,0.399234208084262,0.8423860281341149,0.5439805335459542,0.6911971616659196,1.2035036145389313,1.1188316866425438,1.1239759028492529,1.0811280988153769,0.9531781162760709,0.9684374977370487,0.8599204126676341,0.690763327869417,0.25462696564166615,1.1018091580957474,0.9208205084746339,1.0363243279436354,1.0073670825512533,1.153196448183735,1.15678004619258,1.101176518797228,1.104790239630569,1.2432715965551324,1.2124001536049036,1.018686337348071,1.2036389775166754,1.1652825790964876,1.2234713414654834,1.3088622345767362,1.2873211768237525,1.310145636103698,1.2313690449006565,1.290358143927591,1.2391844668420866,1.3028930128994034,1.2425249365795032,0.7553424474494932,1.2270508134957936,1.1242347493811167,1.2123905120982528,1.1971233348426082,1.161330126153004,1.2073909335073054,0.7770623948927433,0.8327849096382636,0.6373690099593912,0.23760559128821823,0.6134225422868149,0.42759806024342506,0.45958575648155964
104,0.0,0.0,0.0,0.0,0.0,0.0,0.0,0.0,0.0,0.0,0.0,0.0,0.0,0.0,0.0,0.0,0.0,0.9860160185383942,0.9053179137820058,0.06908300372451,0.0,0.0,0.0,0.0,0.0,0.0,0.0,0.0,0.0,0.0,0.0,0.0,0.2324887131118203,0.15223841389838566,0.09562574534106774,0.010350534614028278,0.09485673928420688,0.13918533511133196,0.05249335381071216,0.005979330548841053,0.0,0.03028901643630401,0.03677105075275168,0.8779915547215413,0.15160093132586455,0.6613851795722212,0.0,0.4534092548168802,0.5707865170734294,0.27256756720131414,0.09748087064600577,0.4642746531957893,0.3613649320655766,0.5600399293662923,0.3016175138999735,0.7865784479404274,0.47920820079591286,0.3851032489327445,0.15234246855268097,0.22671985761459323,0.45655149246004534,0.29648015903681957,0.6192740431085229,0.6449169673973183,0.30425520988241006,0.7918374467665892,0.1823912251451124,0.5945323964947287,0.42359133452683184,0.7135942732559923,0.3566895305985919,0.07972440357090417,0.4036655543778618,0.8322964953240444,0.5728189436480364,0.6968721209966013,1.191311628477706,1.116740969204411,1.1198227479960963,1.07850517409463,0.9491346093693327,0.9643871329185778,0.8050864789984189,0.6593883827941047,0.2630785445850901,1.1061518445536862,0.9415189967436239,1.0456494488229353,0.9906372311132996,1.153590002340934,1.1566798847634345,1.10100080660985,1.0885373604791475,1.2426922543527326,1.204402928806303,1.037811908847762,1.201917885497096,1.1654032262365561,1.2200503812928218,1.312313816166352,1.2941737960263708,1.3151936790382024,1.2413097898769188,1.29138345055118,1.2299167769403532,1.3138567683681686,1.2529970651424343,0.7470607962222857,1.2304011477572487,1.1259269544494401,1.218294789354779,1.2039668885329675,1.1641753311414824,1.209648915065813,0.7952546784409851,0.9000159649572019,0.6613483547835757,0.37459479655796046,0.6751922686305263,0.43671738624691514,0.519300973500834
105,0.0,0.0,0.0,0.0,0.0,0.0,0.0,0.0,0.0,0.0,0.0,0.0,0.0,0.0,0.0,0.0,0.0,0.9329428134031899,0.8733929876267172,0.07157568936639713,0.009444978482930645,0.006944966276560977,0.0,0.0,0.006342154189787281,0.0,0.0,0.3975021964483858,0.16544999132683802,0.3030569891183199,0.009186859998953965,0.0415089080262125,0.31580535638931906,0.3111382525374822,0.29739377221275753,0.12104247220675135,0.2236852742967113,0.24391290499940887,0.1029563427478902,0.12311694132629938,0.09502599664876481,0.10800602735284412,0.3077452696103431,0.9662610034963919,0.3935216689582375,0.44452417120919563,0.09000017712127298,0.4745060306142155,0.4710540362721076,0.2868163705530148,0.2258998616122846,0.5059248980973692,0.2884255730690204,0.6053274006673648,0.4786805872779598,0.954847046169224,0.673969745019922,0.6984571987223029,0.2750770332955506,0.3048583239303706,0.46802870967964294,0.3679693183181575,0.6916807899441699,0.8356818399066892,0.3193889914624335,0.821750778561606,0.2460623272814848,0.6974498282598582,0.6327459592456941,0.695509100381418,0.36103419206211174,0.08780746598151194,0.39986556029870646,0.7980731545412709,0.5897376524201872,0.6862105278386166,1.126442666289222,1.0717898478297343,1.069773679705122,1.0326447410948916,0.9101501474911551,0.9245205397450391,0.8733177592184802,0.6819036829698364,0.2992825726734046,1.115918194852462,0.9592125742478395,1.0429738410882,0.9913614297570446,1.1590292713663075,1.165135207833373,1.1048346625407106,1.0877438044696826,1.2955639212668757,1.2291555589908967,1.0752620667579817,1.2525525721575832,1.2143785061519097,1.2595924028137233,1.2220835822827212,1.2078949681781523,1.2271444889192935,1.1692795526709467,1.1983469644522557,1.143465588818147,1.2233510263504286,1.1744707163995862,0.7366565361817266,1.2365523438203354,1.118727065350825,1.2228660586363418,1.2031170133363176,1.1705382929387476,1.2093515799116545,0.7771544388342413,0.9127384559548339,0.5876862092147144,0.4130030902291235,0.6616610019323177,0.43430021858006285,0.5039067650039271
106,0.0,0.0,0.0,0.0,0.0,0.0,0.0,0.0,0.0,0.0,0.0,0.0,0.0,0.0,0.0,0.0,0.0,0.9204042840834887,0.9153079980110075,0.014610793917259217,0.27028632881271,0.23127476203723457,0.08241642869746814,0.12833673793973155,0.15571221797329693,0.021041896691048043,0.0042996400009338185,0.42921890537036234,0.4013180234023217,0.44818752203201484,0.31837904519695237,0.36454865163757777,0.6588253015070222,0.5857543551291382,0.5890512330425994,0.15043647435477167,0.1995792509966624,0.28151205212727415,0.09759785511719936,0.23115688075355795,0.31857264348629366,0.15728589280443914,0.6108581197027116,1.7435439025485309,0.6855902026701224,0.8775003057271533,0.36047720079305823,1.0269421915789163,1.2527258105546935,0.5445661289962151,0.33286759982361597,1.2243922204164717,0.2274894122097187,0.9285731950723466,0.9301745237340779,0.8009320274323919,0.7861993472350539,0.8344613164308536,0.31540132686529054,0.3422924707846835,0.4084012289150365,0.39447752178591944,0.8026197111299957,0.8604834887469499,0.3330031114863876,0.8209581152234708,0.29659613521717954,0.6922325933214895,0.7655678643988328,0.6868270080928993,0.36187561419121383,0.10434597952753184,0.40551798022898855,0.8446261388562561,0.6220250907077747,0.6933754695458423,1.1844873455847846,1.1524329275924572,1.1546794107945004,1.1122089134824336,0.959803871355609,0.9706879544121767,1.7224210897511512,0.7514824446188852,0.4018201499803057,1.1009726091186778,0.8562957466312455,0.9779521954470791,0.965789767531894,1.1554968138916593,1.1635896706138737,1.0546940850029038,0.9775122315625537,2.1811176384217106,2.0401485838342523,1.3544295508092787,2.1204752941121114,1.9135833660965922,2.136996870744042,2.713293024289669,2.6968977298620302,2.738176560480497,2.2964593872637593,2.2832871427050563,2.0492879765488308,2.7389685628450025,2.2614398363782904,0.7605605948622269,1.2318273197605265,1.1273406150822467,1.2006567277592524,1.1769924262368825,1.1581611841288009,1.1927757832909265,0.7612579122687659,0.8903897156810103,0.3204942089594906,0.2882726949096496,0.506876581020173,0.43374206577020846,0.3924041802817928
107,0.0,0.0,0.0,0.0,0.0,0.0,0.0,0.0,0.0,0.0,0.0,0.0,0.0,0.0,0.0,0.0,0.0,0.9709481940949711,0.9204798955266256,0.0,0.37895682415034404,0.41742466974314496,0.2637482547879122,0.237728596473543,0.28025327776469966,0.1979003498115426,0.058066623930897704,0.4996003213673248,0.4705832917922059,0.488398368158375,0.4844382467150776,0.46124076668930636,0.36329086771729635,0.33498215315472635,0.3444542025855193,0.17359815038573645,0.24455650887193392,0.32385722075605394,0.13368784147245044,0.24243494158860202,0.30941180167699645,0.19120994938834707,0.3642674119321341,0.9669345506671334,0.38981947677558226,0.4446917739514902,0.3687997438689272,1.12598865473342,1.32688373712881,0.7477751917677105,0.3854743902455203,1.2124123812577068,0.28161678056951306,1.0978925741109093,0.9230012135371868,0.8028932414172112,0.8140090365108699,0.7915251040560798,0.36596991746584895,0.3432857612233806,0.38101742689177387,0.4816064418120768,0.8381025608790651,0.8741956899124395,0.32959178351608376,0.8179931962061122,0.3048955518217993,0.7933789866088183,0.7601063813732933,0.6978074079075245,0.3528753773485568,0.11672848434613334,0.4140774951514862,0.8927145154789287,0.6588855921373933,0.7207073260991763,1.264596807086491,1.3392211752556413,1.3568989737846948,1.2989657151706524,1.0707924265972517,1.0611638040716675,1.0393417195218717,0.49142934085691237,0.4026858639185562,1.04389636178594,0.4668888833856555,0.8630848891779506,0.7834615569783714,1.1414982267669984,1.1536453455337323,0.8923993032524518,0.4680703566682821,1.261587481945753,1.1826136565653087,0.6503857350022508,1.2325137898733374,1.138716690514185,1.2453080481209327,2.7192483818544133,2.700118543489225,2.7474274224805413,2.2669336134265627,2.352617274170438,1.822543325731008,2.7316629634478886,2.250589272523653,0.7514812957895174,1.2318387481635398,1.1270742699315122,1.1985845708373546,1.1691548800815,1.1507275815896136,1.1779194236926784,0.7607841859871858,0.8859904726334165,0.23421008674609411,0.3638124795499543,0.4234171494485185,0.4116852196314973,0.38602862479176536
108,0.0,0.0,0.0,0.0,0.0,0.0,0.0,0.0,0.0,0.0,0.0,0.0,0.0,0.0,0.0,0.0,0.0,1.3420723362362974,0.8811809031489122,0.0,0.5493947135886676,0.6117416154692861,0.4959014937781503,0.21127682532856795,0.34727158246301193,0.382228741359972,0.12154406642893872,0.6846801429710467,0.6312322145976172,0.6576317877784188,0.6549327807764103,0.6153754747538249,0.3689121415518457,0.34288635216632635,0.34865520951130957,0.20382730155619394,0.2816481093688802,0.3771371619987157,0.16450967071567213,0.24197922686622675,0.22384609630486818,0.2225774303130325,0.34931530994657267,0.9233323830154276,0.36902242683060393,0.4121812780977052,0.35865756628253775,1.2420607324326305,1.3318304336135043,0.8637493659696989,0.42315975371958015,1.2359760942101659,0.38048515909335867,1.1691518726056587,0.9273282138458567,0.8456543326146768,0.8011763319750451,0.8366097398805126,0.40823756242283604,0.33378911022006896,0.4016540499108934,0.54708875632944,0.8245593955890609,0.8354876501810109,0.3197911414584933,0.8215166092236146,0.2884155003030753,0.7826004200465277,0.7375760559603175,0.8141825695386753,0.3107478206534039,0.09759803243072145,0.3944021396936238,1.3695400731803602,0.7657530409458961,0.7874210978252385,1.8701169831183506,1.9189498190232044,1.9863537740969832,1.8798789366119593,1.3544533388761,1.3138326853465392,1.0470226780080338,0.5966826951499371,0.5110027852101555,0.9353700854002902,0.485216159638447,0.9271071326826963,0.8581989762962507,1.143679961849557,1.1586979671264999,0.7763553795107767,0.5234271806891525,1.238992729155143,1.177038941166984,0.47582233293100085,1.213836846887716,1.1220213088549436,1.2257920391202788,2.723452087757323,2.7098679322243697,2.7491709858732065,2.2656919938357447,2.3932331671575433,1.7660220187268694,2.743035913708809,2.257083889677178,0.7388452616683026,1.237958110366037,1.1360559511040123,1.20493870607892,1.1747258185243687,1.1457569154925693,1.1770467456694185,0.7189438513938509,0.8975105665633407,0.27282952809349537,0.42991927911918315,0.3883388505789429,0.4027598555088163,0.4281796430465924
109,0.0,0.0,0.0,0.0,0.0,0.0,0.0,0.0,0.0,0.0,0.0,0.0,0.0,0.0,0.0,0.0,0.0,1.281565260902883,0.9650385450858789,0.0,0.515020825322174,0.5767653227265885,0.4644883435894849,0.2300089561830932,0.31186218770194274,0.39915307033512093,0.15378062915926094,0.6778532760654343,0.6262007872175124,0.6496385436718342,0.6477926439418167,0.6147528919296619,0.3915525845150114,0.355210094226992,0.3710444941492157,0.22623815095458155,0.29597238983585783,0.36005417024310926,0.16292751198854333,0.25631648847829125,0.17443746561339218,0.23825342440622577,0.36625106309011146,0.9169624348136125,0.38146371218546227,0.42275141253048787,0.3604798260695048,1.3409277871869278,1.399457288949634,0.9461765276697873,0.39911331075372636,1.3190932542493945,0.47612117347354344,1.1699270698133648,0.9685028928613897,0.9696680008753766,0.764968559672043,0.9906090532469145,0.37429447174110553,0.32057049418941164,0.35353805097596636,0.55435427814105,0.7716054564702026,0.7801682034452693,0.3257775982650881,0.816463937181954,0.2805864489021589,0.6789172924700559,0.6759507571548218,0.7519753416338024,0.26074517596415914,0.08746732524934675,0.32739784826549956,1.2710414144776223,0.6985224350994497,0.5960909556105595,1.7984755918441806,1.8527890444667747,1.9133483713030444,1.8178458838142433,1.3148727958769126,1.2685757603044179,1.0813980516204538,0.6959033062329747,0.589728814673204,0.8289798608140782,0.5925128174506324,0.9670234966034261,0.9322768869793387,1.1397914130484423,1.1513592764385976,0.7853389393731409,0.6399512931677824,1.2241621985303937,1.167473139940057,0.5133890607465905,1.1931318711431231,1.1119248322830764,1.2145506305241724,2.734386211461242,2.731849123543725,2.7451086989894975,2.2625543138700017,2.421987818873159,1.9339787344365167,2.7659770656609908,2.237849827418689,0.7660860396533735,1.234938488350025,1.1506185887143658,1.2048745524751254,1.1695774000478387,1.124043625168639,1.158861732896554,0.7660858672256463,0.9301169622045791,0.3675535144355271,0.5429716190726159,0.38920804136109655,0.42491954376055663,0.4701048980861695
110,0.0,0.0,0.0,0.0,0.0,0.0,0.0,0.0,0.0,0.0,0.0,0.0,0.0,0.0,0.0,0.0,0.0,1.321981106779318,1.0205207770628806,0.0,0.528636760221783,0.5795810482080026,0.4633546034048941,0.2537826223610075,0.27936030907314957,0.3993030482039659,0.1760333597448975,0.679579497918894,0.6212898574044745,0.6495798116931883,0.6370067010357281,0.6086478572673797,0.40041775751888053,0.3667011334493342,0.3734381421165027,0.2222501764538748,0.2856605785260594,0.3172911324806166,0.12942608513076465,0.2623952540020902,0.15430322158531345,0.22361132167832654,0.35582846427685766,0.9036870276696263,0.3658086284132711,0.4038911290735996,0.34405146485939686,1.4255739563516663,1.4818083193677012,1.0183004662248516,0.3390367465406553,1.3958336712258346,0.48032291950165706,1.388716296467729,0.9866755535179581,0.8740392591372728,0.6318491311756771,1.076103223390522,0.3189272056174729,0.2877869235187245,0.32469589282867317,0.4899813549194064,0.6981632715295882,0.5842398633271464,0.3098681804799108,0.7497557299375206,0.24311945388432588,0.6269620014524147,0.5164231770217063,0.7579541734381092,0.28913449388608614,0.10305419780893513,0.2894596013733573,1.2988294426572793,0.6204752722947587,0.4315342378654943,1.853628939788905,1.8573507013650463,1.9171600348626328,1.8171951262752941,1.3056941916767388,1.266181873795309,1.1159882889232904,0.7546816011871491,0.6442421491533139,0.8061340093354228,0.6747482100045892,0.9801782932566647,0.9747591657758115,1.139635599707617,1.152005281255697,0.7907797686135276,0.7617844232335584,1.2064118484813662,1.1480929944616491,0.6303686111337268,1.172105087141972,1.1026667113018878,1.1984816080221208,2.838588842183526,2.841415737710122,2.853630334706395,2.3300679165347553,2.5214485672084024,2.248941138538944,2.8740909426396684,2.275916095696269,0.7546428309969997,1.2330784546973916,1.1482207102719997,1.2089898892705264,1.1732563313037865,1.1296256482610776,1.1651506143360564,0.7847342746031334,0.9629653012641768,0.46265018726102336,0.6237362725103364,0.42208992237877674,0.43039490850014417,0.495064898186498
111,0.0,0.0,0.0,0.0,0.0,0.0,0.0,0.0,0.0,0.0,0.0,0.0,0.0,0.0,0.0,0.0,0.0,1.3820098350232088,0.9913244085124373,0.0341764066115141,0.5520055190955571,0.6041809715441278,0.4819885905197372,0.25625631882133054,0.27224772427511373,0.4151984132892401,0.17876141445449573,0.6817921073743491,0.6333528614003203,0.652980719491925,0.6408262329651908,0.6175938346055103,0.40045171556266723,0.37107028829186994,0.37451253920178074,0.18968864943034547,0.2476302618162381,0.21276634479592704,0.0808758996062738,0.2782321446150601,0.1763588595602138,0.17154348037653955,0.35665186681851857,0.9308739941989828,0.36625390141035963,0.41354740509632393,0.3447034089236938,1.7619088887326964,1.8944097193016205,1.2658956305461562,0.2647750246807849,1.7022608404131905,0.4626567143368622,1.9031322399022512,1.1115644426208298,0.5390476691750772,0.41274641941528545,0.9156155687208467,0.23861721254850682,0.2333975365561819,0.3358728542661301,0.366392839613485,0.8687471323311087,0.4539286875830263,0.2834693557210035,0.5614116256185466,0.20540319800826368,0.8355403870983844,0.43967340472122696,0.7831492289565822,0.30337000842586415,0.12225363288283914,0.2832997680678888,1.4915247764661217,0.5758224914453509,0.4074256078920653,2.030670065272716,1.9097322011260474,1.9718056216664053,1.8583548842960553,1.3205697681136708,1.306161067430759,1.148826898812331,0.7735533472085758,0.6926908335107909,0.8382020411442923,0.7402723040193249,0.9992043374850006,1.0073158324390672,1.143959308436024,1.1601996968092863,0.7948098616756152,0.868233618599473,1.2255442381683679,1.166061877745733,0.7369305705597018,1.1875085523315647,1.1247392099089701,1.217218696976488,3.850191109235311,3.852957804048856,3.871074273760314,2.9278705305033874,3.260120995618326,3.133536223458787,3.898724489097731,2.8137545173493947,0.7357029142783631,1.2348712203445587,1.145095972959382,1.2160088051757683,1.1827774280846945,1.1441253287714819,1.191849270599942,0.8415000388623071,0.9662988760468352,0.6351737540104148,0.7585954109354773,0.47287484473291863,0.4652810020771856,0.5486993751198683
112,0.0,0.0,0.0,0.0,0.0,0.0,0.0,0.0,0.0,0.0,0.0,0.0,0.0,0.0,0.0,0.0,0.0,1.3599910126637011,0.9799849576538335,0.1478948778681231,0.5746450772314651,0.6272386443400455,0.4864458957512552,0.26913062426501133,0.2521184727407666,0.4286616370388663,0.18095459927061006,0.683197548474709,0.6356101503000753,0.6561796967856104,0.63696940486144,0.6392969118762108,0.4055906811481691,0.3665792824420695,0.38175071344414224,0.2050797350459872,0.24154923074039492,0.22088674923224944,0.0824248261837405,0.2916171222891554,0.1851805379869918,0.13948344657750655,0.3791910646466379,0.9154791875154444,0.37207885422947795,0.4177060406655073,0.34450709370012844,1.356272232126674,1.3890839575906284,0.9879760679102514,0.31368824471416895,1.3394509401823083,0.4651318805113488,1.4549474639445936,1.023751363478827,0.2970515589719565,0.1836889084030679,0.2890581903426064,0.2846950664676118,0.09757636426068184,0.29536845586653915,0.2179786278324325,0.6217920140546997,0.20269566920661375,0.05535604025022048,0.14482789772545596,0.08154682090687126,0.6340521025154746,0.2866918763234258,0.7886736350118928,0.3303766385171922,0.1562717963327984,0.2960657987407028,1.466370031927454,0.5561955540375972,0.44721969873092837,2.060146338699269,1.9053043580490545,1.9700984440804348,1.847126985129254,1.3149486320368515,1.31531836259393,1.1476521191652864,0.785781866115252,0.7363376281993503,0.899848837919869,0.7813177357877668,1.0029979944850034,1.0204144176126508,1.150687975983601,1.1554502575309016,0.8208543960249575,0.9333796213172922,1.2219421493609843,1.1743736444125261,0.8047762734595527,1.192372795594565,1.1262068114721249,1.2160581793286838,2.726731399725395,2.7078509043712984,2.742595793446526,2.238859067028651,2.407989051813896,2.444116443958741,2.7596771941789484,2.175509313603831,0.7592779628448625,1.2305504881517493,1.154110823923304,1.2069482488039895,1.1970471827951457,1.1518692500262038,1.1938467489974656,0.8746491174653777,0.9796177260185885,0.8648588709087219,0.9140688291087908,0.6888959717186793,0.4993375824693196,0.6696076235988708
113,0.0,0.0,0.0,0.0,0.0,0.0,0.0,0.0,0.0,0.0,0.0,0.0,0.0,0.0,0.0,0.0,0.0,1.3798231486685157,0.9928080189020674,0.3664550896441626,0.5852601108192914,0.6269301382300858,0.5152521191290611,0.2491523219674906,0.19035924867894422,0.42501667452317604,0.1631128143900543,0.6835774482096895,0.6239540804132062,0.6545984840240759,0.6303964057795559,0.6297329407869294,0.3891465089036501,0.3503691114443326,0.35177397602881433,0.21219470405140545,0.14709423928621787,0.1135443498670547,0.05546299893627221,0.1872730537156454,0.09831737770580465,0.054668734434104395,0.3836944783824632,0.7708744144676842,0.3224102699842395,0.44599605189432623,0.2986306129298859,0.6910930997025782,0.8198834912764141,0.40729013043193807,0.13142343548497415,0.6949610957139343,0.09528044642712875,0.49945103977764305,0.48283851309903225,0.0,0.0,0.0,0.18825274943364717,0.0,0.02983577546773739,0.07781933054367517,0.0,0.0,0.0,0.0,0.0,0.0,0.0,0.7925411757758525,0.34839580793925917,0.17909197270833394,0.31963448533252103,1.462492784384267,0.5718303512280379,0.4704311770978422,2.0662776478930027,1.9084649138480962,1.9673253335567438,1.837995959393993,1.3187601602088468,1.331048686474419,1.049294837735033,0.7586426023890684,0.7680833607989617,1.026324611799918,0.8688656362724227,1.0470249761271067,1.072011959924092,1.1561352322023595,1.1579666711186292,0.9613943048727567,0.9724023488293243,1.2258150736925018,1.179388804322798,0.9248245158860064,1.207683304863167,1.1282586970189392,1.2204079787697992,1.7657691981148673,1.7293142984963197,1.7734031200088793,1.562348763214402,1.6043683278822662,1.6759125194014288,1.7864499709048687,1.4991280916929721,0.7462755288631797,1.232578452909678,1.147106246010992,1.2195332244132118,1.2166659121591081,1.1672779443665071,1.2101612179205077,0.8893688490837093,0.9838084116055796,0.9277072833457467,0.9134028379645951,0.8164948074317522,0.4932854043281374,0.7060842287925428
114,0.0,0.0,0.0,0.0,0.0,0.0,0.0,0.0,0.0,0.0,0.0,0.0,0.0,0.0,0.0,0.0,0.0,0.9818583096181781,0.9049266831888307,0.314292561573658,0.3682502511312311,0.40604575968618395,0.3472362731223877,0.1692082179454023,0.06163832919639124,0.33903765708195543,0.09443059203974742,0.5795789085823344,0.45369485735924586,0.5259417548682324,0.5642043181610372,0.5206428662473823,0.30741846502860426,0.2576829642296361,0.24606606456722402,0.016839227816535667,0.0023968092887738175,0.0,0.0,0.006186881275943535,0.009426015381192282,0.0,0.21573626688520853,0.778708954168343,0.04234400952981442,0.4393064099449475,0.07005475916461715,0.058489847284800264,0.0,0.0,0.0,0.14759303075190514,0.0,0.0,0.019716909200476786,0.0,0.0,0.0,0.0,0.0,0.0,0.0,0.0,0.0,0.0,0.0,0.0,0.0,0.0,0.6551506520856809,0.34250908414042897,0.20579772714400085,0.3626155506952106,1.2878109911630418,0.6416249095737648,0.5077639706836468,1.7814131598133827,1.6291451426595849,1.659559965647432,1.558593065457913,1.1916806888321263,1.2012376840386487,0.940645481793581,0.7348040252295323,0.7989034432276814,1.088475469073824,0.9869799046241576,1.090947122516205,1.1090928525641175,1.170643636447494,1.1739661949250149,1.023242813463149,1.0872377076287059,1.2342042020900408,1.1969932627007438,1.0687299016835823,1.212556816826691,1.1395556387991235,1.2274153415928595,1.3823693941030797,1.3612632318363467,1.3959225366124883,1.2897712821069973,1.3036252609756254,1.3526578229796584,1.4122439002567262,1.2475937897914893,0.7291795320711572,1.2353315164797039,1.1398313357698555,1.2335411810376797,1.2271969947685264,1.1815385119052308,1.2220255170176557,0.893047591417087,0.9937966363654738,0.9574432882421373,0.9175786086019357,0.8522269062600811,0.4892554148323214,0.7273270667999459
115,0.0,0.0,0.0,0.0,0.0,0.0,0.0,0.0,0.0,0.0,0.0,0.0,0.0,0.0,0.0,0.0,0.0,0.9547737223634432,0.8034121994936512,0.512216512933326,0.3179216923446362,0.3091911138992741,0.19752394173727927,0.031042755569505635,0.0,0.1315476509306678,0.01598710331847083,0.39435988115292275,0.034105531302093074,0.228102121623447,0.2957263567797662,0.17709892127329407,0.30440276445995096,0.017293528406608118,0.021281342673115496,0.0,0.0,0.0,0.0,0.0,0.0,0.0,0.0,0.0,0.0,0.0,0.0,0.0,0.0,0.0,0.0,0.0,0.0,0.0,0.0,0.0,0.0,0.0,0.0,0.0,0.0,0.0,0.0,0.0,0.0,0.0,0.0,0.0,0.0,0.6493350335247607,0.3548563135753413,0.22629270479568697,0.374877633310688,0.8750192889538084,0.6442427090432197,0.5421983989080564,1.2009549580470775,1.1032544019450263,1.1118873006053036,1.0582364576296222,0.899245765714082,0.9155879897501285,0.8884548657424602,0.7896418332637243,0.846720135212256,1.4776651728956018,1.3072644898960322,1.4733826099093683,1.4978742508374445,1.5997998382008518,1.6062903040728997,1.3584877660891923,1.458617604143999,1.638363828529691,1.5805586245473933,1.4140287766853703,1.6147347846417688,1.5093549876828263,1.635702343970479,1.7714724922716414,1.7532888370460569,1.7812314096081536,1.6065717155774948,1.6622318182227147,1.7032104607509524,1.7968680308840703,1.5369616790056373,0.9793961160460185,1.534669272644777,1.4461994303187566,1.5095621067465146,1.4921256935175151,1.430963895442808,1.4955355758650057,0.9070291178564638,0.9745293910209085,0.9647627905482459,0.931557270314963,0.8557009418793449,0.5101445155207003,0.7537155690482185
116,0.0,0.0,0.0,0.0,0.0,0.0,0.0,0.0,0.0,0.0,0.0,0.0,0.0,0.0,0.0,0.0,0.0,0.954999705825955,0.8142782862314037,0.7821927395527717,0.03133902010631221,0.015784227510212762,0.010390611078905584,0.0,0.0,0.0,0.0,0.0,0.0,0.0,0.0,0.0,0.0,0.0,0.0,0.0,0.0,0.0,0.0,0.0,0.0,0.0,0.0,0.0,0.0,0.0,0.0,0.0,0.0,0.0,0.0,0.0,0.0,0.0,0.0,0.0,0.0,0.0,0.0,0.0,0.0,0.0,0.0,0.0,0.0,0.0,0.0,0.0,0.0,0.658286193467857,0.3723312814389834,0.2291939283352577,0.3743491542246833,0.8681035001213786,0.6863209188405119,0.579449300547284,1.1900438638476771,1.1054056396638785,1.1073979191573926,1.0529462911337397,0.8994448005751776,0.9127281436261949,0.9010107413414516,0.8179076406224546,0.8766732077843926,1.7007818773152579,1.475156191708602,1.6881218541791334,1.7114489664487174,1.850460502122587,1.8585422883625142,1.5295651434733788,1.742008481618866,1.9616570597499958,1.9019685164194016,1.6613145068274466,1.925536182578071,1.7934354416599199,1.9537299303192412,1.8230652036945685,1.808234173737219,1.8307341252075275,1.6369632434491113,1.7055068632507258,1.7495468595386896,1.8523956928875123,1.528868953751756,1.0922112895191276,1.7386984729159565,1.6184875356455564,1.709018554137728,1.6947596989544422,1.612763485417677,1.6940554699483101,0.8955600825845096,1.0036444650846903,0.9728285022517422,0.947618201808238,0.8553537636057547,0.4875248125985223,0.7733336477936676
117,0.0,0.0,0.0,0.0,0.0,0.0,0.0,0.0,0.0,0.0,0.0,0.0,0.0,0.0,0.0,0.0,0.0,0.963255606285383,1.051999078858381,1.3091596299731023,0.0,0.0,0.0,0.0,0.0,0.0,0.0,0.0,0.0,0.0,0.0,0.0,0.0,0.0,0.0,0.0,0.0,0.0,0.0,0.0,0.0,0.0,0.0,0.0,0.0,0.0,0.0,0.0,0.0,0.0,0.0,0.0,0.0,0.0,0.0,0.0,0.0,0.0,0.0,0.0,0.0,0.0,0.0,0.0,0.0,0.0,0.0,0.0,0.0,0.6655768359503904,0.3568210153418323,0.2156484795151981,0.38384546627710575,1.302512761541493,0.8536715417875211,0.7097011264470008,1.7704266268992797,1.1260193660505564,1.1230936386512553,1.063332989740207,0.9002839825940088,0.9188682128736021,0.8960129279257671,0.8336460106952757,0.8911921905978266,2.233745421697698,1.7743849171428572,2.176178758614057,2.2174352203299676,2.493955700825609,2.5014546022866853,1.8635157645025897,2.123086918726777,2.4183401858372235,2.363735782323147,1.9501994546995132,2.391308718986693,2.1772863448047914,2.4216561756038573,2.5839398261578026,2.579631555967353,2.593861473738798,2.16901792103506,2.350270643097165,2.425283235278613,2.6286226799948054,1.8546384276971146,1.5380270842870232,2.4613325519582077,2.3035542554335677,2.409920391456893,2.3908838537008705,2.209179766465411,2.3770802674376483,1.567686280439716,1.793620709213755,1.637399952132922,1.6144788282278846,1.3250178896775617,0.8491427193078813,1.1124998006336049
118,0.0,0.0,0.0,0.0,0.0,0.0,0.0,0.0,0.0,0.0,0.0,0.0,0.0,0.0,0.0,0.0,0.0,0.9562818640630946,1.0851746037642518,1.3517656524767556,0.0,0.0,0.0,0.0,0.0,0.0,0.0,0.0,0.0,0.0,0.0,0.0,0.0,0.0,0.0,0.0,0.0,0.0,0.0,0.0,0.0,0.0,0.0,0.0,0.0,0.0,0.0,0.0,0.0,0.0,0.0,0.0,0.0,0.0,0.0,0.0,0.0,0.0,0.0,0.0,0.0,0.0,0.0,0.0,0.0,0.0,0.0,0.0,0.0,0.6574039152175923,0.3477592669889302,0.19611791790770022,0.37252391481916625,1.34901371958631,0.8925689859516597,0.7553597140860526,1.8034299648425076,1.1243675823524555,1.1216481131397416,1.0456934409777645,0.8882254793620579,0.9115405889485855,0.9001603612650797,0.8494096993426314,0.8874007347244035,2.2676924810870176,1.670484679807812,2.1574096495549124,2.2002129473629957,2.5215249426692026,2.5288294976053294,1.822674048304017,2.3148970469336447,2.6531173631810816,2.620910790952621,2.0088824183533047,2.6291954900952987,2.3211525429199433,2.665607349576021,2.7164465627683967,2.700552482934654,2.7296073032775894,2.144972539515283,2.4555594878573146,2.5347174222759037,2.757463721321983,1.6625830566636033,1.6696588227744087,2.5719484947035767,2.4220203692869973,2.513278042834685,2.492475721032605,2.2769919132948573,2.46886059712412,1.6230341061276903,1.7746396049315507,1.6647686420078411,1.6358082893864285,1.3450311286716543,0.9162482297788692,1.1459358255729857
119,0.0,0.0,0.0,0.0,0.0,0.0,0.0,0.0,0.0,0.0,0.0,0.0,0.0,0.0,0.0,0.0,0.0,0.9943316503941508,1.2352803335087468,1.4165226510360611,0.0,0.0,0.0,0.0,0.0,0.0,0.0,0.0,0.0,0.0,0.0,0.0,0.0,0.0,0.0,0.0,0.0,0.0,0.0,0.0,0.0,0.0,0.0,0.0,0.0,0.0,0.0,0.0,0.0,0.0,0.0,0.0,0.0,0.0,0.0,0.0,0.0,0.0,0.0,0.0,0.0,0.0,0.0,0.0,0.0,0.0,0.0,0.0,0.0,0.6638036012518829,0.34478910724328465,0.1964761474185978,0.38851729324028356,1.8018284521144778,1.019907850007773,0.8566928477045939,2.391441179330286,1.1275199288271267,1.1227654928151196,1.0401017468240052,0.8753835153673948,0.9017753807991582,0.9183314426354627,0.8469372040082757,0.8651797508136729,2.2853589627530546,1.495482406622239,2.101751622170841,2.1383502239771737,2.525339616717247,2.532647083266056,1.8344756759621088,2.316647221441798,2.671701851002581,2.657939952061497,1.8492230799022522,2.647358245012583,2.2548694103459965,2.685763780034904,2.7167299653956434,2.7040601962726214,2.7331840937113157,1.9636708153291984,2.494812871979839,2.538693861142562,2.759763438081791,1.3932239014167225,1.6528788252358027,2.5859662337865075,2.431081058635016,2.5247652547688517,2.512369656326854,2.2852716093561227,2.496772613953965,1.6026563942200553,1.7695146781778988,1.665111777142041,1.6467210994237114,1.3578828615926728,0.896027192162439,1.218877497565361
120,0.0,0.0,0.0,0.0,0.0,0.0,0.0,0.0,0.0,0.0,0.0,0.0,0.0,0.0,0.0,0.0,0.0,1.2561399199767491,1.8141555830041425,1.5058739445686067,0.0,0.0,0.0,0.0,0.0,0.0,0.0,0.0,0.0,0.0,0.0,0.0,0.0,0.0,0.0,0.0,0.0,0.0,0.0,0.0,0.0,0.0,0.0,0.0,0.0,0.0,0.0,0.0,0.0,0.0,0.0,0.0,0.0,0.0,0.0,0.0,0.0,0.0,0.0,0.0,0.0,0.0,0.0,0.0,0.0,0.0,0.0,0.0,0.0,0.7526181793970108,0.3507298362510024,0.2147265590011937,0.44284445113386556,165.39973700686232,1.4237575983075594,1.132955109260705,284.52138901217404,1.5132341508014804,1.5200195447738167,1.3657771637626723,1.052769365190402,1.0887833584332536,1.1378322435857626,1.0283834122488695,1.0147332052436182,2.313283121059044,1.3553856954514694,2.065541988568018,2.081327837256259,2.537771545248688,2.548096348546096,1.9473521179931161,2.369262101606484,2.7334774563423707,2.723108043508546,1.7193451377659388,2.700245991072734,2.136173405103998,2.7365054998808773,2.725220416654338,2.7103921201724006,2.7302946425479604,1.7383116880447673,2.553088934467965,2.543233919841896,2.7577248725501704,1.1977661894781462,1.625885620750978,2.601920435831005,2.4378700683857346,2.5363073950823463,2.538529614881682,2.301479211910255,2.49600195289117,1.6057421937113219,1.7912219523600328,1.7296694862330106,1.6821959799320698,1.410097803612219,0.898220419648073,1.3306626176740934
121,0.0,0.0,0.0,0.0,0.0,0.0,0.0,0.0,0.0,0.0,0.0,0.0,0.0,0.0,0.0,0.0,0.0,1.583270587803148,1.7781552137388805,1.499933013778791,0.0,0.0,0.0,0.0,0.0,0.0,0.0,0.0,0.0,0.0,0.0,0.0,0.0,0.0,0.0,0.0,0.0,0.0,0.0,0.0,0.0,0.0,0.0,0.0,0.0,0.0,0.0,0.0,0.0,0.0,0.0,0.0,0.0,0.0,0.0,0.0,0.0,0.0,0.0,0.0,0.0,0.0,0.0,0.0,0.0,0.0,0.0,0.0,0.0,0.8393280478079028,0.3604947137185029,0.20091277244398645,0.4667295239377634,514.5970721059316,1.4971976501364803,1.1630910791592468,1445.23547784915,2.12274592749462,2.179035062134062,1.9040765930870514,1.2381786955109448,1.2744042937849454,1.489827533290736,1.249736174371031,1.1768309420399556,2.4913842440119964,1.2923005742966946,2.1235147917740917,2.162339772245762,2.751525596184365,2.7628285454848083,2.186237764534205,2.5300363814321223,2.967869490279554,2.975032204140007,1.732726587302495,2.927800377467065,2.0334175325213844,2.970443109050393,2.7033182225513883,2.6980483940078557,2.7298042888287455,1.4688984833191867,2.5885824232339374,2.528157216964363,2.7430552451114636,1.0710649214502572,1.6814453607569249,2.6063825475786473,2.4547284298661793,2.5349817486978736,2.539252638299402,2.28191851569332,2.4789828915491157,1.6298484376850908,1.8797767729896577,1.7574611354939904,1.6850413582898334,1.4635611955882597,0.9367047421940953,1.4160637513046472
122,0.0,0.0,0.0,0.0,0.0,0.0,0.0,0.0,0.0,0.0,0.0,0.0,0.0,0.0,0.0,0.0,0.0,1.5849052851744743,1.7497327735273112,1.470730402358889,0.0,0.0,0.0,0.0,0.0,0.0,0.0,0.0,0.0,0.0,0.0,0.0,0.0,0.0,0.0,0.0,0.0,0.0,0.0,0.0,0.0,0.0,0.0,0.0,0.0,0.0,0.0,0.0,0.0,0.0,0.0,0.0,0.0,0.0,0.0,0.0,0.0,0.0,0.0,0.0,0.0,0.0,0.0,0.0,0.0,0.0,0.0,0.0,0.0,0.837491124533499,0.35117248844620363,0.18796240674980735,0.5021858199018313,645.6706657243112,1.5481904847307166,1.1598216654833577,2449.8409870970936,2.1369249539665454,2.21078561459575,1.9809186264038914,1.193380563194264,1.2164510434258644,0.9145040674884513,0.82960133552423,0.785268597052613,2.486274051562958,1.3230754912485434,2.0660672728934415,2.1457367308970845,2.7472318274885765,2.759801514170249,2.246067524171803,2.541256722859483,2.9969085604825523,3.0053795163694303,1.83822704554193,2.9435429493314587,1.9031124787570297,2.9865187808609335,2.6902591598372965,2.6955932012660924,2.726885456489981,1.270513173017768,2.5962499018561402,2.5208127618634464,2.7320751755632955,1.08489347045658,1.6435319662821257,2.5833835123661686,2.4201347425133406,2.5044566503893932,2.522478287012987,2.257169764091639,2.443599086507369,1.5919301446804184,1.8323369063498376,1.7321153646591867,1.644448710395153,1.4821889268986927,0.8917762243635607,1.442029039507232
123,0.0,0.0,0.0,0.0,0.0,0.0,0.0,0.0,0.0,0.0,0.0,0.0,0.0,0.0,0.0,0.0,0.0,1.6495425588712784,1.6739259240114317,1.4800299172579816,0.0,0.0,0.0,0.0,0.0,0.0,0.0,0.0,0.0,0.0,0.0,0.0,0.0,0.0,0.0,0.0,0.0,0.0,0.0,0.0,0.0,0.0,0.0,0.0,0.0,0.0,0.0,0.0,0.0,0.0,0.0,0.0,0.0,0.0,0.0,0.0,0.0,0.0,0.0,0.0,0.0,0.0,0.0,0.0,0.0,0.0,0.0,0.0,0.0,0.8556908152969194,0.34811602194865743,0.15219746670002346,0.5229144829038548,704.940399527191,1.605147619771971,1.1651638462735743,3403.4052354968007,2.2947846760038786,2.393048255385395,2.163273694262248,1.1747946114248813,1.2279388021581834,0.9317445309916366,0.835537211817913,0.7790921044394006,2.4013202897333024,1.4232388693924154,1.9854792692237169,2.1225507894056275,2.6421460728670354,2.657793589460198,2.171059994765111,2.5648323106271,3.044931111879123,3.0488119190067664,2.0403271977296926,2.982473367941566,2.019632248844733,3.0246030932612484,2.6848025399740436,2.698215530386733,2.7276959656592226,1.238406633692553,2.6202495743576435,2.5230496692251414,2.731975564303866,1.2167455093563229,1.606035346288536,2.5867382482057906,2.4078261995341563,2.5034593471710735,2.529733526887,2.2570732215234273,2.4385414999344803,1.5736333873263249,1.8233248890914808,1.7422015201682726,1.6317813693641536,1.513689707674085,0.8715973531702303,1.4824961817981253
124,0.0,0.0,0.0,0.0,0.0,0.0,0.0,0.0,0.0,0.0,0.0,0.0,0.0,0.0,0.0,0.0,0.0,1.6297167694251096,1.7231791324837153,1.4676517235952424,0.0,0.0,0.0,0.0,0.0,0.0,0.0,0.0,0.0,0.0,0.0,0.0,0.0,0.0,0.0,0.0,0.0,0.0,0.0,0.0,0.0,0.0,0.0,0.0,0.0,0.0,0.0,0.0,0.0,0.0,0.0,0.0,0.0,0.0,0.0,0.0,0.0,0.0,0.0,0.0,0.0,0.0,0.0,0.0,0.0,0.0,0.0,0.0,0.0,0.8381221077780894,0.34044053090521115,0.152200279719787,0.5253346500841741,681.4529326576219,1.6086043033733732,1.1710965268147517,2889.2421016824883,2.2670630989228897,2.3776060338897196,2.1828166064808556,1.1260623668658023,1.1988580308145207,0.8706680907780537,0.8182563499059787,0.7475041123431598,2.295319036600368,1.4703708368769632,1.9113267771986777,2.0971512420517904,2.5231831961209537,2.5335263802990085,2.0470218085046668,2.5666636465257007,3.060057037961087,3.0729353377300868,2.232548369998284,2.989777599577792,2.2473423721498555,3.036811088604736,2.6758786372693066,2.6806548670938355,2.7134879939549137,1.4036342451148127,2.612460556370891,2.496947001303493,2.7144201463124773,1.3357949922553458,1.6626117636058098,2.571406339774029,2.417549844879858,2.4827776506412675,2.5084932903498895,2.231359728837276,2.41948719298712,1.5898564430337423,1.8121040418354823,1.7377893665801665,1.615470361917545,1.5134713395818764,0.9029688176341892,1.493668560752786
125,0.0,0.0,0.0,0.0,0.0,0.0,0.0,0.0,0.0,0.0,0.0,0.0,0.0,0.0,0.0,0.0,0.0,1.6149500617706414,1.5565982432643997,1.466281854810493,0.0,0.0,0.0,0.0,0.0,0.0,0.0,0.0,0.0,0.0,0.0,0.0,0.0,0.0,0.0,0.0,0.0,0.0,0.0,0.0,0.0,0.0,0.0,0.0,0.0,0.0,0.0,0.0,0.0,0.0,0.0,0.0,0.0,0.0,0.0,0.0,0.0,0.0,0.0,0.0,0.0,0.0,0.0,0.0,0.0,0.0,0.0,0.0,0.0,0.8097348997117688,0.3177297746603703,0.13856764120662107,0.5183804338139069,635.4549865295455,1.5884938213061248,1.1732042608229059,2288.730874321991,2.2595735901878093,2.3736920845192913,2.1953547608230153,1.1225352688507662,1.190517080173644,0.8955065323862073,0.8115544464600655,0.7132895092766969,2.288536781810734,1.5559070741875622,1.9419455366210094,2.139911794098486,2.5218581751250895,2.532136344118044,2.0067555799984156,2.5729207136559893,3.0702280299010454,3.0793498587154318,2.3786027940456105,2.979186491415021,2.4307247220517763,3.0342171132942894,2.3234485688567474,2.3229300748571404,2.368652411241783,1.4884981345433035,2.295016016556019,2.1994767807673448,2.3809492183236216,1.3664066423877936,1.5589838708770003,2.4484697185368134,2.2991211473446356,2.3709762471376337,2.3900331092871454,2.129827700986267,2.3060401046083783,1.5674746737057994,1.8098436886289448,1.7374403401462963,1.6108104595803336,1.518449924621633,0.8854821163737903,1.514414876846283
126,0.0,0.0,0.0,0.0,0.0,0.0,0.0,0.0,0.0,0.0,0.0,0.0,0.0,0.0,0.0,0.0,0.0,1.5652454073782254,1.6830958345425784,0.8982659441245486,0.0,0.0,0.0,0.0,0.0,0.0,0.0,0.0,0.0,0.0,0.0,0.0,0.0,0.0,0.0,0.0,0.0,0.0,0.0,0.0,0.0,0.0,0.0,0.0,0.0,0.0,0.0,0.0,0.0,0.0,0.0,0.0,0.0,0.0,0.0,0.0,0.0,0.0,0.0,0.0,0.0,0.0,0.0,0.0,0.0,0.0,0.0,0.0,0.0,0.764733966040037,0.30523167945313895,0.10799705361468087,0.5184225090911567,553.4357897749167,1.5621032327943027,1.153224909425686,1501.8260237475115,2.141138472364073,2.2404196932366744,2.0871068109812825,1.12036568263736,1.1729793917359785,0.8886275524000666,0.8210958948646834,0.683749141010817,1.8044189214949178,1.3857562136537762,1.6336312155803938,1.7360818921082455,1.9440531793079572,1.949935012977221,1.61359158104551,2.5451799189340463,3.0083531708005466,3.0163951918857492,2.459166805946859,2.932139109936543,2.536543857180625,2.9728146321576787,1.7386197189111954,1.7301465876662405,1.7661874488840112,1.349678509445022,1.7333894546788855,1.6739881311848706,1.7737010496957737,1.2276260179001386,0.9484044268670004,1.5236174726149443,1.4235607591552935,1.4981099164327105,1.5039544072296849,1.3978881194214505,1.4617976785918785,0.8617828392995861,0.9869532471207236,0.992271173775702,0.9331092685916413,0.9175720342640385,0.4662326098741474,0.9058156341667694
127,0.0,0.0,0.0,0.0,0.0,0.0,0.0,0.0,0.0,0.0,0.0,0.0,0.0,0.0,0.0,0.0,0.0,1.5819956292189072,1.5659905643411658,0.8941043494323235,0.0,0.0,0.0,0.0,0.0,0.0,0.0,0.0,0.0,0.0,0.0,0.0,0.0,0.0,0.0,0.0,0.0,0.0,0.0,0.0,0.0,0.0,0.0,0.0,0.0,0.0,0.0,0.043360652456390446,0.7985314145807934,0.08275785839240196,0.003915735918103126,0.0,0.15882263650046752,0.22787547795778595,0.015169221946244066,0.20838360259201782,0.16203594353883782,0.29698849557381873,0.0,0.032957603069123195,0.163649094873993,0.01216491353601211,0.5585450041666447,0.3980878468741962,0.07077647233887158,0.4610888526658755,0.03336201946424792,0.30832378891056345,0.11815401590755281,0.7297863360555588,0.28591564048707047,0.11769885672579275,0.5269484881592954,117.53755764842253,1.4621165896808364,1.1002028077786092,175.96846470536548,2.053866260739369,2.1478910314412474,2.0119465326510877,1.1016310057047405,1.1671153963328376,0.8595163048103132,0.8288281921616161,0.6408519369180794,1.5112947905814664,1.2491956296054036,1.4187814851661962,1.483069469437421,1.6127167958693462,1.6155661695665913,1.3621002426129962,1.9038725739009763,2.1307264021597803,2.1065977692851448,1.8811735526893152,2.077609248473891,1.9136028014001667,2.1059576183761237,1.7267919391670148,1.7488249194302625,1.7644632475858089,1.4319837060774878,1.7255016248332282,1.656642598013942,1.7576073457767052,1.307122206230522,0.9532844137127086,1.5070654958649072,1.4192740080413841,1.4885953215432153,1.493323297317815,1.3804900579441046,1.4462527734212145,0.8764224552379822,0.9856334506630873,0.9883115036198902,0.9409379483569076,0.9124655192620263,0.4810440236879323,0.9059059017878042
128,0.0,0.0,0.0,0.0,0.0,0.0,0.0,0.0,0.0,0.0,0.0,0.0,0.0,0.0,0.0,0.0,0.0,1.2246679601289197,1.03208263338943,0.8953156703385172,0.0,0.0,0.0,0.0,0.0,0.0,0.0,0.0,0.0,0.0,0.0,0.0,0.26749899756532614,0.15646816495058685,0.08904321268522726,0.015066707161598743,0.05821155505502766,0.09570403871479025,0.026138589744635687,0.006178165578485692,0.0,0.024373210201550696,0.04039882331637546,1.3410583039942763,0.1397077247371634,1.1900929925802757,0.0,0.6186283813156934,0.7857637097913539,0.5160013208112852,0.2672451327606544,0.4849963620015333,0.584151278929613,1.0412393825262551,0.5168002866095682,0.7635731579509601,0.8382330395203414,0.7776783114844492,0.08367550606817205,0.30404616743160473,0.5634765372725914,0.21169634442345786,0.9068554085790961,0.8452963262110558,0.27023819434588314,0.7973586773340742,0.22644930471506913,0.8470300140290412,0.6874585618243105,0.6350247731104854,0.2616240395312286,0.11302913499841907,0.4958270459261743,1.771203921720371,1.0704985807147827,0.8745652653228524,2.351009656129463,1.4543265171777868,1.4811214367117884,1.4169716633603073,0.936430649633389,0.9742268916774344,0.8292244734602718,0.8371819411255883,0.5954090392308995,1.508502232878211,1.2766018382267053,1.4295923470213303,1.4863213087813278,1.609723421286617,1.6128606861748267,1.3420339444904172,1.8706741763958803,2.0925666837210883,2.069074197419468,1.8628854930462264,2.0395913893007673,1.9096466838924115,2.063462538411841,1.770286782005769,1.779292708538378,1.8071299643343082,1.5366089712717717,1.7674266173460182,1.6793443480742525,1.8123000427331135,1.4236035867909784,0.9311419213840963,1.5056045714927677,1.4125932149818539,1.490845860259924,1.4948740707620232,1.3635749547607254,1.447839864044731,0.8731172113325059,0.952478237713521,0.987594474739506,0.9504631676347159,0.9100660338780386,0.4750462196411753,0.907910674321375
129,0.0,0.0,0.0,0.0,0.0,0.0,0.0,0.0,0.0,0.0,0.0,0.0,0.0,0.0,0.0,0.0,0.0,1.103974575138631,0.8926532460022036,0.9026259291238139,0.013256755000345653,0.008462502282727557,0.0,0.0,0.0024816252401113257,0.0,0.0,0.5335514999273983,0.19855577283883935,0.39424234898212873,0.01050643452317484,0.03777121618636704,0.3132761489796394,0.3003548230651756,0.2842411205561386,0.19758191763685568,0.25980636639295673,0.3065037048335934,0.1040003444051366,0.13885064640828093,0.05265596548567431,0.2094906666655224,0.5427322077233641,2.2343545322800082,0.5982077735106388,1.051324793319509,0.156419850986832,1.1697949888462498,1.237405669176951,0.7581365472514365,0.5047894526277399,1.038635116730469,0.6849485546843823,1.721699867031358,1.1293582274352936,1.2781799581344195,1.1424567852468002,1.1254123161937075,0.194169667290876,0.4498081960782616,0.6288227266099975,0.5761442187337036,0.9468996780603263,0.9344385734355676,0.31273983392737703,0.8256128741593294,0.3032582966517161,0.9229026038949542,0.8402886285328464,0.6076181229621651,0.24410577065014177,0.11575954195383473,0.4841019700623084,1.180296431007264,0.9052812525453788,0.7689917833483597,1.599519891613454,1.45560681783952,1.4843014292955274,1.4193463935628472,0.9394495668636558,0.9704291647688357,0.8033978279054281,0.83864640449125,0.5253536274879076,1.5245340239969778,1.2759663032968254,1.3973356882357493,1.467328114609888,1.624744419939816,1.6274959222064354,1.3181980033043832,2.4433106657933923,3.0593432899331674,3.0112824409843597,2.561831334139562,2.986300691976794,2.736767333863906,3.0112301474437118,2.577289937984233,2.611224171389267,2.685326999766403,1.8715380183155217,2.5570425488092,1.8962339857399124,2.569712478833935,1.632463214480274,0.8663913229307809,1.5025537417684802,1.389558458931205,1.4813748359629386,1.495985162251941,1.3059291864008262,1.4442189582447647,0.8479057973429498,0.992770396125195,0.9946650750806043,0.9523226489925882,0.8934194874638823,0.46207076233975286,0.9023421964134499
130,0.0,0.0,0.0,0.0,0.0,0.0,0.0,0.0,0.0,0.0,0.0,0.0,0.0,0.0,0.0,0.0,0.0,1.112124349058015,0.855446072443852,0.9009304487248446,0.32932282825776826,0.27345467010306423,0.09702054035222069,0.10364815860938012,0.08468221590209778,0.05931934181779283,0.011795665178043703,0.5571315778579446,0.5115530668571728,0.5677974816527769,0.3749948722643479,0.43342611233951334,0.9430122201738413,0.8219451461065788,0.7895548700866666,0.3257500886784318,0.35372064875888176,0.38940659964398416,0.17237905261910996,0.26560442004112766,0.2803601796952763,0.28546423306566215,0.9344092656173415,2.5525531545304716,0.7757804159979373,1.2448483652588038,0.6146505078895141,1.2664928448247519,1.3295197717670817,0.7785622995115986,0.42092141808279826,1.158899234032087,0.6816926001600754,1.718240197324505,1.2690836495764906,1.3236610613658009,1.2378850727893607,1.337692158598026,0.299871250465518,0.49368793846079617,0.6297817604877984,0.7666043366099364,0.941256674410667,0.9478484063312411,0.3396665452895653,0.8394541597907548,0.32501969582499934,0.9348419825573515,0.8547680372231028,0.5940278405039163,0.22491829746871378,0.10239084819629762,0.5108053439470978,1.1814638043888408,0.8948867533123288,0.7575546172095313,1.6031552771382849,1.473154132355571,1.5110111316110135,1.440821567639052,0.9371352545503697,0.9586292236841518,2.45629529326834,1.3787853017181688,0.4902497935357075,1.5145076764236478,1.1537333609693667,1.2252347871735365,1.3617652803334348,1.6182996581264888,1.6224746314401273,1.151246412542024,1.8112818779127107,3.2886024279141566,3.2090418233574383,2.6465747668767747,3.170887182772276,2.8334867079272037,3.196304037075606,2.4269794768162,2.5188273903659137,2.6131842421254987,1.2092549428482022,2.047523767087384,1.6636367146150057,2.476951227837617,0.6341520751314375,0.8701604242380654,1.4829218279434144,1.362847989663166,1.405716235368871,1.4902983296643768,1.255092415165585,1.4405084258243335,0.822952496202852,0.9862295331692081,0.9907396682843626,0.9466374448878767,0.8344359250402187,0.462250595593094,0.9071977705162553
131,0.0,0.0,0.0,0.0,0.0,0.0,0.0,0.0,0.0,0.0,0.0,0.0,0.0,0.0,0.0,0.0,0.0,1.4477187575231723,1.0027757635035666,0.8990585469709211,0.6594979048618956,0.7077927457285051,0.46995633691876315,0.21722617734009414,0.2321913868260519,0.43113385844312313,0.12752387685219713,0.865250971786736,0.7522904906794028,0.8232994613120805,0.761189576752991,0.7541407073355884,0.9898330687283305,0.8679585369778646,0.8203205353088614,0.3442294933693616,0.39001761413369684,0.46382372246391945,0.22113584855774399,0.2157798644240725,0.34590389471619143,0.28735565887938075,0.9254426829050217,2.3231017042509308,0.7900152414642858,1.1549610333859164,0.6696795683026282,1.2039724043988365,1.2616114089032635,0.7335209950786377,0.4589816492567014,1.1258140972971402,0.6496624150710901,1.6436922947566224,1.2029820696009192,1.3084262177738406,1.2763057992597346,1.3499770914398823,0.4032297032476604,0.48155129004818975,0.6209407395469935,0.809023695208829,0.9043987504246456,0.9467264356107385,0.32305690572937595,0.8216001210169086,0.3080591677639093,0.9277224917526716,0.8445210798404243,0.6333012787895757,0.22344026729253313,0.08944939581263715,0.5702322045284809,1.7848714927940819,1.030745058201106,0.8543121241824598,2.416641533811344,2.262567637719542,2.4125249602324175,2.1928157171978953,1.1065591677725246,1.083018700312602,2.6382380572486,0.7356758741654428,0.205905283229024,1.4931113285902669,1.0471279722541595,1.3354280008864805,1.3108142894340533,1.6160901222683606,1.6199565058923326,0.9207170811251779,1.5077391158481337,3.051646367948706,2.920290037885252,2.266013426932524,3.000004528425052,2.377529258900662,3.0225191911595175,2.3620863689695852,2.365460036598961,2.468018147159455,1.4406692429199568,1.9870141014631546,1.3683661125362265,2.2582840471565078,0.7080338825154819,1.0470163293127825,1.4814583704821587,1.3442995064669674,1.4420089769292765,1.4942649030678226,1.2173271674623933,1.4397703900222396,0.8071979531077638,0.9846583796501704,0.9889508226044228,0.9497216585429129,0.8333266104999462,0.44985605712383325,0.9061435385455407
132,0.0,0.0,0.0,0.0,0.0,0.0,0.0,0.0,0.0,0.0,0.0,0.0,0.0,0.0,0.0,0.0,0.0,1.3714316042992971,1.0946297919619212,0.9013574979925476,0.6435995873059586,0.7136141864846519,0.6761443501841375,0.23383690385429567,0.2615524007631656,0.5877161418390036,0.22388827323968474,0.7994875197473448,0.703600442328562,0.7588668181894498,0.722379565844216,0.7003676535690673,0.9624992184471921,0.8515215338668707,0.797427644120059,0.3615890947105648,0.38833236216382017,0.543486091643895,0.24633313017095188,0.22760948007874826,0.2682453372877155,0.283174792535381,0.8514065598936131,2.3052577101941836,0.7731637721825968,1.062812611773552,0.6080677033950366,1.17107316179154,1.2177251921384595,0.710430397094231,0.5009175188120265,1.1250184175353475,0.6375043889021019,1.6947032722165218,1.16301888277252,1.3287004787685266,1.2577294953096683,1.3176841124596965,0.4665915549314317,0.4617994264896279,0.6178091754090822,0.8567007693102426,0.8946837013678968,0.9523400353595655,0.31036686084517995,0.8228640151295785,0.3000424998034812,0.9261016174505219,0.8460006591875784,0.5332144386477278,0.16575218486333218,0.03877978035111564,0.5155928824594269,1.883584318929934,1.0088120283787658,0.8639464545356104,2.523231134218804,2.2203239509961854,2.4223788925299345,2.140765985770056,0.9770550695239655,0.9312457524042896,2.6947468991493224,0.8009815640081617,0.09536481424799778,1.4424900250772446,1.046946066847517,1.3699821323158492,1.33194187788472,1.58507456110965,1.590594998197048,0.7863991867160511,1.7556938422805626,3.0300090151577024,2.9345523976130607,2.2185356359894275,2.9894561724941013,2.3632452200731233,3.0165083681349643,2.5807533940314897,2.563855504359708,2.633885391856893,1.6636312092229293,2.3196608627693998,1.022938948296048,2.456789512714124,1.0590585932096919,1.0398665219591976,1.4808230358438834,1.3278170580207416,1.4752170026141087,1.484953445130131,1.167297522124577,1.4392191875501084,0.8118260723091666,0.9930494732936523,0.9929858566779437,0.9600828850739305,0.8573182512956699,0.4472979260233352,0.9148438962714254
133,0.0,0.0,0.0,0.0,0.0,0.0,0.0,0.0,0.0,0.0,0.0,0.0,0.0,0.0,0.0,0.0,0.0,1.277469637786389,1.1062224147797362,0.898516403497851,0.6909385320545933,0.7580685356822809,0.7416125684630359,0.24967985334744758,0.2783715669634239,0.6161973787339254,0.2568799536286717,0.8905640006778412,0.7651726702400956,0.8378526056269173,0.7893826441506904,0.7324082986793736,0.9682862482804921,0.8365581663563599,0.8034627830245484,0.39398512207100755,0.38637182909165146,0.5695377259863184,0.24659614645582667,0.25747464786992824,0.2188617996465329,0.28271762732512196,0.8840796481861601,2.3506067153651813,0.8201574580011455,1.1441590564063517,0.6310629676206665,1.272982870194598,1.322757012268994,0.8337648079246525,0.5359367256689804,1.2216852333812271,0.6872675238532513,1.7747014889745145,1.242489945492622,1.3194647600001392,1.2599569107080075,1.2722925218375405,0.4723540997907958,0.48235242091627106,0.6330256525213267,0.8638607919811854,0.8968775901289892,0.9459232745238637,0.3294449280963869,0.8300677739943971,0.3069259596992373,0.90931473653254,0.8443492792025076,0.4267438919044113,0.1121755506937416,0.027342228779362474,0.4600989352822408,1.8994433887651212,0.907461830262388,0.7076750527929095,2.493594761726854,2.211719974742408,2.4283356253868646,2.0974391362726603,0.8542708924640248,0.8643584609339348,2.588981254019018,1.0783451165006057,0.0785847527764691,1.4143261194999859,1.0313548447393526,1.3828013350953796,1.34394545201215,1.573053993161011,1.581194502148719,0.7119448910841459,2.0545343160967153,3.031533408044197,2.968030892309798,2.241117918195613,2.9963360730471322,2.4416331906099416,3.014217563686543,2.66600369147136,2.6511711680836925,2.7111817797231197,1.8579846125358461,2.471331086108755,0.7623125366990682,2.5449835632534246,1.4050891574933249,1.038280014503016,1.4858116246997923,1.3542714780488154,1.4910924385758122,1.49331114078106,1.0951123679820416,1.4442576150913737,0.8248917743958621,0.9865777462237304,0.9876038862749397,0.9574310874382022,0.859310880619149,0.4516934046606984,0.9094905648918932
134,0.0,0.0,0.0,0.0,0.0,0.0,0.0,0.0,0.0,0.0,0.0,0.0,0.0,0.0,0.0,0.0,0.0,1.2626631704040179,1.0893222829382174,0.8597748367638705,0.6789931775330222,0.7277577734211556,0.6737734078525697,0.280019839752507,0.27291039742418743,0.5679243615690324,0.26350123292928235,0.8820278801504173,0.749342637496146,0.8274417902659366,0.7682409583309946,0.712926516328654,0.9609957897700951,0.8357351822297687,0.7876586854538181,0.4079952930225075,0.3763887313790948,0.5742621544582871,0.20837357827348835,0.25749823996467136,0.25371895611432177,0.2629554701337759,0.885207963701955,2.376932770182279,0.8320242305810663,1.1514043187780771,0.6378319741116534,1.2335965747531539,1.2730584992386866,0.8401433346058438,0.5245468992367157,1.1917128933999708,0.680341227866684,1.7641898857390155,1.214884922927503,1.3157384606580624,1.2547905136501916,1.1763910742539938,0.4651121273398342,0.4629444581067135,0.6308205475847961,0.865836718304065,0.8901612284873224,0.9271164484961325,0.31200491061250357,0.7957745406792291,0.2932855888153809,0.8900016978938456,0.8179148937736604,0.37743638948694236,0.1066960854921389,0.031006674677398267,0.43875431697484646,1.9103913327935516,0.8122761249259254,0.5561906099058745,2.534427152342687,2.1684467525433497,2.394668254629238,2.0348981154708277,0.7762372928048533,0.8826285257195967,2.6549248501196416,1.3355688292751613,0.09160031484594461,1.4080750304567218,1.019360414516735,1.4003149568220081,1.3387681098085178,1.573014961406443,1.5809926223446382,0.6850693160120165,2.2883223652984714,3.0413885261186806,2.9935788338652856,2.2827173691665354,2.993303926763474,2.5135354541534394,3.012631811463507,2.689820600992789,2.6225048328083176,2.7127688242799195,2.003852172849392,2.524914898405264,0.6839363109549528,2.5997972965463987,1.7084779407296429,0.972884969416441,1.5252613041974712,1.3676887215690812,1.512357695265294,1.5222494375262556,1.04599845640288,1.4774416780358806,0.7776285351446575,0.9567466137344809,0.9647488599761829,0.9364975996314158,0.8387503013927553,0.418178597916004,0.8885486846524895
135,0.0,0.0,0.0,0.0,0.0,0.0,0.0,0.0,0.0,0.0,0.0,0.0,0.0,0.0,0.0,0.0,0.0,1.2508374740906154,0.7831984917293662,0.899558863486436,0.6473964106822674,0.6940748374359256,0.6438713703596803,0.2896216984942637,0.25005013652934416,0.5150161694082747,0.24595627438133627,0.7085195183972246,0.6306045756102105,0.6739991837790882,0.6420987729794896,0.6053634365392662,0.9150964668006054,0.8131739181225122,0.7646159372999852,0.4107293153256679,0.3559217974303237,0.5681005272064905,0.15247533890549003,0.2810641466650323,0.2163291875420118,0.25184674276204716,0.8636604401382275,2.4060411693270964,0.8271309109202152,1.1061084406246664,0.6603211899209089,1.2307189391151034,1.2577666070428677,0.8138420094339187,0.49974577986528,1.1858459910741637,0.6780276740583311,1.6380993483568682,1.2061978927829546,1.2484561385903055,1.1657717054676393,1.1062758211813533,0.41374572346512506,0.4018409261514504,0.625362865789211,0.7971804215332448,0.9164278899981948,0.9365566489512993,0.29235957896646503,0.8099447089162215,0.2886240104097004,0.9216144494824654,0.8001754940072896,0.33295877535374313,0.0972087013939351,0.037780316301515585,0.4243318739338293,1.7956294281648297,0.7561681704483203,0.5073510082005304,2.465805549923971,2.028542739417823,2.2599995808437825,1.9036366095493822,0.712571717776546,0.9070906401898906,2.6453152185822546,1.4798758786194872,0.12166494745174364,1.417773732071618,0.9921147671438657,1.4152768887633354,1.3257683071775173,1.5808721034954942,1.5868488982014242,0.7926980106793484,2.506334586050789,3.0969916771209682,3.0619746600496,2.376082328470522,3.043226581212366,2.5970726633558243,3.0633030051903916,2.697004998911325,2.652670003644289,2.715938502409699,2.1200289076384937,2.5709934417815035,0.7220537809111198,2.6684902187853368,1.9651072521221282,0.8842017473181158,1.4825079401043268,1.3871017306875046,1.4888337867927959,1.4816902106938343,0.9994904615347973,1.4342834979791448,0.7861101987085419,0.9884926076122014,0.9903572166616819,0.9597116299298776,0.8322661828053803,0.4406776227320641,0.8921016459784292
136,0.0,0.0,0.0,0.0,0.0,0.0,0.0,0.0,0.0,0.0,0.0,0.0,0.0,0.0,0.0,0.0,0.0,1.1115218430733815,0.6141187861683972,0.8952028495542086,0.672813821997698,0.7190719810556359,0.7008019301901065,0.30778689950517046,0.24698344353813234,0.5654043940400797,0.22888629714089542,0.8187848120433046,0.7127483730175452,0.7766779778582222,0.724110470930956,0.6837279386780639,0.9315365398433642,0.813282518899312,0.7901784183401226,0.429007408178697,0.308362728087233,0.42311370123922964,0.10937063759195939,0.33184293282859356,0.19857687501441634,0.29956418543322094,0.934008952648508,2.4711497041286066,0.8579981168329214,1.176466263957991,0.7099627397741008,0.9485542089211734,0.9958358668372966,0.6846272744271853,0.3874757247313598,0.9342198139125664,0.5538700147232642,1.1475980202591876,0.9284772823203342,0.9719152081780087,0.799980155494999,0.778342263712803,0.29306376518302063,0.28386278096010875,0.6074051227868349,0.700595522161882,0.7095239447834119,0.6569453517278849,0.10545345768934936,0.673645229893082,0.18998513696163738,0.6667051805825279,0.426596615367561,0.3034695871630902,0.09431470212454661,0.04570010091722189,0.4348281418009857,1.8153365491152726,0.7400265529222958,0.5335554477232358,2.5221581104124198,2.123492298600331,2.3977339916388303,1.94722344985583,0.7166073894123117,0.9695377682027833,2.6179466691828566,1.5723030671553189,0.17511198413727888,1.4361541568995637,0.9488759149257837,1.37662283032134,1.2778258872763244,1.5756303644484433,1.5784440024581272,0.9303001815176204,2.6479439539295004,3.1701387945431634,3.1463887413483462,2.485895878907643,3.076523844487383,2.6421036024671523,3.110506880460889,1.907205949373747,1.8650153990920444,1.9076114580166177,1.6322980453524885,1.8629505592810105,0.8023542610184116,1.8994303254730767,1.6204489698288462,0.8498517764086841,1.457968095685004,1.3839341899335125,1.458943523396563,1.449907539645622,0.9683036597766872,1.4395855092586487,0.8403821350179221,0.983898933560269,0.9898192936092016,0.96019902777768,0.8452043385130095,0.4799959809780212,0.8874066089501129
137,0.0,0.0,0.0,0.0,0.0,0.0,0.0,0.0,0.0,0.0,0.0,0.0,0.0,0.0,0.0,0.0,0.0,1.089877611630234,0.8238011016706013,0.8946972082394744,0.6683396958875463,0.7046615253618569,0.7338248639064211,0.3179536809668835,0.20911804921274335,0.5970775561351207,0.20433575434138668,0.8105668058997253,0.694710218739305,0.7694296217625389,0.7124289703593965,0.694555149783032,0.964972534449771,0.827635382377057,0.7748902079376037,0.3038088119473865,0.13663765462058577,0.11699256077617715,0.03599465586178975,0.17910647132620128,0.11319747969468019,0.13436625852860287,0.8520745166169399,2.1988655618060804,0.6227651472843678,1.1593630095776462,0.5376866896326156,0.7216016453539154,0.93415257122615,0.36346639342888354,0.13256554721761243,0.7170517633768618,0.1781666158957189,0.47312413371612083,0.5222338148798376,0.04826607023244622,0.047102067501589254,0.01963532960705726,0.055777659850046735,0.01784817981161024,0.16733707956074054,0.19358681172495512,0.0,0.0,0.0,0.0,0.0,0.0,0.0,0.28608727142068785,0.09967548235286147,0.05400946758571475,0.46759341017131806,1.7945931424383161,0.7483585737634981,0.5764175568838499,2.520701156332507,2.1027150417546583,2.3823171000507273,1.8900052239611504,0.7399080780419571,1.0287696250095124,2.6199380967445904,1.5912002616272258,0.20880085743149143,1.4616272736940452,1.0370402739665132,1.3830059420991478,1.3397116835689644,1.5707827526057372,1.5736602821925771,1.2345132513997887,2.6031364459613613,3.0297603885264834,2.992557037048755,2.4943004961947395,2.9662566810293356,2.5396053151730946,2.9918935793466517,1.722580907651718,1.681106724208803,1.7280167010612786,1.555272954576079,1.6873593258791928,1.016644923683864,1.7230506478008465,1.5488290712061907,0.8934397304892627,1.4623597956907304,1.3612653041721074,1.4554734141539711,1.4639204724178185,1.072764671768602,1.4373381683905109,0.84577175905223,0.98620599715494,0.989396325985993,0.9613109963063131,0.8834521969650035,0.4769023231567111,0.8831512678012876
138,0.0,0.0,0.0,0.0,0.0,0.0,0.0,0.0,0.0,0.0,0.0,0.0,0.0,0.0,0.0,0.0,0.0,1.0449609225321463,1.118631572064844,0.8978115806729212,0.4493696351216139,0.48737965537159056,0.5279445828965481,0.26909198700310566,0.08196966742999577,0.5787651303814707,0.11890584198025983,0.816930607863469,0.5455496839287024,0.7344968159497398,0.7405299630750068,0.6670659752319112,0.6073950626414444,0.46605140208980655,0.4090130120459994,0.025040576280919595,0.002182312087045828,0.0,0.0,0.007932593034115847,0.009275361893292722,0.0,0.2645395859867153,1.12519243908701,0.06905459884221184,0.7761777469704612,0.10176082532522819,0.05605976402449035,0.0,0.0,0.0,0.1488793202249114,0.0,0.0,0.015187667974053697,0.0,0.0,0.0,0.0,0.0,0.0,0.0,0.0,0.0,0.0,0.0,0.0,0.0,0.0,0.28081832911688237,0.10588048570820507,0.05925195497238045,0.5526735640557178,1.9056811851614839,0.8246170456709987,0.6951889226004867,2.5298963588502374,2.0615398166558734,2.3317311747760385,1.8475010010505635,0.8038417178481951,1.0932713652346497,1.8079970235830842,1.317258681993489,0.2487200256247556,1.3889159054651472,1.0951860884193625,1.3234380762061733,1.315017516135347,1.4672011081784149,1.4697984080194146,1.2895337648186906,2.0245675618016215,2.172575553297065,2.1185662309981126,1.9519608889599205,2.1110330885712756,1.9511766970508333,2.135925585629593,1.6094583254362078,1.588845543710704,1.6122492629074259,1.5175891618551027,1.5898938007338614,1.1322063921644125,1.6075552375314146,1.5319032591258193,0.8894808669371059,1.4640938335527238,1.3668790104711377,1.4704304357315081,1.4825451523488766,1.1493281338933707,1.4627558786782444,0.8308025323396606,0.987025193415974,0.9938209089445849,0.9601487590725277,0.8955929837028647,0.4618806105854496,0.8740882139843187
139,0.0,0.0,0.0,0.0,0.0,0.0,0.0,0.0,0.0,0.0,0.0,0.0,0.0,0.0,0.0,0.0,0.0,1.0727684967481235,0.9060726618737367,0.8871814328976768,0.40826636382402626,0.4280280733734809,0.29737073873211506,0.05480471189478768,0.00307122114683945,0.24735245847043896,0.019700699871983102,0.5253559201664757,0.034673815636963375,0.2704292718491823,0.3699262315088254,0.19865297679467925,0.6504008759511635,0.024077467204554222,0.03139616411241876,0.0,0.0,0.0,0.0,0.0,0.0,0.0,0.0,0.0,0.0,0.0,0.0,0.0,0.0,0.0,0.0,0.0,0.0,0.0,0.0,0.0,0.0,0.0,0.0,0.0,0.0,0.0,0.0,0.0,0.0,0.0,0.0,0.0,0.0,0.3049320231682454,0.1266703023085093,0.06018776216445751,0.6462049069356628,1.2327778760813999,0.8144715967660408,0.7430285128016214,1.6321883367709233,1.390952324966186,1.4623914527918913,1.3110630579614746,0.795032004641721,0.9858816336314984,1.6906191772704915,1.4398476856926683,0.4267371300558178,1.4890895140325817,1.2338713872958014,1.4060222884952616,1.425464659105149,1.5738059478171635,1.5775060514788493,1.4350751774516723,2.0211897672599264,2.1396661730104825,2.1083667032962694,1.9292013111039061,2.0731462817202555,1.9555917331613344,2.1012339826047537,1.7645190583862131,1.7477772873662616,1.767598600272322,1.6593922323103314,1.7457517064158168,1.2427339833751567,1.7675059614812199,1.6627788297195636,0.9014430863460348,1.4805157524562205,1.4109856579283928,1.5000494970645875,1.513082213725177,1.1983602452507114,1.498162647034313,0.8219030580620661,0.9730838441740133,0.977765834476763,0.9425869583916899,0.8793889953428291,0.4289100709888096,0.8579232133286316
140,0.0,0.0,0.0,0.0,0.0,0.0,0.0,0.0,0.0,0.0,0.0,0.0,0.0,0.0,0.0,0.0,0.0,1.1073533747928819,0.9643007830590862,1.571357270193471,0.04580545987291046,0.033157831177623526,0.017728677833415623,0.0,0.0,0.003348145762517934,0.0,0.0,0.0,0.0,0.0,0.0,0.0,0.0,0.0,0.0,0.0,0.0,0.0,0.0,0.0,0.0,0.0,0.0,0.0,0.0,0.0,0.0,0.0,0.0,0.0,0.0,0.0,0.0,0.0,0.0,0.0,0.0,0.0,0.0,0.0,0.0,0.0,0.0,0.0,0.0,0.0,0.0,0.0,0.3734766956851501,0.1503665494182967,0.06438998751018349,0.7087711578702334,1.2001059841195456,0.8516732681251096,0.8084488834192478,1.5903818991355365,1.4151266063897836,1.457869442050594,1.31991859926808,0.8690482296913675,1.0148892708991957,1.6021229927337117,1.5061087693387112,0.5337776495020532,1.493213838645726,1.2946999256210523,1.4055235739313474,1.4341689303265284,1.5770669209596235,1.5798597919711028,1.4664918920140977,2.0550122003383997,2.177148821458104,2.155252456701419,1.9574146306185796,2.1086048445868073,2.0066101630601807,2.133198530129448,1.797408552851266,1.7669813736138167,1.8009213328186888,1.690780683804622,1.7743449775165487,1.3011014686749034,1.830540208171442,1.6929330795748356,0.9256731820410664,1.6181270649324162,1.5447995679389237,1.640335278084443,1.6510304189146439,1.309641265757099,1.6443552120378797,1.5927476496824333,1.941221963692442,1.897050640802867,1.7781015161218967,1.4888539525755453,0.8372448466610862,1.4358656320287544
141,0.0,0.0,0.0,0.0,0.0,0.0,0.0,0.0,0.0,0.0,0.0,0.0,0.0,0.0,0.0,0.0,0.0,1.1312192679477793,1.104226749970068,1.581836319182723,0.0,0.0,0.0,0.0,0.0,0.0,0.0,0.0,0.0,0.0,0.0,0.0,0.0,0.0,0.0,0.0,0.0,0.0,0.0,0.0,0.0,0.0,0.0,0.0,0.0,0.0,0.0,0.0,0.0,0.0,0.0,0.0,0.0,0.0,0.0,0.0,0.0,0.0,0.0,0.0,0.0,0.0,0.0,0.0,0.0,0.0,0.0,0.0,0.0,0.39867166660899056,0.14174860087554847,0.056866835357033275,0.8417288493080166,1.8415896338015045,1.029211075193899,0.9813282719153182,2.368811588770768,1.440666045179686,1.4735598677471557,1.3278297927672416,0.9120648299048386,1.0153399844047875,1.6325608343886415,1.5528728938878125,0.5380932265813209,1.5005896034205612,1.3277126449803047,1.4102396131967314,1.4326356791114065,1.5879469399587833,1.587130385058117,1.4852859579599027,2.0029550061088344,2.113736342631455,2.095402602586546,1.9145677913550898,2.032967563951388,1.9535145949235044,2.065243864853983,1.9136568168632948,1.881569421466338,1.9228858693386428,1.7967362463441638,1.8864322773600861,1.4097299899218525,1.9282179370802623,1.7983453212796157,1.034366013658257,1.7026487130466919,1.5847783910739537,1.7174407126865958,1.7241220963316621,1.38290960217451,1.7270591412699616,1.4870743863887572,1.952621291604288,1.8996458681046882,1.7654778169583523,1.4484329416144703,0.878085795091998,1.3940423763956336
142,0.0,0.0,0.0,0.0,0.0,0.0,0.0,0.0,0.0,0.0,0.0,0.0,0.0,0.0,0.0,0.0,0.0,1.0972644493150394,0.9715569880523316,1.9960403224411154,0.0,0.0,0.0,0.0,0.0,0.0,0.0,0.0,0.0,0.0,0.0,0.0,0.0,0.0,0.0,0.0,0.0,0.0,0.0,0.0,0.0,0.0,0.0,0.0,0.0,0.0,0.0,0.0,0.0,0.0,0.0,0.0,0.0,0.0,0.0,0.0,0.0,0.0,0.0,0.0,0.0,0.0,0.0,0.0,0.0,0.0,0.0,0.0,0.0,0.3957111171737413,0.13607291294077728,0.04513304779379621,0.8947622397932014,1.8369323635502042,1.0811922376473497,1.0237373110463794,2.362608634037315,1.4443367372011977,1.478088828461921,1.3328259230482935,0.9480105460899244,0.9950488062687164,2.178792168157088,1.982558193889453,0.5165326805416509,1.4847177889373562,1.345249147794533,1.4077846937673382,1.4137472560681719,1.5753423175265198,1.5811224187418702,1.485180661569931,2.7266755212279215,2.9630813866315293,2.9424074061535066,2.547908606450836,2.8650334041012684,2.658462677631917,2.9016493359886226,2.714034486360106,2.6558336997313745,2.7336018885980593,2.4476452670537014,2.6479670961809205,1.8032622755774037,2.709240867299741,2.441695978923427,1.4251120860703281,2.379310922351891,2.2512843337164696,2.3638449900043454,2.383998853016557,1.7664271227576913,2.422206724027376,2.0855699864205217,2.6920273590175228,2.5701319862886685,2.286068621431223,1.677704956833181,1.197359497307497,1.557036301695975
143,0.0,0.0,0.0,0.0,0.0,0.0,0.0,0.0,0.0,0.0,0.0,0.0,0.0,0.0,0.0,0.0,0.0,1.1376483296482718,0.8487465966886609,2.000816306078465,0.0,0.0,0.0,0.0,0.0,0.0,0.0,0.0,0.0,0.0,0.0,0.0,0.0,0.0,0.0,0.0,0.0,0.0,0.0,0.0,0.0,0.0,0.0,0.0,0.0,0.0,0.0,0.0,0.0,0.0,0.0,0.0,0.0,0.0,0.0,0.0,0.0,0.0,0.0,0.0,0.0,0.0,0.0,0.0,0.0,0.0,0.0,0.0,0.0,0.4018017410029626,0.1266421548250045,0.04141573894798469,0.962027895809695,1.8930455807017097,1.1629416950518343,1.075831878481835,2.4218239219189854,1.447925658976132,1.4832991696193858,1.3470439208531175,0.9556089359802242,0.969459452263663,2.2351179789002344,2.067268043293131,0.5083342319933133,1.4741740962628143,1.3644954166755596,1.4206695568804637,1.4114702942218411,1.5707702827712637,1.5892380338700605,1.490741185426998,2.637679727443004,2.8529780766912154,2.849717262612103,2.4544221182188597,2.765372060908703,2.547631718490841,2.807294965685287,2.725745441373874,2.6723821097566542,2.74301898185513,2.4565193237752894,2.6559394634263214,1.8905510037781532,2.728260318392131,2.4591596028919582,1.268296758340938,2.4205065819139335,2.2689525678672453,2.3950659945254316,2.4228613246489203,1.8254739676129592,2.483112372531977,1.977687289596627,2.651284155936658,2.5572857200063304,2.2392428682358734,1.5877286375781585,1.2352384517938297,1.3950655764944062
144,0.0,0.0,0.0,0.0,0.0,0.0,0.0,0.0,0.0,0.0,0.0,0.0,0.0,0.0,0.0,0.0,0.0,1.228669332663694,1.0434456755950705,2.0151093608672417,0.0,0.0,0.0,0.0,0.0,0.0,0.0,0.0,0.0,0.0,0.0,0.0,0.0,0.0,0.0,0.0,0.0,0.0,0.0,0.0,0.0,0.0,0.0,0.0,0.0,0.0,0.0,0.0,0.0,0.0,0.0,0.0,0.0,0.0,0.0,0.0,0.0,0.0,0.0,0.0,0.0,0.0,0.0,0.0,0.0,0.0,0.0,0.0,0.0,0.4123955643182603,0.12053648855396629,0.035401242919716636,1.3100532680578343,143.55188781263132,1.7465227592375465,1.48902170723956,213.7823652557563,1.489409724100355,1.5299552326666799,1.413563534064103,0.9658420404878703,0.9492158405032858,2.1504346719193563,1.9950773819573389,0.5550029798391336,1.6704791386599886,1.5546043893855206,1.6700736928424469,1.6080059863964031,1.8405960637428507,1.860677191092691,1.7123226490036778,2.3853601884054747,2.552584904788091,2.555980429307965,2.232496215276109,2.4939972471183864,2.2941439264560692,2.5158457633369835,2.7277792757940915,2.6842444678932225,2.728559885334107,2.460381752675829,2.657207858200792,1.9612344918314388,2.736083811822027,2.4655620058585086,1.160697353076415,2.4167086864137417,2.363767423176782,2.3725291881847568,2.4195973023960704,1.8429741666103192,2.501113866759752,1.8008531947132989,2.639719599861145,2.5484957737848966,2.1965419055264928,1.5084671867387192,1.1924754773093937,1.2284853485696683
145,0.0,0.0,0.0,0.0,0.0,0.0,0.0,0.0,0.0,0.0,0.0,0.0,0.0,0.0,0.0,0.0,0.0,1.5267743547259522,1.0335427852812573,1.9999945881494847,0.0,0.0,0.0,0.0,0.0,0.0,0.0,0.0,0.0,0.0,0.0,0.0,0.0,0.0,0.0,0.0,0.0,0.0,0.0,0.0,0.0,0.0,0.0,0.0,0.0,0.0,0.0,0.0,0.0,0.0,0.0,0.0,0.0,0.0,0.0,0.0,0.0,0.0,0.0,0.0,0.0,0.0,0.0,0.0,0.0,0.0,0.0,0.0,0.0,0.4339340302479723,0.11016483899122409,0.040889878573681794,1.4202353015249882,565.8009393607729,1.9192037578196812,1.564123161007786,1590.7948832240654,2.0421524849411554,2.1746926410705782,1.9724223412958857,1.1196996671859245,1.0314715222525324,2.0693948017906223,1.9845151730811885,0.5636778835919026,1.6125880392904133,1.5247576532853113,1.6854876655271127,1.6052776707996124,1.8452956245937457,1.8550051837446517,1.6907034355232469,2.398649083409019,2.5739332872508385,2.549026022621547,2.2341341463016793,2.5213029119331622,2.280525118546972,2.548760215722723,2.744202875664996,2.6816590001053555,2.750156779351528,2.451838715962385,2.6728402522070382,2.0108613260996666,2.7477721259419923,2.468099430787678,1.060519454080847,2.416262855508357,2.314945823495229,2.3617397987697686,2.3853699720349724,1.8140370507493477,2.47928166984142,1.7154256804087655,2.6359960042376045,2.505660402372609,2.1712404935084955,1.4525777613233886,1.2190298111712838,1.171028384778559
146,0.0,0.0,0.0,0.0,0.0,0.0,0.0,0.0,0.0,0.0,0.0,0.0,0.0,0.0,0.0,0.0,0.0,1.5244061447620778,0.9085009415316664,2.007990196569436,0.0,0.0,0.0,0.0,0.0,0.0,0.0,0.0,0.0,0.0,0.0,0.0,0.0,0.0,0.0,0.0,0.0,0.0,0.0,0.0,0.0,0.0,0.0,0.0,0.0,0.0,0.0,0.0,0.0,0.0,0.0,0.0,0.0,0.0,0.0,0.0,0.0,0.0,0.0,0.0,0.0,0.0,0.0,0.0,0.0,0.0,0.0,0.0,0.0,0.43512737428380244,0.10093832506765132,0.03629754526462067,1.4738146154228617,713.8036152231323,1.9867501014367037,1.6169262406978206,2935.948124247123,2.051354074537013,2.196468170229906,2.0042010716093053,1.1299150999914849,0.9529939294169214,1.96905882012652,1.9263737256394187,0.5647043644216273,1.779148640183772,1.709325061241028,2.0044242748695638,1.8964524471922157,2.2316677697599516,2.2428305946232285,1.9607110777207684,2.237130601938361,2.4000266378316155,2.3874122685629118,2.0811723245330853,2.3632555419171695,2.1150593393281945,2.388190659978136,2.68158882107673,2.629854983983023,2.6894600977248047,2.389256169266279,2.6131116652118607,2.053888559234272,2.6905354088430613,2.4149478563417155,1.0199215631978262,2.4477042344665634,2.22054151921364,2.3876914677509617,2.3607759981452077,1.8036644100626207,2.46575093056002,1.6771229572874384,2.7195917758069825,2.4754831485365543,2.0938443817698786,1.402111598750948,1.1575715214555924,1.2647126442789611
147,0.0,0.0,0.0,0.0,0.0,0.0,0.0,0.0,0.0,0.0,0.0,0.0,0.0,0.0,0.0,0.0,0.0,1.522856227952563,0.7830142763111448,2.0155769792822413,0.0,0.0,0.0,0.0,0.0,0.0,0.0,0.0,0.0,0.0,0.0,0.0,0.0,0.0,0.0,0.0,0.0,0.0,0.0,0.0,0.0,0.0,0.0,0.0,0.0,0.0,0.0,0.0,0.0,0.0,0.0,0.0,0.0,0.0,0.0,0.0,0.0,0.0,0.0,0.0,0.0,0.0,0.0,0.0,0.0,0.0,0.0,0.0,0.0,0.4328182697859029,0.09588724833735282,0.02985182997820009,1.5574055127701167,720.7899785804923,2.064813008550891,1.7361903099804272,3580.6681314762973,2.0894735765534627,2.2560354355846357,2.0606378131724057,1.1333414950128562,0.8462794463793477,2.1447105565675884,2.0340734549270323,0.5882385213303032,1.6758484355515106,1.7265262267718358,2.1158995506425313,2.0278529408429264,2.3621159099820943,2.382745574672299,2.015412715009276,2.340158424160336,2.537549897777353,2.521694192197174,2.1358180988277216,2.5003516714205034,2.205925247605702,2.5259185306495056,2.7385041434827144,2.698388387378145,2.748068224740564,2.4266180218029305,2.670678630448151,2.17629391937189,2.7546061219418334,2.4636397952847098,1.1183230134274709,2.475264441027612,2.24828511187021,2.4240069899513763,2.349632129692335,1.7994023299792685,2.466495949366198,1.451605749400029,2.7058126173799693,2.429102297913298,2.0519086652502834,1.3724089024988437,1.1914901135924403,1.3367230790759779
148,0.0,0.0,0.0,0.0,0.0,0.0,0.0,0.0,0.0,0.0,0.0,0.0,0.0,0.0,0.0,0.0,0.0,1.4982083373211923,0.7686337163401193,2.0042119255054844,0.0,0.0,0.0,0.0,0.0,0.0,0.0,0.0,0.0,0.0,0.0,0.0,0.0,0.0,0.0,0.0,0.0,0.0,0.0,0.0,0.0,0.0,0.0,0.0,0.0,0.0,0.0,0.0,0.0,0.0,0.0,0.0,0.0,0.0,0.0,0.0,0.0,0.0,0.0,0.0,0.0,0.0,0.0,0.0,0.0,0.0,0.0,0.0,0.0,0.42227343920659255,0.08976591909145644,0.016004381428942217,1.6129411477815319,692.235440456089,2.1013143758360777,1.82847594790667,2668.892990244545,2.139688382517722,2.34526712665442,2.1455183242090747,1.1370000336390516,0.7494196157256383,2.1655907942877093,2.062400284742754,0.618526811146978,1.4029680156555444,1.6009042975708603,2.1306300937348723,2.0956818317187995,2.404820118625139,2.425411946096574,1.9983512759383721,2.3433328549407904,2.5789002961901133,2.5596058534356416,2.0722000289560434,2.535595820081653,2.197088746041807,2.5590395434192033,2.7012356202430965,2.671515604455635,2.71687409117294,2.3694526940810867,2.6362136970933676,2.2232571149336753,2.719020267166343,2.432731717428503,1.2014715313302702,2.4344969072645313,1.9982576446308578,2.4012592875571954,2.300460739919302,1.7675364997419765,2.4258680388261595,1.068860690616655,2.6443688734422537,2.378217206090122,2.019866920238928,1.3428955034621204,1.0742918056900868,1.3752376878512411
149,0.0,0.0,0.0,0.0,0.0,0.0,0.0,0.0,0.0,0.0,0.0,0.0,0.0,0.0,0.0,0.0,0.0,1.4977380810749223,0.8933858757074995,1.995367683047287,0.0,0.0,0.0,0.0,0.0,0.0,0.0,0.0,0.0,0.0,0.0,0.0,0.0,0.0,0.0,0.0,0.0,0.0,0.0,0.0,0.0,0.0,0.0,0.0,0.0,0.0,0.0,0.0,0.0,0.0,0.0,0.0,0.0,0.0,0.0,0.0,0.0,0.0,0.0,0.0,0.0,0.0,0.0,0.0,0.0,0.0,0.0,0.0,0.0,0.40849299368987485,0.08004237540305706,0.010848039892959117,1.6603633864773655,596.2685563175557,2.143886912863816,1.9616999167748914,1690.7768953640334,2.1301758387275385,2.353031832884085,2.157803809846733,1.1255520028734147,0.7121899391362276,2.2532584039690846,2.115579479386863,0.6415922020849325,1.1337552177410957,1.452031621455447,2.1408608461047436,2.162598465157892,2.437523148557375,2.46285378880566,1.9804349931051242,2.418038303805101,2.711702836993936,2.69081318568351,2.05863789356199,2.6652809107035864,2.273438213071344,2.6906213940528687,2.735311040731176,2.7031477780292335,2.7531002550094854,2.3719754247896887,2.674968065192658,2.315461177110926,2.765224689819661,2.453409906671478,1.2796219381156675,2.437110974363023,1.8255502794550686,2.4047561355953064,2.2932909250556257,1.7923764066492298,2.4374388400429012,0.6024297809662549,2.5261617989774408,2.250796504120814,1.9021545028806734,1.3025561374350274,1.0150070088433791,1.3969558384648506
150,0.0,0.0,0.0,0.0,0.0,0.0,0.0,0.0,0.0,0.0,0.0,0.0,0.0,0.0,0.0,0.0,0.0,1.402227972828903,0.8570766353371557,1.5490717491792454,0.0,0.0,0.0,0.0,0.0,0.0,0.0,0.0,0.0,0.0,0.0,0.0,0.0,0.0,0.0,0.0,0.0,0.0,0.0,0.0,0.0,0.0,0.0,0.0,0.0,0.0,0.0,0.0,0.0,0.0,0.0,0.0,0.0,0.0,0.0,0.0,0.0,0.0,0.0,0.0,0.0,0.0,0.0,0.0,0.0,0.0,0.0,0.0,0.0,0.3857760116211176,0.07207243701181423,0.011067217285482388,1.6744871486812374,385.7969207405831,2.1208674817301207,2.0119481673594337,814.8490270496332,1.9973891614721015,2.2039014298922552,2.0353232075214756,1.073178352350948,0.6510760840300291,1.7392231889207324,1.671088946197255,0.637217637130834,0.9188250159287255,1.0801236869072195,1.6336759796771378,1.6696445484151816,1.8108797793393023,1.821290236664936,1.5257011494260535,1.8795870489913753,2.0740133644685557,2.0570980957018037,1.5780236058255106,2.0414930244151037,1.8088263588878846,2.0605062409231323,1.78008588621924,1.763464764040691,1.7890211259073112,1.6155290011863563,1.759782036018379,1.6272776460891585,1.8050090036449546,1.6655855731826463,0.8537999425017233,1.6079844237094179,1.1469023970272367,1.6000099134137642,1.5401066560739558,1.3489132676622182,1.6082933024851798,0.2585813066256925,1.7195637619069473,1.631472603252984,1.3748804891018294,1.0939105078057505,0.4867411555921044,1.2142130151829669
151,0.0,0.0,0.0,0.0,0.0,0.0,0.0,0.0,0.0,0.0,0.0,0.0,0.0,0.0,0.0,0.0,0.0,1.318678511675047,0.6691436860228425,1.4693487857249403,0.0,0.0,0.0,0.0,0.0,0.0,0.0,0.0,0.0,0.0,0.0,0.0,0.0,0.0,0.0,0.0,0.0,0.0,0.0,0.0,0.0,0.0,0.0,0.0,0.0,0.0,0.0,0.07101253334130725,0.9186138583590946,0.11013902343536996,0.00460773143501342,0.0,0.0743601361521113,0.2428630089076272,0.014256857407015702,0.4538357941285621,0.2656133402675111,0.2002789905255312,0.009390283141531652,0.034417514317778605,0.0595620072762022,0.026900789499500512,0.7012110539759502,0.8838782201818949,0.2686748560129844,0.9854094428939613,0.048004881037481545,0.9933907741434691,0.3972354900337688,0.3561573256392863,0.06503227723029872,0.01206594034188051,1.2667817768435112,2.153555039181356,1.434113401514543,1.4443815256792605,2.668106500605063,1.9393549965639334,2.1511475519559724,1.991846860166774,1.0182382494702842,0.6032119350983146,1.5883767346495006,1.571670270598995,0.6465614807670319,1.0619705295326014,0.8456758245534364,1.594903505016152,1.6634115216201586,1.7910491824441124,1.7971323063102318,1.4899316755057548,1.8334641594308678,2.0510533828601183,2.0798261017916957,1.420190671475079,2.0256929334864253,1.7903073703259622,2.0481448061254923,1.7639611401973525,1.741827068171915,1.772509278729558,1.5709052280184643,1.7507255855198736,1.6166371212547759,1.7824878610135784,1.6271121652745713,0.8594207025751075,1.6083287991488078,1.0432750752810271,1.5960250451025715,1.5266884089625528,1.3560189366323012,1.5995762433946794,0.10724417789628203,1.5563148490084604,1.5591908386504354,1.2201168231838286,1.07343089875121,0.31825196568204983,1.1960713620608718
152,0.0,0.0,0.0,0.0,0.0,0.0,0.0,0.0,0.0,0.0,0.0,0.0,0.0,0.0,0.0,0.0,0.0,0.911922001081622,0.5027969026102291,0.9747196960404134,0.0,0.0,0.0,0.0,0.0,0.0,0.0,0.0,0.0,0.0,0.0,0.0,0.5389731260820554,0.21824524331708534,0.11144717721768,0.015739477037440157,0.1029390335738852,0.11540639443761799,0.02846413805017308,0.002521072345016586,0.0,0.040166862182573135,0.07137442377770647,1.4023617496232283,0.19375062075453636,1.1812099348255742,0.0,0.7451372101922069,0.8180613657896174,0.5607186897877301,0.23309105341079006,0.6247462008182179,0.4470942928531032,1.1524174391134134,0.5010329985469604,1.170877809231495,0.956664444477084,0.8174239818693341,0.22556468562597792,0.26933425071272815,0.37423320441111263,0.3064665232695066,1.5270326856888712,1.6295372591100623,0.598135809779754,1.5412630726714518,0.3080172664474754,1.518394672823539,1.340168966060495,0.3232775363032223,0.05638376144416353,0.01000385021443249,1.2493733547066768,1.9293758391650044,1.3673412908999398,1.4501380916956976,2.3842626117839245,1.3921942865965224,1.4812207374840511,1.405786803710896,0.8393303512596411,0.5248231125892998,1.5742340922588482,1.565569988564322,0.6622980490894081,1.2246842313552588,0.6000322442437194,1.5959530375686395,1.6757762638538232,1.7996273213793756,1.8029357240739046,1.479349846668459,1.815133701544056,2.066005056756694,2.089010052248341,1.2698709370886352,2.0370166943903314,1.7982278766230095,2.0606858596220263,1.980094923204888,1.9511670493138809,1.9791269398992881,1.7357141924646733,1.9574181220834248,1.7813448547432866,1.9891790059009509,1.7973207506161213,0.956883548875453,1.6051290879681233,1.0544654011619894,1.6140243550116082,1.522544947502464,1.3483333937292459,1.6069076135753946,0.06137004818054363,1.3919782259271374,1.4809089437717802,1.047891067437173,1.0428531155337413,0.22590376259665296,1.1589083061516146
153,0.0,0.0,0.0,0.0,0.0,0.0,0.0,0.0,0.0,0.0,0.0,0.0,0.0,0.0,0.0,0.0,0.0,0.9658388371241315,0.5005192586560988,0.5097769450886012,0.013671784784141971,0.008759892889122394,0.0,0.0016987752997584037,0.0026005080824132477,0.0,0.0,0.5376080241103409,0.18343552280171538,0.3962646043355764,0.012784470132839594,0.04960074755639651,0.7825482253974769,0.700290746693538,0.5911053671272739,0.22054327912935384,0.36556319115632074,0.26184853611135256,0.11118898963234677,0.06480353468614965,0.0689629654087701,0.21300321581307896,0.653595557522898,2.0907184736496234,0.7659624919973105,0.9837284302138869,0.18996364020535725,1.1865946825851843,1.2772035114758182,0.8666651564861656,0.5334314103669009,1.1885722706451105,0.6631420730216844,1.8011517402788746,1.070876496461921,1.2113248707169983,1.1542163367330507,1.1396941819576152,0.32441842986847097,0.3710896841210437,0.5449923222899535,0.3973452180795797,1.6257801603490805,1.730230960925958,0.6269817843329557,1.5905425396224366,0.4417514204942369,1.6350122543484389,1.482923940881939,0.3045448945330046,0.051943153192383,0.00836330541133071,1.0512787717916483,1.2693524394539963,1.116375686323312,1.1905469685486865,1.6086353688442614,1.3830401869487332,1.4762186419175123,1.4004527856880848,0.7990200348360628,0.4931894827337948,2.181357617922913,2.004906960026828,0.6935223286400439,1.3911516249418394,0.3662362085816165,1.576314142643442,1.7058489465850961,1.8556813325194526,1.8589969250897411,1.4941651585650737,2.280805859520205,2.9692623350929352,2.976213786529115,1.3347637707382756,2.9289936212298926,2.430524756514714,2.9541227164809243,2.7365625145575905,2.734425607523008,2.7400879386186716,1.989379728860155,2.6273548136425475,1.990071507524446,2.754901968057311,2.166498649416299,0.9067326332964285,1.5792982289089466,1.0590851039660638,1.6476268182516876,1.465015955124473,1.2295439530447565,1.6356007853164485,0.03966096244099986,0.9535765713572517,1.1683077997399418,0.6752592114599112,0.754282510340776,0.18559184180732885,0.9866599633980861
154,0.0,0.0,0.0,0.0,0.0,0.0,0.0,0.0,0.0,0.0,0.0,0.0,0.0,0.0,0.0,0.0,0.0,0.8604596567570142,0.44827044812200667,0.40131212967938923,0.3278707320498737,0.26057002749934394,0.08809547944216728,0.17797634362483394,0.09760869315269938,0.04553795377530749,0.011092620229195348,0.5490186411989271,0.5082750177292437,0.5570555657593292,0.37834145332831026,0.45595716870242975,0.8577866939012893,0.7524528683170146,0.7406845815386651,0.42645613031088636,0.49855535189770506,0.3997719812419276,0.18673066990660256,0.11334724314077962,0.3853134421299016,0.24826514270351308,0.8557600049054628,2.3296641289308795,0.8863755831974114,1.0501627189441933,0.6011866025151724,1.2420272136244392,1.2610948894871399,0.8064601260915545,0.524047567899736,1.2130010836025997,0.6277881481762897,1.8403761943810863,1.1669386665575692,1.2686273003584727,1.2311480462539008,1.4128532986938849,0.3576989591029457,0.4551083941561407,0.6724038899508202,0.637298461655353,1.615487724200955,1.6757773551249233,0.6502324985682879,1.573532605213618,0.4821284668980028,1.6449502605279065,1.4295329786902782,0.2877589626019515,0.04533752191889248,0.011018350210553035,1.0555731972012765,1.2610807562487025,1.1127808491197748,1.2163572451202516,1.5986044731907896,1.3844566807846252,1.4953356416694703,1.4130887704166213,0.7671421505811509,0.47747454619404894,2.2815768443961133,1.801061586399765,0.5984226509932391,1.8290824148052218,0.16320988001573644,1.572144476171256,2.0095325975592715,2.4130376179964514,2.4204866412183037,1.5378378154505716,1.7482590338948905,3.01957190117173,3.0215344593943883,1.2136366682144342,2.9908638126507867,2.36405875040934,3.0141340383706847,2.6808482227243076,2.6935713964012393,2.7215203120431397,1.1041499391078082,2.3518213482820123,1.8103371510267667,2.725937886429165,1.3750780723352443,1.0027436402794194,1.7175045583185273,1.0315130784931466,1.7414205982729882,1.5406741647140905,1.2560496042305007,1.8006048885647985,0.01749959516815332,0.4798384091175434,0.6516231656535982,0.26285080095032376,0.49928764825456384,0.06947443529915609,0.8078052735212373
155,0.0,0.0,0.0,0.0,0.0,0.0,0.0,0.0,0.0,0.0,0.0,0.0,0.0,0.0,0.0,0.0,0.0,0.8147780539367195,0.6376464635275488,0.1954356078389335,0.46447534144151126,0.49088552843975153,0.3329621603672813,0.46541909453534536,0.2931361520256275,0.3849089938308503,0.11579190410537496,0.8482554678848828,0.736626975984942,0.8062576333805502,0.7379257266889323,0.7204180713524453,0.9420284461448318,0.8270440546264926,0.7905561995079076,0.4818995121890879,0.5179898561883046,0.538380132076163,0.2441974255282478,0.12821604339072776,0.5209819784826346,0.29682034033197785,0.8285512606868437,2.26365298620172,0.8354949909036602,0.9982785271859029,0.6724834077243236,1.2189988147802353,1.253040115640033,0.8014954942073285,0.5495353449222264,1.191533357292319,0.6438543783013921,1.8284423850852214,1.1466177264595023,1.4323117079035317,1.31357240396555,1.574871869462048,0.4607428077662472,0.50548710809782,0.7731814760997779,0.8368746320166129,1.6211951316481912,1.6536836951396623,0.6205135364722958,1.5520288951165693,0.47660826560858127,1.6408048527263972,1.3455394542917896,0.26812239903236323,0.03791972225072707,0.012854086089327522,1.2543452665862942,1.9142283764983858,1.4008666800343255,1.5800846350078066,2.3891940914691077,1.9734954579200128,2.398550496585244,2.134545512451517,0.8573850511851522,0.4817557993460577,2.5881669449336187,1.092635794289546,0.35519406244088403,1.9484542632811284,0.047714772258281565,0.851106507370228,1.8060188086914364,2.4173459696539794,2.4253395126143005,0.8364830195222241,0.7159454524959785,2.984285231348622,2.9398445906290362,1.1708776578929392,2.949276065279264,2.0259750021031335,2.9805954359762836,2.6812835624941727,2.720073444017544,2.7351791942928685,0.8163008519718111,2.059600766071963,1.9735395883720201,2.746208498690976,0.886636940832314,1.0584993069068673,1.9320332554490918,1.2442804761705064,1.889930020889551,1.765258140901624,1.4341336442142927,2.054256282617054,0.08355646406584247,0.5337454021225959,0.5268936279065386,0.18270996029329784,0.5215262495397989,0.0,0.7052408605712457
156,0.0,0.0,0.0,0.0,0.0,0.0,0.0,0.0,0.0,0.0,0.0,0.0,0.0,0.0,0.0,0.0,0.0,0.9905189280933002,0.6584167745880997,0.01857045108777814,0.672586033817935,0.7206422120407443,0.6352982647772798,0.4829781391987673,0.36378703419065617,0.5856611588933276,0.1978461794039031,0.7897133603255497,0.6895064545248912,0.750273521760283,0.7019398726625292,0.6513615990184931,0.9395761976775248,0.829416714480228,0.7776575884512291,0.5086032660653463,0.5444850105870624,0.6703150188141256,0.28681437015764033,0.20709157509250187,0.5337573448500483,0.32661882046405094,0.7782655903388775,2.1682475303955613,0.7917625937083503,0.9435269904315646,0.6404603667902076,1.3085558268457156,1.3737110180372838,0.8444385598949715,0.6151281568586369,1.2750807791417769,0.7076605268655927,1.9664952695231595,1.2151514798929748,1.6654661287707349,1.397737973135297,1.7799191063328443,0.5982722823582513,0.5924314612903128,0.9726826894758553,1.043527590806956,1.621645023354933,1.6431462427420414,0.5833383982859508,1.541193567890435,0.45341135640119834,1.648166624926521,1.269377816536133,0.2037040404076458,0.02084580736094647,0.0037817394976100726,1.1898563058622629,1.9840832560353192,1.422020488653493,1.6197195723597169,2.482728246402985,1.7516094514215457,2.4159373112056244,2.0312604403991195,0.7679441360206589,0.39895417942183165,2.776200005780993,0.9404900990965517,0.35395423144972704,2.1779554344092222,0.027710019670583667,1.016135491362153,2.0499247726371195,2.6840446504575084,2.6916333103145007,0.5512814684533524,0.3705843171366286,2.9691954018289834,2.921042921992921,1.2293334109163117,2.9389360320055857,1.5679207058101783,2.9744834882440045,2.9646214658214376,2.9882119184003386,3.024982434762933,0.9099717231233186,2.1834179738245805,2.2840619676504375,3.042923599614369,0.8967991164920366,1.1392015340407795,2.279599176064682,1.4511057270154986,2.3023373645798237,2.10796281863273,1.6855957470436067,2.4156560282771196,0.1698742349406295,0.6971860998407853,0.5169437380944755,0.17133906816978653,0.5816001434682123,0.0,0.6407928012109979
157,0.0,0.0,0.0,0.0,0.0,0.0,0.0,0.0,0.0,0.0,0.0,0.0,0.0,0.0,0.0,0.0,0.0,1.0738139615002176,0.8106241903607179,0.0411227028759535,0.6870960241079969,0.7379529363163755,0.6556326002492068,0.468090293982963,0.35631245593517147,0.5797275677669487,0.21788469980848785,0.8725852074639988,0.7507501878571792,0.8180597758111414,0.7673509317402809,0.6949790563561469,0.9701747332073865,0.8328682426304521,0.7975668720244862,0.5443545460491155,0.5593341909134685,0.7573925975746365,0.27808316788768733,0.24967823152846652,0.5479667487483749,0.33657715054166887,0.8113262367022038,2.188301071291093,0.8287556370390625,1.0056374319683528,0.6257663251014784,1.382859002518975,1.4631093247735407,0.9506048784807906,0.7122460026924318,1.3439709915083,0.7753249011349745,2.0699872075341403,1.2694991044590704,1.5633881002594938,1.3297777222103542,1.716223270135779,0.546814146636488,0.5793900676585699,0.9991877595839984,1.0103275443922906,1.651103479639195,1.6632834904747558,0.6412968371587637,1.5714282860679667,0.4403860403067841,1.6508597225430055,1.2119731103678553,0.1434788188158,0.008607184769721783,0.0,1.0854152259217495,1.9370717730287197,1.349342964598899,1.5625482222765141,2.3871562640415505,1.509668034469466,2.365816050482678,1.971628778217129,0.6634325383437985,0.3467693778925232,2.7765133856564717,1.061257651371096,0.43871896967260116,2.239179955350995,0.04776348561045265,1.1981169536240333,2.1672462638186882,2.7206031566965976,2.7314703430602094,0.686136462484629,0.3698116489707783,2.959964539968496,2.912238889600303,1.3281915868541896,2.9406208226282615,1.5062925690372495,2.975702307521715,3.1508896113673472,3.1934858039840037,3.203925678120868,1.0055637233105448,2.346690273642931,2.510745849609348,3.20366023650422,0.8983949607142354,0.9655718080375948,2.333514678877293,1.5682943390312385,2.384475412561059,2.2355501845349295,1.7923238681527085,2.47567302703213,0.27469333366516463,0.9311986994868608,0.5207328807922411,0.19661693168480163,0.659330966128187,0.014012078948043195,0.6017614553148309
158,0.0,0.0,0.0,0.0,0.0,0.0,0.0,0.0,0.0,0.0,0.0,0.0,0.0,0.0,0.0,0.0,0.0,0.9074380252357763,0.6578846815749202,0.29415182929123773,0.699805233292853,0.7362796499334459,0.6512576378450972,0.44986888680970294,0.34584388507617203,0.5546390673566968,0.24643050449900322,0.9137283574527828,0.7775647590703105,0.8534784568106772,0.7855602112282809,0.7103062465856476,1.1931856205264921,1.011375895085556,0.9113609757471641,0.5971016734216623,0.5504474118818259,0.8476490615372394,0.2174111123949436,0.27800059609314964,0.5745484595647976,0.31837423905220646,1.0161055061700024,2.8019612749275993,1.024911367725366,1.332918296338903,0.7005022422501401,1.677729123051913,1.856164908153005,1.1326552514246684,0.8535279624681147,1.609540401384586,0.9164193380917411,2.416513102927137,1.4958435044169018,1.1257395226029554,1.2752813789437858,1.422086879934033,0.4890087285835054,0.5068785370258879,0.9638559836061651,0.8742334093867807,1.6189883738028943,1.636927253697225,0.6330460517038974,1.576782648750056,0.38859712632413135,1.6064142298514046,1.162900870755868,0.12122451515098387,0.010753063489921614,0.0,1.049754645806371,1.967983953556768,1.3477015719576069,1.5805997416105768,2.37201937403006,1.2949054272190628,2.3179610848955576,1.9401881486643209,0.5996972260202816,0.35379017292284587,3.2753751042946533,1.203233089621145,0.5168791060890545,2.345396628970853,0.18486733810403194,1.3327784062356671,2.2522506734422745,2.797602363527403,2.8049422190815676,1.027761472915553,0.593225314970783,3.7475006751519686,3.6926887321506,1.6054596452044563,3.738940720242681,1.8820784232307903,3.7835806159855565,3.959018546358493,4.030488218279061,4.0243597511798725,1.1171492500065203,2.869245690538806,3.0901994994724262,4.020445262025532,0.8963498133441812,0.8575415182247603,2.2984708442297546,1.3625458732422215,2.365682176872248,2.2740375616723654,1.8614237544848509,2.4340599447098157,0.34772985027469994,1.1390240220614185,0.5091953728196623,0.27443849364742146,0.731692852328635,0.016314806382345,0.6007790003875434
159,0.0,0.0,0.0,0.0,0.0,0.0,0.0,0.0,0.0,0.0,0.0,0.0,0.0,0.0,0.0,0.0,0.0,0.6839288494874007,0.47302141734300795,0.4764195305333294,0.6727107003000565,0.7100042067454733,0.6679910066590846,0.44752947566063817,0.3481964795338369,0.5520568369963983,0.2663163556585005,0.8804204593761824,0.7682870228565939,0.8279250156179945,0.7624816423739036,0.6967653915147745,1.1350454114071908,0.9818060090665099,0.8790931668063307,0.6200057896720059,0.49210608619099305,0.8532538009037116,0.14693401485567237,0.3451447738031105,0.6206895696284389,0.26082853506925574,1.1249533970842993,3.2060261900045575,1.1342701576212546,1.5067891943799623,0.7912979578305208,1.8479518168192755,2.1073001453769393,1.154189714232226,0.9166707404586205,1.7521006243207138,0.9874750630742102,2.52967608476943,1.6722021774970228,0.6937169538550086,1.4537890847907229,0.8486460837133465,0.5100106785909887,0.45963605243904715,1.0387676815140354,0.7364949143169242,1.5654362499935495,1.4675521362885435,0.5492739245586984,1.5055527329155876,0.32007565917536007,1.4612823607607552,1.038218753184256,0.12230832331220773,0.02114945926619704,0.006090164261010955,1.0269066519376322,2.0329894156718638,1.3663336466686467,1.6121283841233165,2.387443179730326,1.072968980678116,2.294518023161757,1.9366135410018828,0.5955108914458758,0.3665673559049104,3.4246781777583237,1.2471438313862633,0.5838209376797611,2.4202658900061955,0.4363784236644672,1.4219705813731949,2.2530488840579483,2.8129995452982257,2.812752207813901,1.423472671136632,0.9391148059287244,4.423181837073571,4.339537330945404,1.9759801010136777,4.3394596465223,2.3930018943800064,4.433232209790731,4.3673683288197935,4.351707532914588,4.428963669401128,1.1593408169391397,3.1359581212204564,3.44890608316498,4.444653224662034,0.862832684579123,0.7071641660286971,2.307721869185791,1.175751149161243,2.435382417071736,2.3681406306947324,1.958858458990461,2.48806963393271,0.38608105689572814,1.1371184045543639,0.5238245549496645,0.39434864399692515,0.7866794294180333,0.012857934558687034,0.5678959670255127
160,0.0,0.0,0.0,0.0,0.0,0.0,0.0,0.0,0.0,0.0,0.0,0.0,0.0,0.0,0.0,0.0,0.0,0.7136182726857581,0.6643476846285472,0.708121777827762,0.6987987867043142,0.7359540353413436,0.6972794951638535,0.4840866575696243,0.346811339369653,0.6002078861797981,0.2865696781746091,0.9208321230617003,0.8101151626079339,0.8693458684533244,0.7953689169174352,0.7288462197365759,0.9905855189572321,0.850385177032738,0.8088276290174048,0.691093879070003,0.45544498612011697,0.8273261223428374,0.1228829781732595,0.46540508458982743,0.65040375471546,0.1639656276866972,0.965714385362654,2.581155067169256,0.9714128815567147,1.2110923185282445,0.7446305707880037,1.3431996206961685,1.4500151514221216,0.8948077638050131,0.7429503755290772,1.3099380796581768,0.6949556046711733,1.728934896622171,1.2820765590094476,0.5931699519602894,0.9613844110518954,0.2795876929748282,0.4650440965100112,0.23929551493969553,0.7279829810243075,0.638349631121474,0.8439201696139527,0.7374499306980291,0.14939226752945145,0.8489207574539936,0.13520876182449604,0.758942660378711,0.3585435410136486,0.13749196155471366,0.041995836203760725,0.01788992127151997,1.0077700501639484,1.846149170962235,1.371901090453857,1.6358364949136632,2.361936107648944,0.8518139910181064,2.2543988972831386,1.9456144218170799,0.6259600002763199,0.414648711043775,2.8435044246225516,1.2296076116188424,0.6102794501098643,2.4455561727900275,0.7907152101721453,1.440971601581463,2.150004473728046,2.7480724337510765,2.7513789999647997,1.725108466725704,1.1676696699160383,3.4520801728285733,3.416382834017895,2.0626870443813914,3.4192940603679745,2.318714000713837,3.47106085527048,2.978693565991307,2.955498185749093,3.020554936825647,1.041316437655554,2.387891040831038,2.5511914237071576,3.0220144974809955,0.7722947163406026,0.5420090116415146,1.741484400073233,0.7757328617658255,1.8035079682766941,1.7726263178411727,1.5454493962378546,1.8261931870647885,0.5472387443202233,1.200758144934583,0.7509277903176117,0.6881582694201636,0.8443111522675353,0.019741979599334478,0.7190171139784705
161,0.0,0.0,0.0,0.0,0.0,0.0,0.0,0.0,0.0,0.0,0.0,0.0,0.0,0.0,0.0,0.0,0.0,0.6314316238528057,0.632703158291363,1.0387569066686022,0.6782851720569907,0.7063632729392411,0.7379453045977094,0.5078339833464437,0.2672799219642793,0.6199656907966711,0.1990131329195191,0.9236872353358194,0.7984635334357995,0.8709644176173814,0.7969606446384478,0.7501216432996971,1.004329120471084,0.8477819772290891,0.7607604004783814,0.3823247696566078,0.2298536838734726,0.3340928163683199,0.03754113965379784,0.22618281155842052,0.42800750683069033,0.042321663854255266,0.8424992879762798,1.9844248907345339,0.7389487092874405,1.1289740896172589,0.6138790239692136,0.7214429396755881,0.8755823311803397,0.41095660063118533,0.30606471355762566,0.7210416066161103,0.18111629767955845,0.5776675335929828,0.6033181336458384,0.02225026900280885,0.061937721996298434,0.0,0.19524624639174704,0.012343127242521984,0.16659001405741458,0.27919687682452005,0.0,0.0,0.0,0.0,0.0,0.0,0.0,0.15268255425115165,0.06413414335132145,0.033663355301729085,1.010024400888741,1.7988596133926649,1.365598340461195,1.639809922217526,2.288236248496105,0.6978271820247027,2.236266915299879,1.9665016197027292,0.6676658471899948,0.46957757809421397,2.6770991526736907,1.2735504364965635,0.6129068739484592,1.934951376303058,1.219595221230859,1.4456141752622136,1.783031222991335,2.075256593292579,2.079921205237042,1.6565312808187773,1.4603215963107705,3.037406919302157,2.9921541776093363,2.2262143088774415,3.008666071065818,2.2205794780487995,3.048504929669434,1.7764777990851144,1.7880874892180145,1.7985094667164958,0.9626320625703966,1.52594593812114,1.670172924516585,1.804071061005743,0.7916514879019336,0.6871056813546232,1.5424130391514623,0.912067658394526,1.6132375270009192,1.6103850039224454,1.4241402552924853,1.6218263229210308,0.9355068563583866,1.4718564327719523,0.8318789577781203,0.9367078493197145,1.140305716369677,0.16757779861993605,0.8752762487967307
162,0.0,0.0,0.0,0.0,0.0,0.0,0.0,0.0,0.0,0.0,0.0,0.0,0.0,0.0,0.0,0.0,0.0,0.533783182591391,0.41876827764659197,0.9512729588670641,0.47085481984817346,0.5097181287010955,0.5491038599619649,0.3260436398042682,0.08709774957010977,0.43989208631479415,0.10471521734108966,0.6906412874377565,0.48442057924233217,0.5931038608968517,0.6612845642044691,0.5705178531989694,0.6040269972490933,0.45614286456692854,0.38057808989839503,0.030019697427463788,0.005877930172485738,0.0,0.0,0.011962812767344445,0.05152734799885546,0.0,0.27352626434440586,1.1312765415802057,0.09202657506547324,0.7687870710979041,0.14768312233789385,0.06512834100788689,0.0,0.0,0.0,0.156581470441688,0.0,0.0,0.024710654605419886,0.0,0.0,0.0,0.0,0.0,0.0,0.0,0.0,0.0,0.0,0.0,0.0,0.0,0.0,0.16045066948259346,0.07984247270635308,0.038351094282540785,0.9068439769185237,1.1849619333100918,1.0922668015672352,1.27976395831661,1.5369440365975606,0.6249565743608094,1.5521568004142026,1.4322507426916768,0.6768973993155909,0.5599387288065705,1.7448590553121903,1.2671340087475058,0.5996900443431532,1.8776093898604636,1.5695836159507373,1.5293348626438918,1.725215268498662,1.9904927217430668,1.9959443267434835,1.7301201580971988,1.7057068713770196,2.138301574053912,2.121349792961155,1.8562243144383466,2.1119772028177977,1.875868051154388,2.138268875365611,1.7554232709217104,1.7360823186281777,1.770603813463822,1.0434980969833254,1.5548669962859112,1.676497017239111,1.780369816642633,0.9468769628872038,0.831346874695015,1.5792707472764107,0.9994262183897309,1.648324892765821,1.6458574211842247,1.470043320232909,1.6432896993892427,1.0498322651112275,1.457793436531393,0.8157696491648512,1.0388598503473534,1.3098471057894323,0.2475631167449716,0.9095034869691689
163,0.0,0.0,0.0,0.0,0.0,0.0,0.0,0.0,0.0,0.0,0.0,0.0,0.0,0.0,0.0,0.0,0.0,0.39670224125495457,0.3642317032644947,1.1300034147482858,0.4177318419220417,0.4227048221634375,0.2924225474225184,0.06981515507241437,0.0031890805039036393,0.23056763462068147,0.026079601458839242,0.5675723620570352,0.04493799449035085,0.27511812362261034,0.40062923327939437,0.2147084255415359,0.648036366168526,0.02289805739767171,0.02703886901809739,0.0,0.0,0.0,0.0,0.0,0.0,0.0,0.0,0.0,0.0,0.0,0.0,0.0,0.0,0.0,0.0,0.0,0.0,0.0,0.0,0.0,0.0,0.0,0.0,0.0,0.0,0.0,0.0,0.0,0.0,0.0,0.0,0.0,0.0,0.1976852757134427,0.10237217870997954,0.03650853156508903,0.948306078186357,1.1697667096465239,1.0559320412035005,1.2665667579493558,1.472046901275462,0.7220493544438336,1.4334793988971128,1.3829849326674548,0.7250173766394561,0.6978172859179723,1.6598571093963983,1.4726455901249729,0.6631097682465157,2.5311457036831833,2.1346091428027485,2.0152700293586348,2.1573272528169998,2.742156122432789,2.751439227271476,2.314282308427652,2.455070285459815,2.929667738269927,2.9634515529396595,2.464532435590744,2.8857231851579854,2.555515075718933,2.9189638345415005,2.458388538330837,2.4339519499735616,2.480068410426611,1.1942907883916511,2.1313559976990994,2.3014018773437286,2.4935607034058194,1.0766983190370658,1.3122035772802292,2.247275107234927,1.6070346492209122,2.283287024536108,2.2509554149806803,1.9617255185716438,2.2777481980468366,1.0849912381189797,1.554572926411259,0.7008342932200662,1.0981181764477146,1.4115937524295026,0.2874057996351464,0.9445350862961324
164,0.0,0.0,0.0,0.0,0.0,0.0,0.0,0.0,0.0,0.0,0.0,0.0,0.0,0.0,0.0,0.0,0.0,0.31566833011993106,0.5306744273259959,1.5761018352177185,0.042169885339684084,0.030085741503241503,0.016756692428813308,0.0,0.0,0.0037181523016398873,0.0,0.0,0.0,0.0,0.003971597192428665,0.0,0.0,0.0,0.0,0.0,0.0,0.0,0.0,0.0,0.0,0.0,0.0,0.0,0.0,0.0,0.0,0.0,0.0,0.0,0.0,0.0,0.0,0.0,0.0,0.0,0.0,0.0,0.0,0.0,0.0,0.0,0.0,0.0,0.0,0.0,0.0,0.0,0.0,0.24852673807962478,0.11721942881365247,0.033486126383712615,0.915227514276014,1.063570250619705,1.0100992794326906,1.1953568762896252,1.3325526805710979,0.726320910126881,1.373262885023891,1.3696738918161628,0.731950715194545,0.7507275822090618,2.196321301300486,2.0117210741590092,0.7146746094765394,2.698029448527773,2.3561868725913353,2.2527262793304743,2.131723705915566,2.941415693043382,2.9497963796020485,2.465685666809131,2.766620862189061,3.2033093378558988,3.2410859422161593,2.676029912556528,3.107569037078065,2.794319350668033,3.1624970765260514,2.691172836689475,2.6903261667048355,2.71939404848672,1.2382688546401504,2.3787231210475,2.521641258712986,2.737334799752716,1.1907972434514162,1.6445911906232027,2.5474736586139812,1.9309294980902934,2.526533855593641,2.5040189659484895,2.1666878253939643,2.5181039339515436,1.1525542183422757,1.970781543508112,0.5080976175701449,1.1450245861818469,1.7066162210276614,0.2986394206148232,1.0133846681045426
165,0.0,0.0,0.0,0.0,0.0,0.0,0.0,0.0,0.0,0.0,0.0,0.0,0.0,0.0,0.0,0.0,0.0,0.16568769933013652,0.5720973129481943,1.773604488812329,0.0,0.0,0.0,0.0,0.0,0.0,0.0,0.0,0.0,0.0,0.0,0.0,0.0,0.0,0.0,0.0,0.0,0.0,0.0,0.0,0.0,0.0,0.0,0.0,0.0,0.0,0.0,0.0,0.0,0.0,0.0,0.0,0.0,0.0,0.0,0.0,0.0,0.0,0.0,0.0,0.0,0.0,0.0,0.0,0.0,0.0,0.0,0.0,0.0,0.2519620096605664,0.08570437431979057,0.013307229435238821,0.9318361260377066,1.1464855007264987,1.0434139537816587,1.2480737832909794,1.4214055365155218,0.6834775854445874,1.3980846486725511,1.353302019845799,0.7185204051056846,0.7904140439986524,2.392515584524517,2.131304513478769,0.718112880748861,2.7592999267859817,2.458250004453669,2.4103508684957706,2.021550239036139,3.018872277913033,3.020256823467207,2.516850165791464,2.9087563500500906,3.2718228527846804,3.326852145324665,2.7458939163189253,3.192600937196403,2.8617991836801657,3.2539720248241792,2.696993241313976,2.7042228796653944,2.7278786764654797,1.3726167910849316,2.478253778030055,2.551456072166367,2.749130879292352,1.4089115557231424,1.4687191723211868,2.5530630767035234,2.073911821261497,2.537700902246847,2.532824180907369,2.203113110059208,2.513133286423063,1.1639661491051148,2.1764401678032304,0.36737875402256226,1.0587648874059101,1.8487225339621425,0.1592142286058034,0.9729771212793923
166,0.0,0.0,0.0,0.0,0.0,0.0,0.0,0.0,0.0,0.0,0.0,0.0,0.0,0.0,0.0,0.0,0.0,0.15358423430999926,0.6714149151952671,1.8766941954532417,0.0,0.0,0.0,0.0,0.0,0.0,0.0,0.0,0.0,0.0,0.0,0.0,0.0,0.0,0.0,0.0,0.0,0.0,0.0,0.0,0.0,0.0,0.0,0.0,0.0,0.0,0.0,0.0,0.0,0.0,0.0,0.0,0.0,0.0,0.0,0.0,0.0,0.0,0.0,0.0,0.0,0.0,0.0,0.0,0.0,0.0,0.0,0.0,0.0,0.2524579540396661,0.05829889036821725,0.007734512854572292,0.9627595590110944,1.1699042208859964,1.0725839956204384,1.2761316496137862,1.514221428478777,0.599757611553448,1.4680750587061056,1.3940164680825582,0.6891118044147475,0.8178047487115774,2.4710071894041903,2.1761046074095862,0.7087833595689903,2.920488938809232,2.5853791054604844,2.633389112433539,1.8303345627947412,3.216454051362234,3.2134181384171825,2.635543460418834,3.11776234952956,3.4686403868145135,3.5628526069522195,2.8551197010678813,3.335933377253241,3.0047930064587263,3.4022561347010196,2.6867760331442696,2.697906573821456,2.7244434129388537,1.7306501006454793,2.562129178583561,2.550210977653812,2.743572124041748,1.730799349105249,1.8141986693899526,2.7750826380369347,2.3135682438004324,2.698086205657191,2.7190538099505375,2.3329359249697905,2.655190352912804,1.2328299576625965,2.2967680386422806,0.32910161129166815,1.0506796770637241,1.921915356455262,0.11286918204330448,0.932238049263866
167,0.0,0.0,0.0,0.0,0.0,0.0,0.0,0.0,0.0,0.0,0.0,0.0,0.0,0.0,0.0,0.0,0.0,0.14813650857930957,0.7891162812391539,1.7930672622699815,0.0,0.0,0.0,0.0,0.0,0.0,0.0,0.0,0.0,0.0,0.0,0.0,0.0,0.0,0.0,0.0,0.0,0.0,0.0,0.0,0.0,0.0,0.0,0.0,0.0,0.0,0.0,0.0,0.0,0.0,0.0,0.0,0.0,0.0,0.0,0.0,0.0,0.0,0.0,0.0,0.0,0.0,0.0,0.0,0.0,0.0,0.0,0.0,0.0,0.27270187906373267,0.03792231363798229,0.004813973490854822,0.9763288934514462,1.2228894946176752,1.083484434744126,1.310700143905314,1.5741845478260075,0.574276601093161,1.479126451368444,1.4002720699642914,0.6768485567961218,0.8402030876156339,2.961515038921789,2.4713125826421276,0.691086343166836,4.208599228321578,3.4256214535719227,3.707397083829349,2.0664983701824977,4.87048633795348,4.868256783200195,3.528845567458619,4.414823143178214,5.249387723244581,5.388346036190342,3.80594084577249,5.099390154486173,4.242765124193625,5.199925028748112,2.6950651954875866,2.699193304615619,2.725745279683906,2.079463557425642,2.614847594241006,2.552939164581055,2.7431267177762493,2.0470572562599436,1.9693843473538664,2.9127724750022423,2.54711844158723,2.796557317385897,2.8326234513602913,2.4005497131125715,2.7218308265582394,1.2281696013030827,2.235580577183768,0.3043347938286793,0.9850271813285367,1.9452161914661783,0.11255277370891173,0.868684487396095
168,0.0,0.0,0.0,0.0,0.0,0.0,0.0,0.0,0.0,0.0,0.0,0.0,0.0,0.0,0.0,0.0,0.0,0.19806696569475032,0.8375480792162122,2.1454749760331717,0.0,0.0,0.0,0.0,0.0,0.0,0.0,0.0,0.0,0.0,0.0,0.0,0.0,0.0,0.0,0.0,0.0,0.0,0.0,0.0,0.0,0.0,0.0,0.0,0.0,0.0,0.0,0.0,0.0,0.0,0.0,0.0,0.0,0.0,0.0,0.0,0.0,0.0,0.0,0.0,0.0,0.0,0.0,0.0,0.0,0.0,0.0,0.0,0.0,0.2954995276998051,0.031058753441889762,0.003570194621596322,0.978204525648056,1.2509798809069252,1.0799459683103412,1.3392389291171236,1.6043020162978792,0.5860650446945164,1.5011805729389494,1.4239142868890688,0.6678559838760194,0.8590706827529644,3.7846469852447626,3.007819312252691,0.6981986484675002,15.873866153035667,6.536348301737374,9.284900755091948,3.0972769484286276,274.52876840571116,274.01896296183986,7.155417009986845,13.76904283083471,279.3232116567742,287.04033496436386,7.912882604848912,273.67752880897024,11.708897445683899,278.11274856189993,2.6936572101803904,2.7011714244363247,2.727237605038681,2.2957298888534883,2.660834492815127,2.5489058314566293,2.7406089989472093,2.2389474628236865,2.316881228445368,3.9840406309515686,3.39583025964118,3.7470379465111208,3.8232112321383056,2.995635872587581,3.581591258756589,1.5305229793684298,2.9514525536631755,0.2769189995321107,0.9105129441502902,2.3670118185526094,0.1498761621397358,0.9014774060542545
