Time_Index,Electricity_MW_SE,Electricity_MW_MIDAT,Electricity_MW_NE,Hydrogen_Demand_SE,Hydrogen_Demand_MIDAT,Hydrogen_Demand_NE,NaturalGas_Demand_SE,NaturalGas_Demand_MIDAT,NaturalGas_Demand_NE,E10_Demand_SE,Gasoline_Demand_MIDAT,Gasoline_Demand_NE,JetFuel_Demand_SE,JetFuel_Demand_MIDAT,JetFuel_Demand_NE,Diesel_Demand_SE,Diesel_Demand_MIDAT,Diesel_Demand_NE,Demand_Zero,Ethylene_Demand_SE
1,125377.8458,94315.25992,49853.92253,14771.25,7365.93,1811.94,23741.09557,29288.63653,20854.93236,43482.06506,27285.49624,15629.7695,17376.17959,9507.809382,9854.219304,20401.55152,13114.34111,8285.996383,0,652.3157
2,125377.8458,94315.25992,49853.92253,14771.25,7365.93,1811.94,23741.09557,29288.63653,20854.93236,43482.06506,27285.49624,15629.7695,17376.17959,9507.809382,9854.219304,20401.55152,13114.34111,8285.996383,0,652.3157
3,125377.8458,94315.25992,49853.92253,14771.25,7365.93,1811.94,23741.09557,29288.63653,20854.93236,43482.06506,27285.49624,15629.7695,17376.17959,9507.809382,9854.219304,20401.55152,13114.34111,8285.996383,0,652.3157
4,125377.8458,94315.25992,49853.92253,14771.25,7365.93,1811.94,23741.09557,29288.63653,20854.93236,43482.06506,27285.49624,15629.7695,17376.17959,9507.809382,9854.219304,20401.55152,13114.34111,8285.996383,0,652.3157
5,125377.8458,94315.25992,49853.92253,14771.25,7365.93,1811.94,23741.09557,29288.63653,20854.93236,43482.06506,27285.49624,15629.7695,17376.17959,9507.809382,9854.219304,20401.55152,13114.34111,8285.996383,0,652.3157
6,125377.8458,94315.25992,49853.92253,14771.25,7365.93,1811.94,23741.09557,29288.63653,20854.93236,43482.06506,27285.49624,15629.7695,17376.17959,9507.809382,9854.219304,20401.55152,13114.34111,8285.996383,0,652.3157
7,125377.8458,94315.25992,49853.92253,14771.25,7365.93,1811.94,23741.09557,29288.63653,20854.93236,43482.06506,27285.49624,15629.7695,17376.17959,9507.809382,9854.219304,20401.55152,13114.34111,8285.996383,0,652.3157
8,125377.8458,94315.25992,49853.92253,14771.25,7365.93,1811.94,23741.09557,29288.63653,20854.93236,43482.06506,27285.49624,15629.7695,17376.17959,9507.809382,9854.219304,20401.55152,13114.34111,8285.996383,0,652.3157
9,125377.8458,94315.25992,49853.92253,14771.25,7365.93,1811.94,23741.09557,29288.63653,20854.93236,43482.06506,27285.49624,15629.7695,17376.17959,9507.809382,9854.219304,20401.55152,13114.34111,8285.996383,0,652.3157
10,125377.8458,94315.25992,49853.92253,14771.25,7365.93,1811.94,23741.09557,29288.63653,20854.93236,43482.06506,27285.49624,15629.7695,17376.17959,9507.809382,9854.219304,20401.55152,13114.34111,8285.996383,0,652.3157
11,125377.8458,94315.25992,49853.92253,14771.25,7365.93,1811.94,23741.09557,29288.63653,20854.93236,43482.06506,27285.49624,15629.7695,17376.17959,9507.809382,9854.219304,20401.55152,13114.34111,8285.996383,0,652.3157
12,125377.8458,94315.25992,49853.92253,14771.25,7365.93,1811.94,23741.09557,29288.63653,20854.93236,43482.06506,27285.49624,15629.7695,17376.17959,9507.809382,9854.219304,20401.55152,13114.34111,8285.996383,0,652.3157
13,125377.8458,94315.25992,49853.92253,14771.25,7365.93,1811.94,23741.09557,29288.63653,20854.93236,43482.06506,27285.49624,15629.7695,17376.17959,9507.809382,9854.219304,20401.55152,13114.34111,8285.996383,0,652.3157
14,125377.8458,94315.25992,49853.92253,14771.25,7365.93,1811.94,23741.09557,29288.63653,20854.93236,43482.06506,27285.49624,15629.7695,17376.17959,9507.809382,9854.219304,20401.55152,13114.34111,8285.996383,0,652.3157
15,125377.8458,94315.25992,49853.92253,14771.25,7365.93,1811.94,23741.09557,29288.63653,20854.93236,43482.06506,27285.49624,15629.7695,17376.17959,9507.809382,9854.219304,20401.55152,13114.34111,8285.996383,0,652.3157
16,125377.8458,94315.25992,49853.92253,14771.25,7365.93,1811.94,23741.09557,29288.63653,20854.93236,43482.06506,27285.49624,15629.7695,17376.17959,9507.809382,9854.219304,20401.55152,13114.34111,8285.996383,0,652.3157
17,125377.8458,94315.25992,49853.92253,14771.25,7365.93,1811.94,23741.09557,29288.63653,20854.93236,43482.06506,27285.49624,15629.7695,17376.17959,9507.809382,9854.219304,20401.55152,13114.34111,8285.996383,0,652.3157
18,125377.8458,94315.25992,49853.92253,14771.25,7365.93,1811.94,23741.09557,29288.63653,20854.93236,43482.06506,27285.49624,15629.7695,17376.17959,9507.809382,9854.219304,20401.55152,13114.34111,8285.996383,0,652.3157
19,125377.8458,94315.25992,49853.92253,14771.25,7365.93,1811.94,23741.09557,29288.63653,20854.93236,43482.06506,27285.49624,15629.7695,17376.17959,9507.809382,9854.219304,20401.55152,13114.34111,8285.996383,0,652.3157
20,125377.8458,94315.25992,49853.92253,14771.25,7365.93,1811.94,23741.09557,29288.63653,20854.93236,43482.06506,27285.49624,15629.7695,17376.17959,9507.809382,9854.219304,20401.55152,13114.34111,8285.996383,0,652.3157
21,125377.8458,94315.25992,49853.92253,14771.25,7365.93,1811.94,23741.09557,29288.63653,20854.93236,43482.06506,27285.49624,15629.7695,17376.17959,9507.809382,9854.219304,20401.55152,13114.34111,8285.996383,0,652.3157
22,125377.8458,94315.25992,49853.92253,14771.25,7365.93,1811.94,23741.09557,29288.63653,20854.93236,43482.06506,27285.49624,15629.7695,17376.17959,9507.809382,9854.219304,20401.55152,13114.34111,8285.996383,0,652.3157
23,125377.8458,94315.25992,49853.92253,14771.25,7365.93,1811.94,23741.09557,29288.63653,20854.93236,43482.06506,27285.49624,15629.7695,17376.17959,9507.809382,9854.219304,20401.55152,13114.34111,8285.996383,0,652.3157
24,125377.8458,94315.25992,49853.92253,14771.25,7365.93,1811.94,23741.09557,29288.63653,20854.93236,43482.06506,27285.49624,15629.7695,17376.17959,9507.809382,9854.219304,20401.55152,13114.34111,8285.996383,0,652.3157
25,125377.8458,94315.25992,49853.92253,14771.25,7365.93,1811.94,23741.09557,29288.63653,20854.93236,43482.06506,27285.49624,15629.7695,17376.17959,9507.809382,9854.219304,20401.55152,13114.34111,8285.996383,0,652.3157
26,125377.8458,94315.25992,49853.92253,14771.25,7365.93,1811.94,23741.09557,29288.63653,20854.93236,43482.06506,27285.49624,15629.7695,17376.17959,9507.809382,9854.219304,20401.55152,13114.34111,8285.996383,0,652.3157
27,125377.8458,94315.25992,49853.92253,14771.25,7365.93,1811.94,23741.09557,29288.63653,20854.93236,43482.06506,27285.49624,15629.7695,17376.17959,9507.809382,9854.219304,20401.55152,13114.34111,8285.996383,0,652.3157
28,125377.8458,94315.25992,49853.92253,14771.25,7365.93,1811.94,23741.09557,29288.63653,20854.93236,43482.06506,27285.49624,15629.7695,17376.17959,9507.809382,9854.219304,20401.55152,13114.34111,8285.996383,0,652.3157
29,125377.8458,94315.25992,49853.92253,14771.25,7365.93,1811.94,23741.09557,29288.63653,20854.93236,43482.06506,27285.49624,15629.7695,17376.17959,9507.809382,9854.219304,20401.55152,13114.34111,8285.996383,0,652.3157
30,125377.8458,94315.25992,49853.92253,14771.25,7365.93,1811.94,23741.09557,29288.63653,20854.93236,43482.06506,27285.49624,15629.7695,17376.17959,9507.809382,9854.219304,20401.55152,13114.34111,8285.996383,0,652.3157
31,125377.8458,94315.25992,49853.92253,14771.25,7365.93,1811.94,23741.09557,29288.63653,20854.93236,43482.06506,27285.49624,15629.7695,17376.17959,9507.809382,9854.219304,20401.55152,13114.34111,8285.996383,0,652.3157
32,125377.8458,94315.25992,49853.92253,14771.25,7365.93,1811.94,23741.09557,29288.63653,20854.93236,43482.06506,27285.49624,15629.7695,17376.17959,9507.809382,9854.219304,20401.55152,13114.34111,8285.996383,0,652.3157
33,125377.8458,94315.25992,49853.92253,14771.25,7365.93,1811.94,23741.09557,29288.63653,20854.93236,43482.06506,27285.49624,15629.7695,17376.17959,9507.809382,9854.219304,20401.55152,13114.34111,8285.996383,0,652.3157
34,125377.8458,94315.25992,49853.92253,14771.25,7365.93,1811.94,23741.09557,29288.63653,20854.93236,43482.06506,27285.49624,15629.7695,17376.17959,9507.809382,9854.219304,20401.55152,13114.34111,8285.996383,0,652.3157
35,125377.8458,94315.25992,49853.92253,14771.25,7365.93,1811.94,23741.09557,29288.63653,20854.93236,43482.06506,27285.49624,15629.7695,17376.17959,9507.809382,9854.219304,20401.55152,13114.34111,8285.996383,0,652.3157
36,125377.8458,94315.25992,49853.92253,14771.25,7365.93,1811.94,23741.09557,29288.63653,20854.93236,43482.06506,27285.49624,15629.7695,17376.17959,9507.809382,9854.219304,20401.55152,13114.34111,8285.996383,0,652.3157
37,125377.8458,94315.25992,49853.92253,14771.25,7365.93,1811.94,23741.09557,29288.63653,20854.93236,43482.06506,27285.49624,15629.7695,17376.17959,9507.809382,9854.219304,20401.55152,13114.34111,8285.996383,0,652.3157
38,125377.8458,94315.25992,49853.92253,14771.25,7365.93,1811.94,23741.09557,29288.63653,20854.93236,43482.06506,27285.49624,15629.7695,17376.17959,9507.809382,9854.219304,20401.55152,13114.34111,8285.996383,0,652.3157
39,125377.8458,94315.25992,49853.92253,14771.25,7365.93,1811.94,23741.09557,29288.63653,20854.93236,43482.06506,27285.49624,15629.7695,17376.17959,9507.809382,9854.219304,20401.55152,13114.34111,8285.996383,0,652.3157
40,125377.8458,94315.25992,49853.92253,14771.25,7365.93,1811.94,23741.09557,29288.63653,20854.93236,43482.06506,27285.49624,15629.7695,17376.17959,9507.809382,9854.219304,20401.55152,13114.34111,8285.996383,0,652.3157
41,125377.8458,94315.25992,49853.92253,14771.25,7365.93,1811.94,23741.09557,29288.63653,20854.93236,43482.06506,27285.49624,15629.7695,17376.17959,9507.809382,9854.219304,20401.55152,13114.34111,8285.996383,0,652.3157
42,125377.8458,94315.25992,49853.92253,14771.25,7365.93,1811.94,23741.09557,29288.63653,20854.93236,43482.06506,27285.49624,15629.7695,17376.17959,9507.809382,9854.219304,20401.55152,13114.34111,8285.996383,0,652.3157
43,125377.8458,94315.25992,49853.92253,14771.25,7365.93,1811.94,23741.09557,29288.63653,20854.93236,43482.06506,27285.49624,15629.7695,17376.17959,9507.809382,9854.219304,20401.55152,13114.34111,8285.996383,0,652.3157
44,125377.8458,94315.25992,49853.92253,14771.25,7365.93,1811.94,23741.09557,29288.63653,20854.93236,43482.06506,27285.49624,15629.7695,17376.17959,9507.809382,9854.219304,20401.55152,13114.34111,8285.996383,0,652.3157
45,125377.8458,94315.25992,49853.92253,14771.25,7365.93,1811.94,23741.09557,29288.63653,20854.93236,43482.06506,27285.49624,15629.7695,17376.17959,9507.809382,9854.219304,20401.55152,13114.34111,8285.996383,0,652.3157
46,125377.8458,94315.25992,49853.92253,14771.25,7365.93,1811.94,23741.09557,29288.63653,20854.93236,43482.06506,27285.49624,15629.7695,17376.17959,9507.809382,9854.219304,20401.55152,13114.34111,8285.996383,0,652.3157
47,125377.8458,94315.25992,49853.92253,14771.25,7365.93,1811.94,23741.09557,29288.63653,20854.93236,43482.06506,27285.49624,15629.7695,17376.17959,9507.809382,9854.219304,20401.55152,13114.34111,8285.996383,0,652.3157
48,125377.8458,94315.25992,49853.92253,14771.25,7365.93,1811.94,23741.09557,29288.63653,20854.93236,43482.06506,27285.49624,15629.7695,17376.17959,9507.809382,9854.219304,20401.55152,13114.34111,8285.996383,0,652.3157
49,125377.8458,94315.25992,49853.92253,14771.25,7365.93,1811.94,23741.09557,29288.63653,20854.93236,43482.06506,27285.49624,15629.7695,17376.17959,9507.809382,9854.219304,20401.55152,13114.34111,8285.996383,0,652.3157
50,125377.8458,94315.25992,49853.92253,14771.25,7365.93,1811.94,23741.09557,29288.63653,20854.93236,43482.06506,27285.49624,15629.7695,17376.17959,9507.809382,9854.219304,20401.55152,13114.34111,8285.996383,0,652.3157
51,125377.8458,94315.25992,49853.92253,14771.25,7365.93,1811.94,23741.09557,29288.63653,20854.93236,43482.06506,27285.49624,15629.7695,17376.17959,9507.809382,9854.219304,20401.55152,13114.34111,8285.996383,0,652.3157
52,125377.8458,94315.25992,49853.92253,14771.25,7365.93,1811.94,23741.09557,29288.63653,20854.93236,43482.06506,27285.49624,15629.7695,17376.17959,9507.809382,9854.219304,20401.55152,13114.34111,8285.996383,0,652.3157
53,125377.8458,94315.25992,49853.92253,14771.25,7365.93,1811.94,23741.09557,29288.63653,20854.93236,43482.06506,27285.49624,15629.7695,17376.17959,9507.809382,9854.219304,20401.55152,13114.34111,8285.996383,0,652.3157
54,125377.8458,94315.25992,49853.92253,14771.25,7365.93,1811.94,23741.09557,29288.63653,20854.93236,43482.06506,27285.49624,15629.7695,17376.17959,9507.809382,9854.219304,20401.55152,13114.34111,8285.996383,0,652.3157
55,125377.8458,94315.25992,49853.92253,14771.25,7365.93,1811.94,23741.09557,29288.63653,20854.93236,43482.06506,27285.49624,15629.7695,17376.17959,9507.809382,9854.219304,20401.55152,13114.34111,8285.996383,0,652.3157
56,125377.8458,94315.25992,49853.92253,14771.25,7365.93,1811.94,23741.09557,29288.63653,20854.93236,43482.06506,27285.49624,15629.7695,17376.17959,9507.809382,9854.219304,20401.55152,13114.34111,8285.996383,0,652.3157
57,125377.8458,94315.25992,49853.92253,14771.25,7365.93,1811.94,23741.09557,29288.63653,20854.93236,43482.06506,27285.49624,15629.7695,17376.17959,9507.809382,9854.219304,20401.55152,13114.34111,8285.996383,0,652.3157
58,125377.8458,94315.25992,49853.92253,14771.25,7365.93,1811.94,23741.09557,29288.63653,20854.93236,43482.06506,27285.49624,15629.7695,17376.17959,9507.809382,9854.219304,20401.55152,13114.34111,8285.996383,0,652.3157
59,125377.8458,94315.25992,49853.92253,14771.25,7365.93,1811.94,23741.09557,29288.63653,20854.93236,43482.06506,27285.49624,15629.7695,17376.17959,9507.809382,9854.219304,20401.55152,13114.34111,8285.996383,0,652.3157
60,125377.8458,94315.25992,49853.92253,14771.25,7365.93,1811.94,23741.09557,29288.63653,20854.93236,43482.06506,27285.49624,15629.7695,17376.17959,9507.809382,9854.219304,20401.55152,13114.34111,8285.996383,0,652.3157
61,125377.8458,94315.25992,49853.92253,14771.25,7365.93,1811.94,23741.09557,29288.63653,20854.93236,43482.06506,27285.49624,15629.7695,17376.17959,9507.809382,9854.219304,20401.55152,13114.34111,8285.996383,0,652.3157
62,125377.8458,94315.25992,49853.92253,14771.25,7365.93,1811.94,23741.09557,29288.63653,20854.93236,43482.06506,27285.49624,15629.7695,17376.17959,9507.809382,9854.219304,20401.55152,13114.34111,8285.996383,0,652.3157
63,125377.8458,94315.25992,49853.92253,14771.25,7365.93,1811.94,23741.09557,29288.63653,20854.93236,43482.06506,27285.49624,15629.7695,17376.17959,9507.809382,9854.219304,20401.55152,13114.34111,8285.996383,0,652.3157
64,125377.8458,94315.25992,49853.92253,14771.25,7365.93,1811.94,23741.09557,29288.63653,20854.93236,43482.06506,27285.49624,15629.7695,17376.17959,9507.809382,9854.219304,20401.55152,13114.34111,8285.996383,0,652.3157
65,125377.8458,94315.25992,49853.92253,14771.25,7365.93,1811.94,23741.09557,29288.63653,20854.93236,43482.06506,27285.49624,15629.7695,17376.17959,9507.809382,9854.219304,20401.55152,13114.34111,8285.996383,0,652.3157
66,125377.8458,94315.25992,49853.92253,14771.25,7365.93,1811.94,23741.09557,29288.63653,20854.93236,43482.06506,27285.49624,15629.7695,17376.17959,9507.809382,9854.219304,20401.55152,13114.34111,8285.996383,0,652.3157
67,125377.8458,94315.25992,49853.92253,14771.25,7365.93,1811.94,23741.09557,29288.63653,20854.93236,43482.06506,27285.49624,15629.7695,17376.17959,9507.809382,9854.219304,20401.55152,13114.34111,8285.996383,0,652.3157
68,125377.8458,94315.25992,49853.92253,14771.25,7365.93,1811.94,23741.09557,29288.63653,20854.93236,43482.06506,27285.49624,15629.7695,17376.17959,9507.809382,9854.219304,20401.55152,13114.34111,8285.996383,0,652.3157
69,125377.8458,94315.25992,49853.92253,14771.25,7365.93,1811.94,23741.09557,29288.63653,20854.93236,43482.06506,27285.49624,15629.7695,17376.17959,9507.809382,9854.219304,20401.55152,13114.34111,8285.996383,0,652.3157
70,125377.8458,94315.25992,49853.92253,14771.25,7365.93,1811.94,23741.09557,29288.63653,20854.93236,43482.06506,27285.49624,15629.7695,17376.17959,9507.809382,9854.219304,20401.55152,13114.34111,8285.996383,0,652.3157
71,125377.8458,94315.25992,49853.92253,14771.25,7365.93,1811.94,23741.09557,29288.63653,20854.93236,43482.06506,27285.49624,15629.7695,17376.17959,9507.809382,9854.219304,20401.55152,13114.34111,8285.996383,0,652.3157
72,125377.8458,94315.25992,49853.92253,14771.25,7365.93,1811.94,23741.09557,29288.63653,20854.93236,43482.06506,27285.49624,15629.7695,17376.17959,9507.809382,9854.219304,20401.55152,13114.34111,8285.996383,0,652.3157
73,125377.8458,94315.25992,49853.92253,14771.25,7365.93,1811.94,23741.09557,29288.63653,20854.93236,43482.06506,27285.49624,15629.7695,17376.17959,9507.809382,9854.219304,20401.55152,13114.34111,8285.996383,0,652.3157
74,125377.8458,94315.25992,49853.92253,14771.25,7365.93,1811.94,23741.09557,29288.63653,20854.93236,43482.06506,27285.49624,15629.7695,17376.17959,9507.809382,9854.219304,20401.55152,13114.34111,8285.996383,0,652.3157
75,125377.8458,94315.25992,49853.92253,14771.25,7365.93,1811.94,23741.09557,29288.63653,20854.93236,43482.06506,27285.49624,15629.7695,17376.17959,9507.809382,9854.219304,20401.55152,13114.34111,8285.996383,0,652.3157
76,125377.8458,94315.25992,49853.92253,14771.25,7365.93,1811.94,23741.09557,29288.63653,20854.93236,43482.06506,27285.49624,15629.7695,17376.17959,9507.809382,9854.219304,20401.55152,13114.34111,8285.996383,0,652.3157
77,125377.8458,94315.25992,49853.92253,14771.25,7365.93,1811.94,23741.09557,29288.63653,20854.93236,43482.06506,27285.49624,15629.7695,17376.17959,9507.809382,9854.219304,20401.55152,13114.34111,8285.996383,0,652.3157
78,125377.8458,94315.25992,49853.92253,14771.25,7365.93,1811.94,23741.09557,29288.63653,20854.93236,43482.06506,27285.49624,15629.7695,17376.17959,9507.809382,9854.219304,20401.55152,13114.34111,8285.996383,0,652.3157
79,125377.8458,94315.25992,49853.92253,14771.25,7365.93,1811.94,23741.09557,29288.63653,20854.93236,43482.06506,27285.49624,15629.7695,17376.17959,9507.809382,9854.219304,20401.55152,13114.34111,8285.996383,0,652.3157
80,125377.8458,94315.25992,49853.92253,14771.25,7365.93,1811.94,23741.09557,29288.63653,20854.93236,43482.06506,27285.49624,15629.7695,17376.17959,9507.809382,9854.219304,20401.55152,13114.34111,8285.996383,0,652.3157
81,125377.8458,94315.25992,49853.92253,14771.25,7365.93,1811.94,23741.09557,29288.63653,20854.93236,43482.06506,27285.49624,15629.7695,17376.17959,9507.809382,9854.219304,20401.55152,13114.34111,8285.996383,0,652.3157
82,125377.8458,94315.25992,49853.92253,14771.25,7365.93,1811.94,23741.09557,29288.63653,20854.93236,43482.06506,27285.49624,15629.7695,17376.17959,9507.809382,9854.219304,20401.55152,13114.34111,8285.996383,0,652.3157
83,125377.8458,94315.25992,49853.92253,14771.25,7365.93,1811.94,23741.09557,29288.63653,20854.93236,43482.06506,27285.49624,15629.7695,17376.17959,9507.809382,9854.219304,20401.55152,13114.34111,8285.996383,0,652.3157
84,125377.8458,94315.25992,49853.92253,14771.25,7365.93,1811.94,23741.09557,29288.63653,20854.93236,43482.06506,27285.49624,15629.7695,17376.17959,9507.809382,9854.219304,20401.55152,13114.34111,8285.996383,0,652.3157
85,125377.8458,94315.25992,49853.92253,14771.25,7365.93,1811.94,23741.09557,29288.63653,20854.93236,43482.06506,27285.49624,15629.7695,17376.17959,9507.809382,9854.219304,20401.55152,13114.34111,8285.996383,0,652.3157
86,125377.8458,94315.25992,49853.92253,14771.25,7365.93,1811.94,23741.09557,29288.63653,20854.93236,43482.06506,27285.49624,15629.7695,17376.17959,9507.809382,9854.219304,20401.55152,13114.34111,8285.996383,0,652.3157
87,125377.8458,94315.25992,49853.92253,14771.25,7365.93,1811.94,23741.09557,29288.63653,20854.93236,43482.06506,27285.49624,15629.7695,17376.17959,9507.809382,9854.219304,20401.55152,13114.34111,8285.996383,0,652.3157
88,125377.8458,94315.25992,49853.92253,14771.25,7365.93,1811.94,23741.09557,29288.63653,20854.93236,43482.06506,27285.49624,15629.7695,17376.17959,9507.809382,9854.219304,20401.55152,13114.34111,8285.996383,0,652.3157
89,125377.8458,94315.25992,49853.92253,14771.25,7365.93,1811.94,23741.09557,29288.63653,20854.93236,43482.06506,27285.49624,15629.7695,17376.17959,9507.809382,9854.219304,20401.55152,13114.34111,8285.996383,0,652.3157
90,125377.8458,94315.25992,49853.92253,14771.25,7365.93,1811.94,23741.09557,29288.63653,20854.93236,43482.06506,27285.49624,15629.7695,17376.17959,9507.809382,9854.219304,20401.55152,13114.34111,8285.996383,0,652.3157
91,125377.8458,94315.25992,49853.92253,14771.25,7365.93,1811.94,23741.09557,29288.63653,20854.93236,43482.06506,27285.49624,15629.7695,17376.17959,9507.809382,9854.219304,20401.55152,13114.34111,8285.996383,0,652.3157
92,125377.8458,94315.25992,49853.92253,14771.25,7365.93,1811.94,23741.09557,29288.63653,20854.93236,43482.06506,27285.49624,15629.7695,17376.17959,9507.809382,9854.219304,20401.55152,13114.34111,8285.996383,0,652.3157
93,125377.8458,94315.25992,49853.92253,14771.25,7365.93,1811.94,23741.09557,29288.63653,20854.93236,43482.06506,27285.49624,15629.7695,17376.17959,9507.809382,9854.219304,20401.55152,13114.34111,8285.996383,0,652.3157
94,125377.8458,94315.25992,49853.92253,14771.25,7365.93,1811.94,23741.09557,29288.63653,20854.93236,43482.06506,27285.49624,15629.7695,17376.17959,9507.809382,9854.219304,20401.55152,13114.34111,8285.996383,0,652.3157
95,125377.8458,94315.25992,49853.92253,14771.25,7365.93,1811.94,23741.09557,29288.63653,20854.93236,43482.06506,27285.49624,15629.7695,17376.17959,9507.809382,9854.219304,20401.55152,13114.34111,8285.996383,0,652.3157
96,125377.8458,94315.25992,49853.92253,14771.25,7365.93,1811.94,23741.09557,29288.63653,20854.93236,43482.06506,27285.49624,15629.7695,17376.17959,9507.809382,9854.219304,20401.55152,13114.34111,8285.996383,0,652.3157
97,125377.8458,94315.25992,49853.92253,14771.25,7365.93,1811.94,23741.09557,29288.63653,20854.93236,43482.06506,27285.49624,15629.7695,17376.17959,9507.809382,9854.219304,20401.55152,13114.34111,8285.996383,0,652.3157
98,125377.8458,94315.25992,49853.92253,14771.25,7365.93,1811.94,23741.09557,29288.63653,20854.93236,43482.06506,27285.49624,15629.7695,17376.17959,9507.809382,9854.219304,20401.55152,13114.34111,8285.996383,0,652.3157
99,125377.8458,94315.25992,49853.92253,14771.25,7365.93,1811.94,23741.09557,29288.63653,20854.93236,43482.06506,27285.49624,15629.7695,17376.17959,9507.809382,9854.219304,20401.55152,13114.34111,8285.996383,0,652.3157
100,125377.8458,94315.25992,49853.92253,14771.25,7365.93,1811.94,23741.09557,29288.63653,20854.93236,43482.06506,27285.49624,15629.7695,17376.17959,9507.809382,9854.219304,20401.55152,13114.34111,8285.996383,0,652.3157
101,125377.8458,94315.25992,49853.92253,14771.25,7365.93,1811.94,23741.09557,29288.63653,20854.93236,43482.06506,27285.49624,15629.7695,17376.17959,9507.809382,9854.219304,20401.55152,13114.34111,8285.996383,0,652.3157
102,125377.8458,94315.25992,49853.92253,14771.25,7365.93,1811.94,23741.09557,29288.63653,20854.93236,43482.06506,27285.49624,15629.7695,17376.17959,9507.809382,9854.219304,20401.55152,13114.34111,8285.996383,0,652.3157
103,125377.8458,94315.25992,49853.92253,14771.25,7365.93,1811.94,23741.09557,29288.63653,20854.93236,43482.06506,27285.49624,15629.7695,17376.17959,9507.809382,9854.219304,20401.55152,13114.34111,8285.996383,0,652.3157
104,125377.8458,94315.25992,49853.92253,14771.25,7365.93,1811.94,23741.09557,29288.63653,20854.93236,43482.06506,27285.49624,15629.7695,17376.17959,9507.809382,9854.219304,20401.55152,13114.34111,8285.996383,0,652.3157
105,125377.8458,94315.25992,49853.92253,14771.25,7365.93,1811.94,23741.09557,29288.63653,20854.93236,43482.06506,27285.49624,15629.7695,17376.17959,9507.809382,9854.219304,20401.55152,13114.34111,8285.996383,0,652.3157
106,125377.8458,94315.25992,49853.92253,14771.25,7365.93,1811.94,23741.09557,29288.63653,20854.93236,43482.06506,27285.49624,15629.7695,17376.17959,9507.809382,9854.219304,20401.55152,13114.34111,8285.996383,0,652.3157
107,125377.8458,94315.25992,49853.92253,14771.25,7365.93,1811.94,23741.09557,29288.63653,20854.93236,43482.06506,27285.49624,15629.7695,17376.17959,9507.809382,9854.219304,20401.55152,13114.34111,8285.996383,0,652.3157
108,125377.8458,94315.25992,49853.92253,14771.25,7365.93,1811.94,23741.09557,29288.63653,20854.93236,43482.06506,27285.49624,15629.7695,17376.17959,9507.809382,9854.219304,20401.55152,13114.34111,8285.996383,0,652.3157
109,125377.8458,94315.25992,49853.92253,14771.25,7365.93,1811.94,23741.09557,29288.63653,20854.93236,43482.06506,27285.49624,15629.7695,17376.17959,9507.809382,9854.219304,20401.55152,13114.34111,8285.996383,0,652.3157
110,125377.8458,94315.25992,49853.92253,14771.25,7365.93,1811.94,23741.09557,29288.63653,20854.93236,43482.06506,27285.49624,15629.7695,17376.17959,9507.809382,9854.219304,20401.55152,13114.34111,8285.996383,0,652.3157
111,125377.8458,94315.25992,49853.92253,14771.25,7365.93,1811.94,23741.09557,29288.63653,20854.93236,43482.06506,27285.49624,15629.7695,17376.17959,9507.809382,9854.219304,20401.55152,13114.34111,8285.996383,0,652.3157
112,125377.8458,94315.25992,49853.92253,14771.25,7365.93,1811.94,23741.09557,29288.63653,20854.93236,43482.06506,27285.49624,15629.7695,17376.17959,9507.809382,9854.219304,20401.55152,13114.34111,8285.996383,0,652.3157
113,125377.8458,94315.25992,49853.92253,14771.25,7365.93,1811.94,23741.09557,29288.63653,20854.93236,43482.06506,27285.49624,15629.7695,17376.17959,9507.809382,9854.219304,20401.55152,13114.34111,8285.996383,0,652.3157
114,125377.8458,94315.25992,49853.92253,14771.25,7365.93,1811.94,23741.09557,29288.63653,20854.93236,43482.06506,27285.49624,15629.7695,17376.17959,9507.809382,9854.219304,20401.55152,13114.34111,8285.996383,0,652.3157
115,125377.8458,94315.25992,49853.92253,14771.25,7365.93,1811.94,23741.09557,29288.63653,20854.93236,43482.06506,27285.49624,15629.7695,17376.17959,9507.809382,9854.219304,20401.55152,13114.34111,8285.996383,0,652.3157
116,125377.8458,94315.25992,49853.92253,14771.25,7365.93,1811.94,23741.09557,29288.63653,20854.93236,43482.06506,27285.49624,15629.7695,17376.17959,9507.809382,9854.219304,20401.55152,13114.34111,8285.996383,0,652.3157
117,125377.8458,94315.25992,49853.92253,14771.25,7365.93,1811.94,23741.09557,29288.63653,20854.93236,43482.06506,27285.49624,15629.7695,17376.17959,9507.809382,9854.219304,20401.55152,13114.34111,8285.996383,0,652.3157
118,125377.8458,94315.25992,49853.92253,14771.25,7365.93,1811.94,23741.09557,29288.63653,20854.93236,43482.06506,27285.49624,15629.7695,17376.17959,9507.809382,9854.219304,20401.55152,13114.34111,8285.996383,0,652.3157
119,125377.8458,94315.25992,49853.92253,14771.25,7365.93,1811.94,23741.09557,29288.63653,20854.93236,43482.06506,27285.49624,15629.7695,17376.17959,9507.809382,9854.219304,20401.55152,13114.34111,8285.996383,0,652.3157
120,125377.8458,94315.25992,49853.92253,14771.25,7365.93,1811.94,23741.09557,29288.63653,20854.93236,43482.06506,27285.49624,15629.7695,17376.17959,9507.809382,9854.219304,20401.55152,13114.34111,8285.996383,0,652.3157
121,125377.8458,94315.25992,49853.92253,14771.25,7365.93,1811.94,23741.09557,29288.63653,20854.93236,43482.06506,27285.49624,15629.7695,17376.17959,9507.809382,9854.219304,20401.55152,13114.34111,8285.996383,0,652.3157
122,125377.8458,94315.25992,49853.92253,14771.25,7365.93,1811.94,23741.09557,29288.63653,20854.93236,43482.06506,27285.49624,15629.7695,17376.17959,9507.809382,9854.219304,20401.55152,13114.34111,8285.996383,0,652.3157
123,125377.8458,94315.25992,49853.92253,14771.25,7365.93,1811.94,23741.09557,29288.63653,20854.93236,43482.06506,27285.49624,15629.7695,17376.17959,9507.809382,9854.219304,20401.55152,13114.34111,8285.996383,0,652.3157
124,125377.8458,94315.25992,49853.92253,14771.25,7365.93,1811.94,23741.09557,29288.63653,20854.93236,43482.06506,27285.49624,15629.7695,17376.17959,9507.809382,9854.219304,20401.55152,13114.34111,8285.996383,0,652.3157
125,125377.8458,94315.25992,49853.92253,14771.25,7365.93,1811.94,23741.09557,29288.63653,20854.93236,43482.06506,27285.49624,15629.7695,17376.17959,9507.809382,9854.219304,20401.55152,13114.34111,8285.996383,0,652.3157
126,125377.8458,94315.25992,49853.92253,14771.25,7365.93,1811.94,23741.09557,29288.63653,20854.93236,43482.06506,27285.49624,15629.7695,17376.17959,9507.809382,9854.219304,20401.55152,13114.34111,8285.996383,0,652.3157
127,125377.8458,94315.25992,49853.92253,14771.25,7365.93,1811.94,23741.09557,29288.63653,20854.93236,43482.06506,27285.49624,15629.7695,17376.17959,9507.809382,9854.219304,20401.55152,13114.34111,8285.996383,0,652.3157
128,125377.8458,94315.25992,49853.92253,14771.25,7365.93,1811.94,23741.09557,29288.63653,20854.93236,43482.06506,27285.49624,15629.7695,17376.17959,9507.809382,9854.219304,20401.55152,13114.34111,8285.996383,0,652.3157
129,125377.8458,94315.25992,49853.92253,14771.25,7365.93,1811.94,23741.09557,29288.63653,20854.93236,43482.06506,27285.49624,15629.7695,17376.17959,9507.809382,9854.219304,20401.55152,13114.34111,8285.996383,0,652.3157
130,125377.8458,94315.25992,49853.92253,14771.25,7365.93,1811.94,23741.09557,29288.63653,20854.93236,43482.06506,27285.49624,15629.7695,17376.17959,9507.809382,9854.219304,20401.55152,13114.34111,8285.996383,0,652.3157
131,125377.8458,94315.25992,49853.92253,14771.25,7365.93,1811.94,23741.09557,29288.63653,20854.93236,43482.06506,27285.49624,15629.7695,17376.17959,9507.809382,9854.219304,20401.55152,13114.34111,8285.996383,0,652.3157
132,125377.8458,94315.25992,49853.92253,14771.25,7365.93,1811.94,23741.09557,29288.63653,20854.93236,43482.06506,27285.49624,15629.7695,17376.17959,9507.809382,9854.219304,20401.55152,13114.34111,8285.996383,0,652.3157
133,125377.8458,94315.25992,49853.92253,14771.25,7365.93,1811.94,23741.09557,29288.63653,20854.93236,43482.06506,27285.49624,15629.7695,17376.17959,9507.809382,9854.219304,20401.55152,13114.34111,8285.996383,0,652.3157
134,125377.8458,94315.25992,49853.92253,14771.25,7365.93,1811.94,23741.09557,29288.63653,20854.93236,43482.06506,27285.49624,15629.7695,17376.17959,9507.809382,9854.219304,20401.55152,13114.34111,8285.996383,0,652.3157
135,125377.8458,94315.25992,49853.92253,14771.25,7365.93,1811.94,23741.09557,29288.63653,20854.93236,43482.06506,27285.49624,15629.7695,17376.17959,9507.809382,9854.219304,20401.55152,13114.34111,8285.996383,0,652.3157
136,125377.8458,94315.25992,49853.92253,14771.25,7365.93,1811.94,23741.09557,29288.63653,20854.93236,43482.06506,27285.49624,15629.7695,17376.17959,9507.809382,9854.219304,20401.55152,13114.34111,8285.996383,0,652.3157
137,125377.8458,94315.25992,49853.92253,14771.25,7365.93,1811.94,23741.09557,29288.63653,20854.93236,43482.06506,27285.49624,15629.7695,17376.17959,9507.809382,9854.219304,20401.55152,13114.34111,8285.996383,0,652.3157
138,125377.8458,94315.25992,49853.92253,14771.25,7365.93,1811.94,23741.09557,29288.63653,20854.93236,43482.06506,27285.49624,15629.7695,17376.17959,9507.809382,9854.219304,20401.55152,13114.34111,8285.996383,0,652.3157
139,125377.8458,94315.25992,49853.92253,14771.25,7365.93,1811.94,23741.09557,29288.63653,20854.93236,43482.06506,27285.49624,15629.7695,17376.17959,9507.809382,9854.219304,20401.55152,13114.34111,8285.996383,0,652.3157
140,125377.8458,94315.25992,49853.92253,14771.25,7365.93,1811.94,23741.09557,29288.63653,20854.93236,43482.06506,27285.49624,15629.7695,17376.17959,9507.809382,9854.219304,20401.55152,13114.34111,8285.996383,0,652.3157
141,125377.8458,94315.25992,49853.92253,14771.25,7365.93,1811.94,23741.09557,29288.63653,20854.93236,43482.06506,27285.49624,15629.7695,17376.17959,9507.809382,9854.219304,20401.55152,13114.34111,8285.996383,0,652.3157
142,125377.8458,94315.25992,49853.92253,14771.25,7365.93,1811.94,23741.09557,29288.63653,20854.93236,43482.06506,27285.49624,15629.7695,17376.17959,9507.809382,9854.219304,20401.55152,13114.34111,8285.996383,0,652.3157
143,125377.8458,94315.25992,49853.92253,14771.25,7365.93,1811.94,23741.09557,29288.63653,20854.93236,43482.06506,27285.49624,15629.7695,17376.17959,9507.809382,9854.219304,20401.55152,13114.34111,8285.996383,0,652.3157
144,125377.8458,94315.25992,49853.92253,14771.25,7365.93,1811.94,23741.09557,29288.63653,20854.93236,43482.06506,27285.49624,15629.7695,17376.17959,9507.809382,9854.219304,20401.55152,13114.34111,8285.996383,0,652.3157
145,125377.8458,94315.25992,49853.92253,14771.25,7365.93,1811.94,23741.09557,29288.63653,20854.93236,43482.06506,27285.49624,15629.7695,17376.17959,9507.809382,9854.219304,20401.55152,13114.34111,8285.996383,0,652.3157
146,125377.8458,94315.25992,49853.92253,14771.25,7365.93,1811.94,23741.09557,29288.63653,20854.93236,43482.06506,27285.49624,15629.7695,17376.17959,9507.809382,9854.219304,20401.55152,13114.34111,8285.996383,0,652.3157
147,125377.8458,94315.25992,49853.92253,14771.25,7365.93,1811.94,23741.09557,29288.63653,20854.93236,43482.06506,27285.49624,15629.7695,17376.17959,9507.809382,9854.219304,20401.55152,13114.34111,8285.996383,0,652.3157
148,125377.8458,94315.25992,49853.92253,14771.25,7365.93,1811.94,23741.09557,29288.63653,20854.93236,43482.06506,27285.49624,15629.7695,17376.17959,9507.809382,9854.219304,20401.55152,13114.34111,8285.996383,0,652.3157
149,125377.8458,94315.25992,49853.92253,14771.25,7365.93,1811.94,23741.09557,29288.63653,20854.93236,43482.06506,27285.49624,15629.7695,17376.17959,9507.809382,9854.219304,20401.55152,13114.34111,8285.996383,0,652.3157
150,125377.8458,94315.25992,49853.92253,14771.25,7365.93,1811.94,23741.09557,29288.63653,20854.93236,43482.06506,27285.49624,15629.7695,17376.17959,9507.809382,9854.219304,20401.55152,13114.34111,8285.996383,0,652.3157
151,125377.8458,94315.25992,49853.92253,14771.25,7365.93,1811.94,23741.09557,29288.63653,20854.93236,43482.06506,27285.49624,15629.7695,17376.17959,9507.809382,9854.219304,20401.55152,13114.34111,8285.996383,0,652.3157
152,125377.8458,94315.25992,49853.92253,14771.25,7365.93,1811.94,23741.09557,29288.63653,20854.93236,43482.06506,27285.49624,15629.7695,17376.17959,9507.809382,9854.219304,20401.55152,13114.34111,8285.996383,0,652.3157
153,125377.8458,94315.25992,49853.92253,14771.25,7365.93,1811.94,23741.09557,29288.63653,20854.93236,43482.06506,27285.49624,15629.7695,17376.17959,9507.809382,9854.219304,20401.55152,13114.34111,8285.996383,0,652.3157
154,125377.8458,94315.25992,49853.92253,14771.25,7365.93,1811.94,23741.09557,29288.63653,20854.93236,43482.06506,27285.49624,15629.7695,17376.17959,9507.809382,9854.219304,20401.55152,13114.34111,8285.996383,0,652.3157
155,125377.8458,94315.25992,49853.92253,14771.25,7365.93,1811.94,23741.09557,29288.63653,20854.93236,43482.06506,27285.49624,15629.7695,17376.17959,9507.809382,9854.219304,20401.55152,13114.34111,8285.996383,0,652.3157
156,125377.8458,94315.25992,49853.92253,14771.25,7365.93,1811.94,23741.09557,29288.63653,20854.93236,43482.06506,27285.49624,15629.7695,17376.17959,9507.809382,9854.219304,20401.55152,13114.34111,8285.996383,0,652.3157
157,125377.8458,94315.25992,49853.92253,14771.25,7365.93,1811.94,23741.09557,29288.63653,20854.93236,43482.06506,27285.49624,15629.7695,17376.17959,9507.809382,9854.219304,20401.55152,13114.34111,8285.996383,0,652.3157
158,125377.8458,94315.25992,49853.92253,14771.25,7365.93,1811.94,23741.09557,29288.63653,20854.93236,43482.06506,27285.49624,15629.7695,17376.17959,9507.809382,9854.219304,20401.55152,13114.34111,8285.996383,0,652.3157
159,125377.8458,94315.25992,49853.92253,14771.25,7365.93,1811.94,23741.09557,29288.63653,20854.93236,43482.06506,27285.49624,15629.7695,17376.17959,9507.809382,9854.219304,20401.55152,13114.34111,8285.996383,0,652.3157
160,125377.8458,94315.25992,49853.92253,14771.25,7365.93,1811.94,23741.09557,29288.63653,20854.93236,43482.06506,27285.49624,15629.7695,17376.17959,9507.809382,9854.219304,20401.55152,13114.34111,8285.996383,0,652.3157
161,125377.8458,94315.25992,49853.92253,14771.25,7365.93,1811.94,23741.09557,29288.63653,20854.93236,43482.06506,27285.49624,15629.7695,17376.17959,9507.809382,9854.219304,20401.55152,13114.34111,8285.996383,0,652.3157
162,125377.8458,94315.25992,49853.92253,14771.25,7365.93,1811.94,23741.09557,29288.63653,20854.93236,43482.06506,27285.49624,15629.7695,17376.17959,9507.809382,9854.219304,20401.55152,13114.34111,8285.996383,0,652.3157
163,125377.8458,94315.25992,49853.92253,14771.25,7365.93,1811.94,23741.09557,29288.63653,20854.93236,43482.06506,27285.49624,15629.7695,17376.17959,9507.809382,9854.219304,20401.55152,13114.34111,8285.996383,0,652.3157
164,125377.8458,94315.25992,49853.92253,14771.25,7365.93,1811.94,23741.09557,29288.63653,20854.93236,43482.06506,27285.49624,15629.7695,17376.17959,9507.809382,9854.219304,20401.55152,13114.34111,8285.996383,0,652.3157
165,125377.8458,94315.25992,49853.92253,14771.25,7365.93,1811.94,23741.09557,29288.63653,20854.93236,43482.06506,27285.49624,15629.7695,17376.17959,9507.809382,9854.219304,20401.55152,13114.34111,8285.996383,0,652.3157
166,125377.8458,94315.25992,49853.92253,14771.25,7365.93,1811.94,23741.09557,29288.63653,20854.93236,43482.06506,27285.49624,15629.7695,17376.17959,9507.809382,9854.219304,20401.55152,13114.34111,8285.996383,0,652.3157
167,125377.8458,94315.25992,49853.92253,14771.25,7365.93,1811.94,23741.09557,29288.63653,20854.93236,43482.06506,27285.49624,15629.7695,17376.17959,9507.809382,9854.219304,20401.55152,13114.34111,8285.996383,0,652.3157
168,125377.8458,94315.25992,49853.92253,14771.25,7365.93,1811.94,23741.09557,29288.63653,20854.93236,43482.06506,27285.49624,15629.7695,17376.17959,9507.809382,9854.219304,20401.55152,13114.34111,8285.996383,0,652.3157
169,125377.8458,94315.25992,49853.92253,14771.25,7365.93,1811.94,23741.09557,29288.63653,20854.93236,43482.06506,27285.49624,15629.7695,17376.17959,9507.809382,9854.219304,20401.55152,13114.34111,8285.996383,0,652.3157
170,125377.8458,94315.25992,49853.92253,14771.25,7365.93,1811.94,23741.09557,29288.63653,20854.93236,43482.06506,27285.49624,15629.7695,17376.17959,9507.809382,9854.219304,20401.55152,13114.34111,8285.996383,0,652.3157
171,125377.8458,94315.25992,49853.92253,14771.25,7365.93,1811.94,23741.09557,29288.63653,20854.93236,43482.06506,27285.49624,15629.7695,17376.17959,9507.809382,9854.219304,20401.55152,13114.34111,8285.996383,0,652.3157
172,125377.8458,94315.25992,49853.92253,14771.25,7365.93,1811.94,23741.09557,29288.63653,20854.93236,43482.06506,27285.49624,15629.7695,17376.17959,9507.809382,9854.219304,20401.55152,13114.34111,8285.996383,0,652.3157
173,125377.8458,94315.25992,49853.92253,14771.25,7365.93,1811.94,23741.09557,29288.63653,20854.93236,43482.06506,27285.49624,15629.7695,17376.17959,9507.809382,9854.219304,20401.55152,13114.34111,8285.996383,0,652.3157
174,125377.8458,94315.25992,49853.92253,14771.25,7365.93,1811.94,23741.09557,29288.63653,20854.93236,43482.06506,27285.49624,15629.7695,17376.17959,9507.809382,9854.219304,20401.55152,13114.34111,8285.996383,0,652.3157
175,125377.8458,94315.25992,49853.92253,14771.25,7365.93,1811.94,23741.09557,29288.63653,20854.93236,43482.06506,27285.49624,15629.7695,17376.17959,9507.809382,9854.219304,20401.55152,13114.34111,8285.996383,0,652.3157
176,125377.8458,94315.25992,49853.92253,14771.25,7365.93,1811.94,23741.09557,29288.63653,20854.93236,43482.06506,27285.49624,15629.7695,17376.17959,9507.809382,9854.219304,20401.55152,13114.34111,8285.996383,0,652.3157
177,125377.8458,94315.25992,49853.92253,14771.25,7365.93,1811.94,23741.09557,29288.63653,20854.93236,43482.06506,27285.49624,15629.7695,17376.17959,9507.809382,9854.219304,20401.55152,13114.34111,8285.996383,0,652.3157
178,125377.8458,94315.25992,49853.92253,14771.25,7365.93,1811.94,23741.09557,29288.63653,20854.93236,43482.06506,27285.49624,15629.7695,17376.17959,9507.809382,9854.219304,20401.55152,13114.34111,8285.996383,0,652.3157
179,125377.8458,94315.25992,49853.92253,14771.25,7365.93,1811.94,23741.09557,29288.63653,20854.93236,43482.06506,27285.49624,15629.7695,17376.17959,9507.809382,9854.219304,20401.55152,13114.34111,8285.996383,0,652.3157
180,125377.8458,94315.25992,49853.92253,14771.25,7365.93,1811.94,23741.09557,29288.63653,20854.93236,43482.06506,27285.49624,15629.7695,17376.17959,9507.809382,9854.219304,20401.55152,13114.34111,8285.996383,0,652.3157
181,125377.8458,94315.25992,49853.92253,14771.25,7365.93,1811.94,23741.09557,29288.63653,20854.93236,43482.06506,27285.49624,15629.7695,17376.17959,9507.809382,9854.219304,20401.55152,13114.34111,8285.996383,0,652.3157
182,125377.8458,94315.25992,49853.92253,14771.25,7365.93,1811.94,23741.09557,29288.63653,20854.93236,43482.06506,27285.49624,15629.7695,17376.17959,9507.809382,9854.219304,20401.55152,13114.34111,8285.996383,0,652.3157
183,125377.8458,94315.25992,49853.92253,14771.25,7365.93,1811.94,23741.09557,29288.63653,20854.93236,43482.06506,27285.49624,15629.7695,17376.17959,9507.809382,9854.219304,20401.55152,13114.34111,8285.996383,0,652.3157
184,125377.8458,94315.25992,49853.92253,14771.25,7365.93,1811.94,23741.09557,29288.63653,20854.93236,43482.06506,27285.49624,15629.7695,17376.17959,9507.809382,9854.219304,20401.55152,13114.34111,8285.996383,0,652.3157
185,125377.8458,94315.25992,49853.92253,14771.25,7365.93,1811.94,23741.09557,29288.63653,20854.93236,43482.06506,27285.49624,15629.7695,17376.17959,9507.809382,9854.219304,20401.55152,13114.34111,8285.996383,0,652.3157
186,125377.8458,94315.25992,49853.92253,14771.25,7365.93,1811.94,23741.09557,29288.63653,20854.93236,43482.06506,27285.49624,15629.7695,17376.17959,9507.809382,9854.219304,20401.55152,13114.34111,8285.996383,0,652.3157
187,125377.8458,94315.25992,49853.92253,14771.25,7365.93,1811.94,23741.09557,29288.63653,20854.93236,43482.06506,27285.49624,15629.7695,17376.17959,9507.809382,9854.219304,20401.55152,13114.34111,8285.996383,0,652.3157
188,125377.8458,94315.25992,49853.92253,14771.25,7365.93,1811.94,23741.09557,29288.63653,20854.93236,43482.06506,27285.49624,15629.7695,17376.17959,9507.809382,9854.219304,20401.55152,13114.34111,8285.996383,0,652.3157
189,125377.8458,94315.25992,49853.92253,14771.25,7365.93,1811.94,23741.09557,29288.63653,20854.93236,43482.06506,27285.49624,15629.7695,17376.17959,9507.809382,9854.219304,20401.55152,13114.34111,8285.996383,0,652.3157
190,125377.8458,94315.25992,49853.92253,14771.25,7365.93,1811.94,23741.09557,29288.63653,20854.93236,43482.06506,27285.49624,15629.7695,17376.17959,9507.809382,9854.219304,20401.55152,13114.34111,8285.996383,0,652.3157
191,125377.8458,94315.25992,49853.92253,14771.25,7365.93,1811.94,23741.09557,29288.63653,20854.93236,43482.06506,27285.49624,15629.7695,17376.17959,9507.809382,9854.219304,20401.55152,13114.34111,8285.996383,0,652.3157
192,125377.8458,94315.25992,49853.92253,14771.25,7365.93,1811.94,23741.09557,29288.63653,20854.93236,43482.06506,27285.49624,15629.7695,17376.17959,9507.809382,9854.219304,20401.55152,13114.34111,8285.996383,0,652.3157
193,125377.8458,94315.25992,49853.92253,14771.25,7365.93,1811.94,23741.09557,29288.63653,20854.93236,43482.06506,27285.49624,15629.7695,17376.17959,9507.809382,9854.219304,20401.55152,13114.34111,8285.996383,0,652.3157
194,125377.8458,94315.25992,49853.92253,14771.25,7365.93,1811.94,23741.09557,29288.63653,20854.93236,43482.06506,27285.49624,15629.7695,17376.17959,9507.809382,9854.219304,20401.55152,13114.34111,8285.996383,0,652.3157
195,125377.8458,94315.25992,49853.92253,14771.25,7365.93,1811.94,23741.09557,29288.63653,20854.93236,43482.06506,27285.49624,15629.7695,17376.17959,9507.809382,9854.219304,20401.55152,13114.34111,8285.996383,0,652.3157
196,125377.8458,94315.25992,49853.92253,14771.25,7365.93,1811.94,23741.09557,29288.63653,20854.93236,43482.06506,27285.49624,15629.7695,17376.17959,9507.809382,9854.219304,20401.55152,13114.34111,8285.996383,0,652.3157
197,125377.8458,94315.25992,49853.92253,14771.25,7365.93,1811.94,23741.09557,29288.63653,20854.93236,43482.06506,27285.49624,15629.7695,17376.17959,9507.809382,9854.219304,20401.55152,13114.34111,8285.996383,0,652.3157
198,125377.8458,94315.25992,49853.92253,14771.25,7365.93,1811.94,23741.09557,29288.63653,20854.93236,43482.06506,27285.49624,15629.7695,17376.17959,9507.809382,9854.219304,20401.55152,13114.34111,8285.996383,0,652.3157
199,125377.8458,94315.25992,49853.92253,14771.25,7365.93,1811.94,23741.09557,29288.63653,20854.93236,43482.06506,27285.49624,15629.7695,17376.17959,9507.809382,9854.219304,20401.55152,13114.34111,8285.996383,0,652.3157
200,125377.8458,94315.25992,49853.92253,14771.25,7365.93,1811.94,23741.09557,29288.63653,20854.93236,43482.06506,27285.49624,15629.7695,17376.17959,9507.809382,9854.219304,20401.55152,13114.34111,8285.996383,0,652.3157
201,125377.8458,94315.25992,49853.92253,14771.25,7365.93,1811.94,23741.09557,29288.63653,20854.93236,43482.06506,27285.49624,15629.7695,17376.17959,9507.809382,9854.219304,20401.55152,13114.34111,8285.996383,0,652.3157
202,125377.8458,94315.25992,49853.92253,14771.25,7365.93,1811.94,23741.09557,29288.63653,20854.93236,43482.06506,27285.49624,15629.7695,17376.17959,9507.809382,9854.219304,20401.55152,13114.34111,8285.996383,0,652.3157
203,125377.8458,94315.25992,49853.92253,14771.25,7365.93,1811.94,23741.09557,29288.63653,20854.93236,43482.06506,27285.49624,15629.7695,17376.17959,9507.809382,9854.219304,20401.55152,13114.34111,8285.996383,0,652.3157
204,125377.8458,94315.25992,49853.92253,14771.25,7365.93,1811.94,23741.09557,29288.63653,20854.93236,43482.06506,27285.49624,15629.7695,17376.17959,9507.809382,9854.219304,20401.55152,13114.34111,8285.996383,0,652.3157
205,125377.8458,94315.25992,49853.92253,14771.25,7365.93,1811.94,23741.09557,29288.63653,20854.93236,43482.06506,27285.49624,15629.7695,17376.17959,9507.809382,9854.219304,20401.55152,13114.34111,8285.996383,0,652.3157
206,125377.8458,94315.25992,49853.92253,14771.25,7365.93,1811.94,23741.09557,29288.63653,20854.93236,43482.06506,27285.49624,15629.7695,17376.17959,9507.809382,9854.219304,20401.55152,13114.34111,8285.996383,0,652.3157
207,125377.8458,94315.25992,49853.92253,14771.25,7365.93,1811.94,23741.09557,29288.63653,20854.93236,43482.06506,27285.49624,15629.7695,17376.17959,9507.809382,9854.219304,20401.55152,13114.34111,8285.996383,0,652.3157
208,125377.8458,94315.25992,49853.92253,14771.25,7365.93,1811.94,23741.09557,29288.63653,20854.93236,43482.06506,27285.49624,15629.7695,17376.17959,9507.809382,9854.219304,20401.55152,13114.34111,8285.996383,0,652.3157
209,125377.8458,94315.25992,49853.92253,14771.25,7365.93,1811.94,23741.09557,29288.63653,20854.93236,43482.06506,27285.49624,15629.7695,17376.17959,9507.809382,9854.219304,20401.55152,13114.34111,8285.996383,0,652.3157
210,125377.8458,94315.25992,49853.92253,14771.25,7365.93,1811.94,23741.09557,29288.63653,20854.93236,43482.06506,27285.49624,15629.7695,17376.17959,9507.809382,9854.219304,20401.55152,13114.34111,8285.996383,0,652.3157
211,125377.8458,94315.25992,49853.92253,14771.25,7365.93,1811.94,23741.09557,29288.63653,20854.93236,43482.06506,27285.49624,15629.7695,17376.17959,9507.809382,9854.219304,20401.55152,13114.34111,8285.996383,0,652.3157
212,125377.8458,94315.25992,49853.92253,14771.25,7365.93,1811.94,23741.09557,29288.63653,20854.93236,43482.06506,27285.49624,15629.7695,17376.17959,9507.809382,9854.219304,20401.55152,13114.34111,8285.996383,0,652.3157
213,125377.8458,94315.25992,49853.92253,14771.25,7365.93,1811.94,23741.09557,29288.63653,20854.93236,43482.06506,27285.49624,15629.7695,17376.17959,9507.809382,9854.219304,20401.55152,13114.34111,8285.996383,0,652.3157
214,125377.8458,94315.25992,49853.92253,14771.25,7365.93,1811.94,23741.09557,29288.63653,20854.93236,43482.06506,27285.49624,15629.7695,17376.17959,9507.809382,9854.219304,20401.55152,13114.34111,8285.996383,0,652.3157
215,125377.8458,94315.25992,49853.92253,14771.25,7365.93,1811.94,23741.09557,29288.63653,20854.93236,43482.06506,27285.49624,15629.7695,17376.17959,9507.809382,9854.219304,20401.55152,13114.34111,8285.996383,0,652.3157
216,125377.8458,94315.25992,49853.92253,14771.25,7365.93,1811.94,23741.09557,29288.63653,20854.93236,43482.06506,27285.49624,15629.7695,17376.17959,9507.809382,9854.219304,20401.55152,13114.34111,8285.996383,0,652.3157
217,125377.8458,94315.25992,49853.92253,14771.25,7365.93,1811.94,23741.09557,29288.63653,20854.93236,43482.06506,27285.49624,15629.7695,17376.17959,9507.809382,9854.219304,20401.55152,13114.34111,8285.996383,0,652.3157
218,125377.8458,94315.25992,49853.92253,14771.25,7365.93,1811.94,23741.09557,29288.63653,20854.93236,43482.06506,27285.49624,15629.7695,17376.17959,9507.809382,9854.219304,20401.55152,13114.34111,8285.996383,0,652.3157
219,125377.8458,94315.25992,49853.92253,14771.25,7365.93,1811.94,23741.09557,29288.63653,20854.93236,43482.06506,27285.49624,15629.7695,17376.17959,9507.809382,9854.219304,20401.55152,13114.34111,8285.996383,0,652.3157
220,125377.8458,94315.25992,49853.92253,14771.25,7365.93,1811.94,23741.09557,29288.63653,20854.93236,43482.06506,27285.49624,15629.7695,17376.17959,9507.809382,9854.219304,20401.55152,13114.34111,8285.996383,0,652.3157
221,125377.8458,94315.25992,49853.92253,14771.25,7365.93,1811.94,23741.09557,29288.63653,20854.93236,43482.06506,27285.49624,15629.7695,17376.17959,9507.809382,9854.219304,20401.55152,13114.34111,8285.996383,0,652.3157
222,125377.8458,94315.25992,49853.92253,14771.25,7365.93,1811.94,23741.09557,29288.63653,20854.93236,43482.06506,27285.49624,15629.7695,17376.17959,9507.809382,9854.219304,20401.55152,13114.34111,8285.996383,0,652.3157
223,125377.8458,94315.25992,49853.92253,14771.25,7365.93,1811.94,23741.09557,29288.63653,20854.93236,43482.06506,27285.49624,15629.7695,17376.17959,9507.809382,9854.219304,20401.55152,13114.34111,8285.996383,0,652.3157
224,125377.8458,94315.25992,49853.92253,14771.25,7365.93,1811.94,23741.09557,29288.63653,20854.93236,43482.06506,27285.49624,15629.7695,17376.17959,9507.809382,9854.219304,20401.55152,13114.34111,8285.996383,0,652.3157
225,125377.8458,94315.25992,49853.92253,14771.25,7365.93,1811.94,23741.09557,29288.63653,20854.93236,43482.06506,27285.49624,15629.7695,17376.17959,9507.809382,9854.219304,20401.55152,13114.34111,8285.996383,0,652.3157
226,125377.8458,94315.25992,49853.92253,14771.25,7365.93,1811.94,23741.09557,29288.63653,20854.93236,43482.06506,27285.49624,15629.7695,17376.17959,9507.809382,9854.219304,20401.55152,13114.34111,8285.996383,0,652.3157
227,125377.8458,94315.25992,49853.92253,14771.25,7365.93,1811.94,23741.09557,29288.63653,20854.93236,43482.06506,27285.49624,15629.7695,17376.17959,9507.809382,9854.219304,20401.55152,13114.34111,8285.996383,0,652.3157
228,125377.8458,94315.25992,49853.92253,14771.25,7365.93,1811.94,23741.09557,29288.63653,20854.93236,43482.06506,27285.49624,15629.7695,17376.17959,9507.809382,9854.219304,20401.55152,13114.34111,8285.996383,0,652.3157
229,125377.8458,94315.25992,49853.92253,14771.25,7365.93,1811.94,23741.09557,29288.63653,20854.93236,43482.06506,27285.49624,15629.7695,17376.17959,9507.809382,9854.219304,20401.55152,13114.34111,8285.996383,0,652.3157
230,125377.8458,94315.25992,49853.92253,14771.25,7365.93,1811.94,23741.09557,29288.63653,20854.93236,43482.06506,27285.49624,15629.7695,17376.17959,9507.809382,9854.219304,20401.55152,13114.34111,8285.996383,0,652.3157
231,125377.8458,94315.25992,49853.92253,14771.25,7365.93,1811.94,23741.09557,29288.63653,20854.93236,43482.06506,27285.49624,15629.7695,17376.17959,9507.809382,9854.219304,20401.55152,13114.34111,8285.996383,0,652.3157
232,125377.8458,94315.25992,49853.92253,14771.25,7365.93,1811.94,23741.09557,29288.63653,20854.93236,43482.06506,27285.49624,15629.7695,17376.17959,9507.809382,9854.219304,20401.55152,13114.34111,8285.996383,0,652.3157
233,125377.8458,94315.25992,49853.92253,14771.25,7365.93,1811.94,23741.09557,29288.63653,20854.93236,43482.06506,27285.49624,15629.7695,17376.17959,9507.809382,9854.219304,20401.55152,13114.34111,8285.996383,0,652.3157
234,125377.8458,94315.25992,49853.92253,14771.25,7365.93,1811.94,23741.09557,29288.63653,20854.93236,43482.06506,27285.49624,15629.7695,17376.17959,9507.809382,9854.219304,20401.55152,13114.34111,8285.996383,0,652.3157
235,125377.8458,94315.25992,49853.92253,14771.25,7365.93,1811.94,23741.09557,29288.63653,20854.93236,43482.06506,27285.49624,15629.7695,17376.17959,9507.809382,9854.219304,20401.55152,13114.34111,8285.996383,0,652.3157
236,125377.8458,94315.25992,49853.92253,14771.25,7365.93,1811.94,23741.09557,29288.63653,20854.93236,43482.06506,27285.49624,15629.7695,17376.17959,9507.809382,9854.219304,20401.55152,13114.34111,8285.996383,0,652.3157
237,125377.8458,94315.25992,49853.92253,14771.25,7365.93,1811.94,23741.09557,29288.63653,20854.93236,43482.06506,27285.49624,15629.7695,17376.17959,9507.809382,9854.219304,20401.55152,13114.34111,8285.996383,0,652.3157
238,125377.8458,94315.25992,49853.92253,14771.25,7365.93,1811.94,23741.09557,29288.63653,20854.93236,43482.06506,27285.49624,15629.7695,17376.17959,9507.809382,9854.219304,20401.55152,13114.34111,8285.996383,0,652.3157
239,125377.8458,94315.25992,49853.92253,14771.25,7365.93,1811.94,23741.09557,29288.63653,20854.93236,43482.06506,27285.49624,15629.7695,17376.17959,9507.809382,9854.219304,20401.55152,13114.34111,8285.996383,0,652.3157
240,125377.8458,94315.25992,49853.92253,14771.25,7365.93,1811.94,23741.09557,29288.63653,20854.93236,43482.06506,27285.49624,15629.7695,17376.17959,9507.809382,9854.219304,20401.55152,13114.34111,8285.996383,0,652.3157
241,125377.8458,94315.25992,49853.92253,14771.25,7365.93,1811.94,23741.09557,29288.63653,20854.93236,43482.06506,27285.49624,15629.7695,17376.17959,9507.809382,9854.219304,20401.55152,13114.34111,8285.996383,0,652.3157
242,125377.8458,94315.25992,49853.92253,14771.25,7365.93,1811.94,23741.09557,29288.63653,20854.93236,43482.06506,27285.49624,15629.7695,17376.17959,9507.809382,9854.219304,20401.55152,13114.34111,8285.996383,0,652.3157
243,125377.8458,94315.25992,49853.92253,14771.25,7365.93,1811.94,23741.09557,29288.63653,20854.93236,43482.06506,27285.49624,15629.7695,17376.17959,9507.809382,9854.219304,20401.55152,13114.34111,8285.996383,0,652.3157
244,125377.8458,94315.25992,49853.92253,14771.25,7365.93,1811.94,23741.09557,29288.63653,20854.93236,43482.06506,27285.49624,15629.7695,17376.17959,9507.809382,9854.219304,20401.55152,13114.34111,8285.996383,0,652.3157
245,125377.8458,94315.25992,49853.92253,14771.25,7365.93,1811.94,23741.09557,29288.63653,20854.93236,43482.06506,27285.49624,15629.7695,17376.17959,9507.809382,9854.219304,20401.55152,13114.34111,8285.996383,0,652.3157
246,125377.8458,94315.25992,49853.92253,14771.25,7365.93,1811.94,23741.09557,29288.63653,20854.93236,43482.06506,27285.49624,15629.7695,17376.17959,9507.809382,9854.219304,20401.55152,13114.34111,8285.996383,0,652.3157
247,125377.8458,94315.25992,49853.92253,14771.25,7365.93,1811.94,23741.09557,29288.63653,20854.93236,43482.06506,27285.49624,15629.7695,17376.17959,9507.809382,9854.219304,20401.55152,13114.34111,8285.996383,0,652.3157
248,125377.8458,94315.25992,49853.92253,14771.25,7365.93,1811.94,23741.09557,29288.63653,20854.93236,43482.06506,27285.49624,15629.7695,17376.17959,9507.809382,9854.219304,20401.55152,13114.34111,8285.996383,0,652.3157
249,125377.8458,94315.25992,49853.92253,14771.25,7365.93,1811.94,23741.09557,29288.63653,20854.93236,43482.06506,27285.49624,15629.7695,17376.17959,9507.809382,9854.219304,20401.55152,13114.34111,8285.996383,0,652.3157
250,125377.8458,94315.25992,49853.92253,14771.25,7365.93,1811.94,23741.09557,29288.63653,20854.93236,43482.06506,27285.49624,15629.7695,17376.17959,9507.809382,9854.219304,20401.55152,13114.34111,8285.996383,0,652.3157
251,125377.8458,94315.25992,49853.92253,14771.25,7365.93,1811.94,23741.09557,29288.63653,20854.93236,43482.06506,27285.49624,15629.7695,17376.17959,9507.809382,9854.219304,20401.55152,13114.34111,8285.996383,0,652.3157
252,125377.8458,94315.25992,49853.92253,14771.25,7365.93,1811.94,23741.09557,29288.63653,20854.93236,43482.06506,27285.49624,15629.7695,17376.17959,9507.809382,9854.219304,20401.55152,13114.34111,8285.996383,0,652.3157
253,125377.8458,94315.25992,49853.92253,14771.25,7365.93,1811.94,23741.09557,29288.63653,20854.93236,43482.06506,27285.49624,15629.7695,17376.17959,9507.809382,9854.219304,20401.55152,13114.34111,8285.996383,0,652.3157
254,125377.8458,94315.25992,49853.92253,14771.25,7365.93,1811.94,23741.09557,29288.63653,20854.93236,43482.06506,27285.49624,15629.7695,17376.17959,9507.809382,9854.219304,20401.55152,13114.34111,8285.996383,0,652.3157
255,125377.8458,94315.25992,49853.92253,14771.25,7365.93,1811.94,23741.09557,29288.63653,20854.93236,43482.06506,27285.49624,15629.7695,17376.17959,9507.809382,9854.219304,20401.55152,13114.34111,8285.996383,0,652.3157
256,125377.8458,94315.25992,49853.92253,14771.25,7365.93,1811.94,23741.09557,29288.63653,20854.93236,43482.06506,27285.49624,15629.7695,17376.17959,9507.809382,9854.219304,20401.55152,13114.34111,8285.996383,0,652.3157
257,125377.8458,94315.25992,49853.92253,14771.25,7365.93,1811.94,23741.09557,29288.63653,20854.93236,43482.06506,27285.49624,15629.7695,17376.17959,9507.809382,9854.219304,20401.55152,13114.34111,8285.996383,0,652.3157
258,125377.8458,94315.25992,49853.92253,14771.25,7365.93,1811.94,23741.09557,29288.63653,20854.93236,43482.06506,27285.49624,15629.7695,17376.17959,9507.809382,9854.219304,20401.55152,13114.34111,8285.996383,0,652.3157
259,125377.8458,94315.25992,49853.92253,14771.25,7365.93,1811.94,23741.09557,29288.63653,20854.93236,43482.06506,27285.49624,15629.7695,17376.17959,9507.809382,9854.219304,20401.55152,13114.34111,8285.996383,0,652.3157
260,125377.8458,94315.25992,49853.92253,14771.25,7365.93,1811.94,23741.09557,29288.63653,20854.93236,43482.06506,27285.49624,15629.7695,17376.17959,9507.809382,9854.219304,20401.55152,13114.34111,8285.996383,0,652.3157
261,125377.8458,94315.25992,49853.92253,14771.25,7365.93,1811.94,23741.09557,29288.63653,20854.93236,43482.06506,27285.49624,15629.7695,17376.17959,9507.809382,9854.219304,20401.55152,13114.34111,8285.996383,0,652.3157
262,125377.8458,94315.25992,49853.92253,14771.25,7365.93,1811.94,23741.09557,29288.63653,20854.93236,43482.06506,27285.49624,15629.7695,17376.17959,9507.809382,9854.219304,20401.55152,13114.34111,8285.996383,0,652.3157
263,125377.8458,94315.25992,49853.92253,14771.25,7365.93,1811.94,23741.09557,29288.63653,20854.93236,43482.06506,27285.49624,15629.7695,17376.17959,9507.809382,9854.219304,20401.55152,13114.34111,8285.996383,0,652.3157
264,125377.8458,94315.25992,49853.92253,14771.25,7365.93,1811.94,23741.09557,29288.63653,20854.93236,43482.06506,27285.49624,15629.7695,17376.17959,9507.809382,9854.219304,20401.55152,13114.34111,8285.996383,0,652.3157
265,125377.8458,94315.25992,49853.92253,14771.25,7365.93,1811.94,23741.09557,29288.63653,20854.93236,43482.06506,27285.49624,15629.7695,17376.17959,9507.809382,9854.219304,20401.55152,13114.34111,8285.996383,0,652.3157
266,125377.8458,94315.25992,49853.92253,14771.25,7365.93,1811.94,23741.09557,29288.63653,20854.93236,43482.06506,27285.49624,15629.7695,17376.17959,9507.809382,9854.219304,20401.55152,13114.34111,8285.996383,0,652.3157
267,125377.8458,94315.25992,49853.92253,14771.25,7365.93,1811.94,23741.09557,29288.63653,20854.93236,43482.06506,27285.49624,15629.7695,17376.17959,9507.809382,9854.219304,20401.55152,13114.34111,8285.996383,0,652.3157
268,125377.8458,94315.25992,49853.92253,14771.25,7365.93,1811.94,23741.09557,29288.63653,20854.93236,43482.06506,27285.49624,15629.7695,17376.17959,9507.809382,9854.219304,20401.55152,13114.34111,8285.996383,0,652.3157
269,125377.8458,94315.25992,49853.92253,14771.25,7365.93,1811.94,23741.09557,29288.63653,20854.93236,43482.06506,27285.49624,15629.7695,17376.17959,9507.809382,9854.219304,20401.55152,13114.34111,8285.996383,0,652.3157
270,125377.8458,94315.25992,49853.92253,14771.25,7365.93,1811.94,23741.09557,29288.63653,20854.93236,43482.06506,27285.49624,15629.7695,17376.17959,9507.809382,9854.219304,20401.55152,13114.34111,8285.996383,0,652.3157
271,125377.8458,94315.25992,49853.92253,14771.25,7365.93,1811.94,23741.09557,29288.63653,20854.93236,43482.06506,27285.49624,15629.7695,17376.17959,9507.809382,9854.219304,20401.55152,13114.34111,8285.996383,0,652.3157
272,125377.8458,94315.25992,49853.92253,14771.25,7365.93,1811.94,23741.09557,29288.63653,20854.93236,43482.06506,27285.49624,15629.7695,17376.17959,9507.809382,9854.219304,20401.55152,13114.34111,8285.996383,0,652.3157
273,125377.8458,94315.25992,49853.92253,14771.25,7365.93,1811.94,23741.09557,29288.63653,20854.93236,43482.06506,27285.49624,15629.7695,17376.17959,9507.809382,9854.219304,20401.55152,13114.34111,8285.996383,0,652.3157
274,125377.8458,94315.25992,49853.92253,14771.25,7365.93,1811.94,23741.09557,29288.63653,20854.93236,43482.06506,27285.49624,15629.7695,17376.17959,9507.809382,9854.219304,20401.55152,13114.34111,8285.996383,0,652.3157
275,125377.8458,94315.25992,49853.92253,14771.25,7365.93,1811.94,23741.09557,29288.63653,20854.93236,43482.06506,27285.49624,15629.7695,17376.17959,9507.809382,9854.219304,20401.55152,13114.34111,8285.996383,0,652.3157
276,125377.8458,94315.25992,49853.92253,14771.25,7365.93,1811.94,23741.09557,29288.63653,20854.93236,43482.06506,27285.49624,15629.7695,17376.17959,9507.809382,9854.219304,20401.55152,13114.34111,8285.996383,0,652.3157
277,125377.8458,94315.25992,49853.92253,14771.25,7365.93,1811.94,23741.09557,29288.63653,20854.93236,43482.06506,27285.49624,15629.7695,17376.17959,9507.809382,9854.219304,20401.55152,13114.34111,8285.996383,0,652.3157
278,125377.8458,94315.25992,49853.92253,14771.25,7365.93,1811.94,23741.09557,29288.63653,20854.93236,43482.06506,27285.49624,15629.7695,17376.17959,9507.809382,9854.219304,20401.55152,13114.34111,8285.996383,0,652.3157
279,125377.8458,94315.25992,49853.92253,14771.25,7365.93,1811.94,23741.09557,29288.63653,20854.93236,43482.06506,27285.49624,15629.7695,17376.17959,9507.809382,9854.219304,20401.55152,13114.34111,8285.996383,0,652.3157
280,125377.8458,94315.25992,49853.92253,14771.25,7365.93,1811.94,23741.09557,29288.63653,20854.93236,43482.06506,27285.49624,15629.7695,17376.17959,9507.809382,9854.219304,20401.55152,13114.34111,8285.996383,0,652.3157
281,125377.8458,94315.25992,49853.92253,14771.25,7365.93,1811.94,23741.09557,29288.63653,20854.93236,43482.06506,27285.49624,15629.7695,17376.17959,9507.809382,9854.219304,20401.55152,13114.34111,8285.996383,0,652.3157
282,125377.8458,94315.25992,49853.92253,14771.25,7365.93,1811.94,23741.09557,29288.63653,20854.93236,43482.06506,27285.49624,15629.7695,17376.17959,9507.809382,9854.219304,20401.55152,13114.34111,8285.996383,0,652.3157
283,125377.8458,94315.25992,49853.92253,14771.25,7365.93,1811.94,23741.09557,29288.63653,20854.93236,43482.06506,27285.49624,15629.7695,17376.17959,9507.809382,9854.219304,20401.55152,13114.34111,8285.996383,0,652.3157
284,125377.8458,94315.25992,49853.92253,14771.25,7365.93,1811.94,23741.09557,29288.63653,20854.93236,43482.06506,27285.49624,15629.7695,17376.17959,9507.809382,9854.219304,20401.55152,13114.34111,8285.996383,0,652.3157
285,125377.8458,94315.25992,49853.92253,14771.25,7365.93,1811.94,23741.09557,29288.63653,20854.93236,43482.06506,27285.49624,15629.7695,17376.17959,9507.809382,9854.219304,20401.55152,13114.34111,8285.996383,0,652.3157
286,125377.8458,94315.25992,49853.92253,14771.25,7365.93,1811.94,23741.09557,29288.63653,20854.93236,43482.06506,27285.49624,15629.7695,17376.17959,9507.809382,9854.219304,20401.55152,13114.34111,8285.996383,0,652.3157
287,125377.8458,94315.25992,49853.92253,14771.25,7365.93,1811.94,23741.09557,29288.63653,20854.93236,43482.06506,27285.49624,15629.7695,17376.17959,9507.809382,9854.219304,20401.55152,13114.34111,8285.996383,0,652.3157
288,125377.8458,94315.25992,49853.92253,14771.25,7365.93,1811.94,23741.09557,29288.63653,20854.93236,43482.06506,27285.49624,15629.7695,17376.17959,9507.809382,9854.219304,20401.55152,13114.34111,8285.996383,0,652.3157
289,125377.8458,94315.25992,49853.92253,14771.25,7365.93,1811.94,23741.09557,29288.63653,20854.93236,43482.06506,27285.49624,15629.7695,17376.17959,9507.809382,9854.219304,20401.55152,13114.34111,8285.996383,0,652.3157
290,125377.8458,94315.25992,49853.92253,14771.25,7365.93,1811.94,23741.09557,29288.63653,20854.93236,43482.06506,27285.49624,15629.7695,17376.17959,9507.809382,9854.219304,20401.55152,13114.34111,8285.996383,0,652.3157
291,125377.8458,94315.25992,49853.92253,14771.25,7365.93,1811.94,23741.09557,29288.63653,20854.93236,43482.06506,27285.49624,15629.7695,17376.17959,9507.809382,9854.219304,20401.55152,13114.34111,8285.996383,0,652.3157
292,125377.8458,94315.25992,49853.92253,14771.25,7365.93,1811.94,23741.09557,29288.63653,20854.93236,43482.06506,27285.49624,15629.7695,17376.17959,9507.809382,9854.219304,20401.55152,13114.34111,8285.996383,0,652.3157
293,125377.8458,94315.25992,49853.92253,14771.25,7365.93,1811.94,23741.09557,29288.63653,20854.93236,43482.06506,27285.49624,15629.7695,17376.17959,9507.809382,9854.219304,20401.55152,13114.34111,8285.996383,0,652.3157
294,125377.8458,94315.25992,49853.92253,14771.25,7365.93,1811.94,23741.09557,29288.63653,20854.93236,43482.06506,27285.49624,15629.7695,17376.17959,9507.809382,9854.219304,20401.55152,13114.34111,8285.996383,0,652.3157
295,125377.8458,94315.25992,49853.92253,14771.25,7365.93,1811.94,23741.09557,29288.63653,20854.93236,43482.06506,27285.49624,15629.7695,17376.17959,9507.809382,9854.219304,20401.55152,13114.34111,8285.996383,0,652.3157
296,125377.8458,94315.25992,49853.92253,14771.25,7365.93,1811.94,23741.09557,29288.63653,20854.93236,43482.06506,27285.49624,15629.7695,17376.17959,9507.809382,9854.219304,20401.55152,13114.34111,8285.996383,0,652.3157
297,125377.8458,94315.25992,49853.92253,14771.25,7365.93,1811.94,23741.09557,29288.63653,20854.93236,43482.06506,27285.49624,15629.7695,17376.17959,9507.809382,9854.219304,20401.55152,13114.34111,8285.996383,0,652.3157
298,125377.8458,94315.25992,49853.92253,14771.25,7365.93,1811.94,23741.09557,29288.63653,20854.93236,43482.06506,27285.49624,15629.7695,17376.17959,9507.809382,9854.219304,20401.55152,13114.34111,8285.996383,0,652.3157
299,125377.8458,94315.25992,49853.92253,14771.25,7365.93,1811.94,23741.09557,29288.63653,20854.93236,43482.06506,27285.49624,15629.7695,17376.17959,9507.809382,9854.219304,20401.55152,13114.34111,8285.996383,0,652.3157
300,125377.8458,94315.25992,49853.92253,14771.25,7365.93,1811.94,23741.09557,29288.63653,20854.93236,43482.06506,27285.49624,15629.7695,17376.17959,9507.809382,9854.219304,20401.55152,13114.34111,8285.996383,0,652.3157
301,125377.8458,94315.25992,49853.92253,14771.25,7365.93,1811.94,23741.09557,29288.63653,20854.93236,43482.06506,27285.49624,15629.7695,17376.17959,9507.809382,9854.219304,20401.55152,13114.34111,8285.996383,0,652.3157
302,125377.8458,94315.25992,49853.92253,14771.25,7365.93,1811.94,23741.09557,29288.63653,20854.93236,43482.06506,27285.49624,15629.7695,17376.17959,9507.809382,9854.219304,20401.55152,13114.34111,8285.996383,0,652.3157
303,125377.8458,94315.25992,49853.92253,14771.25,7365.93,1811.94,23741.09557,29288.63653,20854.93236,43482.06506,27285.49624,15629.7695,17376.17959,9507.809382,9854.219304,20401.55152,13114.34111,8285.996383,0,652.3157
304,125377.8458,94315.25992,49853.92253,14771.25,7365.93,1811.94,23741.09557,29288.63653,20854.93236,43482.06506,27285.49624,15629.7695,17376.17959,9507.809382,9854.219304,20401.55152,13114.34111,8285.996383,0,652.3157
305,125377.8458,94315.25992,49853.92253,14771.25,7365.93,1811.94,23741.09557,29288.63653,20854.93236,43482.06506,27285.49624,15629.7695,17376.17959,9507.809382,9854.219304,20401.55152,13114.34111,8285.996383,0,652.3157
306,125377.8458,94315.25992,49853.92253,14771.25,7365.93,1811.94,23741.09557,29288.63653,20854.93236,43482.06506,27285.49624,15629.7695,17376.17959,9507.809382,9854.219304,20401.55152,13114.34111,8285.996383,0,652.3157
307,125377.8458,94315.25992,49853.92253,14771.25,7365.93,1811.94,23741.09557,29288.63653,20854.93236,43482.06506,27285.49624,15629.7695,17376.17959,9507.809382,9854.219304,20401.55152,13114.34111,8285.996383,0,652.3157
308,125377.8458,94315.25992,49853.92253,14771.25,7365.93,1811.94,23741.09557,29288.63653,20854.93236,43482.06506,27285.49624,15629.7695,17376.17959,9507.809382,9854.219304,20401.55152,13114.34111,8285.996383,0,652.3157
309,125377.8458,94315.25992,49853.92253,14771.25,7365.93,1811.94,23741.09557,29288.63653,20854.93236,43482.06506,27285.49624,15629.7695,17376.17959,9507.809382,9854.219304,20401.55152,13114.34111,8285.996383,0,652.3157
310,125377.8458,94315.25992,49853.92253,14771.25,7365.93,1811.94,23741.09557,29288.63653,20854.93236,43482.06506,27285.49624,15629.7695,17376.17959,9507.809382,9854.219304,20401.55152,13114.34111,8285.996383,0,652.3157
311,125377.8458,94315.25992,49853.92253,14771.25,7365.93,1811.94,23741.09557,29288.63653,20854.93236,43482.06506,27285.49624,15629.7695,17376.17959,9507.809382,9854.219304,20401.55152,13114.34111,8285.996383,0,652.3157
312,125377.8458,94315.25992,49853.92253,14771.25,7365.93,1811.94,23741.09557,29288.63653,20854.93236,43482.06506,27285.49624,15629.7695,17376.17959,9507.809382,9854.219304,20401.55152,13114.34111,8285.996383,0,652.3157
313,125377.8458,94315.25992,49853.92253,14771.25,7365.93,1811.94,23741.09557,29288.63653,20854.93236,43482.06506,27285.49624,15629.7695,17376.17959,9507.809382,9854.219304,20401.55152,13114.34111,8285.996383,0,652.3157
314,125377.8458,94315.25992,49853.92253,14771.25,7365.93,1811.94,23741.09557,29288.63653,20854.93236,43482.06506,27285.49624,15629.7695,17376.17959,9507.809382,9854.219304,20401.55152,13114.34111,8285.996383,0,652.3157
315,125377.8458,94315.25992,49853.92253,14771.25,7365.93,1811.94,23741.09557,29288.63653,20854.93236,43482.06506,27285.49624,15629.7695,17376.17959,9507.809382,9854.219304,20401.55152,13114.34111,8285.996383,0,652.3157
316,125377.8458,94315.25992,49853.92253,14771.25,7365.93,1811.94,23741.09557,29288.63653,20854.93236,43482.06506,27285.49624,15629.7695,17376.17959,9507.809382,9854.219304,20401.55152,13114.34111,8285.996383,0,652.3157
317,125377.8458,94315.25992,49853.92253,14771.25,7365.93,1811.94,23741.09557,29288.63653,20854.93236,43482.06506,27285.49624,15629.7695,17376.17959,9507.809382,9854.219304,20401.55152,13114.34111,8285.996383,0,652.3157
318,125377.8458,94315.25992,49853.92253,14771.25,7365.93,1811.94,23741.09557,29288.63653,20854.93236,43482.06506,27285.49624,15629.7695,17376.17959,9507.809382,9854.219304,20401.55152,13114.34111,8285.996383,0,652.3157
319,125377.8458,94315.25992,49853.92253,14771.25,7365.93,1811.94,23741.09557,29288.63653,20854.93236,43482.06506,27285.49624,15629.7695,17376.17959,9507.809382,9854.219304,20401.55152,13114.34111,8285.996383,0,652.3157
320,125377.8458,94315.25992,49853.92253,14771.25,7365.93,1811.94,23741.09557,29288.63653,20854.93236,43482.06506,27285.49624,15629.7695,17376.17959,9507.809382,9854.219304,20401.55152,13114.34111,8285.996383,0,652.3157
321,125377.8458,94315.25992,49853.92253,14771.25,7365.93,1811.94,23741.09557,29288.63653,20854.93236,43482.06506,27285.49624,15629.7695,17376.17959,9507.809382,9854.219304,20401.55152,13114.34111,8285.996383,0,652.3157
322,125377.8458,94315.25992,49853.92253,14771.25,7365.93,1811.94,23741.09557,29288.63653,20854.93236,43482.06506,27285.49624,15629.7695,17376.17959,9507.809382,9854.219304,20401.55152,13114.34111,8285.996383,0,652.3157
323,125377.8458,94315.25992,49853.92253,14771.25,7365.93,1811.94,23741.09557,29288.63653,20854.93236,43482.06506,27285.49624,15629.7695,17376.17959,9507.809382,9854.219304,20401.55152,13114.34111,8285.996383,0,652.3157
324,125377.8458,94315.25992,49853.92253,14771.25,7365.93,1811.94,23741.09557,29288.63653,20854.93236,43482.06506,27285.49624,15629.7695,17376.17959,9507.809382,9854.219304,20401.55152,13114.34111,8285.996383,0,652.3157
325,125377.8458,94315.25992,49853.92253,14771.25,7365.93,1811.94,23741.09557,29288.63653,20854.93236,43482.06506,27285.49624,15629.7695,17376.17959,9507.809382,9854.219304,20401.55152,13114.34111,8285.996383,0,652.3157
326,125377.8458,94315.25992,49853.92253,14771.25,7365.93,1811.94,23741.09557,29288.63653,20854.93236,43482.06506,27285.49624,15629.7695,17376.17959,9507.809382,9854.219304,20401.55152,13114.34111,8285.996383,0,652.3157
327,125377.8458,94315.25992,49853.92253,14771.25,7365.93,1811.94,23741.09557,29288.63653,20854.93236,43482.06506,27285.49624,15629.7695,17376.17959,9507.809382,9854.219304,20401.55152,13114.34111,8285.996383,0,652.3157
328,125377.8458,94315.25992,49853.92253,14771.25,7365.93,1811.94,23741.09557,29288.63653,20854.93236,43482.06506,27285.49624,15629.7695,17376.17959,9507.809382,9854.219304,20401.55152,13114.34111,8285.996383,0,652.3157
329,125377.8458,94315.25992,49853.92253,14771.25,7365.93,1811.94,23741.09557,29288.63653,20854.93236,43482.06506,27285.49624,15629.7695,17376.17959,9507.809382,9854.219304,20401.55152,13114.34111,8285.996383,0,652.3157
330,125377.8458,94315.25992,49853.92253,14771.25,7365.93,1811.94,23741.09557,29288.63653,20854.93236,43482.06506,27285.49624,15629.7695,17376.17959,9507.809382,9854.219304,20401.55152,13114.34111,8285.996383,0,652.3157
331,125377.8458,94315.25992,49853.92253,14771.25,7365.93,1811.94,23741.09557,29288.63653,20854.93236,43482.06506,27285.49624,15629.7695,17376.17959,9507.809382,9854.219304,20401.55152,13114.34111,8285.996383,0,652.3157
332,125377.8458,94315.25992,49853.92253,14771.25,7365.93,1811.94,23741.09557,29288.63653,20854.93236,43482.06506,27285.49624,15629.7695,17376.17959,9507.809382,9854.219304,20401.55152,13114.34111,8285.996383,0,652.3157
333,125377.8458,94315.25992,49853.92253,14771.25,7365.93,1811.94,23741.09557,29288.63653,20854.93236,43482.06506,27285.49624,15629.7695,17376.17959,9507.809382,9854.219304,20401.55152,13114.34111,8285.996383,0,652.3157
334,125377.8458,94315.25992,49853.92253,14771.25,7365.93,1811.94,23741.09557,29288.63653,20854.93236,43482.06506,27285.49624,15629.7695,17376.17959,9507.809382,9854.219304,20401.55152,13114.34111,8285.996383,0,652.3157
335,125377.8458,94315.25992,49853.92253,14771.25,7365.93,1811.94,23741.09557,29288.63653,20854.93236,43482.06506,27285.49624,15629.7695,17376.17959,9507.809382,9854.219304,20401.55152,13114.34111,8285.996383,0,652.3157
336,125377.8458,94315.25992,49853.92253,14771.25,7365.93,1811.94,23741.09557,29288.63653,20854.93236,43482.06506,27285.49624,15629.7695,17376.17959,9507.809382,9854.219304,20401.55152,13114.34111,8285.996383,0,652.3157
337,125377.8458,94315.25992,49853.92253,14771.25,7365.93,1811.94,23741.09557,29288.63653,20854.93236,43482.06506,27285.49624,15629.7695,17376.17959,9507.809382,9854.219304,20401.55152,13114.34111,8285.996383,0,652.3157
338,125377.8458,94315.25992,49853.92253,14771.25,7365.93,1811.94,23741.09557,29288.63653,20854.93236,43482.06506,27285.49624,15629.7695,17376.17959,9507.809382,9854.219304,20401.55152,13114.34111,8285.996383,0,652.3157
339,125377.8458,94315.25992,49853.92253,14771.25,7365.93,1811.94,23741.09557,29288.63653,20854.93236,43482.06506,27285.49624,15629.7695,17376.17959,9507.809382,9854.219304,20401.55152,13114.34111,8285.996383,0,652.3157
340,125377.8458,94315.25992,49853.92253,14771.25,7365.93,1811.94,23741.09557,29288.63653,20854.93236,43482.06506,27285.49624,15629.7695,17376.17959,9507.809382,9854.219304,20401.55152,13114.34111,8285.996383,0,652.3157
341,125377.8458,94315.25992,49853.92253,14771.25,7365.93,1811.94,23741.09557,29288.63653,20854.93236,43482.06506,27285.49624,15629.7695,17376.17959,9507.809382,9854.219304,20401.55152,13114.34111,8285.996383,0,652.3157
342,125377.8458,94315.25992,49853.92253,14771.25,7365.93,1811.94,23741.09557,29288.63653,20854.93236,43482.06506,27285.49624,15629.7695,17376.17959,9507.809382,9854.219304,20401.55152,13114.34111,8285.996383,0,652.3157
343,125377.8458,94315.25992,49853.92253,14771.25,7365.93,1811.94,23741.09557,29288.63653,20854.93236,43482.06506,27285.49624,15629.7695,17376.17959,9507.809382,9854.219304,20401.55152,13114.34111,8285.996383,0,652.3157
344,125377.8458,94315.25992,49853.92253,14771.25,7365.93,1811.94,23741.09557,29288.63653,20854.93236,43482.06506,27285.49624,15629.7695,17376.17959,9507.809382,9854.219304,20401.55152,13114.34111,8285.996383,0,652.3157
345,125377.8458,94315.25992,49853.92253,14771.25,7365.93,1811.94,23741.09557,29288.63653,20854.93236,43482.06506,27285.49624,15629.7695,17376.17959,9507.809382,9854.219304,20401.55152,13114.34111,8285.996383,0,652.3157
346,125377.8458,94315.25992,49853.92253,14771.25,7365.93,1811.94,23741.09557,29288.63653,20854.93236,43482.06506,27285.49624,15629.7695,17376.17959,9507.809382,9854.219304,20401.55152,13114.34111,8285.996383,0,652.3157
347,125377.8458,94315.25992,49853.92253,14771.25,7365.93,1811.94,23741.09557,29288.63653,20854.93236,43482.06506,27285.49624,15629.7695,17376.17959,9507.809382,9854.219304,20401.55152,13114.34111,8285.996383,0,652.3157
348,125377.8458,94315.25992,49853.92253,14771.25,7365.93,1811.94,23741.09557,29288.63653,20854.93236,43482.06506,27285.49624,15629.7695,17376.17959,9507.809382,9854.219304,20401.55152,13114.34111,8285.996383,0,652.3157
349,125377.8458,94315.25992,49853.92253,14771.25,7365.93,1811.94,23741.09557,29288.63653,20854.93236,43482.06506,27285.49624,15629.7695,17376.17959,9507.809382,9854.219304,20401.55152,13114.34111,8285.996383,0,652.3157
350,125377.8458,94315.25992,49853.92253,14771.25,7365.93,1811.94,23741.09557,29288.63653,20854.93236,43482.06506,27285.49624,15629.7695,17376.17959,9507.809382,9854.219304,20401.55152,13114.34111,8285.996383,0,652.3157
351,125377.8458,94315.25992,49853.92253,14771.25,7365.93,1811.94,23741.09557,29288.63653,20854.93236,43482.06506,27285.49624,15629.7695,17376.17959,9507.809382,9854.219304,20401.55152,13114.34111,8285.996383,0,652.3157
352,125377.8458,94315.25992,49853.92253,14771.25,7365.93,1811.94,23741.09557,29288.63653,20854.93236,43482.06506,27285.49624,15629.7695,17376.17959,9507.809382,9854.219304,20401.55152,13114.34111,8285.996383,0,652.3157
353,125377.8458,94315.25992,49853.92253,14771.25,7365.93,1811.94,23741.09557,29288.63653,20854.93236,43482.06506,27285.49624,15629.7695,17376.17959,9507.809382,9854.219304,20401.55152,13114.34111,8285.996383,0,652.3157
354,125377.8458,94315.25992,49853.92253,14771.25,7365.93,1811.94,23741.09557,29288.63653,20854.93236,43482.06506,27285.49624,15629.7695,17376.17959,9507.809382,9854.219304,20401.55152,13114.34111,8285.996383,0,652.3157
355,125377.8458,94315.25992,49853.92253,14771.25,7365.93,1811.94,23741.09557,29288.63653,20854.93236,43482.06506,27285.49624,15629.7695,17376.17959,9507.809382,9854.219304,20401.55152,13114.34111,8285.996383,0,652.3157
356,125377.8458,94315.25992,49853.92253,14771.25,7365.93,1811.94,23741.09557,29288.63653,20854.93236,43482.06506,27285.49624,15629.7695,17376.17959,9507.809382,9854.219304,20401.55152,13114.34111,8285.996383,0,652.3157
357,125377.8458,94315.25992,49853.92253,14771.25,7365.93,1811.94,23741.09557,29288.63653,20854.93236,43482.06506,27285.49624,15629.7695,17376.17959,9507.809382,9854.219304,20401.55152,13114.34111,8285.996383,0,652.3157
358,125377.8458,94315.25992,49853.92253,14771.25,7365.93,1811.94,23741.09557,29288.63653,20854.93236,43482.06506,27285.49624,15629.7695,17376.17959,9507.809382,9854.219304,20401.55152,13114.34111,8285.996383,0,652.3157
359,125377.8458,94315.25992,49853.92253,14771.25,7365.93,1811.94,23741.09557,29288.63653,20854.93236,43482.06506,27285.49624,15629.7695,17376.17959,9507.809382,9854.219304,20401.55152,13114.34111,8285.996383,0,652.3157
360,125377.8458,94315.25992,49853.92253,14771.25,7365.93,1811.94,23741.09557,29288.63653,20854.93236,43482.06506,27285.49624,15629.7695,17376.17959,9507.809382,9854.219304,20401.55152,13114.34111,8285.996383,0,652.3157
361,125377.8458,94315.25992,49853.92253,14771.25,7365.93,1811.94,23741.09557,29288.63653,20854.93236,43482.06506,27285.49624,15629.7695,17376.17959,9507.809382,9854.219304,20401.55152,13114.34111,8285.996383,0,652.3157
362,125377.8458,94315.25992,49853.92253,14771.25,7365.93,1811.94,23741.09557,29288.63653,20854.93236,43482.06506,27285.49624,15629.7695,17376.17959,9507.809382,9854.219304,20401.55152,13114.34111,8285.996383,0,652.3157
363,125377.8458,94315.25992,49853.92253,14771.25,7365.93,1811.94,23741.09557,29288.63653,20854.93236,43482.06506,27285.49624,15629.7695,17376.17959,9507.809382,9854.219304,20401.55152,13114.34111,8285.996383,0,652.3157
364,125377.8458,94315.25992,49853.92253,14771.25,7365.93,1811.94,23741.09557,29288.63653,20854.93236,43482.06506,27285.49624,15629.7695,17376.17959,9507.809382,9854.219304,20401.55152,13114.34111,8285.996383,0,652.3157
365,125377.8458,94315.25992,49853.92253,14771.25,7365.93,1811.94,23741.09557,29288.63653,20854.93236,43482.06506,27285.49624,15629.7695,17376.17959,9507.809382,9854.219304,20401.55152,13114.34111,8285.996383,0,652.3157
366,125377.8458,94315.25992,49853.92253,14771.25,7365.93,1811.94,23741.09557,29288.63653,20854.93236,43482.06506,27285.49624,15629.7695,17376.17959,9507.809382,9854.219304,20401.55152,13114.34111,8285.996383,0,652.3157
367,125377.8458,94315.25992,49853.92253,14771.25,7365.93,1811.94,23741.09557,29288.63653,20854.93236,43482.06506,27285.49624,15629.7695,17376.17959,9507.809382,9854.219304,20401.55152,13114.34111,8285.996383,0,652.3157
368,125377.8458,94315.25992,49853.92253,14771.25,7365.93,1811.94,23741.09557,29288.63653,20854.93236,43482.06506,27285.49624,15629.7695,17376.17959,9507.809382,9854.219304,20401.55152,13114.34111,8285.996383,0,652.3157
369,125377.8458,94315.25992,49853.92253,14771.25,7365.93,1811.94,23741.09557,29288.63653,20854.93236,43482.06506,27285.49624,15629.7695,17376.17959,9507.809382,9854.219304,20401.55152,13114.34111,8285.996383,0,652.3157
370,125377.8458,94315.25992,49853.92253,14771.25,7365.93,1811.94,23741.09557,29288.63653,20854.93236,43482.06506,27285.49624,15629.7695,17376.17959,9507.809382,9854.219304,20401.55152,13114.34111,8285.996383,0,652.3157
371,125377.8458,94315.25992,49853.92253,14771.25,7365.93,1811.94,23741.09557,29288.63653,20854.93236,43482.06506,27285.49624,15629.7695,17376.17959,9507.809382,9854.219304,20401.55152,13114.34111,8285.996383,0,652.3157
372,125377.8458,94315.25992,49853.92253,14771.25,7365.93,1811.94,23741.09557,29288.63653,20854.93236,43482.06506,27285.49624,15629.7695,17376.17959,9507.809382,9854.219304,20401.55152,13114.34111,8285.996383,0,652.3157
373,125377.8458,94315.25992,49853.92253,14771.25,7365.93,1811.94,23741.09557,29288.63653,20854.93236,43482.06506,27285.49624,15629.7695,17376.17959,9507.809382,9854.219304,20401.55152,13114.34111,8285.996383,0,652.3157
374,125377.8458,94315.25992,49853.92253,14771.25,7365.93,1811.94,23741.09557,29288.63653,20854.93236,43482.06506,27285.49624,15629.7695,17376.17959,9507.809382,9854.219304,20401.55152,13114.34111,8285.996383,0,652.3157
375,125377.8458,94315.25992,49853.92253,14771.25,7365.93,1811.94,23741.09557,29288.63653,20854.93236,43482.06506,27285.49624,15629.7695,17376.17959,9507.809382,9854.219304,20401.55152,13114.34111,8285.996383,0,652.3157
376,125377.8458,94315.25992,49853.92253,14771.25,7365.93,1811.94,23741.09557,29288.63653,20854.93236,43482.06506,27285.49624,15629.7695,17376.17959,9507.809382,9854.219304,20401.55152,13114.34111,8285.996383,0,652.3157
377,125377.8458,94315.25992,49853.92253,14771.25,7365.93,1811.94,23741.09557,29288.63653,20854.93236,43482.06506,27285.49624,15629.7695,17376.17959,9507.809382,9854.219304,20401.55152,13114.34111,8285.996383,0,652.3157
378,125377.8458,94315.25992,49853.92253,14771.25,7365.93,1811.94,23741.09557,29288.63653,20854.93236,43482.06506,27285.49624,15629.7695,17376.17959,9507.809382,9854.219304,20401.55152,13114.34111,8285.996383,0,652.3157
379,125377.8458,94315.25992,49853.92253,14771.25,7365.93,1811.94,23741.09557,29288.63653,20854.93236,43482.06506,27285.49624,15629.7695,17376.17959,9507.809382,9854.219304,20401.55152,13114.34111,8285.996383,0,652.3157
380,125377.8458,94315.25992,49853.92253,14771.25,7365.93,1811.94,23741.09557,29288.63653,20854.93236,43482.06506,27285.49624,15629.7695,17376.17959,9507.809382,9854.219304,20401.55152,13114.34111,8285.996383,0,652.3157
381,125377.8458,94315.25992,49853.92253,14771.25,7365.93,1811.94,23741.09557,29288.63653,20854.93236,43482.06506,27285.49624,15629.7695,17376.17959,9507.809382,9854.219304,20401.55152,13114.34111,8285.996383,0,652.3157
382,125377.8458,94315.25992,49853.92253,14771.25,7365.93,1811.94,23741.09557,29288.63653,20854.93236,43482.06506,27285.49624,15629.7695,17376.17959,9507.809382,9854.219304,20401.55152,13114.34111,8285.996383,0,652.3157
383,125377.8458,94315.25992,49853.92253,14771.25,7365.93,1811.94,23741.09557,29288.63653,20854.93236,43482.06506,27285.49624,15629.7695,17376.17959,9507.809382,9854.219304,20401.55152,13114.34111,8285.996383,0,652.3157
384,125377.8458,94315.25992,49853.92253,14771.25,7365.93,1811.94,23741.09557,29288.63653,20854.93236,43482.06506,27285.49624,15629.7695,17376.17959,9507.809382,9854.219304,20401.55152,13114.34111,8285.996383,0,652.3157
385,125377.8458,94315.25992,49853.92253,14771.25,7365.93,1811.94,23741.09557,29288.63653,20854.93236,43482.06506,27285.49624,15629.7695,17376.17959,9507.809382,9854.219304,20401.55152,13114.34111,8285.996383,0,652.3157
386,125377.8458,94315.25992,49853.92253,14771.25,7365.93,1811.94,23741.09557,29288.63653,20854.93236,43482.06506,27285.49624,15629.7695,17376.17959,9507.809382,9854.219304,20401.55152,13114.34111,8285.996383,0,652.3157
387,125377.8458,94315.25992,49853.92253,14771.25,7365.93,1811.94,23741.09557,29288.63653,20854.93236,43482.06506,27285.49624,15629.7695,17376.17959,9507.809382,9854.219304,20401.55152,13114.34111,8285.996383,0,652.3157
388,125377.8458,94315.25992,49853.92253,14771.25,7365.93,1811.94,23741.09557,29288.63653,20854.93236,43482.06506,27285.49624,15629.7695,17376.17959,9507.809382,9854.219304,20401.55152,13114.34111,8285.996383,0,652.3157
389,125377.8458,94315.25992,49853.92253,14771.25,7365.93,1811.94,23741.09557,29288.63653,20854.93236,43482.06506,27285.49624,15629.7695,17376.17959,9507.809382,9854.219304,20401.55152,13114.34111,8285.996383,0,652.3157
390,125377.8458,94315.25992,49853.92253,14771.25,7365.93,1811.94,23741.09557,29288.63653,20854.93236,43482.06506,27285.49624,15629.7695,17376.17959,9507.809382,9854.219304,20401.55152,13114.34111,8285.996383,0,652.3157
391,125377.8458,94315.25992,49853.92253,14771.25,7365.93,1811.94,23741.09557,29288.63653,20854.93236,43482.06506,27285.49624,15629.7695,17376.17959,9507.809382,9854.219304,20401.55152,13114.34111,8285.996383,0,652.3157
392,125377.8458,94315.25992,49853.92253,14771.25,7365.93,1811.94,23741.09557,29288.63653,20854.93236,43482.06506,27285.49624,15629.7695,17376.17959,9507.809382,9854.219304,20401.55152,13114.34111,8285.996383,0,652.3157
393,125377.8458,94315.25992,49853.92253,14771.25,7365.93,1811.94,23741.09557,29288.63653,20854.93236,43482.06506,27285.49624,15629.7695,17376.17959,9507.809382,9854.219304,20401.55152,13114.34111,8285.996383,0,652.3157
394,125377.8458,94315.25992,49853.92253,14771.25,7365.93,1811.94,23741.09557,29288.63653,20854.93236,43482.06506,27285.49624,15629.7695,17376.17959,9507.809382,9854.219304,20401.55152,13114.34111,8285.996383,0,652.3157
395,125377.8458,94315.25992,49853.92253,14771.25,7365.93,1811.94,23741.09557,29288.63653,20854.93236,43482.06506,27285.49624,15629.7695,17376.17959,9507.809382,9854.219304,20401.55152,13114.34111,8285.996383,0,652.3157
396,125377.8458,94315.25992,49853.92253,14771.25,7365.93,1811.94,23741.09557,29288.63653,20854.93236,43482.06506,27285.49624,15629.7695,17376.17959,9507.809382,9854.219304,20401.55152,13114.34111,8285.996383,0,652.3157
397,125377.8458,94315.25992,49853.92253,14771.25,7365.93,1811.94,23741.09557,29288.63653,20854.93236,43482.06506,27285.49624,15629.7695,17376.17959,9507.809382,9854.219304,20401.55152,13114.34111,8285.996383,0,652.3157
398,125377.8458,94315.25992,49853.92253,14771.25,7365.93,1811.94,23741.09557,29288.63653,20854.93236,43482.06506,27285.49624,15629.7695,17376.17959,9507.809382,9854.219304,20401.55152,13114.34111,8285.996383,0,652.3157
399,125377.8458,94315.25992,49853.92253,14771.25,7365.93,1811.94,23741.09557,29288.63653,20854.93236,43482.06506,27285.49624,15629.7695,17376.17959,9507.809382,9854.219304,20401.55152,13114.34111,8285.996383,0,652.3157
400,125377.8458,94315.25992,49853.92253,14771.25,7365.93,1811.94,23741.09557,29288.63653,20854.93236,43482.06506,27285.49624,15629.7695,17376.17959,9507.809382,9854.219304,20401.55152,13114.34111,8285.996383,0,652.3157
401,125377.8458,94315.25992,49853.92253,14771.25,7365.93,1811.94,23741.09557,29288.63653,20854.93236,43482.06506,27285.49624,15629.7695,17376.17959,9507.809382,9854.219304,20401.55152,13114.34111,8285.996383,0,652.3157
402,125377.8458,94315.25992,49853.92253,14771.25,7365.93,1811.94,23741.09557,29288.63653,20854.93236,43482.06506,27285.49624,15629.7695,17376.17959,9507.809382,9854.219304,20401.55152,13114.34111,8285.996383,0,652.3157
403,125377.8458,94315.25992,49853.92253,14771.25,7365.93,1811.94,23741.09557,29288.63653,20854.93236,43482.06506,27285.49624,15629.7695,17376.17959,9507.809382,9854.219304,20401.55152,13114.34111,8285.996383,0,652.3157
404,125377.8458,94315.25992,49853.92253,14771.25,7365.93,1811.94,23741.09557,29288.63653,20854.93236,43482.06506,27285.49624,15629.7695,17376.17959,9507.809382,9854.219304,20401.55152,13114.34111,8285.996383,0,652.3157
405,125377.8458,94315.25992,49853.92253,14771.25,7365.93,1811.94,23741.09557,29288.63653,20854.93236,43482.06506,27285.49624,15629.7695,17376.17959,9507.809382,9854.219304,20401.55152,13114.34111,8285.996383,0,652.3157
406,125377.8458,94315.25992,49853.92253,14771.25,7365.93,1811.94,23741.09557,29288.63653,20854.93236,43482.06506,27285.49624,15629.7695,17376.17959,9507.809382,9854.219304,20401.55152,13114.34111,8285.996383,0,652.3157
407,125377.8458,94315.25992,49853.92253,14771.25,7365.93,1811.94,23741.09557,29288.63653,20854.93236,43482.06506,27285.49624,15629.7695,17376.17959,9507.809382,9854.219304,20401.55152,13114.34111,8285.996383,0,652.3157
408,125377.8458,94315.25992,49853.92253,14771.25,7365.93,1811.94,23741.09557,29288.63653,20854.93236,43482.06506,27285.49624,15629.7695,17376.17959,9507.809382,9854.219304,20401.55152,13114.34111,8285.996383,0,652.3157
409,125377.8458,94315.25992,49853.92253,14771.25,7365.93,1811.94,23741.09557,29288.63653,20854.93236,43482.06506,27285.49624,15629.7695,17376.17959,9507.809382,9854.219304,20401.55152,13114.34111,8285.996383,0,652.3157
410,125377.8458,94315.25992,49853.92253,14771.25,7365.93,1811.94,23741.09557,29288.63653,20854.93236,43482.06506,27285.49624,15629.7695,17376.17959,9507.809382,9854.219304,20401.55152,13114.34111,8285.996383,0,652.3157
411,125377.8458,94315.25992,49853.92253,14771.25,7365.93,1811.94,23741.09557,29288.63653,20854.93236,43482.06506,27285.49624,15629.7695,17376.17959,9507.809382,9854.219304,20401.55152,13114.34111,8285.996383,0,652.3157
412,125377.8458,94315.25992,49853.92253,14771.25,7365.93,1811.94,23741.09557,29288.63653,20854.93236,43482.06506,27285.49624,15629.7695,17376.17959,9507.809382,9854.219304,20401.55152,13114.34111,8285.996383,0,652.3157
413,125377.8458,94315.25992,49853.92253,14771.25,7365.93,1811.94,23741.09557,29288.63653,20854.93236,43482.06506,27285.49624,15629.7695,17376.17959,9507.809382,9854.219304,20401.55152,13114.34111,8285.996383,0,652.3157
414,125377.8458,94315.25992,49853.92253,14771.25,7365.93,1811.94,23741.09557,29288.63653,20854.93236,43482.06506,27285.49624,15629.7695,17376.17959,9507.809382,9854.219304,20401.55152,13114.34111,8285.996383,0,652.3157
415,125377.8458,94315.25992,49853.92253,14771.25,7365.93,1811.94,23741.09557,29288.63653,20854.93236,43482.06506,27285.49624,15629.7695,17376.17959,9507.809382,9854.219304,20401.55152,13114.34111,8285.996383,0,652.3157
416,125377.8458,94315.25992,49853.92253,14771.25,7365.93,1811.94,23741.09557,29288.63653,20854.93236,43482.06506,27285.49624,15629.7695,17376.17959,9507.809382,9854.219304,20401.55152,13114.34111,8285.996383,0,652.3157
417,125377.8458,94315.25992,49853.92253,14771.25,7365.93,1811.94,23741.09557,29288.63653,20854.93236,43482.06506,27285.49624,15629.7695,17376.17959,9507.809382,9854.219304,20401.55152,13114.34111,8285.996383,0,652.3157
418,125377.8458,94315.25992,49853.92253,14771.25,7365.93,1811.94,23741.09557,29288.63653,20854.93236,43482.06506,27285.49624,15629.7695,17376.17959,9507.809382,9854.219304,20401.55152,13114.34111,8285.996383,0,652.3157
419,125377.8458,94315.25992,49853.92253,14771.25,7365.93,1811.94,23741.09557,29288.63653,20854.93236,43482.06506,27285.49624,15629.7695,17376.17959,9507.809382,9854.219304,20401.55152,13114.34111,8285.996383,0,652.3157
420,125377.8458,94315.25992,49853.92253,14771.25,7365.93,1811.94,23741.09557,29288.63653,20854.93236,43482.06506,27285.49624,15629.7695,17376.17959,9507.809382,9854.219304,20401.55152,13114.34111,8285.996383,0,652.3157
421,125377.8458,94315.25992,49853.92253,14771.25,7365.93,1811.94,23741.09557,29288.63653,20854.93236,43482.06506,27285.49624,15629.7695,17376.17959,9507.809382,9854.219304,20401.55152,13114.34111,8285.996383,0,652.3157
422,125377.8458,94315.25992,49853.92253,14771.25,7365.93,1811.94,23741.09557,29288.63653,20854.93236,43482.06506,27285.49624,15629.7695,17376.17959,9507.809382,9854.219304,20401.55152,13114.34111,8285.996383,0,652.3157
423,125377.8458,94315.25992,49853.92253,14771.25,7365.93,1811.94,23741.09557,29288.63653,20854.93236,43482.06506,27285.49624,15629.7695,17376.17959,9507.809382,9854.219304,20401.55152,13114.34111,8285.996383,0,652.3157
424,125377.8458,94315.25992,49853.92253,14771.25,7365.93,1811.94,23741.09557,29288.63653,20854.93236,43482.06506,27285.49624,15629.7695,17376.17959,9507.809382,9854.219304,20401.55152,13114.34111,8285.996383,0,652.3157
425,125377.8458,94315.25992,49853.92253,14771.25,7365.93,1811.94,23741.09557,29288.63653,20854.93236,43482.06506,27285.49624,15629.7695,17376.17959,9507.809382,9854.219304,20401.55152,13114.34111,8285.996383,0,652.3157
426,125377.8458,94315.25992,49853.92253,14771.25,7365.93,1811.94,23741.09557,29288.63653,20854.93236,43482.06506,27285.49624,15629.7695,17376.17959,9507.809382,9854.219304,20401.55152,13114.34111,8285.996383,0,652.3157
427,125377.8458,94315.25992,49853.92253,14771.25,7365.93,1811.94,23741.09557,29288.63653,20854.93236,43482.06506,27285.49624,15629.7695,17376.17959,9507.809382,9854.219304,20401.55152,13114.34111,8285.996383,0,652.3157
428,125377.8458,94315.25992,49853.92253,14771.25,7365.93,1811.94,23741.09557,29288.63653,20854.93236,43482.06506,27285.49624,15629.7695,17376.17959,9507.809382,9854.219304,20401.55152,13114.34111,8285.996383,0,652.3157
429,125377.8458,94315.25992,49853.92253,14771.25,7365.93,1811.94,23741.09557,29288.63653,20854.93236,43482.06506,27285.49624,15629.7695,17376.17959,9507.809382,9854.219304,20401.55152,13114.34111,8285.996383,0,652.3157
430,125377.8458,94315.25992,49853.92253,14771.25,7365.93,1811.94,23741.09557,29288.63653,20854.93236,43482.06506,27285.49624,15629.7695,17376.17959,9507.809382,9854.219304,20401.55152,13114.34111,8285.996383,0,652.3157
431,125377.8458,94315.25992,49853.92253,14771.25,7365.93,1811.94,23741.09557,29288.63653,20854.93236,43482.06506,27285.49624,15629.7695,17376.17959,9507.809382,9854.219304,20401.55152,13114.34111,8285.996383,0,652.3157
432,125377.8458,94315.25992,49853.92253,14771.25,7365.93,1811.94,23741.09557,29288.63653,20854.93236,43482.06506,27285.49624,15629.7695,17376.17959,9507.809382,9854.219304,20401.55152,13114.34111,8285.996383,0,652.3157
433,125377.8458,94315.25992,49853.92253,14771.25,7365.93,1811.94,23741.09557,29288.63653,20854.93236,43482.06506,27285.49624,15629.7695,17376.17959,9507.809382,9854.219304,20401.55152,13114.34111,8285.996383,0,652.3157
434,125377.8458,94315.25992,49853.92253,14771.25,7365.93,1811.94,23741.09557,29288.63653,20854.93236,43482.06506,27285.49624,15629.7695,17376.17959,9507.809382,9854.219304,20401.55152,13114.34111,8285.996383,0,652.3157
435,125377.8458,94315.25992,49853.92253,14771.25,7365.93,1811.94,23741.09557,29288.63653,20854.93236,43482.06506,27285.49624,15629.7695,17376.17959,9507.809382,9854.219304,20401.55152,13114.34111,8285.996383,0,652.3157
436,125377.8458,94315.25992,49853.92253,14771.25,7365.93,1811.94,23741.09557,29288.63653,20854.93236,43482.06506,27285.49624,15629.7695,17376.17959,9507.809382,9854.219304,20401.55152,13114.34111,8285.996383,0,652.3157
437,125377.8458,94315.25992,49853.92253,14771.25,7365.93,1811.94,23741.09557,29288.63653,20854.93236,43482.06506,27285.49624,15629.7695,17376.17959,9507.809382,9854.219304,20401.55152,13114.34111,8285.996383,0,652.3157
438,125377.8458,94315.25992,49853.92253,14771.25,7365.93,1811.94,23741.09557,29288.63653,20854.93236,43482.06506,27285.49624,15629.7695,17376.17959,9507.809382,9854.219304,20401.55152,13114.34111,8285.996383,0,652.3157
439,125377.8458,94315.25992,49853.92253,14771.25,7365.93,1811.94,23741.09557,29288.63653,20854.93236,43482.06506,27285.49624,15629.7695,17376.17959,9507.809382,9854.219304,20401.55152,13114.34111,8285.996383,0,652.3157
440,125377.8458,94315.25992,49853.92253,14771.25,7365.93,1811.94,23741.09557,29288.63653,20854.93236,43482.06506,27285.49624,15629.7695,17376.17959,9507.809382,9854.219304,20401.55152,13114.34111,8285.996383,0,652.3157
441,125377.8458,94315.25992,49853.92253,14771.25,7365.93,1811.94,23741.09557,29288.63653,20854.93236,43482.06506,27285.49624,15629.7695,17376.17959,9507.809382,9854.219304,20401.55152,13114.34111,8285.996383,0,652.3157
442,125377.8458,94315.25992,49853.92253,14771.25,7365.93,1811.94,23741.09557,29288.63653,20854.93236,43482.06506,27285.49624,15629.7695,17376.17959,9507.809382,9854.219304,20401.55152,13114.34111,8285.996383,0,652.3157
443,125377.8458,94315.25992,49853.92253,14771.25,7365.93,1811.94,23741.09557,29288.63653,20854.93236,43482.06506,27285.49624,15629.7695,17376.17959,9507.809382,9854.219304,20401.55152,13114.34111,8285.996383,0,652.3157
444,125377.8458,94315.25992,49853.92253,14771.25,7365.93,1811.94,23741.09557,29288.63653,20854.93236,43482.06506,27285.49624,15629.7695,17376.17959,9507.809382,9854.219304,20401.55152,13114.34111,8285.996383,0,652.3157
445,125377.8458,94315.25992,49853.92253,14771.25,7365.93,1811.94,23741.09557,29288.63653,20854.93236,43482.06506,27285.49624,15629.7695,17376.17959,9507.809382,9854.219304,20401.55152,13114.34111,8285.996383,0,652.3157
446,125377.8458,94315.25992,49853.92253,14771.25,7365.93,1811.94,23741.09557,29288.63653,20854.93236,43482.06506,27285.49624,15629.7695,17376.17959,9507.809382,9854.219304,20401.55152,13114.34111,8285.996383,0,652.3157
447,125377.8458,94315.25992,49853.92253,14771.25,7365.93,1811.94,23741.09557,29288.63653,20854.93236,43482.06506,27285.49624,15629.7695,17376.17959,9507.809382,9854.219304,20401.55152,13114.34111,8285.996383,0,652.3157
448,125377.8458,94315.25992,49853.92253,14771.25,7365.93,1811.94,23741.09557,29288.63653,20854.93236,43482.06506,27285.49624,15629.7695,17376.17959,9507.809382,9854.219304,20401.55152,13114.34111,8285.996383,0,652.3157
449,125377.8458,94315.25992,49853.92253,14771.25,7365.93,1811.94,23741.09557,29288.63653,20854.93236,43482.06506,27285.49624,15629.7695,17376.17959,9507.809382,9854.219304,20401.55152,13114.34111,8285.996383,0,652.3157
450,125377.8458,94315.25992,49853.92253,14771.25,7365.93,1811.94,23741.09557,29288.63653,20854.93236,43482.06506,27285.49624,15629.7695,17376.17959,9507.809382,9854.219304,20401.55152,13114.34111,8285.996383,0,652.3157
451,125377.8458,94315.25992,49853.92253,14771.25,7365.93,1811.94,23741.09557,29288.63653,20854.93236,43482.06506,27285.49624,15629.7695,17376.17959,9507.809382,9854.219304,20401.55152,13114.34111,8285.996383,0,652.3157
452,125377.8458,94315.25992,49853.92253,14771.25,7365.93,1811.94,23741.09557,29288.63653,20854.93236,43482.06506,27285.49624,15629.7695,17376.17959,9507.809382,9854.219304,20401.55152,13114.34111,8285.996383,0,652.3157
453,125377.8458,94315.25992,49853.92253,14771.25,7365.93,1811.94,23741.09557,29288.63653,20854.93236,43482.06506,27285.49624,15629.7695,17376.17959,9507.809382,9854.219304,20401.55152,13114.34111,8285.996383,0,652.3157
454,125377.8458,94315.25992,49853.92253,14771.25,7365.93,1811.94,23741.09557,29288.63653,20854.93236,43482.06506,27285.49624,15629.7695,17376.17959,9507.809382,9854.219304,20401.55152,13114.34111,8285.996383,0,652.3157
455,125377.8458,94315.25992,49853.92253,14771.25,7365.93,1811.94,23741.09557,29288.63653,20854.93236,43482.06506,27285.49624,15629.7695,17376.17959,9507.809382,9854.219304,20401.55152,13114.34111,8285.996383,0,652.3157
456,125377.8458,94315.25992,49853.92253,14771.25,7365.93,1811.94,23741.09557,29288.63653,20854.93236,43482.06506,27285.49624,15629.7695,17376.17959,9507.809382,9854.219304,20401.55152,13114.34111,8285.996383,0,652.3157
457,125377.8458,94315.25992,49853.92253,14771.25,7365.93,1811.94,23741.09557,29288.63653,20854.93236,43482.06506,27285.49624,15629.7695,17376.17959,9507.809382,9854.219304,20401.55152,13114.34111,8285.996383,0,652.3157
458,125377.8458,94315.25992,49853.92253,14771.25,7365.93,1811.94,23741.09557,29288.63653,20854.93236,43482.06506,27285.49624,15629.7695,17376.17959,9507.809382,9854.219304,20401.55152,13114.34111,8285.996383,0,652.3157
459,125377.8458,94315.25992,49853.92253,14771.25,7365.93,1811.94,23741.09557,29288.63653,20854.93236,43482.06506,27285.49624,15629.7695,17376.17959,9507.809382,9854.219304,20401.55152,13114.34111,8285.996383,0,652.3157
460,125377.8458,94315.25992,49853.92253,14771.25,7365.93,1811.94,23741.09557,29288.63653,20854.93236,43482.06506,27285.49624,15629.7695,17376.17959,9507.809382,9854.219304,20401.55152,13114.34111,8285.996383,0,652.3157
461,125377.8458,94315.25992,49853.92253,14771.25,7365.93,1811.94,23741.09557,29288.63653,20854.93236,43482.06506,27285.49624,15629.7695,17376.17959,9507.809382,9854.219304,20401.55152,13114.34111,8285.996383,0,652.3157
462,125377.8458,94315.25992,49853.92253,14771.25,7365.93,1811.94,23741.09557,29288.63653,20854.93236,43482.06506,27285.49624,15629.7695,17376.17959,9507.809382,9854.219304,20401.55152,13114.34111,8285.996383,0,652.3157
463,125377.8458,94315.25992,49853.92253,14771.25,7365.93,1811.94,23741.09557,29288.63653,20854.93236,43482.06506,27285.49624,15629.7695,17376.17959,9507.809382,9854.219304,20401.55152,13114.34111,8285.996383,0,652.3157
464,125377.8458,94315.25992,49853.92253,14771.25,7365.93,1811.94,23741.09557,29288.63653,20854.93236,43482.06506,27285.49624,15629.7695,17376.17959,9507.809382,9854.219304,20401.55152,13114.34111,8285.996383,0,652.3157
465,125377.8458,94315.25992,49853.92253,14771.25,7365.93,1811.94,23741.09557,29288.63653,20854.93236,43482.06506,27285.49624,15629.7695,17376.17959,9507.809382,9854.219304,20401.55152,13114.34111,8285.996383,0,652.3157
466,125377.8458,94315.25992,49853.92253,14771.25,7365.93,1811.94,23741.09557,29288.63653,20854.93236,43482.06506,27285.49624,15629.7695,17376.17959,9507.809382,9854.219304,20401.55152,13114.34111,8285.996383,0,652.3157
467,125377.8458,94315.25992,49853.92253,14771.25,7365.93,1811.94,23741.09557,29288.63653,20854.93236,43482.06506,27285.49624,15629.7695,17376.17959,9507.809382,9854.219304,20401.55152,13114.34111,8285.996383,0,652.3157
468,125377.8458,94315.25992,49853.92253,14771.25,7365.93,1811.94,23741.09557,29288.63653,20854.93236,43482.06506,27285.49624,15629.7695,17376.17959,9507.809382,9854.219304,20401.55152,13114.34111,8285.996383,0,652.3157
469,125377.8458,94315.25992,49853.92253,14771.25,7365.93,1811.94,23741.09557,29288.63653,20854.93236,43482.06506,27285.49624,15629.7695,17376.17959,9507.809382,9854.219304,20401.55152,13114.34111,8285.996383,0,652.3157
470,125377.8458,94315.25992,49853.92253,14771.25,7365.93,1811.94,23741.09557,29288.63653,20854.93236,43482.06506,27285.49624,15629.7695,17376.17959,9507.809382,9854.219304,20401.55152,13114.34111,8285.996383,0,652.3157
471,125377.8458,94315.25992,49853.92253,14771.25,7365.93,1811.94,23741.09557,29288.63653,20854.93236,43482.06506,27285.49624,15629.7695,17376.17959,9507.809382,9854.219304,20401.55152,13114.34111,8285.996383,0,652.3157
472,125377.8458,94315.25992,49853.92253,14771.25,7365.93,1811.94,23741.09557,29288.63653,20854.93236,43482.06506,27285.49624,15629.7695,17376.17959,9507.809382,9854.219304,20401.55152,13114.34111,8285.996383,0,652.3157
473,125377.8458,94315.25992,49853.92253,14771.25,7365.93,1811.94,23741.09557,29288.63653,20854.93236,43482.06506,27285.49624,15629.7695,17376.17959,9507.809382,9854.219304,20401.55152,13114.34111,8285.996383,0,652.3157
474,125377.8458,94315.25992,49853.92253,14771.25,7365.93,1811.94,23741.09557,29288.63653,20854.93236,43482.06506,27285.49624,15629.7695,17376.17959,9507.809382,9854.219304,20401.55152,13114.34111,8285.996383,0,652.3157
475,125377.8458,94315.25992,49853.92253,14771.25,7365.93,1811.94,23741.09557,29288.63653,20854.93236,43482.06506,27285.49624,15629.7695,17376.17959,9507.809382,9854.219304,20401.55152,13114.34111,8285.996383,0,652.3157
476,125377.8458,94315.25992,49853.92253,14771.25,7365.93,1811.94,23741.09557,29288.63653,20854.93236,43482.06506,27285.49624,15629.7695,17376.17959,9507.809382,9854.219304,20401.55152,13114.34111,8285.996383,0,652.3157
477,125377.8458,94315.25992,49853.92253,14771.25,7365.93,1811.94,23741.09557,29288.63653,20854.93236,43482.06506,27285.49624,15629.7695,17376.17959,9507.809382,9854.219304,20401.55152,13114.34111,8285.996383,0,652.3157
478,125377.8458,94315.25992,49853.92253,14771.25,7365.93,1811.94,23741.09557,29288.63653,20854.93236,43482.06506,27285.49624,15629.7695,17376.17959,9507.809382,9854.219304,20401.55152,13114.34111,8285.996383,0,652.3157
479,125377.8458,94315.25992,49853.92253,14771.25,7365.93,1811.94,23741.09557,29288.63653,20854.93236,43482.06506,27285.49624,15629.7695,17376.17959,9507.809382,9854.219304,20401.55152,13114.34111,8285.996383,0,652.3157
480,125377.8458,94315.25992,49853.92253,14771.25,7365.93,1811.94,23741.09557,29288.63653,20854.93236,43482.06506,27285.49624,15629.7695,17376.17959,9507.809382,9854.219304,20401.55152,13114.34111,8285.996383,0,652.3157
481,125377.8458,94315.25992,49853.92253,14771.25,7365.93,1811.94,23741.09557,29288.63653,20854.93236,43482.06506,27285.49624,15629.7695,17376.17959,9507.809382,9854.219304,20401.55152,13114.34111,8285.996383,0,652.3157
482,125377.8458,94315.25992,49853.92253,14771.25,7365.93,1811.94,23741.09557,29288.63653,20854.93236,43482.06506,27285.49624,15629.7695,17376.17959,9507.809382,9854.219304,20401.55152,13114.34111,8285.996383,0,652.3157
483,125377.8458,94315.25992,49853.92253,14771.25,7365.93,1811.94,23741.09557,29288.63653,20854.93236,43482.06506,27285.49624,15629.7695,17376.17959,9507.809382,9854.219304,20401.55152,13114.34111,8285.996383,0,652.3157
484,125377.8458,94315.25992,49853.92253,14771.25,7365.93,1811.94,23741.09557,29288.63653,20854.93236,43482.06506,27285.49624,15629.7695,17376.17959,9507.809382,9854.219304,20401.55152,13114.34111,8285.996383,0,652.3157
485,125377.8458,94315.25992,49853.92253,14771.25,7365.93,1811.94,23741.09557,29288.63653,20854.93236,43482.06506,27285.49624,15629.7695,17376.17959,9507.809382,9854.219304,20401.55152,13114.34111,8285.996383,0,652.3157
486,125377.8458,94315.25992,49853.92253,14771.25,7365.93,1811.94,23741.09557,29288.63653,20854.93236,43482.06506,27285.49624,15629.7695,17376.17959,9507.809382,9854.219304,20401.55152,13114.34111,8285.996383,0,652.3157
487,125377.8458,94315.25992,49853.92253,14771.25,7365.93,1811.94,23741.09557,29288.63653,20854.93236,43482.06506,27285.49624,15629.7695,17376.17959,9507.809382,9854.219304,20401.55152,13114.34111,8285.996383,0,652.3157
488,125377.8458,94315.25992,49853.92253,14771.25,7365.93,1811.94,23741.09557,29288.63653,20854.93236,43482.06506,27285.49624,15629.7695,17376.17959,9507.809382,9854.219304,20401.55152,13114.34111,8285.996383,0,652.3157
489,125377.8458,94315.25992,49853.92253,14771.25,7365.93,1811.94,23741.09557,29288.63653,20854.93236,43482.06506,27285.49624,15629.7695,17376.17959,9507.809382,9854.219304,20401.55152,13114.34111,8285.996383,0,652.3157
490,125377.8458,94315.25992,49853.92253,14771.25,7365.93,1811.94,23741.09557,29288.63653,20854.93236,43482.06506,27285.49624,15629.7695,17376.17959,9507.809382,9854.219304,20401.55152,13114.34111,8285.996383,0,652.3157
491,125377.8458,94315.25992,49853.92253,14771.25,7365.93,1811.94,23741.09557,29288.63653,20854.93236,43482.06506,27285.49624,15629.7695,17376.17959,9507.809382,9854.219304,20401.55152,13114.34111,8285.996383,0,652.3157
492,125377.8458,94315.25992,49853.92253,14771.25,7365.93,1811.94,23741.09557,29288.63653,20854.93236,43482.06506,27285.49624,15629.7695,17376.17959,9507.809382,9854.219304,20401.55152,13114.34111,8285.996383,0,652.3157
493,125377.8458,94315.25992,49853.92253,14771.25,7365.93,1811.94,23741.09557,29288.63653,20854.93236,43482.06506,27285.49624,15629.7695,17376.17959,9507.809382,9854.219304,20401.55152,13114.34111,8285.996383,0,652.3157
494,125377.8458,94315.25992,49853.92253,14771.25,7365.93,1811.94,23741.09557,29288.63653,20854.93236,43482.06506,27285.49624,15629.7695,17376.17959,9507.809382,9854.219304,20401.55152,13114.34111,8285.996383,0,652.3157
495,125377.8458,94315.25992,49853.92253,14771.25,7365.93,1811.94,23741.09557,29288.63653,20854.93236,43482.06506,27285.49624,15629.7695,17376.17959,9507.809382,9854.219304,20401.55152,13114.34111,8285.996383,0,652.3157
496,125377.8458,94315.25992,49853.92253,14771.25,7365.93,1811.94,23741.09557,29288.63653,20854.93236,43482.06506,27285.49624,15629.7695,17376.17959,9507.809382,9854.219304,20401.55152,13114.34111,8285.996383,0,652.3157
497,125377.8458,94315.25992,49853.92253,14771.25,7365.93,1811.94,23741.09557,29288.63653,20854.93236,43482.06506,27285.49624,15629.7695,17376.17959,9507.809382,9854.219304,20401.55152,13114.34111,8285.996383,0,652.3157
498,125377.8458,94315.25992,49853.92253,14771.25,7365.93,1811.94,23741.09557,29288.63653,20854.93236,43482.06506,27285.49624,15629.7695,17376.17959,9507.809382,9854.219304,20401.55152,13114.34111,8285.996383,0,652.3157
499,125377.8458,94315.25992,49853.92253,14771.25,7365.93,1811.94,23741.09557,29288.63653,20854.93236,43482.06506,27285.49624,15629.7695,17376.17959,9507.809382,9854.219304,20401.55152,13114.34111,8285.996383,0,652.3157
500,125377.8458,94315.25992,49853.92253,14771.25,7365.93,1811.94,23741.09557,29288.63653,20854.93236,43482.06506,27285.49624,15629.7695,17376.17959,9507.809382,9854.219304,20401.55152,13114.34111,8285.996383,0,652.3157
501,125377.8458,94315.25992,49853.92253,14771.25,7365.93,1811.94,23741.09557,29288.63653,20854.93236,43482.06506,27285.49624,15629.7695,17376.17959,9507.809382,9854.219304,20401.55152,13114.34111,8285.996383,0,652.3157
502,125377.8458,94315.25992,49853.92253,14771.25,7365.93,1811.94,23741.09557,29288.63653,20854.93236,43482.06506,27285.49624,15629.7695,17376.17959,9507.809382,9854.219304,20401.55152,13114.34111,8285.996383,0,652.3157
503,125377.8458,94315.25992,49853.92253,14771.25,7365.93,1811.94,23741.09557,29288.63653,20854.93236,43482.06506,27285.49624,15629.7695,17376.17959,9507.809382,9854.219304,20401.55152,13114.34111,8285.996383,0,652.3157
504,125377.8458,94315.25992,49853.92253,14771.25,7365.93,1811.94,23741.09557,29288.63653,20854.93236,43482.06506,27285.49624,15629.7695,17376.17959,9507.809382,9854.219304,20401.55152,13114.34111,8285.996383,0,652.3157