natgas_SE,natgas_MIDAT,natgas_NE,natgas_demand_SE,natgas_demand_MIDAT,natgas_demand_NE,ethane_SE,ethane_MIDAT,ethane_NE,ethylene_SE,ethylene_MIDAT,ethylene_NE,ethylene_demand_SE,ethylene_demand_MIDAT,ethylene_demand_NE,biowood_SE,biowood_MIDAT,biowood_NE,bioherb_SE,bioherb_MIDAT,bioherb_NE,elec_SE,elec_MIDAT,elec_NE,h2_SE,h2_MIDAT,h2_NE,co2_captured_SE,co2_captured_MIDAT,co2_captured_NE,gasoline_SE,gasoline_MIDAT,gasoline_NE,gasoline_demand_SE,gasoline_demand_MIDAT,gasoline_demand_NE,jetfuel_SE,jetfuel_MIDAT,jetfuel_NE,jetfuel_demand_SE,jetfuel_demand_MIDAT,jetfuel_demand_NE,diesel_SE,diesel_MIDAT,diesel_NE,diesel_demand_SE,diesel_demand_MIDAT,diesel_demand_NE
-19.216076064185074,-9.651422695592613,-23.09988584941109,-19.216076064185074,-9.651422695592613,-23.09988584941109,73.46474602,73.46474602,73.46474602,7266.487094312059,7374.099370819045,7364.37391700965,8160.348835525706,8267.961112032694,8258.235658223297,79.99999999999999,103.19086345029024,80.53637779287736,79.99999999999994,103.19086345029024,80.53637779287736,47.89427972591529,50.36970491849954,42.51205684105658,54.715475696019006,57.54345573324396,48.56670621598237,-278.8691295729704,-284.3439422237919,-258.091697848837,-3072.4819098686635,-3072.4819098686635,-3072.4819098686635,-3072.4819098686635,-3072.4819098686635,-3072.4819098686635,69.30059661,69.30059661,69.30059661,0.0,0.0,0.0,83.29037731,83.29037731,83.29037731,0.0,0.0,0.0
-19.216076064185074,-9.651422695592613,-17.383484251618288,-19.216076064185074,-9.651422695592613,-17.383484251618288,73.46474602,73.46474602,73.46474602,7266.487094312059,7374.099370819045,7366.817747339811,8160.348835525706,8267.961112032694,8260.679488553458,79.99999999999999,103.19086345029024,97.76083343820969,79.99999999999994,103.19086345029024,97.76083343820969,47.89427972591529,50.36970491849954,42.512056841056555,54.715475696019006,57.54345573324396,48.56670621598236,-278.8691295729704,-284.3439422237919,-255.09233712180938,-2250.048914008371,-2250.048914008371,-2250.048914008371,-2250.048914008371,-2250.048914008371,-2250.048914008371,69.30059661,69.30059661,69.30059661,0.0,0.0,0.0,83.29037731,83.29037731,83.29037731,0.0,0.0,0.0
-19.216076064185096,-9.651422695592611,-17.1457411416453,-19.216076064185096,-9.651422695592611,-17.1457411416453,73.46474602,73.46474602,73.46474602,7266.487094312059,7374.099370819045,7366.919385374334,8160.348835525706,8267.961112032694,8260.78112658798,79.99999999999999,103.19086345029024,98.4771924243058,79.99999999999989,103.19086345029024,98.4771924243058,47.8942797259153,50.369704918499544,42.512056841056555,54.715475696019006,57.54345573324396,48.56670621598236,-278.86912957297034,-284.3439422237919,-254.96759477560164,-2215.844218128414,-2215.844218128414,-2215.844218128414,-2215.844218128414,-2215.844218128414,-2215.844218128414,69.30059661,69.30059661,69.30059661,0.0,0.0,0.0,83.29037731,83.29037731,83.29037731,0.0,0.0,0.0
-19.216076064185096,-9.651422695592613,-19.767932526840514,-19.216076064185096,-9.651422695592613,-19.767932526840514,73.46474602,73.46474602,73.46474602,7266.487094312059,7374.099370819045,6907.434645260005,8160.348835525706,8267.961112032694,7801.296386473652,79.99999999999999,103.19086345029024,90.57609967649981,79.99999999999989,103.19086345029024,90.57609967649981,47.89427972591529,50.36970491849954,42.512056841056555,54.715475696019006,57.54345573324396,48.56670621598236,-278.86912957297034,-284.3439422237919,-256.3434424526685,-2593.1054513975823,-2593.1054513975823,-2593.1054513975823,-2593.1054513975823,-2593.1054513975823,-2593.1054513975823,69.30059661,69.30059661,69.30059661,0.0,0.0,0.0,83.29037731,83.29037731,83.29037731,0.0,0.0,0.0
-19.21607606418507,-9.651422695592602,-19.767932526840514,-19.21607606418507,-9.651422695592602,-19.767932526840514,73.46474602,73.46474602,73.46474602,7266.487094312059,7374.099370819044,6907.434645260004,8160.348835525706,8267.961112032692,7801.296386473651,79.99999999999999,103.19086345029028,90.57609967649981,79.99999999999994,103.19086345029028,90.57609967649981,47.8942797259153,50.369704918499544,42.512056841056555,54.71547569601899,57.54345573324396,48.56670621598236,-278.8691295729704,-284.3439422237919,-256.3434424526685,-2593.1054513975823,-2593.1054513975823,-2593.1054513975823,-2593.1054513975823,-2593.1054513975823,-2593.1054513975823,69.30059661,69.30059661,69.30059661,0.0,0.0,0.0,83.29037731,83.29037731,83.29037731,0.0,0.0,0.0
-19.216076064185096,-28.28498985564626,-25.26418361287078,-19.216076064185096,-28.28498985564626,-25.26418361287078,73.46474602,73.46474602,73.46474602,7266.487094312059,6390.704730059117,7363.448653725159,8160.348835525706,7284.566471272764,8257.310394938806,79.99999999999999,79.99999999999997,97.14529255813646,79.99999999999989,79.99999999999999,97.14529255813646,47.8942797259153,35.877277464949266,32.34022103492373,54.71547569601899,40.98698872614158,36.9461778769121,-278.86912957297034,-232.6874602250317,-216.10887957926866,-6285.555810714776,-6285.555810714776,-6285.555810714776,-6285.555810714776,-6285.555810714776,-6285.555810714776,69.30059661,69.30059661,69.30059661,0.0,0.0,0.0,83.29037731,83.29037731,83.29037731,0.0,0.0,0.0
-20.5954789758134,-28.28498985564626,-30.954312798492726,-20.5954789758134,-28.28498985564626,-30.954312798492726,73.46474602,73.46474602,73.46474602,6466.353816763121,6917.132707853363,7361.016055166698,7360.21555797677,7810.9944490670105,8254.877796380346,98.95310765294278,79.99999999999997,79.99999999999999,98.95310765294278,79.99999999999999,80.00000000000004,37.73160155096356,35.877277464949266,32.34022103492373,43.105409235678096,40.98698872614158,36.9461778769121,-236.51330100519561,-232.6874602250317,-219.09445533336856,-7104.208928922928,-7104.208928922928,-7104.208928922928,-7104.208928922928,-7104.208928922928,-7104.208928922928,69.30059661,69.30059661,69.30059661,0.0,0.0,0.0,83.29037731,83.29037731,83.29037731,0.0,0.0,0.0
-20.5954789758134,-28.28498985564626,-25.083313679206814,-20.5954789758134,-28.28498985564626,-25.083313679206814,73.46474602,73.46474602,73.46474602,7365.4445810230245,6390.704730059117,7363.525977793829,8259.306322236673,7284.566471272764,8257.387719007476,98.95310765294278,79.99999999999997,106.93882208560136,98.95310765294278,79.99999999999999,106.93882208560136,37.73160155096356,35.877277464949266,-0.0,43.105409235678096,40.98698872614158,36.65098384354685,-236.51330100519561,-232.6874602250317,-213.76370375749443,-5711.160629055892,-5711.160629055892,-5711.160629055892,-5711.160629055892,-5711.160629055892,-5711.160629055892,69.30059661,69.30059661,69.30059661,0.0,0.0,0.0,83.29037731,83.29037731,83.29037731,0.0,0.0,0.0
-20.5954789758134,-34.02369059349956,-36.450857537175196,-20.5954789758134,-34.02369059349956,-36.450857537175196,73.46474602,73.46474602,73.46474602,6914.422240777502,6114.6584213690785,7358.666216284022,7808.2839819911505,7008.520162582726,8252.52795749767,98.95310765294278,79.99999999999994,79.99999999999999,98.95310765294278,79.99999999999999,79.99999999999996,37.73160155096356,-0.0,-0.0,43.105409235678096,36.65098384354685,32.4817781851682,-236.51330100519561,-218.4546644856397,-204.3895680223294,-5532.420961204354,-5532.420961204354,-5532.420961204354,-5532.420961204354,-5532.420961204354,-5532.420961204354,69.30059661,69.30059661,69.30059661,0.0,0.0,0.0,83.29037731,83.29037731,83.29037731,0.0,0.0,0.0
-20.703944349632245,-36.450857537175196,-34.02369059349956,-20.703944349632245,-36.450857537175196,-34.02369059349956,73.46474602,73.46474602,73.46474602,6467.379676855697,6825.542703350582,6807.055463968359,7361.241418069344,7719.404444564229,7700.917205182006,98.62628369062384,79.99999999999999,79.99999999999999,98.62628369062384,79.99999999999999,79.99999999999994,37.73160155096356,-0.0,-0.0,43.105409235678096,32.48177818516822,36.65098384354685,-236.57021211910342,-204.3895680223294,-218.45466448563974,-5532.420961204354,-5532.420961204354,-5532.420961204354,-5532.420961204354,-5532.420961204354,-5532.420961204354,69.30059661,69.30059661,69.30059661,0.0,0.0,0.0,83.29037731,83.29037731,83.29037731,0.0,0.0,0.0
-23.147891687738568,-33.16216294707114,-25.08331367920681,-23.147891687738568,-33.16216294707114,-25.08331367920681,73.46474602,73.46474602,73.46474602,6490.494408813429,6209.086370353093,7363.52597779383,7384.356150027077,7102.94811156674,8257.387719007478,91.26226949312694,79.99999999999996,106.93882208560133,91.26226949312692,79.99999999999999,106.93882208560133,37.73160155096356,-0.0,-0.0,43.105409235678096,38.13085153361168,36.65098384354685,-237.85253624196943,-223.44709794160715,-213.76370375749448,-4443.095654245076,-4443.095654245076,-4443.095654245076,-4443.095654245076,-4443.095654245076,-4443.095654245076,69.30059661,69.30059661,69.30059661,0.0,0.0,0.0,83.29037731,83.29037731,83.29037731,0.0,0.0,0.0
-34.7356463306395,-38.41110422114855,-34.734225824658516,-34.7356463306395,-38.41110422114855,-34.734225824658516,73.46474602,73.46474602,73.46474602,6929.626759033197,6840.473505610976,7359.400096955805,7823.4885002468445,7734.335246824623,8253.261838169452,79.99999999999986,79.99999999999999,79.99999999999999,79.99999999999999,79.99999999999991,79.9999999999999,27.329665785401183,-0.0,-0.0,31.222009655827705,29.11461319145621,35.430479619911075,-199.83875405629914,-193.03020983157546,-214.3372111753632,-9077.585834217873,-9077.585834217873,-9077.585834217873,-9077.585834217873,-9077.585834217873,-9077.585834217873,69.30059661,69.30059661,69.30059661,0.0,0.0,0.0,83.29037731,83.29037731,83.29037731,0.0,0.0,0.0
-26.88558050943036,-28.284989855646266,-32.87898561469339,-26.88558050943036,-28.284989855646266,-32.87898561469339,73.46474602,73.46474602,73.46474602,6525.845283158274,6390.704730059117,7360.193234424768,7419.707024371921,7284.566471272764,8254.054975638415,79.99999999999999,79.99999999999994,79.99999999999999,79.99999999999996,79.99999999999999,79.99999999999994,37.73160155096356,35.877277464949266,19.968296356285588,43.105409235678096,40.98698872614158,35.54415566517106,-239.8136785567362,-232.68746022503174,-214.50085385334665,-6368.177348895926,-6368.177348895926,-6368.177348895926,-6368.177348895926,-6368.177348895926,-6368.177348895926,69.30059661,69.30059661,69.30059661,0.0,0.0,0.0,83.29037731,83.29037731,83.29037731,0.0,0.0,0.0
-26.88558050943034,-28.28498985564626,-25.26418361287077,-26.88558050943034,-28.28498985564626,-25.26418361287077,73.46474602,73.46474602,73.46474602,6525.8452831582745,6390.704730059117,7363.448653725159,7419.707024371922,7284.566471272764,8257.310394938806,79.99999999999999,79.99999999999997,97.14529255813643,79.99999999999999,79.99999999999999,97.14529255813643,37.73160155096356,35.877277464949266,32.34022103492373,43.105409235678096,40.98698872614158,36.9461778769121,-239.81367855673622,-232.6874602250317,-216.10887957926877,-6285.555810714757,-6285.555810714757,-6285.555810714757,-6285.555810714757,-6285.555810714757,-6285.555810714757,69.30059661,69.30059661,69.30059661,0.0,0.0,0.0,83.29037731,83.29037731,83.29037731,0.0,0.0,0.0
-26.88558050943034,-28.28498985564626,-25.26418361287078,-26.88558050943034,-28.28498985564626,-25.26418361287078,73.46474602,73.46474602,73.46474602,6525.8452831582745,6390.704730059117,6922.302826211506,7419.707024371922,7284.566471272764,7816.164567425153,79.99999999999999,79.99999999999997,97.14529255813646,79.99999999999999,79.99999999999999,97.14529255813646,37.73160155096356,35.877277464949266,32.34022103492373,43.105409235678096,40.98698872614158,36.9461778769121,-239.81367855673622,-232.6874602250317,-216.10887957926866,-6285.555810714776,-6285.555810714776,-6285.555810714776,-6285.555810714776,-6285.555810714776,-6285.555810714776,69.30059661,69.30059661,69.30059661,0.0,0.0,0.0,83.29037731,83.29037731,83.29037731,0.0,0.0,0.0
-20.5954789758134,-28.28498985564626,-25.26418361287078,-20.5954789758134,-28.28498985564626,-25.26418361287078,73.46474602,73.46474602,73.46474602,6914.422240777502,6390.704730059117,7363.448653725159,7808.2839819911505,7284.566471272764,8257.310394938806,98.95310765294278,79.99999999999997,97.14529255813646,98.95310765294278,79.99999999999999,97.14529255813646,37.73160155096356,35.877277464949266,32.34022103492373,43.105409235678096,40.98698872614158,36.94617787691211,-236.51330100519561,-232.6874602250317,-216.10887957926866,-6285.555810714776,-6285.555810714776,-6285.555810714776,-6285.555810714776,-6285.555810714776,-6285.555810714776,69.30059661,69.30059661,69.30059661,0.0,0.0,0.0,83.29037731,83.29037731,83.29037731,0.0,0.0,0.0
-20.5954789758134,-28.28498985564626,-25.26418361287078,-20.5954789758134,-28.28498985564626,-25.26418361287078,73.46474602,73.46474602,73.46474602,6466.353816763121,6390.704730059117,7363.448653725159,7360.21555797677,7284.566471272764,8257.310394938806,98.95310765294278,79.99999999999999,97.14529255813646,98.95310765294278,79.99999999999997,97.14529255813646,37.73160155096356,35.877277464949266,32.34022103492373,43.105409235678096,40.98698872614158,36.9461778769121,-236.51330100519561,-232.6874602250317,-216.1088795792687,-6285.555810714772,-6285.555810714772,-6285.555810714772,-6285.555810714772,-6285.555810714772,-6285.555810714772,69.30059661,69.30059661,69.30059661,0.0,0.0,0.0,83.29037731,83.29037731,83.29037731,0.0,0.0,0.0
-20.5954789758134,-25.532693268825188,-24.515661718518572,-20.5954789758134,-25.532693268825188,-24.515661718518572,73.46474602,73.46474602,73.46474602,6914.422240777502,6441.403238830447,7363.768655823841,7808.2839819911505,7335.264980044094,8257.630397037488,98.95310765294278,86.11256883316142,97.43513509147263,98.95310765294278,86.11256883316142,97.43513509147263,37.73160155096356,36.836202349490875,33.20460776973832,43.105409235678096,42.0824855477809,37.93367224265611,-236.51330100519561,-235.3082297351978,-219.3802701182345,-5931.282922833314,-5931.282922833314,-5931.282922833314,-5931.282922833314,-5931.282922833314,-5931.282922833314,69.30059661,69.30059661,69.30059661,0.0,0.0,0.0,83.29037731,83.29037731,83.29037731,0.0,0.0,0.0
-19.722172332690246,-24.716901868243383,-24.51566171851856,-19.722172332690246,-24.716901868243383,-24.51566171851856,73.46474602,73.46474602,73.46474602,6538.7895026116375,6442.344375629558,6921.03935139435,7432.651243825285,7336.206116843206,7814.901092607997,99.2912693175941,87.37911118739902,97.43513509147262,99.2912693175941,87.37911118739902,97.43513509147262,38.74008865526449,40.742377696231095,33.20460776973832,44.25752702429302,42.1606090547157,37.93367224265611,-240.33005922093443,-235.3082297351978,-219.38027011823456,-5931.282922833309,-5931.282922833309,-5931.282922833309,-5931.282922833309,-5931.282922833309,-5931.282922833309,69.30059661,69.30059661,69.30059661,0.0,0.0,0.0,83.29037731,83.29037731,83.29037731,0.0,0.0,0.0
-19.722172332690246,-24.716901868243383,-24.51566171851856,-19.722172332690246,-24.716901868243383,-24.51566171851856,73.46474602,73.46474602,73.46474602,6538.7895026116375,6929.462746025158,6921.03935139435,7432.651243825285,7823.324487238805,7814.901092607997,99.2912693175941,87.37911118739902,97.43513509147266,99.2912693175941,87.37911118739902,97.43513509147266,38.74008865526449,40.742377696231095,33.20460776973832,44.25752702429302,42.1606090547157,37.93367224265611,-240.33005922093443,-235.3082297351978,-219.3802701182345,-5931.282922833309,-5931.282922833309,-5931.282922833309,-5931.282922833309,-5931.282922833309,-5931.282922833309,69.30059661,69.30059661,69.30059661,0.0,0.0,0.0,83.29037731,83.29037731,83.29037731,0.0,0.0,0.0
-24.31672793343096,-25.532693268825202,-24.515661718518572,-24.31672793343096,-25.532693268825202,-24.515661718518572,73.46474602,73.46474602,73.46474602,6912.948134329091,6441.403238830447,6921.039351394349,7806.809875542738,7335.264980044094,7814.901092607996,85.44711967185762,86.11256883316139,97.43513509147263,85.44711967185751,86.11256883316139,97.43513509147263,38.74008865526449,36.836202349490875,33.20460776973832,44.25752702429302,42.08248554778089,37.93367224265611,-242.74079425962148,-235.3082297351978,-219.3802701182345,-5931.282922833314,-5931.282922833314,-5931.282922833314,-5931.282922833314,-5931.282922833314,-5931.282922833314,69.30059661,69.30059661,69.30059661,0.0,0.0,0.0,83.29037731,83.29037731,83.29037731,0.0,0.0,0.0
-23.586593245688814,-25.532693268825202,-24.51566171851856,-23.586593245688814,-25.532693268825202,-24.51566171851856,73.46474602,73.46474602,73.46474602,6575.3390027514515,6441.403238830447,7363.768655823841,7469.200743965099,7335.264980044094,8257.630397037488,87.64713524616373,86.11256883316139,97.43513509147266,87.64713524616373,86.11256883316139,97.43513509147266,38.74008865526449,36.836202349490875,33.20460776973832,44.25752702429302,42.08248554778089,37.93367224265611,-242.35769708382128,-235.3082297351978,-219.3802701182345,-5931.282922833309,-5931.282922833309,-5931.282922833309,-5931.282922833309,-5931.282922833309,-5931.282922833309,69.30059661,69.30059661,69.30059661,0.0,0.0,0.0,83.29037731,83.29037731,83.29037731,0.0,0.0,0.0
-26.124501963376193,-25.532693268825202,-30.301982990252657,-26.124501963376193,-25.532693268825202,-30.301982990252657,73.46474602,73.46474602,73.46474602,6599.342416748083,6441.403238830447,6921.039351394351,7493.204157961731,7335.264980044094,7814.901092607999,79.99999999999999,86.11256883316139,79.99999999999999,79.99999999999996,86.11256883316139,80.00000000000009,38.74008865526449,36.836202349490875,33.20460776973832,44.25752702429302,42.08248554778089,37.93367224265611,-243.689322164108,-235.3082297351978,-222.41631726773952,-6763.7754370681005,-6763.7754370681005,-6763.7754370681005,-6763.7754370681005,-6763.7754370681005,-6763.7754370681005,69.30059661,69.30059661,69.30059661,0.0,0.0,0.0,83.29037731,83.29037731,83.29037731,0.0,0.0,0.0
-20.08164198257494,-25.532693268825188,-24.515661718518572,-20.08164198257494,-25.532693268825188,-24.515661718518572,73.46474602,73.46474602,73.46474602,6542.189348620784,6441.403238830447,6921.039351394349,7436.051089834431,7335.264980044094,7814.901092607996,98.20812830058216,86.11256883316142,97.43513509147263,98.20812830058216,86.11256883316142,97.43513509147263,38.74008865526449,36.836202349490875,33.20460776973832,44.25752702429302,42.08248554778089,37.93367224265611,-240.5186707332604,-235.3082297351978,-219.3802701182345,-5931.282922833314,-5931.282922833314,-5931.282922833314,-5931.282922833314,-5931.282922833314,-5931.282922833314,69.30059661,69.30059661,69.30059661,0.0,0.0,0.0,83.29037731,83.29037731,83.29037731,0.0,0.0,0.0
-20.0816419825749,-25.532693268825202,-30.301982990252657,-20.0816419825749,-25.532693268825202,-30.301982990252657,73.46474602,73.46474602,73.46474602,6542.189348620784,6441.403238830447,6921.039351394351,7436.051089834431,7335.264980044094,7814.901092607999,98.20812830058226,86.11256883316139,79.99999999999999,98.20812830058226,86.11256883316139,80.00000000000009,38.74008865526449,36.836202349490875,33.20460776973832,44.25752702429302,42.08248554778089,37.93367224265611,-240.5186707332604,-235.3082297351978,-222.41631726773952,-6763.7754370681005,-6763.7754370681005,-6763.7754370681005,-6763.7754370681005,-6763.7754370681005,-6763.7754370681005,69.30059661,69.30059661,69.30059661,0.0,0.0,0.0,83.29037731,83.29037731,83.29037731,0.0,0.0,0.0
-19.722172332690246,-25.532693268825188,-24.51566171851856,-19.722172332690246,-25.532693268825188,-24.51566171851856,73.46474602,73.46474602,73.46474602,6912.948134329091,6441.403238830447,6921.039351394349,7806.809875542738,7335.264980044094,7814.901092607996,99.29126931759409,86.11256883316142,97.43513509147266,99.29126931759409,86.11256883316142,97.43513509147266,38.7400886552645,36.836202349490875,33.20460776973832,44.257527024293026,42.0824855477809,37.93367224265611,-240.33005922093446,-235.3082297351978,-219.3802701182345,-5931.282922833309,-5931.282922833309,-5931.282922833309,-5931.282922833309,-5931.282922833309,-5931.282922833309,69.30059661,69.30059661,69.30059661,0.0,0.0,0.0,83.29037731,83.29037731,83.29037731,0.0,0.0,0.0
-20.42114109635494,-25.532693268825202,-24.515661718518572,-20.42114109635494,-25.532693268825202,-24.515661718518572,73.46474602,73.46474602,73.46474602,6545.400314296089,6441.403238830447,6921.03935139435,7439.2620555097365,7335.264980044094,7814.901092607997,97.18516178451526,86.11256883316139,97.43513509147263,97.18516178451526,86.11256883316139,97.43513509147263,38.74008865526451,36.836202349490875,33.20460776973832,44.25752702429303,42.08248554778089,37.93367224265611,-240.696803828235,-235.3082297351978,-219.3802701182345,-5931.282922833314,-5931.282922833314,-5931.282922833314,-5931.282922833314,-5931.282922833314,-5931.282922833314,69.30059661,69.30059661,69.30059661,0.0,0.0,0.0,83.29037731,83.29037731,83.29037731,0.0,0.0,0.0
-19.722172332690235,-25.532693268825188,-24.515661718518572,-19.722172332690235,-25.532693268825188,-24.515661718518572,73.46474602,73.46474602,73.46474602,6912.948134329091,6441.403238830447,6921.039351394349,7806.809875542738,7335.264980044094,7814.901092607996,99.2912693175941,86.11256883316142,97.43513509147263,99.2912693175941,86.11256883316142,97.43513509147263,38.740088655264515,36.8362023494909,33.20460776973832,44.25752702429303,42.08248554778089,37.93367224265611,-240.33005922093446,-235.3082297351978,-219.3802701182345,-5931.282922833314,-5931.282922833314,-5931.282922833314,-5931.282922833314,-5931.282922833314,-5931.282922833314,69.30059661,69.30059661,69.30059661,0.0,0.0,0.0,83.29037731,83.29037731,83.29037731,0.0,0.0,0.0
-19.722172332690246,-25.532693268825188,-24.515661718518572,-19.722172332690246,-25.532693268825188,-24.515661718518572,73.46474602,73.46474602,73.46474602,6538.789502611637,6441.403238830447,6921.039351394349,7432.651243825284,7335.264980044094,7814.901092607996,99.0035980847174,86.11256883316142,97.43513509147263,99.29126931759411,86.11256883316142,97.43513509147263,38.74008865526449,36.836202349490875,33.20460776973832,44.257527024293026,42.08248554778089,37.93367224265611,-240.33005922093437,-235.3082297351978,-219.3802701182345,-5931.282922833314,-5931.282922833314,-5931.282922833314,-5931.282922833314,-5931.282922833314,-5931.282922833314,69.30059661,69.30059661,69.30059661,0.0,0.0,0.0,83.29037731,83.29037731,83.29037731,0.0,0.0,0.0
-26.124501963376193,-34.51236470119216,-25.264183612870777,-26.124501963376193,-34.51236470119216,-25.264183612870777,73.46474602,73.46474602,73.46474602,6599.342416748084,6929.19429264522,7363.448653725159,7493.204157961732,7823.0560338588675,8257.310394938806,79.99999999999999,79.99999999999991,97.14529255813646,79.99999999999994,79.99999999999999,97.14529255813646,38.7400886552645,27.62553096921479,32.34022103492373,44.257527024293026,31.560012531471575,36.9461778769121,-243.68932216410803,-200.97577207408125,-216.10887957926866,-8961.061119541939,-8961.061119541939,-8961.061119541939,-8961.061119541939,-8961.061119541939,-8961.061119541939,69.30059661,69.30059661,69.30059661,0.0,0.0,0.0,83.29037731,83.29037731,83.29037731,0.0,0.0,0.0
-33.43481843893009,-30.8879525329587,-25.264183612870777,-33.43481843893009,-30.8879525329587,-25.264183612870777,73.46474602,73.46474602,73.46474602,6927.1072309327365,6186.58353906274,6922.302826211506,7820.968972146384,7080.445280276387,7816.164567425153,79.99999999999999,79.9999999999999,97.14529255813646,79.99999999999987,79.99999999999999,96.20274418384811,29.053361927547545,27.62553096921479,32.34022103492373,33.19119793703071,31.56001253147158,36.9461778769121,-206.46296561623947,-221.97873888764545,-216.10887957926866,-8398.718525254119,-8398.718525254119,-8398.718525254119,-8398.718525254119,-8398.718525254119,-8398.718525254119,69.30059661,69.30059661,69.30059661,0.0,0.0,0.0,83.29037731,83.29037731,83.29037731,0.0,0.0,0.0
-33.43481843893008,-29.883333037511356,-25.26418361287078,-33.43481843893008,-29.883333037511356,-25.26418361287078,73.46474602,73.46474602,73.46474602,6927.1072309327365,6296.695105253008,7363.448653725159,7820.968972146384,7190.556846466655,8257.310394938806,79.99999999999999,79.99999999999999,97.14529255813646,79.99999999999989,79.99999999999996,97.14529255813646,29.053361927547545,27.62553096921479,32.34022103492373,33.19119793703071,31.56001253147158,36.9461778769121,-206.4629656162395,-227.80036980150038,-216.1088795792687,-8398.718525254113,-8398.718525254113,-8398.718525254113,-8398.718525254113,-8398.718525254113,-8398.718525254113,69.30059661,69.30059661,69.30059661,0.0,0.0,0.0,83.29037731,83.29037731,83.29037731,0.0,0.0,0.0
-33.43481843893009,-36.826651272756415,-25.264183612870777,-33.43481843893009,-36.826651272756415,-25.264183612870777,73.46474602,73.46474602,73.46474602,6927.1072309327365,6828.405048178165,6922.302826211506,7820.968972146384,7722.266789391812,7816.164567425153,79.99999999999999,79.99999999999991,97.14529255813646,79.99999999999987,79.99999999999999,97.14529255813646,29.053361927547545,-0.0,32.34022103492373,33.19119793703071,31.836267841163725,36.9461778769121,-206.46296561623947,-202.21189534306447,-216.10887957926866,-8398.718525254119,-8398.718525254119,-8398.718525254119,-8398.718525254119,-8398.718525254119,-8398.718525254119,69.30059661,69.30059661,69.30059661,0.0,0.0,0.0,83.29037731,83.29037731,83.29037731,0.0,0.0,0.0
-37.23617637618773,-36.826651272756415,-30.161183704684266,-37.23617637618773,-36.826651272756415,-30.161183704684266,73.46474602,73.46474602,73.46474602,7007.659025220584,5807.439228668385,6836.334092069769,7901.5207664342315,6701.300969882032,7730.195833283417,79.99999999999996,79.99999999999991,103.22083405190894,79.99999999999999,79.99999999999999,103.22083405190894,-0.0,-0.0,-0.0,31.13281627887095,31.836267841163725,30.048125545807437,-199.83875405629914,-202.21189534306447,-192.1359435477597,-6126.662157465578,-6126.662157465578,-6126.662157465578,-6126.662157465578,-6126.662157465578,-6126.662157465578,69.30059661,69.30059661,69.30059661,0.0,0.0,0.0,83.29037731,83.29037731,83.29037731,0.0,0.0,0.0
-37.23617637618773,-36.826651272756415,-24.60758768567668,-37.23617637618773,-36.826651272756415,-24.60758768567668,73.46474602,73.46474602,73.46474602,6831.5243180078205,5807.439228668385,6804.312462600402,7725.386059221468,6701.300969882032,7698.174203814049,79.99999999999996,79.99999999999991,107.28714599747519,79.99999999999999,79.99999999999999,107.28714599747519,-0.0,-0.0,-0.0,31.13281627887095,31.836267841163725,37.26958008726134,-199.83875405629914,-202.21189534306447,-215.78992492148342,-6126.662157465578,-6126.662157465578,-6126.662157465578,-6126.662157465578,-6126.662157465578,-6126.662157465578,69.30059661,69.30059661,69.30059661,0.0,0.0,0.0,83.29037731,83.29037731,83.29037731,0.0,0.0,0.0
-37.23617637618773,-36.826651272756415,-24.60758768567668,-37.23617637618773,-36.826651272756415,-24.60758768567668,73.46474602,73.46474602,73.46474602,6831.5243180078205,5807.439228668385,6804.312462600402,7725.386059221468,6701.300969882032,7698.174203814049,79.99999999999999,79.99999999999991,107.28714599747519,79.99999999999996,79.99999999999999,107.28714599747519,-0.0,-0.0,-0.0,31.13281627887095,31.836267841163725,37.26958008726134,-199.83875405629914,-202.21189534306447,-215.78992492148342,-6126.662157465578,-6126.662157465578,-6126.662157465578,-6126.662157465578,-6126.662157465578,-6126.662157465578,69.30059661,69.30059661,69.30059661,0.0,0.0,0.0,83.29037731,83.29037731,83.29037731,0.0,0.0,0.0
-37.23617637618773,-36.8266512727564,-24.60758768567668,-37.23617637618773,-36.8266512727564,-24.60758768567668,73.46474602,73.46474602,73.46474602,6831.5243180078205,6828.405048178165,6804.312462600402,7725.386059221468,7722.266789391812,7698.174203814049,79.99999999999999,79.99999999999996,107.28714599747519,79.99999999999996,79.99999999999999,107.28714599747519,-0.0,-0.0,-0.0,31.13281627887095,31.836267841163725,37.26958008726134,-199.83875405629914,-202.2118953430645,-215.78992492148342,-6126.662157465578,-6126.662157465578,-6126.662157465578,-6126.662157465578,-6126.662157465578,-6126.662157465578,69.30059661,69.30059661,69.30059661,0.0,0.0,0.0,83.29037731,83.29037731,83.29037731,0.0,0.0,0.0
-37.23617637618773,-36.8266512727564,-25.264183612870777,-37.23617637618773,-36.8266512727564,-25.264183612870777,73.46474602,73.46474602,73.46474602,6831.5243180078205,6828.405048178165,7363.448653725159,7725.386059221468,7722.266789391812,8257.310394938806,79.99999999999999,79.99999999999996,97.14529255813646,79.99999999999996,79.99999999999999,97.14529255813646,-0.0,-0.0,32.34022103492373,31.13281627887095,31.836267841163725,36.9461778769121,-199.83875405629914,-202.2118953430645,-216.10887957926866,-6285.555810714776,-6285.555810714776,-6285.555810714776,-6285.555810714776,-6285.555810714776,-6285.555810714776,69.30059661,69.30059661,69.30059661,0.0,0.0,0.0,83.29037731,83.29037731,83.29037731,0.0,0.0,0.0
-37.23617637618773,-36.8266512727564,-27.910627782282063,-37.23617637618773,-36.8266512727564,-27.910627782282063,73.46474602,73.46474602,73.46474602,6831.5243180078205,6828.405048178165,6922.302826211507,7725.386059221468,7722.266789391812,7816.164567425154,79.99999999999999,79.99999999999996,89.1711221934312,79.99999999999996,79.99999999999999,89.1711221934312,-0.0,-0.0,32.34022103492373,31.13281627887095,31.836267841163725,36.9461778769121,-199.83875405629914,-202.2118953430645,-217.4974525429087,-6666.3063527106815,-6666.3063527106815,-6666.3063527106815,-6666.3063527106815,-6666.3063527106815,-6666.3063527106815,69.30059661,69.30059661,69.30059661,0.0,0.0,0.0,83.29037731,83.29037731,83.29037731,0.0,0.0,0.0
-33.43481843893009,-34.512364701192155,-30.954312798492726,-33.43481843893009,-34.512364701192155,-30.954312798492726,73.46474602,73.46474602,73.46474602,7179.682065151439,5789.328954444566,7361.016055166698,8073.543806365086,6683.190695658213,8254.877796380346,79.99999999999999,79.99999999999996,79.99999999999999,79.99999999999987,79.99999999999999,80.00000000000004,29.053361927547545,27.62553096921479,32.34022103492373,33.19119793703071,31.56001253147158,36.94617787691211,-206.46296561623947,-200.97577207408125,-219.09445533336856,-8961.061119541935,-8961.061119541935,-8961.061119541935,-8961.061119541935,-8961.061119541935,-8961.061119541935,69.30059661,69.30059661,69.30059661,0.0,0.0,0.0,83.29037731,83.29037731,83.29037731,0.0,0.0,0.0
-33.43481843893009,-34.512364701192155,-25.264183612870777,-33.43481843893009,-34.512364701192155,-25.264183612870777,73.46474602,73.46474602,73.46474602,7179.682065151439,5789.328954444566,7363.448653725159,8073.543806365086,6683.190695658213,8257.310394938806,79.99999999999987,79.99999999999996,97.14529255813646,79.99999999999999,79.99999999999999,97.14529255813646,29.053361927547545,27.62553096921479,32.34022103492373,33.19119793703071,31.56001253147158,36.9461778769121,-206.46296561623947,-200.97577207408125,-216.10887957926866,-8961.061119541935,-8961.061119541935,-8961.061119541935,-8961.061119541935,-8961.061119541935,-8961.061119541935,69.30059661,69.30059661,69.30059661,0.0,0.0,0.0,83.29037731,83.29037731,83.29037731,0.0,0.0,0.0
-28.11046283770153,-28.26524869675297,-13.694786921493657,-28.11046283770153,-28.26524869675297,-13.694786921493657,73.46474602,73.46474602,73.46474602,6927.1072309327365,6392.6111280254245,7799.676379192369,7820.968972146384,7286.472869239072,8693.538120406016,96.04315675244847,79.99999999999997,79.99999999999999,96.04315675244847,79.99999999999999,79.99999999999996,29.053361927547545,35.90343600570837,55.21040882768718,33.19119793703071,41.01687281687933,63.073582057525336,-203.6693090100941,-232.7879882147688,-306.98521441239365,-7632.690167513344,-7632.690167513344,-7632.690167513344,-7632.690167513344,-7632.690167513344,-7632.690167513344,69.30059661,69.30059661,69.30059661,0.0,0.0,0.0,83.29037731,83.29037731,83.29037731,0.0,0.0,0.0
-32.84878737889311,-28.26524869675297,-13.694786921493657,-32.84878737889311,-28.26524869675297,-13.694786921493657,73.46474602,73.46474602,73.46474602,6925.9721678449,6392.611128025424,7799.676379192369,7819.833909058548,7286.472869239071,8693.538120406016,79.99999999999999,79.99999999999997,79.99999999999999,79.99999999999997,79.99999999999999,79.99999999999996,29.829897765840663,35.903436005708365,55.21040882768718,34.07832951162299,41.01687281687932,63.073582057525336,-209.44721414528937,-232.7879882147688,-306.98521441239365,-8092.884578094766,-8092.884578094766,-8092.884578094766,-8092.884578094766,-8092.884578094766,-8092.884578094766,69.30059661,69.30059661,69.30059661,0.0,0.0,0.0,83.29037731,83.29037731,83.29037731,0.0,0.0,0.0
-32.41254495801675,-28.26524869675297,-13.694786921493657,-32.41254495801675,-28.26524869675297,-13.694786921493657,73.46474602,73.46474602,73.46474602,5955.403894686393,6392.6111280254245,7799.676379192369,6849.26563590004,7286.472869239072,8693.538120406016,79.99999999999999,79.99999999999999,79.99999999999996,79.99999999999991,79.99999999999997,79.99999999999999,34.13895733479551,35.90343600570837,55.21040882768718,34.16451070300209,41.01687281687933,63.073582057525336,-209.6905094209299,-232.7879882147688,-306.98521441239365,-8526.386481844045,-8526.386481844045,-8526.386481844045,-8526.386481844045,-8526.386481844045,-8526.386481844045,69.30059661,69.30059661,69.30059661,0.0,0.0,0.0,83.29037731,83.29037731,83.29037731,0.0,0.0,0.0
-27.426086554445195,-28.26524869675297,-13.694786921493657,-27.426086554445195,-28.26524869675297,-13.694786921493657,73.46474602,73.46474602,73.46474602,6941.120159370651,6392.6111280254245,7799.676379192369,7834.981900584298,7286.472869239072,8693.538120406016,95.02501707241403,79.99999999999997,79.99999999999999,95.02501707241403,79.99999999999999,79.99999999999996,34.13895733479551,35.90343600570837,55.21040882768718,34.164510703002094,41.01687281687933,63.073582057525336,-207.07414539423115,-232.7879882147688,-306.98521441239365,-7808.972239085874,-7808.972239085874,-7808.972239085874,-7808.972239085874,-7808.972239085874,-7808.972239085874,69.30059661,69.30059661,69.30059661,0.0,0.0,0.0,83.29037731,83.29037731,83.29037731,0.0,0.0,0.0
-27.438016057457702,-28.26524869675297,-13.694786921493657,-27.438016057457702,-28.26524869675297,-13.694786921493657,73.46474602,73.46474602,73.46474602,6925.9721678449,6392.6111280254245,7799.676379192369,7819.833909058548,7286.472869239072,8693.538120406016,96.30354149174627,79.99999999999997,79.99999999999996,96.30354149174627,79.99999999999999,79.99999999999999,29.829897765840663,35.90343600570837,55.21040882768718,34.07832951162299,41.01687281687933,63.073582057525336,-206.6082157427443,-232.7879882147688,-306.98521441239365,-7314.423374542984,-7314.423374542984,-7314.423374542984,-7314.423374542984,-7314.423374542984,-7314.423374542984,69.30059661,69.30059661,69.30059661,0.0,0.0,0.0,83.29037731,83.29037731,83.29037731,0.0,0.0,0.0
-32.848787378893064,-28.26524869675297,-13.694786921493657,-32.848787378893064,-28.26524869675297,-13.694786921493657,73.46474602,73.46474602,73.46474602,6056.065846774499,6392.6111280254245,7799.676379192369,6949.927587988146,7286.472869239072,8693.538120406016,79.99999999999999,79.99999999999997,79.99999999999999,80.00000000000009,79.99999999999999,79.99999999999999,29.829897765840663,35.90343600570837,55.21040882768718,34.07832951162299,41.01687281687933,63.073582057525336,-209.44721414528937,-232.7879882147688,-306.98521441239365,-8092.884578094766,-8092.884578094766,-8092.884578094766,-8092.884578094766,-8092.884578094766,-8092.884578094766,69.30059661,69.30059661,69.30059661,0.0,0.0,0.0,83.29037731,83.29037731,83.29037731,0.0,0.0,0.0
-32.84878737889311,-28.26524869675297,-13.694786921493657,-32.84878737889311,-28.26524869675297,-13.694786921493657,73.46474602,73.46474602,73.46474602,5949.98013207649,6392.6111280254245,7799.676379192369,6843.841873290137,7286.472869239072,8693.538120406016,79.99999999999999,79.99999999999997,79.99999999999999,79.99999999999997,79.99999999999999,79.99999999999996,29.829897765840663,35.90343600570837,55.21040882768718,34.07832951162299,41.01687281687933,63.073582057525336,-209.44721414528937,-232.7879882147688,-306.98521441239365,-8092.884578094766,-8092.884578094766,-8092.884578094766,-8092.884578094766,-8092.884578094766,-8092.884578094766,69.30059661,69.30059661,69.30059661,0.0,0.0,0.0,83.29037731,83.29037731,83.29037731,0.0,0.0,0.0
-27.438016057457702,-28.26524869675297,-13.694786921493657,-27.438016057457702,-28.26524869675297,-13.694786921493657,73.46474602,73.46474602,73.46474602,6925.9721678449,6392.611128025424,7799.676379192369,7819.833909058548,7286.472869239071,8693.538120406016,96.30354149174627,79.99999999999997,79.99999999999999,96.30354149174627,79.99999999999999,79.99999999999996,29.829897765840663,35.903436005708365,55.21040882768718,34.07832951162299,41.01687281687932,63.073582057525336,-206.6082157427443,-232.7879882147688,-306.98521441239365,-7314.423374542984,-7314.423374542984,-7314.423374542984,-7314.423374542984,-7314.423374542984,-7314.423374542984,69.30059661,69.30059661,69.30059661,0.0,0.0,0.0,83.29037731,83.29037731,83.29037731,0.0,0.0,0.0
-32.848787378893064,-27.830338994965953,-13.694786921493657,-32.848787378893064,-27.830338994965953,-13.694786921493657,73.46474602,73.46474602,73.46474602,6925.9721678449,6440.279512555218,7799.676379192369,7819.833909058548,7334.141253768866,8693.538120406016,79.99999999999999,79.99999999999999,79.99999999999999,80.00000000000009,79.99999999999994,79.99999999999996,29.829897765840663,35.90343600570837,55.21040882768718,34.07832951162299,41.01687281687932,63.073582057525336,-209.44721414528937,-235.3082297351978,-306.98521441239365,-8092.884578094766,-8092.884578094766,-8092.884578094766,-8092.884578094766,-8092.884578094766,-8092.884578094766,69.30059661,69.30059661,69.30059661,0.0,0.0,0.0,83.29037731,83.29037731,83.29037731,0.0,0.0,0.0
-32.848787378893064,-27.830338994965953,-13.694786921493657,-32.848787378893064,-27.830338994965953,-13.694786921493657,73.46474602,73.46474602,73.46474602,5949.98013207649,6440.279512555219,7799.676379192369,6843.841873290137,7334.141253768867,8693.538120406016,79.99999999999999,79.99999999999999,79.99999999999999,80.00000000000009,79.99999999999994,79.99999999999996,29.829897765840663,35.90343600570837,55.21040882768718,34.07832951162299,41.01687281687933,63.073582057525336,-209.44721414528937,-235.3082297351978,-306.98521441239365,-8092.884578094766,-8092.884578094766,-8092.884578094766,-8092.884578094766,-8092.884578094766,-8092.884578094766,69.30059661,69.30059661,69.30059661,0.0,0.0,0.0,83.29037731,83.29037731,83.29037731,0.0,0.0,0.0
-32.848787378893064,-27.830338994965953,-13.694786921493657,-32.848787378893064,-27.830338994965953,-13.694786921493657,73.46474602,73.46474602,73.46474602,6925.9721678449,6440.279512555219,7799.676379192369,7819.833909058548,7334.141253768867,8693.538120406016,79.99999999999999,79.99999999999999,79.99999999999999,80.00000000000009,79.99999999999994,79.99999999999996,29.829897765840663,35.90343600570837,55.21040882768718,34.07832951162299,41.01687281687933,63.073582057525336,-209.44721414528937,-235.3082297351978,-306.98521441239365,-8092.884578094766,-8092.884578094766,-8092.884578094766,-8092.884578094766,-8092.884578094766,-8092.884578094766,69.30059661,69.30059661,69.30059661,0.0,0.0,0.0,83.29037731,83.29037731,83.29037731,0.0,0.0,0.0
-32.84878737889311,-28.26524869675297,-13.694786921493657,-32.84878737889311,-28.26524869675297,-13.694786921493657,73.46474602,73.46474602,73.46474602,6925.9721678449,6392.6111280254245,7799.676379192369,7819.833909058548,7286.472869239072,8693.538120406016,79.99999999999999,79.99999999999999,79.99999999999996,79.99999999999997,79.99999999999997,79.99999999999999,29.829897765840663,35.90343600570837,55.21040882768718,34.07832951162299,41.01687281687933,63.073582057525336,-209.44721414528937,-232.7879882147688,-306.98521441239365,-8092.884578094766,-8092.884578094766,-8092.884578094766,-8092.884578094766,-8092.884578094766,-8092.884578094766,69.30059661,69.30059661,69.30059661,0.0,0.0,0.0,83.29037731,83.29037731,83.29037731,0.0,0.0,0.0
-27.438016057457702,-28.480976277249283,-13.694786921493657,-27.438016057457702,-28.480976277249283,-13.694786921493657,73.46474602,73.46474602,73.46474602,5898.805326944857,6378.160873764464,7799.676379192369,6792.667068158505,7272.022614978111,8693.538120406016,96.30354149174627,79.99999999999999,79.99999999999996,96.30354149174627,79.99999999999997,79.99999999999999,29.829897765840663,34.968793017819124,55.21040882768718,34.07832951162299,39.94911616658696,63.073582057525336,-206.6082157427443,-232.03342571414575,-306.98521441239365,-7314.423374542984,-7314.423374542984,-7314.423374542984,-7314.423374542984,-7314.423374542984,-7314.423374542984,69.30059661,69.30059661,69.30059661,0.0,0.0,0.0,83.29037731,83.29037731,83.29037731,0.0,0.0,0.0
-34.73564633063947,-28.761810379746677,-14.779437451118113,-34.73564633063947,-28.761810379746677,-14.779437451118113,73.46474602,73.46474602,73.46474602,6929.626759033197,6347.379983083206,7694.931993363369,7823.4885002468445,7241.241724296853,8588.793734577017,79.99999999999999,79.99999999999999,80.00000000000006,79.99999999999991,79.99999999999996,79.99999999999999,27.329665785401183,34.968793017819124,53.77316417341254,31.222009655827705,39.94911616658696,61.43164223923747,-199.83875405629914,-230.40603096402145,-301.46184377848726,-9077.585834217869,-9077.585834217869,-9077.585834217869,-9077.585834217869,-9077.585834217869,-9077.585834217869,69.30059661,69.30059661,69.30059661,0.0,0.0,0.0,83.29037731,83.29037731,83.29037731,0.0,0.0,0.0
-34.73564633063947,-28.773815425116503,-14.779437451118113,-34.73564633063947,-28.773815425116503,-14.779437451118113,73.46474602,73.46474602,73.46474602,5767.766712501576,6346.064167141104,7694.931993363369,6661.628453715223,7239.925908354751,8588.793734577017,79.99999999999999,79.99999999999999,80.00000000000006,79.99999999999991,79.99999999999994,79.99999999999999,27.329665785401183,34.968793017819124,53.77316417341254,31.222009655827705,39.94911616658696,61.431642239237476,-199.83875405629914,-230.3364633878756,-301.46184377848726,-9077.585834217869,-9077.585834217869,-9077.585834217869,-9077.585834217869,-9077.585834217869,-9077.585834217869,69.30059661,69.30059661,69.30059661,0.0,0.0,0.0,83.29037731,83.29037731,83.29037731,0.0,0.0,0.0
-34.73564633063947,-29.492221930379863,-14.779437451118113,-34.73564633063947,-29.492221930379863,-14.779437451118113,73.46474602,73.46474602,73.46474602,5767.766712501576,6328.577571045952,7694.931993363369,6661.628453715223,7222.439312259599,8588.793734577017,79.99999999999999,79.99999999999991,79.99999999999999,79.99999999999991,79.99999999999999,80.00000000000006,27.329665785401183,28.74220489398044,53.77316417341254,31.222009655827705,40.01138204782535,61.431642239237476,-199.83875405629914,-229.47474251482356,-301.46184377848726,-9077.585834217869,-9077.585834217869,-9077.585834217869,-9077.585834217869,-9077.585834217869,-9077.585834217869,69.30059661,69.30059661,69.30059661,0.0,0.0,0.0,83.29037731,83.29037731,83.29037731,0.0,0.0,0.0
-34.73564633063947,-29.492221930379856,-14.779437451118113,-34.73564633063947,-29.492221930379856,-14.779437451118113,73.46474602,73.46474602,73.46474602,6929.626759033197,6328.577571045952,7694.931993363369,7823.4885002468445,7222.439312259599,8588.793734577017,79.99999999999999,79.99999999999999,80.00000000000006,79.99999999999994,79.99999999999994,79.99999999999999,27.329665785401183,28.74220489398044,53.77316417341254,31.222009655827705,40.01138204782535,61.431642239237476,-199.83875405629914,-229.47474251482356,-301.46184377848726,-9077.585834217864,-9077.585834217864,-9077.585834217864,-9077.585834217864,-9077.585834217864,-9077.585834217864,69.30059661,69.30059661,69.30059661,0.0,0.0,0.0,83.29037731,83.29037731,83.29037731,0.0,0.0,0.0
-37.23617637618773,-31.900056150739736,-14.779437451118113,-37.23617637618773,-31.900056150739736,-14.779437451118113,73.46474602,73.46474602,73.46474602,5762.553129267163,6347.419895307783,7694.931993363369,6656.41487048081,7241.28163652143,8588.793734577017,79.99999999999999,79.99999999999999,79.99999999999999,79.99999999999996,79.99999999999996,80.00000000000006,-0.0,-0.0,53.77316417341254,20.848367806224534,40.29880409676515,61.43164223923747,-199.83875405629914,-230.7608321219672,-301.46184377848726,-6126.662157465578,-6126.662157465578,-6126.662157465578,-6126.662157465578,-6126.662157465578,-6126.662157465578,69.30059661,69.30059661,69.30059661,0.0,0.0,0.0,83.29037731,83.29037731,83.29037731,0.0,0.0,0.0
-37.23617637618773,-31.900056150739736,-14.779437451118113,-37.23617637618773,-31.900056150739736,-14.779437451118113,73.46474602,73.46474602,73.46474602,5762.553129267163,6347.419895307783,7694.931993363369,6656.41487048081,7241.28163652143,8588.793734577017,79.99999999999999,79.99999999999996,79.99999999999999,79.99999999999996,79.99999999999999,80.00000000000006,-0.0,-0.0,53.77316417341254,31.13281627887095,40.29880409676515,61.43164223923747,-199.83875405629914,-230.7608321219672,-301.46184377848726,-6126.662157465578,-6126.662157465578,-6126.662157465578,-6126.662157465578,-6126.662157465578,-6126.662157465578,69.30059661,69.30059661,69.30059661,0.0,0.0,0.0,83.29037731,83.29037731,83.29037731,0.0,0.0,0.0
-34.7356463306395,-29.492221930379863,-14.779437451118113,-34.7356463306395,-29.492221930379863,-14.779437451118113,73.46474602,73.46474602,73.46474602,5767.766712501576,6328.577571045952,7694.931993363369,6661.628453715223,7222.439312259599,8588.793734577017,79.99999999999999,79.99999999999999,80.00000000000006,79.99999999999986,79.99999999999991,79.99999999999999,27.329665785401183,28.74220489398044,53.77316417341254,31.222009655827705,40.01138204782535,61.43164223923747,-199.83875405629914,-229.47474251482356,-301.46184377848726,-9077.585834217873,-9077.585834217873,-9077.585834217873,-9077.585834217873,-9077.585834217873,-9077.585834217873,69.30059661,69.30059661,69.30059661,0.0,0.0,0.0,83.29037731,83.29037731,83.29037731,0.0,0.0,0.0
-34.73564633063948,-29.492221930379856,-14.779437451118113,-34.73564633063948,-29.492221930379856,-14.779437451118113,73.46474602,73.46474602,73.46474602,5767.766712501576,6328.577571045952,7694.931993363369,6661.628453715223,7222.439312259599,8588.793734577017,79.99999999999989,79.99999999999999,79.99999999999999,79.99999999999989,79.99999999999994,80.00000000000006,27.329665785401183,28.74220489398044,53.77316417341254,31.222009655827705,40.01138204782535,61.431642239237476,-199.83875405629914,-229.47474251482356,-301.46184377848726,-9077.585834217869,-9077.585834217869,-9077.585834217869,-9077.585834217869,-9077.585834217869,-9077.585834217869,69.30059661,69.30059661,69.30059661,0.0,0.0,0.0,83.29037731,83.29037731,83.29037731,0.0,0.0,0.0
-36.49033430833757,-28.761474996442594,-14.779437451118113,-36.49033430833757,-28.761474996442594,-14.779437451118113,73.46474602,73.46474602,73.46474602,5764.10820344329,6347.416742852506,7694.931993363369,6657.969944656938,7241.278484066153,8588.793734577017,79.99999999999999,79.99999999999999,80.00000000000006,79.99999999999991,79.99999999999994,79.99999999999999,8.151717464593897,34.968793017819124,53.77316417341254,31.15942030741538,39.94911616658696,61.431642239237476,-199.83875405629914,-230.40797446384397,-301.46184377848726,-7006.8447495745095,-7006.8447495745095,-7006.8447495745095,-7006.8447495745095,-7006.8447495745095,-7006.8447495745095,69.30059661,69.30059661,69.30059661,0.0,0.0,0.0,83.29037731,83.29037731,83.29037731,0.0,0.0,0.0
-37.23617637618773,-28.761474996442587,-14.779437451118113,-37.23617637618773,-28.761474996442587,-14.779437451118113,73.46474602,73.46474602,73.46474602,5762.553129267163,6347.416742852506,7694.931993363369,6656.41487048081,7241.278484066153,8588.793734577017,79.99999999999999,79.99999999999999,79.99999999999999,79.99999999999996,79.99999999999996,80.00000000000006,-0.0,34.968793017819124,53.77316417341254,31.13281627887095,39.94911616658696,61.431642239237476,-199.83875405629914,-230.40797446384397,-301.46184377848726,-6126.662157465578,-6126.662157465578,-6126.662157465578,-6126.662157465578,-6126.662157465578,-6126.662157465578,69.30059661,69.30059661,69.30059661,0.0,0.0,0.0,83.29037731,83.29037731,83.29037731,0.0,0.0,0.0
-34.73564633063947,-28.639503648187677,-14.779437451118113,-34.73564633063947,-28.639503648187677,-14.779437451118113,73.46474602,73.46474602,73.46474602,7018.303458314421,6360.785442392533,7694.931993363369,7912.165199528068,7254.64718360618,8588.793734577017,79.99999999999999,79.99999999999999,80.00000000000006,79.99999999999994,79.99999999999991,79.99999999999999,27.329665785401183,34.968793017819124,53.77316417341254,31.222009655827705,39.94911616658696,61.431642239237476,-199.83875405629914,-231.1147815433634,-301.46184377848726,-9077.585834217864,-9077.585834217864,-9077.585834217864,-9077.585834217864,-9077.585834217864,-9077.585834217864,69.30059661,69.30059661,69.30059661,0.0,0.0,0.0,83.29037731,83.29037731,83.29037731,0.0,0.0,0.0
-34.73564633063947,-25.315709957796937,-13.694786921493657,-34.73564633063947,-25.315709957796937,-13.694786921493657,73.46474602,73.46474602,73.46474602,5767.766712501576,6441.50007480467,7799.676379192369,6661.628453715223,7335.361816018317,8693.538120406016,79.99999999999999,86.70530192411341,79.99999999999999,79.99999999999991,86.70530192411341,79.99999999999996,27.329665785401186,36.86306005354914,55.21040882768718,31.222009655827705,42.113168378007394,63.073582057525336,-199.83875405629914,-235.3082297351978,-306.98521441239365,-9077.585834217869,-9077.585834217869,-9077.585834217869,-9077.585834217869,-9077.585834217869,-9077.585834217869,69.30059661,69.30059661,69.30059661,0.0,0.0,0.0,83.29037731,83.29037731,83.29037731,0.0,0.0,0.0
-34.184383690170705,-21.28920479783638,-13.694786921493657,-34.184383690170705,-21.28920479783638,-13.694786921493657,73.46474602,73.46474602,73.46474602,5821.001985180935,6989.839939326458,7799.676379192369,6714.863726394583,7883.701680540105,8693.538120406016,79.99999999999999,92.40360193514108,79.99999999999996,79.99999999999999,92.40360193514108,79.99999999999999,28.060130816741147,57.95554599809728,55.210408827687175,32.05650893001654,42.53501809689836,63.073582057525336,-202.64595121038053,-235.50687284364997,-306.98521441239365,-8789.896595962451,-8789.896595962451,-8789.896595962451,-8789.896595962451,-8789.896595962451,-8789.896595962451,69.30059661,69.30059661,69.30059661,0.0,0.0,0.0,83.29037731,83.29037731,83.29037731,0.0,0.0,0.0
-33.103161537684905,-19.53093017414925,-5.27536406314993,-33.103161537684905,-19.53093017414925,-5.27536406314993,73.46474602,73.46474602,73.46474602,5834.444722528374,7193.833385859636,7867.513474892609,6728.306463742021,8087.695127073283,8761.375216106257,79.99999999999999,79.99999999999994,85.07095011966155,79.9999999999999,79.99999999999999,85.07095011966155,38.7400886552645,115.98435538141075,121.75125644054395,32.270108086787005,43.69559428456463,64.40439900978244,-203.24895593671883,-240.94314408010294,-309.8591757529627,-13282.711424794305,-13282.711424794305,-13282.711424794305,-13282.711424794305,-13282.711424794305,-13282.711424794305,69.30059661,69.30059661,69.30059661,0.0,0.0,0.0,83.29037731,83.29037731,83.29037731,0.0,0.0,0.0
-33.10316153768489,-22.724759071113393,-10.310926495845612,-33.10316153768489,-22.724759071113393,-10.310926495845612,73.46474602,73.46474602,73.46474602,6966.103171905996,7082.931532324344,7841.747610176487,7859.964913119643,7976.793273537991,8735.609351390134,79.99999999999996,79.99999999999996,79.99999999999999,79.99999999999999,79.99999999999999,79.99999999999987,38.7400886552645,84.4367609443075,88.63507238483083,32.270108086787005,43.06464239582256,63.74207532866817,-203.2489559367188,-239.1619246373109,-308.87241569220794,-10108.946470203167,-10108.946470203167,-10108.946470203167,-10108.946470203167,-10108.946470203167,-10108.946470203167,69.30059661,69.30059661,69.30059661,0.0,0.0,0.0,83.29037731,83.29037731,83.29037731,0.0,0.0,0.0
-28.967808713074238,-21.173470749730793,-8.678523207951992,-28.967808713074238,-21.173470749730793,-8.678523207951992,73.46474602,73.46474602,73.46474602,6932.050624700361,7136.798146898629,7861.955946183861,7825.91236591401,8030.659888112276,8755.817687397508,95.41541289737181,79.99999999999994,80.0120007867693,95.41541289737181,79.99999999999999,80.0120007867693,29.053361927547545,99.75987824232925,104.72007606903455,32.07637355223267,43.371104741783,64.06377540235225,-200.0176852158001,-240.02708836666707,-309.7785068043746,-11650.489448147453,-11650.489448147453,-11650.489448147453,-11650.489448147453,-11650.489448147453,-11650.489448147453,69.30059661,69.30059661,69.30059661,0.0,0.0,0.0,83.29037731,83.29037731,83.29037731,0.0,0.0,0.0
-28.97055844380755,-20.76825287950288,2.208200488712543,-28.97055844380755,-20.76825287950288,0.0,73.46474602,73.46474602,73.46474602,5771.68988619867,7365.37071810439,8002.994115533957,6665.551627412317,8259.232459318038,8896.855856747603,95.71011066352841,79.99999999999999,79.99999999999999,95.71011066352841,79.99999999999999,79.99999999999999,28.060130816741147,204.64530563838096,214.82055061820319,32.05650893001654,45.46881328970403,66.26578489333562,-199.91028920098557,-186.7648754420428,-316.13117715497134,-29930.43691483315,-29930.43691483315,-29930.43691483315,-29930.43691483315,-29930.43691483315,-29930.43691483315,69.30059661,69.30059661,69.30059661,0.0,0.0,0.0,83.29037731,83.29037731,83.29037731,0.0,0.0,0.0
-28.97055844380755,-21.173470749730793,-8.682505993711676,-28.97055844380755,-21.173470749730793,-8.682505993711676,73.46474602,73.46474602,73.46474602,7030.843678201521,7136.798146898629,7861.993615172817,7924.705419415169,8030.659888112276,8755.855356386464,95.71011066352841,79.99999999999999,79.99999999999999,95.71011066352841,79.99999999999999,79.99999999999999,28.060130816741147,99.75987824232925,104.72007606903455,32.05650893001654,43.371104741783,64.06377540235225,-199.91028920098557,-240.02708836666707,-309.78059654754406,-11650.489448147453,-11650.489448147453,-11650.489448147453,-11650.489448147453,-11650.489448147453,-11650.489448147453,69.30059661,69.30059661,69.30059661,0.0,0.0,0.0,83.29037731,83.29037731,83.29037731,0.0,0.0,0.0
-28.97055844380755,-21.173470749730793,-8.678411232443503,-28.97055844380755,-21.173470749730793,-8.678411232443503,73.46474602,73.46474602,73.46474602,5771.68988619867,7136.798146898629,7862.044524969755,6665.551627412317,8030.659888112276,8755.906266183403,95.71011066352841,79.99999999999994,79.99999999999999,95.71011066352841,79.99999999999999,79.99999999999999,28.060130816741147,99.75987824232925,104.76052277797656,32.05650893001654,43.371104741783,64.06458433653108,-199.91028920098557,-240.02708836666707,-309.7828802229129,-11650.489448147453,-11650.489448147453,-11650.489448147453,-11650.489448147453,-11650.489448147453,-11650.489448147453,69.30059661,69.30059661,69.30059661,0.0,0.0,0.0,83.29037731,83.29037731,83.29037731,0.0,0.0,0.0
-28.97055844380755,-21.317115100767847,-8.678411232443503,-28.97055844380755,-21.317115100767847,-8.678411232443503,73.46474602,73.46474602,73.46474602,5771.68988619867,6954.3996505027,7862.044524969755,6665.551627412317,7848.261391716347,8755.906266183403,95.71011066352841,94.96979959640724,79.99999999999999,95.71011066352841,94.96979959640724,79.99999999999999,28.060130816741147,47.874056618932805,104.76052277797656,32.05650893001654,42.33338830931506,64.06458433653108,-199.91028920098557,-235.3082297351978,-309.7828802229129,-8039.770516837051,-8039.770516837051,-8039.770516837051,-8039.770516837051,-8039.770516837051,-8039.770516837051,69.30059661,69.30059661,69.30059661,0.0,0.0,0.0,83.29037731,83.29037731,83.29037731,0.0,0.0,0.0
-28.97055844380755,-23.01610087410038,-1.5747235569003701,-28.97055844380755,-23.01610087410038,-1.5747235569003701,73.46474602,73.46474602,73.46474602,7030.843678201521,6954.3996505027,7950.364032113605,7924.705419415169,7848.261391716347,8844.225773327253,95.71011066352841,90.2755188945472,79.99999999999999,95.71011066352841,90.2755188945472,79.99999999999987,28.060130816741147,47.874056618932805,174.9284200028102,32.05650893001654,42.33338830931506,65.46794228102776,-199.91028920098557,-235.3082297351978,-313.7446536965098,-10140.847628610023,-10140.847628610023,-10140.847628610023,-10140.847628610023,-10140.847628610023,-10140.847628610023,69.30059661,69.30059661,69.30059661,0.0,0.0,0.0,83.29037731,83.29037731,83.29037731,0.0,0.0,0.0
-28.97055844380755,-23.01610087410038,-13.694786921493657,-28.97055844380755,-23.01610087410038,-13.694786921493657,73.46474602,73.46474602,73.46474602,5771.68988619867,6954.3996505027,7799.676379192369,6665.551627412317,7848.261391716347,8693.538120406016,95.71011066352841,90.2755188945472,79.99999999999999,95.71011066352841,90.2755188945472,79.99999999999996,28.060130816741147,47.874056618932805,55.21040882768718,32.05650893001654,42.33338830931506,63.073582057525336,-199.91028920098557,-235.3082297351978,-306.98521441239365,-8039.770516837051,-8039.770516837051,-8039.770516837051,-8039.770516837051,-8039.770516837051,-8039.770516837051,69.30059661,69.30059661,69.30059661,0.0,0.0,0.0,83.29037731,83.29037731,83.29037731,0.0,0.0,0.0
-34.18438369017071,-25.315709957796994,-13.694786921493657,-34.18438369017071,-25.315709957796994,-13.694786921493657,73.46474602,73.46474602,73.46474602,6928.559037682628,7363.426625593932,7799.676379192369,7822.420778896275,8257.28836680758,8693.538120406016,79.99999999999999,86.70530192411326,79.99999999999999,79.99999999999991,86.70530192411326,79.99999999999996,28.060130816741147,36.86306005354914,55.21040882768718,32.05650893001654,42.113168378007394,63.073582057525336,-202.64595121038056,-235.3082297351978,-306.98521441239365,-8789.896595962446,-8789.896595962446,-8789.896595962446,-8789.896595962446,-8789.896595962446,-8789.896595962446,69.30059661,69.30059661,69.30059661,0.0,0.0,0.0,83.29037731,83.29037731,83.29037731,0.0,0.0,0.0
-34.18438369017072,-28.26524869675297,-14.779437451118113,-34.18438369017072,-28.26524869675297,-14.779437451118113,73.46474602,73.46474602,73.46474602,5821.001985180935,6917.094471892338,7694.931993363369,6714.863726394583,7810.956213105986,8588.793734577017,79.99999999999999,79.99999999999997,79.99999999999999,79.99999999999996,79.99999999999999,80.00000000000006,28.060130816741147,35.90343600570837,53.77316417341254,32.05650893001654,41.01687281687933,61.431642239237476,-202.64595121038053,-232.78798821476886,-301.46184377848726,-8789.896595962451,-8789.896595962451,-8789.896595962451,-8789.896595962451,-8789.896595962451,-8789.896595962451,69.30059661,69.30059661,69.30059661,0.0,0.0,0.0,83.29037731,83.29037731,83.29037731,0.0,0.0,0.0
-34.73564633063947,-28.26524869675301,-14.779437451118113,-34.73564633063947,-28.26524869675301,-14.779437451118113,73.46474602,73.46474602,73.46474602,7018.303458314421,6917.094471892338,7694.931993363369,7912.165199528068,7810.956213105986,8588.793734577017,79.99999999999999,79.99999999999986,80.00000000000006,79.99999999999991,79.99999999999999,79.99999999999999,27.329665785401183,35.90343600570837,53.77316417341254,31.222009655827705,41.01687281687933,61.431642239237476,-199.83875405629914,-232.7879882147688,-301.46184377848726,-9077.585834217869,-9077.585834217869,-9077.585834217869,-9077.585834217869,-9077.585834217869,-9077.585834217869,69.30059661,69.30059661,69.30059661,0.0,0.0,0.0,83.29037731,83.29037731,83.29037731,0.0,0.0,0.0
-34.7356463306395,-28.26524869675297,-14.779437451118113,-34.7356463306395,-28.26524869675297,-14.779437451118113,73.46474602,73.46474602,73.46474602,5767.766712501576,6917.094471892338,7694.931993363369,6661.628453715223,7810.956213105986,8588.793734577017,79.99999999999999,79.99999999999997,80.00000000000006,79.99999999999986,79.99999999999999,79.99999999999999,27.329665785401183,35.90343600570837,53.77316417341254,31.222009655827705,41.01687281687933,61.431642239237476,-199.83875405629914,-232.7879882147688,-301.46184377848726,-9077.585834217864,-9077.585834217864,-9077.585834217864,-9077.585834217864,-9077.585834217864,-9077.585834217864,69.30059661,69.30059661,69.30059661,0.0,0.0,0.0,83.29037731,83.29037731,83.29037731,0.0,0.0,0.0
-34.73564633063947,-28.26524869675297,-14.779437451118113,-34.73564633063947,-28.26524869675297,-14.779437451118113,73.46474602,73.46474602,73.46474602,5767.766712501576,6917.094471892338,7694.931993363369,6661.628453715223,7810.956213105986,8588.793734577017,79.99999999999999,79.99999999999997,79.99999999999999,79.99999999999991,79.99999999999999,80.00000000000006,27.329665785401186,35.90343600570837,53.77316417341254,31.222009655827705,41.01687281687933,61.43164223923747,-199.83875405629914,-232.7879882147688,-301.46184377848726,-9077.585834217869,-9077.585834217869,-9077.585834217869,-9077.585834217869,-9077.585834217869,-9077.585834217869,69.30059661,69.30059661,69.30059661,0.0,0.0,0.0,83.29037731,83.29037731,83.29037731,0.0,0.0,0.0
-34.73564633063947,-28.26524869675297,-14.779437451118113,-34.73564633063947,-28.26524869675297,-14.779437451118113,73.46474602,73.46474602,73.46474602,5767.766712501576,6917.094471892338,7694.931993363369,6661.628453715223,7810.956213105986,8588.793734577017,79.99999999999999,79.99999999999997,79.99999999999999,79.99999999999991,79.99999999999999,80.00000000000006,27.329665785401183,35.90343600570837,53.77316417341254,31.222009655827705,41.01687281687933,61.431642239237476,-199.83875405629914,-232.7879882147688,-301.46184377848726,-9077.585834217869,-9077.585834217869,-9077.585834217869,-9077.585834217869,-9077.585834217869,-9077.585834217869,69.30059661,69.30059661,69.30059661,0.0,0.0,0.0,83.29037731,83.29037731,83.29037731,0.0,0.0,0.0
-37.23617637618773,-28.26524869675297,-14.779437451118113,-37.23617637618773,-28.26524869675297,-14.779437451118113,73.46474602,73.46474602,73.46474602,5762.553129267163,6917.094471892338,7694.931993363369,6656.41487048081,7810.956213105986,8588.793734577017,79.99999999999999,79.99999999999997,80.00000000000006,79.99999999999996,79.99999999999999,79.99999999999999,-0.0,35.90343600570837,53.77316417341254,31.13281627887095,41.01687281687933,61.43164223923747,-199.83875405629914,-232.7879882147688,-301.46184377848726,-6126.662157465578,-6126.662157465578,-6126.662157465578,-6126.662157465578,-6126.662157465578,-6126.662157465578,69.30059661,69.30059661,69.30059661,0.0,0.0,0.0,83.29037731,83.29037731,83.29037731,0.0,0.0,0.0
-37.23617637618773,-28.26524869675297,-14.779437451118113,-37.23617637618773,-28.26524869675297,-14.779437451118113,73.46474602,73.46474602,73.46474602,7007.659025220584,6917.094471892338,7694.931993363369,7901.5207664342315,7810.956213105986,8588.793734577017,79.99999999999999,79.99999999999997,80.00000000000006,79.99999999999996,79.99999999999999,79.99999999999999,-0.0,35.90343600570837,53.77316417341254,31.13281627887095,41.01687281687933,61.43164223923747,-199.83875405629914,-232.7879882147688,-301.46184377848726,-6126.662157465578,-6126.662157465578,-6126.662157465578,-6126.662157465578,-6126.662157465578,-6126.662157465578,69.30059661,69.30059661,69.30059661,0.0,0.0,0.0,83.29037731,83.29037731,83.29037731,0.0,0.0,0.0
-37.23617637618773,-28.26524869675298,-14.779437451118113,-37.23617637618773,-28.26524869675298,-14.779437451118113,73.46474602,73.46474602,73.46474602,5762.553129267163,6917.094471892338,7694.931993363369,6656.41487048081,7810.956213105986,8588.793734577017,79.99999999999999,79.99999999999994,80.00000000000006,79.99999999999996,79.99999999999999,79.99999999999999,-0.0,35.90343600570837,53.77316417341254,31.13281627887095,41.01687281687933,61.431642239237476,-199.83875405629914,-232.7879882147688,-301.46184377848726,-6126.662157465578,-6126.662157465578,-6126.662157465578,-6126.662157465578,-6126.662157465578,-6126.662157465578,69.30059661,69.30059661,69.30059661,0.0,0.0,0.0,83.29037731,83.29037731,83.29037731,0.0,0.0,0.0
-37.23617637618774,-28.26524869675298,-14.779437451118167,-37.23617637618774,-28.26524869675298,-14.779437451118167,73.46474602,73.46474602,73.46474602,5762.553129267163,6917.094471892338,7694.9319933633715,6656.41487048081,7810.956213105986,8588.793734577019,79.99999999999999,79.99999999999994,79.99999999999999,79.99999999999991,79.99999999999999,79.99999999999986,-0.0,35.90343600570837,53.77316417341254,31.13281627887095,41.01687281687933,61.43164223923747,-199.83875405629914,-232.7879882147688,-301.4618437784874,-6126.662157465583,-6126.662157465583,-6126.662157465583,-6126.662157465583,-6126.662157465583,-6126.662157465583,69.30059661,69.30059661,69.30059661,0.0,0.0,0.0,83.29037731,83.29037731,83.29037731,0.0,0.0,0.0
-37.23617637618773,-28.26524869675298,-14.779437451118113,-37.23617637618773,-28.26524869675298,-14.779437451118113,73.46474602,73.46474602,73.46474602,5762.553129267163,6917.094471892338,7694.931993363369,6656.41487048081,7810.956213105986,8588.793734577017,79.99999999999999,79.99999999999994,79.99999999999999,79.99999999999996,79.99999999999999,80.00000000000006,-0.0,35.90343600570837,53.77316417341253,31.13281627887095,41.01687281687933,61.43164223923747,-199.83875405629914,-232.7879882147688,-301.46184377848726,-6126.662157465578,-6126.662157465578,-6126.662157465578,-6126.662157465578,-6126.662157465578,-6126.662157465578,69.30059661,69.30059661,69.30059661,0.0,0.0,0.0,83.29037731,83.29037731,83.29037731,0.0,0.0,0.0
-37.23617637618773,-28.26524869675298,-13.694786921493657,-37.23617637618773,-28.26524869675298,-13.694786921493657,73.46474602,73.46474602,73.46474602,5762.553129267163,7009.959631343602,7799.676379192369,6656.41487048081,7903.8213725572505,8693.538120406016,79.99999999999999,79.99999999999994,79.99999999999999,79.99999999999996,79.99999999999999,79.99999999999996,-0.0,35.90343600570837,55.21040882768718,31.13281627887095,41.01687281687933,63.073582057525336,-199.83875405629914,-232.7879882147688,-306.98521441239365,-6126.662157465578,-6126.662157465578,-6126.662157465578,-6126.662157465578,-6126.662157465578,-6126.662157465578,69.30059661,69.30059661,69.30059661,0.0,0.0,0.0,83.29037731,83.29037731,83.29037731,0.0,0.0,0.0
-34.73564633063947,-28.26524869675298,-13.694786921493657,-34.73564633063947,-28.26524869675298,-13.694786921493657,73.46474602,73.46474602,73.46474602,5767.766712501576,6917.094471892338,7799.676379192369,6661.628453715223,7810.956213105986,8693.538120406016,79.99999999999991,79.99999999999994,79.99999999999999,79.99999999999999,79.99999999999999,79.99999999999996,27.329665785401183,35.90343600570837,55.21040882768718,31.222009655827705,41.01687281687933,63.073582057525336,-199.83875405629914,-232.7879882147688,-306.98521441239365,-9077.585834217869,-9077.585834217869,-9077.585834217869,-9077.585834217869,-9077.585834217869,-9077.585834217869,69.30059661,69.30059661,69.30059661,0.0,0.0,0.0,83.29037731,83.29037731,83.29037731,0.0,0.0,0.0
-34.73564633063947,-25.315709957796923,-13.694786921493657,-34.73564633063947,-25.315709957796923,-13.694786921493657,73.46474602,73.46474602,73.46474602,5767.766712501576,6915.691788614646,7799.676379192369,6661.628453715223,7809.553529828293,8693.538120406016,79.99999999999999,86.70530192411346,79.99999999999996,79.99999999999991,86.70530192411346,79.99999999999999,27.329665785401183,36.86306005354914,55.21040882768718,31.222009655827698,42.1131683780074,63.073582057525336,-199.83875405629914,-235.3082297351978,-306.98521441239365,-9077.585834217869,-9077.585834217869,-9077.585834217869,-9077.585834217869,-9077.585834217869,-9077.585834217869,69.30059661,69.30059661,69.30059661,0.0,0.0,0.0,83.29037731,83.29037731,83.29037731,0.0,0.0,0.0
-26.987749453192137,-25.315709957796923,-13.694786921493657,-26.987749453192137,-25.315709957796923,-13.694786921493657,73.46474602,73.46474602,73.46474602,5936.152312166472,6441.50007480467,7799.676379192369,6830.01405338012,7335.361816018317,8693.538120406016,96.47789365731646,86.70530192411346,79.99999999999999,96.47789365731646,86.70530192411346,79.99999999999996,30.34986182139308,36.86306005354914,55.21040882768718,34.67234785383825,42.113168378007394,63.073582057525336,-208.5760912589059,-235.3082297351978,-306.98521441239365,-7101.313709463926,-7101.313709463926,-7101.313709463926,-7101.313709463926,-7101.313709463926,-7101.313709463926,69.30059661,69.30059661,69.30059661,0.0,0.0,0.0,83.29037731,83.29037731,83.29037731,0.0,0.0,0.0
-26.98774945319214,-25.315709957796923,-13.694786921493657,-26.98774945319214,-25.315709957796923,-13.694786921493657,73.46474602,73.46474602,73.46474602,5936.152312166472,6915.691788614646,7799.676379192369,6830.01405338012,7809.553529828293,8693.538120406016,96.47789365731646,86.70530192411346,79.99999999999996,96.47789365731646,86.70530192411346,79.99999999999999,30.34986182139308,36.86306005354914,55.21040882768718,34.67234785383825,42.113168378007394,63.073582057525336,-208.5760912589059,-235.3082297351978,-306.98521441239365,-7101.313709463926,-7101.313709463926,-7101.313709463926,-7101.313709463926,-7101.313709463926,-7101.313709463926,69.30059661,69.30059661,69.30059661,0.0,0.0,0.0,83.29037731,83.29037731,83.29037731,0.0,0.0,0.0
-27.901581531479607,-25.315709957796923,-13.694786921493657,-27.901581531479607,-25.315709957796923,-13.694786921493657,73.46474602,73.46474602,73.46474602,5944.795290357794,6915.691788614646,7799.676379192369,6838.657031571442,7809.553529828293,8693.538120406016,93.72436771438376,86.70530192411346,79.99999999999999,93.72436771438376,86.70530192411346,79.99999999999996,30.34986182139308,36.86306005354914,55.21040882768718,34.67234785383825,42.113168378007394,63.073582057525336,-209.05557332464667,-235.3082297351978,-306.98521441239365,-7232.789016263469,-7232.789016263469,-7232.789016263469,-7232.789016263469,-7232.789016263469,-7232.789016263469,69.30059661,69.30059661,69.30059661,0.0,0.0,0.0,83.29037731,83.29037731,83.29037731,0.0,0.0,0.0
-27.44466549233589,-25.315709957796923,-13.694786921493657,-27.44466549233589,-25.315709957796923,-13.694786921493657,73.46474602,73.46474602,73.46474602,6925.212135947652,6915.691788614646,7799.676379192369,7819.0738771613,7809.553529828293,8693.538120406016,95.10113068585005,86.70530192411346,79.99999999999996,94.81345945297335,86.70530192411346,79.99999999999999,30.34986182139308,36.86306005354914,55.21040882768718,34.67234785383825,42.113168378007394,63.073582057525336,-208.8158322917763,-235.3082297351978,-306.98521441239365,-7187.328221557327,-7187.328221557327,-7187.328221557327,-7187.328221557327,-7187.328221557327,-7187.328221557327,69.30059661,69.30059661,69.30059661,0.0,0.0,0.0,83.29037731,83.29037731,83.29037731,0.0,0.0,0.0
-27.444665492335897,-25.315709957797026,-13.694786921493657,-27.444665492335897,-25.315709957797026,-13.694786921493657,73.46474602,73.46474602,73.46474602,7247.381384835,7363.426625593932,7799.676379192369,8141.243126048647,8257.28836680758,8693.538120406016,95.10113068585004,86.70530192411316,79.99999999999996,95.10113068585004,86.70530192411316,79.99999999999999,30.34986182139308,36.86306005354914,55.21040882768718,34.67234785383825,42.113168378007394,63.073582057525336,-208.81583229177627,-235.3082297351978,-306.98521441239365,-7167.051362863707,-7167.051362863707,-7167.051362863707,-7167.051362863707,-7167.051362863707,-7167.051362863707,69.30059661,69.30059661,69.30059661,0.0,0.0,0.0,83.29037731,83.29037731,83.29037731,0.0,0.0,0.0
-26.987749453192137,-25.31570995779691,-13.694786921493657,-26.987749453192137,-25.31570995779691,-13.694786921493657,73.46474602,73.46474602,73.46474602,5936.152312166472,6915.691788614646,7799.676379192369,6830.01405338012,7809.553529828293,8693.538120406016,96.47789365731646,86.70530192411348,79.99999999999996,96.47789365731646,86.70530192411348,79.99999999999999,30.34986182139308,36.86306005354914,55.21040882768718,34.67234785383825,42.113168378007394,63.073582057525336,-208.5760912589059,-235.3082297351978,-306.98521441239365,-7101.313709463926,-7101.313709463926,-7101.313709463926,-7101.313709463926,-7101.313709463926,-7101.313709463926,69.30059661,69.30059661,69.30059661,0.0,0.0,0.0,83.29037731,83.29037731,83.29037731,0.0,0.0,0.0
-27.673123511907683,-25.315709957796923,-13.694786921493657,-27.673123511907683,-25.315709957796923,-13.694786921493657,73.46474602,73.46474602,73.46474602,6925.212135947652,6915.691788614646,7799.676379192369,7819.0738771613,7809.553529828293,8693.538120406016,94.41274920011709,86.70530192411346,79.99999999999996,94.41274920011709,86.70530192411346,79.99999999999999,30.34986182139308,36.86306005354914,55.21040882768718,34.67234785383825,42.113168378007394,63.073582057525336,-208.93570280821146,-235.3082297351978,-306.98521441239365,-7199.920189563574,-7199.920189563574,-7199.920189563574,-7199.920189563574,-7199.920189563574,-7199.920189563574,69.30059661,69.30059661,69.30059661,0.0,0.0,0.0,83.29037731,83.29037731,83.29037731,0.0,0.0,0.0
-27.44466549233589,-25.315709957796958,-13.694786921493657,-27.44466549233589,-25.315709957796958,-13.694786921493657,73.46474602,73.46474602,73.46474602,6925.212135947652,6441.50007480467,7799.676379192369,7819.0738771613,7335.361816018317,8693.538120406016,95.10113068585005,86.70530192411334,79.99999999999999,95.10113068585005,86.70530192411334,79.99999999999996,30.34986182139308,36.86306005354914,55.21040882768718,34.67234785383825,42.113168378007394,63.073582057525336,-208.8158322917763,-235.3082297351978,-306.98521441239365,-7167.051362863698,-7167.051362863698,-7167.051362863698,-7167.051362863698,-7167.051362863698,-7167.051362863698,69.30059661,69.30059661,69.30059661,0.0,0.0,0.0,83.29037731,83.29037731,83.29037731,0.0,0.0,0.0
-32.45638425771034,-25.31570995779691,-13.694786921493657,-32.45638425771034,-25.31570995779691,-13.694786921493657,73.46474602,73.46474602,73.46474602,5987.8743872334035,6915.691788614646,7799.676379192369,6881.736128447051,7809.553529828293,8693.538120406016,79.99999999999999,86.70530192411348,79.99999999999999,79.99999999999996,86.70530192411348,79.99999999999996,30.34986182139308,36.86306005354914,55.21040882768718,34.67234785383825,42.113168378007394,63.073582057525336,-211.44545027480515,-235.3082297351978,-306.98521441239365,-7888.099877056209,-7888.099877056209,-7888.099877056209,-7888.099877056209,-7888.099877056209,-7888.099877056209,69.30059661,69.30059661,69.30059661,0.0,0.0,0.0,83.29037731,83.29037731,83.29037731,0.0,0.0,0.0
-32.45638425771034,-25.315709957796923,-13.694786921493657,-32.45638425771034,-25.315709957796923,-13.694786921493657,73.46474602,73.46474602,73.46474602,5987.8743872334035,6915.691788614646,7799.676379192369,6881.736128447051,7809.553529828293,8693.538120406016,79.99999999999999,86.70530192411346,79.99999999999999,79.99999999999996,86.70530192411346,79.99999999999996,30.34986182139308,36.86306005354914,55.21040882768718,34.67234785383825,42.113168378007394,63.073582057525336,-211.44545027480515,-235.3082297351978,-306.98521441239365,-7888.099877056209,-7888.099877056209,-7888.099877056209,-7888.099877056209,-7888.099877056209,-7888.099877056209,69.30059661,69.30059661,69.30059661,0.0,0.0,0.0,83.29037731,83.29037731,83.29037731,0.0,0.0,0.0
-32.45638425771035,-25.315709957796923,-13.694786921493657,-32.45638425771035,-25.315709957796923,-13.694786921493657,73.46474602,73.46474602,73.46474602,5987.874387233403,7363.426625593932,7799.676379192369,6881.73612844705,8257.28836680758,8693.538120406016,79.99999999999999,86.70530192411346,79.99999999999999,79.99999999999991,86.70530192411346,79.99999999999996,30.34986182139308,36.86306005354914,55.21040882768718,34.67234785383825,42.113168378007394,63.073582057525336,-211.44545027480513,-235.3082297351978,-306.98521441239365,-7888.099877056214,-7888.099877056214,-7888.099877056214,-7888.099877056214,-7888.099877056214,-7888.099877056214,69.30059661,69.30059661,69.30059661,0.0,0.0,0.0,83.29037731,83.29037731,83.29037731,0.0,0.0,0.0
-27.44466549233589,-28.26524869675298,-13.694786921493657,-27.44466549233589,-28.26524869675298,-13.694786921493657,73.46474602,73.46474602,73.46474602,5940.473801262134,7362.165662362617,7799.676379192369,6834.335542475781,8256.027403576263,8693.538120406016,95.10113068585005,79.99999999999994,79.99999999999999,95.10113068585005,79.99999999999999,79.99999999999996,30.34986182139308,35.90343600570837,55.21040882768718,34.67234785383825,41.01687281687933,63.073582057525336,-208.8158322917763,-232.7879882147688,-306.98521441239365,-7167.051362863698,-7167.051362863698,-7167.051362863698,-7167.051362863698,-7167.051362863698,-7167.051362863698,69.30059661,69.30059661,69.30059661,0.0,0.0,0.0,83.29037731,83.29037731,83.29037731,0.0,0.0,0.0
-26.98774945319214,-28.26524869675298,-19.85997355150005,-26.98774945319214,-28.26524869675298,-19.85997355150005,73.46474602,73.46474602,73.46474602,6925.212135947652,7362.165662362617,7365.759018424455,7819.0738771613,8256.027403576263,8259.620759638103,96.47789365731646,79.99999999999994,92.81530452656422,96.47789365731646,79.99999999999999,92.81530452656422,30.34986182139308,35.90343600570837,41.405377362776996,34.67234785383825,41.01687281687933,47.302411305533504,-208.5760912589059,-232.7879882147688,-251.70052150325708,-7101.313709463926,-7101.313709463926,-7101.313709463926,-7101.313709463926,-7101.313709463926,-7101.313709463926,69.30059661,69.30059661,69.30059661,0.0,0.0,0.0,83.29037731,83.29037731,83.29037731,0.0,0.0,0.0
-32.45638425771034,-28.599080581600106,-17.414146454932272,-32.45638425771034,-28.599080581600106,-17.414146454932272,73.46474602,73.46474602,73.46474602,5987.8743872334035,7362.022945222925,6909.052279584032,6881.736128447051,8255.884686436573,7802.914020797679,79.99999999999999,79.99999999999994,100.18498274463236,79.99999999999996,79.99999999999999,100.18498274463236,30.34986182139307,31.918500351381773,41.405377362776996,34.67234785383824,41.056722173422585,47.302411305533504,-211.44545027480515,-232.9662968848611,-250.4172110826985,-7888.099877056205,-7888.099877056205,-7888.099877056205,-7888.099877056205,-7888.099877056205,-7888.099877056205,69.30059661,69.30059661,69.30059661,0.0,0.0,0.0,83.29037731,83.29037731,83.29037731,0.0,0.0,0.0
-27.780383006964048,-32.4858215664605,-19.859973551499984,-27.780383006964048,-32.4858215664605,-19.859973551499984,73.46474602,73.46474602,73.46474602,5880.430417342861,7324.902016513168,6909.052279584031,6774.292158556508,8218.763757726816,7802.914020797678,95.88614619709877,79.99999999999999,91.87275615227645,95.88614619709877,79.99999999999999,92.81530452656443,29.55979021013385,28.107070773081997,41.405377362776996,33.769752715309046,34.96694772834862,47.302411305533504,-205.6428676448283,-212.4639959696655,-251.70052150325702,-7512.933485199599,-7512.933485199599,-7512.933485199599,-7512.933485199599,-7512.933485199599,-7512.933485199599,69.30059661,69.30059661,69.30059661,0.0,0.0,0.0,83.29037731,83.29037731,83.29037731,0.0,0.0,0.0
-27.671917633145195,-29.857134777394595,-17.41414645493228,-27.671917633145195,-29.857134777394595,-17.41414645493228,73.46474602,73.46474602,73.46474602,5879.404557250285,6847.766413164918,7366.804638879678,6773.266298463932,7741.628154378566,8260.666380093326,96.21297015941772,79.99999999999999,100.18498274463234,96.21297015941772,79.99999999999997,100.18498274463234,29.55979021013385,16.901166035960124,41.405377362776996,33.769752715309046,41.20689551657681,47.30241130553351,-205.58595653092053,-233.63825777517232,-250.41721108269854,-7425.128201381144,-7425.128201381144,-7425.128201381144,-7425.128201381144,-7425.128201381144,-7425.128201381144,69.30059661,69.30059661,69.30059661,0.0,0.0,0.0,83.29037731,83.29037731,83.29037731,0.0,0.0,0.0
-27.6719176331452,-32.90441074171612,-17.414146454932272,-27.6719176331452,-32.90441074171612,-17.414146454932272,73.46474602,73.46474602,73.46474602,6926.366984286215,6040.897759195944,7366.804638879678,7820.228725499862,6934.759500409591,8260.666380093326,96.21297015941771,79.99999999999999,100.18498274463236,96.21297015941771,79.99999999999996,100.18498274463236,29.55979021013385,19.968296356285588,41.405377362776996,33.769752715309046,35.50048228550331,47.302411305533504,-205.58595653092053,-214.35351876166766,-250.4172110826985,-7425.128201381149,-7425.128201381149,-7425.128201381149,-7425.128201381149,-7425.128201381149,-7425.128201381149,69.30059661,69.30059661,69.30059661,0.0,0.0,0.0,83.29037731,83.29037731,83.29037731,0.0,0.0,0.0
-37.23617637618773,-34.806510242123196,-16.57350278366679,-37.23617637618773,-34.806510242123196,-16.57350278366679,73.46474602,73.46474602,73.46474602,5762.553129267163,7349.237866350071,6757.9885152018,6656.41487048081,8243.09960756372,7651.850256415447,79.99999999999999,79.99999999999999,113.16965803056583,79.99999999999996,79.9999999999999,113.16965803056583,-0.0,-0.0,-0.0,31.13281627887095,35.306314859389936,47.71646507916129,-199.83875405629914,-213.91833298196823,-250.00885153707418,-6126.662157465578,-6126.662157465578,-6126.662157465578,-6126.662157465578,-6126.662157465578,-6126.662157465578,69.30059661,69.30059661,69.30059661,0.0,0.0,0.0,83.29037731,83.29037731,83.29037731,0.0,0.0,0.0
-37.23617637618773,-31.27300409206544,-24.38950245955028,-37.23617637618773,-31.27300409206544,-24.38950245955028,73.46474602,73.46474602,73.46474602,5762.553129267163,6786.104041597292,6759.945513222283,6656.41487048081,7679.965782810939,7653.80725443593,79.99999999999999,79.99999999999999,90.39294684429285,79.99999999999996,79.99999999999996,90.39294684429285,-0.0,-0.0,-0.0,24.982176712716065,41.37590717693641,47.27512675638286,-199.83875405629914,-234.3945120036713,-252.48616328582352,-6126.662157465578,-6126.662157465578,-6126.662157465578,-6126.662157465578,-6126.662157465578,-6126.662157465578,69.30059661,69.30059661,69.30059661,0.0,0.0,0.0,83.29037731,83.29037731,83.29037731,0.0,0.0,0.0
-37.23617637618773,-36.13177800918948,-16.57350278366679,-37.23617637618773,-36.13177800918948,-16.57350278366679,73.46474602,73.46474602,73.46474602,7007.659025220584,6823.112339163949,6757.988515201795,7901.5207664342315,7716.974080377597,7651.850256415442,79.99999999999996,79.99999999999999,113.16965803056587,79.99999999999999,79.99999999999994,113.16965803056587,-0.0,-0.0,-0.0,31.13281627887095,33.029869109452264,47.71646507916129,-199.83875405629914,-206.23858971911903,-250.00885153707412,-6126.662157465578,-6126.662157465578,-6126.662157465578,-6126.662157465578,-6126.662157465578,-6126.662157465578,69.30059661,69.30059661,69.30059661,0.0,0.0,0.0,83.29037731,83.29037731,83.29037731,0.0,0.0,0.0
-37.23617637618773,-28.26524869675297,-17.445068830412193,-37.23617637618773,-28.26524869675297,-17.445068830412193,73.46474602,73.46474602,73.46474602,7007.659025220584,7362.165662362617,7366.79141919282,7901.5207664342315,8256.027403576263,8260.653160406468,79.99999999999996,79.99999999999997,100.09180855527734,79.99999999999999,79.99999999999999,100.09180855527734,-0.0,35.90343600570837,41.405377362777,31.13281627887095,41.01687281687933,47.30241130553351,-199.83875405629914,-232.7879882147688,-250.43343586274824,-6126.662157465578,-6126.662157465578,-6126.662157465578,-6126.662157465578,-6126.662157465578,-6126.662157465578,69.30059661,69.30059661,69.30059661,0.0,0.0,0.0,83.29037731,83.29037731,83.29037731,0.0,0.0,0.0
-27.6719176331452,-28.26524869675298,-19.8599735515001,-27.6719176331452,-28.26524869675298,-19.8599735515001,73.46474602,73.46474602,73.46474602,5879.404557250285,7362.165662362617,6909.052279584032,6773.266298463932,8256.027403576263,7802.914020797679,96.21297015941771,79.99999999999999,92.81530452656406,96.21297015941771,79.99999999999994,92.81530452656406,29.55979021013385,35.90343600570837,41.405377362777,33.769752715309046,41.01687281687933,47.30241130553352,-205.58595653092053,-232.7879882147688,-251.70052150325702,-7425.128201381149,-7425.128201381149,-7425.128201381149,-7425.128201381149,-7425.128201381149,-7425.128201381149,69.30059661,69.30059661,69.30059661,0.0,0.0,0.0,83.29037731,83.29037731,83.29037731,0.0,0.0,0.0
-27.6719176331452,-28.26524869675298,-17.669603989831113,-27.6719176331452,-28.26524869675298,-17.669603989831113,73.46474602,73.46474602,73.46474602,6926.366984286215,7362.165662362617,6909.052279584032,7820.228725499862,8256.027403576263,7802.914020797679,96.21297015941771,79.99999999999994,99.41524729063102,96.21297015941771,79.99999999999999,99.41524729063102,29.55979021013385,35.90343600570837,41.40537736277702,33.769752715309046,41.01687281687933,47.30241130553352,-205.58595653092053,-232.7879882147688,-250.55124807861114,-7425.128201381149,-7425.128201381149,-7425.128201381149,-7425.128201381149,-7425.128201381149,-7425.128201381149,69.30059661,69.30059661,69.30059661,0.0,0.0,0.0,83.29037731,83.29037731,83.29037731,0.0,0.0,0.0
-27.671917633145195,-25.315709957796923,-22.048675874534684,-27.671917633145195,-25.315709957796923,-22.048675874534684,73.46474602,73.46474602,73.46474602,6926.366984286215,7363.426625593932,7364.823321897676,7820.228725499862,8257.28836680758,8258.685063111323,96.21297015941772,86.70530192411346,83.7038458716037,96.21297015941772,86.70530192411346,83.7038458716037,29.55979021013385,36.86306005354914,42.51205684105661,33.769752715309046,42.113168378007394,48.56670621598242,-205.58595653092053,-235.3082297351978,-257.5401344464826,-7425.128201381144,-7425.128201381144,-7425.128201381144,-7425.128201381144,-7425.128201381144,-7425.128201381144,69.30059661,69.30059661,69.30059661,0.0,0.0,0.0,83.29037731,83.29037731,83.29037731,0.0,0.0,0.0
-27.44466549233589,-24.55647744756068,-17.38348425161827,-27.44466549233589,-24.55647744756068,-17.38348425161827,73.46474602,73.46474602,73.46474602,6925.212135947652,7363.751206609527,7366.817747339811,7819.0738771613,8257.612947823174,8260.679488553458,95.10113068585005,87.88403478430594,97.76083343820959,95.10113068585005,87.88403478430594,97.76083343820959,30.34986182139308,40.49841991614862,42.51205684105661,34.67234785383825,42.185875575259374,48.56670621598242,-208.8158322917763,-235.3082297351978,-255.09233712180966,-7167.051362863698,-7167.051362863698,-7167.051362863698,-7167.051362863698,-7167.051362863698,-7167.051362863698,69.30059661,69.30059661,69.30059661,0.0,0.0,0.0,83.29037731,83.29037731,83.29037731,0.0,0.0,0.0
-26.98774945319214,-24.55647744756068,-20.92443421501871,-26.98774945319214,-24.55647744756068,-20.92443421501871,73.46474602,73.46474602,73.46474602,7242.487072276742,6928.471468150398,7365.303948707909,8136.348813490389,7822.333209364046,8259.165689921556,96.47789365731646,87.88403478430594,87.09137039515092,96.47789365731646,87.88403478430594,87.09137039515092,30.34986182139308,40.498419916148634,42.51205684105662,34.67234785383825,42.185875575259374,48.56670621598243,-208.5760912589059,-235.3082297351978,-256.9502517687956,-7101.313709463926,-7101.313709463926,-7101.313709463926,-7101.313709463926,-7101.313709463926,-7101.313709463926,69.30059661,69.30059661,69.30059661,0.0,0.0,0.0,83.29037731,83.29037731,83.29037731,0.0,0.0,0.0
-27.44466549233589,-24.55647744756068,-23.27789733118792,-27.44466549233589,-24.55647744756068,-23.27789733118792,73.46474602,73.46474602,73.46474602,6925.212135947652,6928.471468150398,6907.434645260004,7819.0738771613,7822.333209364046,7801.296386473651,95.10113068585005,87.88403478430594,79.9999999999999,95.10113068585005,87.88403478430594,79.99999999999999,30.34986182139308,40.49841991614862,42.51205684105661,34.67234785383825,42.185875575259374,48.56670621598242,-208.8158322917763,-235.3082297351978,-258.18509937745046,-7167.051362863698,-7167.051362863698,-7167.051362863698,-7167.051362863698,-7167.051362863698,-7167.051362863698,69.30059661,69.30059661,69.30059661,0.0,0.0,0.0,83.29037731,83.29037731,83.29037731,0.0,0.0,0.0
-26.98774945319214,-24.55647744756068,-19.76793252684054,-26.98774945319214,-24.55647744756068,-19.76793252684054,73.46474602,73.46474602,73.46474602,6925.212135947652,7363.751206609527,7365.798367067799,7819.0738771613,8257.612947823174,8259.660108281447,96.47789365731646,87.88403478430594,90.57609967649955,96.47789365731646,87.88403478430594,90.57609967649955,30.34986182139308,40.498419916148634,42.51205684105662,34.67234785383825,42.185875575259374,48.56670621598243,-208.5760912589059,-235.3082297351978,-256.34344245266885,-7101.313709463926,-7101.313709463926,-7101.313709463926,-7101.313709463926,-7101.313709463926,-7101.313709463926,69.30059661,69.30059661,69.30059661,0.0,0.0,0.0,83.29037731,83.29037731,83.29037731,0.0,0.0,0.0
-26.954298548996604,-23.694485152680116,-19.76793252684056,-26.954298548996604,-23.694485152680116,-19.76793252684056,73.46474602,73.46474602,73.46474602,5962.613817201732,7364.119718667079,7365.798367067799,6856.47555841538,8257.981459880726,8259.660108281447,92.89284926628804,89.22230551100652,90.5760996764995,92.89284926628804,89.22230551100652,90.5760996764995,42.43267354145224,44.62581455274462,42.51205684105661,34.91400408823943,42.268423467991305,48.56670621598242,-209.88258056675127,-235.3082297351978,-256.34344245266885,-8488.0526767533,-8488.0526767533,-8488.0526767533,-8488.0526767533,-8488.0526767533,-8488.0526767533,69.30059661,69.30059661,69.30059661,0.0,0.0,0.0,83.29037731,83.29037731,83.29037731,0.0,0.0,0.0
-26.945747833051588,-23.01610087410045,-20.36094845380571,-26.945747833051588,-23.01610087410045,-20.36094845380571,73.46474602,73.46474602,73.46474602,6978.545471400947,7893.696396105533,6907.434645260004,7872.407212614594,8787.55813731918,7801.296386473651,91.97644066762119,90.275518894547,88.78924541928099,91.97644066762119,90.275518894547,88.78924541928099,45.521280361508545,47.8740566189328,42.51205684105662,34.975776224640555,42.33338830931506,48.56670621598243,-210.21654520015218,-235.3082297351978,-256.65459425882045,-8842.530718060294,-8842.530718060294,-8842.530718060294,-8842.530718060294,-8842.530718060294,-8842.530718060294,69.30059661,69.30059661,69.30059661,0.0,0.0,0.0,83.29037731,83.29037731,83.29037731,0.0,0.0,0.0
-26.945747833051584,-23.01610087410045,-19.76793252684054,-26.945747833051584,-23.01610087410045,-19.76793252684054,73.46474602,73.46474602,73.46474602,5969.377903807931,6954.3996505027,7365.798367067799,6863.239645021578,7848.261391716347,8259.660108281447,91.9764406676212,90.275518894547,90.57609967649955,91.9764406676212,90.275518894547,90.57609967649955,45.521280361508545,47.8740566189328,42.51205684105662,34.975776224640555,42.33338830931506,48.56670621598243,-210.2165452001522,-235.3082297351978,-256.34344245266885,-8842.53071806029,-8842.53071806029,-8842.53071806029,-8842.53071806029,-8842.53071806029,-8842.53071806029,69.30059661,69.30059661,69.30059661,0.0,0.0,0.0,83.29037731,83.29037731,83.29037731,0.0,0.0,0.0
-26.945747833051584,-23.01610087410045,-23.27789733118792,-26.945747833051584,-23.01610087410045,-23.27789733118792,73.46474602,73.46474602,73.46474602,6978.545471400947,7364.409736092751,6907.434645260004,7872.407212614594,8258.271477306398,7801.296386473651,91.9764406676212,90.275518894547,79.9999999999999,91.9764406676212,90.275518894547,79.99999999999999,45.521280361508545,47.8740566189328,42.51205684105662,34.975776224640555,42.33338830931506,48.56670621598243,-210.2165452001522,-235.3082297351978,-258.18509937745046,-8842.53071806029,-8842.53071806029,-8842.53071806029,-8842.53071806029,-8842.53071806029,-8842.53071806029,69.30059661,69.30059661,69.30059661,0.0,0.0,0.0,83.29037731,83.29037731,83.29037731,0.0,0.0,0.0
-26.954298548996604,-23.694485152680116,-17.383484251618267,-26.954298548996604,-23.694485152680116,-17.383484251618267,73.46474602,73.46474602,73.46474602,5962.613817201732,7891.725980481755,6907.434645260004,6856.47555841538,8785.587721695403,7801.296386473651,92.89284926628804,89.22230551100652,97.76083343820963,92.89284926628804,89.22230551100652,97.76083343820963,42.43267354145223,44.625814552744615,42.5120568410566,34.91400408823943,42.268423467991305,48.56670621598241,-209.88258056675127,-235.3082297351978,-255.0923371218096,-8488.0526767533,-8488.0526767533,-8488.0526767533,-8488.0526767533,-8488.0526767533,-8488.0526767533,69.30059661,69.30059661,69.30059661,0.0,0.0,0.0,83.29037731,83.29037731,83.29037731,0.0,0.0,0.0
-26.954298548996604,-23.69448515268006,-17.38348425161839,-26.954298548996604,-23.69448515268006,-17.38348425161839,73.46474602,73.46474602,73.46474602,6967.687837806444,7364.119718667079,6907.434645260004,7861.549579020092,8257.981459880726,7801.296386473651,92.89284926628804,89.22230551100668,97.76083343820919,92.89284926628804,89.22230551100668,97.76083343820919,42.43267354145224,44.62581455274462,42.51205684105661,34.91400408823943,42.268423467991305,48.56670621598242,-209.88258056675127,-235.3082297351978,-255.0923371218098,-8488.0526767533,-8488.0526767533,-8488.0526767533,-8488.0526767533,-8488.0526767533,-8488.0526767533,69.30059661,69.30059661,69.30059661,0.0,0.0,0.0,83.29037731,83.29037731,83.29037731,0.0,0.0,0.0
-26.974733327969663,-25.315709957796923,-17.38348425161827,-26.974733327969663,-25.315709957796923,-17.38348425161827,73.46474602,73.46474602,73.46474602,5946.448783110901,7363.426625593932,7366.817747339811,6840.310524324548,8257.28836680758,8260.679488553458,95.08291233038435,86.70530192411346,97.76083343820959,95.08291233038435,86.70530192411346,97.76083343820959,35.05142054365026,36.86306005354914,42.51205684105661,34.76637902828339,42.113168378007394,48.56670621598242,-209.0844610277271,-235.3082297351978,-255.09233712180966,-7640.909528566975,-7640.909528566975,-7640.909528566975,-7640.909528566975,-7640.909528566975,-7640.909528566975,69.30059661,69.30059661,69.30059661,0.0,0.0,0.0,83.29037731,83.29037731,83.29037731,0.0,0.0,0.0
-26.98774945319214,-28.26524869675298,-19.767932526840536,-26.98774945319214,-28.26524869675298,-19.767932526840536,73.46474602,73.46474602,73.46474602,5936.152312166472,6917.094471892338,7365.798367067799,6830.01405338012,7810.956213105986,8259.660108281447,96.47789365731646,79.99999999999994,90.57609967649964,96.47789365731646,79.99999999999999,90.57609967649964,30.34986182139308,35.90343600570837,42.51205684105661,34.67234785383825,41.01687281687933,48.56670621598242,-208.5760912589059,-232.7879882147688,-256.3434424526687,-7101.313709463926,-7101.313709463926,-7101.313709463926,-7101.313709463926,-7101.313709463926,-7101.313709463926,69.30059661,69.30059661,69.30059661,0.0,0.0,0.0,83.29037731,83.29037731,83.29037731,0.0,0.0,0.0
-33.80652118549153,-28.26524869675298,-19.8599735515001,-33.80652118549153,-28.26524869675298,-19.8599735515001,73.46474602,73.46474602,73.46474602,5768.1813653068,7362.165662362617,7365.759018424455,6662.043106520448,8256.027403576263,8259.620759638103,82.53809021788342,79.99999999999994,92.81530452656406,82.53809021788342,79.99999999999999,92.81530452656406,27.44467079690748,35.90343600570837,41.40537736277702,31.35339390355005,41.01687281687933,47.302411305533525,-199.83875405629914,-232.7879882147688,-251.70052150325702,-8911.103119727151,-8911.103119727151,-8911.103119727151,-8911.103119727151,-8911.103119727151,-8911.103119727151,69.30059661,69.30059661,69.30059661,0.0,0.0,0.0,83.29037731,83.29037731,83.29037731,0.0,0.0,0.0
-33.80652118549153,-28.89602362911444,-22.274461117426824,-33.80652118549153,-28.89602362911444,-22.274461117426824,73.46474602,73.46474602,73.46474602,7020.047875819665,7361.895998504183,7364.72679599493,7913.909617033313,8255.75773971783,8258.588537208578,82.53809021788342,79.99999999999996,85.54005745477522,82.53809021788342,79.99999999999999,85.54005745477522,27.444670796907477,28.86315396194578,41.405377362777,31.35339390355005,41.01687281687933,47.30241130553352,-199.83875405629914,-232.86550178502426,-252.96738826502076,-8911.103119727151,-8911.103119727151,-8911.103119727151,-8911.103119727151,-8911.103119727151,-8911.103119727151,69.30059661,69.30059661,69.30059661,0.0,0.0,0.0,83.29037731,83.29037731,83.29037731,0.0,0.0,0.0
-37.23617637618773,-34.806510242123196,-24.113079064979996,-37.23617637618773,-34.806510242123196,-24.113079064979996,73.46474602,73.46474602,73.46474602,5762.553129267163,6813.018042801192,6909.0522795840325,6656.41487048081,7706.879784014839,7802.914020797681,79.99999999999999,79.99999999999999,79.99999999999999,79.99999999999996,79.99999999999987,79.99999999999999,-0.0,-0.0,41.405377362777,31.13281627887095,35.30631485938994,47.30241130553352,-199.83875405629914,-213.9183329819683,-253.93209978319476,-6126.662157465578,-6126.662157465578,-6126.662157465578,-6126.662157465578,-6126.662157465578,-6126.662157465578,69.30059661,69.30059661,69.30059661,0.0,0.0,0.0,83.29037731,83.29037731,83.29037731,0.0,0.0,0.0
-37.23617637618773,-31.482021444956864,-21.725765212683218,-37.23617637618773,-31.482021444956864,-21.725765212683218,73.46474602,73.46474602,73.46474602,5762.553129267163,6787.696084471553,6787.696084471553,6656.41487048081,7681.5578256852,7681.5578256852,79.99999999999996,79.99999999999999,109.39720029505604,79.99999999999999,79.99999999999996,109.39720029505604,-0.0,-0.0,-0.0,31.13281627887095,41.01687281687933,41.01687281687933,-199.83875405629914,-233.18328537643663,-228.06423779286632,-6126.662157465578,-6126.662157465578,-6126.662157465578,-6126.662157465578,-6126.662157465578,-6126.662157465578,69.30059661,69.30059661,69.30059661,0.0,0.0,0.0,83.29037731,83.29037731,83.29037731,0.0,0.0,0.0
-37.23617637618773,-31.27300409206544,-21.230532350817562,-37.23617637618773,-31.27300409206544,-21.230532350817562,73.46474602,73.46474602,73.46474602,5762.553129267163,7360.879810811596,6784.840607920967,6656.41487048081,8254.741552025243,7678.702349134614,79.99999999999996,79.99999999999999,109.75980702682926,79.99999999999999,79.99999999999996,109.75980702682926,-0.0,-0.0,-0.0,31.13281627887095,41.37590717693641,41.660834240640945,-199.83875405629914,-234.3945120036713,-230.17354298001595,-6126.662157465578,-6126.662157465578,-6126.662157465578,-6126.662157465578,-6126.662157465578,-6126.662157465578,69.30059661,69.30059661,69.30059661,0.0,0.0,0.0,83.29037731,83.29037731,83.29037731,0.0,0.0,0.0
-37.23617637618773,-31.27300409206544,-21.449652999935225,-37.23617637618773,-31.27300409206544,-21.449652999935225,73.46474602,73.46474602,73.46474602,6831.5243180078205,7360.879810811596,6786.104041597293,7725.386059221468,8254.741552025243,7679.96578281094,79.99999999999996,79.99999999999999,109.59936811301961,79.99999999999999,79.99999999999996,109.59936811301961,-0.0,-0.0,-0.0,31.13281627887095,41.37590717693641,41.37590717693641,-199.83875405629914,-234.3945120036713,-229.2402601601839,-6126.662157465578,-6126.662157465578,-6126.662157465578,-6126.662157465578,-6126.662157465578,-6126.662157465578,69.30059661,69.30059661,69.30059661,0.0,0.0,0.0,83.29037731,83.29037731,83.29037731,0.0,0.0,0.0
-37.23617637618773,-31.27300409206544,-27.58175117586209,-37.23617637618773,-31.27300409206544,-27.58175117586209,73.46474602,73.46474602,73.46474602,5762.553129267163,6786.104041597292,7362.45786576078,6656.41487048081,7679.965782810939,8256.319606974428,79.99999999999996,79.99999999999999,79.99999999999999,79.99999999999999,79.99999999999996,79.99999999999991,-0.0,-0.0,-0.0,31.13281627887095,41.37590717693641,47.71646507916129,-199.83875405629914,-234.3945120036713,-255.78481169943623,-6126.662157465578,-6126.662157465578,-6126.662157465578,-6126.662157465578,-6126.662157465578,-6126.662157465578,69.30059661,69.30059661,69.30059661,0.0,0.0,0.0,83.29037731,83.29037731,83.29037731,0.0,0.0,0.0
-37.23617637618773,-31.27300409206544,-16.57350278366679,-37.23617637618773,-31.27300409206544,-16.57350278366679,73.46474602,73.46474602,73.46474602,5762.553129267163,6416.148089988809,6757.988515201795,6656.41487048081,7310.0098312024575,7651.850256415442,79.99999999999996,79.99999999999999,113.16965803056587,79.99999999999999,79.99999999999996,113.16965803056587,-0.0,-0.0,-0.0,31.13281627887095,41.37590717693641,47.71646507916129,-199.83875405629914,-234.3945120036713,-250.00885153707412,-6126.662157465578,-6126.662157465578,-6126.662157465578,-6126.662157465578,-6126.662157465578,-6126.662157465578,69.30059661,69.30059661,69.30059661,0.0,0.0,0.0,83.29037731,83.29037731,83.29037731,0.0,0.0,0.0
-37.23617637618773,-31.27300409206544,-30.280251030609577,-37.23617637618773,-31.27300409206544,-30.280251030609577,73.46474602,73.46474602,73.46474602,5762.553129267163,7360.879810811596,6836.395222152124,6656.41487048081,8254.741552025243,7730.256963365771,79.99999999999996,79.99999999999996,102.88624739955107,79.99999999999999,79.99999999999999,102.88624739955107,-0.0,-0.0,-0.0,31.13281627887095,41.37590717693641,30.034339610545782,-199.83875405629914,-234.3945120036713,-192.147698626408,-6126.662157465578,-6126.662157465578,-6126.662157465578,-6126.662157465578,-6126.662157465578,-6126.662157465578,69.30059661,69.30059661,69.30059661,0.0,0.0,0.0,83.29037731,83.29037731,83.29037731,0.0,0.0,0.0
-37.23617637618773,-28.548225845348473,-17.202582705449345,-37.23617637618773,-28.548225845348473,-17.202582705449345,73.46474602,73.46474602,73.46474602,6831.5243180078205,6904.770564663727,6871.034249476704,7725.386059221468,7798.632305877374,7764.895990690351,79.99999999999996,79.99999999999997,103.45281985946441,79.99999999999999,79.99999999999999,103.45281985946441,-0.0,32.52555096841105,30.984937427225802,31.13281627887095,41.05065166725229,47.40661570488903,-199.83875405629914,-232.9391339900014,-250.31443974263786,-6126.662157465578,-6126.662157465578,-6126.662157465578,-6126.662157465578,-6126.662157465578,-6126.662157465578,69.30059661,69.30059661,69.30059661,0.0,0.0,0.0,83.29037731,83.29037731,83.29037731,0.0,0.0,0.0
-34.64885509000501,-28.26524869675298,-17.445068830412197,-34.64885509000501,-28.26524869675298,-17.445068830412197,73.46474602,73.46474602,73.46474602,7029.070639421558,7362.165662362617,7366.79141919282,7922.932380635205,8256.027403576263,8260.653160406468,79.99999999999999,79.99999999999994,100.0918085552773,79.99999999999986,79.99999999999999,100.0918085552773,27.444670796907477,35.90343600570837,41.405377362777,31.35339390355005,41.01687281687933,47.30241130553352,-200.280721470418,-232.7879882147688,-250.43343586274833,-9032.291805433071,-9032.291805433071,-9032.291805433071,-9032.291805433071,-9032.291805433071,-9032.291805433071,69.30059661,69.30059661,69.30059661,0.0,0.0,0.0,83.29037731,83.29037731,83.29037731,0.0,0.0,0.0
-33.80652118549153,-9.651422695592611,-17.38348425161825,-33.80652118549153,-9.651422695592611,-17.38348425161825,73.46474602,73.46474602,73.46474602,5768.1813653068,7374.099370819045,7366.817747339811,6662.043106520448,8267.961112032694,8260.679488553458,82.53809021788342,103.19086345029022,97.7608334382097,82.53809021788342,103.19086345029022,97.7608334382097,27.444670796907477,50.36970491849956,42.51205684105662,31.35339390355005,57.54345573324397,48.56670621598243,-199.83875405629914,-284.34394222379194,-255.09233712180958,-8911.103119727151,-8911.103119727151,-8911.103119727151,-8911.103119727151,-8911.103119727151,-8911.103119727151,69.30059661,69.30059661,69.30059661,0.0,0.0,0.0,83.29037731,83.29037731,83.29037731,0.0,0.0,0.0
-19.216076064185074,-9.651422695592611,-23.27789733118791,-19.216076064185074,-9.651422695592611,-23.27789733118791,73.46474602,73.46474602,73.46474602,7266.487094312059,7374.099370819045,7364.2978149634855,8160.348835525706,8267.961112032694,8258.159556177134,79.99999999999999,103.19086345029024,79.99999999999991,79.99999999999994,103.19086345029024,79.99999999999999,47.8942797259153,50.369704918499544,42.51205684105662,54.71547569601899,57.54345573324396,48.56670621598243,-278.8691295729704,-284.3439422237919,-258.1850993774505,-3098.092866998002,-3098.092866998002,-3098.092866998002,-3098.092866998002,-3098.092866998002,-3098.092866998002,69.30059661,69.30059661,69.30059661,0.0,0.0,0.0,83.29037731,83.29037731,83.29037731,0.0,0.0,0.0
-17.083973927405765,-9.651422695592611,-20.030053108476963,-17.083973927405765,-9.651422695592611,-20.030053108476963,73.46474602,73.46474602,73.46474602,7246.32177870573,7374.099370819044,6907.434645260004,8140.183519919377,8267.961112032692,7801.296386473651,86.42437345557612,103.19086345029027,89.7862873697735,86.42437345557612,103.19086345029027,89.7862873697735,47.8942797259153,50.36970491849954,42.51205684105662,54.71547569601899,57.54345573324395,48.56670621598243,-277.75042870745796,-284.3439422237919,-256.4809755081857,-2630.8173950991877,-2630.8173950991877,-2630.8173950991877,-2630.8173950991877,-2630.8173950991877,-2630.8173950991877,69.30059661,69.30059661,69.30059661,0.0,0.0,0.0,83.29037731,83.29037731,83.29037731,0.0,0.0,0.0
-19.216076064185096,-9.651422695592611,-23.27789733118792,-19.216076064185096,-9.651422695592611,-23.27789733118792,73.46474602,73.46474602,73.46474602,7266.487094312059,7374.099370819045,7364.2978149634855,8160.348835525706,8267.961112032694,8258.159556177134,79.99999999999999,103.19086345029024,79.99999999999999,79.99999999999989,103.19086345029024,79.9999999999999,47.8942797259153,50.369704918499544,42.51205684105661,54.71547569601899,57.54345573324396,48.56670621598242,-278.86912957297034,-284.3439422237919,-258.18509937745046,-3098.092866998007,-3098.092866998007,-3098.092866998007,-3098.092866998007,-3098.092866998007,-3098.092866998007,69.30059661,69.30059661,69.30059661,0.0,0.0,0.0,83.29037731,83.29037731,83.29037731,0.0,0.0,0.0
-19.216076064185096,-9.651422695592611,-19.76793252684054,-19.216076064185096,-9.651422695592611,-19.76793252684054,73.46474602,73.46474602,73.46474602,7266.487094312059,7374.099370819044,6907.434645260004,8160.348835525706,8267.961112032692,7801.296386473651,79.99999999999999,103.19086345029027,90.57609967649955,79.99999999999989,103.19086345029027,90.57609967649955,47.8942797259153,50.36970491849954,42.51205684105662,54.71547569601899,57.54345573324395,48.56670621598243,-278.86912957297034,-284.3439422237919,-256.34344245266885,-2593.105451397559,-2593.105451397559,-2593.105451397559,-2593.105451397559,-2593.105451397559,-2593.105451397559,69.30059661,69.30059661,69.30059661,0.0,0.0,0.0,83.29037731,83.29037731,83.29037731,0.0,0.0,0.0
-17.308509086824714,-9.651422695592611,-17.60801941103723,-17.308509086824714,-9.651422695592611,-17.60801941103723,73.46474602,73.46474602,73.46474602,7248.445421038005,7374.099370819045,7366.7217558627635,8142.307162251653,8267.961112032694,8260.58349707641,85.74781219092976,103.19086345029022,97.08427217356315,85.74781219092976,103.19086345029022,97.08427217356315,47.8942797259153,50.36970491849956,42.51205684105662,54.71547569601899,57.54345573324397,48.56670621598243,-277.86824092332085,-284.34394222379194,-255.2101493376726,-2282.3533490060904,-2282.3533490060904,-2282.3533490060904,-2282.3533490060904,-2282.3533490060904,-2282.3533490060904,69.30059661,69.30059661,69.30059661,0.0,0.0,0.0,83.29037731,83.29037731,83.29037731,0.0,0.0,0.0
-19.216076064185074,-9.651422695592611,-23.27789733118791,-19.216076064185074,-9.651422695592611,-23.27789733118791,73.46474602,73.46474602,73.46474602,7266.487094312059,7374.099370819044,7364.2978149634855,8160.348835525706,8267.961112032692,8258.159556177134,79.99999999999999,103.19086345029027,79.99999999999991,79.99999999999994,103.19086345029027,79.99999999999999,47.8942797259153,50.369704918499544,42.51205684105661,54.71547569601899,57.54345573324396,48.56670621598242,-278.8691295729704,-284.3439422237919,-258.1850993774505,-3098.092866998002,-3098.092866998002,-3098.092866998002,-3098.092866998002,-3098.092866998002,-3098.092866998002,69.30059661,69.30059661,69.30059661,0.0,0.0,0.0,83.29037731,83.29037731,83.29037731,0.0,0.0,0.0
-19.216076064185096,-9.651422695592611,-22.723938487370688,-19.216076064185096,-9.651422695592611,-22.723938487370688,73.46474602,73.46474602,73.46474602,7266.487094312059,7374.099370819044,6926.670197490119,8160.348835525706,8267.961112032692,7820.531938703766,79.99999999999999,103.19086345029027,79.99999999999987,79.99999999999989,103.19086345029027,79.99999999999999,47.89427972591529,50.36970491849954,47.983880631055136,54.71547569601899,57.54345573324396,48.67614269178239,-278.86912957297034,-284.3439422237919,-258.4940458786396,-3648.5716877213686,-3648.5716877213686,-3648.5716877213686,-3648.5716877213686,-3648.5716877213686,-3648.5716877213686,69.30059661,69.30059661,69.30059661,0.0,0.0,0.0,83.29037731,83.29037731,83.29037731,0.0,0.0,0.0
-19.216076064185096,-17.347938139165393,-22.723938487370685,-19.216076064185096,-17.347938139165393,-22.723938487370685,73.46474602,73.46474602,73.46474602,7266.487094312059,7446.892629786964,6926.670197490119,8160.348835525706,8340.75437100061,7820.531938703766,79.99999999999999,79.99999999999997,79.99999999999999,79.99999999999989,79.99999999999999,79.99999999999989,47.8942797259153,50.369704918499544,47.98388063105514,54.71547569601899,57.54345573324396,48.67614269178239,-278.86912957297034,-288.38225649571535,-258.4940458786396,-3648.571687721364,-3648.571687721364,-3648.571687721364,-3648.571687721364,-3648.571687721364,-3648.571687721364,69.30059661,69.30059661,69.30059661,0.0,0.0,0.0,83.29037731,83.29037731,83.29037731,0.0,0.0,0.0
-18.55749909379421,-11.37136183655762,-16.284966477952196,-18.55749909379421,-11.37136183655762,-16.284966477952196,73.46474602,73.46474602,73.46474602,7274.675122291027,7521.198863051024,7124.369705537646,8168.536863504674,8415.060604264672,8018.231446751293,79.99999999999999,79.99999999999999,82.24626479839648,79.99999999999997,79.99999999999994,82.24626479839648,54.3994870609907,109.40436563444875,104.22229055369421,54.845579842720504,58.72414894756295,49.800910890235166,-279.23642229342585,-291.7154325220373,-261.27819110821895,-9199.038297730509,-9199.038297730509,-9199.038297730509,-9199.038297730509,-9199.038297730509,-9199.038297730509,69.30059661,69.30059661,69.30059661,0.0,0.0,0.0,83.29037731,83.29037731,83.29037731,0.0,0.0,0.0
-10.032917761251085,1.1571594611292824,-12.413599823474195,-10.032917761251085,0.0,-12.413599823474195,73.46474602,73.46474602,73.46474602,6413.577558912348,7519.611439211541,7284.684263143287,7307.439300125995,8413.473180425188,8178.546004356935,79.99999999999999,79.99999999999964,79.99999999999999,79.99999999999999,79.99999999999999,79.99999999999999,236.90752038024738,249.15213179559788,149.82602470676642,58.495740509105644,61.51910427078593,50.7129855732966,-231.8691868758403,-290.22202600936475,-264.2441897599725,-27524.27267320137,-27524.27267320137,-27524.27267320137,-27524.27267320137,-27524.27267320137,-27524.27267320137,69.30059661,69.30059661,69.30059661,0.0,0.0,0.0,83.29037731,83.29037731,83.29037731,0.0,0.0,0.0
-19.216076064185074,-17.347938139165386,-22.048675874534702,-19.216076064185074,-17.347938139165386,-22.048675874534702,73.46474602,73.46474602,73.46474602,7266.487094312059,7446.892629786964,6907.434645260004,8160.348835525706,8340.75437100061,7801.296386473651,79.99999999999999,79.99999999999999,83.70384587160365,79.99999999999994,79.99999999999999,83.70384587160365,47.8942797259153,50.36970491849954,42.51205684105662,54.71547569601899,57.54345573324395,48.56670621598243,-278.8691295729704,-288.38225649571535,-257.5401344464826,-2921.241701474326,-2921.241701474326,-2921.241701474326,-2921.241701474326,-2921.241701474326,-2921.241701474326,69.30059661,69.30059661,69.30059661,0.0,0.0,0.0,83.29037731,83.29037731,83.29037731,0.0,0.0,0.0
-19.216076064185096,-11.53479753559665,-19.8599735515001,-19.216076064185096,-11.53479753559665,-19.8599735515001,73.46474602,73.46474602,73.46474602,7266.487094312059,7391.9122360653,7365.759018424455,8160.348835525706,8285.773977278948,8259.620759638103,79.99999999999999,97.51594613732362,92.81530452656406,79.99999999999989,97.51594613732362,92.81530452656406,47.8942797259153,50.36970491849956,41.405377362777,54.71547569601899,57.54345573324397,47.30241130553352,-278.86912957297034,-285.33213740790234,-251.70052150325702,-2922.046963463048,-2922.046963463048,-2922.046963463048,-2922.046963463048,-2922.046963463048,-2922.046963463048,69.30059661,69.30059661,69.30059661,0.0,0.0,0.0,83.29037731,83.29037731,83.29037731,0.0,0.0,0.0
-20.15699566564701,-10.78689242331872,-17.445068830412193,-20.15699566564701,-10.78689242331872,-17.445068830412193,73.46474602,73.46474602,73.46474602,7175.622762365699,7279.918788161473,6909.0522795840325,8069.484503579346,8173.78052937512,7802.914020797681,79.99999999999999,102.7511870361548,100.09180855527734,79.99999999999983,102.7511870361548,100.09180855527734,46.6474895106636,49.05847410770359,41.405377362777,53.29111520639405,56.04547689379694,47.30241130553352,-274.0776805729125,-279.3814087927824,-250.43343586274824,-2574.608581028833,-2574.608581028833,-2574.608581028833,-2574.608581028833,-2574.608581028833,-2574.608581028833,69.30059661,69.30059661,69.30059661,0.0,0.0,0.0,83.29037731,83.29037731,83.29037731,0.0,0.0,0.0
-20.156995665646978,-10.786892423318712,-21.66639622934547,-20.156995665646978,-10.786892423318712,-21.66639622934547,73.46474602,73.46474602,73.46474602,7175.622762365699,7279.918788161472,7364.986751036713,8069.484503579346,8173.780529375119,8258.84849225036,79.99999999999999,102.75118703615483,106.41050431444675,79.99999999999991,102.75118703615483,106.41050431444675,46.6474895106636,49.05847410770359,10.143384343016148,53.29111520639406,56.04547689379694,41.2604240539964,-274.0776805729125,-279.38140879278234,-229.29428042283106,-1514.042350819895,-1514.042350819895,-1514.042350819895,-1514.042350819895,-1514.042350819895,-1514.042350819895,69.30059661,69.30059661,69.30059661,0.0,0.0,0.0,83.29037731,83.29037731,83.29037731,0.0,0.0,0.0
-20.15699566564701,-10.786892423318712,-16.57350278366679,-20.15699566564701,-10.786892423318712,-16.57350278366679,73.46474602,73.46474602,73.46474602,7175.622762365699,8971.753171511828,6757.9885152018,8069.484503579346,9865.614912725476,7651.850256415447,79.99999999999999,102.75118703615483,113.16965803056583,79.99999999999983,102.46351580327813,113.16965803056583,46.6474895106636,49.05847410770359,-0.0,53.29111520639406,56.04547689379694,47.71646507916129,-274.0776805729125,-279.38140879278234,-250.00885153707418,-1469.377701272164,-1469.377701272164,-1469.377701272164,-1469.377701272164,-1469.377701272164,-1469.377701272164,69.30059661,69.30059661,69.30059661,0.0,0.0,0.0,83.29037731,83.29037731,83.29037731,0.0,0.0,0.0
-20.15699566564702,-10.786892423318712,-27.58175117586209,-20.15699566564702,-10.786892423318712,-27.58175117586209,73.46474602,73.46474602,73.46474602,7175.6227623657,7369.63786956354,6820.728771181504,8069.484503579348,8263.499610777188,7714.590512395152,79.99999999999979,102.75118703615483,79.99999999999999,79.99999999999979,102.75118703615483,79.99999999999991,46.6474895106636,49.05847410770359,-0.0,53.29111520639406,56.04547689379694,47.71646507916129,-274.0776805729125,-279.38140879278234,-255.78481169943623,-1469.3777012721769,-1469.3777012721769,-1469.3777012721769,-1469.3777012721769,-1469.3777012721769,-1469.3777012721769,69.30059661,69.30059661,69.30059661,0.0,0.0,0.0,83.29037731,83.29037731,83.29037731,0.0,0.0,0.0
-20.156995665646978,-10.786892423318712,-28.116976927294715,-20.156995665646978,-10.786892423318712,-28.116976927294715,73.46474602,73.46474602,73.46474602,7175.622762365699,7369.63786956354,6762.065221426911,8069.484503579346,8263.499610777188,7655.9269626405585,79.99999999999999,102.75118703615483,79.99999999999999,79.99999999999991,102.75118703615483,79.99999999999994,46.6474895106636,49.05847410770359,-0.0,53.29111520639406,56.04547689379694,46.79709435470525,-274.0776805729125,-279.38140879278234,-252.68325255734138,-1469.377701272164,-1469.377701272164,-1469.377701272164,-1469.377701272164,-1469.377701272164,-1469.377701272164,69.30059661,69.30059661,69.30059661,0.0,0.0,0.0,83.29037731,83.29037731,83.29037731,0.0,0.0,0.0
-19.423994225108473,-10.78689242331872,-24.113079064979996,-19.423994225108473,-10.78689242331872,-24.113079064979996,73.46474602,73.46474602,73.46474602,7168.690071321788,7369.63786956354,7363.9407647427615,8062.551812535436,8263.499610777188,8257.80250595641,82.20865357069991,102.7511870361548,79.99999999999999,82.20865357069991,102.7511870361548,79.99999999999994,46.6474895106636,49.05847410770359,41.40537736277702,53.29111520639406,56.04547689379694,47.30241130553352,-273.69307922956835,-279.3814087927824,-253.93209978319476,-3533.9518916458132,-3533.9518916458132,-3533.9518916458132,-3533.9518916458132,-3533.9518916458132,-3533.9518916458132,69.30059661,69.30059661,69.30059661,0.0,0.0,0.0,83.29037731,83.29037731,83.29037731,0.0,0.0,0.0
-19.423994225108494,-10.78689242331872,-24.113079064979996,-19.423994225108494,-10.78689242331872,-24.113079064979996,73.46474602,73.46474602,73.46474602,7168.690071321788,7279.918788161473,7363.9407647427615,8062.551812535436,8173.78052937512,8257.80250595641,82.20865357069984,102.7511870361548,79.99999999999994,82.20865357069984,102.7511870361548,79.99999999999999,46.6474895106636,49.05847410770359,41.405377362777,53.29111520639406,56.04547689379694,47.30241130553352,-273.69307922956835,-279.3814087927824,-253.93209978319476,-3533.9518916458087,-3533.9518916458087,-3533.9518916458087,-3533.9518916458087,-3533.9518916458087,-3533.9518916458087,69.30059661,69.30059661,69.30059661,0.0,0.0,0.0,83.29037731,83.29037731,83.29037731,0.0,0.0,0.0
-20.156995665646978,-10.78689242331872,-19.8599735515001,-20.156995665646978,-10.78689242331872,-19.8599735515001,73.46474602,73.46474602,73.46474602,7175.622762365699,7279.918788161473,7227.728144964568,8069.484503579346,8173.78052937512,8121.589886178215,79.99999999999991,102.7511870361548,92.81530452656406,79.99999999999999,102.7511870361548,92.81530452656406,46.6474895106636,49.05847410770359,41.40537736277702,53.29111520639406,56.04547689379694,47.30241130553352,-274.0776805729125,-279.3814087927824,-251.70052150325702,-2922.046963463048,-2922.046963463048,-2922.046963463048,-2922.046963463048,-2922.046963463048,-2922.046963463048,69.30059661,69.30059661,69.30059661,0.0,0.0,0.0,83.29037731,83.29037731,83.29037731,0.0,0.0,0.0
-19.362822333538055,-10.78689242331872,-24.113079064979996,-19.362822333538055,-10.78689242331872,-24.113079064979996,73.46474602,73.46474602,73.46474602,7168.1115106241205,7369.63786956354,6909.0522795840325,8061.973251837768,8263.499610777188,7802.914020797681,82.39297451370408,102.7511870361548,79.99999999999994,82.39297451370408,102.7511870361548,79.99999999999999,46.6474895106636,49.05847410770359,41.40537736277702,53.29111520639406,56.04547689379694,47.30241130553352,-273.66098271464796,-279.3814087927824,-253.93209978319476,-3533.9518916458132,-3533.9518916458132,-3533.9518916458132,-3533.9518916458132,-3533.9518916458132,-3533.9518916458132,69.30059661,69.30059661,69.30059661,0.0,0.0,0.0,83.29037731,83.29037731,83.29037731,0.0,0.0,0.0
-19.423994225108476,-10.78689242331872,-19.85997355150009,-19.423994225108476,-10.78689242331872,-19.85997355150009,73.46474602,73.46474602,73.46474602,7168.690071321788,7279.918788161473,6909.052279584032,8062.551812535436,8173.78052937512,7802.914020797679,82.2086535706999,102.46351580327799,92.81530452656413,82.2086535706999,102.7511870361548,92.81530452656413,46.6474895106636,49.05847410770359,41.40537736277702,53.29111520639406,56.04547689379694,47.302411305533525,-273.69307922956835,-279.3814087927824,-251.70052150325697,-2922.046963463053,-2922.046963463053,-2922.046963463053,-2922.046963463053,-2922.046963463053,-2922.046963463053,69.30059661,69.30059661,69.30059661,0.0,0.0,0.0,83.29037731,83.29037731,83.29037731,0.0,0.0,0.0
-20.156995665646978,-10.78689242331872,-17.383484251618277,-20.156995665646978,-10.78689242331872,-17.383484251618277,73.46474602,73.46474602,73.46474602,7175.622762365699,7369.63786956354,6907.434645260004,8069.484503579346,8263.499610777188,7801.296386473651,79.99999999999999,102.7511870361548,97.76083343820954,79.99999999999991,102.7511870361548,97.76083343820954,46.6474895106636,49.05847410770359,42.51205684105662,53.29111520639406,56.04547689379694,48.56670621598243,-274.0776805729125,-279.3814087927824,-255.09233712180975,-2250.048914008343,-2250.048914008343,-2250.048914008343,-2250.048914008343,-2250.048914008343,-2250.048914008343,69.30059661,69.30059661,69.30059661,0.0,0.0,0.0,83.29037731,83.29037731,83.29037731,0.0,0.0,0.0
-20.156995665646978,-9.651422695592602,-17.383484251618277,-20.156995665646978,-9.651422695592602,-17.383484251618277,73.46474602,73.46474602,73.46474602,7175.622762365699,7374.099370819045,6907.434645260004,8069.484503579346,8267.961112032694,7801.296386473651,79.99999999999999,103.19086345029027,97.76083343820954,79.99999999999991,103.19086345029027,97.76083343820954,46.6474895106636,50.36970491849956,42.51205684105662,53.29111520639406,57.54345573324397,48.56670621598243,-274.0776805729125,-284.3439422237919,-255.09233712180975,-2250.048914008343,-2250.048914008343,-2250.048914008343,-2250.048914008343,-2250.048914008343,-2250.048914008343,69.30059661,69.30059661,69.30059661,0.0,0.0,0.0,83.29037731,83.29037731,83.29037731,0.0,0.0,0.0
-19.216076064185064,-9.651422695592602,-20.257868529240174,-19.216076064185064,-9.651422695592602,-20.257868529240174,73.46474602,73.46474602,73.46474602,7266.487094312059,7374.099370819044,6926.670197490119,8160.348835525706,8267.961112032692,7820.531938703766,79.99999999999999,103.19086345029028,87.43067328028627,79.99999999999996,103.19086345029028,87.43067328028627,47.894279725915304,50.36970491849956,47.98388063105515,54.715475696019006,57.54345573324396,48.67614269178239,-278.8691295729704,-284.3439422237919,-257.20011415323825,-3293.7720346582473,-3293.7720346582473,-3293.7720346582473,-3293.7720346582473,-3293.7720346582473,-3293.7720346582473,69.30059661,69.30059661,69.30059661,0.0,0.0,0.0,83.29037731,83.29037731,83.29037731,0.0,0.0,0.0
-18.485839833335074,-9.630421520611545,-17.970770936204325,-18.485839833335074,-9.630421520611545,-17.970770936204325,73.46474602,73.46474602,73.46474602,7275.566055402831,7390.712455304275,6952.07420644647,8169.427796616478,8284.574196517922,7845.935947660118,79.99999999999994,100.94009784674317,92.11763555359852,79.99999999999999,100.94009784674317,92.11763555359852,55.10731373535528,57.95554599809729,55.21040882768718,54.859736376207806,57.695172554835914,48.82067325571502,-279.27638713565875,-285.16418344670655,-256.7919748435933,-3796.9854093011545,-3796.9854093011545,-3796.9854093011545,-3796.9854093011545,-3796.9854093011545,-3796.9854093011545,69.30059661,69.30059661,69.30059661,0.0,0.0,0.0,83.29037731,83.29037731,83.29037731,0.0,0.0,0.0
-19.216076064185096,-9.651422695592611,-20.78466940172327,-19.216076064185096,-9.651422695592611,-20.78466940172327,73.46474602,73.46474602,73.46474602,7266.487094312059,7374.099370819044,6943.861383521827,8160.348835525706,8267.961112032692,7837.723124735474,79.99999999999999,103.19086345029027,83.8435611777656,79.99999999999989,103.19086345029027,83.84356117776571,47.8942797259153,50.369704918499544,52.874155658321286,54.71547569601899,57.54345573324396,48.773948192327715,-278.86912957297034,-284.3439422237919,-259.07785121902185,-3829.44878596429,-3829.44878596429,-3829.44878596429,-3829.44878596429,-3829.44878596429,-3829.44878596429,69.30059661,69.30059661,69.30059661,0.0,0.0,0.0,83.29037731,83.29037731,83.29037731,0.0,0.0,0.0
-19.216076064185074,-9.64526120601406,-21.992336126209793,-19.216076064185074,-9.64526120601406,-21.992336126209793,73.46474602,73.46474602,73.46474602,7266.487094312059,7378.973447960698,6952.07420644647,8160.348835525706,8272.835189174346,7845.935947660118,79.99999999999999,102.53051616865076,80.00000000000003,79.99999999999994,102.53051616865076,79.99999999999999,47.8942797259153,52.595298524500706,55.21040882768718,54.71547569601899,57.587967605363986,48.82067325571502,-278.8691295729704,-284.5845910327957,-258.9020653412135,-4375.57805201205,-4375.57805201205,-4375.57805201205,-4375.57805201205,-4375.57805201205,-4375.57805201205,69.30059661,69.30059661,69.30059661,0.0,0.0,0.0,83.29037731,83.29037731,83.29037731,0.0,0.0,0.0
-19.216076064185096,-9.64526120601407,-21.992336126209793,-19.216076064185096,-9.64526120601407,-21.992336126209793,73.46474602,73.46474602,73.46474602,7266.487094312059,7378.973447960698,6952.07420644647,8160.348835525706,8272.835189174346,7845.935947660118,79.99999999999999,102.53051616865075,79.99999999999999,79.99999999999989,102.53051616865075,80.00000000000003,47.8942797259153,52.595298524500706,55.21040882768718,54.71547569601899,57.587967605363986,48.82067325571502,-278.86912957297034,-284.5845910327957,-258.9020653412135,-4375.57805201205,-4375.57805201205,-4375.57805201205,-4375.57805201205,-4375.57805201205,-4375.57805201205,69.30059661,69.30059661,69.30059661,0.0,0.0,0.0,83.29037731,83.29037731,83.29037731,0.0,0.0,0.0
-17.752557426410256,-9.465116150437781,-15.07718097179921,-17.752557426410256,-9.465116150437781,-15.07718097179921,73.46474602,73.46474602,73.46474602,7284.682889325559,7521.478094990414,7192.194622677043,8178.544630539206,8415.339836204063,8086.056363890691,79.99999999999999,83.22377285043859,79.99999999999999,79.99999999999991,83.22377285043859,79.99999999999999,62.35043687307767,117.66555121795437,123.51604363747829,55.004598838962245,58.889372659233054,50.18678595191085,-279.685343570837,-291.6205021578246,-262.75869298418706,-11247.291532183208,-11247.291532183208,-11247.291532183208,-11247.291532183208,-11247.291532183208,-11247.291532183208,69.30059661,69.30059661,69.30059661,0.0,0.0,0.0,83.29037731,83.29037731,83.29037731,0.0,0.0,0.0
