natgas_SE,ethane_SE,natgas_demand_SE,biocorn_SE,biowood_SE,bioherb_SE,elec_SE,ethylene_SE,ethylene_demand_SE,h2_SE,co2_captured_SE,ethanol_SE,gasoline_SE,gasoline_demand_SE,jetfuel_SE,jetfuel_demand_SE,diesel_SE,diesel_demand_SE
-55.28025139718762,21.98,137.98142815142853,155.0,569.1703758804483,656.6716662245199,10.432150001454795,1146.4185628738428,4280.4656539703265,11.928510693289317,-604.4435933187789,104.27133680002909,94.95991,335.7410336618196,-136.45476492030056,109.43486947346462,97.34841,349.70882458768943
-89.33084019966242,21.98,103.93083934895373,155.0,569.1703758804484,656.6716662245199,10.432150001454795,-1721.9328802357734,1412.1142108607105,11.928510693289317,-604.4435933187788,104.27133680002909,94.95991,335.7410336618196,-147.64482585953908,98.2448085342261,97.34841,349.70882458768943
-89.33084019966242,21.98,103.93083934895373,155.0,569.1703758804484,656.6716662245199,10.432150001454795,1132.3152305355545,4266.362321632038,11.928510693289317,-604.4435933187788,104.27133680002909,94.95991,335.7410336618196,-147.64482585953908,98.2448085342261,97.34841,349.70882458768943
-89.33084019966242,21.98,103.93083934895373,155.0,569.1703758804484,789.4378608687979,10.432150001454795,1132.3152305355545,4266.362321632038,11.928510693289317,-604.4435933187788,104.27133680002909,94.95991,335.7410336618196,-194.9227768589021,50.96685753486311,97.34841,349.70882458768943
-89.33084019966242,21.98,103.93083934895373,155.0,569.1703758804484,714.6540041742272,10.432150001454795,-1721.9328802357734,1412.1142108607105,11.928510693289317,-604.4435933187788,104.27133680002909,94.95991,335.7410336618196,-136.45476492030048,109.4348694734647,97.34841,349.70882458768943
-55.28025139718762,21.98,137.98142815142853,155.0,569.1703758804484,656.6716662245199,10.432150001454795,-1769.1863091212085,1364.8607819752751,11.928510693289317,-604.4435933187788,104.27133680002909,94.95991,335.7410336618196,-136.45476492030048,109.4348694734647,97.34841,349.70882458768943
-89.33084019966242,21.98,103.93083934895373,155.0,569.1703758804483,789.4378608687978,10.432150001454795,-1721.932880235774,1412.1142108607098,11.928510693289317,-604.4435933187789,104.27133680002909,94.95991,335.7410336618196,75.68131,321.57094439376516,97.34841,349.70882458768943
-89.76726204936284,21.98,103.4944174992533,155.0,568.2633122919549,789.4666985780551,10.160817986087503,1132.0933221825528,4266.140413279037,11.618259513399346,-604.4435933187788,104.26591015972174,94.95991,335.7410336618196,-75.8579418253909,170.03169256837427,97.34841,349.70882458768943
-90.18951554207459,21.98,103.07216400654156,155.0,569.415201616428,790.5466106352525,0.0,1130.3775297729098,4264.424620869394,11.71986769326022,-604.4435933187789,104.06269379999999,94.95991,335.7410336618196,-102.45653250960365,143.43310188416154,97.34841,349.70882458768943
-90.18951554207459,21.98,103.07216400654156,155.0,569.415201616428,582.7529744928662,0.0,-1751.333397907316,1382.7136931891675,11.71986769326022,-604.4435933187788,104.06269379999999,94.95991,335.7410336618196,-186.1919512270807,59.697683166684506,97.34841,349.70882458768943
-90.18951554207459,21.98,103.07216400654156,155.0,569.415201616428,569.415201616428,0.0,-1751.333397907316,1382.7136931891675,11.71986769326022,-604.4435933187788,85.3046954230674,94.95991,335.7410336618196,75.68131,321.57094439376516,97.34841,349.70882458768943
-54.62573501190851,21.98,138.63594453670763,155.0,569.415201616428,790.5466106352525,0.0,-1800.686746359761,1333.360344736723,11.71986769326022,-604.4435933187789,104.06269379999999,94.95991,335.7410336618196,-102.45653250960365,143.43310188416154,97.34841,349.70882458768943
-90.18951554207456,21.98,103.07216400654157,155.0,569.415201616428,656.6716662245199,0.0,-1751.333397907316,1382.7136931891675,11.71986769326022,-604.4435933187788,104.06269379999999,94.95991,335.7410336618196,-137.7333152234736,108.1563191702916,97.34841,349.70882458768943
-54.62573501190851,21.98,138.63594453670763,155.0,569.415201616428,766.5441433946936,0.0,-1800.686746359761,1333.360344736723,11.71986769326022,-604.4435933187789,104.06269379999999,94.95991,335.7410336618196,-137.73331522347368,108.15631917029152,97.34841,349.70882458768943
-90.18951554207459,21.98,103.07216400654156,155.0,569.415201616428,790.5466106352526,0.0,1130.3775297729096,4264.424620869394,11.719867693260223,-604.4435933187788,104.06269379999999,94.95991,335.7410336618196,-137.7333152234736,108.1563191702916,97.34841,349.70882458768943
-54.62573501190851,21.98,138.63594453670763,155.0,569.415201616428,656.6716662245199,0.0,-1800.68674635976,1333.3603447367238,11.719867693260223,-604.4435933187788,104.06269379999999,94.95991,335.7410336618196,-193.3985029249278,52.491131468837395,97.34841,349.70882458768943
-89.76726204936284,21.98,103.4944174992533,155.0,568.2633122919549,656.6716662245199,10.160817986087503,1132.0933221825528,4266.140413279037,11.618259513399346,-604.4435933187788,85.40731968472687,94.95991,335.7410336618196,-137.74015609910737,108.14947829465783,97.34841,349.70882458768943
-89.33084019966242,21.98,103.93083934895373,155.0,569.1703758804484,656.6716662245199,10.432150001454795,-1721.9328802357734,1412.1142108607105,11.928510693289317,-604.4435933187788,104.7659009000291,94.95991,335.7410336618196,75.68131,321.57094439376516,97.34841,349.70882458768943
-89.3308401996624,21.98,103.93083934895374,155.0,569.1703758804484,760.181053127353,10.432150001454795,-1721.9328802357734,1412.1142108607105,11.928510693289317,-604.4435933187788,85.40693049308166,94.95991,335.7410336618196,-136.45476492030048,109.4348694734647,97.34841,349.70882458768943
-89.33084019966242,21.98,103.93083934895373,155.0,569.1703758804484,760.181053127353,10.432150001454795,-1721.9328802357734,1412.1142108607105,11.928510693289317,-604.4435933187788,85.40693049308166,94.95991,335.7410336618196,-91.71751664246051,154.17211775130468,97.34841,349.70882458768943
-89.33084019966242,21.98,103.93083934895373,155.0,569.1703758804484,656.6716662245199,10.432150001454795,-1721.9328802357734,1412.1142108607105,11.928510693289317,-604.4435933187788,104.7659009000291,94.95991,335.7410336618196,-147.64482585953908,98.2448085342261,97.34841,349.70882458768943
-89.33084019966242,21.98,103.93083934895373,155.0,569.1703758804483,760.1810531273529,10.432150001454795,-1721.932880235774,1412.1142108607098,11.928510693289317,-604.4435933187789,85.40693049308166,94.95991,335.7410336618196,-136.45476492030056,109.43486947346462,97.34841,349.70882458768943
-89.3308401996624,21.98,103.93083934895374,155.0,569.1703758804484,790.2048803314879,10.432150001454795,-1721.9328802357734,1412.1142108607105,11.928510693289317,-604.4435933187788,104.7659009000291,94.95991,335.7410336618196,75.68131,321.57094439376516,97.34841,349.70882458768943
-89.33084019966242,21.98,103.93083934895373,155.0,569.1703758804484,656.6716662245199,10.432150001454795,-1721.9328802357734,1412.1142108607105,11.928510693289317,-604.4435933187788,104.7659009000291,94.95991,335.7410336618196,-136.45476492030048,109.4348694734647,97.34841,349.70882458768943
-68.65024533759012,21.98,124.61143421102602,155.0,569.1703758804484,760.181053127353,10.432150001454795,-1750.6322082941595,1383.4148828023242,11.928510693289317,-604.4435933187788,85.40693049308166,94.95991,335.7410336618196,-91.71751664246051,154.17211775130468,97.34841,349.70882458768943
-88.5363117069415,21.98,104.72536784167463,155.0,569.1703758804484,760.181053127353,10.432150001454795,1132.6443144010373,4266.691405497521,11.928510693289317,-604.4435933187788,85.40693049308166,94.95991,335.7410336618196,-91.71751664246051,154.17211775130468,97.34841,349.70882458768943
-89.33084019966242,21.98,103.93083934895373,155.0,569.1703758804483,599.512936309445,10.432150001454795,-1721.932880235774,1412.1142108607098,11.928510693289317,-604.4435933187789,104.7659009000291,94.95991,335.7410336618196,75.68131,321.57094439376516,97.34841,349.70882458768943
-89.33084019966242,21.98,103.93083934895373,155.0,569.1703758804484,760.181053127353,10.432150001454797,-1721.9328802357734,1412.1142108607105,11.928510693289317,-604.4435933187788,85.40693049308166,94.95991,335.7410336618196,75.68131,321.57094439376516,97.34841,349.70882458768943
-89.33084019966242,21.98,103.93083934895373,155.0,569.1703758804484,760.181053127353,10.432150001454795,-1721.9328802357734,1412.1142108607105,11.928510693289317,-604.4435933187788,85.40693049308166,94.95991,335.7410336618196,-96.13474871534656,149.75488567841862,97.34841,349.70882458768943
-89.33084019966242,21.98,103.93083934895373,155.0,569.1703758804484,656.6716662245199,10.432150001454795,-1721.9328802357734,1412.1142108607105,11.928510693289317,-604.4435933187788,104.7659009000291,94.95991,335.7410336618196,75.68131,321.57094439376516,97.34841,349.70882458768943
-89.30850672946018,21.98,103.95317281915597,155.0,569.1640081556408,736.7401843914442,10.703482016822093,-1721.1681958982645,1412.8788951982192,11.933937333596662,-604.4435933187789,85.40958954683225,94.95991,335.7410336618196,-136.4215108326523,109.46812356111289,97.34841,349.70882458768943
-89.76726204936284,21.98,103.4944174992533,155.0,568.2633122919549,599.0770228863693,10.160817986087501,-1736.70551461886,1397.341576477624,11.618259513399346,-604.4435933187789,104.76047425972175,94.95991,335.7410336618196,-137.74015609910745,108.14947829465774,97.34841,349.70882458768943
-89.89930730085601,21.98,103.36237224776013,155.0,568.6235260454648,656.6716662245199,6.983371761231344,-1741.2798818200222,1392.7672092764617,11.650033975647906,-604.4435933187788,104.69692533522462,94.95991,335.7410336618196,-137.73801685062494,108.15161754314026,97.34841,349.70882458768943
-56.79857359652088,21.98,136.46310595209525,155.0,568.5094405656372,760.4829940893648,7.989720002118818,-1785.7083448915464,1348.3387462049373,11.639970493239034,-604.4435933187788,85.38539159508879,94.95991,335.7410336618196,-112.96484463896063,132.92478975480458,97.34841,349.70882458768943
-89.77507219521985,21.98,103.4866073533963,155.0,568.284618033152,760.2417706181913,9.972880001280538,-1736.9760769801758,1397.0710141163079,11.620138893247416,-604.4435933187788,85.40542151108033,94.95991,335.7410336618196,-137.74002956791838,108.14960482584682,97.34841,349.70882458768943
-89.77507219521985,21.98,103.4866073533963,155.0,568.284618033152,790.2536924656465,9.972880001280538,-1736.9760769801758,1397.0710141163079,11.620138893247416,-604.4435933187788,104.75671550002562,94.95991,335.7410336618196,75.68131,321.57094439376516,97.34841,349.70882458768943
-89.80939457164347,21.98,103.45228497697268,155.0,568.3782479963736,790.3414718417114,9.146969912412994,1131.9221201364455,4265.969211232929,11.62839799413609,-604.4435933187789,104.74019729824826,94.95991,335.7410336618196,75.68131,321.57094439376516,97.34841,349.70882458768943
-89.899307300856,21.98,103.36237224776015,155.0,568.6235260454648,760.6054021734222,6.983371761231344,1131.5567671412045,4265.603858237689,11.650033975647906,-604.4435933187788,85.37522747785583,94.95991,335.7410336618196,75.68131,321.57094439376516,97.34841,349.70882458768943
-90.18951554207459,21.98,103.07216400654156,155.0,569.415201616428,656.6716662245199,0.0,1130.3775297729096,4264.424620869394,11.71986769326022,-604.4435933187788,85.3046954230674,94.95991,335.7410336618196,75.68131,321.57094439376516,97.34841,349.70882458768943
-54.62573501190851,21.98,138.63594453670763,155.0,569.415201616428,656.6716662245199,0.0,-1800.686746359761,1333.360344736723,11.71986769326022,-604.4435933187789,85.3046954230674,94.95991,335.7410336618196,75.68131,321.57094439376516,97.34841,349.70882458768943
-89.76726204936284,21.98,103.4944174992533,155.0,568.2633122919549,656.6716662245199,10.160817986087501,-1736.7055146188593,1397.3415764776246,11.618259513399346,-604.4435933187788,104.76047425972175,94.95991,335.7410336618196,75.68131,321.57094439376516,97.34841,349.70882458768943
-55.28025139718762,21.98,137.98142815142853,155.0,569.1703758804483,656.6716662245199,10.4321500014548,-1769.1863091212092,1364.8607819752744,11.928510693289317,-604.4435933187789,104.7659009000291,94.95991,335.7410336618196,75.68131,321.57094439376516,97.34841,349.70882458768943
-89.33084019966242,21.98,103.93083934895373,155.0,569.1703758804484,760.181053127353,10.432150001454795,1132.3152305355545,4266.362321632038,11.928510693289315,-604.4435933187788,85.40693049308166,94.95991,335.7410336618196,75.68131,321.57094439376516,97.34841,349.70882458768943
-89.33084019966242,21.98,103.93083934895373,155.0,569.1703758804484,760.181053127353,10.432150001454795,-1721.9328802357734,1412.1142108607105,11.928510693289317,-604.4435933187788,85.40693049308166,94.95991,335.7410336618196,75.68131,321.57094439376516,97.34841,349.70882458768943
-67.85571684486918,21.98,125.40596270374697,155.0,569.1703758804484,790.2048803314879,10.432150001454795,1141.2099607687178,4275.257051865202,11.928510693289317,-604.4435933187788,104.7659009000291,94.95991,335.7410336618196,75.68131,321.57094439376516,97.34841,349.70882458768943
-89.33084019966242,21.98,103.93083934895373,155.0,569.1703758804484,760.181053127353,10.432150001454795,1132.3152305355545,4266.362321632038,11.928510693289317,-604.4435933187788,85.40693049308166,94.95991,335.7410336618196,75.68131,321.57094439376516,97.34841,349.70882458768943
-55.28025139718763,21.98,137.9814281514285,155.0,569.1703758804483,760.1810531273529,10.432150001454795,-1769.1863091212092,1364.8607819752744,11.928510693289317,-604.4435933187789,85.40693049308166,94.95991,335.7410336618196,75.68131,321.57094439376516,97.34841,349.70882458768943
-89.33084019966242,21.98,103.93083934895373,155.0,569.1703758804484,656.6716662245199,10.432150001454795,-1721.9328802357734,1412.1142108607105,11.928510693289317,-604.4435933187788,104.7659009000291,94.95991,335.7410336618196,75.68131,321.57094439376516,97.34841,349.70882458768943
-55.28025139718762,21.98,137.98142815142853,155.0,569.1703758804484,656.6716662245199,10.432150001454795,-1769.1863091212085,1364.8607819752751,11.928510693289317,-604.4435933187788,104.27133680002909,94.95991,335.7410336618196,-136.45476492030048,109.4348694734647,97.34841,349.70882458768943
-89.33084019966242,21.98,103.93083934895373,155.0,569.1703758804484,760.181053127353,10.432150001454795,-1721.9328802357734,1412.1142108607105,11.928510693289317,-604.4435933187788,85.40693049308166,94.95991,335.7410336618196,75.68131,321.57094439376516,97.34841,349.70882458768943
-55.28025139718762,21.98,137.98142815142853,155.0,569.1703758804483,760.1810531273529,10.432150001454795,1146.4185628738428,4280.4656539703265,11.928510693289317,-604.4435933187789,85.40693049308166,94.95991,335.7410336618196,-136.45476492030056,109.43486947346462,97.34841,349.70882458768943
-55.28025139718762,21.98,137.98142815142853,155.0,569.1703758804484,760.181053127353,10.432150001454795,-1769.1863091212085,1364.8607819752751,11.928510693289317,-604.4435933187788,85.40693049308166,94.95991,335.7410336618196,-136.45476492030048,109.4348694734647,97.34841,349.70882458768943
-55.28025139718762,21.98,137.98142815142853,155.0,569.1703758804483,656.6716662245199,10.432150001454797,1146.4185628738428,4280.4656539703265,11.928510693289319,-604.4435933187789,104.7659009000291,94.95991,335.7410336618196,-147.64482585953905,98.24480853422614,97.34841,349.70882458768943
-55.28025139718762,21.98,137.98142815142853,155.0,569.1703758804484,541.3974513442299,10.432150001454797,1146.4185628738428,4280.4656539703265,11.928510693289319,-604.4435933187788,104.27133680002909,94.95991,335.7410336618196,75.68131,321.57094439376516,97.34841,349.70882458768943
-55.28025139718762,21.98,137.98142815142853,155.0,569.1703758804484,760.181053127353,10.432150001454797,-1769.1863091212085,1364.8607819752751,11.928510693289319,-604.4435933187788,85.40693049308166,94.95991,335.7410336618196,75.68131,321.57094439376516,97.34841,349.70882458768943
-55.497675042497995,21.98,137.76400450611814,155.0,568.2633122919549,760.2189106103856,10.160817986087503,-1784.2628564890952,1349.7842346073887,11.618259513399346,-604.4435933187788,85.40731968472687,94.95991,335.7410336618196,75.68131,321.57094439376516,97.34841,349.70882458768943
-54.62573501190851,21.98,138.63594453670763,155.0,569.415201616428,761.4548309524678,0.0,-1800.6867463597603,1333.3603447367234,11.71986769326022,-604.4435933187788,85.3046954230674,94.95991,335.7410336618196,-193.3985029249278,52.491131468837395,97.34841,349.70882458768943
-54.62573501190851,21.98,138.63594453670763,155.0,569.415201616428,790.5466106352526,0.0,-1800.6867463597603,1333.3603447367234,11.71986769326022,-604.4435933187788,104.06269379999999,94.95991,335.7410336618196,75.68131,321.57094439376516,97.34841,349.70882458768943
-54.62573501190851,21.98,138.63594453670763,155.0,569.415201616428,86.4192,0.0,-1800.6867463597603,1333.3603447367234,11.71986769326022,-604.4435933187788,85.3046954230674,94.95991,335.7410336618196,75.68131,321.57094439376516,97.34841,349.70882458768943
-54.62573501190851,21.98,138.63594453670763,155.0,569.415201616428,761.4548309524678,0.0,-1800.6867463597603,1333.3603447367234,11.71986769326022,-604.4435933187788,85.3046954230674,94.95991,335.7410336618196,75.68131,321.57094439376516,97.34841,349.70882458768943
-54.62573501190851,21.98,138.63594453670763,155.0,569.415201616428,761.4548309524678,0.0,-1800.6867463597603,1333.3603447367234,11.71986769326022,-604.4435933187788,85.3046954230674,94.95991,335.7410336618196,75.68131,321.57094439376516,97.34841,349.70882458768943
-54.62573501190851,21.98,138.63594453670763,155.0,569.415201616428,791.3136300979427,0.0,-1800.6867463597603,1333.3603447367234,11.71986769326022,-604.4435933187788,104.55725790000001,94.95991,335.7410336618196,75.68131,321.57094439376516,97.34841,349.70882458768943
-54.8426884072991,21.98,138.41899114131704,155.0,569.415201616428,790.5466106352526,0.0,-1800.3856710420905,1333.6614200543931,11.71986769326022,-604.4435933187788,104.06269379999999,94.95991,335.7410336618196,75.68131,321.57094439376516,97.34841,349.70882458768943
-54.62573501190851,21.98,138.63594453670763,155.0,569.415201616428,656.6716662245199,0.0,-1800.686746359761,1333.360344736723,11.71986769326022,-604.4435933187789,104.55725790000001,94.95991,335.7410336618196,75.68131,321.57094439376516,97.34841,349.70882458768943
-55.497675042497995,21.98,137.76400450611814,155.0,568.2633122919549,656.6716662245199,10.160817986087503,1146.2873608659186,4280.334451962402,11.618259513399346,-604.4435933187788,104.76047425972175,94.95991,335.7410336618196,-147.60862124831033,98.28101314545485,97.34841,349.70882458768943
-89.33084019966242,21.98,103.93083934895373,155.0,569.1703758804484,656.6716662245199,10.432150001454795,-1721.9328802357734,1412.1142108607105,11.928510693289317,-604.4435933187788,104.27133680002909,94.95991,335.7410336618196,75.68131,321.57094439376516,97.34841,349.70882458768943
-89.33084019966242,21.98,103.93083934895373,155.0,569.1703758804484,789.4378608687979,10.432150001454795,-1721.9328802357734,1412.1142108607105,11.928510693289317,-604.4435933187788,104.27133680002909,94.95991,335.7410336618196,75.68131,321.57094439376516,97.34841,349.70882458768943
-89.33084019966242,21.98,103.93083934895373,155.0,569.1703758804484,760.181053127353,10.432150001454795,-1721.9328802357734,1412.1142108607105,11.928510693289317,-604.4435933187788,85.40693049308166,94.95991,335.7410336618196,-194.9227768589021,50.96685753486311,97.34841,349.70882458768943
-55.49720479257822,21.98,137.7644747560379,155.0,569.1703758804484,656.6716662245199,10.432150001454795,-1768.885233803539,1365.161857292945,11.928510693289317,-604.4435933187788,104.7659009000291,94.95991,335.7410336618196,75.68131,321.57094439376516,97.34841,349.70882458768943
-89.33084019966242,21.98,103.93083934895373,155.0,569.1703758804483,656.6716662245199,10.432150001454795,1132.3152305355545,4266.362321632038,11.928510693289317,-604.4435933187789,85.40693049308166,94.95991,335.7410336618196,75.68131,321.57094439376516,97.34841,349.70882458768943
-55.28025139718762,21.98,137.98142815142853,155.0,569.1703758804484,789.4378608687979,10.432150001454795,1146.4185628738428,4280.4656539703265,11.928510693289317,-604.4435933187788,104.27133680002909,94.95991,335.7410336618196,75.68131,321.57094439376516,97.34841,349.70882458768943
-55.28025139718762,21.98,137.98142815142853,155.0,569.1703758804484,760.181053127353,10.432150001454795,-1769.1863091212085,1364.8607819752751,11.928510693289317,-604.4435933187788,85.40693049308166,94.95991,335.7410336618196,75.68131,321.57094439376516,97.34841,349.70882458768943
-55.49720479257822,21.98,137.7644747560379,155.0,569.1703758804483,86.4192,10.432150001454795,1146.3287034633388,4280.375794559823,11.928510693289317,-604.4435933187789,85.40693049308166,94.95991,335.7410336618196,75.68131,321.57094439376516,97.34841,349.70882458768943
-55.28025139718762,21.98,137.98142815142853,155.0,569.1703758804483,656.6716662245199,10.432150001454795,-1769.1863091212092,1364.8607819752744,11.928510693289317,-604.4435933187789,104.7659009000291,94.95991,335.7410336618196,-147.64482585953905,98.24480853422614,97.34841,349.70882458768943
-55.28025139718762,21.98,137.98142815142853,155.0,569.1703758804484,737.4957112610712,10.432150001454795,-1769.1863091212085,1364.8607819752751,11.928510693289317,-604.4435933187788,104.7659009000291,94.95991,335.7410336618196,-136.45476492030048,109.4348694734647,97.34841,349.70882458768943
-55.28025139718762,21.98,137.98142815142853,155.0,569.1703758804484,656.6716662245199,10.432150001454795,-1769.1863091212085,1364.8607819752751,11.928510693289317,-604.4435933187788,85.40693049308166,94.95991,335.7410336618196,75.68131,321.57094439376516,97.34841,349.70882458768943
-55.49720479257822,21.98,137.7644747560379,155.0,569.1703758804483,760.1810531273529,10.432150001454795,-1768.88523380354,1365.161857292944,11.928510693289315,-604.4435933187789,85.40693049308166,94.95991,335.7410336618196,75.68131,321.57094439376516,97.34841,349.70882458768943
-55.28025139718763,21.98,137.9814281514285,155.0,569.1703758804483,656.6716662245199,10.4321500014548,1146.4185628738428,4280.4656539703265,11.928510693289317,-604.4435933187789,85.40693049308166,94.95991,335.7410336618196,-194.92277685890213,50.96685753486307,97.34841,349.70882458768943
-55.28025139718762,21.98,137.98142815142853,155.0,569.1703758804483,697.7138368038778,10.432150001454795,-1769.1863091212092,1364.8607819752744,11.928510693289317,-604.4435933187789,85.40693049308166,94.95991,335.7410336618196,-194.92277685890213,50.96685753486307,97.34841,349.70882458768943
-89.76726204936281,21.98,103.49441749925333,155.0,568.2633122919549,698.1831597463494,10.160817986087501,-1736.7055146188595,1397.3415764776241,11.618259513399346,-604.4435933187788,85.40731968472687,94.95991,335.7410336618196,-195.37666911049075,50.51296528327444,97.34841,349.70882458768943
-55.49767504249799,21.98,137.76400450611814,155.0,86.55,656.6716662245199,10.160817986087501,-1784.2628564890952,1349.7842346073887,11.618259513399346,-604.4435933187788,85.40731968472687,94.95991,335.7410336618196,-455.6518980211344,-209.7622636273692,97.34841,349.70882458768943
-55.465419636989125,21.98,137.796259911627,155.0,568.3059237743491,656.6716662245199,9.784942016473577,-1784.8704203228751,1349.1766707736087,11.622018273095485,-604.4435933187788,85.40352333743378,94.95991,335.7410336618196,-195.30349142597026,50.58614296779491,97.34841,349.70882458768943
-55.481547339743564,21.98,137.78013220887257,155.0,568.284618033152,760.2417706181913,9.972880001280538,-1784.566638405985,1349.4804526904989,11.620138893247415,-604.4435933187788,85.40542151108033,94.95991,335.7410336618196,-195.34008026823048,50.54955412553472,97.34841,349.70882458768943
-89.77507219521985,21.98,103.4866073533963,155.0,568.284618033152,598.7750876717867,9.972880001280538,-1736.9760769801758,1397.0710141163079,11.620138893247415,-604.4435933187788,104.75671550002562,94.95991,335.7410336618196,-195.34008026823048,50.54955412553472,97.34841,349.70882458768943
-89.77507219521985,21.98,103.4866073533963,155.0,568.284618033152,760.2417706181913,9.972880001280538,-1736.9760769801758,1397.0710141163079,11.620138893247415,-604.4435933187788,85.40542151108033,94.95991,335.7410336618196,-195.34008026823048,50.54955412553472,97.34841,349.70882458768943
-89.77507219521985,21.98,103.4866073533963,155.0,426.19207683974304,646.5095421165269,9.972880001280538,-1736.9760769801758,1397.0710141163079,11.620138893247415,-604.4435933187788,104.26215140002562,94.95991,335.7410336618196,-272.1143103795938,-26.22467598582861,97.34841,349.70882458768943
-55.41067272422172,21.98,137.8510068243944,155.0,520.248488827549,656.6716662245199,9.146969912412994,-1785.9016348955597,1348.145456200924,11.62839799413609,-604.4435933187788,85.39707981918276,94.95991,335.7410336618196,-221.1843483962119,24.705285997553283,97.34841,349.70882458768943
-89.75894449246545,21.98,103.5027350561507,155.0,568.3059237743491,790.2736668905478,9.784942016473577,-1737.279858897066,1396.7672321994178,11.622018273095485,-604.4435933187788,104.75295674032947,94.95991,335.7410336618196,-195.30349142597026,50.58614296779491,97.34841,349.70882458768943
-89.76726204936284,21.98,103.4944174992533,155.0,568.2633122919549,86.4192,10.160817986087501,-1736.70551461886,1397.341576477624,11.618259513399346,-604.4435933187789,104.26591015972174,94.95991,335.7410336618196,-195.37666911049072,50.51296528327448,97.34841,349.70882458768943
-88.83008863031614,21.98,104.4315909183,155.0,570.0866425892367,600.9886335847616,11.350690001803315,-1704.96218017156,1429.0849109249236,12.259845993339933,-604.4435933187789,104.78427170003607,94.95991,335.7410336618196,-194.55027087880597,51.33936351495922,97.34841,349.70882458768943
-88.8827642468975,21.98,104.37891530171865,155.0,570.1016614746766,789.4082530843574,10.710727601052033,1132.5430646753116,4266.590155771795,12.247046745324907,-604.4435933187788,104.27690835202104,94.95991,335.7410336618196,75.68131,321.57094439376516,97.34841,349.70882458768943
-88.8827642468975,21.98,104.37891530171865,155.0,241.45633293185526,656.6716662245199,10.710727601052033,-1706.765761012497,1427.2813300839869,12.247046745324907,-604.4435933187788,104.27690835202104,94.95991,335.7410336618196,-372.027605253564,-126.13797085979877,97.34841,349.70882458768943
-88.8827642468975,21.98,104.37891530171865,155.0,570.1016614746766,656.6716662245199,10.710727601052033,1132.5430646753116,4266.590155771795,12.247046745324907,-604.4435933187788,104.27690835202104,94.95991,335.7410336618196,-194.45676397888093,51.432870414884256,97.34841,349.70882458768943
-55.05702172366659,21.98,138.20465782494955,155.0,86.55,86.4192,10.710727601052033,1146.5532684683171,4280.600359564801,12.247046745324907,-604.4435933187788,104.77147245202104,94.95991,335.7410336618196,-455.7252740427359,-209.83563964897075,97.34841,349.70882458768943
-88.8827642468975,21.98,104.37891530171865,155.0,570.1016614746766,760.1421847072895,10.710727601052033,-1706.765761012497,1427.2813300839869,12.247046745324907,-604.4435933187788,85.40653090855727,94.95991,335.7410336618196,75.68131,321.57094439376516,97.34841,349.70882458768943
-55.05702172366659,21.98,138.20465782494955,155.0,570.1016614746766,599.9604902586839,10.710727601052033,-1753.7071612946077,1380.3399298018762,12.247046745324907,-604.4435933187788,85.40653090855727,94.95991,335.7410336618196,-194.45676397888093,51.432870414884256,97.34841,349.70882458768943
-55.05702172366659,21.98,138.20465782494955,155.0,570.1016614746766,760.1421847072895,10.710727601052033,1146.5532684683171,4280.600359564801,12.247046745324907,-604.4435933187788,85.40653090855727,94.95991,335.7410336618196,75.68131,321.57094439376516,97.34841,349.70882458768943
-55.05702172366659,21.98,138.20465782494955,155.0,570.1016614746765,570.1016614746765,10.710727601052033,-1753.707161294608,1380.3399298018755,12.247046745324907,-604.4435933187789,85.40653090855727,94.95991,335.7410336618196,-194.45676397888099,51.43287041488422,97.34841,349.70882458768943
-55.05702172366659,21.98,138.20465782494955,155.0,570.1016614746766,656.6716662245199,10.710727601052033,-1753.7071612946077,1380.3399298018762,12.247046745324907,-604.4435933187788,104.77147245202104,94.95991,335.7410336618196,-194.45676397888093,51.432870414884256,97.34841,349.70882458768943
-55.05702172366659,21.98,138.20465782494955,155.0,86.55,656.6716662245199,10.710727601052033,-1753.707161294608,1380.3399298018755,12.247046745324907,-604.4435933187789,85.40653090855727,94.95991,335.7410336618196,-455.72527404273586,-209.83563964897067,97.34841,349.70882458768943
-88.6658108515069,21.98,104.59586869710924,155.0,570.1016614746766,86.4192,10.710727601052033,-1707.0668363301663,1426.9802547663173,12.247046745324907,-604.4435933187788,85.40653090855727,94.95991,335.7410336618196,75.68131,321.57094439376516,97.34841,349.70882458768943
-88.8827642468975,21.98,104.37891530171865,155.0,570.1016614746766,760.1421847072895,10.710727601052033,1132.5430646753116,4266.590155771795,12.247046745324907,-604.4435933187788,85.40653090855727,94.95991,335.7410336618196,75.68131,321.57094439376516,97.34841,349.70882458768943
-55.05702172366659,21.98,138.20465782494955,155.0,570.1016614746765,789.4082530843573,10.710727601052033,-1753.707161294608,1380.3399298018755,12.247046745324907,-604.4435933187789,104.27690835202104,94.95991,335.7410336618196,-194.45676397888099,51.43287041488422,97.34841,349.70882458768943
-55.28025139718761,21.98,137.98142815142853,155.0,569.1703758804484,656.6716662245199,10.432150001454799,-1769.1863091212085,1364.8607819752751,11.928510693289319,-604.4435933187788,104.7659009000291,94.95991,335.7410336618196,-194.9227768589021,50.96685753486311,97.34841,349.70882458768943
-55.28025139718762,21.98,137.98142815142853,155.0,333.9981371636994,599.5129363094451,10.432150001454799,-1769.1863091212085,1364.8607819752751,11.928510693289319,-604.4435933187788,104.27133680002909,94.95991,335.7410336618196,-321.98903536481777,-76.09940097105256,97.34841,349.70882458768943
-55.28025139718762,21.98,137.98142815142853,155.0,569.1703758804483,760.1810531273529,10.432150001454799,-1769.1863091212092,1364.8607819752744,11.928510693289319,-604.4435933187789,85.40693049308166,94.95991,335.7410336618196,-194.92277685890213,50.96685753486307,97.34841,349.70882458768943
-55.28025139718761,21.98,137.98142815142853,155.0,569.1703758804484,760.181053127353,10.432150001454795,-1769.1863091212085,1364.8607819752751,11.928510693289319,-604.4435933187788,85.40693049308166,94.95991,335.7410336618196,-194.9227768589021,50.96685753486311,97.34841,349.70882458768943
-55.28025139718762,21.98,137.98142815142853,155.0,569.1703758804484,656.6716662245199,10.432150001454799,-1769.1863091212085,1364.8607819752751,11.928510693289319,-604.4435933187788,104.7659009000291,94.95991,335.7410336618196,-194.9227768589021,50.96685753486311,97.34841,349.70882458768943
-55.28025139718761,21.98,137.98142815142853,155.0,569.1703758804484,656.6716662245199,10.432150001454797,-1769.1863091212085,1364.8607819752751,11.928510693289319,-604.4435933187788,85.40693049308166,94.95991,335.7410336618196,-136.45476492030048,109.4348694734647,97.34841,349.70882458768943
-55.28025139718761,21.98,137.98142815142853,155.0,569.1703758804483,656.6716662245199,10.432150001454797,-1769.1863091212092,1364.8607819752744,11.928510693289319,-604.4435933187789,85.40693049308166,94.95991,335.7410336618196,-136.45476492030056,109.43486947346462,97.34841,349.70882458768943
-87.90665183741079,21.98,105.35502771120534,155.0,431.1784441058577,656.6716662245199,10.432150001454795,-1723.9092861030997,1410.1378049933842,11.928510693289317,-604.4435933187788,104.27133680002909,94.95991,335.7410336618196,-269.4814006585404,-23.591766264775185,97.34841,349.70882458768943
-55.28025139718762,21.98,137.98142815142853,155.0,569.1703758804484,697.7138368038777,10.432150001454799,-1769.1863091212085,1364.8607819752751,11.928510693289319,-604.4435933187788,85.40693049308166,94.95991,335.7410336618196,-194.9227768589021,50.96685753486311,97.34841,349.70882458768943
-85.85522520048183,21.98,107.40645434813432,155.0,86.55,602.3477669685478,12.196675421508717,-1626.7481904699075,1507.2989006265764,13.946135088908513,-604.4435933187789,104.80119140843017,94.95991,335.7410336618196,-455.9235483343748,-210.0339139406096,97.34841,349.70882458768943
-54.14203759444631,21.98,139.11964195416982,155.0,574.966048387155,656.6716662245199,16.591535233351507,-1657.8700433871504,1476.1770477093335,14.034032285145365,-604.4435933187788,104.88908860466704,94.95991,335.7410336618196,-192.61317300221666,53.27646139154852,97.34841,349.70882458768943
-54.14203759444631,21.98,139.11964195416982,155.0,574.966048387155,759.3982409062071,16.591535233351507,1147.8240751015303,4281.871166198014,14.034032285145365,-604.4435933187788,85.44746912948206,94.95991,335.7410336618196,-192.61317300221666,53.27646139154852,97.34841,349.70882458768943
-86.13096009285347,21.98,107.13071945576267,155.0,574.966048387155,681.6207998076898,16.591535233351507,-1613.4776752208088,1520.569415875675,14.034032285145365,-604.4435933187788,85.44746912948206,94.95991,335.7410336618196,-192.61317300221666,53.27646139154852,97.34841,349.70882458768943
-86.49270314229786,21.98,106.76897640631829,155.0,575.0691886590846,575.0691886590844,12.19667542150872,1133.758344166151,4267.805435262634,13.946135088908513,-604.4435933187788,85.404399503326,94.95991,335.7410336618196,-191.97102634465043,53.91860804911475,97.34841,349.70882458768943
-53.866302702074684,21.98,139.39537684654144,155.0,523.69451064573,675.774857634256,12.196675421508717,-1671.1405586362484,1462.9065324602354,13.946135088908513,-604.4435933187788,85.404399503326,94.95991,335.7410336618196,-219.72935425241704,26.16028014134815,97.34841,349.70882458768943
-86.49270314229786,21.98,106.76897640631829,155.0,575.0691886590846,656.6716662245199,12.196675421508717,1133.758344166151,4267.805435262634,13.946135088908513,-604.4435933187788,104.80119140843017,94.95991,335.7410336618196,-191.97102634465043,53.91860804911475,97.34841,349.70882458768943
-86.49270314229783,21.98,106.76897640631832,155.0,86.55,515.067361946638,12.196675421508717,-1625.8635356181398,1508.183555478344,13.946135088908513,-604.4435933187788,104.80119140843017,94.95991,335.7410336618196,-455.92354833437486,-210.0339139406097,97.34841,349.70882458768943
-86.49270314229786,21.98,106.76897640631829,155.0,575.0691886590846,759.9348584751676,12.196675421508717,-1625.8635356181405,1508.1835554783434,13.946135088908513,-604.4435933187789,85.404399503326,94.95991,335.7410336618196,-191.9710263446504,53.918608049114795,97.34841,349.70882458768943
-53.866302702074684,21.98,139.39537684654144,155.0,575.0691886590846,656.6716662245199,12.19667542150872,1147.2717953161382,4281.318886412622,13.946135088908513,-604.4435933187788,85.404399503326,94.95991,335.7410336618196,75.68131,321.57094439376516,97.34841,349.70882458768943
-54.14203759444631,21.98,139.11964195416982,155.0,574.966048387155,681.6207998076898,16.591535233351507,-1657.8700433871504,1476.1770477093335,14.034032285145365,-604.4435933187788,85.44746912948206,94.95991,335.7410336618196,-192.61317300221666,53.27646139154852,97.34841,349.70882458768943
-54.14203759444631,21.98,139.11964195416982,155.0,574.9660483871548,788.7832290875814,16.591535233351507,-1657.8700433871509,1476.1770477093328,14.034032285145365,-604.4435933187789,104.39452450466702,94.95991,335.7410336618196,-192.61317300221663,53.276461391548565,97.34841,349.70882458768943
-86.13096009285347,21.98,107.13071945576267,155.0,574.9660483871548,681.6207998076898,16.591535233351507,-1613.4776752208095,1520.5694158756744,14.034032285145365,-604.4435933187789,85.44746912948206,94.95991,335.7410336618196,-192.61317300221663,53.276461391548565,97.34841,349.70882458768943
-58.387030908170956,21.98,134.87464864044517,155.0,573.3781834602602,718.108401570529,84.25127301831702,-1453.5678311514234,1680.4792599450602,15.387227040844678,-604.4435933187789,106.24228336036636,94.95991,335.7410336618196,-124.29975084796686,121.58988354579833,97.34841,349.70882458768943
-86.13096009285347,21.98,107.13071945576267,155.0,574.966048387155,681.6207998076898,16.591535233351507,1134.574659423115,4268.621750519598,14.034032285145365,-604.4435933187788,104.88908860466704,94.95991,335.7410336618196,-192.61317300221666,53.27646139154852,97.34841,349.70882458768943
-87.00294270431604,21.98,106.25873684430009,155.0,574.0087015903616,790.0510584474608,11.879449487982338,1133.4989015628041,4267.545992659288,13.583407085598514,-604.4435933187788,104.79484688975964,94.95991,335.7410336618196,75.68131,321.57094439376516,97.34841,349.70882458768943
-54.120502040700195,21.98,139.14117750791593,155.0,574.0087015903616,656.6716662245199,11.879449487982338,-1688.7671988491934,1445.2798922472905,13.583407085598514,-604.4435933187788,85.40485452402383,94.95991,335.7410336618196,75.68131,321.57094439376516,97.34841,349.70882458768943
-53.88601714706571,21.98,139.37566240155044,155.0,338.1027916064882,597.4482066787587,9.146969912412992,-1693.1839636888392,1440.8631274076447,13.610731881354205,-604.4435933187788,104.74019729824826,94.95991,335.7410336618196,-319.599758204458,-73.71012381069282,97.34841,349.70882458768943
-87.06308818315671,21.98,106.19859136545944,155.0,574.1727758637253,760.1551628775272,10.432150001454797,-1645.2184430871987,1488.828648009285,13.597880080463788,-604.4435933187789,85.39023679920992,94.95991,335.7410336618196,75.68131,321.57094439376516,97.34841,349.70882458768943
-53.99630354011856,21.98,139.26537600849758,155.0,523.7859097883479,599.5129363094451,10.432150001454797,-1691.1066057167454,1442.9404853797384,13.597880080463788,-604.4435933187788,104.7659009000291,94.95991,335.7410336618196,-219.44452454510585,26.445109848659328,97.34841,349.70882458768943
-53.99630354011857,21.98,139.26537600849758,155.0,86.55,599.512936309445,10.432150001454797,-1691.1066057167461,1442.9404853797378,13.597880080463788,-604.4435933187789,104.7659009000291,94.95991,335.7410336618196,-455.68810263236315,-209.79846823859796,97.34841,349.70882458768943
-53.99630354011856,21.98,139.26537600849758,155.0,574.1727758637253,699.552869787622,10.432150001454797,-1691.1066057167461,1442.9404853797378,13.597880080463788,-604.4435933187789,85.39023679920992,94.95991,335.7410336618196,-192.21992275973844,53.66971163402675,97.34841,349.70882458768943
-85.64376945895255,21.98,107.6179100896636,155.0,437.72532778724616,790.3590795711619,8.981300001699678,-1649.3604587655254,1484.6866323309584,13.61238858046134,-604.4435933187788,104.736883900034,94.95991,335.7410336618196,-265.7504532102917,-19.860818816526532,97.34841,349.70882458768943
-53.82851288316164,21.98,139.4331666654545,155.0,86.55,790.412691817572,8.47686607676498,1146.723333840448,4280.770424936932,13.617432919710687,-604.4435933187788,104.7267952215353,94.95991,335.7410336618196,-455.42720347440917,-209.53756908064398,97.34841,349.70882458768943
-87.00294270431604,21.98,106.25873684430009,155.0,433.2802617927913,656.6716662245199,11.879449487982338,1133.4989015628041,4267.545992659288,13.583407085598514,-604.4435933187788,85.40485452402383,94.95991,335.7410336618196,-268.5388817832382,-22.649247389472986,97.34841,349.70882458768943
-53.866302702074684,21.98,139.39537684654144,155.0,575.0691886590846,656.6716662245199,12.196675421508717,-1671.1405586362484,1462.9065324602354,13.946135088908513,-604.4435933187788,85.404399503326,94.95991,335.7410336618196,75.68131,321.57094439376516,97.34841,349.70882458768943
-82.06473754403332,21.98,111.19694200458282,155.0,86.55,86.4192,12.196675421508717,-1632.0084090216073,1502.0386820748763,13.946135088908513,-604.4435933187788,104.30662730843017,94.95991,335.7410336618196,-455.92354833437486,-210.0339139406097,97.34841,349.70882458768943
-86.49270314229786,21.98,106.76897640631829,155.0,575.0691886590846,759.9348584751676,12.196675421508717,-1625.8635356181405,1508.1835554783434,13.946135088908513,-604.4435933187789,85.404399503326,94.95991,335.7410336618196,-191.9710263446504,53.918608049114795,97.34841,349.70882458768943
-86.49270314229786,21.98,106.76897640631829,155.0,575.0691886590846,694.6617374742616,12.196675421508717,1133.758344166151,4267.805435262634,13.946135088908513,-604.4435933187788,85.404399503326,94.95991,335.7410336618196,-191.97102634465043,53.91860804911475,97.34841,349.70882458768943
-53.866302702074684,21.98,139.39537684654144,155.0,575.0691886590846,656.6716662245199,12.196675421508717,-1671.1405586362484,1462.9065324602354,13.946135088908513,-604.4435933187788,104.80119140843017,94.95991,335.7410336618196,-191.97102634465043,53.91860804911475,97.34841,349.70882458768943
-86.49270314229786,21.98,106.76897640631829,155.0,434.5934423635026,643.0186198272743,12.196675421508717,-1625.8635356181398,1508.183555478344,13.946135088908513,-604.4435933187788,104.30662730843017,94.95991,335.7410336618196,-267.8716836246314,-21.98204923086621,97.34841,349.70882458768943
-53.866302702074684,21.98,139.39537684654144,155.0,86.55,602.347766968548,12.196675421508717,-1671.1405586362484,1462.9065324602354,13.946135088908513,-604.4435933187788,104.30662730843017,94.95991,335.7410336618196,-455.92354833437486,-210.0339139406097,97.34841,349.70882458768943
-53.866302702074684,21.98,139.39537684654144,155.0,575.0691886590846,694.6617374742616,12.196675421508717,-1671.1405586362484,1462.9065324602354,13.946135088908513,-604.4435933187788,85.404399503326,94.95991,335.7410336618196,-191.97102634465043,53.91860804911475,97.34841,349.70882458768943
-53.866302702074684,21.98,139.39537684654144,155.0,575.0691886590846,602.3477669685478,12.196675421508717,-1671.1405586362491,1462.9065324602348,13.946135088908513,-604.4435933187789,104.30662730843017,94.95991,335.7410336618196,75.68131,321.57094439376516,97.34841,349.70882458768943
-53.866302702074684,21.98,139.39537684654144,155.0,575.0691886590846,656.6716662245199,12.196675421508717,-1671.1405586362484,1462.9065324602354,13.946135088908513,-604.4435933187788,104.80119140843017,94.95991,335.7410336618196,-191.97102634465043,53.91860804911475,97.34841,349.70882458768943
-54.08325609746528,21.98,139.17842345115085,155.0,575.0691886590846,790.0173430407938,12.196675421508717,-1670.8394833185791,1463.2076077779047,13.946135088908513,-604.4435933187788,104.80119140843017,94.95991,335.7410336618196,75.68131,321.57094439376516,97.34841,349.70882458768943
-53.866302702074684,21.98,139.39537684654144,155.0,575.0691886590846,759.9348584751676,12.196675421508717,-1671.1405586362491,1462.9065324602348,13.946135088908513,-604.4435933187789,85.404399503326,94.95991,335.7410336618196,75.68131,321.57094439376516,97.34841,349.70882458768943
-53.866302702074684,21.98,139.39537684654144,155.0,337.5227127304006,602.347766968548,12.196675421508717,-1671.1405586362484,1462.9065324602354,13.946135088908513,-604.4435933187788,104.30662730843017,94.95991,335.7410336618196,-320.3201124537402,-74.430478059975,97.34841,349.70882458768943
-53.86630270207467,21.98,139.39537684654147,155.0,337.52271273040066,656.6716662245199,12.196675421508717,-1671.1405586362484,1462.9065324602354,13.946135088908513,-604.4435933187788,85.404399503326,94.95991,335.7410336618196,-320.3201124537402,-74.430478059975,97.34841,349.70882458768943
-54.120502040700195,21.98,139.14117750791593,155.0,336.8890654268685,608.0381191437775,11.879449487982338,-1688.7671988491934,1445.2798922472905,13.583407085598514,-604.4435933187788,85.40485452402383,94.95991,335.7410336618196,-320.6201509923938,-74.73051659862861,97.34841,349.70882458768943
-54.120502040700195,21.98,139.14117750791593,155.0,574.0087015903615,601.8381218299727,11.879449487982338,-1688.767198849194,1445.2798922472898,13.583407085598514,-604.4435933187789,104.30028278975963,94.95991,335.7410336618196,75.68131,321.57094439376516,97.34841,349.70882458768943
-54.120502040700195,21.98,139.14117750791593,155.0,574.0087015903616,715.1021503633187,11.879449487982338,-1688.7671988491934,1445.2798922472905,13.583407085598514,-604.4435933187788,56.468772942927494,94.95991,335.7410336618196,75.68131,321.57094439376516,97.34841,349.70882458768943
-53.99630354011856,21.98,139.26537600849758,155.0,574.1727758637253,699.552869787622,10.432150001454797,-1691.1066057167461,1442.9404853797378,13.597880080463788,-604.4435933187789,85.39023679920992,94.95991,335.7410336618196,-192.21992275973844,53.66971163402675,97.34841,349.70882458768943
-53.99630354011856,21.98,139.26537600849758,155.0,574.1727758637253,656.6716662245199,10.432150001454797,-1691.1066057167454,1442.9404853797384,13.597880080463788,-604.4435933187788,85.39023679920992,94.95991,335.7410336618196,-192.2199227597385,53.669711634026704,97.34841,349.70882458768943
-53.99630354011856,21.98,139.26537600849758,155.0,574.1727758637253,699.552869787622,10.432150001454797,-1691.1066057167454,1442.9404853797384,13.597880080463788,-604.4435933187788,85.39023679920992,94.95991,335.7410336618196,-192.2199227597385,53.669711634026704,97.34841,349.70882458768943
-53.99630354011856,21.98,139.26537600849758,155.0,574.1727758637253,789.4378608687979,10.432150001454797,1146.9503581810643,4280.997449277548,13.597880080463788,-604.4435933187788,104.27133680002909,94.95991,335.7410336618196,75.68131,321.57094439376516,97.34841,349.70882458768943
-53.956891762587546,21.98,139.30478778602858,155.0,574.224841377641,656.6716662245199,9.972880001280538,-1691.8489671992645,1442.1981238972191,13.602472780465531,-604.4435933187788,85.38559817220815,94.95991,335.7410336618196,-192.13050944816942,53.759124945595765,97.34841,349.70882458768943
-54.035715317649576,21.98,139.22596423096655,155.0,574.1207103498093,760.0992991531203,10.891420001629056,-1690.3642442342261,1443.6828468622575,13.593287380462048,-604.4435933187789,85.39487542621167,94.95991,335.7410336618196,-192.30933607130783,53.580298322457374,97.34841,349.70882458768943
-54.120502040700195,21.98,139.14117750791593,155.0,574.0087015903616,601.8381218299728,11.879449487982338,-1688.7671988491934,1445.2798922472905,13.583407085598514,-604.4435933187788,104.79484688975964,94.95991,335.7410336618196,-129.59841960271632,116.29121479104887,97.34841,349.70882458768943
-53.86630270207467,21.98,139.39537684654147,155.0,575.0691886590846,602.347766968548,12.196675421508717,-1671.1405586362484,1462.9065324602354,13.946135088908513,-604.4435933187788,104.80119140843017,94.95991,335.7410336618196,-191.97102634465043,53.91860804911475,97.34841,349.70882458768943
-53.866302702074684,21.98,139.39537684654144,155.0,575.0691886590846,759.9348584751677,12.196675421508717,-1671.1405586362484,1462.9065324602354,13.946135088908513,-604.4435933187788,85.404399503326,94.95991,335.7410336618196,-191.97102634465043,53.91860804911475,97.34841,349.70882458768943
-53.866302702074684,21.98,139.39537684654144,155.0,575.0691886590846,759.9348584751677,12.196675421508717,-1671.1405586362484,1462.9065324602354,13.946135088908513,-604.4435933187788,85.404399503326,94.95991,335.7410336618196,-191.97102634465043,53.91860804911475,97.34841,349.70882458768943
-54.08325609746528,21.98,139.17842345115085,155.0,575.0691886590846,86.4192,12.196675421508717,-1670.8394833185791,1463.2076077779047,13.946135088908513,-604.4435933187788,104.30662730843017,94.95991,335.7410336618196,-191.97102634465043,53.91860804911475,97.34841,349.70882458768943
-53.866302702074684,21.98,139.39537684654144,155.0,575.0691886590846,694.6617374742616,12.196675421508717,-1671.1405586362484,1462.9065324602354,13.946135088908513,-604.4435933187788,104.80119140843017,94.95991,335.7410336618196,-191.97102634465043,53.91860804911475,97.34841,349.70882458768943
-53.866302702074684,21.98,139.39537684654144,155.0,575.0691886590846,759.9348584751676,12.196675421508717,1147.2717953161382,4281.318886412622,13.946135088908513,-604.4435933187789,85.404399503326,94.95991,335.7410336618196,-191.9710263446504,53.918608049114795,97.34841,349.70882458768943
-53.866302702074684,21.98,139.39537684654144,155.0,575.0691886590846,656.6716662245199,12.196675421508717,-1671.1405586362484,1462.9065324602354,13.946135088908513,-604.4435933187788,104.80119140843017,94.95991,335.7410336618196,75.68131,321.57094439376516,97.34841,349.70882458768943
-53.79724068867885,21.98,139.46443885993727,155.0,333.8371032392239,86.4192,30.829791671633462,-1539.5846848753574,1594.462406221126,15.928568613563309,-604.4435933187789,85.57090633058071,94.95991,335.74103366181953,-324.7977598383549,-78.90812544458974,97.34841,349.7088245876894
-53.797240688678855,21.98,139.46443885993727,155.0,579.4557086799269,86.4192,30.829791671633462,-1539.5846848753579,1594.4624062211255,15.9285686135633,-604.4435933187789,104.67928963343266,94.95991,335.74103366181953,-192.08720954937598,53.80242484438918,97.34841,349.7088245876894
-82.77221131814318,21.98,110.48946823047294,155.0,579.4557086799269,656.6716662245199,30.829791671633462,-1499.3749040096166,1634.672187086867,15.928568613563309,-604.4435933187789,104.67928963343266,94.95991,335.74103366181953,-192.08720954937598,53.80242484438918,97.34841,349.7088245876894
-53.79724068867884,21.98,139.46443885993727,155.0,579.4557086799269,86.4192,30.829791671633462,-1539.5846848753574,1594.462406221126,15.928568613563309,-604.4435933187789,85.57090633058071,94.95991,335.74103366181953,-192.08720954937598,53.80242484438918,97.34841,349.7088245876894
-53.79724068867885,21.98,139.46443885993727,155.0,579.4557086799269,86.4192,30.829791671633462,-1539.5846848753574,1594.462406221126,15.928568613563309,-604.4435933187789,104.67928963343266,94.95991,335.74103366181953,-192.08720954937598,53.80242484438918,97.34841,349.7088245876894
-52.71809356240602,21.98,140.5435859862101,155.0,579.8593700631444,656.6716662245199,13.629573391206112,-1591.521667794165,1542.5254233023186,15.584564247954763,-604.4435933187789,104.3352852678241,94.95991,335.74103366181953,-189.57403207590502,56.31560231786015,97.34841,349.7088245876894
-55.71462843788861,21.98,137.54705111072752,155.0,568.2633122919548,760.2189106103857,10.160817986087503,-1783.9617811714259,1350.0853099250578,11.618259513399346,-604.4435933187789,85.40731968472689,94.95991,335.74103366181953,-104.20180438556565,141.6878300081995,97.34841,349.7088245876894
-54.62573501190851,21.98,138.63594453670763,155.0,569.4152016164281,761.4548309524677,0.0,-1800.68674635976,1333.3603447367234,11.719867693260221,-604.4435933187789,85.3046954230674,94.95991,335.74103366181953,75.68131,321.57094439376516,97.34841,349.7088245876894
-54.62573501190851,21.98,138.63594453670763,155.0,569.4152016164281,761.4548309524677,0.0,-1800.68674635976,1333.3603447367234,11.719867693260221,-604.4435933187789,85.3046954230674,94.95991,335.74103366181953,75.68131,321.57094439376516,97.34841,349.7088245876894
-54.62573501190851,21.98,138.63594453670763,155.0,569.4152016164281,761.4548309524677,0.0,-1800.68674635976,1333.3603447367234,11.719867693260221,-604.4435933187789,85.3046954230674,94.95991,335.74103366181953,75.68131,321.57094439376516,97.34841,349.7088245876894
-54.62573501190851,21.98,138.63594453670763,155.0,569.4152016164281,569.4152016164281,0.0,-1800.68674635976,1333.3603447367234,11.719867693260221,-604.4435933187789,85.3046954230674,94.95991,335.74103366181953,-193.39850292492764,52.49113146883752,97.34841,349.7088245876894
-54.62573501190851,21.98,138.63594453670763,155.0,569.4152016164281,761.4548309524677,0.0,-1800.68674635976,1333.3603447367234,11.719867693260221,-604.4435933187789,85.3046954230674,94.95991,335.74103366181953,75.68131,321.57094439376516,97.34841,349.7088245876894
-54.6257350119085,21.98,138.63594453670763,155.0,569.4152016164281,656.6716662245199,0.0,-1800.68674635976,1333.3603447367234,11.719867693260221,-604.4435933187789,85.3046954230674,94.95991,335.74103366181953,75.68131,321.57094439376516,97.34841,349.7088245876894
-54.62573501190851,21.98,138.63594453670763,155.0,569.4152016164281,761.4548309524677,0.0,-1800.68674635976,1333.3603447367234,11.719867693260221,-604.4435933187789,85.3046954230674,94.95991,335.74103366181953,75.68131,321.57094439376516,97.34841,349.7088245876894
-54.62573501190851,21.98,138.63594453670763,155.0,569.4152016164281,510.7020624275213,0.0,-1800.68674635976,1333.3603447367234,11.719867693260221,-604.4435933187789,85.3046954230674,94.95991,335.74103366181953,-193.39850292492764,52.49113146883752,97.34841,349.7088245876894
-54.62573501190851,21.98,138.63594453670763,155.0,569.4152016164281,656.6716662245199,0.0,-1800.68674635976,1333.3603447367234,11.719867693260221,-604.4435933187789,104.06269379999999,94.95991,335.74103366181953,75.68131,321.57094439376516,97.34841,349.7088245876894
-55.497675042497995,21.98,137.7640045061181,155.0,568.2633122919548,656.6716662245199,10.160817986087503,-1784.2628564890963,1349.7842346073874,11.618259513399346,-604.4435933187789,85.40731968472689,94.95991,335.74103366181953,-195.3766691104907,50.51296528327449,97.34841,349.7088245876894
-55.28025139718763,21.98,137.9814281514285,155.0,569.1703758804481,656.6716662245199,10.432150001454797,-1769.1863091212088,1364.8607819752747,11.928510693289319,-604.4435933187789,104.27133680002908,94.95991,335.74103366181953,75.68131,321.57094439376516,97.34841,349.7088245876894
-55.28025139718763,21.98,137.9814281514285,155.0,569.1703758804481,541.3974513442296,10.432150001454797,-1769.1863091212088,1364.8607819752747,11.928510693289319,-604.4435933187789,104.27133680002908,94.95991,335.74103366181953,75.68131,321.57094439376516,97.34841,349.7088245876894
-55.28025139718763,21.98,137.9814281514285,155.0,569.1703758804481,86.4192,10.432150001454797,-1769.1863091212088,1364.8607819752747,11.928510693289319,-604.4435933187789,104.27133680002908,94.95991,335.74103366181953,75.68131,321.57094439376516,97.34841,349.7088245876894
-55.28025139718762,21.98,137.9814281514285,155.0,569.1703758804481,512.1406436027848,10.432150001454797,-1769.1863091212088,1364.8607819752747,11.928510693289319,-604.4435933187789,85.40693049308166,94.95991,335.74103366181953,-136.4547649203005,109.43486947346466,97.34841,349.7088245876894
-55.28025139718763,21.98,137.9814281514285,155.0,569.1703758804481,737.4957112610712,10.432150001454797,-1769.1863091212088,1364.8607819752747,11.928510693289319,-604.4435933187789,104.7659009000291,94.95991,335.74103366181953,-136.4547649203005,109.43486947346466,97.34841,349.7088245876894
-55.28025139718763,21.98,137.9814281514285,155.0,569.1703758804481,760.181053127353,10.432150001454797,-1769.1863091212088,1364.8607819752747,11.928510693289319,-604.4435933187789,85.40693049308166,94.95991,335.74103366181953,75.68131,321.57094439376516,97.34841,349.7088245876894
-55.28025139718763,21.98,137.9814281514285,155.0,569.1703758804481,789.4378608687978,10.432150001454797,-1769.1863091212088,1364.8607819752747,11.928510693289319,-604.4435933187789,104.27133680002908,94.95991,335.74103366181953,75.68131,321.57094439376516,97.34841,349.7088245876894
-55.28025139718763,21.98,137.9814281514285,155.0,569.1703758804481,677.3820555395168,10.432150001454797,-1769.1863091212088,1364.8607819752747,11.928510693289319,-604.4435933187789,104.7659009000291,94.95991,335.74103366181953,-136.4547649203005,109.43486947346466,97.34841,349.7088245876894
-55.28025139718763,21.98,137.9814281514285,155.0,569.1703758804481,656.6716662245199,10.432150001454797,-1769.1863091212088,1364.8607819752747,11.928510693289319,-604.4435933187789,85.40693049308166,94.95991,335.74103366181953,75.68131,321.57094439376516,97.34841,349.7088245876894
-55.49720479257823,21.98,137.76447475603788,155.0,569.1703758804481,512.1406436027848,10.432150001454797,-1768.8852338035392,1365.1618572929444,11.928510693289317,-604.4435933187789,85.40693049308166,94.95991,335.74103366181953,75.68131,321.57094439376516,97.34841,349.7088245876894
-55.28025139718763,21.98,137.9814281514285,155.0,569.1703758804481,656.6716662245199,10.432150001454797,-1769.1863091212088,1364.8607819752747,11.928510693289319,-604.4435933187789,85.40693049308166,94.95991,335.74103366181953,-147.64482585953894,98.24480853422625,97.34841,349.7088245876894
-55.28025139718763,21.98,137.9814281514285,155.0,569.1703758804481,656.6716662245199,10.432150001454797,-1769.1863091212088,1364.8607819752747,11.928510693289319,-604.4435933187789,104.7659009000291,94.95991,335.74103366181953,75.68131,321.57094439376516,97.34841,349.7088245876894
-55.28025139718762,21.98,137.9814281514285,155.0,569.1703758804481,86.4192,10.432150001454797,-1769.1863091212088,1364.8607819752747,11.928510693289319,-604.4435933187789,85.40693049308166,94.95991,335.74103366181953,-194.92277685890218,50.966857534863,97.34841,349.7088245876894
-55.28025139718762,21.98,137.9814281514285,155.0,569.1703758804481,737.4957112610713,10.4321500014548,-1769.1863091212088,1364.8607819752747,11.928510693289322,-604.4435933187789,104.27133680002908,94.95991,335.74103366181953,-136.4547649203005,109.43486947346469,97.34841,349.7088245876894
-55.497675042497995,21.98,137.7640045061181,155.0,568.2633122919548,656.6716662245199,10.160817986087503,-1784.2628564890963,1349.7842346073874,11.618259513399346,-604.4435933187789,104.26591015972174,94.95991,335.74103366181953,75.68131,321.57094439376516,97.34841,349.7088245876894
-55.497675042498,21.98,137.7640045061181,155.0,568.2633122919548,437.34244535597867,10.160817986087503,-1784.2628564890954,1349.784234607388,11.618259513399346,-604.4435933187789,85.40731968472689,94.95991,335.74103366181953,75.68131,321.57094439376516,97.34841,349.7088245876894
-55.22500579851675,21.98,138.0366737500994,155.0,568.6235260454646,511.66831030639577,6.983371761231341,-1789.3988629541705,1344.6482281423132,11.650033975647908,-604.4435933187789,85.37522747785584,94.95991,335.74103366181953,-194.75806569814128,51.1315686956239,97.34841,349.7088245876894
-55.225005798516754,21.98,138.0366737500994,155.0,568.6235260454646,656.6716662245199,6.983371761231341,-1789.3988629541705,1344.6482281423132,11.650033975647908,-604.4435933187789,104.69692533522462,94.95991,335.74103366181953,75.68131,321.57094439376516,97.34841,349.7088245876894
-55.225005798516754,21.98,138.0366737500994,155.0,568.6235260454646,593.97223840806,6.983371761231341,-1789.3988629541705,1344.6482281423132,11.650033975647908,-604.4435933187789,103.74122750297063,94.95991,335.74103366181953,75.68131,321.57094439376516,97.34841,349.7088245876894
-55.297113701072426,21.98,137.9645658475437,155.0,568.5282668300943,511.78457512265487,7.823653486491034,-1788.0406362311946,1346.006454865289,11.641631158395311,-604.4435933187789,85.38371432328097,94.95991,335.74103366181953,75.68131,321.57094439376516,97.34841,349.7088245876894
-55.46541963698914,21.98,137.79625991162698,155.0,568.3059237743489,760.2646306259966,9.784942016473577,-1784.8704203228751,1349.1766707736085,11.622018273095486,-604.4435933187789,85.40352333743378,94.95991,335.74103366181953,75.68131,321.57094439376516,97.34841,349.7088245876894
-55.497675042498,21.98,137.7640045061181,155.0,568.2633122919548,86.4192,10.160817986087503,-1784.2628564890954,1349.784234607388,11.618259513399346,-604.4435933187789,104.26591015972174,94.95991,335.74103366181953,-195.37666911049064,50.51296528327454,97.34841,349.7088245876894
-55.497675042498,21.98,137.7640045061181,155.0,568.2633122919548,86.4192,10.160817986087503,-1784.2628564890954,1349.784234607388,11.618259513399346,-604.4435933187789,85.40731968472689,94.95991,335.74103366181953,-195.37666911049064,50.51296528327454,97.34841,349.7088245876894
-55.497675042497995,21.98,137.7640045061181,155.0,568.2633122919548,656.6716662245199,10.160817986087503,-1784.2628564890954,1349.784234607388,11.618259513399346,-604.4435933187789,104.26591015972174,94.95991,335.74103366181953,-147.6086212483101,98.28101314545508,97.34841,349.7088245876894
-55.28025139718763,21.98,137.9814281514285,155.0,569.1703758804481,789.4378608687978,10.432150001454797,-1769.1863091212088,1364.8607819752747,11.928510693289319,-604.4435933187789,104.27133680002908,94.95991,335.74103366181953,75.68131,321.57094439376516,97.34841,349.7088245876894
-55.28025139718763,21.98,137.9814281514285,155.0,569.1703758804481,656.6716662245199,10.432150001454797,-1769.1863091212088,1364.8607819752747,11.928510693289319,-604.4435933187789,104.27133680002908,94.95991,335.74103366181953,75.68131,321.57094439376516,97.34841,349.7088245876894
-55.28025139718762,21.98,137.9814281514285,155.0,569.170375880448,512.1406436027848,10.432150001454797,-1769.1863091212097,1364.860781975274,11.928510693289319,-604.4435933187789,85.40693049308166,94.95991,335.74103366181953,75.68131,321.57094439376516,97.34841,349.7088245876894
-55.28025139718762,21.98,137.9814281514285,155.0,569.1703758804481,656.6716662245199,10.432150001454797,-1769.1863091212088,1364.8607819752747,11.928510693289319,-604.4435933187789,85.40693049308166,94.95991,335.74103366181953,75.68131,321.57094439376516,97.34841,349.7088245876894
-55.28025139718763,21.98,137.9814281514285,155.0,569.1703758804481,677.3820555395168,10.432150001454797,-1769.1863091212088,1364.8607819752747,11.928510693289319,-604.4435933187789,104.27133680002908,94.95991,335.74103366181953,-136.4547649203005,109.43486947346466,97.34841,349.7088245876894
-55.28025139718763,21.98,137.9814281514285,155.0,569.1703758804481,520.2795123880851,10.432150001454797,-1769.1863091212088,1364.8607819752747,11.928510693289319,-604.4435933187789,104.7659009000291,94.95991,335.74103366181953,75.68131,321.57094439376516,97.34841,349.7088245876894
-55.28025139718763,21.98,137.9814281514285,155.0,569.1703758804481,512.1406436027848,10.432150001454797,-1769.1863091212088,1364.8607819752747,11.928510693289319,-604.4435933187789,85.40693049308166,94.95991,335.74103366181953,75.68131,321.57094439376516,97.34841,349.7088245876894
-55.28025139718762,21.98,137.9814281514285,155.0,569.1703758804481,789.4378608687978,10.432150001454797,-1769.1863091212088,1364.8607819752747,11.928510693289319,-604.4435933187789,104.27133680002908,94.95991,335.74103366181953,75.68131,321.57094439376516,97.34841,349.7088245876894
-55.28025139718763,21.98,137.9814281514285,155.0,569.170375880448,86.4192,10.432150001454797,1146.4185628738428,4280.4656539703265,11.928510693289319,-604.4435933187789,104.27133680002908,94.95991,335.74103366181953,-194.9227768589022,50.96685753486295,97.34841,349.7088245876894
-55.28025139718762,21.98,137.9814281514285,155.0,569.170375880448,520.2795123880851,10.432150001454797,-1769.1863091212097,1364.860781975274,11.928510693289319,-604.4435933187789,104.7659009000291,94.95991,335.74103366181953,75.68131,321.57094439376516,97.34841,349.7088245876894
-55.28025139718763,21.98,137.9814281514285,155.0,569.1703758804481,86.4192,10.432150001454797,-1769.1863091212088,1364.8607819752747,11.928510693289319,-604.4435933187789,85.40693049308166,94.95991,335.74103366181953,75.68131,321.57094439376516,97.34841,349.7088245876894
-55.28025139718762,21.98,137.9814281514285,155.0,569.1703758804481,86.4192,10.432150001454797,-1769.1863091212088,1364.8607819752747,11.928510693289319,-604.4435933187789,104.27133680002908,94.95991,335.74103366181953,75.68131,321.57094439376516,97.34841,349.7088245876894
-55.28025139718763,21.98,137.9814281514285,155.0,569.1703758804481,656.6716662245199,10.432150001454797,-1769.1863091212088,1364.8607819752747,11.928510693289319,-604.4435933187789,104.7659009000291,94.95991,335.74103366181953,-147.64482585953894,98.24480853422625,97.34841,349.7088245876894
-55.497675042497995,21.98,137.76400450611814,155.0,568.2633122919548,599.0770228863694,10.160817986087503,-1784.2628564890954,1349.784234607388,11.618259513399346,-604.4435933187789,85.40731968472689,94.95991,335.74103366181953,-195.37666911049064,50.51296528327454,97.34841,349.7088245876894
-55.497675042497995,21.98,137.7640045061181,155.0,568.2633122919548,599.0770228863694,10.160817986087503,-1784.2628564890954,1349.784234607388,11.618259513399346,-604.4435933187789,104.26591015972174,94.95991,335.74103366181953,75.68131,321.57094439376516,97.34841,349.7088245876894
-55.497675042497995,21.98,137.7640045061181,155.0,568.2633122919548,568.2633122919548,10.160817986087503,-1784.2628564890954,1349.784234607388,11.618259513399346,-604.4435933187789,104.26591015972174,94.95991,335.74103366181953,-195.37666911049064,50.51296528327454,97.34841,349.7088245876894
-55.225005798516754,21.98,138.0366737500994,155.0,568.6235260454646,86.4192,6.983371761231341,-1789.3988629541705,1344.6482281423132,11.650033975647908,-604.4435933187789,85.37522747785584,94.95991,335.74103366181953,75.68131,321.57094439376516,97.34841,349.7088245876894
-55.44195919390736,21.98,137.81972035470878,155.0,568.6235260454646,86.4192,6.983371761231341,-1789.097787636501,1344.9493034599827,11.650033975647908,-604.4435933187789,85.37522747785584,94.95991,335.74103366181953,-194.75806569814128,51.1315686956239,97.34841,349.7088245876894
-55.297113701072426,21.98,137.96456584754372,155.0,568.5282668300943,86.4192,7.823653486491034,-1788.0406362311946,1346.006454865289,11.641631158395311,-604.4435933187789,85.38371432328097,94.95991,335.74103366181953,-194.92165655249292,50.967977841272244,97.34841,349.7088245876894
-55.48154733974357,21.98,137.78013220887254,155.0,568.2846180331519,86.4192,9.97288000128054,-1784.5666384059855,1349.4804526904982,11.620138893247416,-604.4435933187789,85.40542151108035,94.95991,335.74103366181953,-195.3400802682305,50.54955412553467,97.34841,349.7088245876894
-55.48154733974357,21.98,137.78013220887254,155.0,568.2846180331519,86.4192,9.97288000128054,-1784.5666384059855,1349.4804526904982,11.620138893247416,-604.4435933187789,104.2621514000256,94.95991,335.74103366181953,75.68131,321.57094439376516,97.34841,349.7088245876894
-55.48154733974357,21.98,137.78013220887254,155.0,568.2846180331519,656.6716662245199,9.97288000128054,-1784.5666384059855,1349.4804526904982,11.620138893247416,-604.4435933187789,85.40542151108035,94.95991,335.74103366181953,75.68131,321.57094439376516,97.34841,349.7088245876894
-55.497675042498,21.98,137.7640045061181,155.0,568.2633122919548,737.3992789326329,10.160817986087503,-1784.2628564890954,1349.784234607388,11.618259513399346,-604.4435933187789,104.26591015972174,94.95991,335.74103366181953,-137.7401560991074,108.1494782946578,97.34841,349.7088245876894
-55.497675042497995,21.98,137.76400450611814,155.0,568.2633122919548,86.4192,10.160817986087503,-1784.2628564890954,1349.784234607388,11.618259513399346,-604.4435933187789,104.26591015972174,94.95991,335.74103366181953,75.68131,321.57094439376516,97.34841,349.7088245876894
-55.28025139718763,21.98,137.9814281514285,155.0,569.1703758804481,656.6716662245199,10.432150001454797,-1769.1863091212088,1364.8607819752747,11.928510693289319,-604.4435933187789,85.40693049308166,94.95991,335.74103366181953,75.68131,321.57094439376516,97.34841,349.7088245876894
-55.28025139718762,21.98,137.9814281514285,155.0,569.170375880448,86.4192,10.432150001454797,-1769.1863091212097,1364.860781975274,11.928510693289319,-604.4435933187789,85.40693049308166,94.95991,335.74103366181953,-136.45476492030073,109.43486947346446,97.34841,349.7088245876894
-55.28025139718763,21.98,137.9814281514285,155.0,569.1703758804481,569.1703758804481,10.432150001454797,-1769.1863091212088,1364.8607819752747,11.928510693289319,-604.4435933187789,104.7659009000291,94.95991,335.74103366181953,-194.92277685890218,50.966857534863,97.34841,349.7088245876894
-55.28025139718762,21.98,137.9814281514285,155.0,569.170375880448,512.1406436027848,10.432150001454797,-1769.1863091212097,1364.860781975274,11.928510693289319,-604.4435933187789,85.40693049308166,94.95991,335.74103366181953,-136.45476492030073,109.43486947346446,97.34841,349.7088245876894
-55.28025139718763,21.98,137.9814281514285,155.0,569.1703758804481,789.4378608687978,10.432150001454797,-1769.1863091212088,1364.8607819752747,11.928510693289319,-604.4435933187789,104.27133680002908,94.95991,335.74103366181953,75.68131,321.57094439376516,97.34841,349.7088245876894
-55.28025139718763,21.98,137.9814281514285,155.0,569.1703758804481,86.4192,10.432150001454797,-1769.1863091212088,1364.8607819752747,11.928510693289319,-604.4435933187789,104.27133680002908,94.95991,335.74103366181953,-194.92277685890218,50.966857534863,97.34841,349.7088245876894
-55.28025139718762,21.98,137.9814281514285,155.0,569.1703758804481,86.4192,10.432150001454797,1146.4185628738428,4280.4656539703265,11.928510693289319,-604.4435933187789,104.27133680002908,94.95991,335.74103366181953,75.68131,321.57094439376516,97.34841,349.7088245876894
-55.28025139718763,21.98,137.9814281514285,155.0,569.1703758804481,512.1406436027848,10.432150001454797,-1769.1863091212088,1364.8607819752747,11.928510693289319,-604.4435933187789,85.40693049308166,94.95991,335.74103366181953,-194.92277685890218,50.966857534863,97.34841,349.7088245876894
-55.28025139718763,21.98,137.9814281514285,155.0,569.1703758804481,656.6716662245199,10.432150001454797,-1769.1863091212088,1364.8607819752747,11.928510693289319,-604.4435933187789,85.40693049308166,94.95991,335.74103366181953,75.68131,321.57094439376516,97.34841,349.7088245876894
-55.49720479257823,21.98,137.76447475603788,155.0,569.1703758804481,541.3974513442296,10.432150001454797,-1768.8852338035392,1365.1618572929444,11.928510693289319,-604.4435933187789,104.27133680002908,94.95991,335.74103366181953,-194.92277685890218,50.966857534863,97.34841,349.7088245876894
-55.28025139718763,21.98,137.9814281514285,155.0,569.1703758804481,437.37513419694164,10.432150001454797,-1769.1863091212088,1364.8607819752747,11.928510693289319,-604.4435933187789,85.40693049308166,94.95991,335.74103366181953,75.68131,321.57094439376516,97.34841,349.7088245876894
-55.28025139718762,21.98,137.9814281514285,155.0,569.1703758804481,656.6716662245199,10.432150001454797,-1769.1863091212088,1364.8607819752747,11.928510693289319,-604.4435933187789,104.7659009000291,94.95991,335.74103366181953,75.68131,321.57094439376516,97.34841,349.7088245876894
-55.28025139718763,21.98,137.9814281514285,155.0,569.1703758804481,599.512936309445,10.432150001454797,-1769.1863091212088,1364.8607819752747,11.928510693289319,-604.4435933187789,104.27133680002908,94.95991,335.74103366181953,75.68131,321.57094439376516,97.34841,349.7088245876894
-55.497675042498,21.98,137.7640045061181,155.0,568.2633122919548,656.6716662245199,10.160817986087503,-1784.2628564890954,1349.784234607388,11.618259513399346,-604.4435933187789,104.76047425972175,94.95991,335.74103366181953,-137.7401560991074,108.1494782946578,97.34841,349.7088245876894
-55.497675042498,21.98,137.7640045061181,155.0,568.2633122919548,519.7543862838127,10.160817986087503,-1784.2628564890954,1349.784234607388,11.618259513399346,-604.4435933187789,85.40731968472689,94.95991,335.74103366181953,75.68131,321.57094439376516,97.34841,349.7088245876894
-55.497675042497995,21.98,137.7640045061181,155.0,568.2633122919548,656.6716662245199,10.160817986087503,-1784.2628564890954,1349.784234607388,11.618259513399346,-604.4435933187789,104.26591015972174,94.95991,335.74103366181953,75.68131,321.57094439376516,97.34841,349.7088245876894
-55.497675042498,21.98,137.7640045061181,155.0,568.2633122919548,599.0770228863694,10.160817986087503,-1784.2628564890954,1349.784234607388,11.618259513399346,-604.4435933187789,104.26591015972174,94.95991,335.74103366181953,75.68131,321.57094439376516,97.34841,349.7088245876894
-55.71462843788861,21.98,137.54705111072752,155.0,568.2633122919548,568.2633122919548,10.160817986087503,-1783.9617811714265,1350.085309925057,11.618259513399346,-604.4435933187789,104.26591015972174,94.95991,335.74103366181953,-137.7401560991076,108.1494782946576,97.34841,349.7088245876894
-55.497675042498,21.98,137.7640045061181,155.0,568.2633122919548,512.1079547618219,10.160817986087503,-1784.2628564890954,1349.784234607388,11.618259513399346,-604.4435933187789,85.40731968472689,94.95991,335.74103366181953,-137.7401560991074,108.1494782946578,97.34841,349.7088245876894
-55.497675042497995,21.98,137.7640045061181,155.0,568.2633122919548,789.4666985780552,10.160817986087503,-1784.2628564890954,1349.784234607388,11.618259513399346,-604.4435933187789,104.26591015972174,94.95991,335.74103366181953,-137.7401560991074,108.1494782946578,97.34841,349.7088245876894
-55.497675042498,21.98,137.7640045061181,155.0,568.2633122919548,656.6716662245199,10.160817986087503,-1784.2628564890954,1349.784234607388,11.618259513399346,-604.4435933187789,85.40731968472689,94.95991,335.74103366181953,-137.7401560991074,108.1494782946578,97.34841,349.7088245876894
-55.497675042497995,21.98,137.7640045061181,155.0,568.2633122919548,656.6716662245199,10.160817986087503,-1784.2628564890954,1349.784234607388,11.618259513399346,-604.4435933187789,104.26591015972174,94.95991,335.74103366181953,-195.37666911049064,50.51296528327454,97.34841,349.7088245876894
-55.497675042498,21.98,137.7640045061181,155.0,568.2633122919548,674.9360667752625,10.160817986087503,-1784.2628564890954,1349.784234607388,11.618259513399346,-604.4435933187789,104.76047425972175,94.95991,335.74103366181953,-137.7401560991074,108.1494782946578,97.34841,349.7088245876894
-55.28025139718763,21.98,137.9814281514285,155.0,569.1703758804481,656.6716662245199,10.432150001454797,-1769.1863091212088,1364.8607819752747,11.928510693289317,-604.4435933187789,104.7659009000291,94.95991,335.74103366181953,75.68131,321.57094439376516,97.34841,349.7088245876894
-55.28025139718763,21.98,137.9814281514285,155.0,569.1703758804481,542.1644708069197,10.432150001454797,-1769.1863091212088,1364.8607819752747,11.928510693289319,-604.4435933187789,104.7659009000291,94.95991,335.74103366181953,75.68131,321.57094439376516,97.34841,349.7088245876894
-55.28025139718762,21.98,137.9814281514285,155.0,569.1703758804481,789.4378608687978,10.432150001454797,-1769.1863091212088,1364.8607819752747,11.928510693289319,-604.4435933187789,104.27133680002908,94.95991,335.74103366181953,75.68131,321.57094439376516,97.34841,349.7088245876894
-55.28025139718763,21.98,137.9814281514285,155.0,569.1703758804481,466.6319419383864,10.432150001454797,-1769.1863091212088,1364.8607819752747,11.928510693289319,-604.4435933187789,104.27133680002908,94.95991,335.74103366181953,-194.92277685890218,50.966857534863,97.34841,349.7088245876894
-55.28025139718763,21.98,137.9814281514285,155.0,569.170375880448,737.495711261071,10.432150001454797,-1769.1863091212097,1364.860781975274,11.928510693289319,-604.4435933187789,104.27133680002908,94.95991,335.74103366181953,-136.45476492030073,109.43486947346446,97.34841,349.7088245876894
-55.28025139718763,21.98,137.9814281514285,155.0,569.1703758804481,790.2048803314877,10.432150001454797,-1769.1863091212088,1364.8607819752747,11.928510693289319,-604.4435933187789,104.7659009000291,94.95991,335.74103366181953,-136.4547649203005,109.43486947346466,97.34841,349.7088245876894
-55.28025139718763,21.98,137.9814281514285,155.0,569.1703758804481,86.4192,10.432150001454794,-1769.1863091212088,1364.8607819752747,11.928510693289319,-604.4435933187789,85.40693049308166,94.95991,335.74103366181953,-194.92277685890218,50.966857534863,97.34841,349.7088245876894
-55.28025139718762,21.98,137.9814281514285,155.0,569.1703758804481,86.4192,10.432150001454797,-1769.1863091212088,1364.8607819752747,11.928510693289319,-604.4435933187789,85.40693049308166,94.95991,335.74103366181953,-194.92277685890218,50.966857534863,97.34841,349.7088245876894
-55.28025139718763,21.98,137.9814281514285,155.0,569.1703758804481,656.6716662245199,10.432150001454797,-1769.1863091212088,1364.8607819752747,11.928510693289319,-604.4435933187789,85.40693049308166,94.95991,335.74103366181953,75.68131,321.57094439376516,97.34841,349.7088245876894
-55.28025139718763,21.98,137.9814281514285,155.0,569.1703758804481,86.4192,10.4321500014548,-1769.1863091212088,1364.8607819752747,11.928510693289319,-604.4435933187789,104.27133680002908,94.95991,335.74103366181953,75.68131,321.57094439376516,97.34841,349.7088245876894
-55.28025139718762,21.98,137.9814281514285,155.0,569.170375880448,541.3974513442296,10.432150001454797,-1769.1863091212097,1364.860781975274,11.928510693289319,-604.4435933187789,104.27133680002908,94.95991,335.74103366181953,75.68131,321.57094439376516,97.34841,349.7088245876894
-55.28025139718763,21.98,137.9814281514285,155.0,569.1703758804481,437.37513419694164,10.432150001454797,-1769.1863091212088,1364.8607819752747,11.928510693289319,-604.4435933187789,85.40693049308166,94.95991,335.74103366181953,75.68131,321.57094439376516,97.34841,349.7088245876894
-55.28025139718763,21.98,137.9814281514285,155.0,569.1703758804481,86.4192,10.432150001454797,-1769.1863091212088,1364.8607819752747,11.928510693289319,-604.4435933187789,104.27133680002908,94.95991,335.74103366181953,75.68131,321.57094439376516,97.34841,349.7088245876894
-55.49720479257822,21.98,137.76447475603788,155.0,569.1703758804481,789.4378608687978,10.432150001454797,-1768.8852338035392,1365.1618572929444,11.928510693289319,-604.4435933187789,104.27133680002908,94.95991,335.74103366181953,75.68131,321.57094439376516,97.34841,349.7088245876894
-58.01884341704609,21.98,135.24283613157002,155.0,556.195283583414,761.5232515069404,0.0,-2007.0291585018783,1127.017932594605,7.308199985950518,-604.4435933187789,85.3488121001405,94.95991,335.74103366181953,-200.54137629882618,45.34825809493899,97.34841,349.7088245876894
-58.01884341704609,21.98,135.24283613157002,155.0,556.195283583414,723.809281754054,0.0,-2007.0291585018783,1127.017932594605,7.308199985950518,-604.4435933187789,85.3488121001405,94.95991,335.74103366181953,-200.54137629882618,45.34825809493899,97.34841,349.7088245876894
-58.01884341704609,21.98,135.24283613157002,155.0,556.195283583414,656.6716662245199,0.0,-2007.0291585018783,1127.017932594605,7.308199985950518,-604.4435933187789,85.3488121001405,94.95991,335.74103366181953,-200.54137629882618,45.34825809493899,97.34841,349.7088245876894
-58.01884341704609,21.98,135.24283613157002,155.0,556.195283583414,761.5232515069404,0.0,-2007.0291585018783,1127.017932594605,7.308199985950518,-604.4435933187789,85.3488121001405,94.95991,335.74103366181953,-200.54137629882618,45.34825809493899,97.34841,349.7088245876894
-58.01884341704608,21.98,135.24283613157004,155.0,556.195283583414,656.6716662245199,0.0,-2007.0291585018783,1127.017932594605,7.308199985950518,-604.4435933187789,85.3488121001405,94.95991,335.74103366181953,-200.54137629882618,45.34825809493899,97.34841,349.7088245876894
-58.01884341704609,21.98,135.24283613157002,155.0,86.55,582.7529744928661,0.0,-2007.0291585018783,1127.017932594605,7.308199985950518,-604.4435933187789,104.06269379999999,94.95991,335.74103366181953,-454.296110852212,-208.40647645844683,97.34841,349.7088245876894
-58.01884341704609,21.98,135.24283613157002,155.0,556.195283583414,761.5232515069404,0.0,-2007.0291585018783,1127.017932594605,7.308199985950518,-604.4435933187789,85.3488121001405,94.95991,335.74103366181953,-200.54137629882618,45.34825809493899,97.34841,349.7088245876894
-58.01884341704609,21.98,135.24283613157002,155.0,556.195283583414,761.5232515069404,0.0,1143.702223896625,4277.749314993108,7.308199985950518,-604.4435933187789,85.3488121001405,94.95991,335.74103366181953,-200.54137629882618,45.34825809493899,97.34841,349.7088245876894
-58.01884341704609,21.98,135.24283613157002,155.0,556.195283583414,656.6716662245199,0.0,-2007.0291585018783,1127.017932594605,7.308199985950518,-604.4435933187789,104.06269379999999,94.95991,335.74103366181953,-155.85525769487938,90.0343766988858,97.34841,349.7088245876894
-58.01884341704609,21.98,135.24283613157002,155.0,556.195283583414,582.7529744928661,0.0,-2007.0291585018783,1127.017932594605,7.308199985950518,-604.4435933187789,104.06269379999999,94.95991,335.74103366181953,-200.54137629882618,45.34825809493899,97.34841,349.7088245876894
-58.01884341704609,21.98,135.24283613157002,155.0,556.195283583414,86.4192,0.0,1143.702223896625,4277.749314993108,7.308199985950518,-604.4435933187789,104.06269379999999,94.95991,335.74103366181953,75.68131,321.57094439376516,97.34841,349.7088245876894
-58.426982549918044,21.98,134.8346969986981,155.0,556.0426167200093,86.4192,6.505213240411352,-1987.3863177284616,1146.660773368022,7.438304250758746,-604.4435933187789,104.19279806480822,94.95991,335.74103366181953,-201.49187326981703,44.39776112394813,97.34841,349.7088245876894
-58.64454505748937,21.98,134.61713449112676,155.0,86.55,760.3055510907856,9.97288000128054,-1976.9155116961733,1157.1315794003103,7.507657585976129,-604.4435933187789,85.44654632415305,94.95991,335.74103366181953,-455.62682091526517,-209.7371865215,97.34841,349.7088245876894
-58.64454505748937,21.98,134.61713449112676,155.0,86.55,760.3055510907856,9.97288000128054,-1976.9155116961733,1157.1315794003103,7.507657585976129,-604.4435933187789,85.44654632415305,94.95991,335.74103366181953,-455.62682091526517,-209.7371865215,97.34841,349.7088245876894
-58.64454505748937,21.98,134.61713449112676,155.0,324.8341535254238,86.4192,9.97288000128054,-1976.9155116961733,1157.1315794003103,7.507657585976129,-604.4435933187789,104.2621514000256,94.95991,335.74103366181953,-326.87915913792136,-80.9895247441562,97.34841,349.7088245876894
-58.64454505748935,21.98,134.61713449112676,155.0,86.55,760.3055510907855,9.97288000128054,-1976.9155116961742,1157.1315794003094,7.507657585976129,-604.4435933187789,85.44654632415305,94.95991,335.74103366181953,-455.62682091526517,-209.7371865215,97.34841,349.7088245876894
-58.64454505748937,21.98,134.61713449112676,155.0,324.8341535254238,86.4192,9.97288000128054,-1976.9155116961733,1157.1315794003103,7.507657585976129,-604.4435933187789,104.2621514000256,94.95991,335.74103366181953,-326.87915913792136,-80.9895247441562,97.34841,349.7088245876894
-58.64454505748937,21.98,134.61713449112676,155.0,86.55,789.4866730029563,9.97288000128054,-1976.9155116961733,1157.1315794003103,7.507657585976129,-604.4435933187789,104.2621514000256,94.95991,335.74103366181953,-455.62682091526517,-209.7371865215,97.34841,349.7088245876894
-58.64454505748937,21.98,134.61713449112676,155.0,86.55,86.4192,9.97288000128054,-1976.9155116961733,1157.1315794003103,7.507657585976129,-604.4435933187789,104.2621514000256,94.95991,335.74103366181953,-455.62682091526517,-209.7371865215,97.34841,349.7088245876894
-58.64454505748935,21.98,134.61713449112676,155.0,86.55,598.7750876717863,9.97288000128054,-1976.9155116961742,1157.1315794003094,7.507657585976129,-604.4435933187789,85.44654632415305,94.95991,335.74103366181953,-455.62682091526517,-209.7371865215,97.34841,349.7088245876894
-58.64454505748937,21.98,134.61713449112676,155.0,324.8341535254238,86.4192,9.97288000128054,-1976.9155116961733,1157.1315794003103,7.507657585976129,-604.4435933187789,104.2621514000256,94.95991,335.74103366181953,-326.87915913792136,-80.9895247441562,97.34841,349.7088245876894
-58.64454505748935,21.98,134.61713449112676,155.0,86.55,598.7750876717865,9.97288000128054,-1976.9155116961733,1157.1315794003103,7.507657585976129,-604.4435933187789,85.44654632415305,94.95991,335.74103366181953,-455.62682091526517,-209.7371865215,97.34841,349.7088245876894
-58.64454505748935,21.98,134.61713449112676,155.0,86.55,86.4192,9.97288000128054,-1976.9155116961733,1157.1315794003103,7.507657585976129,-604.4435933187789,104.2621514000256,94.95991,335.74103366181953,-455.62682091526517,-209.7371865215,97.34841,349.7088245876894
-58.64393594530865,21.98,134.61774360330747,155.0,556.0426167200093,86.4192,6.505213240411352,-1987.085242410792,1146.9618486856914,7.438304250758746,-604.4435933187789,104.19279806480822,94.95991,335.74103366181953,75.68131,321.57094439376516,97.34841,349.7088245876894
-58.01884341704609,21.98,135.24283613157002,155.0,556.195283583414,656.6716662245199,0.0,-2007.0291585018783,1127.017932594605,7.308199985950518,-604.4435933187789,85.3488121001405,94.95991,335.74103366181953,-200.54137629882618,45.34825809493899,97.34841,349.7088245876894
-96.18253806678861,21.98,97.07914148182753,155.0,556.195283583414,761.5232515069404,0.0,-1954.0678002828395,1179.979290813644,7.308199985950518,-604.4435933187789,85.3488121001405,94.95991,335.74103366181953,-200.54137629882618,45.34825809493899,97.34841,349.7088245876894
-58.01884341704609,21.98,135.24283613157002,155.0,556.195283583414,723.809281754054,0.0,-2007.0291585018783,1127.017932594605,7.308199985950518,-604.4435933187789,85.3488121001405,94.95991,335.74103366181953,-200.54137629882618,45.34825809493899,97.34841,349.7088245876894
-58.01884341704609,21.98,135.24283613157002,155.0,556.195283583414,761.5232515069404,0.0,-2007.0291585018783,1127.017932594605,7.308199985950518,-604.4435933187789,85.3488121001405,94.95991,335.74103366181953,-200.54137629882618,45.34825809493899,97.34841,349.7088245876894
-58.235796812436696,21.98,135.02588273617943,155.0,556.195283583414,86.4192,0.0,-2006.7280831842086,1127.319007912275,7.308199985950518,-604.4435933187789,104.06269379999999,94.95991,335.74103366181953,-200.54137629882618,45.34825809493899,97.34841,349.7088245876894
-58.01884341704609,21.98,135.24283613157002,155.0,86.55,582.7529744928661,0.0,-2007.0291585018783,1127.017932594605,7.308199985950518,-604.4435933187789,85.3488121001405,94.95991,335.74103366181953,-454.296110852212,-208.40647645844683,97.34841,349.7088245876894
-58.01884341704609,21.98,135.24283613157002,155.0,556.195283583414,656.6716662245199,0.0,-2007.0291585018783,1127.017932594605,7.308199985950518,-604.4435933187789,104.5572579,94.95991,335.74103366181953,-155.85525769487938,90.0343766988858,97.34841,349.7088245876894
-58.01884341704609,21.98,135.24283613157002,155.0,556.1952835834139,86.4192,0.0,-2007.0291585018792,1127.0179325946044,7.308199985950518,-604.4435933187789,104.06269379999999,94.95991,335.74103366181953,75.68131,321.57094439376516,97.34841,349.7088245876894
-58.01884341704609,21.98,135.24283613157002,155.0,556.195283583414,656.6716662245199,0.0,-2007.0291585018783,1127.017932594605,7.308199985950518,-604.4435933187789,85.3488121001405,94.95991,335.74103366181953,-155.85525769487938,90.0343766988858,97.34841,349.7088245876894
-58.56256219323742,21.98,134.69911735537872,155.0,555.4769958206798,656.6716662245199,6.33601776117949,-1996.7876545136487,1137.259436582835,7.244839808338724,-604.4435933187789,104.6839782552236,94.95991,335.74103366181953,-201.77490849116086,44.11472590260431,97.34841,349.7088245876894
-58.56256219323743,21.98,134.6991173553787,155.0,555.4769958206798,86.4192,6.33601776117949,-1996.7876545136487,1137.259436582835,7.244839808338724,-604.4435933187789,104.18941415522357,94.95991,335.74103366181953,75.68131,321.57094439376516,97.34841,349.7088245876894
-58.426982549918044,21.98,134.8346969986981,155.0,556.0426167200093,86.4192,6.505213240411352,-1987.3863177284616,1146.660773368022,7.438304250758746,-604.4435933187789,104.19279806480822,94.95991,335.74103366181953,75.68131,321.57094439376516,97.34841,349.7088245876894
-63.30479489046457,21.98,129.95688465815155,155.0,554.218042082757,781.5922168363196,84.25127301831702,-1752.6279145002613,1381.419176596222,8.993225446316858,-604.4435933187789,105.74771926036632,94.95991,335.74103366181953,75.68131,321.57094439376516,97.34841,349.7088245876894
-63.30479489046457,21.98,129.95688465815155,155.0,554.218042082757,718.108401570529,84.25127301831704,-1752.6279145002613,1381.419176596222,8.993225446316858,-604.4435933187789,106.24228336036633,94.95991,335.74103366181953,-212.85159225125025,33.03804214251492,97.34841,349.7088245876894
-58.67335980232521,21.98,134.58831974629092,155.0,555.950457847434,760.2494736818257,10.432150001454797,-1975.5287212633266,1158.5183698331568,7.516842985979615,-604.4435933187789,85.45104717015475,94.95991,335.74103366181953,-202.0656502328008,43.823984160964365,97.34841,349.7088245876894
-58.6733598023252,21.98,134.58831974629092,155.0,555.9504578474339,656.6716662245199,10.432150001454797,-1975.5287212633275,1158.5183698331562,7.516842985979615,-604.4435933187789,104.27133680002908,94.95991,335.74103366181953,75.68131,321.57094439376516,97.34841,349.7088245876894
-58.67335980232521,21.98,134.58831974629092,155.0,555.950457847434,692.8537965459251,10.432150001454797,-1975.5287212633266,1158.5183698331568,7.516842985979615,-604.4435933187789,85.45104717015475,94.95991,335.74103366181953,-202.0656502328008,43.823984160964365,97.34841,349.7088245876894
-58.67335980232521,21.98,134.58831974629092,155.0,555.950457847434,86.4192,10.432150001454797,-1975.5287212633266,1158.5183698331568,7.516842985979615,-604.4435933187789,104.27133680002908,94.95991,335.74103366181953,-202.0656502328008,43.823984160964365,97.34841,349.7088245876894
-58.67335980232521,21.98,134.58831974629092,155.0,86.55,656.6716662245199,10.432150001454797,-1975.5287212633266,1158.5183698331568,7.516842985979615,-604.4435933187789,85.45104717015475,94.95991,335.74103366181953,-455.6881026323631,-209.79846823859793,97.34841,349.7088245876894
-58.6733598023252,21.98,134.58831974629092,155.0,86.55,599.512936309445,10.432150001454797,-1975.5287212633266,1158.5183698331568,7.516842985979615,-604.4435933187789,104.27133680002908,94.95991,335.74103366181953,-455.6881026323631,-209.79846823859793,97.34841,349.7088245876894
-58.67335980232521,21.98,134.58831974629092,155.0,511.01310298907464,86.4192,10.432150001454797,1145.0131793788585,4279.060270475342,7.516842985979615,-604.4435933187789,85.45104717015475,94.95991,335.74103366181953,-226.34581859009452,19.543815803670643,97.34841,349.7088245876894
-58.6733598023252,21.98,134.58831974629092,155.0,555.950457847434,656.6716662245199,10.432150001454797,-1975.5287212633266,1158.5183698331568,7.516842985979615,-604.4435933187789,85.45104717015475,94.95991,335.74103366181953,-202.0656502328008,43.823984160964365,97.34841,349.7088245876894
-58.67335980232521,21.98,134.58831974629092,155.0,555.950457847434,86.4192,10.432150001454797,-1975.5287212633266,1158.5183698331568,7.516842985979615,-604.4435933187789,104.27133680002908,94.95991,335.74103366181953,-202.0656502328008,43.823984160964365,97.34841,349.7088245876894
-58.67335980232521,21.98,134.58831974629092,155.0,555.950457847434,760.2494736818257,10.432150001454797,-1975.5287212633266,1158.5183698331568,7.516842985979615,-604.4435933187789,85.45104717015475,94.95991,335.74103366181953,-154.5767073917063,91.3129270020589,97.34841,349.7088245876894
-58.56256219323743,21.98,134.6991173553787,155.0,555.4769958206798,86.4192,6.33601776117949,-1996.7876545136487,1137.259436582835,7.244839808338724,-604.4435933187789,104.18941415522357,94.95991,335.74103366181953,75.68131,321.57094439376516,97.34841,349.7088245876894
-58.56256219323743,21.98,134.6991173553787,155.0,86.55,592.9322199726306,6.33601776117949,1144.437887007338,4278.484978103822,7.244839808338724,-604.4435933187789,104.6839782552236,94.95991,335.74103366181953,-455.14154392604854,-209.25190953228335,97.34841,349.7088245876894
-58.01884341704609,21.98,135.24283613157002,155.0,556.1952835834139,656.6716662245199,0.0,-2007.0291585018792,1127.0179325946044,7.308199985950518,-604.4435933187789,104.5572579,94.95991,335.74103366181953,-155.85525769487958,90.0343766988856,97.34841,349.7088245876894
-58.01884341704609,21.98,135.24283613157002,155.0,556.195283583414,790.5466106352524,0.0,-2007.0291585018783,1127.017932594605,7.308199985950518,-604.4435933187789,104.06269379999999,94.95991,335.74103366181953,-200.54137629882618,45.34825809493899,97.34841,349.7088245876894
-58.01884341704609,21.98,135.24283613157002,155.0,328.63062493366573,86.4192,0.0,-2007.0291585018783,1127.017932594605,7.308199985950518,-604.4435933187789,104.06269379999999,94.95991,335.74103366181953,-323.49717201936926,-77.60753762560408,97.34841,349.7088245876894
-58.01884341704609,21.98,135.24283613157002,155.0,86.55,761.5232515069404,0.0,-2007.0291585018783,1127.017932594605,7.308199985950518,-604.4435933187789,85.3488121001405,94.95991,335.74103366181953,-454.296110852212,-208.40647645844683,97.34841,349.7088245876894
-58.01884341704609,21.98,135.24283613157002,155.0,86.55,761.5232515069404,0.0,-2007.0291585018783,1127.017932594605,7.308199985950518,-604.4435933187789,85.3488121001405,94.95991,335.74103366181953,-454.296110852212,-208.40647645844683,97.34841,349.7088245876894
-58.01884341704608,21.98,135.24283613157004,155.0,86.55,656.6716662245199,0.0,-2007.0291585018783,1127.017932594605,7.308199985950518,-604.4435933187789,85.3488121001405,94.95991,335.74103366181953,-454.296110852212,-208.40647645844683,97.34841,349.7088245876894
-58.01884341704609,21.98,135.24283613157002,155.0,556.1952835834139,656.6716662245199,0.0,-2007.0291585018792,1127.0179325946044,7.308199985950518,-604.4435933187789,104.5572579,94.95991,335.74103366181953,-155.85525769487958,90.0343766988856,97.34841,349.7088245876894
-58.01884341704609,21.98,135.24283613157002,155.0,556.195283583414,656.6716662245199,0.0,-2007.0291585018783,1127.017932594605,7.308199985950518,-604.4435933187789,85.3488121001405,94.95991,335.74103366181953,-146.25283407938784,99.63680031437733,97.34841,349.7088245876894
-58.01884341704608,21.98,135.24283613157004,155.0,556.195283583414,656.6716662245199,0.0,1143.702223896625,4277.749314993108,7.308199985950518,-604.4435933187789,85.3488121001405,94.95991,335.74103366181953,-155.85525769487938,90.0343766988858,97.34841,349.7088245876894
-58.64393594530865,21.98,134.61774360330747,155.0,556.0426167200093,656.6716662245199,6.5052132404113525,-1987.085242410792,1146.9618486856914,7.438304250758746,-604.4435933187789,85.41256318989653,94.95991,335.74103366181953,-201.49187326981703,44.39776112394813,97.34841,349.7088245876894
-59.57425344001148,21.98,133.68742610860465,155.0,555.6134732388791,622.581790364156,24.79123676395304,-1932.17068755964,1201.8764035368436,7.80402472122958,-604.4435933187789,104.55851853527905,94.95991,335.74103366181953,-204.16370112975878,41.725933264006386,97.34841,349.7088245876894
-59.21949874144135,21.98,134.0421808071748,155.0,555.7461713379995,700.926991160498,19.136902797009853,-1949.2442526662253,1184.8028384302584,7.690938041890715,-604.4435933187789,104.9399959559402,94.95991,335.74103366181953,-153.50986457174568,92.3797698220195,97.34841,349.7088245876894
-59.953114281729945,21.98,133.30856526688618,155.0,555.4717580939355,656.6716662245199,30.829791671633462,-1913.9369466860512,1220.1101444104322,7.924795819383188,-604.4435933187789,105.17385373343267,94.95991,335.74103366181953,-205.0460131980639,40.84362119570129,97.34841,349.7088245876894
-59.953114281729945,21.98,133.30856526688618,155.0,555.4717580939355,656.6716662245199,30.829791671633462,-1913.9369466860512,1220.1101444104322,7.924795819383188,-604.4435933187789,104.67928963343266,94.95991,335.74103366181953,-205.0460131980639,40.84362119570129,97.34841,349.7088245876894
-59.953114281729945,21.98,133.30856526688618,155.0,555.4717580939355,656.6716662245199,30.829791671633462,-1913.9369466860512,1220.1101444104322,7.924795819383188,-604.4435933187789,104.67928963343266,94.95991,335.74103366181953,-205.0460131980639,40.84362119570129,97.34841,349.7088245876894
-59.953114281729945,21.98,133.30856526688618,155.0,555.4717580939355,632.3275488487702,30.829791671633462,-1913.9369466860512,1220.1101444104322,7.924795819383188,-604.4435933187789,105.17385373343267,94.95991,335.74103366181953,-205.0460131980639,40.84362119570129,97.34841,349.7088245876894
14.058029999999999,21.98,207.31970954861612,155.0,656.6716662245196,778.1608105204843,123.75397129766327,3373.241120664159,6507.288211760642,116.7536093538367,-604.4435933187788,107.03233732595325,94.95991,335.7410336618196,-162.76568241682358,83.1239519769416,97.34841,349.7088245876894
14.058029999999999,21.98,207.31970954861612,155.0,656.6716662245196,777.3937910577943,123.75397129766327,3373.241120664159,6507.288211760642,116.7536093538367,-604.4435933187788,106.53777322595326,94.95991,335.7410336618196,-162.76568241682358,83.1239519769416,97.34841,349.7088245876894
14.058029999999999,21.98,207.31970954861612,155.0,656.6716662245196,768.1776696122766,217.68465483963462,3648.6915674967104,6782.738658593194,118.63222302467612,-604.4435933187788,108.91095099679268,94.95991,335.7410336618196,-175.29912368982707,70.59051070393811,97.34841,349.7088245876894
14.058029999999999,21.98,207.31970954861612,155.0,656.6716662245196,777.12026706814,133.54437279880412,3401.951339375112,6535.998430471596,116.94941738385953,-604.4435933187789,107.22814535597607,94.95991,335.7410336618196,-164.0720438487495,81.81759054501569,97.34841,349.7088245876894
14.058029999999999,21.98,207.31970954861612,155.0,656.6716662245196,754.393517298819,347.3787922613771,4029.0178544700025,7163.064945566486,121.22610577311099,-604.4435933187788,111.50483374522753,94.95991,335.7410336618196,-192.604585478593,53.28504891517217,97.34841,349.7088245876894
14.058029999999999,21.98,207.31970954861612,155.0,656.6716662245196,780.5023908685796,101.72220347154658,3308.6332623650846,6442.680353461568,116.31297399731439,-604.4435933187789,106.59170196943091,94.95991,335.7410336618196,-159.82592026694314,86.06371412682205,97.34841,349.7088245876894
14.058029999999999,21.98,207.31970954861612,155.0,865.5086170617853,780.7835826965643,99.07648897629029,3158.6821932232915,6292.729284319775,113.28776503812054,-604.4435933187789,106.53878767952578,94.95991,335.7410336618196,75.68131,321.57094439376516,97.34841,349.7088245876894
14.058029999999999,21.98,207.31970954861612,155.0,687.2118742091013,780.7835826965643,99.07648897629029,3158.6821932232924,6292.729284319776,113.28776503812054,-604.4435933187788,106.53878767952578,94.95991,335.7410336618196,-142.97167023670391,102.91796415706128,97.34841,349.7088245876894
14.058029999999999,21.98,207.31970954861612,155.0,850.374609891411,784.887874357555,60.45949210955067,2789.3610632992495,5923.408154395733,107.16256203964198,-604.4435933187789,105.76644774219099,94.95991,335.7410336618196,75.68131,321.57094439376516,97.34841,349.7088245876894
14.058029999999999,21.98,207.31970954861612,155.0,839.3198338915664,758.7828768556509,10.432150001454797,2447.4276415623126,5581.474732658796,102.08108479235425,-604.4435933187788,84.50540475209101,94.95991,335.7410336618196,75.68131,321.57094439376516,97.34841,349.7088245876894
14.058029999999999,21.98,207.31970954861612,155.0,599.512936309445,599.512936309445,10.432150001454797,2447.4276415623126,5581.474732658796,102.08108479235425,-604.4435933187788,104.76590090002908,94.95991,335.7410336618196,-178.5283433652193,67.36129102854586,97.34841,349.7088245876894
14.058029999999999,21.98,207.31970954861612,155.0,875.5578540306897,789.4378608687979,10.432150001454797,3025.954419167978,6160.001510264462,114.17420842786889,-604.4435933187789,104.27133680002909,94.95991,335.7410336618196,75.68131,321.57094439376516,97.34841,349.7088245876894
14.058029999999999,21.98,207.31970954861612,155.0,840.5665264817632,789.437860868798,10.432150001454797,2467.330634167938,5601.377725264421,102.49712318437595,-604.4435933187788,104.27133680002909,94.95991,335.7410336618196,75.68131,321.57094439376516,97.34841,349.7088245876894
14.058029999999999,21.98,207.31970954861612,155.0,679.8852798244146,706.7124236086513,60.45949210955067,2789.36106329925,5923.408154395734,107.16256203964198,-604.4435933187788,55.359941359507495,94.95991,335.7410336618196,-141.77753627040437,104.11209812336081,97.34841,349.7088245876894
14.058029999999999,21.98,207.31970954861612,155.0,656.6716662245196,749.6760839555512,84.25127301831702,2951.976239571696,6086.02333066818,109.57918839366901,-604.4435933187789,85.16861494624648,94.95991,335.7410336618196,-157.49472376582924,88.39491062793594,97.34841,349.7088245876894
14.058029999999999,21.98,207.31970954861612,155.0,656.6716662245196,780.7835826965643,99.07648897629029,3158.6821932232924,6292.729284319776,113.28776503812054,-604.4435933187788,106.53878767952578,94.95991,335.7410336618196,-159.47289497210852,86.41673942165667,97.34841,349.7088245876894
14.058029999999999,21.98,207.31970954861612,155.0,656.6716662245196,780.7835826965643,99.07648897629029,3158.6821932232924,6292.729284319776,113.28776503812054,-604.4435933187788,106.53878767952578,94.95991,335.7410336618196,-159.47289497210852,86.41673942165667,97.34841,349.7088245876894
14.058029999999999,21.98,207.31970954861612,155.0,874.3532470659057,779.7353714058896,101.72220347154658,3308.6332623650856,6442.680353461568,116.31297399731439,-604.4435933187788,106.09713786943092,94.95991,335.7410336618196,75.68131,321.57094439376516,97.34841,349.7088245876894
14.058029999999999,21.98,207.31970954861612,155.0,656.6716662245196,767.4980720796611,224.07894110273827,3667.442724647187,6801.48981574367,118.76010874993821,-604.4435933187788,109.03883672205474,94.95991,335.7410336618196,-176.15233169747,69.73730269629519,97.34841,349.7088245876894
10.601376987645143,21.98,203.8630565362613,155.0,656.6716662245196,767.4980720796611,224.07894110273827,3672.239666874778,6806.286757971262,118.76010874993821,-604.4435933187788,109.03883672205474,94.95991,335.7410336618196,-176.15233169747,69.73730269629519,97.34841,349.7088245876894
10.195551755131442,21.98,203.4572313037476,155.0,656.6716662245196,767.4980720796611,224.07894110273827,3672.8028475550223,6806.849938651506,118.76010874993818,-604.4435933187788,109.03883672205474,94.95991,335.7410336618196,-176.15233169747,69.73730269629519,97.34841,349.7088245876894
10.195551755131454,21.98,203.4572313037476,155.0,656.6716662245196,767.498072079661,224.07894110273827,3672.8028475550223,6806.849938651506,118.76010874993821,-604.4435933187789,109.03883672205474,94.95991,335.7410336618196,-176.15233169746995,69.73730269629523,97.34841,349.7088245876894
10.195551755131454,21.98,203.4572313037476,155.0,656.6716662245196,767.4980720796611,224.07894110273827,3672.8028475550227,6806.849938651506,118.76010874993821,-604.4435933187788,109.03883672205474,94.95991,335.7410336618196,-176.15233169747,69.73730269629519,97.34841,349.7088245876894
10.195551755131454,21.98,203.4572313037476,155.0,656.6716662245196,767.4980720796611,224.07894110273827,3672.8028475550227,6806.849938651506,118.76010874993821,-604.4435933187788,109.03883672205474,94.95991,335.7410336618196,-176.15233169747,69.73730269629519,97.34841,349.7088245876894
10.195551755131442,21.98,203.4572313037476,155.0,656.6716662245196,767.498072079661,224.07894110273827,3672.8028475550223,6806.849938651506,118.76010874993821,-604.4435933187789,109.03883672205474,94.95991,335.7410336618196,-176.15233169746995,69.73730269629523,97.34841,349.7088245876894
10.195551755131454,21.98,203.4572313037476,155.0,86.55,767.4980720796611,224.07894110273827,3672.8028475550227,6806.849938651506,118.76010874993821,-604.4435933187788,109.03883672205474,94.95991,335.7410336618196,-484.195608470294,-238.30597407652883,97.34841,349.7088245876894
10.195551755131454,21.98,203.4572313037476,155.0,656.6716662245196,767.4980720796611,224.07894110273827,3672.8028475550227,6806.849938651506,118.76010874993821,-604.4435933187788,109.03883672205474,94.95991,335.7410336618196,-176.15233169747,69.73730269629519,97.34841,349.7088245876894
10.195551755131454,21.98,203.4572313037476,155.0,656.6716662245196,767.498072079661,224.07894110273827,3672.8028475550223,6806.849938651506,118.76010874993821,-604.4435933187789,109.03883672205474,94.95991,335.7410336618196,-176.15233169746995,69.73730269629523,97.34841,349.7088245876894
10.195551755131454,21.98,203.4572313037476,155.0,656.6716662245196,767.4980720796611,224.07894110273827,3672.8028475550227,6806.849938651506,118.76010874993821,-604.4435933187788,109.03883672205474,94.95991,335.7410336618196,-176.15233169747,69.73730269629519,97.34841,349.7088245876894
14.058029999999999,21.98,207.31970954861612,155.0,874.3532470659054,747.4438475837951,101.72220347154655,3308.6332623650846,6442.680353461568,116.31297399731436,-604.4435933187788,85.27598639474232,94.95991,335.7410336618196,75.68131,321.57094439376516,97.34841,349.7088245876894
-31.304240799920652,21.98,161.95743874869547,155.0,392.4832064114974,576.6295012468867,46.50842384258011,242.23490378928472,3376.2819948857687,53.17947221396197,-604.4435933187788,85.35518361628618,94.95991,335.7410336618196,-295.20264248467964,-49.31300809091445,97.34841,349.7088245876894
-31.304240799920652,21.98,161.95743874869547,155.0,689.7734472338291,689.7734472338291,46.50842384258011,1161.8201398610704,4295.867230957554,53.17947221396197,-604.4435933187788,85.35518361628618,94.95991,335.7410336618196,-134.57331481512114,111.31631957864404,97.34841,349.7088245876894
-32.8034638599438,21.98,160.45821568867234,155.0,599.512936309445,599.512936309445,10.432150001454797,190.29818728152327,3324.3452783780067,53.54023495237322,-604.4435933187788,104.76590090002908,94.95991,335.7410336618196,-178.5283433652193,67.36129102854586,97.34841,349.7088245876894
-32.8034638599438,21.98,160.45821568867234,155.0,599.512936309445,542.1644708069199,10.432150001454797,190.29818728152273,3324.3452783780067,53.54023495237321,-604.4435933187788,104.76590090002908,94.95991,335.7410336618196,-178.5283433652193,67.36129102854586,97.34841,349.7088245876894
-32.8034638599438,21.98,160.45821568867234,155.0,599.5129363094447,708.8686764062127,10.432150001454797,190.29818728152253,3324.345278378006,53.54023495237322,-604.4435933187789,84.99081325049082,94.95991,335.7410336618196,-178.52834336521937,67.3612910285458,97.34841,349.7088245876894
-32.8034638599438,21.98,160.45821568867234,155.0,599.512936309445,599.512936309445,10.432150001454797,190.29818728152327,3324.3452783780067,53.54023495237322,-604.4435933187788,84.99081325049082,94.95991,335.7410336618196,-178.5283433652193,67.36129102854586,97.34841,349.7088245876894
-32.8034638599438,21.98,160.45821568867234,155.0,599.5129363094447,759.535696895819,10.432150001454797,190.29818728152253,3324.345278378006,53.54023495237322,-604.4435933187789,84.99081325049082,94.95991,335.7410336618196,-178.52834336521937,67.3612910285458,97.34841,349.7088245876894
-32.8034638599438,21.98,160.45821568867234,155.0,599.512936309445,708.8686764062127,10.432150001454797,190.29818728152327,3324.3452783780067,53.54023495237322,-604.4435933187788,84.99081325049082,94.95991,335.7410336618196,-178.5283433652193,67.36129102854586,97.34841,349.7088245876894
-32.8034638599438,21.98,160.45821568867234,155.0,693.8632631090138,656.6716662245196,10.432150001454797,190.29818728152327,3324.3452783780067,53.54023495237322,-604.4435933187788,84.99081325049082,94.95991,335.7410336618196,-127.5497793958923,118.33985499787288,97.34841,349.7088245876894
-32.82254976050188,21.98,160.43912978811423,155.0,598.7750876717867,598.7750876717867,9.97288000128054,189.6370054780854,3323.684096574569,53.54482765237495,-604.4435933187788,84.98617462348906,94.95991,335.7410336618196,-178.86572973174606,67.02390466201913,97.34841,349.7088245876894
-32.8034638599438,21.98,160.45821568867234,155.0,656.6716662245196,86.4192,10.432150001454797,190.29818728152327,3324.3452783780067,53.54023495237322,-604.4435933187788,84.99081325049082,94.95991,335.7410336618196,-147.6448258595392,98.244808534226,97.34841,349.7088245876894
-29.306636631848626,21.98,163.9550429167675,155.0,693.9252879501552,659.4672123444046,47.750373495653534,309.8526824071831,3443.899773503667,54.59956392230084,-604.4435933187789,85.35340219573352,94.95991,335.7410336618196,-132.49574455998587,113.39388983377933,97.34841,349.7088245876894
-27.930174634135454,21.98,165.33150491448066,155.0,693.5328307489367,583.5426734285251,64.47317584270563,356.98189794316255,3491.028989039646,54.93401996924188,-604.4435933187788,85.51728565873464,94.95991,335.7410336618196,-134.93916530422968,110.9504690895355,97.34841,349.7088245876894
-27.930174634135454,21.98,165.33150491448066,155.0,524.8679066822144,549.7045297544953,64.47317584270563,356.98189794316255,3491.028989039646,54.93401996924188,-604.4435933187788,105.3521573168541,94.95991,335.7410336618196,-226.07075872396098,19.818875669804193,97.34841,349.7088245876894
-27.930174634135454,21.98,165.33150491448066,155.0,693.5328307489366,433.8928939966212,64.47317584270563,356.9818979431618,3491.0289890396452,54.93401996924188,-604.4435933187789,-120.19518845896437,94.95991,335.7410336618196,-109.12573264047991,136.76390175328527,97.34841,349.7088245876894
-27.930174634135454,21.98,165.33150491448066,155.0,693.5328307489366,752.9323701057605,64.47317584270563,356.9818979431618,3491.0289890396452,54.93401996924188,-604.4435933187789,85.51728565873464,94.95991,335.7410336618196,-134.93916530422973,110.95046908953546,97.34841,349.7088245876894
-26.42562367233769,21.98,166.83605587627846,155.0,686.3335370007511,693.5328307489367,64.47317584270563,354.8939695290537,3488.9410606255374,54.93401996924188,-604.4435933187788,105.8467214168541,94.95991,335.7410336618196,-138.8290263076314,107.06060808613378,97.34841,349.7088245876894
-27.930174634135454,21.98,165.33150491448066,155.0,693.5328307489367,686.3335370007511,64.47317584270563,1165.9420124945239,4299.989103591008,54.93401996924188,-604.4435933187788,105.3521573168541,94.95991,335.7410336618196,-134.93916530422968,110.9504690895355,97.34841,349.7088245876894
-27.930174634135454,21.98,165.33150491448066,155.0,693.5328307489367,686.3335370007511,64.47317584270563,1165.9420124945239,4299.989103591008,54.93401996924188,-604.4435933187788,105.8467214168541,94.95991,335.7410336618196,-134.93916530422968,110.9504690895355,97.34841,349.7088245876894
-27.930174634135454,21.98,165.33150491448066,155.0,686.3335370007511,783.694272560338,64.47317584270563,356.98189794316255,3491.028989039646,54.93401996924188,-604.4435933187788,105.3521573168541,94.95991,335.7410336618196,-138.8290263076314,107.06060808613378,97.34841,349.7088245876894
-27.930174634135454,21.98,165.33150491448066,155.0,686.3335370007511,581.2988249863059,64.47317584270563,356.98189794316255,3491.028989039646,54.93401996924188,-604.4435933187788,105.8467214168541,94.95991,335.7410336618196,-138.8290263076314,107.06060808613378,97.34841,349.7088245876894
-26.425623672337693,21.98,166.83605587627844,155.0,402.1739071295466,518.9426272999178,64.47317584270563,1166.5651788766743,4300.612269973158,54.93401996924188,-604.4435933187789,85.51728565873464,94.95991,335.7410336618196,-292.3637342441776,-46.47409985041238,97.34841,349.7088245876894
-27.930174634135454,21.98,165.33150491448066,155.0,693.5328307489367,784.4612920230281,64.47317584270563,356.98189794316255,3491.028989039646,54.93401996924188,-604.4435933187788,105.8467214168541,94.95991,335.7410336618196,-134.93916530422968,110.9504690895355,97.34841,349.7088245876894
-29.306636631848626,21.98,163.9550429167675,155.0,693.9252879501552,693.9252879501552,47.750373495653534,309.8526824071831,3443.899773503667,54.59956392230084,-604.4435933187789,105.01770126991308,94.95991,335.7410336618196,-132.49574455998587,113.39388983377933,97.34841,349.7088245876894
-31.304240799920652,21.98,161.95743874869547,155.0,689.7734472338291,657.4719353630807,46.50842384258011,242.23490378928472,3376.2819948857687,53.17947221396197,-604.4435933187788,85.35518361628618,94.95991,335.7410336618196,-134.57331481512114,111.31631957864404,97.34841,349.7088245876894
-33.23699310735661,21.98,160.02468644125952,155.0,695.0459122062059,695.0459122062059,0.0,175.27968455094543,3309.326775647429,53.64455645238776,-604.4435933187788,84.88544853547613,94.95991,335.7410336618196,75.68131,321.57094439376516,97.34841,349.7088245876894
-33.23699310735661,21.98,160.02468644125952,155.0,582.7529744928661,733.5726892620182,0.0,175.27968455094543,3309.326775647429,53.64455645238776,-604.4435933187788,104.06269379999999,94.95991,335.7410336618196,-186.19195122708075,59.69768316668443,97.34841,349.7088245876894
-33.23699310735661,21.98,160.02468644125952,155.0,695.0459122062059,582.7529744928661,0.0,175.27968455094543,3309.326775647429,53.64455645238776,-604.4435933187788,84.88544853547613,94.95991,335.7410336618196,75.68131,321.57094439376516,97.34841,349.7088245876894
-33.23699310735661,21.98,160.02468644125952,155.0,656.6716662245196,760.8046209545024,0.0,175.2796845509447,3309.3267756474283,53.64455645238776,-604.4435933187789,84.88544853547613,94.95991,335.7410336618196,-146.25283407938807,99.63680031437713,97.34841,349.7088245876894
-33.23699310735661,21.98,160.02468644125952,155.0,695.0459122062057,790.5466106352525,0.0,175.2796845509447,3309.3267756474283,53.64455645238776,-604.4435933187789,104.06269379999999,94.95991,335.7410336618196,75.68131,321.57094439376516,97.34841,349.7088245876894
-33.23699310735661,21.98,160.02468644125952,155.0,695.0459122062059,695.0459122062059,0.0,175.27968455094543,3309.326775647429,53.64455645238776,-604.4435933187788,84.88544853547613,94.95991,335.7410336618196,75.68131,321.57094439376516,97.34841,349.7088245876894
-33.23699310735661,21.98,160.02468644125952,155.0,582.7529744928659,760.8046209545024,0.0,175.2796845509447,3309.3267756474283,53.64455645238776,-604.4435933187789,84.88544853547613,94.95991,335.7410336618196,-186.1919512270808,59.69768316668438,97.34841,349.7088245876894
-33.23699310735661,21.98,160.02468644125952,155.0,695.0459122062059,510.05185242955616,0.0,1153.9665594974786,4288.013650593962,53.64455645238776,-604.4435933187788,84.88544853547613,94.95991,335.7410336618196,75.68131,321.57094439376516,97.34841,349.7088245876894
-33.23699310735661,21.98,160.02468644125952,155.0,582.7529744928661,733.5726892620182,0.0,175.27968455094597,3309.3267756474297,53.644556452387775,-604.4435933187788,84.88544853547613,94.95991,335.7410336618196,-186.19195122708075,59.69768316668443,97.34841,349.7088245876894
-31.93640536511817,21.98,161.32527418349795,155.0,393.90739675869884,787.2203613358886,31.296450004364388,1159.2513910375958,4293.29848213408,53.33159195234412,-604.4435933187788,104.68862280008727,94.95991,335.7410336618196,-292.40335867893356,-46.51372428516837,97.34841,349.7088245876894
-29.306636631848626,21.98,163.9550429167675,155.0,693.9252879501553,659.4672123444049,47.750373495653534,309.85268240718386,3443.899773503668,54.59956392230084,-604.4435933187788,85.35340219573352,94.95991,335.7410336618196,75.68131,321.57094439376516,97.34841,349.7088245876894
-26.957758465006343,21.98,166.3039210836098,155.0,86.55,783.2056763704464,76.28717682670718,390.27683184013694,3524.323922936621,55.170299988921904,-604.4435933187788,106.08300143653413,94.95991,335.7410336618196,-464.4753282770862,-218.585693883321,97.34841,349.7088245876894
-26.957758465006343,21.98,166.3039210836098,155.0,656.6716662245196,782.4386569077564,76.28717682670718,390.27683184013694,3524.323922936621,55.170299988921904,-604.4435933187788,105.58843733653413,94.95991,335.7410336618196,-156.43205150426218,89.45758288950302,97.34841,349.7088245876894
-26.957758465006343,21.98,166.3039210836098,155.0,86.55,520.5717640950904,76.28717682670718,390.27683184013694,3524.323922936621,55.170299988921904,-604.4435933187788,85.63306286837786,94.95991,335.7410336618196,-464.4753282770862,-218.585693883321,97.34841,349.7088245876894
-26.95775846500634,21.98,166.3039210836098,155.0,693.2555751989903,445.806254689247,76.28717682670718,390.27683184013614,3524.32392293662,55.170299988921904,-604.4435933187789,85.63306286837786,94.95991,335.7410336618196,75.68131,321.57094439376516,97.34841,349.7088245876894
-26.957758465006343,21.98,166.3039210836098,155.0,476.7550449519105,476.7550449519105,76.28717682670718,390.27683184013694,3524.323922936621,55.170299988921904,-604.4435933187788,105.58843733653413,94.95991,335.7410336618196,-253.64306600530364,-7.753431611538459,97.34841,349.7088245876894
-26.95775846500634,21.98,166.3039210836098,155.0,86.55,86.4192,76.28717682670718,1168.136382659197,4302.183473755681,55.170299988921904,-604.4435933187788,105.58843733653413,94.95991,335.7410336618196,-464.4753282770862,-218.585693883321,97.34841,349.7088245876894
-26.95775846500634,21.98,166.3039210836098,155.0,693.2555751989903,552.287573820444,76.28717682670718,390.27683184013614,3524.32392293662,55.170299988921904,-604.4435933187789,106.08300143653413,94.95991,335.7410336618196,-136.66534578987762,109.22428860388757,97.34841,349.7088245876894
-26.95775846500634,21.98,166.3039210836098,155.0,693.2555751989904,783.2056763704464,76.28717682670718,390.2768318401369,3524.323922936621,55.170299988921904,-604.4435933187788,106.08300143653413,94.95991,335.7410336618196,75.68131,321.57094439376516,97.34841,349.7088245876894
-26.95775846500634,21.98,166.3039210836098,155.0,693.2555751989904,432.95501271215943,76.28717682670718,390.2768318401369,3524.323922936621,55.170299988921904,-604.4435933187788,-119.75403748169845,94.95991,335.7410336618196,-109.03046540283462,136.85916899093056,97.34841,349.7088245876894
-26.957758465006343,21.98,166.3039210836098,155.0,693.2555751989904,782.4386569077564,76.28717682670718,390.27683184013694,3524.323922936621,55.170299988921904,-604.4435933187788,105.58843733653413,94.95991,335.7410336618196,-136.66534578987756,109.22428860388762,97.34841,349.7088245876894
-26.95775846500634,21.98,166.3039210836098,155.0,580.9655026744366,86.4192,76.28717682670718,390.27683184013614,3524.32392293662,55.170299988921904,-604.4435933187789,85.63306286837786,94.95991,335.7410336618196,-197.33696018156704,48.552674212198134,97.34841,349.7088245876894
-29.306636631848626,21.98,163.9550429167675,155.0,693.9252879501553,693.9252879501553,47.750373495653534,309.85268240718386,3443.899773503668,54.59956392230084,-604.4435933187788,85.35340219573352,94.95991,335.7410336618196,75.68131,321.57094439376516,97.34841,349.7088245876894
-31.304240799920652,21.98,161.95743874869547,155.0,392.4832064114974,576.6295012468865,46.50842384258011,242.23490378928398,3376.2819948857677,53.17947221396197,-604.4435933187789,104.9928622768516,94.95991,335.7410336618196,-295.2026424846796,-49.31300809091441,97.34841,349.7088245876894
-32.82254976050188,21.98,160.43912978811423,155.0,598.7750876717867,656.6716662245196,9.97288000128054,189.63700547808594,3323.684096574569,53.54482765237496,-604.4435933187788,84.98617462348906,94.95991,335.7410336618196,-178.86572973174606,67.02390466201913,97.34841,349.7088245876894
-32.82254976050188,21.98,160.43912978811423,155.0,656.6716662245196,656.6716662245196,9.97288000128054,189.63700547808594,3323.684096574569,53.54482765237496,-604.4435933187788,84.98617462348906,94.95991,335.7410336618196,-147.58354414244127,98.30609025132392,97.34841,349.7088245876894
-32.82254976050188,21.98,160.43912978811423,155.0,453.8343268250489,656.6716662245196,9.97288000128054,1155.650616020478,4289.697707116962,53.54482765237496,-604.4435933187788,84.98617462348906,94.95991,335.7410336618196,-257.17888559695825,-11.289251203193093,97.34841,349.7088245876894
-32.82254976050188,21.98,160.43912978811423,155.0,598.7750876717867,656.6716662245196,9.97288000128054,189.63700547808594,3323.684096574569,53.54482765237496,-604.4435933187788,84.98617462348906,94.95991,335.7410336618196,-178.86572973174606,67.02390466201913,97.34841,349.7088245876894
-32.82254976050188,21.98,160.43912978811423,155.0,598.7750876717867,598.7750876717867,9.97288000128054,189.63700547808594,3323.684096574569,53.54482765237496,-604.4435933187788,84.98617462348906,94.95991,335.7410336618196,-178.86572973174606,67.02390466201913,97.34841,349.7088245876894
-32.82254976050188,21.98,160.43912978811423,155.0,86.55,598.7750876717867,9.97288000128054,1155.650616020478,4289.697707116962,53.54482765237496,-604.4435933187788,84.98617462348906,94.95991,335.7410336618196,-455.6268209152653,-209.7371865215001,97.34841,349.7088245876894
-32.82254976050188,21.98,160.43912978811423,155.0,598.7750876717864,709.9562577760174,9.97288000128054,189.63700547808523,3323.6840965745687,53.54482765237496,-604.4435933187789,84.98617462348906,94.95991,335.7410336618196,-178.8657297317461,67.02390466201909,97.34841,349.7088245876894
-32.82254976050188,21.98,160.43912978811423,155.0,693.9153286229298,693.9153286229298,9.97288000128054,189.63700547808594,3323.684096574569,53.54482765237496,-604.4435933187788,84.98617462348906,94.95991,335.7410336618196,75.68131,321.57094439376516,97.34841,349.7088245876894
-32.82254976050188,21.98,160.43912978811423,155.0,395.90377296136967,656.6716662245196,9.97288000128054,189.63700547808594,3323.684096574569,53.54482765237496,-604.4435933187788,84.98617462348906,94.95991,335.7410336618196,-288.4794284365365,-42.58979404277136,97.34841,349.7088245876894
-31.304240799920652,21.98,161.95743874869547,155.0,657.4719353630807,657.4719353630807,46.50842384258011,1161.8201398610704,4295.867230957554,53.17947221396197,-604.4435933187788,104.9928622768516,94.95991,335.7410336618196,-152.02619224613446,93.86344214763074,97.34841,349.7088245876894
-74.87229295062369,21.98,118.38938659799246,155.0,874.3532470659057,746.1766451497912,101.72220347154659,3432.045597925072,6566.092689021556,116.3129739973144,-604.4435933187788,98.93874013401845,94.95991,335.7410336618196,75.68131,321.57094439376516,97.34841,349.7088245876894
14.058029999999999,21.98,207.31970954861612,155.0,656.6716662245196,739.2165874631434,482.96064406116983,4426.609783458258,7560.656874554741,123.93774280910688,-604.4435933187788,113.7219066812234,94.95991,335.7410336618196,-210.69566193135248,35.19397246241272,97.34841,349.7088245876894
14.058029999999999,21.98,207.31970954861612,155.0,656.6716662245196,739.9836069258333,482.96064406116983,4426.609783458258,7560.656874554741,123.93774280910688,-604.4435933187788,114.21647078122339,94.95991,335.7410336618196,-210.69566193135248,35.19397246241272,97.34841,349.7088245876894
14.058029999999999,21.98,207.31970954861612,155.0,656.6716662245196,739.9836069258333,482.96064406116983,4426.609783458258,7560.656874554741,123.93774280910688,-604.4435933187788,114.21647078122339,94.95991,335.7410336618196,-210.69566193135248,35.19397246241272,97.34841,349.7088245876894
14.058029999999999,21.98,207.31970954861612,155.0,656.6716662245196,739.2165874631432,482.96064406116983,5730.849412981942,8864.896504078424,123.93774280910688,-604.4435933187789,113.7219066812234,94.95991,335.7410336618196,-210.69566193135242,35.19397246241276,97.34841,349.7088245876894
14.058029999999999,21.98,207.31970954861612,155.0,656.6716662245196,739.9836069258334,482.96064406116983,4426.609783458259,7560.656874554743,123.93774280910688,-604.4435933187788,114.21647078122339,94.95991,335.7410336618196,-210.6956619313525,35.19397246241267,97.34841,349.7088245876894
-6.0467680362465765,21.98,187.21491151236955,155.0,656.6716662245196,739.9836069258333,482.96064406116983,4454.510054134129,7588.557145230612,123.93774280910688,-604.4435933187788,114.21647078122339,94.95991,335.7410336618196,-210.69566193135248,35.19397246241272,97.34841,349.7088245876894
-6.0467680362465765,21.98,187.21491151236955,155.0,656.6716662245196,396.18798925350836,482.96064406116983,4454.510054134128,7588.557145230612,123.93774280910688,-604.4435933187789,-107.45843905972372,94.95991,335.7410336618196,-210.69566193135242,35.19397246241276,97.34841,349.7088245876894
-2.9181701403326983,21.98,190.34350940828344,155.0,656.6716662245196,739.9836069258332,482.96064406116983,4450.168367737946,7584.215458834429,123.93774280910688,-604.4435933187789,114.21647078122339,94.95991,335.7410336618196,-210.69566193135242,35.19397246241276,97.34841,349.7088245876894
-6.0467680362465535,21.98,187.21491151236958,155.0,656.6716662245196,739.9836069258333,482.96064406116983,4454.510054134129,7588.557145230612,123.93774280910688,-604.4435933187788,114.21647078122339,94.95991,335.7410336618196,-210.69566193135248,35.19397246241272,97.34841,349.7088245876894
-6.0467680362465535,21.98,187.21491151236958,155.0,656.6716662245196,739.2165874631432,482.96064406116983,4454.510054134128,7588.557145230612,123.93774280910688,-604.4435933187789,113.7219066812234,94.95991,335.7410336618196,-210.69566193135242,35.19397246241276,97.34841,349.7088245876894
-10.979380540956452,21.98,182.2822990076597,155.0,656.6716662245196,700.8941841264422,482.96064406116983,4461.35524719563,7595.402338292113,123.93774280910688,-604.4435933187788,89.01212311252063,94.95991,335.7410336618196,-210.69566193135248,35.19397246241272,97.34841,349.7088245876894
-74.87229295062369,21.98,118.38938659799246,155.0,86.55,656.6716662245196,101.72220347154659,3432.0455979250723,6566.092689021556,116.3129739973144,-604.4435933187788,106.59170196943091,94.95991,335.7410336618196,-467.8691970397672,-221.979562646002,97.34841,349.7088245876894
14.058029999999999,21.98,207.31970954861612,155.0,506.39917316359924,780.0165632338744,99.07648897629029,3158.6821932232924,6292.729284319776,113.28776503812054,-604.4435933187788,106.04422357952579,94.95991,335.7410336618196,-240.666846918986,5.222787474779171,97.34841,349.7088245876894
14.058029999999999,21.98,207.31970954861612,155.0,687.2118742091013,780.0165632338744,99.07648897629029,3158.6821932232924,6292.729284319776,113.28776503812054,-604.4435933187788,106.04422357952579,94.95991,335.7410336618196,-142.97167023670391,102.91796415706128,97.34841,349.7088245876894
14.058029999999999,21.98,207.31970954861612,155.0,839.3198338915664,789.4378608687979,10.432150001454797,2447.427641562312,5581.474732658796,102.08108479235425,-604.4435933187789,104.27133680002909,94.95991,335.7410336618196,75.68131,321.57094439376516,97.34841,349.7088245876894
14.058029999999999,21.98,207.31970954861612,155.0,599.512936309445,758.7828768556509,10.432150001454797,2447.4276415623126,5581.474732658796,102.08108479235425,-604.4435933187788,84.50540475209101,94.95991,335.7410336618196,-178.5283433652193,67.36129102854586,97.34841,349.7088245876894
14.058029999999999,21.98,207.31970954861612,155.0,854.2702824648757,758.705499826652,10.432150001454797,2686.1061014690663,5820.15319256555,107.0702542422669,-604.4435933187788,84.45551305759187,94.95991,335.7410336618196,75.68131,321.57094439376516,97.34841,349.7088245876894
14.058029999999999,21.98,207.31970954861612,155.0,599.5129363094447,789.4378608687979,10.432150001454795,2447.427641562312,5581.474732658796,102.08108479235425,-604.4435933187789,104.27133680002909,94.95991,335.7410336618196,-178.52834336521937,67.3612910285458,97.34841,349.7088245876894
14.058029999999999,21.98,207.31970954861612,155.0,599.512936309445,708.8686764062127,10.432150001454795,2447.4276415623126,5581.474732658796,102.08108479235425,-604.4435933187788,104.27133680002909,94.95991,335.7410336618196,-178.5283433652193,67.36129102854586,97.34841,349.7088245876894
14.058029999999999,21.98,207.31970954861612,155.0,875.55785403069,599.512936309445,10.432150001454797,3025.9544191679797,6160.001510264463,114.17420842786892,-604.4435933187788,104.76590090002908,94.95991,335.7410336618196,75.68131,321.57094439376516,97.34841,349.7088245876894
14.058029999999999,21.98,207.31970954861612,155.0,839.3198338915664,599.512936309445,10.432150001454795,2447.4276415623126,5581.474732658796,102.08108479235425,-604.4435933187788,84.50540475209101,94.95991,335.7410336618196,75.68131,321.57094439376516,97.34841,349.7088245876894
14.058029999999999,21.98,207.31970954861612,155.0,875.55785403069,758.5953246011876,10.432150001454795,3025.9544191679797,6160.001510264463,114.17420842786892,-604.4435933187788,84.38447351573586,94.95991,335.7410336618196,-29.378107496355117,216.51152689741005,97.34841,349.7088245876894
14.058029999999999,21.98,207.31970954861612,155.0,855.6319911053779,656.6716662245196,84.25127301831702,2951.976239571696,6086.02333066818,109.57918839366901,-604.4435933187789,105.74771926036632,94.95991,335.7410336618196,75.68131,321.57094439376516,97.34841,349.7088245876894
14.058029999999999,21.98,207.31970954861612,155.0,874.3532470659057,86.4192,101.72220347154659,3308.633262365086,6442.680353461569,116.3129739973144,-604.4435933187789,90.24446143318586,94.95991,335.7410336618196,75.68131,321.57094439376516,97.34841,349.7088245876894
14.058029999999999,21.98,207.31970954861612,155.0,656.6716662245196,779.7353714058896,101.72220347154659,3308.6332623650856,6442.680353461568,116.31297399731439,-604.4435933187788,106.09713786943092,94.95991,335.7410336618196,-159.82592026694317,86.063714126822,97.34841,349.7088245876894
14.058029999999999,21.98,207.31970954861612,155.0,656.6716662245196,779.7353714058896,101.72220347154659,3308.633262365087,6442.68035346157,116.3129739973144,-604.4435933187788,106.09713786943092,94.95991,335.7410336618196,-159.82592026694317,86.063714126822,97.34841,349.7088245876894
14.058029999999999,21.98,207.31970954861612,155.0,656.6716662245196,779.7353714058896,101.72220347154659,3308.633262365087,6442.68035346157,116.3129739973144,-604.4435933187788,106.09713786943092,94.95991,335.7410336618196,-159.82592026694317,86.063714126822,97.34841,349.7088245876894
14.058029999999999,21.98,207.31970954861612,155.0,656.6716662245196,556.1973952462354,101.72220347154659,3308.633262365086,6442.680353461569,116.3129739973144,-604.4435933187789,106.59170196943091,94.95991,335.7410336618196,-159.82592026694314,86.06371412682205,97.34841,349.7088245876894
14.058029999999999,21.98,207.31970954861612,155.0,686.5425084418014,656.6716662245196,101.72220347154659,3308.633262365087,6442.68035346157,116.3129739973144,-604.4435933187788,106.59170196943091,94.95991,335.7410336618196,-143.68636153466403,102.20327285910116,97.34841,349.7088245876894
14.058029999999999,21.98,207.31970954861612,155.0,686.5425084418014,686.5425084418014,101.72220347154659,3308.633262365087,6442.68035346157,116.3129739973144,-604.4435933187788,106.59170196943091,94.95991,335.7410336618196,-143.68636153466403,102.20327285910116,97.34841,349.7088245876894
14.058029999999999,21.98,207.31970954861612,155.0,874.3532470659057,779.7353714058895,101.72220347154659,3308.633262365086,6442.680353461569,116.3129739973144,-604.4435933187789,106.09713786943092,94.95991,335.7410336618196,75.68131,321.57094439376516,97.34841,349.7088245876894
14.058029999999999,21.98,207.31970954861612,155.0,656.6716662245196,780.5023908685796,101.72220347154659,3308.6332623650846,6442.680353461568,116.31297399731439,-604.4435933187789,106.59170196943091,94.95991,335.7410336618196,-159.82592026694314,86.06371412682205,97.34841,349.7088245876894
14.058029999999999,21.98,207.31970954861612,155.0,86.55,779.7353714058896,101.72220347154659,3308.6332623650856,6442.680353461568,116.31297399731439,-604.4435933187788,106.09713786943092,94.95991,335.7410336618196,-467.8691970397672,-221.979562646002,97.34841,349.7088245876894
14.058029999999999,21.98,207.31970954861612,155.0,86.55,779.7353714058896,101.72220347154658,3308.633262365087,6442.68035346157,116.3129739973144,-604.4435933187788,106.09713786943092,94.95991,335.7410336618196,-467.8691970397672,-221.979562646002,97.34841,349.7088245876894
14.058029999999999,21.98,207.31970954861612,155.0,864.3158831395914,86.4192,529.4194211655833,4562.849512907117,7696.8966040036,124.86691835119514,-604.4435933187788,114.65108222331166,94.95991,335.7410336618196,-104.70223766605211,141.18739672771306,97.34841,349.7088245876894
14.058029999999999,21.98,207.31970954861612,155.0,874.3532470659057,686.5425084418014,101.72220347154658,3308.633262365087,6442.68035346157,116.3129739973144,-604.4435933187788,85.27598639474232,94.95991,335.7410336618196,-42.210064866243684,203.6795695275215,97.34841,349.7088245876894
14.058029999999999,21.98,207.31970954861612,155.0,656.6716662245196,780.0165632338744,99.07648897629029,3158.6821932232924,6292.729284319776,113.28776503812054,-604.4435933187788,106.04422357952579,94.95991,335.7410336618196,-159.47289497210852,86.41673942165667,97.34841,349.7088245876894
14.058029999999999,21.98,207.31970954861612,155.0,867.1892896236188,86.4192,84.25127301831702,3136.4842961353615,6270.531387231845,113.4360171977003,-604.4435933187788,85.13004665820617,94.95991,335.7410336618196,-43.74963675707168,202.13999763669352,97.34841,349.7088245876894
14.058029999999999,21.98,207.31970954861612,155.0,875.55785403069,758.5953246011876,10.432150001454797,3025.9544191679797,6160.001510264463,114.17420842786892,-604.4435933187788,84.38447351573586,94.95991,335.7410336618196,75.68131,321.57094439376516,97.34841,349.7088245876894
14.058029999999999,21.98,207.31970954861612,155.0,839.3198338915664,599.512936309445,10.432150001454797,2447.4276415623126,5581.474732658796,102.08108479235425,-604.4435933187788,84.50540475209101,94.95991,335.7410336618196,75.68131,321.57094439376516,97.34841,349.7088245876894
14.058029999999999,21.98,207.31970954861612,155.0,839.3198338915664,758.7828768556509,10.432150001454797,2447.4276415623126,5581.474732658796,102.08108479235425,-604.4435933187788,84.50540475209101,94.95991,335.7410336618196,-48.95792550491888,196.93170888884632,97.34841,349.7088245876894
14.058029999999999,21.98,207.31970954861612,155.0,656.6716662245196,782.1363927988949,79.13115895784414,3128.8179143898924,6262.865005486376,113.48721833830501,-604.4435933187788,105.64531697915687,94.95991,335.7410336618196,-156.81153222001942,89.07810217374578,97.34841,349.7088245876894
14.058029999999999,21.98,207.31970954861612,155.0,690.9626538464685,552.744779296136,84.25127301831702,2986.7577037319356,6120.804794828419,110.30623606474623,-604.4435933187789,105.74771926036632,94.95991,335.7410336618196,-138.96690976291154,106.92272463085365,97.34841,349.7088245876894
14.058029999999999,21.98,207.31970954861612,155.0,855.6319911053779,520.8286464153675,84.25127301831702,3194.8663377881994,6328.9134288846835,109.57918839366901,-604.4435933187788,85.16861494624648,94.95991,335.7410336618196,75.68131,321.57094439376516,97.34841,349.7088245876894
14.058029999999999,21.98,207.31970954861612,155.0,656.6716662245196,780.0165632338744,99.07648897629029,3158.6821932232924,6292.729284319776,113.28776503812054,-604.4435933187788,106.04422357952579,94.95991,335.7410336618196,-159.47289497210852,86.41673942165667,97.34841,349.7088245876894
14.058029999999999,21.98,207.31970954861612,155.0,656.6716662245196,780.0165632338744,99.07648897629029,3158.6821932232924,6292.729284319776,113.28776503812054,-604.4435933187788,106.04422357952579,94.95991,335.7410336618196,-159.47289497210852,86.41673942165667,97.34841,349.7088245876894
14.058029999999999,21.98,207.31970954861612,155.0,865.5086170617853,627.6108645274594,99.07648897629029,3158.6821932232924,6292.729284319776,113.28776503812054,-604.4435933187788,85.2797813393817,94.95991,335.7410336618196,75.68131,321.57094439376516,97.34841,349.7088245876894
14.058029999999999,21.98,207.31970954861612,155.0,878.2871513748846,748.0671870204299,102.89896130634219,3375.3283255568867,6509.37541665337,117.6585229410905,-604.4435933187789,94.77280577642888,94.95991,335.7410336618196,-40.24154942037287,205.6480849733923,97.34841,349.7088245876894
-3.863535641718427,21.98,189.3981439068977,155.0,656.6716662245196,750.6350874002468,382.7415996847609,4220.833548857749,7354.880639954233,123.25537570865886,-604.4435933187788,112.21208989369521,94.95991,335.7410336618196,-197.32314658532096,48.566487808444236,97.34841,349.7088245876894
0.7221562302489477,21.98,193.98383577886509,155.0,656.6716662245196,750.6350874002467,382.7415996847609,4214.46979209514,7348.5168831916235,123.25537570865886,-604.4435933187788,112.21208989369521,94.95991,335.7410336618196,-197.3231465853209,48.56648780844428,97.34841,349.7088245876894
0.7221562302489477,21.98,193.98383577886509,155.0,871.719695971156,713.1105445914502,382.7415996847609,4214.46979209514,7348.5168831916235,123.25537570865886,-604.4435933187788,88.01675633976103,94.95991,335.7410336618196,75.68131,321.57094439376516,97.34841,349.7088245876894
-9.166942901560162,21.98,184.09473664705598,155.0,871.719695971156,750.6350874002467,382.7415996847609,4228.193309338167,7362.240400434651,123.25537570865886,-604.4435933187788,112.21208989369521,94.95991,335.7410336618196,75.68131,321.57094439376516,97.34841,349.7088245876894
-2.7253634312124784,21.98,190.53631611740366,155.0,656.6716662245196,750.6350874002467,382.7415996847609,4219.254059588987,7353.301150685471,123.25537570865886,-604.4435933187788,112.21208989369521,94.95991,335.7410336618196,-197.3231465853209,48.56648780844428,97.34841,349.7088245876894
-2.72536343121242,21.98,190.53631611740371,155.0,656.6716662245196,656.6716662245196,382.7415996847609,4219.254059588986,7353.301150685469,123.25537570865886,-604.4435933187789,112.21208989369521,94.95991,335.7410336618196,-197.32314658532084,48.56648780844433,97.34841,349.7088245876894
1.257795657507911,21.98,194.51947520612404,155.0,656.6716662245196,750.6350874002467,382.7415996847609,4213.726462817311,7347.773553913795,123.25537570865886,-604.4435933187788,112.21208989369521,94.95991,335.7410336618196,-197.3231465853209,48.56648780844428,97.34841,349.7088245876894
1.257795657507911,21.98,194.51947520612404,155.0,656.6716662245196,750.6350874002467,382.7415996847609,4213.726462817311,7347.773553913795,123.25537570865886,-604.4435933187788,112.21208989369521,94.95991,335.7410336618196,-197.3231465853209,48.56648780844428,97.34841,349.7088245876894
1.257795657507911,21.98,194.51947520612404,155.0,656.6716662245196,750.6350874002466,382.7415996847609,4213.72646281731,7347.773553913793,123.25537570865886,-604.4435933187789,112.21208989369521,94.95991,335.7410336618196,-197.32314658532084,48.56648780844433,97.34841,349.7088245876894
1.257795657507911,21.98,194.51947520612404,155.0,656.6716662245196,750.6350874002467,382.7415996847609,4213.726462817311,7347.773553913795,123.25537570865886,-604.4435933187788,112.21208989369521,94.95991,335.7410336618196,-197.3231465853209,48.56648780844428,97.34841,349.7088245876894
14.058029999999999,21.98,207.31970954861612,155.0,656.6716662245196,719.3024487380084,677.5482335666804,5060.479469436112,8194.526560532595,129.15150838629725,-604.4435933187789,118.1082225713336,94.95991,335.7410336618196,-236.66004368135714,9.229590712408038,97.34841,349.7088245876894
-3.4993854985185244,21.98,189.7622940500976,155.0,656.6716662245196,750.6350874002466,382.7415996847609,4220.328202445233,7354.375293541717,123.25537570865886,-604.4435933187789,112.21208989369521,94.95991,335.7410336618196,-197.32314658532084,48.56648780844433,97.34841,349.7088245876894
13.693879856800088,21.98,206.95555940541624,155.0,878.2871513748846,779.6103032296918,102.89896130634219,3375.833671969401,6509.880763065885,117.6585229410905,-604.4435933187788,106.12067302612685,94.95991,335.7410336618196,-40.24154942037292,205.64808497339226,97.34841,349.7088245876894
14.058029999999999,21.98,207.31970954861612,155.0,869.340203614188,555.9668853893234,100.2226402654678,3223.6425702853553,6357.689661381839,114.59831731230898,-604.4435933187789,106.56171070530934,94.95991,335.7410336618196,75.68131,321.57094439376516,97.34841,349.7088245876894
14.058029999999999,21.98,207.31970954861612,155.0,656.6716662245196,747.6530734967544,100.2226402654678,3223.6425702853553,6357.689661381839,114.59831731230898,-604.4435933187789,85.27813732953159,94.95991,335.7410336618196,-159.62582923523942,86.26380515852576,97.34841,349.7088245876894
11.079998152201464,21.98,204.3416777008176,155.0,731.0329787486419,731.0329787486419,92.2961080425878,3215.906859043795,6349.953950140279,114.67758263453777,-604.4435933187788,106.40318006085174,94.95991,335.7410336618196,-118.38989900239513,127.49973539137005,97.34841,349.7088245876894
14.058029999999999,21.98,207.31970954861612,155.0,871.1508105411522,718.1084015705292,84.25127301831702,3199.7285330456384,6333.775624142122,114.75803098478046,-604.4435933187788,106.24228336036632,94.95991,335.7410336618196,-41.6091815582326,204.28045283553257,97.34841,349.7088245876894
14.058029999999999,21.98,207.31970954861612,155.0,690.9626538464686,553.511798758826,84.25127301831704,3529.2120839282884,6663.259175024773,114.75803098478049,-604.4435933187788,106.24228336036632,94.95991,335.7410336618196,-138.96690976291148,106.9227246308537,97.34841,349.7088245876894
14.058029999999999,21.98,207.31970954861612,155.0,690.9626538464686,690.9626538464686,84.25127301831704,2951.976239571697,6086.02333066818,109.57918839366901,-604.4435933187788,85.16861494624648,94.95991,335.7410336618196,-138.96690976291148,106.9227246308537,97.34841,349.7088245876894
14.058029999999999,21.98,207.31970954861612,155.0,869.340203614188,522.9581914408296,100.2226402654678,3223.6425702853558,6357.689661381839,114.59831731230898,-604.4435933187788,85.27813732953159,94.95991,335.7410336618196,75.68131,321.57094439376516,97.34841,349.7088245876894
14.058029999999999,21.98,207.31970954861612,155.0,656.6716662245196,86.4192,100.2226402654678,3223.6425702853558,6357.689661381839,114.59831731230898,-604.4435933187788,85.27813732953159,94.95991,335.7410336618196,-159.62582923523948,86.26380515852571,97.34841,349.7088245876894
14.058029999999999,21.98,207.31970954861612,155.0,656.6716662245196,779.894747982558,100.2226402654678,3223.6425702853553,6357.689661381839,114.59831731230898,-604.4435933187789,106.06714660530935,94.95991,335.7410336618196,-159.62582923523942,86.26380515852576,97.34841,349.7088245876894
14.058029999999999,21.98,207.31970954861612,155.0,656.6716662245196,779.894747982558,100.2226402654678,3223.6425702853553,6357.689661381839,114.59831731230898,-604.4435933187789,106.06714660530935,94.95991,335.7410336618196,-159.62582923523942,86.26380515852576,97.34841,349.7088245876894
14.058029999999999,21.98,207.31970954861612,155.0,878.2871513748846,780.377322692382,102.89896130634219,3375.328325556887,6509.375416653371,117.6585229410905,-604.4435933187788,106.61523712612683,94.95991,335.7410336618196,-40.24154942037292,205.64808497339226,97.34841,349.7088245876894
14.058029999999999,21.98,207.31970954861612,155.0,656.6716662245196,778.1608105204843,123.75397129766327,3436.485357574438,6570.5324486709205,118.07562314091692,-604.4435933187788,107.03233732595325,94.95991,335.7410336618196,-162.76568241682358,83.1239519769416,97.34841,349.7088245876894
14.058029999999999,21.98,207.31970954861612,155.0,878.2871513748846,538.0118573268381,102.89896130634219,3375.328325556887,6509.375416653371,117.6585229410905,-604.4435933187788,94.77280577642892,94.95991,335.7410336618196,75.68131,321.57094439376516,97.34841,349.7088245876894
14.058029999999999,21.98,207.31970954861612,155.0,656.6716662245196,779.6103032296918,102.89896130634219,3375.328325556887,6509.375416653371,117.6585229410905,-604.4435933187788,106.12067302612685,94.95991,335.7410336618196,-159.98293844948807,85.90669594427712,97.34841,349.7088245876894
14.058029999999999,21.98,207.31970954861612,155.0,656.6716662245196,779.6103032296918,102.89896130634219,3375.328325556887,6509.375416653371,117.6585229410905,-604.4435933187788,106.12067302612685,94.95991,335.7410336618196,-159.98293844948807,85.90669594427712,97.34841,349.7088245876894
14.058029999999999,21.98,207.31970954861612,155.0,656.6716662245196,748.0671870204301,102.89896130634219,3375.328325556887,6509.375416653371,117.6585229410905,-604.4435933187788,94.77280577642892,94.95991,335.7410336618196,-159.98293844948807,85.90669594427712,97.34841,349.7088245876894
14.058029999999999,21.98,207.31970954861612,155.0,878.2871513748846,538.011857326838,102.89896130634219,3375.3283255568867,6509.37541665337,117.6585229410905,-604.4435933187789,94.77280577642888,94.95991,335.7410336618196,75.68131,321.57094439376516,97.34841,349.7088245876894
