ethanol_SE,natgas_SE,ethane_SE,natgas_demand_SE,biowood_SE,bioherb_SE,elec_SE,ethylene_SE,h2_SE,co2_captured_SE,gasoline_SE,gasoline_demand_SE,jetfuel_SE,jetfuel_demand_SE,diesel_SE,diesel_demand_SE
14.058029999999999,14.058029999999999,14.058029999999999,26.614711219999997,86.55,86.4192,12.952084172065252,120.0986330163719,14.809897722455895,-6.1,94.95991,94.95991,75.68131,75.68131,97.34841,97.34841
14.058029999999999,14.058029999999999,14.058029999999999,26.614711219999997,86.55,125.66703627602324,9.972880001280538,117.0458783368512,14.839689764163744,-6.1,94.95991,94.95991,75.68131,75.68131,97.34841,97.34841
14.058029999999999,14.058029999999999,14.058029999999999,26.614711219999997,86.55,86.4192,9.972880001280538,116.08234184025932,14.839689764163744,58.06537833231503,94.95991,94.95991,75.68131,75.68131,97.34841,97.34841
14.058029999999999,14.058029999999999,14.058029999999999,26.614711219999997,86.55,86.4192,9.972880001280538,116.08234184025932,14.839689764163744,-6.1,94.95991,94.95991,75.68131,75.68131,97.34841,97.34841
14.058029999999999,14.058029999999999,14.058029999999999,26.614711219999997,86.55,169.9262060605,9.972880001280538,116.08234184025932,14.839689764163744,-6.1,94.95991,94.95991,75.68131,75.68131,97.34841,97.34841
14.058029999999999,14.058029999999999,14.058029999999999,26.614711219999997,86.55,86.4192,9.972880001280538,116.08234184025932,14.839689764163744,-6.1,94.95991,94.95991,75.68131,75.68131,97.34841,97.34841
14.058029999999999,14.058029999999999,14.058029999999999,26.614711219999997,86.55,169.9262060605,13.297953481644974,120.55675176426952,15.20537763380945,70.2304955177323,94.95991,94.95991,75.68131,75.68131,97.34841,97.34841
14.058029999999999,14.058029999999999,14.058029999999999,26.614711219999997,86.55,86.4192,0.0,102.63781516351843,14.93941856417655,-6.1,94.95991,94.95991,75.68131,75.68131,97.34841,97.34841
14.058029999999999,14.058029999999999,14.058029999999999,26.614711219999997,86.55,86.4192,0.0,102.63781516351843,14.93941856417655,24.64,94.95991,94.95991,75.68131,75.68131,97.34841,97.34841
14.058029999999999,14.058029999999999,14.058029999999999,26.614711219999997,108.94227739702838,86.4192,9.972880001280538,116.08234184025932,14.839689764163744,-2.0626233526459337,94.95991,94.95991,75.68131,75.68131,97.34841,97.34841
14.058029999999999,14.058029999999999,14.058029999999999,26.614711219999997,86.55,86.4192,9.972880001280538,116.08234184025932,14.839689764163744,-6.1,94.95991,94.95991,75.68131,75.68131,97.34841,97.34841
14.058029999999999,14.058029999999999,14.058029999999999,26.614711219999997,86.55,86.4192,9.972880001280538,116.08234184025932,14.839689764163744,-6.1,94.95991,94.95991,75.68131,75.68131,97.34841,97.34841
14.058029999999999,14.058029999999999,14.058029999999999,26.614711219999997,86.55,86.4192,9.972880001280538,116.08234184025932,14.839689764163744,-6.1,94.95991,94.95991,75.68131,75.68131,97.34841,97.34841
14.058029999999999,14.058029999999999,14.058029999999999,26.614711219999997,86.55,86.4192,0.0,102.63781516351843,14.93941856417655,-6.1,94.95991,94.95991,75.68131,75.68131,97.34841,97.34841
14.058029999999999,14.058029999999999,14.058029999999999,26.614711219999997,86.55,86.4192,0.0,102.63781516351843,14.93941856417655,-6.1,94.95991,94.95991,75.68131,75.68131,97.34841,97.34841
14.058029999999999,14.058029999999999,14.058029999999999,26.614711219999997,86.55,86.4192,0.0,102.63781516351843,14.93941856417655,24.64,94.95991,94.95991,75.68131,75.68131,97.34841,97.34841
14.058029999999999,14.058029999999999,14.058029999999999,26.614711219999997,86.55,86.4192,13.297953481644974,120.55675176426952,15.20537763380945,-5.555812882572402,94.95991,94.95991,75.68131,75.68131,97.34841,97.34841
14.058029999999999,14.058029999999999,14.058029999999999,26.614711219999997,86.55,86.4192,13.297953481644974,120.55675176426952,15.20537763380945,-6.1,94.95991,94.95991,75.68131,75.68131,97.34841,97.34841
14.058029999999999,14.058029999999999,14.058029999999999,26.614711219999997,126.48818137677654,86.4192,13.297953481644974,120.55675176426952,15.20537763380945,-6.1,94.95991,94.95991,75.68131,75.68131,97.34841,97.34841
14.058029999999999,14.058029999999999,14.058029999999999,26.614711219999997,86.55,86.4192,12.952084172065252,120.09863301637192,14.809897722455899,-6.1,94.95991,94.95991,75.68131,75.68131,97.34841,97.34841
14.058029999999999,14.058029999999999,14.058029999999999,26.614711219999997,86.55,86.4192,9.972880001280538,116.08234184025932,14.839689764163744,-6.1,94.95991,94.95991,75.68131,75.68131,97.34841,97.34841
14.058029999999999,14.058029999999999,14.058029999999999,26.614711219999997,86.55,86.4192,9.972880001280538,116.08234184025932,14.839689764163744,-6.1,94.95991,94.95991,75.68131,75.68131,97.34841,97.34841
14.058029999999999,14.058029999999999,14.058029999999999,26.614711219999997,86.55,86.4192,12.952084172065252,120.09863301637192,14.809897722455899,-6.1,94.95991,94.95991,75.68131,75.68131,97.34841,97.34841
14.058029999999999,14.058029999999999,14.058029999999999,26.614711219999997,86.55,86.4192,12.952084172065252,120.09863301637192,14.809897722455899,58.29598030731823,94.95991,94.95991,75.68131,75.68131,97.34841,97.34841
14.058029999999999,14.058029999999999,14.058029999999999,26.614711219999997,86.55,86.4192,13.297953481644974,120.55675176426952,15.20537763380945,-6.1,94.95991,94.95991,75.68131,75.68131,97.34841,97.34841
14.058029999999999,14.058029999999999,14.058029999999999,26.614711219999997,86.55,86.4192,13.297953481644974,120.55675176426952,15.20537763380945,-6.1,94.95991,94.95991,75.68131,75.68131,97.34841,97.34841
14.058029999999999,14.058029999999999,14.058029999999999,26.614711219999997,86.55,86.4192,13.297953481644974,120.55675176426952,15.20537763380945,57.50652164611216,94.95991,94.95991,75.68131,75.68131,97.34841,97.34841
14.058029999999999,14.058029999999999,14.058029999999999,26.614711219999997,86.55,86.4192,13.297953481644974,120.55675176426952,15.20537763380945,-6.1,94.95991,94.95991,75.68131,75.68131,97.34841,97.34841
14.058029999999999,14.058029999999999,14.058029999999999,26.614711219999997,86.55,86.4192,13.297953481644974,120.55675176426952,15.20537763380945,-6.1,94.95991,94.95991,75.68131,75.68131,97.34841,97.34841
14.058029999999999,14.058029999999999,14.058029999999999,26.614711219999997,86.55,86.4192,151.8173983449609,307.21112334881764,17.975766531075767,59.72612136803105,94.95991,94.95991,75.68131,75.68131,97.34841,97.34841
14.058029999999999,14.058029999999999,14.058029999999999,26.614711219999997,160.69631667973303,86.4192,151.8173983449609,307.21112334881764,17.975766531075767,-6.1,94.95991,94.95991,75.68131,75.68131,97.34841,97.34841
14.058029999999999,14.058029999999999,14.058029999999999,26.614711219999997,86.55,86.4192,9.972880001280538,116.09813652524946,14.066612999700578,-6.1,94.95991,94.95991,75.68131,75.68131,97.34841,97.34841
14.058029999999999,14.058029999999999,14.058029999999999,26.614711219999997,86.55,86.4192,0.0,102.65360984850857,14.166341799713383,-6.1,94.95991,94.95991,75.68131,75.68131,97.34841,97.34841
14.058029999999999,14.058029999999999,14.058029999999999,26.614711219999997,86.55,86.4192,0.0,102.65360984850857,14.166341799713383,24.64,94.95991,94.95991,75.68131,75.68131,97.34841,97.34841
14.058029999999999,14.058029999999999,14.058029999999999,26.614711219999997,86.55,86.4192,0.0,102.65360984850857,14.166341799713383,-6.1,94.95991,94.95991,75.68131,75.68131,97.34841,97.34841
14.058029999999999,14.058029999999999,14.058029999999999,26.614711219999997,86.55,86.4192,0.0,102.65360984850857,14.166341799713383,58.87515743310893,94.95991,94.95991,75.68131,75.68131,97.34841,97.34841
14.058029999999999,14.058029999999999,14.058029999999999,26.614711219999997,86.55,86.4192,0.0,102.65360984850857,14.166341799713383,-6.1,94.95991,94.95991,75.68131,75.68131,97.34841,97.34841
14.058029999999999,14.058029999999999,14.058029999999999,26.614711219999997,86.55,86.4192,0.0,102.65360984850857,14.166341799713383,-6.1,94.95991,94.95991,75.68131,75.68131,97.34841,97.34841
14.058029999999999,14.058029999999999,14.058029999999999,26.614711219999997,86.55,86.4192,0.0,102.65360984850857,14.166341799713383,24.64,94.95991,94.95991,75.68131,75.68131,97.34841,97.34841
14.058029999999999,14.058029999999999,14.058029999999999,26.614711219999997,86.55,86.4192,0.0,102.65360984850857,14.166341799713383,-6.1,94.95991,94.95991,75.68131,75.68131,97.34841,97.34841
14.058029999999999,14.058029999999999,14.058029999999999,26.614711219999997,86.55,86.4192,0.0,102.65360984850857,14.166341799713383,-6.1,94.95991,94.95991,75.68131,75.68131,97.34841,97.34841
14.058029999999999,14.058029999999999,14.058029999999999,26.614711219999997,86.55,86.4192,12.609818343894487,119.64528723428947,14.418538166591272,-6.1,94.95991,94.95991,75.68131,75.68131,97.34841,97.34841
14.058029999999999,14.058029999999999,14.058029999999999,26.614711219999997,86.55,86.4192,12.281846887944635,119.21087496183756,14.043523330833935,-6.1,94.95991,94.95991,75.68131,75.68131,97.34841,97.34841
14.058029999999999,14.058029999999999,14.058029999999999,26.614711219999997,86.55,86.4192,9.972880001280538,116.09813652524946,14.066612999700578,-6.1,94.95991,94.95991,75.68131,75.68131,97.34841,97.34841
14.058029999999999,14.058029999999999,14.058029999999999,26.614711219999997,86.55,86.4192,9.972880001280538,116.09813652524946,14.066612999700578,-6.1,94.95991,94.95991,75.68131,75.68131,97.34841,97.34841
14.058029999999999,14.058029999999999,14.058029999999999,26.614711219999997,86.55,86.4192,9.972880001280538,116.09813652524946,14.066612999700578,59.64709708307241,94.95991,94.95991,75.68131,75.68131,97.34841,97.34841
14.058029999999999,14.058029999999999,14.058029999999999,26.614711219999997,86.55,86.4192,9.972880001280538,116.09813652524946,14.066612999700578,-6.1,94.95991,94.95991,75.68131,75.68131,97.34841,97.34841
14.058029999999999,14.058029999999999,14.058029999999999,26.614711219999997,86.55,86.4192,9.972880001280538,116.09813652524946,14.066612999700578,59.64709708307241,94.95991,94.95991,75.68131,75.68131,97.34841,97.34841
14.058029999999999,14.058029999999999,14.058029999999999,26.614711219999997,86.55,86.4192,9.972880001280538,116.09813652524946,14.066612999700578,-6.1,94.95991,94.95991,75.68131,75.68131,97.34841,97.34841
14.058029999999999,14.058029999999999,14.058029999999999,26.614711219999997,86.55,86.4192,9.972880001280538,116.09813652524946,14.066612999700578,-6.1,94.95991,94.95991,75.68131,75.68131,97.34841,97.34841
14.058029999999999,14.058029999999999,14.058029999999999,26.614711219999997,86.55,86.4192,9.972880001280538,116.09813652524946,14.066612999700578,59.64709708307241,94.95991,94.95991,75.68131,75.68131,97.34841,97.34841
14.058029999999999,14.058029999999999,14.058029999999999,26.614711219999997,86.55,86.4192,9.972880001280538,116.09813652524946,14.066612999700578,-6.1,94.95991,94.95991,75.68131,75.68131,97.34841,97.34841
14.058029999999999,14.058029999999999,14.058029999999999,26.614711219999997,86.55,86.4192,9.972880001280538,116.09813652524946,14.066612999700578,59.64709708307241,94.95991,94.95991,75.68131,75.68131,97.34841,97.34841
14.058029999999999,14.058029999999999,14.058029999999999,26.614711219999997,86.55,86.4192,9.972880001280538,116.09813652524946,14.066612999700578,-6.1,94.95991,94.95991,75.68131,75.68131,97.34841,97.34841
14.058029999999999,14.058029999999999,14.058029999999999,26.614711219999997,86.55,86.4192,9.972880001280538,116.09813652524946,14.066612999700578,-6.1,94.95991,94.95991,75.68131,75.68131,97.34841,97.34841
14.058029999999999,14.058029999999999,14.058029999999999,26.614711219999997,86.55,86.4192,0.0,102.65360984850857,14.166341799713383,-6.1,94.95991,94.95991,75.68131,75.68131,97.34841,97.34841
14.058029999999999,14.058029999999999,14.058029999999999,26.614711219999997,86.55,86.4192,0.0,102.65360984850857,14.166341799713383,-6.1,94.95991,94.95991,75.68131,75.68131,97.34841,97.34841
14.058029999999999,14.058029999999999,14.058029999999999,26.614711219999997,86.55,86.4192,0.0,102.65360984850857,14.166341799713383,-6.1,94.95991,94.95991,75.68131,75.68131,97.34841,97.34841
14.058029999999999,14.058029999999999,14.058029999999999,26.614711219999997,86.55,86.4192,0.0,102.65360984850857,14.166341799713383,-6.1,94.95991,94.95991,75.68131,75.68131,97.34841,97.34841
14.058029999999999,14.058029999999999,14.058029999999999,26.614711219999997,86.55,86.4192,0.0,102.65360984850857,14.166341799713383,-6.1,94.95991,94.95991,75.68131,75.68131,97.34841,97.34841
14.058029999999999,14.058029999999999,14.058029999999999,26.614711219999997,86.55,86.4192,0.0,102.65360984850857,14.166341799713383,-6.1,94.95991,94.95991,75.68131,75.68131,97.34841,97.34841
14.058029999999999,14.058029999999999,14.058029999999999,26.614711219999997,86.55,86.4192,0.0,102.65360984850857,14.166341799713383,-6.1,94.95991,94.95991,75.68131,75.68131,97.34841,97.34841
14.058029999999999,14.058029999999999,14.058029999999999,26.614711219999997,86.55,86.4192,0.0,102.65360984850857,14.166341799713383,-6.1,94.95991,94.95991,75.68131,75.68131,97.34841,97.34841
14.058029999999999,14.058029999999999,14.058029999999999,26.614711219999997,86.55,86.4192,0.0,102.65360984850857,14.166341799713383,-6.1,94.95991,94.95991,75.68131,75.68131,97.34841,97.34841
14.058029999999999,14.058029999999999,14.058029999999999,26.614711219999997,86.55,86.4192,0.0,102.65360984850857,14.166341799713383,-6.1,94.95991,94.95991,75.68131,75.68131,97.34841,97.34841
14.058029999999999,14.058029999999999,14.058029999999999,26.614711219999997,86.55,86.4192,12.609818343894487,119.64528723428947,14.418538166591272,-6.1,94.95991,94.95991,75.68131,75.68131,97.34841,97.34841
14.058029999999999,14.058029999999999,14.058029999999999,26.614711219999997,86.55,86.4192,9.972880001280538,116.09813652524946,14.066612999700578,59.64709708307241,94.95991,94.95991,75.68131,75.68131,97.34841,97.34841
14.058029999999999,14.058029999999999,14.058029999999999,26.614711219999997,86.55,86.4192,9.972880001280538,116.09813652524946,14.066612999700578,-6.1,94.95991,94.95991,75.68131,75.68131,97.34841,97.34841
14.058029999999999,14.058029999999999,14.058029999999999,26.614711219999997,86.55,86.4192,9.972880001280538,116.09813652524946,14.066612999700578,-6.1,94.95991,94.95991,75.68131,75.68131,97.34841,97.34841
14.058029999999999,14.058029999999999,14.058029999999999,26.614711219999997,86.55,86.4192,9.972880001280538,116.09813652524946,14.066612999700578,-6.1,94.95991,94.95991,75.68131,75.68131,97.34841,97.34841
14.058029999999999,14.058029999999999,14.058029999999999,26.614711219999997,86.55,153.07541827062704,13.297953481644974,120.55675176426952,15.20537763380945,-6.1,94.95991,94.95991,75.68131,75.68131,97.34841,97.34841
14.058029999999999,14.058029999999999,14.058029999999999,26.614711219999997,140.55459994549486,140.55459994549486,13.65305880125366,121.02710400393076,15.611418344650975,93.65853983864567,94.95991,94.95991,75.68131,75.68131,97.34841,97.34841
14.058029999999999,14.058029999999999,14.058029999999999,26.614711219999997,86.55,105.71971975843464,13.65305880125366,121.02710400393076,15.611418344650975,69.87398678490597,94.95991,94.95991,75.68131,75.68131,97.34841,97.34841
14.058029999999999,14.058029999999999,14.058029999999999,26.614711219999997,86.55,86.4192,13.65305880125366,121.02710400393076,15.611418344650975,-6.1,94.95991,94.95991,75.68131,75.68131,97.34841,97.34841
14.058029999999999,14.058029999999999,14.058029999999999,26.614711219999997,86.55,169.9262060605,13.65305880125366,121.02710400393076,15.611418344650975,56.78528907239954,94.95991,94.95991,75.68131,75.68131,97.34841,97.34841
14.058029999999999,14.058029999999999,14.058029999999999,26.614711219999997,86.55,86.4192,13.65305880125366,121.02710400393076,15.611418344650975,-6.1,94.95991,94.95991,75.68131,75.68131,97.34841,97.34841
14.058029999999999,14.058029999999999,14.058029999999999,26.614711219999997,86.55,86.4192,13.65305880125366,121.02710400393076,15.611418344650975,-6.1,94.95991,94.95991,75.68131,75.68131,97.34841,97.34841
14.058029999999999,14.058029999999999,14.058029999999999,26.614711219999997,86.55,86.4192,13.65305880125366,121.02710400393076,15.611418344650975,-6.1,94.95991,94.95991,75.68131,75.68131,97.34841,97.34841
14.058029999999999,14.058029999999999,14.058029999999999,26.614711219999997,86.55,86.4192,13.65305880125366,121.02710400393076,15.611418344650975,-6.1,94.95991,94.95991,75.68131,75.68131,97.34841,97.34841
14.058029999999999,14.058029999999999,14.058029999999999,26.614711219999997,86.55,86.4192,9.972880001280538,116.07419114956814,15.238628368613094,-6.1,94.95991,94.95991,75.68131,75.68131,97.34841,97.34841
14.058029999999999,14.058029999999999,14.058029999999999,26.614711219999997,86.55,86.4192,9.972880001280538,116.07419114956814,15.238628368613094,-6.1,94.95991,94.95991,75.68131,75.68131,97.34841,97.34841
14.058029999999999,14.058029999999999,14.058029999999999,26.614711219999997,86.55,86.4192,9.972880001280538,116.07419114956814,15.238628368613094,-6.1,94.95991,94.95991,75.68131,75.68131,97.34841,97.34841
14.058029999999999,14.058029999999999,14.058029999999999,26.614711219999997,86.55,86.4192,9.972880001280538,116.07419114956814,15.238628368613094,-6.1,94.95991,94.95991,75.68131,75.68131,97.34841,97.34841
14.058029999999999,14.058029999999999,14.058029999999999,26.614711219999997,86.55,86.4192,9.972880001280538,116.07419114956814,15.238628368613094,-6.1,94.95991,94.95991,75.68131,75.68131,97.34841,97.34841
14.058029999999999,14.058029999999999,14.058029999999999,26.614711219999997,86.55,86.4192,9.972880001280538,116.07419114956814,15.238628368613094,57.249148043080176,94.95991,94.95991,75.68131,75.68131,97.34841,97.34841
14.058029999999999,14.058029999999999,14.058029999999999,26.614711219999997,86.55,86.4192,9.972880001280538,116.07419114956814,15.238628368613094,-6.1,94.95991,94.95991,75.68131,75.68131,97.34841,97.34841
14.058029999999999,14.058029999999999,14.058029999999999,26.614711219999997,86.55,86.4192,9.972880001280538,116.07419114956814,15.238628368613094,-6.1,94.95991,94.95991,75.68131,75.68131,97.34841,97.34841
14.058029999999999,14.058029999999999,14.058029999999999,26.614711219999997,86.55,86.4192,9.972880001280506,116.07419114956807,15.238628368613098,-6.1,94.95991,94.95991,75.68131,75.68131,97.34841,97.34841
14.058029999999999,14.058029999999999,14.058029999999999,26.614711219999997,86.55,86.4192,13.65305880125366,121.02710400393076,15.611418344650975,-6.1,94.95991,94.95991,75.68131,75.68131,97.34841,97.34841
14.058029999999999,14.058029999999999,14.058029999999999,26.614711219999997,86.55,86.4192,263.8740650715061,458.1988615771239,20.615838470056023,-6.1,94.95991,94.95991,75.68131,75.68131,97.34841,97.34841
14.058029999999999,14.058029999999999,14.058029999999999,26.614711219999997,86.55,86.4192,13.65305880125366,121.02710400393076,15.611418344650975,-6.1,94.95991,94.95991,75.68131,75.68131,97.34841,97.34841
14.058029999999999,14.058029999999999,14.058029999999999,26.614711219999997,86.55,86.4192,13.297953481644974,120.55675176426952,15.20537763380945,-6.1,94.95991,94.95991,75.68131,75.68131,97.34841,97.34841
14.058029999999999,14.058029999999999,14.058029999999999,26.614711219999997,86.55,86.4192,9.972880001280538,116.07419114956814,15.238628368613094,57.24914804308016,94.95991,94.95991,75.68131,75.68131,97.34841,97.34841
14.058029999999999,14.058029999999999,14.058029999999999,26.614711219999997,86.55,86.4192,9.972880001280538,116.07419114956814,15.238628368613094,-6.1,94.95991,94.95991,75.68131,75.68131,97.34841,97.34841
14.058029999999999,14.058029999999999,14.058029999999999,26.614711219999997,86.55,86.4192,9.972880001280538,116.07419114956814,15.238628368613094,57.24914804308016,94.95991,94.95991,75.68131,75.68131,97.34841,97.34841
14.058029999999999,14.058029999999999,14.058029999999999,26.614711219999997,86.55,86.4192,9.972880001280538,116.07419114956814,15.238628368613094,57.24914804308016,94.95991,94.95991,75.68131,75.68131,97.34841,97.34841
14.058029999999999,14.058029999999999,14.058029999999999,26.614711219999997,86.55,86.4192,9.972880001280538,116.07419114956814,15.238628368613094,-6.1,94.95991,94.95991,75.68131,75.68131,97.34841,97.34841
14.058029999999999,14.058029999999999,14.058029999999999,26.614711219999997,86.55,86.4192,9.972880001280538,116.07419114956814,15.238628368613094,57.24914804308016,94.95991,94.95991,75.68131,75.68131,97.34841,97.34841
14.058029999999999,14.058029999999999,14.058029999999999,26.614711219999997,86.55,169.9262060605,9.972880001280538,116.07419114956814,15.238628368613094,-6.1,94.95991,94.95991,75.68131,75.68131,97.34841,97.34841
14.058029999999999,14.058029999999999,14.058029999999999,26.614711219999997,86.55,86.4192,13.297953481644974,120.55675176426952,15.20537763380945,-6.1,94.95991,94.95991,75.68131,75.68131,97.34841,97.34841
14.058029999999999,14.058029999999999,14.058029999999999,26.614711219999997,86.55,86.4192,13.297953481644974,120.55675176426952,15.20537763380945,-6.1,94.95991,94.95991,75.68131,75.68131,97.34841,97.34841
14.058029999999999,14.058029999999999,14.058029999999999,26.614711219999997,86.55,126.48818137677654,13.297953481644974,120.55675176426952,15.20537763380945,-6.1,94.95991,94.95991,75.68131,75.68131,97.34841,97.34841
14.058029999999999,14.058029999999999,14.058029999999999,26.614711219999997,86.55,86.4192,13.297953481644974,120.55675176426952,15.20537763380945,-6.1,94.95991,94.95991,75.68131,75.68131,97.34841,97.34841
14.058029999999999,14.058029999999999,14.058029999999999,26.614711219999997,86.55,86.4192,8.981300001699678,114.73743348731048,15.248544168608904,-6.1,94.95991,94.95991,75.68131,75.68131,97.34841,97.34841
14.058029999999999,14.058029999999999,14.058029999999999,26.614711219999997,86.55,86.4192,9.972880001280538,116.07419114956814,15.238628368613094,-6.1,94.95991,94.95991,75.68131,75.68131,97.34841,97.34841
14.058029999999999,14.058029999999999,14.058029999999999,26.614711219999997,125.66703627602324,86.4192,9.972880001280538,116.07419114956814,15.238628368613094,-6.1,94.95991,94.95991,75.68131,75.68131,97.34841,97.34841
14.058029999999999,14.058029999999999,14.058029999999999,26.614711219999997,86.55,86.4192,9.972880001280538,116.07419114956814,15.238628368613094,-6.1,94.95991,94.95991,75.68131,75.68131,97.34841,97.34841
14.058029999999999,14.058029999999999,14.058029999999999,26.614711219999997,86.55,86.4192,9.972880001280538,116.07419114956814,15.238628368613094,-6.1,94.95991,94.95991,75.68131,75.68131,97.34841,97.34841
14.058029999999999,14.058029999999999,14.058029999999999,26.614711219999997,86.55,86.4192,9.972880001280538,116.07419114956814,15.238628368613094,-6.1,94.95991,94.95991,75.68131,75.68131,97.34841,97.34841
14.058029999999999,14.058029999999999,14.058029999999999,26.614711219999997,86.55,86.4192,9.972880001280538,116.07419114956814,15.238628368613094,-6.1,94.95991,94.95991,75.68131,75.68131,97.34841,97.34841
14.058029999999999,14.058029999999999,14.058029999999999,26.614711219999997,86.55,86.4192,0.0,102.62966447282723,15.338357168625901,-6.1,94.95991,94.95991,75.68131,75.68131,97.34841,97.34841
14.058029999999999,14.058029999999999,14.058029999999999,26.614711219999997,86.55,86.4192,0.0,102.62966447282723,15.338357168625901,-6.1,94.95991,94.95991,75.68131,75.68131,97.34841,97.34841
14.058029999999999,14.058029999999999,14.058029999999999,26.614711219999997,86.55,86.4192,32.50042634420825,145.99125138791314,37.162203680860266,13.676213208668258,94.95991,94.95991,75.68131,75.68131,97.34841,97.34841
14.058029999999999,14.058029999999999,14.058029999999999,26.614711219999997,86.55,86.4192,149.30329820924487,303.3776094560869,39.744083840491164,15.044877723821376,94.95991,94.95991,75.68131,75.68131,97.34841,97.34841
14.058029999999999,14.058029999999999,14.058029999999999,26.614711219999997,86.55,86.4192,60.24901377937241,183.37733430647464,37.96299815189372,-6.1,94.95991,94.95991,75.68131,75.68131,97.34841,97.34841
14.058029999999999,14.058029999999999,14.058029999999999,26.614711219999997,86.55,86.4192,32.71923935304358,146.28107861124542,37.41240266336714,-6.1,94.95991,94.95991,75.68131,75.68131,97.34841,97.34841
14.058029999999999,14.058029999999999,14.058029999999999,26.614711219999997,86.55,86.4192,32.71923935304358,146.28107861124542,37.41240266336714,-6.1,94.95991,94.95991,75.68131,75.68131,97.34841,97.34841
14.058029999999999,14.058029999999999,14.058029999999999,26.614711219999997,86.55,86.4192,32.71923935304358,146.28107861124542,37.41240266336714,-3.5394199520688048,94.95991,94.95991,75.68131,75.68131,97.34841,97.34841
14.058029999999999,14.058029999999999,14.058029999999999,26.614711219999997,86.55,86.4192,32.65297063395867,146.1933028480566,37.336628530122816,-6.1,94.95991,94.95991,75.68131,75.68131,97.34841,97.34841
14.058029999999999,14.058029999999999,14.058029999999999,26.614711219999997,86.55,86.4192,32.65297063395867,146.1933028480566,37.336628530122816,-6.1,94.95991,94.95991,75.68131,75.68131,97.34841,97.34841
14.058029999999999,14.058029999999999,14.058029999999999,26.614711219999997,86.55,86.4192,32.71923935304358,146.28107861124542,37.41240266336714,-6.1,94.95991,94.95991,75.68131,75.68131,97.34841,97.34841
14.058029999999999,14.058029999999999,14.058029999999999,26.614711219999997,86.55,86.4192,32.71923935304358,146.28107861124542,37.41240266336714,13.17676494822701,94.95991,94.95991,75.68131,75.68131,97.34841,97.34841
14.058029999999999,14.058029999999999,14.058029999999999,26.614711219999997,86.55,86.4192,32.71923935304358,146.28107861124542,37.41240266336714,13.176764948227,94.95991,94.95991,75.68131,75.68131,97.34841,97.34841
14.058029999999999,14.058029999999999,14.058029999999999,26.614711219999997,86.55,86.4192,58.50475658493925,181.02695504506477,37.92811300800505,2.711944132699228,94.95991,94.95991,75.68131,75.68131,97.34841,97.34841
14.058029999999999,14.058029999999999,14.058029999999999,26.614711219999997,86.55,86.4192,60.24901377937241,183.37733430647464,37.962998151893714,-6.1,94.95991,94.95991,75.68131,75.68131,97.34841,97.34841
14.058029999999999,14.058029999999999,14.058029999999999,26.614711219999997,159.5418723398283,86.4192,147.1426919433121,300.46620156525057,39.70087171517251,-6.1,94.95991,94.95991,75.68131,75.68131,97.34841,97.34841
14.058029999999999,14.058029999999999,14.058029999999999,26.614711219999997,115.26275569312268,86.4192,107.20007407709986,246.64369134210992,38.90201935784827,-6.1,94.95991,94.95991,75.68131,75.68131,97.34841,97.34841
14.058029999999999,14.058029999999999,14.058029999999999,26.614711219999997,86.55,86.4192,13.297953481644974,120.11912796153055,36.62503834148982,13.771101180630883,94.95991,94.95991,75.68131,75.68131,97.34841,97.34841
14.058029999999999,14.058029999999999,14.058029999999999,26.614711219999997,86.55,86.4192,0.0,102.19204067008826,36.75801787630627,12.74178792763542,94.95991,94.95991,75.68131,75.68131,97.34841,97.34841
14.058029999999999,14.058029999999999,14.058029999999999,26.614711219999997,86.55,86.4192,0.0,102.19204067008826,36.75801787630627,12.65248032781812,94.95991,94.95991,75.68131,75.68131,97.34841,97.34841
14.058029999999999,14.058029999999999,14.058029999999999,26.614711219999997,86.55,86.4192,0.0,102.19204067008826,36.75801787630627,-6.1,94.95991,94.95991,75.68131,75.68131,97.34841,97.34841
14.058029999999999,14.058029999999999,14.058029999999999,26.614711219999997,86.55,86.4192,0.0,102.19204067008826,36.75801787630627,12.65248032781812,94.95991,94.95991,75.68131,75.68131,97.34841,97.34841
14.058029999999999,14.058029999999999,14.058029999999999,26.614711219999997,86.55,86.4192,0.0,102.19204067008826,36.75801787630627,-6.1,94.95991,94.95991,75.68131,75.68131,97.34841,97.34841
14.058029999999999,14.058029999999999,14.058029999999999,26.614711219999997,86.55,86.4192,0.0,102.19204067008826,36.75801787630627,12.74178792763542,94.95991,94.95991,75.68131,75.68131,97.34841,97.34841
14.058029999999999,14.058029999999999,14.058029999999999,26.614711219999997,86.55,86.4192,0.0,102.19204067008826,36.75801787630627,-6.1,94.95991,94.95991,75.68131,75.68131,97.34841,97.34841
14.058029999999999,14.058029999999999,14.058029999999999,26.614711219999997,86.55,86.4192,0.0,102.19204067008826,36.75801787630627,12.65248032781812,94.95991,94.95991,75.68131,75.68131,97.34841,97.34841
14.058029999999999,14.058029999999999,14.058029999999999,26.614711219999997,86.55,86.4192,0.0,102.19204067008826,36.75801787630627,-6.1,94.95991,94.95991,75.68131,75.68131,97.34841,97.34841
14.058029999999999,14.058029999999999,14.058029999999999,26.614711219999997,86.55,86.4192,32.71923935304358,146.28107861124542,37.41240266336714,-6.1,94.95991,94.95991,75.68131,75.68131,97.34841,97.34841
14.058029999999999,14.058029999999999,14.058029999999999,26.614711219999997,86.55,86.4192,32.71923935304357,146.28107861124542,37.41240266336714,13.17676494822701,94.95991,94.95991,75.68131,75.68131,97.34841,97.34841
14.058029999999999,14.058029999999999,14.058029999999999,26.614711219999997,86.55,86.4192,32.71923935304357,146.28107861124542,37.41240266336714,13.17676494822701,94.95991,94.95991,75.68131,75.68131,97.34841,97.34841
14.058029999999999,14.058029999999999,14.058029999999999,26.614711219999997,86.55,86.4192,31.86823767518156,145.1538903574086,36.439335499554446,15.119205710332855,94.95991,94.95991,75.68131,75.68131,97.34841,97.34841
14.058029999999999,14.058029999999999,14.058029999999999,26.614711219999997,86.55,86.4192,13.297953481644974,120.11912796153055,36.62503834148982,13.681793580813583,94.95991,94.95991,75.68131,75.68131,97.34841,97.34841
14.058029999999999,14.058029999999999,14.058029999999999,26.614711219999997,86.55,86.4192,13.297953481644974,120.11912796153055,36.62503834148982,-6.1,94.95991,94.95991,75.68131,75.68131,97.34841,97.34841
14.058029999999999,14.058029999999999,14.058029999999999,26.614711219999997,86.55,86.4192,13.297953481644974,120.11912796153055,36.62503834148982,13.681793580813583,94.95991,94.95991,75.68131,75.68131,97.34841,97.34841
14.058029999999999,14.058029999999999,14.058029999999999,26.614711219999997,86.55,86.4192,31.86823767518156,145.1538903574086,36.439335499554446,15.119205710332855,94.95991,94.95991,75.68131,75.68131,97.34841,97.34841
14.058029999999999,14.058029999999999,14.058029999999999,26.614711219999997,86.55,86.4192,31.868237675181568,145.1538903574086,36.43933549955445,15.208513310150144,94.95991,94.95991,75.68131,75.68131,97.34841,97.34841
14.058029999999999,14.058029999999999,14.058029999999999,26.614711219999997,86.55,86.4192,32.71923935304357,146.28107861124542,37.41240266336714,-6.1,94.95991,94.95991,75.68131,75.68131,97.34841,97.34841
14.058029999999999,14.058029999999999,14.058029999999999,26.614711219999997,86.55,86.4192,32.719239353043584,146.28107861124542,37.412402663367146,13.17676494822699,94.95991,94.95991,75.68131,75.68131,97.34841,97.34841
14.058029999999999,14.058029999999999,14.058029999999999,26.614711219999997,86.55,86.4192,32.71923935304358,146.28107861124542,37.41240266336714,13.176764948227,94.95991,94.95991,75.68131,75.68131,97.34841,97.34841
14.058029999999999,14.058029999999999,14.058029999999999,26.614711219999997,86.55,86.4192,120.82562653188454,265.0040661865926,39.17453040694396,-6.1,94.95991,94.95991,75.68131,75.68131,97.34841,97.34841
14.058029999999999,14.058029999999999,14.058029999999999,26.614711219999997,153.04272895054314,86.4192,120.82562653188454,265.0040661865926,39.17453040694396,-6.1,94.95991,94.95991,75.68131,75.68131,97.34841,97.34841
14.058029999999999,14.058029999999999,14.058029999999999,26.614711219999997,86.55,86.4192,9.972880001280538,115.63656734682917,36.658289076293464,-6.1,94.95991,94.95991,75.68131,75.68131,97.34841,97.34841
14.058029999999999,14.058029999999999,14.058029999999999,26.614711219999997,86.55,86.4192,9.972880001280538,115.63656734682917,36.658289076293464,0.5309809989732601,94.95991,94.95991,75.68131,75.68131,97.34841,97.34841
14.058029999999999,14.058029999999999,14.058029999999999,26.614711219999997,86.55,86.4192,13.297953481644974,120.11912796153055,36.62503834148982,-6.1,94.95991,94.95991,75.68131,75.68131,97.34841,97.34841
14.058029999999999,14.058029999999999,14.058029999999999,26.614711219999997,86.55,86.4192,13.297953481644974,120.11912796153055,36.62503834148982,-6.1,94.95991,94.95991,75.68131,75.68131,97.34841,97.34841
14.058029999999999,14.058029999999999,14.058029999999999,26.614711219999997,86.55,86.4192,11.043204711755708,117.07948144194617,36.64758582918871,-6.1,94.95991,94.95991,75.68131,75.68131,97.34841,97.34841
14.058029999999999,14.058029999999999,14.058029999999999,26.614711219999997,86.55,86.4192,9.972880001280538,115.63656734682917,36.658289076293464,13.424419977781591,94.95991,94.95991,75.68131,75.68131,97.34841,97.34841
14.058029999999999,14.058029999999999,14.058029999999999,26.614711219999997,86.55,86.4192,9.972880001280538,115.63656734682917,36.658289076293464,-6.1,94.95991,94.95991,75.68131,75.68131,97.34841,97.34841
14.058029999999999,14.058029999999999,14.058029999999999,26.614711219999997,86.55,86.4192,9.972880001280538,115.63656734682917,36.658289076293464,-6.1,94.95991,94.95991,75.68131,75.68131,97.34841,97.34841
14.058029999999999,14.058029999999999,14.058029999999999,26.614711219999997,86.55,86.4192,9.972880001280538,115.63656734682917,36.658289076293464,-6.1,94.95991,94.95991,75.68131,75.68131,97.34841,97.34841
14.058029999999999,14.058029999999999,14.058029999999999,26.614711219999997,86.55,86.4192,32.71923935304358,146.28107861124542,37.41240266336714,-6.1,94.95991,94.95991,75.68131,75.68131,97.34841,97.34841
14.058029999999999,14.058029999999999,14.058029999999999,26.614711219999997,86.55,86.4192,32.71923935304358,146.28107861124542,37.41240266336714,-6.1,94.95991,94.95991,75.68131,75.68131,97.34841,97.34841
14.058029999999999,14.058029999999999,14.058029999999999,26.614711219999997,86.55,86.4192,32.71923935304358,146.28107861124542,37.41240266336714,-6.1,94.95991,94.95991,75.68131,75.68131,97.34841,97.34841
14.058029999999999,14.058029999999999,14.058029999999999,26.614711219999997,86.55,86.4192,32.71923935304358,146.28107861124542,37.41240266336714,13.176764948227,94.95991,94.95991,75.68131,75.68131,97.34841,97.34841
14.058029999999999,14.058029999999999,14.058029999999999,26.614711219999997,86.55,86.4192,32.71923935304357,146.28107861124542,37.41240266336714,-6.1,94.95991,94.95991,75.68131,75.68131,97.34841,97.34841
14.058029999999999,14.058029999999999,14.058029999999999,26.614711219999997,86.55,86.4192,32.71923935304357,146.28107861124542,37.41240266336714,13.17676494822701,94.95991,94.95991,75.68131,75.68131,97.34841,97.34841
14.058029999999999,14.058029999999999,14.058029999999999,26.614711219999997,86.55,86.4192,32.71923935304357,146.28107861124542,37.41240266336714,-6.1,94.95991,94.95991,75.68131,75.68131,97.34841,97.34841
14.058029999999999,14.058029999999999,14.058029999999999,26.614711219999997,86.55,86.4192,32.71923935304357,146.28107861124542,37.41240266336714,13.17676494822701,94.95991,94.95991,75.68131,75.68131,97.34841,97.34841
14.05803,14.05803,14.05803,26.614711220000004,86.55,86.4192,57.813213210684765,179.80031489077442,52.342808430102245,-6.1,94.95991,94.95991,75.68131,75.68131,97.34841,97.34841
14.05803,14.05803,14.05803,26.614711220000004,86.55,86.4192,57.813213210684765,179.80031489077442,52.342808430102245,-6.1,94.95991,94.95991,75.68131,75.68131,97.34841,97.34841
14.05803,14.05803,14.05803,26.614711220000004,86.55,86.4192,57.813213210684765,179.80031489077442,52.342808430102245,-6.1,94.95991,94.95991,75.68131,75.68131,97.34841,97.34841
14.05803,14.05803,14.05803,26.614711220000004,86.55,86.4192,57.813213210684786,179.80031489077444,52.342808430102245,-6.1,94.95991,94.95991,75.68131,75.68131,97.34841,97.34841
14.05803,14.05803,14.05803,26.614711220000004,86.55,86.4192,57.813213210684765,179.80031489077442,52.342808430102245,-6.1,94.95991,94.95991,75.68131,75.68131,97.34841,97.34841
14.05803,14.05803,14.05803,26.614711220000004,86.55,86.4192,57.813213210684765,179.80031489077442,52.342808430102245,-6.1,94.95991,94.95991,75.68131,75.68131,97.34841,97.34841
14.05803,14.05803,14.05803,26.614711220000004,86.55,86.4192,6.594645633083849,111.07993620330143,36.809729804688985,13.011509498530083,94.95991,94.95991,75.68131,75.68131,97.34841,97.34841
14.05803,14.05803,14.05803,26.614711220000004,86.55,86.4192,9.97288000128054,115.63416347543058,36.77594746100702,20.53891083035978,94.95991,94.95991,75.68131,75.68131,97.34841,97.34841
14.05803,14.05803,14.05803,26.614711220000004,86.55,86.4192,9.97288000128054,115.63416347543058,36.77594746100702,13.272997960774246,94.95991,94.95991,75.68131,75.68131,97.34841,97.34841
14.05803,14.05803,14.05803,26.614711220000004,86.55,86.4192,9.97288000128054,115.63416347543058,36.77594746100702,13.272997960774246,94.95991,94.95991,75.68131,75.68131,97.34841,97.34841
14.05803,14.05803,14.05803,26.614711220000004,86.55,86.4192,0.0,102.18963679868969,36.87567626101983,12.501058310810768,94.95991,94.95991,75.68131,75.68131,97.34841,97.34841
14.05803,14.05803,14.05803,26.614711220000004,86.55,98.44765452325595,0.0,102.18963679868969,36.87567626101983,20.62453666652398,94.95991,94.95991,75.68131,75.68131,97.34841,97.34841
14.05803,14.05803,14.05803,26.614711220000004,86.55,86.4192,0.0,102.18963679868969,36.87567626101983,21.87018968176771,94.95991,94.95991,75.68131,75.68131,97.34841,97.34841
14.05803,14.05803,14.05803,26.614711220000004,86.55,86.4192,0.0,102.18963679868969,36.87567626101983,12.501058310810768,94.95991,94.95991,75.68131,75.68131,97.34841,97.34841
14.05803,14.05803,14.05803,26.614711220000004,86.55,86.4192,0.0,102.18963679868969,36.87567626101983,12.501058310810768,94.95991,94.95991,75.68131,75.68131,97.34841,97.34841
14.05803,14.05803,14.05803,26.614711220000004,86.55,86.4192,0.0,102.18963679868969,36.87567626101983,20.532895768667064,94.95991,94.95991,75.68131,75.68131,97.34841,97.34841
14.05803,14.05803,14.05803,26.614711220000004,86.55,86.4192,0.0,102.18963679868969,36.87567626101983,-6.1,94.95991,94.95991,75.68131,75.68131,97.34841,97.34841
14.05803,14.05803,14.05803,26.614711220000004,86.55,86.4192,43.62821199249501,160.97772850061648,37.78451707344115,26.576884593705678,94.95991,94.95991,75.68131,75.68131,97.34841,97.34841
14.05803,14.05803,14.05803,26.614711220000004,86.55,86.4192,217.1324244909086,394.77392789427927,41.254601323409425,-6.1,94.95991,94.95991,75.68131,75.68131,97.34841,97.34841
14.05803,14.05803,14.05803,26.614711220000004,86.55,86.4192,32.856260743292545,146.4625693246375,37.5690780484571,16.791965142355203,94.95991,94.95991,75.68131,75.68131,97.34841,97.34841
14.05803,14.05803,14.05803,26.614711220000004,86.55,86.4192,32.71923935304359,146.28107861124545,37.41240266336715,13.26607254804427,94.95991,94.95991,75.68131,75.68131,97.34841,97.34841
14.05803,14.05803,14.05803,26.614711220000004,86.55,86.4192,32.67506020698697,146.22256143578622,37.3618865745376,13.366912976879842,94.95991,94.95991,75.68131,75.68131,97.34841,97.34841
14.05803,14.05803,14.05803,26.614711220000004,86.55,86.4192,32.67506020698697,146.22256143578622,37.36188657453759,25.941236604703352,94.95991,94.95991,75.68131,75.68131,97.34841,97.34841
14.05803,14.05803,14.05803,26.614711220000004,86.55,104.96636695963387,32.67506020698697,146.22256143578622,37.3618865745376,25.9412366047033,94.95991,94.95991,75.68131,75.68131,97.34841,97.34841
14.05803,14.05803,14.05803,26.614711220000004,86.55,86.4192,32.71923935304359,146.28107861124545,37.412402663367146,13.266072548044285,94.95991,94.95991,75.68131,75.68131,97.34841,97.34841
14.05803,14.05803,14.05803,26.614711220000004,86.55,86.4192,32.71923935304359,146.28107861124545,37.412402663367146,13.176764948226989,94.95991,94.95991,75.68131,75.68131,97.34841,97.34841
14.05803,14.05803,14.05803,26.614711220000004,86.55,86.4192,32.71923935304359,146.28107861124545,37.41240266336715,13.176764948226975,94.95991,94.95991,75.68131,75.68131,97.34841,97.34841
14.05803,14.05803,14.05803,26.614711220000004,86.55,86.4192,32.856260743292545,146.4625693246375,37.5690780484571,25.067677069557252,94.95991,94.95991,75.68131,75.68131,97.34841,97.34841
14.05803,14.05803,14.05803,26.614711220000004,86.55,86.4192,43.62821199249501,160.97772850061648,37.78451707344115,13.125923443804766,94.95991,94.95991,75.68131,75.68131,97.34841,97.34841
14.05803,14.05803,14.05803,26.614711220000004,86.55,86.4192,43.62821199249501,160.97772850061648,37.78451707344115,13.125923443804766,94.95991,94.95991,75.68131,75.68131,97.34841,97.34841
14.05803,14.05803,14.05803,26.614711220000004,86.55,86.4192,32.71923935304359,146.28107861124545,37.41240266336715,13.176764948226975,94.95991,94.95991,75.68131,75.68131,97.34841,97.34841
14.05803,14.05803,14.05803,26.614711220000004,86.55,86.4192,19.94576000256108,129.07794898769387,36.71249523356565,27.146893475615535,94.95991,94.95991,75.68131,75.68131,97.34841,97.34841
14.05803,14.05803,14.05803,26.614711220000004,86.55,86.4192,0.0,102.18889563421207,36.91195283359126,12.426836270145394,94.95991,94.95991,75.68131,75.68131,97.34841,97.34841
14.05803,14.05803,14.05803,26.614711220000004,86.55,86.4192,0.0,102.18889563421207,36.91195283359126,12.426836270145394,94.95991,94.95991,75.68131,75.68131,97.34841,97.34841
14.05803,14.05803,14.05803,26.614711220000004,86.55,86.4192,0.0,102.18889563421207,36.91195283359126,12.426836270145394,94.95991,94.95991,75.68131,75.68131,97.34841,97.34841
14.05803,14.05803,14.05803,26.614711220000004,86.55,86.4192,0.0,102.18889563421207,36.91195283359126,12.426836270145394,94.95991,94.95991,75.68131,75.68131,97.34841,97.34841
14.05803,14.05803,14.05803,26.614711220000004,86.55,86.4192,0.0,102.18889563421207,36.91195283359126,-6.1,94.95991,94.95991,75.68131,75.68131,97.34841,97.34841
14.05803,14.05803,14.05803,26.614711220000004,86.55,86.4192,9.97288000128054,115.63342231095297,36.81222403357845,13.19877592010887,94.95991,94.95991,75.68131,75.68131,97.34841,97.34841
14.05803,14.05803,14.05803,26.614711220000004,86.55,86.4192,9.97288000128054,115.63342231095297,36.81222403357845,13.109468320291574,94.95991,94.95991,75.68131,75.68131,97.34841,97.34841
14.05803,14.05803,14.05803,26.614711220000004,86.55,86.4192,6.594645633083849,111.07919503882381,36.846006377260416,12.847979858047411,94.95991,94.95991,75.68131,75.68131,97.34841,97.34841
14.05803,14.05803,14.05803,26.614711220000004,86.55,86.4192,32.71923935304359,146.28107861124545,37.41240266336715,-6.1,94.95991,94.95991,75.68131,75.68131,97.34841,97.34841
14.05803,14.05803,14.05803,26.614711220000004,86.55,86.4192,60.24901377937242,183.35806060003867,38.906356922267435,10.87937556159696,94.95991,94.95991,75.68131,75.68131,97.34841,97.34841
14.05803,14.05803,14.05803,26.614711220000004,86.55,86.4192,186.32116387499278,353.2397546367926,41.427799924179844,-6.1,94.95991,94.95991,75.68131,75.68131,97.34841,97.34841
14.05803,14.05803,14.05803,26.614711220000004,86.55,86.4192,43.62821199249501,160.96159983005668,38.57394088652989,11.421450953701429,94.95991,94.95991,75.68131,75.68131,97.34841,97.34841
14.05803,14.05803,14.05803,26.614711220000004,86.55,149.13751324987146,33.55894680156589,147.39330717348702,38.37255558271131,22.925712592412854,94.95991,94.95991,75.68131,75.68131,97.34841,97.34841
14.05803,14.05803,14.05803,26.614711220000004,86.55,86.55,32.71923935304359,146.28107861124545,37.41240266336715,13.26607254804427,94.95991,94.95991,75.68131,75.68131,97.34841,97.34841
14.05803,14.05803,14.05803,26.614711220000004,86.55,86.4192,32.71923935304359,146.28107861124545,37.41240266336715,25.728250953119556,94.95991,94.95991,75.68131,75.68131,97.34841,97.34841
14.05803,14.05803,14.05803,26.614711220000004,86.55,99.7485764672611,33.55894680156589,147.39330717348702,38.37255558271131,20.361132855146323,94.95991,94.95991,75.68131,75.68131,97.34841,97.34841
14.05803,14.05803,14.05803,26.614711220000004,86.55,86.4192,43.62821199249501,160.96159983005668,38.57394088652989,11.421450953701429,94.95991,94.95991,75.68131,75.68131,97.34841,97.34841
14.05803,14.05803,14.05803,26.614711220000004,86.55,86.4192,43.62821199249501,160.96159983005668,38.57394088652989,11.421450953701429,94.95991,94.95991,75.68131,75.68131,97.34841,97.34841
14.05803,14.05803,14.05803,26.614711220000004,86.55,86.4192,60.24901377937242,183.35806060003867,38.906356922267435,11.687778378422385,94.95991,94.95991,75.68131,75.68131,97.34841,97.34841
14.05803,14.05803,14.05803,26.614711220000004,86.55,86.4192,60.24901377937242,183.35806060003867,38.906356922267435,1.0714159353215242,94.95991,94.95991,75.68131,75.68131,97.34841,97.34841
14.05803,14.05803,14.05803,26.614711220000004,86.55,86.4192,86.93908075717894,219.32281402659038,39.44015826182357,-6.1,94.95991,94.95991,75.68131,75.68131,97.34841,97.34841
14.05803,14.05803,14.05803,26.614711220000004,86.55,86.4192,86.93908075717894,219.32281402659038,39.44015826182357,-3.783406699687788,94.95991,94.95991,75.68131,75.68131,97.34841,97.34841
14.05803,14.05803,14.05803,26.614711220000004,86.55,86.4192,33.55894680156589,147.39330717348702,38.37255558271131,11.349411255023778,94.95991,94.95991,75.68131,75.68131,97.34841,97.34841
14.05803,14.05803,14.05803,26.614711220000004,86.55,86.4192,33.55894680156589,147.39330717348702,38.37255558271131,11.349411255023778,94.95991,94.95991,75.68131,75.68131,97.34841,97.34841
14.05803,14.05803,14.05803,26.614711220000004,86.55,86.4192,32.71923935304359,146.28107861124545,37.41240266336715,13.26607254804427,94.95991,94.95991,75.68131,75.68131,97.34841,97.34841
14.05803,14.05803,14.05803,26.614711220000004,86.55,86.4192,32.68610499350112,146.23719072965102,37.37451559674498,13.252395269853682,94.95991,94.95991,75.68131,75.68131,97.34841,97.34841
14.05803,14.05803,14.05803,26.614711220000004,86.55,86.4192,32.68610499350112,146.23719072965102,37.37451559674498,13.341702869670979,94.95991,94.95991,75.68131,75.68131,97.34841,97.34841
14.05803,14.05803,14.05803,26.614711220000004,86.55,86.4192,32.686104993501125,146.23719072965102,37.374515596744985,34.61793977516691,94.95991,94.95991,75.68131,75.68131,97.34841,97.34841
14.05803,14.05803,14.05803,26.614711220000004,86.55,86.4192,32.686104993501125,146.23719072965102,37.374515596744985,13.341702869670964,94.95991,94.95991,75.68131,75.68131,97.34841,97.34841
14.05803,14.05803,14.05803,26.614711220000004,86.55,86.4192,9.97288000128054,115.6172936403932,37.60164784666719,11.583611029822805,94.95991,94.95991,75.68131,75.68131,97.34841,97.34841
14.05803,14.05803,14.05803,26.614711220000004,125.66703627602321,86.4192,9.97288000128054,115.6172936403932,37.60164784666719,-6.1,94.95991,94.95991,75.68131,75.68131,97.34841,97.34841
14.05803,14.05803,14.05803,26.614711220000004,86.55,86.4192,9.97288000128054,115.6172936403932,37.60164784666719,11.583611029822805,94.95991,94.95991,75.68131,75.68131,97.34841,97.34841
14.05803,14.05803,14.05803,26.614711220000004,86.55,86.4192,32.686104993501125,146.23719072965102,37.374515596744985,13.341702869670966,94.95991,94.95991,75.68131,75.68131,97.34841,97.34841
14.05803,14.05803,14.05803,26.614711220000004,86.55,86.4192,43.62821199249501,160.96159983005668,38.5739408865299,11.421450953701404,94.95991,94.95991,75.68131,75.68131,97.34841,97.34841
14.05803,14.05803,14.05803,26.614711220000004,169.9262060605,86.4192,215.68970468999728,392.8137403366989,42.01517074047994,-6.1,94.95991,94.95991,75.68131,75.68131,97.34841,97.34841
14.05803,14.05803,14.05803,26.614711220000004,86.55,86.4192,33.5589468015659,147.39330717348702,38.37255558271132,11.260103655206448,94.95991,94.95991,75.68131,75.68131,97.34841,97.34841
14.05803,14.05803,14.05803,26.614711220000004,86.55,86.4192,32.71923935304359,146.28107861124545,37.41240266336715,13.176764948226987,94.95991,94.95991,75.68131,75.68131,97.34841,97.34841
14.05803,14.05803,14.05803,26.614711220000004,86.55,86.4192,32.71923935304359,146.28107861124545,37.41240266336715,-6.1,94.95991,94.95991,75.68131,75.68131,97.34841,97.34841
14.05803,14.05803,14.05803,26.614711220000004,131.28437425425855,86.4192,32.71923935304359,146.28107861124545,37.41240266336715,-6.1,94.95991,94.95991,75.68131,75.68131,97.34841,97.34841
14.05803,14.05803,14.05803,26.614711220000004,86.55,86.4192,32.71923935304359,146.28107861124545,37.41240266336715,26.973903968363302,94.95991,94.95991,75.68131,75.68131,97.34841,97.34841
14.05803,14.05803,14.05803,26.614711220000004,86.55,86.4192,32.71923935304359,146.28107861124545,37.41240266336715,10.620495000000915,94.95991,94.95991,75.68131,75.68131,97.34841,97.34841
14.05803,14.05803,14.05803,26.614711220000004,86.55,86.4192,32.71923935304359,146.28107861124545,37.41240266336715,-6.1,94.95991,94.95991,75.68131,75.68131,97.34841,97.34841
14.05803,14.05803,14.05803,26.614711220000004,86.55,86.4192,32.71923935304359,146.28107861124545,37.41240266336715,-6.1,94.95991,94.95991,75.68131,75.68131,97.34841,97.34841
14.05803,14.05803,14.05803,26.614711220000004,104.80211895425168,86.4192,32.71923935304359,146.28107861124545,37.41240266336715,25.728250953119556,94.95991,94.95991,75.68131,75.68131,97.34841,97.34841
14.05803,14.05803,14.05803,26.614711220000004,86.55,86.4192,33.5589468015659,147.39330717348702,38.37255558271132,-6.1,94.95991,94.95991,75.68131,75.68131,97.34841,97.34841
14.05803,14.05803,14.05803,26.614711220000004,86.55,86.4192,33.5589468015659,147.39330717348702,38.37255558271132,22.9257125924128,94.95991,94.95991,75.68131,75.68131,97.34841,97.34841
14.05803,14.05803,14.05803,26.614711220000004,86.55,86.4192,32.686104993501125,146.23719072965102,37.374515596744985,13.25239526985367,94.95991,94.95991,75.68131,75.68131,97.34841,97.34841
14.05803,14.05803,14.05803,26.614711220000004,86.55,86.4192,32.686104993501125,146.23719072965102,37.374515596744985,27.13364320705114,94.95991,94.95991,75.68131,75.68131,97.34841,97.34841
14.05803,14.05803,14.05803,26.614711220000004,86.55,86.4192,32.71923935304357,146.28107861124542,37.41240266336713,-6.1,94.95991,94.95991,75.68131,75.68131,97.34841,97.34841
14.05803,14.05803,14.05803,26.614711220000004,86.55,86.4192,32.686104993501125,146.23719072965102,37.374515596744985,17.514098443413562,94.95991,94.95991,75.68131,75.68131,97.34841,97.34841
14.05803,14.05803,14.05803,26.614711220000004,86.55,86.4192,32.686104993501125,146.23719072965102,37.374515596744985,13.341702869670966,94.95991,94.95991,75.68131,75.68131,97.34841,97.34841
14.05803,14.05803,14.05803,26.614711220000004,86.55,86.4192,32.71923935304359,146.28107861124545,37.412402663367146,13.176764948226989,94.95991,94.95991,75.68131,75.68131,97.34841,97.34841
14.05803,14.05803,14.05803,26.614711220000004,86.55,86.4192,32.71923935304359,146.28107861124545,37.412402663367146,-6.1,94.95991,94.95991,75.68131,75.68131,97.34841,97.34841
14.05803,14.05803,14.05803,26.614711220000004,86.55,86.4192,32.71923935304359,146.28107861124545,37.41240266336715,13.26607254804427,94.95991,94.95991,75.68131,75.68131,97.34841,97.34841
14.05803,14.05803,14.05803,26.614711220000004,86.55,86.4192,32.71923935304359,146.28107861124545,37.41240266336715,-6.1,94.95991,94.95991,75.68131,75.68131,97.34841,97.34841
14.05803,14.05803,14.05803,26.614711220000004,86.55,86.4192,33.5589468015659,147.39330717348702,38.37255558271132,21.680059577169054,94.95991,94.95991,75.68131,75.68131,97.34841,97.34841
14.05803,14.05803,14.05803,26.614711220000004,86.55,88.29798536975294,43.62821199249501,160.96159983005668,38.5739408865299,12.704247681105606,94.95991,94.95991,75.68131,75.68131,97.34841,97.34841
14.05803,14.05803,14.05803,26.614711220000004,86.55,86.4192,58.74585063426031,181.33255455995308,38.876293659365196,2.499080681221086,94.95991,94.95991,75.68131,75.68131,97.34841,97.34841
14.05803,14.05803,14.05803,26.614711220000004,86.55,86.4192,177.95314669274939,341.9638865440381,41.260439580534985,-6.1,94.95991,94.95991,75.68131,75.68131,97.34841,97.34841
14.05803,14.05803,14.05803,26.614711220000004,86.55,86.4192,57.813213210684765,180.0758295392493,38.85764091089369,5.2271205927464175,94.95991,94.95991,75.68131,75.68131,97.34841,97.34841
14.05803,14.05803,14.05803,26.614711220000004,86.55,86.4192,57.813213210684765,180.0758295392493,38.85764091089369,25.07821099008532,94.95991,94.95991,75.68131,75.68131,97.34841,97.34841
14.05803,14.05803,14.05803,26.614711220000004,86.55,86.4192,44.56084941607057,162.21832485076052,38.59259363500141,11.436395294317721,94.95991,94.95991,75.68131,75.68131,97.34841,97.34841
14.05803,14.05803,14.05803,26.614711220000004,86.55,86.4192,44.56084941607057,162.21832485076052,38.59259363500141,11.436395294317721,94.95991,94.95991,75.68131,75.68131,97.34841,97.34841
14.05803,14.05803,14.05803,26.614711220000004,86.55,86.4192,57.813213210684765,180.0758295392493,38.85764091089369,11.146812993525812,94.95991,94.95991,75.68131,75.68131,97.34841,97.34841
14.05803,14.05803,14.05803,26.614711220000004,86.55,86.4192,43.62821199249501,160.96159983005668,38.5739408865299,11.421450953701404,94.95991,94.95991,75.68131,75.68131,97.34841,97.34841
14.05803,14.05803,14.05803,26.614711220000004,86.55,86.4192,43.62821199249501,160.96159983005668,38.5739408865299,11.5107585535187,94.95991,94.95991,75.68131,75.68131,97.34841,97.34841
14.05803,14.05803,14.05803,26.614711220000004,86.55,86.4192,43.62821199249501,160.96159983005668,38.5739408865299,-6.1,94.95991,94.95991,75.68131,75.68131,97.34841,97.34841
14.05803,14.05803,14.05803,26.614711220000004,86.55,86.4192,43.62821199249501,160.96159983005668,38.5739408865299,11.5107585535187,94.95991,94.95991,75.68131,75.68131,97.34841,97.34841
14.05803,14.05803,14.05803,26.614711220000004,86.55,86.4192,43.62821199249501,160.96159983005668,38.5739408865299,23.090817056221077,94.95991,94.95991,75.68131,75.68131,97.34841,97.34841
14.05803,14.05803,14.05803,26.614711220000004,86.55,86.4192,32.58670191487373,146.10552708486773,37.26085439687848,-6.1,94.95991,94.95991,75.68131,75.68131,97.34841,97.34841
14.05803,14.05803,14.05803,26.614711220000004,86.55,145.18179405693962,0.0,102.18963679868969,36.87567626101983,52.533663816979065,94.95991,94.95991,75.68131,75.68131,97.34841,97.34841
14.05803,14.05803,14.05803,26.614711220000004,86.55,86.4192,0.0,102.18963679868969,36.87567626101983,-6.1,94.95991,94.95991,75.68131,75.68131,97.34841,97.34841
14.05803,14.05803,14.05803,26.614711220000004,86.55,86.4192,0.0,102.18963679868969,36.87567626101983,14.881865425177065,94.95991,94.95991,75.68131,75.68131,97.34841,97.34841
14.05803,14.05803,14.05803,26.614711220000004,86.55,86.4192,0.0,102.18963679868969,36.87567626101983,12.501058310810768,94.95991,94.95991,75.68131,75.68131,97.34841,97.34841
14.05803,14.05803,14.05803,26.614711220000004,86.55,86.4192,0.0,102.18963679868969,36.87567626101983,20.62453666652396,94.95991,94.95991,75.68131,75.68131,97.34841,97.34841
14.05803,14.05803,14.05803,26.614711220000004,86.55,86.4192,0.0,102.18963679868969,36.87567626101983,12.501058310810768,94.95991,94.95991,75.68131,75.68131,97.34841,97.34841
14.05803,14.05803,14.05803,26.614711220000004,86.55,86.4192,0.0,102.18963679868969,36.87567626101983,-6.1,94.95991,94.95991,75.68131,75.68131,97.34841,97.34841
14.05803,14.05803,14.05803,26.614711220000004,86.55,86.4192,0.0,102.18963679868969,36.87567626101983,12.411750710993472,94.95991,94.95991,75.68131,75.68131,97.34841,97.34841
14.05803,14.05803,14.05803,26.614711220000004,86.55,86.4192,0.0,102.18963679868969,36.87567626101983,-6.1,94.95991,94.95991,75.68131,75.68131,97.34841,97.34841
14.05803,14.05803,14.05803,26.614711220000004,100.27203917503492,86.4192,0.0,102.18963679868969,36.87567626101983,21.87018968176771,94.95991,94.95991,75.68131,75.68131,97.34841,97.34841
14.05803,14.05803,14.05803,26.614711220000004,86.55,86.4192,0.0,102.18963679868969,36.87567626101983,19.305609944501178,94.95991,94.95991,75.68131,75.68131,97.34841,97.34841
14.05803,14.05803,14.05803,26.614711220000004,86.55,86.4192,32.71923935304359,146.28107861124545,37.412402663367146,26.973903968363338,94.95991,94.95991,75.68131,75.68131,97.34841,97.34841
14.05803,14.05803,14.05803,26.614711220000004,86.55,86.4192,162.70864680976695,321.43347670287955,40.393173120768985,-6.1,94.95991,94.95991,75.68131,75.68131,97.34841,97.34841
14.05803,14.05803,14.05803,26.614711220000004,86.55,86.4192,57.813213210684765,180.087319419004,38.295264448787336,5.2271205927464175,94.95991,94.95991,75.68131,75.68131,97.34841,97.34841
14.05803,14.05803,14.05803,26.614711220000004,86.55,86.4192,57.813213210684765,180.087319419004,38.295264448787336,5.2271205927464175,94.95991,94.95991,75.68131,75.68131,97.34841,97.34841
14.05803,14.05803,14.05803,26.614711220000004,86.55,86.4192,57.813213210684765,180.087319419004,38.295264448787336,5.2271205927464175,94.95991,94.95991,75.68131,75.68131,97.34841,97.34841
14.05803,14.05803,14.05803,26.614711220000004,86.55,86.4192,57.813213210684765,180.087319419004,38.295264448787336,5.2271205927464175,94.95991,94.95991,75.68131,75.68131,97.34841,97.34841
14.05803,14.05803,14.05803,26.614711220000004,86.55,86.4192,57.813213210684765,180.087319419004,38.295264448787336,5.2271205927464175,94.95991,94.95991,75.68131,75.68131,97.34841,97.34841
14.05803,14.05803,14.05803,26.614711220000004,86.55,86.4192,57.813213210684765,180.087319419004,38.295264448787336,-6.1,94.95991,94.95991,75.68131,75.68131,97.34841,97.34841
14.05803,14.05803,14.05803,26.614711220000004,86.55,86.4192,57.813213210684765,180.087319419004,38.295264448787336,5.2271205927464175,94.95991,94.95991,75.68131,75.68131,97.34841,97.34841
14.05803,14.05803,14.05803,26.614711220000004,86.55,86.4192,57.813213210684765,180.087319419004,38.295264448787336,-6.1,94.95991,94.95991,75.68131,75.68131,97.34841,97.34841
14.05803,14.05803,14.05803,26.614711220000004,86.55,86.4192,57.813213210684765,180.087319419004,38.295264448787336,5.2271205927464175,94.95991,94.95991,75.68131,75.68131,97.34841,97.34841
14.05803,14.05803,14.05803,26.614711220000004,86.55,86.4192,71.99821442887452,199.2015491281966,38.57896447315113,-6.1,94.95991,94.95991,75.68131,75.68131,97.34841,97.34841
14.05803,14.05803,14.05803,26.614711220000004,105.46219948993348,86.4192,43.62821199249501,160.9730897098114,38.01156442442353,25.57425155096192,94.95991,94.95991,75.68131,75.68131,97.34841,97.34841
14.05803,14.05803,14.05803,26.614711220000004,98.44765452325595,86.4192,0.0,102.18963679868969,36.87567626101983,20.62453666652398,94.95991,94.95991,75.68131,75.68131,97.34841,97.34841
14.05803,14.05803,14.05803,26.614711220000004,86.55,86.4192,0.0,102.18963679868969,36.87567626101983,20.62453666652398,94.95991,94.95991,75.68131,75.68131,97.34841,97.34841
14.05803,14.05803,14.05803,26.614711220000004,86.55,86.4192,0.0,102.18963679868969,36.87567626101983,21.870189681767712,94.95991,94.95991,75.68131,75.68131,97.34841,97.34841
14.05803,14.05803,14.05803,26.614711220000004,86.55,86.4192,9.97288000128054,115.62878352014789,37.03927138456083,-6.1,94.95991,94.95991,75.68131,75.68131,97.34841,97.34841
14.05803,14.05803,14.05803,26.614711220000004,86.55,100.38450612787098,9.97288000128054,115.62878352014789,37.03927138456083,22.180157492296757,94.95991,94.95991,75.68131,75.68131,97.34841,97.34841
14.05803,14.05803,14.05803,26.614711220000004,86.55,86.4192,9.97288000128054,115.62878352014789,37.03927138456083,12.73423595607567,94.95991,94.95991,75.68131,75.68131,97.34841,97.34841
14.05803,14.05803,14.05803,26.614711220000004,86.55,86.4192,32.19853934679944,145.59138910054355,36.81701479110564,28.238521974824,94.95991,94.95991,75.68131,75.68131,97.34841,97.34841
14.05803,14.05803,14.05803,26.614711220000004,86.55,86.4192,32.71923935304359,146.28107861124545,37.41240266336715,13.26607254804427,94.95991,94.95991,75.68131,75.68131,97.34841,97.34841
14.05803,14.05803,14.05803,26.614711220000004,86.55,86.4192,32.71923935304359,146.28107861124545,37.41240266336715,50.650717166251674,94.95991,94.95991,75.68131,75.68131,97.34841,97.34841
14.05803,14.05803,14.05803,26.614711220000004,86.55,86.4192,33.058361320267764,146.73026021454555,37.800167410978986,-6.1,94.95991,94.95991,75.68131,75.68131,97.34841,97.34841
14.05803,14.05803,14.05803,26.614711220000004,86.55,86.4192,57.81321321068475,180.087319419004,38.295264448787336,-6.1,94.95991,94.95991,75.68131,75.68131,97.34841,97.34841
14.05803,14.05803,14.05803,26.614711220000004,86.55,86.4192,57.81321321068477,180.08731941900402,38.295264448787336,-6.1,94.95991,94.95991,75.68131,75.68131,97.34841,97.34841
14.05803,14.05803,14.05803,26.614711220000004,86.55,86.4192,168.18505226883107,328.81291011392483,40.502701229950254,14.567942440878296,94.95991,94.95991,75.68131,75.68131,97.34841,97.34841
14.05803,14.05803,14.05803,26.614711220000004,86.55,86.4192,60.24901377937242,183.3695504797934,38.343980460161085,-6.1,94.95991,94.95991,75.68131,75.68131,97.34841,97.34841
14.05803,14.05803,14.05803,26.614711220000004,86.55,86.4192,60.24901377937242,183.3695504797934,38.343980460161085,-6.1,94.95991,94.95991,75.68131,75.68131,97.34841,97.34841
14.05803,14.05803,14.05803,26.614711220000004,86.55,86.4192,57.813213210684765,180.087319419004,38.295264448787336,5.2271205927464175,94.95991,94.95991,75.68131,75.68131,97.34841,97.34841
14.05803,14.05803,14.05803,26.614711220000004,86.55,86.4192,57.813213210684765,180.087319419004,38.295264448787336,9.42932747313012,94.95991,94.95991,75.68131,75.68131,97.34841,97.34841
14.05803,14.05803,14.05803,26.614711220000004,86.55,86.4192,57.813213210684765,180.087319419004,38.295264448787336,-6.1,94.95991,94.95991,75.68131,75.68131,97.34841,97.34841
14.05803,14.05803,14.05803,26.614711220000004,86.55,86.4192,57.813213210684765,180.087319419004,38.295264448787336,5.2271205927464175,94.95991,94.95991,75.68131,75.68131,97.34841,97.34841
14.05803,14.05803,14.05803,26.614711220000004,86.55,86.4192,57.813213210684765,180.087319419004,38.295264448787336,3.908193870723623,94.95991,94.95991,75.68131,75.68131,97.34841,97.34841
14.05803,14.05803,14.05803,26.614711220000004,86.55,86.4192,57.813213210684765,180.087319419004,38.295264448787336,11.550144250131032,94.95991,94.95991,75.68131,75.68131,97.34841,97.34841
14.05803,14.05803,14.05803,26.614711220000004,86.55,86.4192,57.813213210684765,180.087319419004,38.295264448787336,5.2271205927464175,94.95991,94.95991,75.68131,75.68131,97.34841,97.34841
14.05803,14.05803,14.05803,26.614711220000004,86.55,86.4192,57.813213210684765,180.087319419004,38.295264448787336,5.2271205927464175,94.95991,94.95991,75.68131,75.68131,97.34841,97.34841
14.05803,14.05803,14.05803,26.614711220000004,86.55,86.4192,57.813213210684765,180.087319419004,38.295264448787336,-6.1,94.95991,94.95991,75.68131,75.68131,97.34841,97.34841
14.05803,14.05803,14.05803,26.614711220000004,86.55,86.4192,32.71923935304359,146.28107861124545,37.412402663367146,5.765902644173588,94.95991,94.95991,75.68131,75.68131,97.34841,97.34841
14.05803,14.05803,14.05803,26.614711220000004,86.55,86.4192,32.71923935304359,146.28107861124545,37.41240266336715,13.26607254804427,94.95991,94.95991,75.68131,75.68131,97.34841,97.34841
14.05803,14.05803,14.05803,26.614711220000004,86.55,86.4192,9.97288000128054,115.63169107984231,36.89695978781512,13.025406162412438,94.95991,94.95991,75.68131,75.68131,97.34841,97.34841
14.05803,14.05803,14.05803,26.614711220000004,86.55,86.4192,9.97288000128054,115.63169107984231,36.89695978781512,13.025406162412438,94.95991,94.95991,75.68131,75.68131,97.34841,97.34841
14.05803,14.05803,14.05803,26.614711220000004,86.55,86.4192,0.0,102.18716440310142,36.996688587827926,12.25346651244897,94.95991,94.95991,75.68131,75.68131,97.34841,97.34841
14.05803,14.05803,14.05803,26.614711220000004,86.55,86.4192,0.0,102.18716440310142,36.996688587827926,12.164158912631674,94.95991,94.95991,75.68131,75.68131,97.34841,97.34841
14.05803,14.05803,14.05803,26.614711220000004,86.55,86.4192,0.0,102.18716440310142,36.996688587827926,12.25346651244897,94.95991,94.95991,75.68131,75.68131,97.34841,97.34841
14.05803,14.05803,14.05803,26.614711220000004,86.55,86.4192,0.0,102.18716440310142,36.996688587827926,-6.1,94.95991,94.95991,75.68131,75.68131,97.34841,97.34841
14.05803,14.05803,14.05803,26.614711220000004,86.55,86.4192,0.0,102.18716440310142,36.996688587827926,12.164158912631674,94.95991,94.95991,75.68131,75.68131,97.34841,97.34841
14.05803,14.05803,14.05803,26.614711220000004,86.55,86.4192,0.0,102.18716440310142,36.996688587827926,-6.1,94.95991,94.95991,75.68131,75.68131,97.34841,97.34841
14.05803,14.05803,14.05803,26.614711220000004,141.2270037050912,86.4192,19.94576000256108,129.07621775658322,36.797230987802315,51.12970029328312,94.95991,94.95991,75.68131,75.68131,97.34841,97.34841
14.05803,14.05803,14.05803,26.614711220000004,86.55,115.9238783429942,45.14011591725237,163.0132814735413,37.89949090617298,33.03267126746331,94.95991,94.95991,75.68131,75.68131,97.34841,97.34841
14.05803,14.05803,14.05803,26.614711220000004,86.55,86.4192,70.48631050411714,197.16717248385552,38.40641479791027,12.816124150475012,94.95991,94.95991,75.68131,75.68131,97.34841,97.34841
14.05803,14.05803,14.05803,26.614711220000004,86.55,86.4192,57.813213210684765,180.0902269786984,38.15295285204162,5.228402956537802,94.95991,94.95991,75.68131,75.68131,97.34841,97.34841
14.05803,14.05803,14.05803,26.614711220000004,86.55,86.4192,57.813213210684765,180.0902269786984,38.15295285204162,5.274305168447842,94.95991,94.95991,75.68131,75.68131,97.34841,97.34841
14.05803,14.05803,14.05803,26.614711220000004,86.55,86.4192,57.813213210684765,180.0902269786984,38.15295285204162,6.96327705552989,94.95991,94.95991,75.68131,75.68131,97.34841,97.34841
14.05803,14.05803,14.05803,26.614711220000004,86.55,86.4192,60.24901377937242,183.3724580394878,38.20166886341538,-6.1,94.95991,94.95991,75.68131,75.68131,97.34841,97.34841
14.05803,14.05803,14.05803,26.614711220000004,86.55,86.4192,162.510070569722,321.1688036111081,40.24688999922237,-6.1,94.95991,94.95991,75.68131,75.68131,97.34841,97.34841
14.058029999999999,14.058029999999999,14.058029999999999,26.614711219999997,88.20387125134832,86.4192,90.35741390532135,223.37229829353745,66.75667542802094,-6.1,94.95991,94.95991,75.68131,75.68131,97.34841,97.34841
14.058029999999999,14.058029999999999,14.058029999999999,26.614711219999997,86.55,86.4192,90.35741390532137,223.37229829353745,66.75667542802094,-6.1,94.95991,94.95991,75.68131,75.68131,97.34841,97.34841
14.058029999999999,14.058029999999999,14.058029999999999,26.614711219999997,86.55,86.4192,90.35741390532135,223.37229829353745,66.75667542802094,-6.1,94.95991,94.95991,75.68131,75.68131,97.34841,97.34841
14.058029999999999,14.058029999999999,14.058029999999999,26.614711219999997,86.55,86.4192,60.249013779372405,182.8013552719961,66.15450742550196,-6.1,94.95991,94.95991,75.68131,75.68131,97.34841,97.34841
14.058029999999999,14.058029999999999,14.058029999999999,26.614711219999997,86.55,86.4192,60.249013779372405,182.8013552719961,66.15450742550196,-6.1,94.95991,94.95991,75.68131,75.68131,97.34841,97.34841
14.058029999999999,14.058029999999999,14.058029999999999,26.614711219999997,86.55,86.4192,60.249013779372405,182.8013552719961,66.15450742550196,-6.1,94.95991,94.95991,75.68131,75.68131,97.34841,97.34841
14.058029999999999,14.058029999999999,14.058029999999999,26.614711219999997,86.55,86.4192,57.81321321068475,179.5191242112067,66.10579141412822,-6.1,94.95991,94.95991,75.68131,75.68131,97.34841,97.34841
14.058029999999999,14.058029999999999,14.058029999999999,26.614711219999997,86.55,86.4192,57.81321321068475,179.5191242112067,66.10579141412822,-6.1,94.95991,94.95991,75.68131,75.68131,97.34841,97.34841
14.058029999999999,14.058029999999999,14.058029999999999,26.614711219999997,86.55,86.4192,47.432091489991514,165.76888285491063,54.23562836659167,-6.1,94.95991,94.95991,75.68131,75.68131,97.34841,97.34841
14.058029999999999,14.058029999999999,14.058029999999999,26.614711219999997,86.55,86.4192,45.184109377923015,162.7913340468697,51.66520149788361,-6.1,94.95991,94.95991,75.68131,75.68131,97.34841,97.34841
14.058029999999999,14.058029999999999,14.058029999999999,26.614711219999997,86.55,86.4192,45.184109377923015,162.7913340468697,51.66520149788361,-6.1,94.95991,94.95991,75.68131,75.68131,97.34841,97.34841
14.058029999999999,14.058029999999999,14.058029999999999,26.614711219999997,86.55,86.4192,45.184109377923015,162.7913340468697,51.66520149788361,-6.1,94.95991,94.95991,75.68131,75.68131,97.34841,97.34841
14.058029999999999,14.058029999999999,14.058029999999999,26.614711219999997,86.55,86.4192,9.97288000128054,115.62878352014788,37.03927138456082,-6.1,94.95991,94.95991,75.68131,75.68131,97.34841,97.34841
14.058029999999999,14.058029999999999,14.058029999999999,26.614711219999997,86.55,86.4192,9.97288000128054,115.62878352014788,37.03927138456082,-6.1,94.95991,94.95991,75.68131,75.68131,97.34841,97.34841
14.058029999999999,14.058029999999999,14.058029999999999,26.614711219999997,86.55,86.4192,45.184109377923015,162.7913340468697,51.66520149788361,-6.1,94.95991,94.95991,75.68131,75.68131,97.34841,97.34841
14.058029999999999,14.058029999999999,14.058029999999999,26.614711219999997,86.55,86.4192,47.432091489991514,165.76888285491063,54.23562836659167,-6.1,94.95991,94.95991,75.68131,75.68131,97.34841,97.34841
14.058029999999999,14.058029999999999,14.058029999999999,26.614711219999997,169.9262060605,86.4192,48.698706539556134,167.44656886087603,55.683923412282695,-6.1,94.95991,94.95991,75.68131,75.68131,97.34841,97.34841
14.058029999999999,14.058029999999999,14.058029999999999,26.614711219999997,86.55,86.4192,57.81321321068475,179.7283284122618,55.86621354570527,-6.1,94.95991,94.95991,75.68131,75.68131,97.34841,97.34841
14.058029999999999,14.058029999999999,14.058029999999999,26.614711219999997,86.55,86.4192,60.249013779372405,183.01055947305116,55.91492955707903,-6.1,94.95991,94.95991,75.68131,75.68131,97.34841,97.34841
14.058029999999999,14.058029999999999,14.058029999999999,26.614711219999997,86.55,86.4192,60.249013779372405,183.01055947305116,55.91492955707903,-6.1,94.95991,94.95991,75.68131,75.68131,97.34841,97.34841
14.058029999999999,14.058029999999999,14.058029999999999,26.614711219999997,86.55,86.4192,60.249013779372405,183.01055947305116,55.91492955707903,-6.1,94.95991,94.95991,75.68131,75.68131,97.34841,97.34841
14.058029999999999,14.058029999999999,14.058029999999999,26.614711219999997,86.55,111.33476143667728,60.249013779372405,183.01055947305116,55.91492955707903,-6.1,94.95991,94.95991,75.68131,75.68131,97.34841,97.34841
14.058029999999999,14.058029999999999,14.058029999999999,26.614711219999997,86.55,86.4192,60.249013779372405,183.01055947305116,55.91492955707903,-6.1,94.95991,94.95991,75.68131,75.68131,97.34841,97.34841
14.058029999999999,14.058029999999999,14.058029999999999,26.614711219999997,86.55,111.33476143667728,60.249013779372405,183.01055947305116,55.91492955707903,-6.1,94.95991,94.95991,75.68131,75.68131,97.34841,97.34841
14.058029999999999,14.058029999999999,14.058029999999999,26.614711219999997,86.55,86.4192,60.249013779372405,183.01055947305116,55.91492955707903,-6.1,94.95991,94.95991,75.68131,75.68131,97.34841,97.34841
14.058029999999999,14.058029999999999,14.058029999999999,26.614711219999997,86.55,86.4192,102.33621871012997,239.7228917802758,56.756673655694186,-6.1,94.95991,94.95991,75.68131,75.68131,97.34841,97.34841
14.058029999999999,14.058029999999999,14.058029999999999,26.614711219999997,86.55,86.4192,102.33621871012997,239.7228917802758,56.756673655694186,-6.1,94.95991,94.95991,75.68131,75.68131,97.34841,97.34841
14.058029999999999,14.058029999999999,14.058029999999999,26.614711219999997,86.55,86.4192,60.249013779372405,183.01055947305116,55.91492955707903,-6.1,94.95991,94.95991,75.68131,75.68131,97.34841,97.34841
14.058029999999999,14.058029999999999,14.058029999999999,26.614711219999997,86.55,86.4192,60.249013779372405,183.01055947305116,55.91492955707903,-6.1,94.95991,94.95991,75.68131,75.68131,97.34841,97.34841
14.058029999999999,14.058029999999999,14.058029999999999,26.614711219999997,111.33476143667728,86.4192,60.249013779372405,183.01055947305116,55.91492955707903,-6.1,94.95991,94.95991,75.68131,75.68131,97.34841,97.34841
14.058029999999999,14.058029999999999,14.058029999999999,26.614711219999997,86.55,86.4192,57.81321321068475,179.7283284122618,55.86621354570527,-6.1,94.95991,94.95991,75.68131,75.68131,97.34841,97.34841
14.058029999999999,14.058029999999999,14.058029999999999,26.614711219999997,86.55,86.4192,57.81321321068475,179.7283284122618,55.86621354570527,-6.1,94.95991,94.95991,75.68131,75.68131,97.34841,97.34841
14.058029999999999,14.058029999999999,14.058029999999999,26.614711219999997,86.55,86.4192,32.84466527770447,146.44721063269992,37.55581935918963,-1.7231696289705865,94.95991,94.95991,75.68131,75.68131,97.34841,97.34841
14.058029999999999,14.058029999999999,14.058029999999999,26.614711219999997,86.55,86.4192,32.32109407441537,145.75371809825822,36.957148452783805,14.085545316780902,94.95991,94.95991,75.68131,75.68131,97.34841,97.34841
14.058029999999999,14.058029999999999,14.058029999999999,26.614711219999997,86.55,86.4192,9.97288000128054,115.6258954186313,37.18063059351516,-6.1,94.95991,94.95991,75.68131,75.68131,97.34841,97.34841
14.058029999999999,14.058029999999999,14.058029999999999,26.614711219999997,86.55,86.4192,9.97288000128054,115.6258954186313,37.18063059351516,12.355706739889452,94.95991,94.95991,75.68131,75.68131,97.34841,97.34841
14.058029999999999,14.058029999999999,14.058029999999999,26.614711219999997,86.55,86.4192,9.97288000128054,115.62878352014788,37.03927138456082,12.644928356258395,94.95991,94.95991,75.68131,75.68131,97.34841,97.34841
14.058029999999999,14.058029999999999,14.058029999999999,26.614711219999997,86.55,86.4192,0.0,102.18963679868968,36.87567626101981,12.411750710993497,94.95991,94.95991,75.68131,75.68131,97.34841,97.34841
14.058029999999999,14.058029999999999,14.058029999999999,26.614711219999997,86.55,86.4192,0.0,102.18963679868968,36.87567626101981,-6.1,94.95991,94.95991,75.68131,75.68131,97.34841,97.34841
14.058029999999999,14.058029999999999,14.058029999999999,26.614711219999997,123.20417895818899,86.4192,0.0,102.18963679868968,36.87567626101981,-6.1,94.95991,94.95991,75.68131,75.68131,97.34841,97.34841
14.058029999999999,14.058029999999999,14.058029999999999,26.614711219999997,86.55,86.4192,0.0,102.18963679868968,36.87567626101981,12.501058310810768,94.95991,94.95991,75.68131,75.68131,97.34841,97.34841
14.058029999999999,14.058029999999999,14.058029999999999,26.614711219999997,86.55,86.4192,33.547607077755515,147.37828722251237,38.35958931816256,11.375294566811867,94.95991,94.95991,75.68131,75.68131,97.34841,97.34841
14.058029999999999,14.058029999999999,14.058029999999999,26.614711219999997,86.55,86.4192,170.92400300953423,332.4924051609605,41.107117236798146,-6.1,94.95991,94.95991,75.68131,75.68131,97.34841,97.34841
14.058029999999999,14.058029999999999,14.058029999999999,26.614711219999997,86.55,86.4192,60.249013779372405,183.35832087938732,38.8936174521949,11.713843395008965,94.95991,94.95991,75.68131,75.68131,97.34841,97.34841
14.058029999999999,14.058029999999999,14.058029999999999,26.614711219999997,86.55,86.4192,57.81321321068475,180.07608981859795,38.84490144082115,5.227120592746444,94.95991,94.95991,75.68131,75.68131,97.34841,97.34841
14.058029999999999,14.058029999999999,14.058029999999999,26.614711219999997,148.51280384469254,86.4192,57.81321321068475,180.07608981859795,38.84490144082115,5.227120592746444,94.95991,94.95991,75.68131,75.68131,97.34841,97.34841
14.058029999999999,14.058029999999999,14.058029999999999,26.614711219999997,86.55,86.4192,52.54940030105027,172.98312397718882,38.73962518262846,20.62419918008451,94.95991,94.95991,75.68131,75.68131,97.34841,97.34841
14.058029999999999,14.058029999999999,14.058029999999999,26.614711219999997,86.55,86.4192,57.81321321068475,180.07608981859795,38.84490144082115,5.227120592746444,94.95991,94.95991,75.68131,75.68131,97.34841,97.34841
14.058029999999999,14.058029999999999,14.058029999999999,26.614711219999997,86.55,86.4192,49.14836526286081,168.4002435128851,38.67160448186467,-6.1,94.95991,94.95991,75.68131,75.68131,97.34841,97.34841
14.058029999999999,14.058029999999999,14.058029999999999,26.614711219999997,86.55,86.4192,57.81321321068475,180.07608981859795,38.844901440821154,6.3034262518211674,94.95991,94.95991,75.68131,75.68131,97.34841,97.34841
14.058029999999999,14.058029999999999,14.058029999999999,26.614711219999997,86.55,86.4192,57.81321321068475,180.07608981859795,38.844901440821154,11.764120357140362,94.95991,94.95991,75.68131,75.68131,97.34841,97.34841
14.058029999999999,14.058029999999999,14.058029999999999,26.614711219999997,86.55,86.4192,60.249013779372405,183.35832087938732,38.89361745219491,-1.8977931196162745,94.95991,94.95991,75.68131,75.68131,97.34841,97.34841
14.058029999999999,14.058029999999999,14.058029999999999,26.614711219999997,86.55,86.4192,60.249013779372405,183.35832087938732,38.89361745219491,-6.1,94.95991,94.95991,75.68131,75.68131,97.34841,97.34841
14.058029999999999,14.058029999999999,14.058029999999999,26.614711219999997,86.55,86.4192,60.249013779372405,183.35832087938732,38.89361745219491,10.926255797261915,94.95991,94.95991,75.68131,75.68131,97.34841,97.34841
14.058029999999999,14.058029999999999,14.058029999999999,26.614711219999997,86.55,86.4192,33.547607077755515,147.37828722251237,38.35958931816257,-6.1,94.95991,94.95991,75.68131,75.68131,97.34841,97.34841
14.058029999999999,14.058029999999999,14.058029999999999,26.614711219999997,86.55,86.4192,32.719239353043584,146.28107861124545,37.412402663367146,-6.1,94.95991,94.95991,75.68131,75.68131,97.34841,97.34841
14.058029999999999,14.058029999999999,14.058029999999999,26.614711219999997,86.55,86.4192,32.67506020698696,146.2225614357862,37.361886574537586,-6.1,94.95991,94.95991,75.68131,75.68131,97.34841,97.34841
14.058029999999999,14.058029999999999,14.058029999999999,26.614711219999997,86.55,86.4192,32.67506020698696,146.2225614357862,37.361886574537586,13.277605377062583,94.95991,94.95991,75.68131,75.68131,97.34841,97.34841
14.058029999999999,14.058029999999999,14.058029999999999,26.614711219999997,86.55,86.4192,32.67506020698696,146.2225614357862,37.361886574537586,13.36691297687986,94.95991,94.95991,75.68131,75.68131,97.34841,97.34841
14.058029999999999,14.058029999999999,14.058029999999999,26.614711219999997,86.55,86.4192,9.97288000128054,115.62878352014788,37.03927138456082,22.180157492296786,94.95991,94.95991,75.68131,75.68131,97.34841,97.34841
14.058029999999999,14.058029999999999,14.058029999999999,26.614711219999997,86.55,86.4192,9.97288000128054,115.61755391974185,37.58890837659465,11.609676046409383,94.95991,94.95991,75.68131,75.68131,97.34841,97.34841
14.058029999999999,14.058029999999999,14.058029999999999,26.614711219999997,86.55,86.4192,9.97288000128054,115.62878352014788,37.03927138456082,-6.1,94.95991,94.95991,75.68131,75.68131,97.34841,97.34841
14.058029999999999,14.058029999999999,14.058029999999999,26.614711219999997,86.55,86.4192,9.97288000128054,115.62878352014788,37.03927138456082,12.644928356258395,94.95991,94.95991,75.68131,75.68131,97.34841,97.34841
14.058029999999999,14.058029999999999,14.058029999999999,26.614711219999997,86.55,86.4192,9.97288000128054,115.61755391974185,37.58890837659465,-6.1,94.95991,94.95991,75.68131,75.68131,97.34841,97.34841
14.058029999999999,14.058029999999999,14.058029999999999,26.614711219999997,86.55,86.4192,32.67506020698696,146.2225614357862,37.361886574537586,13.36691297687986,94.95991,94.95991,75.68131,75.68131,97.34841,97.34841
14.058029999999999,14.058029999999999,14.058029999999999,26.614711219999997,86.55,86.4192,57.81321321068475,179.78130393326728,53.273306855876534,-6.1,94.95991,94.95991,75.68131,75.68131,97.34841,97.34841
14.058029999999999,14.058029999999999,14.058029999999999,26.614711219999997,86.55,86.4192,60.249013779372405,183.06353499405665,53.32202286725028,-6.1,94.95991,94.95991,75.68131,75.68131,97.34841,97.34841
14.058029999999999,14.058029999999999,14.058029999999999,26.614711219999997,86.55,103.6220717647812,57.81321321068475,179.78130393326728,53.273306855876534,-6.1,94.95991,94.95991,75.68131,75.68131,97.34841,97.34841
14.058029999999999,14.058029999999999,14.058029999999999,26.614711219999997,86.55,86.4192,57.81321321068475,179.78130393326728,53.273306855876534,-6.1,94.95991,94.95991,75.68131,75.68131,97.34841,97.34841
14.058029999999999,14.058029999999999,14.058029999999999,26.614711219999997,86.55,86.4192,57.81321321068475,179.78130393326728,53.273306855876534,-6.1,94.95991,94.95991,75.68131,75.68131,97.34841,97.34841
14.058029999999999,14.058029999999999,14.058029999999999,26.614711219999997,86.55,86.4192,58.970612561206686,181.34089470882378,53.296454842886966,-6.1,94.95991,94.95991,75.68131,75.68131,97.34841,97.34841
14.058029999999999,14.058029999999999,14.058029999999999,26.614711219999997,86.55,86.4192,60.249013779372405,183.06353499405665,53.32202286725028,-6.1,94.95991,94.95991,75.68131,75.68131,97.34841,97.34841
14.058029999999999,14.058029999999999,14.058029999999999,26.614711219999997,86.55,86.4192,60.249013779372405,183.06353499405665,53.32202286725028,-6.1,94.95991,94.95991,75.68131,75.68131,97.34841,97.34841
14.058029999999999,14.058029999999999,14.058029999999999,26.614711219999997,103.56490745379581,86.4192,60.249013779372405,183.06353499405665,53.32202286725028,-6.1,94.95991,94.95991,75.68131,75.68131,97.34841,97.34841
14.058029999999999,14.058029999999999,14.058029999999999,26.614711219999997,86.55,86.4192,60.249013779372405,183.06353499405665,53.32202286725028,-6.1,94.95991,94.95991,75.68131,75.68131,97.34841,97.34841
14.058029999999999,14.058029999999999,14.058029999999999,26.614711219999997,86.55,86.4192,60.249013779372405,183.06353499405665,53.32202286725028,-6.1,94.95991,94.95991,75.68131,75.68131,97.34841,97.34841
14.058029999999999,14.058029999999999,14.058029999999999,26.614711219999997,86.55,86.4192,145.42210187404953,297.83391434342957,55.02548462914383,-6.1,94.95991,94.95991,75.68131,75.68131,97.34841,97.34841
14.058029999999999,14.058029999999999,14.058029999999999,26.614711219999997,86.55,86.4192,60.249013779372405,183.06353499405665,53.32202286725028,-6.1,94.95991,94.95991,75.68131,75.68131,97.34841,97.34841
14.058029999999999,14.058029999999999,14.058029999999999,26.614711219999997,86.55,86.4192,55.37741264199709,176.49907287247788,53.22459084450278,-6.1,94.95991,94.95991,75.68131,75.68131,97.34841,97.34841
14.058029999999999,14.058029999999999,14.058029999999999,26.614711219999997,86.55,99.85652164480786,45.184109377923015,162.7913340468697,51.66520149788361,-6.1,94.95991,94.95991,75.68131,75.68131,97.34841,97.34841
14.058029999999999,14.058029999999999,14.058029999999999,26.614711219999997,86.55,86.4192,31.583775382486785,144.75096224613497,37.393776512394126,-6.1,94.95991,94.95991,75.68131,75.68131,97.34841,97.34841
14.058029999999999,14.058029999999999,14.058029999999999,26.614711219999997,86.55,86.4192,9.97288000128054,115.62878352014788,37.03927138456082,-6.1,94.95991,94.95991,75.68131,75.68131,97.34841,97.34841
14.058029999999999,14.058029999999999,14.058029999999999,26.614711219999997,86.55,86.4192,31.583775382486785,144.75096224613497,37.393776512394126,-6.1,94.95991,94.95991,75.68131,75.68131,97.34841,97.34841
14.058029999999999,14.058029999999999,14.058029999999999,26.614711219999997,99.85652164480786,86.4192,45.184109377923015,162.7913340468697,51.66520149788361,-6.1,94.95991,94.95991,75.68131,75.68131,97.34841,97.34841
14.058029999999999,14.058029999999999,14.058029999999999,26.614711219999997,86.55,86.4192,45.184109377923015,162.7913340468697,51.66520149788361,-6.1,94.95991,94.95991,75.68131,75.68131,97.34841,97.34841
14.058029999999999,14.058029999999999,14.058029999999999,26.614711219999997,86.55,86.4192,45.184109377923015,162.7913340468697,51.66520149788361,-6.1,94.95991,94.95991,75.68131,75.68131,97.34841,97.34841
14.058029999999999,14.058029999999999,14.058029999999999,26.614711219999997,86.55,86.4192,45.184109377923015,162.7913340468697,51.66520149788361,-6.1,94.95991,94.95991,75.68131,75.68131,97.34841,97.34841
14.058029999999999,14.058029999999999,14.058029999999999,26.614711219999997,86.55,86.4192,45.184109377923015,162.7913340468697,51.66520149788361,-6.1,94.95991,94.95991,75.68131,75.68131,97.34841,97.34841
14.058029999999999,14.058029999999999,14.058029999999999,26.614711219999997,86.55,133.9327592933418,55.37741264199709,176.2928017947673,63.32060589376483,-6.1,94.95991,94.95991,75.68131,75.68131,97.34841,97.34841
14.058029999999999,14.058029999999999,14.058029999999999,26.614711219999997,86.55,133.81843067137106,60.249013779372405,182.8572639163461,63.41803791651233,-6.1,94.95991,94.95991,75.68131,75.68131,97.34841,97.34841
14.058029999999999,14.058029999999999,14.058029999999999,26.614711219999997,86.55,86.4192,690.0879026512732,1031.5625277722559,76.01481569395035,-6.1,94.95991,94.95991,75.68131,75.68131,97.34841,97.34841
14.058029999999999,14.058029999999999,14.058029999999999,26.614711219999997,86.55,86.4192,134.28377366768845,282.618792675015,64.89873311427866,-6.1,94.95991,94.95991,75.68131,75.68131,97.34841,97.34841
14.058029999999999,14.058029999999999,14.058029999999999,26.614711219999997,86.55,86.4192,60.249013779372405,182.8572639163461,63.41803791651233,-6.1,94.95991,94.95991,75.68131,75.68131,97.34841,97.34841
14.058029999999999,14.058029999999999,14.058029999999999,26.614711219999997,86.55,86.4192,60.249013779372405,182.8572639163461,63.41803791651233,-6.1,94.95991,94.95991,75.68131,75.68131,97.34841,97.34841
14.058029999999999,14.058029999999999,14.058029999999999,26.614711219999997,86.55,86.4192,60.249013779372405,182.8572639163461,63.41803791651233,-6.1,94.95991,94.95991,75.68131,75.68131,97.34841,97.34841
14.058029999999999,14.058029999999999,14.058029999999999,26.614711219999997,86.55,86.4192,60.249013779372405,182.8572639163461,63.41803791651233,-6.1,94.95991,94.95991,75.68131,75.68131,97.34841,97.34841
14.058029999999999,14.058029999999999,14.058029999999999,26.614711219999997,86.55,86.4192,60.249013779372405,182.8572639163461,63.41803791651233,-6.1,94.95991,94.95991,75.68131,75.68131,97.34841,97.34841
14.058029999999999,14.058029999999999,14.058029999999999,26.614711219999997,86.55,86.4192,60.249013779372405,182.8572639163461,63.41803791651233,-6.1,94.95991,94.95991,75.68131,75.68131,97.34841,97.34841
14.058029999999999,14.058029999999999,14.058029999999999,26.614711219999997,86.55,86.4192,60.249013779372405,182.8572639163461,63.41803791651233,-6.1,94.95991,94.95991,75.68131,75.68131,97.34841,97.34841
14.058029999999999,14.058029999999999,14.058029999999999,26.614711219999997,86.55,86.4192,60.249013779372405,182.8572639163461,63.41803791651233,-6.1,94.95991,94.95991,75.68131,75.68131,97.34841,97.34841
14.058029999999999,14.058029999999999,14.058029999999999,26.614711219999997,86.55,133.81843067137106,60.249013779372405,182.8572639163461,63.41803791651233,-6.1,94.95991,94.95991,75.68131,75.68131,97.34841,97.34841
14.058029999999999,14.058029999999999,14.058029999999999,26.614711219999997,86.55,86.4192,57.81321321068475,179.57503285555669,63.369321905138584,-6.1,94.95991,94.95991,75.68131,75.68131,97.34841,97.34841
14.058029999999999,14.058029999999999,14.058029999999999,26.614711219999997,86.55,86.4192,57.81321321068475,179.57503285555669,63.369321905138584,-6.1,94.95991,94.95991,75.68131,75.68131,97.34841,97.34841
14.058029999999999,14.058029999999999,14.058029999999999,26.614711219999997,86.55,86.4192,57.81321321068475,179.57503285555669,63.369321905138584,-6.1,94.95991,94.95991,75.68131,75.68131,97.34841,97.34841
14.058029999999999,14.058029999999999,14.058029999999999,26.614711219999997,86.55,86.4192,45.184109377923015,162.7913340468697,51.66520149788361,-6.1,94.95991,94.95991,75.68131,75.68131,97.34841,97.34841
14.058029999999999,14.058029999999999,14.058029999999999,26.614711219999997,86.55,86.4192,45.184109377923015,162.7913340468697,51.66520149788361,-6.1,94.95991,94.95991,75.68131,75.68131,97.34841,97.34841
14.058029999999999,14.058029999999999,14.058029999999999,26.614711219999997,86.55,115.79770949713688,45.184109377923015,162.7913340468697,51.66520149788361,-6.1,94.95991,94.95991,75.68131,75.68131,97.34841,97.34841
14.058029999999999,14.058029999999999,14.058029999999999,26.614711219999997,86.55,86.4192,45.184109377923015,162.7913340468697,51.66520149788361,-6.1,94.95991,94.95991,75.68131,75.68131,97.34841,97.34841
14.058029999999999,14.058029999999999,14.058029999999999,26.614711219999997,86.55,86.4192,45.184109377923015,162.7913340468697,51.66520149788361,-6.1,94.95991,94.95991,75.68131,75.68131,97.34841,97.34841
14.058029999999999,14.058029999999999,14.058029999999999,26.614711219999997,86.55,86.4192,17.983441387050558,126.42356995804624,37.17067663353299,-6.1,94.95991,94.95991,75.68131,75.68131,97.34841,97.34841
14.058029999999999,14.058029999999999,14.058029999999999,26.614711219999997,86.55,86.4192,9.97288000128054,115.54411222045336,41.183539817365244,-6.1,94.95991,94.95991,75.68131,75.68131,97.34841,97.34841
14.058029999999999,14.058029999999999,14.058029999999999,26.614711219999997,86.55,86.4192,45.184109377923015,162.7913340468697,51.66520149788361,-6.1,94.95991,94.95991,75.68131,75.68131,97.34841,97.34841
14.058029999999999,14.058029999999999,14.058029999999999,26.614711219999997,86.55,86.4192,45.184109377923015,162.7913340468697,51.66520149788361,-6.1,94.95991,94.95991,75.68131,75.68131,97.34841,97.34841
14.058029999999999,14.058029999999999,14.058029999999999,26.614711219999997,86.55,86.4192,57.81321321068475,179.78130393326728,53.273306855876534,-6.1,94.95991,94.95991,75.68131,75.68131,97.34841,97.34841
14.058029999999999,14.058029999999999,14.058029999999999,26.614711219999997,86.55,86.4192,60.249013779372405,183.06353499405665,53.32202286725028,-6.1,94.95991,94.95991,75.68131,75.68131,97.34841,97.34841
14.058029999999999,14.058029999999999,14.058029999999999,26.614711219999997,86.55,86.4192,60.249013779372405,183.06353499405665,53.32202286725028,-6.1,94.95991,94.95991,75.68131,75.68131,97.34841,97.34841
14.058029999999999,14.058029999999999,14.058029999999999,26.614711219999997,86.55,86.4192,60.249013779372405,183.06353499405665,53.32202286725028,-6.1,94.95991,94.95991,75.68131,75.68131,97.34841,97.34841
14.058029999999999,14.058029999999999,14.058029999999999,26.614711219999997,86.55,86.4192,60.249013779372405,183.06353499405665,53.32202286725028,-6.1,94.95991,94.95991,75.68131,75.68131,97.34841,97.34841
14.058029999999999,14.058029999999999,14.058029999999999,26.614711219999997,86.55,86.4192,59.64016682918689,182.24311627962862,53.309845928246574,-6.1,94.95991,94.95991,75.68131,75.68131,97.34841,97.34841
14.058029999999999,14.058029999999999,14.058029999999999,26.614711219999997,86.55,86.4192,60.249013779372405,183.06353499405665,53.32202286725028,-6.1,94.95991,94.95991,75.68131,75.68131,97.34841,97.34841
14.058029999999999,14.058029999999999,14.058029999999999,26.614711219999997,103.56490745379581,86.4192,60.249013779372405,183.06353499405665,53.32202286725028,-6.1,94.95991,94.95991,75.68131,75.68131,97.34841,97.34841
14.058029999999999,14.058029999999999,14.058029999999999,26.614711219999997,86.55,86.4192,60.249013779372405,183.06353499405665,53.32202286725028,-6.1,94.95991,94.95991,75.68131,75.68131,97.34841,97.34841
14.058029999999999,14.058029999999999,14.058029999999999,26.614711219999997,86.55,86.4192,60.249013779372405,183.06353499405665,53.32202286725028,-6.1,94.95991,94.95991,75.68131,75.68131,97.34841,97.34841
14.058029999999999,14.058029999999999,14.058029999999999,26.614711219999997,86.55,86.4192,60.249013779372405,183.06353499405665,53.32202286725028,-6.1,94.95991,94.95991,75.68131,75.68131,97.34841,97.34841
14.058029999999999,14.058029999999999,14.058029999999999,26.614711219999997,101.7738178837133,86.4192,136.56825769527882,285.9033964083724,54.84840774556842,-6.1,94.95991,94.95991,75.68131,75.68131,97.34841,97.34841
14.058029999999999,14.058029999999999,14.058029999999999,26.614711219999997,103.56490745379581,86.4192,60.249013779372405,183.06353499405665,53.32202286725028,-6.1,94.95991,94.95991,75.68131,75.68131,97.34841,97.34841
14.058029999999999,14.058029999999999,14.058029999999999,26.614711219999997,86.55,86.4192,57.81321321068475,179.78130393326728,53.273306855876534,-6.1,94.95991,94.95991,75.68131,75.68131,97.34841,97.34841
14.058029999999999,14.058029999999999,14.058029999999999,26.614711219999997,86.55,115.79770949713688,45.184109377923015,162.7913340468697,51.66520149788361,-6.1,94.95991,94.95991,75.68131,75.68131,97.34841,97.34841
14.058029999999999,14.058029999999999,14.058029999999999,26.614711219999997,86.55,86.4192,40.56556693093131,156.61021426800772,49.500149818291234,-6.1,94.95991,94.95991,75.68131,75.68131,97.34841,97.34841
14.058029999999999,14.058029999999999,14.058029999999999,26.614711219999997,86.55,86.4192,9.97288000128054,115.62878352014788,37.03927138456082,-6.1,94.95991,94.95991,75.68131,75.68131,97.34841,97.34841
14.058029999999999,14.058029999999999,14.058029999999999,26.614711219999997,86.55,86.4192,9.97288000128054,115.62878352014788,37.03927138456082,12.644928356258395,94.95991,94.95991,75.68131,75.68131,97.34841,97.34841
14.058029999999999,14.058029999999999,14.058029999999999,26.614711219999997,86.55,86.4192,45.184109377923015,162.7913340468697,51.66520149788361,-6.1,94.95991,94.95991,75.68131,75.68131,97.34841,97.34841
14.058029999999999,14.058029999999999,14.058029999999999,26.614711219999997,86.55,86.4192,45.184109377923015,162.7913340468697,51.66520149788361,-6.1,94.95991,94.95991,75.68131,75.68131,97.34841,97.34841
14.058029999999999,14.058029999999999,14.058029999999999,26.614711219999997,86.55,86.4192,45.184109377923015,162.7913340468697,51.66520149788361,-6.1,94.95991,94.95991,75.68131,75.68131,97.34841,97.34841
14.058029999999999,14.058029999999999,14.058029999999999,26.614711219999997,99.85652164480786,115.79770949713688,45.184109377923015,162.7913340468697,51.66520149788361,-6.1,94.95991,94.95991,75.68131,75.68131,97.34841,97.34841
14.058029999999999,14.058029999999999,14.058029999999999,26.614711219999997,86.55,86.4192,57.81321321068475,179.5191242112067,66.10579141412822,-6.1,94.95991,94.95991,75.68131,75.68131,97.34841,97.34841
14.058029999999999,14.058029999999999,14.058029999999999,26.614711219999997,86.55,86.4192,57.81321321068475,179.5191242112067,66.10579141412822,-6.1,94.95991,94.95991,75.68131,75.68131,97.34841,97.34841
14.058029999999999,14.058029999999999,14.058029999999999,26.614711219999997,86.55,86.4192,60.249013779372405,182.8013552719961,66.15450742550198,-6.1,94.95991,94.95991,75.68131,75.68131,97.34841,97.34841
14.058029999999999,14.058029999999999,14.058029999999999,26.614711219999997,86.55,86.4192,60.249013779372405,182.8013552719961,66.15450742550198,-6.1,94.95991,94.95991,75.68131,75.68131,97.34841,97.34841
14.058029999999999,14.058029999999999,14.058029999999999,26.614711219999997,86.55,86.4192,60.249013779372405,182.8013552719961,66.15450742550198,-6.1,94.95991,94.95991,75.68131,75.68131,97.34841,97.34841
14.058029999999999,14.058029999999999,14.058029999999999,26.614711219999997,86.55,86.4192,60.249013779372405,182.8013552719961,66.15450742550198,-6.1,94.95991,94.95991,75.68131,75.68131,97.34841,97.34841
14.058029999999999,14.058029999999999,14.058029999999999,26.614711219999997,86.55,86.4192,60.249013779372405,182.8013552719961,66.15450742550198,-6.1,94.95991,94.95991,75.68131,75.68131,97.34841,97.34841
14.058029999999999,14.058029999999999,14.058029999999999,26.614711219999997,86.55,86.4192,60.249013779372405,182.8013552719961,66.15450742550198,-6.1,94.95991,94.95991,75.68131,75.68131,97.34841,97.34841
14.058029999999999,14.058029999999999,14.058029999999999,26.614711219999997,86.55,86.4192,60.249013779372405,182.8013552719961,66.15450742550198,-6.1,94.95991,94.95991,75.68131,75.68131,97.34841,97.34841
14.058029999999999,14.058029999999999,14.058029999999999,26.614711219999997,86.55,86.4192,60.249013779372405,182.8013552719961,66.15450742550198,-6.1,94.95991,94.95991,75.68131,75.68131,97.34841,97.34841
14.058029999999999,14.058029999999999,14.058029999999999,26.614711219999997,86.55,86.4192,60.249013779372405,182.8013552719961,66.15450742550198,-6.1,94.95991,94.95991,75.68131,75.68131,97.34841,97.34841
14.058029999999999,14.058029999999999,14.058029999999999,26.614711219999997,86.55,86.4192,60.249013779372405,182.8013552719961,66.15450742550198,-6.1,94.95991,94.95991,75.68131,75.68131,97.34841,97.34841
14.058029999999999,14.058029999999999,14.058029999999999,26.614711219999997,86.55,86.4192,60.249013779372405,182.8013552719961,66.15450742550198,-6.1,94.95991,94.95991,75.68131,75.68131,97.34841,97.34841
14.058029999999999,14.058029999999999,14.058029999999999,26.614711219999997,86.55,86.4192,106.30925474904238,244.86733699542881,67.07571224489539,-6.1,94.95991,94.95991,75.68131,75.68131,97.34841,97.34841
14.058029999999999,14.058029999999999,14.058029999999999,26.614711219999997,140.9375226470429,86.4192,106.30925474904238,244.86733699542881,67.07571224489539,-6.1,94.95991,94.95991,75.68131,75.68131,97.34841,97.34841
14.058029999999999,14.058029999999999,14.058029999999999,26.614711219999997,86.55,86.4192,57.81321321068475,179.5191242112067,66.10579141412822,-6.1,94.95991,94.95991,75.68131,75.68131,97.34841,97.34841
14.058029999999999,14.058029999999999,14.058029999999999,26.614711219999997,86.55,86.4192,57.81321321068475,179.5191242112067,66.10579141412822,-6.1,94.95991,94.95991,75.68131,75.68131,97.34841,97.34841
14.058029999999999,14.058029999999999,14.058029999999999,26.614711219999997,86.55,86.4192,42.30451413224963,158.97718652969678,48.37256453660813,-6.1,94.95991,94.95991,75.68131,75.68131,97.34841,97.34841
14.058029999999999,14.058029999999999,14.058029999999999,26.614711219999997,130.4014697664982,86.4192,40.091965206452144,156.0465704979355,45.8426532990281,-6.1,94.95991,94.95991,75.68131,75.68131,97.34841,97.34841
14.058029999999999,14.058029999999999,14.058029999999999,26.614711219999997,86.55,86.4192,40.091965206452144,156.0465704979355,45.8426532990281,-6.1,94.95991,94.95991,75.68131,75.68131,97.34841,97.34841
14.058029999999999,14.058029999999999,14.058029999999999,26.614711219999997,86.55,86.4192,40.091965206452144,156.0465704979355,45.8426532990281,-6.1,94.95991,94.95991,75.68131,75.68131,97.34841,97.34841
14.058029999999999,14.058029999999999,14.058029999999999,26.614711219999997,86.55,86.4192,40.091965206452144,156.0465704979355,45.8426532990281,-6.1,94.95991,94.95991,75.68131,75.68131,97.34841,97.34841
14.058029999999999,14.058029999999999,14.058029999999999,26.614711219999997,86.55,86.4192,33.826915623093946,147.62569287042064,44.67724173214725,-6.1,94.95991,94.95991,75.68131,75.68131,97.34841,97.34841
14.058029999999999,14.058029999999999,14.058029999999999,26.614711219999997,86.55,86.4192,33.826915623093946,147.74824338087473,38.67896116091137,-6.1,94.95991,94.95991,75.68131,75.68131,97.34841,97.34841
14.058029999999999,14.058029999999999,14.058029999999999,26.614711219999997,86.55,86.4192,33.826915623093946,147.62569287042064,44.67724173214725,-6.1,94.95991,94.95991,75.68131,75.68131,97.34841,97.34841
14.058029999999999,14.058029999999999,14.058029999999999,26.614711219999997,86.55,86.4192,40.091965206452144,156.0465704979355,45.8426532990281,-6.1,94.95991,94.95991,75.68131,75.68131,97.34841,97.34841
14.058029999999999,14.058029999999999,14.058029999999999,26.614711219999997,86.55,86.4192,57.81321321068475,179.90130443908558,47.39983721530631,-6.1,94.95991,94.95991,75.68131,75.68131,97.34841,97.34841
14.058029999999999,14.058029999999999,14.058029999999999,26.614711219999997,86.55,86.4192,57.81321321068475,179.90130443908558,47.39983721530631,-6.1,94.95991,94.95991,75.68131,75.68131,97.34841,97.34841
14.058029999999999,14.058029999999999,14.058029999999999,26.614711219999997,86.55,86.4192,57.81321321068475,179.90130443908558,47.39983721530631,-6.1,94.95991,94.95991,75.68131,75.68131,97.34841,97.34841
14.058029999999999,14.058029999999999,14.058029999999999,26.614711219999997,86.55,86.4192,57.81321321068475,179.90130443908558,47.39983721530631,-6.1,94.95991,94.95991,75.68131,75.68131,97.34841,97.34841
14.058029999999999,14.058029999999999,14.058029999999999,26.614711219999997,86.55,86.4192,57.81321321068475,179.90130443908558,47.39983721530631,-6.1,94.95991,94.95991,75.68131,75.68131,97.34841,97.34841
14.058029999999999,14.058029999999999,14.058029999999999,26.614711219999997,86.55,86.4192,57.81321321068475,179.90130443908558,47.39983721530631,-6.1,94.95991,94.95991,75.68131,75.68131,97.34841,97.34841
14.058029999999999,14.058029999999999,14.058029999999999,26.614711219999997,86.55,86.4192,57.81321321068475,179.90130443908558,47.39983721530631,-6.1,94.95991,94.95991,75.68131,75.68131,97.34841,97.34841
