natgas_SE,ethane_SE,natgas_demand_SE,biocorn_SE,biowood_SE,bioherb_SE,elec_SE,ethylene_SE,ethylene_demand_SE,h2_SE,co2_captured_SE,ethanol_SE,gasoline_SE,gasoline_demand_SE,jetfuel_SE,jetfuel_demand_SE,diesel_SE,diesel_demand_SE
14.058029999999999,21.98,26.614711219999997,155.0,86.55,86.4192,9.972880001280538,472.6829381022088,472.6829381022088,14.839689764163744,-6.1,90.83469445086264,94.95991,94.95991,75.68131,75.68131,97.34841,97.34841
14.058029999999999,21.98,26.614711219999997,155.0,86.55,86.4192,9.972880001280538,460.5066888148235,460.5066888148235,14.839689764163744,0.15789473684202598,90.83469445086267,94.95991,94.95991,75.68131,75.68131,97.34841,97.34841
14.058029999999999,21.98,26.614711219999997,155.0,86.55,86.4192,9.972880001280538,1216.2089342463642,1216.2089342463642,14.839689764163744,58.06537833231503,83.74047697511318,94.95991,94.95991,75.68131,75.68131,97.34841,97.34841
14.058029999999999,21.98,26.614711219999997,155.0,86.55,86.4192,9.972880001280538,460.5066888148235,460.5066888148235,14.839689764163744,41.76070417207427,70.94402731404617,94.95991,94.95991,75.68131,75.68131,97.34841,97.34841
14.058029999999999,21.98,26.614711219999997,155.0,86.55,86.4192,9.972880001280538,460.5066888148235,460.5066888148235,14.839689764163744,41.76070417207427,70.94402731404617,94.95991,94.95991,75.68131,75.68131,97.34841,97.34841
14.058029999999999,21.98,26.614711219999997,155.0,86.55,86.4192,9.972880001280538,603.8247746529565,603.8247746529565,14.839689764163744,58.06537833231503,62.21820388700391,94.95991,94.95991,75.68131,75.68131,97.34841,97.34841
14.058029999999999,21.98,26.614711219999997,155.0,86.55,86.4192,13.297953481644974,621.5605462634364,621.5605462634364,15.20537763380945,57.506521646112176,62.81165519811511,94.95991,94.95991,75.68131,75.68131,97.34841,97.34841
14.058029999999999,21.98,26.614711219999997,155.0,86.55,86.4192,0.0,460.2013776897205,460.2013776897205,14.93941856417655,57.293438682351564,61.74843374405068,94.95991,94.95991,75.68131,75.68131,97.34841,97.34841
14.058029999999999,21.98,26.614711219999997,155.0,86.55,86.4192,0.0,460.20137768972063,460.20137768972063,14.93941856417655,42.941784397215365,69.42905342079517,94.95991,94.95991,75.68131,75.68131,97.34841,97.34841
14.058029999999999,21.98,26.614711219999997,155.0,86.55,86.4192,7.989720002118818,460.44597608083643,460.44597608083643,14.859521364155361,41.33318921206506,70.99725418162157,94.95991,94.95991,75.68131,75.68131,97.34841,97.34841
14.058029999999999,21.98,26.614711219999997,155.0,86.55,86.4192,9.972880001280538,472.6829381022088,472.6829381022088,14.839689764163744,-6.1,90.83469445086264,94.95991,94.95991,75.68131,75.68131,97.34841,97.34841
14.058029999999999,21.98,26.614711219999997,155.0,86.55,86.4192,9.972880001280538,604.6097884551841,604.6097884551841,14.839689764163744,58.154685932132324,62.17040885969824,94.95991,94.95991,75.68131,75.68131,97.34841,97.34841
14.058029999999999,21.98,26.614711219999997,155.0,169.9262060605,86.4192,9.972880001280538,603.8247746529565,603.8247746529565,14.839689764163744,58.06537833231503,62.21820388700391,94.95991,94.95991,75.68131,75.68131,97.34841,97.34841
14.058029999999999,21.98,26.614711219999997,155.0,86.55,86.4192,0.0,460.20137768972063,460.20137768972063,14.93941856417655,46.408641414487974,67.57368471595524,94.95991,94.95991,75.68131,75.68131,97.34841,97.34841
14.058029999999999,21.98,26.614711219999997,155.0,169.9262060605,86.4192,0.0,1226.6122992473965,1226.6122992473965,14.93941856417655,57.293438682351564,84.62405483935342,94.95991,94.95991,75.68131,75.68131,97.34841,97.34841
14.058029999999999,21.98,26.614711219999997,155.0,86.55,86.4192,0.0,1149.9557625227637,1149.9557625227637,14.93941856417655,24.64,79.223676574892,94.95991,94.95991,75.68131,75.68131,97.34841,97.34841
14.058029999999999,21.98,26.614711219999997,155.0,86.55,86.4192,13.297953481644974,588.81292154984,588.81292154984,15.20537763380945,57.506521646112176,62.81165519811511,94.95991,94.95991,75.68131,75.68131,97.34841,97.34841
14.058029999999999,21.98,26.614711219999997,155.0,86.55,102.38468880170619,13.297953481644974,733.4042765712666,733.4042765712666,15.20537763380945,70.2304955177323,66.29646433362448,94.95991,94.95991,75.68131,75.68131,97.34841,97.34841
14.058029999999999,21.98,26.614711219999997,155.0,86.55,86.4192,13.297953481644974,622.3455600656641,622.3455600656641,15.20537763380945,57.595829245929465,62.76386017080945,94.95991,94.95991,75.68131,75.68131,97.34841,97.34841
14.058029999999999,21.98,26.614711219999997,155.0,86.55,86.4192,12.952084172065252,609.0443015435355,609.0443015435355,14.809897722455899,58.29598030731823,62.358538591624495,94.95991,94.95991,75.68131,75.68131,97.34841,97.34841
14.058029999999999,21.98,26.614711219999997,155.0,169.9262060605,86.4192,9.972880001280538,739.380587357013,739.380587357013,14.839689764163744,73.48697249986843,53.96498113952224,94.95991,94.95991,75.68131,75.68131,97.34841,97.34841
14.058029999999999,21.98,26.614711219999997,155.0,169.9262060605,86.4192,9.972880001280538,693.7915918680345,693.7915918680345,14.839689764163744,73.48697249986843,53.96498113952224,94.95991,94.95991,75.68131,75.68131,97.34841,97.34841
14.058029999999999,21.98,26.614711219999997,155.0,86.55,86.4192,9.972880001280538,460.5066888148235,460.5066888148235,14.839689764163744,44.59723152482113,69.42599410572848,94.95991,94.95991,75.68131,75.68131,97.34841,97.34841
14.058029999999999,21.98,26.614711219999997,155.0,86.55,86.4192,12.952084172065252,716.282423671139,716.282423671139,14.809897722455899,70.49599420382994,55.82941902614334,94.95991,94.95991,75.68131,75.68131,97.34841,97.34841
14.058029999999999,21.98,26.614711219999997,155.0,86.55,86.4192,13.297953481644974,622.3455600656641,622.3455600656641,15.20537763380945,57.595829245929465,62.76386017080945,94.95991,94.95991,75.68131,75.68131,97.34841,97.34841
14.058029999999999,21.98,26.614711219999997,155.0,86.55,86.4192,13.297953481644974,588.8129215498399,588.8129215498399,15.20537763380945,57.50652164611216,62.811655198115126,94.95991,94.95991,75.68131,75.68131,97.34841,97.34841
14.058029999999999,21.98,26.614711219999997,155.0,86.55,86.4192,13.297953481644974,621.5605462634364,621.5605462634364,15.20537763380945,57.50652164611216,41.753026171097304,94.95991,94.95991,75.68131,75.68131,97.34841,97.34841
14.058029999999999,21.98,26.614711219999997,155.0,86.55,105.0547448563487,13.297953481644974,733.4042765712666,733.4042765712666,15.20537763380945,70.2304955177323,68.01808149439726,94.95991,94.95991,75.68131,75.68131,97.34841,97.34841
14.058029999999999,21.98,26.614711219999997,155.0,86.55,86.4192,13.297953481644974,622.3455600656641,622.3455600656641,15.20537763380945,57.595829245929465,62.76386017080945,94.95991,94.95991,75.68131,75.68131,97.34841,97.34841
14.058029999999999,21.98,26.614711219999997,155.0,86.55,86.4192,153.6125167451914,1193.7520389916497,1193.7520389916497,18.01166889908038,-6.1,79.47059397470179,94.95991,94.95991,75.68131,75.68131,97.34841,97.34841
14.058029999999999,21.98,26.614711219999997,155.0,86.55,86.4192,153.6125167451914,488.3685541845797,488.3685541845797,18.01166889908038,-6.1,79.47059397470179,94.95991,94.95991,75.68131,75.68131,97.34841,97.34841
14.058029999999999,21.98,26.614711219999997,155.0,162.6677244843557,86.4192,0.0,467.2666800929214,467.2666800929214,12.631562503703629,34.42168887399357,73.98877956965977,94.95991,94.95991,75.68131,75.68131,97.34841,97.34841
14.058029999999999,21.98,26.614711219999997,155.0,86.55,86.4192,0.0,1146.275630063616,1146.275630063616,12.631562503703629,24.64000000000001,79.22367657489198,94.95991,94.95991,75.68131,75.68131,97.34841,97.34841
14.058029999999999,21.98,26.614711219999997,155.0,86.55,86.4192,0.0,467.26668009292143,467.26668009292143,12.631562503703629,56.306011988705365,62.27687797367627,94.95991,94.95991,75.68131,75.68131,97.34841,97.34841
14.058029999999999,21.98,26.614711219999997,155.0,86.55,86.4192,0.0,467.26668009292143,467.26668009292143,12.631562503703629,56.306011988705365,62.27687797367627,94.95991,94.95991,75.68131,75.68131,97.34841,97.34841
14.058029999999999,21.98,26.614711219999997,155.0,86.55,86.4192,0.0,467.2666800929214,467.2666800929214,12.631562503703629,24.64,79.223676574892,94.95991,94.95991,75.68131,75.68131,97.34841,97.34841
14.058029999999999,21.98,26.614711219999997,155.0,86.55,86.4192,0.0,467.2666800929214,467.2666800929214,12.631562503703629,-6.1,91.62370236636791,94.95991,94.95991,75.68131,75.68131,97.34841,97.34841
14.058029999999999,21.98,26.614711219999997,155.0,86.55,86.4192,0.0,467.2666800929214,467.2666800929214,12.631562503703629,24.64,79.223676574892,94.95991,94.95991,75.68131,75.68131,97.34841,97.34841
14.058029999999999,21.98,26.614711219999997,155.0,86.55,86.4192,0.0,467.26668009292143,467.26668009292143,12.631562503703629,56.306011988705365,62.27687797367627,94.95991,94.95991,75.68131,75.68131,97.34841,97.34841
14.058029999999999,21.98,26.614711219999997,155.0,86.55,86.4192,0.0,477.6796638602492,477.6796638602492,12.631562503703629,-6.1,91.62370236636791,94.95991,94.95991,75.68131,75.68131,97.34841,97.34841
14.058029999999999,21.98,26.614711219999997,155.0,86.55,86.4192,0.0,467.2666800929214,467.2666800929214,12.631562503703629,-6.1,91.62370236636791,94.95991,94.95991,75.68131,75.68131,97.34841,97.34841
14.058029999999999,21.98,26.614711219999997,155.0,86.55,86.4192,11.243672560157659,510.24596292877146,510.24596292877146,12.856435954906784,62.19548889790217,34.208243538713255,94.95991,94.95991,75.68131,75.68131,97.34841,97.34841
14.058029999999999,21.98,26.614711219999997,155.0,86.55,86.4192,10.951233481400921,479.95117076822527,479.95117076822527,12.52205016888962,-6.1,90.7572916705346,94.95991,94.95991,75.68131,75.68131,97.34841,97.34841
14.058029999999999,21.98,26.614711219999997,155.0,86.55,86.4192,9.972880001280538,467.5719912180245,467.5719912180245,12.531833703690822,3.2585564403463074,90.45483390300929,94.95991,94.95991,75.68131,75.68131,97.34841,97.34841
14.058029999999999,21.98,26.614711219999997,155.0,86.55,86.55000000000001,9.972880001280538,1205.359381540649,1205.359381540649,12.531833703690822,62.8765704495566,83.23539830964417,94.95991,94.95991,75.68131,75.68131,97.34841,97.34841
14.058029999999999,21.98,26.614711219999997,155.0,86.55,86.4192,9.972880001280538,467.5719912180245,467.5719912180245,12.531833703690822,55.124931763564284,63.79185186692726,94.95991,94.95991,75.68131,75.68131,97.34841,97.34841
14.058029999999999,21.98,26.614711219999997,155.0,86.55,86.4192,9.972880001280538,473.5420844816798,473.5420844816798,12.531833703690822,-1.3300039154221603,90.83469445086264,94.95991,94.95991,75.68131,75.68131,97.34841,97.34841
14.058029999999999,21.98,26.614711219999997,155.0,86.55,86.4192,9.972880001280538,479.7482405054097,479.7482405054097,12.531833703690822,-6.1,90.83469445086264,94.95991,94.95991,75.68131,75.68131,97.34841,97.34841
14.058029999999999,21.98,26.614711219999997,155.0,86.55,86.4192,9.972880001280538,496.9850876809945,496.9850876809945,12.531833703690822,62.78726284973931,59.69117819259282,94.95991,94.95991,75.68131,75.68131,97.34841,97.34841
14.058029999999999,21.98,26.614711219999997,155.0,86.55,86.4192,9.972880001280538,496.9850876809944,496.9850876809944,12.531833703690822,62.787262849739285,59.69117819259284,94.95991,94.95991,75.68131,75.68131,97.34841,97.34841
14.058029999999999,21.98,26.614711219999997,155.0,86.55,86.4192,9.972880001280538,534.9238814512245,534.9238814512245,12.531833703690822,62.78726284973931,59.69117819259282,94.95991,94.95991,75.68131,75.68131,97.34841,97.34841
14.058029999999999,21.98,26.614711219999997,155.0,86.55,86.4192,9.972880001280538,467.5719912180244,467.5719912180244,12.531833703690822,5.910857500520215,90.12990179814562,94.95991,94.95991,75.68131,75.68131,97.34841,97.34841
14.058029999999999,21.98,26.614711219999997,155.0,86.55,86.4192,9.972880001280538,535.7088952534516,535.7088952534516,12.531833703690822,62.87657044955655,59.64338316528719,94.95991,94.95991,75.68131,75.68131,97.34841,97.34841
14.058029999999999,21.98,26.614711219999997,155.0,86.55,86.4192,9.972880001280538,534.9238814512245,534.9238814512245,12.531833703690822,62.78726284973931,59.69117819259282,94.95991,94.95991,75.68131,75.68131,97.34841,97.34841
14.058029999999999,21.98,26.614711219999997,155.0,86.55,86.4192,9.972880001280538,467.5719912180244,467.5719912180244,12.531833703690822,5.910857500520239,90.12990179814562,94.95991,94.95991,75.68131,75.68131,97.34841,97.34841
14.058029999999999,21.98,26.614711219999997,155.0,86.55,86.4192,0.0,1322.2897879469558,1322.2897879469558,12.631562503703629,-6.1,91.62370236636791,94.95991,94.95991,75.68131,75.68131,97.34841,97.34841
14.058029999999999,21.98,26.614711219999997,155.0,123.20417895818899,86.4192,0.0,1322.2897879469558,1322.2897879469558,12.631562503703629,-6.1,91.62370236636791,94.95991,94.95991,75.68131,75.68131,97.34841,97.34841
14.058029999999999,21.98,26.614711219999997,155.0,86.55,86.4192,0.0,1146.2756300636163,1146.2756300636163,12.631562503703629,24.64,79.223676574892,94.95991,94.95991,75.68131,75.68131,97.34841,97.34841
14.058029999999999,21.98,26.614711219999997,155.0,86.55,86.4192,0.0,467.26668009292143,467.26668009292143,12.631562503703629,56.306011988705365,62.27687797367627,94.95991,94.95991,75.68131,75.68131,97.34841,97.34841
14.058029999999999,21.98,26.614711219999997,155.0,86.55,169.9262060605,0.0,467.2666800929214,467.2666800929214,12.631562503703629,24.64,133.06789996808303,94.95991,94.95991,75.68131,75.68131,97.34841,97.34841
14.058029999999999,21.98,26.614711219999997,155.0,86.55,86.4192,0.0,518.2365394298193,518.2365394298193,12.631562503703629,62.10463079959313,59.17361302233393,94.95991,94.95991,75.68131,75.68131,97.34841,97.34841
14.058029999999999,21.98,26.614711219999997,155.0,86.55,86.4192,0.0,467.2666800929214,467.2666800929214,12.631562503703629,56.306011988705365,62.27687797367627,94.95991,94.95991,75.68131,75.68131,97.34841,97.34841
14.058029999999999,21.98,26.614711219999997,155.0,86.55,86.4192,0.0,467.26668009292143,467.26668009292143,12.631562503703629,1.9033263116505788,91.39173329120511,94.95991,94.95991,75.68131,75.68131,97.34841,97.34841
14.058029999999999,21.98,26.614711219999997,155.0,86.55,86.4192,0.0,1214.720899674299,1214.720899674299,12.631562503703629,62.01532319977583,84.04557907798221,94.95991,94.95991,75.68131,75.68131,97.34841,97.34841
14.058029999999999,21.98,26.614711219999997,155.0,86.55,86.4192,0.0,467.2666800929214,467.2666800929214,12.631562503703629,24.64,79.223676574892,94.95991,94.95991,75.68131,75.68131,97.34841,97.34841
14.058029999999999,21.98,26.614711219999997,155.0,86.55,86.4192,11.243672560157655,547.2206669373339,547.2206669373339,12.856435954906782,62.195488897902194,60.12038200867291,94.95991,94.95991,75.68131,75.68131,97.34841,97.34841
14.058029999999999,21.98,26.614711219999997,155.0,86.55,86.4192,9.972880001280538,1130.2763591338442,1130.2763591338442,12.531833703690822,28.67737664735407,77.9458725945399,94.95991,94.95991,75.68131,75.68131,97.34841,97.34841
14.058029999999999,21.98,26.614711219999997,155.0,86.55,86.4192,9.972880001280538,497.7062473059038,497.7062473059038,12.531833703690822,62.876570449556596,59.64338316528716,94.95991,94.95991,75.68131,75.68131,97.34841,97.34841
14.058029999999999,21.98,26.614711219999997,155.0,86.55,86.4192,9.972880001280538,467.5719912180244,467.5719912180244,12.531833703690822,-6.1,90.83469445086264,94.95991,94.95991,75.68131,75.68131,97.34841,97.34841
14.058029999999999,21.98,26.614711219999997,155.0,86.55,86.4192,9.972880001280538,467.5719912180245,467.5719912180245,12.531833703690822,55.124931763564284,63.79185186692726,94.95991,94.95991,75.68131,75.68131,97.34841,97.34841
14.058029999999999,21.98,26.614711219999997,155.0,86.55,86.4192,13.297953481644974,588.8129215498399,588.8129215498399,15.20537763380945,57.50652164611216,62.811655198115126,94.95991,94.95991,75.68131,75.68131,97.34841,97.34841
14.058029999999999,21.98,26.614711219999997,155.0,86.55,86.4192,13.65305880125366,634.411021742055,634.411021742055,15.611418344650975,56.69598147258224,42.60695164226129,94.95991,94.95991,75.68131,75.68131,97.34841,97.34841
14.058029999999999,21.98,26.614711219999997,155.0,86.55,86.4192,13.65305880125366,602.394094728247,602.394094728247,15.611418344650975,56.69598147258224,40.351390353844046,94.95991,94.95991,75.68131,75.68131,97.34841,97.34841
14.058029999999999,21.98,26.614711219999997,155.0,86.55,86.4192,13.65305880125366,602.394094728247,602.394094728247,15.611418344650975,56.69598147258224,63.27687172040034,94.95991,94.95991,75.68131,75.68131,97.34841,97.34841
14.058029999999999,21.98,26.614711219999997,155.0,86.55,86.4192,13.65305880125366,603.1152543531563,603.1152543531563,15.611418344650975,56.78528907239954,63.22907669309467,94.95991,94.95991,75.68131,75.68131,97.34841,97.34841
14.058029999999999,21.98,26.614711219999997,155.0,86.55,86.4192,13.65305880125366,464.9843483646567,464.9843483646567,15.611418344650975,37.42104706833688,30.67100771077279,94.95991,94.95991,75.68131,75.68131,97.34841,97.34841
14.058029999999999,21.98,26.614711219999997,155.0,86.55,86.4192,13.65305880125366,634.411021742055,634.411021742055,15.611418344650975,56.69598147258224,63.27687172040034,94.95991,94.95991,75.68131,75.68131,97.34841,97.34841
14.058029999999999,21.98,26.614711219999997,155.0,86.55,86.4192,13.65305880125366,927.8135224506068,927.8135224506068,15.611418344650975,56.69598147258224,63.27687172040034,94.95991,94.95991,75.68131,75.68131,97.34841,97.34841
14.058029999999999,21.98,26.614711219999997,155.0,86.55,86.4192,13.65305880125366,458.14410828490185,458.14410828490185,15.611418344650975,56.53287169642199,63.36416368907208,94.95991,94.95991,75.68131,75.68131,97.34841,97.34841
14.058029999999999,21.98,26.614711219999997,155.0,86.55,86.4192,9.972880001280538,582.4771319230277,582.4771319230277,15.238628368613094,57.338455642897465,39.049873175639966,94.95991,94.95991,75.68131,75.68131,97.34841,97.34841
14.058029999999999,21.98,26.614711219999997,155.0,86.55,86.4192,9.972880001280538,581.7559722981183,581.7559722981183,15.238628368613094,57.24914804308016,62.65502840184364,94.95991,94.95991,75.68131,75.68131,97.34841,97.34841
14.058029999999999,21.98,26.614711219999997,155.0,86.55,86.4192,9.972880001280538,616.5200746511005,616.5200746511005,15.238628368613094,57.338455642897465,62.60723337453797,94.95991,94.95991,75.68131,75.68131,97.34841,97.34841
14.058029999999999,21.98,26.614711219999997,155.0,86.55,86.4192,9.972880001280538,1218.1091907906402,1218.1091907906402,15.238628368613094,57.338455642897465,83.82953191804268,94.95991,94.95991,75.68131,75.68131,97.34841,97.34841
14.058029999999999,21.98,26.614711219999997,155.0,86.55,86.4192,9.972880001280538,833.4342302325388,833.4342302325388,15.238628368613094,68.32121440560877,56.72955604327846,94.95991,94.95991,75.68131,75.68131,97.34841,97.34841
14.058029999999999,21.98,26.614711219999997,155.0,86.55,86.4192,9.972880001280538,615.7350608488729,615.7350608488729,15.238628368613094,57.24914804308016,62.65502840184364,94.95991,94.95991,75.68131,75.68131,97.34841,97.34841
14.058029999999999,21.98,26.614711219999997,155.0,86.55,86.4192,9.972880001280538,581.7559722981183,581.7559722981183,15.238628368613094,57.24914804308016,62.65502840184364,94.95991,94.95991,75.68131,75.68131,97.34841,97.34841
14.058029999999999,21.98,26.614711219999997,155.0,140.18019145406964,169.9262060605,9.972880001280538,938.3888858709024,938.3888858709024,15.238628368613094,93.95606784859008,96.85469480324072,94.95991,94.95991,75.68131,75.68131,97.34841,97.34841
14.058029999999999,21.98,26.614711219999997,155.0,86.55,86.4192,9.972880001280554,1224.3347917522906,1224.3347917522906,15.238628368613094,53.75842732515611,84.26811943520745,94.95991,94.95991,75.68131,75.68131,97.34841,97.34841
14.058029999999999,21.98,26.614711219999997,155.0,86.55,86.4192,13.65305880125366,458.14410828490185,458.14410828490185,15.611418344650975,56.78528907239955,63.22907669309466,94.95991,94.95991,75.68131,75.68131,97.34841,97.34841
14.058029999999999,21.98,26.614711219999997,155.0,86.55,124.23528146559985,263.8740650715062,1322.722220948008,1322.722220948008,20.615838470056023,70.8166023579472,86.4741628946522,94.95991,94.95991,75.68131,75.68131,97.34841,97.34841
14.058029999999999,21.98,26.614711219999997,155.0,86.55,86.4192,13.65305880125366,458.14410828490185,458.14410828490185,15.611418344650975,56.78528907239953,63.22907669309467,94.95991,94.95991,75.68131,75.68131,97.34841,97.34841
14.058029999999999,21.98,26.614711219999997,155.0,86.55,86.4192,13.297953481644974,588.8129215498399,588.8129215498399,15.20537763380945,57.50652164611216,62.811655198115126,94.95991,94.95991,75.68131,75.68131,97.34841,97.34841
14.058029999999999,21.98,26.614711219999997,155.0,86.55,86.4192,9.972880001280538,459.28537266386405,459.28537266386405,15.238628368613094,39.450548700853076,72.18036043746714,94.95991,94.95991,75.68131,75.68131,97.34841,97.34841
14.058029999999999,21.98,26.614711219999997,155.0,86.55,86.4192,9.972880001280538,581.7559722981183,581.7559722981183,15.238628368613094,57.24914804308016,62.65502840184364,94.95991,94.95991,75.68131,75.68131,97.34841,97.34841
14.058029999999999,21.98,26.614711219999997,155.0,86.55,86.4192,9.972880001280538,459.28537266386405,459.28537266386405,15.238628368613094,42.082526224928046,70.7717968002357,94.95991,94.95991,75.68131,75.68131,97.34841,97.34841
14.058029999999999,21.98,26.614711219999997,155.0,102.63535946662573,86.4192,9.972880001280538,671.1630019496528,671.1630019496528,15.238628368613094,68.32121440560877,56.72955604327846,94.95991,94.95991,75.68131,75.68131,97.34841,97.34841
14.058029999999999,21.98,26.614711219999997,155.0,86.55,86.4192,9.972880001280538,713.0585241548666,713.0585241548666,15.238628368613094,68.32121440560877,56.72955604327846,94.95991,94.95991,75.68131,75.68131,97.34841,97.34841
14.058029999999999,21.98,26.614711219999997,155.0,86.55,86.4192,9.972880001280538,615.735060848873,615.735060848873,15.238628368613094,57.249148043080176,62.65502840184364,94.95991,94.95991,75.68131,75.68131,97.34841,97.34841
14.058029999999999,21.98,26.614711219999997,155.0,169.9262060605,86.4192,9.972880001280538,459.28537266386394,459.28537266386394,15.238628368613094,47.61789004547776,67.80941884481868,94.95991,94.95991,75.68131,75.68131,97.34841,97.34841
14.058029999999999,21.98,26.614711219999997,155.0,86.55,86.4192,13.297953481644974,622.3455600656641,622.3455600656641,15.20537763380945,57.595829245929465,62.76386017080945,94.95991,94.95991,75.68131,75.68131,97.34841,97.34841
14.058029999999999,21.98,26.614711219999997,155.0,86.55,86.4192,13.297953481644974,622.3455600656641,622.3455600656641,15.20537763380945,57.595829245929465,62.76386017080945,94.95991,94.95991,75.68131,75.68131,97.34841,97.34841
14.058029999999999,21.98,26.614711219999997,155.0,86.55,86.55000000000001,13.297953481644974,459.3871669224141,459.3871669224141,15.20537763380945,57.595829245929465,62.84819829705874,94.95991,94.95991,75.68131,75.68131,97.34841,97.34841
14.058029999999999,21.98,26.614711219999997,155.0,86.55,86.4192,13.297953481644974,1211.8470710110264,1211.8470710110264,15.20537763380945,70.1487579827064,81.99708368759299,94.95991,94.95991,75.68131,75.68131,97.34841,97.34841
14.058029999999999,21.98,26.614711219999997,155.0,86.55,86.4192,6.647806520916103,575.4201826713062,575.4201826713062,15.271879103416738,57.081082039865464,62.45060657826645,94.95991,94.95991,75.68131,75.68131,97.34841,97.34841
14.058029999999999,21.98,26.614711219999997,155.0,86.55,86.4192,9.972880001280538,582.4771319230277,582.4771319230277,15.238628368613094,57.338455642897465,62.60723337453797,94.95991,94.95991,75.68131,75.68131,97.34841,97.34841
14.058029999999999,21.98,26.614711219999997,155.0,86.55,86.4192,9.972880001280538,581.7559722981183,581.7559722981183,15.238628368613094,57.24914804308016,62.65502840184364,94.95991,94.95991,75.68131,75.68131,97.34841,97.34841
14.058029999999999,21.98,26.614711219999997,155.0,86.55,86.4192,9.972880001280538,581.7559722981184,581.7559722981184,15.238628368613094,57.249148043080176,62.65502840184364,94.95991,94.95991,75.68131,75.68131,97.34841,97.34841
14.058029999999999,21.98,26.614711219999997,155.0,86.55,86.4192,9.972880001280538,616.5200746511005,616.5200746511005,15.238628368613094,57.338455642897465,62.60723337453797,94.95991,94.95991,75.68131,75.68131,97.34841,97.34841
14.058029999999999,21.98,26.614711219999997,155.0,86.55,86.4192,9.972880001280538,459.28537266386405,459.28537266386405,15.238628368613094,39.450548700853076,72.18036043746714,94.95991,94.95991,75.68131,75.68131,97.34841,97.34841
14.058029999999999,21.98,26.614711219999997,155.0,86.55,86.4192,9.972880001280538,712.8765423118377,712.8765423118377,15.238628368613094,73.48697249986843,53.96498113952224,94.95991,94.95991,75.68131,75.68131,97.34841,97.34841
14.058029999999999,21.98,26.614711219999997,155.0,86.55,86.4192,0.0,458.98006153876094,458.98006153876094,15.338357168625901,1.8593749999999774,91.41525485202142,94.95991,94.95991,75.68131,75.68131,97.34841,97.34841
14.058029999999999,21.98,26.614711219999997,155.0,86.55,86.4192,0.0,458.98006153876094,458.98006153876094,15.338357168625901,1.8593749999999774,91.41525485202142,94.95991,94.95991,75.68131,75.68131,97.34841,97.34841
14.058029999999999,21.98,26.614711219999997,155.0,86.55,152.2012203167294,32.49067138510858,1889.7244040486855,1889.7244040486855,37.151049495585255,15.435652937137322,129.44135505840532,94.95991,94.95991,75.68131,75.68131,97.34841,97.34841
14.058029999999999,21.98,26.614711219999997,155.0,86.55,86.4192,150.3279316251067,854.9372616303616,854.9372616303616,39.743305434847656,15.1048169032721,77.89931496419997,94.95991,94.95991,75.68131,75.68131,97.34841,97.34841
14.058029999999999,21.98,26.614711219999997,155.0,86.55,86.4192,60.24901377937241,1259.8621957818032,1259.8621957818032,37.94172707793297,-1.8977931196163025,86.85708041090399,94.95991,94.95991,75.68131,75.68131,97.34841,97.34841
14.058029999999999,21.98,26.614711219999997,155.0,86.55,86.4192,32.70030543330503,456.5704029793333,456.5704029793333,37.390752911011624,13.309289874688107,87.42543519707444,94.95991,94.95991,75.68131,75.68131,97.34841,97.34841
14.058029999999999,21.98,26.614711219999997,155.0,86.55,86.4192,32.70030543330503,1153.866071450627,1153.866071450627,37.390752911011624,-6.1,77.59745039664118,94.95991,94.95991,75.68131,75.68131,97.34841,97.34841
14.058029999999999,21.98,26.614711219999997,155.0,86.55,86.4192,32.70030543330503,456.5704029793333,456.5704029793333,37.390752911011624,13.219982274870816,87.4363762274215,94.95991,94.95991,75.68131,75.68131,97.34841,97.34841
14.058029999999999,21.98,26.614711219999997,155.0,86.55,136.8415607859904,32.70030543330503,464.3861667721738,464.3861667721738,37.390752911011624,-0.38900638841425905,121.54828377672568,94.95991,94.95991,75.68131,75.68131,97.34841,97.34841
14.058029999999999,21.98,26.614711219999997,155.0,86.55,86.4192,32.70030543330503,462.1417498255991,462.1417498255991,37.390752911011624,-6.1,28.86614643854397,94.95991,94.95991,75.68131,75.68131,97.34841,97.34841
14.058029999999999,21.98,26.614711219999997,155.0,86.55,86.4192,32.70030543330503,462.1417498255991,462.1417498255991,37.390752911011624,13.219982274870816,87.4363762274215,94.95991,94.95991,75.68131,75.68131,97.34841,97.34841
14.058029999999999,21.98,26.614711219999997,155.0,86.55,86.4192,32.70030543330503,456.5704029793333,456.5704029793333,37.390752911011624,13.219982274870816,87.4363762274215,94.95991,94.95991,75.68131,75.68131,97.34841,97.34841
14.058029999999999,21.98,26.614711219999997,155.0,86.55,86.4192,32.70030543330503,456.5704029793333,456.5704029793333,37.390752911011624,13.309289874688107,28.473650485844853,94.95991,94.95991,75.68131,75.68131,97.34841,97.34841
14.058029999999999,21.98,26.614711219999997,155.0,87.54360486893961,86.4192,60.24901377937241,535.8021869543093,535.8021869543093,37.94172707793297,14.42913659360127,85.10871755528196,94.95991,94.95991,75.68131,75.68131,97.34841,97.34841
14.058029999999999,21.98,26.614711219999997,155.0,86.55,86.4192,60.24901377937241,1268.1682341413377,1268.1682341413377,37.94172707793297,13.66141564507015,85.20277067296904,94.95991,94.95991,75.68131,75.68131,97.34841,97.34841
14.058029999999999,21.98,26.614711219999997,155.0,86.55,86.4192,145.41418777010136,487.183753061783,487.183753061783,39.645030557747546,-6.1,80.11920766046073,94.95991,94.95991,75.68131,75.68131,97.34841,97.34841
14.058029999999999,21.98,26.614711219999997,155.0,86.55,86.4192,107.20007407709984,1249.7413516486004,1249.7413516486004,38.88074828388752,-6.1,83.1425307310206,94.95991,94.95991,75.68131,75.68131,97.34841,97.34841
14.058029999999999,21.98,26.614711219999997,155.0,97.15011384245427,86.4192,13.297953481644974,456.5704029793333,456.5704029793333,36.60376726752907,21.05216566907142,27.72576238975053,94.95991,94.95991,75.68131,75.68131,97.34841,97.34841
14.058029999999999,21.98,26.614711219999997,155.0,86.55,86.4192,0.0,461.85148766624485,461.85148766624485,36.73674680234552,-6.1,28.29871603518362,94.95991,94.95991,75.68131,75.68131,97.34841,97.34841
14.058029999999999,21.98,26.614711219999997,155.0,86.55,86.4192,0.0,1078.962953369231,1078.962953369231,36.73674680234552,-6.1,71.77361704856878,94.95991,94.95991,75.68131,75.68131,97.34841,97.34841
14.058029999999999,21.98,26.614711219999997,155.0,86.55,86.4192,0.0,1230.740821012709,1230.740821012709,36.73674680234552,12.696001046689835,83.5439750899666,94.95991,94.95991,75.68131,75.68131,97.34841,97.34841
14.058029999999999,21.98,26.614711219999997,155.0,86.55,86.4192,0.0,456.5704029793333,456.5704029793333,36.73674680234552,21.044145116275367,29.004424033089904,94.95991,94.95991,75.68131,75.68131,97.34841,97.34841
14.058029999999999,21.98,26.614711219999997,155.0,86.55,86.4192,0.0,1231.4619806376184,1231.4619806376184,36.73674680234552,12.785308646507135,83.59478008233872,94.95991,94.95991,75.68131,75.68131,97.34841,97.34841
14.058029999999999,21.98,26.614711219999997,155.0,86.55,86.4192,0.0,456.5704029793333,456.5704029793333,36.73674680234552,12.69600104668981,29.004424033089904,94.95991,94.95991,75.68131,75.68131,97.34841,97.34841
14.058029999999999,21.98,26.614711219999997,155.0,86.55,86.4192,0.0,456.5704029793333,456.5704029793333,36.73674680234552,12.69600104668981,27.92666876857638,94.95991,94.95991,75.68131,75.68131,97.34841,97.34841
14.058029999999999,21.98,26.614711219999997,155.0,86.55,86.4192,0.0,1230.740821012709,1230.740821012709,36.73674680234552,12.69600104668981,83.54397508996658,94.95991,94.95991,75.68131,75.68131,97.34841,97.34841
14.058029999999999,21.98,26.614711219999997,155.0,86.55,86.4192,0.0,456.5704029793333,456.5704029793333,36.73674680234552,12.696001046689835,27.92666876857638,94.95991,94.95991,75.68131,75.68131,97.34841,97.34841
14.058029999999999,21.98,26.614711219999997,155.0,86.55,86.4192,32.70030543330503,450.70370795776574,450.70370795776574,37.390752911011624,13.309289874688107,28.06034754218974,94.95991,94.95991,75.68131,75.68131,97.34841,97.34841
14.058029999999999,21.98,26.614711219999997,155.0,104.87251095655833,104.87251095655833,32.70030543330503,456.5704029793333,456.5704029793333,37.390752911011624,25.819530518084044,93.38580989266967,94.95991,94.95991,75.68131,75.68131,97.34841,97.34841
14.058029999999999,21.98,26.614711219999997,155.0,86.55,86.4192,32.70030543330503,456.5704029793333,456.5704029793333,37.390752911011624,13.219982274870802,87.4363762274215,94.95991,94.95991,75.68131,75.68131,97.34841,97.34841
14.058029999999999,21.98,26.614711219999997,155.0,86.55,86.4192,13.297953481644974,1231.5319372835997,1231.5319372835997,36.60376726752907,21.05216566907142,82.321046816494,94.95991,94.95991,75.68131,75.68131,97.34841,97.34841
14.058029999999999,21.98,26.614711219999997,155.0,86.55,86.55000000000003,13.297953481644974,447.2565702225849,447.2565702225849,36.60376726752907,13.814621899502596,28.132428459244583,94.95991,94.95991,75.68131,75.68131,97.34841,97.34841
14.058029999999999,21.98,26.614711219999997,155.0,86.55,145.88277251564196,13.297953481644974,456.5704029793333,456.5704029793333,36.60376726752907,13.814621899502596,27.72576238975053,94.95991,94.95991,75.68131,75.68131,97.34841,97.34841
14.058029999999999,21.98,26.614711219999997,155.0,86.55,86.4192,13.297953481644974,456.5704029793333,456.5704029793333,36.60376726752907,21.05216566907142,28.788578895039187,94.95991,94.95991,75.68131,75.68131,97.34841,97.34841
14.058029999999999,21.98,26.614711219999997,155.0,86.55,86.4192,24.751562725546272,456.5704029793333,456.5704029793333,36.489231175090055,14.611868144654885,27.55272048816359,94.95991,94.95991,75.68131,75.68131,97.34841,97.34841
14.058029999999999,21.98,26.614711219999997,155.0,86.55,86.4192,31.849796211801564,469.9615768063029,469.9615768063029,36.418248840227506,-6.1,89.10389451596618,94.95991,94.95991,75.68131,75.68131,97.34841,97.34841
14.058029999999999,21.98,26.614711219999997,155.0,86.55,86.4192,32.70030543330503,450.70370795776574,450.70370795776574,37.390752911011624,13.309289874688107,28.06034754218974,94.95991,94.95991,75.68131,75.68131,97.34841,97.34841
14.058029999999999,21.98,26.614711219999997,155.0,86.55,86.4192,32.70030543330503,462.1417498255991,462.1417498255991,37.390752911011624,13.309289874688107,87.42543519707444,94.95991,94.95991,75.68131,75.68131,97.34841,97.34841
14.058029999999999,21.98,26.614711219999997,155.0,150.09517776500323,86.4192,32.70030543330503,456.5704029793333,456.5704029793333,37.390752911011624,13.219982274870807,87.4363762274215,94.95991,94.95991,75.68131,75.68131,97.34841,97.34841
14.058029999999999,21.98,26.614711219999997,155.0,86.55,86.4192,139.42115582643606,486.27490257597265,486.27490257597265,39.52516991887424,-6.1,80.59334849448467,94.95991,94.95991,75.68131,75.68131,97.34841,97.34841
14.058029999999999,21.98,26.614711219999997,155.0,86.55,86.4192,139.42115582643606,465.179962821326,465.179962821326,39.52516991887424,15.019357151446835,78.77267800717094,94.95991,94.95991,75.68131,75.68131,97.34841,97.34841
14.058029999999999,21.98,26.614711219999997,155.0,86.55,86.4192,9.972880001280538,456.5704029793333,456.5704029793333,36.63701800233272,13.557248296470595,27.775997824337658,94.95991,94.95991,75.68131,75.68131,97.34841,97.34841
14.058029999999999,21.98,26.614711219999997,155.0,86.55,86.4192,9.972880001280538,456.5704029793333,456.5704029793333,36.63701800233272,21.05016017796809,27.775997824337658,94.95991,94.95991,75.68131,75.68131,97.34841,97.34841
14.058029999999999,21.98,26.614711219999997,155.0,86.55,142.24091865495117,10.36631228153183,456.5704029793333,456.5704029793333,36.6330836795302,10.818515522129697,27.770053822890553,94.95991,94.95991,75.68131,75.68131,97.34841,97.34841
14.058029999999999,21.98,26.614711219999997,155.0,126.48818137677654,86.4192,13.297953481644974,461.79246845157047,461.79246845157047,36.60376726752907,-6.1,29.15646831552225,94.95991,94.95991,75.68131,75.68131,97.34841,97.34841
14.058029999999999,21.98,26.614711219999997,155.0,86.55,86.4192,9.972880001280538,461.8072258520845,461.8072258520845,36.63701800233272,-6.1,29.211478741697274,94.95991,94.95991,75.68131,75.68131,97.34841,97.34841
14.058029999999999,21.98,26.614711219999997,155.0,86.55,125.66703627602324,9.972880001280538,461.8072258520845,461.8072258520845,36.63701800233272,-6.1,28.144926889296997,94.95991,94.95991,75.68131,75.68131,97.34841,97.34841
14.058029999999999,21.98,26.614711219999997,155.0,86.55,86.4192,9.972880001280538,1082.5803986670608,1082.5803986670608,36.63701800233272,-6.1,72.94434345059155,94.95991,94.95991,75.68131,75.68131,97.34841,97.34841
14.058029999999999,21.98,26.614711219999997,155.0,86.55,86.4192,9.972880001280538,1251.9067015498306,1251.9067015498306,36.63701800233272,13.467940696653306,83.80666452620447,94.95991,94.95991,75.68131,75.68131,97.34841,97.34841
14.058029999999999,21.98,26.614711219999997,155.0,86.55,86.4192,9.972880001280538,456.5704029793333,456.5704029793333,36.63701800233272,13.467940696653306,28.84254967673794,94.95991,94.95991,75.68131,75.68131,97.34841,97.34841
14.058029999999999,21.98,26.614711219999997,155.0,86.55,86.4192,32.70030543330503,462.1417498255991,462.1417498255991,37.390752911011624,13.219982274870802,87.4363762274215,94.95991,94.95991,75.68131,75.68131,97.34841,97.34841
14.058029999999999,21.98,26.614711219999997,155.0,86.55,151.60001082990678,32.70030543330503,462.1417498255991,462.1417498255991,37.390752911011624,17.453832419581598,127.99218638058342,94.95991,94.95991,75.68131,75.68131,97.34841,97.34841
14.058029999999999,21.98,26.614711219999997,155.0,86.55,86.4192,32.70030543330503,462.1417498255991,462.1417498255991,37.390752911011624,13.219982274870802,28.86614643854397,94.95991,94.95991,75.68131,75.68131,97.34841,97.34841
14.058029999999999,21.98,26.614711219999997,155.0,86.55,86.4192,32.70030543330503,470.0905575503429,470.0905575503429,37.390752911011624,-6.1,89.03660617920785,94.95991,94.95991,75.68131,75.68131,97.34841,97.34841
14.058029999999999,21.98,26.614711219999997,155.0,86.55,86.4192,31.849796211801564,461.71013133178667,461.71013133178667,36.418248840227506,-6.1,28.849544338971167,94.95991,94.95991,75.68131,75.68131,97.34841,97.34841
14.058029999999999,21.98,26.614711219999997,155.0,86.55,86.4192,32.70030543330503,470.0905575503429,470.0905575503429,37.390752911011624,-6.1,89.03660617920785,94.95991,94.95991,75.68131,75.68131,97.34841,97.34841
14.058029999999999,21.98,26.614711219999997,155.0,86.55,86.4192,32.70030543330503,462.1417498255991,462.1417498255991,37.390752911011624,-6.1,89.03660617920785,94.95991,94.95991,75.68131,75.68131,97.34841,97.34841
14.058029999999999,21.98,26.614711219999997,155.0,86.55,86.4192,32.70030543330503,470.0905575503429,470.0905575503429,37.390752911011624,-6.1,29.42613219186976,94.95991,94.95991,75.68131,75.68131,97.34841,97.34841
14.05803,21.98,26.614711220000004,155.0,86.55,86.4192,57.813213210684765,486.27495478817934,486.27495478817934,51.25206224151092,-6.1,87.04978963121347,94.95991,94.95991,75.68131,75.68131,97.34841,97.34841
14.05803,21.98,26.614711220000004,155.0,86.55,137.48146848790992,57.813213210684765,1810.5008483179488,1810.5008483179488,51.25206224151093,-6.1,120.74072295245273,94.95991,94.95991,75.68131,75.68131,97.34841,97.34841
14.05803,21.98,26.614711220000004,155.0,86.55,86.4192,57.813213210684765,1304.7071925639646,1304.7071925639646,51.25206224151093,-6.1,87.81644125285253,94.95991,94.95991,75.68131,75.68131,97.34841,97.34841
14.05803,21.98,26.614711220000004,155.0,86.55,86.4192,57.813213210684765,1304.7071925639646,1304.7071925639646,51.25206224151093,-6.1,87.81644125285253,94.95991,94.95991,75.68131,75.68131,97.34841,97.34841
14.05803,21.98,26.614711220000004,155.0,86.55,86.4192,57.813213210684765,473.8989601499168,473.8989601499168,51.25206224151093,-6.1,87.04978963121347,94.95991,94.95991,75.68131,75.68131,97.34841,97.34841
14.05803,21.98,26.614711220000004,155.0,86.55,86.4192,57.813213210684765,1527.3505187792578,1527.3505187792578,51.25206224151093,-6.1,100.79305833633828,94.95991,94.95991,75.68131,75.68131,97.34841,97.34841
14.05803,21.98,26.614711220000004,155.0,86.55,86.4192,6.594645633083849,456.5704029793333,456.5704029793333,36.809729804688985,13.011509498530078,86.03075115200363,94.95991,94.95991,75.68131,75.68131,97.34841,97.34841
14.05803,21.98,26.614711220000004,155.0,86.55,86.4192,9.97288000128054,461.86888577259344,461.86888577259344,36.77594746100702,20.53891083035978,82.30136078082224,94.95991,94.95991,75.68131,75.68131,97.34841,97.34841
14.05803,21.98,26.614711220000004,155.0,86.55,86.4192,9.97288000128054,1315.6511357093323,1315.6511357093323,36.77594746100702,20.53891083035978,88.33782614357762,94.95991,94.95991,75.68131,75.68131,97.34841,97.34841
14.05803,21.98,26.614711220000004,155.0,86.55,86.4192,9.97288000128054,1256.978827749272,1256.978827749272,36.77594746100702,13.272997960774239,86.18988207926571,94.95991,94.95991,75.68131,75.68131,97.34841,97.34841
14.05803,21.98,26.614711220000004,155.0,86.55,86.4192,0.0,1300.6701027094434,1300.6701027094434,36.87567626101983,20.532895768667068,88.47042479745897,94.95991,94.95991,75.68131,75.68131,97.34841,97.34841
14.05803,21.98,26.614711220000004,155.0,86.55,86.4192,0.0,1301.4101037357843,1301.4101037357843,36.87567626101983,20.62453666652398,89.11634407979912,94.95991,94.95991,75.68131,75.68131,97.34841,97.34841
14.05803,21.98,26.614711220000004,155.0,86.55,86.4192,0.0,461.91314758675384,461.91314758675384,36.87567626101983,1.8593749999999734,91.41525485202142,94.95991,94.95991,75.68131,75.68131,97.34841,97.34841
14.05803,21.98,26.614711220000004,155.0,88.9627826177311,86.4192,0.0,1249.115710267124,1249.115710267124,36.87567626101983,14.148457580462415,84.8384681205856,94.95991,94.95991,75.68131,75.68131,97.34841,97.34841
14.05803,21.98,26.614711220000004,155.0,86.55,86.55,0.0,1235.8129472121507,1235.8129472121507,36.87567626101983,12.501058310810764,85.80445006256177,94.95991,94.95991,75.68131,75.68131,97.34841,97.34841
14.05803,21.98,26.614711220000004,155.0,86.55,86.4192,0.0,1300.6701027094434,1300.6701027094434,36.87567626101983,20.532895768667068,89.12757096134713,94.95991,94.95991,75.68131,75.68131,97.34841,97.34841
14.05803,21.98,26.614711220000004,155.0,86.55,86.4192,0.0,1301.4101037357843,1301.4101037357843,36.87567626101983,20.62453666652398,89.11634407979912,94.95991,94.95991,75.68131,75.68131,97.34841,97.34841
14.05803,21.98,26.614711220000004,155.0,86.55,86.4192,43.8109178982401,1323.2984829143463,1323.2984829143463,37.78817119155606,13.128851075936003,88.1575861589309,94.95991,94.95991,75.68131,75.68131,97.34841,97.34841
14.05803,21.98,26.614711220000004,155.0,86.55,86.4192,217.07562851943632,1151.66472018156,1151.66472018156,41.25346540397999,-6.1,74.44968752380241,94.95991,94.95991,75.68131,75.68131,97.34841,97.34841
14.05803,21.98,26.614711220000004,155.0,86.55,86.4192,32.85626074329256,1294.0061073531263,1294.0061073531263,37.569078048457115,12.864008886019587,87.46764789377413,94.95991,94.95991,75.68131,75.68131,97.34841,97.34841
14.05803,21.98,26.614711220000004,155.0,86.55,86.4192,32.71923935304359,1305.1521719436141,1305.1521719436141,37.41240266336715,13.176764948226975,88.25510133222289,94.95991,94.95991,75.68131,75.68131,97.34841,97.34841
14.05803,21.98,26.614711220000004,155.0,86.55,86.4192,32.65297063395865,1271.0363965442668,1271.0363965442668,37.33662853012281,17.65471916568823,85.8527538593857,94.95991,94.95991,75.68131,75.68131,97.34841,97.34841
14.05803,21.98,26.614711220000004,155.0,169.9262060605,86.4192,32.65297063395865,1287.5162768703178,1287.5162768703178,37.33662853012281,26.04772943049523,85.86860011052885,94.95991,94.95991,75.68131,75.68131,97.34841,97.34841
14.05803,21.98,26.614711220000004,155.0,86.55,86.4192,32.71923935304359,456.5704029793333,456.5704029793333,37.412402663367146,25.72825095311959,81.53788334005004,94.95991,94.95991,75.68131,75.68131,97.34841,97.34841
14.05803,21.98,26.614711220000004,155.0,86.55,86.4192,32.71923935304359,462.15135845736097,462.15135845736097,37.412402663367146,25.72825095311959,81.53788334005004,94.95991,94.95991,75.68131,75.68131,97.34841,97.34841
14.05803,21.98,26.614711220000004,155.0,86.55,86.4192,32.71923935304359,456.5704029793333,456.5704029793333,37.412402663367146,25.72825095311959,81.53788334005004,94.95991,94.95991,75.68131,75.68131,97.34841,97.34841
14.05803,21.98,26.614711220000004,155.0,86.55,86.4192,32.85626074329256,1289.4097758534604,1289.4097758534604,37.569078048457115,25.067677069557213,85.97258247700184,94.95991,94.95991,75.68131,75.68131,97.34841,97.34841
14.05803,21.98,26.614711220000004,155.0,86.55,86.4192,32.85626074329256,1329.3323930666654,1329.3323930666654,37.569078048457115,12.864008886019587,88.7850919311281,94.95991,94.95991,75.68131,75.68131,97.34841,97.34841
14.05803,21.98,26.614711220000004,155.0,86.55,86.4192,43.8109178982401,1323.2984829143463,1323.2984829143463,37.78817119155606,13.128851075936003,88.1575861589309,94.95991,94.95991,75.68131,75.68131,97.34841,97.34841
14.05803,21.98,26.614711220000004,155.0,86.55,86.4192,43.8109178982401,1323.2984829143463,1323.2984829143463,37.78817119155606,26.602482660506904,88.1575861589309,94.95991,94.95991,75.68131,75.68131,97.34841,97.34841
14.05803,21.98,26.614711220000004,155.0,86.55,86.4192,32.71923935304359,462.1513584573611,462.1513584573611,37.41240266336715,25.728250953119588,81.53788334005004,94.95991,94.95991,75.68131,75.68131,97.34841,97.34841
14.05803,21.98,26.614711220000004,155.0,86.55,86.4192,19.94576000256108,1279.17328060425,1279.17328060425,36.71249523356565,14.09614775550921,86.6322459289954,94.95991,94.95991,75.68131,75.68131,97.34841,97.34841
14.05803,21.98,26.614711220000004,155.0,86.55,86.4192,0.0,461.9292479199908,461.9292479199908,36.91195283359126,12.337528670328084,29.381949433749522,94.95991,94.95991,75.68131,75.68131,97.34841,97.34841
14.05803,21.98,26.614711220000004,155.0,86.55,86.4192,0.0,461.9292479199908,461.9292479199908,36.91195283359126,12.42683627014538,85.75983357778021,94.95991,94.95991,75.68131,75.68131,97.34841,97.34841
14.05803,21.98,26.614711220000004,155.0,86.55,86.4192,0.0,461.9292479199908,461.9292479199908,36.91195283359126,12.426836270145394,85.7598335777802,94.95991,94.95991,75.68131,75.68131,97.34841,97.34841
14.05803,21.98,26.614711220000004,155.0,86.55,86.4192,0.0,461.9292479199908,461.9292479199908,36.91195283359126,12.426836270145394,85.7598335777802,94.95991,94.95991,75.68131,75.68131,97.34841,97.34841
14.05803,21.98,26.614711220000004,155.0,96.39003549722824,86.4192,0.0,461.9292479199908,461.9292479199908,36.91195283359126,19.145413887686438,82.16423139675044,94.95991,94.95991,75.68131,75.68131,97.34841,97.34841
14.05803,21.98,26.614711220000004,155.0,101.17259778904354,86.4192,9.97288000128054,461.8849861058304,461.8849861058304,36.81222403357845,23.182790535040514,80.88642741639835,94.95991,94.95991,75.68131,75.68131,97.34841,97.34841
14.05803,21.98,26.614711220000004,155.0,91.9557080454667,86.4192,9.97288000128054,1243.1218019699966,1243.1218019699966,36.81222403357845,16.889684259968448,84.25432876936102,94.95991,94.95991,75.68131,75.68131,97.34841,97.34841
14.05803,21.98,26.614711220000004,155.0,86.55,86.4192,6.594645633083849,466.1316029152168,466.1316029152168,36.846006377260416,-6.1,91.10196465331137,94.95991,94.95991,75.68131,75.68131,97.34841,97.34841
14.05803,21.98,26.614711220000004,155.0,86.55,86.4192,32.71923935304359,462.15135845736097,462.15135845736097,37.412402663367146,50.650717166251674,68.20004920703074,94.95991,94.95991,75.68131,75.68131,97.34841,97.34841
14.05803,21.98,26.614711220000004,155.0,86.55,86.4192,60.24901377937242,1304.0548106189312,1304.0548106189312,38.906356922267435,-2.1201615218192194,87.13616396828722,94.95991,94.95991,75.68131,75.68131,97.34841,97.34841
14.05803,21.98,26.614711220000004,155.0,86.55,86.4192,163.74654668927553,489.9638772904473,489.9638772904473,40.976307580465495,-6.1,78.66883662468624,94.95991,94.95991,75.68131,75.68131,97.34841,97.34841
14.05803,21.98,26.614711220000004,155.0,86.55,86.4192,43.8109178982401,1284.5405155479734,1284.5405155479734,38.577595004644785,12.684187583058698,86.62299615262415,94.95991,94.95991,75.68131,75.68131,97.34841,97.34841
14.05803,21.98,26.614711220000004,155.0,86.55,86.4192,33.55894680156589,1338.867812271617,1338.867812271617,38.37255558271131,11.260103655206482,89.35518560966769,94.95991,94.95991,75.68131,75.68131,97.34841,97.34841
14.05803,21.98,26.614711220000004,155.0,86.55,86.4192,33.209624987741634,1182.5159409153252,1182.5159409153252,37.97312794880835,-6.1,88.99631118318659,94.95991,94.95991,75.68131,75.68131,97.34841,97.34841
14.05803,21.98,26.614711220000004,155.0,86.55,86.4192,33.209624987741634,462.40022055513043,462.40022055513043,37.97312794880835,12.05744277675756,87.53850337637512,94.95991,94.95991,75.68131,75.68131,97.34841,97.34841
14.05803,21.98,26.614711220000004,155.0,86.55,86.4192,33.55894680156589,1296.0127352234617,1296.0127352234617,38.37255558271131,11.349411255023778,87.59760725320353,94.95991,94.95991,75.68131,75.68131,97.34841,97.34841
14.05803,21.98,26.614711220000004,155.0,86.55,86.4192,43.8109178982401,1306.3234998899861,1306.3234998899861,38.577595004644785,2.825854808865074,88.15758615893091,94.95991,94.95991,75.68131,75.68131,97.34841,97.34841
14.05803,21.98,26.614711220000004,155.0,86.55,86.4192,43.8109178982401,1305.932637735661,1305.932637735661,38.577595004644785,0.38265979798840666,88.13005030128839,94.95991,94.95991,75.68131,75.68131,97.34841,97.34841
14.05803,21.98,26.614711220000004,155.0,86.55,86.4192,60.24901377937242,470.07100378033294,470.07100378033294,38.906356922267435,-1.8977931196163011,86.85708041090399,94.95991,94.95991,75.68131,75.68131,97.34841,97.34841
14.05803,21.98,26.614711220000004,155.0,86.55,86.4192,60.24901377937242,1291.6505994442387,1291.6505994442387,38.906356922267435,-1.8977931196163011,86.85708041090399,94.95991,94.95991,75.68131,75.68131,97.34841,97.34841
14.05803,21.98,26.614711220000004,155.0,86.55,86.4192,97.91296710777812,666.2863666427825,666.2863666427825,39.65963598883555,6.744081776085992,83.07041292051022,94.95991,94.95991,75.68131,75.68131,97.34841,97.34841
14.05803,21.98,26.614711220000004,155.0,86.55,86.4192,97.91296710777812,666.2863666427825,666.2863666427825,39.65963598883555,-6.1,84.64393509309153,94.95991,94.95991,75.68131,75.68131,97.34841,97.34841
14.05803,21.98,26.614711220000004,155.0,86.55,86.4192,33.558946801565895,462.5774952410794,462.5774952410794,38.372555582711314,21.68005957716907,83.7787052336093,94.95991,94.95991,75.68131,75.68131,97.34841,97.34841
14.05803,21.98,26.614711220000004,155.0,86.55,86.4192,33.558946801565895,462.5774952410794,462.5774952410794,38.372555582711314,49.80769110641283,68.72555276132074,94.95991,94.95991,75.68131,75.68131,97.34841,97.34841
14.05803,21.98,26.614711220000004,155.0,86.55,86.4192,32.71923935304359,462.1513584573611,462.1513584573611,37.41240266336715,-2.735020414645148,89.03510821547587,94.95991,94.95991,75.68131,75.68131,97.34841,97.34841
14.05803,21.98,26.614711220000004,155.0,86.55,86.4192,32.68610499350112,1073.1427621796531,1073.1427621796531,37.37451559674498,25.88799019180743,81.44946183274713,94.95991,94.95991,75.68131,75.68131,97.34841,97.34841
14.05803,21.98,26.614711220000004,155.0,86.55,86.4192,32.68610499350112,462.13454335177767,462.13454335177767,37.37451559674498,25.88799019180743,81.44946183274713,94.95991,94.95991,75.68131,75.68131,97.34841,97.34841
14.05803,21.98,26.614711220000004,155.0,86.55,86.4192,32.68610499350112,462.13454335177767,462.13454335177767,37.37451559674498,25.88799019180743,81.44946183274713,94.95991,94.95991,75.68131,75.68131,97.34841,97.34841
14.05803,21.98,26.614711220000004,155.0,86.55,86.4192,32.68610499350112,1272.153908250244,1272.153908250244,37.37451559674498,17.514098443413587,85.93094365050902,94.95991,94.95991,75.68131,75.68131,97.34841,97.34841
14.05803,21.98,26.614711220000004,155.0,86.55,86.4192,9.97288000128054,462.0483670737352,462.0483670737352,37.180346944560824,12.445594686821444,86.63268607525566,94.95991,94.95991,75.68131,75.68131,97.34841,97.34841
14.05803,21.98,26.614711220000004,155.0,96.56152003580662,86.4192,9.97288000128054,461.9857546667025,461.9857546667025,37.03927138456083,19.569899755162652,82.81994946636844,94.95991,94.95991,75.68131,75.68131,97.34841,97.34841
14.05803,21.98,26.614711220000004,155.0,86.55,86.4192,9.97288000128054,461.9857546667025,461.9857546667025,37.03927138456083,12.64492835625837,86.52600805240917,94.95991,94.95991,75.68131,75.68131,97.34841,97.34841
14.05803,21.98,26.614711220000004,155.0,86.55,86.4192,32.68610499350112,462.13454335177767,462.13454335177767,37.37451559674498,17.04597515462674,86.1814706539864,94.95991,94.95991,75.68131,75.68131,97.34841,97.34841
14.05803,21.98,26.614711220000004,155.0,86.55,86.4192,43.8109178982401,1284.5405155479734,1284.5405155479734,38.57759500464479,12.684187583058657,86.62299615262415,94.95991,94.95991,75.68131,75.68131,97.34841,97.34841
14.05803,21.98,26.614711220000004,155.0,86.55,86.4192,211.77610257237015,1156.3951595945707,1156.3951595945707,41.93689869812739,-6.1,74.86896138653051,94.95991,94.95991,75.68131,75.68131,97.34841,97.34841
14.05803,21.98,26.614711220000004,155.0,86.55,86.4192,43.8109178982401,1286.5759951527602,1286.5759951527602,38.57759500464479,11.513686185649968,86.7663937059852,94.95991,94.95991,75.68131,75.68131,97.34841,97.34841
14.05803,21.98,26.614711220000004,155.0,86.55,86.4192,32.85626074329255,462.22089440663007,462.22089440663007,37.56907804845711,16.791965142355192,86.33247374550213,94.95991,94.95991,75.68131,75.68131,97.34841,97.34841
14.05803,21.98,26.614711220000004,155.0,86.55,86.4192,32.85626074329255,462.22089440663007,462.22089440663007,37.56907804845711,32.883627223025854,77.72064865880624,94.95991,94.95991,75.68131,75.68131,97.34841,97.34841
14.05803,21.98,26.614711220000004,155.0,86.55,104.29270462527744,32.85626074329255,462.22089440663007,462.22089440663007,37.56907804845711,25.067677069557252,93.42813673196143,94.95991,94.95991,75.68131,75.68131,97.34841,97.34841
14.05803,21.98,26.614711220000004,155.0,86.55,86.4192,32.85626074329255,462.22089440663007,462.22089440663007,37.56907804845711,16.791965142355174,86.33247374550214,94.95991,94.95991,75.68131,75.68131,97.34841,97.34841
14.05803,21.98,26.614711220000004,155.0,86.55,86.4192,32.85626074329255,462.22089440663007,462.22089440663007,37.56907804845711,16.791965142355174,86.33247374550214,94.95991,94.95991,75.68131,75.68131,97.34841,97.34841
14.05803,21.98,26.614711220000004,155.0,86.55,86.4192,32.85626074329255,462.22089440663007,462.22089440663007,37.56907804845711,12.953316485836895,87.45670686342704,94.95991,94.95991,75.68131,75.68131,97.34841,97.34841
14.05803,21.98,26.614711220000004,155.0,86.55,86.4192,32.85626074329255,462.22089440663007,462.22089440663007,37.56907804845711,15.207230926962582,87.18058090829527,94.95991,94.95991,75.68131,75.68131,97.34841,97.34841
14.05803,21.98,26.614711220000004,155.0,86.55,86.4192,32.85626074329256,470.11420836024666,470.11420836024666,37.569078048457115,-6.1,89.02426771990329,94.95991,94.95991,75.68131,75.68131,97.34841,97.34841
14.05803,21.98,26.614711220000004,155.0,86.55,86.4192,33.558946801565895,462.5774952410794,462.5774952410794,38.372555582711314,13.809797313817876,87.29618656123701,94.95991,94.95991,75.68131,75.68131,97.34841,97.34841
14.05803,21.98,26.614711220000004,155.0,86.55,86.4192,33.558946801565895,462.5774952410794,462.5774952410794,38.372555582711314,21.68005957716907,83.7787052336093,94.95991,94.95991,75.68131,75.68131,97.34841,97.34841
14.05803,21.98,26.614711220000004,155.0,86.55,86.4192,32.68610499350112,462.13454335177767,462.13454335177767,37.37451559674498,17.154767363749606,86.12324798742377,94.95991,94.95991,75.68131,75.68131,97.34841,97.34841
14.05803,21.98,26.614711220000004,155.0,86.55,86.4192,32.68610499350112,462.13454335177767,462.13454335177767,37.37451559674498,34.62121301986526,76.7756756780705,94.95991,94.95991,75.68131,75.68131,97.34841,97.34841
14.05803,21.98,26.614711220000004,155.0,86.55,86.4192,32.719239353043605,1293.584537953602,1293.584537953602,37.412402663367175,13.176764948226936,87.44017279722641,94.95991,94.95991,75.68131,75.68131,97.34841,97.34841
14.05803,21.98,26.614711220000004,155.0,86.55,86.4192,32.68610499350112,1208.5407947384078,1208.5407947384078,37.37451559674498,25.88799019180743,81.44946183274713,94.95991,94.95991,75.68131,75.68131,97.34841,97.34841
14.05803,21.98,26.614711220000004,155.0,86.55,86.4192,32.68610499350112,462.13454335177767,462.13454335177767,37.37451559674498,25.88799019180743,81.44946183274713,94.95991,94.95991,75.68131,75.68131,97.34841,97.34841
14.05803,21.98,26.614711220000004,155.0,86.55,86.4192,32.71923935304359,462.1513584573611,462.1513584573611,37.41240266336715,22.52514319963566,83.25210052709734,94.95991,94.95991,75.68131,75.68131,97.34841,97.34841
14.05803,21.98,26.614711220000004,155.0,86.55,86.4192,32.85626074329255,462.22089440663007,462.22089440663007,37.56907804845711,25.06767706955726,81.9035351294871,94.95991,94.95991,75.68131,75.68131,97.34841,97.34841
14.05803,21.98,26.614711220000004,155.0,86.55,86.4192,32.85626074329255,462.22089440663007,462.22089440663007,37.56907804845711,25.067677069557266,81.90353512948708,94.95991,94.95991,75.68131,75.68131,97.34841,97.34841
14.05803,21.98,26.614711220000004,155.0,86.55,86.4192,32.85626074329255,462.22089440663007,462.22089440663007,37.56907804845711,26.31333008480099,81.23689511230204,94.95991,94.95991,75.68131,75.68131,97.34841,97.34841
14.05803,21.98,26.614711220000004,155.0,86.55,86.4192,33.55894680156589,462.5774952410794,462.5774952410794,38.37255558271131,13.80979731381792,87.29618656123701,94.95991,94.95991,75.68131,75.68131,97.34841,97.34841
14.05803,21.98,26.614711220000004,155.0,86.55,86.4192,43.8109178982401,462.66849620356965,462.66849620356965,38.57759500464479,30.549440593965205,79.93965009635518,94.95991,94.95991,75.68131,75.68131,97.34841,97.34841
14.05803,21.98,26.614711220000004,155.0,86.55,86.4192,61.08899897396826,462.8218639796832,462.8218639796832,38.923156626159354,-6.1,86.7906246862429,94.95991,94.95991,75.68131,75.68131,97.34841,97.34841
14.05803,21.98,26.614711220000004,155.0,86.55,86.4192,173.44271349475625,1190.6121398185103,1190.6121398185103,41.170230916575115,-6.1,77.90172097117377,94.95991,94.95991,75.68131,75.68131,97.34841,97.34841
14.05803,21.98,26.614711220000004,155.0,86.55,86.4192,57.813213210684765,524.219407353193,524.219407353193,38.857640910893686,11.64874774073648,85.64205085325234,94.95991,94.95991,75.68131,75.68131,97.34841,97.34841
14.05803,21.98,26.614711220000004,155.0,86.55,86.4192,57.813213210684765,1273.8424587697543,1273.8424587697543,38.857640910893686,11.64874774073648,85.64205085325234,94.95991,94.95991,75.68131,75.68131,97.34841,97.34841
14.05803,21.98,26.614711220000004,155.0,86.55,86.4192,47.086703661523586,462.69757350534513,462.69757350534513,38.64311071991046,23.575370089218644,83.96198803190129,94.95991,94.95991,75.68131,75.68131,97.34841,97.34841
14.05803,21.98,26.614711220000004,155.0,86.55,86.4192,47.086703661523586,486.21711438773576,486.21711438773576,38.64311071991046,11.566176528622561,86.50079819478547,94.95991,94.95991,75.68131,75.68131,97.34841,97.34841
14.05803,21.98,26.614711220000004,155.0,86.55,86.4192,57.813213210684765,524.219407353193,524.219407353193,38.857640910893686,11.738055340553784,85.63110982290527,94.95991,94.95991,75.68131,75.68131,97.34841,97.34841
14.05803,21.98,26.614711220000004,155.0,86.55,86.4192,57.813213210684765,524.219407353193,524.219407353193,38.857640910893686,11.146812993525833,85.70354263348963,94.95991,94.95991,75.68131,75.68131,97.34841,97.34841
14.05803,21.98,26.614711220000004,155.0,86.55,86.4192,43.8109178982401,462.66849620356965,462.66849620356965,38.57759500464479,23.116415123022367,83.91760556794105,94.95991,94.95991,75.68131,75.68131,97.34841,97.34841
14.05803,21.98,26.614711220000004,155.0,86.55,86.4192,43.8109178982401,474.6115338680124,474.6115338680124,38.57759500464479,16.004094547411807,86.21627597516132,94.95991,94.95991,75.68131,75.68131,97.34841,97.34841
14.05803,21.98,26.614711220000004,155.0,86.55,86.4192,43.8109178982401,462.66849620356965,462.66849620356965,38.57759500464479,23.116415123022367,83.91760556794105,94.95991,94.95991,75.68131,75.68131,97.34841,97.34841
14.05803,21.98,26.614711220000004,155.0,86.55,86.4192,43.8109178982401,1246.138414333325,1246.138414333325,38.57759500464479,23.116415123022367,83.91760556794105,94.95991,94.95991,75.68131,75.68131,97.34841,97.34841
14.05803,21.98,26.614711220000004,155.0,86.55,86.4192,32.58670191487373,1268.801373132312,1268.801373132312,37.26085439687848,17.935960610237526,85.69637427713909,94.95991,94.95991,75.68131,75.68131,97.34841,97.34841
14.05803,21.98,26.614711220000004,155.0,150.44398274115443,86.4192,0.0,461.91314758675384,461.91314758675384,36.87567626101983,21.870189681767705,80.70600461933897,94.95991,94.95991,75.68131,75.68131,97.34841,97.34841
14.05803,21.98,26.614711220000004,155.0,86.55,86.4192,0.0,461.91314758675384,461.91314758675384,36.87567626101983,20.624536666523962,81.37264463652403,94.95991,94.95991,75.68131,75.68131,97.34841,97.34841
14.05803,21.98,26.614711220000004,155.0,86.55,86.4192,0.0,461.91314758675384,461.91314758675384,36.87567626101983,12.501058310810768,85.72011193631249,94.95991,94.95991,75.68131,75.68131,97.34841,97.34841
14.05803,21.98,26.614711220000004,155.0,86.55,86.4192,0.0,456.5704029793333,456.5704029793333,36.87567626101983,12.501058310810768,85.72011193631249,94.95991,94.95991,75.68131,75.68131,97.34841,97.34841
14.05803,21.98,26.614711220000004,155.0,86.55,86.4192,0.0,461.91314758675384,461.91314758675384,36.87567626101983,12.411750710993484,85.76790696361816,94.95991,94.95991,75.68131,75.68131,97.34841,97.34841
14.05803,21.98,26.614711220000004,155.0,86.55,86.4192,0.0,1235.0917875872412,1235.0917875872412,36.87567626101983,12.411750710993472,85.76790696361816,94.95991,94.95991,75.68131,75.68131,97.34841,97.34841
14.05803,21.98,26.614711220000004,155.0,86.55,86.4192,0.0,461.91314758675384,461.91314758675384,36.87567626101983,28.837322622054497,76.97738230942986,94.95991,94.95991,75.68131,75.68131,97.34841,97.34841
14.05803,21.98,26.614711220000004,155.0,86.55,86.4192,0.0,461.91314758675384,461.91314758675384,36.87567626101983,12.501058310810768,85.72011193631249,94.95991,94.95991,75.68131,75.68131,97.34841,97.34841
14.05803,21.98,26.614711220000004,155.0,86.55,86.4192,0.0,456.5704029793333,456.5704029793333,36.87567626101983,17.242801273070224,83.18245853591573,94.95991,94.95991,75.68131,75.68131,97.34841,97.34841
14.05803,21.98,26.614711220000004,155.0,86.55,86.4192,0.0,465.13151699147807,465.13151699147807,36.87567626101983,-6.1,91.62370236636791,94.95991,94.95991,75.68131,75.68131,97.34841,97.34841
14.05803,21.98,26.614711220000004,155.0,86.55,86.4192,0.0,456.5704029793333,456.5704029793333,36.87567626101983,2.4710235032510472,91.08791701096243,94.95991,94.95991,75.68131,75.68131,97.34841,97.34841
14.05803,21.98,26.614711220000004,155.0,86.55,86.4192,32.71923935304359,462.1513584573611,462.1513584573611,37.41240266336715,50.73245470127758,68.15630547495809,94.95991,94.95991,75.68131,75.68131,97.34841,97.34841
14.05803,21.98,26.614711220000004,155.0,86.55,86.4192,162.82557858944375,897.5501856522463,897.5501856522463,40.53687096531685,-6.1,78.74169934043152,94.95991,94.95991,75.68131,75.68131,97.34841,97.34841
14.05803,21.98,26.614711220000004,155.0,86.55,86.4192,57.813213210684765,1293.8248329752082,1293.8248329752082,38.43662365774168,5.2271205927464175,87.04978963121347,94.95991,94.95991,75.68131,75.68131,97.34841,97.34841
14.05803,21.98,26.614711220000004,155.0,86.55,86.4192,57.813213210684765,525.508315384084,525.508315384084,38.43662365774168,10.211530689316117,85.81812361085753,94.95991,94.95991,75.68131,75.68131,97.34841,97.34841
14.05803,21.98,26.614711220000004,155.0,86.55,86.4192,57.813213210684765,1293.8248329752082,1293.8248329752082,38.43662365774168,-0.2979508419944025,87.04978963121349,94.95991,94.95991,75.68131,75.68131,97.34841,97.34841
14.05803,21.98,26.614711220000004,155.0,86.55,86.4192,57.813213210684765,525.508315384084,525.508315384084,38.43662365774168,5.2271205927464175,86.4287612524516,94.95991,94.95991,75.68131,75.68131,97.34841,97.34841
14.05803,21.98,26.614711220000004,155.0,86.55,86.4192,57.813213210684765,525.508315384084,525.508315384084,38.43662365774168,5.2271205927464175,86.4287612524516,94.95991,94.95991,75.68131,75.68131,97.34841,97.34841
14.05803,21.98,26.614711220000004,155.0,86.55,86.4192,57.813213210684765,1285.0095458985822,1285.0095458985822,38.43662365774168,5.2271205927464175,86.4287612524516,94.95991,94.95991,75.68131,75.68131,97.34841,97.34841
14.05803,21.98,26.614711220000004,155.0,86.55,86.4192,57.813213210684765,525.508315384084,525.508315384084,38.43662365774168,5.2271205927464175,86.4287612524516,94.95991,94.95991,75.68131,75.68131,97.34841,97.34841
14.05803,21.98,26.614711220000004,155.0,86.55,86.4192,57.813213210684765,525.508315384084,525.508315384084,38.43662365774168,5.2271205927464175,86.4287612524516,94.95991,94.95991,75.68131,75.68131,97.34841,97.34841
14.05803,21.98,26.614711220000004,155.0,86.55,86.4192,57.813213210684765,462.6059300485797,462.6059300485797,38.43662365774168,5.2271205927464175,86.4287612524516,94.95991,94.95991,75.68131,75.68131,97.34841,97.34841
14.05803,21.98,26.614711220000004,155.0,86.55,86.4192,71.81550852312944,476.02242503660534,476.02242503660534,38.716669563990564,-6.1,85.94199310349605,94.95991,94.95991,75.68131,75.68131,97.34841,97.34841
14.05803,21.98,26.614711220000004,155.0,86.55,86.4192,43.81091789824011,1232.0148348817247,1232.0148348817247,38.15657775149278,24.975612368658474,82.92261316747813,94.95991,94.95991,75.68131,75.68131,97.34841,97.34841
14.05803,21.98,26.614711220000004,155.0,86.55,86.4192,0.0,461.91314758675384,461.91314758675384,36.87567626101983,12.501058310810764,29.380815180972416,94.95991,94.95991,75.68131,75.68131,97.34841,97.34841
14.05803,21.98,26.614711220000004,155.0,86.55,86.4192,0.0,461.97575999378654,461.97575999378654,37.016751821019824,12.212417041556543,85.87458498646468,94.95991,94.95991,75.68131,75.68131,97.34841,97.34841
14.05803,21.98,26.614711220000004,155.0,86.55,86.4192,0.0,461.91314758675384,461.91314758675384,36.87567626101983,-6.1,91.62370236636791,94.95991,94.95991,75.68131,75.68131,97.34841,97.34841
14.05803,21.98,26.614711220000004,155.0,86.55,86.4192,9.97288000128054,462.0484929633209,462.0484929633209,37.18063059351517,21.555920243192098,81.75708467491545,94.95991,94.95991,75.68131,75.68131,97.34841,97.34841
14.05803,21.98,26.614711220000004,155.0,86.55,86.4192,9.97288000128054,1269.6526177404057,1269.6526177404057,37.18063059351517,12.445014339706724,86.6329966614348,94.95991,94.95991,75.68131,75.68131,97.34841,97.34841
14.05803,21.98,26.614711220000004,155.0,86.55,86.4192,9.97288000128054,1273.379811235815,1273.379811235815,37.18063059351517,12.906585805485214,86.38597601755309,94.95991,94.95991,75.68131,75.68131,97.34841,97.34841
14.05803,21.98,26.614711220000004,155.0,86.55,86.4192,32.321094074415385,461.9493067204307,461.9493067204307,36.95714845278382,27.647691213122553,80.47540299795314,94.95991,94.95991,75.68131,75.68131,97.34841,97.34841
14.05803,21.98,26.614711220000004,155.0,86.55,86.4192,32.84466527770448,462.21500991147633,462.21500991147633,37.55581935918963,25.123578281195154,81.87259176557924,94.95991,94.95991,75.68131,75.68131,97.34841,97.34841
14.05803,21.98,26.614711220000004,155.0,86.55,86.4192,32.85626074329256,1293.8508031404333,1293.8508031404333,37.569078048457115,12.953316485836883,87.45670686342704,94.95991,94.95991,75.68131,75.68131,97.34841,97.34841
14.05803,21.98,26.614711220000004,155.0,86.55,86.4192,33.18418871956057,462.3873120957241,462.3873120957241,37.94404316791918,23.48675122711389,82.77863536829656,94.95991,94.95991,75.68131,75.68131,97.34841,97.34841
14.05803,21.98,26.614711220000004,155.0,86.55,86.4192,57.813213210684765,525.508315384084,525.508315384084,38.43662365774168,10.428914864112286,85.7914919819896,94.95991,94.95991,75.68131,75.68131,97.34841,97.34841
14.05803,21.98,26.614711220000004,155.0,86.55,86.4192,57.813213210684765,1242.8248208871512,1242.8248208871512,38.43662365774168,-6.1,87.04978963121347,94.95991,94.95991,75.68131,75.68131,97.34841,97.34841
14.05803,21.98,26.614711220000004,155.0,86.55,86.4192,168.18505226883107,490.6369819877308,490.6369819877308,40.644060438904596,-6.1,78.31768269173669,94.95991,94.95991,75.68131,75.68131,97.34841,97.34841
14.05803,21.98,26.614711220000004,155.0,86.55,138.08300277435546,60.24901377937242,1248.930852488001,1248.930852488001,38.485339669115426,-6.1,120.16922353706005,94.95991,94.95991,75.68131,75.68131,97.34841,97.34841
14.05803,21.98,26.614711220000004,155.0,86.55,86.4192,60.24901377937242,1248.930852488001,1248.930852488001,38.485339669115426,-6.1,86.85708041090399,94.95991,94.95991,75.68131,75.68131,97.34841,97.34841
14.05803,21.98,26.614711220000004,155.0,86.55,86.4192,57.813213210684765,462.6059300485797,462.6059300485797,38.43662365774168,-6.1,87.04978963121347,94.95991,94.95991,75.68131,75.68131,97.34841,97.34841
14.05803,21.98,26.614711220000004,155.0,86.55,86.4192,57.813213210684765,1242.8248208871512,1242.8248208871512,38.43662365774168,-6.1,87.04978963121347,94.95991,94.95991,75.68131,75.68131,97.34841,97.34841
14.05803,21.98,26.614711220000004,155.0,86.55,86.4192,57.813213210684765,1293.8248329752082,1293.8248329752082,38.43662365774168,7.799199404727837,87.04978963121347,94.95991,94.95991,75.68131,75.68131,97.34841,97.34841
14.05803,21.98,26.614711220000004,155.0,86.55,86.4192,57.813213210684765,1285.0095458985822,1285.0095458985822,38.43662365774168,5.2271205927464175,86.4287612524516,94.95991,94.95991,75.68131,75.68131,97.34841,97.34841
14.05803,21.98,26.614711220000004,155.0,86.55,86.4192,57.813213210684765,525.508315384084,525.508315384084,38.43662365774168,5.2271205927464175,86.4287612524516,94.95991,94.95991,75.68131,75.68131,97.34841,97.34841
14.05803,21.98,26.614711220000004,155.0,86.55,86.4192,57.813213210684765,1274.5054668377072,1274.5054668377072,38.43662365774168,-6.1,87.04978963121347,94.95991,94.95991,75.68131,75.68131,97.34841,97.34841
14.05803,21.98,26.614711220000004,155.0,86.55,86.4192,57.813213210684765,462.6059300485797,462.6059300485797,38.43662365774168,12.696122967520694,85.51373742679738,94.95991,94.95991,75.68131,75.68131,97.34841,97.34841
14.05803,21.98,26.614711220000004,155.0,86.55,86.4192,57.813213210684765,525.508315384084,525.508315384084,38.43662365774168,5.2271205927464175,86.4287612524516,94.95991,94.95991,75.68131,75.68131,97.34841,97.34841
14.05803,21.98,26.614711220000004,155.0,86.55,86.4192,57.813213210684765,1293.8248329752082,1293.8248329752082,38.43662365774168,-0.2979508419944025,87.04978963121349,94.95991,94.95991,75.68131,75.68131,97.34841,97.34841
14.05803,21.98,26.614711220000004,155.0,86.55,86.4192,32.71923935304359,462.1513584573611,462.1513584573611,37.41240266336715,25.72825095311958,81.53788334005006,94.95991,94.95991,75.68131,75.68131,97.34841,97.34841
14.05803,21.98,26.614711220000004,155.0,86.55,86.4192,32.825948998821694,462.2055117286267,462.2055117286267,37.53441846553294,25.213808609503545,81.82264598081775,94.95991,94.95991,75.68131,75.68131,97.34841,97.34841
14.05803,21.98,26.614711220000004,155.0,86.55,86.4192,9.97288000128054,456.5704029793333,456.5704029793333,36.89695978781511,12.93609856259514,86.37018158309488,94.95991,94.95991,75.68131,75.68131,97.34841,97.34841
14.05803,21.98,26.614711220000004,155.0,86.55,86.4192,9.97288000128054,461.9225936796334,461.9225936796334,36.89695978781511,-6.1,90.83469445086264,94.95991,94.95991,75.68131,75.68131,97.34841,97.34841
14.05803,21.98,26.614711220000004,155.0,86.55,86.4192,0.0,461.96685549379373,461.96685549379373,36.99668858782792,20.09015052675125,81.65863373705362,94.95991,94.95991,75.68131,75.68131,97.34841,97.34841
14.05803,21.98,26.614711220000004,155.0,86.55,86.4192,0.0,461.96685549379373,461.96685549379373,36.99668858782792,12.16415891263167,85.90041144014167,94.95991,94.95991,75.68131,75.68131,97.34841,97.34841
14.05803,21.98,26.614711220000004,155.0,86.55,86.4192,0.0,456.5704029793333,456.5704029793333,36.895739494211725,12.460008839918332,85.74208050994119,94.95991,94.95991,75.68131,75.68131,97.34841,97.34841
14.05803,21.98,26.614711220000004,155.0,86.55,86.4192,0.0,1245.6558005014874,1245.6558005014874,36.99668858782792,12.253466512448954,85.852616412836,94.95991,94.95991,75.68131,75.68131,97.34841,97.34841
14.05803,21.98,26.614711220000004,155.0,86.55,86.4192,0.0,1203.979040340952,1203.979040340952,36.99668858782793,20.09015052675119,81.65863373705365,94.95991,94.95991,75.68131,75.68131,97.34841,97.34841
14.05803,21.98,26.614711220000004,155.0,86.55,86.4192,0.0,1239.602788431375,1239.602788431375,36.99668858782792,12.253466512448982,85.85261641283599,94.95991,94.95991,75.68131,75.68131,97.34841,97.34841
14.05803,21.98,26.614711220000004,155.0,86.55,86.4192,19.94576000256108,461.878331865473,461.878331865473,36.79723098780231,13.708038212558618,86.83995172604807,94.95991,94.95991,75.68131,75.68131,97.34841,97.34841
14.05803,21.98,26.614711220000004,155.0,86.55,86.4192,45.14011591725237,1133.6772333601382,1133.6772333601382,37.89949090617297,38.180752003865244,75.97325021099401,94.95991,94.95991,75.68131,75.68131,97.34841,97.34841
14.05803,21.98,26.614711220000004,155.0,86.55,86.4192,70.48631050411714,1261.3132720188128,1261.3132720188128,38.406414797910266,12.348572951377633,84.5536790511207,94.95991,94.95991,75.68131,75.68131,97.34841,97.34841
14.05803,21.98,26.614711220000004,155.0,86.55,86.4192,57.813213210684765,473.8989601499168,473.8989601499168,38.15295285204162,-6.1,87.04978963121347,94.95991,94.95991,75.68131,75.68131,97.34841,97.34841
14.05803,21.98,26.614711220000004,155.0,86.55,86.4192,57.813213210684765,462.5849355428168,462.5849355428168,38.15295285204162,5.2271205927464175,86.4287612524516,94.95991,94.95991,75.68131,75.68131,97.34841,97.34841
14.05803,21.98,26.614711220000004,155.0,86.55,86.4192,57.813213210684765,462.5849355428168,462.5849355428168,38.15295285204162,5.2271205927464175,86.4287612524516,94.95991,94.95991,75.68131,75.68131,97.34841,97.34841
14.05803,21.98,26.614711220000004,155.0,86.55,86.4192,60.24901377937242,470.07100378033294,470.07100378033294,38.20166886341537,-1.8977931196163011,86.85708041090399,94.95991,94.95991,75.68131,75.68131,97.34841,97.34841
14.05803,21.98,26.614711220000004,155.0,86.55,86.4192,162.51007056972196,897.3008253557571,897.3008253557571,40.24688999922236,14.768178209716663,76.97676219050162,94.95991,94.95991,75.68131,75.68131,97.34841,97.34841
14.058029999999999,21.98,26.614711219999997,155.0,86.55,86.4192,90.35741390532135,554.8811031597934,554.8811031597934,67.15495324827542,-6.1,84.47504372546075,94.95991,94.95991,75.68131,75.68131,97.34841,97.34841
14.058029999999999,21.98,26.614711219999997,155.0,86.55,86.4192,90.35741390532135,554.8811031597934,554.8811031597934,67.1549532482754,-6.1,84.47504372546075,94.95991,94.95991,75.68131,75.68131,97.34841,97.34841
14.058029999999999,21.98,26.614711219999997,155.0,86.55,86.4192,90.35741390532135,554.8811031597934,554.8811031597934,67.1549532482754,-6.1,84.47504372546075,94.95991,94.95991,75.68131,75.68131,97.34841,97.34841
14.058029999999999,21.98,26.614711219999997,155.0,86.55,86.4192,60.249013779372405,475.08449510653514,475.08449510653514,66.55278524575643,-6.1,29.330794593921116,94.95991,94.95991,75.68131,75.68131,97.34841,97.34841
14.058029999999999,21.98,26.614711219999997,155.0,86.55,86.4192,60.249013779372405,1291.6505994442387,1291.6505994442387,66.55278524575643,-6.1,86.85708041090399,94.95991,94.95991,75.68131,75.68131,97.34841,97.34841
14.058029999999999,21.98,26.614711219999997,155.0,86.55,86.4192,60.249013779372405,475.08449510653514,475.08449510653514,66.55278524575643,-6.1,86.85708041090399,94.95991,94.95991,75.68131,75.68131,97.34841,97.34841
14.058029999999999,21.98,26.614711219999997,155.0,86.55,86.4192,57.81321321068475,474.88610950574764,474.88610950574764,66.10579141412822,-6.1,87.04978963121349,94.95991,94.95991,75.68131,75.68131,97.34841,97.34841
14.058029999999999,21.98,26.614711219999997,155.0,86.55,86.4192,57.81321321068475,1293.824832975208,1293.824832975208,66.10579141412822,-6.1,87.04978963121349,94.95991,94.95991,75.68131,75.68131,97.34841,97.34841
14.058029999999999,21.98,26.614711219999997,155.0,86.55,86.4192,47.4320914899915,472.32465058377437,472.32465058377437,54.23562836659165,-6.1,87.87109573420469,94.95991,94.95991,75.68131,75.68131,97.34841,97.34841
14.058029999999999,21.98,26.614711219999997,155.0,86.55,86.4192,45.184109377923015,1305.0977677845137,1305.0977677845137,51.66520149788361,-6.1,88.04894563113602,94.95991,94.95991,75.68131,75.68131,97.34841,97.34841
14.058029999999999,21.98,26.614711219999997,155.0,86.55,86.4192,45.184109377923015,1305.0977677845137,1305.0977677845137,51.66520149788361,-6.1,88.04894563113602,94.95991,94.95991,75.68131,75.68131,97.34841,97.34841
14.058029999999999,21.98,26.614711219999997,155.0,86.55,86.4192,45.184109377923015,471.98374139893247,471.98374139893247,51.66520149788361,-6.1,88.04894563113602,94.95991,94.95991,75.68131,75.68131,97.34841,97.34841
14.058029999999999,21.98,26.614711219999997,155.0,86.55,86.4192,9.97288000128054,461.9857546667026,461.9857546667026,37.03927138456082,-6.1,90.83469445086266,94.95991,94.95991,75.68131,75.68131,97.34841,97.34841
14.058029999999999,21.98,26.614711219999997,155.0,86.55,86.4192,9.97288000128054,466.6439162109873,466.6439162109873,37.03927138456082,-6.1,90.83469445086266,94.95991,94.95991,75.68131,75.68131,97.34841,97.34841
14.058029999999999,21.98,26.614711219999997,155.0,105.54240941095254,86.4192,45.184109377923015,471.98374139893247,471.98374139893247,53.56266011923398,-6.1,88.04894563113602,94.95991,94.95991,75.68131,75.68131,97.34841,97.34841
14.058029999999999,21.98,26.614711219999997,155.0,86.55,86.4192,47.4320914899915,1982.5476797442857,1982.5476797442857,54.23562836659165,-6.1,99.87402550878575,94.95991,94.95991,75.68131,75.68131,97.34841,97.34841
14.058029999999999,21.98,26.614711219999997,155.0,86.55,86.4192,48.69870653955611,1301.9605836098706,1301.9605836098706,55.68392341228268,-6.1,87.77088703823358,94.95991,94.95991,75.68131,75.68131,97.34841,97.34841
14.058029999999999,21.98,26.614711219999997,155.0,86.55,86.4192,57.81321321068475,471.1341146580613,471.1341146580613,55.86621354570525,-3.331954198958999,87.04978963121349,94.95991,94.95991,75.68131,75.68131,97.34841,97.34841
14.058029999999999,21.98,26.614711219999997,155.0,86.55,86.4192,60.249013779372405,1291.6505994442387,1291.6505994442387,55.914929557079006,-6.1,86.85708041090399,94.95991,94.95991,75.68131,75.68131,97.34841,97.34841
14.058029999999999,21.98,26.614711219999997,155.0,86.55,86.4192,60.249013779372405,1291.6505994442387,1291.6505994442387,55.914929557079006,-6.1,86.85708041090399,94.95991,94.95991,75.68131,75.68131,97.34841,97.34841
14.058029999999999,21.98,26.614711219999997,155.0,86.55,86.4192,60.249013779372405,474.2683522290844,474.2683522290844,55.914929557079006,-6.1,86.85708041090399,94.95991,94.95991,75.68131,75.68131,97.34841,97.34841
14.058029999999999,21.98,26.614711219999997,155.0,86.55,86.4192,60.249013779372405,480.778776766802,480.778776766802,55.914929557079006,-1.8977931196162765,86.85708041090399,94.95991,94.95991,75.68131,75.68131,97.34841,97.34841
14.058029999999999,21.98,26.614711219999997,155.0,86.55,86.4192,60.249013779372405,480.778776766802,480.778776766802,55.914929557079006,-1.8977931196162938,86.85708041090399,94.95991,94.95991,75.68131,75.68131,97.34841,97.34841
14.058029999999999,21.98,26.614711219999997,155.0,86.55,86.4192,60.249013779372405,474.2683522290844,474.2683522290844,55.914929557079006,-6.1,86.85708041090399,94.95991,94.95991,75.68131,75.68131,97.34841,97.34841
14.058029999999999,21.98,26.614711219999997,155.0,86.55,86.4192,87.4420494958609,1267.37767216781,1267.37767216781,56.45879027140878,-6.1,84.70569380801977,94.95991,94.95991,75.68131,75.68131,97.34841,97.34841
14.058029999999999,21.98,26.614711219999997,155.0,86.55,86.4192,88.73970085188577,581.7166850355253,581.7166850355253,56.48474329852928,48.75605151828085,74.17347228498988,94.95991,94.95991,75.68131,75.68131,97.34841,97.34841
14.058029999999999,21.98,26.614711219999997,155.0,86.55,86.4192,88.73970085188577,581.7166850355253,581.7166850355253,56.48474329852928,-6.1,84.60302966372662,94.95991,94.95991,75.68131,75.68131,97.34841,97.34841
14.058029999999999,21.98,26.614711219999997,155.0,86.55,86.4192,60.249013779372405,470.36318299311756,470.36318299311756,55.914929557079006,-1.8977931196162765,86.85708041090399,94.95991,94.95991,75.68131,75.68131,97.34841,97.34841
14.058029999999999,21.98,26.614711219999997,155.0,86.55,86.4192,60.249013779372405,1291.6505994442387,1291.6505994442387,55.914929557079006,-6.1,86.85708041090399,94.95991,94.95991,75.68131,75.68131,97.34841,97.34841
14.058029999999999,21.98,26.614711219999997,155.0,86.55,86.4192,60.249013779372405,1291.6505994442387,1291.6505994442387,55.914929557079006,-0.49705749282171086,86.85708041090399,94.95991,94.95991,75.68131,75.68131,97.34841,97.34841
14.058029999999999,21.98,26.614711219999997,155.0,111.39192574766258,86.4192,57.81321321068475,472.1491282877276,472.1491282877276,55.86621354570525,-6.1,87.04978963121349,94.95991,94.95991,75.68131,75.68131,97.34841,97.34841
14.058029999999999,21.98,26.614711219999997,155.0,86.55,86.4192,57.81321321068475,1293.824832975208,1293.824832975208,55.86621354570525,-6.1,87.04978963121349,94.95991,94.95991,75.68131,75.68131,97.34841,97.34841
14.058029999999999,21.98,26.614711219999997,155.0,86.55,86.4192,45.184109377923015,1355.0835743610298,1355.0835743610298,51.66520149788361,-6.1,88.81559725277506,94.95991,94.95991,75.68131,75.68131,97.34841,97.34841
14.058029999999999,21.98,26.614711219999997,155.0,86.55,86.4192,32.67506020698696,1152.4459955232076,1152.4459955232076,37.361886574537586,-6.1,89.03860346418382,94.95991,94.95991,75.68131,75.68131,97.34841,97.34841
14.058029999999999,21.98,26.614711219999997,155.0,86.55,86.4192,9.97288000128054,461.9857546667026,461.9857546667026,37.03927138456082,12.734235956075665,86.4782130251035,94.95991,94.95991,75.68131,75.68131,97.34841,97.34841
14.058029999999999,21.98,26.614711219999997,155.0,86.55,86.4192,9.97288000128054,462.2296955382857,462.2296955382857,37.58890837659465,73.56871003489434,53.92123740744956,94.95991,94.95991,75.68131,75.68131,97.34841,97.34841
14.058029999999999,21.98,26.614711219999997,155.0,86.55,86.4192,9.97288000128054,461.9857546667026,461.9857546667026,37.03927138456082,12.734235956075665,86.4782130251035,94.95991,94.95991,75.68131,75.68131,97.34841,97.34841
14.058029999999999,21.98,26.614711219999997,155.0,86.55,86.4192,0.0,1200.6156814419996,1200.6156814419996,36.87567626101981,20.53289576866709,81.42168838223374,94.95991,94.95991,75.68131,75.68131,97.34841,97.34841
14.058029999999999,21.98,26.614711219999997,155.0,86.55,86.54999999999998,0.0,461.9131475867539,461.9131475867539,36.87567626101981,12.501058310810768,85.80445006256177,94.95991,94.95991,75.68131,75.68131,97.34841,97.34841
14.058029999999999,21.98,26.614711219999997,155.0,86.55,86.4192,0.0,461.9131475867539,461.9131475867539,36.87567626101981,12.501058310810768,85.72011193631249,94.95991,94.95991,75.68131,75.68131,97.34841,97.34841
14.058029999999999,21.98,26.614711219999997,155.0,86.55,86.4192,0.0,1179.1193227774713,1179.1193227774713,36.87567626101981,23.362629616042987,79.90729087541705,94.95991,94.95991,75.68131,75.68131,97.34841,97.34841
14.058029999999999,21.98,26.614711219999997,155.0,86.55,86.4192,33.547607077755515,1295.9778466520581,1295.9778466520581,38.35958931816257,11.375294566811846,87.5953334475886,94.95991,94.95991,75.68131,75.68131,97.34841,97.34841
14.058029999999999,21.98,26.614711219999997,155.0,86.55,86.4192,162.62252113848902,489.79341746685566,489.79341746685566,40.941087599377234,-6.1,78.75776430221639,94.95991,94.95991,75.68131,75.68131,97.34841,97.34841
14.058029999999999,21.98,26.614711219999997,155.0,86.55,86.4192,60.249013779372405,532.8880566218141,532.8880566218141,38.89361745219491,-1.8977931196162745,86.85708041090399,94.95991,94.95991,75.68131,75.68131,97.34841,97.34841
14.058029999999999,21.98,26.614711219999997,155.0,86.55,86.4192,57.81321321068475,1262.3565512526825,1262.3565512526825,38.844901440821154,-6.1,87.04978963121349,94.95991,94.95991,75.68131,75.68131,97.34841,97.34841
14.058029999999999,21.98,26.614711219999997,155.0,86.55,86.4192,57.81321321068475,464.81961765571043,464.81961765571043,38.844901440821154,2.989851834879754,86.7028479530736,94.95991,94.95991,75.68131,75.68131,97.34841,97.34841
14.058029999999999,21.98,26.614711219999997,155.0,86.55,86.4192,57.81321321068475,1293.824832975208,1293.824832975208,38.844901440821154,5.227120592746444,87.04978963121349,94.95991,94.95991,75.68131,75.68131,97.34841,97.34841
14.058029999999999,21.98,26.614711219999997,155.0,86.55,86.4192,57.81321321068475,462.78713262354455,462.78713262354455,38.844901440821154,5.227120592746444,86.4287612524516,94.95991,94.95991,75.68131,75.68131,97.34841,97.34841
14.058029999999999,21.98,26.614711219999997,155.0,86.55,86.4192,57.81321321068475,462.78713262354455,462.78713262354455,38.844901440821154,5.227120592746444,86.4287612524516,94.95991,94.95991,75.68131,75.68131,97.34841,97.34841
14.058029999999999,21.98,26.614711219999997,155.0,86.55,86.4192,57.81321321068475,524.2584081427398,524.2584081427398,38.844901440821154,5.227120592746444,87.04978963121349,94.95991,94.95991,75.68131,75.68131,97.34841,97.34841
14.058029999999999,21.98,26.614711219999997,155.0,86.55,86.4192,57.81321321068475,462.78713262354455,462.78713262354455,38.844901440821154,5.227120592746444,86.4287612524516,94.95991,94.95991,75.68131,75.68131,97.34841,97.34841
14.058029999999999,21.98,26.614711219999997,155.0,86.55,86.4192,60.249013779372405,470.0710037803329,470.0710037803329,38.89361745219491,-1.8977931196162745,86.85708041090399,94.95991,94.95991,75.68131,75.68131,97.34841,97.34841
14.058029999999999,21.98,26.614711219999997,155.0,86.55,86.4192,60.249013779372405,532.8880566218141,532.8880566218141,38.89361745219491,-1.8977931196162745,86.85708041090399,94.95991,94.95991,75.68131,75.68131,97.34841,97.34841
14.058029999999999,21.98,26.614711219999997,155.0,86.55,86.4192,60.249013779372405,470.0710037803329,470.0710037803329,38.89361745219491,-1.8977931196162745,28.977599018645563,94.95991,94.95991,75.68131,75.68131,97.34841,97.34841
14.058029999999999,21.98,26.614711219999997,155.0,86.55,86.4192,33.547607077755515,462.57174053038665,462.57174053038665,38.35958931816257,13.857922588446085,87.2911879036396,94.95991,94.95991,75.68131,75.68131,97.34841,97.34841
14.058029999999999,21.98,26.614711219999997,155.0,86.55,86.4192,32.719239353043584,462.1513584573611,462.1513584573611,37.412402663367146,15.15156598717393,87.19824088839933,94.95991,94.95991,75.68131,75.68131,97.34841,97.34841
14.058029999999999,21.98,26.614711219999997,155.0,86.55,86.4192,32.67506020698696,456.5704029793334,456.5704029793334,37.361886574537586,13.277605377062578,87.43131413434831,94.95991,94.95991,75.68131,75.68131,97.34841,97.34841
14.058029999999999,21.98,26.614711219999997,155.0,86.55,86.4192,32.67506020698696,462.1289383165833,462.1289383165833,37.361886574537586,13.277605377062578,28.86565364698984,94.95991,94.95991,75.68131,75.68131,97.34841,97.34841
14.058029999999999,21.98,26.614711219999997,155.0,86.55,86.4192,32.67506020698696,456.5704029793334,456.5704029793334,37.361886574537586,13.277605377062578,87.43131413434831,94.95991,94.95991,75.68131,75.68131,97.34841,97.34841
14.058029999999999,21.98,26.614711219999997,155.0,86.55,86.4192,9.97288000128054,462.04836707373533,462.04836707373533,37.180346944560824,19.05075292552905,29.22846690562578,94.95991,94.95991,75.68131,75.68131,97.34841,97.34841
14.058029999999999,21.98,26.614711219999997,155.0,86.55,86.4192,9.97288000128054,456.5704029793334,456.5704029793334,37.03927138456082,25.508972245358223,79.64151748051357,94.95991,94.95991,75.68131,75.68131,97.34841,97.34841
14.058029999999999,21.98,26.614711219999997,155.0,86.55,86.4192,9.97288000128054,461.9857546667026,461.9857546667026,37.03927138456082,22.180157492296786,29.22405592260368,94.95991,94.95991,75.68131,75.68131,97.34841,97.34841
14.058029999999999,21.98,26.614711219999997,155.0,86.55,86.4192,9.97288000128054,462.2296955382857,462.2296955382857,37.58890837659465,17.547279381628744,83.90240153293183,94.95991,94.95991,75.68131,75.68131,97.34841,97.34841
14.058029999999999,21.98,26.614711219999997,155.0,86.55,86.4192,9.97288000128054,456.5704029793334,456.5704029793334,37.03927138456082,22.180157492296786,81.4230096753946,94.95991,94.95991,75.68131,75.68131,97.34841,97.34841
14.058029999999999,21.98,26.614711219999997,155.0,86.55,86.4192,32.67506020698696,462.1289383165833,462.1289383165833,37.361886574537586,17.560972017505154,85.90488038680122,94.95991,94.95991,75.68131,75.68131,97.34841,97.34841
14.058029999999999,21.98,26.614711219999997,155.0,86.55,86.4192,57.81321321068475,473.8989601499168,473.8989601499168,53.273306855876534,-6.1,87.04978963121349,94.95991,94.95991,75.68131,75.68131,97.34841,97.34841
14.058029999999999,21.98,26.614711219999997,155.0,86.55,86.4192,60.249013779372405,1291.6505994442387,1291.6505994442387,53.32202286725028,-6.1,86.85708041090399,94.95991,94.95991,75.68131,75.68131,97.34841,97.34841
14.058029999999999,21.98,26.614711219999997,155.0,86.55,86.4192,57.81321321068475,480.08708862272715,480.08708862272715,53.273306855876534,-6.1,87.04978963121349,94.95991,94.95991,75.68131,75.68131,97.34841,97.34841
14.058029999999999,21.98,26.614711219999997,155.0,86.55,86.4192,57.81321321068475,480.08708862272715,480.08708862272715,53.273306855876534,-6.1,87.04978963121349,94.95991,94.95991,75.68131,75.68131,97.34841,97.34841
14.058029999999999,21.98,26.614711219999997,155.0,86.55,86.4192,57.81321321068475,473.8989601499168,473.8989601499168,53.273306855876534,-6.1,87.04978963121349,94.95991,94.95991,75.68131,75.68131,97.34841,97.34841
14.058029999999999,21.98,26.614711219999997,155.0,86.55,86.4192,58.970612561206785,484.1875678135566,484.1875678135566,53.29645484288698,11.845801666248208,85.52634181581841,94.95991,94.95991,75.68131,75.68131,97.34841,97.34841
14.058029999999999,21.98,26.614711219999997,155.0,86.55,86.4192,60.249013779372405,488.7167371018016,488.7167371018016,53.32202286725028,-6.1,86.85708041090399,94.95991,94.95991,75.68131,75.68131,97.34841,97.34841
14.058029999999999,21.98,26.614711219999997,155.0,86.55,86.4192,60.249013779372405,474.2683522290844,474.2683522290844,53.32202286725028,-6.1,86.85708041090399,94.95991,94.95991,75.68131,75.68131,97.34841,97.34841
14.058029999999999,21.98,26.614711219999997,155.0,86.55,86.4192,60.249013779372405,488.7167371018016,488.7167371018016,53.32202286725028,-6.1,86.85708041090399,94.95991,94.95991,75.68131,75.68131,97.34841,97.34841
14.058029999999999,21.98,26.614711219999997,155.0,86.55,86.4192,60.249013779372405,474.2683522290844,474.2683522290844,53.32202286725028,-6.1,86.85708041090399,94.95991,94.95991,75.68131,75.68131,97.34841,97.34841
14.058029999999999,21.98,26.614711219999997,155.0,86.55,86.4192,60.249013779372405,1291.6505994442387,1291.6505994442387,53.32202286725028,-6.1,86.85708041090399,94.95991,94.95991,75.68131,75.68131,97.34841,97.34841
14.058029999999999,21.98,26.614711219999997,155.0,86.55,159.1169632019933,145.4221018740495,1891.8746792119036,1891.8746792119036,55.02548462914383,-6.1,127.75979837645717,94.95991,94.95991,75.68131,75.68131,97.34841,97.34841
14.058029999999999,21.98,26.614711219999997,155.0,86.55,86.4192,60.249013779372405,1291.6505994442387,1291.6505994442387,53.32202286725028,-6.1,86.85708041090399,94.95991,94.95991,75.68131,75.68131,97.34841,97.34841
14.058029999999999,21.98,26.614711219999997,155.0,86.55,86.4192,55.377412641997104,1348.47149235208,1348.47149235208,53.22459084450278,-6.1,88.00915047316201,94.95991,94.95991,75.68131,75.68131,97.34841,97.34841
14.058029999999999,21.98,26.614711219999997,155.0,86.55,99.85652164480786,45.184109377923015,1856.0958411908216,1856.0958411908216,51.66520149788361,-6.1,97.47980619262151,94.95991,94.95991,75.68131,75.68131,97.34841,97.34841
14.058029999999999,21.98,26.614711219999997,155.0,86.55,101.96391380340039,32.20502419002921,1497.6655282502954,1497.6655282502954,44.59334615398912,-6.1,99.86546994344175,94.95991,94.95991,75.68131,75.68131,97.34841,97.34841
14.058029999999999,21.98,26.614711219999997,155.0,86.55,86.4192,9.97288000128054,1428.329674594588,1428.329674594588,37.03927138456082,31.04513638844266,90.83469445086266,94.95991,94.95991,75.68131,75.68131,97.34841,97.34841
14.058029999999999,21.98,26.614711219999997,155.0,86.55,86.4192,32.20502419002921,1290.9726660364797,1290.9726660364797,37.403967477833056,14.942666077199355,87.26451542795509,94.95991,94.95991,75.68131,75.68131,97.34841,97.34841
14.058029999999999,21.98,26.614711219999997,155.0,86.55,86.4192,45.184109377923015,468.4770610948889,468.4770610948889,51.66520149788361,-6.1,88.04894563113602,94.95991,94.95991,75.68131,75.68131,97.34841,97.34841
14.058029999999999,21.98,26.614711219999997,155.0,86.55,86.4192,45.184109377923015,471.98374139893247,471.98374139893247,51.66520149788361,-6.1,88.04894563113602,94.95991,94.95991,75.68131,75.68131,97.34841,97.34841
14.058029999999999,21.98,26.614711219999997,155.0,86.55,86.4192,45.184109377923015,1305.0977677845137,1305.0977677845137,51.66520149788361,-6.1,88.04894563113602,94.95991,94.95991,75.68131,75.68131,97.34841,97.34841
14.058029999999999,21.98,26.614711219999997,155.0,99.85652164480786,99.85652164480786,45.184109377923015,471.98374139893247,471.98374139893247,51.66520149788361,-6.1,96.71315457098245,94.95991,94.95991,75.68131,75.68131,97.34841,97.34841
14.058029999999999,21.98,26.614711219999997,155.0,86.55,86.4192,45.184109377923015,1355.0835743610298,1355.0835743610298,51.66520149788361,-6.1,88.81559725277506,94.95991,94.95991,75.68131,75.68131,97.34841,97.34841
14.058029999999999,21.98,26.614711219999997,155.0,86.55,86.4192,54.134915026912275,1307.9904988209996,1307.9904988209996,61.89988762515683,-6.1,88.10745110980584,94.95991,94.95991,75.68131,75.68131,97.34841,97.34841
14.058029999999999,21.98,26.614711219999997,155.0,86.55,86.4192,60.249013779372405,1302.532959032995,1302.532959032995,62.02216960020604,-6.1,87.62373203254303,94.95991,94.95991,75.68131,75.68131,97.34841,97.34841
14.058029999999999,21.98,26.614711219999997,155.0,86.55,86.4192,700.8038479210679,730.7637359205274,730.7637359205274,74.83326628303995,-6.1,36.94601061324712,94.95991,94.95991,75.68131,75.68131,97.34841,97.34841
14.058029999999999,21.98,26.614711219999997,155.0,86.55,86.4192,123.56782839789373,1235.1312391753477,1235.1312391753477,63.28854589257647,0.15789473684222066,81.84759008032654,94.95991,94.95991,75.68131,75.68131,97.34841,97.34841
14.058029999999999,21.98,26.614711219999997,155.0,86.55,86.4192,60.249013779372405,1291.6505994442387,1291.6505994442387,62.02216960020604,-6.1,86.85708041090399,94.95991,94.95991,75.68131,75.68131,97.34841,97.34841
14.058029999999999,21.98,26.614711219999997,155.0,86.55,86.4192,60.249013779372405,1291.6505994442387,1291.6505994442387,62.02216960020604,-6.1,86.85708041090399,94.95991,94.95991,75.68131,75.68131,97.34841,97.34841
14.058029999999999,21.98,26.614711219999997,155.0,86.55,86.4192,60.249013779372405,1291.6505994442387,1291.6505994442387,62.02216960020604,-6.1,86.85708041090399,94.95991,94.95991,75.68131,75.68131,97.34841,97.34841
14.058029999999999,21.98,26.614711219999997,155.0,86.55,86.4192,60.249013779372405,1302.532959032995,1302.532959032995,62.02216960020604,-6.1,87.62373203254303,94.95991,94.95991,75.68131,75.68131,97.34841,97.34841
14.058029999999999,21.98,26.614711219999997,155.0,86.55,129.63559870152997,60.249013779372405,462.08198778907524,462.08198778907524,62.02216960020604,-6.1,114.7224480693797,94.95991,94.95991,75.68131,75.68131,97.34841,97.34841
14.058029999999999,21.98,26.614711219999997,155.0,86.55,86.4192,60.249013779372405,1302.532959032995,1302.532959032995,62.02216960020604,-6.1,87.62373203254303,94.95991,94.95991,75.68131,75.68131,97.34841,97.34841
14.058029999999999,21.98,26.614711219999997,155.0,86.55,86.4192,60.249013779372405,1302.532959032995,1302.532959032995,62.02216960020604,-6.1,87.62373203254303,94.95991,94.95991,75.68131,75.68131,97.34841,97.34841
14.058029999999999,21.98,26.614711219999997,155.0,86.55,86.4192,60.249013779372405,1302.532959032995,1302.532959032995,62.02216960020604,-6.1,87.62373203254303,94.95991,94.95991,75.68131,75.68131,97.34841,97.34841
14.058029999999999,21.98,26.614711219999997,155.0,86.55,86.4192,60.249013779372405,2374.916725160235,2374.916725160235,62.02216960020604,-6.1,101.00869791212058,94.95991,94.95991,75.68131,75.68131,97.34841,97.34841
14.058029999999999,21.98,26.614711219999997,155.0,86.55,86.4192,57.81321321068475,1293.824832975208,1293.824832975208,61.973453588832285,-6.1,87.04978963121349,94.95991,94.95991,75.68131,75.68131,97.34841,97.34841
14.058029999999999,21.98,26.614711219999997,155.0,86.55,86.4192,57.81321321068475,1293.824832975208,1293.824832975208,61.973453588832285,-6.1,87.04978963121349,94.95991,94.95991,75.68131,75.68131,97.34841,97.34841
14.058029999999999,21.98,26.614711219999997,155.0,86.55,86.4192,57.81321321068475,473.8989601499168,473.8989601499168,61.973453588832285,-6.1,87.04978963121349,94.95991,94.95991,75.68131,75.68131,97.34841,97.34841
14.058029999999999,21.98,26.614711219999997,155.0,86.55,86.4192,45.184109377923015,1305.0977677845137,1305.0977677845137,51.66520149788361,-6.1,88.04894563113602,94.95991,94.95991,75.68131,75.68131,97.34841,97.34841
14.058029999999999,21.98,26.614711219999997,155.0,86.55,86.4192,45.184109377923015,471.98374139893247,471.98374139893247,51.66520149788361,-6.1,88.04894563113602,94.95991,94.95991,75.68131,75.68131,97.34841,97.34841
14.058029999999999,21.98,26.614711219999997,155.0,86.55,86.4192,45.184109377923015,1315.9801273732699,1315.9801273732699,51.66520149788361,-6.1,88.81559725277506,94.95991,94.95991,75.68131,75.68131,97.34841,97.34841
14.058029999999999,21.98,26.614711219999997,155.0,86.55,86.4192,45.184109377923015,1315.9801273732699,1315.9801273732699,51.66520149788361,-6.1,88.81559725277506,94.95991,94.95991,75.68131,75.68131,97.34841,97.34841
14.058029999999999,21.98,26.614711219999997,155.0,86.55,86.4192,45.184109377923015,1315.9801273732699,1315.9801273732699,51.66520149788361,-6.1,88.81559725277506,94.95991,94.95991,75.68131,75.68131,97.34841,97.34841
14.058029999999999,21.98,26.614711219999997,155.0,86.55,86.4192,15.54764081836295,1199.249066928798,1199.249066928798,37.13071976100424,2.6580393895598453,90.0873537865565,94.95991,94.95991,75.68131,75.68131,97.34841,97.34841
14.058029999999999,21.98,26.614711219999997,155.0,86.55,86.4192,9.97288000128054,1264.5043970801216,1264.5043970801216,37.03927138456082,12.644928356258408,86.52600805240914,94.95991,94.95991,75.68131,75.68131,97.34841,97.34841
14.058029999999999,21.98,26.614711219999997,155.0,86.55,86.4192,45.184109377923015,1315.9801273732699,1315.9801273732699,51.66520149788361,-6.1,88.81559725277506,94.95991,94.95991,75.68131,75.68131,97.34841,97.34841
14.058029999999999,21.98,26.614711219999997,155.0,86.55,86.4192,45.184109377923015,1305.0977677845137,1305.0977677845137,51.66520149788361,-6.1,88.04894563113602,94.95991,94.95991,75.68131,75.68131,97.34841,97.34841
14.058029999999999,21.98,26.614711219999997,155.0,86.55,86.4192,60.249013779372405,1302.532959032995,1302.532959032995,53.32202286725028,-6.1,87.62373203254303,94.95991,94.95991,75.68131,75.68131,97.34841,97.34841
14.058029999999999,21.98,26.614711219999997,155.0,86.55,86.4192,60.249013779372405,1291.6505994442387,1291.6505994442387,53.32202286725028,-6.1,86.85708041090399,94.95991,94.95991,75.68131,75.68131,97.34841,97.34841
14.058029999999999,21.98,26.614711219999997,155.0,86.55,86.4192,60.249013779372405,1302.532959032995,1302.532959032995,53.32202286725028,-6.1,87.62373203254303,94.95991,94.95991,75.68131,75.68131,97.34841,97.34841
14.058029999999999,21.98,26.614711219999997,155.0,86.55,86.4192,60.249013779372405,1291.6505994442387,1291.6505994442387,53.32202286725028,-6.1,86.85708041090399,94.95991,94.95991,75.68131,75.68131,97.34841,97.34841
14.058029999999999,21.98,26.614711219999997,155.0,86.55,138.08300277435546,60.249013779372405,1775.387525486421,1775.387525486421,53.32202286725028,-6.1,120.93587515869915,94.95991,94.95991,75.68131,75.68131,97.34841,97.34841
14.058029999999999,21.98,26.614711219999997,155.0,86.55,86.4192,57.81321321068475,1335.4925823157178,1335.4925823157178,53.273306855876534,9.875636640370283,87.04978963121349,94.95991,94.95991,75.68131,75.68131,97.34841,97.34841
14.058029999999999,21.98,26.614711219999997,155.0,86.55,86.4192,60.249013779372405,1460.6055186763388,1460.6055186763388,53.32202286725028,-1.8977931196162765,98.75978972286372,94.95991,94.95991,75.68131,75.68131,97.34841,97.34841
14.058029999999999,21.98,26.614711219999997,155.0,86.55,138.08300277435546,60.249013779372405,1775.387525486421,1775.387525486421,53.32202286725028,-6.1,120.93587515869915,94.95991,94.95991,75.68131,75.68131,97.34841,97.34841
14.058029999999999,21.98,26.614711219999997,155.0,86.55,86.4192,60.249013779372405,1302.532959032995,1302.532959032995,53.32202286725028,-6.1,87.62373203254303,94.95991,94.95991,75.68131,75.68131,97.34841,97.34841
14.058029999999999,21.98,26.614711219999997,155.0,86.55,86.4192,60.249013779372405,488.7167371018016,488.7167371018016,53.32202286725028,-6.1,86.85708041090399,94.95991,94.95991,75.68131,75.68131,97.34841,97.34841
14.058029999999999,21.98,26.614711219999997,155.0,86.55,86.4192,60.249013779372405,474.2683522290844,474.2683522290844,53.32202286725028,-6.1,86.85708041090399,94.95991,94.95991,75.68131,75.68131,97.34841,97.34841
14.058029999999999,21.98,26.614711219999997,155.0,86.55,86.4192,136.83629894982093,760.0531336376158,760.0531336376158,54.853768570659255,65.85417980039034,69.28096886419912,94.95991,94.95991,75.68131,75.68131,97.34841,97.34841
14.058029999999999,21.98,26.614711219999997,155.0,86.55,86.4192,60.249013779372405,1291.6505994442387,1291.6505994442387,53.32202286725028,-6.1,86.85708041090399,94.95991,94.95991,75.68131,75.68131,97.34841,97.34841
14.058029999999999,21.98,26.614711219999997,155.0,86.55,86.4192,57.81321321068475,1304.7071925639643,1304.7071925639643,53.273306855876534,-6.1,87.81644125285253,94.95991,94.95991,75.68131,75.68131,97.34841,97.34841
14.058029999999999,21.98,26.614711219999997,155.0,86.55,99.85652164480786,45.184109377923015,471.98374139893247,471.98374139893247,51.66520149788361,-6.1,96.71315457098245,94.95991,94.95991,75.68131,75.68131,97.34841,97.34841
14.058029999999999,21.98,26.614711219999997,155.0,86.55,86.4192,34.73284470140141,470.39879456936814,470.39879456936814,48.90769689054897,-6.1,88.87580111879429,94.95991,94.95991,75.68131,75.68131,97.34841,97.34841
14.058029999999999,21.98,26.614711219999997,155.0,86.55,86.4192,9.97288000128054,1350.4065101139852,1350.4065101139852,37.03927138456082,22.180157492296775,90.70069133660664,94.95991,94.95991,75.68131,75.68131,97.34841,97.34841
14.058029999999999,21.98,26.614711219999997,155.0,86.55,86.4192,15.80560223081046,462.02821952431475,462.02821952431475,37.13495136001403,12.870611850981774,86.92159478365814,94.95991,94.95991,75.68131,75.68131,97.34841,97.34841
14.058029999999999,21.98,26.614711219999997,155.0,86.55,86.4192,45.184109377923015,471.98374139893247,471.98374139893247,51.66520149788361,-6.1,88.04894563113602,94.95991,94.95991,75.68131,75.68131,97.34841,97.34841
14.058029999999999,21.98,26.614711219999997,155.0,86.55,86.4192,45.184109377923015,468.4770610948889,468.4770610948889,51.66520149788361,-6.1,88.04894563113602,94.95991,94.95991,75.68131,75.68131,97.34841,97.34841
14.058029999999999,21.98,26.614711219999997,155.0,86.55,86.4192,45.184109377923015,471.98374139893247,471.98374139893247,51.66520149788361,-6.1,88.04894563113602,94.95991,94.95991,75.68131,75.68131,97.34841,97.34841
14.058029999999999,21.98,26.614711219999997,155.0,86.55,86.4192,45.184109377923015,1305.0977677845137,1305.0977677845137,51.66520149788361,-6.1,88.04894563113602,94.95991,94.95991,75.68131,75.68131,97.34841,97.34841
14.058029999999999,21.98,26.614711219999997,155.0,86.55,86.4192,57.81321321068475,473.8989601499168,473.8989601499168,66.10579141412822,-6.1,87.04978963121349,94.95991,94.95991,75.68131,75.68131,97.34841,97.34841
14.058029999999999,21.98,26.614711219999997,155.0,86.55,86.4192,57.81321321068475,474.88610950574764,474.88610950574764,66.10579141412822,-6.1,87.04978963121349,94.95991,94.95991,75.68131,75.68131,97.34841,97.34841
14.058029999999999,21.98,26.614711219999997,155.0,86.55,86.4192,60.249013779372405,474.2683522290844,474.2683522290844,66.15450742550196,-6.1,86.85708041090399,94.95991,94.95991,75.68131,75.68131,97.34841,97.34841
14.058029999999999,21.98,26.614711219999997,155.0,86.55,86.4192,60.249013779372405,1291.6505994442387,1291.6505994442387,66.15450742550196,-6.1,86.85708041090399,94.95991,94.95991,75.68131,75.68131,97.34841,97.34841
14.058029999999999,21.98,26.614711219999997,155.0,86.55,86.4192,60.249013779372405,474.2683522290844,474.2683522290844,66.15450742550196,-6.1,29.273298124025636,94.95991,94.95991,75.68131,75.68131,97.34841,97.34841
14.058029999999999,21.98,26.614711219999997,155.0,86.55,86.4192,60.249013779372405,456.5704029793334,456.5704029793334,66.15450742550196,-6.1,86.85708041090399,94.95991,94.95991,75.68131,75.68131,97.34841,97.34841
14.058029999999999,21.98,26.614711219999997,155.0,86.55,86.4192,60.249013779372405,474.2683522290844,474.2683522290844,66.15450742550196,-6.1,86.85708041090399,94.95991,94.95991,75.68131,75.68131,97.34841,97.34841
14.058029999999999,21.98,26.614711219999997,155.0,86.55,86.4192,60.249013779372405,474.2683522290844,474.2683522290844,66.15450742550196,-6.1,86.85708041090399,94.95991,94.95991,75.68131,75.68131,97.34841,97.34841
14.058029999999999,21.98,26.614711219999997,155.0,86.55,86.4192,60.249013779372405,474.2683522290844,474.2683522290844,66.15450742550196,-6.1,86.85708041090399,94.95991,94.95991,75.68131,75.68131,97.34841,97.34841
14.058029999999999,21.98,26.614711219999997,155.0,86.55,86.4192,60.249013779372405,474.9077307329336,474.9077307329336,66.15450742550196,23.01214220336253,84.05721773849514,94.95991,94.95991,75.68131,75.68131,97.34841,97.34841
14.058029999999999,21.98,26.614711219999997,155.0,86.55,86.4192,60.249013779372405,474.2683522290844,474.2683522290844,66.15450742550196,-6.1,86.85708041090399,94.95991,94.95991,75.68131,75.68131,97.34841,97.34841
14.058029999999999,21.98,26.614711219999997,155.0,86.55,86.4192,60.249013779372405,1291.6505994442387,1291.6505994442387,66.15450742550196,-6.1,86.85708041090399,94.95991,94.95991,75.68131,75.68131,97.34841,97.34841
14.058029999999999,21.98,26.614711219999997,155.0,86.55,86.4192,60.249013779372405,474.9077307329336,474.9077307329336,66.15450742550196,-6.1,86.85708041090399,94.95991,94.95991,75.68131,75.68131,97.34841,97.34841
14.058029999999999,21.98,26.614711219999997,155.0,86.55,86.4192,106.54975961356429,613.4672651222596,613.4672651222596,67.0805223421858,-6.1,83.19398058895845,94.95991,94.95991,75.68131,75.68131,97.34841,97.34841
14.058029999999999,21.98,26.614711219999997,155.0,86.55,86.4192,106.54975961356429,613.4672651222596,613.4672651222596,67.0805223421858,-6.1,83.19398058895845,94.95991,94.95991,75.68131,75.68131,97.34841,97.34841
14.058029999999999,21.98,26.614711219999997,155.0,86.55,86.4192,57.81321321068475,474.88610950574764,474.88610950574764,66.10579141412822,-6.1,87.04978963121349,94.95991,94.95991,75.68131,75.68131,97.34841,97.34841
14.058029999999999,21.98,26.614711219999997,155.0,86.55,86.4192,57.81321321068475,474.88610950574764,474.88610950574764,66.10579141412822,-6.1,87.04978963121349,94.95991,94.95991,75.68131,75.68131,97.34841,97.34841
14.058029999999999,21.98,26.614711219999997,155.0,86.55,115.79770949713688,45.184109377923015,468.4770610948889,468.4770610948889,51.66520149788361,-6.1,106.99182363560881,94.95991,94.95991,75.68131,75.68131,97.34841,97.34841
14.058029999999999,21.98,26.614711219999997,155.0,86.55,86.4192,40.03292756096208,1309.6957929161813,1309.6957929161813,45.77514744592622,-3.5169813344886793,88.45648319573792,94.95991,94.95991,75.68131,75.68131,97.34841,97.34841
14.058029999999999,21.98,26.614711219999997,155.0,86.55,86.4192,40.03292756096208,1320.5781525049376,1320.5781525049376,45.77514744592622,-6.1,89.22313481737697,94.95991,94.95991,75.68131,75.68131,97.34841,97.34841
14.058029999999999,21.98,26.614711219999997,155.0,86.55,86.4192,40.03292756096208,1320.5781525049376,1320.5781525049376,45.77514744592622,-6.1,89.22313481737697,94.95991,94.95991,75.68131,75.68131,97.34841,97.34841
14.058029999999999,21.98,26.614711219999997,155.0,86.55,86.4192,40.03292756096208,1320.5781525049376,1320.5781525049376,45.77514744592622,-6.1,89.22313481737697,94.95991,94.95991,75.68131,75.68131,97.34841,97.34841
14.058029999999999,21.98,26.614711219999997,155.0,86.55,86.4192,32.96544661701959,1316.0043364994872,1316.0043364994872,44.63268052487005,-6.1,89.01562944102888,94.95991,94.95991,75.68131,75.68131,97.34841,97.34841
14.058029999999999,21.98,26.614711219999997,155.0,86.55,86.4192,32.96544661701959,1326.886696088244,1326.886696088244,40.55774426837901,-6.1,89.78228106266793,94.95991,94.95991,75.68131,75.68131,97.34841,97.34841
14.058029999999999,21.98,26.614711219999997,155.0,86.55,86.4192,32.96544661701959,1380.4433417237776,1380.4433417237776,42.118376855766904,-6.1,91.87297348449155,94.95991,94.95991,75.68131,75.68131,97.34841,97.34841
14.058029999999999,21.98,26.614711219999997,155.0,86.55,86.4192,40.03292756096208,1309.6957929161813,1309.6957929161813,45.77514744592622,-6.1,88.45648319573792,94.95991,94.95991,75.68131,75.68131,97.34841,97.34841
14.058029999999999,21.98,26.614711219999997,155.0,86.55,86.4192,57.81321321068475,1304.7071925639643,1304.7071925639643,47.33174098574954,-6.1,87.81644125285253,94.95991,94.95991,75.68131,75.68131,97.34841,97.34841
14.058029999999999,21.98,26.614711219999997,155.0,86.55,86.4192,57.81321321068475,1293.824832975208,1293.824832975208,47.33174098574954,-6.1,87.04978963121349,94.95991,94.95991,75.68131,75.68131,97.34841,97.34841
14.058029999999999,21.98,26.614711219999997,155.0,86.55,86.4192,57.81321321068475,498.27668040012,498.27668040012,47.33174098574954,-6.1,87.04978963121349,94.95991,94.95991,75.68131,75.68131,97.34841,97.34841
14.058029999999999,21.98,26.614711219999997,155.0,86.55,86.4192,57.81321321068475,498.27668040012,498.27668040012,47.33174098574954,-6.1,87.04978963121349,94.95991,94.95991,75.68131,75.68131,97.34841,97.34841
14.058029999999999,21.98,26.614711219999997,155.0,86.55,86.4192,57.81321321068475,498.27668040012,498.27668040012,47.33174098574954,-6.1,87.04978963121349,94.95991,94.95991,75.68131,75.68131,97.34841,97.34841
14.058029999999999,21.98,26.614711219999997,155.0,86.55,86.4192,57.81321321068475,1304.7071925639643,1304.7071925639643,47.33174098574954,-6.1,87.81644125285253,94.95991,94.95991,75.68131,75.68131,97.34841,97.34841
14.058029999999999,21.98,26.614711219999997,155.0,86.55,86.4192,57.81321321068475,1293.824832975208,1293.824832975208,47.33174098574954,-6.1,87.04978963121349,94.95991,94.95991,75.68131,75.68131,97.34841,97.34841
