Time_Index,None,NE_reference_uranium,SE_reference_uranium,TX_reference_uranium,CA_reference_uranium,NW_reference_uranium,SW_reference_uranium,NCEN_reference_uranium,CEN_reference_uranium,MIDAT_reference_uranium,,NE_reference_uranium,SE_reference_uranium,TX_reference_uranium,CA_reference_uranium,NW_reference_uranium,SW_reference_uranium,NCEN_reference_uranium,CEN_reference_uranium,MIDAT_reference_uranium,,Assumptions,,
0,0,0,0,0,0,0,0,0,0,0,,,,,,,,,,,,Label,Value,Unit
1,0,0.8249,0.8249,0.8249,0.8249,0.8249,0.8249,0.8249,0.8249,0.8249,,2.814676307,2.814676307,2.814676307,2.814676307,2.814676307,2.814676307,2.814676307,2.814676307,2.814676307,,Energy Conversion,0.293071,MWh/MMBtu
2,0,0.8249,0.8249,0.8249,0.8249,0.8249,0.8249,0.8249,0.8249,0.8249,,,,,,,,,,,,,,
3,0,0.8249,0.8249,0.8249,0.8249,0.8249,0.8249,0.8249,0.8249,0.8249,,,,,,,,,,,,,,
4,0,0.8249,0.8249,0.8249,0.8249,0.8249,0.8249,0.8249,0.8249,0.8249,,,,,,,,,,,,,,
5,0,0.8249,0.8249,0.8249,0.8249,0.8249,0.8249,0.8249,0.8249,0.8249,,,,,,,,,,,,,,
6,0,0.8249,0.8249,0.8249,0.8249,0.8249,0.8249,0.8249,0.8249,0.8249,,,,,,,,,,,,,,
7,0,0.8249,0.8249,0.8249,0.8249,0.8249,0.8249,0.8249,0.8249,0.8249,,,,,,,,,,,,,,
8,0,0.8249,0.8249,0.8249,0.8249,0.8249,0.8249,0.8249,0.8249,0.8249,,,,,,,,,,,,,,
9,0,0.8249,0.8249,0.8249,0.8249,0.8249,0.8249,0.8249,0.8249,0.8249,,,,,,,,,,,,,,
10,0,0.8249,0.8249,0.8249,0.8249,0.8249,0.8249,0.8249,0.8249,0.8249,,,,,,,,,,,,,,
11,0,0.8249,0.8249,0.8249,0.8249,0.8249,0.8249,0.8249,0.8249,0.8249,,,,,,,,,,,,,,
12,0,0.8249,0.8249,0.8249,0.8249,0.8249,0.8249,0.8249,0.8249,0.8249,,,,,,,,,,,,,,
13,0,0.8249,0.8249,0.8249,0.8249,0.8249,0.8249,0.8249,0.8249,0.8249,,,,,,,,,,,,,,
14,0,0.8249,0.8249,0.8249,0.8249,0.8249,0.8249,0.8249,0.8249,0.8249,,,,,,,,,,,,,,
15,0,0.8249,0.8249,0.8249,0.8249,0.8249,0.8249,0.8249,0.8249,0.8249,,,,,,,,,,,,,,
16,0,0.8249,0.8249,0.8249,0.8249,0.8249,0.8249,0.8249,0.8249,0.8249,,,,,,,,,,,,,,
17,0,0.8249,0.8249,0.8249,0.8249,0.8249,0.8249,0.8249,0.8249,0.8249,,,,,,,,,,,,,,
18,0,0.8249,0.8249,0.8249,0.8249,0.8249,0.8249,0.8249,0.8249,0.8249,,,,,,,,,,,,,,
19,0,0.8249,0.8249,0.8249,0.8249,0.8249,0.8249,0.8249,0.8249,0.8249,,,,,,,,,,,,,,
20,0,0.8249,0.8249,0.8249,0.8249,0.8249,0.8249,0.8249,0.8249,0.8249,,,,,,,,,,,,,,
21,0,0.8249,0.8249,0.8249,0.8249,0.8249,0.8249,0.8249,0.8249,0.8249,,,,,,,,,,,,,,
22,0,0.8249,0.8249,0.8249,0.8249,0.8249,0.8249,0.8249,0.8249,0.8249,,,,,,,,,,,,,,
23,0,0.8249,0.8249,0.8249,0.8249,0.8249,0.8249,0.8249,0.8249,0.8249,,,,,,,,,,,,,,
24,0,0.8249,0.8249,0.8249,0.8249,0.8249,0.8249,0.8249,0.8249,0.8249,,,,,,,,,,,,,,
25,0,0.8249,0.8249,0.8249,0.8249,0.8249,0.8249,0.8249,0.8249,0.8249,,,,,,,,,,,,,,
26,0,0.8249,0.8249,0.8249,0.8249,0.8249,0.8249,0.8249,0.8249,0.8249,,,,,,,,,,,,,,
27,0,0.8249,0.8249,0.8249,0.8249,0.8249,0.8249,0.8249,0.8249,0.8249,,,,,,,,,,,,,,
28,0,0.8249,0.8249,0.8249,0.8249,0.8249,0.8249,0.8249,0.8249,0.8249,,,,,,,,,,,,,,
29,0,0.8249,0.8249,0.8249,0.8249,0.8249,0.8249,0.8249,0.8249,0.8249,,,,,,,,,,,,,,
30,0,0.8249,0.8249,0.8249,0.8249,0.8249,0.8249,0.8249,0.8249,0.8249,,,,,,,,,,,,,,
31,0,0.8249,0.8249,0.8249,0.8249,0.8249,0.8249,0.8249,0.8249,0.8249,,,,,,,,,,,,,,
32,0,0.8249,0.8249,0.8249,0.8249,0.8249,0.8249,0.8249,0.8249,0.8249,,,,,,,,,,,,,,
33,0,0.8249,0.8249,0.8249,0.8249,0.8249,0.8249,0.8249,0.8249,0.8249,,,,,,,,,,,,,,
34,0,0.8249,0.8249,0.8249,0.8249,0.8249,0.8249,0.8249,0.8249,0.8249,,,,,,,,,,,,,,
35,0,0.8249,0.8249,0.8249,0.8249,0.8249,0.8249,0.8249,0.8249,0.8249,,,,,,,,,,,,,,
36,0,0.8249,0.8249,0.8249,0.8249,0.8249,0.8249,0.8249,0.8249,0.8249,,,,,,,,,,,,,,
37,0,0.8249,0.8249,0.8249,0.8249,0.8249,0.8249,0.8249,0.8249,0.8249,,,,,,,,,,,,,,
38,0,0.8249,0.8249,0.8249,0.8249,0.8249,0.8249,0.8249,0.8249,0.8249,,,,,,,,,,,,,,
39,0,0.8249,0.8249,0.8249,0.8249,0.8249,0.8249,0.8249,0.8249,0.8249,,,,,,,,,,,,,,
40,0,0.8249,0.8249,0.8249,0.8249,0.8249,0.8249,0.8249,0.8249,0.8249,,,,,,,,,,,,,,
41,0,0.8249,0.8249,0.8249,0.8249,0.8249,0.8249,0.8249,0.8249,0.8249,,,,,,,,,,,,,,
42,0,0.8249,0.8249,0.8249,0.8249,0.8249,0.8249,0.8249,0.8249,0.8249,,,,,,,,,,,,,,
43,0,0.8249,0.8249,0.8249,0.8249,0.8249,0.8249,0.8249,0.8249,0.8249,,,,,,,,,,,,,,
44,0,0.8249,0.8249,0.8249,0.8249,0.8249,0.8249,0.8249,0.8249,0.8249,,,,,,,,,,,,,,
45,0,0.8249,0.8249,0.8249,0.8249,0.8249,0.8249,0.8249,0.8249,0.8249,,,,,,,,,,,,,,
46,0,0.8249,0.8249,0.8249,0.8249,0.8249,0.8249,0.8249,0.8249,0.8249,,,,,,,,,,,,,,
47,0,0.8249,0.8249,0.8249,0.8249,0.8249,0.8249,0.8249,0.8249,0.8249,,,,,,,,,,,,,,
48,0,0.8249,0.8249,0.8249,0.8249,0.8249,0.8249,0.8249,0.8249,0.8249,,,,,,,,,,,,,,
49,0,0.8249,0.8249,0.8249,0.8249,0.8249,0.8249,0.8249,0.8249,0.8249,,,,,,,,,,,,,,
50,0,0.8249,0.8249,0.8249,0.8249,0.8249,0.8249,0.8249,0.8249,0.8249,,,,,,,,,,,,,,
51,0,0.8249,0.8249,0.8249,0.8249,0.8249,0.8249,0.8249,0.8249,0.8249,,,,,,,,,,,,,,
52,0,0.8249,0.8249,0.8249,0.8249,0.8249,0.8249,0.8249,0.8249,0.8249,,,,,,,,,,,,,,
53,0,0.8249,0.8249,0.8249,0.8249,0.8249,0.8249,0.8249,0.8249,0.8249,,,,,,,,,,,,,,
54,0,0.8249,0.8249,0.8249,0.8249,0.8249,0.8249,0.8249,0.8249,0.8249,,,,,,,,,,,,,,
55,0,0.8249,0.8249,0.8249,0.8249,0.8249,0.8249,0.8249,0.8249,0.8249,,,,,,,,,,,,,,
56,0,0.8249,0.8249,0.8249,0.8249,0.8249,0.8249,0.8249,0.8249,0.8249,,,,,,,,,,,,,,
57,0,0.8249,0.8249,0.8249,0.8249,0.8249,0.8249,0.8249,0.8249,0.8249,,,,,,,,,,,,,,
58,0,0.8249,0.8249,0.8249,0.8249,0.8249,0.8249,0.8249,0.8249,0.8249,,,,,,,,,,,,,,
59,0,0.8249,0.8249,0.8249,0.8249,0.8249,0.8249,0.8249,0.8249,0.8249,,,,,,,,,,,,,,
60,0,0.8249,0.8249,0.8249,0.8249,0.8249,0.8249,0.8249,0.8249,0.8249,,,,,,,,,,,,,,
61,0,0.8249,0.8249,0.8249,0.8249,0.8249,0.8249,0.8249,0.8249,0.8249,,,,,,,,,,,,,,
62,0,0.8249,0.8249,0.8249,0.8249,0.8249,0.8249,0.8249,0.8249,0.8249,,,,,,,,,,,,,,
63,0,0.8249,0.8249,0.8249,0.8249,0.8249,0.8249,0.8249,0.8249,0.8249,,,,,,,,,,,,,,
64,0,0.8249,0.8249,0.8249,0.8249,0.8249,0.8249,0.8249,0.8249,0.8249,,,,,,,,,,,,,,
65,0,0.8249,0.8249,0.8249,0.8249,0.8249,0.8249,0.8249,0.8249,0.8249,,,,,,,,,,,,,,
66,0,0.8249,0.8249,0.8249,0.8249,0.8249,0.8249,0.8249,0.8249,0.8249,,,,,,,,,,,,,,
67,0,0.8249,0.8249,0.8249,0.8249,0.8249,0.8249,0.8249,0.8249,0.8249,,,,,,,,,,,,,,
68,0,0.8249,0.8249,0.8249,0.8249,0.8249,0.8249,0.8249,0.8249,0.8249,,,,,,,,,,,,,,
69,0,0.8249,0.8249,0.8249,0.8249,0.8249,0.8249,0.8249,0.8249,0.8249,,,,,,,,,,,,,,
70,0,0.8249,0.8249,0.8249,0.8249,0.8249,0.8249,0.8249,0.8249,0.8249,,,,,,,,,,,,,,
71,0,0.8249,0.8249,0.8249,0.8249,0.8249,0.8249,0.8249,0.8249,0.8249,,,,,,,,,,,,,,
72,0,0.8249,0.8249,0.8249,0.8249,0.8249,0.8249,0.8249,0.8249,0.8249,,,,,,,,,,,,,,
73,0,0.8249,0.8249,0.8249,0.8249,0.8249,0.8249,0.8249,0.8249,0.8249,,,,,,,,,,,,,,
74,0,0.8249,0.8249,0.8249,0.8249,0.8249,0.8249,0.8249,0.8249,0.8249,,,,,,,,,,,,,,
75,0,0.8249,0.8249,0.8249,0.8249,0.8249,0.8249,0.8249,0.8249,0.8249,,,,,,,,,,,,,,
76,0,0.8249,0.8249,0.8249,0.8249,0.8249,0.8249,0.8249,0.8249,0.8249,,,,,,,,,,,,,,
77,0,0.8249,0.8249,0.8249,0.8249,0.8249,0.8249,0.8249,0.8249,0.8249,,,,,,,,,,,,,,
78,0,0.8249,0.8249,0.8249,0.8249,0.8249,0.8249,0.8249,0.8249,0.8249,,,,,,,,,,,,,,
79,0,0.8249,0.8249,0.8249,0.8249,0.8249,0.8249,0.8249,0.8249,0.8249,,,,,,,,,,,,,,
80,0,0.8249,0.8249,0.8249,0.8249,0.8249,0.8249,0.8249,0.8249,0.8249,,,,,,,,,,,,,,
81,0,0.8249,0.8249,0.8249,0.8249,0.8249,0.8249,0.8249,0.8249,0.8249,,,,,,,,,,,,,,
82,0,0.8249,0.8249,0.8249,0.8249,0.8249,0.8249,0.8249,0.8249,0.8249,,,,,,,,,,,,,,
83,0,0.8249,0.8249,0.8249,0.8249,0.8249,0.8249,0.8249,0.8249,0.8249,,,,,,,,,,,,,,
84,0,0.8249,0.8249,0.8249,0.8249,0.8249,0.8249,0.8249,0.8249,0.8249,,,,,,,,,,,,,,
85,0,0.8249,0.8249,0.8249,0.8249,0.8249,0.8249,0.8249,0.8249,0.8249,,,,,,,,,,,,,,
86,0,0.8249,0.8249,0.8249,0.8249,0.8249,0.8249,0.8249,0.8249,0.8249,,,,,,,,,,,,,,
87,0,0.8249,0.8249,0.8249,0.8249,0.8249,0.8249,0.8249,0.8249,0.8249,,,,,,,,,,,,,,
88,0,0.8249,0.8249,0.8249,0.8249,0.8249,0.8249,0.8249,0.8249,0.8249,,,,,,,,,,,,,,
89,0,0.8249,0.8249,0.8249,0.8249,0.8249,0.8249,0.8249,0.8249,0.8249,,,,,,,,,,,,,,
90,0,0.8249,0.8249,0.8249,0.8249,0.8249,0.8249,0.8249,0.8249,0.8249,,,,,,,,,,,,,,
91,0,0.8249,0.8249,0.8249,0.8249,0.8249,0.8249,0.8249,0.8249,0.8249,,,,,,,,,,,,,,
92,0,0.8249,0.8249,0.8249,0.8249,0.8249,0.8249,0.8249,0.8249,0.8249,,,,,,,,,,,,,,
93,0,0.8249,0.8249,0.8249,0.8249,0.8249,0.8249,0.8249,0.8249,0.8249,,,,,,,,,,,,,,
94,0,0.8249,0.8249,0.8249,0.8249,0.8249,0.8249,0.8249,0.8249,0.8249,,,,,,,,,,,,,,
95,0,0.8249,0.8249,0.8249,0.8249,0.8249,0.8249,0.8249,0.8249,0.8249,,,,,,,,,,,,,,
96,0,0.8249,0.8249,0.8249,0.8249,0.8249,0.8249,0.8249,0.8249,0.8249,,,,,,,,,,,,,,
97,0,0.8249,0.8249,0.8249,0.8249,0.8249,0.8249,0.8249,0.8249,0.8249,,,,,,,,,,,,,,
98,0,0.8249,0.8249,0.8249,0.8249,0.8249,0.8249,0.8249,0.8249,0.8249,,,,,,,,,,,,,,
99,0,0.8249,0.8249,0.8249,0.8249,0.8249,0.8249,0.8249,0.8249,0.8249,,,,,,,,,,,,,,
100,0,0.8249,0.8249,0.8249,0.8249,0.8249,0.8249,0.8249,0.8249,0.8249,,,,,,,,,,,,,,
101,0,0.8249,0.8249,0.8249,0.8249,0.8249,0.8249,0.8249,0.8249,0.8249,,,,,,,,,,,,,,
102,0,0.8249,0.8249,0.8249,0.8249,0.8249,0.8249,0.8249,0.8249,0.8249,,,,,,,,,,,,,,
103,0,0.8249,0.8249,0.8249,0.8249,0.8249,0.8249,0.8249,0.8249,0.8249,,,,,,,,,,,,,,
104,0,0.8249,0.8249,0.8249,0.8249,0.8249,0.8249,0.8249,0.8249,0.8249,,,,,,,,,,,,,,
105,0,0.8249,0.8249,0.8249,0.8249,0.8249,0.8249,0.8249,0.8249,0.8249,,,,,,,,,,,,,,
106,0,0.8249,0.8249,0.8249,0.8249,0.8249,0.8249,0.8249,0.8249,0.8249,,,,,,,,,,,,,,
107,0,0.8249,0.8249,0.8249,0.8249,0.8249,0.8249,0.8249,0.8249,0.8249,,,,,,,,,,,,,,
108,0,0.8249,0.8249,0.8249,0.8249,0.8249,0.8249,0.8249,0.8249,0.8249,,,,,,,,,,,,,,
109,0,0.8249,0.8249,0.8249,0.8249,0.8249,0.8249,0.8249,0.8249,0.8249,,,,,,,,,,,,,,
110,0,0.8249,0.8249,0.8249,0.8249,0.8249,0.8249,0.8249,0.8249,0.8249,,,,,,,,,,,,,,
111,0,0.8249,0.8249,0.8249,0.8249,0.8249,0.8249,0.8249,0.8249,0.8249,,,,,,,,,,,,,,
112,0,0.8249,0.8249,0.8249,0.8249,0.8249,0.8249,0.8249,0.8249,0.8249,,,,,,,,,,,,,,
113,0,0.8249,0.8249,0.8249,0.8249,0.8249,0.8249,0.8249,0.8249,0.8249,,,,,,,,,,,,,,
114,0,0.8249,0.8249,0.8249,0.8249,0.8249,0.8249,0.8249,0.8249,0.8249,,,,,,,,,,,,,,
115,0,0.8249,0.8249,0.8249,0.8249,0.8249,0.8249,0.8249,0.8249,0.8249,,,,,,,,,,,,,,
116,0,0.8249,0.8249,0.8249,0.8249,0.8249,0.8249,0.8249,0.8249,0.8249,,,,,,,,,,,,,,
117,0,0.8249,0.8249,0.8249,0.8249,0.8249,0.8249,0.8249,0.8249,0.8249,,,,,,,,,,,,,,
118,0,0.8249,0.8249,0.8249,0.8249,0.8249,0.8249,0.8249,0.8249,0.8249,,,,,,,,,,,,,,
119,0,0.8249,0.8249,0.8249,0.8249,0.8249,0.8249,0.8249,0.8249,0.8249,,,,,,,,,,,,,,
120,0,0.8249,0.8249,0.8249,0.8249,0.8249,0.8249,0.8249,0.8249,0.8249,,,,,,,,,,,,,,
121,0,0.8249,0.8249,0.8249,0.8249,0.8249,0.8249,0.8249,0.8249,0.8249,,,,,,,,,,,,,,
122,0,0.8249,0.8249,0.8249,0.8249,0.8249,0.8249,0.8249,0.8249,0.8249,,,,,,,,,,,,,,
123,0,0.8249,0.8249,0.8249,0.8249,0.8249,0.8249,0.8249,0.8249,0.8249,,,,,,,,,,,,,,
124,0,0.8249,0.8249,0.8249,0.8249,0.8249,0.8249,0.8249,0.8249,0.8249,,,,,,,,,,,,,,
125,0,0.8249,0.8249,0.8249,0.8249,0.8249,0.8249,0.8249,0.8249,0.8249,,,,,,,,,,,,,,
126,0,0.8249,0.8249,0.8249,0.8249,0.8249,0.8249,0.8249,0.8249,0.8249,,,,,,,,,,,,,,
127,0,0.8249,0.8249,0.8249,0.8249,0.8249,0.8249,0.8249,0.8249,0.8249,,,,,,,,,,,,,,
128,0,0.8249,0.8249,0.8249,0.8249,0.8249,0.8249,0.8249,0.8249,0.8249,,,,,,,,,,,,,,
129,0,0.8249,0.8249,0.8249,0.8249,0.8249,0.8249,0.8249,0.8249,0.8249,,,,,,,,,,,,,,
130,0,0.8249,0.8249,0.8249,0.8249,0.8249,0.8249,0.8249,0.8249,0.8249,,,,,,,,,,,,,,
131,0,0.8249,0.8249,0.8249,0.8249,0.8249,0.8249,0.8249,0.8249,0.8249,,,,,,,,,,,,,,
132,0,0.8249,0.8249,0.8249,0.8249,0.8249,0.8249,0.8249,0.8249,0.8249,,,,,,,,,,,,,,
133,0,0.8249,0.8249,0.8249,0.8249,0.8249,0.8249,0.8249,0.8249,0.8249,,,,,,,,,,,,,,
134,0,0.8249,0.8249,0.8249,0.8249,0.8249,0.8249,0.8249,0.8249,0.8249,,,,,,,,,,,,,,
135,0,0.8249,0.8249,0.8249,0.8249,0.8249,0.8249,0.8249,0.8249,0.8249,,,,,,,,,,,,,,
136,0,0.8249,0.8249,0.8249,0.8249,0.8249,0.8249,0.8249,0.8249,0.8249,,,,,,,,,,,,,,
137,0,0.8249,0.8249,0.8249,0.8249,0.8249,0.8249,0.8249,0.8249,0.8249,,,,,,,,,,,,,,
138,0,0.8249,0.8249,0.8249,0.8249,0.8249,0.8249,0.8249,0.8249,0.8249,,,,,,,,,,,,,,
139,0,0.8249,0.8249,0.8249,0.8249,0.8249,0.8249,0.8249,0.8249,0.8249,,,,,,,,,,,,,,
140,0,0.8249,0.8249,0.8249,0.8249,0.8249,0.8249,0.8249,0.8249,0.8249,,,,,,,,,,,,,,
141,0,0.8249,0.8249,0.8249,0.8249,0.8249,0.8249,0.8249,0.8249,0.8249,,,,,,,,,,,,,,
142,0,0.8249,0.8249,0.8249,0.8249,0.8249,0.8249,0.8249,0.8249,0.8249,,,,,,,,,,,,,,
143,0,0.8249,0.8249,0.8249,0.8249,0.8249,0.8249,0.8249,0.8249,0.8249,,,,,,,,,,,,,,
144,0,0.8249,0.8249,0.8249,0.8249,0.8249,0.8249,0.8249,0.8249,0.8249,,,,,,,,,,,,,,
145,0,0.8249,0.8249,0.8249,0.8249,0.8249,0.8249,0.8249,0.8249,0.8249,,,,,,,,,,,,,,
146,0,0.8249,0.8249,0.8249,0.8249,0.8249,0.8249,0.8249,0.8249,0.8249,,,,,,,,,,,,,,
147,0,0.8249,0.8249,0.8249,0.8249,0.8249,0.8249,0.8249,0.8249,0.8249,,,,,,,,,,,,,,
148,0,0.8249,0.8249,0.8249,0.8249,0.8249,0.8249,0.8249,0.8249,0.8249,,,,,,,,,,,,,,
149,0,0.8249,0.8249,0.8249,0.8249,0.8249,0.8249,0.8249,0.8249,0.8249,,,,,,,,,,,,,,
150,0,0.8249,0.8249,0.8249,0.8249,0.8249,0.8249,0.8249,0.8249,0.8249,,,,,,,,,,,,,,
151,0,0.8249,0.8249,0.8249,0.8249,0.8249,0.8249,0.8249,0.8249,0.8249,,,,,,,,,,,,,,
152,0,0.8249,0.8249,0.8249,0.8249,0.8249,0.8249,0.8249,0.8249,0.8249,,,,,,,,,,,,,,
153,0,0.8249,0.8249,0.8249,0.8249,0.8249,0.8249,0.8249,0.8249,0.8249,,,,,,,,,,,,,,
154,0,0.8249,0.8249,0.8249,0.8249,0.8249,0.8249,0.8249,0.8249,0.8249,,,,,,,,,,,,,,
155,0,0.8249,0.8249,0.8249,0.8249,0.8249,0.8249,0.8249,0.8249,0.8249,,,,,,,,,,,,,,
156,0,0.8249,0.8249,0.8249,0.8249,0.8249,0.8249,0.8249,0.8249,0.8249,,,,,,,,,,,,,,
157,0,0.8249,0.8249,0.8249,0.8249,0.8249,0.8249,0.8249,0.8249,0.8249,,,,,,,,,,,,,,
158,0,0.8249,0.8249,0.8249,0.8249,0.8249,0.8249,0.8249,0.8249,0.8249,,,,,,,,,,,,,,
159,0,0.8249,0.8249,0.8249,0.8249,0.8249,0.8249,0.8249,0.8249,0.8249,,,,,,,,,,,,,,
160,0,0.8249,0.8249,0.8249,0.8249,0.8249,0.8249,0.8249,0.8249,0.8249,,,,,,,,,,,,,,
161,0,0.8249,0.8249,0.8249,0.8249,0.8249,0.8249,0.8249,0.8249,0.8249,,,,,,,,,,,,,,
162,0,0.8249,0.8249,0.8249,0.8249,0.8249,0.8249,0.8249,0.8249,0.8249,,,,,,,,,,,,,,
163,0,0.8249,0.8249,0.8249,0.8249,0.8249,0.8249,0.8249,0.8249,0.8249,,,,,,,,,,,,,,
164,0,0.8249,0.8249,0.8249,0.8249,0.8249,0.8249,0.8249,0.8249,0.8249,,,,,,,,,,,,,,
165,0,0.8249,0.8249,0.8249,0.8249,0.8249,0.8249,0.8249,0.8249,0.8249,,,,,,,,,,,,,,
166,0,0.8249,0.8249,0.8249,0.8249,0.8249,0.8249,0.8249,0.8249,0.8249,,,,,,,,,,,,,,
167,0,0.8249,0.8249,0.8249,0.8249,0.8249,0.8249,0.8249,0.8249,0.8249,,,,,,,,,,,,,,
168,0,0.8249,0.8249,0.8249,0.8249,0.8249,0.8249,0.8249,0.8249,0.8249,,,,,,,,,,,,,,
169,0,0.8249,0.8249,0.8249,0.8249,0.8249,0.8249,0.8249,0.8249,0.8249,,,,,,,,,,,,,,
170,0,0.8249,0.8249,0.8249,0.8249,0.8249,0.8249,0.8249,0.8249,0.8249,,,,,,,,,,,,,,
171,0,0.8249,0.8249,0.8249,0.8249,0.8249,0.8249,0.8249,0.8249,0.8249,,,,,,,,,,,,,,
172,0,0.8249,0.8249,0.8249,0.8249,0.8249,0.8249,0.8249,0.8249,0.8249,,,,,,,,,,,,,,
173,0,0.8249,0.8249,0.8249,0.8249,0.8249,0.8249,0.8249,0.8249,0.8249,,,,,,,,,,,,,,
174,0,0.8249,0.8249,0.8249,0.8249,0.8249,0.8249,0.8249,0.8249,0.8249,,,,,,,,,,,,,,
175,0,0.8249,0.8249,0.8249,0.8249,0.8249,0.8249,0.8249,0.8249,0.8249,,,,,,,,,,,,,,
176,0,0.8249,0.8249,0.8249,0.8249,0.8249,0.8249,0.8249,0.8249,0.8249,,,,,,,,,,,,,,
177,0,0.8249,0.8249,0.8249,0.8249,0.8249,0.8249,0.8249,0.8249,0.8249,,,,,,,,,,,,,,
178,0,0.8249,0.8249,0.8249,0.8249,0.8249,0.8249,0.8249,0.8249,0.8249,,,,,,,,,,,,,,
179,0,0.8249,0.8249,0.8249,0.8249,0.8249,0.8249,0.8249,0.8249,0.8249,,,,,,,,,,,,,,
180,0,0.8249,0.8249,0.8249,0.8249,0.8249,0.8249,0.8249,0.8249,0.8249,,,,,,,,,,,,,,
181,0,0.8249,0.8249,0.8249,0.8249,0.8249,0.8249,0.8249,0.8249,0.8249,,,,,,,,,,,,,,
182,0,0.8249,0.8249,0.8249,0.8249,0.8249,0.8249,0.8249,0.8249,0.8249,,,,,,,,,,,,,,
183,0,0.8249,0.8249,0.8249,0.8249,0.8249,0.8249,0.8249,0.8249,0.8249,,,,,,,,,,,,,,
184,0,0.8249,0.8249,0.8249,0.8249,0.8249,0.8249,0.8249,0.8249,0.8249,,,,,,,,,,,,,,
185,0,0.8249,0.8249,0.8249,0.8249,0.8249,0.8249,0.8249,0.8249,0.8249,,,,,,,,,,,,,,
186,0,0.8249,0.8249,0.8249,0.8249,0.8249,0.8249,0.8249,0.8249,0.8249,,,,,,,,,,,,,,
187,0,0.8249,0.8249,0.8249,0.8249,0.8249,0.8249,0.8249,0.8249,0.8249,,,,,,,,,,,,,,
188,0,0.8249,0.8249,0.8249,0.8249,0.8249,0.8249,0.8249,0.8249,0.8249,,,,,,,,,,,,,,
189,0,0.8249,0.8249,0.8249,0.8249,0.8249,0.8249,0.8249,0.8249,0.8249,,,,,,,,,,,,,,
190,0,0.8249,0.8249,0.8249,0.8249,0.8249,0.8249,0.8249,0.8249,0.8249,,,,,,,,,,,,,,
191,0,0.8249,0.8249,0.8249,0.8249,0.8249,0.8249,0.8249,0.8249,0.8249,,,,,,,,,,,,,,
192,0,0.8249,0.8249,0.8249,0.8249,0.8249,0.8249,0.8249,0.8249,0.8249,,,,,,,,,,,,,,
193,0,0.8249,0.8249,0.8249,0.8249,0.8249,0.8249,0.8249,0.8249,0.8249,,,,,,,,,,,,,,
194,0,0.8249,0.8249,0.8249,0.8249,0.8249,0.8249,0.8249,0.8249,0.8249,,,,,,,,,,,,,,
195,0,0.8249,0.8249,0.8249,0.8249,0.8249,0.8249,0.8249,0.8249,0.8249,,,,,,,,,,,,,,
196,0,0.8249,0.8249,0.8249,0.8249,0.8249,0.8249,0.8249,0.8249,0.8249,,,,,,,,,,,,,,
197,0,0.8249,0.8249,0.8249,0.8249,0.8249,0.8249,0.8249,0.8249,0.8249,,,,,,,,,,,,,,
198,0,0.8249,0.8249,0.8249,0.8249,0.8249,0.8249,0.8249,0.8249,0.8249,,,,,,,,,,,,,,
199,0,0.8249,0.8249,0.8249,0.8249,0.8249,0.8249,0.8249,0.8249,0.8249,,,,,,,,,,,,,,
200,0,0.8249,0.8249,0.8249,0.8249,0.8249,0.8249,0.8249,0.8249,0.8249,,,,,,,,,,,,,,
201,0,0.8249,0.8249,0.8249,0.8249,0.8249,0.8249,0.8249,0.8249,0.8249,,,,,,,,,,,,,,
202,0,0.8249,0.8249,0.8249,0.8249,0.8249,0.8249,0.8249,0.8249,0.8249,,,,,,,,,,,,,,
203,0,0.8249,0.8249,0.8249,0.8249,0.8249,0.8249,0.8249,0.8249,0.8249,,,,,,,,,,,,,,
204,0,0.8249,0.8249,0.8249,0.8249,0.8249,0.8249,0.8249,0.8249,0.8249,,,,,,,,,,,,,,
205,0,0.8249,0.8249,0.8249,0.8249,0.8249,0.8249,0.8249,0.8249,0.8249,,,,,,,,,,,,,,
206,0,0.8249,0.8249,0.8249,0.8249,0.8249,0.8249,0.8249,0.8249,0.8249,,,,,,,,,,,,,,
207,0,0.8249,0.8249,0.8249,0.8249,0.8249,0.8249,0.8249,0.8249,0.8249,,,,,,,,,,,,,,
208,0,0.8249,0.8249,0.8249,0.8249,0.8249,0.8249,0.8249,0.8249,0.8249,,,,,,,,,,,,,,
209,0,0.8249,0.8249,0.8249,0.8249,0.8249,0.8249,0.8249,0.8249,0.8249,,,,,,,,,,,,,,
210,0,0.8249,0.8249,0.8249,0.8249,0.8249,0.8249,0.8249,0.8249,0.8249,,,,,,,,,,,,,,
211,0,0.8249,0.8249,0.8249,0.8249,0.8249,0.8249,0.8249,0.8249,0.8249,,,,,,,,,,,,,,
212,0,0.8249,0.8249,0.8249,0.8249,0.8249,0.8249,0.8249,0.8249,0.8249,,,,,,,,,,,,,,
213,0,0.8249,0.8249,0.8249,0.8249,0.8249,0.8249,0.8249,0.8249,0.8249,,,,,,,,,,,,,,
214,0,0.8249,0.8249,0.8249,0.8249,0.8249,0.8249,0.8249,0.8249,0.8249,,,,,,,,,,,,,,
215,0,0.8249,0.8249,0.8249,0.8249,0.8249,0.8249,0.8249,0.8249,0.8249,,,,,,,,,,,,,,
216,0,0.8249,0.8249,0.8249,0.8249,0.8249,0.8249,0.8249,0.8249,0.8249,,,,,,,,,,,,,,
217,0,0.8249,0.8249,0.8249,0.8249,0.8249,0.8249,0.8249,0.8249,0.8249,,,,,,,,,,,,,,
218,0,0.8249,0.8249,0.8249,0.8249,0.8249,0.8249,0.8249,0.8249,0.8249,,,,,,,,,,,,,,
219,0,0.8249,0.8249,0.8249,0.8249,0.8249,0.8249,0.8249,0.8249,0.8249,,,,,,,,,,,,,,
220,0,0.8249,0.8249,0.8249,0.8249,0.8249,0.8249,0.8249,0.8249,0.8249,,,,,,,,,,,,,,
221,0,0.8249,0.8249,0.8249,0.8249,0.8249,0.8249,0.8249,0.8249,0.8249,,,,,,,,,,,,,,
222,0,0.8249,0.8249,0.8249,0.8249,0.8249,0.8249,0.8249,0.8249,0.8249,,,,,,,,,,,,,,
223,0,0.8249,0.8249,0.8249,0.8249,0.8249,0.8249,0.8249,0.8249,0.8249,,,,,,,,,,,,,,
224,0,0.8249,0.8249,0.8249,0.8249,0.8249,0.8249,0.8249,0.8249,0.8249,,,,,,,,,,,,,,
225,0,0.8249,0.8249,0.8249,0.8249,0.8249,0.8249,0.8249,0.8249,0.8249,,,,,,,,,,,,,,
226,0,0.8249,0.8249,0.8249,0.8249,0.8249,0.8249,0.8249,0.8249,0.8249,,,,,,,,,,,,,,
227,0,0.8249,0.8249,0.8249,0.8249,0.8249,0.8249,0.8249,0.8249,0.8249,,,,,,,,,,,,,,
228,0,0.8249,0.8249,0.8249,0.8249,0.8249,0.8249,0.8249,0.8249,0.8249,,,,,,,,,,,,,,
229,0,0.8249,0.8249,0.8249,0.8249,0.8249,0.8249,0.8249,0.8249,0.8249,,,,,,,,,,,,,,
230,0,0.8249,0.8249,0.8249,0.8249,0.8249,0.8249,0.8249,0.8249,0.8249,,,,,,,,,,,,,,
231,0,0.8249,0.8249,0.8249,0.8249,0.8249,0.8249,0.8249,0.8249,0.8249,,,,,,,,,,,,,,
232,0,0.8249,0.8249,0.8249,0.8249,0.8249,0.8249,0.8249,0.8249,0.8249,,,,,,,,,,,,,,
233,0,0.8249,0.8249,0.8249,0.8249,0.8249,0.8249,0.8249,0.8249,0.8249,,,,,,,,,,,,,,
234,0,0.8249,0.8249,0.8249,0.8249,0.8249,0.8249,0.8249,0.8249,0.8249,,,,,,,,,,,,,,
235,0,0.8249,0.8249,0.8249,0.8249,0.8249,0.8249,0.8249,0.8249,0.8249,,,,,,,,,,,,,,
236,0,0.8249,0.8249,0.8249,0.8249,0.8249,0.8249,0.8249,0.8249,0.8249,,,,,,,,,,,,,,
237,0,0.8249,0.8249,0.8249,0.8249,0.8249,0.8249,0.8249,0.8249,0.8249,,,,,,,,,,,,,,
238,0,0.8249,0.8249,0.8249,0.8249,0.8249,0.8249,0.8249,0.8249,0.8249,,,,,,,,,,,,,,
239,0,0.8249,0.8249,0.8249,0.8249,0.8249,0.8249,0.8249,0.8249,0.8249,,,,,,,,,,,,,,
240,0,0.8249,0.8249,0.8249,0.8249,0.8249,0.8249,0.8249,0.8249,0.8249,,,,,,,,,,,,,,
241,0,0.8249,0.8249,0.8249,0.8249,0.8249,0.8249,0.8249,0.8249,0.8249,,,,,,,,,,,,,,
242,0,0.8249,0.8249,0.8249,0.8249,0.8249,0.8249,0.8249,0.8249,0.8249,,,,,,,,,,,,,,
243,0,0.8249,0.8249,0.8249,0.8249,0.8249,0.8249,0.8249,0.8249,0.8249,,,,,,,,,,,,,,
244,0,0.8249,0.8249,0.8249,0.8249,0.8249,0.8249,0.8249,0.8249,0.8249,,,,,,,,,,,,,,
245,0,0.8249,0.8249,0.8249,0.8249,0.8249,0.8249,0.8249,0.8249,0.8249,,,,,,,,,,,,,,
246,0,0.8249,0.8249,0.8249,0.8249,0.8249,0.8249,0.8249,0.8249,0.8249,,,,,,,,,,,,,,
247,0,0.8249,0.8249,0.8249,0.8249,0.8249,0.8249,0.8249,0.8249,0.8249,,,,,,,,,,,,,,
248,0,0.8249,0.8249,0.8249,0.8249,0.8249,0.8249,0.8249,0.8249,0.8249,,,,,,,,,,,,,,
249,0,0.8249,0.8249,0.8249,0.8249,0.8249,0.8249,0.8249,0.8249,0.8249,,,,,,,,,,,,,,
250,0,0.8249,0.8249,0.8249,0.8249,0.8249,0.8249,0.8249,0.8249,0.8249,,,,,,,,,,,,,,
251,0,0.8249,0.8249,0.8249,0.8249,0.8249,0.8249,0.8249,0.8249,0.8249,,,,,,,,,,,,,,
252,0,0.8249,0.8249,0.8249,0.8249,0.8249,0.8249,0.8249,0.8249,0.8249,,,,,,,,,,,,,,
253,0,0.8249,0.8249,0.8249,0.8249,0.8249,0.8249,0.8249,0.8249,0.8249,,,,,,,,,,,,,,
254,0,0.8249,0.8249,0.8249,0.8249,0.8249,0.8249,0.8249,0.8249,0.8249,,,,,,,,,,,,,,
255,0,0.8249,0.8249,0.8249,0.8249,0.8249,0.8249,0.8249,0.8249,0.8249,,,,,,,,,,,,,,
256,0,0.8249,0.8249,0.8249,0.8249,0.8249,0.8249,0.8249,0.8249,0.8249,,,,,,,,,,,,,,
257,0,0.8249,0.8249,0.8249,0.8249,0.8249,0.8249,0.8249,0.8249,0.8249,,,,,,,,,,,,,,
258,0,0.8249,0.8249,0.8249,0.8249,0.8249,0.8249,0.8249,0.8249,0.8249,,,,,,,,,,,,,,
259,0,0.8249,0.8249,0.8249,0.8249,0.8249,0.8249,0.8249,0.8249,0.8249,,,,,,,,,,,,,,
260,0,0.8249,0.8249,0.8249,0.8249,0.8249,0.8249,0.8249,0.8249,0.8249,,,,,,,,,,,,,,
261,0,0.8249,0.8249,0.8249,0.8249,0.8249,0.8249,0.8249,0.8249,0.8249,,,,,,,,,,,,,,
262,0,0.8249,0.8249,0.8249,0.8249,0.8249,0.8249,0.8249,0.8249,0.8249,,,,,,,,,,,,,,
263,0,0.8249,0.8249,0.8249,0.8249,0.8249,0.8249,0.8249,0.8249,0.8249,,,,,,,,,,,,,,
264,0,0.8249,0.8249,0.8249,0.8249,0.8249,0.8249,0.8249,0.8249,0.8249,,,,,,,,,,,,,,
265,0,0.8249,0.8249,0.8249,0.8249,0.8249,0.8249,0.8249,0.8249,0.8249,,,,,,,,,,,,,,
266,0,0.8249,0.8249,0.8249,0.8249,0.8249,0.8249,0.8249,0.8249,0.8249,,,,,,,,,,,,,,
267,0,0.8249,0.8249,0.8249,0.8249,0.8249,0.8249,0.8249,0.8249,0.8249,,,,,,,,,,,,,,
268,0,0.8249,0.8249,0.8249,0.8249,0.8249,0.8249,0.8249,0.8249,0.8249,,,,,,,,,,,,,,
269,0,0.8249,0.8249,0.8249,0.8249,0.8249,0.8249,0.8249,0.8249,0.8249,,,,,,,,,,,,,,
270,0,0.8249,0.8249,0.8249,0.8249,0.8249,0.8249,0.8249,0.8249,0.8249,,,,,,,,,,,,,,
271,0,0.8249,0.8249,0.8249,0.8249,0.8249,0.8249,0.8249,0.8249,0.8249,,,,,,,,,,,,,,
272,0,0.8249,0.8249,0.8249,0.8249,0.8249,0.8249,0.8249,0.8249,0.8249,,,,,,,,,,,,,,
273,0,0.8249,0.8249,0.8249,0.8249,0.8249,0.8249,0.8249,0.8249,0.8249,,,,,,,,,,,,,,
274,0,0.8249,0.8249,0.8249,0.8249,0.8249,0.8249,0.8249,0.8249,0.8249,,,,,,,,,,,,,,
275,0,0.8249,0.8249,0.8249,0.8249,0.8249,0.8249,0.8249,0.8249,0.8249,,,,,,,,,,,,,,
276,0,0.8249,0.8249,0.8249,0.8249,0.8249,0.8249,0.8249,0.8249,0.8249,,,,,,,,,,,,,,
277,0,0.8249,0.8249,0.8249,0.8249,0.8249,0.8249,0.8249,0.8249,0.8249,,,,,,,,,,,,,,
278,0,0.8249,0.8249,0.8249,0.8249,0.8249,0.8249,0.8249,0.8249,0.8249,,,,,,,,,,,,,,
279,0,0.8249,0.8249,0.8249,0.8249,0.8249,0.8249,0.8249,0.8249,0.8249,,,,,,,,,,,,,,
280,0,0.8249,0.8249,0.8249,0.8249,0.8249,0.8249,0.8249,0.8249,0.8249,,,,,,,,,,,,,,
281,0,0.8249,0.8249,0.8249,0.8249,0.8249,0.8249,0.8249,0.8249,0.8249,,,,,,,,,,,,,,
282,0,0.8249,0.8249,0.8249,0.8249,0.8249,0.8249,0.8249,0.8249,0.8249,,,,,,,,,,,,,,
283,0,0.8249,0.8249,0.8249,0.8249,0.8249,0.8249,0.8249,0.8249,0.8249,,,,,,,,,,,,,,
284,0,0.8249,0.8249,0.8249,0.8249,0.8249,0.8249,0.8249,0.8249,0.8249,,,,,,,,,,,,,,
285,0,0.8249,0.8249,0.8249,0.8249,0.8249,0.8249,0.8249,0.8249,0.8249,,,,,,,,,,,,,,
286,0,0.8249,0.8249,0.8249,0.8249,0.8249,0.8249,0.8249,0.8249,0.8249,,,,,,,,,,,,,,
287,0,0.8249,0.8249,0.8249,0.8249,0.8249,0.8249,0.8249,0.8249,0.8249,,,,,,,,,,,,,,
288,0,0.8249,0.8249,0.8249,0.8249,0.8249,0.8249,0.8249,0.8249,0.8249,,,,,,,,,,,,,,
289,0,0.8249,0.8249,0.8249,0.8249,0.8249,0.8249,0.8249,0.8249,0.8249,,,,,,,,,,,,,,
290,0,0.8249,0.8249,0.8249,0.8249,0.8249,0.8249,0.8249,0.8249,0.8249,,,,,,,,,,,,,,
291,0,0.8249,0.8249,0.8249,0.8249,0.8249,0.8249,0.8249,0.8249,0.8249,,,,,,,,,,,,,,
292,0,0.8249,0.8249,0.8249,0.8249,0.8249,0.8249,0.8249,0.8249,0.8249,,,,,,,,,,,,,,
293,0,0.8249,0.8249,0.8249,0.8249,0.8249,0.8249,0.8249,0.8249,0.8249,,,,,,,,,,,,,,
294,0,0.8249,0.8249,0.8249,0.8249,0.8249,0.8249,0.8249,0.8249,0.8249,,,,,,,,,,,,,,
295,0,0.8249,0.8249,0.8249,0.8249,0.8249,0.8249,0.8249,0.8249,0.8249,,,,,,,,,,,,,,
296,0,0.8249,0.8249,0.8249,0.8249,0.8249,0.8249,0.8249,0.8249,0.8249,,,,,,,,,,,,,,
297,0,0.8249,0.8249,0.8249,0.8249,0.8249,0.8249,0.8249,0.8249,0.8249,,,,,,,,,,,,,,
298,0,0.8249,0.8249,0.8249,0.8249,0.8249,0.8249,0.8249,0.8249,0.8249,,,,,,,,,,,,,,
299,0,0.8249,0.8249,0.8249,0.8249,0.8249,0.8249,0.8249,0.8249,0.8249,,,,,,,,,,,,,,
300,0,0.8249,0.8249,0.8249,0.8249,0.8249,0.8249,0.8249,0.8249,0.8249,,,,,,,,,,,,,,
301,0,0.8249,0.8249,0.8249,0.8249,0.8249,0.8249,0.8249,0.8249,0.8249,,,,,,,,,,,,,,
302,0,0.8249,0.8249,0.8249,0.8249,0.8249,0.8249,0.8249,0.8249,0.8249,,,,,,,,,,,,,,
303,0,0.8249,0.8249,0.8249,0.8249,0.8249,0.8249,0.8249,0.8249,0.8249,,,,,,,,,,,,,,
304,0,0.8249,0.8249,0.8249,0.8249,0.8249,0.8249,0.8249,0.8249,0.8249,,,,,,,,,,,,,,
305,0,0.8249,0.8249,0.8249,0.8249,0.8249,0.8249,0.8249,0.8249,0.8249,,,,,,,,,,,,,,
306,0,0.8249,0.8249,0.8249,0.8249,0.8249,0.8249,0.8249,0.8249,0.8249,,,,,,,,,,,,,,
307,0,0.8249,0.8249,0.8249,0.8249,0.8249,0.8249,0.8249,0.8249,0.8249,,,,,,,,,,,,,,
308,0,0.8249,0.8249,0.8249,0.8249,0.8249,0.8249,0.8249,0.8249,0.8249,,,,,,,,,,,,,,
309,0,0.8249,0.8249,0.8249,0.8249,0.8249,0.8249,0.8249,0.8249,0.8249,,,,,,,,,,,,,,
310,0,0.8249,0.8249,0.8249,0.8249,0.8249,0.8249,0.8249,0.8249,0.8249,,,,,,,,,,,,,,
311,0,0.8249,0.8249,0.8249,0.8249,0.8249,0.8249,0.8249,0.8249,0.8249,,,,,,,,,,,,,,
312,0,0.8249,0.8249,0.8249,0.8249,0.8249,0.8249,0.8249,0.8249,0.8249,,,,,,,,,,,,,,
313,0,0.8249,0.8249,0.8249,0.8249,0.8249,0.8249,0.8249,0.8249,0.8249,,,,,,,,,,,,,,
314,0,0.8249,0.8249,0.8249,0.8249,0.8249,0.8249,0.8249,0.8249,0.8249,,,,,,,,,,,,,,
315,0,0.8249,0.8249,0.8249,0.8249,0.8249,0.8249,0.8249,0.8249,0.8249,,,,,,,,,,,,,,
316,0,0.8249,0.8249,0.8249,0.8249,0.8249,0.8249,0.8249,0.8249,0.8249,,,,,,,,,,,,,,
317,0,0.8249,0.8249,0.8249,0.8249,0.8249,0.8249,0.8249,0.8249,0.8249,,,,,,,,,,,,,,
318,0,0.8249,0.8249,0.8249,0.8249,0.8249,0.8249,0.8249,0.8249,0.8249,,,,,,,,,,,,,,
319,0,0.8249,0.8249,0.8249,0.8249,0.8249,0.8249,0.8249,0.8249,0.8249,,,,,,,,,,,,,,
320,0,0.8249,0.8249,0.8249,0.8249,0.8249,0.8249,0.8249,0.8249,0.8249,,,,,,,,,,,,,,
321,0,0.8249,0.8249,0.8249,0.8249,0.8249,0.8249,0.8249,0.8249,0.8249,,,,,,,,,,,,,,
322,0,0.8249,0.8249,0.8249,0.8249,0.8249,0.8249,0.8249,0.8249,0.8249,,,,,,,,,,,,,,
323,0,0.8249,0.8249,0.8249,0.8249,0.8249,0.8249,0.8249,0.8249,0.8249,,,,,,,,,,,,,,
324,0,0.8249,0.8249,0.8249,0.8249,0.8249,0.8249,0.8249,0.8249,0.8249,,,,,,,,,,,,,,
325,0,0.8249,0.8249,0.8249,0.8249,0.8249,0.8249,0.8249,0.8249,0.8249,,,,,,,,,,,,,,
326,0,0.8249,0.8249,0.8249,0.8249,0.8249,0.8249,0.8249,0.8249,0.8249,,,,,,,,,,,,,,
327,0,0.8249,0.8249,0.8249,0.8249,0.8249,0.8249,0.8249,0.8249,0.8249,,,,,,,,,,,,,,
328,0,0.8249,0.8249,0.8249,0.8249,0.8249,0.8249,0.8249,0.8249,0.8249,,,,,,,,,,,,,,
329,0,0.8249,0.8249,0.8249,0.8249,0.8249,0.8249,0.8249,0.8249,0.8249,,,,,,,,,,,,,,
330,0,0.8249,0.8249,0.8249,0.8249,0.8249,0.8249,0.8249,0.8249,0.8249,,,,,,,,,,,,,,
331,0,0.8249,0.8249,0.8249,0.8249,0.8249,0.8249,0.8249,0.8249,0.8249,,,,,,,,,,,,,,
332,0,0.8249,0.8249,0.8249,0.8249,0.8249,0.8249,0.8249,0.8249,0.8249,,,,,,,,,,,,,,
333,0,0.8249,0.8249,0.8249,0.8249,0.8249,0.8249,0.8249,0.8249,0.8249,,,,,,,,,,,,,,
334,0,0.8249,0.8249,0.8249,0.8249,0.8249,0.8249,0.8249,0.8249,0.8249,,,,,,,,,,,,,,
335,0,0.8249,0.8249,0.8249,0.8249,0.8249,0.8249,0.8249,0.8249,0.8249,,,,,,,,,,,,,,
336,0,0.8249,0.8249,0.8249,0.8249,0.8249,0.8249,0.8249,0.8249,0.8249,,,,,,,,,,,,,,
337,0,0.8249,0.8249,0.8249,0.8249,0.8249,0.8249,0.8249,0.8249,0.8249,,,,,,,,,,,,,,
338,0,0.8249,0.8249,0.8249,0.8249,0.8249,0.8249,0.8249,0.8249,0.8249,,,,,,,,,,,,,,
339,0,0.8249,0.8249,0.8249,0.8249,0.8249,0.8249,0.8249,0.8249,0.8249,,,,,,,,,,,,,,
340,0,0.8249,0.8249,0.8249,0.8249,0.8249,0.8249,0.8249,0.8249,0.8249,,,,,,,,,,,,,,
341,0,0.8249,0.8249,0.8249,0.8249,0.8249,0.8249,0.8249,0.8249,0.8249,,,,,,,,,,,,,,
342,0,0.8249,0.8249,0.8249,0.8249,0.8249,0.8249,0.8249,0.8249,0.8249,,,,,,,,,,,,,,
343,0,0.8249,0.8249,0.8249,0.8249,0.8249,0.8249,0.8249,0.8249,0.8249,,,,,,,,,,,,,,
344,0,0.8249,0.8249,0.8249,0.8249,0.8249,0.8249,0.8249,0.8249,0.8249,,,,,,,,,,,,,,
345,0,0.8249,0.8249,0.8249,0.8249,0.8249,0.8249,0.8249,0.8249,0.8249,,,,,,,,,,,,,,
346,0,0.8249,0.8249,0.8249,0.8249,0.8249,0.8249,0.8249,0.8249,0.8249,,,,,,,,,,,,,,
347,0,0.8249,0.8249,0.8249,0.8249,0.8249,0.8249,0.8249,0.8249,0.8249,,,,,,,,,,,,,,
348,0,0.8249,0.8249,0.8249,0.8249,0.8249,0.8249,0.8249,0.8249,0.8249,,,,,,,,,,,,,,
349,0,0.8249,0.8249,0.8249,0.8249,0.8249,0.8249,0.8249,0.8249,0.8249,,,,,,,,,,,,,,
350,0,0.8249,0.8249,0.8249,0.8249,0.8249,0.8249,0.8249,0.8249,0.8249,,,,,,,,,,,,,,
351,0,0.8249,0.8249,0.8249,0.8249,0.8249,0.8249,0.8249,0.8249,0.8249,,,,,,,,,,,,,,
352,0,0.8249,0.8249,0.8249,0.8249,0.8249,0.8249,0.8249,0.8249,0.8249,,,,,,,,,,,,,,
353,0,0.8249,0.8249,0.8249,0.8249,0.8249,0.8249,0.8249,0.8249,0.8249,,,,,,,,,,,,,,
354,0,0.8249,0.8249,0.8249,0.8249,0.8249,0.8249,0.8249,0.8249,0.8249,,,,,,,,,,,,,,
355,0,0.8249,0.8249,0.8249,0.8249,0.8249,0.8249,0.8249,0.8249,0.8249,,,,,,,,,,,,,,
356,0,0.8249,0.8249,0.8249,0.8249,0.8249,0.8249,0.8249,0.8249,0.8249,,,,,,,,,,,,,,
357,0,0.8249,0.8249,0.8249,0.8249,0.8249,0.8249,0.8249,0.8249,0.8249,,,,,,,,,,,,,,
358,0,0.8249,0.8249,0.8249,0.8249,0.8249,0.8249,0.8249,0.8249,0.8249,,,,,,,,,,,,,,
359,0,0.8249,0.8249,0.8249,0.8249,0.8249,0.8249,0.8249,0.8249,0.8249,,,,,,,,,,,,,,
360,0,0.8249,0.8249,0.8249,0.8249,0.8249,0.8249,0.8249,0.8249,0.8249,,,,,,,,,,,,,,
361,0,0.8249,0.8249,0.8249,0.8249,0.8249,0.8249,0.8249,0.8249,0.8249,,,,,,,,,,,,,,
362,0,0.8249,0.8249,0.8249,0.8249,0.8249,0.8249,0.8249,0.8249,0.8249,,,,,,,,,,,,,,
363,0,0.8249,0.8249,0.8249,0.8249,0.8249,0.8249,0.8249,0.8249,0.8249,,,,,,,,,,,,,,
364,0,0.8249,0.8249,0.8249,0.8249,0.8249,0.8249,0.8249,0.8249,0.8249,,,,,,,,,,,,,,
365,0,0.8249,0.8249,0.8249,0.8249,0.8249,0.8249,0.8249,0.8249,0.8249,,,,,,,,,,,,,,
366,0,0.8249,0.8249,0.8249,0.8249,0.8249,0.8249,0.8249,0.8249,0.8249,,,,,,,,,,,,,,
367,0,0.8249,0.8249,0.8249,0.8249,0.8249,0.8249,0.8249,0.8249,0.8249,,,,,,,,,,,,,,
368,0,0.8249,0.8249,0.8249,0.8249,0.8249,0.8249,0.8249,0.8249,0.8249,,,,,,,,,,,,,,
369,0,0.8249,0.8249,0.8249,0.8249,0.8249,0.8249,0.8249,0.8249,0.8249,,,,,,,,,,,,,,
370,0,0.8249,0.8249,0.8249,0.8249,0.8249,0.8249,0.8249,0.8249,0.8249,,,,,,,,,,,,,,
371,0,0.8249,0.8249,0.8249,0.8249,0.8249,0.8249,0.8249,0.8249,0.8249,,,,,,,,,,,,,,
372,0,0.8249,0.8249,0.8249,0.8249,0.8249,0.8249,0.8249,0.8249,0.8249,,,,,,,,,,,,,,
373,0,0.8249,0.8249,0.8249,0.8249,0.8249,0.8249,0.8249,0.8249,0.8249,,,,,,,,,,,,,,
374,0,0.8249,0.8249,0.8249,0.8249,0.8249,0.8249,0.8249,0.8249,0.8249,,,,,,,,,,,,,,
375,0,0.8249,0.8249,0.8249,0.8249,0.8249,0.8249,0.8249,0.8249,0.8249,,,,,,,,,,,,,,
376,0,0.8249,0.8249,0.8249,0.8249,0.8249,0.8249,0.8249,0.8249,0.8249,,,,,,,,,,,,,,
377,0,0.8249,0.8249,0.8249,0.8249,0.8249,0.8249,0.8249,0.8249,0.8249,,,,,,,,,,,,,,
378,0,0.8249,0.8249,0.8249,0.8249,0.8249,0.8249,0.8249,0.8249,0.8249,,,,,,,,,,,,,,
379,0,0.8249,0.8249,0.8249,0.8249,0.8249,0.8249,0.8249,0.8249,0.8249,,,,,,,,,,,,,,
380,0,0.8249,0.8249,0.8249,0.8249,0.8249,0.8249,0.8249,0.8249,0.8249,,,,,,,,,,,,,,
381,0,0.8249,0.8249,0.8249,0.8249,0.8249,0.8249,0.8249,0.8249,0.8249,,,,,,,,,,,,,,
382,0,0.8249,0.8249,0.8249,0.8249,0.8249,0.8249,0.8249,0.8249,0.8249,,,,,,,,,,,,,,
383,0,0.8249,0.8249,0.8249,0.8249,0.8249,0.8249,0.8249,0.8249,0.8249,,,,,,,,,,,,,,
384,0,0.8249,0.8249,0.8249,0.8249,0.8249,0.8249,0.8249,0.8249,0.8249,,,,,,,,,,,,,,
385,0,0.8249,0.8249,0.8249,0.8249,0.8249,0.8249,0.8249,0.8249,0.8249,,,,,,,,,,,,,,
386,0,0.8249,0.8249,0.8249,0.8249,0.8249,0.8249,0.8249,0.8249,0.8249,,,,,,,,,,,,,,
387,0,0.8249,0.8249,0.8249,0.8249,0.8249,0.8249,0.8249,0.8249,0.8249,,,,,,,,,,,,,,
388,0,0.8249,0.8249,0.8249,0.8249,0.8249,0.8249,0.8249,0.8249,0.8249,,,,,,,,,,,,,,
389,0,0.8249,0.8249,0.8249,0.8249,0.8249,0.8249,0.8249,0.8249,0.8249,,,,,,,,,,,,,,
390,0,0.8249,0.8249,0.8249,0.8249,0.8249,0.8249,0.8249,0.8249,0.8249,,,,,,,,,,,,,,
391,0,0.8249,0.8249,0.8249,0.8249,0.8249,0.8249,0.8249,0.8249,0.8249,,,,,,,,,,,,,,
392,0,0.8249,0.8249,0.8249,0.8249,0.8249,0.8249,0.8249,0.8249,0.8249,,,,,,,,,,,,,,
393,0,0.8249,0.8249,0.8249,0.8249,0.8249,0.8249,0.8249,0.8249,0.8249,,,,,,,,,,,,,,
394,0,0.8249,0.8249,0.8249,0.8249,0.8249,0.8249,0.8249,0.8249,0.8249,,,,,,,,,,,,,,
395,0,0.8249,0.8249,0.8249,0.8249,0.8249,0.8249,0.8249,0.8249,0.8249,,,,,,,,,,,,,,
396,0,0.8249,0.8249,0.8249,0.8249,0.8249,0.8249,0.8249,0.8249,0.8249,,,,,,,,,,,,,,
397,0,0.8249,0.8249,0.8249,0.8249,0.8249,0.8249,0.8249,0.8249,0.8249,,,,,,,,,,,,,,
398,0,0.8249,0.8249,0.8249,0.8249,0.8249,0.8249,0.8249,0.8249,0.8249,,,,,,,,,,,,,,
399,0,0.8249,0.8249,0.8249,0.8249,0.8249,0.8249,0.8249,0.8249,0.8249,,,,,,,,,,,,,,
400,0,0.8249,0.8249,0.8249,0.8249,0.8249,0.8249,0.8249,0.8249,0.8249,,,,,,,,,,,,,,
401,0,0.8249,0.8249,0.8249,0.8249,0.8249,0.8249,0.8249,0.8249,0.8249,,,,,,,,,,,,,,
402,0,0.8249,0.8249,0.8249,0.8249,0.8249,0.8249,0.8249,0.8249,0.8249,,,,,,,,,,,,,,
403,0,0.8249,0.8249,0.8249,0.8249,0.8249,0.8249,0.8249,0.8249,0.8249,,,,,,,,,,,,,,
404,0,0.8249,0.8249,0.8249,0.8249,0.8249,0.8249,0.8249,0.8249,0.8249,,,,,,,,,,,,,,
405,0,0.8249,0.8249,0.8249,0.8249,0.8249,0.8249,0.8249,0.8249,0.8249,,,,,,,,,,,,,,
406,0,0.8249,0.8249,0.8249,0.8249,0.8249,0.8249,0.8249,0.8249,0.8249,,,,,,,,,,,,,,
407,0,0.8249,0.8249,0.8249,0.8249,0.8249,0.8249,0.8249,0.8249,0.8249,,,,,,,,,,,,,,
408,0,0.8249,0.8249,0.8249,0.8249,0.8249,0.8249,0.8249,0.8249,0.8249,,,,,,,,,,,,,,
409,0,0.8249,0.8249,0.8249,0.8249,0.8249,0.8249,0.8249,0.8249,0.8249,,,,,,,,,,,,,,
410,0,0.8249,0.8249,0.8249,0.8249,0.8249,0.8249,0.8249,0.8249,0.8249,,,,,,,,,,,,,,
411,0,0.8249,0.8249,0.8249,0.8249,0.8249,0.8249,0.8249,0.8249,0.8249,,,,,,,,,,,,,,
412,0,0.8249,0.8249,0.8249,0.8249,0.8249,0.8249,0.8249,0.8249,0.8249,,,,,,,,,,,,,,
413,0,0.8249,0.8249,0.8249,0.8249,0.8249,0.8249,0.8249,0.8249,0.8249,,,,,,,,,,,,,,
414,0,0.8249,0.8249,0.8249,0.8249,0.8249,0.8249,0.8249,0.8249,0.8249,,,,,,,,,,,,,,
415,0,0.8249,0.8249,0.8249,0.8249,0.8249,0.8249,0.8249,0.8249,0.8249,,,,,,,,,,,,,,
416,0,0.8249,0.8249,0.8249,0.8249,0.8249,0.8249,0.8249,0.8249,0.8249,,,,,,,,,,,,,,
417,0,0.8249,0.8249,0.8249,0.8249,0.8249,0.8249,0.8249,0.8249,0.8249,,,,,,,,,,,,,,
418,0,0.8249,0.8249,0.8249,0.8249,0.8249,0.8249,0.8249,0.8249,0.8249,,,,,,,,,,,,,,
419,0,0.8249,0.8249,0.8249,0.8249,0.8249,0.8249,0.8249,0.8249,0.8249,,,,,,,,,,,,,,
420,0,0.8249,0.8249,0.8249,0.8249,0.8249,0.8249,0.8249,0.8249,0.8249,,,,,,,,,,,,,,
421,0,0.8249,0.8249,0.8249,0.8249,0.8249,0.8249,0.8249,0.8249,0.8249,,,,,,,,,,,,,,
422,0,0.8249,0.8249,0.8249,0.8249,0.8249,0.8249,0.8249,0.8249,0.8249,,,,,,,,,,,,,,
423,0,0.8249,0.8249,0.8249,0.8249,0.8249,0.8249,0.8249,0.8249,0.8249,,,,,,,,,,,,,,
424,0,0.8249,0.8249,0.8249,0.8249,0.8249,0.8249,0.8249,0.8249,0.8249,,,,,,,,,,,,,,
425,0,0.8249,0.8249,0.8249,0.8249,0.8249,0.8249,0.8249,0.8249,0.8249,,,,,,,,,,,,,,
426,0,0.8249,0.8249,0.8249,0.8249,0.8249,0.8249,0.8249,0.8249,0.8249,,,,,,,,,,,,,,
427,0,0.8249,0.8249,0.8249,0.8249,0.8249,0.8249,0.8249,0.8249,0.8249,,,,,,,,,,,,,,
428,0,0.8249,0.8249,0.8249,0.8249,0.8249,0.8249,0.8249,0.8249,0.8249,,,,,,,,,,,,,,
429,0,0.8249,0.8249,0.8249,0.8249,0.8249,0.8249,0.8249,0.8249,0.8249,,,,,,,,,,,,,,
430,0,0.8249,0.8249,0.8249,0.8249,0.8249,0.8249,0.8249,0.8249,0.8249,,,,,,,,,,,,,,
431,0,0.8249,0.8249,0.8249,0.8249,0.8249,0.8249,0.8249,0.8249,0.8249,,,,,,,,,,,,,,
432,0,0.8249,0.8249,0.8249,0.8249,0.8249,0.8249,0.8249,0.8249,0.8249,,,,,,,,,,,,,,
433,0,0.8249,0.8249,0.8249,0.8249,0.8249,0.8249,0.8249,0.8249,0.8249,,,,,,,,,,,,,,
434,0,0.8249,0.8249,0.8249,0.8249,0.8249,0.8249,0.8249,0.8249,0.8249,,,,,,,,,,,,,,
435,0,0.8249,0.8249,0.8249,0.8249,0.8249,0.8249,0.8249,0.8249,0.8249,,,,,,,,,,,,,,
436,0,0.8249,0.8249,0.8249,0.8249,0.8249,0.8249,0.8249,0.8249,0.8249,,,,,,,,,,,,,,
437,0,0.8249,0.8249,0.8249,0.8249,0.8249,0.8249,0.8249,0.8249,0.8249,,,,,,,,,,,,,,
438,0,0.8249,0.8249,0.8249,0.8249,0.8249,0.8249,0.8249,0.8249,0.8249,,,,,,,,,,,,,,
439,0,0.8249,0.8249,0.8249,0.8249,0.8249,0.8249,0.8249,0.8249,0.8249,,,,,,,,,,,,,,
440,0,0.8249,0.8249,0.8249,0.8249,0.8249,0.8249,0.8249,0.8249,0.8249,,,,,,,,,,,,,,
441,0,0.8249,0.8249,0.8249,0.8249,0.8249,0.8249,0.8249,0.8249,0.8249,,,,,,,,,,,,,,
442,0,0.8249,0.8249,0.8249,0.8249,0.8249,0.8249,0.8249,0.8249,0.8249,,,,,,,,,,,,,,
443,0,0.8249,0.8249,0.8249,0.8249,0.8249,0.8249,0.8249,0.8249,0.8249,,,,,,,,,,,,,,
444,0,0.8249,0.8249,0.8249,0.8249,0.8249,0.8249,0.8249,0.8249,0.8249,,,,,,,,,,,,,,
445,0,0.8249,0.8249,0.8249,0.8249,0.8249,0.8249,0.8249,0.8249,0.8249,,,,,,,,,,,,,,
446,0,0.8249,0.8249,0.8249,0.8249,0.8249,0.8249,0.8249,0.8249,0.8249,,,,,,,,,,,,,,
447,0,0.8249,0.8249,0.8249,0.8249,0.8249,0.8249,0.8249,0.8249,0.8249,,,,,,,,,,,,,,
448,0,0.8249,0.8249,0.8249,0.8249,0.8249,0.8249,0.8249,0.8249,0.8249,,,,,,,,,,,,,,
449,0,0.8249,0.8249,0.8249,0.8249,0.8249,0.8249,0.8249,0.8249,0.8249,,,,,,,,,,,,,,
450,0,0.8249,0.8249,0.8249,0.8249,0.8249,0.8249,0.8249,0.8249,0.8249,,,,,,,,,,,,,,
451,0,0.8249,0.8249,0.8249,0.8249,0.8249,0.8249,0.8249,0.8249,0.8249,,,,,,,,,,,,,,
452,0,0.8249,0.8249,0.8249,0.8249,0.8249,0.8249,0.8249,0.8249,0.8249,,,,,,,,,,,,,,
453,0,0.8249,0.8249,0.8249,0.8249,0.8249,0.8249,0.8249,0.8249,0.8249,,,,,,,,,,,,,,
454,0,0.8249,0.8249,0.8249,0.8249,0.8249,0.8249,0.8249,0.8249,0.8249,,,,,,,,,,,,,,
455,0,0.8249,0.8249,0.8249,0.8249,0.8249,0.8249,0.8249,0.8249,0.8249,,,,,,,,,,,,,,
456,0,0.8249,0.8249,0.8249,0.8249,0.8249,0.8249,0.8249,0.8249,0.8249,,,,,,,,,,,,,,
457,0,0.8249,0.8249,0.8249,0.8249,0.8249,0.8249,0.8249,0.8249,0.8249,,,,,,,,,,,,,,
458,0,0.8249,0.8249,0.8249,0.8249,0.8249,0.8249,0.8249,0.8249,0.8249,,,,,,,,,,,,,,
459,0,0.8249,0.8249,0.8249,0.8249,0.8249,0.8249,0.8249,0.8249,0.8249,,,,,,,,,,,,,,
460,0,0.8249,0.8249,0.8249,0.8249,0.8249,0.8249,0.8249,0.8249,0.8249,,,,,,,,,,,,,,
461,0,0.8249,0.8249,0.8249,0.8249,0.8249,0.8249,0.8249,0.8249,0.8249,,,,,,,,,,,,,,
462,0,0.8249,0.8249,0.8249,0.8249,0.8249,0.8249,0.8249,0.8249,0.8249,,,,,,,,,,,,,,
463,0,0.8249,0.8249,0.8249,0.8249,0.8249,0.8249,0.8249,0.8249,0.8249,,,,,,,,,,,,,,
464,0,0.8249,0.8249,0.8249,0.8249,0.8249,0.8249,0.8249,0.8249,0.8249,,,,,,,,,,,,,,
465,0,0.8249,0.8249,0.8249,0.8249,0.8249,0.8249,0.8249,0.8249,0.8249,,,,,,,,,,,,,,
466,0,0.8249,0.8249,0.8249,0.8249,0.8249,0.8249,0.8249,0.8249,0.8249,,,,,,,,,,,,,,
467,0,0.8249,0.8249,0.8249,0.8249,0.8249,0.8249,0.8249,0.8249,0.8249,,,,,,,,,,,,,,
468,0,0.8249,0.8249,0.8249,0.8249,0.8249,0.8249,0.8249,0.8249,0.8249,,,,,,,,,,,,,,
469,0,0.8249,0.8249,0.8249,0.8249,0.8249,0.8249,0.8249,0.8249,0.8249,,,,,,,,,,,,,,
470,0,0.8249,0.8249,0.8249,0.8249,0.8249,0.8249,0.8249,0.8249,0.8249,,,,,,,,,,,,,,
471,0,0.8249,0.8249,0.8249,0.8249,0.8249,0.8249,0.8249,0.8249,0.8249,,,,,,,,,,,,,,
472,0,0.8249,0.8249,0.8249,0.8249,0.8249,0.8249,0.8249,0.8249,0.8249,,,,,,,,,,,,,,
473,0,0.8249,0.8249,0.8249,0.8249,0.8249,0.8249,0.8249,0.8249,0.8249,,,,,,,,,,,,,,
474,0,0.8249,0.8249,0.8249,0.8249,0.8249,0.8249,0.8249,0.8249,0.8249,,,,,,,,,,,,,,
475,0,0.8249,0.8249,0.8249,0.8249,0.8249,0.8249,0.8249,0.8249,0.8249,,,,,,,,,,,,,,
476,0,0.8249,0.8249,0.8249,0.8249,0.8249,0.8249,0.8249,0.8249,0.8249,,,,,,,,,,,,,,
477,0,0.8249,0.8249,0.8249,0.8249,0.8249,0.8249,0.8249,0.8249,0.8249,,,,,,,,,,,,,,
478,0,0.8249,0.8249,0.8249,0.8249,0.8249,0.8249,0.8249,0.8249,0.8249,,,,,,,,,,,,,,
479,0,0.8249,0.8249,0.8249,0.8249,0.8249,0.8249,0.8249,0.8249,0.8249,,,,,,,,,,,,,,
480,0,0.8249,0.8249,0.8249,0.8249,0.8249,0.8249,0.8249,0.8249,0.8249,,,,,,,,,,,,,,
481,0,0.8249,0.8249,0.8249,0.8249,0.8249,0.8249,0.8249,0.8249,0.8249,,,,,,,,,,,,,,
482,0,0.8249,0.8249,0.8249,0.8249,0.8249,0.8249,0.8249,0.8249,0.8249,,,,,,,,,,,,,,
483,0,0.8249,0.8249,0.8249,0.8249,0.8249,0.8249,0.8249,0.8249,0.8249,,,,,,,,,,,,,,
484,0,0.8249,0.8249,0.8249,0.8249,0.8249,0.8249,0.8249,0.8249,0.8249,,,,,,,,,,,,,,
485,0,0.8249,0.8249,0.8249,0.8249,0.8249,0.8249,0.8249,0.8249,0.8249,,,,,,,,,,,,,,
486,0,0.8249,0.8249,0.8249,0.8249,0.8249,0.8249,0.8249,0.8249,0.8249,,,,,,,,,,,,,,
487,0,0.8249,0.8249,0.8249,0.8249,0.8249,0.8249,0.8249,0.8249,0.8249,,,,,,,,,,,,,,
488,0,0.8249,0.8249,0.8249,0.8249,0.8249,0.8249,0.8249,0.8249,0.8249,,,,,,,,,,,,,,
489,0,0.8249,0.8249,0.8249,0.8249,0.8249,0.8249,0.8249,0.8249,0.8249,,,,,,,,,,,,,,
490,0,0.8249,0.8249,0.8249,0.8249,0.8249,0.8249,0.8249,0.8249,0.8249,,,,,,,,,,,,,,
491,0,0.8249,0.8249,0.8249,0.8249,0.8249,0.8249,0.8249,0.8249,0.8249,,,,,,,,,,,,,,
492,0,0.8249,0.8249,0.8249,0.8249,0.8249,0.8249,0.8249,0.8249,0.8249,,,,,,,,,,,,,,
493,0,0.8249,0.8249,0.8249,0.8249,0.8249,0.8249,0.8249,0.8249,0.8249,,,,,,,,,,,,,,
494,0,0.8249,0.8249,0.8249,0.8249,0.8249,0.8249,0.8249,0.8249,0.8249,,,,,,,,,,,,,,
495,0,0.8249,0.8249,0.8249,0.8249,0.8249,0.8249,0.8249,0.8249,0.8249,,,,,,,,,,,,,,
496,0,0.8249,0.8249,0.8249,0.8249,0.8249,0.8249,0.8249,0.8249,0.8249,,,,,,,,,,,,,,
497,0,0.8249,0.8249,0.8249,0.8249,0.8249,0.8249,0.8249,0.8249,0.8249,,,,,,,,,,,,,,
498,0,0.8249,0.8249,0.8249,0.8249,0.8249,0.8249,0.8249,0.8249,0.8249,,,,,,,,,,,,,,
499,0,0.8249,0.8249,0.8249,0.8249,0.8249,0.8249,0.8249,0.8249,0.8249,,,,,,,,,,,,,,
500,0,0.8249,0.8249,0.8249,0.8249,0.8249,0.8249,0.8249,0.8249,0.8249,,,,,,,,,,,,,,
501,0,0.8249,0.8249,0.8249,0.8249,0.8249,0.8249,0.8249,0.8249,0.8249,,,,,,,,,,,,,,
502,0,0.8249,0.8249,0.8249,0.8249,0.8249,0.8249,0.8249,0.8249,0.8249,,,,,,,,,,,,,,
503,0,0.8249,0.8249,0.8249,0.8249,0.8249,0.8249,0.8249,0.8249,0.8249,,,,,,,,,,,,,,
504,0,0.8249,0.8249,0.8249,0.8249,0.8249,0.8249,0.8249,0.8249,0.8249,,,,,,,,,,,,,,
505,0,0.8249,0.8249,0.8249,0.8249,0.8249,0.8249,0.8249,0.8249,0.8249,,,,,,,,,,,,,,
506,0,0.8249,0.8249,0.8249,0.8249,0.8249,0.8249,0.8249,0.8249,0.8249,,,,,,,,,,,,,,
507,0,0.8249,0.8249,0.8249,0.8249,0.8249,0.8249,0.8249,0.8249,0.8249,,,,,,,,,,,,,,
508,0,0.8249,0.8249,0.8249,0.8249,0.8249,0.8249,0.8249,0.8249,0.8249,,,,,,,,,,,,,,
509,0,0.8249,0.8249,0.8249,0.8249,0.8249,0.8249,0.8249,0.8249,0.8249,,,,,,,,,,,,,,
510,0,0.8249,0.8249,0.8249,0.8249,0.8249,0.8249,0.8249,0.8249,0.8249,,,,,,,,,,,,,,
511,0,0.8249,0.8249,0.8249,0.8249,0.8249,0.8249,0.8249,0.8249,0.8249,,,,,,,,,,,,,,
512,0,0.8249,0.8249,0.8249,0.8249,0.8249,0.8249,0.8249,0.8249,0.8249,,,,,,,,,,,,,,
513,0,0.8249,0.8249,0.8249,0.8249,0.8249,0.8249,0.8249,0.8249,0.8249,,,,,,,,,,,,,,
514,0,0.8249,0.8249,0.8249,0.8249,0.8249,0.8249,0.8249,0.8249,0.8249,,,,,,,,,,,,,,
515,0,0.8249,0.8249,0.8249,0.8249,0.8249,0.8249,0.8249,0.8249,0.8249,,,,,,,,,,,,,,
516,0,0.8249,0.8249,0.8249,0.8249,0.8249,0.8249,0.8249,0.8249,0.8249,,,,,,,,,,,,,,
517,0,0.8249,0.8249,0.8249,0.8249,0.8249,0.8249,0.8249,0.8249,0.8249,,,,,,,,,,,,,,
518,0,0.8249,0.8249,0.8249,0.8249,0.8249,0.8249,0.8249,0.8249,0.8249,,,,,,,,,,,,,,
519,0,0.8249,0.8249,0.8249,0.8249,0.8249,0.8249,0.8249,0.8249,0.8249,,,,,,,,,,,,,,
520,0,0.8249,0.8249,0.8249,0.8249,0.8249,0.8249,0.8249,0.8249,0.8249,,,,,,,,,,,,,,
521,0,0.8249,0.8249,0.8249,0.8249,0.8249,0.8249,0.8249,0.8249,0.8249,,,,,,,,,,,,,,
522,0,0.8249,0.8249,0.8249,0.8249,0.8249,0.8249,0.8249,0.8249,0.8249,,,,,,,,,,,,,,
523,0,0.8249,0.8249,0.8249,0.8249,0.8249,0.8249,0.8249,0.8249,0.8249,,,,,,,,,,,,,,
524,0,0.8249,0.8249,0.8249,0.8249,0.8249,0.8249,0.8249,0.8249,0.8249,,,,,,,,,,,,,,
525,0,0.8249,0.8249,0.8249,0.8249,0.8249,0.8249,0.8249,0.8249,0.8249,,,,,,,,,,,,,,
526,0,0.8249,0.8249,0.8249,0.8249,0.8249,0.8249,0.8249,0.8249,0.8249,,,,,,,,,,,,,,
527,0,0.8249,0.8249,0.8249,0.8249,0.8249,0.8249,0.8249,0.8249,0.8249,,,,,,,,,,,,,,
528,0,0.8249,0.8249,0.8249,0.8249,0.8249,0.8249,0.8249,0.8249,0.8249,,,,,,,,,,,,,,
529,0,0.8249,0.8249,0.8249,0.8249,0.8249,0.8249,0.8249,0.8249,0.8249,,,,,,,,,,,,,,
530,0,0.8249,0.8249,0.8249,0.8249,0.8249,0.8249,0.8249,0.8249,0.8249,,,,,,,,,,,,,,
531,0,0.8249,0.8249,0.8249,0.8249,0.8249,0.8249,0.8249,0.8249,0.8249,,,,,,,,,,,,,,
532,0,0.8249,0.8249,0.8249,0.8249,0.8249,0.8249,0.8249,0.8249,0.8249,,,,,,,,,,,,,,
533,0,0.8249,0.8249,0.8249,0.8249,0.8249,0.8249,0.8249,0.8249,0.8249,,,,,,,,,,,,,,
534,0,0.8249,0.8249,0.8249,0.8249,0.8249,0.8249,0.8249,0.8249,0.8249,,,,,,,,,,,,,,
535,0,0.8249,0.8249,0.8249,0.8249,0.8249,0.8249,0.8249,0.8249,0.8249,,,,,,,,,,,,,,
536,0,0.8249,0.8249,0.8249,0.8249,0.8249,0.8249,0.8249,0.8249,0.8249,,,,,,,,,,,,,,
537,0,0.8249,0.8249,0.8249,0.8249,0.8249,0.8249,0.8249,0.8249,0.8249,,,,,,,,,,,,,,
538,0,0.8249,0.8249,0.8249,0.8249,0.8249,0.8249,0.8249,0.8249,0.8249,,,,,,,,,,,,,,
539,0,0.8249,0.8249,0.8249,0.8249,0.8249,0.8249,0.8249,0.8249,0.8249,,,,,,,,,,,,,,
540,0,0.8249,0.8249,0.8249,0.8249,0.8249,0.8249,0.8249,0.8249,0.8249,,,,,,,,,,,,,,
541,0,0.8249,0.8249,0.8249,0.8249,0.8249,0.8249,0.8249,0.8249,0.8249,,,,,,,,,,,,,,
542,0,0.8249,0.8249,0.8249,0.8249,0.8249,0.8249,0.8249,0.8249,0.8249,,,,,,,,,,,,,,
543,0,0.8249,0.8249,0.8249,0.8249,0.8249,0.8249,0.8249,0.8249,0.8249,,,,,,,,,,,,,,
544,0,0.8249,0.8249,0.8249,0.8249,0.8249,0.8249,0.8249,0.8249,0.8249,,,,,,,,,,,,,,
545,0,0.8249,0.8249,0.8249,0.8249,0.8249,0.8249,0.8249,0.8249,0.8249,,,,,,,,,,,,,,
546,0,0.8249,0.8249,0.8249,0.8249,0.8249,0.8249,0.8249,0.8249,0.8249,,,,,,,,,,,,,,
547,0,0.8249,0.8249,0.8249,0.8249,0.8249,0.8249,0.8249,0.8249,0.8249,,,,,,,,,,,,,,
548,0,0.8249,0.8249,0.8249,0.8249,0.8249,0.8249,0.8249,0.8249,0.8249,,,,,,,,,,,,,,
549,0,0.8249,0.8249,0.8249,0.8249,0.8249,0.8249,0.8249,0.8249,0.8249,,,,,,,,,,,,,,
550,0,0.8249,0.8249,0.8249,0.8249,0.8249,0.8249,0.8249,0.8249,0.8249,,,,,,,,,,,,,,
551,0,0.8249,0.8249,0.8249,0.8249,0.8249,0.8249,0.8249,0.8249,0.8249,,,,,,,,,,,,,,
552,0,0.8249,0.8249,0.8249,0.8249,0.8249,0.8249,0.8249,0.8249,0.8249,,,,,,,,,,,,,,
553,0,0.8249,0.8249,0.8249,0.8249,0.8249,0.8249,0.8249,0.8249,0.8249,,,,,,,,,,,,,,
554,0,0.8249,0.8249,0.8249,0.8249,0.8249,0.8249,0.8249,0.8249,0.8249,,,,,,,,,,,,,,
555,0,0.8249,0.8249,0.8249,0.8249,0.8249,0.8249,0.8249,0.8249,0.8249,,,,,,,,,,,,,,
556,0,0.8249,0.8249,0.8249,0.8249,0.8249,0.8249,0.8249,0.8249,0.8249,,,,,,,,,,,,,,
557,0,0.8249,0.8249,0.8249,0.8249,0.8249,0.8249,0.8249,0.8249,0.8249,,,,,,,,,,,,,,
558,0,0.8249,0.8249,0.8249,0.8249,0.8249,0.8249,0.8249,0.8249,0.8249,,,,,,,,,,,,,,
559,0,0.8249,0.8249,0.8249,0.8249,0.8249,0.8249,0.8249,0.8249,0.8249,,,,,,,,,,,,,,
560,0,0.8249,0.8249,0.8249,0.8249,0.8249,0.8249,0.8249,0.8249,0.8249,,,,,,,,,,,,,,
561,0,0.8249,0.8249,0.8249,0.8249,0.8249,0.8249,0.8249,0.8249,0.8249,,,,,,,,,,,,,,
562,0,0.8249,0.8249,0.8249,0.8249,0.8249,0.8249,0.8249,0.8249,0.8249,,,,,,,,,,,,,,
563,0,0.8249,0.8249,0.8249,0.8249,0.8249,0.8249,0.8249,0.8249,0.8249,,,,,,,,,,,,,,
564,0,0.8249,0.8249,0.8249,0.8249,0.8249,0.8249,0.8249,0.8249,0.8249,,,,,,,,,,,,,,
565,0,0.8249,0.8249,0.8249,0.8249,0.8249,0.8249,0.8249,0.8249,0.8249,,,,,,,,,,,,,,
566,0,0.8249,0.8249,0.8249,0.8249,0.8249,0.8249,0.8249,0.8249,0.8249,,,,,,,,,,,,,,
567,0,0.8249,0.8249,0.8249,0.8249,0.8249,0.8249,0.8249,0.8249,0.8249,,,,,,,,,,,,,,
568,0,0.8249,0.8249,0.8249,0.8249,0.8249,0.8249,0.8249,0.8249,0.8249,,,,,,,,,,,,,,
569,0,0.8249,0.8249,0.8249,0.8249,0.8249,0.8249,0.8249,0.8249,0.8249,,,,,,,,,,,,,,
570,0,0.8249,0.8249,0.8249,0.8249,0.8249,0.8249,0.8249,0.8249,0.8249,,,,,,,,,,,,,,
571,0,0.8249,0.8249,0.8249,0.8249,0.8249,0.8249,0.8249,0.8249,0.8249,,,,,,,,,,,,,,
572,0,0.8249,0.8249,0.8249,0.8249,0.8249,0.8249,0.8249,0.8249,0.8249,,,,,,,,,,,,,,
573,0,0.8249,0.8249,0.8249,0.8249,0.8249,0.8249,0.8249,0.8249,0.8249,,,,,,,,,,,,,,
574,0,0.8249,0.8249,0.8249,0.8249,0.8249,0.8249,0.8249,0.8249,0.8249,,,,,,,,,,,,,,
575,0,0.8249,0.8249,0.8249,0.8249,0.8249,0.8249,0.8249,0.8249,0.8249,,,,,,,,,,,,,,
576,0,0.8249,0.8249,0.8249,0.8249,0.8249,0.8249,0.8249,0.8249,0.8249,,,,,,,,,,,,,,
577,0,0.8249,0.8249,0.8249,0.8249,0.8249,0.8249,0.8249,0.8249,0.8249,,,,,,,,,,,,,,
578,0,0.8249,0.8249,0.8249,0.8249,0.8249,0.8249,0.8249,0.8249,0.8249,,,,,,,,,,,,,,
579,0,0.8249,0.8249,0.8249,0.8249,0.8249,0.8249,0.8249,0.8249,0.8249,,,,,,,,,,,,,,
580,0,0.8249,0.8249,0.8249,0.8249,0.8249,0.8249,0.8249,0.8249,0.8249,,,,,,,,,,,,,,
581,0,0.8249,0.8249,0.8249,0.8249,0.8249,0.8249,0.8249,0.8249,0.8249,,,,,,,,,,,,,,
582,0,0.8249,0.8249,0.8249,0.8249,0.8249,0.8249,0.8249,0.8249,0.8249,,,,,,,,,,,,,,
583,0,0.8249,0.8249,0.8249,0.8249,0.8249,0.8249,0.8249,0.8249,0.8249,,,,,,,,,,,,,,
584,0,0.8249,0.8249,0.8249,0.8249,0.8249,0.8249,0.8249,0.8249,0.8249,,,,,,,,,,,,,,
585,0,0.8249,0.8249,0.8249,0.8249,0.8249,0.8249,0.8249,0.8249,0.8249,,,,,,,,,,,,,,
586,0,0.8249,0.8249,0.8249,0.8249,0.8249,0.8249,0.8249,0.8249,0.8249,,,,,,,,,,,,,,
587,0,0.8249,0.8249,0.8249,0.8249,0.8249,0.8249,0.8249,0.8249,0.8249,,,,,,,,,,,,,,
588,0,0.8249,0.8249,0.8249,0.8249,0.8249,0.8249,0.8249,0.8249,0.8249,,,,,,,,,,,,,,
589,0,0.8249,0.8249,0.8249,0.8249,0.8249,0.8249,0.8249,0.8249,0.8249,,,,,,,,,,,,,,
590,0,0.8249,0.8249,0.8249,0.8249,0.8249,0.8249,0.8249,0.8249,0.8249,,,,,,,,,,,,,,
591,0,0.8249,0.8249,0.8249,0.8249,0.8249,0.8249,0.8249,0.8249,0.8249,,,,,,,,,,,,,,
592,0,0.8249,0.8249,0.8249,0.8249,0.8249,0.8249,0.8249,0.8249,0.8249,,,,,,,,,,,,,,
593,0,0.8249,0.8249,0.8249,0.8249,0.8249,0.8249,0.8249,0.8249,0.8249,,,,,,,,,,,,,,
594,0,0.8249,0.8249,0.8249,0.8249,0.8249,0.8249,0.8249,0.8249,0.8249,,,,,,,,,,,,,,
595,0,0.8249,0.8249,0.8249,0.8249,0.8249,0.8249,0.8249,0.8249,0.8249,,,,,,,,,,,,,,
596,0,0.8249,0.8249,0.8249,0.8249,0.8249,0.8249,0.8249,0.8249,0.8249,,,,,,,,,,,,,,
597,0,0.8249,0.8249,0.8249,0.8249,0.8249,0.8249,0.8249,0.8249,0.8249,,,,,,,,,,,,,,
598,0,0.8249,0.8249,0.8249,0.8249,0.8249,0.8249,0.8249,0.8249,0.8249,,,,,,,,,,,,,,
599,0,0.8249,0.8249,0.8249,0.8249,0.8249,0.8249,0.8249,0.8249,0.8249,,,,,,,,,,,,,,
600,0,0.8249,0.8249,0.8249,0.8249,0.8249,0.8249,0.8249,0.8249,0.8249,,,,,,,,,,,,,,
601,0,0.8249,0.8249,0.8249,0.8249,0.8249,0.8249,0.8249,0.8249,0.8249,,,,,,,,,,,,,,
602,0,0.8249,0.8249,0.8249,0.8249,0.8249,0.8249,0.8249,0.8249,0.8249,,,,,,,,,,,,,,
603,0,0.8249,0.8249,0.8249,0.8249,0.8249,0.8249,0.8249,0.8249,0.8249,,,,,,,,,,,,,,
604,0,0.8249,0.8249,0.8249,0.8249,0.8249,0.8249,0.8249,0.8249,0.8249,,,,,,,,,,,,,,
605,0,0.8249,0.8249,0.8249,0.8249,0.8249,0.8249,0.8249,0.8249,0.8249,,,,,,,,,,,,,,
606,0,0.8249,0.8249,0.8249,0.8249,0.8249,0.8249,0.8249,0.8249,0.8249,,,,,,,,,,,,,,
607,0,0.8249,0.8249,0.8249,0.8249,0.8249,0.8249,0.8249,0.8249,0.8249,,,,,,,,,,,,,,
608,0,0.8249,0.8249,0.8249,0.8249,0.8249,0.8249,0.8249,0.8249,0.8249,,,,,,,,,,,,,,
609,0,0.8249,0.8249,0.8249,0.8249,0.8249,0.8249,0.8249,0.8249,0.8249,,,,,,,,,,,,,,
610,0,0.8249,0.8249,0.8249,0.8249,0.8249,0.8249,0.8249,0.8249,0.8249,,,,,,,,,,,,,,
611,0,0.8249,0.8249,0.8249,0.8249,0.8249,0.8249,0.8249,0.8249,0.8249,,,,,,,,,,,,,,
612,0,0.8249,0.8249,0.8249,0.8249,0.8249,0.8249,0.8249,0.8249,0.8249,,,,,,,,,,,,,,
613,0,0.8249,0.8249,0.8249,0.8249,0.8249,0.8249,0.8249,0.8249,0.8249,,,,,,,,,,,,,,
614,0,0.8249,0.8249,0.8249,0.8249,0.8249,0.8249,0.8249,0.8249,0.8249,,,,,,,,,,,,,,
615,0,0.8249,0.8249,0.8249,0.8249,0.8249,0.8249,0.8249,0.8249,0.8249,,,,,,,,,,,,,,
616,0,0.8249,0.8249,0.8249,0.8249,0.8249,0.8249,0.8249,0.8249,0.8249,,,,,,,,,,,,,,
617,0,0.8249,0.8249,0.8249,0.8249,0.8249,0.8249,0.8249,0.8249,0.8249,,,,,,,,,,,,,,
618,0,0.8249,0.8249,0.8249,0.8249,0.8249,0.8249,0.8249,0.8249,0.8249,,,,,,,,,,,,,,
619,0,0.8249,0.8249,0.8249,0.8249,0.8249,0.8249,0.8249,0.8249,0.8249,,,,,,,,,,,,,,
620,0,0.8249,0.8249,0.8249,0.8249,0.8249,0.8249,0.8249,0.8249,0.8249,,,,,,,,,,,,,,
621,0,0.8249,0.8249,0.8249,0.8249,0.8249,0.8249,0.8249,0.8249,0.8249,,,,,,,,,,,,,,
622,0,0.8249,0.8249,0.8249,0.8249,0.8249,0.8249,0.8249,0.8249,0.8249,,,,,,,,,,,,,,
623,0,0.8249,0.8249,0.8249,0.8249,0.8249,0.8249,0.8249,0.8249,0.8249,,,,,,,,,,,,,,
624,0,0.8249,0.8249,0.8249,0.8249,0.8249,0.8249,0.8249,0.8249,0.8249,,,,,,,,,,,,,,
625,0,0.8249,0.8249,0.8249,0.8249,0.8249,0.8249,0.8249,0.8249,0.8249,,,,,,,,,,,,,,
626,0,0.8249,0.8249,0.8249,0.8249,0.8249,0.8249,0.8249,0.8249,0.8249,,,,,,,,,,,,,,
627,0,0.8249,0.8249,0.8249,0.8249,0.8249,0.8249,0.8249,0.8249,0.8249,,,,,,,,,,,,,,
628,0,0.8249,0.8249,0.8249,0.8249,0.8249,0.8249,0.8249,0.8249,0.8249,,,,,,,,,,,,,,
629,0,0.8249,0.8249,0.8249,0.8249,0.8249,0.8249,0.8249,0.8249,0.8249,,,,,,,,,,,,,,
630,0,0.8249,0.8249,0.8249,0.8249,0.8249,0.8249,0.8249,0.8249,0.8249,,,,,,,,,,,,,,
631,0,0.8249,0.8249,0.8249,0.8249,0.8249,0.8249,0.8249,0.8249,0.8249,,,,,,,,,,,,,,
632,0,0.8249,0.8249,0.8249,0.8249,0.8249,0.8249,0.8249,0.8249,0.8249,,,,,,,,,,,,,,
633,0,0.8249,0.8249,0.8249,0.8249,0.8249,0.8249,0.8249,0.8249,0.8249,,,,,,,,,,,,,,
634,0,0.8249,0.8249,0.8249,0.8249,0.8249,0.8249,0.8249,0.8249,0.8249,,,,,,,,,,,,,,
635,0,0.8249,0.8249,0.8249,0.8249,0.8249,0.8249,0.8249,0.8249,0.8249,,,,,,,,,,,,,,
636,0,0.8249,0.8249,0.8249,0.8249,0.8249,0.8249,0.8249,0.8249,0.8249,,,,,,,,,,,,,,
637,0,0.8249,0.8249,0.8249,0.8249,0.8249,0.8249,0.8249,0.8249,0.8249,,,,,,,,,,,,,,
638,0,0.8249,0.8249,0.8249,0.8249,0.8249,0.8249,0.8249,0.8249,0.8249,,,,,,,,,,,,,,
639,0,0.8249,0.8249,0.8249,0.8249,0.8249,0.8249,0.8249,0.8249,0.8249,,,,,,,,,,,,,,
640,0,0.8249,0.8249,0.8249,0.8249,0.8249,0.8249,0.8249,0.8249,0.8249,,,,,,,,,,,,,,
641,0,0.8249,0.8249,0.8249,0.8249,0.8249,0.8249,0.8249,0.8249,0.8249,,,,,,,,,,,,,,
642,0,0.8249,0.8249,0.8249,0.8249,0.8249,0.8249,0.8249,0.8249,0.8249,,,,,,,,,,,,,,
643,0,0.8249,0.8249,0.8249,0.8249,0.8249,0.8249,0.8249,0.8249,0.8249,,,,,,,,,,,,,,
644,0,0.8249,0.8249,0.8249,0.8249,0.8249,0.8249,0.8249,0.8249,0.8249,,,,,,,,,,,,,,
645,0,0.8249,0.8249,0.8249,0.8249,0.8249,0.8249,0.8249,0.8249,0.8249,,,,,,,,,,,,,,
646,0,0.8249,0.8249,0.8249,0.8249,0.8249,0.8249,0.8249,0.8249,0.8249,,,,,,,,,,,,,,
647,0,0.8249,0.8249,0.8249,0.8249,0.8249,0.8249,0.8249,0.8249,0.8249,,,,,,,,,,,,,,
648,0,0.8249,0.8249,0.8249,0.8249,0.8249,0.8249,0.8249,0.8249,0.8249,,,,,,,,,,,,,,
649,0,0.8249,0.8249,0.8249,0.8249,0.8249,0.8249,0.8249,0.8249,0.8249,,,,,,,,,,,,,,
650,0,0.8249,0.8249,0.8249,0.8249,0.8249,0.8249,0.8249,0.8249,0.8249,,,,,,,,,,,,,,
651,0,0.8249,0.8249,0.8249,0.8249,0.8249,0.8249,0.8249,0.8249,0.8249,,,,,,,,,,,,,,
652,0,0.8249,0.8249,0.8249,0.8249,0.8249,0.8249,0.8249,0.8249,0.8249,,,,,,,,,,,,,,
653,0,0.8249,0.8249,0.8249,0.8249,0.8249,0.8249,0.8249,0.8249,0.8249,,,,,,,,,,,,,,
654,0,0.8249,0.8249,0.8249,0.8249,0.8249,0.8249,0.8249,0.8249,0.8249,,,,,,,,,,,,,,
655,0,0.8249,0.8249,0.8249,0.8249,0.8249,0.8249,0.8249,0.8249,0.8249,,,,,,,,,,,,,,
656,0,0.8249,0.8249,0.8249,0.8249,0.8249,0.8249,0.8249,0.8249,0.8249,,,,,,,,,,,,,,
657,0,0.8249,0.8249,0.8249,0.8249,0.8249,0.8249,0.8249,0.8249,0.8249,,,,,,,,,,,,,,
658,0,0.8249,0.8249,0.8249,0.8249,0.8249,0.8249,0.8249,0.8249,0.8249,,,,,,,,,,,,,,
659,0,0.8249,0.8249,0.8249,0.8249,0.8249,0.8249,0.8249,0.8249,0.8249,,,,,,,,,,,,,,
660,0,0.8249,0.8249,0.8249,0.8249,0.8249,0.8249,0.8249,0.8249,0.8249,,,,,,,,,,,,,,
661,0,0.8249,0.8249,0.8249,0.8249,0.8249,0.8249,0.8249,0.8249,0.8249,,,,,,,,,,,,,,
662,0,0.8249,0.8249,0.8249,0.8249,0.8249,0.8249,0.8249,0.8249,0.8249,,,,,,,,,,,,,,
663,0,0.8249,0.8249,0.8249,0.8249,0.8249,0.8249,0.8249,0.8249,0.8249,,,,,,,,,,,,,,
664,0,0.8249,0.8249,0.8249,0.8249,0.8249,0.8249,0.8249,0.8249,0.8249,,,,,,,,,,,,,,
665,0,0.8249,0.8249,0.8249,0.8249,0.8249,0.8249,0.8249,0.8249,0.8249,,,,,,,,,,,,,,
666,0,0.8249,0.8249,0.8249,0.8249,0.8249,0.8249,0.8249,0.8249,0.8249,,,,,,,,,,,,,,
667,0,0.8249,0.8249,0.8249,0.8249,0.8249,0.8249,0.8249,0.8249,0.8249,,,,,,,,,,,,,,
668,0,0.8249,0.8249,0.8249,0.8249,0.8249,0.8249,0.8249,0.8249,0.8249,,,,,,,,,,,,,,
669,0,0.8249,0.8249,0.8249,0.8249,0.8249,0.8249,0.8249,0.8249,0.8249,,,,,,,,,,,,,,
670,0,0.8249,0.8249,0.8249,0.8249,0.8249,0.8249,0.8249,0.8249,0.8249,,,,,,,,,,,,,,
671,0,0.8249,0.8249,0.8249,0.8249,0.8249,0.8249,0.8249,0.8249,0.8249,,,,,,,,,,,,,,
672,0,0.8249,0.8249,0.8249,0.8249,0.8249,0.8249,0.8249,0.8249,0.8249,,,,,,,,,,,,,,
673,0,0.8249,0.8249,0.8249,0.8249,0.8249,0.8249,0.8249,0.8249,0.8249,,,,,,,,,,,,,,
674,0,0.8249,0.8249,0.8249,0.8249,0.8249,0.8249,0.8249,0.8249,0.8249,,,,,,,,,,,,,,
675,0,0.8249,0.8249,0.8249,0.8249,0.8249,0.8249,0.8249,0.8249,0.8249,,,,,,,,,,,,,,
676,0,0.8249,0.8249,0.8249,0.8249,0.8249,0.8249,0.8249,0.8249,0.8249,,,,,,,,,,,,,,
677,0,0.8249,0.8249,0.8249,0.8249,0.8249,0.8249,0.8249,0.8249,0.8249,,,,,,,,,,,,,,
678,0,0.8249,0.8249,0.8249,0.8249,0.8249,0.8249,0.8249,0.8249,0.8249,,,,,,,,,,,,,,
679,0,0.8249,0.8249,0.8249,0.8249,0.8249,0.8249,0.8249,0.8249,0.8249,,,,,,,,,,,,,,
680,0,0.8249,0.8249,0.8249,0.8249,0.8249,0.8249,0.8249,0.8249,0.8249,,,,,,,,,,,,,,
681,0,0.8249,0.8249,0.8249,0.8249,0.8249,0.8249,0.8249,0.8249,0.8249,,,,,,,,,,,,,,
682,0,0.8249,0.8249,0.8249,0.8249,0.8249,0.8249,0.8249,0.8249,0.8249,,,,,,,,,,,,,,
683,0,0.8249,0.8249,0.8249,0.8249,0.8249,0.8249,0.8249,0.8249,0.8249,,,,,,,,,,,,,,
684,0,0.8249,0.8249,0.8249,0.8249,0.8249,0.8249,0.8249,0.8249,0.8249,,,,,,,,,,,,,,
685,0,0.8249,0.8249,0.8249,0.8249,0.8249,0.8249,0.8249,0.8249,0.8249,,,,,,,,,,,,,,
686,0,0.8249,0.8249,0.8249,0.8249,0.8249,0.8249,0.8249,0.8249,0.8249,,,,,,,,,,,,,,
687,0,0.8249,0.8249,0.8249,0.8249,0.8249,0.8249,0.8249,0.8249,0.8249,,,,,,,,,,,,,,
688,0,0.8249,0.8249,0.8249,0.8249,0.8249,0.8249,0.8249,0.8249,0.8249,,,,,,,,,,,,,,
689,0,0.8249,0.8249,0.8249,0.8249,0.8249,0.8249,0.8249,0.8249,0.8249,,,,,,,,,,,,,,
690,0,0.8249,0.8249,0.8249,0.8249,0.8249,0.8249,0.8249,0.8249,0.8249,,,,,,,,,,,,,,
691,0,0.8249,0.8249,0.8249,0.8249,0.8249,0.8249,0.8249,0.8249,0.8249,,,,,,,,,,,,,,
692,0,0.8249,0.8249,0.8249,0.8249,0.8249,0.8249,0.8249,0.8249,0.8249,,,,,,,,,,,,,,
693,0,0.8249,0.8249,0.8249,0.8249,0.8249,0.8249,0.8249,0.8249,0.8249,,,,,,,,,,,,,,
694,0,0.8249,0.8249,0.8249,0.8249,0.8249,0.8249,0.8249,0.8249,0.8249,,,,,,,,,,,,,,
695,0,0.8249,0.8249,0.8249,0.8249,0.8249,0.8249,0.8249,0.8249,0.8249,,,,,,,,,,,,,,
696,0,0.8249,0.8249,0.8249,0.8249,0.8249,0.8249,0.8249,0.8249,0.8249,,,,,,,,,,,,,,
697,0,0.8249,0.8249,0.8249,0.8249,0.8249,0.8249,0.8249,0.8249,0.8249,,,,,,,,,,,,,,
698,0,0.8249,0.8249,0.8249,0.8249,0.8249,0.8249,0.8249,0.8249,0.8249,,,,,,,,,,,,,,
699,0,0.8249,0.8249,0.8249,0.8249,0.8249,0.8249,0.8249,0.8249,0.8249,,,,,,,,,,,,,,
700,0,0.8249,0.8249,0.8249,0.8249,0.8249,0.8249,0.8249,0.8249,0.8249,,,,,,,,,,,,,,
701,0,0.8249,0.8249,0.8249,0.8249,0.8249,0.8249,0.8249,0.8249,0.8249,,,,,,,,,,,,,,
702,0,0.8249,0.8249,0.8249,0.8249,0.8249,0.8249,0.8249,0.8249,0.8249,,,,,,,,,,,,,,
703,0,0.8249,0.8249,0.8249,0.8249,0.8249,0.8249,0.8249,0.8249,0.8249,,,,,,,,,,,,,,
704,0,0.8249,0.8249,0.8249,0.8249,0.8249,0.8249,0.8249,0.8249,0.8249,,,,,,,,,,,,,,
705,0,0.8249,0.8249,0.8249,0.8249,0.8249,0.8249,0.8249,0.8249,0.8249,,,,,,,,,,,,,,
706,0,0.8249,0.8249,0.8249,0.8249,0.8249,0.8249,0.8249,0.8249,0.8249,,,,,,,,,,,,,,
707,0,0.8249,0.8249,0.8249,0.8249,0.8249,0.8249,0.8249,0.8249,0.8249,,,,,,,,,,,,,,
708,0,0.8249,0.8249,0.8249,0.8249,0.8249,0.8249,0.8249,0.8249,0.8249,,,,,,,,,,,,,,
709,0,0.8249,0.8249,0.8249,0.8249,0.8249,0.8249,0.8249,0.8249,0.8249,,,,,,,,,,,,,,
710,0,0.8249,0.8249,0.8249,0.8249,0.8249,0.8249,0.8249,0.8249,0.8249,,,,,,,,,,,,,,
711,0,0.8249,0.8249,0.8249,0.8249,0.8249,0.8249,0.8249,0.8249,0.8249,,,,,,,,,,,,,,
712,0,0.8249,0.8249,0.8249,0.8249,0.8249,0.8249,0.8249,0.8249,0.8249,,,,,,,,,,,,,,
713,0,0.8249,0.8249,0.8249,0.8249,0.8249,0.8249,0.8249,0.8249,0.8249,,,,,,,,,,,,,,
714,0,0.8249,0.8249,0.8249,0.8249,0.8249,0.8249,0.8249,0.8249,0.8249,,,,,,,,,,,,,,
715,0,0.8249,0.8249,0.8249,0.8249,0.8249,0.8249,0.8249,0.8249,0.8249,,,,,,,,,,,,,,
716,0,0.8249,0.8249,0.8249,0.8249,0.8249,0.8249,0.8249,0.8249,0.8249,,,,,,,,,,,,,,
717,0,0.8249,0.8249,0.8249,0.8249,0.8249,0.8249,0.8249,0.8249,0.8249,,,,,,,,,,,,,,
718,0,0.8249,0.8249,0.8249,0.8249,0.8249,0.8249,0.8249,0.8249,0.8249,,,,,,,,,,,,,,
719,0,0.8249,0.8249,0.8249,0.8249,0.8249,0.8249,0.8249,0.8249,0.8249,,,,,,,,,,,,,,
720,0,0.8249,0.8249,0.8249,0.8249,0.8249,0.8249,0.8249,0.8249,0.8249,,,,,,,,,,,,,,
721,0,0.8249,0.8249,0.8249,0.8249,0.8249,0.8249,0.8249,0.8249,0.8249,,,,,,,,,,,,,,
722,0,0.8249,0.8249,0.8249,0.8249,0.8249,0.8249,0.8249,0.8249,0.8249,,,,,,,,,,,,,,
723,0,0.8249,0.8249,0.8249,0.8249,0.8249,0.8249,0.8249,0.8249,0.8249,,,,,,,,,,,,,,
724,0,0.8249,0.8249,0.8249,0.8249,0.8249,0.8249,0.8249,0.8249,0.8249,,,,,,,,,,,,,,
725,0,0.8249,0.8249,0.8249,0.8249,0.8249,0.8249,0.8249,0.8249,0.8249,,,,,,,,,,,,,,
726,0,0.8249,0.8249,0.8249,0.8249,0.8249,0.8249,0.8249,0.8249,0.8249,,,,,,,,,,,,,,
727,0,0.8249,0.8249,0.8249,0.8249,0.8249,0.8249,0.8249,0.8249,0.8249,,,,,,,,,,,,,,
728,0,0.8249,0.8249,0.8249,0.8249,0.8249,0.8249,0.8249,0.8249,0.8249,,,,,,,,,,,,,,
729,0,0.8249,0.8249,0.8249,0.8249,0.8249,0.8249,0.8249,0.8249,0.8249,,,,,,,,,,,,,,
730,0,0.8249,0.8249,0.8249,0.8249,0.8249,0.8249,0.8249,0.8249,0.8249,,,,,,,,,,,,,,
731,0,0.8249,0.8249,0.8249,0.8249,0.8249,0.8249,0.8249,0.8249,0.8249,,,,,,,,,,,,,,
732,0,0.8249,0.8249,0.8249,0.8249,0.8249,0.8249,0.8249,0.8249,0.8249,,,,,,,,,,,,,,
733,0,0.8249,0.8249,0.8249,0.8249,0.8249,0.8249,0.8249,0.8249,0.8249,,,,,,,,,,,,,,
734,0,0.8249,0.8249,0.8249,0.8249,0.8249,0.8249,0.8249,0.8249,0.8249,,,,,,,,,,,,,,
735,0,0.8249,0.8249,0.8249,0.8249,0.8249,0.8249,0.8249,0.8249,0.8249,,,,,,,,,,,,,,
736,0,0.8249,0.8249,0.8249,0.8249,0.8249,0.8249,0.8249,0.8249,0.8249,,,,,,,,,,,,,,
737,0,0.8249,0.8249,0.8249,0.8249,0.8249,0.8249,0.8249,0.8249,0.8249,,,,,,,,,,,,,,
738,0,0.8249,0.8249,0.8249,0.8249,0.8249,0.8249,0.8249,0.8249,0.8249,,,,,,,,,,,,,,
739,0,0.8249,0.8249,0.8249,0.8249,0.8249,0.8249,0.8249,0.8249,0.8249,,,,,,,,,,,,,,
740,0,0.8249,0.8249,0.8249,0.8249,0.8249,0.8249,0.8249,0.8249,0.8249,,,,,,,,,,,,,,
741,0,0.8249,0.8249,0.8249,0.8249,0.8249,0.8249,0.8249,0.8249,0.8249,,,,,,,,,,,,,,
742,0,0.8249,0.8249,0.8249,0.8249,0.8249,0.8249,0.8249,0.8249,0.8249,,,,,,,,,,,,,,
743,0,0.8249,0.8249,0.8249,0.8249,0.8249,0.8249,0.8249,0.8249,0.8249,,,,,,,,,,,,,,
744,0,0.8249,0.8249,0.8249,0.8249,0.8249,0.8249,0.8249,0.8249,0.8249,,,,,,,,,,,,,,
745,0,0.8249,0.8249,0.8249,0.8249,0.8249,0.8249,0.8249,0.8249,0.8249,,,,,,,,,,,,,,
746,0,0.8249,0.8249,0.8249,0.8249,0.8249,0.8249,0.8249,0.8249,0.8249,,,,,,,,,,,,,,
747,0,0.8249,0.8249,0.8249,0.8249,0.8249,0.8249,0.8249,0.8249,0.8249,,,,,,,,,,,,,,
748,0,0.8249,0.8249,0.8249,0.8249,0.8249,0.8249,0.8249,0.8249,0.8249,,,,,,,,,,,,,,
749,0,0.8249,0.8249,0.8249,0.8249,0.8249,0.8249,0.8249,0.8249,0.8249,,,,,,,,,,,,,,
750,0,0.8249,0.8249,0.8249,0.8249,0.8249,0.8249,0.8249,0.8249,0.8249,,,,,,,,,,,,,,
751,0,0.8249,0.8249,0.8249,0.8249,0.8249,0.8249,0.8249,0.8249,0.8249,,,,,,,,,,,,,,
752,0,0.8249,0.8249,0.8249,0.8249,0.8249,0.8249,0.8249,0.8249,0.8249,,,,,,,,,,,,,,
753,0,0.8249,0.8249,0.8249,0.8249,0.8249,0.8249,0.8249,0.8249,0.8249,,,,,,,,,,,,,,
754,0,0.8249,0.8249,0.8249,0.8249,0.8249,0.8249,0.8249,0.8249,0.8249,,,,,,,,,,,,,,
755,0,0.8249,0.8249,0.8249,0.8249,0.8249,0.8249,0.8249,0.8249,0.8249,,,,,,,,,,,,,,
756,0,0.8249,0.8249,0.8249,0.8249,0.8249,0.8249,0.8249,0.8249,0.8249,,,,,,,,,,,,,,
757,0,0.8249,0.8249,0.8249,0.8249,0.8249,0.8249,0.8249,0.8249,0.8249,,,,,,,,,,,,,,
758,0,0.8249,0.8249,0.8249,0.8249,0.8249,0.8249,0.8249,0.8249,0.8249,,,,,,,,,,,,,,
759,0,0.8249,0.8249,0.8249,0.8249,0.8249,0.8249,0.8249,0.8249,0.8249,,,,,,,,,,,,,,
760,0,0.8249,0.8249,0.8249,0.8249,0.8249,0.8249,0.8249,0.8249,0.8249,,,,,,,,,,,,,,
761,0,0.8249,0.8249,0.8249,0.8249,0.8249,0.8249,0.8249,0.8249,0.8249,,,,,,,,,,,,,,
762,0,0.8249,0.8249,0.8249,0.8249,0.8249,0.8249,0.8249,0.8249,0.8249,,,,,,,,,,,,,,
763,0,0.8249,0.8249,0.8249,0.8249,0.8249,0.8249,0.8249,0.8249,0.8249,,,,,,,,,,,,,,
764,0,0.8249,0.8249,0.8249,0.8249,0.8249,0.8249,0.8249,0.8249,0.8249,,,,,,,,,,,,,,
765,0,0.8249,0.8249,0.8249,0.8249,0.8249,0.8249,0.8249,0.8249,0.8249,,,,,,,,,,,,,,
766,0,0.8249,0.8249,0.8249,0.8249,0.8249,0.8249,0.8249,0.8249,0.8249,,,,,,,,,,,,,,
767,0,0.8249,0.8249,0.8249,0.8249,0.8249,0.8249,0.8249,0.8249,0.8249,,,,,,,,,,,,,,
768,0,0.8249,0.8249,0.8249,0.8249,0.8249,0.8249,0.8249,0.8249,0.8249,,,,,,,,,,,,,,
769,0,0.8249,0.8249,0.8249,0.8249,0.8249,0.8249,0.8249,0.8249,0.8249,,,,,,,,,,,,,,
770,0,0.8249,0.8249,0.8249,0.8249,0.8249,0.8249,0.8249,0.8249,0.8249,,,,,,,,,,,,,,
771,0,0.8249,0.8249,0.8249,0.8249,0.8249,0.8249,0.8249,0.8249,0.8249,,,,,,,,,,,,,,
772,0,0.8249,0.8249,0.8249,0.8249,0.8249,0.8249,0.8249,0.8249,0.8249,,,,,,,,,,,,,,
773,0,0.8249,0.8249,0.8249,0.8249,0.8249,0.8249,0.8249,0.8249,0.8249,,,,,,,,,,,,,,
774,0,0.8249,0.8249,0.8249,0.8249,0.8249,0.8249,0.8249,0.8249,0.8249,,,,,,,,,,,,,,
775,0,0.8249,0.8249,0.8249,0.8249,0.8249,0.8249,0.8249,0.8249,0.8249,,,,,,,,,,,,,,
776,0,0.8249,0.8249,0.8249,0.8249,0.8249,0.8249,0.8249,0.8249,0.8249,,,,,,,,,,,,,,
777,0,0.8249,0.8249,0.8249,0.8249,0.8249,0.8249,0.8249,0.8249,0.8249,,,,,,,,,,,,,,
778,0,0.8249,0.8249,0.8249,0.8249,0.8249,0.8249,0.8249,0.8249,0.8249,,,,,,,,,,,,,,
779,0,0.8249,0.8249,0.8249,0.8249,0.8249,0.8249,0.8249,0.8249,0.8249,,,,,,,,,,,,,,
780,0,0.8249,0.8249,0.8249,0.8249,0.8249,0.8249,0.8249,0.8249,0.8249,,,,,,,,,,,,,,
781,0,0.8249,0.8249,0.8249,0.8249,0.8249,0.8249,0.8249,0.8249,0.8249,,,,,,,,,,,,,,
782,0,0.8249,0.8249,0.8249,0.8249,0.8249,0.8249,0.8249,0.8249,0.8249,,,,,,,,,,,,,,
783,0,0.8249,0.8249,0.8249,0.8249,0.8249,0.8249,0.8249,0.8249,0.8249,,,,,,,,,,,,,,
784,0,0.8249,0.8249,0.8249,0.8249,0.8249,0.8249,0.8249,0.8249,0.8249,,,,,,,,,,,,,,
785,0,0.8249,0.8249,0.8249,0.8249,0.8249,0.8249,0.8249,0.8249,0.8249,,,,,,,,,,,,,,
786,0,0.8249,0.8249,0.8249,0.8249,0.8249,0.8249,0.8249,0.8249,0.8249,,,,,,,,,,,,,,
787,0,0.8249,0.8249,0.8249,0.8249,0.8249,0.8249,0.8249,0.8249,0.8249,,,,,,,,,,,,,,
788,0,0.8249,0.8249,0.8249,0.8249,0.8249,0.8249,0.8249,0.8249,0.8249,,,,,,,,,,,,,,
789,0,0.8249,0.8249,0.8249,0.8249,0.8249,0.8249,0.8249,0.8249,0.8249,,,,,,,,,,,,,,
790,0,0.8249,0.8249,0.8249,0.8249,0.8249,0.8249,0.8249,0.8249,0.8249,,,,,,,,,,,,,,
791,0,0.8249,0.8249,0.8249,0.8249,0.8249,0.8249,0.8249,0.8249,0.8249,,,,,,,,,,,,,,
792,0,0.8249,0.8249,0.8249,0.8249,0.8249,0.8249,0.8249,0.8249,0.8249,,,,,,,,,,,,,,
793,0,0.8249,0.8249,0.8249,0.8249,0.8249,0.8249,0.8249,0.8249,0.8249,,,,,,,,,,,,,,
794,0,0.8249,0.8249,0.8249,0.8249,0.8249,0.8249,0.8249,0.8249,0.8249,,,,,,,,,,,,,,
795,0,0.8249,0.8249,0.8249,0.8249,0.8249,0.8249,0.8249,0.8249,0.8249,,,,,,,,,,,,,,
796,0,0.8249,0.8249,0.8249,0.8249,0.8249,0.8249,0.8249,0.8249,0.8249,,,,,,,,,,,,,,
797,0,0.8249,0.8249,0.8249,0.8249,0.8249,0.8249,0.8249,0.8249,0.8249,,,,,,,,,,,,,,
798,0,0.8249,0.8249,0.8249,0.8249,0.8249,0.8249,0.8249,0.8249,0.8249,,,,,,,,,,,,,,
799,0,0.8249,0.8249,0.8249,0.8249,0.8249,0.8249,0.8249,0.8249,0.8249,,,,,,,,,,,,,,
800,0,0.8249,0.8249,0.8249,0.8249,0.8249,0.8249,0.8249,0.8249,0.8249,,,,,,,,,,,,,,
801,0,0.8249,0.8249,0.8249,0.8249,0.8249,0.8249,0.8249,0.8249,0.8249,,,,,,,,,,,,,,
802,0,0.8249,0.8249,0.8249,0.8249,0.8249,0.8249,0.8249,0.8249,0.8249,,,,,,,,,,,,,,
803,0,0.8249,0.8249,0.8249,0.8249,0.8249,0.8249,0.8249,0.8249,0.8249,,,,,,,,,,,,,,
804,0,0.8249,0.8249,0.8249,0.8249,0.8249,0.8249,0.8249,0.8249,0.8249,,,,,,,,,,,,,,
805,0,0.8249,0.8249,0.8249,0.8249,0.8249,0.8249,0.8249,0.8249,0.8249,,,,,,,,,,,,,,
806,0,0.8249,0.8249,0.8249,0.8249,0.8249,0.8249,0.8249,0.8249,0.8249,,,,,,,,,,,,,,
807,0,0.8249,0.8249,0.8249,0.8249,0.8249,0.8249,0.8249,0.8249,0.8249,,,,,,,,,,,,,,
808,0,0.8249,0.8249,0.8249,0.8249,0.8249,0.8249,0.8249,0.8249,0.8249,,,,,,,,,,,,,,
809,0,0.8249,0.8249,0.8249,0.8249,0.8249,0.8249,0.8249,0.8249,0.8249,,,,,,,,,,,,,,
810,0,0.8249,0.8249,0.8249,0.8249,0.8249,0.8249,0.8249,0.8249,0.8249,,,,,,,,,,,,,,
811,0,0.8249,0.8249,0.8249,0.8249,0.8249,0.8249,0.8249,0.8249,0.8249,,,,,,,,,,,,,,
812,0,0.8249,0.8249,0.8249,0.8249,0.8249,0.8249,0.8249,0.8249,0.8249,,,,,,,,,,,,,,
813,0,0.8249,0.8249,0.8249,0.8249,0.8249,0.8249,0.8249,0.8249,0.8249,,,,,,,,,,,,,,
814,0,0.8249,0.8249,0.8249,0.8249,0.8249,0.8249,0.8249,0.8249,0.8249,,,,,,,,,,,,,,
815,0,0.8249,0.8249,0.8249,0.8249,0.8249,0.8249,0.8249,0.8249,0.8249,,,,,,,,,,,,,,
816,0,0.8249,0.8249,0.8249,0.8249,0.8249,0.8249,0.8249,0.8249,0.8249,,,,,,,,,,,,,,
817,0,0.8249,0.8249,0.8249,0.8249,0.8249,0.8249,0.8249,0.8249,0.8249,,,,,,,,,,,,,,
818,0,0.8249,0.8249,0.8249,0.8249,0.8249,0.8249,0.8249,0.8249,0.8249,,,,,,,,,,,,,,
819,0,0.8249,0.8249,0.8249,0.8249,0.8249,0.8249,0.8249,0.8249,0.8249,,,,,,,,,,,,,,
820,0,0.8249,0.8249,0.8249,0.8249,0.8249,0.8249,0.8249,0.8249,0.8249,,,,,,,,,,,,,,
821,0,0.8249,0.8249,0.8249,0.8249,0.8249,0.8249,0.8249,0.8249,0.8249,,,,,,,,,,,,,,
822,0,0.8249,0.8249,0.8249,0.8249,0.8249,0.8249,0.8249,0.8249,0.8249,,,,,,,,,,,,,,
823,0,0.8249,0.8249,0.8249,0.8249,0.8249,0.8249,0.8249,0.8249,0.8249,,,,,,,,,,,,,,
824,0,0.8249,0.8249,0.8249,0.8249,0.8249,0.8249,0.8249,0.8249,0.8249,,,,,,,,,,,,,,
825,0,0.8249,0.8249,0.8249,0.8249,0.8249,0.8249,0.8249,0.8249,0.8249,,,,,,,,,,,,,,
826,0,0.8249,0.8249,0.8249,0.8249,0.8249,0.8249,0.8249,0.8249,0.8249,,,,,,,,,,,,,,
827,0,0.8249,0.8249,0.8249,0.8249,0.8249,0.8249,0.8249,0.8249,0.8249,,,,,,,,,,,,,,
828,0,0.8249,0.8249,0.8249,0.8249,0.8249,0.8249,0.8249,0.8249,0.8249,,,,,,,,,,,,,,
829,0,0.8249,0.8249,0.8249,0.8249,0.8249,0.8249,0.8249,0.8249,0.8249,,,,,,,,,,,,,,
830,0,0.8249,0.8249,0.8249,0.8249,0.8249,0.8249,0.8249,0.8249,0.8249,,,,,,,,,,,,,,
831,0,0.8249,0.8249,0.8249,0.8249,0.8249,0.8249,0.8249,0.8249,0.8249,,,,,,,,,,,,,,
832,0,0.8249,0.8249,0.8249,0.8249,0.8249,0.8249,0.8249,0.8249,0.8249,,,,,,,,,,,,,,
833,0,0.8249,0.8249,0.8249,0.8249,0.8249,0.8249,0.8249,0.8249,0.8249,,,,,,,,,,,,,,
834,0,0.8249,0.8249,0.8249,0.8249,0.8249,0.8249,0.8249,0.8249,0.8249,,,,,,,,,,,,,,
835,0,0.8249,0.8249,0.8249,0.8249,0.8249,0.8249,0.8249,0.8249,0.8249,,,,,,,,,,,,,,
836,0,0.8249,0.8249,0.8249,0.8249,0.8249,0.8249,0.8249,0.8249,0.8249,,,,,,,,,,,,,,
837,0,0.8249,0.8249,0.8249,0.8249,0.8249,0.8249,0.8249,0.8249,0.8249,,,,,,,,,,,,,,
838,0,0.8249,0.8249,0.8249,0.8249,0.8249,0.8249,0.8249,0.8249,0.8249,,,,,,,,,,,,,,
839,0,0.8249,0.8249,0.8249,0.8249,0.8249,0.8249,0.8249,0.8249,0.8249,,,,,,,,,,,,,,
840,0,0.8249,0.8249,0.8249,0.8249,0.8249,0.8249,0.8249,0.8249,0.8249,,,,,,,,,,,,,,
841,0,0.8249,0.8249,0.8249,0.8249,0.8249,0.8249,0.8249,0.8249,0.8249,,,,,,,,,,,,,,
842,0,0.8249,0.8249,0.8249,0.8249,0.8249,0.8249,0.8249,0.8249,0.8249,,,,,,,,,,,,,,
843,0,0.8249,0.8249,0.8249,0.8249,0.8249,0.8249,0.8249,0.8249,0.8249,,,,,,,,,,,,,,
844,0,0.8249,0.8249,0.8249,0.8249,0.8249,0.8249,0.8249,0.8249,0.8249,,,,,,,,,,,,,,
845,0,0.8249,0.8249,0.8249,0.8249,0.8249,0.8249,0.8249,0.8249,0.8249,,,,,,,,,,,,,,
846,0,0.8249,0.8249,0.8249,0.8249,0.8249,0.8249,0.8249,0.8249,0.8249,,,,,,,,,,,,,,
847,0,0.8249,0.8249,0.8249,0.8249,0.8249,0.8249,0.8249,0.8249,0.8249,,,,,,,,,,,,,,
848,0,0.8249,0.8249,0.8249,0.8249,0.8249,0.8249,0.8249,0.8249,0.8249,,,,,,,,,,,,,,
849,0,0.8249,0.8249,0.8249,0.8249,0.8249,0.8249,0.8249,0.8249,0.8249,,,,,,,,,,,,,,
850,0,0.8249,0.8249,0.8249,0.8249,0.8249,0.8249,0.8249,0.8249,0.8249,,,,,,,,,,,,,,
851,0,0.8249,0.8249,0.8249,0.8249,0.8249,0.8249,0.8249,0.8249,0.8249,,,,,,,,,,,,,,
852,0,0.8249,0.8249,0.8249,0.8249,0.8249,0.8249,0.8249,0.8249,0.8249,,,,,,,,,,,,,,
853,0,0.8249,0.8249,0.8249,0.8249,0.8249,0.8249,0.8249,0.8249,0.8249,,,,,,,,,,,,,,
854,0,0.8249,0.8249,0.8249,0.8249,0.8249,0.8249,0.8249,0.8249,0.8249,,,,,,,,,,,,,,
855,0,0.8249,0.8249,0.8249,0.8249,0.8249,0.8249,0.8249,0.8249,0.8249,,,,,,,,,,,,,,
856,0,0.8249,0.8249,0.8249,0.8249,0.8249,0.8249,0.8249,0.8249,0.8249,,,,,,,,,,,,,,
857,0,0.8249,0.8249,0.8249,0.8249,0.8249,0.8249,0.8249,0.8249,0.8249,,,,,,,,,,,,,,
858,0,0.8249,0.8249,0.8249,0.8249,0.8249,0.8249,0.8249,0.8249,0.8249,,,,,,,,,,,,,,
859,0,0.8249,0.8249,0.8249,0.8249,0.8249,0.8249,0.8249,0.8249,0.8249,,,,,,,,,,,,,,
860,0,0.8249,0.8249,0.8249,0.8249,0.8249,0.8249,0.8249,0.8249,0.8249,,,,,,,,,,,,,,
861,0,0.8249,0.8249,0.8249,0.8249,0.8249,0.8249,0.8249,0.8249,0.8249,,,,,,,,,,,,,,
862,0,0.8249,0.8249,0.8249,0.8249,0.8249,0.8249,0.8249,0.8249,0.8249,,,,,,,,,,,,,,
863,0,0.8249,0.8249,0.8249,0.8249,0.8249,0.8249,0.8249,0.8249,0.8249,,,,,,,,,,,,,,
864,0,0.8249,0.8249,0.8249,0.8249,0.8249,0.8249,0.8249,0.8249,0.8249,,,,,,,,,,,,,,
865,0,0.8249,0.8249,0.8249,0.8249,0.8249,0.8249,0.8249,0.8249,0.8249,,,,,,,,,,,,,,
866,0,0.8249,0.8249,0.8249,0.8249,0.8249,0.8249,0.8249,0.8249,0.8249,,,,,,,,,,,,,,
867,0,0.8249,0.8249,0.8249,0.8249,0.8249,0.8249,0.8249,0.8249,0.8249,,,,,,,,,,,,,,
868,0,0.8249,0.8249,0.8249,0.8249,0.8249,0.8249,0.8249,0.8249,0.8249,,,,,,,,,,,,,,
869,0,0.8249,0.8249,0.8249,0.8249,0.8249,0.8249,0.8249,0.8249,0.8249,,,,,,,,,,,,,,
870,0,0.8249,0.8249,0.8249,0.8249,0.8249,0.8249,0.8249,0.8249,0.8249,,,,,,,,,,,,,,
871,0,0.8249,0.8249,0.8249,0.8249,0.8249,0.8249,0.8249,0.8249,0.8249,,,,,,,,,,,,,,
872,0,0.8249,0.8249,0.8249,0.8249,0.8249,0.8249,0.8249,0.8249,0.8249,,,,,,,,,,,,,,
873,0,0.8249,0.8249,0.8249,0.8249,0.8249,0.8249,0.8249,0.8249,0.8249,,,,,,,,,,,,,,
874,0,0.8249,0.8249,0.8249,0.8249,0.8249,0.8249,0.8249,0.8249,0.8249,,,,,,,,,,,,,,
875,0,0.8249,0.8249,0.8249,0.8249,0.8249,0.8249,0.8249,0.8249,0.8249,,,,,,,,,,,,,,
876,0,0.8249,0.8249,0.8249,0.8249,0.8249,0.8249,0.8249,0.8249,0.8249,,,,,,,,,,,,,,
877,0,0.8249,0.8249,0.8249,0.8249,0.8249,0.8249,0.8249,0.8249,0.8249,,,,,,,,,,,,,,
878,0,0.8249,0.8249,0.8249,0.8249,0.8249,0.8249,0.8249,0.8249,0.8249,,,,,,,,,,,,,,
879,0,0.8249,0.8249,0.8249,0.8249,0.8249,0.8249,0.8249,0.8249,0.8249,,,,,,,,,,,,,,
880,0,0.8249,0.8249,0.8249,0.8249,0.8249,0.8249,0.8249,0.8249,0.8249,,,,,,,,,,,,,,
881,0,0.8249,0.8249,0.8249,0.8249,0.8249,0.8249,0.8249,0.8249,0.8249,,,,,,,,,,,,,,
882,0,0.8249,0.8249,0.8249,0.8249,0.8249,0.8249,0.8249,0.8249,0.8249,,,,,,,,,,,,,,
883,0,0.8249,0.8249,0.8249,0.8249,0.8249,0.8249,0.8249,0.8249,0.8249,,,,,,,,,,,,,,
884,0,0.8249,0.8249,0.8249,0.8249,0.8249,0.8249,0.8249,0.8249,0.8249,,,,,,,,,,,,,,
885,0,0.8249,0.8249,0.8249,0.8249,0.8249,0.8249,0.8249,0.8249,0.8249,,,,,,,,,,,,,,
886,0,0.8249,0.8249,0.8249,0.8249,0.8249,0.8249,0.8249,0.8249,0.8249,,,,,,,,,,,,,,
887,0,0.8249,0.8249,0.8249,0.8249,0.8249,0.8249,0.8249,0.8249,0.8249,,,,,,,,,,,,,,
888,0,0.8249,0.8249,0.8249,0.8249,0.8249,0.8249,0.8249,0.8249,0.8249,,,,,,,,,,,,,,
889,0,0.8249,0.8249,0.8249,0.8249,0.8249,0.8249,0.8249,0.8249,0.8249,,,,,,,,,,,,,,
890,0,0.8249,0.8249,0.8249,0.8249,0.8249,0.8249,0.8249,0.8249,0.8249,,,,,,,,,,,,,,
891,0,0.8249,0.8249,0.8249,0.8249,0.8249,0.8249,0.8249,0.8249,0.8249,,,,,,,,,,,,,,
892,0,0.8249,0.8249,0.8249,0.8249,0.8249,0.8249,0.8249,0.8249,0.8249,,,,,,,,,,,,,,
893,0,0.8249,0.8249,0.8249,0.8249,0.8249,0.8249,0.8249,0.8249,0.8249,,,,,,,,,,,,,,
894,0,0.8249,0.8249,0.8249,0.8249,0.8249,0.8249,0.8249,0.8249,0.8249,,,,,,,,,,,,,,
895,0,0.8249,0.8249,0.8249,0.8249,0.8249,0.8249,0.8249,0.8249,0.8249,,,,,,,,,,,,,,
896,0,0.8249,0.8249,0.8249,0.8249,0.8249,0.8249,0.8249,0.8249,0.8249,,,,,,,,,,,,,,
897,0,0.8249,0.8249,0.8249,0.8249,0.8249,0.8249,0.8249,0.8249,0.8249,,,,,,,,,,,,,,
898,0,0.8249,0.8249,0.8249,0.8249,0.8249,0.8249,0.8249,0.8249,0.8249,,,,,,,,,,,,,,
899,0,0.8249,0.8249,0.8249,0.8249,0.8249,0.8249,0.8249,0.8249,0.8249,,,,,,,,,,,,,,
900,0,0.8249,0.8249,0.8249,0.8249,0.8249,0.8249,0.8249,0.8249,0.8249,,,,,,,,,,,,,,
901,0,0.8249,0.8249,0.8249,0.8249,0.8249,0.8249,0.8249,0.8249,0.8249,,,,,,,,,,,,,,
902,0,0.8249,0.8249,0.8249,0.8249,0.8249,0.8249,0.8249,0.8249,0.8249,,,,,,,,,,,,,,
903,0,0.8249,0.8249,0.8249,0.8249,0.8249,0.8249,0.8249,0.8249,0.8249,,,,,,,,,,,,,,
904,0,0.8249,0.8249,0.8249,0.8249,0.8249,0.8249,0.8249,0.8249,0.8249,,,,,,,,,,,,,,
905,0,0.8249,0.8249,0.8249,0.8249,0.8249,0.8249,0.8249,0.8249,0.8249,,,,,,,,,,,,,,
906,0,0.8249,0.8249,0.8249,0.8249,0.8249,0.8249,0.8249,0.8249,0.8249,,,,,,,,,,,,,,
907,0,0.8249,0.8249,0.8249,0.8249,0.8249,0.8249,0.8249,0.8249,0.8249,,,,,,,,,,,,,,
908,0,0.8249,0.8249,0.8249,0.8249,0.8249,0.8249,0.8249,0.8249,0.8249,,,,,,,,,,,,,,
909,0,0.8249,0.8249,0.8249,0.8249,0.8249,0.8249,0.8249,0.8249,0.8249,,,,,,,,,,,,,,
910,0,0.8249,0.8249,0.8249,0.8249,0.8249,0.8249,0.8249,0.8249,0.8249,,,,,,,,,,,,,,
911,0,0.8249,0.8249,0.8249,0.8249,0.8249,0.8249,0.8249,0.8249,0.8249,,,,,,,,,,,,,,
912,0,0.8249,0.8249,0.8249,0.8249,0.8249,0.8249,0.8249,0.8249,0.8249,,,,,,,,,,,,,,
913,0,0.8249,0.8249,0.8249,0.8249,0.8249,0.8249,0.8249,0.8249,0.8249,,,,,,,,,,,,,,
914,0,0.8249,0.8249,0.8249,0.8249,0.8249,0.8249,0.8249,0.8249,0.8249,,,,,,,,,,,,,,
915,0,0.8249,0.8249,0.8249,0.8249,0.8249,0.8249,0.8249,0.8249,0.8249,,,,,,,,,,,,,,
916,0,0.8249,0.8249,0.8249,0.8249,0.8249,0.8249,0.8249,0.8249,0.8249,,,,,,,,,,,,,,
917,0,0.8249,0.8249,0.8249,0.8249,0.8249,0.8249,0.8249,0.8249,0.8249,,,,,,,,,,,,,,
918,0,0.8249,0.8249,0.8249,0.8249,0.8249,0.8249,0.8249,0.8249,0.8249,,,,,,,,,,,,,,
919,0,0.8249,0.8249,0.8249,0.8249,0.8249,0.8249,0.8249,0.8249,0.8249,,,,,,,,,,,,,,
920,0,0.8249,0.8249,0.8249,0.8249,0.8249,0.8249,0.8249,0.8249,0.8249,,,,,,,,,,,,,,
921,0,0.8249,0.8249,0.8249,0.8249,0.8249,0.8249,0.8249,0.8249,0.8249,,,,,,,,,,,,,,
922,0,0.8249,0.8249,0.8249,0.8249,0.8249,0.8249,0.8249,0.8249,0.8249,,,,,,,,,,,,,,
923,0,0.8249,0.8249,0.8249,0.8249,0.8249,0.8249,0.8249,0.8249,0.8249,,,,,,,,,,,,,,
924,0,0.8249,0.8249,0.8249,0.8249,0.8249,0.8249,0.8249,0.8249,0.8249,,,,,,,,,,,,,,
925,0,0.8249,0.8249,0.8249,0.8249,0.8249,0.8249,0.8249,0.8249,0.8249,,,,,,,,,,,,,,
926,0,0.8249,0.8249,0.8249,0.8249,0.8249,0.8249,0.8249,0.8249,0.8249,,,,,,,,,,,,,,
927,0,0.8249,0.8249,0.8249,0.8249,0.8249,0.8249,0.8249,0.8249,0.8249,,,,,,,,,,,,,,
928,0,0.8249,0.8249,0.8249,0.8249,0.8249,0.8249,0.8249,0.8249,0.8249,,,,,,,,,,,,,,
929,0,0.8249,0.8249,0.8249,0.8249,0.8249,0.8249,0.8249,0.8249,0.8249,,,,,,,,,,,,,,
930,0,0.8249,0.8249,0.8249,0.8249,0.8249,0.8249,0.8249,0.8249,0.8249,,,,,,,,,,,,,,
931,0,0.8249,0.8249,0.8249,0.8249,0.8249,0.8249,0.8249,0.8249,0.8249,,,,,,,,,,,,,,
932,0,0.8249,0.8249,0.8249,0.8249,0.8249,0.8249,0.8249,0.8249,0.8249,,,,,,,,,,,,,,
933,0,0.8249,0.8249,0.8249,0.8249,0.8249,0.8249,0.8249,0.8249,0.8249,,,,,,,,,,,,,,
934,0,0.8249,0.8249,0.8249,0.8249,0.8249,0.8249,0.8249,0.8249,0.8249,,,,,,,,,,,,,,
935,0,0.8249,0.8249,0.8249,0.8249,0.8249,0.8249,0.8249,0.8249,0.8249,,,,,,,,,,,,,,
936,0,0.8249,0.8249,0.8249,0.8249,0.8249,0.8249,0.8249,0.8249,0.8249,,,,,,,,,,,,,,
937,0,0.8249,0.8249,0.8249,0.8249,0.8249,0.8249,0.8249,0.8249,0.8249,,,,,,,,,,,,,,
938,0,0.8249,0.8249,0.8249,0.8249,0.8249,0.8249,0.8249,0.8249,0.8249,,,,,,,,,,,,,,
939,0,0.8249,0.8249,0.8249,0.8249,0.8249,0.8249,0.8249,0.8249,0.8249,,,,,,,,,,,,,,
940,0,0.8249,0.8249,0.8249,0.8249,0.8249,0.8249,0.8249,0.8249,0.8249,,,,,,,,,,,,,,
941,0,0.8249,0.8249,0.8249,0.8249,0.8249,0.8249,0.8249,0.8249,0.8249,,,,,,,,,,,,,,
942,0,0.8249,0.8249,0.8249,0.8249,0.8249,0.8249,0.8249,0.8249,0.8249,,,,,,,,,,,,,,
943,0,0.8249,0.8249,0.8249,0.8249,0.8249,0.8249,0.8249,0.8249,0.8249,,,,,,,,,,,,,,
944,0,0.8249,0.8249,0.8249,0.8249,0.8249,0.8249,0.8249,0.8249,0.8249,,,,,,,,,,,,,,
945,0,0.8249,0.8249,0.8249,0.8249,0.8249,0.8249,0.8249,0.8249,0.8249,,,,,,,,,,,,,,
946,0,0.8249,0.8249,0.8249,0.8249,0.8249,0.8249,0.8249,0.8249,0.8249,,,,,,,,,,,,,,
947,0,0.8249,0.8249,0.8249,0.8249,0.8249,0.8249,0.8249,0.8249,0.8249,,,,,,,,,,,,,,
948,0,0.8249,0.8249,0.8249,0.8249,0.8249,0.8249,0.8249,0.8249,0.8249,,,,,,,,,,,,,,
949,0,0.8249,0.8249,0.8249,0.8249,0.8249,0.8249,0.8249,0.8249,0.8249,,,,,,,,,,,,,,
950,0,0.8249,0.8249,0.8249,0.8249,0.8249,0.8249,0.8249,0.8249,0.8249,,,,,,,,,,,,,,
951,0,0.8249,0.8249,0.8249,0.8249,0.8249,0.8249,0.8249,0.8249,0.8249,,,,,,,,,,,,,,
952,0,0.8249,0.8249,0.8249,0.8249,0.8249,0.8249,0.8249,0.8249,0.8249,,,,,,,,,,,,,,
953,0,0.8249,0.8249,0.8249,0.8249,0.8249,0.8249,0.8249,0.8249,0.8249,,,,,,,,,,,,,,
954,0,0.8249,0.8249,0.8249,0.8249,0.8249,0.8249,0.8249,0.8249,0.8249,,,,,,,,,,,,,,
955,0,0.8249,0.8249,0.8249,0.8249,0.8249,0.8249,0.8249,0.8249,0.8249,,,,,,,,,,,,,,
956,0,0.8249,0.8249,0.8249,0.8249,0.8249,0.8249,0.8249,0.8249,0.8249,,,,,,,,,,,,,,
957,0,0.8249,0.8249,0.8249,0.8249,0.8249,0.8249,0.8249,0.8249,0.8249,,,,,,,,,,,,,,
958,0,0.8249,0.8249,0.8249,0.8249,0.8249,0.8249,0.8249,0.8249,0.8249,,,,,,,,,,,,,,
959,0,0.8249,0.8249,0.8249,0.8249,0.8249,0.8249,0.8249,0.8249,0.8249,,,,,,,,,,,,,,
960,0,0.8249,0.8249,0.8249,0.8249,0.8249,0.8249,0.8249,0.8249,0.8249,,,,,,,,,,,,,,
961,0,0.8249,0.8249,0.8249,0.8249,0.8249,0.8249,0.8249,0.8249,0.8249,,,,,,,,,,,,,,
962,0,0.8249,0.8249,0.8249,0.8249,0.8249,0.8249,0.8249,0.8249,0.8249,,,,,,,,,,,,,,
963,0,0.8249,0.8249,0.8249,0.8249,0.8249,0.8249,0.8249,0.8249,0.8249,,,,,,,,,,,,,,
964,0,0.8249,0.8249,0.8249,0.8249,0.8249,0.8249,0.8249,0.8249,0.8249,,,,,,,,,,,,,,
965,0,0.8249,0.8249,0.8249,0.8249,0.8249,0.8249,0.8249,0.8249,0.8249,,,,,,,,,,,,,,
966,0,0.8249,0.8249,0.8249,0.8249,0.8249,0.8249,0.8249,0.8249,0.8249,,,,,,,,,,,,,,
967,0,0.8249,0.8249,0.8249,0.8249,0.8249,0.8249,0.8249,0.8249,0.8249,,,,,,,,,,,,,,
968,0,0.8249,0.8249,0.8249,0.8249,0.8249,0.8249,0.8249,0.8249,0.8249,,,,,,,,,,,,,,
969,0,0.8249,0.8249,0.8249,0.8249,0.8249,0.8249,0.8249,0.8249,0.8249,,,,,,,,,,,,,,
970,0,0.8249,0.8249,0.8249,0.8249,0.8249,0.8249,0.8249,0.8249,0.8249,,,,,,,,,,,,,,
971,0,0.8249,0.8249,0.8249,0.8249,0.8249,0.8249,0.8249,0.8249,0.8249,,,,,,,,,,,,,,
972,0,0.8249,0.8249,0.8249,0.8249,0.8249,0.8249,0.8249,0.8249,0.8249,,,,,,,,,,,,,,
973,0,0.8249,0.8249,0.8249,0.8249,0.8249,0.8249,0.8249,0.8249,0.8249,,,,,,,,,,,,,,
974,0,0.8249,0.8249,0.8249,0.8249,0.8249,0.8249,0.8249,0.8249,0.8249,,,,,,,,,,,,,,
975,0,0.8249,0.8249,0.8249,0.8249,0.8249,0.8249,0.8249,0.8249,0.8249,,,,,,,,,,,,,,
976,0,0.8249,0.8249,0.8249,0.8249,0.8249,0.8249,0.8249,0.8249,0.8249,,,,,,,,,,,,,,
977,0,0.8249,0.8249,0.8249,0.8249,0.8249,0.8249,0.8249,0.8249,0.8249,,,,,,,,,,,,,,
978,0,0.8249,0.8249,0.8249,0.8249,0.8249,0.8249,0.8249,0.8249,0.8249,,,,,,,,,,,,,,
979,0,0.8249,0.8249,0.8249,0.8249,0.8249,0.8249,0.8249,0.8249,0.8249,,,,,,,,,,,,,,
980,0,0.8249,0.8249,0.8249,0.8249,0.8249,0.8249,0.8249,0.8249,0.8249,,,,,,,,,,,,,,
981,0,0.8249,0.8249,0.8249,0.8249,0.8249,0.8249,0.8249,0.8249,0.8249,,,,,,,,,,,,,,
982,0,0.8249,0.8249,0.8249,0.8249,0.8249,0.8249,0.8249,0.8249,0.8249,,,,,,,,,,,,,,
983,0,0.8249,0.8249,0.8249,0.8249,0.8249,0.8249,0.8249,0.8249,0.8249,,,,,,,,,,,,,,
984,0,0.8249,0.8249,0.8249,0.8249,0.8249,0.8249,0.8249,0.8249,0.8249,,,,,,,,,,,,,,
985,0,0.8249,0.8249,0.8249,0.8249,0.8249,0.8249,0.8249,0.8249,0.8249,,,,,,,,,,,,,,
986,0,0.8249,0.8249,0.8249,0.8249,0.8249,0.8249,0.8249,0.8249,0.8249,,,,,,,,,,,,,,
987,0,0.8249,0.8249,0.8249,0.8249,0.8249,0.8249,0.8249,0.8249,0.8249,,,,,,,,,,,,,,
988,0,0.8249,0.8249,0.8249,0.8249,0.8249,0.8249,0.8249,0.8249,0.8249,,,,,,,,,,,,,,
989,0,0.8249,0.8249,0.8249,0.8249,0.8249,0.8249,0.8249,0.8249,0.8249,,,,,,,,,,,,,,
990,0,0.8249,0.8249,0.8249,0.8249,0.8249,0.8249,0.8249,0.8249,0.8249,,,,,,,,,,,,,,
991,0,0.8249,0.8249,0.8249,0.8249,0.8249,0.8249,0.8249,0.8249,0.8249,,,,,,,,,,,,,,
992,0,0.8249,0.8249,0.8249,0.8249,0.8249,0.8249,0.8249,0.8249,0.8249,,,,,,,,,,,,,,
993,0,0.8249,0.8249,0.8249,0.8249,0.8249,0.8249,0.8249,0.8249,0.8249,,,,,,,,,,,,,,
994,0,0.8249,0.8249,0.8249,0.8249,0.8249,0.8249,0.8249,0.8249,0.8249,,,,,,,,,,,,,,
995,0,0.8249,0.8249,0.8249,0.8249,0.8249,0.8249,0.8249,0.8249,0.8249,,,,,,,,,,,,,,
996,0,0.8249,0.8249,0.8249,0.8249,0.8249,0.8249,0.8249,0.8249,0.8249,,,,,,,,,,,,,,
997,0,0.8249,0.8249,0.8249,0.8249,0.8249,0.8249,0.8249,0.8249,0.8249,,,,,,,,,,,,,,
998,0,0.8249,0.8249,0.8249,0.8249,0.8249,0.8249,0.8249,0.8249,0.8249,,,,,,,,,,,,,,
999,0,0.8249,0.8249,0.8249,0.8249,0.8249,0.8249,0.8249,0.8249,0.8249,,,,,,,,,,,,,,
1000,0,0.8249,0.8249,0.8249,0.8249,0.8249,0.8249,0.8249,0.8249,0.8249,,,,,,,,,,,,,,
1001,0,0.8249,0.8249,0.8249,0.8249,0.8249,0.8249,0.8249,0.8249,0.8249,,,,,,,,,,,,,,
1002,0,0.8249,0.8249,0.8249,0.8249,0.8249,0.8249,0.8249,0.8249,0.8249,,,,,,,,,,,,,,
1003,0,0.8249,0.8249,0.8249,0.8249,0.8249,0.8249,0.8249,0.8249,0.8249,,,,,,,,,,,,,,
1004,0,0.8249,0.8249,0.8249,0.8249,0.8249,0.8249,0.8249,0.8249,0.8249,,,,,,,,,,,,,,
1005,0,0.8249,0.8249,0.8249,0.8249,0.8249,0.8249,0.8249,0.8249,0.8249,,,,,,,,,,,,,,
1006,0,0.8249,0.8249,0.8249,0.8249,0.8249,0.8249,0.8249,0.8249,0.8249,,,,,,,,,,,,,,
1007,0,0.8249,0.8249,0.8249,0.8249,0.8249,0.8249,0.8249,0.8249,0.8249,,,,,,,,,,,,,,
1008,0,0.8249,0.8249,0.8249,0.8249,0.8249,0.8249,0.8249,0.8249,0.8249,,,,,,,,,,,,,,
1009,0,0.8249,0.8249,0.8249,0.8249,0.8249,0.8249,0.8249,0.8249,0.8249,,,,,,,,,,,,,,
1010,0,0.8249,0.8249,0.8249,0.8249,0.8249,0.8249,0.8249,0.8249,0.8249,,,,,,,,,,,,,,
1011,0,0.8249,0.8249,0.8249,0.8249,0.8249,0.8249,0.8249,0.8249,0.8249,,,,,,,,,,,,,,
1012,0,0.8249,0.8249,0.8249,0.8249,0.8249,0.8249,0.8249,0.8249,0.8249,,,,,,,,,,,,,,
1013,0,0.8249,0.8249,0.8249,0.8249,0.8249,0.8249,0.8249,0.8249,0.8249,,,,,,,,,,,,,,
1014,0,0.8249,0.8249,0.8249,0.8249,0.8249,0.8249,0.8249,0.8249,0.8249,,,,,,,,,,,,,,
1015,0,0.8249,0.8249,0.8249,0.8249,0.8249,0.8249,0.8249,0.8249,0.8249,,,,,,,,,,,,,,
1016,0,0.8249,0.8249,0.8249,0.8249,0.8249,0.8249,0.8249,0.8249,0.8249,,,,,,,,,,,,,,
1017,0,0.8249,0.8249,0.8249,0.8249,0.8249,0.8249,0.8249,0.8249,0.8249,,,,,,,,,,,,,,
1018,0,0.8249,0.8249,0.8249,0.8249,0.8249,0.8249,0.8249,0.8249,0.8249,,,,,,,,,,,,,,
1019,0,0.8249,0.8249,0.8249,0.8249,0.8249,0.8249,0.8249,0.8249,0.8249,,,,,,,,,,,,,,
1020,0,0.8249,0.8249,0.8249,0.8249,0.8249,0.8249,0.8249,0.8249,0.8249,,,,,,,,,,,,,,
1021,0,0.8249,0.8249,0.8249,0.8249,0.8249,0.8249,0.8249,0.8249,0.8249,,,,,,,,,,,,,,
1022,0,0.8249,0.8249,0.8249,0.8249,0.8249,0.8249,0.8249,0.8249,0.8249,,,,,,,,,,,,,,
1023,0,0.8249,0.8249,0.8249,0.8249,0.8249,0.8249,0.8249,0.8249,0.8249,,,,,,,,,,,,,,
1024,0,0.8249,0.8249,0.8249,0.8249,0.8249,0.8249,0.8249,0.8249,0.8249,,,,,,,,,,,,,,
1025,0,0.8249,0.8249,0.8249,0.8249,0.8249,0.8249,0.8249,0.8249,0.8249,,,,,,,,,,,,,,
1026,0,0.8249,0.8249,0.8249,0.8249,0.8249,0.8249,0.8249,0.8249,0.8249,,,,,,,,,,,,,,
1027,0,0.8249,0.8249,0.8249,0.8249,0.8249,0.8249,0.8249,0.8249,0.8249,,,,,,,,,,,,,,
1028,0,0.8249,0.8249,0.8249,0.8249,0.8249,0.8249,0.8249,0.8249,0.8249,,,,,,,,,,,,,,
1029,0,0.8249,0.8249,0.8249,0.8249,0.8249,0.8249,0.8249,0.8249,0.8249,,,,,,,,,,,,,,
1030,0,0.8249,0.8249,0.8249,0.8249,0.8249,0.8249,0.8249,0.8249,0.8249,,,,,,,,,,,,,,
1031,0,0.8249,0.8249,0.8249,0.8249,0.8249,0.8249,0.8249,0.8249,0.8249,,,,,,,,,,,,,,
1032,0,0.8249,0.8249,0.8249,0.8249,0.8249,0.8249,0.8249,0.8249,0.8249,,,,,,,,,,,,,,
1033,0,0.8249,0.8249,0.8249,0.8249,0.8249,0.8249,0.8249,0.8249,0.8249,,,,,,,,,,,,,,
1034,0,0.8249,0.8249,0.8249,0.8249,0.8249,0.8249,0.8249,0.8249,0.8249,,,,,,,,,,,,,,
1035,0,0.8249,0.8249,0.8249,0.8249,0.8249,0.8249,0.8249,0.8249,0.8249,,,,,,,,,,,,,,
1036,0,0.8249,0.8249,0.8249,0.8249,0.8249,0.8249,0.8249,0.8249,0.8249,,,,,,,,,,,,,,
1037,0,0.8249,0.8249,0.8249,0.8249,0.8249,0.8249,0.8249,0.8249,0.8249,,,,,,,,,,,,,,
1038,0,0.8249,0.8249,0.8249,0.8249,0.8249,0.8249,0.8249,0.8249,0.8249,,,,,,,,,,,,,,
1039,0,0.8249,0.8249,0.8249,0.8249,0.8249,0.8249,0.8249,0.8249,0.8249,,,,,,,,,,,,,,
1040,0,0.8249,0.8249,0.8249,0.8249,0.8249,0.8249,0.8249,0.8249,0.8249,,,,,,,,,,,,,,
1041,0,0.8249,0.8249,0.8249,0.8249,0.8249,0.8249,0.8249,0.8249,0.8249,,,,,,,,,,,,,,
1042,0,0.8249,0.8249,0.8249,0.8249,0.8249,0.8249,0.8249,0.8249,0.8249,,,,,,,,,,,,,,
1043,0,0.8249,0.8249,0.8249,0.8249,0.8249,0.8249,0.8249,0.8249,0.8249,,,,,,,,,,,,,,
1044,0,0.8249,0.8249,0.8249,0.8249,0.8249,0.8249,0.8249,0.8249,0.8249,,,,,,,,,,,,,,
1045,0,0.8249,0.8249,0.8249,0.8249,0.8249,0.8249,0.8249,0.8249,0.8249,,,,,,,,,,,,,,
1046,0,0.8249,0.8249,0.8249,0.8249,0.8249,0.8249,0.8249,0.8249,0.8249,,,,,,,,,,,,,,
1047,0,0.8249,0.8249,0.8249,0.8249,0.8249,0.8249,0.8249,0.8249,0.8249,,,,,,,,,,,,,,
1048,0,0.8249,0.8249,0.8249,0.8249,0.8249,0.8249,0.8249,0.8249,0.8249,,,,,,,,,,,,,,
1049,0,0.8249,0.8249,0.8249,0.8249,0.8249,0.8249,0.8249,0.8249,0.8249,,,,,,,,,,,,,,
1050,0,0.8249,0.8249,0.8249,0.8249,0.8249,0.8249,0.8249,0.8249,0.8249,,,,,,,,,,,,,,
1051,0,0.8249,0.8249,0.8249,0.8249,0.8249,0.8249,0.8249,0.8249,0.8249,,,,,,,,,,,,,,
1052,0,0.8249,0.8249,0.8249,0.8249,0.8249,0.8249,0.8249,0.8249,0.8249,,,,,,,,,,,,,,
1053,0,0.8249,0.8249,0.8249,0.8249,0.8249,0.8249,0.8249,0.8249,0.8249,,,,,,,,,,,,,,
1054,0,0.8249,0.8249,0.8249,0.8249,0.8249,0.8249,0.8249,0.8249,0.8249,,,,,,,,,,,,,,
1055,0,0.8249,0.8249,0.8249,0.8249,0.8249,0.8249,0.8249,0.8249,0.8249,,,,,,,,,,,,,,
1056,0,0.8249,0.8249,0.8249,0.8249,0.8249,0.8249,0.8249,0.8249,0.8249,,,,,,,,,,,,,,
1057,0,0.8249,0.8249,0.8249,0.8249,0.8249,0.8249,0.8249,0.8249,0.8249,,,,,,,,,,,,,,
1058,0,0.8249,0.8249,0.8249,0.8249,0.8249,0.8249,0.8249,0.8249,0.8249,,,,,,,,,,,,,,
1059,0,0.8249,0.8249,0.8249,0.8249,0.8249,0.8249,0.8249,0.8249,0.8249,,,,,,,,,,,,,,
1060,0,0.8249,0.8249,0.8249,0.8249,0.8249,0.8249,0.8249,0.8249,0.8249,,,,,,,,,,,,,,
1061,0,0.8249,0.8249,0.8249,0.8249,0.8249,0.8249,0.8249,0.8249,0.8249,,,,,,,,,,,,,,
1062,0,0.8249,0.8249,0.8249,0.8249,0.8249,0.8249,0.8249,0.8249,0.8249,,,,,,,,,,,,,,
1063,0,0.8249,0.8249,0.8249,0.8249,0.8249,0.8249,0.8249,0.8249,0.8249,,,,,,,,,,,,,,
1064,0,0.8249,0.8249,0.8249,0.8249,0.8249,0.8249,0.8249,0.8249,0.8249,,,,,,,,,,,,,,
1065,0,0.8249,0.8249,0.8249,0.8249,0.8249,0.8249,0.8249,0.8249,0.8249,,,,,,,,,,,,,,
1066,0,0.8249,0.8249,0.8249,0.8249,0.8249,0.8249,0.8249,0.8249,0.8249,,,,,,,,,,,,,,
1067,0,0.8249,0.8249,0.8249,0.8249,0.8249,0.8249,0.8249,0.8249,0.8249,,,,,,,,,,,,,,
1068,0,0.8249,0.8249,0.8249,0.8249,0.8249,0.8249,0.8249,0.8249,0.8249,,,,,,,,,,,,,,
1069,0,0.8249,0.8249,0.8249,0.8249,0.8249,0.8249,0.8249,0.8249,0.8249,,,,,,,,,,,,,,
1070,0,0.8249,0.8249,0.8249,0.8249,0.8249,0.8249,0.8249,0.8249,0.8249,,,,,,,,,,,,,,
1071,0,0.8249,0.8249,0.8249,0.8249,0.8249,0.8249,0.8249,0.8249,0.8249,,,,,,,,,,,,,,
1072,0,0.8249,0.8249,0.8249,0.8249,0.8249,0.8249,0.8249,0.8249,0.8249,,,,,,,,,,,,,,
1073,0,0.8249,0.8249,0.8249,0.8249,0.8249,0.8249,0.8249,0.8249,0.8249,,,,,,,,,,,,,,
1074,0,0.8249,0.8249,0.8249,0.8249,0.8249,0.8249,0.8249,0.8249,0.8249,,,,,,,,,,,,,,
1075,0,0.8249,0.8249,0.8249,0.8249,0.8249,0.8249,0.8249,0.8249,0.8249,,,,,,,,,,,,,,
1076,0,0.8249,0.8249,0.8249,0.8249,0.8249,0.8249,0.8249,0.8249,0.8249,,,,,,,,,,,,,,
1077,0,0.8249,0.8249,0.8249,0.8249,0.8249,0.8249,0.8249,0.8249,0.8249,,,,,,,,,,,,,,
1078,0,0.8249,0.8249,0.8249,0.8249,0.8249,0.8249,0.8249,0.8249,0.8249,,,,,,,,,,,,,,
1079,0,0.8249,0.8249,0.8249,0.8249,0.8249,0.8249,0.8249,0.8249,0.8249,,,,,,,,,,,,,,
1080,0,0.8249,0.8249,0.8249,0.8249,0.8249,0.8249,0.8249,0.8249,0.8249,,,,,,,,,,,,,,
1081,0,0.8249,0.8249,0.8249,0.8249,0.8249,0.8249,0.8249,0.8249,0.8249,,,,,,,,,,,,,,
1082,0,0.8249,0.8249,0.8249,0.8249,0.8249,0.8249,0.8249,0.8249,0.8249,,,,,,,,,,,,,,
1083,0,0.8249,0.8249,0.8249,0.8249,0.8249,0.8249,0.8249,0.8249,0.8249,,,,,,,,,,,,,,
1084,0,0.8249,0.8249,0.8249,0.8249,0.8249,0.8249,0.8249,0.8249,0.8249,,,,,,,,,,,,,,
1085,0,0.8249,0.8249,0.8249,0.8249,0.8249,0.8249,0.8249,0.8249,0.8249,,,,,,,,,,,,,,
1086,0,0.8249,0.8249,0.8249,0.8249,0.8249,0.8249,0.8249,0.8249,0.8249,,,,,,,,,,,,,,
1087,0,0.8249,0.8249,0.8249,0.8249,0.8249,0.8249,0.8249,0.8249,0.8249,,,,,,,,,,,,,,
1088,0,0.8249,0.8249,0.8249,0.8249,0.8249,0.8249,0.8249,0.8249,0.8249,,,,,,,,,,,,,,
1089,0,0.8249,0.8249,0.8249,0.8249,0.8249,0.8249,0.8249,0.8249,0.8249,,,,,,,,,,,,,,
1090,0,0.8249,0.8249,0.8249,0.8249,0.8249,0.8249,0.8249,0.8249,0.8249,,,,,,,,,,,,,,
1091,0,0.8249,0.8249,0.8249,0.8249,0.8249,0.8249,0.8249,0.8249,0.8249,,,,,,,,,,,,,,
1092,0,0.8249,0.8249,0.8249,0.8249,0.8249,0.8249,0.8249,0.8249,0.8249,,,,,,,,,,,,,,
1093,0,0.8249,0.8249,0.8249,0.8249,0.8249,0.8249,0.8249,0.8249,0.8249,,,,,,,,,,,,,,
1094,0,0.8249,0.8249,0.8249,0.8249,0.8249,0.8249,0.8249,0.8249,0.8249,,,,,,,,,,,,,,
1095,0,0.8249,0.8249,0.8249,0.8249,0.8249,0.8249,0.8249,0.8249,0.8249,,,,,,,,,,,,,,
1096,0,0.8249,0.8249,0.8249,0.8249,0.8249,0.8249,0.8249,0.8249,0.8249,,,,,,,,,,,,,,
1097,0,0.8249,0.8249,0.8249,0.8249,0.8249,0.8249,0.8249,0.8249,0.8249,,,,,,,,,,,,,,
1098,0,0.8249,0.8249,0.8249,0.8249,0.8249,0.8249,0.8249,0.8249,0.8249,,,,,,,,,,,,,,
1099,0,0.8249,0.8249,0.8249,0.8249,0.8249,0.8249,0.8249,0.8249,0.8249,,,,,,,,,,,,,,
1100,0,0.8249,0.8249,0.8249,0.8249,0.8249,0.8249,0.8249,0.8249,0.8249,,,,,,,,,,,,,,
1101,0,0.8249,0.8249,0.8249,0.8249,0.8249,0.8249,0.8249,0.8249,0.8249,,,,,,,,,,,,,,
1102,0,0.8249,0.8249,0.8249,0.8249,0.8249,0.8249,0.8249,0.8249,0.8249,,,,,,,,,,,,,,
1103,0,0.8249,0.8249,0.8249,0.8249,0.8249,0.8249,0.8249,0.8249,0.8249,,,,,,,,,,,,,,
1104,0,0.8249,0.8249,0.8249,0.8249,0.8249,0.8249,0.8249,0.8249,0.8249,,,,,,,,,,,,,,
1105,0,0.8249,0.8249,0.8249,0.8249,0.8249,0.8249,0.8249,0.8249,0.8249,,,,,,,,,,,,,,
1106,0,0.8249,0.8249,0.8249,0.8249,0.8249,0.8249,0.8249,0.8249,0.8249,,,,,,,,,,,,,,
1107,0,0.8249,0.8249,0.8249,0.8249,0.8249,0.8249,0.8249,0.8249,0.8249,,,,,,,,,,,,,,
1108,0,0.8249,0.8249,0.8249,0.8249,0.8249,0.8249,0.8249,0.8249,0.8249,,,,,,,,,,,,,,
1109,0,0.8249,0.8249,0.8249,0.8249,0.8249,0.8249,0.8249,0.8249,0.8249,,,,,,,,,,,,,,
1110,0,0.8249,0.8249,0.8249,0.8249,0.8249,0.8249,0.8249,0.8249,0.8249,,,,,,,,,,,,,,
1111,0,0.8249,0.8249,0.8249,0.8249,0.8249,0.8249,0.8249,0.8249,0.8249,,,,,,,,,,,,,,
1112,0,0.8249,0.8249,0.8249,0.8249,0.8249,0.8249,0.8249,0.8249,0.8249,,,,,,,,,,,,,,
1113,0,0.8249,0.8249,0.8249,0.8249,0.8249,0.8249,0.8249,0.8249,0.8249,,,,,,,,,,,,,,
1114,0,0.8249,0.8249,0.8249,0.8249,0.8249,0.8249,0.8249,0.8249,0.8249,,,,,,,,,,,,,,
1115,0,0.8249,0.8249,0.8249,0.8249,0.8249,0.8249,0.8249,0.8249,0.8249,,,,,,,,,,,,,,
1116,0,0.8249,0.8249,0.8249,0.8249,0.8249,0.8249,0.8249,0.8249,0.8249,,,,,,,,,,,,,,
1117,0,0.8249,0.8249,0.8249,0.8249,0.8249,0.8249,0.8249,0.8249,0.8249,,,,,,,,,,,,,,
1118,0,0.8249,0.8249,0.8249,0.8249,0.8249,0.8249,0.8249,0.8249,0.8249,,,,,,,,,,,,,,
1119,0,0.8249,0.8249,0.8249,0.8249,0.8249,0.8249,0.8249,0.8249,0.8249,,,,,,,,,,,,,,
1120,0,0.8249,0.8249,0.8249,0.8249,0.8249,0.8249,0.8249,0.8249,0.8249,,,,,,,,,,,,,,
1121,0,0.8249,0.8249,0.8249,0.8249,0.8249,0.8249,0.8249,0.8249,0.8249,,,,,,,,,,,,,,
1122,0,0.8249,0.8249,0.8249,0.8249,0.8249,0.8249,0.8249,0.8249,0.8249,,,,,,,,,,,,,,
1123,0,0.8249,0.8249,0.8249,0.8249,0.8249,0.8249,0.8249,0.8249,0.8249,,,,,,,,,,,,,,
1124,0,0.8249,0.8249,0.8249,0.8249,0.8249,0.8249,0.8249,0.8249,0.8249,,,,,,,,,,,,,,
1125,0,0.8249,0.8249,0.8249,0.8249,0.8249,0.8249,0.8249,0.8249,0.8249,,,,,,,,,,,,,,
1126,0,0.8249,0.8249,0.8249,0.8249,0.8249,0.8249,0.8249,0.8249,0.8249,,,,,,,,,,,,,,
1127,0,0.8249,0.8249,0.8249,0.8249,0.8249,0.8249,0.8249,0.8249,0.8249,,,,,,,,,,,,,,
1128,0,0.8249,0.8249,0.8249,0.8249,0.8249,0.8249,0.8249,0.8249,0.8249,,,,,,,,,,,,,,
1129,0,0.8249,0.8249,0.8249,0.8249,0.8249,0.8249,0.8249,0.8249,0.8249,,,,,,,,,,,,,,
1130,0,0.8249,0.8249,0.8249,0.8249,0.8249,0.8249,0.8249,0.8249,0.8249,,,,,,,,,,,,,,
1131,0,0.8249,0.8249,0.8249,0.8249,0.8249,0.8249,0.8249,0.8249,0.8249,,,,,,,,,,,,,,
1132,0,0.8249,0.8249,0.8249,0.8249,0.8249,0.8249,0.8249,0.8249,0.8249,,,,,,,,,,,,,,
1133,0,0.8249,0.8249,0.8249,0.8249,0.8249,0.8249,0.8249,0.8249,0.8249,,,,,,,,,,,,,,
1134,0,0.8249,0.8249,0.8249,0.8249,0.8249,0.8249,0.8249,0.8249,0.8249,,,,,,,,,,,,,,
1135,0,0.8249,0.8249,0.8249,0.8249,0.8249,0.8249,0.8249,0.8249,0.8249,,,,,,,,,,,,,,
1136,0,0.8249,0.8249,0.8249,0.8249,0.8249,0.8249,0.8249,0.8249,0.8249,,,,,,,,,,,,,,
1137,0,0.8249,0.8249,0.8249,0.8249,0.8249,0.8249,0.8249,0.8249,0.8249,,,,,,,,,,,,,,
1138,0,0.8249,0.8249,0.8249,0.8249,0.8249,0.8249,0.8249,0.8249,0.8249,,,,,,,,,,,,,,
1139,0,0.8249,0.8249,0.8249,0.8249,0.8249,0.8249,0.8249,0.8249,0.8249,,,,,,,,,,,,,,
1140,0,0.8249,0.8249,0.8249,0.8249,0.8249,0.8249,0.8249,0.8249,0.8249,,,,,,,,,,,,,,
1141,0,0.8249,0.8249,0.8249,0.8249,0.8249,0.8249,0.8249,0.8249,0.8249,,,,,,,,,,,,,,
1142,0,0.8249,0.8249,0.8249,0.8249,0.8249,0.8249,0.8249,0.8249,0.8249,,,,,,,,,,,,,,
1143,0,0.8249,0.8249,0.8249,0.8249,0.8249,0.8249,0.8249,0.8249,0.8249,,,,,,,,,,,,,,
1144,0,0.8249,0.8249,0.8249,0.8249,0.8249,0.8249,0.8249,0.8249,0.8249,,,,,,,,,,,,,,
1145,0,0.8249,0.8249,0.8249,0.8249,0.8249,0.8249,0.8249,0.8249,0.8249,,,,,,,,,,,,,,
1146,0,0.8249,0.8249,0.8249,0.8249,0.8249,0.8249,0.8249,0.8249,0.8249,,,,,,,,,,,,,,
1147,0,0.8249,0.8249,0.8249,0.8249,0.8249,0.8249,0.8249,0.8249,0.8249,,,,,,,,,,,,,,
1148,0,0.8249,0.8249,0.8249,0.8249,0.8249,0.8249,0.8249,0.8249,0.8249,,,,,,,,,,,,,,
1149,0,0.8249,0.8249,0.8249,0.8249,0.8249,0.8249,0.8249,0.8249,0.8249,,,,,,,,,,,,,,
1150,0,0.8249,0.8249,0.8249,0.8249,0.8249,0.8249,0.8249,0.8249,0.8249,,,,,,,,,,,,,,
1151,0,0.8249,0.8249,0.8249,0.8249,0.8249,0.8249,0.8249,0.8249,0.8249,,,,,,,,,,,,,,
1152,0,0.8249,0.8249,0.8249,0.8249,0.8249,0.8249,0.8249,0.8249,0.8249,,,,,,,,,,,,,,
1153,0,0.8249,0.8249,0.8249,0.8249,0.8249,0.8249,0.8249,0.8249,0.8249,,,,,,,,,,,,,,
1154,0,0.8249,0.8249,0.8249,0.8249,0.8249,0.8249,0.8249,0.8249,0.8249,,,,,,,,,,,,,,
1155,0,0.8249,0.8249,0.8249,0.8249,0.8249,0.8249,0.8249,0.8249,0.8249,,,,,,,,,,,,,,
1156,0,0.8249,0.8249,0.8249,0.8249,0.8249,0.8249,0.8249,0.8249,0.8249,,,,,,,,,,,,,,
1157,0,0.8249,0.8249,0.8249,0.8249,0.8249,0.8249,0.8249,0.8249,0.8249,,,,,,,,,,,,,,
1158,0,0.8249,0.8249,0.8249,0.8249,0.8249,0.8249,0.8249,0.8249,0.8249,,,,,,,,,,,,,,
1159,0,0.8249,0.8249,0.8249,0.8249,0.8249,0.8249,0.8249,0.8249,0.8249,,,,,,,,,,,,,,
1160,0,0.8249,0.8249,0.8249,0.8249,0.8249,0.8249,0.8249,0.8249,0.8249,,,,,,,,,,,,,,
1161,0,0.8249,0.8249,0.8249,0.8249,0.8249,0.8249,0.8249,0.8249,0.8249,,,,,,,,,,,,,,
1162,0,0.8249,0.8249,0.8249,0.8249,0.8249,0.8249,0.8249,0.8249,0.8249,,,,,,,,,,,,,,
1163,0,0.8249,0.8249,0.8249,0.8249,0.8249,0.8249,0.8249,0.8249,0.8249,,,,,,,,,,,,,,
1164,0,0.8249,0.8249,0.8249,0.8249,0.8249,0.8249,0.8249,0.8249,0.8249,,,,,,,,,,,,,,
1165,0,0.8249,0.8249,0.8249,0.8249,0.8249,0.8249,0.8249,0.8249,0.8249,,,,,,,,,,,,,,
1166,0,0.8249,0.8249,0.8249,0.8249,0.8249,0.8249,0.8249,0.8249,0.8249,,,,,,,,,,,,,,
1167,0,0.8249,0.8249,0.8249,0.8249,0.8249,0.8249,0.8249,0.8249,0.8249,,,,,,,,,,,,,,
1168,0,0.8249,0.8249,0.8249,0.8249,0.8249,0.8249,0.8249,0.8249,0.8249,,,,,,,,,,,,,,
1169,0,0.8249,0.8249,0.8249,0.8249,0.8249,0.8249,0.8249,0.8249,0.8249,,,,,,,,,,,,,,
1170,0,0.8249,0.8249,0.8249,0.8249,0.8249,0.8249,0.8249,0.8249,0.8249,,,,,,,,,,,,,,
1171,0,0.8249,0.8249,0.8249,0.8249,0.8249,0.8249,0.8249,0.8249,0.8249,,,,,,,,,,,,,,
1172,0,0.8249,0.8249,0.8249,0.8249,0.8249,0.8249,0.8249,0.8249,0.8249,,,,,,,,,,,,,,
1173,0,0.8249,0.8249,0.8249,0.8249,0.8249,0.8249,0.8249,0.8249,0.8249,,,,,,,,,,,,,,
1174,0,0.8249,0.8249,0.8249,0.8249,0.8249,0.8249,0.8249,0.8249,0.8249,,,,,,,,,,,,,,
1175,0,0.8249,0.8249,0.8249,0.8249,0.8249,0.8249,0.8249,0.8249,0.8249,,,,,,,,,,,,,,
1176,0,0.8249,0.8249,0.8249,0.8249,0.8249,0.8249,0.8249,0.8249,0.8249,,,,,,,,,,,,,,
1177,0,0.8249,0.8249,0.8249,0.8249,0.8249,0.8249,0.8249,0.8249,0.8249,,,,,,,,,,,,,,
1178,0,0.8249,0.8249,0.8249,0.8249,0.8249,0.8249,0.8249,0.8249,0.8249,,,,,,,,,,,,,,
1179,0,0.8249,0.8249,0.8249,0.8249,0.8249,0.8249,0.8249,0.8249,0.8249,,,,,,,,,,,,,,
1180,0,0.8249,0.8249,0.8249,0.8249,0.8249,0.8249,0.8249,0.8249,0.8249,,,,,,,,,,,,,,
1181,0,0.8249,0.8249,0.8249,0.8249,0.8249,0.8249,0.8249,0.8249,0.8249,,,,,,,,,,,,,,
1182,0,0.8249,0.8249,0.8249,0.8249,0.8249,0.8249,0.8249,0.8249,0.8249,,,,,,,,,,,,,,
1183,0,0.8249,0.8249,0.8249,0.8249,0.8249,0.8249,0.8249,0.8249,0.8249,,,,,,,,,,,,,,
1184,0,0.8249,0.8249,0.8249,0.8249,0.8249,0.8249,0.8249,0.8249,0.8249,,,,,,,,,,,,,,
1185,0,0.8249,0.8249,0.8249,0.8249,0.8249,0.8249,0.8249,0.8249,0.8249,,,,,,,,,,,,,,
1186,0,0.8249,0.8249,0.8249,0.8249,0.8249,0.8249,0.8249,0.8249,0.8249,,,,,,,,,,,,,,
1187,0,0.8249,0.8249,0.8249,0.8249,0.8249,0.8249,0.8249,0.8249,0.8249,,,,,,,,,,,,,,
1188,0,0.8249,0.8249,0.8249,0.8249,0.8249,0.8249,0.8249,0.8249,0.8249,,,,,,,,,,,,,,
1189,0,0.8249,0.8249,0.8249,0.8249,0.8249,0.8249,0.8249,0.8249,0.8249,,,,,,,,,,,,,,
1190,0,0.8249,0.8249,0.8249,0.8249,0.8249,0.8249,0.8249,0.8249,0.8249,,,,,,,,,,,,,,
1191,0,0.8249,0.8249,0.8249,0.8249,0.8249,0.8249,0.8249,0.8249,0.8249,,,,,,,,,,,,,,
1192,0,0.8249,0.8249,0.8249,0.8249,0.8249,0.8249,0.8249,0.8249,0.8249,,,,,,,,,,,,,,
1193,0,0.8249,0.8249,0.8249,0.8249,0.8249,0.8249,0.8249,0.8249,0.8249,,,,,,,,,,,,,,
1194,0,0.8249,0.8249,0.8249,0.8249,0.8249,0.8249,0.8249,0.8249,0.8249,,,,,,,,,,,,,,
1195,0,0.8249,0.8249,0.8249,0.8249,0.8249,0.8249,0.8249,0.8249,0.8249,,,,,,,,,,,,,,
1196,0,0.8249,0.8249,0.8249,0.8249,0.8249,0.8249,0.8249,0.8249,0.8249,,,,,,,,,,,,,,
1197,0,0.8249,0.8249,0.8249,0.8249,0.8249,0.8249,0.8249,0.8249,0.8249,,,,,,,,,,,,,,
1198,0,0.8249,0.8249,0.8249,0.8249,0.8249,0.8249,0.8249,0.8249,0.8249,,,,,,,,,,,,,,
1199,0,0.8249,0.8249,0.8249,0.8249,0.8249,0.8249,0.8249,0.8249,0.8249,,,,,,,,,,,,,,
1200,0,0.8249,0.8249,0.8249,0.8249,0.8249,0.8249,0.8249,0.8249,0.8249,,,,,,,,,,,,,,
1201,0,0.8249,0.8249,0.8249,0.8249,0.8249,0.8249,0.8249,0.8249,0.8249,,,,,,,,,,,,,,
1202,0,0.8249,0.8249,0.8249,0.8249,0.8249,0.8249,0.8249,0.8249,0.8249,,,,,,,,,,,,,,
1203,0,0.8249,0.8249,0.8249,0.8249,0.8249,0.8249,0.8249,0.8249,0.8249,,,,,,,,,,,,,,
1204,0,0.8249,0.8249,0.8249,0.8249,0.8249,0.8249,0.8249,0.8249,0.8249,,,,,,,,,,,,,,
1205,0,0.8249,0.8249,0.8249,0.8249,0.8249,0.8249,0.8249,0.8249,0.8249,,,,,,,,,,,,,,
1206,0,0.8249,0.8249,0.8249,0.8249,0.8249,0.8249,0.8249,0.8249,0.8249,,,,,,,,,,,,,,
1207,0,0.8249,0.8249,0.8249,0.8249,0.8249,0.8249,0.8249,0.8249,0.8249,,,,,,,,,,,,,,
1208,0,0.8249,0.8249,0.8249,0.8249,0.8249,0.8249,0.8249,0.8249,0.8249,,,,,,,,,,,,,,
1209,0,0.8249,0.8249,0.8249,0.8249,0.8249,0.8249,0.8249,0.8249,0.8249,,,,,,,,,,,,,,
1210,0,0.8249,0.8249,0.8249,0.8249,0.8249,0.8249,0.8249,0.8249,0.8249,,,,,,,,,,,,,,
1211,0,0.8249,0.8249,0.8249,0.8249,0.8249,0.8249,0.8249,0.8249,0.8249,,,,,,,,,,,,,,
1212,0,0.8249,0.8249,0.8249,0.8249,0.8249,0.8249,0.8249,0.8249,0.8249,,,,,,,,,,,,,,
1213,0,0.8249,0.8249,0.8249,0.8249,0.8249,0.8249,0.8249,0.8249,0.8249,,,,,,,,,,,,,,
1214,0,0.8249,0.8249,0.8249,0.8249,0.8249,0.8249,0.8249,0.8249,0.8249,,,,,,,,,,,,,,
1215,0,0.8249,0.8249,0.8249,0.8249,0.8249,0.8249,0.8249,0.8249,0.8249,,,,,,,,,,,,,,
1216,0,0.8249,0.8249,0.8249,0.8249,0.8249,0.8249,0.8249,0.8249,0.8249,,,,,,,,,,,,,,
1217,0,0.8249,0.8249,0.8249,0.8249,0.8249,0.8249,0.8249,0.8249,0.8249,,,,,,,,,,,,,,
1218,0,0.8249,0.8249,0.8249,0.8249,0.8249,0.8249,0.8249,0.8249,0.8249,,,,,,,,,,,,,,
1219,0,0.8249,0.8249,0.8249,0.8249,0.8249,0.8249,0.8249,0.8249,0.8249,,,,,,,,,,,,,,
1220,0,0.8249,0.8249,0.8249,0.8249,0.8249,0.8249,0.8249,0.8249,0.8249,,,,,,,,,,,,,,
1221,0,0.8249,0.8249,0.8249,0.8249,0.8249,0.8249,0.8249,0.8249,0.8249,,,,,,,,,,,,,,
1222,0,0.8249,0.8249,0.8249,0.8249,0.8249,0.8249,0.8249,0.8249,0.8249,,,,,,,,,,,,,,
1223,0,0.8249,0.8249,0.8249,0.8249,0.8249,0.8249,0.8249,0.8249,0.8249,,,,,,,,,,,,,,
1224,0,0.8249,0.8249,0.8249,0.8249,0.8249,0.8249,0.8249,0.8249,0.8249,,,,,,,,,,,,,,
1225,0,0.8249,0.8249,0.8249,0.8249,0.8249,0.8249,0.8249,0.8249,0.8249,,,,,,,,,,,,,,
1226,0,0.8249,0.8249,0.8249,0.8249,0.8249,0.8249,0.8249,0.8249,0.8249,,,,,,,,,,,,,,
1227,0,0.8249,0.8249,0.8249,0.8249,0.8249,0.8249,0.8249,0.8249,0.8249,,,,,,,,,,,,,,
1228,0,0.8249,0.8249,0.8249,0.8249,0.8249,0.8249,0.8249,0.8249,0.8249,,,,,,,,,,,,,,
1229,0,0.8249,0.8249,0.8249,0.8249,0.8249,0.8249,0.8249,0.8249,0.8249,,,,,,,,,,,,,,
1230,0,0.8249,0.8249,0.8249,0.8249,0.8249,0.8249,0.8249,0.8249,0.8249,,,,,,,,,,,,,,
1231,0,0.8249,0.8249,0.8249,0.8249,0.8249,0.8249,0.8249,0.8249,0.8249,,,,,,,,,,,,,,
1232,0,0.8249,0.8249,0.8249,0.8249,0.8249,0.8249,0.8249,0.8249,0.8249,,,,,,,,,,,,,,
1233,0,0.8249,0.8249,0.8249,0.8249,0.8249,0.8249,0.8249,0.8249,0.8249,,,,,,,,,,,,,,
1234,0,0.8249,0.8249,0.8249,0.8249,0.8249,0.8249,0.8249,0.8249,0.8249,,,,,,,,,,,,,,
1235,0,0.8249,0.8249,0.8249,0.8249,0.8249,0.8249,0.8249,0.8249,0.8249,,,,,,,,,,,,,,
1236,0,0.8249,0.8249,0.8249,0.8249,0.8249,0.8249,0.8249,0.8249,0.8249,,,,,,,,,,,,,,
1237,0,0.8249,0.8249,0.8249,0.8249,0.8249,0.8249,0.8249,0.8249,0.8249,,,,,,,,,,,,,,
1238,0,0.8249,0.8249,0.8249,0.8249,0.8249,0.8249,0.8249,0.8249,0.8249,,,,,,,,,,,,,,
1239,0,0.8249,0.8249,0.8249,0.8249,0.8249,0.8249,0.8249,0.8249,0.8249,,,,,,,,,,,,,,
1240,0,0.8249,0.8249,0.8249,0.8249,0.8249,0.8249,0.8249,0.8249,0.8249,,,,,,,,,,,,,,
1241,0,0.8249,0.8249,0.8249,0.8249,0.8249,0.8249,0.8249,0.8249,0.8249,,,,,,,,,,,,,,
1242,0,0.8249,0.8249,0.8249,0.8249,0.8249,0.8249,0.8249,0.8249,0.8249,,,,,,,,,,,,,,
1243,0,0.8249,0.8249,0.8249,0.8249,0.8249,0.8249,0.8249,0.8249,0.8249,,,,,,,,,,,,,,
1244,0,0.8249,0.8249,0.8249,0.8249,0.8249,0.8249,0.8249,0.8249,0.8249,,,,,,,,,,,,,,
1245,0,0.8249,0.8249,0.8249,0.8249,0.8249,0.8249,0.8249,0.8249,0.8249,,,,,,,,,,,,,,
1246,0,0.8249,0.8249,0.8249,0.8249,0.8249,0.8249,0.8249,0.8249,0.8249,,,,,,,,,,,,,,
1247,0,0.8249,0.8249,0.8249,0.8249,0.8249,0.8249,0.8249,0.8249,0.8249,,,,,,,,,,,,,,
1248,0,0.8249,0.8249,0.8249,0.8249,0.8249,0.8249,0.8249,0.8249,0.8249,,,,,,,,,,,,,,
1249,0,0.8249,0.8249,0.8249,0.8249,0.8249,0.8249,0.8249,0.8249,0.8249,,,,,,,,,,,,,,
1250,0,0.8249,0.8249,0.8249,0.8249,0.8249,0.8249,0.8249,0.8249,0.8249,,,,,,,,,,,,,,
1251,0,0.8249,0.8249,0.8249,0.8249,0.8249,0.8249,0.8249,0.8249,0.8249,,,,,,,,,,,,,,
1252,0,0.8249,0.8249,0.8249,0.8249,0.8249,0.8249,0.8249,0.8249,0.8249,,,,,,,,,,,,,,
1253,0,0.8249,0.8249,0.8249,0.8249,0.8249,0.8249,0.8249,0.8249,0.8249,,,,,,,,,,,,,,
1254,0,0.8249,0.8249,0.8249,0.8249,0.8249,0.8249,0.8249,0.8249,0.8249,,,,,,,,,,,,,,
1255,0,0.8249,0.8249,0.8249,0.8249,0.8249,0.8249,0.8249,0.8249,0.8249,,,,,,,,,,,,,,
1256,0,0.8249,0.8249,0.8249,0.8249,0.8249,0.8249,0.8249,0.8249,0.8249,,,,,,,,,,,,,,
1257,0,0.8249,0.8249,0.8249,0.8249,0.8249,0.8249,0.8249,0.8249,0.8249,,,,,,,,,,,,,,
1258,0,0.8249,0.8249,0.8249,0.8249,0.8249,0.8249,0.8249,0.8249,0.8249,,,,,,,,,,,,,,
1259,0,0.8249,0.8249,0.8249,0.8249,0.8249,0.8249,0.8249,0.8249,0.8249,,,,,,,,,,,,,,
1260,0,0.8249,0.8249,0.8249,0.8249,0.8249,0.8249,0.8249,0.8249,0.8249,,,,,,,,,,,,,,
1261,0,0.8249,0.8249,0.8249,0.8249,0.8249,0.8249,0.8249,0.8249,0.8249,,,,,,,,,,,,,,
1262,0,0.8249,0.8249,0.8249,0.8249,0.8249,0.8249,0.8249,0.8249,0.8249,,,,,,,,,,,,,,
1263,0,0.8249,0.8249,0.8249,0.8249,0.8249,0.8249,0.8249,0.8249,0.8249,,,,,,,,,,,,,,
1264,0,0.8249,0.8249,0.8249,0.8249,0.8249,0.8249,0.8249,0.8249,0.8249,,,,,,,,,,,,,,
1265,0,0.8249,0.8249,0.8249,0.8249,0.8249,0.8249,0.8249,0.8249,0.8249,,,,,,,,,,,,,,
1266,0,0.8249,0.8249,0.8249,0.8249,0.8249,0.8249,0.8249,0.8249,0.8249,,,,,,,,,,,,,,
1267,0,0.8249,0.8249,0.8249,0.8249,0.8249,0.8249,0.8249,0.8249,0.8249,,,,,,,,,,,,,,
1268,0,0.8249,0.8249,0.8249,0.8249,0.8249,0.8249,0.8249,0.8249,0.8249,,,,,,,,,,,,,,
1269,0,0.8249,0.8249,0.8249,0.8249,0.8249,0.8249,0.8249,0.8249,0.8249,,,,,,,,,,,,,,
1270,0,0.8249,0.8249,0.8249,0.8249,0.8249,0.8249,0.8249,0.8249,0.8249,,,,,,,,,,,,,,
1271,0,0.8249,0.8249,0.8249,0.8249,0.8249,0.8249,0.8249,0.8249,0.8249,,,,,,,,,,,,,,
1272,0,0.8249,0.8249,0.8249,0.8249,0.8249,0.8249,0.8249,0.8249,0.8249,,,,,,,,,,,,,,
1273,0,0.8249,0.8249,0.8249,0.8249,0.8249,0.8249,0.8249,0.8249,0.8249,,,,,,,,,,,,,,
1274,0,0.8249,0.8249,0.8249,0.8249,0.8249,0.8249,0.8249,0.8249,0.8249,,,,,,,,,,,,,,
1275,0,0.8249,0.8249,0.8249,0.8249,0.8249,0.8249,0.8249,0.8249,0.8249,,,,,,,,,,,,,,
1276,0,0.8249,0.8249,0.8249,0.8249,0.8249,0.8249,0.8249,0.8249,0.8249,,,,,,,,,,,,,,
1277,0,0.8249,0.8249,0.8249,0.8249,0.8249,0.8249,0.8249,0.8249,0.8249,,,,,,,,,,,,,,
1278,0,0.8249,0.8249,0.8249,0.8249,0.8249,0.8249,0.8249,0.8249,0.8249,,,,,,,,,,,,,,
1279,0,0.8249,0.8249,0.8249,0.8249,0.8249,0.8249,0.8249,0.8249,0.8249,,,,,,,,,,,,,,
1280,0,0.8249,0.8249,0.8249,0.8249,0.8249,0.8249,0.8249,0.8249,0.8249,,,,,,,,,,,,,,
1281,0,0.8249,0.8249,0.8249,0.8249,0.8249,0.8249,0.8249,0.8249,0.8249,,,,,,,,,,,,,,
1282,0,0.8249,0.8249,0.8249,0.8249,0.8249,0.8249,0.8249,0.8249,0.8249,,,,,,,,,,,,,,
1283,0,0.8249,0.8249,0.8249,0.8249,0.8249,0.8249,0.8249,0.8249,0.8249,,,,,,,,,,,,,,
1284,0,0.8249,0.8249,0.8249,0.8249,0.8249,0.8249,0.8249,0.8249,0.8249,,,,,,,,,,,,,,
1285,0,0.8249,0.8249,0.8249,0.8249,0.8249,0.8249,0.8249,0.8249,0.8249,,,,,,,,,,,,,,
1286,0,0.8249,0.8249,0.8249,0.8249,0.8249,0.8249,0.8249,0.8249,0.8249,,,,,,,,,,,,,,
1287,0,0.8249,0.8249,0.8249,0.8249,0.8249,0.8249,0.8249,0.8249,0.8249,,,,,,,,,,,,,,
1288,0,0.8249,0.8249,0.8249,0.8249,0.8249,0.8249,0.8249,0.8249,0.8249,,,,,,,,,,,,,,
1289,0,0.8249,0.8249,0.8249,0.8249,0.8249,0.8249,0.8249,0.8249,0.8249,,,,,,,,,,,,,,
1290,0,0.8249,0.8249,0.8249,0.8249,0.8249,0.8249,0.8249,0.8249,0.8249,,,,,,,,,,,,,,
1291,0,0.8249,0.8249,0.8249,0.8249,0.8249,0.8249,0.8249,0.8249,0.8249,,,,,,,,,,,,,,
1292,0,0.8249,0.8249,0.8249,0.8249,0.8249,0.8249,0.8249,0.8249,0.8249,,,,,,,,,,,,,,
1293,0,0.8249,0.8249,0.8249,0.8249,0.8249,0.8249,0.8249,0.8249,0.8249,,,,,,,,,,,,,,
1294,0,0.8249,0.8249,0.8249,0.8249,0.8249,0.8249,0.8249,0.8249,0.8249,,,,,,,,,,,,,,
1295,0,0.8249,0.8249,0.8249,0.8249,0.8249,0.8249,0.8249,0.8249,0.8249,,,,,,,,,,,,,,
1296,0,0.8249,0.8249,0.8249,0.8249,0.8249,0.8249,0.8249,0.8249,0.8249,,,,,,,,,,,,,,
1297,0,0.8249,0.8249,0.8249,0.8249,0.8249,0.8249,0.8249,0.8249,0.8249,,,,,,,,,,,,,,
1298,0,0.8249,0.8249,0.8249,0.8249,0.8249,0.8249,0.8249,0.8249,0.8249,,,,,,,,,,,,,,
1299,0,0.8249,0.8249,0.8249,0.8249,0.8249,0.8249,0.8249,0.8249,0.8249,,,,,,,,,,,,,,
1300,0,0.8249,0.8249,0.8249,0.8249,0.8249,0.8249,0.8249,0.8249,0.8249,,,,,,,,,,,,,,
1301,0,0.8249,0.8249,0.8249,0.8249,0.8249,0.8249,0.8249,0.8249,0.8249,,,,,,,,,,,,,,
1302,0,0.8249,0.8249,0.8249,0.8249,0.8249,0.8249,0.8249,0.8249,0.8249,,,,,,,,,,,,,,
1303,0,0.8249,0.8249,0.8249,0.8249,0.8249,0.8249,0.8249,0.8249,0.8249,,,,,,,,,,,,,,
1304,0,0.8249,0.8249,0.8249,0.8249,0.8249,0.8249,0.8249,0.8249,0.8249,,,,,,,,,,,,,,
1305,0,0.8249,0.8249,0.8249,0.8249,0.8249,0.8249,0.8249,0.8249,0.8249,,,,,,,,,,,,,,
1306,0,0.8249,0.8249,0.8249,0.8249,0.8249,0.8249,0.8249,0.8249,0.8249,,,,,,,,,,,,,,
1307,0,0.8249,0.8249,0.8249,0.8249,0.8249,0.8249,0.8249,0.8249,0.8249,,,,,,,,,,,,,,
1308,0,0.8249,0.8249,0.8249,0.8249,0.8249,0.8249,0.8249,0.8249,0.8249,,,,,,,,,,,,,,
1309,0,0.8249,0.8249,0.8249,0.8249,0.8249,0.8249,0.8249,0.8249,0.8249,,,,,,,,,,,,,,
1310,0,0.8249,0.8249,0.8249,0.8249,0.8249,0.8249,0.8249,0.8249,0.8249,,,,,,,,,,,,,,
1311,0,0.8249,0.8249,0.8249,0.8249,0.8249,0.8249,0.8249,0.8249,0.8249,,,,,,,,,,,,,,
1312,0,0.8249,0.8249,0.8249,0.8249,0.8249,0.8249,0.8249,0.8249,0.8249,,,,,,,,,,,,,,
1313,0,0.8249,0.8249,0.8249,0.8249,0.8249,0.8249,0.8249,0.8249,0.8249,,,,,,,,,,,,,,
1314,0,0.8249,0.8249,0.8249,0.8249,0.8249,0.8249,0.8249,0.8249,0.8249,,,,,,,,,,,,,,
1315,0,0.8249,0.8249,0.8249,0.8249,0.8249,0.8249,0.8249,0.8249,0.8249,,,,,,,,,,,,,,
1316,0,0.8249,0.8249,0.8249,0.8249,0.8249,0.8249,0.8249,0.8249,0.8249,,,,,,,,,,,,,,
1317,0,0.8249,0.8249,0.8249,0.8249,0.8249,0.8249,0.8249,0.8249,0.8249,,,,,,,,,,,,,,
1318,0,0.8249,0.8249,0.8249,0.8249,0.8249,0.8249,0.8249,0.8249,0.8249,,,,,,,,,,,,,,
1319,0,0.8249,0.8249,0.8249,0.8249,0.8249,0.8249,0.8249,0.8249,0.8249,,,,,,,,,,,,,,
1320,0,0.8249,0.8249,0.8249,0.8249,0.8249,0.8249,0.8249,0.8249,0.8249,,,,,,,,,,,,,,
1321,0,0.8249,0.8249,0.8249,0.8249,0.8249,0.8249,0.8249,0.8249,0.8249,,,,,,,,,,,,,,
1322,0,0.8249,0.8249,0.8249,0.8249,0.8249,0.8249,0.8249,0.8249,0.8249,,,,,,,,,,,,,,
1323,0,0.8249,0.8249,0.8249,0.8249,0.8249,0.8249,0.8249,0.8249,0.8249,,,,,,,,,,,,,,
1324,0,0.8249,0.8249,0.8249,0.8249,0.8249,0.8249,0.8249,0.8249,0.8249,,,,,,,,,,,,,,
1325,0,0.8249,0.8249,0.8249,0.8249,0.8249,0.8249,0.8249,0.8249,0.8249,,,,,,,,,,,,,,
1326,0,0.8249,0.8249,0.8249,0.8249,0.8249,0.8249,0.8249,0.8249,0.8249,,,,,,,,,,,,,,
1327,0,0.8249,0.8249,0.8249,0.8249,0.8249,0.8249,0.8249,0.8249,0.8249,,,,,,,,,,,,,,
1328,0,0.8249,0.8249,0.8249,0.8249,0.8249,0.8249,0.8249,0.8249,0.8249,,,,,,,,,,,,,,
1329,0,0.8249,0.8249,0.8249,0.8249,0.8249,0.8249,0.8249,0.8249,0.8249,,,,,,,,,,,,,,
1330,0,0.8249,0.8249,0.8249,0.8249,0.8249,0.8249,0.8249,0.8249,0.8249,,,,,,,,,,,,,,
1331,0,0.8249,0.8249,0.8249,0.8249,0.8249,0.8249,0.8249,0.8249,0.8249,,,,,,,,,,,,,,
1332,0,0.8249,0.8249,0.8249,0.8249,0.8249,0.8249,0.8249,0.8249,0.8249,,,,,,,,,,,,,,
1333,0,0.8249,0.8249,0.8249,0.8249,0.8249,0.8249,0.8249,0.8249,0.8249,,,,,,,,,,,,,,
1334,0,0.8249,0.8249,0.8249,0.8249,0.8249,0.8249,0.8249,0.8249,0.8249,,,,,,,,,,,,,,
1335,0,0.8249,0.8249,0.8249,0.8249,0.8249,0.8249,0.8249,0.8249,0.8249,,,,,,,,,,,,,,
1336,0,0.8249,0.8249,0.8249,0.8249,0.8249,0.8249,0.8249,0.8249,0.8249,,,,,,,,,,,,,,
1337,0,0.8249,0.8249,0.8249,0.8249,0.8249,0.8249,0.8249,0.8249,0.8249,,,,,,,,,,,,,,
1338,0,0.8249,0.8249,0.8249,0.8249,0.8249,0.8249,0.8249,0.8249,0.8249,,,,,,,,,,,,,,
1339,0,0.8249,0.8249,0.8249,0.8249,0.8249,0.8249,0.8249,0.8249,0.8249,,,,,,,,,,,,,,
1340,0,0.8249,0.8249,0.8249,0.8249,0.8249,0.8249,0.8249,0.8249,0.8249,,,,,,,,,,,,,,
1341,0,0.8249,0.8249,0.8249,0.8249,0.8249,0.8249,0.8249,0.8249,0.8249,,,,,,,,,,,,,,
1342,0,0.8249,0.8249,0.8249,0.8249,0.8249,0.8249,0.8249,0.8249,0.8249,,,,,,,,,,,,,,
1343,0,0.8249,0.8249,0.8249,0.8249,0.8249,0.8249,0.8249,0.8249,0.8249,,,,,,,,,,,,,,
1344,0,0.8249,0.8249,0.8249,0.8249,0.8249,0.8249,0.8249,0.8249,0.8249,,,,,,,,,,,,,,
1345,0,0.8249,0.8249,0.8249,0.8249,0.8249,0.8249,0.8249,0.8249,0.8249,,,,,,,,,,,,,,
1346,0,0.8249,0.8249,0.8249,0.8249,0.8249,0.8249,0.8249,0.8249,0.8249,,,,,,,,,,,,,,
1347,0,0.8249,0.8249,0.8249,0.8249,0.8249,0.8249,0.8249,0.8249,0.8249,,,,,,,,,,,,,,
1348,0,0.8249,0.8249,0.8249,0.8249,0.8249,0.8249,0.8249,0.8249,0.8249,,,,,,,,,,,,,,
1349,0,0.8249,0.8249,0.8249,0.8249,0.8249,0.8249,0.8249,0.8249,0.8249,,,,,,,,,,,,,,
1350,0,0.8249,0.8249,0.8249,0.8249,0.8249,0.8249,0.8249,0.8249,0.8249,,,,,,,,,,,,,,
1351,0,0.8249,0.8249,0.8249,0.8249,0.8249,0.8249,0.8249,0.8249,0.8249,,,,,,,,,,,,,,
1352,0,0.8249,0.8249,0.8249,0.8249,0.8249,0.8249,0.8249,0.8249,0.8249,,,,,,,,,,,,,,
1353,0,0.8249,0.8249,0.8249,0.8249,0.8249,0.8249,0.8249,0.8249,0.8249,,,,,,,,,,,,,,
1354,0,0.8249,0.8249,0.8249,0.8249,0.8249,0.8249,0.8249,0.8249,0.8249,,,,,,,,,,,,,,
1355,0,0.8249,0.8249,0.8249,0.8249,0.8249,0.8249,0.8249,0.8249,0.8249,,,,,,,,,,,,,,
1356,0,0.8249,0.8249,0.8249,0.8249,0.8249,0.8249,0.8249,0.8249,0.8249,,,,,,,,,,,,,,
1357,0,0.8249,0.8249,0.8249,0.8249,0.8249,0.8249,0.8249,0.8249,0.8249,,,,,,,,,,,,,,
1358,0,0.8249,0.8249,0.8249,0.8249,0.8249,0.8249,0.8249,0.8249,0.8249,,,,,,,,,,,,,,
1359,0,0.8249,0.8249,0.8249,0.8249,0.8249,0.8249,0.8249,0.8249,0.8249,,,,,,,,,,,,,,
1360,0,0.8249,0.8249,0.8249,0.8249,0.8249,0.8249,0.8249,0.8249,0.8249,,,,,,,,,,,,,,
1361,0,0.8249,0.8249,0.8249,0.8249,0.8249,0.8249,0.8249,0.8249,0.8249,,,,,,,,,,,,,,
1362,0,0.8249,0.8249,0.8249,0.8249,0.8249,0.8249,0.8249,0.8249,0.8249,,,,,,,,,,,,,,
1363,0,0.8249,0.8249,0.8249,0.8249,0.8249,0.8249,0.8249,0.8249,0.8249,,,,,,,,,,,,,,
1364,0,0.8249,0.8249,0.8249,0.8249,0.8249,0.8249,0.8249,0.8249,0.8249,,,,,,,,,,,,,,
1365,0,0.8249,0.8249,0.8249,0.8249,0.8249,0.8249,0.8249,0.8249,0.8249,,,,,,,,,,,,,,
1366,0,0.8249,0.8249,0.8249,0.8249,0.8249,0.8249,0.8249,0.8249,0.8249,,,,,,,,,,,,,,
1367,0,0.8249,0.8249,0.8249,0.8249,0.8249,0.8249,0.8249,0.8249,0.8249,,,,,,,,,,,,,,
1368,0,0.8249,0.8249,0.8249,0.8249,0.8249,0.8249,0.8249,0.8249,0.8249,,,,,,,,,,,,,,
1369,0,0.8249,0.8249,0.8249,0.8249,0.8249,0.8249,0.8249,0.8249,0.8249,,,,,,,,,,,,,,
1370,0,0.8249,0.8249,0.8249,0.8249,0.8249,0.8249,0.8249,0.8249,0.8249,,,,,,,,,,,,,,
1371,0,0.8249,0.8249,0.8249,0.8249,0.8249,0.8249,0.8249,0.8249,0.8249,,,,,,,,,,,,,,
1372,0,0.8249,0.8249,0.8249,0.8249,0.8249,0.8249,0.8249,0.8249,0.8249,,,,,,,,,,,,,,
1373,0,0.8249,0.8249,0.8249,0.8249,0.8249,0.8249,0.8249,0.8249,0.8249,,,,,,,,,,,,,,
1374,0,0.8249,0.8249,0.8249,0.8249,0.8249,0.8249,0.8249,0.8249,0.8249,,,,,,,,,,,,,,
1375,0,0.8249,0.8249,0.8249,0.8249,0.8249,0.8249,0.8249,0.8249,0.8249,,,,,,,,,,,,,,
1376,0,0.8249,0.8249,0.8249,0.8249,0.8249,0.8249,0.8249,0.8249,0.8249,,,,,,,,,,,,,,
1377,0,0.8249,0.8249,0.8249,0.8249,0.8249,0.8249,0.8249,0.8249,0.8249,,,,,,,,,,,,,,
1378,0,0.8249,0.8249,0.8249,0.8249,0.8249,0.8249,0.8249,0.8249,0.8249,,,,,,,,,,,,,,
1379,0,0.8249,0.8249,0.8249,0.8249,0.8249,0.8249,0.8249,0.8249,0.8249,,,,,,,,,,,,,,
1380,0,0.8249,0.8249,0.8249,0.8249,0.8249,0.8249,0.8249,0.8249,0.8249,,,,,,,,,,,,,,
1381,0,0.8249,0.8249,0.8249,0.8249,0.8249,0.8249,0.8249,0.8249,0.8249,,,,,,,,,,,,,,
1382,0,0.8249,0.8249,0.8249,0.8249,0.8249,0.8249,0.8249,0.8249,0.8249,,,,,,,,,,,,,,
1383,0,0.8249,0.8249,0.8249,0.8249,0.8249,0.8249,0.8249,0.8249,0.8249,,,,,,,,,,,,,,
1384,0,0.8249,0.8249,0.8249,0.8249,0.8249,0.8249,0.8249,0.8249,0.8249,,,,,,,,,,,,,,
1385,0,0.8249,0.8249,0.8249,0.8249,0.8249,0.8249,0.8249,0.8249,0.8249,,,,,,,,,,,,,,
1386,0,0.8249,0.8249,0.8249,0.8249,0.8249,0.8249,0.8249,0.8249,0.8249,,,,,,,,,,,,,,
1387,0,0.8249,0.8249,0.8249,0.8249,0.8249,0.8249,0.8249,0.8249,0.8249,,,,,,,,,,,,,,
1388,0,0.8249,0.8249,0.8249,0.8249,0.8249,0.8249,0.8249,0.8249,0.8249,,,,,,,,,,,,,,
1389,0,0.8249,0.8249,0.8249,0.8249,0.8249,0.8249,0.8249,0.8249,0.8249,,,,,,,,,,,,,,
1390,0,0.8249,0.8249,0.8249,0.8249,0.8249,0.8249,0.8249,0.8249,0.8249,,,,,,,,,,,,,,
1391,0,0.8249,0.8249,0.8249,0.8249,0.8249,0.8249,0.8249,0.8249,0.8249,,,,,,,,,,,,,,
1392,0,0.8249,0.8249,0.8249,0.8249,0.8249,0.8249,0.8249,0.8249,0.8249,,,,,,,,,,,,,,
1393,0,0.8249,0.8249,0.8249,0.8249,0.8249,0.8249,0.8249,0.8249,0.8249,,,,,,,,,,,,,,
1394,0,0.8249,0.8249,0.8249,0.8249,0.8249,0.8249,0.8249,0.8249,0.8249,,,,,,,,,,,,,,
1395,0,0.8249,0.8249,0.8249,0.8249,0.8249,0.8249,0.8249,0.8249,0.8249,,,,,,,,,,,,,,
1396,0,0.8249,0.8249,0.8249,0.8249,0.8249,0.8249,0.8249,0.8249,0.8249,,,,,,,,,,,,,,
1397,0,0.8249,0.8249,0.8249,0.8249,0.8249,0.8249,0.8249,0.8249,0.8249,,,,,,,,,,,,,,
1398,0,0.8249,0.8249,0.8249,0.8249,0.8249,0.8249,0.8249,0.8249,0.8249,,,,,,,,,,,,,,
1399,0,0.8249,0.8249,0.8249,0.8249,0.8249,0.8249,0.8249,0.8249,0.8249,,,,,,,,,,,,,,
1400,0,0.8249,0.8249,0.8249,0.8249,0.8249,0.8249,0.8249,0.8249,0.8249,,,,,,,,,,,,,,
1401,0,0.8249,0.8249,0.8249,0.8249,0.8249,0.8249,0.8249,0.8249,0.8249,,,,,,,,,,,,,,
1402,0,0.8249,0.8249,0.8249,0.8249,0.8249,0.8249,0.8249,0.8249,0.8249,,,,,,,,,,,,,,
1403,0,0.8249,0.8249,0.8249,0.8249,0.8249,0.8249,0.8249,0.8249,0.8249,,,,,,,,,,,,,,
1404,0,0.8249,0.8249,0.8249,0.8249,0.8249,0.8249,0.8249,0.8249,0.8249,,,,,,,,,,,,,,
1405,0,0.8249,0.8249,0.8249,0.8249,0.8249,0.8249,0.8249,0.8249,0.8249,,,,,,,,,,,,,,
1406,0,0.8249,0.8249,0.8249,0.8249,0.8249,0.8249,0.8249,0.8249,0.8249,,,,,,,,,,,,,,
1407,0,0.8249,0.8249,0.8249,0.8249,0.8249,0.8249,0.8249,0.8249,0.8249,,,,,,,,,,,,,,
1408,0,0.8249,0.8249,0.8249,0.8249,0.8249,0.8249,0.8249,0.8249,0.8249,,,,,,,,,,,,,,
1409,0,0.8249,0.8249,0.8249,0.8249,0.8249,0.8249,0.8249,0.8249,0.8249,,,,,,,,,,,,,,
1410,0,0.8249,0.8249,0.8249,0.8249,0.8249,0.8249,0.8249,0.8249,0.8249,,,,,,,,,,,,,,
1411,0,0.8249,0.8249,0.8249,0.8249,0.8249,0.8249,0.8249,0.8249,0.8249,,,,,,,,,,,,,,
1412,0,0.8249,0.8249,0.8249,0.8249,0.8249,0.8249,0.8249,0.8249,0.8249,,,,,,,,,,,,,,
1413,0,0.8249,0.8249,0.8249,0.8249,0.8249,0.8249,0.8249,0.8249,0.8249,,,,,,,,,,,,,,
1414,0,0.8249,0.8249,0.8249,0.8249,0.8249,0.8249,0.8249,0.8249,0.8249,,,,,,,,,,,,,,
1415,0,0.8249,0.8249,0.8249,0.8249,0.8249,0.8249,0.8249,0.8249,0.8249,,,,,,,,,,,,,,
1416,0,0.8249,0.8249,0.8249,0.8249,0.8249,0.8249,0.8249,0.8249,0.8249,,,,,,,,,,,,,,
1417,0,0.8249,0.8249,0.8249,0.8249,0.8249,0.8249,0.8249,0.8249,0.8249,,,,,,,,,,,,,,
1418,0,0.8249,0.8249,0.8249,0.8249,0.8249,0.8249,0.8249,0.8249,0.8249,,,,,,,,,,,,,,
1419,0,0.8249,0.8249,0.8249,0.8249,0.8249,0.8249,0.8249,0.8249,0.8249,,,,,,,,,,,,,,
1420,0,0.8249,0.8249,0.8249,0.8249,0.8249,0.8249,0.8249,0.8249,0.8249,,,,,,,,,,,,,,
1421,0,0.8249,0.8249,0.8249,0.8249,0.8249,0.8249,0.8249,0.8249,0.8249,,,,,,,,,,,,,,
1422,0,0.8249,0.8249,0.8249,0.8249,0.8249,0.8249,0.8249,0.8249,0.8249,,,,,,,,,,,,,,
1423,0,0.8249,0.8249,0.8249,0.8249,0.8249,0.8249,0.8249,0.8249,0.8249,,,,,,,,,,,,,,
1424,0,0.8249,0.8249,0.8249,0.8249,0.8249,0.8249,0.8249,0.8249,0.8249,,,,,,,,,,,,,,
1425,0,0.8249,0.8249,0.8249,0.8249,0.8249,0.8249,0.8249,0.8249,0.8249,,,,,,,,,,,,,,
1426,0,0.8249,0.8249,0.8249,0.8249,0.8249,0.8249,0.8249,0.8249,0.8249,,,,,,,,,,,,,,
1427,0,0.8249,0.8249,0.8249,0.8249,0.8249,0.8249,0.8249,0.8249,0.8249,,,,,,,,,,,,,,
1428,0,0.8249,0.8249,0.8249,0.8249,0.8249,0.8249,0.8249,0.8249,0.8249,,,,,,,,,,,,,,
1429,0,0.8249,0.8249,0.8249,0.8249,0.8249,0.8249,0.8249,0.8249,0.8249,,,,,,,,,,,,,,
1430,0,0.8249,0.8249,0.8249,0.8249,0.8249,0.8249,0.8249,0.8249,0.8249,,,,,,,,,,,,,,
1431,0,0.8249,0.8249,0.8249,0.8249,0.8249,0.8249,0.8249,0.8249,0.8249,,,,,,,,,,,,,,
1432,0,0.8249,0.8249,0.8249,0.8249,0.8249,0.8249,0.8249,0.8249,0.8249,,,,,,,,,,,,,,
1433,0,0.8249,0.8249,0.8249,0.8249,0.8249,0.8249,0.8249,0.8249,0.8249,,,,,,,,,,,,,,
1434,0,0.8249,0.8249,0.8249,0.8249,0.8249,0.8249,0.8249,0.8249,0.8249,,,,,,,,,,,,,,
1435,0,0.8249,0.8249,0.8249,0.8249,0.8249,0.8249,0.8249,0.8249,0.8249,,,,,,,,,,,,,,
1436,0,0.8249,0.8249,0.8249,0.8249,0.8249,0.8249,0.8249,0.8249,0.8249,,,,,,,,,,,,,,
1437,0,0.8249,0.8249,0.8249,0.8249,0.8249,0.8249,0.8249,0.8249,0.8249,,,,,,,,,,,,,,
1438,0,0.8249,0.8249,0.8249,0.8249,0.8249,0.8249,0.8249,0.8249,0.8249,,,,,,,,,,,,,,
1439,0,0.8249,0.8249,0.8249,0.8249,0.8249,0.8249,0.8249,0.8249,0.8249,,,,,,,,,,,,,,
1440,0,0.8249,0.8249,0.8249,0.8249,0.8249,0.8249,0.8249,0.8249,0.8249,,,,,,,,,,,,,,
1441,0,0.8249,0.8249,0.8249,0.8249,0.8249,0.8249,0.8249,0.8249,0.8249,,,,,,,,,,,,,,
1442,0,0.8249,0.8249,0.8249,0.8249,0.8249,0.8249,0.8249,0.8249,0.8249,,,,,,,,,,,,,,
1443,0,0.8249,0.8249,0.8249,0.8249,0.8249,0.8249,0.8249,0.8249,0.8249,,,,,,,,,,,,,,
1444,0,0.8249,0.8249,0.8249,0.8249,0.8249,0.8249,0.8249,0.8249,0.8249,,,,,,,,,,,,,,
1445,0,0.8249,0.8249,0.8249,0.8249,0.8249,0.8249,0.8249,0.8249,0.8249,,,,,,,,,,,,,,
1446,0,0.8249,0.8249,0.8249,0.8249,0.8249,0.8249,0.8249,0.8249,0.8249,,,,,,,,,,,,,,
1447,0,0.8249,0.8249,0.8249,0.8249,0.8249,0.8249,0.8249,0.8249,0.8249,,,,,,,,,,,,,,
1448,0,0.8249,0.8249,0.8249,0.8249,0.8249,0.8249,0.8249,0.8249,0.8249,,,,,,,,,,,,,,
1449,0,0.8249,0.8249,0.8249,0.8249,0.8249,0.8249,0.8249,0.8249,0.8249,,,,,,,,,,,,,,
1450,0,0.8249,0.8249,0.8249,0.8249,0.8249,0.8249,0.8249,0.8249,0.8249,,,,,,,,,,,,,,
1451,0,0.8249,0.8249,0.8249,0.8249,0.8249,0.8249,0.8249,0.8249,0.8249,,,,,,,,,,,,,,
1452,0,0.8249,0.8249,0.8249,0.8249,0.8249,0.8249,0.8249,0.8249,0.8249,,,,,,,,,,,,,,
1453,0,0.8249,0.8249,0.8249,0.8249,0.8249,0.8249,0.8249,0.8249,0.8249,,,,,,,,,,,,,,
1454,0,0.8249,0.8249,0.8249,0.8249,0.8249,0.8249,0.8249,0.8249,0.8249,,,,,,,,,,,,,,
1455,0,0.8249,0.8249,0.8249,0.8249,0.8249,0.8249,0.8249,0.8249,0.8249,,,,,,,,,,,,,,
1456,0,0.8249,0.8249,0.8249,0.8249,0.8249,0.8249,0.8249,0.8249,0.8249,,,,,,,,,,,,,,
1457,0,0.8249,0.8249,0.8249,0.8249,0.8249,0.8249,0.8249,0.8249,0.8249,,,,,,,,,,,,,,
1458,0,0.8249,0.8249,0.8249,0.8249,0.8249,0.8249,0.8249,0.8249,0.8249,,,,,,,,,,,,,,
1459,0,0.8249,0.8249,0.8249,0.8249,0.8249,0.8249,0.8249,0.8249,0.8249,,,,,,,,,,,,,,
1460,0,0.8249,0.8249,0.8249,0.8249,0.8249,0.8249,0.8249,0.8249,0.8249,,,,,,,,,,,,,,
1461,0,0.8249,0.8249,0.8249,0.8249,0.8249,0.8249,0.8249,0.8249,0.8249,,,,,,,,,,,,,,
1462,0,0.8249,0.8249,0.8249,0.8249,0.8249,0.8249,0.8249,0.8249,0.8249,,,,,,,,,,,,,,
1463,0,0.8249,0.8249,0.8249,0.8249,0.8249,0.8249,0.8249,0.8249,0.8249,,,,,,,,,,,,,,
1464,0,0.8249,0.8249,0.8249,0.8249,0.8249,0.8249,0.8249,0.8249,0.8249,,,,,,,,,,,,,,
1465,0,0.8249,0.8249,0.8249,0.8249,0.8249,0.8249,0.8249,0.8249,0.8249,,,,,,,,,,,,,,
1466,0,0.8249,0.8249,0.8249,0.8249,0.8249,0.8249,0.8249,0.8249,0.8249,,,,,,,,,,,,,,
1467,0,0.8249,0.8249,0.8249,0.8249,0.8249,0.8249,0.8249,0.8249,0.8249,,,,,,,,,,,,,,
1468,0,0.8249,0.8249,0.8249,0.8249,0.8249,0.8249,0.8249,0.8249,0.8249,,,,,,,,,,,,,,
1469,0,0.8249,0.8249,0.8249,0.8249,0.8249,0.8249,0.8249,0.8249,0.8249,,,,,,,,,,,,,,
1470,0,0.8249,0.8249,0.8249,0.8249,0.8249,0.8249,0.8249,0.8249,0.8249,,,,,,,,,,,,,,
1471,0,0.8249,0.8249,0.8249,0.8249,0.8249,0.8249,0.8249,0.8249,0.8249,,,,,,,,,,,,,,
1472,0,0.8249,0.8249,0.8249,0.8249,0.8249,0.8249,0.8249,0.8249,0.8249,,,,,,,,,,,,,,
1473,0,0.8249,0.8249,0.8249,0.8249,0.8249,0.8249,0.8249,0.8249,0.8249,,,,,,,,,,,,,,
1474,0,0.8249,0.8249,0.8249,0.8249,0.8249,0.8249,0.8249,0.8249,0.8249,,,,,,,,,,,,,,
1475,0,0.8249,0.8249,0.8249,0.8249,0.8249,0.8249,0.8249,0.8249,0.8249,,,,,,,,,,,,,,
1476,0,0.8249,0.8249,0.8249,0.8249,0.8249,0.8249,0.8249,0.8249,0.8249,,,,,,,,,,,,,,
1477,0,0.8249,0.8249,0.8249,0.8249,0.8249,0.8249,0.8249,0.8249,0.8249,,,,,,,,,,,,,,
1478,0,0.8249,0.8249,0.8249,0.8249,0.8249,0.8249,0.8249,0.8249,0.8249,,,,,,,,,,,,,,
1479,0,0.8249,0.8249,0.8249,0.8249,0.8249,0.8249,0.8249,0.8249,0.8249,,,,,,,,,,,,,,
1480,0,0.8249,0.8249,0.8249,0.8249,0.8249,0.8249,0.8249,0.8249,0.8249,,,,,,,,,,,,,,
1481,0,0.8249,0.8249,0.8249,0.8249,0.8249,0.8249,0.8249,0.8249,0.8249,,,,,,,,,,,,,,
1482,0,0.8249,0.8249,0.8249,0.8249,0.8249,0.8249,0.8249,0.8249,0.8249,,,,,,,,,,,,,,
1483,0,0.8249,0.8249,0.8249,0.8249,0.8249,0.8249,0.8249,0.8249,0.8249,,,,,,,,,,,,,,
1484,0,0.8249,0.8249,0.8249,0.8249,0.8249,0.8249,0.8249,0.8249,0.8249,,,,,,,,,,,,,,
1485,0,0.8249,0.8249,0.8249,0.8249,0.8249,0.8249,0.8249,0.8249,0.8249,,,,,,,,,,,,,,
1486,0,0.8249,0.8249,0.8249,0.8249,0.8249,0.8249,0.8249,0.8249,0.8249,,,,,,,,,,,,,,
1487,0,0.8249,0.8249,0.8249,0.8249,0.8249,0.8249,0.8249,0.8249,0.8249,,,,,,,,,,,,,,
1488,0,0.8249,0.8249,0.8249,0.8249,0.8249,0.8249,0.8249,0.8249,0.8249,,,,,,,,,,,,,,
1489,0,0.8249,0.8249,0.8249,0.8249,0.8249,0.8249,0.8249,0.8249,0.8249,,,,,,,,,,,,,,
1490,0,0.8249,0.8249,0.8249,0.8249,0.8249,0.8249,0.8249,0.8249,0.8249,,,,,,,,,,,,,,
1491,0,0.8249,0.8249,0.8249,0.8249,0.8249,0.8249,0.8249,0.8249,0.8249,,,,,,,,,,,,,,
1492,0,0.8249,0.8249,0.8249,0.8249,0.8249,0.8249,0.8249,0.8249,0.8249,,,,,,,,,,,,,,
1493,0,0.8249,0.8249,0.8249,0.8249,0.8249,0.8249,0.8249,0.8249,0.8249,,,,,,,,,,,,,,
1494,0,0.8249,0.8249,0.8249,0.8249,0.8249,0.8249,0.8249,0.8249,0.8249,,,,,,,,,,,,,,
1495,0,0.8249,0.8249,0.8249,0.8249,0.8249,0.8249,0.8249,0.8249,0.8249,,,,,,,,,,,,,,
1496,0,0.8249,0.8249,0.8249,0.8249,0.8249,0.8249,0.8249,0.8249,0.8249,,,,,,,,,,,,,,
1497,0,0.8249,0.8249,0.8249,0.8249,0.8249,0.8249,0.8249,0.8249,0.8249,,,,,,,,,,,,,,
1498,0,0.8249,0.8249,0.8249,0.8249,0.8249,0.8249,0.8249,0.8249,0.8249,,,,,,,,,,,,,,
1499,0,0.8249,0.8249,0.8249,0.8249,0.8249,0.8249,0.8249,0.8249,0.8249,,,,,,,,,,,,,,
1500,0,0.8249,0.8249,0.8249,0.8249,0.8249,0.8249,0.8249,0.8249,0.8249,,,,,,,,,,,,,,
1501,0,0.8249,0.8249,0.8249,0.8249,0.8249,0.8249,0.8249,0.8249,0.8249,,,,,,,,,,,,,,
1502,0,0.8249,0.8249,0.8249,0.8249,0.8249,0.8249,0.8249,0.8249,0.8249,,,,,,,,,,,,,,
1503,0,0.8249,0.8249,0.8249,0.8249,0.8249,0.8249,0.8249,0.8249,0.8249,,,,,,,,,,,,,,
1504,0,0.8249,0.8249,0.8249,0.8249,0.8249,0.8249,0.8249,0.8249,0.8249,,,,,,,,,,,,,,
1505,0,0.8249,0.8249,0.8249,0.8249,0.8249,0.8249,0.8249,0.8249,0.8249,,,,,,,,,,,,,,
1506,0,0.8249,0.8249,0.8249,0.8249,0.8249,0.8249,0.8249,0.8249,0.8249,,,,,,,,,,,,,,
1507,0,0.8249,0.8249,0.8249,0.8249,0.8249,0.8249,0.8249,0.8249,0.8249,,,,,,,,,,,,,,
1508,0,0.8249,0.8249,0.8249,0.8249,0.8249,0.8249,0.8249,0.8249,0.8249,,,,,,,,,,,,,,
1509,0,0.8249,0.8249,0.8249,0.8249,0.8249,0.8249,0.8249,0.8249,0.8249,,,,,,,,,,,,,,
1510,0,0.8249,0.8249,0.8249,0.8249,0.8249,0.8249,0.8249,0.8249,0.8249,,,,,,,,,,,,,,
1511,0,0.8249,0.8249,0.8249,0.8249,0.8249,0.8249,0.8249,0.8249,0.8249,,,,,,,,,,,,,,
1512,0,0.8249,0.8249,0.8249,0.8249,0.8249,0.8249,0.8249,0.8249,0.8249,,,,,,,,,,,,,,
1513,0,0.8249,0.8249,0.8249,0.8249,0.8249,0.8249,0.8249,0.8249,0.8249,,,,,,,,,,,,,,
1514,0,0.8249,0.8249,0.8249,0.8249,0.8249,0.8249,0.8249,0.8249,0.8249,,,,,,,,,,,,,,
1515,0,0.8249,0.8249,0.8249,0.8249,0.8249,0.8249,0.8249,0.8249,0.8249,,,,,,,,,,,,,,
1516,0,0.8249,0.8249,0.8249,0.8249,0.8249,0.8249,0.8249,0.8249,0.8249,,,,,,,,,,,,,,
1517,0,0.8249,0.8249,0.8249,0.8249,0.8249,0.8249,0.8249,0.8249,0.8249,,,,,,,,,,,,,,
1518,0,0.8249,0.8249,0.8249,0.8249,0.8249,0.8249,0.8249,0.8249,0.8249,,,,,,,,,,,,,,
1519,0,0.8249,0.8249,0.8249,0.8249,0.8249,0.8249,0.8249,0.8249,0.8249,,,,,,,,,,,,,,
1520,0,0.8249,0.8249,0.8249,0.8249,0.8249,0.8249,0.8249,0.8249,0.8249,,,,,,,,,,,,,,
1521,0,0.8249,0.8249,0.8249,0.8249,0.8249,0.8249,0.8249,0.8249,0.8249,,,,,,,,,,,,,,
1522,0,0.8249,0.8249,0.8249,0.8249,0.8249,0.8249,0.8249,0.8249,0.8249,,,,,,,,,,,,,,
1523,0,0.8249,0.8249,0.8249,0.8249,0.8249,0.8249,0.8249,0.8249,0.8249,,,,,,,,,,,,,,
1524,0,0.8249,0.8249,0.8249,0.8249,0.8249,0.8249,0.8249,0.8249,0.8249,,,,,,,,,,,,,,
1525,0,0.8249,0.8249,0.8249,0.8249,0.8249,0.8249,0.8249,0.8249,0.8249,,,,,,,,,,,,,,
1526,0,0.8249,0.8249,0.8249,0.8249,0.8249,0.8249,0.8249,0.8249,0.8249,,,,,,,,,,,,,,
1527,0,0.8249,0.8249,0.8249,0.8249,0.8249,0.8249,0.8249,0.8249,0.8249,,,,,,,,,,,,,,
1528,0,0.8249,0.8249,0.8249,0.8249,0.8249,0.8249,0.8249,0.8249,0.8249,,,,,,,,,,,,,,
1529,0,0.8249,0.8249,0.8249,0.8249,0.8249,0.8249,0.8249,0.8249,0.8249,,,,,,,,,,,,,,
1530,0,0.8249,0.8249,0.8249,0.8249,0.8249,0.8249,0.8249,0.8249,0.8249,,,,,,,,,,,,,,
1531,0,0.8249,0.8249,0.8249,0.8249,0.8249,0.8249,0.8249,0.8249,0.8249,,,,,,,,,,,,,,
1532,0,0.8249,0.8249,0.8249,0.8249,0.8249,0.8249,0.8249,0.8249,0.8249,,,,,,,,,,,,,,
1533,0,0.8249,0.8249,0.8249,0.8249,0.8249,0.8249,0.8249,0.8249,0.8249,,,,,,,,,,,,,,
1534,0,0.8249,0.8249,0.8249,0.8249,0.8249,0.8249,0.8249,0.8249,0.8249,,,,,,,,,,,,,,
1535,0,0.8249,0.8249,0.8249,0.8249,0.8249,0.8249,0.8249,0.8249,0.8249,,,,,,,,,,,,,,
1536,0,0.8249,0.8249,0.8249,0.8249,0.8249,0.8249,0.8249,0.8249,0.8249,,,,,,,,,,,,,,
1537,0,0.8249,0.8249,0.8249,0.8249,0.8249,0.8249,0.8249,0.8249,0.8249,,,,,,,,,,,,,,
1538,0,0.8249,0.8249,0.8249,0.8249,0.8249,0.8249,0.8249,0.8249,0.8249,,,,,,,,,,,,,,
1539,0,0.8249,0.8249,0.8249,0.8249,0.8249,0.8249,0.8249,0.8249,0.8249,,,,,,,,,,,,,,
1540,0,0.8249,0.8249,0.8249,0.8249,0.8249,0.8249,0.8249,0.8249,0.8249,,,,,,,,,,,,,,
1541,0,0.8249,0.8249,0.8249,0.8249,0.8249,0.8249,0.8249,0.8249,0.8249,,,,,,,,,,,,,,
1542,0,0.8249,0.8249,0.8249,0.8249,0.8249,0.8249,0.8249,0.8249,0.8249,,,,,,,,,,,,,,
1543,0,0.8249,0.8249,0.8249,0.8249,0.8249,0.8249,0.8249,0.8249,0.8249,,,,,,,,,,,,,,
1544,0,0.8249,0.8249,0.8249,0.8249,0.8249,0.8249,0.8249,0.8249,0.8249,,,,,,,,,,,,,,
1545,0,0.8249,0.8249,0.8249,0.8249,0.8249,0.8249,0.8249,0.8249,0.8249,,,,,,,,,,,,,,
1546,0,0.8249,0.8249,0.8249,0.8249,0.8249,0.8249,0.8249,0.8249,0.8249,,,,,,,,,,,,,,
1547,0,0.8249,0.8249,0.8249,0.8249,0.8249,0.8249,0.8249,0.8249,0.8249,,,,,,,,,,,,,,
1548,0,0.8249,0.8249,0.8249,0.8249,0.8249,0.8249,0.8249,0.8249,0.8249,,,,,,,,,,,,,,
1549,0,0.8249,0.8249,0.8249,0.8249,0.8249,0.8249,0.8249,0.8249,0.8249,,,,,,,,,,,,,,
1550,0,0.8249,0.8249,0.8249,0.8249,0.8249,0.8249,0.8249,0.8249,0.8249,,,,,,,,,,,,,,
1551,0,0.8249,0.8249,0.8249,0.8249,0.8249,0.8249,0.8249,0.8249,0.8249,,,,,,,,,,,,,,
1552,0,0.8249,0.8249,0.8249,0.8249,0.8249,0.8249,0.8249,0.8249,0.8249,,,,,,,,,,,,,,
1553,0,0.8249,0.8249,0.8249,0.8249,0.8249,0.8249,0.8249,0.8249,0.8249,,,,,,,,,,,,,,
1554,0,0.8249,0.8249,0.8249,0.8249,0.8249,0.8249,0.8249,0.8249,0.8249,,,,,,,,,,,,,,
1555,0,0.8249,0.8249,0.8249,0.8249,0.8249,0.8249,0.8249,0.8249,0.8249,,,,,,,,,,,,,,
1556,0,0.8249,0.8249,0.8249,0.8249,0.8249,0.8249,0.8249,0.8249,0.8249,,,,,,,,,,,,,,
1557,0,0.8249,0.8249,0.8249,0.8249,0.8249,0.8249,0.8249,0.8249,0.8249,,,,,,,,,,,,,,
1558,0,0.8249,0.8249,0.8249,0.8249,0.8249,0.8249,0.8249,0.8249,0.8249,,,,,,,,,,,,,,
1559,0,0.8249,0.8249,0.8249,0.8249,0.8249,0.8249,0.8249,0.8249,0.8249,,,,,,,,,,,,,,
1560,0,0.8249,0.8249,0.8249,0.8249,0.8249,0.8249,0.8249,0.8249,0.8249,,,,,,,,,,,,,,
1561,0,0.8249,0.8249,0.8249,0.8249,0.8249,0.8249,0.8249,0.8249,0.8249,,,,,,,,,,,,,,
1562,0,0.8249,0.8249,0.8249,0.8249,0.8249,0.8249,0.8249,0.8249,0.8249,,,,,,,,,,,,,,
1563,0,0.8249,0.8249,0.8249,0.8249,0.8249,0.8249,0.8249,0.8249,0.8249,,,,,,,,,,,,,,
1564,0,0.8249,0.8249,0.8249,0.8249,0.8249,0.8249,0.8249,0.8249,0.8249,,,,,,,,,,,,,,
1565,0,0.8249,0.8249,0.8249,0.8249,0.8249,0.8249,0.8249,0.8249,0.8249,,,,,,,,,,,,,,
1566,0,0.8249,0.8249,0.8249,0.8249,0.8249,0.8249,0.8249,0.8249,0.8249,,,,,,,,,,,,,,
1567,0,0.8249,0.8249,0.8249,0.8249,0.8249,0.8249,0.8249,0.8249,0.8249,,,,,,,,,,,,,,
1568,0,0.8249,0.8249,0.8249,0.8249,0.8249,0.8249,0.8249,0.8249,0.8249,,,,,,,,,,,,,,
1569,0,0.8249,0.8249,0.8249,0.8249,0.8249,0.8249,0.8249,0.8249,0.8249,,,,,,,,,,,,,,
1570,0,0.8249,0.8249,0.8249,0.8249,0.8249,0.8249,0.8249,0.8249,0.8249,,,,,,,,,,,,,,
1571,0,0.8249,0.8249,0.8249,0.8249,0.8249,0.8249,0.8249,0.8249,0.8249,,,,,,,,,,,,,,
1572,0,0.8249,0.8249,0.8249,0.8249,0.8249,0.8249,0.8249,0.8249,0.8249,,,,,,,,,,,,,,
1573,0,0.8249,0.8249,0.8249,0.8249,0.8249,0.8249,0.8249,0.8249,0.8249,,,,,,,,,,,,,,
1574,0,0.8249,0.8249,0.8249,0.8249,0.8249,0.8249,0.8249,0.8249,0.8249,,,,,,,,,,,,,,
1575,0,0.8249,0.8249,0.8249,0.8249,0.8249,0.8249,0.8249,0.8249,0.8249,,,,,,,,,,,,,,
1576,0,0.8249,0.8249,0.8249,0.8249,0.8249,0.8249,0.8249,0.8249,0.8249,,,,,,,,,,,,,,
1577,0,0.8249,0.8249,0.8249,0.8249,0.8249,0.8249,0.8249,0.8249,0.8249,,,,,,,,,,,,,,
1578,0,0.8249,0.8249,0.8249,0.8249,0.8249,0.8249,0.8249,0.8249,0.8249,,,,,,,,,,,,,,
1579,0,0.8249,0.8249,0.8249,0.8249,0.8249,0.8249,0.8249,0.8249,0.8249,,,,,,,,,,,,,,
1580,0,0.8249,0.8249,0.8249,0.8249,0.8249,0.8249,0.8249,0.8249,0.8249,,,,,,,,,,,,,,
1581,0,0.8249,0.8249,0.8249,0.8249,0.8249,0.8249,0.8249,0.8249,0.8249,,,,,,,,,,,,,,
1582,0,0.8249,0.8249,0.8249,0.8249,0.8249,0.8249,0.8249,0.8249,0.8249,,,,,,,,,,,,,,
1583,0,0.8249,0.8249,0.8249,0.8249,0.8249,0.8249,0.8249,0.8249,0.8249,,,,,,,,,,,,,,
1584,0,0.8249,0.8249,0.8249,0.8249,0.8249,0.8249,0.8249,0.8249,0.8249,,,,,,,,,,,,,,
1585,0,0.8249,0.8249,0.8249,0.8249,0.8249,0.8249,0.8249,0.8249,0.8249,,,,,,,,,,,,,,
1586,0,0.8249,0.8249,0.8249,0.8249,0.8249,0.8249,0.8249,0.8249,0.8249,,,,,,,,,,,,,,
1587,0,0.8249,0.8249,0.8249,0.8249,0.8249,0.8249,0.8249,0.8249,0.8249,,,,,,,,,,,,,,
1588,0,0.8249,0.8249,0.8249,0.8249,0.8249,0.8249,0.8249,0.8249,0.8249,,,,,,,,,,,,,,
1589,0,0.8249,0.8249,0.8249,0.8249,0.8249,0.8249,0.8249,0.8249,0.8249,,,,,,,,,,,,,,
1590,0,0.8249,0.8249,0.8249,0.8249,0.8249,0.8249,0.8249,0.8249,0.8249,,,,,,,,,,,,,,
1591,0,0.8249,0.8249,0.8249,0.8249,0.8249,0.8249,0.8249,0.8249,0.8249,,,,,,,,,,,,,,
1592,0,0.8249,0.8249,0.8249,0.8249,0.8249,0.8249,0.8249,0.8249,0.8249,,,,,,,,,,,,,,
1593,0,0.8249,0.8249,0.8249,0.8249,0.8249,0.8249,0.8249,0.8249,0.8249,,,,,,,,,,,,,,
1594,0,0.8249,0.8249,0.8249,0.8249,0.8249,0.8249,0.8249,0.8249,0.8249,,,,,,,,,,,,,,
1595,0,0.8249,0.8249,0.8249,0.8249,0.8249,0.8249,0.8249,0.8249,0.8249,,,,,,,,,,,,,,
1596,0,0.8249,0.8249,0.8249,0.8249,0.8249,0.8249,0.8249,0.8249,0.8249,,,,,,,,,,,,,,
1597,0,0.8249,0.8249,0.8249,0.8249,0.8249,0.8249,0.8249,0.8249,0.8249,,,,,,,,,,,,,,
1598,0,0.8249,0.8249,0.8249,0.8249,0.8249,0.8249,0.8249,0.8249,0.8249,,,,,,,,,,,,,,
1599,0,0.8249,0.8249,0.8249,0.8249,0.8249,0.8249,0.8249,0.8249,0.8249,,,,,,,,,,,,,,
1600,0,0.8249,0.8249,0.8249,0.8249,0.8249,0.8249,0.8249,0.8249,0.8249,,,,,,,,,,,,,,
1601,0,0.8249,0.8249,0.8249,0.8249,0.8249,0.8249,0.8249,0.8249,0.8249,,,,,,,,,,,,,,
1602,0,0.8249,0.8249,0.8249,0.8249,0.8249,0.8249,0.8249,0.8249,0.8249,,,,,,,,,,,,,,
1603,0,0.8249,0.8249,0.8249,0.8249,0.8249,0.8249,0.8249,0.8249,0.8249,,,,,,,,,,,,,,
1604,0,0.8249,0.8249,0.8249,0.8249,0.8249,0.8249,0.8249,0.8249,0.8249,,,,,,,,,,,,,,
1605,0,0.8249,0.8249,0.8249,0.8249,0.8249,0.8249,0.8249,0.8249,0.8249,,,,,,,,,,,,,,
1606,0,0.8249,0.8249,0.8249,0.8249,0.8249,0.8249,0.8249,0.8249,0.8249,,,,,,,,,,,,,,
1607,0,0.8249,0.8249,0.8249,0.8249,0.8249,0.8249,0.8249,0.8249,0.8249,,,,,,,,,,,,,,
1608,0,0.8249,0.8249,0.8249,0.8249,0.8249,0.8249,0.8249,0.8249,0.8249,,,,,,,,,,,,,,
1609,0,0.8249,0.8249,0.8249,0.8249,0.8249,0.8249,0.8249,0.8249,0.8249,,,,,,,,,,,,,,
1610,0,0.8249,0.8249,0.8249,0.8249,0.8249,0.8249,0.8249,0.8249,0.8249,,,,,,,,,,,,,,
1611,0,0.8249,0.8249,0.8249,0.8249,0.8249,0.8249,0.8249,0.8249,0.8249,,,,,,,,,,,,,,
1612,0,0.8249,0.8249,0.8249,0.8249,0.8249,0.8249,0.8249,0.8249,0.8249,,,,,,,,,,,,,,
1613,0,0.8249,0.8249,0.8249,0.8249,0.8249,0.8249,0.8249,0.8249,0.8249,,,,,,,,,,,,,,
1614,0,0.8249,0.8249,0.8249,0.8249,0.8249,0.8249,0.8249,0.8249,0.8249,,,,,,,,,,,,,,
1615,0,0.8249,0.8249,0.8249,0.8249,0.8249,0.8249,0.8249,0.8249,0.8249,,,,,,,,,,,,,,
1616,0,0.8249,0.8249,0.8249,0.8249,0.8249,0.8249,0.8249,0.8249,0.8249,,,,,,,,,,,,,,
1617,0,0.8249,0.8249,0.8249,0.8249,0.8249,0.8249,0.8249,0.8249,0.8249,,,,,,,,,,,,,,
1618,0,0.8249,0.8249,0.8249,0.8249,0.8249,0.8249,0.8249,0.8249,0.8249,,,,,,,,,,,,,,
1619,0,0.8249,0.8249,0.8249,0.8249,0.8249,0.8249,0.8249,0.8249,0.8249,,,,,,,,,,,,,,
1620,0,0.8249,0.8249,0.8249,0.8249,0.8249,0.8249,0.8249,0.8249,0.8249,,,,,,,,,,,,,,
1621,0,0.8249,0.8249,0.8249,0.8249,0.8249,0.8249,0.8249,0.8249,0.8249,,,,,,,,,,,,,,
1622,0,0.8249,0.8249,0.8249,0.8249,0.8249,0.8249,0.8249,0.8249,0.8249,,,,,,,,,,,,,,
1623,0,0.8249,0.8249,0.8249,0.8249,0.8249,0.8249,0.8249,0.8249,0.8249,,,,,,,,,,,,,,
1624,0,0.8249,0.8249,0.8249,0.8249,0.8249,0.8249,0.8249,0.8249,0.8249,,,,,,,,,,,,,,
1625,0,0.8249,0.8249,0.8249,0.8249,0.8249,0.8249,0.8249,0.8249,0.8249,,,,,,,,,,,,,,
1626,0,0.8249,0.8249,0.8249,0.8249,0.8249,0.8249,0.8249,0.8249,0.8249,,,,,,,,,,,,,,
1627,0,0.8249,0.8249,0.8249,0.8249,0.8249,0.8249,0.8249,0.8249,0.8249,,,,,,,,,,,,,,
1628,0,0.8249,0.8249,0.8249,0.8249,0.8249,0.8249,0.8249,0.8249,0.8249,,,,,,,,,,,,,,
1629,0,0.8249,0.8249,0.8249,0.8249,0.8249,0.8249,0.8249,0.8249,0.8249,,,,,,,,,,,,,,
1630,0,0.8249,0.8249,0.8249,0.8249,0.8249,0.8249,0.8249,0.8249,0.8249,,,,,,,,,,,,,,
1631,0,0.8249,0.8249,0.8249,0.8249,0.8249,0.8249,0.8249,0.8249,0.8249,,,,,,,,,,,,,,
1632,0,0.8249,0.8249,0.8249,0.8249,0.8249,0.8249,0.8249,0.8249,0.8249,,,,,,,,,,,,,,
1633,0,0.8249,0.8249,0.8249,0.8249,0.8249,0.8249,0.8249,0.8249,0.8249,,,,,,,,,,,,,,
1634,0,0.8249,0.8249,0.8249,0.8249,0.8249,0.8249,0.8249,0.8249,0.8249,,,,,,,,,,,,,,
1635,0,0.8249,0.8249,0.8249,0.8249,0.8249,0.8249,0.8249,0.8249,0.8249,,,,,,,,,,,,,,
1636,0,0.8249,0.8249,0.8249,0.8249,0.8249,0.8249,0.8249,0.8249,0.8249,,,,,,,,,,,,,,
1637,0,0.8249,0.8249,0.8249,0.8249,0.8249,0.8249,0.8249,0.8249,0.8249,,,,,,,,,,,,,,
1638,0,0.8249,0.8249,0.8249,0.8249,0.8249,0.8249,0.8249,0.8249,0.8249,,,,,,,,,,,,,,
1639,0,0.8249,0.8249,0.8249,0.8249,0.8249,0.8249,0.8249,0.8249,0.8249,,,,,,,,,,,,,,
1640,0,0.8249,0.8249,0.8249,0.8249,0.8249,0.8249,0.8249,0.8249,0.8249,,,,,,,,,,,,,,
1641,0,0.8249,0.8249,0.8249,0.8249,0.8249,0.8249,0.8249,0.8249,0.8249,,,,,,,,,,,,,,
1642,0,0.8249,0.8249,0.8249,0.8249,0.8249,0.8249,0.8249,0.8249,0.8249,,,,,,,,,,,,,,
1643,0,0.8249,0.8249,0.8249,0.8249,0.8249,0.8249,0.8249,0.8249,0.8249,,,,,,,,,,,,,,
1644,0,0.8249,0.8249,0.8249,0.8249,0.8249,0.8249,0.8249,0.8249,0.8249,,,,,,,,,,,,,,
1645,0,0.8249,0.8249,0.8249,0.8249,0.8249,0.8249,0.8249,0.8249,0.8249,,,,,,,,,,,,,,
1646,0,0.8249,0.8249,0.8249,0.8249,0.8249,0.8249,0.8249,0.8249,0.8249,,,,,,,,,,,,,,
1647,0,0.8249,0.8249,0.8249,0.8249,0.8249,0.8249,0.8249,0.8249,0.8249,,,,,,,,,,,,,,
1648,0,0.8249,0.8249,0.8249,0.8249,0.8249,0.8249,0.8249,0.8249,0.8249,,,,,,,,,,,,,,
1649,0,0.8249,0.8249,0.8249,0.8249,0.8249,0.8249,0.8249,0.8249,0.8249,,,,,,,,,,,,,,
1650,0,0.8249,0.8249,0.8249,0.8249,0.8249,0.8249,0.8249,0.8249,0.8249,,,,,,,,,,,,,,
1651,0,0.8249,0.8249,0.8249,0.8249,0.8249,0.8249,0.8249,0.8249,0.8249,,,,,,,,,,,,,,
1652,0,0.8249,0.8249,0.8249,0.8249,0.8249,0.8249,0.8249,0.8249,0.8249,,,,,,,,,,,,,,
1653,0,0.8249,0.8249,0.8249,0.8249,0.8249,0.8249,0.8249,0.8249,0.8249,,,,,,,,,,,,,,
1654,0,0.8249,0.8249,0.8249,0.8249,0.8249,0.8249,0.8249,0.8249,0.8249,,,,,,,,,,,,,,
1655,0,0.8249,0.8249,0.8249,0.8249,0.8249,0.8249,0.8249,0.8249,0.8249,,,,,,,,,,,,,,
1656,0,0.8249,0.8249,0.8249,0.8249,0.8249,0.8249,0.8249,0.8249,0.8249,,,,,,,,,,,,,,
1657,0,0.8249,0.8249,0.8249,0.8249,0.8249,0.8249,0.8249,0.8249,0.8249,,,,,,,,,,,,,,
1658,0,0.8249,0.8249,0.8249,0.8249,0.8249,0.8249,0.8249,0.8249,0.8249,,,,,,,,,,,,,,
1659,0,0.8249,0.8249,0.8249,0.8249,0.8249,0.8249,0.8249,0.8249,0.8249,,,,,,,,,,,,,,
1660,0,0.8249,0.8249,0.8249,0.8249,0.8249,0.8249,0.8249,0.8249,0.8249,,,,,,,,,,,,,,
1661,0,0.8249,0.8249,0.8249,0.8249,0.8249,0.8249,0.8249,0.8249,0.8249,,,,,,,,,,,,,,
1662,0,0.8249,0.8249,0.8249,0.8249,0.8249,0.8249,0.8249,0.8249,0.8249,,,,,,,,,,,,,,
1663,0,0.8249,0.8249,0.8249,0.8249,0.8249,0.8249,0.8249,0.8249,0.8249,,,,,,,,,,,,,,
1664,0,0.8249,0.8249,0.8249,0.8249,0.8249,0.8249,0.8249,0.8249,0.8249,,,,,,,,,,,,,,
1665,0,0.8249,0.8249,0.8249,0.8249,0.8249,0.8249,0.8249,0.8249,0.8249,,,,,,,,,,,,,,
1666,0,0.8249,0.8249,0.8249,0.8249,0.8249,0.8249,0.8249,0.8249,0.8249,,,,,,,,,,,,,,
1667,0,0.8249,0.8249,0.8249,0.8249,0.8249,0.8249,0.8249,0.8249,0.8249,,,,,,,,,,,,,,
1668,0,0.8249,0.8249,0.8249,0.8249,0.8249,0.8249,0.8249,0.8249,0.8249,,,,,,,,,,,,,,
1669,0,0.8249,0.8249,0.8249,0.8249,0.8249,0.8249,0.8249,0.8249,0.8249,,,,,,,,,,,,,,
1670,0,0.8249,0.8249,0.8249,0.8249,0.8249,0.8249,0.8249,0.8249,0.8249,,,,,,,,,,,,,,
1671,0,0.8249,0.8249,0.8249,0.8249,0.8249,0.8249,0.8249,0.8249,0.8249,,,,,,,,,,,,,,
1672,0,0.8249,0.8249,0.8249,0.8249,0.8249,0.8249,0.8249,0.8249,0.8249,,,,,,,,,,,,,,
1673,0,0.8249,0.8249,0.8249,0.8249,0.8249,0.8249,0.8249,0.8249,0.8249,,,,,,,,,,,,,,
1674,0,0.8249,0.8249,0.8249,0.8249,0.8249,0.8249,0.8249,0.8249,0.8249,,,,,,,,,,,,,,
1675,0,0.8249,0.8249,0.8249,0.8249,0.8249,0.8249,0.8249,0.8249,0.8249,,,,,,,,,,,,,,
1676,0,0.8249,0.8249,0.8249,0.8249,0.8249,0.8249,0.8249,0.8249,0.8249,,,,,,,,,,,,,,
1677,0,0.8249,0.8249,0.8249,0.8249,0.8249,0.8249,0.8249,0.8249,0.8249,,,,,,,,,,,,,,
1678,0,0.8249,0.8249,0.8249,0.8249,0.8249,0.8249,0.8249,0.8249,0.8249,,,,,,,,,,,,,,
1679,0,0.8249,0.8249,0.8249,0.8249,0.8249,0.8249,0.8249,0.8249,0.8249,,,,,,,,,,,,,,
1680,0,0.8249,0.8249,0.8249,0.8249,0.8249,0.8249,0.8249,0.8249,0.8249,,,,,,,,,,,,,,
1681,0,0.8249,0.8249,0.8249,0.8249,0.8249,0.8249,0.8249,0.8249,0.8249,,,,,,,,,,,,,,
1682,0,0.8249,0.8249,0.8249,0.8249,0.8249,0.8249,0.8249,0.8249,0.8249,,,,,,,,,,,,,,
1683,0,0.8249,0.8249,0.8249,0.8249,0.8249,0.8249,0.8249,0.8249,0.8249,,,,,,,,,,,,,,
1684,0,0.8249,0.8249,0.8249,0.8249,0.8249,0.8249,0.8249,0.8249,0.8249,,,,,,,,,,,,,,
1685,0,0.8249,0.8249,0.8249,0.8249,0.8249,0.8249,0.8249,0.8249,0.8249,,,,,,,,,,,,,,
1686,0,0.8249,0.8249,0.8249,0.8249,0.8249,0.8249,0.8249,0.8249,0.8249,,,,,,,,,,,,,,
1687,0,0.8249,0.8249,0.8249,0.8249,0.8249,0.8249,0.8249,0.8249,0.8249,,,,,,,,,,,,,,
1688,0,0.8249,0.8249,0.8249,0.8249,0.8249,0.8249,0.8249,0.8249,0.8249,,,,,,,,,,,,,,
1689,0,0.8249,0.8249,0.8249,0.8249,0.8249,0.8249,0.8249,0.8249,0.8249,,,,,,,,,,,,,,
1690,0,0.8249,0.8249,0.8249,0.8249,0.8249,0.8249,0.8249,0.8249,0.8249,,,,,,,,,,,,,,
1691,0,0.8249,0.8249,0.8249,0.8249,0.8249,0.8249,0.8249,0.8249,0.8249,,,,,,,,,,,,,,
1692,0,0.8249,0.8249,0.8249,0.8249,0.8249,0.8249,0.8249,0.8249,0.8249,,,,,,,,,,,,,,
1693,0,0.8249,0.8249,0.8249,0.8249,0.8249,0.8249,0.8249,0.8249,0.8249,,,,,,,,,,,,,,
1694,0,0.8249,0.8249,0.8249,0.8249,0.8249,0.8249,0.8249,0.8249,0.8249,,,,,,,,,,,,,,
1695,0,0.8249,0.8249,0.8249,0.8249,0.8249,0.8249,0.8249,0.8249,0.8249,,,,,,,,,,,,,,
1696,0,0.8249,0.8249,0.8249,0.8249,0.8249,0.8249,0.8249,0.8249,0.8249,,,,,,,,,,,,,,
1697,0,0.8249,0.8249,0.8249,0.8249,0.8249,0.8249,0.8249,0.8249,0.8249,,,,,,,,,,,,,,
1698,0,0.8249,0.8249,0.8249,0.8249,0.8249,0.8249,0.8249,0.8249,0.8249,,,,,,,,,,,,,,
1699,0,0.8249,0.8249,0.8249,0.8249,0.8249,0.8249,0.8249,0.8249,0.8249,,,,,,,,,,,,,,
1700,0,0.8249,0.8249,0.8249,0.8249,0.8249,0.8249,0.8249,0.8249,0.8249,,,,,,,,,,,,,,
1701,0,0.8249,0.8249,0.8249,0.8249,0.8249,0.8249,0.8249,0.8249,0.8249,,,,,,,,,,,,,,
1702,0,0.8249,0.8249,0.8249,0.8249,0.8249,0.8249,0.8249,0.8249,0.8249,,,,,,,,,,,,,,
1703,0,0.8249,0.8249,0.8249,0.8249,0.8249,0.8249,0.8249,0.8249,0.8249,,,,,,,,,,,,,,
1704,0,0.8249,0.8249,0.8249,0.8249,0.8249,0.8249,0.8249,0.8249,0.8249,,,,,,,,,,,,,,
1705,0,0.8249,0.8249,0.8249,0.8249,0.8249,0.8249,0.8249,0.8249,0.8249,,,,,,,,,,,,,,
1706,0,0.8249,0.8249,0.8249,0.8249,0.8249,0.8249,0.8249,0.8249,0.8249,,,,,,,,,,,,,,
1707,0,0.8249,0.8249,0.8249,0.8249,0.8249,0.8249,0.8249,0.8249,0.8249,,,,,,,,,,,,,,
1708,0,0.8249,0.8249,0.8249,0.8249,0.8249,0.8249,0.8249,0.8249,0.8249,,,,,,,,,,,,,,
1709,0,0.8249,0.8249,0.8249,0.8249,0.8249,0.8249,0.8249,0.8249,0.8249,,,,,,,,,,,,,,
1710,0,0.8249,0.8249,0.8249,0.8249,0.8249,0.8249,0.8249,0.8249,0.8249,,,,,,,,,,,,,,
1711,0,0.8249,0.8249,0.8249,0.8249,0.8249,0.8249,0.8249,0.8249,0.8249,,,,,,,,,,,,,,
1712,0,0.8249,0.8249,0.8249,0.8249,0.8249,0.8249,0.8249,0.8249,0.8249,,,,,,,,,,,,,,
1713,0,0.8249,0.8249,0.8249,0.8249,0.8249,0.8249,0.8249,0.8249,0.8249,,,,,,,,,,,,,,
1714,0,0.8249,0.8249,0.8249,0.8249,0.8249,0.8249,0.8249,0.8249,0.8249,,,,,,,,,,,,,,
1715,0,0.8249,0.8249,0.8249,0.8249,0.8249,0.8249,0.8249,0.8249,0.8249,,,,,,,,,,,,,,
1716,0,0.8249,0.8249,0.8249,0.8249,0.8249,0.8249,0.8249,0.8249,0.8249,,,,,,,,,,,,,,
1717,0,0.8249,0.8249,0.8249,0.8249,0.8249,0.8249,0.8249,0.8249,0.8249,,,,,,,,,,,,,,
1718,0,0.8249,0.8249,0.8249,0.8249,0.8249,0.8249,0.8249,0.8249,0.8249,,,,,,,,,,,,,,
1719,0,0.8249,0.8249,0.8249,0.8249,0.8249,0.8249,0.8249,0.8249,0.8249,,,,,,,,,,,,,,
1720,0,0.8249,0.8249,0.8249,0.8249,0.8249,0.8249,0.8249,0.8249,0.8249,,,,,,,,,,,,,,
1721,0,0.8249,0.8249,0.8249,0.8249,0.8249,0.8249,0.8249,0.8249,0.8249,,,,,,,,,,,,,,
1722,0,0.8249,0.8249,0.8249,0.8249,0.8249,0.8249,0.8249,0.8249,0.8249,,,,,,,,,,,,,,
1723,0,0.8249,0.8249,0.8249,0.8249,0.8249,0.8249,0.8249,0.8249,0.8249,,,,,,,,,,,,,,
1724,0,0.8249,0.8249,0.8249,0.8249,0.8249,0.8249,0.8249,0.8249,0.8249,,,,,,,,,,,,,,
1725,0,0.8249,0.8249,0.8249,0.8249,0.8249,0.8249,0.8249,0.8249,0.8249,,,,,,,,,,,,,,
1726,0,0.8249,0.8249,0.8249,0.8249,0.8249,0.8249,0.8249,0.8249,0.8249,,,,,,,,,,,,,,
1727,0,0.8249,0.8249,0.8249,0.8249,0.8249,0.8249,0.8249,0.8249,0.8249,,,,,,,,,,,,,,
1728,0,0.8249,0.8249,0.8249,0.8249,0.8249,0.8249,0.8249,0.8249,0.8249,,,,,,,,,,,,,,
1729,0,0.8249,0.8249,0.8249,0.8249,0.8249,0.8249,0.8249,0.8249,0.8249,,,,,,,,,,,,,,
1730,0,0.8249,0.8249,0.8249,0.8249,0.8249,0.8249,0.8249,0.8249,0.8249,,,,,,,,,,,,,,
1731,0,0.8249,0.8249,0.8249,0.8249,0.8249,0.8249,0.8249,0.8249,0.8249,,,,,,,,,,,,,,
1732,0,0.8249,0.8249,0.8249,0.8249,0.8249,0.8249,0.8249,0.8249,0.8249,,,,,,,,,,,,,,
1733,0,0.8249,0.8249,0.8249,0.8249,0.8249,0.8249,0.8249,0.8249,0.8249,,,,,,,,,,,,,,
1734,0,0.8249,0.8249,0.8249,0.8249,0.8249,0.8249,0.8249,0.8249,0.8249,,,,,,,,,,,,,,
1735,0,0.8249,0.8249,0.8249,0.8249,0.8249,0.8249,0.8249,0.8249,0.8249,,,,,,,,,,,,,,
1736,0,0.8249,0.8249,0.8249,0.8249,0.8249,0.8249,0.8249,0.8249,0.8249,,,,,,,,,,,,,,
1737,0,0.8249,0.8249,0.8249,0.8249,0.8249,0.8249,0.8249,0.8249,0.8249,,,,,,,,,,,,,,
1738,0,0.8249,0.8249,0.8249,0.8249,0.8249,0.8249,0.8249,0.8249,0.8249,,,,,,,,,,,,,,
1739,0,0.8249,0.8249,0.8249,0.8249,0.8249,0.8249,0.8249,0.8249,0.8249,,,,,,,,,,,,,,
1740,0,0.8249,0.8249,0.8249,0.8249,0.8249,0.8249,0.8249,0.8249,0.8249,,,,,,,,,,,,,,
1741,0,0.8249,0.8249,0.8249,0.8249,0.8249,0.8249,0.8249,0.8249,0.8249,,,,,,,,,,,,,,
1742,0,0.8249,0.8249,0.8249,0.8249,0.8249,0.8249,0.8249,0.8249,0.8249,,,,,,,,,,,,,,
1743,0,0.8249,0.8249,0.8249,0.8249,0.8249,0.8249,0.8249,0.8249,0.8249,,,,,,,,,,,,,,
1744,0,0.8249,0.8249,0.8249,0.8249,0.8249,0.8249,0.8249,0.8249,0.8249,,,,,,,,,,,,,,
1745,0,0.8249,0.8249,0.8249,0.8249,0.8249,0.8249,0.8249,0.8249,0.8249,,,,,,,,,,,,,,
1746,0,0.8249,0.8249,0.8249,0.8249,0.8249,0.8249,0.8249,0.8249,0.8249,,,,,,,,,,,,,,
1747,0,0.8249,0.8249,0.8249,0.8249,0.8249,0.8249,0.8249,0.8249,0.8249,,,,,,,,,,,,,,
1748,0,0.8249,0.8249,0.8249,0.8249,0.8249,0.8249,0.8249,0.8249,0.8249,,,,,,,,,,,,,,
1749,0,0.8249,0.8249,0.8249,0.8249,0.8249,0.8249,0.8249,0.8249,0.8249,,,,,,,,,,,,,,
1750,0,0.8249,0.8249,0.8249,0.8249,0.8249,0.8249,0.8249,0.8249,0.8249,,,,,,,,,,,,,,
1751,0,0.8249,0.8249,0.8249,0.8249,0.8249,0.8249,0.8249,0.8249,0.8249,,,,,,,,,,,,,,
1752,0,0.8249,0.8249,0.8249,0.8249,0.8249,0.8249,0.8249,0.8249,0.8249,,,,,,,,,,,,,,
1753,0,0.8249,0.8249,0.8249,0.8249,0.8249,0.8249,0.8249,0.8249,0.8249,,,,,,,,,,,,,,
1754,0,0.8249,0.8249,0.8249,0.8249,0.8249,0.8249,0.8249,0.8249,0.8249,,,,,,,,,,,,,,
1755,0,0.8249,0.8249,0.8249,0.8249,0.8249,0.8249,0.8249,0.8249,0.8249,,,,,,,,,,,,,,
1756,0,0.8249,0.8249,0.8249,0.8249,0.8249,0.8249,0.8249,0.8249,0.8249,,,,,,,,,,,,,,
1757,0,0.8249,0.8249,0.8249,0.8249,0.8249,0.8249,0.8249,0.8249,0.8249,,,,,,,,,,,,,,
1758,0,0.8249,0.8249,0.8249,0.8249,0.8249,0.8249,0.8249,0.8249,0.8249,,,,,,,,,,,,,,
1759,0,0.8249,0.8249,0.8249,0.8249,0.8249,0.8249,0.8249,0.8249,0.8249,,,,,,,,,,,,,,
1760,0,0.8249,0.8249,0.8249,0.8249,0.8249,0.8249,0.8249,0.8249,0.8249,,,,,,,,,,,,,,
1761,0,0.8249,0.8249,0.8249,0.8249,0.8249,0.8249,0.8249,0.8249,0.8249,,,,,,,,,,,,,,
1762,0,0.8249,0.8249,0.8249,0.8249,0.8249,0.8249,0.8249,0.8249,0.8249,,,,,,,,,,,,,,
1763,0,0.8249,0.8249,0.8249,0.8249,0.8249,0.8249,0.8249,0.8249,0.8249,,,,,,,,,,,,,,
1764,0,0.8249,0.8249,0.8249,0.8249,0.8249,0.8249,0.8249,0.8249,0.8249,,,,,,,,,,,,,,
1765,0,0.8249,0.8249,0.8249,0.8249,0.8249,0.8249,0.8249,0.8249,0.8249,,,,,,,,,,,,,,
1766,0,0.8249,0.8249,0.8249,0.8249,0.8249,0.8249,0.8249,0.8249,0.8249,,,,,,,,,,,,,,
1767,0,0.8249,0.8249,0.8249,0.8249,0.8249,0.8249,0.8249,0.8249,0.8249,,,,,,,,,,,,,,
1768,0,0.8249,0.8249,0.8249,0.8249,0.8249,0.8249,0.8249,0.8249,0.8249,,,,,,,,,,,,,,
1769,0,0.8249,0.8249,0.8249,0.8249,0.8249,0.8249,0.8249,0.8249,0.8249,,,,,,,,,,,,,,
1770,0,0.8249,0.8249,0.8249,0.8249,0.8249,0.8249,0.8249,0.8249,0.8249,,,,,,,,,,,,,,
1771,0,0.8249,0.8249,0.8249,0.8249,0.8249,0.8249,0.8249,0.8249,0.8249,,,,,,,,,,,,,,
1772,0,0.8249,0.8249,0.8249,0.8249,0.8249,0.8249,0.8249,0.8249,0.8249,,,,,,,,,,,,,,
1773,0,0.8249,0.8249,0.8249,0.8249,0.8249,0.8249,0.8249,0.8249,0.8249,,,,,,,,,,,,,,
1774,0,0.8249,0.8249,0.8249,0.8249,0.8249,0.8249,0.8249,0.8249,0.8249,,,,,,,,,,,,,,
1775,0,0.8249,0.8249,0.8249,0.8249,0.8249,0.8249,0.8249,0.8249,0.8249,,,,,,,,,,,,,,
1776,0,0.8249,0.8249,0.8249,0.8249,0.8249,0.8249,0.8249,0.8249,0.8249,,,,,,,,,,,,,,
1777,0,0.8249,0.8249,0.8249,0.8249,0.8249,0.8249,0.8249,0.8249,0.8249,,,,,,,,,,,,,,
1778,0,0.8249,0.8249,0.8249,0.8249,0.8249,0.8249,0.8249,0.8249,0.8249,,,,,,,,,,,,,,
1779,0,0.8249,0.8249,0.8249,0.8249,0.8249,0.8249,0.8249,0.8249,0.8249,,,,,,,,,,,,,,
1780,0,0.8249,0.8249,0.8249,0.8249,0.8249,0.8249,0.8249,0.8249,0.8249,,,,,,,,,,,,,,
1781,0,0.8249,0.8249,0.8249,0.8249,0.8249,0.8249,0.8249,0.8249,0.8249,,,,,,,,,,,,,,
1782,0,0.8249,0.8249,0.8249,0.8249,0.8249,0.8249,0.8249,0.8249,0.8249,,,,,,,,,,,,,,
1783,0,0.8249,0.8249,0.8249,0.8249,0.8249,0.8249,0.8249,0.8249,0.8249,,,,,,,,,,,,,,
1784,0,0.8249,0.8249,0.8249,0.8249,0.8249,0.8249,0.8249,0.8249,0.8249,,,,,,,,,,,,,,
1785,0,0.8249,0.8249,0.8249,0.8249,0.8249,0.8249,0.8249,0.8249,0.8249,,,,,,,,,,,,,,
1786,0,0.8249,0.8249,0.8249,0.8249,0.8249,0.8249,0.8249,0.8249,0.8249,,,,,,,,,,,,,,
1787,0,0.8249,0.8249,0.8249,0.8249,0.8249,0.8249,0.8249,0.8249,0.8249,,,,,,,,,,,,,,
1788,0,0.8249,0.8249,0.8249,0.8249,0.8249,0.8249,0.8249,0.8249,0.8249,,,,,,,,,,,,,,
1789,0,0.8249,0.8249,0.8249,0.8249,0.8249,0.8249,0.8249,0.8249,0.8249,,,,,,,,,,,,,,
1790,0,0.8249,0.8249,0.8249,0.8249,0.8249,0.8249,0.8249,0.8249,0.8249,,,,,,,,,,,,,,
1791,0,0.8249,0.8249,0.8249,0.8249,0.8249,0.8249,0.8249,0.8249,0.8249,,,,,,,,,,,,,,
1792,0,0.8249,0.8249,0.8249,0.8249,0.8249,0.8249,0.8249,0.8249,0.8249,,,,,,,,,,,,,,
1793,0,0.8249,0.8249,0.8249,0.8249,0.8249,0.8249,0.8249,0.8249,0.8249,,,,,,,,,,,,,,
1794,0,0.8249,0.8249,0.8249,0.8249,0.8249,0.8249,0.8249,0.8249,0.8249,,,,,,,,,,,,,,
1795,0,0.8249,0.8249,0.8249,0.8249,0.8249,0.8249,0.8249,0.8249,0.8249,,,,,,,,,,,,,,
1796,0,0.8249,0.8249,0.8249,0.8249,0.8249,0.8249,0.8249,0.8249,0.8249,,,,,,,,,,,,,,
1797,0,0.8249,0.8249,0.8249,0.8249,0.8249,0.8249,0.8249,0.8249,0.8249,,,,,,,,,,,,,,
1798,0,0.8249,0.8249,0.8249,0.8249,0.8249,0.8249,0.8249,0.8249,0.8249,,,,,,,,,,,,,,
1799,0,0.8249,0.8249,0.8249,0.8249,0.8249,0.8249,0.8249,0.8249,0.8249,,,,,,,,,,,,,,
1800,0,0.8249,0.8249,0.8249,0.8249,0.8249,0.8249,0.8249,0.8249,0.8249,,,,,,,,,,,,,,
1801,0,0.8249,0.8249,0.8249,0.8249,0.8249,0.8249,0.8249,0.8249,0.8249,,,,,,,,,,,,,,
1802,0,0.8249,0.8249,0.8249,0.8249,0.8249,0.8249,0.8249,0.8249,0.8249,,,,,,,,,,,,,,
1803,0,0.8249,0.8249,0.8249,0.8249,0.8249,0.8249,0.8249,0.8249,0.8249,,,,,,,,,,,,,,
1804,0,0.8249,0.8249,0.8249,0.8249,0.8249,0.8249,0.8249,0.8249,0.8249,,,,,,,,,,,,,,
1805,0,0.8249,0.8249,0.8249,0.8249,0.8249,0.8249,0.8249,0.8249,0.8249,,,,,,,,,,,,,,
1806,0,0.8249,0.8249,0.8249,0.8249,0.8249,0.8249,0.8249,0.8249,0.8249,,,,,,,,,,,,,,
1807,0,0.8249,0.8249,0.8249,0.8249,0.8249,0.8249,0.8249,0.8249,0.8249,,,,,,,,,,,,,,
1808,0,0.8249,0.8249,0.8249,0.8249,0.8249,0.8249,0.8249,0.8249,0.8249,,,,,,,,,,,,,,
1809,0,0.8249,0.8249,0.8249,0.8249,0.8249,0.8249,0.8249,0.8249,0.8249,,,,,,,,,,,,,,
1810,0,0.8249,0.8249,0.8249,0.8249,0.8249,0.8249,0.8249,0.8249,0.8249,,,,,,,,,,,,,,
1811,0,0.8249,0.8249,0.8249,0.8249,0.8249,0.8249,0.8249,0.8249,0.8249,,,,,,,,,,,,,,
1812,0,0.8249,0.8249,0.8249,0.8249,0.8249,0.8249,0.8249,0.8249,0.8249,,,,,,,,,,,,,,
1813,0,0.8249,0.8249,0.8249,0.8249,0.8249,0.8249,0.8249,0.8249,0.8249,,,,,,,,,,,,,,
1814,0,0.8249,0.8249,0.8249,0.8249,0.8249,0.8249,0.8249,0.8249,0.8249,,,,,,,,,,,,,,
1815,0,0.8249,0.8249,0.8249,0.8249,0.8249,0.8249,0.8249,0.8249,0.8249,,,,,,,,,,,,,,
1816,0,0.8249,0.8249,0.8249,0.8249,0.8249,0.8249,0.8249,0.8249,0.8249,,,,,,,,,,,,,,
1817,0,0.8249,0.8249,0.8249,0.8249,0.8249,0.8249,0.8249,0.8249,0.8249,,,,,,,,,,,,,,
1818,0,0.8249,0.8249,0.8249,0.8249,0.8249,0.8249,0.8249,0.8249,0.8249,,,,,,,,,,,,,,
1819,0,0.8249,0.8249,0.8249,0.8249,0.8249,0.8249,0.8249,0.8249,0.8249,,,,,,,,,,,,,,
1820,0,0.8249,0.8249,0.8249,0.8249,0.8249,0.8249,0.8249,0.8249,0.8249,,,,,,,,,,,,,,
1821,0,0.8249,0.8249,0.8249,0.8249,0.8249,0.8249,0.8249,0.8249,0.8249,,,,,,,,,,,,,,
1822,0,0.8249,0.8249,0.8249,0.8249,0.8249,0.8249,0.8249,0.8249,0.8249,,,,,,,,,,,,,,
1823,0,0.8249,0.8249,0.8249,0.8249,0.8249,0.8249,0.8249,0.8249,0.8249,,,,,,,,,,,,,,
1824,0,0.8249,0.8249,0.8249,0.8249,0.8249,0.8249,0.8249,0.8249,0.8249,,,,,,,,,,,,,,
1825,0,0.8249,0.8249,0.8249,0.8249,0.8249,0.8249,0.8249,0.8249,0.8249,,,,,,,,,,,,,,
1826,0,0.8249,0.8249,0.8249,0.8249,0.8249,0.8249,0.8249,0.8249,0.8249,,,,,,,,,,,,,,
1827,0,0.8249,0.8249,0.8249,0.8249,0.8249,0.8249,0.8249,0.8249,0.8249,,,,,,,,,,,,,,
1828,0,0.8249,0.8249,0.8249,0.8249,0.8249,0.8249,0.8249,0.8249,0.8249,,,,,,,,,,,,,,
1829,0,0.8249,0.8249,0.8249,0.8249,0.8249,0.8249,0.8249,0.8249,0.8249,,,,,,,,,,,,,,
1830,0,0.8249,0.8249,0.8249,0.8249,0.8249,0.8249,0.8249,0.8249,0.8249,,,,,,,,,,,,,,
1831,0,0.8249,0.8249,0.8249,0.8249,0.8249,0.8249,0.8249,0.8249,0.8249,,,,,,,,,,,,,,
1832,0,0.8249,0.8249,0.8249,0.8249,0.8249,0.8249,0.8249,0.8249,0.8249,,,,,,,,,,,,,,
1833,0,0.8249,0.8249,0.8249,0.8249,0.8249,0.8249,0.8249,0.8249,0.8249,,,,,,,,,,,,,,
1834,0,0.8249,0.8249,0.8249,0.8249,0.8249,0.8249,0.8249,0.8249,0.8249,,,,,,,,,,,,,,
1835,0,0.8249,0.8249,0.8249,0.8249,0.8249,0.8249,0.8249,0.8249,0.8249,,,,,,,,,,,,,,
1836,0,0.8249,0.8249,0.8249,0.8249,0.8249,0.8249,0.8249,0.8249,0.8249,,,,,,,,,,,,,,
1837,0,0.8249,0.8249,0.8249,0.8249,0.8249,0.8249,0.8249,0.8249,0.8249,,,,,,,,,,,,,,
1838,0,0.8249,0.8249,0.8249,0.8249,0.8249,0.8249,0.8249,0.8249,0.8249,,,,,,,,,,,,,,
1839,0,0.8249,0.8249,0.8249,0.8249,0.8249,0.8249,0.8249,0.8249,0.8249,,,,,,,,,,,,,,
1840,0,0.8249,0.8249,0.8249,0.8249,0.8249,0.8249,0.8249,0.8249,0.8249,,,,,,,,,,,,,,
1841,0,0.8249,0.8249,0.8249,0.8249,0.8249,0.8249,0.8249,0.8249,0.8249,,,,,,,,,,,,,,
1842,0,0.8249,0.8249,0.8249,0.8249,0.8249,0.8249,0.8249,0.8249,0.8249,,,,,,,,,,,,,,
1843,0,0.8249,0.8249,0.8249,0.8249,0.8249,0.8249,0.8249,0.8249,0.8249,,,,,,,,,,,,,,
1844,0,0.8249,0.8249,0.8249,0.8249,0.8249,0.8249,0.8249,0.8249,0.8249,,,,,,,,,,,,,,
1845,0,0.8249,0.8249,0.8249,0.8249,0.8249,0.8249,0.8249,0.8249,0.8249,,,,,,,,,,,,,,
1846,0,0.8249,0.8249,0.8249,0.8249,0.8249,0.8249,0.8249,0.8249,0.8249,,,,,,,,,,,,,,
1847,0,0.8249,0.8249,0.8249,0.8249,0.8249,0.8249,0.8249,0.8249,0.8249,,,,,,,,,,,,,,
1848,0,0.8249,0.8249,0.8249,0.8249,0.8249,0.8249,0.8249,0.8249,0.8249,,,,,,,,,,,,,,
1849,0,0.8249,0.8249,0.8249,0.8249,0.8249,0.8249,0.8249,0.8249,0.8249,,,,,,,,,,,,,,
1850,0,0.8249,0.8249,0.8249,0.8249,0.8249,0.8249,0.8249,0.8249,0.8249,,,,,,,,,,,,,,
1851,0,0.8249,0.8249,0.8249,0.8249,0.8249,0.8249,0.8249,0.8249,0.8249,,,,,,,,,,,,,,
1852,0,0.8249,0.8249,0.8249,0.8249,0.8249,0.8249,0.8249,0.8249,0.8249,,,,,,,,,,,,,,
1853,0,0.8249,0.8249,0.8249,0.8249,0.8249,0.8249,0.8249,0.8249,0.8249,,,,,,,,,,,,,,
1854,0,0.8249,0.8249,0.8249,0.8249,0.8249,0.8249,0.8249,0.8249,0.8249,,,,,,,,,,,,,,
1855,0,0.8249,0.8249,0.8249,0.8249,0.8249,0.8249,0.8249,0.8249,0.8249,,,,,,,,,,,,,,
1856,0,0.8249,0.8249,0.8249,0.8249,0.8249,0.8249,0.8249,0.8249,0.8249,,,,,,,,,,,,,,
1857,0,0.8249,0.8249,0.8249,0.8249,0.8249,0.8249,0.8249,0.8249,0.8249,,,,,,,,,,,,,,
1858,0,0.8249,0.8249,0.8249,0.8249,0.8249,0.8249,0.8249,0.8249,0.8249,,,,,,,,,,,,,,
1859,0,0.8249,0.8249,0.8249,0.8249,0.8249,0.8249,0.8249,0.8249,0.8249,,,,,,,,,,,,,,
1860,0,0.8249,0.8249,0.8249,0.8249,0.8249,0.8249,0.8249,0.8249,0.8249,,,,,,,,,,,,,,
1861,0,0.8249,0.8249,0.8249,0.8249,0.8249,0.8249,0.8249,0.8249,0.8249,,,,,,,,,,,,,,
1862,0,0.8249,0.8249,0.8249,0.8249,0.8249,0.8249,0.8249,0.8249,0.8249,,,,,,,,,,,,,,
1863,0,0.8249,0.8249,0.8249,0.8249,0.8249,0.8249,0.8249,0.8249,0.8249,,,,,,,,,,,,,,
1864,0,0.8249,0.8249,0.8249,0.8249,0.8249,0.8249,0.8249,0.8249,0.8249,,,,,,,,,,,,,,
1865,0,0.8249,0.8249,0.8249,0.8249,0.8249,0.8249,0.8249,0.8249,0.8249,,,,,,,,,,,,,,
1866,0,0.8249,0.8249,0.8249,0.8249,0.8249,0.8249,0.8249,0.8249,0.8249,,,,,,,,,,,,,,
1867,0,0.8249,0.8249,0.8249,0.8249,0.8249,0.8249,0.8249,0.8249,0.8249,,,,,,,,,,,,,,
1868,0,0.8249,0.8249,0.8249,0.8249,0.8249,0.8249,0.8249,0.8249,0.8249,,,,,,,,,,,,,,
1869,0,0.8249,0.8249,0.8249,0.8249,0.8249,0.8249,0.8249,0.8249,0.8249,,,,,,,,,,,,,,
1870,0,0.8249,0.8249,0.8249,0.8249,0.8249,0.8249,0.8249,0.8249,0.8249,,,,,,,,,,,,,,
1871,0,0.8249,0.8249,0.8249,0.8249,0.8249,0.8249,0.8249,0.8249,0.8249,,,,,,,,,,,,,,
1872,0,0.8249,0.8249,0.8249,0.8249,0.8249,0.8249,0.8249,0.8249,0.8249,,,,,,,,,,,,,,
1873,0,0.8249,0.8249,0.8249,0.8249,0.8249,0.8249,0.8249,0.8249,0.8249,,,,,,,,,,,,,,
1874,0,0.8249,0.8249,0.8249,0.8249,0.8249,0.8249,0.8249,0.8249,0.8249,,,,,,,,,,,,,,
1875,0,0.8249,0.8249,0.8249,0.8249,0.8249,0.8249,0.8249,0.8249,0.8249,,,,,,,,,,,,,,
1876,0,0.8249,0.8249,0.8249,0.8249,0.8249,0.8249,0.8249,0.8249,0.8249,,,,,,,,,,,,,,
1877,0,0.8249,0.8249,0.8249,0.8249,0.8249,0.8249,0.8249,0.8249,0.8249,,,,,,,,,,,,,,
1878,0,0.8249,0.8249,0.8249,0.8249,0.8249,0.8249,0.8249,0.8249,0.8249,,,,,,,,,,,,,,
1879,0,0.8249,0.8249,0.8249,0.8249,0.8249,0.8249,0.8249,0.8249,0.8249,,,,,,,,,,,,,,
1880,0,0.8249,0.8249,0.8249,0.8249,0.8249,0.8249,0.8249,0.8249,0.8249,,,,,,,,,,,,,,
1881,0,0.8249,0.8249,0.8249,0.8249,0.8249,0.8249,0.8249,0.8249,0.8249,,,,,,,,,,,,,,
1882,0,0.8249,0.8249,0.8249,0.8249,0.8249,0.8249,0.8249,0.8249,0.8249,,,,,,,,,,,,,,
1883,0,0.8249,0.8249,0.8249,0.8249,0.8249,0.8249,0.8249,0.8249,0.8249,,,,,,,,,,,,,,
1884,0,0.8249,0.8249,0.8249,0.8249,0.8249,0.8249,0.8249,0.8249,0.8249,,,,,,,,,,,,,,
1885,0,0.8249,0.8249,0.8249,0.8249,0.8249,0.8249,0.8249,0.8249,0.8249,,,,,,,,,,,,,,
1886,0,0.8249,0.8249,0.8249,0.8249,0.8249,0.8249,0.8249,0.8249,0.8249,,,,,,,,,,,,,,
1887,0,0.8249,0.8249,0.8249,0.8249,0.8249,0.8249,0.8249,0.8249,0.8249,,,,,,,,,,,,,,
1888,0,0.8249,0.8249,0.8249,0.8249,0.8249,0.8249,0.8249,0.8249,0.8249,,,,,,,,,,,,,,
1889,0,0.8249,0.8249,0.8249,0.8249,0.8249,0.8249,0.8249,0.8249,0.8249,,,,,,,,,,,,,,
1890,0,0.8249,0.8249,0.8249,0.8249,0.8249,0.8249,0.8249,0.8249,0.8249,,,,,,,,,,,,,,
1891,0,0.8249,0.8249,0.8249,0.8249,0.8249,0.8249,0.8249,0.8249,0.8249,,,,,,,,,,,,,,
1892,0,0.8249,0.8249,0.8249,0.8249,0.8249,0.8249,0.8249,0.8249,0.8249,,,,,,,,,,,,,,
1893,0,0.8249,0.8249,0.8249,0.8249,0.8249,0.8249,0.8249,0.8249,0.8249,,,,,,,,,,,,,,
1894,0,0.8249,0.8249,0.8249,0.8249,0.8249,0.8249,0.8249,0.8249,0.8249,,,,,,,,,,,,,,
1895,0,0.8249,0.8249,0.8249,0.8249,0.8249,0.8249,0.8249,0.8249,0.8249,,,,,,,,,,,,,,
1896,0,0.8249,0.8249,0.8249,0.8249,0.8249,0.8249,0.8249,0.8249,0.8249,,,,,,,,,,,,,,
1897,0,0.8249,0.8249,0.8249,0.8249,0.8249,0.8249,0.8249,0.8249,0.8249,,,,,,,,,,,,,,
1898,0,0.8249,0.8249,0.8249,0.8249,0.8249,0.8249,0.8249,0.8249,0.8249,,,,,,,,,,,,,,
1899,0,0.8249,0.8249,0.8249,0.8249,0.8249,0.8249,0.8249,0.8249,0.8249,,,,,,,,,,,,,,
1900,0,0.8249,0.8249,0.8249,0.8249,0.8249,0.8249,0.8249,0.8249,0.8249,,,,,,,,,,,,,,
1901,0,0.8249,0.8249,0.8249,0.8249,0.8249,0.8249,0.8249,0.8249,0.8249,,,,,,,,,,,,,,
1902,0,0.8249,0.8249,0.8249,0.8249,0.8249,0.8249,0.8249,0.8249,0.8249,,,,,,,,,,,,,,
1903,0,0.8249,0.8249,0.8249,0.8249,0.8249,0.8249,0.8249,0.8249,0.8249,,,,,,,,,,,,,,
1904,0,0.8249,0.8249,0.8249,0.8249,0.8249,0.8249,0.8249,0.8249,0.8249,,,,,,,,,,,,,,
1905,0,0.8249,0.8249,0.8249,0.8249,0.8249,0.8249,0.8249,0.8249,0.8249,,,,,,,,,,,,,,
1906,0,0.8249,0.8249,0.8249,0.8249,0.8249,0.8249,0.8249,0.8249,0.8249,,,,,,,,,,,,,,
1907,0,0.8249,0.8249,0.8249,0.8249,0.8249,0.8249,0.8249,0.8249,0.8249,,,,,,,,,,,,,,
1908,0,0.8249,0.8249,0.8249,0.8249,0.8249,0.8249,0.8249,0.8249,0.8249,,,,,,,,,,,,,,
1909,0,0.8249,0.8249,0.8249,0.8249,0.8249,0.8249,0.8249,0.8249,0.8249,,,,,,,,,,,,,,
1910,0,0.8249,0.8249,0.8249,0.8249,0.8249,0.8249,0.8249,0.8249,0.8249,,,,,,,,,,,,,,
1911,0,0.8249,0.8249,0.8249,0.8249,0.8249,0.8249,0.8249,0.8249,0.8249,,,,,,,,,,,,,,
1912,0,0.8249,0.8249,0.8249,0.8249,0.8249,0.8249,0.8249,0.8249,0.8249,,,,,,,,,,,,,,
1913,0,0.8249,0.8249,0.8249,0.8249,0.8249,0.8249,0.8249,0.8249,0.8249,,,,,,,,,,,,,,
1914,0,0.8249,0.8249,0.8249,0.8249,0.8249,0.8249,0.8249,0.8249,0.8249,,,,,,,,,,,,,,
1915,0,0.8249,0.8249,0.8249,0.8249,0.8249,0.8249,0.8249,0.8249,0.8249,,,,,,,,,,,,,,
1916,0,0.8249,0.8249,0.8249,0.8249,0.8249,0.8249,0.8249,0.8249,0.8249,,,,,,,,,,,,,,
1917,0,0.8249,0.8249,0.8249,0.8249,0.8249,0.8249,0.8249,0.8249,0.8249,,,,,,,,,,,,,,
1918,0,0.8249,0.8249,0.8249,0.8249,0.8249,0.8249,0.8249,0.8249,0.8249,,,,,,,,,,,,,,
1919,0,0.8249,0.8249,0.8249,0.8249,0.8249,0.8249,0.8249,0.8249,0.8249,,,,,,,,,,,,,,
1920,0,0.8249,0.8249,0.8249,0.8249,0.8249,0.8249,0.8249,0.8249,0.8249,,,,,,,,,,,,,,
1921,0,0.8249,0.8249,0.8249,0.8249,0.8249,0.8249,0.8249,0.8249,0.8249,,,,,,,,,,,,,,
1922,0,0.8249,0.8249,0.8249,0.8249,0.8249,0.8249,0.8249,0.8249,0.8249,,,,,,,,,,,,,,
1923,0,0.8249,0.8249,0.8249,0.8249,0.8249,0.8249,0.8249,0.8249,0.8249,,,,,,,,,,,,,,
1924,0,0.8249,0.8249,0.8249,0.8249,0.8249,0.8249,0.8249,0.8249,0.8249,,,,,,,,,,,,,,
1925,0,0.8249,0.8249,0.8249,0.8249,0.8249,0.8249,0.8249,0.8249,0.8249,,,,,,,,,,,,,,
1926,0,0.8249,0.8249,0.8249,0.8249,0.8249,0.8249,0.8249,0.8249,0.8249,,,,,,,,,,,,,,
1927,0,0.8249,0.8249,0.8249,0.8249,0.8249,0.8249,0.8249,0.8249,0.8249,,,,,,,,,,,,,,
1928,0,0.8249,0.8249,0.8249,0.8249,0.8249,0.8249,0.8249,0.8249,0.8249,,,,,,,,,,,,,,
1929,0,0.8249,0.8249,0.8249,0.8249,0.8249,0.8249,0.8249,0.8249,0.8249,,,,,,,,,,,,,,
1930,0,0.8249,0.8249,0.8249,0.8249,0.8249,0.8249,0.8249,0.8249,0.8249,,,,,,,,,,,,,,
1931,0,0.8249,0.8249,0.8249,0.8249,0.8249,0.8249,0.8249,0.8249,0.8249,,,,,,,,,,,,,,
1932,0,0.8249,0.8249,0.8249,0.8249,0.8249,0.8249,0.8249,0.8249,0.8249,,,,,,,,,,,,,,
1933,0,0.8249,0.8249,0.8249,0.8249,0.8249,0.8249,0.8249,0.8249,0.8249,,,,,,,,,,,,,,
1934,0,0.8249,0.8249,0.8249,0.8249,0.8249,0.8249,0.8249,0.8249,0.8249,,,,,,,,,,,,,,
1935,0,0.8249,0.8249,0.8249,0.8249,0.8249,0.8249,0.8249,0.8249,0.8249,,,,,,,,,,,,,,
1936,0,0.8249,0.8249,0.8249,0.8249,0.8249,0.8249,0.8249,0.8249,0.8249,,,,,,,,,,,,,,
1937,0,0.8249,0.8249,0.8249,0.8249,0.8249,0.8249,0.8249,0.8249,0.8249,,,,,,,,,,,,,,
1938,0,0.8249,0.8249,0.8249,0.8249,0.8249,0.8249,0.8249,0.8249,0.8249,,,,,,,,,,,,,,
1939,0,0.8249,0.8249,0.8249,0.8249,0.8249,0.8249,0.8249,0.8249,0.8249,,,,,,,,,,,,,,
1940,0,0.8249,0.8249,0.8249,0.8249,0.8249,0.8249,0.8249,0.8249,0.8249,,,,,,,,,,,,,,
1941,0,0.8249,0.8249,0.8249,0.8249,0.8249,0.8249,0.8249,0.8249,0.8249,,,,,,,,,,,,,,
1942,0,0.8249,0.8249,0.8249,0.8249,0.8249,0.8249,0.8249,0.8249,0.8249,,,,,,,,,,,,,,
1943,0,0.8249,0.8249,0.8249,0.8249,0.8249,0.8249,0.8249,0.8249,0.8249,,,,,,,,,,,,,,
1944,0,0.8249,0.8249,0.8249,0.8249,0.8249,0.8249,0.8249,0.8249,0.8249,,,,,,,,,,,,,,
1945,0,0.8249,0.8249,0.8249,0.8249,0.8249,0.8249,0.8249,0.8249,0.8249,,,,,,,,,,,,,,
1946,0,0.8249,0.8249,0.8249,0.8249,0.8249,0.8249,0.8249,0.8249,0.8249,,,,,,,,,,,,,,
1947,0,0.8249,0.8249,0.8249,0.8249,0.8249,0.8249,0.8249,0.8249,0.8249,,,,,,,,,,,,,,
1948,0,0.8249,0.8249,0.8249,0.8249,0.8249,0.8249,0.8249,0.8249,0.8249,,,,,,,,,,,,,,
1949,0,0.8249,0.8249,0.8249,0.8249,0.8249,0.8249,0.8249,0.8249,0.8249,,,,,,,,,,,,,,
1950,0,0.8249,0.8249,0.8249,0.8249,0.8249,0.8249,0.8249,0.8249,0.8249,,,,,,,,,,,,,,
1951,0,0.8249,0.8249,0.8249,0.8249,0.8249,0.8249,0.8249,0.8249,0.8249,,,,,,,,,,,,,,
1952,0,0.8249,0.8249,0.8249,0.8249,0.8249,0.8249,0.8249,0.8249,0.8249,,,,,,,,,,,,,,
1953,0,0.8249,0.8249,0.8249,0.8249,0.8249,0.8249,0.8249,0.8249,0.8249,,,,,,,,,,,,,,
1954,0,0.8249,0.8249,0.8249,0.8249,0.8249,0.8249,0.8249,0.8249,0.8249,,,,,,,,,,,,,,
1955,0,0.8249,0.8249,0.8249,0.8249,0.8249,0.8249,0.8249,0.8249,0.8249,,,,,,,,,,,,,,
1956,0,0.8249,0.8249,0.8249,0.8249,0.8249,0.8249,0.8249,0.8249,0.8249,,,,,,,,,,,,,,
1957,0,0.8249,0.8249,0.8249,0.8249,0.8249,0.8249,0.8249,0.8249,0.8249,,,,,,,,,,,,,,
1958,0,0.8249,0.8249,0.8249,0.8249,0.8249,0.8249,0.8249,0.8249,0.8249,,,,,,,,,,,,,,
1959,0,0.8249,0.8249,0.8249,0.8249,0.8249,0.8249,0.8249,0.8249,0.8249,,,,,,,,,,,,,,
1960,0,0.8249,0.8249,0.8249,0.8249,0.8249,0.8249,0.8249,0.8249,0.8249,,,,,,,,,,,,,,
1961,0,0.8249,0.8249,0.8249,0.8249,0.8249,0.8249,0.8249,0.8249,0.8249,,,,,,,,,,,,,,
1962,0,0.8249,0.8249,0.8249,0.8249,0.8249,0.8249,0.8249,0.8249,0.8249,,,,,,,,,,,,,,
1963,0,0.8249,0.8249,0.8249,0.8249,0.8249,0.8249,0.8249,0.8249,0.8249,,,,,,,,,,,,,,
1964,0,0.8249,0.8249,0.8249,0.8249,0.8249,0.8249,0.8249,0.8249,0.8249,,,,,,,,,,,,,,
1965,0,0.8249,0.8249,0.8249,0.8249,0.8249,0.8249,0.8249,0.8249,0.8249,,,,,,,,,,,,,,
1966,0,0.8249,0.8249,0.8249,0.8249,0.8249,0.8249,0.8249,0.8249,0.8249,,,,,,,,,,,,,,
1967,0,0.8249,0.8249,0.8249,0.8249,0.8249,0.8249,0.8249,0.8249,0.8249,,,,,,,,,,,,,,
1968,0,0.8249,0.8249,0.8249,0.8249,0.8249,0.8249,0.8249,0.8249,0.8249,,,,,,,,,,,,,,
1969,0,0.8249,0.8249,0.8249,0.8249,0.8249,0.8249,0.8249,0.8249,0.8249,,,,,,,,,,,,,,
1970,0,0.8249,0.8249,0.8249,0.8249,0.8249,0.8249,0.8249,0.8249,0.8249,,,,,,,,,,,,,,
1971,0,0.8249,0.8249,0.8249,0.8249,0.8249,0.8249,0.8249,0.8249,0.8249,,,,,,,,,,,,,,
1972,0,0.8249,0.8249,0.8249,0.8249,0.8249,0.8249,0.8249,0.8249,0.8249,,,,,,,,,,,,,,
1973,0,0.8249,0.8249,0.8249,0.8249,0.8249,0.8249,0.8249,0.8249,0.8249,,,,,,,,,,,,,,
1974,0,0.8249,0.8249,0.8249,0.8249,0.8249,0.8249,0.8249,0.8249,0.8249,,,,,,,,,,,,,,
1975,0,0.8249,0.8249,0.8249,0.8249,0.8249,0.8249,0.8249,0.8249,0.8249,,,,,,,,,,,,,,
1976,0,0.8249,0.8249,0.8249,0.8249,0.8249,0.8249,0.8249,0.8249,0.8249,,,,,,,,,,,,,,
1977,0,0.8249,0.8249,0.8249,0.8249,0.8249,0.8249,0.8249,0.8249,0.8249,,,,,,,,,,,,,,
1978,0,0.8249,0.8249,0.8249,0.8249,0.8249,0.8249,0.8249,0.8249,0.8249,,,,,,,,,,,,,,
1979,0,0.8249,0.8249,0.8249,0.8249,0.8249,0.8249,0.8249,0.8249,0.8249,,,,,,,,,,,,,,
1980,0,0.8249,0.8249,0.8249,0.8249,0.8249,0.8249,0.8249,0.8249,0.8249,,,,,,,,,,,,,,
1981,0,0.8249,0.8249,0.8249,0.8249,0.8249,0.8249,0.8249,0.8249,0.8249,,,,,,,,,,,,,,
1982,0,0.8249,0.8249,0.8249,0.8249,0.8249,0.8249,0.8249,0.8249,0.8249,,,,,,,,,,,,,,
1983,0,0.8249,0.8249,0.8249,0.8249,0.8249,0.8249,0.8249,0.8249,0.8249,,,,,,,,,,,,,,
1984,0,0.8249,0.8249,0.8249,0.8249,0.8249,0.8249,0.8249,0.8249,0.8249,,,,,,,,,,,,,,
1985,0,0.8249,0.8249,0.8249,0.8249,0.8249,0.8249,0.8249,0.8249,0.8249,,,,,,,,,,,,,,
1986,0,0.8249,0.8249,0.8249,0.8249,0.8249,0.8249,0.8249,0.8249,0.8249,,,,,,,,,,,,,,
1987,0,0.8249,0.8249,0.8249,0.8249,0.8249,0.8249,0.8249,0.8249,0.8249,,,,,,,,,,,,,,
1988,0,0.8249,0.8249,0.8249,0.8249,0.8249,0.8249,0.8249,0.8249,0.8249,,,,,,,,,,,,,,
1989,0,0.8249,0.8249,0.8249,0.8249,0.8249,0.8249,0.8249,0.8249,0.8249,,,,,,,,,,,,,,
1990,0,0.8249,0.8249,0.8249,0.8249,0.8249,0.8249,0.8249,0.8249,0.8249,,,,,,,,,,,,,,
1991,0,0.8249,0.8249,0.8249,0.8249,0.8249,0.8249,0.8249,0.8249,0.8249,,,,,,,,,,,,,,
1992,0,0.8249,0.8249,0.8249,0.8249,0.8249,0.8249,0.8249,0.8249,0.8249,,,,,,,,,,,,,,
1993,0,0.8249,0.8249,0.8249,0.8249,0.8249,0.8249,0.8249,0.8249,0.8249,,,,,,,,,,,,,,
1994,0,0.8249,0.8249,0.8249,0.8249,0.8249,0.8249,0.8249,0.8249,0.8249,,,,,,,,,,,,,,
1995,0,0.8249,0.8249,0.8249,0.8249,0.8249,0.8249,0.8249,0.8249,0.8249,,,,,,,,,,,,,,
1996,0,0.8249,0.8249,0.8249,0.8249,0.8249,0.8249,0.8249,0.8249,0.8249,,,,,,,,,,,,,,
1997,0,0.8249,0.8249,0.8249,0.8249,0.8249,0.8249,0.8249,0.8249,0.8249,,,,,,,,,,,,,,
1998,0,0.8249,0.8249,0.8249,0.8249,0.8249,0.8249,0.8249,0.8249,0.8249,,,,,,,,,,,,,,
1999,0,0.8249,0.8249,0.8249,0.8249,0.8249,0.8249,0.8249,0.8249,0.8249,,,,,,,,,,,,,,
2000,0,0.8249,0.8249,0.8249,0.8249,0.8249,0.8249,0.8249,0.8249,0.8249,,,,,,,,,,,,,,
2001,0,0.8249,0.8249,0.8249,0.8249,0.8249,0.8249,0.8249,0.8249,0.8249,,,,,,,,,,,,,,
2002,0,0.8249,0.8249,0.8249,0.8249,0.8249,0.8249,0.8249,0.8249,0.8249,,,,,,,,,,,,,,
2003,0,0.8249,0.8249,0.8249,0.8249,0.8249,0.8249,0.8249,0.8249,0.8249,,,,,,,,,,,,,,
2004,0,0.8249,0.8249,0.8249,0.8249,0.8249,0.8249,0.8249,0.8249,0.8249,,,,,,,,,,,,,,
2005,0,0.8249,0.8249,0.8249,0.8249,0.8249,0.8249,0.8249,0.8249,0.8249,,,,,,,,,,,,,,
2006,0,0.8249,0.8249,0.8249,0.8249,0.8249,0.8249,0.8249,0.8249,0.8249,,,,,,,,,,,,,,
2007,0,0.8249,0.8249,0.8249,0.8249,0.8249,0.8249,0.8249,0.8249,0.8249,,,,,,,,,,,,,,
2008,0,0.8249,0.8249,0.8249,0.8249,0.8249,0.8249,0.8249,0.8249,0.8249,,,,,,,,,,,,,,
2009,0,0.8249,0.8249,0.8249,0.8249,0.8249,0.8249,0.8249,0.8249,0.8249,,,,,,,,,,,,,,
2010,0,0.8249,0.8249,0.8249,0.8249,0.8249,0.8249,0.8249,0.8249,0.8249,,,,,,,,,,,,,,
2011,0,0.8249,0.8249,0.8249,0.8249,0.8249,0.8249,0.8249,0.8249,0.8249,,,,,,,,,,,,,,
2012,0,0.8249,0.8249,0.8249,0.8249,0.8249,0.8249,0.8249,0.8249,0.8249,,,,,,,,,,,,,,
2013,0,0.8249,0.8249,0.8249,0.8249,0.8249,0.8249,0.8249,0.8249,0.8249,,,,,,,,,,,,,,
2014,0,0.8249,0.8249,0.8249,0.8249,0.8249,0.8249,0.8249,0.8249,0.8249,,,,,,,,,,,,,,
2015,0,0.8249,0.8249,0.8249,0.8249,0.8249,0.8249,0.8249,0.8249,0.8249,,,,,,,,,,,,,,
2016,0,0.8249,0.8249,0.8249,0.8249,0.8249,0.8249,0.8249,0.8249,0.8249,,,,,,,,,,,,,,
2017,0,0.8249,0.8249,0.8249,0.8249,0.8249,0.8249,0.8249,0.8249,0.8249,,,,,,,,,,,,,,
2018,0,0.8249,0.8249,0.8249,0.8249,0.8249,0.8249,0.8249,0.8249,0.8249,,,,,,,,,,,,,,
2019,0,0.8249,0.8249,0.8249,0.8249,0.8249,0.8249,0.8249,0.8249,0.8249,,,,,,,,,,,,,,
2020,0,0.8249,0.8249,0.8249,0.8249,0.8249,0.8249,0.8249,0.8249,0.8249,,,,,,,,,,,,,,
2021,0,0.8249,0.8249,0.8249,0.8249,0.8249,0.8249,0.8249,0.8249,0.8249,,,,,,,,,,,,,,
2022,0,0.8249,0.8249,0.8249,0.8249,0.8249,0.8249,0.8249,0.8249,0.8249,,,,,,,,,,,,,,
2023,0,0.8249,0.8249,0.8249,0.8249,0.8249,0.8249,0.8249,0.8249,0.8249,,,,,,,,,,,,,,
2024,0,0.8249,0.8249,0.8249,0.8249,0.8249,0.8249,0.8249,0.8249,0.8249,,,,,,,,,,,,,,
2025,0,0.8249,0.8249,0.8249,0.8249,0.8249,0.8249,0.8249,0.8249,0.8249,,,,,,,,,,,,,,
2026,0,0.8249,0.8249,0.8249,0.8249,0.8249,0.8249,0.8249,0.8249,0.8249,,,,,,,,,,,,,,
2027,0,0.8249,0.8249,0.8249,0.8249,0.8249,0.8249,0.8249,0.8249,0.8249,,,,,,,,,,,,,,
2028,0,0.8249,0.8249,0.8249,0.8249,0.8249,0.8249,0.8249,0.8249,0.8249,,,,,,,,,,,,,,
2029,0,0.8249,0.8249,0.8249,0.8249,0.8249,0.8249,0.8249,0.8249,0.8249,,,,,,,,,,,,,,
2030,0,0.8249,0.8249,0.8249,0.8249,0.8249,0.8249,0.8249,0.8249,0.8249,,,,,,,,,,,,,,
2031,0,0.8249,0.8249,0.8249,0.8249,0.8249,0.8249,0.8249,0.8249,0.8249,,,,,,,,,,,,,,
2032,0,0.8249,0.8249,0.8249,0.8249,0.8249,0.8249,0.8249,0.8249,0.8249,,,,,,,,,,,,,,
2033,0,0.8249,0.8249,0.8249,0.8249,0.8249,0.8249,0.8249,0.8249,0.8249,,,,,,,,,,,,,,
2034,0,0.8249,0.8249,0.8249,0.8249,0.8249,0.8249,0.8249,0.8249,0.8249,,,,,,,,,,,,,,
2035,0,0.8249,0.8249,0.8249,0.8249,0.8249,0.8249,0.8249,0.8249,0.8249,,,,,,,,,,,,,,
2036,0,0.8249,0.8249,0.8249,0.8249,0.8249,0.8249,0.8249,0.8249,0.8249,,,,,,,,,,,,,,
2037,0,0.8249,0.8249,0.8249,0.8249,0.8249,0.8249,0.8249,0.8249,0.8249,,,,,,,,,,,,,,
2038,0,0.8249,0.8249,0.8249,0.8249,0.8249,0.8249,0.8249,0.8249,0.8249,,,,,,,,,,,,,,
2039,0,0.8249,0.8249,0.8249,0.8249,0.8249,0.8249,0.8249,0.8249,0.8249,,,,,,,,,,,,,,
2040,0,0.8249,0.8249,0.8249,0.8249,0.8249,0.8249,0.8249,0.8249,0.8249,,,,,,,,,,,,,,
2041,0,0.8249,0.8249,0.8249,0.8249,0.8249,0.8249,0.8249,0.8249,0.8249,,,,,,,,,,,,,,
2042,0,0.8249,0.8249,0.8249,0.8249,0.8249,0.8249,0.8249,0.8249,0.8249,,,,,,,,,,,,,,
2043,0,0.8249,0.8249,0.8249,0.8249,0.8249,0.8249,0.8249,0.8249,0.8249,,,,,,,,,,,,,,
2044,0,0.8249,0.8249,0.8249,0.8249,0.8249,0.8249,0.8249,0.8249,0.8249,,,,,,,,,,,,,,
2045,0,0.8249,0.8249,0.8249,0.8249,0.8249,0.8249,0.8249,0.8249,0.8249,,,,,,,,,,,,,,
2046,0,0.8249,0.8249,0.8249,0.8249,0.8249,0.8249,0.8249,0.8249,0.8249,,,,,,,,,,,,,,
2047,0,0.8249,0.8249,0.8249,0.8249,0.8249,0.8249,0.8249,0.8249,0.8249,,,,,,,,,,,,,,
2048,0,0.8249,0.8249,0.8249,0.8249,0.8249,0.8249,0.8249,0.8249,0.8249,,,,,,,,,,,,,,
2049,0,0.8249,0.8249,0.8249,0.8249,0.8249,0.8249,0.8249,0.8249,0.8249,,,,,,,,,,,,,,
2050,0,0.8249,0.8249,0.8249,0.8249,0.8249,0.8249,0.8249,0.8249,0.8249,,,,,,,,,,,,,,
2051,0,0.8249,0.8249,0.8249,0.8249,0.8249,0.8249,0.8249,0.8249,0.8249,,,,,,,,,,,,,,
2052,0,0.8249,0.8249,0.8249,0.8249,0.8249,0.8249,0.8249,0.8249,0.8249,,,,,,,,,,,,,,
2053,0,0.8249,0.8249,0.8249,0.8249,0.8249,0.8249,0.8249,0.8249,0.8249,,,,,,,,,,,,,,
2054,0,0.8249,0.8249,0.8249,0.8249,0.8249,0.8249,0.8249,0.8249,0.8249,,,,,,,,,,,,,,
2055,0,0.8249,0.8249,0.8249,0.8249,0.8249,0.8249,0.8249,0.8249,0.8249,,,,,,,,,,,,,,
2056,0,0.8249,0.8249,0.8249,0.8249,0.8249,0.8249,0.8249,0.8249,0.8249,,,,,,,,,,,,,,
2057,0,0.8249,0.8249,0.8249,0.8249,0.8249,0.8249,0.8249,0.8249,0.8249,,,,,,,,,,,,,,
2058,0,0.8249,0.8249,0.8249,0.8249,0.8249,0.8249,0.8249,0.8249,0.8249,,,,,,,,,,,,,,
2059,0,0.8249,0.8249,0.8249,0.8249,0.8249,0.8249,0.8249,0.8249,0.8249,,,,,,,,,,,,,,
2060,0,0.8249,0.8249,0.8249,0.8249,0.8249,0.8249,0.8249,0.8249,0.8249,,,,,,,,,,,,,,
2061,0,0.8249,0.8249,0.8249,0.8249,0.8249,0.8249,0.8249,0.8249,0.8249,,,,,,,,,,,,,,
2062,0,0.8249,0.8249,0.8249,0.8249,0.8249,0.8249,0.8249,0.8249,0.8249,,,,,,,,,,,,,,
2063,0,0.8249,0.8249,0.8249,0.8249,0.8249,0.8249,0.8249,0.8249,0.8249,,,,,,,,,,,,,,
2064,0,0.8249,0.8249,0.8249,0.8249,0.8249,0.8249,0.8249,0.8249,0.8249,,,,,,,,,,,,,,
2065,0,0.8249,0.8249,0.8249,0.8249,0.8249,0.8249,0.8249,0.8249,0.8249,,,,,,,,,,,,,,
2066,0,0.8249,0.8249,0.8249,0.8249,0.8249,0.8249,0.8249,0.8249,0.8249,,,,,,,,,,,,,,
2067,0,0.8249,0.8249,0.8249,0.8249,0.8249,0.8249,0.8249,0.8249,0.8249,,,,,,,,,,,,,,
2068,0,0.8249,0.8249,0.8249,0.8249,0.8249,0.8249,0.8249,0.8249,0.8249,,,,,,,,,,,,,,
2069,0,0.8249,0.8249,0.8249,0.8249,0.8249,0.8249,0.8249,0.8249,0.8249,,,,,,,,,,,,,,
2070,0,0.8249,0.8249,0.8249,0.8249,0.8249,0.8249,0.8249,0.8249,0.8249,,,,,,,,,,,,,,
2071,0,0.8249,0.8249,0.8249,0.8249,0.8249,0.8249,0.8249,0.8249,0.8249,,,,,,,,,,,,,,
2072,0,0.8249,0.8249,0.8249,0.8249,0.8249,0.8249,0.8249,0.8249,0.8249,,,,,,,,,,,,,,
2073,0,0.8249,0.8249,0.8249,0.8249,0.8249,0.8249,0.8249,0.8249,0.8249,,,,,,,,,,,,,,
2074,0,0.8249,0.8249,0.8249,0.8249,0.8249,0.8249,0.8249,0.8249,0.8249,,,,,,,,,,,,,,
2075,0,0.8249,0.8249,0.8249,0.8249,0.8249,0.8249,0.8249,0.8249,0.8249,,,,,,,,,,,,,,
2076,0,0.8249,0.8249,0.8249,0.8249,0.8249,0.8249,0.8249,0.8249,0.8249,,,,,,,,,,,,,,
2077,0,0.8249,0.8249,0.8249,0.8249,0.8249,0.8249,0.8249,0.8249,0.8249,,,,,,,,,,,,,,
2078,0,0.8249,0.8249,0.8249,0.8249,0.8249,0.8249,0.8249,0.8249,0.8249,,,,,,,,,,,,,,
2079,0,0.8249,0.8249,0.8249,0.8249,0.8249,0.8249,0.8249,0.8249,0.8249,,,,,,,,,,,,,,
2080,0,0.8249,0.8249,0.8249,0.8249,0.8249,0.8249,0.8249,0.8249,0.8249,,,,,,,,,,,,,,
2081,0,0.8249,0.8249,0.8249,0.8249,0.8249,0.8249,0.8249,0.8249,0.8249,,,,,,,,,,,,,,
2082,0,0.8249,0.8249,0.8249,0.8249,0.8249,0.8249,0.8249,0.8249,0.8249,,,,,,,,,,,,,,
2083,0,0.8249,0.8249,0.8249,0.8249,0.8249,0.8249,0.8249,0.8249,0.8249,,,,,,,,,,,,,,
2084,0,0.8249,0.8249,0.8249,0.8249,0.8249,0.8249,0.8249,0.8249,0.8249,,,,,,,,,,,,,,
2085,0,0.8249,0.8249,0.8249,0.8249,0.8249,0.8249,0.8249,0.8249,0.8249,,,,,,,,,,,,,,
2086,0,0.8249,0.8249,0.8249,0.8249,0.8249,0.8249,0.8249,0.8249,0.8249,,,,,,,,,,,,,,
2087,0,0.8249,0.8249,0.8249,0.8249,0.8249,0.8249,0.8249,0.8249,0.8249,,,,,,,,,,,,,,
2088,0,0.8249,0.8249,0.8249,0.8249,0.8249,0.8249,0.8249,0.8249,0.8249,,,,,,,,,,,,,,
2089,0,0.8249,0.8249,0.8249,0.8249,0.8249,0.8249,0.8249,0.8249,0.8249,,,,,,,,,,,,,,
2090,0,0.8249,0.8249,0.8249,0.8249,0.8249,0.8249,0.8249,0.8249,0.8249,,,,,,,,,,,,,,
2091,0,0.8249,0.8249,0.8249,0.8249,0.8249,0.8249,0.8249,0.8249,0.8249,,,,,,,,,,,,,,
2092,0,0.8249,0.8249,0.8249,0.8249,0.8249,0.8249,0.8249,0.8249,0.8249,,,,,,,,,,,,,,
2093,0,0.8249,0.8249,0.8249,0.8249,0.8249,0.8249,0.8249,0.8249,0.8249,,,,,,,,,,,,,,
2094,0,0.8249,0.8249,0.8249,0.8249,0.8249,0.8249,0.8249,0.8249,0.8249,,,,,,,,,,,,,,
2095,0,0.8249,0.8249,0.8249,0.8249,0.8249,0.8249,0.8249,0.8249,0.8249,,,,,,,,,,,,,,
2096,0,0.8249,0.8249,0.8249,0.8249,0.8249,0.8249,0.8249,0.8249,0.8249,,,,,,,,,,,,,,
2097,0,0.8249,0.8249,0.8249,0.8249,0.8249,0.8249,0.8249,0.8249,0.8249,,,,,,,,,,,,,,
2098,0,0.8249,0.8249,0.8249,0.8249,0.8249,0.8249,0.8249,0.8249,0.8249,,,,,,,,,,,,,,
2099,0,0.8249,0.8249,0.8249,0.8249,0.8249,0.8249,0.8249,0.8249,0.8249,,,,,,,,,,,,,,
2100,0,0.8249,0.8249,0.8249,0.8249,0.8249,0.8249,0.8249,0.8249,0.8249,,,,,,,,,,,,,,
2101,0,0.8249,0.8249,0.8249,0.8249,0.8249,0.8249,0.8249,0.8249,0.8249,,,,,,,,,,,,,,
2102,0,0.8249,0.8249,0.8249,0.8249,0.8249,0.8249,0.8249,0.8249,0.8249,,,,,,,,,,,,,,
2103,0,0.8249,0.8249,0.8249,0.8249,0.8249,0.8249,0.8249,0.8249,0.8249,,,,,,,,,,,,,,
2104,0,0.8249,0.8249,0.8249,0.8249,0.8249,0.8249,0.8249,0.8249,0.8249,,,,,,,,,,,,,,
2105,0,0.8249,0.8249,0.8249,0.8249,0.8249,0.8249,0.8249,0.8249,0.8249,,,,,,,,,,,,,,
2106,0,0.8249,0.8249,0.8249,0.8249,0.8249,0.8249,0.8249,0.8249,0.8249,,,,,,,,,,,,,,
2107,0,0.8249,0.8249,0.8249,0.8249,0.8249,0.8249,0.8249,0.8249,0.8249,,,,,,,,,,,,,,
2108,0,0.8249,0.8249,0.8249,0.8249,0.8249,0.8249,0.8249,0.8249,0.8249,,,,,,,,,,,,,,
2109,0,0.8249,0.8249,0.8249,0.8249,0.8249,0.8249,0.8249,0.8249,0.8249,,,,,,,,,,,,,,
2110,0,0.8249,0.8249,0.8249,0.8249,0.8249,0.8249,0.8249,0.8249,0.8249,,,,,,,,,,,,,,
2111,0,0.8249,0.8249,0.8249,0.8249,0.8249,0.8249,0.8249,0.8249,0.8249,,,,,,,,,,,,,,
2112,0,0.8249,0.8249,0.8249,0.8249,0.8249,0.8249,0.8249,0.8249,0.8249,,,,,,,,,,,,,,
2113,0,0.8249,0.8249,0.8249,0.8249,0.8249,0.8249,0.8249,0.8249,0.8249,,,,,,,,,,,,,,
2114,0,0.8249,0.8249,0.8249,0.8249,0.8249,0.8249,0.8249,0.8249,0.8249,,,,,,,,,,,,,,
2115,0,0.8249,0.8249,0.8249,0.8249,0.8249,0.8249,0.8249,0.8249,0.8249,,,,,,,,,,,,,,
2116,0,0.8249,0.8249,0.8249,0.8249,0.8249,0.8249,0.8249,0.8249,0.8249,,,,,,,,,,,,,,
2117,0,0.8249,0.8249,0.8249,0.8249,0.8249,0.8249,0.8249,0.8249,0.8249,,,,,,,,,,,,,,
2118,0,0.8249,0.8249,0.8249,0.8249,0.8249,0.8249,0.8249,0.8249,0.8249,,,,,,,,,,,,,,
2119,0,0.8249,0.8249,0.8249,0.8249,0.8249,0.8249,0.8249,0.8249,0.8249,,,,,,,,,,,,,,
2120,0,0.8249,0.8249,0.8249,0.8249,0.8249,0.8249,0.8249,0.8249,0.8249,,,,,,,,,,,,,,
2121,0,0.8249,0.8249,0.8249,0.8249,0.8249,0.8249,0.8249,0.8249,0.8249,,,,,,,,,,,,,,
2122,0,0.8249,0.8249,0.8249,0.8249,0.8249,0.8249,0.8249,0.8249,0.8249,,,,,,,,,,,,,,
2123,0,0.8249,0.8249,0.8249,0.8249,0.8249,0.8249,0.8249,0.8249,0.8249,,,,,,,,,,,,,,
2124,0,0.8249,0.8249,0.8249,0.8249,0.8249,0.8249,0.8249,0.8249,0.8249,,,,,,,,,,,,,,
2125,0,0.8249,0.8249,0.8249,0.8249,0.8249,0.8249,0.8249,0.8249,0.8249,,,,,,,,,,,,,,
2126,0,0.8249,0.8249,0.8249,0.8249,0.8249,0.8249,0.8249,0.8249,0.8249,,,,,,,,,,,,,,
2127,0,0.8249,0.8249,0.8249,0.8249,0.8249,0.8249,0.8249,0.8249,0.8249,,,,,,,,,,,,,,
2128,0,0.8249,0.8249,0.8249,0.8249,0.8249,0.8249,0.8249,0.8249,0.8249,,,,,,,,,,,,,,
2129,0,0.8249,0.8249,0.8249,0.8249,0.8249,0.8249,0.8249,0.8249,0.8249,,,,,,,,,,,,,,
2130,0,0.8249,0.8249,0.8249,0.8249,0.8249,0.8249,0.8249,0.8249,0.8249,,,,,,,,,,,,,,
2131,0,0.8249,0.8249,0.8249,0.8249,0.8249,0.8249,0.8249,0.8249,0.8249,,,,,,,,,,,,,,
2132,0,0.8249,0.8249,0.8249,0.8249,0.8249,0.8249,0.8249,0.8249,0.8249,,,,,,,,,,,,,,
2133,0,0.8249,0.8249,0.8249,0.8249,0.8249,0.8249,0.8249,0.8249,0.8249,,,,,,,,,,,,,,
2134,0,0.8249,0.8249,0.8249,0.8249,0.8249,0.8249,0.8249,0.8249,0.8249,,,,,,,,,,,,,,
2135,0,0.8249,0.8249,0.8249,0.8249,0.8249,0.8249,0.8249,0.8249,0.8249,,,,,,,,,,,,,,
2136,0,0.8249,0.8249,0.8249,0.8249,0.8249,0.8249,0.8249,0.8249,0.8249,,,,,,,,,,,,,,
2137,0,0.8249,0.8249,0.8249,0.8249,0.8249,0.8249,0.8249,0.8249,0.8249,,,,,,,,,,,,,,
2138,0,0.8249,0.8249,0.8249,0.8249,0.8249,0.8249,0.8249,0.8249,0.8249,,,,,,,,,,,,,,
2139,0,0.8249,0.8249,0.8249,0.8249,0.8249,0.8249,0.8249,0.8249,0.8249,,,,,,,,,,,,,,
2140,0,0.8249,0.8249,0.8249,0.8249,0.8249,0.8249,0.8249,0.8249,0.8249,,,,,,,,,,,,,,
2141,0,0.8249,0.8249,0.8249,0.8249,0.8249,0.8249,0.8249,0.8249,0.8249,,,,,,,,,,,,,,
2142,0,0.8249,0.8249,0.8249,0.8249,0.8249,0.8249,0.8249,0.8249,0.8249,,,,,,,,,,,,,,
2143,0,0.8249,0.8249,0.8249,0.8249,0.8249,0.8249,0.8249,0.8249,0.8249,,,,,,,,,,,,,,
2144,0,0.8249,0.8249,0.8249,0.8249,0.8249,0.8249,0.8249,0.8249,0.8249,,,,,,,,,,,,,,
2145,0,0.8249,0.8249,0.8249,0.8249,0.8249,0.8249,0.8249,0.8249,0.8249,,,,,,,,,,,,,,
2146,0,0.8249,0.8249,0.8249,0.8249,0.8249,0.8249,0.8249,0.8249,0.8249,,,,,,,,,,,,,,
2147,0,0.8249,0.8249,0.8249,0.8249,0.8249,0.8249,0.8249,0.8249,0.8249,,,,,,,,,,,,,,
2148,0,0.8249,0.8249,0.8249,0.8249,0.8249,0.8249,0.8249,0.8249,0.8249,,,,,,,,,,,,,,
2149,0,0.8249,0.8249,0.8249,0.8249,0.8249,0.8249,0.8249,0.8249,0.8249,,,,,,,,,,,,,,
2150,0,0.8249,0.8249,0.8249,0.8249,0.8249,0.8249,0.8249,0.8249,0.8249,,,,,,,,,,,,,,
2151,0,0.8249,0.8249,0.8249,0.8249,0.8249,0.8249,0.8249,0.8249,0.8249,,,,,,,,,,,,,,
2152,0,0.8249,0.8249,0.8249,0.8249,0.8249,0.8249,0.8249,0.8249,0.8249,,,,,,,,,,,,,,
2153,0,0.8249,0.8249,0.8249,0.8249,0.8249,0.8249,0.8249,0.8249,0.8249,,,,,,,,,,,,,,
2154,0,0.8249,0.8249,0.8249,0.8249,0.8249,0.8249,0.8249,0.8249,0.8249,,,,,,,,,,,,,,
2155,0,0.8249,0.8249,0.8249,0.8249,0.8249,0.8249,0.8249,0.8249,0.8249,,,,,,,,,,,,,,
2156,0,0.8249,0.8249,0.8249,0.8249,0.8249,0.8249,0.8249,0.8249,0.8249,,,,,,,,,,,,,,
2157,0,0.8249,0.8249,0.8249,0.8249,0.8249,0.8249,0.8249,0.8249,0.8249,,,,,,,,,,,,,,
2158,0,0.8249,0.8249,0.8249,0.8249,0.8249,0.8249,0.8249,0.8249,0.8249,,,,,,,,,,,,,,
2159,0,0.8249,0.8249,0.8249,0.8249,0.8249,0.8249,0.8249,0.8249,0.8249,,,,,,,,,,,,,,
2160,0,0.8249,0.8249,0.8249,0.8249,0.8249,0.8249,0.8249,0.8249,0.8249,,,,,,,,,,,,,,
2161,0,0.8249,0.8249,0.8249,0.8249,0.8249,0.8249,0.8249,0.8249,0.8249,,,,,,,,,,,,,,
2162,0,0.8249,0.8249,0.8249,0.8249,0.8249,0.8249,0.8249,0.8249,0.8249,,,,,,,,,,,,,,
2163,0,0.8249,0.8249,0.8249,0.8249,0.8249,0.8249,0.8249,0.8249,0.8249,,,,,,,,,,,,,,
2164,0,0.8249,0.8249,0.8249,0.8249,0.8249,0.8249,0.8249,0.8249,0.8249,,,,,,,,,,,,,,
2165,0,0.8249,0.8249,0.8249,0.8249,0.8249,0.8249,0.8249,0.8249,0.8249,,,,,,,,,,,,,,
2166,0,0.8249,0.8249,0.8249,0.8249,0.8249,0.8249,0.8249,0.8249,0.8249,,,,,,,,,,,,,,
2167,0,0.8249,0.8249,0.8249,0.8249,0.8249,0.8249,0.8249,0.8249,0.8249,,,,,,,,,,,,,,
2168,0,0.8249,0.8249,0.8249,0.8249,0.8249,0.8249,0.8249,0.8249,0.8249,,,,,,,,,,,,,,
2169,0,0.8249,0.8249,0.8249,0.8249,0.8249,0.8249,0.8249,0.8249,0.8249,,,,,,,,,,,,,,
2170,0,0.8249,0.8249,0.8249,0.8249,0.8249,0.8249,0.8249,0.8249,0.8249,,,,,,,,,,,,,,
2171,0,0.8249,0.8249,0.8249,0.8249,0.8249,0.8249,0.8249,0.8249,0.8249,,,,,,,,,,,,,,
2172,0,0.8249,0.8249,0.8249,0.8249,0.8249,0.8249,0.8249,0.8249,0.8249,,,,,,,,,,,,,,
2173,0,0.8249,0.8249,0.8249,0.8249,0.8249,0.8249,0.8249,0.8249,0.8249,,,,,,,,,,,,,,
2174,0,0.8249,0.8249,0.8249,0.8249,0.8249,0.8249,0.8249,0.8249,0.8249,,,,,,,,,,,,,,
2175,0,0.8249,0.8249,0.8249,0.8249,0.8249,0.8249,0.8249,0.8249,0.8249,,,,,,,,,,,,,,
2176,0,0.8249,0.8249,0.8249,0.8249,0.8249,0.8249,0.8249,0.8249,0.8249,,,,,,,,,,,,,,
2177,0,0.8249,0.8249,0.8249,0.8249,0.8249,0.8249,0.8249,0.8249,0.8249,,,,,,,,,,,,,,
2178,0,0.8249,0.8249,0.8249,0.8249,0.8249,0.8249,0.8249,0.8249,0.8249,,,,,,,,,,,,,,
2179,0,0.8249,0.8249,0.8249,0.8249,0.8249,0.8249,0.8249,0.8249,0.8249,,,,,,,,,,,,,,
2180,0,0.8249,0.8249,0.8249,0.8249,0.8249,0.8249,0.8249,0.8249,0.8249,,,,,,,,,,,,,,
2181,0,0.8249,0.8249,0.8249,0.8249,0.8249,0.8249,0.8249,0.8249,0.8249,,,,,,,,,,,,,,
2182,0,0.8249,0.8249,0.8249,0.8249,0.8249,0.8249,0.8249,0.8249,0.8249,,,,,,,,,,,,,,
2183,0,0.8249,0.8249,0.8249,0.8249,0.8249,0.8249,0.8249,0.8249,0.8249,,,,,,,,,,,,,,
2184,0,0.8249,0.8249,0.8249,0.8249,0.8249,0.8249,0.8249,0.8249,0.8249,,,,,,,,,,,,,,
2185,0,0.8249,0.8249,0.8249,0.8249,0.8249,0.8249,0.8249,0.8249,0.8249,,,,,,,,,,,,,,
2186,0,0.8249,0.8249,0.8249,0.8249,0.8249,0.8249,0.8249,0.8249,0.8249,,,,,,,,,,,,,,
2187,0,0.8249,0.8249,0.8249,0.8249,0.8249,0.8249,0.8249,0.8249,0.8249,,,,,,,,,,,,,,
2188,0,0.8249,0.8249,0.8249,0.8249,0.8249,0.8249,0.8249,0.8249,0.8249,,,,,,,,,,,,,,
2189,0,0.8249,0.8249,0.8249,0.8249,0.8249,0.8249,0.8249,0.8249,0.8249,,,,,,,,,,,,,,
2190,0,0.8249,0.8249,0.8249,0.8249,0.8249,0.8249,0.8249,0.8249,0.8249,,,,,,,,,,,,,,
2191,0,0.8249,0.8249,0.8249,0.8249,0.8249,0.8249,0.8249,0.8249,0.8249,,,,,,,,,,,,,,
2192,0,0.8249,0.8249,0.8249,0.8249,0.8249,0.8249,0.8249,0.8249,0.8249,,,,,,,,,,,,,,
2193,0,0.8249,0.8249,0.8249,0.8249,0.8249,0.8249,0.8249,0.8249,0.8249,,,,,,,,,,,,,,
2194,0,0.8249,0.8249,0.8249,0.8249,0.8249,0.8249,0.8249,0.8249,0.8249,,,,,,,,,,,,,,
2195,0,0.8249,0.8249,0.8249,0.8249,0.8249,0.8249,0.8249,0.8249,0.8249,,,,,,,,,,,,,,
2196,0,0.8249,0.8249,0.8249,0.8249,0.8249,0.8249,0.8249,0.8249,0.8249,,,,,,,,,,,,,,
2197,0,0.8249,0.8249,0.8249,0.8249,0.8249,0.8249,0.8249,0.8249,0.8249,,,,,,,,,,,,,,
2198,0,0.8249,0.8249,0.8249,0.8249,0.8249,0.8249,0.8249,0.8249,0.8249,,,,,,,,,,,,,,
2199,0,0.8249,0.8249,0.8249,0.8249,0.8249,0.8249,0.8249,0.8249,0.8249,,,,,,,,,,,,,,
2200,0,0.8249,0.8249,0.8249,0.8249,0.8249,0.8249,0.8249,0.8249,0.8249,,,,,,,,,,,,,,
2201,0,0.8249,0.8249,0.8249,0.8249,0.8249,0.8249,0.8249,0.8249,0.8249,,,,,,,,,,,,,,
2202,0,0.8249,0.8249,0.8249,0.8249,0.8249,0.8249,0.8249,0.8249,0.8249,,,,,,,,,,,,,,
2203,0,0.8249,0.8249,0.8249,0.8249,0.8249,0.8249,0.8249,0.8249,0.8249,,,,,,,,,,,,,,
2204,0,0.8249,0.8249,0.8249,0.8249,0.8249,0.8249,0.8249,0.8249,0.8249,,,,,,,,,,,,,,
2205,0,0.8249,0.8249,0.8249,0.8249,0.8249,0.8249,0.8249,0.8249,0.8249,,,,,,,,,,,,,,
2206,0,0.8249,0.8249,0.8249,0.8249,0.8249,0.8249,0.8249,0.8249,0.8249,,,,,,,,,,,,,,
2207,0,0.8249,0.8249,0.8249,0.8249,0.8249,0.8249,0.8249,0.8249,0.8249,,,,,,,,,,,,,,
2208,0,0.8249,0.8249,0.8249,0.8249,0.8249,0.8249,0.8249,0.8249,0.8249,,,,,,,,,,,,,,
2209,0,0.8249,0.8249,0.8249,0.8249,0.8249,0.8249,0.8249,0.8249,0.8249,,,,,,,,,,,,,,
2210,0,0.8249,0.8249,0.8249,0.8249,0.8249,0.8249,0.8249,0.8249,0.8249,,,,,,,,,,,,,,
2211,0,0.8249,0.8249,0.8249,0.8249,0.8249,0.8249,0.8249,0.8249,0.8249,,,,,,,,,,,,,,
2212,0,0.8249,0.8249,0.8249,0.8249,0.8249,0.8249,0.8249,0.8249,0.8249,,,,,,,,,,,,,,
2213,0,0.8249,0.8249,0.8249,0.8249,0.8249,0.8249,0.8249,0.8249,0.8249,,,,,,,,,,,,,,
2214,0,0.8249,0.8249,0.8249,0.8249,0.8249,0.8249,0.8249,0.8249,0.8249,,,,,,,,,,,,,,
2215,0,0.8249,0.8249,0.8249,0.8249,0.8249,0.8249,0.8249,0.8249,0.8249,,,,,,,,,,,,,,
2216,0,0.8249,0.8249,0.8249,0.8249,0.8249,0.8249,0.8249,0.8249,0.8249,,,,,,,,,,,,,,
2217,0,0.8249,0.8249,0.8249,0.8249,0.8249,0.8249,0.8249,0.8249,0.8249,,,,,,,,,,,,,,
2218,0,0.8249,0.8249,0.8249,0.8249,0.8249,0.8249,0.8249,0.8249,0.8249,,,,,,,,,,,,,,
2219,0,0.8249,0.8249,0.8249,0.8249,0.8249,0.8249,0.8249,0.8249,0.8249,,,,,,,,,,,,,,
2220,0,0.8249,0.8249,0.8249,0.8249,0.8249,0.8249,0.8249,0.8249,0.8249,,,,,,,,,,,,,,
2221,0,0.8249,0.8249,0.8249,0.8249,0.8249,0.8249,0.8249,0.8249,0.8249,,,,,,,,,,,,,,
2222,0,0.8249,0.8249,0.8249,0.8249,0.8249,0.8249,0.8249,0.8249,0.8249,,,,,,,,,,,,,,
2223,0,0.8249,0.8249,0.8249,0.8249,0.8249,0.8249,0.8249,0.8249,0.8249,,,,,,,,,,,,,,
2224,0,0.8249,0.8249,0.8249,0.8249,0.8249,0.8249,0.8249,0.8249,0.8249,,,,,,,,,,,,,,
2225,0,0.8249,0.8249,0.8249,0.8249,0.8249,0.8249,0.8249,0.8249,0.8249,,,,,,,,,,,,,,
2226,0,0.8249,0.8249,0.8249,0.8249,0.8249,0.8249,0.8249,0.8249,0.8249,,,,,,,,,,,,,,
2227,0,0.8249,0.8249,0.8249,0.8249,0.8249,0.8249,0.8249,0.8249,0.8249,,,,,,,,,,,,,,
2228,0,0.8249,0.8249,0.8249,0.8249,0.8249,0.8249,0.8249,0.8249,0.8249,,,,,,,,,,,,,,
2229,0,0.8249,0.8249,0.8249,0.8249,0.8249,0.8249,0.8249,0.8249,0.8249,,,,,,,,,,,,,,
2230,0,0.8249,0.8249,0.8249,0.8249,0.8249,0.8249,0.8249,0.8249,0.8249,,,,,,,,,,,,,,
2231,0,0.8249,0.8249,0.8249,0.8249,0.8249,0.8249,0.8249,0.8249,0.8249,,,,,,,,,,,,,,
2232,0,0.8249,0.8249,0.8249,0.8249,0.8249,0.8249,0.8249,0.8249,0.8249,,,,,,,,,,,,,,
2233,0,0.8249,0.8249,0.8249,0.8249,0.8249,0.8249,0.8249,0.8249,0.8249,,,,,,,,,,,,,,
2234,0,0.8249,0.8249,0.8249,0.8249,0.8249,0.8249,0.8249,0.8249,0.8249,,,,,,,,,,,,,,
2235,0,0.8249,0.8249,0.8249,0.8249,0.8249,0.8249,0.8249,0.8249,0.8249,,,,,,,,,,,,,,
2236,0,0.8249,0.8249,0.8249,0.8249,0.8249,0.8249,0.8249,0.8249,0.8249,,,,,,,,,,,,,,
2237,0,0.8249,0.8249,0.8249,0.8249,0.8249,0.8249,0.8249,0.8249,0.8249,,,,,,,,,,,,,,
2238,0,0.8249,0.8249,0.8249,0.8249,0.8249,0.8249,0.8249,0.8249,0.8249,,,,,,,,,,,,,,
2239,0,0.8249,0.8249,0.8249,0.8249,0.8249,0.8249,0.8249,0.8249,0.8249,,,,,,,,,,,,,,
2240,0,0.8249,0.8249,0.8249,0.8249,0.8249,0.8249,0.8249,0.8249,0.8249,,,,,,,,,,,,,,
2241,0,0.8249,0.8249,0.8249,0.8249,0.8249,0.8249,0.8249,0.8249,0.8249,,,,,,,,,,,,,,
2242,0,0.8249,0.8249,0.8249,0.8249,0.8249,0.8249,0.8249,0.8249,0.8249,,,,,,,,,,,,,,
2243,0,0.8249,0.8249,0.8249,0.8249,0.8249,0.8249,0.8249,0.8249,0.8249,,,,,,,,,,,,,,
2244,0,0.8249,0.8249,0.8249,0.8249,0.8249,0.8249,0.8249,0.8249,0.8249,,,,,,,,,,,,,,
2245,0,0.8249,0.8249,0.8249,0.8249,0.8249,0.8249,0.8249,0.8249,0.8249,,,,,,,,,,,,,,
2246,0,0.8249,0.8249,0.8249,0.8249,0.8249,0.8249,0.8249,0.8249,0.8249,,,,,,,,,,,,,,
2247,0,0.8249,0.8249,0.8249,0.8249,0.8249,0.8249,0.8249,0.8249,0.8249,,,,,,,,,,,,,,
2248,0,0.8249,0.8249,0.8249,0.8249,0.8249,0.8249,0.8249,0.8249,0.8249,,,,,,,,,,,,,,
2249,0,0.8249,0.8249,0.8249,0.8249,0.8249,0.8249,0.8249,0.8249,0.8249,,,,,,,,,,,,,,
2250,0,0.8249,0.8249,0.8249,0.8249,0.8249,0.8249,0.8249,0.8249,0.8249,,,,,,,,,,,,,,
2251,0,0.8249,0.8249,0.8249,0.8249,0.8249,0.8249,0.8249,0.8249,0.8249,,,,,,,,,,,,,,
2252,0,0.8249,0.8249,0.8249,0.8249,0.8249,0.8249,0.8249,0.8249,0.8249,,,,,,,,,,,,,,
2253,0,0.8249,0.8249,0.8249,0.8249,0.8249,0.8249,0.8249,0.8249,0.8249,,,,,,,,,,,,,,
2254,0,0.8249,0.8249,0.8249,0.8249,0.8249,0.8249,0.8249,0.8249,0.8249,,,,,,,,,,,,,,
2255,0,0.8249,0.8249,0.8249,0.8249,0.8249,0.8249,0.8249,0.8249,0.8249,,,,,,,,,,,,,,
2256,0,0.8249,0.8249,0.8249,0.8249,0.8249,0.8249,0.8249,0.8249,0.8249,,,,,,,,,,,,,,
2257,0,0.8249,0.8249,0.8249,0.8249,0.8249,0.8249,0.8249,0.8249,0.8249,,,,,,,,,,,,,,
2258,0,0.8249,0.8249,0.8249,0.8249,0.8249,0.8249,0.8249,0.8249,0.8249,,,,,,,,,,,,,,
2259,0,0.8249,0.8249,0.8249,0.8249,0.8249,0.8249,0.8249,0.8249,0.8249,,,,,,,,,,,,,,
2260,0,0.8249,0.8249,0.8249,0.8249,0.8249,0.8249,0.8249,0.8249,0.8249,,,,,,,,,,,,,,
2261,0,0.8249,0.8249,0.8249,0.8249,0.8249,0.8249,0.8249,0.8249,0.8249,,,,,,,,,,,,,,
2262,0,0.8249,0.8249,0.8249,0.8249,0.8249,0.8249,0.8249,0.8249,0.8249,,,,,,,,,,,,,,
2263,0,0.8249,0.8249,0.8249,0.8249,0.8249,0.8249,0.8249,0.8249,0.8249,,,,,,,,,,,,,,
2264,0,0.8249,0.8249,0.8249,0.8249,0.8249,0.8249,0.8249,0.8249,0.8249,,,,,,,,,,,,,,
2265,0,0.8249,0.8249,0.8249,0.8249,0.8249,0.8249,0.8249,0.8249,0.8249,,,,,,,,,,,,,,
2266,0,0.8249,0.8249,0.8249,0.8249,0.8249,0.8249,0.8249,0.8249,0.8249,,,,,,,,,,,,,,
2267,0,0.8249,0.8249,0.8249,0.8249,0.8249,0.8249,0.8249,0.8249,0.8249,,,,,,,,,,,,,,
2268,0,0.8249,0.8249,0.8249,0.8249,0.8249,0.8249,0.8249,0.8249,0.8249,,,,,,,,,,,,,,
2269,0,0.8249,0.8249,0.8249,0.8249,0.8249,0.8249,0.8249,0.8249,0.8249,,,,,,,,,,,,,,
2270,0,0.8249,0.8249,0.8249,0.8249,0.8249,0.8249,0.8249,0.8249,0.8249,,,,,,,,,,,,,,
2271,0,0.8249,0.8249,0.8249,0.8249,0.8249,0.8249,0.8249,0.8249,0.8249,,,,,,,,,,,,,,
2272,0,0.8249,0.8249,0.8249,0.8249,0.8249,0.8249,0.8249,0.8249,0.8249,,,,,,,,,,,,,,
2273,0,0.8249,0.8249,0.8249,0.8249,0.8249,0.8249,0.8249,0.8249,0.8249,,,,,,,,,,,,,,
2274,0,0.8249,0.8249,0.8249,0.8249,0.8249,0.8249,0.8249,0.8249,0.8249,,,,,,,,,,,,,,
2275,0,0.8249,0.8249,0.8249,0.8249,0.8249,0.8249,0.8249,0.8249,0.8249,,,,,,,,,,,,,,
2276,0,0.8249,0.8249,0.8249,0.8249,0.8249,0.8249,0.8249,0.8249,0.8249,,,,,,,,,,,,,,
2277,0,0.8249,0.8249,0.8249,0.8249,0.8249,0.8249,0.8249,0.8249,0.8249,,,,,,,,,,,,,,
2278,0,0.8249,0.8249,0.8249,0.8249,0.8249,0.8249,0.8249,0.8249,0.8249,,,,,,,,,,,,,,
2279,0,0.8249,0.8249,0.8249,0.8249,0.8249,0.8249,0.8249,0.8249,0.8249,,,,,,,,,,,,,,
2280,0,0.8249,0.8249,0.8249,0.8249,0.8249,0.8249,0.8249,0.8249,0.8249,,,,,,,,,,,,,,
2281,0,0.8249,0.8249,0.8249,0.8249,0.8249,0.8249,0.8249,0.8249,0.8249,,,,,,,,,,,,,,
2282,0,0.8249,0.8249,0.8249,0.8249,0.8249,0.8249,0.8249,0.8249,0.8249,,,,,,,,,,,,,,
2283,0,0.8249,0.8249,0.8249,0.8249,0.8249,0.8249,0.8249,0.8249,0.8249,,,,,,,,,,,,,,
2284,0,0.8249,0.8249,0.8249,0.8249,0.8249,0.8249,0.8249,0.8249,0.8249,,,,,,,,,,,,,,
2285,0,0.8249,0.8249,0.8249,0.8249,0.8249,0.8249,0.8249,0.8249,0.8249,,,,,,,,,,,,,,
2286,0,0.8249,0.8249,0.8249,0.8249,0.8249,0.8249,0.8249,0.8249,0.8249,,,,,,,,,,,,,,
2287,0,0.8249,0.8249,0.8249,0.8249,0.8249,0.8249,0.8249,0.8249,0.8249,,,,,,,,,,,,,,
2288,0,0.8249,0.8249,0.8249,0.8249,0.8249,0.8249,0.8249,0.8249,0.8249,,,,,,,,,,,,,,
2289,0,0.8249,0.8249,0.8249,0.8249,0.8249,0.8249,0.8249,0.8249,0.8249,,,,,,,,,,,,,,
2290,0,0.8249,0.8249,0.8249,0.8249,0.8249,0.8249,0.8249,0.8249,0.8249,,,,,,,,,,,,,,
2291,0,0.8249,0.8249,0.8249,0.8249,0.8249,0.8249,0.8249,0.8249,0.8249,,,,,,,,,,,,,,
2292,0,0.8249,0.8249,0.8249,0.8249,0.8249,0.8249,0.8249,0.8249,0.8249,,,,,,,,,,,,,,
2293,0,0.8249,0.8249,0.8249,0.8249,0.8249,0.8249,0.8249,0.8249,0.8249,,,,,,,,,,,,,,
2294,0,0.8249,0.8249,0.8249,0.8249,0.8249,0.8249,0.8249,0.8249,0.8249,,,,,,,,,,,,,,
2295,0,0.8249,0.8249,0.8249,0.8249,0.8249,0.8249,0.8249,0.8249,0.8249,,,,,,,,,,,,,,
2296,0,0.8249,0.8249,0.8249,0.8249,0.8249,0.8249,0.8249,0.8249,0.8249,,,,,,,,,,,,,,
2297,0,0.8249,0.8249,0.8249,0.8249,0.8249,0.8249,0.8249,0.8249,0.8249,,,,,,,,,,,,,,
2298,0,0.8249,0.8249,0.8249,0.8249,0.8249,0.8249,0.8249,0.8249,0.8249,,,,,,,,,,,,,,
2299,0,0.8249,0.8249,0.8249,0.8249,0.8249,0.8249,0.8249,0.8249,0.8249,,,,,,,,,,,,,,
2300,0,0.8249,0.8249,0.8249,0.8249,0.8249,0.8249,0.8249,0.8249,0.8249,,,,,,,,,,,,,,
2301,0,0.8249,0.8249,0.8249,0.8249,0.8249,0.8249,0.8249,0.8249,0.8249,,,,,,,,,,,,,,
2302,0,0.8249,0.8249,0.8249,0.8249,0.8249,0.8249,0.8249,0.8249,0.8249,,,,,,,,,,,,,,
2303,0,0.8249,0.8249,0.8249,0.8249,0.8249,0.8249,0.8249,0.8249,0.8249,,,,,,,,,,,,,,
2304,0,0.8249,0.8249,0.8249,0.8249,0.8249,0.8249,0.8249,0.8249,0.8249,,,,,,,,,,,,,,
2305,0,0.8249,0.8249,0.8249,0.8249,0.8249,0.8249,0.8249,0.8249,0.8249,,,,,,,,,,,,,,
2306,0,0.8249,0.8249,0.8249,0.8249,0.8249,0.8249,0.8249,0.8249,0.8249,,,,,,,,,,,,,,
2307,0,0.8249,0.8249,0.8249,0.8249,0.8249,0.8249,0.8249,0.8249,0.8249,,,,,,,,,,,,,,
2308,0,0.8249,0.8249,0.8249,0.8249,0.8249,0.8249,0.8249,0.8249,0.8249,,,,,,,,,,,,,,
2309,0,0.8249,0.8249,0.8249,0.8249,0.8249,0.8249,0.8249,0.8249,0.8249,,,,,,,,,,,,,,
2310,0,0.8249,0.8249,0.8249,0.8249,0.8249,0.8249,0.8249,0.8249,0.8249,,,,,,,,,,,,,,
2311,0,0.8249,0.8249,0.8249,0.8249,0.8249,0.8249,0.8249,0.8249,0.8249,,,,,,,,,,,,,,
2312,0,0.8249,0.8249,0.8249,0.8249,0.8249,0.8249,0.8249,0.8249,0.8249,,,,,,,,,,,,,,
2313,0,0.8249,0.8249,0.8249,0.8249,0.8249,0.8249,0.8249,0.8249,0.8249,,,,,,,,,,,,,,
2314,0,0.8249,0.8249,0.8249,0.8249,0.8249,0.8249,0.8249,0.8249,0.8249,,,,,,,,,,,,,,
2315,0,0.8249,0.8249,0.8249,0.8249,0.8249,0.8249,0.8249,0.8249,0.8249,,,,,,,,,,,,,,
2316,0,0.8249,0.8249,0.8249,0.8249,0.8249,0.8249,0.8249,0.8249,0.8249,,,,,,,,,,,,,,
2317,0,0.8249,0.8249,0.8249,0.8249,0.8249,0.8249,0.8249,0.8249,0.8249,,,,,,,,,,,,,,
2318,0,0.8249,0.8249,0.8249,0.8249,0.8249,0.8249,0.8249,0.8249,0.8249,,,,,,,,,,,,,,
2319,0,0.8249,0.8249,0.8249,0.8249,0.8249,0.8249,0.8249,0.8249,0.8249,,,,,,,,,,,,,,
2320,0,0.8249,0.8249,0.8249,0.8249,0.8249,0.8249,0.8249,0.8249,0.8249,,,,,,,,,,,,,,
2321,0,0.8249,0.8249,0.8249,0.8249,0.8249,0.8249,0.8249,0.8249,0.8249,,,,,,,,,,,,,,
2322,0,0.8249,0.8249,0.8249,0.8249,0.8249,0.8249,0.8249,0.8249,0.8249,,,,,,,,,,,,,,
2323,0,0.8249,0.8249,0.8249,0.8249,0.8249,0.8249,0.8249,0.8249,0.8249,,,,,,,,,,,,,,
2324,0,0.8249,0.8249,0.8249,0.8249,0.8249,0.8249,0.8249,0.8249,0.8249,,,,,,,,,,,,,,
2325,0,0.8249,0.8249,0.8249,0.8249,0.8249,0.8249,0.8249,0.8249,0.8249,,,,,,,,,,,,,,
2326,0,0.8249,0.8249,0.8249,0.8249,0.8249,0.8249,0.8249,0.8249,0.8249,,,,,,,,,,,,,,
2327,0,0.8249,0.8249,0.8249,0.8249,0.8249,0.8249,0.8249,0.8249,0.8249,,,,,,,,,,,,,,
2328,0,0.8249,0.8249,0.8249,0.8249,0.8249,0.8249,0.8249,0.8249,0.8249,,,,,,,,,,,,,,
2329,0,0.8249,0.8249,0.8249,0.8249,0.8249,0.8249,0.8249,0.8249,0.8249,,,,,,,,,,,,,,
2330,0,0.8249,0.8249,0.8249,0.8249,0.8249,0.8249,0.8249,0.8249,0.8249,,,,,,,,,,,,,,
2331,0,0.8249,0.8249,0.8249,0.8249,0.8249,0.8249,0.8249,0.8249,0.8249,,,,,,,,,,,,,,
2332,0,0.8249,0.8249,0.8249,0.8249,0.8249,0.8249,0.8249,0.8249,0.8249,,,,,,,,,,,,,,
2333,0,0.8249,0.8249,0.8249,0.8249,0.8249,0.8249,0.8249,0.8249,0.8249,,,,,,,,,,,,,,
2334,0,0.8249,0.8249,0.8249,0.8249,0.8249,0.8249,0.8249,0.8249,0.8249,,,,,,,,,,,,,,
2335,0,0.8249,0.8249,0.8249,0.8249,0.8249,0.8249,0.8249,0.8249,0.8249,,,,,,,,,,,,,,
2336,0,0.8249,0.8249,0.8249,0.8249,0.8249,0.8249,0.8249,0.8249,0.8249,,,,,,,,,,,,,,
2337,0,0.8249,0.8249,0.8249,0.8249,0.8249,0.8249,0.8249,0.8249,0.8249,,,,,,,,,,,,,,
2338,0,0.8249,0.8249,0.8249,0.8249,0.8249,0.8249,0.8249,0.8249,0.8249,,,,,,,,,,,,,,
2339,0,0.8249,0.8249,0.8249,0.8249,0.8249,0.8249,0.8249,0.8249,0.8249,,,,,,,,,,,,,,
2340,0,0.8249,0.8249,0.8249,0.8249,0.8249,0.8249,0.8249,0.8249,0.8249,,,,,,,,,,,,,,
2341,0,0.8249,0.8249,0.8249,0.8249,0.8249,0.8249,0.8249,0.8249,0.8249,,,,,,,,,,,,,,
2342,0,0.8249,0.8249,0.8249,0.8249,0.8249,0.8249,0.8249,0.8249,0.8249,,,,,,,,,,,,,,
2343,0,0.8249,0.8249,0.8249,0.8249,0.8249,0.8249,0.8249,0.8249,0.8249,,,,,,,,,,,,,,
2344,0,0.8249,0.8249,0.8249,0.8249,0.8249,0.8249,0.8249,0.8249,0.8249,,,,,,,,,,,,,,
2345,0,0.8249,0.8249,0.8249,0.8249,0.8249,0.8249,0.8249,0.8249,0.8249,,,,,,,,,,,,,,
2346,0,0.8249,0.8249,0.8249,0.8249,0.8249,0.8249,0.8249,0.8249,0.8249,,,,,,,,,,,,,,
2347,0,0.8249,0.8249,0.8249,0.8249,0.8249,0.8249,0.8249,0.8249,0.8249,,,,,,,,,,,,,,
2348,0,0.8249,0.8249,0.8249,0.8249,0.8249,0.8249,0.8249,0.8249,0.8249,,,,,,,,,,,,,,
2349,0,0.8249,0.8249,0.8249,0.8249,0.8249,0.8249,0.8249,0.8249,0.8249,,,,,,,,,,,,,,
2350,0,0.8249,0.8249,0.8249,0.8249,0.8249,0.8249,0.8249,0.8249,0.8249,,,,,,,,,,,,,,
2351,0,0.8249,0.8249,0.8249,0.8249,0.8249,0.8249,0.8249,0.8249,0.8249,,,,,,,,,,,,,,
2352,0,0.8249,0.8249,0.8249,0.8249,0.8249,0.8249,0.8249,0.8249,0.8249,,,,,,,,,,,,,,
2353,0,0.8249,0.8249,0.8249,0.8249,0.8249,0.8249,0.8249,0.8249,0.8249,,,,,,,,,,,,,,
2354,0,0.8249,0.8249,0.8249,0.8249,0.8249,0.8249,0.8249,0.8249,0.8249,,,,,,,,,,,,,,
2355,0,0.8249,0.8249,0.8249,0.8249,0.8249,0.8249,0.8249,0.8249,0.8249,,,,,,,,,,,,,,
2356,0,0.8249,0.8249,0.8249,0.8249,0.8249,0.8249,0.8249,0.8249,0.8249,,,,,,,,,,,,,,
2357,0,0.8249,0.8249,0.8249,0.8249,0.8249,0.8249,0.8249,0.8249,0.8249,,,,,,,,,,,,,,
2358,0,0.8249,0.8249,0.8249,0.8249,0.8249,0.8249,0.8249,0.8249,0.8249,,,,,,,,,,,,,,
2359,0,0.8249,0.8249,0.8249,0.8249,0.8249,0.8249,0.8249,0.8249,0.8249,,,,,,,,,,,,,,
2360,0,0.8249,0.8249,0.8249,0.8249,0.8249,0.8249,0.8249,0.8249,0.8249,,,,,,,,,,,,,,
2361,0,0.8249,0.8249,0.8249,0.8249,0.8249,0.8249,0.8249,0.8249,0.8249,,,,,,,,,,,,,,
2362,0,0.8249,0.8249,0.8249,0.8249,0.8249,0.8249,0.8249,0.8249,0.8249,,,,,,,,,,,,,,
2363,0,0.8249,0.8249,0.8249,0.8249,0.8249,0.8249,0.8249,0.8249,0.8249,,,,,,,,,,,,,,
2364,0,0.8249,0.8249,0.8249,0.8249,0.8249,0.8249,0.8249,0.8249,0.8249,,,,,,,,,,,,,,
2365,0,0.8249,0.8249,0.8249,0.8249,0.8249,0.8249,0.8249,0.8249,0.8249,,,,,,,,,,,,,,
2366,0,0.8249,0.8249,0.8249,0.8249,0.8249,0.8249,0.8249,0.8249,0.8249,,,,,,,,,,,,,,
2367,0,0.8249,0.8249,0.8249,0.8249,0.8249,0.8249,0.8249,0.8249,0.8249,,,,,,,,,,,,,,
2368,0,0.8249,0.8249,0.8249,0.8249,0.8249,0.8249,0.8249,0.8249,0.8249,,,,,,,,,,,,,,
2369,0,0.8249,0.8249,0.8249,0.8249,0.8249,0.8249,0.8249,0.8249,0.8249,,,,,,,,,,,,,,
2370,0,0.8249,0.8249,0.8249,0.8249,0.8249,0.8249,0.8249,0.8249,0.8249,,,,,,,,,,,,,,
2371,0,0.8249,0.8249,0.8249,0.8249,0.8249,0.8249,0.8249,0.8249,0.8249,,,,,,,,,,,,,,
2372,0,0.8249,0.8249,0.8249,0.8249,0.8249,0.8249,0.8249,0.8249,0.8249,,,,,,,,,,,,,,
2373,0,0.8249,0.8249,0.8249,0.8249,0.8249,0.8249,0.8249,0.8249,0.8249,,,,,,,,,,,,,,
2374,0,0.8249,0.8249,0.8249,0.8249,0.8249,0.8249,0.8249,0.8249,0.8249,,,,,,,,,,,,,,
2375,0,0.8249,0.8249,0.8249,0.8249,0.8249,0.8249,0.8249,0.8249,0.8249,,,,,,,,,,,,,,
2376,0,0.8249,0.8249,0.8249,0.8249,0.8249,0.8249,0.8249,0.8249,0.8249,,,,,,,,,,,,,,
2377,0,0.8249,0.8249,0.8249,0.8249,0.8249,0.8249,0.8249,0.8249,0.8249,,,,,,,,,,,,,,
2378,0,0.8249,0.8249,0.8249,0.8249,0.8249,0.8249,0.8249,0.8249,0.8249,,,,,,,,,,,,,,
2379,0,0.8249,0.8249,0.8249,0.8249,0.8249,0.8249,0.8249,0.8249,0.8249,,,,,,,,,,,,,,
2380,0,0.8249,0.8249,0.8249,0.8249,0.8249,0.8249,0.8249,0.8249,0.8249,,,,,,,,,,,,,,
2381,0,0.8249,0.8249,0.8249,0.8249,0.8249,0.8249,0.8249,0.8249,0.8249,,,,,,,,,,,,,,
2382,0,0.8249,0.8249,0.8249,0.8249,0.8249,0.8249,0.8249,0.8249,0.8249,,,,,,,,,,,,,,
2383,0,0.8249,0.8249,0.8249,0.8249,0.8249,0.8249,0.8249,0.8249,0.8249,,,,,,,,,,,,,,
2384,0,0.8249,0.8249,0.8249,0.8249,0.8249,0.8249,0.8249,0.8249,0.8249,,,,,,,,,,,,,,
2385,0,0.8249,0.8249,0.8249,0.8249,0.8249,0.8249,0.8249,0.8249,0.8249,,,,,,,,,,,,,,
2386,0,0.8249,0.8249,0.8249,0.8249,0.8249,0.8249,0.8249,0.8249,0.8249,,,,,,,,,,,,,,
2387,0,0.8249,0.8249,0.8249,0.8249,0.8249,0.8249,0.8249,0.8249,0.8249,,,,,,,,,,,,,,
2388,0,0.8249,0.8249,0.8249,0.8249,0.8249,0.8249,0.8249,0.8249,0.8249,,,,,,,,,,,,,,
2389,0,0.8249,0.8249,0.8249,0.8249,0.8249,0.8249,0.8249,0.8249,0.8249,,,,,,,,,,,,,,
2390,0,0.8249,0.8249,0.8249,0.8249,0.8249,0.8249,0.8249,0.8249,0.8249,,,,,,,,,,,,,,
2391,0,0.8249,0.8249,0.8249,0.8249,0.8249,0.8249,0.8249,0.8249,0.8249,,,,,,,,,,,,,,
2392,0,0.8249,0.8249,0.8249,0.8249,0.8249,0.8249,0.8249,0.8249,0.8249,,,,,,,,,,,,,,
2393,0,0.8249,0.8249,0.8249,0.8249,0.8249,0.8249,0.8249,0.8249,0.8249,,,,,,,,,,,,,,
2394,0,0.8249,0.8249,0.8249,0.8249,0.8249,0.8249,0.8249,0.8249,0.8249,,,,,,,,,,,,,,
2395,0,0.8249,0.8249,0.8249,0.8249,0.8249,0.8249,0.8249,0.8249,0.8249,,,,,,,,,,,,,,
2396,0,0.8249,0.8249,0.8249,0.8249,0.8249,0.8249,0.8249,0.8249,0.8249,,,,,,,,,,,,,,
2397,0,0.8249,0.8249,0.8249,0.8249,0.8249,0.8249,0.8249,0.8249,0.8249,,,,,,,,,,,,,,
2398,0,0.8249,0.8249,0.8249,0.8249,0.8249,0.8249,0.8249,0.8249,0.8249,,,,,,,,,,,,,,
2399,0,0.8249,0.8249,0.8249,0.8249,0.8249,0.8249,0.8249,0.8249,0.8249,,,,,,,,,,,,,,
2400,0,0.8249,0.8249,0.8249,0.8249,0.8249,0.8249,0.8249,0.8249,0.8249,,,,,,,,,,,,,,
2401,0,0.8249,0.8249,0.8249,0.8249,0.8249,0.8249,0.8249,0.8249,0.8249,,,,,,,,,,,,,,
2402,0,0.8249,0.8249,0.8249,0.8249,0.8249,0.8249,0.8249,0.8249,0.8249,,,,,,,,,,,,,,
2403,0,0.8249,0.8249,0.8249,0.8249,0.8249,0.8249,0.8249,0.8249,0.8249,,,,,,,,,,,,,,
2404,0,0.8249,0.8249,0.8249,0.8249,0.8249,0.8249,0.8249,0.8249,0.8249,,,,,,,,,,,,,,
2405,0,0.8249,0.8249,0.8249,0.8249,0.8249,0.8249,0.8249,0.8249,0.8249,,,,,,,,,,,,,,
2406,0,0.8249,0.8249,0.8249,0.8249,0.8249,0.8249,0.8249,0.8249,0.8249,,,,,,,,,,,,,,
2407,0,0.8249,0.8249,0.8249,0.8249,0.8249,0.8249,0.8249,0.8249,0.8249,,,,,,,,,,,,,,
2408,0,0.8249,0.8249,0.8249,0.8249,0.8249,0.8249,0.8249,0.8249,0.8249,,,,,,,,,,,,,,
2409,0,0.8249,0.8249,0.8249,0.8249,0.8249,0.8249,0.8249,0.8249,0.8249,,,,,,,,,,,,,,
2410,0,0.8249,0.8249,0.8249,0.8249,0.8249,0.8249,0.8249,0.8249,0.8249,,,,,,,,,,,,,,
2411,0,0.8249,0.8249,0.8249,0.8249,0.8249,0.8249,0.8249,0.8249,0.8249,,,,,,,,,,,,,,
2412,0,0.8249,0.8249,0.8249,0.8249,0.8249,0.8249,0.8249,0.8249,0.8249,,,,,,,,,,,,,,
2413,0,0.8249,0.8249,0.8249,0.8249,0.8249,0.8249,0.8249,0.8249,0.8249,,,,,,,,,,,,,,
2414,0,0.8249,0.8249,0.8249,0.8249,0.8249,0.8249,0.8249,0.8249,0.8249,,,,,,,,,,,,,,
2415,0,0.8249,0.8249,0.8249,0.8249,0.8249,0.8249,0.8249,0.8249,0.8249,,,,,,,,,,,,,,
2416,0,0.8249,0.8249,0.8249,0.8249,0.8249,0.8249,0.8249,0.8249,0.8249,,,,,,,,,,,,,,
2417,0,0.8249,0.8249,0.8249,0.8249,0.8249,0.8249,0.8249,0.8249,0.8249,,,,,,,,,,,,,,
2418,0,0.8249,0.8249,0.8249,0.8249,0.8249,0.8249,0.8249,0.8249,0.8249,,,,,,,,,,,,,,
2419,0,0.8249,0.8249,0.8249,0.8249,0.8249,0.8249,0.8249,0.8249,0.8249,,,,,,,,,,,,,,
2420,0,0.8249,0.8249,0.8249,0.8249,0.8249,0.8249,0.8249,0.8249,0.8249,,,,,,,,,,,,,,
2421,0,0.8249,0.8249,0.8249,0.8249,0.8249,0.8249,0.8249,0.8249,0.8249,,,,,,,,,,,,,,
2422,0,0.8249,0.8249,0.8249,0.8249,0.8249,0.8249,0.8249,0.8249,0.8249,,,,,,,,,,,,,,
2423,0,0.8249,0.8249,0.8249,0.8249,0.8249,0.8249,0.8249,0.8249,0.8249,,,,,,,,,,,,,,
2424,0,0.8249,0.8249,0.8249,0.8249,0.8249,0.8249,0.8249,0.8249,0.8249,,,,,,,,,,,,,,
2425,0,0.8249,0.8249,0.8249,0.8249,0.8249,0.8249,0.8249,0.8249,0.8249,,,,,,,,,,,,,,
2426,0,0.8249,0.8249,0.8249,0.8249,0.8249,0.8249,0.8249,0.8249,0.8249,,,,,,,,,,,,,,
2427,0,0.8249,0.8249,0.8249,0.8249,0.8249,0.8249,0.8249,0.8249,0.8249,,,,,,,,,,,,,,
2428,0,0.8249,0.8249,0.8249,0.8249,0.8249,0.8249,0.8249,0.8249,0.8249,,,,,,,,,,,,,,
2429,0,0.8249,0.8249,0.8249,0.8249,0.8249,0.8249,0.8249,0.8249,0.8249,,,,,,,,,,,,,,
2430,0,0.8249,0.8249,0.8249,0.8249,0.8249,0.8249,0.8249,0.8249,0.8249,,,,,,,,,,,,,,
2431,0,0.8249,0.8249,0.8249,0.8249,0.8249,0.8249,0.8249,0.8249,0.8249,,,,,,,,,,,,,,
2432,0,0.8249,0.8249,0.8249,0.8249,0.8249,0.8249,0.8249,0.8249,0.8249,,,,,,,,,,,,,,
2433,0,0.8249,0.8249,0.8249,0.8249,0.8249,0.8249,0.8249,0.8249,0.8249,,,,,,,,,,,,,,
2434,0,0.8249,0.8249,0.8249,0.8249,0.8249,0.8249,0.8249,0.8249,0.8249,,,,,,,,,,,,,,
2435,0,0.8249,0.8249,0.8249,0.8249,0.8249,0.8249,0.8249,0.8249,0.8249,,,,,,,,,,,,,,
2436,0,0.8249,0.8249,0.8249,0.8249,0.8249,0.8249,0.8249,0.8249,0.8249,,,,,,,,,,,,,,
2437,0,0.8249,0.8249,0.8249,0.8249,0.8249,0.8249,0.8249,0.8249,0.8249,,,,,,,,,,,,,,
2438,0,0.8249,0.8249,0.8249,0.8249,0.8249,0.8249,0.8249,0.8249,0.8249,,,,,,,,,,,,,,
2439,0,0.8249,0.8249,0.8249,0.8249,0.8249,0.8249,0.8249,0.8249,0.8249,,,,,,,,,,,,,,
2440,0,0.8249,0.8249,0.8249,0.8249,0.8249,0.8249,0.8249,0.8249,0.8249,,,,,,,,,,,,,,
2441,0,0.8249,0.8249,0.8249,0.8249,0.8249,0.8249,0.8249,0.8249,0.8249,,,,,,,,,,,,,,
2442,0,0.8249,0.8249,0.8249,0.8249,0.8249,0.8249,0.8249,0.8249,0.8249,,,,,,,,,,,,,,
2443,0,0.8249,0.8249,0.8249,0.8249,0.8249,0.8249,0.8249,0.8249,0.8249,,,,,,,,,,,,,,
2444,0,0.8249,0.8249,0.8249,0.8249,0.8249,0.8249,0.8249,0.8249,0.8249,,,,,,,,,,,,,,
2445,0,0.8249,0.8249,0.8249,0.8249,0.8249,0.8249,0.8249,0.8249,0.8249,,,,,,,,,,,,,,
2446,0,0.8249,0.8249,0.8249,0.8249,0.8249,0.8249,0.8249,0.8249,0.8249,,,,,,,,,,,,,,
2447,0,0.8249,0.8249,0.8249,0.8249,0.8249,0.8249,0.8249,0.8249,0.8249,,,,,,,,,,,,,,
2448,0,0.8249,0.8249,0.8249,0.8249,0.8249,0.8249,0.8249,0.8249,0.8249,,,,,,,,,,,,,,
2449,0,0.8249,0.8249,0.8249,0.8249,0.8249,0.8249,0.8249,0.8249,0.8249,,,,,,,,,,,,,,
2450,0,0.8249,0.8249,0.8249,0.8249,0.8249,0.8249,0.8249,0.8249,0.8249,,,,,,,,,,,,,,
2451,0,0.8249,0.8249,0.8249,0.8249,0.8249,0.8249,0.8249,0.8249,0.8249,,,,,,,,,,,,,,
2452,0,0.8249,0.8249,0.8249,0.8249,0.8249,0.8249,0.8249,0.8249,0.8249,,,,,,,,,,,,,,
2453,0,0.8249,0.8249,0.8249,0.8249,0.8249,0.8249,0.8249,0.8249,0.8249,,,,,,,,,,,,,,
2454,0,0.8249,0.8249,0.8249,0.8249,0.8249,0.8249,0.8249,0.8249,0.8249,,,,,,,,,,,,,,
2455,0,0.8249,0.8249,0.8249,0.8249,0.8249,0.8249,0.8249,0.8249,0.8249,,,,,,,,,,,,,,
2456,0,0.8249,0.8249,0.8249,0.8249,0.8249,0.8249,0.8249,0.8249,0.8249,,,,,,,,,,,,,,
2457,0,0.8249,0.8249,0.8249,0.8249,0.8249,0.8249,0.8249,0.8249,0.8249,,,,,,,,,,,,,,
2458,0,0.8249,0.8249,0.8249,0.8249,0.8249,0.8249,0.8249,0.8249,0.8249,,,,,,,,,,,,,,
2459,0,0.8249,0.8249,0.8249,0.8249,0.8249,0.8249,0.8249,0.8249,0.8249,,,,,,,,,,,,,,
2460,0,0.8249,0.8249,0.8249,0.8249,0.8249,0.8249,0.8249,0.8249,0.8249,,,,,,,,,,,,,,
2461,0,0.8249,0.8249,0.8249,0.8249,0.8249,0.8249,0.8249,0.8249,0.8249,,,,,,,,,,,,,,
2462,0,0.8249,0.8249,0.8249,0.8249,0.8249,0.8249,0.8249,0.8249,0.8249,,,,,,,,,,,,,,
2463,0,0.8249,0.8249,0.8249,0.8249,0.8249,0.8249,0.8249,0.8249,0.8249,,,,,,,,,,,,,,
2464,0,0.8249,0.8249,0.8249,0.8249,0.8249,0.8249,0.8249,0.8249,0.8249,,,,,,,,,,,,,,
2465,0,0.8249,0.8249,0.8249,0.8249,0.8249,0.8249,0.8249,0.8249,0.8249,,,,,,,,,,,,,,
2466,0,0.8249,0.8249,0.8249,0.8249,0.8249,0.8249,0.8249,0.8249,0.8249,,,,,,,,,,,,,,
2467,0,0.8249,0.8249,0.8249,0.8249,0.8249,0.8249,0.8249,0.8249,0.8249,,,,,,,,,,,,,,
2468,0,0.8249,0.8249,0.8249,0.8249,0.8249,0.8249,0.8249,0.8249,0.8249,,,,,,,,,,,,,,
2469,0,0.8249,0.8249,0.8249,0.8249,0.8249,0.8249,0.8249,0.8249,0.8249,,,,,,,,,,,,,,
2470,0,0.8249,0.8249,0.8249,0.8249,0.8249,0.8249,0.8249,0.8249,0.8249,,,,,,,,,,,,,,
2471,0,0.8249,0.8249,0.8249,0.8249,0.8249,0.8249,0.8249,0.8249,0.8249,,,,,,,,,,,,,,
2472,0,0.8249,0.8249,0.8249,0.8249,0.8249,0.8249,0.8249,0.8249,0.8249,,,,,,,,,,,,,,
2473,0,0.8249,0.8249,0.8249,0.8249,0.8249,0.8249,0.8249,0.8249,0.8249,,,,,,,,,,,,,,
2474,0,0.8249,0.8249,0.8249,0.8249,0.8249,0.8249,0.8249,0.8249,0.8249,,,,,,,,,,,,,,
2475,0,0.8249,0.8249,0.8249,0.8249,0.8249,0.8249,0.8249,0.8249,0.8249,,,,,,,,,,,,,,
2476,0,0.8249,0.8249,0.8249,0.8249,0.8249,0.8249,0.8249,0.8249,0.8249,,,,,,,,,,,,,,
2477,0,0.8249,0.8249,0.8249,0.8249,0.8249,0.8249,0.8249,0.8249,0.8249,,,,,,,,,,,,,,
2478,0,0.8249,0.8249,0.8249,0.8249,0.8249,0.8249,0.8249,0.8249,0.8249,,,,,,,,,,,,,,
2479,0,0.8249,0.8249,0.8249,0.8249,0.8249,0.8249,0.8249,0.8249,0.8249,,,,,,,,,,,,,,
2480,0,0.8249,0.8249,0.8249,0.8249,0.8249,0.8249,0.8249,0.8249,0.8249,,,,,,,,,,,,,,
2481,0,0.8249,0.8249,0.8249,0.8249,0.8249,0.8249,0.8249,0.8249,0.8249,,,,,,,,,,,,,,
2482,0,0.8249,0.8249,0.8249,0.8249,0.8249,0.8249,0.8249,0.8249,0.8249,,,,,,,,,,,,,,
2483,0,0.8249,0.8249,0.8249,0.8249,0.8249,0.8249,0.8249,0.8249,0.8249,,,,,,,,,,,,,,
2484,0,0.8249,0.8249,0.8249,0.8249,0.8249,0.8249,0.8249,0.8249,0.8249,,,,,,,,,,,,,,
2485,0,0.8249,0.8249,0.8249,0.8249,0.8249,0.8249,0.8249,0.8249,0.8249,,,,,,,,,,,,,,
2486,0,0.8249,0.8249,0.8249,0.8249,0.8249,0.8249,0.8249,0.8249,0.8249,,,,,,,,,,,,,,
2487,0,0.8249,0.8249,0.8249,0.8249,0.8249,0.8249,0.8249,0.8249,0.8249,,,,,,,,,,,,,,
2488,0,0.8249,0.8249,0.8249,0.8249,0.8249,0.8249,0.8249,0.8249,0.8249,,,,,,,,,,,,,,
2489,0,0.8249,0.8249,0.8249,0.8249,0.8249,0.8249,0.8249,0.8249,0.8249,,,,,,,,,,,,,,
2490,0,0.8249,0.8249,0.8249,0.8249,0.8249,0.8249,0.8249,0.8249,0.8249,,,,,,,,,,,,,,
2491,0,0.8249,0.8249,0.8249,0.8249,0.8249,0.8249,0.8249,0.8249,0.8249,,,,,,,,,,,,,,
2492,0,0.8249,0.8249,0.8249,0.8249,0.8249,0.8249,0.8249,0.8249,0.8249,,,,,,,,,,,,,,
2493,0,0.8249,0.8249,0.8249,0.8249,0.8249,0.8249,0.8249,0.8249,0.8249,,,,,,,,,,,,,,
2494,0,0.8249,0.8249,0.8249,0.8249,0.8249,0.8249,0.8249,0.8249,0.8249,,,,,,,,,,,,,,
2495,0,0.8249,0.8249,0.8249,0.8249,0.8249,0.8249,0.8249,0.8249,0.8249,,,,,,,,,,,,,,
2496,0,0.8249,0.8249,0.8249,0.8249,0.8249,0.8249,0.8249,0.8249,0.8249,,,,,,,,,,,,,,
2497,0,0.8249,0.8249,0.8249,0.8249,0.8249,0.8249,0.8249,0.8249,0.8249,,,,,,,,,,,,,,
2498,0,0.8249,0.8249,0.8249,0.8249,0.8249,0.8249,0.8249,0.8249,0.8249,,,,,,,,,,,,,,
2499,0,0.8249,0.8249,0.8249,0.8249,0.8249,0.8249,0.8249,0.8249,0.8249,,,,,,,,,,,,,,
2500,0,0.8249,0.8249,0.8249,0.8249,0.8249,0.8249,0.8249,0.8249,0.8249,,,,,,,,,,,,,,
2501,0,0.8249,0.8249,0.8249,0.8249,0.8249,0.8249,0.8249,0.8249,0.8249,,,,,,,,,,,,,,
2502,0,0.8249,0.8249,0.8249,0.8249,0.8249,0.8249,0.8249,0.8249,0.8249,,,,,,,,,,,,,,
2503,0,0.8249,0.8249,0.8249,0.8249,0.8249,0.8249,0.8249,0.8249,0.8249,,,,,,,,,,,,,,
2504,0,0.8249,0.8249,0.8249,0.8249,0.8249,0.8249,0.8249,0.8249,0.8249,,,,,,,,,,,,,,
2505,0,0.8249,0.8249,0.8249,0.8249,0.8249,0.8249,0.8249,0.8249,0.8249,,,,,,,,,,,,,,
2506,0,0.8249,0.8249,0.8249,0.8249,0.8249,0.8249,0.8249,0.8249,0.8249,,,,,,,,,,,,,,
2507,0,0.8249,0.8249,0.8249,0.8249,0.8249,0.8249,0.8249,0.8249,0.8249,,,,,,,,,,,,,,
2508,0,0.8249,0.8249,0.8249,0.8249,0.8249,0.8249,0.8249,0.8249,0.8249,,,,,,,,,,,,,,
2509,0,0.8249,0.8249,0.8249,0.8249,0.8249,0.8249,0.8249,0.8249,0.8249,,,,,,,,,,,,,,
2510,0,0.8249,0.8249,0.8249,0.8249,0.8249,0.8249,0.8249,0.8249,0.8249,,,,,,,,,,,,,,
2511,0,0.8249,0.8249,0.8249,0.8249,0.8249,0.8249,0.8249,0.8249,0.8249,,,,,,,,,,,,,,
2512,0,0.8249,0.8249,0.8249,0.8249,0.8249,0.8249,0.8249,0.8249,0.8249,,,,,,,,,,,,,,
2513,0,0.8249,0.8249,0.8249,0.8249,0.8249,0.8249,0.8249,0.8249,0.8249,,,,,,,,,,,,,,
2514,0,0.8249,0.8249,0.8249,0.8249,0.8249,0.8249,0.8249,0.8249,0.8249,,,,,,,,,,,,,,
2515,0,0.8249,0.8249,0.8249,0.8249,0.8249,0.8249,0.8249,0.8249,0.8249,,,,,,,,,,,,,,
2516,0,0.8249,0.8249,0.8249,0.8249,0.8249,0.8249,0.8249,0.8249,0.8249,,,,,,,,,,,,,,
2517,0,0.8249,0.8249,0.8249,0.8249,0.8249,0.8249,0.8249,0.8249,0.8249,,,,,,,,,,,,,,
2518,0,0.8249,0.8249,0.8249,0.8249,0.8249,0.8249,0.8249,0.8249,0.8249,,,,,,,,,,,,,,
2519,0,0.8249,0.8249,0.8249,0.8249,0.8249,0.8249,0.8249,0.8249,0.8249,,,,,,,,,,,,,,
2520,0,0.8249,0.8249,0.8249,0.8249,0.8249,0.8249,0.8249,0.8249,0.8249,,,,,,,,,,,,,,
2521,0,0.8249,0.8249,0.8249,0.8249,0.8249,0.8249,0.8249,0.8249,0.8249,,,,,,,,,,,,,,
2522,0,0.8249,0.8249,0.8249,0.8249,0.8249,0.8249,0.8249,0.8249,0.8249,,,,,,,,,,,,,,
2523,0,0.8249,0.8249,0.8249,0.8249,0.8249,0.8249,0.8249,0.8249,0.8249,,,,,,,,,,,,,,
2524,0,0.8249,0.8249,0.8249,0.8249,0.8249,0.8249,0.8249,0.8249,0.8249,,,,,,,,,,,,,,
2525,0,0.8249,0.8249,0.8249,0.8249,0.8249,0.8249,0.8249,0.8249,0.8249,,,,,,,,,,,,,,
2526,0,0.8249,0.8249,0.8249,0.8249,0.8249,0.8249,0.8249,0.8249,0.8249,,,,,,,,,,,,,,
2527,0,0.8249,0.8249,0.8249,0.8249,0.8249,0.8249,0.8249,0.8249,0.8249,,,,,,,,,,,,,,
2528,0,0.8249,0.8249,0.8249,0.8249,0.8249,0.8249,0.8249,0.8249,0.8249,,,,,,,,,,,,,,
2529,0,0.8249,0.8249,0.8249,0.8249,0.8249,0.8249,0.8249,0.8249,0.8249,,,,,,,,,,,,,,
2530,0,0.8249,0.8249,0.8249,0.8249,0.8249,0.8249,0.8249,0.8249,0.8249,,,,,,,,,,,,,,
2531,0,0.8249,0.8249,0.8249,0.8249,0.8249,0.8249,0.8249,0.8249,0.8249,,,,,,,,,,,,,,
2532,0,0.8249,0.8249,0.8249,0.8249,0.8249,0.8249,0.8249,0.8249,0.8249,,,,,,,,,,,,,,
2533,0,0.8249,0.8249,0.8249,0.8249,0.8249,0.8249,0.8249,0.8249,0.8249,,,,,,,,,,,,,,
2534,0,0.8249,0.8249,0.8249,0.8249,0.8249,0.8249,0.8249,0.8249,0.8249,,,,,,,,,,,,,,
2535,0,0.8249,0.8249,0.8249,0.8249,0.8249,0.8249,0.8249,0.8249,0.8249,,,,,,,,,,,,,,
2536,0,0.8249,0.8249,0.8249,0.8249,0.8249,0.8249,0.8249,0.8249,0.8249,,,,,,,,,,,,,,
2537,0,0.8249,0.8249,0.8249,0.8249,0.8249,0.8249,0.8249,0.8249,0.8249,,,,,,,,,,,,,,
2538,0,0.8249,0.8249,0.8249,0.8249,0.8249,0.8249,0.8249,0.8249,0.8249,,,,,,,,,,,,,,
2539,0,0.8249,0.8249,0.8249,0.8249,0.8249,0.8249,0.8249,0.8249,0.8249,,,,,,,,,,,,,,
2540,0,0.8249,0.8249,0.8249,0.8249,0.8249,0.8249,0.8249,0.8249,0.8249,,,,,,,,,,,,,,
2541,0,0.8249,0.8249,0.8249,0.8249,0.8249,0.8249,0.8249,0.8249,0.8249,,,,,,,,,,,,,,
2542,0,0.8249,0.8249,0.8249,0.8249,0.8249,0.8249,0.8249,0.8249,0.8249,,,,,,,,,,,,,,
2543,0,0.8249,0.8249,0.8249,0.8249,0.8249,0.8249,0.8249,0.8249,0.8249,,,,,,,,,,,,,,
2544,0,0.8249,0.8249,0.8249,0.8249,0.8249,0.8249,0.8249,0.8249,0.8249,,,,,,,,,,,,,,
2545,0,0.8249,0.8249,0.8249,0.8249,0.8249,0.8249,0.8249,0.8249,0.8249,,,,,,,,,,,,,,
2546,0,0.8249,0.8249,0.8249,0.8249,0.8249,0.8249,0.8249,0.8249,0.8249,,,,,,,,,,,,,,
2547,0,0.8249,0.8249,0.8249,0.8249,0.8249,0.8249,0.8249,0.8249,0.8249,,,,,,,,,,,,,,
2548,0,0.8249,0.8249,0.8249,0.8249,0.8249,0.8249,0.8249,0.8249,0.8249,,,,,,,,,,,,,,
2549,0,0.8249,0.8249,0.8249,0.8249,0.8249,0.8249,0.8249,0.8249,0.8249,,,,,,,,,,,,,,
2550,0,0.8249,0.8249,0.8249,0.8249,0.8249,0.8249,0.8249,0.8249,0.8249,,,,,,,,,,,,,,
2551,0,0.8249,0.8249,0.8249,0.8249,0.8249,0.8249,0.8249,0.8249,0.8249,,,,,,,,,,,,,,
2552,0,0.8249,0.8249,0.8249,0.8249,0.8249,0.8249,0.8249,0.8249,0.8249,,,,,,,,,,,,,,
2553,0,0.8249,0.8249,0.8249,0.8249,0.8249,0.8249,0.8249,0.8249,0.8249,,,,,,,,,,,,,,
2554,0,0.8249,0.8249,0.8249,0.8249,0.8249,0.8249,0.8249,0.8249,0.8249,,,,,,,,,,,,,,
2555,0,0.8249,0.8249,0.8249,0.8249,0.8249,0.8249,0.8249,0.8249,0.8249,,,,,,,,,,,,,,
2556,0,0.8249,0.8249,0.8249,0.8249,0.8249,0.8249,0.8249,0.8249,0.8249,,,,,,,,,,,,,,
2557,0,0.8249,0.8249,0.8249,0.8249,0.8249,0.8249,0.8249,0.8249,0.8249,,,,,,,,,,,,,,
2558,0,0.8249,0.8249,0.8249,0.8249,0.8249,0.8249,0.8249,0.8249,0.8249,,,,,,,,,,,,,,
2559,0,0.8249,0.8249,0.8249,0.8249,0.8249,0.8249,0.8249,0.8249,0.8249,,,,,,,,,,,,,,
2560,0,0.8249,0.8249,0.8249,0.8249,0.8249,0.8249,0.8249,0.8249,0.8249,,,,,,,,,,,,,,
2561,0,0.8249,0.8249,0.8249,0.8249,0.8249,0.8249,0.8249,0.8249,0.8249,,,,,,,,,,,,,,
2562,0,0.8249,0.8249,0.8249,0.8249,0.8249,0.8249,0.8249,0.8249,0.8249,,,,,,,,,,,,,,
2563,0,0.8249,0.8249,0.8249,0.8249,0.8249,0.8249,0.8249,0.8249,0.8249,,,,,,,,,,,,,,
2564,0,0.8249,0.8249,0.8249,0.8249,0.8249,0.8249,0.8249,0.8249,0.8249,,,,,,,,,,,,,,
2565,0,0.8249,0.8249,0.8249,0.8249,0.8249,0.8249,0.8249,0.8249,0.8249,,,,,,,,,,,,,,
2566,0,0.8249,0.8249,0.8249,0.8249,0.8249,0.8249,0.8249,0.8249,0.8249,,,,,,,,,,,,,,
2567,0,0.8249,0.8249,0.8249,0.8249,0.8249,0.8249,0.8249,0.8249,0.8249,,,,,,,,,,,,,,
2568,0,0.8249,0.8249,0.8249,0.8249,0.8249,0.8249,0.8249,0.8249,0.8249,,,,,,,,,,,,,,
2569,0,0.8249,0.8249,0.8249,0.8249,0.8249,0.8249,0.8249,0.8249,0.8249,,,,,,,,,,,,,,
2570,0,0.8249,0.8249,0.8249,0.8249,0.8249,0.8249,0.8249,0.8249,0.8249,,,,,,,,,,,,,,
2571,0,0.8249,0.8249,0.8249,0.8249,0.8249,0.8249,0.8249,0.8249,0.8249,,,,,,,,,,,,,,
2572,0,0.8249,0.8249,0.8249,0.8249,0.8249,0.8249,0.8249,0.8249,0.8249,,,,,,,,,,,,,,
2573,0,0.8249,0.8249,0.8249,0.8249,0.8249,0.8249,0.8249,0.8249,0.8249,,,,,,,,,,,,,,
2574,0,0.8249,0.8249,0.8249,0.8249,0.8249,0.8249,0.8249,0.8249,0.8249,,,,,,,,,,,,,,
2575,0,0.8249,0.8249,0.8249,0.8249,0.8249,0.8249,0.8249,0.8249,0.8249,,,,,,,,,,,,,,
2576,0,0.8249,0.8249,0.8249,0.8249,0.8249,0.8249,0.8249,0.8249,0.8249,,,,,,,,,,,,,,
2577,0,0.8249,0.8249,0.8249,0.8249,0.8249,0.8249,0.8249,0.8249,0.8249,,,,,,,,,,,,,,
2578,0,0.8249,0.8249,0.8249,0.8249,0.8249,0.8249,0.8249,0.8249,0.8249,,,,,,,,,,,,,,
2579,0,0.8249,0.8249,0.8249,0.8249,0.8249,0.8249,0.8249,0.8249,0.8249,,,,,,,,,,,,,,
2580,0,0.8249,0.8249,0.8249,0.8249,0.8249,0.8249,0.8249,0.8249,0.8249,,,,,,,,,,,,,,
2581,0,0.8249,0.8249,0.8249,0.8249,0.8249,0.8249,0.8249,0.8249,0.8249,,,,,,,,,,,,,,
2582,0,0.8249,0.8249,0.8249,0.8249,0.8249,0.8249,0.8249,0.8249,0.8249,,,,,,,,,,,,,,
2583,0,0.8249,0.8249,0.8249,0.8249,0.8249,0.8249,0.8249,0.8249,0.8249,,,,,,,,,,,,,,
2584,0,0.8249,0.8249,0.8249,0.8249,0.8249,0.8249,0.8249,0.8249,0.8249,,,,,,,,,,,,,,
2585,0,0.8249,0.8249,0.8249,0.8249,0.8249,0.8249,0.8249,0.8249,0.8249,,,,,,,,,,,,,,
2586,0,0.8249,0.8249,0.8249,0.8249,0.8249,0.8249,0.8249,0.8249,0.8249,,,,,,,,,,,,,,
2587,0,0.8249,0.8249,0.8249,0.8249,0.8249,0.8249,0.8249,0.8249,0.8249,,,,,,,,,,,,,,
2588,0,0.8249,0.8249,0.8249,0.8249,0.8249,0.8249,0.8249,0.8249,0.8249,,,,,,,,,,,,,,
2589,0,0.8249,0.8249,0.8249,0.8249,0.8249,0.8249,0.8249,0.8249,0.8249,,,,,,,,,,,,,,
2590,0,0.8249,0.8249,0.8249,0.8249,0.8249,0.8249,0.8249,0.8249,0.8249,,,,,,,,,,,,,,
2591,0,0.8249,0.8249,0.8249,0.8249,0.8249,0.8249,0.8249,0.8249,0.8249,,,,,,,,,,,,,,
2592,0,0.8249,0.8249,0.8249,0.8249,0.8249,0.8249,0.8249,0.8249,0.8249,,,,,,,,,,,,,,
2593,0,0.8249,0.8249,0.8249,0.8249,0.8249,0.8249,0.8249,0.8249,0.8249,,,,,,,,,,,,,,
2594,0,0.8249,0.8249,0.8249,0.8249,0.8249,0.8249,0.8249,0.8249,0.8249,,,,,,,,,,,,,,
2595,0,0.8249,0.8249,0.8249,0.8249,0.8249,0.8249,0.8249,0.8249,0.8249,,,,,,,,,,,,,,
2596,0,0.8249,0.8249,0.8249,0.8249,0.8249,0.8249,0.8249,0.8249,0.8249,,,,,,,,,,,,,,
2597,0,0.8249,0.8249,0.8249,0.8249,0.8249,0.8249,0.8249,0.8249,0.8249,,,,,,,,,,,,,,
2598,0,0.8249,0.8249,0.8249,0.8249,0.8249,0.8249,0.8249,0.8249,0.8249,,,,,,,,,,,,,,
2599,0,0.8249,0.8249,0.8249,0.8249,0.8249,0.8249,0.8249,0.8249,0.8249,,,,,,,,,,,,,,
2600,0,0.8249,0.8249,0.8249,0.8249,0.8249,0.8249,0.8249,0.8249,0.8249,,,,,,,,,,,,,,
2601,0,0.8249,0.8249,0.8249,0.8249,0.8249,0.8249,0.8249,0.8249,0.8249,,,,,,,,,,,,,,
2602,0,0.8249,0.8249,0.8249,0.8249,0.8249,0.8249,0.8249,0.8249,0.8249,,,,,,,,,,,,,,
2603,0,0.8249,0.8249,0.8249,0.8249,0.8249,0.8249,0.8249,0.8249,0.8249,,,,,,,,,,,,,,
2604,0,0.8249,0.8249,0.8249,0.8249,0.8249,0.8249,0.8249,0.8249,0.8249,,,,,,,,,,,,,,
2605,0,0.8249,0.8249,0.8249,0.8249,0.8249,0.8249,0.8249,0.8249,0.8249,,,,,,,,,,,,,,
2606,0,0.8249,0.8249,0.8249,0.8249,0.8249,0.8249,0.8249,0.8249,0.8249,,,,,,,,,,,,,,
2607,0,0.8249,0.8249,0.8249,0.8249,0.8249,0.8249,0.8249,0.8249,0.8249,,,,,,,,,,,,,,
2608,0,0.8249,0.8249,0.8249,0.8249,0.8249,0.8249,0.8249,0.8249,0.8249,,,,,,,,,,,,,,
2609,0,0.8249,0.8249,0.8249,0.8249,0.8249,0.8249,0.8249,0.8249,0.8249,,,,,,,,,,,,,,
2610,0,0.8249,0.8249,0.8249,0.8249,0.8249,0.8249,0.8249,0.8249,0.8249,,,,,,,,,,,,,,
2611,0,0.8249,0.8249,0.8249,0.8249,0.8249,0.8249,0.8249,0.8249,0.8249,,,,,,,,,,,,,,
2612,0,0.8249,0.8249,0.8249,0.8249,0.8249,0.8249,0.8249,0.8249,0.8249,,,,,,,,,,,,,,
2613,0,0.8249,0.8249,0.8249,0.8249,0.8249,0.8249,0.8249,0.8249,0.8249,,,,,,,,,,,,,,
2614,0,0.8249,0.8249,0.8249,0.8249,0.8249,0.8249,0.8249,0.8249,0.8249,,,,,,,,,,,,,,
2615,0,0.8249,0.8249,0.8249,0.8249,0.8249,0.8249,0.8249,0.8249,0.8249,,,,,,,,,,,,,,
2616,0,0.8249,0.8249,0.8249,0.8249,0.8249,0.8249,0.8249,0.8249,0.8249,,,,,,,,,,,,,,
2617,0,0.8249,0.8249,0.8249,0.8249,0.8249,0.8249,0.8249,0.8249,0.8249,,,,,,,,,,,,,,
2618,0,0.8249,0.8249,0.8249,0.8249,0.8249,0.8249,0.8249,0.8249,0.8249,,,,,,,,,,,,,,
2619,0,0.8249,0.8249,0.8249,0.8249,0.8249,0.8249,0.8249,0.8249,0.8249,,,,,,,,,,,,,,
2620,0,0.8249,0.8249,0.8249,0.8249,0.8249,0.8249,0.8249,0.8249,0.8249,,,,,,,,,,,,,,
2621,0,0.8249,0.8249,0.8249,0.8249,0.8249,0.8249,0.8249,0.8249,0.8249,,,,,,,,,,,,,,
2622,0,0.8249,0.8249,0.8249,0.8249,0.8249,0.8249,0.8249,0.8249,0.8249,,,,,,,,,,,,,,
2623,0,0.8249,0.8249,0.8249,0.8249,0.8249,0.8249,0.8249,0.8249,0.8249,,,,,,,,,,,,,,
2624,0,0.8249,0.8249,0.8249,0.8249,0.8249,0.8249,0.8249,0.8249,0.8249,,,,,,,,,,,,,,
2625,0,0.8249,0.8249,0.8249,0.8249,0.8249,0.8249,0.8249,0.8249,0.8249,,,,,,,,,,,,,,
2626,0,0.8249,0.8249,0.8249,0.8249,0.8249,0.8249,0.8249,0.8249,0.8249,,,,,,,,,,,,,,
2627,0,0.8249,0.8249,0.8249,0.8249,0.8249,0.8249,0.8249,0.8249,0.8249,,,,,,,,,,,,,,
2628,0,0.8249,0.8249,0.8249,0.8249,0.8249,0.8249,0.8249,0.8249,0.8249,,,,,,,,,,,,,,
2629,0,0.8249,0.8249,0.8249,0.8249,0.8249,0.8249,0.8249,0.8249,0.8249,,,,,,,,,,,,,,
2630,0,0.8249,0.8249,0.8249,0.8249,0.8249,0.8249,0.8249,0.8249,0.8249,,,,,,,,,,,,,,
2631,0,0.8249,0.8249,0.8249,0.8249,0.8249,0.8249,0.8249,0.8249,0.8249,,,,,,,,,,,,,,
2632,0,0.8249,0.8249,0.8249,0.8249,0.8249,0.8249,0.8249,0.8249,0.8249,,,,,,,,,,,,,,
2633,0,0.8249,0.8249,0.8249,0.8249,0.8249,0.8249,0.8249,0.8249,0.8249,,,,,,,,,,,,,,
2634,0,0.8249,0.8249,0.8249,0.8249,0.8249,0.8249,0.8249,0.8249,0.8249,,,,,,,,,,,,,,
2635,0,0.8249,0.8249,0.8249,0.8249,0.8249,0.8249,0.8249,0.8249,0.8249,,,,,,,,,,,,,,
2636,0,0.8249,0.8249,0.8249,0.8249,0.8249,0.8249,0.8249,0.8249,0.8249,,,,,,,,,,,,,,
2637,0,0.8249,0.8249,0.8249,0.8249,0.8249,0.8249,0.8249,0.8249,0.8249,,,,,,,,,,,,,,
2638,0,0.8249,0.8249,0.8249,0.8249,0.8249,0.8249,0.8249,0.8249,0.8249,,,,,,,,,,,,,,
2639,0,0.8249,0.8249,0.8249,0.8249,0.8249,0.8249,0.8249,0.8249,0.8249,,,,,,,,,,,,,,
2640,0,0.8249,0.8249,0.8249,0.8249,0.8249,0.8249,0.8249,0.8249,0.8249,,,,,,,,,,,,,,
2641,0,0.8249,0.8249,0.8249,0.8249,0.8249,0.8249,0.8249,0.8249,0.8249,,,,,,,,,,,,,,
2642,0,0.8249,0.8249,0.8249,0.8249,0.8249,0.8249,0.8249,0.8249,0.8249,,,,,,,,,,,,,,
2643,0,0.8249,0.8249,0.8249,0.8249,0.8249,0.8249,0.8249,0.8249,0.8249,,,,,,,,,,,,,,
2644,0,0.8249,0.8249,0.8249,0.8249,0.8249,0.8249,0.8249,0.8249,0.8249,,,,,,,,,,,,,,
2645,0,0.8249,0.8249,0.8249,0.8249,0.8249,0.8249,0.8249,0.8249,0.8249,,,,,,,,,,,,,,
2646,0,0.8249,0.8249,0.8249,0.8249,0.8249,0.8249,0.8249,0.8249,0.8249,,,,,,,,,,,,,,
2647,0,0.8249,0.8249,0.8249,0.8249,0.8249,0.8249,0.8249,0.8249,0.8249,,,,,,,,,,,,,,
2648,0,0.8249,0.8249,0.8249,0.8249,0.8249,0.8249,0.8249,0.8249,0.8249,,,,,,,,,,,,,,
2649,0,0.8249,0.8249,0.8249,0.8249,0.8249,0.8249,0.8249,0.8249,0.8249,,,,,,,,,,,,,,
2650,0,0.8249,0.8249,0.8249,0.8249,0.8249,0.8249,0.8249,0.8249,0.8249,,,,,,,,,,,,,,
2651,0,0.8249,0.8249,0.8249,0.8249,0.8249,0.8249,0.8249,0.8249,0.8249,,,,,,,,,,,,,,
2652,0,0.8249,0.8249,0.8249,0.8249,0.8249,0.8249,0.8249,0.8249,0.8249,,,,,,,,,,,,,,
2653,0,0.8249,0.8249,0.8249,0.8249,0.8249,0.8249,0.8249,0.8249,0.8249,,,,,,,,,,,,,,
2654,0,0.8249,0.8249,0.8249,0.8249,0.8249,0.8249,0.8249,0.8249,0.8249,,,,,,,,,,,,,,
2655,0,0.8249,0.8249,0.8249,0.8249,0.8249,0.8249,0.8249,0.8249,0.8249,,,,,,,,,,,,,,
2656,0,0.8249,0.8249,0.8249,0.8249,0.8249,0.8249,0.8249,0.8249,0.8249,,,,,,,,,,,,,,
2657,0,0.8249,0.8249,0.8249,0.8249,0.8249,0.8249,0.8249,0.8249,0.8249,,,,,,,,,,,,,,
2658,0,0.8249,0.8249,0.8249,0.8249,0.8249,0.8249,0.8249,0.8249,0.8249,,,,,,,,,,,,,,
2659,0,0.8249,0.8249,0.8249,0.8249,0.8249,0.8249,0.8249,0.8249,0.8249,,,,,,,,,,,,,,
2660,0,0.8249,0.8249,0.8249,0.8249,0.8249,0.8249,0.8249,0.8249,0.8249,,,,,,,,,,,,,,
2661,0,0.8249,0.8249,0.8249,0.8249,0.8249,0.8249,0.8249,0.8249,0.8249,,,,,,,,,,,,,,
2662,0,0.8249,0.8249,0.8249,0.8249,0.8249,0.8249,0.8249,0.8249,0.8249,,,,,,,,,,,,,,
2663,0,0.8249,0.8249,0.8249,0.8249,0.8249,0.8249,0.8249,0.8249,0.8249,,,,,,,,,,,,,,
2664,0,0.8249,0.8249,0.8249,0.8249,0.8249,0.8249,0.8249,0.8249,0.8249,,,,,,,,,,,,,,
2665,0,0.8249,0.8249,0.8249,0.8249,0.8249,0.8249,0.8249,0.8249,0.8249,,,,,,,,,,,,,,
2666,0,0.8249,0.8249,0.8249,0.8249,0.8249,0.8249,0.8249,0.8249,0.8249,,,,,,,,,,,,,,
2667,0,0.8249,0.8249,0.8249,0.8249,0.8249,0.8249,0.8249,0.8249,0.8249,,,,,,,,,,,,,,
2668,0,0.8249,0.8249,0.8249,0.8249,0.8249,0.8249,0.8249,0.8249,0.8249,,,,,,,,,,,,,,
2669,0,0.8249,0.8249,0.8249,0.8249,0.8249,0.8249,0.8249,0.8249,0.8249,,,,,,,,,,,,,,
2670,0,0.8249,0.8249,0.8249,0.8249,0.8249,0.8249,0.8249,0.8249,0.8249,,,,,,,,,,,,,,
2671,0,0.8249,0.8249,0.8249,0.8249,0.8249,0.8249,0.8249,0.8249,0.8249,,,,,,,,,,,,,,
2672,0,0.8249,0.8249,0.8249,0.8249,0.8249,0.8249,0.8249,0.8249,0.8249,,,,,,,,,,,,,,
2673,0,0.8249,0.8249,0.8249,0.8249,0.8249,0.8249,0.8249,0.8249,0.8249,,,,,,,,,,,,,,
2674,0,0.8249,0.8249,0.8249,0.8249,0.8249,0.8249,0.8249,0.8249,0.8249,,,,,,,,,,,,,,
2675,0,0.8249,0.8249,0.8249,0.8249,0.8249,0.8249,0.8249,0.8249,0.8249,,,,,,,,,,,,,,
2676,0,0.8249,0.8249,0.8249,0.8249,0.8249,0.8249,0.8249,0.8249,0.8249,,,,,,,,,,,,,,
2677,0,0.8249,0.8249,0.8249,0.8249,0.8249,0.8249,0.8249,0.8249,0.8249,,,,,,,,,,,,,,
2678,0,0.8249,0.8249,0.8249,0.8249,0.8249,0.8249,0.8249,0.8249,0.8249,,,,,,,,,,,,,,
2679,0,0.8249,0.8249,0.8249,0.8249,0.8249,0.8249,0.8249,0.8249,0.8249,,,,,,,,,,,,,,
2680,0,0.8249,0.8249,0.8249,0.8249,0.8249,0.8249,0.8249,0.8249,0.8249,,,,,,,,,,,,,,
2681,0,0.8249,0.8249,0.8249,0.8249,0.8249,0.8249,0.8249,0.8249,0.8249,,,,,,,,,,,,,,
2682,0,0.8249,0.8249,0.8249,0.8249,0.8249,0.8249,0.8249,0.8249,0.8249,,,,,,,,,,,,,,
2683,0,0.8249,0.8249,0.8249,0.8249,0.8249,0.8249,0.8249,0.8249,0.8249,,,,,,,,,,,,,,
2684,0,0.8249,0.8249,0.8249,0.8249,0.8249,0.8249,0.8249,0.8249,0.8249,,,,,,,,,,,,,,
2685,0,0.8249,0.8249,0.8249,0.8249,0.8249,0.8249,0.8249,0.8249,0.8249,,,,,,,,,,,,,,
2686,0,0.8249,0.8249,0.8249,0.8249,0.8249,0.8249,0.8249,0.8249,0.8249,,,,,,,,,,,,,,
2687,0,0.8249,0.8249,0.8249,0.8249,0.8249,0.8249,0.8249,0.8249,0.8249,,,,,,,,,,,,,,
2688,0,0.8249,0.8249,0.8249,0.8249,0.8249,0.8249,0.8249,0.8249,0.8249,,,,,,,,,,,,,,
2689,0,0.8249,0.8249,0.8249,0.8249,0.8249,0.8249,0.8249,0.8249,0.8249,,,,,,,,,,,,,,
2690,0,0.8249,0.8249,0.8249,0.8249,0.8249,0.8249,0.8249,0.8249,0.8249,,,,,,,,,,,,,,
2691,0,0.8249,0.8249,0.8249,0.8249,0.8249,0.8249,0.8249,0.8249,0.8249,,,,,,,,,,,,,,
2692,0,0.8249,0.8249,0.8249,0.8249,0.8249,0.8249,0.8249,0.8249,0.8249,,,,,,,,,,,,,,
2693,0,0.8249,0.8249,0.8249,0.8249,0.8249,0.8249,0.8249,0.8249,0.8249,,,,,,,,,,,,,,
2694,0,0.8249,0.8249,0.8249,0.8249,0.8249,0.8249,0.8249,0.8249,0.8249,,,,,,,,,,,,,,
2695,0,0.8249,0.8249,0.8249,0.8249,0.8249,0.8249,0.8249,0.8249,0.8249,,,,,,,,,,,,,,
2696,0,0.8249,0.8249,0.8249,0.8249,0.8249,0.8249,0.8249,0.8249,0.8249,,,,,,,,,,,,,,
2697,0,0.8249,0.8249,0.8249,0.8249,0.8249,0.8249,0.8249,0.8249,0.8249,,,,,,,,,,,,,,
2698,0,0.8249,0.8249,0.8249,0.8249,0.8249,0.8249,0.8249,0.8249,0.8249,,,,,,,,,,,,,,
2699,0,0.8249,0.8249,0.8249,0.8249,0.8249,0.8249,0.8249,0.8249,0.8249,,,,,,,,,,,,,,
2700,0,0.8249,0.8249,0.8249,0.8249,0.8249,0.8249,0.8249,0.8249,0.8249,,,,,,,,,,,,,,
2701,0,0.8249,0.8249,0.8249,0.8249,0.8249,0.8249,0.8249,0.8249,0.8249,,,,,,,,,,,,,,
2702,0,0.8249,0.8249,0.8249,0.8249,0.8249,0.8249,0.8249,0.8249,0.8249,,,,,,,,,,,,,,
2703,0,0.8249,0.8249,0.8249,0.8249,0.8249,0.8249,0.8249,0.8249,0.8249,,,,,,,,,,,,,,
2704,0,0.8249,0.8249,0.8249,0.8249,0.8249,0.8249,0.8249,0.8249,0.8249,,,,,,,,,,,,,,
2705,0,0.8249,0.8249,0.8249,0.8249,0.8249,0.8249,0.8249,0.8249,0.8249,,,,,,,,,,,,,,
2706,0,0.8249,0.8249,0.8249,0.8249,0.8249,0.8249,0.8249,0.8249,0.8249,,,,,,,,,,,,,,
2707,0,0.8249,0.8249,0.8249,0.8249,0.8249,0.8249,0.8249,0.8249,0.8249,,,,,,,,,,,,,,
2708,0,0.8249,0.8249,0.8249,0.8249,0.8249,0.8249,0.8249,0.8249,0.8249,,,,,,,,,,,,,,
2709,0,0.8249,0.8249,0.8249,0.8249,0.8249,0.8249,0.8249,0.8249,0.8249,,,,,,,,,,,,,,
2710,0,0.8249,0.8249,0.8249,0.8249,0.8249,0.8249,0.8249,0.8249,0.8249,,,,,,,,,,,,,,
2711,0,0.8249,0.8249,0.8249,0.8249,0.8249,0.8249,0.8249,0.8249,0.8249,,,,,,,,,,,,,,
2712,0,0.8249,0.8249,0.8249,0.8249,0.8249,0.8249,0.8249,0.8249,0.8249,,,,,,,,,,,,,,
2713,0,0.8249,0.8249,0.8249,0.8249,0.8249,0.8249,0.8249,0.8249,0.8249,,,,,,,,,,,,,,
2714,0,0.8249,0.8249,0.8249,0.8249,0.8249,0.8249,0.8249,0.8249,0.8249,,,,,,,,,,,,,,
2715,0,0.8249,0.8249,0.8249,0.8249,0.8249,0.8249,0.8249,0.8249,0.8249,,,,,,,,,,,,,,
2716,0,0.8249,0.8249,0.8249,0.8249,0.8249,0.8249,0.8249,0.8249,0.8249,,,,,,,,,,,,,,
2717,0,0.8249,0.8249,0.8249,0.8249,0.8249,0.8249,0.8249,0.8249,0.8249,,,,,,,,,,,,,,
2718,0,0.8249,0.8249,0.8249,0.8249,0.8249,0.8249,0.8249,0.8249,0.8249,,,,,,,,,,,,,,
2719,0,0.8249,0.8249,0.8249,0.8249,0.8249,0.8249,0.8249,0.8249,0.8249,,,,,,,,,,,,,,
2720,0,0.8249,0.8249,0.8249,0.8249,0.8249,0.8249,0.8249,0.8249,0.8249,,,,,,,,,,,,,,
2721,0,0.8249,0.8249,0.8249,0.8249,0.8249,0.8249,0.8249,0.8249,0.8249,,,,,,,,,,,,,,
2722,0,0.8249,0.8249,0.8249,0.8249,0.8249,0.8249,0.8249,0.8249,0.8249,,,,,,,,,,,,,,
2723,0,0.8249,0.8249,0.8249,0.8249,0.8249,0.8249,0.8249,0.8249,0.8249,,,,,,,,,,,,,,
2724,0,0.8249,0.8249,0.8249,0.8249,0.8249,0.8249,0.8249,0.8249,0.8249,,,,,,,,,,,,,,
2725,0,0.8249,0.8249,0.8249,0.8249,0.8249,0.8249,0.8249,0.8249,0.8249,,,,,,,,,,,,,,
2726,0,0.8249,0.8249,0.8249,0.8249,0.8249,0.8249,0.8249,0.8249,0.8249,,,,,,,,,,,,,,
2727,0,0.8249,0.8249,0.8249,0.8249,0.8249,0.8249,0.8249,0.8249,0.8249,,,,,,,,,,,,,,
2728,0,0.8249,0.8249,0.8249,0.8249,0.8249,0.8249,0.8249,0.8249,0.8249,,,,,,,,,,,,,,
2729,0,0.8249,0.8249,0.8249,0.8249,0.8249,0.8249,0.8249,0.8249,0.8249,,,,,,,,,,,,,,
2730,0,0.8249,0.8249,0.8249,0.8249,0.8249,0.8249,0.8249,0.8249,0.8249,,,,,,,,,,,,,,
2731,0,0.8249,0.8249,0.8249,0.8249,0.8249,0.8249,0.8249,0.8249,0.8249,,,,,,,,,,,,,,
2732,0,0.8249,0.8249,0.8249,0.8249,0.8249,0.8249,0.8249,0.8249,0.8249,,,,,,,,,,,,,,
2733,0,0.8249,0.8249,0.8249,0.8249,0.8249,0.8249,0.8249,0.8249,0.8249,,,,,,,,,,,,,,
2734,0,0.8249,0.8249,0.8249,0.8249,0.8249,0.8249,0.8249,0.8249,0.8249,,,,,,,,,,,,,,
2735,0,0.8249,0.8249,0.8249,0.8249,0.8249,0.8249,0.8249,0.8249,0.8249,,,,,,,,,,,,,,
2736,0,0.8249,0.8249,0.8249,0.8249,0.8249,0.8249,0.8249,0.8249,0.8249,,,,,,,,,,,,,,
2737,0,0.8249,0.8249,0.8249,0.8249,0.8249,0.8249,0.8249,0.8249,0.8249,,,,,,,,,,,,,,
2738,0,0.8249,0.8249,0.8249,0.8249,0.8249,0.8249,0.8249,0.8249,0.8249,,,,,,,,,,,,,,
2739,0,0.8249,0.8249,0.8249,0.8249,0.8249,0.8249,0.8249,0.8249,0.8249,,,,,,,,,,,,,,
2740,0,0.8249,0.8249,0.8249,0.8249,0.8249,0.8249,0.8249,0.8249,0.8249,,,,,,,,,,,,,,
2741,0,0.8249,0.8249,0.8249,0.8249,0.8249,0.8249,0.8249,0.8249,0.8249,,,,,,,,,,,,,,
2742,0,0.8249,0.8249,0.8249,0.8249,0.8249,0.8249,0.8249,0.8249,0.8249,,,,,,,,,,,,,,
2743,0,0.8249,0.8249,0.8249,0.8249,0.8249,0.8249,0.8249,0.8249,0.8249,,,,,,,,,,,,,,
2744,0,0.8249,0.8249,0.8249,0.8249,0.8249,0.8249,0.8249,0.8249,0.8249,,,,,,,,,,,,,,
2745,0,0.8249,0.8249,0.8249,0.8249,0.8249,0.8249,0.8249,0.8249,0.8249,,,,,,,,,,,,,,
2746,0,0.8249,0.8249,0.8249,0.8249,0.8249,0.8249,0.8249,0.8249,0.8249,,,,,,,,,,,,,,
2747,0,0.8249,0.8249,0.8249,0.8249,0.8249,0.8249,0.8249,0.8249,0.8249,,,,,,,,,,,,,,
2748,0,0.8249,0.8249,0.8249,0.8249,0.8249,0.8249,0.8249,0.8249,0.8249,,,,,,,,,,,,,,
2749,0,0.8249,0.8249,0.8249,0.8249,0.8249,0.8249,0.8249,0.8249,0.8249,,,,,,,,,,,,,,
2750,0,0.8249,0.8249,0.8249,0.8249,0.8249,0.8249,0.8249,0.8249,0.8249,,,,,,,,,,,,,,
2751,0,0.8249,0.8249,0.8249,0.8249,0.8249,0.8249,0.8249,0.8249,0.8249,,,,,,,,,,,,,,
2752,0,0.8249,0.8249,0.8249,0.8249,0.8249,0.8249,0.8249,0.8249,0.8249,,,,,,,,,,,,,,
2753,0,0.8249,0.8249,0.8249,0.8249,0.8249,0.8249,0.8249,0.8249,0.8249,,,,,,,,,,,,,,
2754,0,0.8249,0.8249,0.8249,0.8249,0.8249,0.8249,0.8249,0.8249,0.8249,,,,,,,,,,,,,,
2755,0,0.8249,0.8249,0.8249,0.8249,0.8249,0.8249,0.8249,0.8249,0.8249,,,,,,,,,,,,,,
2756,0,0.8249,0.8249,0.8249,0.8249,0.8249,0.8249,0.8249,0.8249,0.8249,,,,,,,,,,,,,,
2757,0,0.8249,0.8249,0.8249,0.8249,0.8249,0.8249,0.8249,0.8249,0.8249,,,,,,,,,,,,,,
2758,0,0.8249,0.8249,0.8249,0.8249,0.8249,0.8249,0.8249,0.8249,0.8249,,,,,,,,,,,,,,
2759,0,0.8249,0.8249,0.8249,0.8249,0.8249,0.8249,0.8249,0.8249,0.8249,,,,,,,,,,,,,,
2760,0,0.8249,0.8249,0.8249,0.8249,0.8249,0.8249,0.8249,0.8249,0.8249,,,,,,,,,,,,,,
2761,0,0.8249,0.8249,0.8249,0.8249,0.8249,0.8249,0.8249,0.8249,0.8249,,,,,,,,,,,,,,
2762,0,0.8249,0.8249,0.8249,0.8249,0.8249,0.8249,0.8249,0.8249,0.8249,,,,,,,,,,,,,,
2763,0,0.8249,0.8249,0.8249,0.8249,0.8249,0.8249,0.8249,0.8249,0.8249,,,,,,,,,,,,,,
2764,0,0.8249,0.8249,0.8249,0.8249,0.8249,0.8249,0.8249,0.8249,0.8249,,,,,,,,,,,,,,
2765,0,0.8249,0.8249,0.8249,0.8249,0.8249,0.8249,0.8249,0.8249,0.8249,,,,,,,,,,,,,,
2766,0,0.8249,0.8249,0.8249,0.8249,0.8249,0.8249,0.8249,0.8249,0.8249,,,,,,,,,,,,,,
2767,0,0.8249,0.8249,0.8249,0.8249,0.8249,0.8249,0.8249,0.8249,0.8249,,,,,,,,,,,,,,
2768,0,0.8249,0.8249,0.8249,0.8249,0.8249,0.8249,0.8249,0.8249,0.8249,,,,,,,,,,,,,,
2769,0,0.8249,0.8249,0.8249,0.8249,0.8249,0.8249,0.8249,0.8249,0.8249,,,,,,,,,,,,,,
2770,0,0.8249,0.8249,0.8249,0.8249,0.8249,0.8249,0.8249,0.8249,0.8249,,,,,,,,,,,,,,
2771,0,0.8249,0.8249,0.8249,0.8249,0.8249,0.8249,0.8249,0.8249,0.8249,,,,,,,,,,,,,,
2772,0,0.8249,0.8249,0.8249,0.8249,0.8249,0.8249,0.8249,0.8249,0.8249,,,,,,,,,,,,,,
2773,0,0.8249,0.8249,0.8249,0.8249,0.8249,0.8249,0.8249,0.8249,0.8249,,,,,,,,,,,,,,
2774,0,0.8249,0.8249,0.8249,0.8249,0.8249,0.8249,0.8249,0.8249,0.8249,,,,,,,,,,,,,,
2775,0,0.8249,0.8249,0.8249,0.8249,0.8249,0.8249,0.8249,0.8249,0.8249,,,,,,,,,,,,,,
2776,0,0.8249,0.8249,0.8249,0.8249,0.8249,0.8249,0.8249,0.8249,0.8249,,,,,,,,,,,,,,
2777,0,0.8249,0.8249,0.8249,0.8249,0.8249,0.8249,0.8249,0.8249,0.8249,,,,,,,,,,,,,,
2778,0,0.8249,0.8249,0.8249,0.8249,0.8249,0.8249,0.8249,0.8249,0.8249,,,,,,,,,,,,,,
2779,0,0.8249,0.8249,0.8249,0.8249,0.8249,0.8249,0.8249,0.8249,0.8249,,,,,,,,,,,,,,
2780,0,0.8249,0.8249,0.8249,0.8249,0.8249,0.8249,0.8249,0.8249,0.8249,,,,,,,,,,,,,,
2781,0,0.8249,0.8249,0.8249,0.8249,0.8249,0.8249,0.8249,0.8249,0.8249,,,,,,,,,,,,,,
2782,0,0.8249,0.8249,0.8249,0.8249,0.8249,0.8249,0.8249,0.8249,0.8249,,,,,,,,,,,,,,
2783,0,0.8249,0.8249,0.8249,0.8249,0.8249,0.8249,0.8249,0.8249,0.8249,,,,,,,,,,,,,,
2784,0,0.8249,0.8249,0.8249,0.8249,0.8249,0.8249,0.8249,0.8249,0.8249,,,,,,,,,,,,,,
2785,0,0.8249,0.8249,0.8249,0.8249,0.8249,0.8249,0.8249,0.8249,0.8249,,,,,,,,,,,,,,
2786,0,0.8249,0.8249,0.8249,0.8249,0.8249,0.8249,0.8249,0.8249,0.8249,,,,,,,,,,,,,,
2787,0,0.8249,0.8249,0.8249,0.8249,0.8249,0.8249,0.8249,0.8249,0.8249,,,,,,,,,,,,,,
2788,0,0.8249,0.8249,0.8249,0.8249,0.8249,0.8249,0.8249,0.8249,0.8249,,,,,,,,,,,,,,
2789,0,0.8249,0.8249,0.8249,0.8249,0.8249,0.8249,0.8249,0.8249,0.8249,,,,,,,,,,,,,,
2790,0,0.8249,0.8249,0.8249,0.8249,0.8249,0.8249,0.8249,0.8249,0.8249,,,,,,,,,,,,,,
2791,0,0.8249,0.8249,0.8249,0.8249,0.8249,0.8249,0.8249,0.8249,0.8249,,,,,,,,,,,,,,
2792,0,0.8249,0.8249,0.8249,0.8249,0.8249,0.8249,0.8249,0.8249,0.8249,,,,,,,,,,,,,,
2793,0,0.8249,0.8249,0.8249,0.8249,0.8249,0.8249,0.8249,0.8249,0.8249,,,,,,,,,,,,,,
2794,0,0.8249,0.8249,0.8249,0.8249,0.8249,0.8249,0.8249,0.8249,0.8249,,,,,,,,,,,,,,
2795,0,0.8249,0.8249,0.8249,0.8249,0.8249,0.8249,0.8249,0.8249,0.8249,,,,,,,,,,,,,,
2796,0,0.8249,0.8249,0.8249,0.8249,0.8249,0.8249,0.8249,0.8249,0.8249,,,,,,,,,,,,,,
2797,0,0.8249,0.8249,0.8249,0.8249,0.8249,0.8249,0.8249,0.8249,0.8249,,,,,,,,,,,,,,
2798,0,0.8249,0.8249,0.8249,0.8249,0.8249,0.8249,0.8249,0.8249,0.8249,,,,,,,,,,,,,,
2799,0,0.8249,0.8249,0.8249,0.8249,0.8249,0.8249,0.8249,0.8249,0.8249,,,,,,,,,,,,,,
2800,0,0.8249,0.8249,0.8249,0.8249,0.8249,0.8249,0.8249,0.8249,0.8249,,,,,,,,,,,,,,
2801,0,0.8249,0.8249,0.8249,0.8249,0.8249,0.8249,0.8249,0.8249,0.8249,,,,,,,,,,,,,,
2802,0,0.8249,0.8249,0.8249,0.8249,0.8249,0.8249,0.8249,0.8249,0.8249,,,,,,,,,,,,,,
2803,0,0.8249,0.8249,0.8249,0.8249,0.8249,0.8249,0.8249,0.8249,0.8249,,,,,,,,,,,,,,
2804,0,0.8249,0.8249,0.8249,0.8249,0.8249,0.8249,0.8249,0.8249,0.8249,,,,,,,,,,,,,,
2805,0,0.8249,0.8249,0.8249,0.8249,0.8249,0.8249,0.8249,0.8249,0.8249,,,,,,,,,,,,,,
2806,0,0.8249,0.8249,0.8249,0.8249,0.8249,0.8249,0.8249,0.8249,0.8249,,,,,,,,,,,,,,
2807,0,0.8249,0.8249,0.8249,0.8249,0.8249,0.8249,0.8249,0.8249,0.8249,,,,,,,,,,,,,,
2808,0,0.8249,0.8249,0.8249,0.8249,0.8249,0.8249,0.8249,0.8249,0.8249,,,,,,,,,,,,,,
2809,0,0.8249,0.8249,0.8249,0.8249,0.8249,0.8249,0.8249,0.8249,0.8249,,,,,,,,,,,,,,
2810,0,0.8249,0.8249,0.8249,0.8249,0.8249,0.8249,0.8249,0.8249,0.8249,,,,,,,,,,,,,,
2811,0,0.8249,0.8249,0.8249,0.8249,0.8249,0.8249,0.8249,0.8249,0.8249,,,,,,,,,,,,,,
2812,0,0.8249,0.8249,0.8249,0.8249,0.8249,0.8249,0.8249,0.8249,0.8249,,,,,,,,,,,,,,
2813,0,0.8249,0.8249,0.8249,0.8249,0.8249,0.8249,0.8249,0.8249,0.8249,,,,,,,,,,,,,,
2814,0,0.8249,0.8249,0.8249,0.8249,0.8249,0.8249,0.8249,0.8249,0.8249,,,,,,,,,,,,,,
2815,0,0.8249,0.8249,0.8249,0.8249,0.8249,0.8249,0.8249,0.8249,0.8249,,,,,,,,,,,,,,
2816,0,0.8249,0.8249,0.8249,0.8249,0.8249,0.8249,0.8249,0.8249,0.8249,,,,,,,,,,,,,,
2817,0,0.8249,0.8249,0.8249,0.8249,0.8249,0.8249,0.8249,0.8249,0.8249,,,,,,,,,,,,,,
2818,0,0.8249,0.8249,0.8249,0.8249,0.8249,0.8249,0.8249,0.8249,0.8249,,,,,,,,,,,,,,
2819,0,0.8249,0.8249,0.8249,0.8249,0.8249,0.8249,0.8249,0.8249,0.8249,,,,,,,,,,,,,,
2820,0,0.8249,0.8249,0.8249,0.8249,0.8249,0.8249,0.8249,0.8249,0.8249,,,,,,,,,,,,,,
2821,0,0.8249,0.8249,0.8249,0.8249,0.8249,0.8249,0.8249,0.8249,0.8249,,,,,,,,,,,,,,
2822,0,0.8249,0.8249,0.8249,0.8249,0.8249,0.8249,0.8249,0.8249,0.8249,,,,,,,,,,,,,,
2823,0,0.8249,0.8249,0.8249,0.8249,0.8249,0.8249,0.8249,0.8249,0.8249,,,,,,,,,,,,,,
2824,0,0.8249,0.8249,0.8249,0.8249,0.8249,0.8249,0.8249,0.8249,0.8249,,,,,,,,,,,,,,
2825,0,0.8249,0.8249,0.8249,0.8249,0.8249,0.8249,0.8249,0.8249,0.8249,,,,,,,,,,,,,,
2826,0,0.8249,0.8249,0.8249,0.8249,0.8249,0.8249,0.8249,0.8249,0.8249,,,,,,,,,,,,,,
2827,0,0.8249,0.8249,0.8249,0.8249,0.8249,0.8249,0.8249,0.8249,0.8249,,,,,,,,,,,,,,
2828,0,0.8249,0.8249,0.8249,0.8249,0.8249,0.8249,0.8249,0.8249,0.8249,,,,,,,,,,,,,,
2829,0,0.8249,0.8249,0.8249,0.8249,0.8249,0.8249,0.8249,0.8249,0.8249,,,,,,,,,,,,,,
2830,0,0.8249,0.8249,0.8249,0.8249,0.8249,0.8249,0.8249,0.8249,0.8249,,,,,,,,,,,,,,
2831,0,0.8249,0.8249,0.8249,0.8249,0.8249,0.8249,0.8249,0.8249,0.8249,,,,,,,,,,,,,,
2832,0,0.8249,0.8249,0.8249,0.8249,0.8249,0.8249,0.8249,0.8249,0.8249,,,,,,,,,,,,,,
2833,0,0.8249,0.8249,0.8249,0.8249,0.8249,0.8249,0.8249,0.8249,0.8249,,,,,,,,,,,,,,
2834,0,0.8249,0.8249,0.8249,0.8249,0.8249,0.8249,0.8249,0.8249,0.8249,,,,,,,,,,,,,,
2835,0,0.8249,0.8249,0.8249,0.8249,0.8249,0.8249,0.8249,0.8249,0.8249,,,,,,,,,,,,,,
2836,0,0.8249,0.8249,0.8249,0.8249,0.8249,0.8249,0.8249,0.8249,0.8249,,,,,,,,,,,,,,
2837,0,0.8249,0.8249,0.8249,0.8249,0.8249,0.8249,0.8249,0.8249,0.8249,,,,,,,,,,,,,,
2838,0,0.8249,0.8249,0.8249,0.8249,0.8249,0.8249,0.8249,0.8249,0.8249,,,,,,,,,,,,,,
2839,0,0.8249,0.8249,0.8249,0.8249,0.8249,0.8249,0.8249,0.8249,0.8249,,,,,,,,,,,,,,
2840,0,0.8249,0.8249,0.8249,0.8249,0.8249,0.8249,0.8249,0.8249,0.8249,,,,,,,,,,,,,,
2841,0,0.8249,0.8249,0.8249,0.8249,0.8249,0.8249,0.8249,0.8249,0.8249,,,,,,,,,,,,,,
2842,0,0.8249,0.8249,0.8249,0.8249,0.8249,0.8249,0.8249,0.8249,0.8249,,,,,,,,,,,,,,
2843,0,0.8249,0.8249,0.8249,0.8249,0.8249,0.8249,0.8249,0.8249,0.8249,,,,,,,,,,,,,,
2844,0,0.8249,0.8249,0.8249,0.8249,0.8249,0.8249,0.8249,0.8249,0.8249,,,,,,,,,,,,,,
2845,0,0.8249,0.8249,0.8249,0.8249,0.8249,0.8249,0.8249,0.8249,0.8249,,,,,,,,,,,,,,
2846,0,0.8249,0.8249,0.8249,0.8249,0.8249,0.8249,0.8249,0.8249,0.8249,,,,,,,,,,,,,,
2847,0,0.8249,0.8249,0.8249,0.8249,0.8249,0.8249,0.8249,0.8249,0.8249,,,,,,,,,,,,,,
2848,0,0.8249,0.8249,0.8249,0.8249,0.8249,0.8249,0.8249,0.8249,0.8249,,,,,,,,,,,,,,
2849,0,0.8249,0.8249,0.8249,0.8249,0.8249,0.8249,0.8249,0.8249,0.8249,,,,,,,,,,,,,,
2850,0,0.8249,0.8249,0.8249,0.8249,0.8249,0.8249,0.8249,0.8249,0.8249,,,,,,,,,,,,,,
2851,0,0.8249,0.8249,0.8249,0.8249,0.8249,0.8249,0.8249,0.8249,0.8249,,,,,,,,,,,,,,
2852,0,0.8249,0.8249,0.8249,0.8249,0.8249,0.8249,0.8249,0.8249,0.8249,,,,,,,,,,,,,,
2853,0,0.8249,0.8249,0.8249,0.8249,0.8249,0.8249,0.8249,0.8249,0.8249,,,,,,,,,,,,,,
2854,0,0.8249,0.8249,0.8249,0.8249,0.8249,0.8249,0.8249,0.8249,0.8249,,,,,,,,,,,,,,
2855,0,0.8249,0.8249,0.8249,0.8249,0.8249,0.8249,0.8249,0.8249,0.8249,,,,,,,,,,,,,,
2856,0,0.8249,0.8249,0.8249,0.8249,0.8249,0.8249,0.8249,0.8249,0.8249,,,,,,,,,,,,,,
2857,0,0.8249,0.8249,0.8249,0.8249,0.8249,0.8249,0.8249,0.8249,0.8249,,,,,,,,,,,,,,
2858,0,0.8249,0.8249,0.8249,0.8249,0.8249,0.8249,0.8249,0.8249,0.8249,,,,,,,,,,,,,,
2859,0,0.8249,0.8249,0.8249,0.8249,0.8249,0.8249,0.8249,0.8249,0.8249,,,,,,,,,,,,,,
2860,0,0.8249,0.8249,0.8249,0.8249,0.8249,0.8249,0.8249,0.8249,0.8249,,,,,,,,,,,,,,
2861,0,0.8249,0.8249,0.8249,0.8249,0.8249,0.8249,0.8249,0.8249,0.8249,,,,,,,,,,,,,,
2862,0,0.8249,0.8249,0.8249,0.8249,0.8249,0.8249,0.8249,0.8249,0.8249,,,,,,,,,,,,,,
2863,0,0.8249,0.8249,0.8249,0.8249,0.8249,0.8249,0.8249,0.8249,0.8249,,,,,,,,,,,,,,
2864,0,0.8249,0.8249,0.8249,0.8249,0.8249,0.8249,0.8249,0.8249,0.8249,,,,,,,,,,,,,,
2865,0,0.8249,0.8249,0.8249,0.8249,0.8249,0.8249,0.8249,0.8249,0.8249,,,,,,,,,,,,,,
2866,0,0.8249,0.8249,0.8249,0.8249,0.8249,0.8249,0.8249,0.8249,0.8249,,,,,,,,,,,,,,
2867,0,0.8249,0.8249,0.8249,0.8249,0.8249,0.8249,0.8249,0.8249,0.8249,,,,,,,,,,,,,,
2868,0,0.8249,0.8249,0.8249,0.8249,0.8249,0.8249,0.8249,0.8249,0.8249,,,,,,,,,,,,,,
2869,0,0.8249,0.8249,0.8249,0.8249,0.8249,0.8249,0.8249,0.8249,0.8249,,,,,,,,,,,,,,
2870,0,0.8249,0.8249,0.8249,0.8249,0.8249,0.8249,0.8249,0.8249,0.8249,,,,,,,,,,,,,,
2871,0,0.8249,0.8249,0.8249,0.8249,0.8249,0.8249,0.8249,0.8249,0.8249,,,,,,,,,,,,,,
2872,0,0.8249,0.8249,0.8249,0.8249,0.8249,0.8249,0.8249,0.8249,0.8249,,,,,,,,,,,,,,
2873,0,0.8249,0.8249,0.8249,0.8249,0.8249,0.8249,0.8249,0.8249,0.8249,,,,,,,,,,,,,,
2874,0,0.8249,0.8249,0.8249,0.8249,0.8249,0.8249,0.8249,0.8249,0.8249,,,,,,,,,,,,,,
2875,0,0.8249,0.8249,0.8249,0.8249,0.8249,0.8249,0.8249,0.8249,0.8249,,,,,,,,,,,,,,
2876,0,0.8249,0.8249,0.8249,0.8249,0.8249,0.8249,0.8249,0.8249,0.8249,,,,,,,,,,,,,,
2877,0,0.8249,0.8249,0.8249,0.8249,0.8249,0.8249,0.8249,0.8249,0.8249,,,,,,,,,,,,,,
2878,0,0.8249,0.8249,0.8249,0.8249,0.8249,0.8249,0.8249,0.8249,0.8249,,,,,,,,,,,,,,
2879,0,0.8249,0.8249,0.8249,0.8249,0.8249,0.8249,0.8249,0.8249,0.8249,,,,,,,,,,,,,,
2880,0,0.8249,0.8249,0.8249,0.8249,0.8249,0.8249,0.8249,0.8249,0.8249,,,,,,,,,,,,,,
2881,0,0.8249,0.8249,0.8249,0.8249,0.8249,0.8249,0.8249,0.8249,0.8249,,,,,,,,,,,,,,
2882,0,0.8249,0.8249,0.8249,0.8249,0.8249,0.8249,0.8249,0.8249,0.8249,,,,,,,,,,,,,,
2883,0,0.8249,0.8249,0.8249,0.8249,0.8249,0.8249,0.8249,0.8249,0.8249,,,,,,,,,,,,,,
2884,0,0.8249,0.8249,0.8249,0.8249,0.8249,0.8249,0.8249,0.8249,0.8249,,,,,,,,,,,,,,
2885,0,0.8249,0.8249,0.8249,0.8249,0.8249,0.8249,0.8249,0.8249,0.8249,,,,,,,,,,,,,,
2886,0,0.8249,0.8249,0.8249,0.8249,0.8249,0.8249,0.8249,0.8249,0.8249,,,,,,,,,,,,,,
2887,0,0.8249,0.8249,0.8249,0.8249,0.8249,0.8249,0.8249,0.8249,0.8249,,,,,,,,,,,,,,
2888,0,0.8249,0.8249,0.8249,0.8249,0.8249,0.8249,0.8249,0.8249,0.8249,,,,,,,,,,,,,,
2889,0,0.8249,0.8249,0.8249,0.8249,0.8249,0.8249,0.8249,0.8249,0.8249,,,,,,,,,,,,,,
2890,0,0.8249,0.8249,0.8249,0.8249,0.8249,0.8249,0.8249,0.8249,0.8249,,,,,,,,,,,,,,
2891,0,0.8249,0.8249,0.8249,0.8249,0.8249,0.8249,0.8249,0.8249,0.8249,,,,,,,,,,,,,,
2892,0,0.8249,0.8249,0.8249,0.8249,0.8249,0.8249,0.8249,0.8249,0.8249,,,,,,,,,,,,,,
2893,0,0.8249,0.8249,0.8249,0.8249,0.8249,0.8249,0.8249,0.8249,0.8249,,,,,,,,,,,,,,
2894,0,0.8249,0.8249,0.8249,0.8249,0.8249,0.8249,0.8249,0.8249,0.8249,,,,,,,,,,,,,,
2895,0,0.8249,0.8249,0.8249,0.8249,0.8249,0.8249,0.8249,0.8249,0.8249,,,,,,,,,,,,,,
2896,0,0.8249,0.8249,0.8249,0.8249,0.8249,0.8249,0.8249,0.8249,0.8249,,,,,,,,,,,,,,
2897,0,0.8249,0.8249,0.8249,0.8249,0.8249,0.8249,0.8249,0.8249,0.8249,,,,,,,,,,,,,,
2898,0,0.8249,0.8249,0.8249,0.8249,0.8249,0.8249,0.8249,0.8249,0.8249,,,,,,,,,,,,,,
2899,0,0.8249,0.8249,0.8249,0.8249,0.8249,0.8249,0.8249,0.8249,0.8249,,,,,,,,,,,,,,
2900,0,0.8249,0.8249,0.8249,0.8249,0.8249,0.8249,0.8249,0.8249,0.8249,,,,,,,,,,,,,,
2901,0,0.8249,0.8249,0.8249,0.8249,0.8249,0.8249,0.8249,0.8249,0.8249,,,,,,,,,,,,,,
2902,0,0.8249,0.8249,0.8249,0.8249,0.8249,0.8249,0.8249,0.8249,0.8249,,,,,,,,,,,,,,
2903,0,0.8249,0.8249,0.8249,0.8249,0.8249,0.8249,0.8249,0.8249,0.8249,,,,,,,,,,,,,,
2904,0,0.8249,0.8249,0.8249,0.8249,0.8249,0.8249,0.8249,0.8249,0.8249,,,,,,,,,,,,,,
2905,0,0.8249,0.8249,0.8249,0.8249,0.8249,0.8249,0.8249,0.8249,0.8249,,,,,,,,,,,,,,
2906,0,0.8249,0.8249,0.8249,0.8249,0.8249,0.8249,0.8249,0.8249,0.8249,,,,,,,,,,,,,,
2907,0,0.8249,0.8249,0.8249,0.8249,0.8249,0.8249,0.8249,0.8249,0.8249,,,,,,,,,,,,,,
2908,0,0.8249,0.8249,0.8249,0.8249,0.8249,0.8249,0.8249,0.8249,0.8249,,,,,,,,,,,,,,
2909,0,0.8249,0.8249,0.8249,0.8249,0.8249,0.8249,0.8249,0.8249,0.8249,,,,,,,,,,,,,,
2910,0,0.8249,0.8249,0.8249,0.8249,0.8249,0.8249,0.8249,0.8249,0.8249,,,,,,,,,,,,,,
2911,0,0.8249,0.8249,0.8249,0.8249,0.8249,0.8249,0.8249,0.8249,0.8249,,,,,,,,,,,,,,
2912,0,0.8249,0.8249,0.8249,0.8249,0.8249,0.8249,0.8249,0.8249,0.8249,,,,,,,,,,,,,,
2913,0,0.8249,0.8249,0.8249,0.8249,0.8249,0.8249,0.8249,0.8249,0.8249,,,,,,,,,,,,,,
2914,0,0.8249,0.8249,0.8249,0.8249,0.8249,0.8249,0.8249,0.8249,0.8249,,,,,,,,,,,,,,
2915,0,0.8249,0.8249,0.8249,0.8249,0.8249,0.8249,0.8249,0.8249,0.8249,,,,,,,,,,,,,,
2916,0,0.8249,0.8249,0.8249,0.8249,0.8249,0.8249,0.8249,0.8249,0.8249,,,,,,,,,,,,,,
2917,0,0.8249,0.8249,0.8249,0.8249,0.8249,0.8249,0.8249,0.8249,0.8249,,,,,,,,,,,,,,
2918,0,0.8249,0.8249,0.8249,0.8249,0.8249,0.8249,0.8249,0.8249,0.8249,,,,,,,,,,,,,,
2919,0,0.8249,0.8249,0.8249,0.8249,0.8249,0.8249,0.8249,0.8249,0.8249,,,,,,,,,,,,,,
2920,0,0.8249,0.8249,0.8249,0.8249,0.8249,0.8249,0.8249,0.8249,0.8249,,,,,,,,,,,,,,
2921,0,0.8249,0.8249,0.8249,0.8249,0.8249,0.8249,0.8249,0.8249,0.8249,,,,,,,,,,,,,,
2922,0,0.8249,0.8249,0.8249,0.8249,0.8249,0.8249,0.8249,0.8249,0.8249,,,,,,,,,,,,,,
2923,0,0.8249,0.8249,0.8249,0.8249,0.8249,0.8249,0.8249,0.8249,0.8249,,,,,,,,,,,,,,
2924,0,0.8249,0.8249,0.8249,0.8249,0.8249,0.8249,0.8249,0.8249,0.8249,,,,,,,,,,,,,,
2925,0,0.8249,0.8249,0.8249,0.8249,0.8249,0.8249,0.8249,0.8249,0.8249,,,,,,,,,,,,,,
2926,0,0.8249,0.8249,0.8249,0.8249,0.8249,0.8249,0.8249,0.8249,0.8249,,,,,,,,,,,,,,
2927,0,0.8249,0.8249,0.8249,0.8249,0.8249,0.8249,0.8249,0.8249,0.8249,,,,,,,,,,,,,,
2928,0,0.8249,0.8249,0.8249,0.8249,0.8249,0.8249,0.8249,0.8249,0.8249,,,,,,,,,,,,,,
2929,0,0.8249,0.8249,0.8249,0.8249,0.8249,0.8249,0.8249,0.8249,0.8249,,,,,,,,,,,,,,
2930,0,0.8249,0.8249,0.8249,0.8249,0.8249,0.8249,0.8249,0.8249,0.8249,,,,,,,,,,,,,,
2931,0,0.8249,0.8249,0.8249,0.8249,0.8249,0.8249,0.8249,0.8249,0.8249,,,,,,,,,,,,,,
2932,0,0.8249,0.8249,0.8249,0.8249,0.8249,0.8249,0.8249,0.8249,0.8249,,,,,,,,,,,,,,
2933,0,0.8249,0.8249,0.8249,0.8249,0.8249,0.8249,0.8249,0.8249,0.8249,,,,,,,,,,,,,,
2934,0,0.8249,0.8249,0.8249,0.8249,0.8249,0.8249,0.8249,0.8249,0.8249,,,,,,,,,,,,,,
2935,0,0.8249,0.8249,0.8249,0.8249,0.8249,0.8249,0.8249,0.8249,0.8249,,,,,,,,,,,,,,
2936,0,0.8249,0.8249,0.8249,0.8249,0.8249,0.8249,0.8249,0.8249,0.8249,,,,,,,,,,,,,,
2937,0,0.8249,0.8249,0.8249,0.8249,0.8249,0.8249,0.8249,0.8249,0.8249,,,,,,,,,,,,,,
2938,0,0.8249,0.8249,0.8249,0.8249,0.8249,0.8249,0.8249,0.8249,0.8249,,,,,,,,,,,,,,
2939,0,0.8249,0.8249,0.8249,0.8249,0.8249,0.8249,0.8249,0.8249,0.8249,,,,,,,,,,,,,,
2940,0,0.8249,0.8249,0.8249,0.8249,0.8249,0.8249,0.8249,0.8249,0.8249,,,,,,,,,,,,,,
2941,0,0.8249,0.8249,0.8249,0.8249,0.8249,0.8249,0.8249,0.8249,0.8249,,,,,,,,,,,,,,
2942,0,0.8249,0.8249,0.8249,0.8249,0.8249,0.8249,0.8249,0.8249,0.8249,,,,,,,,,,,,,,
2943,0,0.8249,0.8249,0.8249,0.8249,0.8249,0.8249,0.8249,0.8249,0.8249,,,,,,,,,,,,,,
2944,0,0.8249,0.8249,0.8249,0.8249,0.8249,0.8249,0.8249,0.8249,0.8249,,,,,,,,,,,,,,
2945,0,0.8249,0.8249,0.8249,0.8249,0.8249,0.8249,0.8249,0.8249,0.8249,,,,,,,,,,,,,,
2946,0,0.8249,0.8249,0.8249,0.8249,0.8249,0.8249,0.8249,0.8249,0.8249,,,,,,,,,,,,,,
2947,0,0.8249,0.8249,0.8249,0.8249,0.8249,0.8249,0.8249,0.8249,0.8249,,,,,,,,,,,,,,
2948,0,0.8249,0.8249,0.8249,0.8249,0.8249,0.8249,0.8249,0.8249,0.8249,,,,,,,,,,,,,,
2949,0,0.8249,0.8249,0.8249,0.8249,0.8249,0.8249,0.8249,0.8249,0.8249,,,,,,,,,,,,,,
2950,0,0.8249,0.8249,0.8249,0.8249,0.8249,0.8249,0.8249,0.8249,0.8249,,,,,,,,,,,,,,
2951,0,0.8249,0.8249,0.8249,0.8249,0.8249,0.8249,0.8249,0.8249,0.8249,,,,,,,,,,,,,,
2952,0,0.8249,0.8249,0.8249,0.8249,0.8249,0.8249,0.8249,0.8249,0.8249,,,,,,,,,,,,,,
2953,0,0.8249,0.8249,0.8249,0.8249,0.8249,0.8249,0.8249,0.8249,0.8249,,,,,,,,,,,,,,
2954,0,0.8249,0.8249,0.8249,0.8249,0.8249,0.8249,0.8249,0.8249,0.8249,,,,,,,,,,,,,,
2955,0,0.8249,0.8249,0.8249,0.8249,0.8249,0.8249,0.8249,0.8249,0.8249,,,,,,,,,,,,,,
2956,0,0.8249,0.8249,0.8249,0.8249,0.8249,0.8249,0.8249,0.8249,0.8249,,,,,,,,,,,,,,
2957,0,0.8249,0.8249,0.8249,0.8249,0.8249,0.8249,0.8249,0.8249,0.8249,,,,,,,,,,,,,,
2958,0,0.8249,0.8249,0.8249,0.8249,0.8249,0.8249,0.8249,0.8249,0.8249,,,,,,,,,,,,,,
2959,0,0.8249,0.8249,0.8249,0.8249,0.8249,0.8249,0.8249,0.8249,0.8249,,,,,,,,,,,,,,
2960,0,0.8249,0.8249,0.8249,0.8249,0.8249,0.8249,0.8249,0.8249,0.8249,,,,,,,,,,,,,,
2961,0,0.8249,0.8249,0.8249,0.8249,0.8249,0.8249,0.8249,0.8249,0.8249,,,,,,,,,,,,,,
2962,0,0.8249,0.8249,0.8249,0.8249,0.8249,0.8249,0.8249,0.8249,0.8249,,,,,,,,,,,,,,
2963,0,0.8249,0.8249,0.8249,0.8249,0.8249,0.8249,0.8249,0.8249,0.8249,,,,,,,,,,,,,,
2964,0,0.8249,0.8249,0.8249,0.8249,0.8249,0.8249,0.8249,0.8249,0.8249,,,,,,,,,,,,,,
2965,0,0.8249,0.8249,0.8249,0.8249,0.8249,0.8249,0.8249,0.8249,0.8249,,,,,,,,,,,,,,
2966,0,0.8249,0.8249,0.8249,0.8249,0.8249,0.8249,0.8249,0.8249,0.8249,,,,,,,,,,,,,,
2967,0,0.8249,0.8249,0.8249,0.8249,0.8249,0.8249,0.8249,0.8249,0.8249,,,,,,,,,,,,,,
2968,0,0.8249,0.8249,0.8249,0.8249,0.8249,0.8249,0.8249,0.8249,0.8249,,,,,,,,,,,,,,
2969,0,0.8249,0.8249,0.8249,0.8249,0.8249,0.8249,0.8249,0.8249,0.8249,,,,,,,,,,,,,,
2970,0,0.8249,0.8249,0.8249,0.8249,0.8249,0.8249,0.8249,0.8249,0.8249,,,,,,,,,,,,,,
2971,0,0.8249,0.8249,0.8249,0.8249,0.8249,0.8249,0.8249,0.8249,0.8249,,,,,,,,,,,,,,
2972,0,0.8249,0.8249,0.8249,0.8249,0.8249,0.8249,0.8249,0.8249,0.8249,,,,,,,,,,,,,,
2973,0,0.8249,0.8249,0.8249,0.8249,0.8249,0.8249,0.8249,0.8249,0.8249,,,,,,,,,,,,,,
2974,0,0.8249,0.8249,0.8249,0.8249,0.8249,0.8249,0.8249,0.8249,0.8249,,,,,,,,,,,,,,
2975,0,0.8249,0.8249,0.8249,0.8249,0.8249,0.8249,0.8249,0.8249,0.8249,,,,,,,,,,,,,,
2976,0,0.8249,0.8249,0.8249,0.8249,0.8249,0.8249,0.8249,0.8249,0.8249,,,,,,,,,,,,,,
2977,0,0.8249,0.8249,0.8249,0.8249,0.8249,0.8249,0.8249,0.8249,0.8249,,,,,,,,,,,,,,
2978,0,0.8249,0.8249,0.8249,0.8249,0.8249,0.8249,0.8249,0.8249,0.8249,,,,,,,,,,,,,,
2979,0,0.8249,0.8249,0.8249,0.8249,0.8249,0.8249,0.8249,0.8249,0.8249,,,,,,,,,,,,,,
2980,0,0.8249,0.8249,0.8249,0.8249,0.8249,0.8249,0.8249,0.8249,0.8249,,,,,,,,,,,,,,
2981,0,0.8249,0.8249,0.8249,0.8249,0.8249,0.8249,0.8249,0.8249,0.8249,,,,,,,,,,,,,,
2982,0,0.8249,0.8249,0.8249,0.8249,0.8249,0.8249,0.8249,0.8249,0.8249,,,,,,,,,,,,,,
2983,0,0.8249,0.8249,0.8249,0.8249,0.8249,0.8249,0.8249,0.8249,0.8249,,,,,,,,,,,,,,
2984,0,0.8249,0.8249,0.8249,0.8249,0.8249,0.8249,0.8249,0.8249,0.8249,,,,,,,,,,,,,,
2985,0,0.8249,0.8249,0.8249,0.8249,0.8249,0.8249,0.8249,0.8249,0.8249,,,,,,,,,,,,,,
2986,0,0.8249,0.8249,0.8249,0.8249,0.8249,0.8249,0.8249,0.8249,0.8249,,,,,,,,,,,,,,
2987,0,0.8249,0.8249,0.8249,0.8249,0.8249,0.8249,0.8249,0.8249,0.8249,,,,,,,,,,,,,,
2988,0,0.8249,0.8249,0.8249,0.8249,0.8249,0.8249,0.8249,0.8249,0.8249,,,,,,,,,,,,,,
2989,0,0.8249,0.8249,0.8249,0.8249,0.8249,0.8249,0.8249,0.8249,0.8249,,,,,,,,,,,,,,
2990,0,0.8249,0.8249,0.8249,0.8249,0.8249,0.8249,0.8249,0.8249,0.8249,,,,,,,,,,,,,,
2991,0,0.8249,0.8249,0.8249,0.8249,0.8249,0.8249,0.8249,0.8249,0.8249,,,,,,,,,,,,,,
2992,0,0.8249,0.8249,0.8249,0.8249,0.8249,0.8249,0.8249,0.8249,0.8249,,,,,,,,,,,,,,
2993,0,0.8249,0.8249,0.8249,0.8249,0.8249,0.8249,0.8249,0.8249,0.8249,,,,,,,,,,,,,,
2994,0,0.8249,0.8249,0.8249,0.8249,0.8249,0.8249,0.8249,0.8249,0.8249,,,,,,,,,,,,,,
2995,0,0.8249,0.8249,0.8249,0.8249,0.8249,0.8249,0.8249,0.8249,0.8249,,,,,,,,,,,,,,
2996,0,0.8249,0.8249,0.8249,0.8249,0.8249,0.8249,0.8249,0.8249,0.8249,,,,,,,,,,,,,,
2997,0,0.8249,0.8249,0.8249,0.8249,0.8249,0.8249,0.8249,0.8249,0.8249,,,,,,,,,,,,,,
2998,0,0.8249,0.8249,0.8249,0.8249,0.8249,0.8249,0.8249,0.8249,0.8249,,,,,,,,,,,,,,
2999,0,0.8249,0.8249,0.8249,0.8249,0.8249,0.8249,0.8249,0.8249,0.8249,,,,,,,,,,,,,,
3000,0,0.8249,0.8249,0.8249,0.8249,0.8249,0.8249,0.8249,0.8249,0.8249,,,,,,,,,,,,,,
3001,0,0.8249,0.8249,0.8249,0.8249,0.8249,0.8249,0.8249,0.8249,0.8249,,,,,,,,,,,,,,
3002,0,0.8249,0.8249,0.8249,0.8249,0.8249,0.8249,0.8249,0.8249,0.8249,,,,,,,,,,,,,,
3003,0,0.8249,0.8249,0.8249,0.8249,0.8249,0.8249,0.8249,0.8249,0.8249,,,,,,,,,,,,,,
3004,0,0.8249,0.8249,0.8249,0.8249,0.8249,0.8249,0.8249,0.8249,0.8249,,,,,,,,,,,,,,
3005,0,0.8249,0.8249,0.8249,0.8249,0.8249,0.8249,0.8249,0.8249,0.8249,,,,,,,,,,,,,,
3006,0,0.8249,0.8249,0.8249,0.8249,0.8249,0.8249,0.8249,0.8249,0.8249,,,,,,,,,,,,,,
3007,0,0.8249,0.8249,0.8249,0.8249,0.8249,0.8249,0.8249,0.8249,0.8249,,,,,,,,,,,,,,
3008,0,0.8249,0.8249,0.8249,0.8249,0.8249,0.8249,0.8249,0.8249,0.8249,,,,,,,,,,,,,,
3009,0,0.8249,0.8249,0.8249,0.8249,0.8249,0.8249,0.8249,0.8249,0.8249,,,,,,,,,,,,,,
3010,0,0.8249,0.8249,0.8249,0.8249,0.8249,0.8249,0.8249,0.8249,0.8249,,,,,,,,,,,,,,
3011,0,0.8249,0.8249,0.8249,0.8249,0.8249,0.8249,0.8249,0.8249,0.8249,,,,,,,,,,,,,,
3012,0,0.8249,0.8249,0.8249,0.8249,0.8249,0.8249,0.8249,0.8249,0.8249,,,,,,,,,,,,,,
3013,0,0.8249,0.8249,0.8249,0.8249,0.8249,0.8249,0.8249,0.8249,0.8249,,,,,,,,,,,,,,
3014,0,0.8249,0.8249,0.8249,0.8249,0.8249,0.8249,0.8249,0.8249,0.8249,,,,,,,,,,,,,,
3015,0,0.8249,0.8249,0.8249,0.8249,0.8249,0.8249,0.8249,0.8249,0.8249,,,,,,,,,,,,,,
3016,0,0.8249,0.8249,0.8249,0.8249,0.8249,0.8249,0.8249,0.8249,0.8249,,,,,,,,,,,,,,
3017,0,0.8249,0.8249,0.8249,0.8249,0.8249,0.8249,0.8249,0.8249,0.8249,,,,,,,,,,,,,,
3018,0,0.8249,0.8249,0.8249,0.8249,0.8249,0.8249,0.8249,0.8249,0.8249,,,,,,,,,,,,,,
3019,0,0.8249,0.8249,0.8249,0.8249,0.8249,0.8249,0.8249,0.8249,0.8249,,,,,,,,,,,,,,
3020,0,0.8249,0.8249,0.8249,0.8249,0.8249,0.8249,0.8249,0.8249,0.8249,,,,,,,,,,,,,,
3021,0,0.8249,0.8249,0.8249,0.8249,0.8249,0.8249,0.8249,0.8249,0.8249,,,,,,,,,,,,,,
3022,0,0.8249,0.8249,0.8249,0.8249,0.8249,0.8249,0.8249,0.8249,0.8249,,,,,,,,,,,,,,
3023,0,0.8249,0.8249,0.8249,0.8249,0.8249,0.8249,0.8249,0.8249,0.8249,,,,,,,,,,,,,,
3024,0,0.8249,0.8249,0.8249,0.8249,0.8249,0.8249,0.8249,0.8249,0.8249,,,,,,,,,,,,,,
3025,0,0.8249,0.8249,0.8249,0.8249,0.8249,0.8249,0.8249,0.8249,0.8249,,,,,,,,,,,,,,
3026,0,0.8249,0.8249,0.8249,0.8249,0.8249,0.8249,0.8249,0.8249,0.8249,,,,,,,,,,,,,,
3027,0,0.8249,0.8249,0.8249,0.8249,0.8249,0.8249,0.8249,0.8249,0.8249,,,,,,,,,,,,,,
3028,0,0.8249,0.8249,0.8249,0.8249,0.8249,0.8249,0.8249,0.8249,0.8249,,,,,,,,,,,,,,
3029,0,0.8249,0.8249,0.8249,0.8249,0.8249,0.8249,0.8249,0.8249,0.8249,,,,,,,,,,,,,,
3030,0,0.8249,0.8249,0.8249,0.8249,0.8249,0.8249,0.8249,0.8249,0.8249,,,,,,,,,,,,,,
3031,0,0.8249,0.8249,0.8249,0.8249,0.8249,0.8249,0.8249,0.8249,0.8249,,,,,,,,,,,,,,
3032,0,0.8249,0.8249,0.8249,0.8249,0.8249,0.8249,0.8249,0.8249,0.8249,,,,,,,,,,,,,,
3033,0,0.8249,0.8249,0.8249,0.8249,0.8249,0.8249,0.8249,0.8249,0.8249,,,,,,,,,,,,,,
3034,0,0.8249,0.8249,0.8249,0.8249,0.8249,0.8249,0.8249,0.8249,0.8249,,,,,,,,,,,,,,
3035,0,0.8249,0.8249,0.8249,0.8249,0.8249,0.8249,0.8249,0.8249,0.8249,,,,,,,,,,,,,,
3036,0,0.8249,0.8249,0.8249,0.8249,0.8249,0.8249,0.8249,0.8249,0.8249,,,,,,,,,,,,,,
3037,0,0.8249,0.8249,0.8249,0.8249,0.8249,0.8249,0.8249,0.8249,0.8249,,,,,,,,,,,,,,
3038,0,0.8249,0.8249,0.8249,0.8249,0.8249,0.8249,0.8249,0.8249,0.8249,,,,,,,,,,,,,,
3039,0,0.8249,0.8249,0.8249,0.8249,0.8249,0.8249,0.8249,0.8249,0.8249,,,,,,,,,,,,,,
3040,0,0.8249,0.8249,0.8249,0.8249,0.8249,0.8249,0.8249,0.8249,0.8249,,,,,,,,,,,,,,
3041,0,0.8249,0.8249,0.8249,0.8249,0.8249,0.8249,0.8249,0.8249,0.8249,,,,,,,,,,,,,,
3042,0,0.8249,0.8249,0.8249,0.8249,0.8249,0.8249,0.8249,0.8249,0.8249,,,,,,,,,,,,,,
3043,0,0.8249,0.8249,0.8249,0.8249,0.8249,0.8249,0.8249,0.8249,0.8249,,,,,,,,,,,,,,
3044,0,0.8249,0.8249,0.8249,0.8249,0.8249,0.8249,0.8249,0.8249,0.8249,,,,,,,,,,,,,,
3045,0,0.8249,0.8249,0.8249,0.8249,0.8249,0.8249,0.8249,0.8249,0.8249,,,,,,,,,,,,,,
3046,0,0.8249,0.8249,0.8249,0.8249,0.8249,0.8249,0.8249,0.8249,0.8249,,,,,,,,,,,,,,
3047,0,0.8249,0.8249,0.8249,0.8249,0.8249,0.8249,0.8249,0.8249,0.8249,,,,,,,,,,,,,,
3048,0,0.8249,0.8249,0.8249,0.8249,0.8249,0.8249,0.8249,0.8249,0.8249,,,,,,,,,,,,,,
3049,0,0.8249,0.8249,0.8249,0.8249,0.8249,0.8249,0.8249,0.8249,0.8249,,,,,,,,,,,,,,
3050,0,0.8249,0.8249,0.8249,0.8249,0.8249,0.8249,0.8249,0.8249,0.8249,,,,,,,,,,,,,,
3051,0,0.8249,0.8249,0.8249,0.8249,0.8249,0.8249,0.8249,0.8249,0.8249,,,,,,,,,,,,,,
3052,0,0.8249,0.8249,0.8249,0.8249,0.8249,0.8249,0.8249,0.8249,0.8249,,,,,,,,,,,,,,
3053,0,0.8249,0.8249,0.8249,0.8249,0.8249,0.8249,0.8249,0.8249,0.8249,,,,,,,,,,,,,,
3054,0,0.8249,0.8249,0.8249,0.8249,0.8249,0.8249,0.8249,0.8249,0.8249,,,,,,,,,,,,,,
3055,0,0.8249,0.8249,0.8249,0.8249,0.8249,0.8249,0.8249,0.8249,0.8249,,,,,,,,,,,,,,
3056,0,0.8249,0.8249,0.8249,0.8249,0.8249,0.8249,0.8249,0.8249,0.8249,,,,,,,,,,,,,,
3057,0,0.8249,0.8249,0.8249,0.8249,0.8249,0.8249,0.8249,0.8249,0.8249,,,,,,,,,,,,,,
3058,0,0.8249,0.8249,0.8249,0.8249,0.8249,0.8249,0.8249,0.8249,0.8249,,,,,,,,,,,,,,
3059,0,0.8249,0.8249,0.8249,0.8249,0.8249,0.8249,0.8249,0.8249,0.8249,,,,,,,,,,,,,,
3060,0,0.8249,0.8249,0.8249,0.8249,0.8249,0.8249,0.8249,0.8249,0.8249,,,,,,,,,,,,,,
3061,0,0.8249,0.8249,0.8249,0.8249,0.8249,0.8249,0.8249,0.8249,0.8249,,,,,,,,,,,,,,
3062,0,0.8249,0.8249,0.8249,0.8249,0.8249,0.8249,0.8249,0.8249,0.8249,,,,,,,,,,,,,,
3063,0,0.8249,0.8249,0.8249,0.8249,0.8249,0.8249,0.8249,0.8249,0.8249,,,,,,,,,,,,,,
3064,0,0.8249,0.8249,0.8249,0.8249,0.8249,0.8249,0.8249,0.8249,0.8249,,,,,,,,,,,,,,
3065,0,0.8249,0.8249,0.8249,0.8249,0.8249,0.8249,0.8249,0.8249,0.8249,,,,,,,,,,,,,,
3066,0,0.8249,0.8249,0.8249,0.8249,0.8249,0.8249,0.8249,0.8249,0.8249,,,,,,,,,,,,,,
3067,0,0.8249,0.8249,0.8249,0.8249,0.8249,0.8249,0.8249,0.8249,0.8249,,,,,,,,,,,,,,
3068,0,0.8249,0.8249,0.8249,0.8249,0.8249,0.8249,0.8249,0.8249,0.8249,,,,,,,,,,,,,,
3069,0,0.8249,0.8249,0.8249,0.8249,0.8249,0.8249,0.8249,0.8249,0.8249,,,,,,,,,,,,,,
3070,0,0.8249,0.8249,0.8249,0.8249,0.8249,0.8249,0.8249,0.8249,0.8249,,,,,,,,,,,,,,
3071,0,0.8249,0.8249,0.8249,0.8249,0.8249,0.8249,0.8249,0.8249,0.8249,,,,,,,,,,,,,,
3072,0,0.8249,0.8249,0.8249,0.8249,0.8249,0.8249,0.8249,0.8249,0.8249,,,,,,,,,,,,,,
3073,0,0.8249,0.8249,0.8249,0.8249,0.8249,0.8249,0.8249,0.8249,0.8249,,,,,,,,,,,,,,
3074,0,0.8249,0.8249,0.8249,0.8249,0.8249,0.8249,0.8249,0.8249,0.8249,,,,,,,,,,,,,,
3075,0,0.8249,0.8249,0.8249,0.8249,0.8249,0.8249,0.8249,0.8249,0.8249,,,,,,,,,,,,,,
3076,0,0.8249,0.8249,0.8249,0.8249,0.8249,0.8249,0.8249,0.8249,0.8249,,,,,,,,,,,,,,
3077,0,0.8249,0.8249,0.8249,0.8249,0.8249,0.8249,0.8249,0.8249,0.8249,,,,,,,,,,,,,,
3078,0,0.8249,0.8249,0.8249,0.8249,0.8249,0.8249,0.8249,0.8249,0.8249,,,,,,,,,,,,,,
3079,0,0.8249,0.8249,0.8249,0.8249,0.8249,0.8249,0.8249,0.8249,0.8249,,,,,,,,,,,,,,
3080,0,0.8249,0.8249,0.8249,0.8249,0.8249,0.8249,0.8249,0.8249,0.8249,,,,,,,,,,,,,,
3081,0,0.8249,0.8249,0.8249,0.8249,0.8249,0.8249,0.8249,0.8249,0.8249,,,,,,,,,,,,,,
3082,0,0.8249,0.8249,0.8249,0.8249,0.8249,0.8249,0.8249,0.8249,0.8249,,,,,,,,,,,,,,
3083,0,0.8249,0.8249,0.8249,0.8249,0.8249,0.8249,0.8249,0.8249,0.8249,,,,,,,,,,,,,,
3084,0,0.8249,0.8249,0.8249,0.8249,0.8249,0.8249,0.8249,0.8249,0.8249,,,,,,,,,,,,,,
3085,0,0.8249,0.8249,0.8249,0.8249,0.8249,0.8249,0.8249,0.8249,0.8249,,,,,,,,,,,,,,
3086,0,0.8249,0.8249,0.8249,0.8249,0.8249,0.8249,0.8249,0.8249,0.8249,,,,,,,,,,,,,,
3087,0,0.8249,0.8249,0.8249,0.8249,0.8249,0.8249,0.8249,0.8249,0.8249,,,,,,,,,,,,,,
3088,0,0.8249,0.8249,0.8249,0.8249,0.8249,0.8249,0.8249,0.8249,0.8249,,,,,,,,,,,,,,
3089,0,0.8249,0.8249,0.8249,0.8249,0.8249,0.8249,0.8249,0.8249,0.8249,,,,,,,,,,,,,,
3090,0,0.8249,0.8249,0.8249,0.8249,0.8249,0.8249,0.8249,0.8249,0.8249,,,,,,,,,,,,,,
3091,0,0.8249,0.8249,0.8249,0.8249,0.8249,0.8249,0.8249,0.8249,0.8249,,,,,,,,,,,,,,
3092,0,0.8249,0.8249,0.8249,0.8249,0.8249,0.8249,0.8249,0.8249,0.8249,,,,,,,,,,,,,,
3093,0,0.8249,0.8249,0.8249,0.8249,0.8249,0.8249,0.8249,0.8249,0.8249,,,,,,,,,,,,,,
3094,0,0.8249,0.8249,0.8249,0.8249,0.8249,0.8249,0.8249,0.8249,0.8249,,,,,,,,,,,,,,
3095,0,0.8249,0.8249,0.8249,0.8249,0.8249,0.8249,0.8249,0.8249,0.8249,,,,,,,,,,,,,,
3096,0,0.8249,0.8249,0.8249,0.8249,0.8249,0.8249,0.8249,0.8249,0.8249,,,,,,,,,,,,,,
3097,0,0.8249,0.8249,0.8249,0.8249,0.8249,0.8249,0.8249,0.8249,0.8249,,,,,,,,,,,,,,
3098,0,0.8249,0.8249,0.8249,0.8249,0.8249,0.8249,0.8249,0.8249,0.8249,,,,,,,,,,,,,,
3099,0,0.8249,0.8249,0.8249,0.8249,0.8249,0.8249,0.8249,0.8249,0.8249,,,,,,,,,,,,,,
3100,0,0.8249,0.8249,0.8249,0.8249,0.8249,0.8249,0.8249,0.8249,0.8249,,,,,,,,,,,,,,
3101,0,0.8249,0.8249,0.8249,0.8249,0.8249,0.8249,0.8249,0.8249,0.8249,,,,,,,,,,,,,,
3102,0,0.8249,0.8249,0.8249,0.8249,0.8249,0.8249,0.8249,0.8249,0.8249,,,,,,,,,,,,,,
3103,0,0.8249,0.8249,0.8249,0.8249,0.8249,0.8249,0.8249,0.8249,0.8249,,,,,,,,,,,,,,
3104,0,0.8249,0.8249,0.8249,0.8249,0.8249,0.8249,0.8249,0.8249,0.8249,,,,,,,,,,,,,,
3105,0,0.8249,0.8249,0.8249,0.8249,0.8249,0.8249,0.8249,0.8249,0.8249,,,,,,,,,,,,,,
3106,0,0.8249,0.8249,0.8249,0.8249,0.8249,0.8249,0.8249,0.8249,0.8249,,,,,,,,,,,,,,
3107,0,0.8249,0.8249,0.8249,0.8249,0.8249,0.8249,0.8249,0.8249,0.8249,,,,,,,,,,,,,,
3108,0,0.8249,0.8249,0.8249,0.8249,0.8249,0.8249,0.8249,0.8249,0.8249,,,,,,,,,,,,,,
3109,0,0.8249,0.8249,0.8249,0.8249,0.8249,0.8249,0.8249,0.8249,0.8249,,,,,,,,,,,,,,
3110,0,0.8249,0.8249,0.8249,0.8249,0.8249,0.8249,0.8249,0.8249,0.8249,,,,,,,,,,,,,,
3111,0,0.8249,0.8249,0.8249,0.8249,0.8249,0.8249,0.8249,0.8249,0.8249,,,,,,,,,,,,,,
3112,0,0.8249,0.8249,0.8249,0.8249,0.8249,0.8249,0.8249,0.8249,0.8249,,,,,,,,,,,,,,
3113,0,0.8249,0.8249,0.8249,0.8249,0.8249,0.8249,0.8249,0.8249,0.8249,,,,,,,,,,,,,,
3114,0,0.8249,0.8249,0.8249,0.8249,0.8249,0.8249,0.8249,0.8249,0.8249,,,,,,,,,,,,,,
3115,0,0.8249,0.8249,0.8249,0.8249,0.8249,0.8249,0.8249,0.8249,0.8249,,,,,,,,,,,,,,
3116,0,0.8249,0.8249,0.8249,0.8249,0.8249,0.8249,0.8249,0.8249,0.8249,,,,,,,,,,,,,,
3117,0,0.8249,0.8249,0.8249,0.8249,0.8249,0.8249,0.8249,0.8249,0.8249,,,,,,,,,,,,,,
3118,0,0.8249,0.8249,0.8249,0.8249,0.8249,0.8249,0.8249,0.8249,0.8249,,,,,,,,,,,,,,
3119,0,0.8249,0.8249,0.8249,0.8249,0.8249,0.8249,0.8249,0.8249,0.8249,,,,,,,,,,,,,,
3120,0,0.8249,0.8249,0.8249,0.8249,0.8249,0.8249,0.8249,0.8249,0.8249,,,,,,,,,,,,,,
3121,0,0.8249,0.8249,0.8249,0.8249,0.8249,0.8249,0.8249,0.8249,0.8249,,,,,,,,,,,,,,
3122,0,0.8249,0.8249,0.8249,0.8249,0.8249,0.8249,0.8249,0.8249,0.8249,,,,,,,,,,,,,,
3123,0,0.8249,0.8249,0.8249,0.8249,0.8249,0.8249,0.8249,0.8249,0.8249,,,,,,,,,,,,,,
3124,0,0.8249,0.8249,0.8249,0.8249,0.8249,0.8249,0.8249,0.8249,0.8249,,,,,,,,,,,,,,
3125,0,0.8249,0.8249,0.8249,0.8249,0.8249,0.8249,0.8249,0.8249,0.8249,,,,,,,,,,,,,,
3126,0,0.8249,0.8249,0.8249,0.8249,0.8249,0.8249,0.8249,0.8249,0.8249,,,,,,,,,,,,,,
3127,0,0.8249,0.8249,0.8249,0.8249,0.8249,0.8249,0.8249,0.8249,0.8249,,,,,,,,,,,,,,
3128,0,0.8249,0.8249,0.8249,0.8249,0.8249,0.8249,0.8249,0.8249,0.8249,,,,,,,,,,,,,,
3129,0,0.8249,0.8249,0.8249,0.8249,0.8249,0.8249,0.8249,0.8249,0.8249,,,,,,,,,,,,,,
3130,0,0.8249,0.8249,0.8249,0.8249,0.8249,0.8249,0.8249,0.8249,0.8249,,,,,,,,,,,,,,
3131,0,0.8249,0.8249,0.8249,0.8249,0.8249,0.8249,0.8249,0.8249,0.8249,,,,,,,,,,,,,,
3132,0,0.8249,0.8249,0.8249,0.8249,0.8249,0.8249,0.8249,0.8249,0.8249,,,,,,,,,,,,,,
3133,0,0.8249,0.8249,0.8249,0.8249,0.8249,0.8249,0.8249,0.8249,0.8249,,,,,,,,,,,,,,
3134,0,0.8249,0.8249,0.8249,0.8249,0.8249,0.8249,0.8249,0.8249,0.8249,,,,,,,,,,,,,,
3135,0,0.8249,0.8249,0.8249,0.8249,0.8249,0.8249,0.8249,0.8249,0.8249,,,,,,,,,,,,,,
3136,0,0.8249,0.8249,0.8249,0.8249,0.8249,0.8249,0.8249,0.8249,0.8249,,,,,,,,,,,,,,
3137,0,0.8249,0.8249,0.8249,0.8249,0.8249,0.8249,0.8249,0.8249,0.8249,,,,,,,,,,,,,,
3138,0,0.8249,0.8249,0.8249,0.8249,0.8249,0.8249,0.8249,0.8249,0.8249,,,,,,,,,,,,,,
3139,0,0.8249,0.8249,0.8249,0.8249,0.8249,0.8249,0.8249,0.8249,0.8249,,,,,,,,,,,,,,
3140,0,0.8249,0.8249,0.8249,0.8249,0.8249,0.8249,0.8249,0.8249,0.8249,,,,,,,,,,,,,,
3141,0,0.8249,0.8249,0.8249,0.8249,0.8249,0.8249,0.8249,0.8249,0.8249,,,,,,,,,,,,,,
3142,0,0.8249,0.8249,0.8249,0.8249,0.8249,0.8249,0.8249,0.8249,0.8249,,,,,,,,,,,,,,
3143,0,0.8249,0.8249,0.8249,0.8249,0.8249,0.8249,0.8249,0.8249,0.8249,,,,,,,,,,,,,,
3144,0,0.8249,0.8249,0.8249,0.8249,0.8249,0.8249,0.8249,0.8249,0.8249,,,,,,,,,,,,,,
3145,0,0.8249,0.8249,0.8249,0.8249,0.8249,0.8249,0.8249,0.8249,0.8249,,,,,,,,,,,,,,
3146,0,0.8249,0.8249,0.8249,0.8249,0.8249,0.8249,0.8249,0.8249,0.8249,,,,,,,,,,,,,,
3147,0,0.8249,0.8249,0.8249,0.8249,0.8249,0.8249,0.8249,0.8249,0.8249,,,,,,,,,,,,,,
3148,0,0.8249,0.8249,0.8249,0.8249,0.8249,0.8249,0.8249,0.8249,0.8249,,,,,,,,,,,,,,
3149,0,0.8249,0.8249,0.8249,0.8249,0.8249,0.8249,0.8249,0.8249,0.8249,,,,,,,,,,,,,,
3150,0,0.8249,0.8249,0.8249,0.8249,0.8249,0.8249,0.8249,0.8249,0.8249,,,,,,,,,,,,,,
3151,0,0.8249,0.8249,0.8249,0.8249,0.8249,0.8249,0.8249,0.8249,0.8249,,,,,,,,,,,,,,
3152,0,0.8249,0.8249,0.8249,0.8249,0.8249,0.8249,0.8249,0.8249,0.8249,,,,,,,,,,,,,,
3153,0,0.8249,0.8249,0.8249,0.8249,0.8249,0.8249,0.8249,0.8249,0.8249,,,,,,,,,,,,,,
3154,0,0.8249,0.8249,0.8249,0.8249,0.8249,0.8249,0.8249,0.8249,0.8249,,,,,,,,,,,,,,
3155,0,0.8249,0.8249,0.8249,0.8249,0.8249,0.8249,0.8249,0.8249,0.8249,,,,,,,,,,,,,,
3156,0,0.8249,0.8249,0.8249,0.8249,0.8249,0.8249,0.8249,0.8249,0.8249,,,,,,,,,,,,,,
3157,0,0.8249,0.8249,0.8249,0.8249,0.8249,0.8249,0.8249,0.8249,0.8249,,,,,,,,,,,,,,
3158,0,0.8249,0.8249,0.8249,0.8249,0.8249,0.8249,0.8249,0.8249,0.8249,,,,,,,,,,,,,,
3159,0,0.8249,0.8249,0.8249,0.8249,0.8249,0.8249,0.8249,0.8249,0.8249,,,,,,,,,,,,,,
3160,0,0.8249,0.8249,0.8249,0.8249,0.8249,0.8249,0.8249,0.8249,0.8249,,,,,,,,,,,,,,
3161,0,0.8249,0.8249,0.8249,0.8249,0.8249,0.8249,0.8249,0.8249,0.8249,,,,,,,,,,,,,,
3162,0,0.8249,0.8249,0.8249,0.8249,0.8249,0.8249,0.8249,0.8249,0.8249,,,,,,,,,,,,,,
3163,0,0.8249,0.8249,0.8249,0.8249,0.8249,0.8249,0.8249,0.8249,0.8249,,,,,,,,,,,,,,
3164,0,0.8249,0.8249,0.8249,0.8249,0.8249,0.8249,0.8249,0.8249,0.8249,,,,,,,,,,,,,,
3165,0,0.8249,0.8249,0.8249,0.8249,0.8249,0.8249,0.8249,0.8249,0.8249,,,,,,,,,,,,,,
3166,0,0.8249,0.8249,0.8249,0.8249,0.8249,0.8249,0.8249,0.8249,0.8249,,,,,,,,,,,,,,
3167,0,0.8249,0.8249,0.8249,0.8249,0.8249,0.8249,0.8249,0.8249,0.8249,,,,,,,,,,,,,,
3168,0,0.8249,0.8249,0.8249,0.8249,0.8249,0.8249,0.8249,0.8249,0.8249,,,,,,,,,,,,,,
3169,0,0.8249,0.8249,0.8249,0.8249,0.8249,0.8249,0.8249,0.8249,0.8249,,,,,,,,,,,,,,
3170,0,0.8249,0.8249,0.8249,0.8249,0.8249,0.8249,0.8249,0.8249,0.8249,,,,,,,,,,,,,,
3171,0,0.8249,0.8249,0.8249,0.8249,0.8249,0.8249,0.8249,0.8249,0.8249,,,,,,,,,,,,,,
3172,0,0.8249,0.8249,0.8249,0.8249,0.8249,0.8249,0.8249,0.8249,0.8249,,,,,,,,,,,,,,
3173,0,0.8249,0.8249,0.8249,0.8249,0.8249,0.8249,0.8249,0.8249,0.8249,,,,,,,,,,,,,,
3174,0,0.8249,0.8249,0.8249,0.8249,0.8249,0.8249,0.8249,0.8249,0.8249,,,,,,,,,,,,,,
3175,0,0.8249,0.8249,0.8249,0.8249,0.8249,0.8249,0.8249,0.8249,0.8249,,,,,,,,,,,,,,
3176,0,0.8249,0.8249,0.8249,0.8249,0.8249,0.8249,0.8249,0.8249,0.8249,,,,,,,,,,,,,,
3177,0,0.8249,0.8249,0.8249,0.8249,0.8249,0.8249,0.8249,0.8249,0.8249,,,,,,,,,,,,,,
3178,0,0.8249,0.8249,0.8249,0.8249,0.8249,0.8249,0.8249,0.8249,0.8249,,,,,,,,,,,,,,
3179,0,0.8249,0.8249,0.8249,0.8249,0.8249,0.8249,0.8249,0.8249,0.8249,,,,,,,,,,,,,,
3180,0,0.8249,0.8249,0.8249,0.8249,0.8249,0.8249,0.8249,0.8249,0.8249,,,,,,,,,,,,,,
3181,0,0.8249,0.8249,0.8249,0.8249,0.8249,0.8249,0.8249,0.8249,0.8249,,,,,,,,,,,,,,
3182,0,0.8249,0.8249,0.8249,0.8249,0.8249,0.8249,0.8249,0.8249,0.8249,,,,,,,,,,,,,,
3183,0,0.8249,0.8249,0.8249,0.8249,0.8249,0.8249,0.8249,0.8249,0.8249,,,,,,,,,,,,,,
3184,0,0.8249,0.8249,0.8249,0.8249,0.8249,0.8249,0.8249,0.8249,0.8249,,,,,,,,,,,,,,
3185,0,0.8249,0.8249,0.8249,0.8249,0.8249,0.8249,0.8249,0.8249,0.8249,,,,,,,,,,,,,,
3186,0,0.8249,0.8249,0.8249,0.8249,0.8249,0.8249,0.8249,0.8249,0.8249,,,,,,,,,,,,,,
3187,0,0.8249,0.8249,0.8249,0.8249,0.8249,0.8249,0.8249,0.8249,0.8249,,,,,,,,,,,,,,
3188,0,0.8249,0.8249,0.8249,0.8249,0.8249,0.8249,0.8249,0.8249,0.8249,,,,,,,,,,,,,,
3189,0,0.8249,0.8249,0.8249,0.8249,0.8249,0.8249,0.8249,0.8249,0.8249,,,,,,,,,,,,,,
3190,0,0.8249,0.8249,0.8249,0.8249,0.8249,0.8249,0.8249,0.8249,0.8249,,,,,,,,,,,,,,
3191,0,0.8249,0.8249,0.8249,0.8249,0.8249,0.8249,0.8249,0.8249,0.8249,,,,,,,,,,,,,,
3192,0,0.8249,0.8249,0.8249,0.8249,0.8249,0.8249,0.8249,0.8249,0.8249,,,,,,,,,,,,,,
3193,0,0.8249,0.8249,0.8249,0.8249,0.8249,0.8249,0.8249,0.8249,0.8249,,,,,,,,,,,,,,
3194,0,0.8249,0.8249,0.8249,0.8249,0.8249,0.8249,0.8249,0.8249,0.8249,,,,,,,,,,,,,,
3195,0,0.8249,0.8249,0.8249,0.8249,0.8249,0.8249,0.8249,0.8249,0.8249,,,,,,,,,,,,,,
3196,0,0.8249,0.8249,0.8249,0.8249,0.8249,0.8249,0.8249,0.8249,0.8249,,,,,,,,,,,,,,
3197,0,0.8249,0.8249,0.8249,0.8249,0.8249,0.8249,0.8249,0.8249,0.8249,,,,,,,,,,,,,,
3198,0,0.8249,0.8249,0.8249,0.8249,0.8249,0.8249,0.8249,0.8249,0.8249,,,,,,,,,,,,,,
3199,0,0.8249,0.8249,0.8249,0.8249,0.8249,0.8249,0.8249,0.8249,0.8249,,,,,,,,,,,,,,
3200,0,0.8249,0.8249,0.8249,0.8249,0.8249,0.8249,0.8249,0.8249,0.8249,,,,,,,,,,,,,,
3201,0,0.8249,0.8249,0.8249,0.8249,0.8249,0.8249,0.8249,0.8249,0.8249,,,,,,,,,,,,,,
3202,0,0.8249,0.8249,0.8249,0.8249,0.8249,0.8249,0.8249,0.8249,0.8249,,,,,,,,,,,,,,
3203,0,0.8249,0.8249,0.8249,0.8249,0.8249,0.8249,0.8249,0.8249,0.8249,,,,,,,,,,,,,,
3204,0,0.8249,0.8249,0.8249,0.8249,0.8249,0.8249,0.8249,0.8249,0.8249,,,,,,,,,,,,,,
3205,0,0.8249,0.8249,0.8249,0.8249,0.8249,0.8249,0.8249,0.8249,0.8249,,,,,,,,,,,,,,
3206,0,0.8249,0.8249,0.8249,0.8249,0.8249,0.8249,0.8249,0.8249,0.8249,,,,,,,,,,,,,,
3207,0,0.8249,0.8249,0.8249,0.8249,0.8249,0.8249,0.8249,0.8249,0.8249,,,,,,,,,,,,,,
3208,0,0.8249,0.8249,0.8249,0.8249,0.8249,0.8249,0.8249,0.8249,0.8249,,,,,,,,,,,,,,
3209,0,0.8249,0.8249,0.8249,0.8249,0.8249,0.8249,0.8249,0.8249,0.8249,,,,,,,,,,,,,,
3210,0,0.8249,0.8249,0.8249,0.8249,0.8249,0.8249,0.8249,0.8249,0.8249,,,,,,,,,,,,,,
3211,0,0.8249,0.8249,0.8249,0.8249,0.8249,0.8249,0.8249,0.8249,0.8249,,,,,,,,,,,,,,
3212,0,0.8249,0.8249,0.8249,0.8249,0.8249,0.8249,0.8249,0.8249,0.8249,,,,,,,,,,,,,,
3213,0,0.8249,0.8249,0.8249,0.8249,0.8249,0.8249,0.8249,0.8249,0.8249,,,,,,,,,,,,,,
3214,0,0.8249,0.8249,0.8249,0.8249,0.8249,0.8249,0.8249,0.8249,0.8249,,,,,,,,,,,,,,
3215,0,0.8249,0.8249,0.8249,0.8249,0.8249,0.8249,0.8249,0.8249,0.8249,,,,,,,,,,,,,,
3216,0,0.8249,0.8249,0.8249,0.8249,0.8249,0.8249,0.8249,0.8249,0.8249,,,,,,,,,,,,,,
3217,0,0.8249,0.8249,0.8249,0.8249,0.8249,0.8249,0.8249,0.8249,0.8249,,,,,,,,,,,,,,
3218,0,0.8249,0.8249,0.8249,0.8249,0.8249,0.8249,0.8249,0.8249,0.8249,,,,,,,,,,,,,,
3219,0,0.8249,0.8249,0.8249,0.8249,0.8249,0.8249,0.8249,0.8249,0.8249,,,,,,,,,,,,,,
3220,0,0.8249,0.8249,0.8249,0.8249,0.8249,0.8249,0.8249,0.8249,0.8249,,,,,,,,,,,,,,
3221,0,0.8249,0.8249,0.8249,0.8249,0.8249,0.8249,0.8249,0.8249,0.8249,,,,,,,,,,,,,,
3222,0,0.8249,0.8249,0.8249,0.8249,0.8249,0.8249,0.8249,0.8249,0.8249,,,,,,,,,,,,,,
3223,0,0.8249,0.8249,0.8249,0.8249,0.8249,0.8249,0.8249,0.8249,0.8249,,,,,,,,,,,,,,
3224,0,0.8249,0.8249,0.8249,0.8249,0.8249,0.8249,0.8249,0.8249,0.8249,,,,,,,,,,,,,,
3225,0,0.8249,0.8249,0.8249,0.8249,0.8249,0.8249,0.8249,0.8249,0.8249,,,,,,,,,,,,,,
3226,0,0.8249,0.8249,0.8249,0.8249,0.8249,0.8249,0.8249,0.8249,0.8249,,,,,,,,,,,,,,
3227,0,0.8249,0.8249,0.8249,0.8249,0.8249,0.8249,0.8249,0.8249,0.8249,,,,,,,,,,,,,,
3228,0,0.8249,0.8249,0.8249,0.8249,0.8249,0.8249,0.8249,0.8249,0.8249,,,,,,,,,,,,,,
3229,0,0.8249,0.8249,0.8249,0.8249,0.8249,0.8249,0.8249,0.8249,0.8249,,,,,,,,,,,,,,
3230,0,0.8249,0.8249,0.8249,0.8249,0.8249,0.8249,0.8249,0.8249,0.8249,,,,,,,,,,,,,,
3231,0,0.8249,0.8249,0.8249,0.8249,0.8249,0.8249,0.8249,0.8249,0.8249,,,,,,,,,,,,,,
3232,0,0.8249,0.8249,0.8249,0.8249,0.8249,0.8249,0.8249,0.8249,0.8249,,,,,,,,,,,,,,
3233,0,0.8249,0.8249,0.8249,0.8249,0.8249,0.8249,0.8249,0.8249,0.8249,,,,,,,,,,,,,,
3234,0,0.8249,0.8249,0.8249,0.8249,0.8249,0.8249,0.8249,0.8249,0.8249,,,,,,,,,,,,,,
3235,0,0.8249,0.8249,0.8249,0.8249,0.8249,0.8249,0.8249,0.8249,0.8249,,,,,,,,,,,,,,
3236,0,0.8249,0.8249,0.8249,0.8249,0.8249,0.8249,0.8249,0.8249,0.8249,,,,,,,,,,,,,,
3237,0,0.8249,0.8249,0.8249,0.8249,0.8249,0.8249,0.8249,0.8249,0.8249,,,,,,,,,,,,,,
3238,0,0.8249,0.8249,0.8249,0.8249,0.8249,0.8249,0.8249,0.8249,0.8249,,,,,,,,,,,,,,
3239,0,0.8249,0.8249,0.8249,0.8249,0.8249,0.8249,0.8249,0.8249,0.8249,,,,,,,,,,,,,,
3240,0,0.8249,0.8249,0.8249,0.8249,0.8249,0.8249,0.8249,0.8249,0.8249,,,,,,,,,,,,,,
3241,0,0.8249,0.8249,0.8249,0.8249,0.8249,0.8249,0.8249,0.8249,0.8249,,,,,,,,,,,,,,
3242,0,0.8249,0.8249,0.8249,0.8249,0.8249,0.8249,0.8249,0.8249,0.8249,,,,,,,,,,,,,,
3243,0,0.8249,0.8249,0.8249,0.8249,0.8249,0.8249,0.8249,0.8249,0.8249,,,,,,,,,,,,,,
3244,0,0.8249,0.8249,0.8249,0.8249,0.8249,0.8249,0.8249,0.8249,0.8249,,,,,,,,,,,,,,
3245,0,0.8249,0.8249,0.8249,0.8249,0.8249,0.8249,0.8249,0.8249,0.8249,,,,,,,,,,,,,,
3246,0,0.8249,0.8249,0.8249,0.8249,0.8249,0.8249,0.8249,0.8249,0.8249,,,,,,,,,,,,,,
3247,0,0.8249,0.8249,0.8249,0.8249,0.8249,0.8249,0.8249,0.8249,0.8249,,,,,,,,,,,,,,
3248,0,0.8249,0.8249,0.8249,0.8249,0.8249,0.8249,0.8249,0.8249,0.8249,,,,,,,,,,,,,,
3249,0,0.8249,0.8249,0.8249,0.8249,0.8249,0.8249,0.8249,0.8249,0.8249,,,,,,,,,,,,,,
3250,0,0.8249,0.8249,0.8249,0.8249,0.8249,0.8249,0.8249,0.8249,0.8249,,,,,,,,,,,,,,
3251,0,0.8249,0.8249,0.8249,0.8249,0.8249,0.8249,0.8249,0.8249,0.8249,,,,,,,,,,,,,,
3252,0,0.8249,0.8249,0.8249,0.8249,0.8249,0.8249,0.8249,0.8249,0.8249,,,,,,,,,,,,,,
3253,0,0.8249,0.8249,0.8249,0.8249,0.8249,0.8249,0.8249,0.8249,0.8249,,,,,,,,,,,,,,
3254,0,0.8249,0.8249,0.8249,0.8249,0.8249,0.8249,0.8249,0.8249,0.8249,,,,,,,,,,,,,,
3255,0,0.8249,0.8249,0.8249,0.8249,0.8249,0.8249,0.8249,0.8249,0.8249,,,,,,,,,,,,,,
3256,0,0.8249,0.8249,0.8249,0.8249,0.8249,0.8249,0.8249,0.8249,0.8249,,,,,,,,,,,,,,
3257,0,0.8249,0.8249,0.8249,0.8249,0.8249,0.8249,0.8249,0.8249,0.8249,,,,,,,,,,,,,,
3258,0,0.8249,0.8249,0.8249,0.8249,0.8249,0.8249,0.8249,0.8249,0.8249,,,,,,,,,,,,,,
3259,0,0.8249,0.8249,0.8249,0.8249,0.8249,0.8249,0.8249,0.8249,0.8249,,,,,,,,,,,,,,
3260,0,0.8249,0.8249,0.8249,0.8249,0.8249,0.8249,0.8249,0.8249,0.8249,,,,,,,,,,,,,,
3261,0,0.8249,0.8249,0.8249,0.8249,0.8249,0.8249,0.8249,0.8249,0.8249,,,,,,,,,,,,,,
3262,0,0.8249,0.8249,0.8249,0.8249,0.8249,0.8249,0.8249,0.8249,0.8249,,,,,,,,,,,,,,
3263,0,0.8249,0.8249,0.8249,0.8249,0.8249,0.8249,0.8249,0.8249,0.8249,,,,,,,,,,,,,,
3264,0,0.8249,0.8249,0.8249,0.8249,0.8249,0.8249,0.8249,0.8249,0.8249,,,,,,,,,,,,,,
3265,0,0.8249,0.8249,0.8249,0.8249,0.8249,0.8249,0.8249,0.8249,0.8249,,,,,,,,,,,,,,
3266,0,0.8249,0.8249,0.8249,0.8249,0.8249,0.8249,0.8249,0.8249,0.8249,,,,,,,,,,,,,,
3267,0,0.8249,0.8249,0.8249,0.8249,0.8249,0.8249,0.8249,0.8249,0.8249,,,,,,,,,,,,,,
3268,0,0.8249,0.8249,0.8249,0.8249,0.8249,0.8249,0.8249,0.8249,0.8249,,,,,,,,,,,,,,
3269,0,0.8249,0.8249,0.8249,0.8249,0.8249,0.8249,0.8249,0.8249,0.8249,,,,,,,,,,,,,,
3270,0,0.8249,0.8249,0.8249,0.8249,0.8249,0.8249,0.8249,0.8249,0.8249,,,,,,,,,,,,,,
3271,0,0.8249,0.8249,0.8249,0.8249,0.8249,0.8249,0.8249,0.8249,0.8249,,,,,,,,,,,,,,
3272,0,0.8249,0.8249,0.8249,0.8249,0.8249,0.8249,0.8249,0.8249,0.8249,,,,,,,,,,,,,,
3273,0,0.8249,0.8249,0.8249,0.8249,0.8249,0.8249,0.8249,0.8249,0.8249,,,,,,,,,,,,,,
3274,0,0.8249,0.8249,0.8249,0.8249,0.8249,0.8249,0.8249,0.8249,0.8249,,,,,,,,,,,,,,
3275,0,0.8249,0.8249,0.8249,0.8249,0.8249,0.8249,0.8249,0.8249,0.8249,,,,,,,,,,,,,,
3276,0,0.8249,0.8249,0.8249,0.8249,0.8249,0.8249,0.8249,0.8249,0.8249,,,,,,,,,,,,,,
3277,0,0.8249,0.8249,0.8249,0.8249,0.8249,0.8249,0.8249,0.8249,0.8249,,,,,,,,,,,,,,
3278,0,0.8249,0.8249,0.8249,0.8249,0.8249,0.8249,0.8249,0.8249,0.8249,,,,,,,,,,,,,,
3279,0,0.8249,0.8249,0.8249,0.8249,0.8249,0.8249,0.8249,0.8249,0.8249,,,,,,,,,,,,,,
3280,0,0.8249,0.8249,0.8249,0.8249,0.8249,0.8249,0.8249,0.8249,0.8249,,,,,,,,,,,,,,
3281,0,0.8249,0.8249,0.8249,0.8249,0.8249,0.8249,0.8249,0.8249,0.8249,,,,,,,,,,,,,,
3282,0,0.8249,0.8249,0.8249,0.8249,0.8249,0.8249,0.8249,0.8249,0.8249,,,,,,,,,,,,,,
3283,0,0.8249,0.8249,0.8249,0.8249,0.8249,0.8249,0.8249,0.8249,0.8249,,,,,,,,,,,,,,
3284,0,0.8249,0.8249,0.8249,0.8249,0.8249,0.8249,0.8249,0.8249,0.8249,,,,,,,,,,,,,,
3285,0,0.8249,0.8249,0.8249,0.8249,0.8249,0.8249,0.8249,0.8249,0.8249,,,,,,,,,,,,,,
3286,0,0.8249,0.8249,0.8249,0.8249,0.8249,0.8249,0.8249,0.8249,0.8249,,,,,,,,,,,,,,
3287,0,0.8249,0.8249,0.8249,0.8249,0.8249,0.8249,0.8249,0.8249,0.8249,,,,,,,,,,,,,,
3288,0,0.8249,0.8249,0.8249,0.8249,0.8249,0.8249,0.8249,0.8249,0.8249,,,,,,,,,,,,,,
3289,0,0.8249,0.8249,0.8249,0.8249,0.8249,0.8249,0.8249,0.8249,0.8249,,,,,,,,,,,,,,
3290,0,0.8249,0.8249,0.8249,0.8249,0.8249,0.8249,0.8249,0.8249,0.8249,,,,,,,,,,,,,,
3291,0,0.8249,0.8249,0.8249,0.8249,0.8249,0.8249,0.8249,0.8249,0.8249,,,,,,,,,,,,,,
3292,0,0.8249,0.8249,0.8249,0.8249,0.8249,0.8249,0.8249,0.8249,0.8249,,,,,,,,,,,,,,
3293,0,0.8249,0.8249,0.8249,0.8249,0.8249,0.8249,0.8249,0.8249,0.8249,,,,,,,,,,,,,,
3294,0,0.8249,0.8249,0.8249,0.8249,0.8249,0.8249,0.8249,0.8249,0.8249,,,,,,,,,,,,,,
3295,0,0.8249,0.8249,0.8249,0.8249,0.8249,0.8249,0.8249,0.8249,0.8249,,,,,,,,,,,,,,
3296,0,0.8249,0.8249,0.8249,0.8249,0.8249,0.8249,0.8249,0.8249,0.8249,,,,,,,,,,,,,,
3297,0,0.8249,0.8249,0.8249,0.8249,0.8249,0.8249,0.8249,0.8249,0.8249,,,,,,,,,,,,,,
3298,0,0.8249,0.8249,0.8249,0.8249,0.8249,0.8249,0.8249,0.8249,0.8249,,,,,,,,,,,,,,
3299,0,0.8249,0.8249,0.8249,0.8249,0.8249,0.8249,0.8249,0.8249,0.8249,,,,,,,,,,,,,,
3300,0,0.8249,0.8249,0.8249,0.8249,0.8249,0.8249,0.8249,0.8249,0.8249,,,,,,,,,,,,,,
3301,0,0.8249,0.8249,0.8249,0.8249,0.8249,0.8249,0.8249,0.8249,0.8249,,,,,,,,,,,,,,
3302,0,0.8249,0.8249,0.8249,0.8249,0.8249,0.8249,0.8249,0.8249,0.8249,,,,,,,,,,,,,,
3303,0,0.8249,0.8249,0.8249,0.8249,0.8249,0.8249,0.8249,0.8249,0.8249,,,,,,,,,,,,,,
3304,0,0.8249,0.8249,0.8249,0.8249,0.8249,0.8249,0.8249,0.8249,0.8249,,,,,,,,,,,,,,
3305,0,0.8249,0.8249,0.8249,0.8249,0.8249,0.8249,0.8249,0.8249,0.8249,,,,,,,,,,,,,,
3306,0,0.8249,0.8249,0.8249,0.8249,0.8249,0.8249,0.8249,0.8249,0.8249,,,,,,,,,,,,,,
3307,0,0.8249,0.8249,0.8249,0.8249,0.8249,0.8249,0.8249,0.8249,0.8249,,,,,,,,,,,,,,
3308,0,0.8249,0.8249,0.8249,0.8249,0.8249,0.8249,0.8249,0.8249,0.8249,,,,,,,,,,,,,,
3309,0,0.8249,0.8249,0.8249,0.8249,0.8249,0.8249,0.8249,0.8249,0.8249,,,,,,,,,,,,,,
3310,0,0.8249,0.8249,0.8249,0.8249,0.8249,0.8249,0.8249,0.8249,0.8249,,,,,,,,,,,,,,
3311,0,0.8249,0.8249,0.8249,0.8249,0.8249,0.8249,0.8249,0.8249,0.8249,,,,,,,,,,,,,,
3312,0,0.8249,0.8249,0.8249,0.8249,0.8249,0.8249,0.8249,0.8249,0.8249,,,,,,,,,,,,,,
3313,0,0.8249,0.8249,0.8249,0.8249,0.8249,0.8249,0.8249,0.8249,0.8249,,,,,,,,,,,,,,
3314,0,0.8249,0.8249,0.8249,0.8249,0.8249,0.8249,0.8249,0.8249,0.8249,,,,,,,,,,,,,,
3315,0,0.8249,0.8249,0.8249,0.8249,0.8249,0.8249,0.8249,0.8249,0.8249,,,,,,,,,,,,,,
3316,0,0.8249,0.8249,0.8249,0.8249,0.8249,0.8249,0.8249,0.8249,0.8249,,,,,,,,,,,,,,
3317,0,0.8249,0.8249,0.8249,0.8249,0.8249,0.8249,0.8249,0.8249,0.8249,,,,,,,,,,,,,,
3318,0,0.8249,0.8249,0.8249,0.8249,0.8249,0.8249,0.8249,0.8249,0.8249,,,,,,,,,,,,,,
3319,0,0.8249,0.8249,0.8249,0.8249,0.8249,0.8249,0.8249,0.8249,0.8249,,,,,,,,,,,,,,
3320,0,0.8249,0.8249,0.8249,0.8249,0.8249,0.8249,0.8249,0.8249,0.8249,,,,,,,,,,,,,,
3321,0,0.8249,0.8249,0.8249,0.8249,0.8249,0.8249,0.8249,0.8249,0.8249,,,,,,,,,,,,,,
3322,0,0.8249,0.8249,0.8249,0.8249,0.8249,0.8249,0.8249,0.8249,0.8249,,,,,,,,,,,,,,
3323,0,0.8249,0.8249,0.8249,0.8249,0.8249,0.8249,0.8249,0.8249,0.8249,,,,,,,,,,,,,,
3324,0,0.8249,0.8249,0.8249,0.8249,0.8249,0.8249,0.8249,0.8249,0.8249,,,,,,,,,,,,,,
3325,0,0.8249,0.8249,0.8249,0.8249,0.8249,0.8249,0.8249,0.8249,0.8249,,,,,,,,,,,,,,
3326,0,0.8249,0.8249,0.8249,0.8249,0.8249,0.8249,0.8249,0.8249,0.8249,,,,,,,,,,,,,,
3327,0,0.8249,0.8249,0.8249,0.8249,0.8249,0.8249,0.8249,0.8249,0.8249,,,,,,,,,,,,,,
3328,0,0.8249,0.8249,0.8249,0.8249,0.8249,0.8249,0.8249,0.8249,0.8249,,,,,,,,,,,,,,
3329,0,0.8249,0.8249,0.8249,0.8249,0.8249,0.8249,0.8249,0.8249,0.8249,,,,,,,,,,,,,,
3330,0,0.8249,0.8249,0.8249,0.8249,0.8249,0.8249,0.8249,0.8249,0.8249,,,,,,,,,,,,,,
3331,0,0.8249,0.8249,0.8249,0.8249,0.8249,0.8249,0.8249,0.8249,0.8249,,,,,,,,,,,,,,
3332,0,0.8249,0.8249,0.8249,0.8249,0.8249,0.8249,0.8249,0.8249,0.8249,,,,,,,,,,,,,,
3333,0,0.8249,0.8249,0.8249,0.8249,0.8249,0.8249,0.8249,0.8249,0.8249,,,,,,,,,,,,,,
3334,0,0.8249,0.8249,0.8249,0.8249,0.8249,0.8249,0.8249,0.8249,0.8249,,,,,,,,,,,,,,
3335,0,0.8249,0.8249,0.8249,0.8249,0.8249,0.8249,0.8249,0.8249,0.8249,,,,,,,,,,,,,,
3336,0,0.8249,0.8249,0.8249,0.8249,0.8249,0.8249,0.8249,0.8249,0.8249,,,,,,,,,,,,,,
3337,0,0.8249,0.8249,0.8249,0.8249,0.8249,0.8249,0.8249,0.8249,0.8249,,,,,,,,,,,,,,
3338,0,0.8249,0.8249,0.8249,0.8249,0.8249,0.8249,0.8249,0.8249,0.8249,,,,,,,,,,,,,,
3339,0,0.8249,0.8249,0.8249,0.8249,0.8249,0.8249,0.8249,0.8249,0.8249,,,,,,,,,,,,,,
3340,0,0.8249,0.8249,0.8249,0.8249,0.8249,0.8249,0.8249,0.8249,0.8249,,,,,,,,,,,,,,
3341,0,0.8249,0.8249,0.8249,0.8249,0.8249,0.8249,0.8249,0.8249,0.8249,,,,,,,,,,,,,,
3342,0,0.8249,0.8249,0.8249,0.8249,0.8249,0.8249,0.8249,0.8249,0.8249,,,,,,,,,,,,,,
3343,0,0.8249,0.8249,0.8249,0.8249,0.8249,0.8249,0.8249,0.8249,0.8249,,,,,,,,,,,,,,
3344,0,0.8249,0.8249,0.8249,0.8249,0.8249,0.8249,0.8249,0.8249,0.8249,,,,,,,,,,,,,,
3345,0,0.8249,0.8249,0.8249,0.8249,0.8249,0.8249,0.8249,0.8249,0.8249,,,,,,,,,,,,,,
3346,0,0.8249,0.8249,0.8249,0.8249,0.8249,0.8249,0.8249,0.8249,0.8249,,,,,,,,,,,,,,
3347,0,0.8249,0.8249,0.8249,0.8249,0.8249,0.8249,0.8249,0.8249,0.8249,,,,,,,,,,,,,,
3348,0,0.8249,0.8249,0.8249,0.8249,0.8249,0.8249,0.8249,0.8249,0.8249,,,,,,,,,,,,,,
3349,0,0.8249,0.8249,0.8249,0.8249,0.8249,0.8249,0.8249,0.8249,0.8249,,,,,,,,,,,,,,
3350,0,0.8249,0.8249,0.8249,0.8249,0.8249,0.8249,0.8249,0.8249,0.8249,,,,,,,,,,,,,,
3351,0,0.8249,0.8249,0.8249,0.8249,0.8249,0.8249,0.8249,0.8249,0.8249,,,,,,,,,,,,,,
3352,0,0.8249,0.8249,0.8249,0.8249,0.8249,0.8249,0.8249,0.8249,0.8249,,,,,,,,,,,,,,
3353,0,0.8249,0.8249,0.8249,0.8249,0.8249,0.8249,0.8249,0.8249,0.8249,,,,,,,,,,,,,,
3354,0,0.8249,0.8249,0.8249,0.8249,0.8249,0.8249,0.8249,0.8249,0.8249,,,,,,,,,,,,,,
3355,0,0.8249,0.8249,0.8249,0.8249,0.8249,0.8249,0.8249,0.8249,0.8249,,,,,,,,,,,,,,
3356,0,0.8249,0.8249,0.8249,0.8249,0.8249,0.8249,0.8249,0.8249,0.8249,,,,,,,,,,,,,,
3357,0,0.8249,0.8249,0.8249,0.8249,0.8249,0.8249,0.8249,0.8249,0.8249,,,,,,,,,,,,,,
3358,0,0.8249,0.8249,0.8249,0.8249,0.8249,0.8249,0.8249,0.8249,0.8249,,,,,,,,,,,,,,
3359,0,0.8249,0.8249,0.8249,0.8249,0.8249,0.8249,0.8249,0.8249,0.8249,,,,,,,,,,,,,,
3360,0,0.8249,0.8249,0.8249,0.8249,0.8249,0.8249,0.8249,0.8249,0.8249,,,,,,,,,,,,,,
3361,0,0.8249,0.8249,0.8249,0.8249,0.8249,0.8249,0.8249,0.8249,0.8249,,,,,,,,,,,,,,
3362,0,0.8249,0.8249,0.8249,0.8249,0.8249,0.8249,0.8249,0.8249,0.8249,,,,,,,,,,,,,,
3363,0,0.8249,0.8249,0.8249,0.8249,0.8249,0.8249,0.8249,0.8249,0.8249,,,,,,,,,,,,,,
3364,0,0.8249,0.8249,0.8249,0.8249,0.8249,0.8249,0.8249,0.8249,0.8249,,,,,,,,,,,,,,
3365,0,0.8249,0.8249,0.8249,0.8249,0.8249,0.8249,0.8249,0.8249,0.8249,,,,,,,,,,,,,,
3366,0,0.8249,0.8249,0.8249,0.8249,0.8249,0.8249,0.8249,0.8249,0.8249,,,,,,,,,,,,,,
3367,0,0.8249,0.8249,0.8249,0.8249,0.8249,0.8249,0.8249,0.8249,0.8249,,,,,,,,,,,,,,
3368,0,0.8249,0.8249,0.8249,0.8249,0.8249,0.8249,0.8249,0.8249,0.8249,,,,,,,,,,,,,,
3369,0,0.8249,0.8249,0.8249,0.8249,0.8249,0.8249,0.8249,0.8249,0.8249,,,,,,,,,,,,,,
3370,0,0.8249,0.8249,0.8249,0.8249,0.8249,0.8249,0.8249,0.8249,0.8249,,,,,,,,,,,,,,
3371,0,0.8249,0.8249,0.8249,0.8249,0.8249,0.8249,0.8249,0.8249,0.8249,,,,,,,,,,,,,,
3372,0,0.8249,0.8249,0.8249,0.8249,0.8249,0.8249,0.8249,0.8249,0.8249,,,,,,,,,,,,,,
3373,0,0.8249,0.8249,0.8249,0.8249,0.8249,0.8249,0.8249,0.8249,0.8249,,,,,,,,,,,,,,
3374,0,0.8249,0.8249,0.8249,0.8249,0.8249,0.8249,0.8249,0.8249,0.8249,,,,,,,,,,,,,,
3375,0,0.8249,0.8249,0.8249,0.8249,0.8249,0.8249,0.8249,0.8249,0.8249,,,,,,,,,,,,,,
3376,0,0.8249,0.8249,0.8249,0.8249,0.8249,0.8249,0.8249,0.8249,0.8249,,,,,,,,,,,,,,
3377,0,0.8249,0.8249,0.8249,0.8249,0.8249,0.8249,0.8249,0.8249,0.8249,,,,,,,,,,,,,,
3378,0,0.8249,0.8249,0.8249,0.8249,0.8249,0.8249,0.8249,0.8249,0.8249,,,,,,,,,,,,,,
3379,0,0.8249,0.8249,0.8249,0.8249,0.8249,0.8249,0.8249,0.8249,0.8249,,,,,,,,,,,,,,
3380,0,0.8249,0.8249,0.8249,0.8249,0.8249,0.8249,0.8249,0.8249,0.8249,,,,,,,,,,,,,,
3381,0,0.8249,0.8249,0.8249,0.8249,0.8249,0.8249,0.8249,0.8249,0.8249,,,,,,,,,,,,,,
3382,0,0.8249,0.8249,0.8249,0.8249,0.8249,0.8249,0.8249,0.8249,0.8249,,,,,,,,,,,,,,
3383,0,0.8249,0.8249,0.8249,0.8249,0.8249,0.8249,0.8249,0.8249,0.8249,,,,,,,,,,,,,,
3384,0,0.8249,0.8249,0.8249,0.8249,0.8249,0.8249,0.8249,0.8249,0.8249,,,,,,,,,,,,,,
3385,0,0.8249,0.8249,0.8249,0.8249,0.8249,0.8249,0.8249,0.8249,0.8249,,,,,,,,,,,,,,
3386,0,0.8249,0.8249,0.8249,0.8249,0.8249,0.8249,0.8249,0.8249,0.8249,,,,,,,,,,,,,,
3387,0,0.8249,0.8249,0.8249,0.8249,0.8249,0.8249,0.8249,0.8249,0.8249,,,,,,,,,,,,,,
3388,0,0.8249,0.8249,0.8249,0.8249,0.8249,0.8249,0.8249,0.8249,0.8249,,,,,,,,,,,,,,
3389,0,0.8249,0.8249,0.8249,0.8249,0.8249,0.8249,0.8249,0.8249,0.8249,,,,,,,,,,,,,,
3390,0,0.8249,0.8249,0.8249,0.8249,0.8249,0.8249,0.8249,0.8249,0.8249,,,,,,,,,,,,,,
3391,0,0.8249,0.8249,0.8249,0.8249,0.8249,0.8249,0.8249,0.8249,0.8249,,,,,,,,,,,,,,
3392,0,0.8249,0.8249,0.8249,0.8249,0.8249,0.8249,0.8249,0.8249,0.8249,,,,,,,,,,,,,,
3393,0,0.8249,0.8249,0.8249,0.8249,0.8249,0.8249,0.8249,0.8249,0.8249,,,,,,,,,,,,,,
3394,0,0.8249,0.8249,0.8249,0.8249,0.8249,0.8249,0.8249,0.8249,0.8249,,,,,,,,,,,,,,
3395,0,0.8249,0.8249,0.8249,0.8249,0.8249,0.8249,0.8249,0.8249,0.8249,,,,,,,,,,,,,,
3396,0,0.8249,0.8249,0.8249,0.8249,0.8249,0.8249,0.8249,0.8249,0.8249,,,,,,,,,,,,,,
3397,0,0.8249,0.8249,0.8249,0.8249,0.8249,0.8249,0.8249,0.8249,0.8249,,,,,,,,,,,,,,
3398,0,0.8249,0.8249,0.8249,0.8249,0.8249,0.8249,0.8249,0.8249,0.8249,,,,,,,,,,,,,,
3399,0,0.8249,0.8249,0.8249,0.8249,0.8249,0.8249,0.8249,0.8249,0.8249,,,,,,,,,,,,,,
3400,0,0.8249,0.8249,0.8249,0.8249,0.8249,0.8249,0.8249,0.8249,0.8249,,,,,,,,,,,,,,
3401,0,0.8249,0.8249,0.8249,0.8249,0.8249,0.8249,0.8249,0.8249,0.8249,,,,,,,,,,,,,,
3402,0,0.8249,0.8249,0.8249,0.8249,0.8249,0.8249,0.8249,0.8249,0.8249,,,,,,,,,,,,,,
3403,0,0.8249,0.8249,0.8249,0.8249,0.8249,0.8249,0.8249,0.8249,0.8249,,,,,,,,,,,,,,
3404,0,0.8249,0.8249,0.8249,0.8249,0.8249,0.8249,0.8249,0.8249,0.8249,,,,,,,,,,,,,,
3405,0,0.8249,0.8249,0.8249,0.8249,0.8249,0.8249,0.8249,0.8249,0.8249,,,,,,,,,,,,,,
3406,0,0.8249,0.8249,0.8249,0.8249,0.8249,0.8249,0.8249,0.8249,0.8249,,,,,,,,,,,,,,
3407,0,0.8249,0.8249,0.8249,0.8249,0.8249,0.8249,0.8249,0.8249,0.8249,,,,,,,,,,,,,,
3408,0,0.8249,0.8249,0.8249,0.8249,0.8249,0.8249,0.8249,0.8249,0.8249,,,,,,,,,,,,,,
3409,0,0.8249,0.8249,0.8249,0.8249,0.8249,0.8249,0.8249,0.8249,0.8249,,,,,,,,,,,,,,
3410,0,0.8249,0.8249,0.8249,0.8249,0.8249,0.8249,0.8249,0.8249,0.8249,,,,,,,,,,,,,,
3411,0,0.8249,0.8249,0.8249,0.8249,0.8249,0.8249,0.8249,0.8249,0.8249,,,,,,,,,,,,,,
3412,0,0.8249,0.8249,0.8249,0.8249,0.8249,0.8249,0.8249,0.8249,0.8249,,,,,,,,,,,,,,
3413,0,0.8249,0.8249,0.8249,0.8249,0.8249,0.8249,0.8249,0.8249,0.8249,,,,,,,,,,,,,,
3414,0,0.8249,0.8249,0.8249,0.8249,0.8249,0.8249,0.8249,0.8249,0.8249,,,,,,,,,,,,,,
3415,0,0.8249,0.8249,0.8249,0.8249,0.8249,0.8249,0.8249,0.8249,0.8249,,,,,,,,,,,,,,
3416,0,0.8249,0.8249,0.8249,0.8249,0.8249,0.8249,0.8249,0.8249,0.8249,,,,,,,,,,,,,,
3417,0,0.8249,0.8249,0.8249,0.8249,0.8249,0.8249,0.8249,0.8249,0.8249,,,,,,,,,,,,,,
3418,0,0.8249,0.8249,0.8249,0.8249,0.8249,0.8249,0.8249,0.8249,0.8249,,,,,,,,,,,,,,
3419,0,0.8249,0.8249,0.8249,0.8249,0.8249,0.8249,0.8249,0.8249,0.8249,,,,,,,,,,,,,,
3420,0,0.8249,0.8249,0.8249,0.8249,0.8249,0.8249,0.8249,0.8249,0.8249,,,,,,,,,,,,,,
3421,0,0.8249,0.8249,0.8249,0.8249,0.8249,0.8249,0.8249,0.8249,0.8249,,,,,,,,,,,,,,
3422,0,0.8249,0.8249,0.8249,0.8249,0.8249,0.8249,0.8249,0.8249,0.8249,,,,,,,,,,,,,,
3423,0,0.8249,0.8249,0.8249,0.8249,0.8249,0.8249,0.8249,0.8249,0.8249,,,,,,,,,,,,,,
3424,0,0.8249,0.8249,0.8249,0.8249,0.8249,0.8249,0.8249,0.8249,0.8249,,,,,,,,,,,,,,
3425,0,0.8249,0.8249,0.8249,0.8249,0.8249,0.8249,0.8249,0.8249,0.8249,,,,,,,,,,,,,,
3426,0,0.8249,0.8249,0.8249,0.8249,0.8249,0.8249,0.8249,0.8249,0.8249,,,,,,,,,,,,,,
3427,0,0.8249,0.8249,0.8249,0.8249,0.8249,0.8249,0.8249,0.8249,0.8249,,,,,,,,,,,,,,
3428,0,0.8249,0.8249,0.8249,0.8249,0.8249,0.8249,0.8249,0.8249,0.8249,,,,,,,,,,,,,,
3429,0,0.8249,0.8249,0.8249,0.8249,0.8249,0.8249,0.8249,0.8249,0.8249,,,,,,,,,,,,,,
3430,0,0.8249,0.8249,0.8249,0.8249,0.8249,0.8249,0.8249,0.8249,0.8249,,,,,,,,,,,,,,
3431,0,0.8249,0.8249,0.8249,0.8249,0.8249,0.8249,0.8249,0.8249,0.8249,,,,,,,,,,,,,,
3432,0,0.8249,0.8249,0.8249,0.8249,0.8249,0.8249,0.8249,0.8249,0.8249,,,,,,,,,,,,,,
3433,0,0.8249,0.8249,0.8249,0.8249,0.8249,0.8249,0.8249,0.8249,0.8249,,,,,,,,,,,,,,
3434,0,0.8249,0.8249,0.8249,0.8249,0.8249,0.8249,0.8249,0.8249,0.8249,,,,,,,,,,,,,,
3435,0,0.8249,0.8249,0.8249,0.8249,0.8249,0.8249,0.8249,0.8249,0.8249,,,,,,,,,,,,,,
3436,0,0.8249,0.8249,0.8249,0.8249,0.8249,0.8249,0.8249,0.8249,0.8249,,,,,,,,,,,,,,
3437,0,0.8249,0.8249,0.8249,0.8249,0.8249,0.8249,0.8249,0.8249,0.8249,,,,,,,,,,,,,,
3438,0,0.8249,0.8249,0.8249,0.8249,0.8249,0.8249,0.8249,0.8249,0.8249,,,,,,,,,,,,,,
3439,0,0.8249,0.8249,0.8249,0.8249,0.8249,0.8249,0.8249,0.8249,0.8249,,,,,,,,,,,,,,
3440,0,0.8249,0.8249,0.8249,0.8249,0.8249,0.8249,0.8249,0.8249,0.8249,,,,,,,,,,,,,,
3441,0,0.8249,0.8249,0.8249,0.8249,0.8249,0.8249,0.8249,0.8249,0.8249,,,,,,,,,,,,,,
3442,0,0.8249,0.8249,0.8249,0.8249,0.8249,0.8249,0.8249,0.8249,0.8249,,,,,,,,,,,,,,
3443,0,0.8249,0.8249,0.8249,0.8249,0.8249,0.8249,0.8249,0.8249,0.8249,,,,,,,,,,,,,,
3444,0,0.8249,0.8249,0.8249,0.8249,0.8249,0.8249,0.8249,0.8249,0.8249,,,,,,,,,,,,,,
3445,0,0.8249,0.8249,0.8249,0.8249,0.8249,0.8249,0.8249,0.8249,0.8249,,,,,,,,,,,,,,
3446,0,0.8249,0.8249,0.8249,0.8249,0.8249,0.8249,0.8249,0.8249,0.8249,,,,,,,,,,,,,,
3447,0,0.8249,0.8249,0.8249,0.8249,0.8249,0.8249,0.8249,0.8249,0.8249,,,,,,,,,,,,,,
3448,0,0.8249,0.8249,0.8249,0.8249,0.8249,0.8249,0.8249,0.8249,0.8249,,,,,,,,,,,,,,
3449,0,0.8249,0.8249,0.8249,0.8249,0.8249,0.8249,0.8249,0.8249,0.8249,,,,,,,,,,,,,,
3450,0,0.8249,0.8249,0.8249,0.8249,0.8249,0.8249,0.8249,0.8249,0.8249,,,,,,,,,,,,,,
3451,0,0.8249,0.8249,0.8249,0.8249,0.8249,0.8249,0.8249,0.8249,0.8249,,,,,,,,,,,,,,
3452,0,0.8249,0.8249,0.8249,0.8249,0.8249,0.8249,0.8249,0.8249,0.8249,,,,,,,,,,,,,,
3453,0,0.8249,0.8249,0.8249,0.8249,0.8249,0.8249,0.8249,0.8249,0.8249,,,,,,,,,,,,,,
3454,0,0.8249,0.8249,0.8249,0.8249,0.8249,0.8249,0.8249,0.8249,0.8249,,,,,,,,,,,,,,
3455,0,0.8249,0.8249,0.8249,0.8249,0.8249,0.8249,0.8249,0.8249,0.8249,,,,,,,,,,,,,,
3456,0,0.8249,0.8249,0.8249,0.8249,0.8249,0.8249,0.8249,0.8249,0.8249,,,,,,,,,,,,,,
3457,0,0.8249,0.8249,0.8249,0.8249,0.8249,0.8249,0.8249,0.8249,0.8249,,,,,,,,,,,,,,
3458,0,0.8249,0.8249,0.8249,0.8249,0.8249,0.8249,0.8249,0.8249,0.8249,,,,,,,,,,,,,,
3459,0,0.8249,0.8249,0.8249,0.8249,0.8249,0.8249,0.8249,0.8249,0.8249,,,,,,,,,,,,,,
3460,0,0.8249,0.8249,0.8249,0.8249,0.8249,0.8249,0.8249,0.8249,0.8249,,,,,,,,,,,,,,
3461,0,0.8249,0.8249,0.8249,0.8249,0.8249,0.8249,0.8249,0.8249,0.8249,,,,,,,,,,,,,,
3462,0,0.8249,0.8249,0.8249,0.8249,0.8249,0.8249,0.8249,0.8249,0.8249,,,,,,,,,,,,,,
3463,0,0.8249,0.8249,0.8249,0.8249,0.8249,0.8249,0.8249,0.8249,0.8249,,,,,,,,,,,,,,
3464,0,0.8249,0.8249,0.8249,0.8249,0.8249,0.8249,0.8249,0.8249,0.8249,,,,,,,,,,,,,,
3465,0,0.8249,0.8249,0.8249,0.8249,0.8249,0.8249,0.8249,0.8249,0.8249,,,,,,,,,,,,,,
3466,0,0.8249,0.8249,0.8249,0.8249,0.8249,0.8249,0.8249,0.8249,0.8249,,,,,,,,,,,,,,
3467,0,0.8249,0.8249,0.8249,0.8249,0.8249,0.8249,0.8249,0.8249,0.8249,,,,,,,,,,,,,,
3468,0,0.8249,0.8249,0.8249,0.8249,0.8249,0.8249,0.8249,0.8249,0.8249,,,,,,,,,,,,,,
3469,0,0.8249,0.8249,0.8249,0.8249,0.8249,0.8249,0.8249,0.8249,0.8249,,,,,,,,,,,,,,
3470,0,0.8249,0.8249,0.8249,0.8249,0.8249,0.8249,0.8249,0.8249,0.8249,,,,,,,,,,,,,,
3471,0,0.8249,0.8249,0.8249,0.8249,0.8249,0.8249,0.8249,0.8249,0.8249,,,,,,,,,,,,,,
3472,0,0.8249,0.8249,0.8249,0.8249,0.8249,0.8249,0.8249,0.8249,0.8249,,,,,,,,,,,,,,
3473,0,0.8249,0.8249,0.8249,0.8249,0.8249,0.8249,0.8249,0.8249,0.8249,,,,,,,,,,,,,,
3474,0,0.8249,0.8249,0.8249,0.8249,0.8249,0.8249,0.8249,0.8249,0.8249,,,,,,,,,,,,,,
3475,0,0.8249,0.8249,0.8249,0.8249,0.8249,0.8249,0.8249,0.8249,0.8249,,,,,,,,,,,,,,
3476,0,0.8249,0.8249,0.8249,0.8249,0.8249,0.8249,0.8249,0.8249,0.8249,,,,,,,,,,,,,,
3477,0,0.8249,0.8249,0.8249,0.8249,0.8249,0.8249,0.8249,0.8249,0.8249,,,,,,,,,,,,,,
3478,0,0.8249,0.8249,0.8249,0.8249,0.8249,0.8249,0.8249,0.8249,0.8249,,,,,,,,,,,,,,
3479,0,0.8249,0.8249,0.8249,0.8249,0.8249,0.8249,0.8249,0.8249,0.8249,,,,,,,,,,,,,,
3480,0,0.8249,0.8249,0.8249,0.8249,0.8249,0.8249,0.8249,0.8249,0.8249,,,,,,,,,,,,,,
3481,0,0.8249,0.8249,0.8249,0.8249,0.8249,0.8249,0.8249,0.8249,0.8249,,,,,,,,,,,,,,
3482,0,0.8249,0.8249,0.8249,0.8249,0.8249,0.8249,0.8249,0.8249,0.8249,,,,,,,,,,,,,,
3483,0,0.8249,0.8249,0.8249,0.8249,0.8249,0.8249,0.8249,0.8249,0.8249,,,,,,,,,,,,,,
3484,0,0.8249,0.8249,0.8249,0.8249,0.8249,0.8249,0.8249,0.8249,0.8249,,,,,,,,,,,,,,
3485,0,0.8249,0.8249,0.8249,0.8249,0.8249,0.8249,0.8249,0.8249,0.8249,,,,,,,,,,,,,,
3486,0,0.8249,0.8249,0.8249,0.8249,0.8249,0.8249,0.8249,0.8249,0.8249,,,,,,,,,,,,,,
3487,0,0.8249,0.8249,0.8249,0.8249,0.8249,0.8249,0.8249,0.8249,0.8249,,,,,,,,,,,,,,
3488,0,0.8249,0.8249,0.8249,0.8249,0.8249,0.8249,0.8249,0.8249,0.8249,,,,,,,,,,,,,,
3489,0,0.8249,0.8249,0.8249,0.8249,0.8249,0.8249,0.8249,0.8249,0.8249,,,,,,,,,,,,,,
3490,0,0.8249,0.8249,0.8249,0.8249,0.8249,0.8249,0.8249,0.8249,0.8249,,,,,,,,,,,,,,
3491,0,0.8249,0.8249,0.8249,0.8249,0.8249,0.8249,0.8249,0.8249,0.8249,,,,,,,,,,,,,,
3492,0,0.8249,0.8249,0.8249,0.8249,0.8249,0.8249,0.8249,0.8249,0.8249,,,,,,,,,,,,,,
3493,0,0.8249,0.8249,0.8249,0.8249,0.8249,0.8249,0.8249,0.8249,0.8249,,,,,,,,,,,,,,
3494,0,0.8249,0.8249,0.8249,0.8249,0.8249,0.8249,0.8249,0.8249,0.8249,,,,,,,,,,,,,,
3495,0,0.8249,0.8249,0.8249,0.8249,0.8249,0.8249,0.8249,0.8249,0.8249,,,,,,,,,,,,,,
3496,0,0.8249,0.8249,0.8249,0.8249,0.8249,0.8249,0.8249,0.8249,0.8249,,,,,,,,,,,,,,
3497,0,0.8249,0.8249,0.8249,0.8249,0.8249,0.8249,0.8249,0.8249,0.8249,,,,,,,,,,,,,,
3498,0,0.8249,0.8249,0.8249,0.8249,0.8249,0.8249,0.8249,0.8249,0.8249,,,,,,,,,,,,,,
3499,0,0.8249,0.8249,0.8249,0.8249,0.8249,0.8249,0.8249,0.8249,0.8249,,,,,,,,,,,,,,
3500,0,0.8249,0.8249,0.8249,0.8249,0.8249,0.8249,0.8249,0.8249,0.8249,,,,,,,,,,,,,,
3501,0,0.8249,0.8249,0.8249,0.8249,0.8249,0.8249,0.8249,0.8249,0.8249,,,,,,,,,,,,,,
3502,0,0.8249,0.8249,0.8249,0.8249,0.8249,0.8249,0.8249,0.8249,0.8249,,,,,,,,,,,,,,
3503,0,0.8249,0.8249,0.8249,0.8249,0.8249,0.8249,0.8249,0.8249,0.8249,,,,,,,,,,,,,,
3504,0,0.8249,0.8249,0.8249,0.8249,0.8249,0.8249,0.8249,0.8249,0.8249,,,,,,,,,,,,,,
3505,0,0.8249,0.8249,0.8249,0.8249,0.8249,0.8249,0.8249,0.8249,0.8249,,,,,,,,,,,,,,
3506,0,0.8249,0.8249,0.8249,0.8249,0.8249,0.8249,0.8249,0.8249,0.8249,,,,,,,,,,,,,,
3507,0,0.8249,0.8249,0.8249,0.8249,0.8249,0.8249,0.8249,0.8249,0.8249,,,,,,,,,,,,,,
3508,0,0.8249,0.8249,0.8249,0.8249,0.8249,0.8249,0.8249,0.8249,0.8249,,,,,,,,,,,,,,
3509,0,0.8249,0.8249,0.8249,0.8249,0.8249,0.8249,0.8249,0.8249,0.8249,,,,,,,,,,,,,,
3510,0,0.8249,0.8249,0.8249,0.8249,0.8249,0.8249,0.8249,0.8249,0.8249,,,,,,,,,,,,,,
3511,0,0.8249,0.8249,0.8249,0.8249,0.8249,0.8249,0.8249,0.8249,0.8249,,,,,,,,,,,,,,
3512,0,0.8249,0.8249,0.8249,0.8249,0.8249,0.8249,0.8249,0.8249,0.8249,,,,,,,,,,,,,,
3513,0,0.8249,0.8249,0.8249,0.8249,0.8249,0.8249,0.8249,0.8249,0.8249,,,,,,,,,,,,,,
3514,0,0.8249,0.8249,0.8249,0.8249,0.8249,0.8249,0.8249,0.8249,0.8249,,,,,,,,,,,,,,
3515,0,0.8249,0.8249,0.8249,0.8249,0.8249,0.8249,0.8249,0.8249,0.8249,,,,,,,,,,,,,,
3516,0,0.8249,0.8249,0.8249,0.8249,0.8249,0.8249,0.8249,0.8249,0.8249,,,,,,,,,,,,,,
3517,0,0.8249,0.8249,0.8249,0.8249,0.8249,0.8249,0.8249,0.8249,0.8249,,,,,,,,,,,,,,
3518,0,0.8249,0.8249,0.8249,0.8249,0.8249,0.8249,0.8249,0.8249,0.8249,,,,,,,,,,,,,,
3519,0,0.8249,0.8249,0.8249,0.8249,0.8249,0.8249,0.8249,0.8249,0.8249,,,,,,,,,,,,,,
3520,0,0.8249,0.8249,0.8249,0.8249,0.8249,0.8249,0.8249,0.8249,0.8249,,,,,,,,,,,,,,
3521,0,0.8249,0.8249,0.8249,0.8249,0.8249,0.8249,0.8249,0.8249,0.8249,,,,,,,,,,,,,,
3522,0,0.8249,0.8249,0.8249,0.8249,0.8249,0.8249,0.8249,0.8249,0.8249,,,,,,,,,,,,,,
3523,0,0.8249,0.8249,0.8249,0.8249,0.8249,0.8249,0.8249,0.8249,0.8249,,,,,,,,,,,,,,
3524,0,0.8249,0.8249,0.8249,0.8249,0.8249,0.8249,0.8249,0.8249,0.8249,,,,,,,,,,,,,,
3525,0,0.8249,0.8249,0.8249,0.8249,0.8249,0.8249,0.8249,0.8249,0.8249,,,,,,,,,,,,,,
3526,0,0.8249,0.8249,0.8249,0.8249,0.8249,0.8249,0.8249,0.8249,0.8249,,,,,,,,,,,,,,
3527,0,0.8249,0.8249,0.8249,0.8249,0.8249,0.8249,0.8249,0.8249,0.8249,,,,,,,,,,,,,,
3528,0,0.8249,0.8249,0.8249,0.8249,0.8249,0.8249,0.8249,0.8249,0.8249,,,,,,,,,,,,,,
3529,0,0.8249,0.8249,0.8249,0.8249,0.8249,0.8249,0.8249,0.8249,0.8249,,,,,,,,,,,,,,
3530,0,0.8249,0.8249,0.8249,0.8249,0.8249,0.8249,0.8249,0.8249,0.8249,,,,,,,,,,,,,,
3531,0,0.8249,0.8249,0.8249,0.8249,0.8249,0.8249,0.8249,0.8249,0.8249,,,,,,,,,,,,,,
3532,0,0.8249,0.8249,0.8249,0.8249,0.8249,0.8249,0.8249,0.8249,0.8249,,,,,,,,,,,,,,
3533,0,0.8249,0.8249,0.8249,0.8249,0.8249,0.8249,0.8249,0.8249,0.8249,,,,,,,,,,,,,,
3534,0,0.8249,0.8249,0.8249,0.8249,0.8249,0.8249,0.8249,0.8249,0.8249,,,,,,,,,,,,,,
3535,0,0.8249,0.8249,0.8249,0.8249,0.8249,0.8249,0.8249,0.8249,0.8249,,,,,,,,,,,,,,
3536,0,0.8249,0.8249,0.8249,0.8249,0.8249,0.8249,0.8249,0.8249,0.8249,,,,,,,,,,,,,,
3537,0,0.8249,0.8249,0.8249,0.8249,0.8249,0.8249,0.8249,0.8249,0.8249,,,,,,,,,,,,,,
3538,0,0.8249,0.8249,0.8249,0.8249,0.8249,0.8249,0.8249,0.8249,0.8249,,,,,,,,,,,,,,
3539,0,0.8249,0.8249,0.8249,0.8249,0.8249,0.8249,0.8249,0.8249,0.8249,,,,,,,,,,,,,,
3540,0,0.8249,0.8249,0.8249,0.8249,0.8249,0.8249,0.8249,0.8249,0.8249,,,,,,,,,,,,,,
3541,0,0.8249,0.8249,0.8249,0.8249,0.8249,0.8249,0.8249,0.8249,0.8249,,,,,,,,,,,,,,
3542,0,0.8249,0.8249,0.8249,0.8249,0.8249,0.8249,0.8249,0.8249,0.8249,,,,,,,,,,,,,,
3543,0,0.8249,0.8249,0.8249,0.8249,0.8249,0.8249,0.8249,0.8249,0.8249,,,,,,,,,,,,,,
3544,0,0.8249,0.8249,0.8249,0.8249,0.8249,0.8249,0.8249,0.8249,0.8249,,,,,,,,,,,,,,
3545,0,0.8249,0.8249,0.8249,0.8249,0.8249,0.8249,0.8249,0.8249,0.8249,,,,,,,,,,,,,,
3546,0,0.8249,0.8249,0.8249,0.8249,0.8249,0.8249,0.8249,0.8249,0.8249,,,,,,,,,,,,,,
3547,0,0.8249,0.8249,0.8249,0.8249,0.8249,0.8249,0.8249,0.8249,0.8249,,,,,,,,,,,,,,
3548,0,0.8249,0.8249,0.8249,0.8249,0.8249,0.8249,0.8249,0.8249,0.8249,,,,,,,,,,,,,,
3549,0,0.8249,0.8249,0.8249,0.8249,0.8249,0.8249,0.8249,0.8249,0.8249,,,,,,,,,,,,,,
3550,0,0.8249,0.8249,0.8249,0.8249,0.8249,0.8249,0.8249,0.8249,0.8249,,,,,,,,,,,,,,
3551,0,0.8249,0.8249,0.8249,0.8249,0.8249,0.8249,0.8249,0.8249,0.8249,,,,,,,,,,,,,,
3552,0,0.8249,0.8249,0.8249,0.8249,0.8249,0.8249,0.8249,0.8249,0.8249,,,,,,,,,,,,,,
3553,0,0.8249,0.8249,0.8249,0.8249,0.8249,0.8249,0.8249,0.8249,0.8249,,,,,,,,,,,,,,
3554,0,0.8249,0.8249,0.8249,0.8249,0.8249,0.8249,0.8249,0.8249,0.8249,,,,,,,,,,,,,,
3555,0,0.8249,0.8249,0.8249,0.8249,0.8249,0.8249,0.8249,0.8249,0.8249,,,,,,,,,,,,,,
3556,0,0.8249,0.8249,0.8249,0.8249,0.8249,0.8249,0.8249,0.8249,0.8249,,,,,,,,,,,,,,
3557,0,0.8249,0.8249,0.8249,0.8249,0.8249,0.8249,0.8249,0.8249,0.8249,,,,,,,,,,,,,,
3558,0,0.8249,0.8249,0.8249,0.8249,0.8249,0.8249,0.8249,0.8249,0.8249,,,,,,,,,,,,,,
3559,0,0.8249,0.8249,0.8249,0.8249,0.8249,0.8249,0.8249,0.8249,0.8249,,,,,,,,,,,,,,
3560,0,0.8249,0.8249,0.8249,0.8249,0.8249,0.8249,0.8249,0.8249,0.8249,,,,,,,,,,,,,,
3561,0,0.8249,0.8249,0.8249,0.8249,0.8249,0.8249,0.8249,0.8249,0.8249,,,,,,,,,,,,,,
3562,0,0.8249,0.8249,0.8249,0.8249,0.8249,0.8249,0.8249,0.8249,0.8249,,,,,,,,,,,,,,
3563,0,0.8249,0.8249,0.8249,0.8249,0.8249,0.8249,0.8249,0.8249,0.8249,,,,,,,,,,,,,,
3564,0,0.8249,0.8249,0.8249,0.8249,0.8249,0.8249,0.8249,0.8249,0.8249,,,,,,,,,,,,,,
3565,0,0.8249,0.8249,0.8249,0.8249,0.8249,0.8249,0.8249,0.8249,0.8249,,,,,,,,,,,,,,
3566,0,0.8249,0.8249,0.8249,0.8249,0.8249,0.8249,0.8249,0.8249,0.8249,,,,,,,,,,,,,,
3567,0,0.8249,0.8249,0.8249,0.8249,0.8249,0.8249,0.8249,0.8249,0.8249,,,,,,,,,,,,,,
3568,0,0.8249,0.8249,0.8249,0.8249,0.8249,0.8249,0.8249,0.8249,0.8249,,,,,,,,,,,,,,
3569,0,0.8249,0.8249,0.8249,0.8249,0.8249,0.8249,0.8249,0.8249,0.8249,,,,,,,,,,,,,,
3570,0,0.8249,0.8249,0.8249,0.8249,0.8249,0.8249,0.8249,0.8249,0.8249,,,,,,,,,,,,,,
3571,0,0.8249,0.8249,0.8249,0.8249,0.8249,0.8249,0.8249,0.8249,0.8249,,,,,,,,,,,,,,
3572,0,0.8249,0.8249,0.8249,0.8249,0.8249,0.8249,0.8249,0.8249,0.8249,,,,,,,,,,,,,,
3573,0,0.8249,0.8249,0.8249,0.8249,0.8249,0.8249,0.8249,0.8249,0.8249,,,,,,,,,,,,,,
3574,0,0.8249,0.8249,0.8249,0.8249,0.8249,0.8249,0.8249,0.8249,0.8249,,,,,,,,,,,,,,
3575,0,0.8249,0.8249,0.8249,0.8249,0.8249,0.8249,0.8249,0.8249,0.8249,,,,,,,,,,,,,,
3576,0,0.8249,0.8249,0.8249,0.8249,0.8249,0.8249,0.8249,0.8249,0.8249,,,,,,,,,,,,,,
3577,0,0.8249,0.8249,0.8249,0.8249,0.8249,0.8249,0.8249,0.8249,0.8249,,,,,,,,,,,,,,
3578,0,0.8249,0.8249,0.8249,0.8249,0.8249,0.8249,0.8249,0.8249,0.8249,,,,,,,,,,,,,,
3579,0,0.8249,0.8249,0.8249,0.8249,0.8249,0.8249,0.8249,0.8249,0.8249,,,,,,,,,,,,,,
3580,0,0.8249,0.8249,0.8249,0.8249,0.8249,0.8249,0.8249,0.8249,0.8249,,,,,,,,,,,,,,
3581,0,0.8249,0.8249,0.8249,0.8249,0.8249,0.8249,0.8249,0.8249,0.8249,,,,,,,,,,,,,,
3582,0,0.8249,0.8249,0.8249,0.8249,0.8249,0.8249,0.8249,0.8249,0.8249,,,,,,,,,,,,,,
3583,0,0.8249,0.8249,0.8249,0.8249,0.8249,0.8249,0.8249,0.8249,0.8249,,,,,,,,,,,,,,
3584,0,0.8249,0.8249,0.8249,0.8249,0.8249,0.8249,0.8249,0.8249,0.8249,,,,,,,,,,,,,,
3585,0,0.8249,0.8249,0.8249,0.8249,0.8249,0.8249,0.8249,0.8249,0.8249,,,,,,,,,,,,,,
3586,0,0.8249,0.8249,0.8249,0.8249,0.8249,0.8249,0.8249,0.8249,0.8249,,,,,,,,,,,,,,
3587,0,0.8249,0.8249,0.8249,0.8249,0.8249,0.8249,0.8249,0.8249,0.8249,,,,,,,,,,,,,,
3588,0,0.8249,0.8249,0.8249,0.8249,0.8249,0.8249,0.8249,0.8249,0.8249,,,,,,,,,,,,,,
3589,0,0.8249,0.8249,0.8249,0.8249,0.8249,0.8249,0.8249,0.8249,0.8249,,,,,,,,,,,,,,
3590,0,0.8249,0.8249,0.8249,0.8249,0.8249,0.8249,0.8249,0.8249,0.8249,,,,,,,,,,,,,,
3591,0,0.8249,0.8249,0.8249,0.8249,0.8249,0.8249,0.8249,0.8249,0.8249,,,,,,,,,,,,,,
3592,0,0.8249,0.8249,0.8249,0.8249,0.8249,0.8249,0.8249,0.8249,0.8249,,,,,,,,,,,,,,
3593,0,0.8249,0.8249,0.8249,0.8249,0.8249,0.8249,0.8249,0.8249,0.8249,,,,,,,,,,,,,,
3594,0,0.8249,0.8249,0.8249,0.8249,0.8249,0.8249,0.8249,0.8249,0.8249,,,,,,,,,,,,,,
3595,0,0.8249,0.8249,0.8249,0.8249,0.8249,0.8249,0.8249,0.8249,0.8249,,,,,,,,,,,,,,
3596,0,0.8249,0.8249,0.8249,0.8249,0.8249,0.8249,0.8249,0.8249,0.8249,,,,,,,,,,,,,,
3597,0,0.8249,0.8249,0.8249,0.8249,0.8249,0.8249,0.8249,0.8249,0.8249,,,,,,,,,,,,,,
3598,0,0.8249,0.8249,0.8249,0.8249,0.8249,0.8249,0.8249,0.8249,0.8249,,,,,,,,,,,,,,
3599,0,0.8249,0.8249,0.8249,0.8249,0.8249,0.8249,0.8249,0.8249,0.8249,,,,,,,,,,,,,,
3600,0,0.8249,0.8249,0.8249,0.8249,0.8249,0.8249,0.8249,0.8249,0.8249,,,,,,,,,,,,,,
3601,0,0.8249,0.8249,0.8249,0.8249,0.8249,0.8249,0.8249,0.8249,0.8249,,,,,,,,,,,,,,
3602,0,0.8249,0.8249,0.8249,0.8249,0.8249,0.8249,0.8249,0.8249,0.8249,,,,,,,,,,,,,,
3603,0,0.8249,0.8249,0.8249,0.8249,0.8249,0.8249,0.8249,0.8249,0.8249,,,,,,,,,,,,,,
3604,0,0.8249,0.8249,0.8249,0.8249,0.8249,0.8249,0.8249,0.8249,0.8249,,,,,,,,,,,,,,
3605,0,0.8249,0.8249,0.8249,0.8249,0.8249,0.8249,0.8249,0.8249,0.8249,,,,,,,,,,,,,,
3606,0,0.8249,0.8249,0.8249,0.8249,0.8249,0.8249,0.8249,0.8249,0.8249,,,,,,,,,,,,,,
3607,0,0.8249,0.8249,0.8249,0.8249,0.8249,0.8249,0.8249,0.8249,0.8249,,,,,,,,,,,,,,
3608,0,0.8249,0.8249,0.8249,0.8249,0.8249,0.8249,0.8249,0.8249,0.8249,,,,,,,,,,,,,,
3609,0,0.8249,0.8249,0.8249,0.8249,0.8249,0.8249,0.8249,0.8249,0.8249,,,,,,,,,,,,,,
3610,0,0.8249,0.8249,0.8249,0.8249,0.8249,0.8249,0.8249,0.8249,0.8249,,,,,,,,,,,,,,
3611,0,0.8249,0.8249,0.8249,0.8249,0.8249,0.8249,0.8249,0.8249,0.8249,,,,,,,,,,,,,,
3612,0,0.8249,0.8249,0.8249,0.8249,0.8249,0.8249,0.8249,0.8249,0.8249,,,,,,,,,,,,,,
3613,0,0.8249,0.8249,0.8249,0.8249,0.8249,0.8249,0.8249,0.8249,0.8249,,,,,,,,,,,,,,
3614,0,0.8249,0.8249,0.8249,0.8249,0.8249,0.8249,0.8249,0.8249,0.8249,,,,,,,,,,,,,,
3615,0,0.8249,0.8249,0.8249,0.8249,0.8249,0.8249,0.8249,0.8249,0.8249,,,,,,,,,,,,,,
3616,0,0.8249,0.8249,0.8249,0.8249,0.8249,0.8249,0.8249,0.8249,0.8249,,,,,,,,,,,,,,
3617,0,0.8249,0.8249,0.8249,0.8249,0.8249,0.8249,0.8249,0.8249,0.8249,,,,,,,,,,,,,,
3618,0,0.8249,0.8249,0.8249,0.8249,0.8249,0.8249,0.8249,0.8249,0.8249,,,,,,,,,,,,,,
3619,0,0.8249,0.8249,0.8249,0.8249,0.8249,0.8249,0.8249,0.8249,0.8249,,,,,,,,,,,,,,
3620,0,0.8249,0.8249,0.8249,0.8249,0.8249,0.8249,0.8249,0.8249,0.8249,,,,,,,,,,,,,,
3621,0,0.8249,0.8249,0.8249,0.8249,0.8249,0.8249,0.8249,0.8249,0.8249,,,,,,,,,,,,,,
3622,0,0.8249,0.8249,0.8249,0.8249,0.8249,0.8249,0.8249,0.8249,0.8249,,,,,,,,,,,,,,
3623,0,0.8249,0.8249,0.8249,0.8249,0.8249,0.8249,0.8249,0.8249,0.8249,,,,,,,,,,,,,,
3624,0,0.8249,0.8249,0.8249,0.8249,0.8249,0.8249,0.8249,0.8249,0.8249,,,,,,,,,,,,,,
3625,0,0.8249,0.8249,0.8249,0.8249,0.8249,0.8249,0.8249,0.8249,0.8249,,,,,,,,,,,,,,
3626,0,0.8249,0.8249,0.8249,0.8249,0.8249,0.8249,0.8249,0.8249,0.8249,,,,,,,,,,,,,,
3627,0,0.8249,0.8249,0.8249,0.8249,0.8249,0.8249,0.8249,0.8249,0.8249,,,,,,,,,,,,,,
3628,0,0.8249,0.8249,0.8249,0.8249,0.8249,0.8249,0.8249,0.8249,0.8249,,,,,,,,,,,,,,
3629,0,0.8249,0.8249,0.8249,0.8249,0.8249,0.8249,0.8249,0.8249,0.8249,,,,,,,,,,,,,,
3630,0,0.8249,0.8249,0.8249,0.8249,0.8249,0.8249,0.8249,0.8249,0.8249,,,,,,,,,,,,,,
3631,0,0.8249,0.8249,0.8249,0.8249,0.8249,0.8249,0.8249,0.8249,0.8249,,,,,,,,,,,,,,
3632,0,0.8249,0.8249,0.8249,0.8249,0.8249,0.8249,0.8249,0.8249,0.8249,,,,,,,,,,,,,,
3633,0,0.8249,0.8249,0.8249,0.8249,0.8249,0.8249,0.8249,0.8249,0.8249,,,,,,,,,,,,,,
3634,0,0.8249,0.8249,0.8249,0.8249,0.8249,0.8249,0.8249,0.8249,0.8249,,,,,,,,,,,,,,
3635,0,0.8249,0.8249,0.8249,0.8249,0.8249,0.8249,0.8249,0.8249,0.8249,,,,,,,,,,,,,,
3636,0,0.8249,0.8249,0.8249,0.8249,0.8249,0.8249,0.8249,0.8249,0.8249,,,,,,,,,,,,,,
3637,0,0.8249,0.8249,0.8249,0.8249,0.8249,0.8249,0.8249,0.8249,0.8249,,,,,,,,,,,,,,
3638,0,0.8249,0.8249,0.8249,0.8249,0.8249,0.8249,0.8249,0.8249,0.8249,,,,,,,,,,,,,,
3639,0,0.8249,0.8249,0.8249,0.8249,0.8249,0.8249,0.8249,0.8249,0.8249,,,,,,,,,,,,,,
3640,0,0.8249,0.8249,0.8249,0.8249,0.8249,0.8249,0.8249,0.8249,0.8249,,,,,,,,,,,,,,
3641,0,0.8249,0.8249,0.8249,0.8249,0.8249,0.8249,0.8249,0.8249,0.8249,,,,,,,,,,,,,,
3642,0,0.8249,0.8249,0.8249,0.8249,0.8249,0.8249,0.8249,0.8249,0.8249,,,,,,,,,,,,,,
3643,0,0.8249,0.8249,0.8249,0.8249,0.8249,0.8249,0.8249,0.8249,0.8249,,,,,,,,,,,,,,
3644,0,0.8249,0.8249,0.8249,0.8249,0.8249,0.8249,0.8249,0.8249,0.8249,,,,,,,,,,,,,,
3645,0,0.8249,0.8249,0.8249,0.8249,0.8249,0.8249,0.8249,0.8249,0.8249,,,,,,,,,,,,,,
3646,0,0.8249,0.8249,0.8249,0.8249,0.8249,0.8249,0.8249,0.8249,0.8249,,,,,,,,,,,,,,
3647,0,0.8249,0.8249,0.8249,0.8249,0.8249,0.8249,0.8249,0.8249,0.8249,,,,,,,,,,,,,,
3648,0,0.8249,0.8249,0.8249,0.8249,0.8249,0.8249,0.8249,0.8249,0.8249,,,,,,,,,,,,,,
3649,0,0.8249,0.8249,0.8249,0.8249,0.8249,0.8249,0.8249,0.8249,0.8249,,,,,,,,,,,,,,
3650,0,0.8249,0.8249,0.8249,0.8249,0.8249,0.8249,0.8249,0.8249,0.8249,,,,,,,,,,,,,,
3651,0,0.8249,0.8249,0.8249,0.8249,0.8249,0.8249,0.8249,0.8249,0.8249,,,,,,,,,,,,,,
3652,0,0.8249,0.8249,0.8249,0.8249,0.8249,0.8249,0.8249,0.8249,0.8249,,,,,,,,,,,,,,
3653,0,0.8249,0.8249,0.8249,0.8249,0.8249,0.8249,0.8249,0.8249,0.8249,,,,,,,,,,,,,,
3654,0,0.8249,0.8249,0.8249,0.8249,0.8249,0.8249,0.8249,0.8249,0.8249,,,,,,,,,,,,,,
3655,0,0.8249,0.8249,0.8249,0.8249,0.8249,0.8249,0.8249,0.8249,0.8249,,,,,,,,,,,,,,
3656,0,0.8249,0.8249,0.8249,0.8249,0.8249,0.8249,0.8249,0.8249,0.8249,,,,,,,,,,,,,,
3657,0,0.8249,0.8249,0.8249,0.8249,0.8249,0.8249,0.8249,0.8249,0.8249,,,,,,,,,,,,,,
3658,0,0.8249,0.8249,0.8249,0.8249,0.8249,0.8249,0.8249,0.8249,0.8249,,,,,,,,,,,,,,
3659,0,0.8249,0.8249,0.8249,0.8249,0.8249,0.8249,0.8249,0.8249,0.8249,,,,,,,,,,,,,,
3660,0,0.8249,0.8249,0.8249,0.8249,0.8249,0.8249,0.8249,0.8249,0.8249,,,,,,,,,,,,,,
3661,0,0.8249,0.8249,0.8249,0.8249,0.8249,0.8249,0.8249,0.8249,0.8249,,,,,,,,,,,,,,
3662,0,0.8249,0.8249,0.8249,0.8249,0.8249,0.8249,0.8249,0.8249,0.8249,,,,,,,,,,,,,,
3663,0,0.8249,0.8249,0.8249,0.8249,0.8249,0.8249,0.8249,0.8249,0.8249,,,,,,,,,,,,,,
3664,0,0.8249,0.8249,0.8249,0.8249,0.8249,0.8249,0.8249,0.8249,0.8249,,,,,,,,,,,,,,
3665,0,0.8249,0.8249,0.8249,0.8249,0.8249,0.8249,0.8249,0.8249,0.8249,,,,,,,,,,,,,,
3666,0,0.8249,0.8249,0.8249,0.8249,0.8249,0.8249,0.8249,0.8249,0.8249,,,,,,,,,,,,,,
3667,0,0.8249,0.8249,0.8249,0.8249,0.8249,0.8249,0.8249,0.8249,0.8249,,,,,,,,,,,,,,
3668,0,0.8249,0.8249,0.8249,0.8249,0.8249,0.8249,0.8249,0.8249,0.8249,,,,,,,,,,,,,,
3669,0,0.8249,0.8249,0.8249,0.8249,0.8249,0.8249,0.8249,0.8249,0.8249,,,,,,,,,,,,,,
3670,0,0.8249,0.8249,0.8249,0.8249,0.8249,0.8249,0.8249,0.8249,0.8249,,,,,,,,,,,,,,
3671,0,0.8249,0.8249,0.8249,0.8249,0.8249,0.8249,0.8249,0.8249,0.8249,,,,,,,,,,,,,,
3672,0,0.8249,0.8249,0.8249,0.8249,0.8249,0.8249,0.8249,0.8249,0.8249,,,,,,,,,,,,,,
3673,0,0.8249,0.8249,0.8249,0.8249,0.8249,0.8249,0.8249,0.8249,0.8249,,,,,,,,,,,,,,
3674,0,0.8249,0.8249,0.8249,0.8249,0.8249,0.8249,0.8249,0.8249,0.8249,,,,,,,,,,,,,,
3675,0,0.8249,0.8249,0.8249,0.8249,0.8249,0.8249,0.8249,0.8249,0.8249,,,,,,,,,,,,,,
3676,0,0.8249,0.8249,0.8249,0.8249,0.8249,0.8249,0.8249,0.8249,0.8249,,,,,,,,,,,,,,
3677,0,0.8249,0.8249,0.8249,0.8249,0.8249,0.8249,0.8249,0.8249,0.8249,,,,,,,,,,,,,,
3678,0,0.8249,0.8249,0.8249,0.8249,0.8249,0.8249,0.8249,0.8249,0.8249,,,,,,,,,,,,,,
3679,0,0.8249,0.8249,0.8249,0.8249,0.8249,0.8249,0.8249,0.8249,0.8249,,,,,,,,,,,,,,
3680,0,0.8249,0.8249,0.8249,0.8249,0.8249,0.8249,0.8249,0.8249,0.8249,,,,,,,,,,,,,,
3681,0,0.8249,0.8249,0.8249,0.8249,0.8249,0.8249,0.8249,0.8249,0.8249,,,,,,,,,,,,,,
3682,0,0.8249,0.8249,0.8249,0.8249,0.8249,0.8249,0.8249,0.8249,0.8249,,,,,,,,,,,,,,
3683,0,0.8249,0.8249,0.8249,0.8249,0.8249,0.8249,0.8249,0.8249,0.8249,,,,,,,,,,,,,,
3684,0,0.8249,0.8249,0.8249,0.8249,0.8249,0.8249,0.8249,0.8249,0.8249,,,,,,,,,,,,,,
3685,0,0.8249,0.8249,0.8249,0.8249,0.8249,0.8249,0.8249,0.8249,0.8249,,,,,,,,,,,,,,
3686,0,0.8249,0.8249,0.8249,0.8249,0.8249,0.8249,0.8249,0.8249,0.8249,,,,,,,,,,,,,,
3687,0,0.8249,0.8249,0.8249,0.8249,0.8249,0.8249,0.8249,0.8249,0.8249,,,,,,,,,,,,,,
3688,0,0.8249,0.8249,0.8249,0.8249,0.8249,0.8249,0.8249,0.8249,0.8249,,,,,,,,,,,,,,
3689,0,0.8249,0.8249,0.8249,0.8249,0.8249,0.8249,0.8249,0.8249,0.8249,,,,,,,,,,,,,,
3690,0,0.8249,0.8249,0.8249,0.8249,0.8249,0.8249,0.8249,0.8249,0.8249,,,,,,,,,,,,,,
3691,0,0.8249,0.8249,0.8249,0.8249,0.8249,0.8249,0.8249,0.8249,0.8249,,,,,,,,,,,,,,
3692,0,0.8249,0.8249,0.8249,0.8249,0.8249,0.8249,0.8249,0.8249,0.8249,,,,,,,,,,,,,,
3693,0,0.8249,0.8249,0.8249,0.8249,0.8249,0.8249,0.8249,0.8249,0.8249,,,,,,,,,,,,,,
3694,0,0.8249,0.8249,0.8249,0.8249,0.8249,0.8249,0.8249,0.8249,0.8249,,,,,,,,,,,,,,
3695,0,0.8249,0.8249,0.8249,0.8249,0.8249,0.8249,0.8249,0.8249,0.8249,,,,,,,,,,,,,,
3696,0,0.8249,0.8249,0.8249,0.8249,0.8249,0.8249,0.8249,0.8249,0.8249,,,,,,,,,,,,,,
3697,0,0.8249,0.8249,0.8249,0.8249,0.8249,0.8249,0.8249,0.8249,0.8249,,,,,,,,,,,,,,
3698,0,0.8249,0.8249,0.8249,0.8249,0.8249,0.8249,0.8249,0.8249,0.8249,,,,,,,,,,,,,,
3699,0,0.8249,0.8249,0.8249,0.8249,0.8249,0.8249,0.8249,0.8249,0.8249,,,,,,,,,,,,,,
3700,0,0.8249,0.8249,0.8249,0.8249,0.8249,0.8249,0.8249,0.8249,0.8249,,,,,,,,,,,,,,
3701,0,0.8249,0.8249,0.8249,0.8249,0.8249,0.8249,0.8249,0.8249,0.8249,,,,,,,,,,,,,,
3702,0,0.8249,0.8249,0.8249,0.8249,0.8249,0.8249,0.8249,0.8249,0.8249,,,,,,,,,,,,,,
3703,0,0.8249,0.8249,0.8249,0.8249,0.8249,0.8249,0.8249,0.8249,0.8249,,,,,,,,,,,,,,
3704,0,0.8249,0.8249,0.8249,0.8249,0.8249,0.8249,0.8249,0.8249,0.8249,,,,,,,,,,,,,,
3705,0,0.8249,0.8249,0.8249,0.8249,0.8249,0.8249,0.8249,0.8249,0.8249,,,,,,,,,,,,,,
3706,0,0.8249,0.8249,0.8249,0.8249,0.8249,0.8249,0.8249,0.8249,0.8249,,,,,,,,,,,,,,
3707,0,0.8249,0.8249,0.8249,0.8249,0.8249,0.8249,0.8249,0.8249,0.8249,,,,,,,,,,,,,,
3708,0,0.8249,0.8249,0.8249,0.8249,0.8249,0.8249,0.8249,0.8249,0.8249,,,,,,,,,,,,,,
3709,0,0.8249,0.8249,0.8249,0.8249,0.8249,0.8249,0.8249,0.8249,0.8249,,,,,,,,,,,,,,
3710,0,0.8249,0.8249,0.8249,0.8249,0.8249,0.8249,0.8249,0.8249,0.8249,,,,,,,,,,,,,,
3711,0,0.8249,0.8249,0.8249,0.8249,0.8249,0.8249,0.8249,0.8249,0.8249,,,,,,,,,,,,,,
3712,0,0.8249,0.8249,0.8249,0.8249,0.8249,0.8249,0.8249,0.8249,0.8249,,,,,,,,,,,,,,
3713,0,0.8249,0.8249,0.8249,0.8249,0.8249,0.8249,0.8249,0.8249,0.8249,,,,,,,,,,,,,,
3714,0,0.8249,0.8249,0.8249,0.8249,0.8249,0.8249,0.8249,0.8249,0.8249,,,,,,,,,,,,,,
3715,0,0.8249,0.8249,0.8249,0.8249,0.8249,0.8249,0.8249,0.8249,0.8249,,,,,,,,,,,,,,
3716,0,0.8249,0.8249,0.8249,0.8249,0.8249,0.8249,0.8249,0.8249,0.8249,,,,,,,,,,,,,,
3717,0,0.8249,0.8249,0.8249,0.8249,0.8249,0.8249,0.8249,0.8249,0.8249,,,,,,,,,,,,,,
3718,0,0.8249,0.8249,0.8249,0.8249,0.8249,0.8249,0.8249,0.8249,0.8249,,,,,,,,,,,,,,
3719,0,0.8249,0.8249,0.8249,0.8249,0.8249,0.8249,0.8249,0.8249,0.8249,,,,,,,,,,,,,,
3720,0,0.8249,0.8249,0.8249,0.8249,0.8249,0.8249,0.8249,0.8249,0.8249,,,,,,,,,,,,,,
3721,0,0.8249,0.8249,0.8249,0.8249,0.8249,0.8249,0.8249,0.8249,0.8249,,,,,,,,,,,,,,
3722,0,0.8249,0.8249,0.8249,0.8249,0.8249,0.8249,0.8249,0.8249,0.8249,,,,,,,,,,,,,,
3723,0,0.8249,0.8249,0.8249,0.8249,0.8249,0.8249,0.8249,0.8249,0.8249,,,,,,,,,,,,,,
3724,0,0.8249,0.8249,0.8249,0.8249,0.8249,0.8249,0.8249,0.8249,0.8249,,,,,,,,,,,,,,
3725,0,0.8249,0.8249,0.8249,0.8249,0.8249,0.8249,0.8249,0.8249,0.8249,,,,,,,,,,,,,,
3726,0,0.8249,0.8249,0.8249,0.8249,0.8249,0.8249,0.8249,0.8249,0.8249,,,,,,,,,,,,,,
3727,0,0.8249,0.8249,0.8249,0.8249,0.8249,0.8249,0.8249,0.8249,0.8249,,,,,,,,,,,,,,
3728,0,0.8249,0.8249,0.8249,0.8249,0.8249,0.8249,0.8249,0.8249,0.8249,,,,,,,,,,,,,,
3729,0,0.8249,0.8249,0.8249,0.8249,0.8249,0.8249,0.8249,0.8249,0.8249,,,,,,,,,,,,,,
3730,0,0.8249,0.8249,0.8249,0.8249,0.8249,0.8249,0.8249,0.8249,0.8249,,,,,,,,,,,,,,
3731,0,0.8249,0.8249,0.8249,0.8249,0.8249,0.8249,0.8249,0.8249,0.8249,,,,,,,,,,,,,,
3732,0,0.8249,0.8249,0.8249,0.8249,0.8249,0.8249,0.8249,0.8249,0.8249,,,,,,,,,,,,,,
3733,0,0.8249,0.8249,0.8249,0.8249,0.8249,0.8249,0.8249,0.8249,0.8249,,,,,,,,,,,,,,
3734,0,0.8249,0.8249,0.8249,0.8249,0.8249,0.8249,0.8249,0.8249,0.8249,,,,,,,,,,,,,,
3735,0,0.8249,0.8249,0.8249,0.8249,0.8249,0.8249,0.8249,0.8249,0.8249,,,,,,,,,,,,,,
3736,0,0.8249,0.8249,0.8249,0.8249,0.8249,0.8249,0.8249,0.8249,0.8249,,,,,,,,,,,,,,
3737,0,0.8249,0.8249,0.8249,0.8249,0.8249,0.8249,0.8249,0.8249,0.8249,,,,,,,,,,,,,,
3738,0,0.8249,0.8249,0.8249,0.8249,0.8249,0.8249,0.8249,0.8249,0.8249,,,,,,,,,,,,,,
3739,0,0.8249,0.8249,0.8249,0.8249,0.8249,0.8249,0.8249,0.8249,0.8249,,,,,,,,,,,,,,
3740,0,0.8249,0.8249,0.8249,0.8249,0.8249,0.8249,0.8249,0.8249,0.8249,,,,,,,,,,,,,,
3741,0,0.8249,0.8249,0.8249,0.8249,0.8249,0.8249,0.8249,0.8249,0.8249,,,,,,,,,,,,,,
3742,0,0.8249,0.8249,0.8249,0.8249,0.8249,0.8249,0.8249,0.8249,0.8249,,,,,,,,,,,,,,
3743,0,0.8249,0.8249,0.8249,0.8249,0.8249,0.8249,0.8249,0.8249,0.8249,,,,,,,,,,,,,,
3744,0,0.8249,0.8249,0.8249,0.8249,0.8249,0.8249,0.8249,0.8249,0.8249,,,,,,,,,,,,,,
3745,0,0.8249,0.8249,0.8249,0.8249,0.8249,0.8249,0.8249,0.8249,0.8249,,,,,,,,,,,,,,
3746,0,0.8249,0.8249,0.8249,0.8249,0.8249,0.8249,0.8249,0.8249,0.8249,,,,,,,,,,,,,,
3747,0,0.8249,0.8249,0.8249,0.8249,0.8249,0.8249,0.8249,0.8249,0.8249,,,,,,,,,,,,,,
3748,0,0.8249,0.8249,0.8249,0.8249,0.8249,0.8249,0.8249,0.8249,0.8249,,,,,,,,,,,,,,
3749,0,0.8249,0.8249,0.8249,0.8249,0.8249,0.8249,0.8249,0.8249,0.8249,,,,,,,,,,,,,,
3750,0,0.8249,0.8249,0.8249,0.8249,0.8249,0.8249,0.8249,0.8249,0.8249,,,,,,,,,,,,,,
3751,0,0.8249,0.8249,0.8249,0.8249,0.8249,0.8249,0.8249,0.8249,0.8249,,,,,,,,,,,,,,
3752,0,0.8249,0.8249,0.8249,0.8249,0.8249,0.8249,0.8249,0.8249,0.8249,,,,,,,,,,,,,,
3753,0,0.8249,0.8249,0.8249,0.8249,0.8249,0.8249,0.8249,0.8249,0.8249,,,,,,,,,,,,,,
3754,0,0.8249,0.8249,0.8249,0.8249,0.8249,0.8249,0.8249,0.8249,0.8249,,,,,,,,,,,,,,
3755,0,0.8249,0.8249,0.8249,0.8249,0.8249,0.8249,0.8249,0.8249,0.8249,,,,,,,,,,,,,,
3756,0,0.8249,0.8249,0.8249,0.8249,0.8249,0.8249,0.8249,0.8249,0.8249,,,,,,,,,,,,,,
3757,0,0.8249,0.8249,0.8249,0.8249,0.8249,0.8249,0.8249,0.8249,0.8249,,,,,,,,,,,,,,
3758,0,0.8249,0.8249,0.8249,0.8249,0.8249,0.8249,0.8249,0.8249,0.8249,,,,,,,,,,,,,,
3759,0,0.8249,0.8249,0.8249,0.8249,0.8249,0.8249,0.8249,0.8249,0.8249,,,,,,,,,,,,,,
3760,0,0.8249,0.8249,0.8249,0.8249,0.8249,0.8249,0.8249,0.8249,0.8249,,,,,,,,,,,,,,
3761,0,0.8249,0.8249,0.8249,0.8249,0.8249,0.8249,0.8249,0.8249,0.8249,,,,,,,,,,,,,,
3762,0,0.8249,0.8249,0.8249,0.8249,0.8249,0.8249,0.8249,0.8249,0.8249,,,,,,,,,,,,,,
3763,0,0.8249,0.8249,0.8249,0.8249,0.8249,0.8249,0.8249,0.8249,0.8249,,,,,,,,,,,,,,
3764,0,0.8249,0.8249,0.8249,0.8249,0.8249,0.8249,0.8249,0.8249,0.8249,,,,,,,,,,,,,,
3765,0,0.8249,0.8249,0.8249,0.8249,0.8249,0.8249,0.8249,0.8249,0.8249,,,,,,,,,,,,,,
3766,0,0.8249,0.8249,0.8249,0.8249,0.8249,0.8249,0.8249,0.8249,0.8249,,,,,,,,,,,,,,
3767,0,0.8249,0.8249,0.8249,0.8249,0.8249,0.8249,0.8249,0.8249,0.8249,,,,,,,,,,,,,,
3768,0,0.8249,0.8249,0.8249,0.8249,0.8249,0.8249,0.8249,0.8249,0.8249,,,,,,,,,,,,,,
3769,0,0.8249,0.8249,0.8249,0.8249,0.8249,0.8249,0.8249,0.8249,0.8249,,,,,,,,,,,,,,
3770,0,0.8249,0.8249,0.8249,0.8249,0.8249,0.8249,0.8249,0.8249,0.8249,,,,,,,,,,,,,,
3771,0,0.8249,0.8249,0.8249,0.8249,0.8249,0.8249,0.8249,0.8249,0.8249,,,,,,,,,,,,,,
3772,0,0.8249,0.8249,0.8249,0.8249,0.8249,0.8249,0.8249,0.8249,0.8249,,,,,,,,,,,,,,
3773,0,0.8249,0.8249,0.8249,0.8249,0.8249,0.8249,0.8249,0.8249,0.8249,,,,,,,,,,,,,,
3774,0,0.8249,0.8249,0.8249,0.8249,0.8249,0.8249,0.8249,0.8249,0.8249,,,,,,,,,,,,,,
3775,0,0.8249,0.8249,0.8249,0.8249,0.8249,0.8249,0.8249,0.8249,0.8249,,,,,,,,,,,,,,
3776,0,0.8249,0.8249,0.8249,0.8249,0.8249,0.8249,0.8249,0.8249,0.8249,,,,,,,,,,,,,,
3777,0,0.8249,0.8249,0.8249,0.8249,0.8249,0.8249,0.8249,0.8249,0.8249,,,,,,,,,,,,,,
3778,0,0.8249,0.8249,0.8249,0.8249,0.8249,0.8249,0.8249,0.8249,0.8249,,,,,,,,,,,,,,
3779,0,0.8249,0.8249,0.8249,0.8249,0.8249,0.8249,0.8249,0.8249,0.8249,,,,,,,,,,,,,,
3780,0,0.8249,0.8249,0.8249,0.8249,0.8249,0.8249,0.8249,0.8249,0.8249,,,,,,,,,,,,,,
3781,0,0.8249,0.8249,0.8249,0.8249,0.8249,0.8249,0.8249,0.8249,0.8249,,,,,,,,,,,,,,
3782,0,0.8249,0.8249,0.8249,0.8249,0.8249,0.8249,0.8249,0.8249,0.8249,,,,,,,,,,,,,,
3783,0,0.8249,0.8249,0.8249,0.8249,0.8249,0.8249,0.8249,0.8249,0.8249,,,,,,,,,,,,,,
3784,0,0.8249,0.8249,0.8249,0.8249,0.8249,0.8249,0.8249,0.8249,0.8249,,,,,,,,,,,,,,
3785,0,0.8249,0.8249,0.8249,0.8249,0.8249,0.8249,0.8249,0.8249,0.8249,,,,,,,,,,,,,,
3786,0,0.8249,0.8249,0.8249,0.8249,0.8249,0.8249,0.8249,0.8249,0.8249,,,,,,,,,,,,,,
3787,0,0.8249,0.8249,0.8249,0.8249,0.8249,0.8249,0.8249,0.8249,0.8249,,,,,,,,,,,,,,
3788,0,0.8249,0.8249,0.8249,0.8249,0.8249,0.8249,0.8249,0.8249,0.8249,,,,,,,,,,,,,,
3789,0,0.8249,0.8249,0.8249,0.8249,0.8249,0.8249,0.8249,0.8249,0.8249,,,,,,,,,,,,,,
3790,0,0.8249,0.8249,0.8249,0.8249,0.8249,0.8249,0.8249,0.8249,0.8249,,,,,,,,,,,,,,
3791,0,0.8249,0.8249,0.8249,0.8249,0.8249,0.8249,0.8249,0.8249,0.8249,,,,,,,,,,,,,,
3792,0,0.8249,0.8249,0.8249,0.8249,0.8249,0.8249,0.8249,0.8249,0.8249,,,,,,,,,,,,,,
3793,0,0.8249,0.8249,0.8249,0.8249,0.8249,0.8249,0.8249,0.8249,0.8249,,,,,,,,,,,,,,
3794,0,0.8249,0.8249,0.8249,0.8249,0.8249,0.8249,0.8249,0.8249,0.8249,,,,,,,,,,,,,,
3795,0,0.8249,0.8249,0.8249,0.8249,0.8249,0.8249,0.8249,0.8249,0.8249,,,,,,,,,,,,,,
3796,0,0.8249,0.8249,0.8249,0.8249,0.8249,0.8249,0.8249,0.8249,0.8249,,,,,,,,,,,,,,
3797,0,0.8249,0.8249,0.8249,0.8249,0.8249,0.8249,0.8249,0.8249,0.8249,,,,,,,,,,,,,,
3798,0,0.8249,0.8249,0.8249,0.8249,0.8249,0.8249,0.8249,0.8249,0.8249,,,,,,,,,,,,,,
3799,0,0.8249,0.8249,0.8249,0.8249,0.8249,0.8249,0.8249,0.8249,0.8249,,,,,,,,,,,,,,
3800,0,0.8249,0.8249,0.8249,0.8249,0.8249,0.8249,0.8249,0.8249,0.8249,,,,,,,,,,,,,,
3801,0,0.8249,0.8249,0.8249,0.8249,0.8249,0.8249,0.8249,0.8249,0.8249,,,,,,,,,,,,,,
3802,0,0.8249,0.8249,0.8249,0.8249,0.8249,0.8249,0.8249,0.8249,0.8249,,,,,,,,,,,,,,
3803,0,0.8249,0.8249,0.8249,0.8249,0.8249,0.8249,0.8249,0.8249,0.8249,,,,,,,,,,,,,,
3804,0,0.8249,0.8249,0.8249,0.8249,0.8249,0.8249,0.8249,0.8249,0.8249,,,,,,,,,,,,,,
3805,0,0.8249,0.8249,0.8249,0.8249,0.8249,0.8249,0.8249,0.8249,0.8249,,,,,,,,,,,,,,
3806,0,0.8249,0.8249,0.8249,0.8249,0.8249,0.8249,0.8249,0.8249,0.8249,,,,,,,,,,,,,,
3807,0,0.8249,0.8249,0.8249,0.8249,0.8249,0.8249,0.8249,0.8249,0.8249,,,,,,,,,,,,,,
3808,0,0.8249,0.8249,0.8249,0.8249,0.8249,0.8249,0.8249,0.8249,0.8249,,,,,,,,,,,,,,
3809,0,0.8249,0.8249,0.8249,0.8249,0.8249,0.8249,0.8249,0.8249,0.8249,,,,,,,,,,,,,,
3810,0,0.8249,0.8249,0.8249,0.8249,0.8249,0.8249,0.8249,0.8249,0.8249,,,,,,,,,,,,,,
3811,0,0.8249,0.8249,0.8249,0.8249,0.8249,0.8249,0.8249,0.8249,0.8249,,,,,,,,,,,,,,
3812,0,0.8249,0.8249,0.8249,0.8249,0.8249,0.8249,0.8249,0.8249,0.8249,,,,,,,,,,,,,,
3813,0,0.8249,0.8249,0.8249,0.8249,0.8249,0.8249,0.8249,0.8249,0.8249,,,,,,,,,,,,,,
3814,0,0.8249,0.8249,0.8249,0.8249,0.8249,0.8249,0.8249,0.8249,0.8249,,,,,,,,,,,,,,
3815,0,0.8249,0.8249,0.8249,0.8249,0.8249,0.8249,0.8249,0.8249,0.8249,,,,,,,,,,,,,,
3816,0,0.8249,0.8249,0.8249,0.8249,0.8249,0.8249,0.8249,0.8249,0.8249,,,,,,,,,,,,,,
3817,0,0.8249,0.8249,0.8249,0.8249,0.8249,0.8249,0.8249,0.8249,0.8249,,,,,,,,,,,,,,
3818,0,0.8249,0.8249,0.8249,0.8249,0.8249,0.8249,0.8249,0.8249,0.8249,,,,,,,,,,,,,,
3819,0,0.8249,0.8249,0.8249,0.8249,0.8249,0.8249,0.8249,0.8249,0.8249,,,,,,,,,,,,,,
3820,0,0.8249,0.8249,0.8249,0.8249,0.8249,0.8249,0.8249,0.8249,0.8249,,,,,,,,,,,,,,
3821,0,0.8249,0.8249,0.8249,0.8249,0.8249,0.8249,0.8249,0.8249,0.8249,,,,,,,,,,,,,,
3822,0,0.8249,0.8249,0.8249,0.8249,0.8249,0.8249,0.8249,0.8249,0.8249,,,,,,,,,,,,,,
3823,0,0.8249,0.8249,0.8249,0.8249,0.8249,0.8249,0.8249,0.8249,0.8249,,,,,,,,,,,,,,
3824,0,0.8249,0.8249,0.8249,0.8249,0.8249,0.8249,0.8249,0.8249,0.8249,,,,,,,,,,,,,,
3825,0,0.8249,0.8249,0.8249,0.8249,0.8249,0.8249,0.8249,0.8249,0.8249,,,,,,,,,,,,,,
3826,0,0.8249,0.8249,0.8249,0.8249,0.8249,0.8249,0.8249,0.8249,0.8249,,,,,,,,,,,,,,
3827,0,0.8249,0.8249,0.8249,0.8249,0.8249,0.8249,0.8249,0.8249,0.8249,,,,,,,,,,,,,,
3828,0,0.8249,0.8249,0.8249,0.8249,0.8249,0.8249,0.8249,0.8249,0.8249,,,,,,,,,,,,,,
3829,0,0.8249,0.8249,0.8249,0.8249,0.8249,0.8249,0.8249,0.8249,0.8249,,,,,,,,,,,,,,
3830,0,0.8249,0.8249,0.8249,0.8249,0.8249,0.8249,0.8249,0.8249,0.8249,,,,,,,,,,,,,,
3831,0,0.8249,0.8249,0.8249,0.8249,0.8249,0.8249,0.8249,0.8249,0.8249,,,,,,,,,,,,,,
3832,0,0.8249,0.8249,0.8249,0.8249,0.8249,0.8249,0.8249,0.8249,0.8249,,,,,,,,,,,,,,
3833,0,0.8249,0.8249,0.8249,0.8249,0.8249,0.8249,0.8249,0.8249,0.8249,,,,,,,,,,,,,,
3834,0,0.8249,0.8249,0.8249,0.8249,0.8249,0.8249,0.8249,0.8249,0.8249,,,,,,,,,,,,,,
3835,0,0.8249,0.8249,0.8249,0.8249,0.8249,0.8249,0.8249,0.8249,0.8249,,,,,,,,,,,,,,
3836,0,0.8249,0.8249,0.8249,0.8249,0.8249,0.8249,0.8249,0.8249,0.8249,,,,,,,,,,,,,,
3837,0,0.8249,0.8249,0.8249,0.8249,0.8249,0.8249,0.8249,0.8249,0.8249,,,,,,,,,,,,,,
3838,0,0.8249,0.8249,0.8249,0.8249,0.8249,0.8249,0.8249,0.8249,0.8249,,,,,,,,,,,,,,
3839,0,0.8249,0.8249,0.8249,0.8249,0.8249,0.8249,0.8249,0.8249,0.8249,,,,,,,,,,,,,,
3840,0,0.8249,0.8249,0.8249,0.8249,0.8249,0.8249,0.8249,0.8249,0.8249,,,,,,,,,,,,,,
3841,0,0.8249,0.8249,0.8249,0.8249,0.8249,0.8249,0.8249,0.8249,0.8249,,,,,,,,,,,,,,
3842,0,0.8249,0.8249,0.8249,0.8249,0.8249,0.8249,0.8249,0.8249,0.8249,,,,,,,,,,,,,,
3843,0,0.8249,0.8249,0.8249,0.8249,0.8249,0.8249,0.8249,0.8249,0.8249,,,,,,,,,,,,,,
3844,0,0.8249,0.8249,0.8249,0.8249,0.8249,0.8249,0.8249,0.8249,0.8249,,,,,,,,,,,,,,
3845,0,0.8249,0.8249,0.8249,0.8249,0.8249,0.8249,0.8249,0.8249,0.8249,,,,,,,,,,,,,,
3846,0,0.8249,0.8249,0.8249,0.8249,0.8249,0.8249,0.8249,0.8249,0.8249,,,,,,,,,,,,,,
3847,0,0.8249,0.8249,0.8249,0.8249,0.8249,0.8249,0.8249,0.8249,0.8249,,,,,,,,,,,,,,
3848,0,0.8249,0.8249,0.8249,0.8249,0.8249,0.8249,0.8249,0.8249,0.8249,,,,,,,,,,,,,,
3849,0,0.8249,0.8249,0.8249,0.8249,0.8249,0.8249,0.8249,0.8249,0.8249,,,,,,,,,,,,,,
3850,0,0.8249,0.8249,0.8249,0.8249,0.8249,0.8249,0.8249,0.8249,0.8249,,,,,,,,,,,,,,
3851,0,0.8249,0.8249,0.8249,0.8249,0.8249,0.8249,0.8249,0.8249,0.8249,,,,,,,,,,,,,,
3852,0,0.8249,0.8249,0.8249,0.8249,0.8249,0.8249,0.8249,0.8249,0.8249,,,,,,,,,,,,,,
3853,0,0.8249,0.8249,0.8249,0.8249,0.8249,0.8249,0.8249,0.8249,0.8249,,,,,,,,,,,,,,
3854,0,0.8249,0.8249,0.8249,0.8249,0.8249,0.8249,0.8249,0.8249,0.8249,,,,,,,,,,,,,,
3855,0,0.8249,0.8249,0.8249,0.8249,0.8249,0.8249,0.8249,0.8249,0.8249,,,,,,,,,,,,,,
3856,0,0.8249,0.8249,0.8249,0.8249,0.8249,0.8249,0.8249,0.8249,0.8249,,,,,,,,,,,,,,
3857,0,0.8249,0.8249,0.8249,0.8249,0.8249,0.8249,0.8249,0.8249,0.8249,,,,,,,,,,,,,,
3858,0,0.8249,0.8249,0.8249,0.8249,0.8249,0.8249,0.8249,0.8249,0.8249,,,,,,,,,,,,,,
3859,0,0.8249,0.8249,0.8249,0.8249,0.8249,0.8249,0.8249,0.8249,0.8249,,,,,,,,,,,,,,
3860,0,0.8249,0.8249,0.8249,0.8249,0.8249,0.8249,0.8249,0.8249,0.8249,,,,,,,,,,,,,,
3861,0,0.8249,0.8249,0.8249,0.8249,0.8249,0.8249,0.8249,0.8249,0.8249,,,,,,,,,,,,,,
3862,0,0.8249,0.8249,0.8249,0.8249,0.8249,0.8249,0.8249,0.8249,0.8249,,,,,,,,,,,,,,
3863,0,0.8249,0.8249,0.8249,0.8249,0.8249,0.8249,0.8249,0.8249,0.8249,,,,,,,,,,,,,,
3864,0,0.8249,0.8249,0.8249,0.8249,0.8249,0.8249,0.8249,0.8249,0.8249,,,,,,,,,,,,,,
3865,0,0.8249,0.8249,0.8249,0.8249,0.8249,0.8249,0.8249,0.8249,0.8249,,,,,,,,,,,,,,
3866,0,0.8249,0.8249,0.8249,0.8249,0.8249,0.8249,0.8249,0.8249,0.8249,,,,,,,,,,,,,,
3867,0,0.8249,0.8249,0.8249,0.8249,0.8249,0.8249,0.8249,0.8249,0.8249,,,,,,,,,,,,,,
3868,0,0.8249,0.8249,0.8249,0.8249,0.8249,0.8249,0.8249,0.8249,0.8249,,,,,,,,,,,,,,
3869,0,0.8249,0.8249,0.8249,0.8249,0.8249,0.8249,0.8249,0.8249,0.8249,,,,,,,,,,,,,,
3870,0,0.8249,0.8249,0.8249,0.8249,0.8249,0.8249,0.8249,0.8249,0.8249,,,,,,,,,,,,,,
3871,0,0.8249,0.8249,0.8249,0.8249,0.8249,0.8249,0.8249,0.8249,0.8249,,,,,,,,,,,,,,
3872,0,0.8249,0.8249,0.8249,0.8249,0.8249,0.8249,0.8249,0.8249,0.8249,,,,,,,,,,,,,,
3873,0,0.8249,0.8249,0.8249,0.8249,0.8249,0.8249,0.8249,0.8249,0.8249,,,,,,,,,,,,,,
3874,0,0.8249,0.8249,0.8249,0.8249,0.8249,0.8249,0.8249,0.8249,0.8249,,,,,,,,,,,,,,
3875,0,0.8249,0.8249,0.8249,0.8249,0.8249,0.8249,0.8249,0.8249,0.8249,,,,,,,,,,,,,,
3876,0,0.8249,0.8249,0.8249,0.8249,0.8249,0.8249,0.8249,0.8249,0.8249,,,,,,,,,,,,,,
3877,0,0.8249,0.8249,0.8249,0.8249,0.8249,0.8249,0.8249,0.8249,0.8249,,,,,,,,,,,,,,
3878,0,0.8249,0.8249,0.8249,0.8249,0.8249,0.8249,0.8249,0.8249,0.8249,,,,,,,,,,,,,,
3879,0,0.8249,0.8249,0.8249,0.8249,0.8249,0.8249,0.8249,0.8249,0.8249,,,,,,,,,,,,,,
3880,0,0.8249,0.8249,0.8249,0.8249,0.8249,0.8249,0.8249,0.8249,0.8249,,,,,,,,,,,,,,
3881,0,0.8249,0.8249,0.8249,0.8249,0.8249,0.8249,0.8249,0.8249,0.8249,,,,,,,,,,,,,,
3882,0,0.8249,0.8249,0.8249,0.8249,0.8249,0.8249,0.8249,0.8249,0.8249,,,,,,,,,,,,,,
3883,0,0.8249,0.8249,0.8249,0.8249,0.8249,0.8249,0.8249,0.8249,0.8249,,,,,,,,,,,,,,
3884,0,0.8249,0.8249,0.8249,0.8249,0.8249,0.8249,0.8249,0.8249,0.8249,,,,,,,,,,,,,,
3885,0,0.8249,0.8249,0.8249,0.8249,0.8249,0.8249,0.8249,0.8249,0.8249,,,,,,,,,,,,,,
3886,0,0.8249,0.8249,0.8249,0.8249,0.8249,0.8249,0.8249,0.8249,0.8249,,,,,,,,,,,,,,
3887,0,0.8249,0.8249,0.8249,0.8249,0.8249,0.8249,0.8249,0.8249,0.8249,,,,,,,,,,,,,,
3888,0,0.8249,0.8249,0.8249,0.8249,0.8249,0.8249,0.8249,0.8249,0.8249,,,,,,,,,,,,,,
3889,0,0.8249,0.8249,0.8249,0.8249,0.8249,0.8249,0.8249,0.8249,0.8249,,,,,,,,,,,,,,
3890,0,0.8249,0.8249,0.8249,0.8249,0.8249,0.8249,0.8249,0.8249,0.8249,,,,,,,,,,,,,,
3891,0,0.8249,0.8249,0.8249,0.8249,0.8249,0.8249,0.8249,0.8249,0.8249,,,,,,,,,,,,,,
3892,0,0.8249,0.8249,0.8249,0.8249,0.8249,0.8249,0.8249,0.8249,0.8249,,,,,,,,,,,,,,
3893,0,0.8249,0.8249,0.8249,0.8249,0.8249,0.8249,0.8249,0.8249,0.8249,,,,,,,,,,,,,,
3894,0,0.8249,0.8249,0.8249,0.8249,0.8249,0.8249,0.8249,0.8249,0.8249,,,,,,,,,,,,,,
3895,0,0.8249,0.8249,0.8249,0.8249,0.8249,0.8249,0.8249,0.8249,0.8249,,,,,,,,,,,,,,
3896,0,0.8249,0.8249,0.8249,0.8249,0.8249,0.8249,0.8249,0.8249,0.8249,,,,,,,,,,,,,,
3897,0,0.8249,0.8249,0.8249,0.8249,0.8249,0.8249,0.8249,0.8249,0.8249,,,,,,,,,,,,,,
3898,0,0.8249,0.8249,0.8249,0.8249,0.8249,0.8249,0.8249,0.8249,0.8249,,,,,,,,,,,,,,
3899,0,0.8249,0.8249,0.8249,0.8249,0.8249,0.8249,0.8249,0.8249,0.8249,,,,,,,,,,,,,,
3900,0,0.8249,0.8249,0.8249,0.8249,0.8249,0.8249,0.8249,0.8249,0.8249,,,,,,,,,,,,,,
3901,0,0.8249,0.8249,0.8249,0.8249,0.8249,0.8249,0.8249,0.8249,0.8249,,,,,,,,,,,,,,
3902,0,0.8249,0.8249,0.8249,0.8249,0.8249,0.8249,0.8249,0.8249,0.8249,,,,,,,,,,,,,,
3903,0,0.8249,0.8249,0.8249,0.8249,0.8249,0.8249,0.8249,0.8249,0.8249,,,,,,,,,,,,,,
3904,0,0.8249,0.8249,0.8249,0.8249,0.8249,0.8249,0.8249,0.8249,0.8249,,,,,,,,,,,,,,
3905,0,0.8249,0.8249,0.8249,0.8249,0.8249,0.8249,0.8249,0.8249,0.8249,,,,,,,,,,,,,,
3906,0,0.8249,0.8249,0.8249,0.8249,0.8249,0.8249,0.8249,0.8249,0.8249,,,,,,,,,,,,,,
3907,0,0.8249,0.8249,0.8249,0.8249,0.8249,0.8249,0.8249,0.8249,0.8249,,,,,,,,,,,,,,
3908,0,0.8249,0.8249,0.8249,0.8249,0.8249,0.8249,0.8249,0.8249,0.8249,,,,,,,,,,,,,,
3909,0,0.8249,0.8249,0.8249,0.8249,0.8249,0.8249,0.8249,0.8249,0.8249,,,,,,,,,,,,,,
3910,0,0.8249,0.8249,0.8249,0.8249,0.8249,0.8249,0.8249,0.8249,0.8249,,,,,,,,,,,,,,
3911,0,0.8249,0.8249,0.8249,0.8249,0.8249,0.8249,0.8249,0.8249,0.8249,,,,,,,,,,,,,,
3912,0,0.8249,0.8249,0.8249,0.8249,0.8249,0.8249,0.8249,0.8249,0.8249,,,,,,,,,,,,,,
3913,0,0.8249,0.8249,0.8249,0.8249,0.8249,0.8249,0.8249,0.8249,0.8249,,,,,,,,,,,,,,
3914,0,0.8249,0.8249,0.8249,0.8249,0.8249,0.8249,0.8249,0.8249,0.8249,,,,,,,,,,,,,,
3915,0,0.8249,0.8249,0.8249,0.8249,0.8249,0.8249,0.8249,0.8249,0.8249,,,,,,,,,,,,,,
3916,0,0.8249,0.8249,0.8249,0.8249,0.8249,0.8249,0.8249,0.8249,0.8249,,,,,,,,,,,,,,
3917,0,0.8249,0.8249,0.8249,0.8249,0.8249,0.8249,0.8249,0.8249,0.8249,,,,,,,,,,,,,,
3918,0,0.8249,0.8249,0.8249,0.8249,0.8249,0.8249,0.8249,0.8249,0.8249,,,,,,,,,,,,,,
3919,0,0.8249,0.8249,0.8249,0.8249,0.8249,0.8249,0.8249,0.8249,0.8249,,,,,,,,,,,,,,
3920,0,0.8249,0.8249,0.8249,0.8249,0.8249,0.8249,0.8249,0.8249,0.8249,,,,,,,,,,,,,,
3921,0,0.8249,0.8249,0.8249,0.8249,0.8249,0.8249,0.8249,0.8249,0.8249,,,,,,,,,,,,,,
3922,0,0.8249,0.8249,0.8249,0.8249,0.8249,0.8249,0.8249,0.8249,0.8249,,,,,,,,,,,,,,
3923,0,0.8249,0.8249,0.8249,0.8249,0.8249,0.8249,0.8249,0.8249,0.8249,,,,,,,,,,,,,,
3924,0,0.8249,0.8249,0.8249,0.8249,0.8249,0.8249,0.8249,0.8249,0.8249,,,,,,,,,,,,,,
3925,0,0.8249,0.8249,0.8249,0.8249,0.8249,0.8249,0.8249,0.8249,0.8249,,,,,,,,,,,,,,
3926,0,0.8249,0.8249,0.8249,0.8249,0.8249,0.8249,0.8249,0.8249,0.8249,,,,,,,,,,,,,,
3927,0,0.8249,0.8249,0.8249,0.8249,0.8249,0.8249,0.8249,0.8249,0.8249,,,,,,,,,,,,,,
3928,0,0.8249,0.8249,0.8249,0.8249,0.8249,0.8249,0.8249,0.8249,0.8249,,,,,,,,,,,,,,
3929,0,0.8249,0.8249,0.8249,0.8249,0.8249,0.8249,0.8249,0.8249,0.8249,,,,,,,,,,,,,,
3930,0,0.8249,0.8249,0.8249,0.8249,0.8249,0.8249,0.8249,0.8249,0.8249,,,,,,,,,,,,,,
3931,0,0.8249,0.8249,0.8249,0.8249,0.8249,0.8249,0.8249,0.8249,0.8249,,,,,,,,,,,,,,
3932,0,0.8249,0.8249,0.8249,0.8249,0.8249,0.8249,0.8249,0.8249,0.8249,,,,,,,,,,,,,,
3933,0,0.8249,0.8249,0.8249,0.8249,0.8249,0.8249,0.8249,0.8249,0.8249,,,,,,,,,,,,,,
3934,0,0.8249,0.8249,0.8249,0.8249,0.8249,0.8249,0.8249,0.8249,0.8249,,,,,,,,,,,,,,
3935,0,0.8249,0.8249,0.8249,0.8249,0.8249,0.8249,0.8249,0.8249,0.8249,,,,,,,,,,,,,,
3936,0,0.8249,0.8249,0.8249,0.8249,0.8249,0.8249,0.8249,0.8249,0.8249,,,,,,,,,,,,,,
3937,0,0.8249,0.8249,0.8249,0.8249,0.8249,0.8249,0.8249,0.8249,0.8249,,,,,,,,,,,,,,
3938,0,0.8249,0.8249,0.8249,0.8249,0.8249,0.8249,0.8249,0.8249,0.8249,,,,,,,,,,,,,,
3939,0,0.8249,0.8249,0.8249,0.8249,0.8249,0.8249,0.8249,0.8249,0.8249,,,,,,,,,,,,,,
3940,0,0.8249,0.8249,0.8249,0.8249,0.8249,0.8249,0.8249,0.8249,0.8249,,,,,,,,,,,,,,
3941,0,0.8249,0.8249,0.8249,0.8249,0.8249,0.8249,0.8249,0.8249,0.8249,,,,,,,,,,,,,,
3942,0,0.8249,0.8249,0.8249,0.8249,0.8249,0.8249,0.8249,0.8249,0.8249,,,,,,,,,,,,,,
3943,0,0.8249,0.8249,0.8249,0.8249,0.8249,0.8249,0.8249,0.8249,0.8249,,,,,,,,,,,,,,
3944,0,0.8249,0.8249,0.8249,0.8249,0.8249,0.8249,0.8249,0.8249,0.8249,,,,,,,,,,,,,,
3945,0,0.8249,0.8249,0.8249,0.8249,0.8249,0.8249,0.8249,0.8249,0.8249,,,,,,,,,,,,,,
3946,0,0.8249,0.8249,0.8249,0.8249,0.8249,0.8249,0.8249,0.8249,0.8249,,,,,,,,,,,,,,
3947,0,0.8249,0.8249,0.8249,0.8249,0.8249,0.8249,0.8249,0.8249,0.8249,,,,,,,,,,,,,,
3948,0,0.8249,0.8249,0.8249,0.8249,0.8249,0.8249,0.8249,0.8249,0.8249,,,,,,,,,,,,,,
3949,0,0.8249,0.8249,0.8249,0.8249,0.8249,0.8249,0.8249,0.8249,0.8249,,,,,,,,,,,,,,
3950,0,0.8249,0.8249,0.8249,0.8249,0.8249,0.8249,0.8249,0.8249,0.8249,,,,,,,,,,,,,,
3951,0,0.8249,0.8249,0.8249,0.8249,0.8249,0.8249,0.8249,0.8249,0.8249,,,,,,,,,,,,,,
3952,0,0.8249,0.8249,0.8249,0.8249,0.8249,0.8249,0.8249,0.8249,0.8249,,,,,,,,,,,,,,
3953,0,0.8249,0.8249,0.8249,0.8249,0.8249,0.8249,0.8249,0.8249,0.8249,,,,,,,,,,,,,,
3954,0,0.8249,0.8249,0.8249,0.8249,0.8249,0.8249,0.8249,0.8249,0.8249,,,,,,,,,,,,,,
3955,0,0.8249,0.8249,0.8249,0.8249,0.8249,0.8249,0.8249,0.8249,0.8249,,,,,,,,,,,,,,
3956,0,0.8249,0.8249,0.8249,0.8249,0.8249,0.8249,0.8249,0.8249,0.8249,,,,,,,,,,,,,,
3957,0,0.8249,0.8249,0.8249,0.8249,0.8249,0.8249,0.8249,0.8249,0.8249,,,,,,,,,,,,,,
3958,0,0.8249,0.8249,0.8249,0.8249,0.8249,0.8249,0.8249,0.8249,0.8249,,,,,,,,,,,,,,
3959,0,0.8249,0.8249,0.8249,0.8249,0.8249,0.8249,0.8249,0.8249,0.8249,,,,,,,,,,,,,,
3960,0,0.8249,0.8249,0.8249,0.8249,0.8249,0.8249,0.8249,0.8249,0.8249,,,,,,,,,,,,,,
3961,0,0.8249,0.8249,0.8249,0.8249,0.8249,0.8249,0.8249,0.8249,0.8249,,,,,,,,,,,,,,
3962,0,0.8249,0.8249,0.8249,0.8249,0.8249,0.8249,0.8249,0.8249,0.8249,,,,,,,,,,,,,,
3963,0,0.8249,0.8249,0.8249,0.8249,0.8249,0.8249,0.8249,0.8249,0.8249,,,,,,,,,,,,,,
3964,0,0.8249,0.8249,0.8249,0.8249,0.8249,0.8249,0.8249,0.8249,0.8249,,,,,,,,,,,,,,
3965,0,0.8249,0.8249,0.8249,0.8249,0.8249,0.8249,0.8249,0.8249,0.8249,,,,,,,,,,,,,,
3966,0,0.8249,0.8249,0.8249,0.8249,0.8249,0.8249,0.8249,0.8249,0.8249,,,,,,,,,,,,,,
3967,0,0.8249,0.8249,0.8249,0.8249,0.8249,0.8249,0.8249,0.8249,0.8249,,,,,,,,,,,,,,
3968,0,0.8249,0.8249,0.8249,0.8249,0.8249,0.8249,0.8249,0.8249,0.8249,,,,,,,,,,,,,,
3969,0,0.8249,0.8249,0.8249,0.8249,0.8249,0.8249,0.8249,0.8249,0.8249,,,,,,,,,,,,,,
3970,0,0.8249,0.8249,0.8249,0.8249,0.8249,0.8249,0.8249,0.8249,0.8249,,,,,,,,,,,,,,
3971,0,0.8249,0.8249,0.8249,0.8249,0.8249,0.8249,0.8249,0.8249,0.8249,,,,,,,,,,,,,,
3972,0,0.8249,0.8249,0.8249,0.8249,0.8249,0.8249,0.8249,0.8249,0.8249,,,,,,,,,,,,,,
3973,0,0.8249,0.8249,0.8249,0.8249,0.8249,0.8249,0.8249,0.8249,0.8249,,,,,,,,,,,,,,
3974,0,0.8249,0.8249,0.8249,0.8249,0.8249,0.8249,0.8249,0.8249,0.8249,,,,,,,,,,,,,,
3975,0,0.8249,0.8249,0.8249,0.8249,0.8249,0.8249,0.8249,0.8249,0.8249,,,,,,,,,,,,,,
3976,0,0.8249,0.8249,0.8249,0.8249,0.8249,0.8249,0.8249,0.8249,0.8249,,,,,,,,,,,,,,
3977,0,0.8249,0.8249,0.8249,0.8249,0.8249,0.8249,0.8249,0.8249,0.8249,,,,,,,,,,,,,,
3978,0,0.8249,0.8249,0.8249,0.8249,0.8249,0.8249,0.8249,0.8249,0.8249,,,,,,,,,,,,,,
3979,0,0.8249,0.8249,0.8249,0.8249,0.8249,0.8249,0.8249,0.8249,0.8249,,,,,,,,,,,,,,
3980,0,0.8249,0.8249,0.8249,0.8249,0.8249,0.8249,0.8249,0.8249,0.8249,,,,,,,,,,,,,,
3981,0,0.8249,0.8249,0.8249,0.8249,0.8249,0.8249,0.8249,0.8249,0.8249,,,,,,,,,,,,,,
3982,0,0.8249,0.8249,0.8249,0.8249,0.8249,0.8249,0.8249,0.8249,0.8249,,,,,,,,,,,,,,
3983,0,0.8249,0.8249,0.8249,0.8249,0.8249,0.8249,0.8249,0.8249,0.8249,,,,,,,,,,,,,,
3984,0,0.8249,0.8249,0.8249,0.8249,0.8249,0.8249,0.8249,0.8249,0.8249,,,,,,,,,,,,,,
3985,0,0.8249,0.8249,0.8249,0.8249,0.8249,0.8249,0.8249,0.8249,0.8249,,,,,,,,,,,,,,
3986,0,0.8249,0.8249,0.8249,0.8249,0.8249,0.8249,0.8249,0.8249,0.8249,,,,,,,,,,,,,,
3987,0,0.8249,0.8249,0.8249,0.8249,0.8249,0.8249,0.8249,0.8249,0.8249,,,,,,,,,,,,,,
3988,0,0.8249,0.8249,0.8249,0.8249,0.8249,0.8249,0.8249,0.8249,0.8249,,,,,,,,,,,,,,
3989,0,0.8249,0.8249,0.8249,0.8249,0.8249,0.8249,0.8249,0.8249,0.8249,,,,,,,,,,,,,,
3990,0,0.8249,0.8249,0.8249,0.8249,0.8249,0.8249,0.8249,0.8249,0.8249,,,,,,,,,,,,,,
3991,0,0.8249,0.8249,0.8249,0.8249,0.8249,0.8249,0.8249,0.8249,0.8249,,,,,,,,,,,,,,
3992,0,0.8249,0.8249,0.8249,0.8249,0.8249,0.8249,0.8249,0.8249,0.8249,,,,,,,,,,,,,,
3993,0,0.8249,0.8249,0.8249,0.8249,0.8249,0.8249,0.8249,0.8249,0.8249,,,,,,,,,,,,,,
3994,0,0.8249,0.8249,0.8249,0.8249,0.8249,0.8249,0.8249,0.8249,0.8249,,,,,,,,,,,,,,
3995,0,0.8249,0.8249,0.8249,0.8249,0.8249,0.8249,0.8249,0.8249,0.8249,,,,,,,,,,,,,,
3996,0,0.8249,0.8249,0.8249,0.8249,0.8249,0.8249,0.8249,0.8249,0.8249,,,,,,,,,,,,,,
3997,0,0.8249,0.8249,0.8249,0.8249,0.8249,0.8249,0.8249,0.8249,0.8249,,,,,,,,,,,,,,
3998,0,0.8249,0.8249,0.8249,0.8249,0.8249,0.8249,0.8249,0.8249,0.8249,,,,,,,,,,,,,,
3999,0,0.8249,0.8249,0.8249,0.8249,0.8249,0.8249,0.8249,0.8249,0.8249,,,,,,,,,,,,,,
4000,0,0.8249,0.8249,0.8249,0.8249,0.8249,0.8249,0.8249,0.8249,0.8249,,,,,,,,,,,,,,
4001,0,0.8249,0.8249,0.8249,0.8249,0.8249,0.8249,0.8249,0.8249,0.8249,,,,,,,,,,,,,,
4002,0,0.8249,0.8249,0.8249,0.8249,0.8249,0.8249,0.8249,0.8249,0.8249,,,,,,,,,,,,,,
4003,0,0.8249,0.8249,0.8249,0.8249,0.8249,0.8249,0.8249,0.8249,0.8249,,,,,,,,,,,,,,
4004,0,0.8249,0.8249,0.8249,0.8249,0.8249,0.8249,0.8249,0.8249,0.8249,,,,,,,,,,,,,,
4005,0,0.8249,0.8249,0.8249,0.8249,0.8249,0.8249,0.8249,0.8249,0.8249,,,,,,,,,,,,,,
4006,0,0.8249,0.8249,0.8249,0.8249,0.8249,0.8249,0.8249,0.8249,0.8249,,,,,,,,,,,,,,
4007,0,0.8249,0.8249,0.8249,0.8249,0.8249,0.8249,0.8249,0.8249,0.8249,,,,,,,,,,,,,,
4008,0,0.8249,0.8249,0.8249,0.8249,0.8249,0.8249,0.8249,0.8249,0.8249,,,,,,,,,,,,,,
4009,0,0.8249,0.8249,0.8249,0.8249,0.8249,0.8249,0.8249,0.8249,0.8249,,,,,,,,,,,,,,
4010,0,0.8249,0.8249,0.8249,0.8249,0.8249,0.8249,0.8249,0.8249,0.8249,,,,,,,,,,,,,,
4011,0,0.8249,0.8249,0.8249,0.8249,0.8249,0.8249,0.8249,0.8249,0.8249,,,,,,,,,,,,,,
4012,0,0.8249,0.8249,0.8249,0.8249,0.8249,0.8249,0.8249,0.8249,0.8249,,,,,,,,,,,,,,
4013,0,0.8249,0.8249,0.8249,0.8249,0.8249,0.8249,0.8249,0.8249,0.8249,,,,,,,,,,,,,,
4014,0,0.8249,0.8249,0.8249,0.8249,0.8249,0.8249,0.8249,0.8249,0.8249,,,,,,,,,,,,,,
4015,0,0.8249,0.8249,0.8249,0.8249,0.8249,0.8249,0.8249,0.8249,0.8249,,,,,,,,,,,,,,
4016,0,0.8249,0.8249,0.8249,0.8249,0.8249,0.8249,0.8249,0.8249,0.8249,,,,,,,,,,,,,,
4017,0,0.8249,0.8249,0.8249,0.8249,0.8249,0.8249,0.8249,0.8249,0.8249,,,,,,,,,,,,,,
4018,0,0.8249,0.8249,0.8249,0.8249,0.8249,0.8249,0.8249,0.8249,0.8249,,,,,,,,,,,,,,
4019,0,0.8249,0.8249,0.8249,0.8249,0.8249,0.8249,0.8249,0.8249,0.8249,,,,,,,,,,,,,,
4020,0,0.8249,0.8249,0.8249,0.8249,0.8249,0.8249,0.8249,0.8249,0.8249,,,,,,,,,,,,,,
4021,0,0.8249,0.8249,0.8249,0.8249,0.8249,0.8249,0.8249,0.8249,0.8249,,,,,,,,,,,,,,
4022,0,0.8249,0.8249,0.8249,0.8249,0.8249,0.8249,0.8249,0.8249,0.8249,,,,,,,,,,,,,,
4023,0,0.8249,0.8249,0.8249,0.8249,0.8249,0.8249,0.8249,0.8249,0.8249,,,,,,,,,,,,,,
4024,0,0.8249,0.8249,0.8249,0.8249,0.8249,0.8249,0.8249,0.8249,0.8249,,,,,,,,,,,,,,
4025,0,0.8249,0.8249,0.8249,0.8249,0.8249,0.8249,0.8249,0.8249,0.8249,,,,,,,,,,,,,,
4026,0,0.8249,0.8249,0.8249,0.8249,0.8249,0.8249,0.8249,0.8249,0.8249,,,,,,,,,,,,,,
4027,0,0.8249,0.8249,0.8249,0.8249,0.8249,0.8249,0.8249,0.8249,0.8249,,,,,,,,,,,,,,
4028,0,0.8249,0.8249,0.8249,0.8249,0.8249,0.8249,0.8249,0.8249,0.8249,,,,,,,,,,,,,,
4029,0,0.8249,0.8249,0.8249,0.8249,0.8249,0.8249,0.8249,0.8249,0.8249,,,,,,,,,,,,,,
4030,0,0.8249,0.8249,0.8249,0.8249,0.8249,0.8249,0.8249,0.8249,0.8249,,,,,,,,,,,,,,
4031,0,0.8249,0.8249,0.8249,0.8249,0.8249,0.8249,0.8249,0.8249,0.8249,,,,,,,,,,,,,,
4032,0,0.8249,0.8249,0.8249,0.8249,0.8249,0.8249,0.8249,0.8249,0.8249,,,,,,,,,,,,,,
4033,0,0.8249,0.8249,0.8249,0.8249,0.8249,0.8249,0.8249,0.8249,0.8249,,,,,,,,,,,,,,
4034,0,0.8249,0.8249,0.8249,0.8249,0.8249,0.8249,0.8249,0.8249,0.8249,,,,,,,,,,,,,,
4035,0,0.8249,0.8249,0.8249,0.8249,0.8249,0.8249,0.8249,0.8249,0.8249,,,,,,,,,,,,,,
4036,0,0.8249,0.8249,0.8249,0.8249,0.8249,0.8249,0.8249,0.8249,0.8249,,,,,,,,,,,,,,
4037,0,0.8249,0.8249,0.8249,0.8249,0.8249,0.8249,0.8249,0.8249,0.8249,,,,,,,,,,,,,,
4038,0,0.8249,0.8249,0.8249,0.8249,0.8249,0.8249,0.8249,0.8249,0.8249,,,,,,,,,,,,,,
4039,0,0.8249,0.8249,0.8249,0.8249,0.8249,0.8249,0.8249,0.8249,0.8249,,,,,,,,,,,,,,
4040,0,0.8249,0.8249,0.8249,0.8249,0.8249,0.8249,0.8249,0.8249,0.8249,,,,,,,,,,,,,,
4041,0,0.8249,0.8249,0.8249,0.8249,0.8249,0.8249,0.8249,0.8249,0.8249,,,,,,,,,,,,,,
4042,0,0.8249,0.8249,0.8249,0.8249,0.8249,0.8249,0.8249,0.8249,0.8249,,,,,,,,,,,,,,
4043,0,0.8249,0.8249,0.8249,0.8249,0.8249,0.8249,0.8249,0.8249,0.8249,,,,,,,,,,,,,,
4044,0,0.8249,0.8249,0.8249,0.8249,0.8249,0.8249,0.8249,0.8249,0.8249,,,,,,,,,,,,,,
4045,0,0.8249,0.8249,0.8249,0.8249,0.8249,0.8249,0.8249,0.8249,0.8249,,,,,,,,,,,,,,
4046,0,0.8249,0.8249,0.8249,0.8249,0.8249,0.8249,0.8249,0.8249,0.8249,,,,,,,,,,,,,,
4047,0,0.8249,0.8249,0.8249,0.8249,0.8249,0.8249,0.8249,0.8249,0.8249,,,,,,,,,,,,,,
4048,0,0.8249,0.8249,0.8249,0.8249,0.8249,0.8249,0.8249,0.8249,0.8249,,,,,,,,,,,,,,
4049,0,0.8249,0.8249,0.8249,0.8249,0.8249,0.8249,0.8249,0.8249,0.8249,,,,,,,,,,,,,,
4050,0,0.8249,0.8249,0.8249,0.8249,0.8249,0.8249,0.8249,0.8249,0.8249,,,,,,,,,,,,,,
4051,0,0.8249,0.8249,0.8249,0.8249,0.8249,0.8249,0.8249,0.8249,0.8249,,,,,,,,,,,,,,
4052,0,0.8249,0.8249,0.8249,0.8249,0.8249,0.8249,0.8249,0.8249,0.8249,,,,,,,,,,,,,,
4053,0,0.8249,0.8249,0.8249,0.8249,0.8249,0.8249,0.8249,0.8249,0.8249,,,,,,,,,,,,,,
4054,0,0.8249,0.8249,0.8249,0.8249,0.8249,0.8249,0.8249,0.8249,0.8249,,,,,,,,,,,,,,
4055,0,0.8249,0.8249,0.8249,0.8249,0.8249,0.8249,0.8249,0.8249,0.8249,,,,,,,,,,,,,,
4056,0,0.8249,0.8249,0.8249,0.8249,0.8249,0.8249,0.8249,0.8249,0.8249,,,,,,,,,,,,,,
4057,0,0.8249,0.8249,0.8249,0.8249,0.8249,0.8249,0.8249,0.8249,0.8249,,,,,,,,,,,,,,
4058,0,0.8249,0.8249,0.8249,0.8249,0.8249,0.8249,0.8249,0.8249,0.8249,,,,,,,,,,,,,,
4059,0,0.8249,0.8249,0.8249,0.8249,0.8249,0.8249,0.8249,0.8249,0.8249,,,,,,,,,,,,,,
4060,0,0.8249,0.8249,0.8249,0.8249,0.8249,0.8249,0.8249,0.8249,0.8249,,,,,,,,,,,,,,
4061,0,0.8249,0.8249,0.8249,0.8249,0.8249,0.8249,0.8249,0.8249,0.8249,,,,,,,,,,,,,,
4062,0,0.8249,0.8249,0.8249,0.8249,0.8249,0.8249,0.8249,0.8249,0.8249,,,,,,,,,,,,,,
4063,0,0.8249,0.8249,0.8249,0.8249,0.8249,0.8249,0.8249,0.8249,0.8249,,,,,,,,,,,,,,
4064,0,0.8249,0.8249,0.8249,0.8249,0.8249,0.8249,0.8249,0.8249,0.8249,,,,,,,,,,,,,,
4065,0,0.8249,0.8249,0.8249,0.8249,0.8249,0.8249,0.8249,0.8249,0.8249,,,,,,,,,,,,,,
4066,0,0.8249,0.8249,0.8249,0.8249,0.8249,0.8249,0.8249,0.8249,0.8249,,,,,,,,,,,,,,
4067,0,0.8249,0.8249,0.8249,0.8249,0.8249,0.8249,0.8249,0.8249,0.8249,,,,,,,,,,,,,,
4068,0,0.8249,0.8249,0.8249,0.8249,0.8249,0.8249,0.8249,0.8249,0.8249,,,,,,,,,,,,,,
4069,0,0.8249,0.8249,0.8249,0.8249,0.8249,0.8249,0.8249,0.8249,0.8249,,,,,,,,,,,,,,
4070,0,0.8249,0.8249,0.8249,0.8249,0.8249,0.8249,0.8249,0.8249,0.8249,,,,,,,,,,,,,,
4071,0,0.8249,0.8249,0.8249,0.8249,0.8249,0.8249,0.8249,0.8249,0.8249,,,,,,,,,,,,,,
4072,0,0.8249,0.8249,0.8249,0.8249,0.8249,0.8249,0.8249,0.8249,0.8249,,,,,,,,,,,,,,
4073,0,0.8249,0.8249,0.8249,0.8249,0.8249,0.8249,0.8249,0.8249,0.8249,,,,,,,,,,,,,,
4074,0,0.8249,0.8249,0.8249,0.8249,0.8249,0.8249,0.8249,0.8249,0.8249,,,,,,,,,,,,,,
4075,0,0.8249,0.8249,0.8249,0.8249,0.8249,0.8249,0.8249,0.8249,0.8249,,,,,,,,,,,,,,
4076,0,0.8249,0.8249,0.8249,0.8249,0.8249,0.8249,0.8249,0.8249,0.8249,,,,,,,,,,,,,,
4077,0,0.8249,0.8249,0.8249,0.8249,0.8249,0.8249,0.8249,0.8249,0.8249,,,,,,,,,,,,,,
4078,0,0.8249,0.8249,0.8249,0.8249,0.8249,0.8249,0.8249,0.8249,0.8249,,,,,,,,,,,,,,
4079,0,0.8249,0.8249,0.8249,0.8249,0.8249,0.8249,0.8249,0.8249,0.8249,,,,,,,,,,,,,,
4080,0,0.8249,0.8249,0.8249,0.8249,0.8249,0.8249,0.8249,0.8249,0.8249,,,,,,,,,,,,,,
4081,0,0.8249,0.8249,0.8249,0.8249,0.8249,0.8249,0.8249,0.8249,0.8249,,,,,,,,,,,,,,
4082,0,0.8249,0.8249,0.8249,0.8249,0.8249,0.8249,0.8249,0.8249,0.8249,,,,,,,,,,,,,,
4083,0,0.8249,0.8249,0.8249,0.8249,0.8249,0.8249,0.8249,0.8249,0.8249,,,,,,,,,,,,,,
4084,0,0.8249,0.8249,0.8249,0.8249,0.8249,0.8249,0.8249,0.8249,0.8249,,,,,,,,,,,,,,
4085,0,0.8249,0.8249,0.8249,0.8249,0.8249,0.8249,0.8249,0.8249,0.8249,,,,,,,,,,,,,,
4086,0,0.8249,0.8249,0.8249,0.8249,0.8249,0.8249,0.8249,0.8249,0.8249,,,,,,,,,,,,,,
4087,0,0.8249,0.8249,0.8249,0.8249,0.8249,0.8249,0.8249,0.8249,0.8249,,,,,,,,,,,,,,
4088,0,0.8249,0.8249,0.8249,0.8249,0.8249,0.8249,0.8249,0.8249,0.8249,,,,,,,,,,,,,,
4089,0,0.8249,0.8249,0.8249,0.8249,0.8249,0.8249,0.8249,0.8249,0.8249,,,,,,,,,,,,,,
4090,0,0.8249,0.8249,0.8249,0.8249,0.8249,0.8249,0.8249,0.8249,0.8249,,,,,,,,,,,,,,
4091,0,0.8249,0.8249,0.8249,0.8249,0.8249,0.8249,0.8249,0.8249,0.8249,,,,,,,,,,,,,,
4092,0,0.8249,0.8249,0.8249,0.8249,0.8249,0.8249,0.8249,0.8249,0.8249,,,,,,,,,,,,,,
4093,0,0.8249,0.8249,0.8249,0.8249,0.8249,0.8249,0.8249,0.8249,0.8249,,,,,,,,,,,,,,
4094,0,0.8249,0.8249,0.8249,0.8249,0.8249,0.8249,0.8249,0.8249,0.8249,,,,,,,,,,,,,,
4095,0,0.8249,0.8249,0.8249,0.8249,0.8249,0.8249,0.8249,0.8249,0.8249,,,,,,,,,,,,,,
4096,0,0.8249,0.8249,0.8249,0.8249,0.8249,0.8249,0.8249,0.8249,0.8249,,,,,,,,,,,,,,
4097,0,0.8249,0.8249,0.8249,0.8249,0.8249,0.8249,0.8249,0.8249,0.8249,,,,,,,,,,,,,,
4098,0,0.8249,0.8249,0.8249,0.8249,0.8249,0.8249,0.8249,0.8249,0.8249,,,,,,,,,,,,,,
4099,0,0.8249,0.8249,0.8249,0.8249,0.8249,0.8249,0.8249,0.8249,0.8249,,,,,,,,,,,,,,
4100,0,0.8249,0.8249,0.8249,0.8249,0.8249,0.8249,0.8249,0.8249,0.8249,,,,,,,,,,,,,,
4101,0,0.8249,0.8249,0.8249,0.8249,0.8249,0.8249,0.8249,0.8249,0.8249,,,,,,,,,,,,,,
4102,0,0.8249,0.8249,0.8249,0.8249,0.8249,0.8249,0.8249,0.8249,0.8249,,,,,,,,,,,,,,
4103,0,0.8249,0.8249,0.8249,0.8249,0.8249,0.8249,0.8249,0.8249,0.8249,,,,,,,,,,,,,,
4104,0,0.8249,0.8249,0.8249,0.8249,0.8249,0.8249,0.8249,0.8249,0.8249,,,,,,,,,,,,,,
4105,0,0.8249,0.8249,0.8249,0.8249,0.8249,0.8249,0.8249,0.8249,0.8249,,,,,,,,,,,,,,
4106,0,0.8249,0.8249,0.8249,0.8249,0.8249,0.8249,0.8249,0.8249,0.8249,,,,,,,,,,,,,,
4107,0,0.8249,0.8249,0.8249,0.8249,0.8249,0.8249,0.8249,0.8249,0.8249,,,,,,,,,,,,,,
4108,0,0.8249,0.8249,0.8249,0.8249,0.8249,0.8249,0.8249,0.8249,0.8249,,,,,,,,,,,,,,
4109,0,0.8249,0.8249,0.8249,0.8249,0.8249,0.8249,0.8249,0.8249,0.8249,,,,,,,,,,,,,,
4110,0,0.8249,0.8249,0.8249,0.8249,0.8249,0.8249,0.8249,0.8249,0.8249,,,,,,,,,,,,,,
4111,0,0.8249,0.8249,0.8249,0.8249,0.8249,0.8249,0.8249,0.8249,0.8249,,,,,,,,,,,,,,
4112,0,0.8249,0.8249,0.8249,0.8249,0.8249,0.8249,0.8249,0.8249,0.8249,,,,,,,,,,,,,,
4113,0,0.8249,0.8249,0.8249,0.8249,0.8249,0.8249,0.8249,0.8249,0.8249,,,,,,,,,,,,,,
4114,0,0.8249,0.8249,0.8249,0.8249,0.8249,0.8249,0.8249,0.8249,0.8249,,,,,,,,,,,,,,
4115,0,0.8249,0.8249,0.8249,0.8249,0.8249,0.8249,0.8249,0.8249,0.8249,,,,,,,,,,,,,,
4116,0,0.8249,0.8249,0.8249,0.8249,0.8249,0.8249,0.8249,0.8249,0.8249,,,,,,,,,,,,,,
4117,0,0.8249,0.8249,0.8249,0.8249,0.8249,0.8249,0.8249,0.8249,0.8249,,,,,,,,,,,,,,
4118,0,0.8249,0.8249,0.8249,0.8249,0.8249,0.8249,0.8249,0.8249,0.8249,,,,,,,,,,,,,,
4119,0,0.8249,0.8249,0.8249,0.8249,0.8249,0.8249,0.8249,0.8249,0.8249,,,,,,,,,,,,,,
4120,0,0.8249,0.8249,0.8249,0.8249,0.8249,0.8249,0.8249,0.8249,0.8249,,,,,,,,,,,,,,
4121,0,0.8249,0.8249,0.8249,0.8249,0.8249,0.8249,0.8249,0.8249,0.8249,,,,,,,,,,,,,,
4122,0,0.8249,0.8249,0.8249,0.8249,0.8249,0.8249,0.8249,0.8249,0.8249,,,,,,,,,,,,,,
4123,0,0.8249,0.8249,0.8249,0.8249,0.8249,0.8249,0.8249,0.8249,0.8249,,,,,,,,,,,,,,
4124,0,0.8249,0.8249,0.8249,0.8249,0.8249,0.8249,0.8249,0.8249,0.8249,,,,,,,,,,,,,,
4125,0,0.8249,0.8249,0.8249,0.8249,0.8249,0.8249,0.8249,0.8249,0.8249,,,,,,,,,,,,,,
4126,0,0.8249,0.8249,0.8249,0.8249,0.8249,0.8249,0.8249,0.8249,0.8249,,,,,,,,,,,,,,
4127,0,0.8249,0.8249,0.8249,0.8249,0.8249,0.8249,0.8249,0.8249,0.8249,,,,,,,,,,,,,,
4128,0,0.8249,0.8249,0.8249,0.8249,0.8249,0.8249,0.8249,0.8249,0.8249,,,,,,,,,,,,,,
4129,0,0.8249,0.8249,0.8249,0.8249,0.8249,0.8249,0.8249,0.8249,0.8249,,,,,,,,,,,,,,
4130,0,0.8249,0.8249,0.8249,0.8249,0.8249,0.8249,0.8249,0.8249,0.8249,,,,,,,,,,,,,,
4131,0,0.8249,0.8249,0.8249,0.8249,0.8249,0.8249,0.8249,0.8249,0.8249,,,,,,,,,,,,,,
4132,0,0.8249,0.8249,0.8249,0.8249,0.8249,0.8249,0.8249,0.8249,0.8249,,,,,,,,,,,,,,
4133,0,0.8249,0.8249,0.8249,0.8249,0.8249,0.8249,0.8249,0.8249,0.8249,,,,,,,,,,,,,,
4134,0,0.8249,0.8249,0.8249,0.8249,0.8249,0.8249,0.8249,0.8249,0.8249,,,,,,,,,,,,,,
4135,0,0.8249,0.8249,0.8249,0.8249,0.8249,0.8249,0.8249,0.8249,0.8249,,,,,,,,,,,,,,
4136,0,0.8249,0.8249,0.8249,0.8249,0.8249,0.8249,0.8249,0.8249,0.8249,,,,,,,,,,,,,,
4137,0,0.8249,0.8249,0.8249,0.8249,0.8249,0.8249,0.8249,0.8249,0.8249,,,,,,,,,,,,,,
4138,0,0.8249,0.8249,0.8249,0.8249,0.8249,0.8249,0.8249,0.8249,0.8249,,,,,,,,,,,,,,
4139,0,0.8249,0.8249,0.8249,0.8249,0.8249,0.8249,0.8249,0.8249,0.8249,,,,,,,,,,,,,,
4140,0,0.8249,0.8249,0.8249,0.8249,0.8249,0.8249,0.8249,0.8249,0.8249,,,,,,,,,,,,,,
4141,0,0.8249,0.8249,0.8249,0.8249,0.8249,0.8249,0.8249,0.8249,0.8249,,,,,,,,,,,,,,
4142,0,0.8249,0.8249,0.8249,0.8249,0.8249,0.8249,0.8249,0.8249,0.8249,,,,,,,,,,,,,,
4143,0,0.8249,0.8249,0.8249,0.8249,0.8249,0.8249,0.8249,0.8249,0.8249,,,,,,,,,,,,,,
4144,0,0.8249,0.8249,0.8249,0.8249,0.8249,0.8249,0.8249,0.8249,0.8249,,,,,,,,,,,,,,
4145,0,0.8249,0.8249,0.8249,0.8249,0.8249,0.8249,0.8249,0.8249,0.8249,,,,,,,,,,,,,,
4146,0,0.8249,0.8249,0.8249,0.8249,0.8249,0.8249,0.8249,0.8249,0.8249,,,,,,,,,,,,,,
4147,0,0.8249,0.8249,0.8249,0.8249,0.8249,0.8249,0.8249,0.8249,0.8249,,,,,,,,,,,,,,
4148,0,0.8249,0.8249,0.8249,0.8249,0.8249,0.8249,0.8249,0.8249,0.8249,,,,,,,,,,,,,,
4149,0,0.8249,0.8249,0.8249,0.8249,0.8249,0.8249,0.8249,0.8249,0.8249,,,,,,,,,,,,,,
4150,0,0.8249,0.8249,0.8249,0.8249,0.8249,0.8249,0.8249,0.8249,0.8249,,,,,,,,,,,,,,
4151,0,0.8249,0.8249,0.8249,0.8249,0.8249,0.8249,0.8249,0.8249,0.8249,,,,,,,,,,,,,,
4152,0,0.8249,0.8249,0.8249,0.8249,0.8249,0.8249,0.8249,0.8249,0.8249,,,,,,,,,,,,,,
4153,0,0.8249,0.8249,0.8249,0.8249,0.8249,0.8249,0.8249,0.8249,0.8249,,,,,,,,,,,,,,
4154,0,0.8249,0.8249,0.8249,0.8249,0.8249,0.8249,0.8249,0.8249,0.8249,,,,,,,,,,,,,,
4155,0,0.8249,0.8249,0.8249,0.8249,0.8249,0.8249,0.8249,0.8249,0.8249,,,,,,,,,,,,,,
4156,0,0.8249,0.8249,0.8249,0.8249,0.8249,0.8249,0.8249,0.8249,0.8249,,,,,,,,,,,,,,
4157,0,0.8249,0.8249,0.8249,0.8249,0.8249,0.8249,0.8249,0.8249,0.8249,,,,,,,,,,,,,,
4158,0,0.8249,0.8249,0.8249,0.8249,0.8249,0.8249,0.8249,0.8249,0.8249,,,,,,,,,,,,,,
4159,0,0.8249,0.8249,0.8249,0.8249,0.8249,0.8249,0.8249,0.8249,0.8249,,,,,,,,,,,,,,
4160,0,0.8249,0.8249,0.8249,0.8249,0.8249,0.8249,0.8249,0.8249,0.8249,,,,,,,,,,,,,,
4161,0,0.8249,0.8249,0.8249,0.8249,0.8249,0.8249,0.8249,0.8249,0.8249,,,,,,,,,,,,,,
4162,0,0.8249,0.8249,0.8249,0.8249,0.8249,0.8249,0.8249,0.8249,0.8249,,,,,,,,,,,,,,
4163,0,0.8249,0.8249,0.8249,0.8249,0.8249,0.8249,0.8249,0.8249,0.8249,,,,,,,,,,,,,,
4164,0,0.8249,0.8249,0.8249,0.8249,0.8249,0.8249,0.8249,0.8249,0.8249,,,,,,,,,,,,,,
4165,0,0.8249,0.8249,0.8249,0.8249,0.8249,0.8249,0.8249,0.8249,0.8249,,,,,,,,,,,,,,
4166,0,0.8249,0.8249,0.8249,0.8249,0.8249,0.8249,0.8249,0.8249,0.8249,,,,,,,,,,,,,,
4167,0,0.8249,0.8249,0.8249,0.8249,0.8249,0.8249,0.8249,0.8249,0.8249,,,,,,,,,,,,,,
4168,0,0.8249,0.8249,0.8249,0.8249,0.8249,0.8249,0.8249,0.8249,0.8249,,,,,,,,,,,,,,
4169,0,0.8249,0.8249,0.8249,0.8249,0.8249,0.8249,0.8249,0.8249,0.8249,,,,,,,,,,,,,,
4170,0,0.8249,0.8249,0.8249,0.8249,0.8249,0.8249,0.8249,0.8249,0.8249,,,,,,,,,,,,,,
4171,0,0.8249,0.8249,0.8249,0.8249,0.8249,0.8249,0.8249,0.8249,0.8249,,,,,,,,,,,,,,
4172,0,0.8249,0.8249,0.8249,0.8249,0.8249,0.8249,0.8249,0.8249,0.8249,,,,,,,,,,,,,,
4173,0,0.8249,0.8249,0.8249,0.8249,0.8249,0.8249,0.8249,0.8249,0.8249,,,,,,,,,,,,,,
4174,0,0.8249,0.8249,0.8249,0.8249,0.8249,0.8249,0.8249,0.8249,0.8249,,,,,,,,,,,,,,
4175,0,0.8249,0.8249,0.8249,0.8249,0.8249,0.8249,0.8249,0.8249,0.8249,,,,,,,,,,,,,,
4176,0,0.8249,0.8249,0.8249,0.8249,0.8249,0.8249,0.8249,0.8249,0.8249,,,,,,,,,,,,,,
4177,0,0.8249,0.8249,0.8249,0.8249,0.8249,0.8249,0.8249,0.8249,0.8249,,,,,,,,,,,,,,
4178,0,0.8249,0.8249,0.8249,0.8249,0.8249,0.8249,0.8249,0.8249,0.8249,,,,,,,,,,,,,,
4179,0,0.8249,0.8249,0.8249,0.8249,0.8249,0.8249,0.8249,0.8249,0.8249,,,,,,,,,,,,,,
4180,0,0.8249,0.8249,0.8249,0.8249,0.8249,0.8249,0.8249,0.8249,0.8249,,,,,,,,,,,,,,
4181,0,0.8249,0.8249,0.8249,0.8249,0.8249,0.8249,0.8249,0.8249,0.8249,,,,,,,,,,,,,,
4182,0,0.8249,0.8249,0.8249,0.8249,0.8249,0.8249,0.8249,0.8249,0.8249,,,,,,,,,,,,,,
4183,0,0.8249,0.8249,0.8249,0.8249,0.8249,0.8249,0.8249,0.8249,0.8249,,,,,,,,,,,,,,
4184,0,0.8249,0.8249,0.8249,0.8249,0.8249,0.8249,0.8249,0.8249,0.8249,,,,,,,,,,,,,,
4185,0,0.8249,0.8249,0.8249,0.8249,0.8249,0.8249,0.8249,0.8249,0.8249,,,,,,,,,,,,,,
4186,0,0.8249,0.8249,0.8249,0.8249,0.8249,0.8249,0.8249,0.8249,0.8249,,,,,,,,,,,,,,
4187,0,0.8249,0.8249,0.8249,0.8249,0.8249,0.8249,0.8249,0.8249,0.8249,,,,,,,,,,,,,,
4188,0,0.8249,0.8249,0.8249,0.8249,0.8249,0.8249,0.8249,0.8249,0.8249,,,,,,,,,,,,,,
4189,0,0.8249,0.8249,0.8249,0.8249,0.8249,0.8249,0.8249,0.8249,0.8249,,,,,,,,,,,,,,
4190,0,0.8249,0.8249,0.8249,0.8249,0.8249,0.8249,0.8249,0.8249,0.8249,,,,,,,,,,,,,,
4191,0,0.8249,0.8249,0.8249,0.8249,0.8249,0.8249,0.8249,0.8249,0.8249,,,,,,,,,,,,,,
4192,0,0.8249,0.8249,0.8249,0.8249,0.8249,0.8249,0.8249,0.8249,0.8249,,,,,,,,,,,,,,
4193,0,0.8249,0.8249,0.8249,0.8249,0.8249,0.8249,0.8249,0.8249,0.8249,,,,,,,,,,,,,,
4194,0,0.8249,0.8249,0.8249,0.8249,0.8249,0.8249,0.8249,0.8249,0.8249,,,,,,,,,,,,,,
4195,0,0.8249,0.8249,0.8249,0.8249,0.8249,0.8249,0.8249,0.8249,0.8249,,,,,,,,,,,,,,
4196,0,0.8249,0.8249,0.8249,0.8249,0.8249,0.8249,0.8249,0.8249,0.8249,,,,,,,,,,,,,,
4197,0,0.8249,0.8249,0.8249,0.8249,0.8249,0.8249,0.8249,0.8249,0.8249,,,,,,,,,,,,,,
4198,0,0.8249,0.8249,0.8249,0.8249,0.8249,0.8249,0.8249,0.8249,0.8249,,,,,,,,,,,,,,
4199,0,0.8249,0.8249,0.8249,0.8249,0.8249,0.8249,0.8249,0.8249,0.8249,,,,,,,,,,,,,,
4200,0,0.8249,0.8249,0.8249,0.8249,0.8249,0.8249,0.8249,0.8249,0.8249,,,,,,,,,,,,,,
4201,0,0.8249,0.8249,0.8249,0.8249,0.8249,0.8249,0.8249,0.8249,0.8249,,,,,,,,,,,,,,
4202,0,0.8249,0.8249,0.8249,0.8249,0.8249,0.8249,0.8249,0.8249,0.8249,,,,,,,,,,,,,,
4203,0,0.8249,0.8249,0.8249,0.8249,0.8249,0.8249,0.8249,0.8249,0.8249,,,,,,,,,,,,,,
4204,0,0.8249,0.8249,0.8249,0.8249,0.8249,0.8249,0.8249,0.8249,0.8249,,,,,,,,,,,,,,
4205,0,0.8249,0.8249,0.8249,0.8249,0.8249,0.8249,0.8249,0.8249,0.8249,,,,,,,,,,,,,,
4206,0,0.8249,0.8249,0.8249,0.8249,0.8249,0.8249,0.8249,0.8249,0.8249,,,,,,,,,,,,,,
4207,0,0.8249,0.8249,0.8249,0.8249,0.8249,0.8249,0.8249,0.8249,0.8249,,,,,,,,,,,,,,
4208,0,0.8249,0.8249,0.8249,0.8249,0.8249,0.8249,0.8249,0.8249,0.8249,,,,,,,,,,,,,,
4209,0,0.8249,0.8249,0.8249,0.8249,0.8249,0.8249,0.8249,0.8249,0.8249,,,,,,,,,,,,,,
4210,0,0.8249,0.8249,0.8249,0.8249,0.8249,0.8249,0.8249,0.8249,0.8249,,,,,,,,,,,,,,
4211,0,0.8249,0.8249,0.8249,0.8249,0.8249,0.8249,0.8249,0.8249,0.8249,,,,,,,,,,,,,,
4212,0,0.8249,0.8249,0.8249,0.8249,0.8249,0.8249,0.8249,0.8249,0.8249,,,,,,,,,,,,,,
4213,0,0.8249,0.8249,0.8249,0.8249,0.8249,0.8249,0.8249,0.8249,0.8249,,,,,,,,,,,,,,
4214,0,0.8249,0.8249,0.8249,0.8249,0.8249,0.8249,0.8249,0.8249,0.8249,,,,,,,,,,,,,,
4215,0,0.8249,0.8249,0.8249,0.8249,0.8249,0.8249,0.8249,0.8249,0.8249,,,,,,,,,,,,,,
4216,0,0.8249,0.8249,0.8249,0.8249,0.8249,0.8249,0.8249,0.8249,0.8249,,,,,,,,,,,,,,
4217,0,0.8249,0.8249,0.8249,0.8249,0.8249,0.8249,0.8249,0.8249,0.8249,,,,,,,,,,,,,,
4218,0,0.8249,0.8249,0.8249,0.8249,0.8249,0.8249,0.8249,0.8249,0.8249,,,,,,,,,,,,,,
4219,0,0.8249,0.8249,0.8249,0.8249,0.8249,0.8249,0.8249,0.8249,0.8249,,,,,,,,,,,,,,
4220,0,0.8249,0.8249,0.8249,0.8249,0.8249,0.8249,0.8249,0.8249,0.8249,,,,,,,,,,,,,,
4221,0,0.8249,0.8249,0.8249,0.8249,0.8249,0.8249,0.8249,0.8249,0.8249,,,,,,,,,,,,,,
4222,0,0.8249,0.8249,0.8249,0.8249,0.8249,0.8249,0.8249,0.8249,0.8249,,,,,,,,,,,,,,
4223,0,0.8249,0.8249,0.8249,0.8249,0.8249,0.8249,0.8249,0.8249,0.8249,,,,,,,,,,,,,,
4224,0,0.8249,0.8249,0.8249,0.8249,0.8249,0.8249,0.8249,0.8249,0.8249,,,,,,,,,,,,,,
4225,0,0.8249,0.8249,0.8249,0.8249,0.8249,0.8249,0.8249,0.8249,0.8249,,,,,,,,,,,,,,
4226,0,0.8249,0.8249,0.8249,0.8249,0.8249,0.8249,0.8249,0.8249,0.8249,,,,,,,,,,,,,,
4227,0,0.8249,0.8249,0.8249,0.8249,0.8249,0.8249,0.8249,0.8249,0.8249,,,,,,,,,,,,,,
4228,0,0.8249,0.8249,0.8249,0.8249,0.8249,0.8249,0.8249,0.8249,0.8249,,,,,,,,,,,,,,
4229,0,0.8249,0.8249,0.8249,0.8249,0.8249,0.8249,0.8249,0.8249,0.8249,,,,,,,,,,,,,,
4230,0,0.8249,0.8249,0.8249,0.8249,0.8249,0.8249,0.8249,0.8249,0.8249,,,,,,,,,,,,,,
4231,0,0.8249,0.8249,0.8249,0.8249,0.8249,0.8249,0.8249,0.8249,0.8249,,,,,,,,,,,,,,
4232,0,0.8249,0.8249,0.8249,0.8249,0.8249,0.8249,0.8249,0.8249,0.8249,,,,,,,,,,,,,,
4233,0,0.8249,0.8249,0.8249,0.8249,0.8249,0.8249,0.8249,0.8249,0.8249,,,,,,,,,,,,,,
4234,0,0.8249,0.8249,0.8249,0.8249,0.8249,0.8249,0.8249,0.8249,0.8249,,,,,,,,,,,,,,
4235,0,0.8249,0.8249,0.8249,0.8249,0.8249,0.8249,0.8249,0.8249,0.8249,,,,,,,,,,,,,,
4236,0,0.8249,0.8249,0.8249,0.8249,0.8249,0.8249,0.8249,0.8249,0.8249,,,,,,,,,,,,,,
4237,0,0.8249,0.8249,0.8249,0.8249,0.8249,0.8249,0.8249,0.8249,0.8249,,,,,,,,,,,,,,
4238,0,0.8249,0.8249,0.8249,0.8249,0.8249,0.8249,0.8249,0.8249,0.8249,,,,,,,,,,,,,,
4239,0,0.8249,0.8249,0.8249,0.8249,0.8249,0.8249,0.8249,0.8249,0.8249,,,,,,,,,,,,,,
4240,0,0.8249,0.8249,0.8249,0.8249,0.8249,0.8249,0.8249,0.8249,0.8249,,,,,,,,,,,,,,
4241,0,0.8249,0.8249,0.8249,0.8249,0.8249,0.8249,0.8249,0.8249,0.8249,,,,,,,,,,,,,,
4242,0,0.8249,0.8249,0.8249,0.8249,0.8249,0.8249,0.8249,0.8249,0.8249,,,,,,,,,,,,,,
4243,0,0.8249,0.8249,0.8249,0.8249,0.8249,0.8249,0.8249,0.8249,0.8249,,,,,,,,,,,,,,
4244,0,0.8249,0.8249,0.8249,0.8249,0.8249,0.8249,0.8249,0.8249,0.8249,,,,,,,,,,,,,,
4245,0,0.8249,0.8249,0.8249,0.8249,0.8249,0.8249,0.8249,0.8249,0.8249,,,,,,,,,,,,,,
4246,0,0.8249,0.8249,0.8249,0.8249,0.8249,0.8249,0.8249,0.8249,0.8249,,,,,,,,,,,,,,
4247,0,0.8249,0.8249,0.8249,0.8249,0.8249,0.8249,0.8249,0.8249,0.8249,,,,,,,,,,,,,,
4248,0,0.8249,0.8249,0.8249,0.8249,0.8249,0.8249,0.8249,0.8249,0.8249,,,,,,,,,,,,,,
4249,0,0.8249,0.8249,0.8249,0.8249,0.8249,0.8249,0.8249,0.8249,0.8249,,,,,,,,,,,,,,
4250,0,0.8249,0.8249,0.8249,0.8249,0.8249,0.8249,0.8249,0.8249,0.8249,,,,,,,,,,,,,,
4251,0,0.8249,0.8249,0.8249,0.8249,0.8249,0.8249,0.8249,0.8249,0.8249,,,,,,,,,,,,,,
4252,0,0.8249,0.8249,0.8249,0.8249,0.8249,0.8249,0.8249,0.8249,0.8249,,,,,,,,,,,,,,
4253,0,0.8249,0.8249,0.8249,0.8249,0.8249,0.8249,0.8249,0.8249,0.8249,,,,,,,,,,,,,,
4254,0,0.8249,0.8249,0.8249,0.8249,0.8249,0.8249,0.8249,0.8249,0.8249,,,,,,,,,,,,,,
4255,0,0.8249,0.8249,0.8249,0.8249,0.8249,0.8249,0.8249,0.8249,0.8249,,,,,,,,,,,,,,
4256,0,0.8249,0.8249,0.8249,0.8249,0.8249,0.8249,0.8249,0.8249,0.8249,,,,,,,,,,,,,,
4257,0,0.8249,0.8249,0.8249,0.8249,0.8249,0.8249,0.8249,0.8249,0.8249,,,,,,,,,,,,,,
4258,0,0.8249,0.8249,0.8249,0.8249,0.8249,0.8249,0.8249,0.8249,0.8249,,,,,,,,,,,,,,
4259,0,0.8249,0.8249,0.8249,0.8249,0.8249,0.8249,0.8249,0.8249,0.8249,,,,,,,,,,,,,,
4260,0,0.8249,0.8249,0.8249,0.8249,0.8249,0.8249,0.8249,0.8249,0.8249,,,,,,,,,,,,,,
4261,0,0.8249,0.8249,0.8249,0.8249,0.8249,0.8249,0.8249,0.8249,0.8249,,,,,,,,,,,,,,
4262,0,0.8249,0.8249,0.8249,0.8249,0.8249,0.8249,0.8249,0.8249,0.8249,,,,,,,,,,,,,,
4263,0,0.8249,0.8249,0.8249,0.8249,0.8249,0.8249,0.8249,0.8249,0.8249,,,,,,,,,,,,,,
4264,0,0.8249,0.8249,0.8249,0.8249,0.8249,0.8249,0.8249,0.8249,0.8249,,,,,,,,,,,,,,
4265,0,0.8249,0.8249,0.8249,0.8249,0.8249,0.8249,0.8249,0.8249,0.8249,,,,,,,,,,,,,,
4266,0,0.8249,0.8249,0.8249,0.8249,0.8249,0.8249,0.8249,0.8249,0.8249,,,,,,,,,,,,,,
4267,0,0.8249,0.8249,0.8249,0.8249,0.8249,0.8249,0.8249,0.8249,0.8249,,,,,,,,,,,,,,
4268,0,0.8249,0.8249,0.8249,0.8249,0.8249,0.8249,0.8249,0.8249,0.8249,,,,,,,,,,,,,,
4269,0,0.8249,0.8249,0.8249,0.8249,0.8249,0.8249,0.8249,0.8249,0.8249,,,,,,,,,,,,,,
4270,0,0.8249,0.8249,0.8249,0.8249,0.8249,0.8249,0.8249,0.8249,0.8249,,,,,,,,,,,,,,
4271,0,0.8249,0.8249,0.8249,0.8249,0.8249,0.8249,0.8249,0.8249,0.8249,,,,,,,,,,,,,,
4272,0,0.8249,0.8249,0.8249,0.8249,0.8249,0.8249,0.8249,0.8249,0.8249,,,,,,,,,,,,,,
4273,0,0.8249,0.8249,0.8249,0.8249,0.8249,0.8249,0.8249,0.8249,0.8249,,,,,,,,,,,,,,
4274,0,0.8249,0.8249,0.8249,0.8249,0.8249,0.8249,0.8249,0.8249,0.8249,,,,,,,,,,,,,,
4275,0,0.8249,0.8249,0.8249,0.8249,0.8249,0.8249,0.8249,0.8249,0.8249,,,,,,,,,,,,,,
4276,0,0.8249,0.8249,0.8249,0.8249,0.8249,0.8249,0.8249,0.8249,0.8249,,,,,,,,,,,,,,
4277,0,0.8249,0.8249,0.8249,0.8249,0.8249,0.8249,0.8249,0.8249,0.8249,,,,,,,,,,,,,,
4278,0,0.8249,0.8249,0.8249,0.8249,0.8249,0.8249,0.8249,0.8249,0.8249,,,,,,,,,,,,,,
4279,0,0.8249,0.8249,0.8249,0.8249,0.8249,0.8249,0.8249,0.8249,0.8249,,,,,,,,,,,,,,
4280,0,0.8249,0.8249,0.8249,0.8249,0.8249,0.8249,0.8249,0.8249,0.8249,,,,,,,,,,,,,,
4281,0,0.8249,0.8249,0.8249,0.8249,0.8249,0.8249,0.8249,0.8249,0.8249,,,,,,,,,,,,,,
4282,0,0.8249,0.8249,0.8249,0.8249,0.8249,0.8249,0.8249,0.8249,0.8249,,,,,,,,,,,,,,
4283,0,0.8249,0.8249,0.8249,0.8249,0.8249,0.8249,0.8249,0.8249,0.8249,,,,,,,,,,,,,,
4284,0,0.8249,0.8249,0.8249,0.8249,0.8249,0.8249,0.8249,0.8249,0.8249,,,,,,,,,,,,,,
4285,0,0.8249,0.8249,0.8249,0.8249,0.8249,0.8249,0.8249,0.8249,0.8249,,,,,,,,,,,,,,
4286,0,0.8249,0.8249,0.8249,0.8249,0.8249,0.8249,0.8249,0.8249,0.8249,,,,,,,,,,,,,,
4287,0,0.8249,0.8249,0.8249,0.8249,0.8249,0.8249,0.8249,0.8249,0.8249,,,,,,,,,,,,,,
4288,0,0.8249,0.8249,0.8249,0.8249,0.8249,0.8249,0.8249,0.8249,0.8249,,,,,,,,,,,,,,
4289,0,0.8249,0.8249,0.8249,0.8249,0.8249,0.8249,0.8249,0.8249,0.8249,,,,,,,,,,,,,,
4290,0,0.8249,0.8249,0.8249,0.8249,0.8249,0.8249,0.8249,0.8249,0.8249,,,,,,,,,,,,,,
4291,0,0.8249,0.8249,0.8249,0.8249,0.8249,0.8249,0.8249,0.8249,0.8249,,,,,,,,,,,,,,
4292,0,0.8249,0.8249,0.8249,0.8249,0.8249,0.8249,0.8249,0.8249,0.8249,,,,,,,,,,,,,,
4293,0,0.8249,0.8249,0.8249,0.8249,0.8249,0.8249,0.8249,0.8249,0.8249,,,,,,,,,,,,,,
4294,0,0.8249,0.8249,0.8249,0.8249,0.8249,0.8249,0.8249,0.8249,0.8249,,,,,,,,,,,,,,
4295,0,0.8249,0.8249,0.8249,0.8249,0.8249,0.8249,0.8249,0.8249,0.8249,,,,,,,,,,,,,,
4296,0,0.8249,0.8249,0.8249,0.8249,0.8249,0.8249,0.8249,0.8249,0.8249,,,,,,,,,,,,,,
4297,0,0.8249,0.8249,0.8249,0.8249,0.8249,0.8249,0.8249,0.8249,0.8249,,,,,,,,,,,,,,
4298,0,0.8249,0.8249,0.8249,0.8249,0.8249,0.8249,0.8249,0.8249,0.8249,,,,,,,,,,,,,,
4299,0,0.8249,0.8249,0.8249,0.8249,0.8249,0.8249,0.8249,0.8249,0.8249,,,,,,,,,,,,,,
4300,0,0.8249,0.8249,0.8249,0.8249,0.8249,0.8249,0.8249,0.8249,0.8249,,,,,,,,,,,,,,
4301,0,0.8249,0.8249,0.8249,0.8249,0.8249,0.8249,0.8249,0.8249,0.8249,,,,,,,,,,,,,,
4302,0,0.8249,0.8249,0.8249,0.8249,0.8249,0.8249,0.8249,0.8249,0.8249,,,,,,,,,,,,,,
4303,0,0.8249,0.8249,0.8249,0.8249,0.8249,0.8249,0.8249,0.8249,0.8249,,,,,,,,,,,,,,
4304,0,0.8249,0.8249,0.8249,0.8249,0.8249,0.8249,0.8249,0.8249,0.8249,,,,,,,,,,,,,,
4305,0,0.8249,0.8249,0.8249,0.8249,0.8249,0.8249,0.8249,0.8249,0.8249,,,,,,,,,,,,,,
4306,0,0.8249,0.8249,0.8249,0.8249,0.8249,0.8249,0.8249,0.8249,0.8249,,,,,,,,,,,,,,
4307,0,0.8249,0.8249,0.8249,0.8249,0.8249,0.8249,0.8249,0.8249,0.8249,,,,,,,,,,,,,,
4308,0,0.8249,0.8249,0.8249,0.8249,0.8249,0.8249,0.8249,0.8249,0.8249,,,,,,,,,,,,,,
4309,0,0.8249,0.8249,0.8249,0.8249,0.8249,0.8249,0.8249,0.8249,0.8249,,,,,,,,,,,,,,
4310,0,0.8249,0.8249,0.8249,0.8249,0.8249,0.8249,0.8249,0.8249,0.8249,,,,,,,,,,,,,,
4311,0,0.8249,0.8249,0.8249,0.8249,0.8249,0.8249,0.8249,0.8249,0.8249,,,,,,,,,,,,,,
4312,0,0.8249,0.8249,0.8249,0.8249,0.8249,0.8249,0.8249,0.8249,0.8249,,,,,,,,,,,,,,
4313,0,0.8249,0.8249,0.8249,0.8249,0.8249,0.8249,0.8249,0.8249,0.8249,,,,,,,,,,,,,,
4314,0,0.8249,0.8249,0.8249,0.8249,0.8249,0.8249,0.8249,0.8249,0.8249,,,,,,,,,,,,,,
4315,0,0.8249,0.8249,0.8249,0.8249,0.8249,0.8249,0.8249,0.8249,0.8249,,,,,,,,,,,,,,
4316,0,0.8249,0.8249,0.8249,0.8249,0.8249,0.8249,0.8249,0.8249,0.8249,,,,,,,,,,,,,,
4317,0,0.8249,0.8249,0.8249,0.8249,0.8249,0.8249,0.8249,0.8249,0.8249,,,,,,,,,,,,,,
4318,0,0.8249,0.8249,0.8249,0.8249,0.8249,0.8249,0.8249,0.8249,0.8249,,,,,,,,,,,,,,
4319,0,0.8249,0.8249,0.8249,0.8249,0.8249,0.8249,0.8249,0.8249,0.8249,,,,,,,,,,,,,,
4320,0,0.8249,0.8249,0.8249,0.8249,0.8249,0.8249,0.8249,0.8249,0.8249,,,,,,,,,,,,,,
4321,0,0.8249,0.8249,0.8249,0.8249,0.8249,0.8249,0.8249,0.8249,0.8249,,,,,,,,,,,,,,
4322,0,0.8249,0.8249,0.8249,0.8249,0.8249,0.8249,0.8249,0.8249,0.8249,,,,,,,,,,,,,,
4323,0,0.8249,0.8249,0.8249,0.8249,0.8249,0.8249,0.8249,0.8249,0.8249,,,,,,,,,,,,,,
4324,0,0.8249,0.8249,0.8249,0.8249,0.8249,0.8249,0.8249,0.8249,0.8249,,,,,,,,,,,,,,
4325,0,0.8249,0.8249,0.8249,0.8249,0.8249,0.8249,0.8249,0.8249,0.8249,,,,,,,,,,,,,,
4326,0,0.8249,0.8249,0.8249,0.8249,0.8249,0.8249,0.8249,0.8249,0.8249,,,,,,,,,,,,,,
4327,0,0.8249,0.8249,0.8249,0.8249,0.8249,0.8249,0.8249,0.8249,0.8249,,,,,,,,,,,,,,
4328,0,0.8249,0.8249,0.8249,0.8249,0.8249,0.8249,0.8249,0.8249,0.8249,,,,,,,,,,,,,,
4329,0,0.8249,0.8249,0.8249,0.8249,0.8249,0.8249,0.8249,0.8249,0.8249,,,,,,,,,,,,,,
4330,0,0.8249,0.8249,0.8249,0.8249,0.8249,0.8249,0.8249,0.8249,0.8249,,,,,,,,,,,,,,
4331,0,0.8249,0.8249,0.8249,0.8249,0.8249,0.8249,0.8249,0.8249,0.8249,,,,,,,,,,,,,,
4332,0,0.8249,0.8249,0.8249,0.8249,0.8249,0.8249,0.8249,0.8249,0.8249,,,,,,,,,,,,,,
4333,0,0.8249,0.8249,0.8249,0.8249,0.8249,0.8249,0.8249,0.8249,0.8249,,,,,,,,,,,,,,
4334,0,0.8249,0.8249,0.8249,0.8249,0.8249,0.8249,0.8249,0.8249,0.8249,,,,,,,,,,,,,,
4335,0,0.8249,0.8249,0.8249,0.8249,0.8249,0.8249,0.8249,0.8249,0.8249,,,,,,,,,,,,,,
4336,0,0.8249,0.8249,0.8249,0.8249,0.8249,0.8249,0.8249,0.8249,0.8249,,,,,,,,,,,,,,
4337,0,0.8249,0.8249,0.8249,0.8249,0.8249,0.8249,0.8249,0.8249,0.8249,,,,,,,,,,,,,,
4338,0,0.8249,0.8249,0.8249,0.8249,0.8249,0.8249,0.8249,0.8249,0.8249,,,,,,,,,,,,,,
4339,0,0.8249,0.8249,0.8249,0.8249,0.8249,0.8249,0.8249,0.8249,0.8249,,,,,,,,,,,,,,
4340,0,0.8249,0.8249,0.8249,0.8249,0.8249,0.8249,0.8249,0.8249,0.8249,,,,,,,,,,,,,,
4341,0,0.8249,0.8249,0.8249,0.8249,0.8249,0.8249,0.8249,0.8249,0.8249,,,,,,,,,,,,,,
4342,0,0.8249,0.8249,0.8249,0.8249,0.8249,0.8249,0.8249,0.8249,0.8249,,,,,,,,,,,,,,
4343,0,0.8249,0.8249,0.8249,0.8249,0.8249,0.8249,0.8249,0.8249,0.8249,,,,,,,,,,,,,,
4344,0,0.8249,0.8249,0.8249,0.8249,0.8249,0.8249,0.8249,0.8249,0.8249,,,,,,,,,,,,,,
4345,0,0.8249,0.8249,0.8249,0.8249,0.8249,0.8249,0.8249,0.8249,0.8249,,,,,,,,,,,,,,
4346,0,0.8249,0.8249,0.8249,0.8249,0.8249,0.8249,0.8249,0.8249,0.8249,,,,,,,,,,,,,,
4347,0,0.8249,0.8249,0.8249,0.8249,0.8249,0.8249,0.8249,0.8249,0.8249,,,,,,,,,,,,,,
4348,0,0.8249,0.8249,0.8249,0.8249,0.8249,0.8249,0.8249,0.8249,0.8249,,,,,,,,,,,,,,
4349,0,0.8249,0.8249,0.8249,0.8249,0.8249,0.8249,0.8249,0.8249,0.8249,,,,,,,,,,,,,,
4350,0,0.8249,0.8249,0.8249,0.8249,0.8249,0.8249,0.8249,0.8249,0.8249,,,,,,,,,,,,,,
4351,0,0.8249,0.8249,0.8249,0.8249,0.8249,0.8249,0.8249,0.8249,0.8249,,,,,,,,,,,,,,
4352,0,0.8249,0.8249,0.8249,0.8249,0.8249,0.8249,0.8249,0.8249,0.8249,,,,,,,,,,,,,,
4353,0,0.8249,0.8249,0.8249,0.8249,0.8249,0.8249,0.8249,0.8249,0.8249,,,,,,,,,,,,,,
4354,0,0.8249,0.8249,0.8249,0.8249,0.8249,0.8249,0.8249,0.8249,0.8249,,,,,,,,,,,,,,
4355,0,0.8249,0.8249,0.8249,0.8249,0.8249,0.8249,0.8249,0.8249,0.8249,,,,,,,,,,,,,,
4356,0,0.8249,0.8249,0.8249,0.8249,0.8249,0.8249,0.8249,0.8249,0.8249,,,,,,,,,,,,,,
4357,0,0.8249,0.8249,0.8249,0.8249,0.8249,0.8249,0.8249,0.8249,0.8249,,,,,,,,,,,,,,
4358,0,0.8249,0.8249,0.8249,0.8249,0.8249,0.8249,0.8249,0.8249,0.8249,,,,,,,,,,,,,,
4359,0,0.8249,0.8249,0.8249,0.8249,0.8249,0.8249,0.8249,0.8249,0.8249,,,,,,,,,,,,,,
4360,0,0.8249,0.8249,0.8249,0.8249,0.8249,0.8249,0.8249,0.8249,0.8249,,,,,,,,,,,,,,
4361,0,0.8249,0.8249,0.8249,0.8249,0.8249,0.8249,0.8249,0.8249,0.8249,,,,,,,,,,,,,,
4362,0,0.8249,0.8249,0.8249,0.8249,0.8249,0.8249,0.8249,0.8249,0.8249,,,,,,,,,,,,,,
4363,0,0.8249,0.8249,0.8249,0.8249,0.8249,0.8249,0.8249,0.8249,0.8249,,,,,,,,,,,,,,
4364,0,0.8249,0.8249,0.8249,0.8249,0.8249,0.8249,0.8249,0.8249,0.8249,,,,,,,,,,,,,,
4365,0,0.8249,0.8249,0.8249,0.8249,0.8249,0.8249,0.8249,0.8249,0.8249,,,,,,,,,,,,,,
4366,0,0.8249,0.8249,0.8249,0.8249,0.8249,0.8249,0.8249,0.8249,0.8249,,,,,,,,,,,,,,
4367,0,0.8249,0.8249,0.8249,0.8249,0.8249,0.8249,0.8249,0.8249,0.8249,,,,,,,,,,,,,,
4368,0,0.8249,0.8249,0.8249,0.8249,0.8249,0.8249,0.8249,0.8249,0.8249,,,,,,,,,,,,,,