natgas_SE,ethane_SE,natgas_demand_SE,biocorn_SE,biowood_SE,bioherb_SE,elec_SE,ethylene_SE,ethylene_demand_SE,h2_SE,co2_captured_SE,ethanol_SE,gasoline_SE,gasoline_demand_SE,jetfuel_SE,jetfuel_demand_SE,diesel_SE,diesel_demand_SE
-55.198417385248796,21.98,137.1487535725229,155.0,516.0299417049476,592.9680608617105,10.432150001454795,1144.93171060711,1144.93171060711,11.928510693289317,-603.4823292133043,104.27133680002909,94.95991,334.5224929012509,75.68131,320.32655057437694,97.34841,348.43168356079974
-55.415370780639385,21.98,136.93180017713232,155.0,592.9680608617107,592.9680608617107,10.432150001454795,1144.8418511966056,1144.8418511966056,11.928510693289317,-603.4823292133041,104.27133680002909,94.95991,334.5224929012509,75.68131,320.32655057437694,97.34841,348.43168356079974
-55.198417385248796,21.98,137.1487535725229,155.0,592.9680608617105,592.9680608617105,10.432150001454795,1144.93171060711,1144.93171060711,11.928510693289317,-603.4823292133043,104.27133680002909,94.95991,334.5224929012509,75.68131,320.32655057437694,97.34841,348.43168356079974
-89.19133022379769,21.98,103.15584073397402,155.0,423.1969963885127,592.9680608617107,10.432150001454795,1130.8522669390557,1130.8522669390557,11.928510693289317,-603.4823292133041,104.27133680002909,94.95991,334.5224929012509,75.68131,320.32655057437694,97.34841,348.43168356079974
-55.19841738524879,21.98,137.14875357252293,155.0,592.9680608617107,592.9680608617107,10.432150001454795,1144.9317106071098,1144.9317106071098,11.928510693289317,-603.4823292133041,104.27133680002909,94.95991,334.5224929012509,75.68131,320.32655057437694,97.34841,348.43168356079974
-55.19841738524879,21.98,137.14875357252293,155.0,592.9680608617107,592.9680608617107,10.432150001454795,1144.9317106071098,1144.9317106071098,11.928510693289317,-603.4823292133041,104.27133680002909,94.95991,334.5224929012509,75.68131,320.32655057437694,97.34841,348.43168356079974
-55.19841738524879,21.98,137.14875357252293,155.0,592.9680608617107,592.9680608617107,10.432150001454795,1144.9317106071098,1144.9317106071098,11.928510693289317,-603.4823292133041,104.27133680002909,94.95991,334.5224929012509,75.68131,320.32655057437694,97.34841,348.43168356079974
-55.415841030559164,21.98,136.93132992721254,155.0,592.532147438635,592.532147438635,10.160817986087501,1144.8005085991856,1144.8005085991856,11.618259513399346,-603.4823292133041,104.26591015972174,94.95991,334.5224929012509,75.68131,320.32655057437694,97.34841,348.43168356079974
-54.543900999969686,21.98,137.80326995780203,155.0,576.2080990451313,576.2080990451313,0.0,1143.6207551248765,1143.6207551248765,11.71986769326022,-603.4823292133043,104.06269379999999,94.95991,334.5224929012509,75.68131,320.32655057437694,97.34841,348.43168356079974
-54.54390099996968,21.98,137.80326995780203,155.0,86.55,576.2080990451316,0.0,1143.6207551248765,1143.6207551248765,11.71986769326022,-603.4823292133041,104.06269379999999,94.95991,334.5224929012509,75.68131,320.32655057437694,97.34841,348.43168356079974
-54.54390099996968,21.98,137.80326995780203,155.0,576.2080990451316,576.2080990451316,0.0,1143.6207551248765,1143.6207551248765,11.71986769326022,-603.4823292133041,104.06269379999999,94.95991,334.5224929012509,75.68131,320.32655057437694,97.34841,348.43168356079974
-54.543900999969686,21.98,137.80326995780203,155.0,576.2080990451313,576.2080990451313,0.0,1143.6207551248765,1143.6207551248765,11.71986769326022,-603.4823292133043,104.06269379999999,94.95991,334.5224929012509,75.68131,320.32655057437694,97.34841,348.43168356079974
-54.54390099996968,21.98,137.80326995780203,155.0,520.4567271776938,576.2080990451316,0.0,1143.6207551248765,1143.6207551248765,11.71986769326022,-603.4823292133041,104.06269379999999,94.95991,334.5224929012509,75.68131,320.32655057437694,97.34841,348.43168356079974
-90.05000556620986,21.98,102.29716539156185,155.0,576.2080990451313,576.2080990451313,0.0,1128.9145661764107,1128.9145661764107,11.71986769326022,-603.4823292133043,104.06269379999999,94.95991,334.5224929012509,75.68131,320.32655057437694,97.34841,348.43168356079974
-54.54390099996968,21.98,137.80326995780203,155.0,576.2080990451316,576.2080990451316,0.0,1143.6207551248765,1143.6207551248765,11.71986769326022,-603.4823292133041,104.06269379999999,94.95991,334.5224929012509,75.68131,320.32655057437694,97.34841,348.43168356079974
-54.54390099996968,21.98,137.80326995780203,155.0,576.2080990451316,576.2080990451316,0.0,-1808.4909647527038,-1808.4909647527038,11.71986769326022,-603.4823292133041,104.06269379999999,94.95991,334.5224929012509,75.68131,320.32655057437694,97.34841,348.43168356079974
-89.62775207349812,21.98,102.71941888427361,155.0,592.532147438635,592.532147438635,10.160817986087501,-222.377661803953,-222.377661803953,11.618259513399346,-603.4823292133041,104.26591015972174,94.95991,334.5224929012509,75.68131,320.32655057437694,97.34841,348.43168356079974
-89.19133022379769,21.98,103.15584073397402,155.0,592.9680608617105,592.9680608617105,10.432150001454795,-1729.8171379806245,-1729.8171379806245,11.928510693289317,-603.4823292133043,104.27133680002909,94.95991,334.5224929012509,75.68131,320.32655057437694,97.34841,348.43168356079974
-78.8620667776067,21.98,113.48510418016501,155.0,592.9680608617107,592.9680608617107,10.432150001454795,-1744.151489686695,-1744.151489686695,11.928510693289317,-603.4823292133041,104.27133680002909,94.95991,334.5224929012509,75.68131,320.32655057437694,97.34841,348.43168356079974
-55.415370780639385,21.98,136.93180017713232,155.0,592.9680608617107,668.6056868401726,10.432150001454795,-1776.6894521964825,-1776.6894521964825,11.928510693289317,-603.4823292133041,104.27133680002909,94.95991,334.5224929012509,75.68131,320.32655057437694,97.34841,348.43168356079974
-55.19841738524879,21.98,137.14875357252293,155.0,86.55,784.224796895431,10.432150001454795,1144.9317106071098,1144.9317106071098,11.928510693289317,-603.4823292133041,104.27133680002909,94.95991,334.5224929012509,75.68131,320.32655057437694,97.34841,348.43168356079974
-89.19133022379769,21.98,103.15584073397402,155.0,592.9680608617107,784.224796895431,10.432150001454795,-1729.817137980623,-1729.817137980623,11.928510693289317,-603.4823292133041,104.27133680002909,94.95991,334.5224929012509,75.68131,320.32655057437694,97.34841,348.43168356079974
-55.19841738524879,21.98,137.14875357252293,155.0,654.2083535934822,784.224796895431,10.432150001454795,1144.9317106071098,1144.9317106071098,11.928510693289317,-603.4823292133041,104.27133680002909,94.95991,334.5224929012509,75.68131,320.32655057437694,97.34841,348.43168356079974
-55.19841738524879,21.98,137.14875357252293,155.0,86.55,592.9680608617107,10.432150001454795,-1776.9905275141523,-1776.9905275141523,11.928510693289317,-603.4823292133041,104.27133680002909,94.95991,334.5224929012509,75.68131,320.32655057437694,97.34841,348.43168356079974
-55.19841738524879,21.98,137.14875357252293,155.0,654.2083535934822,784.2247968954309,10.432150001454795,-1776.9905275141532,-1776.9905275141532,11.928510693289315,-603.4823292133042,104.27133680002909,94.95991,334.5224929012509,75.68131,320.32655057437694,97.34841,348.43168356079974
-55.19841738524879,21.98,137.14875357252293,155.0,86.55,592.9680608617107,10.4321500014548,-1776.9905275141523,-1776.9905275141523,11.928510693289317,-603.4823292133041,104.27133680002909,94.95991,334.5224929012509,75.68131,320.32655057437694,97.34841,348.43168356079974
-55.19841738524879,21.98,137.14875357252293,155.0,592.9680608617107,592.9680608617107,10.432150001454797,-1776.9905275141523,-1776.9905275141523,11.928510693289317,-603.4823292133041,104.27133680002909,94.95991,334.5224929012509,75.68131,320.32655057437694,97.34841,348.43168356079974
-55.19841738524879,21.98,137.14875357252293,155.0,592.9680608617107,592.9680608617107,10.432150001454797,-1776.9905275141523,-1776.9905275141523,11.928510693289317,-603.4823292133041,104.27133680002909,94.95991,334.5224929012509,75.68131,320.32655057437694,97.34841,348.43168356079974
-55.19841738524879,21.98,137.14875357252293,155.0,592.9680608617107,784.224796895431,10.432150001454795,-1776.9905275141523,-1776.9905275141523,11.928510693289317,-603.4823292133041,104.27133680002909,94.95991,334.5224929012509,75.68131,320.32655057437694,97.34841,348.43168356079974
-55.19841738524879,21.98,137.14875357252293,155.0,592.9680608617107,592.9680608617107,10.432150001454797,-1776.9905275141523,-1776.9905275141523,11.928510693289317,-603.4823292133041,104.27133680002909,94.95991,334.5224929012509,75.68131,320.32655057437694,97.34841,348.43168356079974
-89.16899675359545,21.98,103.17817420417627,155.0,86.55,593.4039742847862,10.703482016822093,1130.9026650116518,1130.9026650116518,11.933937333596662,-603.4823292133041,104.27676344033644,94.95991,334.5224929012509,75.68131,320.32655057437694,97.34841,348.43168356079974
-89.62775207349812,21.98,102.71941888427361,155.0,592.532147438635,654.2083535934822,10.160817986087501,-1744.589772363709,-1744.589772363709,11.618259513399346,-603.4823292133041,104.26591015972174,94.95991,334.5224929012509,75.68131,320.32655057437694,97.34841,348.43168356079974
-55.14317178657792,21.98,137.2039991711938,155.0,587.4273629603254,587.4273629603254,6.98337176123134,1144.4315812915281,1144.4315812915281,11.650033975647906,-603.4823292133042,104.20236123522461,94.95991,334.5224929012509,75.68131,320.32655057437694,97.34841,348.43168356079974
-87.3293692399544,21.98,105.0178017178173,155.0,587.4273629603256,587.4273629603256,6.98337176123134,1131.1004567690134,1131.1004567690134,11.650033975647906,-603.4823292133041,104.20236123522461,94.95991,334.5224929012509,75.68131,320.32655057437694,97.34841,348.43168356079974
-89.6785502494584,21.98,102.66862070831331,155.0,590.568322634364,590.568322634364,8.938445575043916,1130.4239443674844,1130.4239443674844,11.63048323750978,-603.4823292133043,104.24146271150089,94.95991,334.5224929012509,75.68131,320.32655057437694,97.34841,348.43168356079974
-55.39971332780473,21.98,136.94745762996698,155.0,86.55,654.2083535934822,9.972880001280538,-1792.3708567989286,-1792.3708567989286,11.620138893247415,-603.4823292133041,104.26215140002562,94.95991,334.5224929012509,75.68131,320.32655057437694,97.34841,348.43168356079974
-87.41940547594298,21.98,104.92776548182874,155.0,589.1129787388014,654.2083535934822,8.032574428774579,1131.2222777182699,1131.2222777182699,11.639541948972475,-603.4823292133041,104.22334528857547,94.95991,334.5224929012509,75.68131,320.32655057437694,97.34841,348.43168356079974
-89.75979732499128,21.98,102.58737363278043,155.0,654.2083535934822,587.4273629603256,6.98337176123134,-1749.164139564872,-1749.164139564872,11.650033975647906,-603.4823292133041,104.20236123522461,94.95991,334.5224929012509,75.68131,320.32655057437694,97.34841,348.43168356079974
-54.54390099996968,21.98,137.80326995780203,155.0,576.2080990451316,576.2080990451316,0.0,1143.6207551248765,1143.6207551248765,11.71986769326022,-603.4823292133041,104.06269379999999,94.95991,334.5224929012509,75.68131,320.32655057437694,97.34841,348.43168356079974
-86.73009845334616,21.98,105.61707250442555,155.0,654.2083535934822,576.2080990451316,0.0,1130.2896306023615,1130.2896306023615,11.71986769326022,-603.4823292133041,104.06269379999999,94.95991,334.5224929012509,75.68131,320.32655057437694,97.34841,348.43168356079974
-89.62775207349812,21.98,102.71941888427361,155.0,592.532147438635,592.532147438635,10.160817986087501,1130.630358586054,1130.630358586054,11.618259513399346,-603.4823292133041,104.26591015972174,94.95991,334.5224929012509,75.68131,320.32655057437694,97.34841,348.43168356079974
-55.4153707806394,21.98,136.93180017713232,155.0,592.9680608617105,592.9680608617105,10.432150001454795,-1776.6894521964837,-1776.6894521964837,11.928510693289317,-603.4823292133043,104.7659009000291,94.95991,334.5224929012509,75.68131,320.32655057437694,97.34841,348.43168356079974
-55.19841738524879,21.98,137.14875357252293,155.0,654.2083535934822,592.9680608617107,10.432150001454795,1144.9317106071098,1144.9317106071098,11.928510693289317,-603.4823292133041,104.27133680002909,94.95991,334.5224929012509,75.68131,320.32655057437694,97.34841,348.43168356079974
-89.19133022379769,21.98,103.15584073397402,155.0,654.2083535934822,592.9680608617107,10.432150001454797,-1729.817137980623,-1729.817137980623,11.928510693289317,-603.4823292133041,104.27133680002909,94.95991,334.5224929012509,75.68131,320.32655057437694,97.34841,348.43168356079974
-89.19133022379769,21.98,103.15584073397402,155.0,592.9680608617107,592.9680608617107,10.432150001454795,-1729.817137980623,-1729.817137980623,11.928510693289317,-603.4823292133041,104.27133680002909,94.95991,334.5224929012509,75.68131,320.32655057437694,97.34841,348.43168356079974
-89.19133022379769,21.98,103.15584073397402,155.0,592.9680608617107,592.9680608617107,10.432150001454795,-1729.817137980623,-1729.817137980623,11.928510693289317,-603.4823292133041,104.27133680002909,94.95991,334.5224929012509,-178.39517493494137,66.25006563943558,97.34841,348.43168356079974
-89.19133022379769,21.98,103.15584073397402,155.0,592.9680608617107,592.9680608617107,10.432150001454795,-1729.817137980623,-1729.817137980623,11.928510693289317,-603.4823292133041,104.27133680002909,94.95991,334.5224929012509,-178.39517493494137,66.25006563943558,97.34841,348.43168356079974
-55.19841738524879,21.98,137.14875357252293,155.0,592.9680608617107,592.9680608617107,10.432150001454795,1144.9317106071098,1144.9317106071098,11.928510693289317,-603.4823292133041,104.27133680002909,94.95991,334.5224929012509,75.68131,320.32655057437694,97.34841,348.43168356079974
-55.19841738524879,21.98,137.14875357252293,155.0,592.9680608617107,592.9680608617107,10.432150001454795,1144.9317106071098,1144.9317106071098,11.928510693289317,-603.4823292133041,104.27133680002909,94.95991,334.5224929012509,-178.39517493494137,66.25006563943558,97.34841,348.43168356079974
-55.19841738524879,21.98,137.14875357252293,155.0,592.9680608617107,654.2083535934822,10.432150001454795,-1776.9905275141523,-1776.9905275141523,11.928510693289317,-603.4823292133041,104.27133680002909,94.95991,334.5224929012509,-178.39517493494137,66.25006563943558,97.34841,348.43168356079974
-55.19841738524879,21.98,137.14875357252293,155.0,592.9680608617107,592.9680608617107,10.432150001454795,-1776.9905275141523,-1776.9905275141523,11.928510693289317,-603.4823292133041,104.27133680002909,94.95991,334.5224929012509,-178.39517493494137,66.25006563943558,97.34841,348.43168356079974
-55.19841738524879,21.98,137.14875357252293,155.0,592.9680608617107,592.9680608617107,10.432150001454795,-1776.9905275141523,-1776.9905275141523,11.928510693289317,-603.4823292133041,85.40693049308166,94.95991,334.5224929012509,-178.39517493494137,66.25006563943558,97.34841,348.43168356079974
-55.19841738524879,21.98,137.14875357252293,155.0,592.9680608617107,592.9680608617107,10.432150001454795,-1776.9905275141523,-1776.9905275141523,11.928510693289317,-603.4823292133041,104.27133680002909,94.95991,334.5224929012509,75.68131,320.32655057437694,97.34841,348.43168356079974
-55.19841738524879,21.98,137.14875357252293,155.0,592.9680608617107,592.9680608617107,10.432150001454795,1144.9317106071098,1144.9317106071098,11.928510693289317,-603.4823292133041,104.27133680002909,94.95991,334.5224929012509,75.68131,320.32655057437694,97.34841,348.43168356079974
-55.198417385248796,21.98,137.1487535725229,155.0,516.0299417049476,592.9680608617105,10.432150001454795,-1776.9905275141534,-1776.9905275141534,11.928510693289317,-603.4823292133043,104.27133680002909,94.95991,334.5224929012509,-219.96572335969424,24.679517214682694,97.34841,348.43168356079974
-55.41584103055917,21.98,136.93132992721254,155.0,515.5048156006752,592.5321474386348,10.160817986087501,1144.8005085991858,1144.8005085991858,11.618259513399346,-603.4823292133043,104.26591015972174,94.95991,334.5224929012509,-220.2132504069206,24.431990167456338,97.34841,348.43168356079974
-88.31986044312796,21.98,104.02731051464374,155.0,576.2080990451316,576.2080990451316,0.0,-1761.6186505368444,-1761.6186505368444,11.71986769326022,-603.4823292133041,104.06269379999999,94.95991,334.5224929012509,-139.6337714877162,105.01146908666075,97.34841,348.43168356079974
-90.05000556620986,21.98,102.29716539156185,155.0,576.2080990451316,576.2080990451316,0.0,-1759.217655652166,-1759.217655652166,11.71986769326022,-603.4823292133041,104.06269379999999,94.95991,334.5224929012509,-186.058782796803,58.58645777757394,97.34841,348.43168356079974
-54.760854395360276,21.98,137.58631656241144,155.0,576.2080990451313,576.2080990451313,0.0,-1808.1898894350347,-1808.1898894350347,11.71986769326022,-603.4823292133042,104.06269379999999,94.95991,334.5224929012509,-186.05878279680306,58.5864577775739,97.34841,348.43168356079974
-90.05000556620986,21.98,102.29716539156185,155.0,576.2080990451316,576.2080990451316,0.0,-1759.217655652166,-1759.217655652166,11.71986769326022,-603.4823292133041,104.06269379999999,94.95991,334.5224929012509,-139.6337714877162,105.01146908666075,97.34841,348.43168356079974
-54.54390099996968,21.98,137.80326995780203,155.0,576.2080990451316,576.2080990451316,0.0,-1808.4909647527038,-1808.4909647527038,11.71986769326022,-603.4823292133041,104.06269379999999,94.95991,334.5224929012509,-186.058782796803,58.58645777757394,97.34841,348.43168356079974
-54.54390099996968,21.98,137.80326995780203,155.0,86.55,576.2080990451316,0.0,-1808.4909647527038,-1808.4909647527038,11.71986769326022,-603.4823292133041,104.06269379999999,94.95991,334.5224929012509,-450.62667113384026,-205.98143055946332,97.34841,348.43168356079974
-54.543900999969665,21.98,137.80326995780203,155.0,576.2080990451316,576.2080990451316,0.0,1143.6207551248765,1143.6207551248765,11.71986769326022,-603.4823292133041,104.06269379999999,94.95991,334.5224929012509,-139.6337714877162,105.01146908666075,97.34841,348.43168356079974
-54.54390099996968,21.98,137.80326995780203,155.0,576.2080990451316,576.2080990451316,0.0,1143.6207551248765,1143.6207551248765,11.71986769326022,-603.4823292133041,104.06269379999999,94.95991,334.5224929012509,-186.058782796803,58.58645777757394,97.34841,348.43168356079974
-55.415841030559164,21.98,136.93132992721254,155.0,331.16438547620174,610.1427920664248,10.160817986087503,-1792.067074882039,-1792.067074882039,11.618259513399346,-603.4823292133041,104.26591015972174,94.95991,334.5224929012509,-319.814499581149,-75.16925900677202,97.34841,348.43168356079974
-89.19133022379769,21.98,103.15584073397402,155.0,592.9680608617105,592.9680608617105,10.432150001454795,-1729.8171379806245,-1729.8171379806245,11.928510693289317,-603.4823292133043,104.27133680002909,94.95991,334.5224929012509,-178.39517493494137,66.25006563943558,97.34841,348.43168356079974
-89.19133022379769,21.98,103.15584073397402,155.0,654.2083535934822,592.9680608617107,10.432150001454795,-1729.817137980623,-1729.817137980623,11.928510693289317,-603.4823292133041,104.27133680002909,94.95991,334.5224929012509,75.68131,320.32655057437694,97.34841,348.43168356079974
-89.19133022379769,21.98,103.15584073397402,155.0,592.9680608617107,592.9680608617107,10.432150001454795,-1729.817137980623,-1729.817137980623,11.928510693289317,-603.4823292133041,104.27133680002909,94.95991,334.5224929012509,75.68131,320.32655057437694,97.34841,348.43168356079974
-89.19133022379769,21.98,103.15584073397402,155.0,592.9680608617107,592.9680608617107,10.432150001454795,-1729.817137980623,-1729.817137980623,11.928510693289317,-603.4823292133041,104.27133680002909,94.95991,334.5224929012509,75.68131,320.32655057437694,97.34841,348.43168356079974
-55.19841738524879,21.98,137.14875357252293,155.0,592.9680608617107,705.5869258738704,10.432150001454795,-1776.9905275141523,-1776.9905275141523,11.928510693289317,-603.4823292133041,104.27133680002909,94.95991,334.5224929012509,-178.39517493494137,66.25006563943558,97.34841,348.43168356079974
-89.19133022379769,21.98,103.15584073397402,155.0,592.9680608617107,592.9680608617107,10.432150001454795,-1729.817137980623,-1729.817137980623,11.928510693289317,-603.4823292133041,104.27133680002909,94.95991,334.5224929012509,-178.39517493494137,66.25006563943558,97.34841,348.43168356079974
-89.19133022379769,21.98,103.15584073397402,155.0,592.9680608617106,592.9680608617106,10.432150001454795,-1729.8171379806238,-1729.8171379806238,11.928510693289317,-603.4823292133042,104.27133680002909,94.95991,334.5224929012509,-178.39517493494142,66.25006563943553,97.34841,348.43168356079974
-55.19841738524879,21.98,137.14875357252293,155.0,592.9680608617107,592.9680608617107,10.432150001454795,-1776.9905275141523,-1776.9905275141523,11.928510693289317,-603.4823292133041,104.27133680002909,94.95991,334.5224929012509,-178.39517493494137,66.25006563943558,97.34841,348.43168356079974
-55.19841738524879,21.98,137.14875357252293,155.0,592.9680608617106,654.2083535934822,10.432150001454795,-1776.9905275141527,-1776.9905275141527,11.928510693289317,-603.4823292133042,104.27133680002909,94.95991,334.5224929012509,75.68131,320.32655057437694,97.34841,348.43168356079974
-55.198417385248796,21.98,137.1487535725229,155.0,592.9680608617105,654.2083535934822,10.432150001454795,1144.93171060711,1144.93171060711,11.928510693289317,-603.4823292133043,104.27133680002909,94.95991,334.5224929012509,75.68131,320.32655057437694,97.34841,348.43168356079974
-55.19841738524879,21.98,137.14875357252293,155.0,592.9680608617107,592.9680608617107,10.432150001454795,1245.3336522279478,1245.3336522279478,11.928510693289317,-603.4823292133041,104.27133680002909,94.95991,334.5224929012509,75.68131,320.32655057437694,97.34841,348.43168356079974
-89.19133022379769,21.98,103.15584073397402,155.0,592.9680608617107,592.9680608617107,10.432150001454795,-1729.817137980623,-1729.817137980623,11.928510693289317,-603.4823292133041,104.27133680002909,94.95991,334.5224929012509,-178.39517493494137,66.25006563943558,97.34841,348.43168356079974
-55.19841738524879,21.98,137.14875357252293,155.0,86.55,592.9680608617107,10.432150001454795,-1776.9905275141523,-1776.9905275141523,11.928510693289317,-603.4823292133041,104.27133680002909,94.95991,334.5224929012509,-452.0186629139913,-207.37342233961436,97.34841,348.43168356079974
-55.19841738524879,21.98,137.14875357252293,155.0,592.9680608617107,592.9680608617107,10.432150001454795,-1776.9905275141523,-1776.9905275141523,11.928510693289317,-603.4823292133041,104.27133680002909,94.95991,334.5224929012509,75.68131,320.32655057437694,97.34841,348.43168356079974
-55.415841030559164,21.98,136.93132992721254,155.0,654.2083535934822,592.532147438635,10.160817986087503,-1792.067074882039,-1792.067074882039,11.618259513399346,-603.4823292133041,104.26591015972174,94.95991,334.5224929012509,75.68131,320.32655057437694,97.34841,348.43168356079974
-55.63279442594977,21.98,136.71437653182196,155.0,592.532147438635,592.532147438635,10.160817986087501,-1791.7659995643694,-1791.7659995643694,11.618259513399346,-603.4823292133041,104.26591015972174,94.95991,334.5224929012509,75.68131,320.32655057437694,97.34841,348.43168356079974
-89.71619557053221,21.98,102.6309753872395,155.0,562.5144763766447,589.1129787388014,8.032574428774579,1130.2709756951774,1130.2709756951774,11.639541948972475,-603.4823292133041,104.22334528857547,94.95991,334.5224929012509,-194.52941372936263,50.115826845014325,97.34841,348.43168356079974
-89.71619557053221,21.98,102.6309753872395,155.0,237.20253733930036,589.1129787388014,8.032574428774579,-1747.6536692279587,-1747.6536692279587,11.639541948972475,-603.4823292133041,104.22334528857547,94.95991,334.5224929012509,-370.2991864131479,-125.65394583877092,97.34841,348.43168356079974
-89.71619557053221,21.98,102.6309753872395,155.0,589.1129787388014,589.1129787388014,8.032574428774579,-1747.6536692279587,-1747.6536692279587,11.639541948972475,-603.4823292133041,104.22334528857547,94.95991,334.5224929012509,-180.15793776152637,64.48730281285059,97.34841,348.43168356079974
-55.31462192115318,21.98,137.03254903661852,155.0,590.6371711990727,590.6371711990727,8.981300001699678,-1793.9736412138616,-1793.9736412138616,11.630054693243224,-603.4823292133041,104.24231980003398,94.95991,334.5224929012509,-179.46099027146892,65.18425030290804,97.34841,348.43168356079974
-55.23320802256649,21.98,137.11396293520522,155.0,589.1129787388012,589.1129787388012,8.032574428774579,-1795.507155971094,-1795.507155971094,11.639541948972475,-603.4823292133043,104.22334528857547,94.95991,334.5224929012509,-180.15793776152645,64.4873028128505,97.34841,348.43168356079974
-89.71619557053221,21.98,102.6309753872395,155.0,589.1129787388014,589.1129787388014,8.032574428774579,-1747.6536692279587,-1747.6536692279587,11.639541948972475,-603.4823292133041,104.22334528857547,94.95991,334.5224929012509,-139.63917950139793,105.00606107297902,97.34841,348.43168356079974
-55.383585625050294,21.98,136.96358533272144,155.0,591.9282770094695,591.9282770094695,9.784942016473575,-1792.6746387158191,-1792.6746387158191,11.622018273095485,-603.4823292133041,104.25839264032946,94.95991,334.5224929012509,-178.8706232558791,65.77461731849785,97.34841,348.43168356079974
-55.415841030559164,21.98,136.93132992721254,155.0,592.532147438635,654.2083535934822,10.160817986087503,-1792.067074882039,-1792.067074882039,11.618259513399343,-603.4823292133041,104.26591015972174,94.95991,334.5224929012509,-178.59449934705728,66.05074122731968,97.34841,348.43168356079974
-55.01533915483351,21.98,137.3318318029382,155.0,594.4437581370273,594.4437581370273,11.350690001803315,-1759.5789788462018,-1759.5789788462018,12.259845993339932,-603.4823292133041,104.28970760003605,94.95991,334.5224929012509,75.68131,320.32655057437694,97.34841,348.43168356079974
-54.97518771172775,21.98,137.37198324604395,155.0,593.4156148109494,593.4156148109494,10.71072760105203,-1761.5113796875519,-1761.5113796875519,12.247046745324905,-603.4823292133042,104.27690835202104,94.95991,334.5224929012509,-178.19052781214185,66.4547127622351,97.34841,348.43168356079974
-88.74325427103277,21.98,103.60391668673894,155.0,654.2083535934822,593.4156148109495,10.71072760105203,-1714.6500187573465,-1714.6500187573465,12.247046745324905,-603.4823292133041,104.27690835202104,94.95991,334.5224929012509,-137.0355052319278,107.60973534244916,97.34841,348.43168356079974
-88.74325427103277,21.98,103.60391668673894,155.0,654.2083535934822,593.4156148109495,10.71072760105203,-1714.6500187573465,-1714.6500187573465,12.247046745324905,-603.4823292133041,104.27690835202104,94.95991,334.5224929012509,-137.0355052319278,107.60973534244916,97.34841,348.43168356079974
-55.473155304997874,21.98,136.87401565277383,155.0,593.4156148109494,593.4156148109494,10.71072760105203,-1760.820329192292,-1760.820329192292,12.247046745324905,-603.4823292133042,104.27690835202104,94.95991,334.5224929012509,75.68131,320.32655057437694,97.34841,348.43168356079974
-54.97518771172775,21.98,137.37198324604395,155.0,593.4156148109495,593.4156148109495,10.71072760105203,-1761.5113796875512,-1761.5113796875512,12.247046745324905,-603.4823292133041,104.27690835202104,94.95991,334.5224929012509,-178.1905278121418,66.45471276223515,97.34841,348.43168356079974
-54.97518771172776,21.98,137.37198324604395,155.0,593.4156148109493,593.4156148109493,10.71072760105203,-1761.5113796875523,-1761.5113796875523,12.247046745324905,-603.4823292133043,104.27690835202104,94.95991,334.5224929012509,-178.19052781214188,66.45471276223506,97.34841,348.43168356079974
-54.97518771172776,21.98,137.37198324604395,155.0,654.2083535934822,593.4156148109493,10.710727601052032,-1761.5113796875523,-1761.5113796875523,12.247046745324907,-603.4823292133043,85.40653090855727,94.95991,334.5224929012509,75.68131,320.32655057437694,97.34841,348.43168356079974
-88.74325427103277,21.98,103.60391668673894,155.0,654.2083535934822,784.1951891109906,10.710727601052032,-1714.6500187573465,-1714.6500187573465,12.247046745324907,-603.4823292133041,104.27690835202104,94.95991,334.5224929012509,75.68131,320.32655057437694,97.34841,348.43168356079974
-54.97518771172775,21.98,137.37198324604395,155.0,593.4156148109495,704.927235915345,10.710727601052032,-1761.5113796875512,-1761.5113796875512,12.247046745324907,-603.4823292133041,104.27690835202104,94.95991,334.5224929012509,-178.1905278121418,66.45471276223515,97.34841,348.43168356079974
-54.97518771172775,21.98,137.37198324604395,155.0,593.4156148109495,593.4156148109495,10.710727601052032,-1761.5113796875512,-1761.5113796875512,12.247046745324907,-603.4823292133041,104.27690835202104,94.95991,334.5224929012509,-178.1905278121418,66.45471276223515,97.34841,348.43168356079974
-88.74325427103277,21.98,103.60391668673894,155.0,593.4156148109495,654.2083535934822,10.710727601052032,-1714.6500187573465,-1714.6500187573465,12.247046745324907,-603.4823292133041,104.27690835202104,94.95991,334.5224929012509,-178.1905278121418,66.45471276223515,97.34841,348.43168356079974
-54.97518771172776,21.98,137.37198324604395,155.0,593.4156148109494,593.4156148109494,10.710727601052032,-1761.5113796875519,-1761.5113796875519,12.247046745324907,-603.4823292133042,104.27690835202104,94.95991,334.5224929012509,-178.19052781214185,66.4547127622351,97.34841,348.43168356079974
-54.97518771172775,21.98,137.37198324604395,155.0,593.4156148109495,593.4156148109495,10.710727601052032,-1761.5113796875512,-1761.5113796875512,12.247046745324907,-603.4823292133041,104.27690835202104,94.95991,334.5224929012509,-178.1905278121418,66.45471276223515,97.34841,348.43168356079974
-89.19133022379769,21.98,103.15584073397402,155.0,592.9680608617107,654.2083535934822,10.432150001454795,-1729.817137980623,-1729.817137980623,11.928510693289317,-603.4823292133041,104.27133680002909,94.95991,334.5224929012509,-178.39517493494137,66.25006563943558,97.34841,348.43168356079974
-89.19133022379769,21.98,103.15584073397402,155.0,654.2083535934822,592.9680608617107,10.432150001454795,-1729.817137980623,-1729.817137980623,11.928510693289317,-603.4823292133041,104.27133680002909,94.95991,334.5224929012509,75.68131,320.32655057437694,97.34841,348.43168356079974
-89.19133022379769,21.98,103.15584073397402,155.0,654.2083535934822,592.9680608617107,10.432150001454795,-1729.817137980623,-1729.817137980623,11.928510693289317,-603.4823292133041,104.27133680002909,94.95991,334.5224929012509,75.68131,320.32655057437694,97.34841,348.43168356079974
-89.19133022379769,21.98,103.15584073397402,155.0,592.9680608617106,592.9680608617106,10.432150001454795,-1729.8171379806238,-1729.8171379806238,11.928510693289317,-603.4823292133042,104.27133680002909,94.95991,334.5224929012509,-178.39517493494142,66.25006563943553,97.34841,348.43168356079974
-89.19133022379769,21.98,103.15584073397402,155.0,654.2083535934822,592.9680608617105,10.432150001454795,-1729.8171379806245,-1729.8171379806245,11.928510693289317,-603.4823292133043,104.27133680002909,94.95991,334.5224929012509,-145.30634221516743,99.33889835920952,97.34841,348.43168356079974
-89.19133022379769,21.98,103.15584073397402,155.0,592.9680608617107,592.9680608617107,10.432150001454795,-1729.817137980623,-1729.817137980623,11.928510693289317,-603.4823292133041,104.27133680002909,94.95991,334.5224929012509,-178.39517493494137,66.25006563943558,97.34841,348.43168356079974
-89.19133022379769,21.98,103.15584073397402,155.0,592.9680608617107,592.9680608617107,10.432150001454795,-1729.817137980623,-1729.817137980623,11.928510693289317,-603.4823292133041,104.27133680002909,94.95991,334.5224929012509,-178.39517493494137,66.25006563943558,97.34841,348.43168356079974
-89.19133022379769,21.98,103.15584073397402,155.0,592.9680608617107,592.9680608617107,10.432150001454799,-1729.817137980623,-1729.817137980623,11.928510693289317,-603.4823292133041,104.27133680002909,94.95991,334.5224929012509,-178.39517493494137,66.25006563943558,97.34841,348.43168356079974
-89.19133022379769,21.98,103.15584073397402,155.0,592.9680608617106,592.9680608617106,10.432150001454795,-1729.8171379806238,-1729.8171379806238,11.928510693289317,-603.4823292133042,104.27133680002909,94.95991,334.5224929012509,75.68131,320.32655057437694,97.34841,348.43168356079974
-55.19214110711836,21.98,137.15502985065334,155.0,593.4156148109494,593.4156148109494,10.710727601052033,-1761.2103043698821,-1761.2103043698821,12.247046745324907,-603.4823292133042,104.27690835202104,94.95991,334.5224929012509,-178.19052781214185,66.4547127622351,97.34841,348.43168356079974
-88.6567762740046,21.98,103.69039468376712,155.0,595.103526244501,595.103526244501,11.761359187012053,-1711.6890651183567,-1711.6890651183567,12.268059377044109,-603.4823292133041,104.29792098374023,94.95991,334.5224929012509,-177.41871869504135,67.2265218793356,97.34841,348.43168356079974
-55.041104669191625,21.98,137.3060662885801,155.0,595.103526244501,595.103526244501,11.761359187012053,-1758.3389411844855,-1758.3389411844855,12.268059377044109,-603.4823292133041,104.29792098374023,94.95991,334.5224929012509,75.68131,320.32655057437694,97.34841,348.43168356079974
-55.041104669191625,21.98,137.3060662885801,155.0,595.103526244501,595.103526244501,11.761359187012053,-1758.3389411844855,-1758.3389411844855,12.268059377044109,-603.4823292133041,104.29792098374023,94.95991,334.5224929012509,-177.41871869504135,67.2265218793356,97.34841,348.43168356079974
-55.25805806458222,21.98,137.0891128931895,155.0,595.103526244501,595.103526244501,11.761359187012053,-1758.037865866816,-1758.037865866816,12.268059377044109,-603.4823292133041,104.29792098374023,94.95991,334.5224929012509,-177.41871869504135,67.2265218793356,97.34841,348.43168356079974
-88.74325427103277,21.98,103.60391668673894,155.0,593.4156148109495,593.4156148109495,10.710727601052033,-1714.6500187573465,-1714.6500187573465,12.247046745324907,-603.4823292133041,104.27690835202104,94.95991,334.5224929012509,75.68131,320.32655057437694,97.34841,348.43168356079974
-54.97518771172775,21.98,137.37198324604395,155.0,593.4156148109495,593.4156148109495,10.710727601052033,-1761.5113796875512,-1761.5113796875512,12.247046745324907,-603.4823292133041,104.27690835202104,94.95991,334.5224929012509,-178.1905278121418,66.45471276223515,97.34841,348.43168356079974
-54.97518771172775,21.98,137.37198324604395,155.0,593.4156148109495,593.4156148109495,10.710727601052033,-1761.5113796875512,-1761.5113796875512,12.247046745324907,-603.4823292133041,104.27690835202104,94.95991,334.5224929012509,-178.1905278121418,66.45471276223515,97.34841,348.43168356079974
-54.97518771172775,21.98,137.37198324604395,155.0,593.4156148109495,704.927235915345,10.710727601052033,-1761.5113796875512,-1761.5113796875512,12.247046745324907,-603.4823292133041,104.27690835202104,94.95991,334.5224929012509,-178.1905278121418,66.45471276223515,97.34841,348.43168356079974
-54.97518771172775,21.98,137.37198324604395,155.0,593.4156148109495,593.4156148109495,10.710727601052033,-1761.5113796875512,-1761.5113796875512,12.247046745324907,-603.4823292133041,104.27690835202104,94.95991,334.5224929012509,-178.1905278121418,66.45471276223515,97.34841,348.43168356079974
-88.6567762740046,21.98,103.69039468376712,155.0,595.103526244501,595.103526244501,11.761359187012053,-1711.6890651183567,-1711.6890651183567,12.268059377044109,-603.4823292133041,104.29792098374023,94.95991,334.5224929012509,-177.41871869504135,67.2265218793356,97.34841,348.43168356079974
-88.6567762740046,21.98,103.69039468376712,155.0,595.103526244501,169.15778161257194,11.761359187012053,-1440.8642694964917,-1440.8642694964917,12.268059377044109,-603.4823292133041,-134.1755332289378,94.95991,334.5224929012509,-122.93022168438257,121.71501888999438,97.34841,348.43168356079974
-88.6567762740046,21.98,103.69039468376712,155.0,595.103526244501,595.103526244501,11.761359187012053,1131.2752487353448,1131.2752487353448,12.268059377044109,-603.4823292133041,104.29792098374023,94.95991,334.5224929012509,-177.41871869504135,67.2265218793356,97.34841,348.43168356079974
-59.5305595733454,21.98,132.81661138442632,155.0,86.55,476.7843241987207,83.31750054308662,-1542.2713290905622,-1542.2713290905622,13.699182204165599,-603.4823292133041,106.22360791086173,94.95991,334.5224929012509,-461.7439648731496,-217.09872429877262,97.34841,348.43168356079974
-55.04110466919163,21.98,137.3060662885801,155.0,595.1035262445008,595.1035262445008,11.761359187012053,-1758.3389411844869,-1758.3389411844869,12.268059377044109,-603.4823292133043,104.29792098374023,94.95991,334.5224929012509,-177.4187186950414,67.22652187933555,97.34841,348.43168356079974
-55.198417385248796,21.98,137.1487535725229,155.0,592.9680608617106,592.9680608617106,10.432150001454799,-1776.9905275141527,-1776.9905275141527,11.928510693289319,-603.4823292133042,104.27133680002909,94.95991,334.5224929012509,-178.39517493494142,66.25006563943553,97.34841,348.43168356079974
-55.19841738524879,21.98,137.14875357252293,155.0,592.9680608617106,592.9680608617106,10.432150001454799,-1776.9905275141527,-1776.9905275141527,11.928510693289319,-603.4823292133042,104.27133680002909,94.95991,334.5224929012509,-138.35522118454318,106.29001938983377,97.34841,348.43168356079974
-55.198417385248774,21.98,137.14875357252293,155.0,592.9680608617107,592.9680608617107,10.432150001454792,-1776.9905275141523,-1776.9905275141523,11.928510693289319,-603.4823292133041,104.27133680002909,94.95991,334.5224929012509,-138.3552211845431,106.29001938983386,97.34841,348.43168356079974
-55.19841738524879,21.98,137.14875357252293,155.0,592.9680608617106,592.9680608617106,10.432150001454797,-1776.9905275141527,-1776.9905275141527,11.928510693289319,-603.4823292133042,104.27133680002909,94.95991,334.5224929012509,-178.39517493494142,66.25006563943553,97.34841,348.43168356079974
-55.19841738524879,21.98,137.14875357252293,155.0,592.9680608617107,592.9680608617107,10.432150001454797,-1776.9905275141523,-1776.9905275141523,11.928510693289319,-603.4823292133041,104.27133680002909,94.95991,334.5224929012509,-178.39517493494137,66.25006563943558,97.34841,348.43168356079974
-89.19133022379769,21.98,103.15584073397402,155.0,592.9680608617106,592.9680608617106,10.432150001454797,-1729.8171379806238,-1729.8171379806238,11.928510693289319,-603.4823292133042,104.27133680002909,94.95991,334.5224929012509,-178.39517493494142,66.25006563943553,97.34841,348.43168356079974
-89.19133022379769,21.98,103.15584073397402,155.0,592.9680608617107,592.9680608617107,10.432150001454797,1130.8522669390557,1130.8522669390557,11.928510693289319,-603.4823292133041,104.27133680002909,94.95991,334.5224929012509,-178.39517493494137,66.25006563943558,97.34841,348.43168356079974
-54.99250030247952,21.98,137.35467065529218,155.0,589.1129787388014,654.2083535934822,8.032574428774577,1144.6531003985015,1144.6531003985015,11.952506449016122,-603.4823292133041,104.22334528857547,94.95991,334.5224929012509,-180.15793776152637,64.48730281285059,97.34841,348.43168356079974
-55.07391420106622,21.98,137.2732567567055,155.0,590.6371711990727,590.6371711990727,8.981300001699678,-1779.3356734116044,-1779.3356734116044,11.94301919328687,-603.4823292133041,104.24231980003398,94.95991,334.5224929012509,-179.46099027146892,65.18425030290804,97.34841,348.43168356079974
-55.19841738523889,21.98,137.14875357253283,155.0,592.9680608617107,592.9680608617107,10.432150001454797,-1776.9905275141657,-1776.9905275141657,11.928510693289319,-603.4823292133041,104.27133680002909,94.95991,334.5224929012509,-178.39517493494137,66.25006563943558,97.34841,348.43168356079974
-55.03548294809092,21.98,137.3116880096808,155.0,594.9595728873196,426.2409402474692,11.671756177663726,-1758.609502283777,-1758.609502283777,12.26626731685714,-603.4823292133042,-126.44222224308677,94.95991,334.5224929012509,-114.87192664799953,129.77331392637743,97.34841,348.43168356079974
-88.74325427103275,21.98,103.60391668673897,155.0,593.4156148109495,654.2083535934822,10.710727601052032,1131.0801010788127,1131.0801010788127,12.247046745324907,-603.4823292133041,104.27690835202104,94.95991,334.5224929012509,-137.03550523192777,107.60973534244917,97.34841,348.43168356079974
-54.97518771172777,21.98,137.37198324604395,155.0,593.4156148109493,654.2083535934822,10.710727601052032,-1761.5113796875523,-1761.5113796875523,12.247046745324907,-603.4823292133043,104.27690835202104,94.95991,334.5224929012509,-178.19052781214188,66.45471276223506,97.34841,348.43168356079974
-54.97518771172775,21.98,137.37198324604395,155.0,593.4156148109495,593.4156148109495,10.710727601052032,-1761.5113796875512,-1761.5113796875512,12.247046745324907,-603.4823292133041,104.27690835202104,94.95991,334.5224929012509,-178.1905278121418,66.45471276223515,97.34841,348.43168356079974
-54.97518771172775,21.98,137.37198324604395,155.0,593.4156148109495,593.4156148109495,10.710727601052032,-1761.5113796875512,-1761.5113796875512,12.247046745324907,-603.4823292133041,104.27690835202104,94.95991,334.5224929012509,-178.1905278121418,66.45471276223515,97.34841,348.43168356079974
-54.97518771172775,21.98,137.37198324604395,155.0,593.4156148109495,704.927235915345,10.710727601052032,-1761.5113796875512,-1761.5113796875512,12.247046745324907,-603.4823292133041,104.27690835202104,94.95991,334.5224929012509,-178.1905278121418,66.45471276223515,97.34841,348.43168356079974
-54.97518771172776,21.98,137.37198324604395,155.0,86.55,593.4156148109493,10.710727601052032,-1761.5113796875523,-1761.5113796875523,12.247046745324907,-603.4823292133043,104.27690835202104,94.95991,334.5224929012509,-452.05583432436396,-207.41059374998702,97.34841,348.43168356079974
-54.97518771172775,21.98,137.37198324604395,155.0,593.4156148109495,593.4156148109495,10.710727601052032,-1761.5113796875512,-1761.5113796875512,12.247046745324907,-603.4823292133041,104.27690835202104,94.95991,334.5224929012509,-178.1905278121418,66.45471276223515,97.34841,348.43168356079974
-88.74325427103277,21.98,103.60391668673894,155.0,593.4156148109495,593.4156148109495,10.710727601052032,1131.0801010788127,1131.0801010788127,12.247046745324907,-603.4823292133041,104.27690835202104,94.95991,334.5224929012509,-178.1905278121418,66.45471276223515,97.34841,348.43168356079974
-54.97518771172775,21.98,137.37198324604395,155.0,654.2083535934822,593.4156148109495,10.710727601052032,-1761.5113796875512,-1761.5113796875512,12.247046745324907,-603.4823292133041,104.27690835202104,94.95991,334.5224929012509,75.68131,320.32655057437694,97.34841,348.43168356079974
-88.74325427103277,21.98,103.60391668673894,155.0,593.4156148109493,654.2083535934822,10.710727601052032,-1714.6500187573477,-1714.6500187573477,12.247046745324907,-603.4823292133043,104.27690835202104,94.95991,334.5224929012509,-178.19052781214188,66.45471276223506,97.34841,348.43168356079974
-54.97518771172776,21.98,137.37198324604395,155.0,593.4156148109494,593.4156148109494,10.710727601052032,-1761.5113796875519,-1761.5113796875519,12.247046745324907,-603.4823292133042,85.40653090855727,94.95991,334.5224929012509,75.68131,320.32655057437694,97.34841,348.43168356079974
-54.97518771172775,21.98,137.37198324604395,155.0,593.4156148109494,593.4156148109494,10.71072760105203,-1761.5113796875519,-1761.5113796875519,12.247046745324907,-603.4823292133042,104.27690835202104,94.95991,334.5224929012509,-178.19052781214185,66.4547127622351,97.34841,348.43168356079974
-54.97518771172775,21.98,137.37198324604395,155.0,654.2083535934822,593.4156148109495,10.710727601052033,-1761.5113796875512,-1761.5113796875512,12.247046745324907,-603.4823292133041,85.40653090855727,94.95991,334.5224929012509,75.68131,320.32655057437694,97.34841,348.43168356079974
-55.19841738524879,21.98,137.14875357252293,155.0,592.9680608617107,592.9680608617107,10.432150001454799,-1776.9905275141523,-1776.9905275141523,11.928510693289319,-603.4823292133041,104.27133680002909,94.95991,334.5224929012509,-178.39517493494137,66.25006563943558,97.34841,348.43168356079974
-55.19841738524879,21.98,137.14875357252293,155.0,592.9680608617107,592.9680608617107,10.432150001454799,-1776.9905275141523,-1776.9905275141523,11.928510693289319,-603.4823292133041,104.27133680002909,94.95991,334.5224929012509,-178.39517493494137,66.25006563943558,97.34841,348.43168356079974
-55.19841738524879,21.98,137.14875357252293,155.0,592.9680608617107,592.9680608617107,10.432150001454799,-1776.9905275141523,-1776.9905275141523,11.928510693289319,-603.4823292133041,104.27133680002909,94.95991,334.5224929012509,-178.39517493494137,66.25006563943558,97.34841,348.43168356079974
-55.198417385248774,21.98,137.14875357252293,155.0,592.9680608617106,592.9680608617106,10.432150001454797,-1776.9905275141527,-1776.9905275141527,11.928510693289319,-603.4823292133042,104.27133680002909,94.95991,334.5224929012509,-178.39517493494142,66.25006563943553,97.34841,348.43168356079974
-55.198417385248774,21.98,137.14875357252293,155.0,592.9680608617107,592.9680608617107,10.432150001454797,-1776.9905275141523,-1776.9905275141523,11.928510693289319,-603.4823292133041,104.27133680002909,94.95991,334.5224929012509,-178.39517493494137,66.25006563943558,97.34841,348.43168356079974
-55.198417385248774,21.98,137.14875357252293,155.0,592.9680608617107,592.9680608617107,10.432150001454797,-1776.9905275141523,-1776.9905275141523,11.928510693289319,-603.4823292133041,104.27133680002909,94.95991,334.5224929012509,-178.39517493494137,66.25006563943558,97.34841,348.43168356079974
-55.198417385248774,21.98,137.14875357252293,155.0,592.9680608617107,654.2083535934822,10.432150001454797,-1776.9905275141523,-1776.9905275141523,11.928510693289319,-603.4823292133041,104.27133680002909,94.95991,334.5224929012509,-178.39517493494137,66.25006563943558,97.34841,348.43168356079974
-55.198417385248774,21.98,137.14875357252293,155.0,592.9680608617107,592.9680608617107,10.432150001454795,-1776.9905275141523,-1776.9905275141523,11.928510693289319,-603.4823292133041,104.27133680002909,94.95991,334.5224929012509,-178.39517493494137,66.25006563943558,97.34841,348.43168356079974
-55.19841738524879,21.98,137.14875357252293,155.0,592.9680608617106,592.9680608617106,10.432150001454799,-1776.9905275141527,-1776.9905275141527,11.928510693289319,-603.4823292133042,104.27133680002909,94.95991,334.5224929012509,-178.39517493494142,66.25006563943553,97.34841,348.43168356079974
-55.19841738524879,21.98,137.14875357252293,155.0,592.9680608617107,592.9680608617107,10.432150001454799,-1776.9905275141523,-1776.9905275141523,11.928510693289319,-603.4823292133041,104.27133680002909,94.95991,334.5224929012509,-178.39517493494137,66.25006563943558,97.34841,348.43168356079974
-54.97518771172775,21.98,137.37198324604395,155.0,593.4156148109495,593.4156148109495,10.710727601052033,-1761.5113796875512,-1761.5113796875512,12.247046745324907,-603.4823292133041,104.77147245202104,94.95991,334.5224929012509,-178.1905278121418,66.45471276223515,97.34841,348.43168356079974
-54.97518771172775,21.98,137.37198324604395,155.0,593.4156148109495,593.4156148109495,10.710727601052033,-1761.5113796875512,-1761.5113796875512,12.247046745324907,-603.4823292133041,104.27690835202104,94.95991,334.5224929012509,-178.1905278121418,66.45471276223515,97.34841,348.43168356079974
-54.97518771172775,21.98,137.37198324604395,155.0,593.4156148109495,593.4156148109495,10.710727601052033,-1761.5113796875512,-1761.5113796875512,12.247046745324907,-603.4823292133041,104.27690835202104,94.95991,334.5224929012509,-178.1905278121418,66.45471276223515,97.34841,348.43168356079974
-55.19214110711835,21.98,137.15502985065336,155.0,593.4156148109495,593.4156148109495,10.710727601052033,-1761.2103043698814,-1761.2103043698814,12.247046745324907,-603.4823292133041,104.27690835202104,94.95991,334.5224929012509,-178.1905278121418,66.45471276223515,97.34841,348.43168356079974
-54.97518771172775,21.98,137.37198324604395,155.0,593.4156148109494,654.2083535934822,10.710727601052033,-1761.5113796875519,-1761.5113796875519,12.247046745324907,-603.4823292133042,104.27690835202104,94.95991,334.5224929012509,-137.03550523192786,107.60973534244908,97.34841,348.43168356079974
-54.97518771172776,21.98,137.37198324604395,155.0,593.4156148109493,593.4156148109493,10.710727601052033,-1761.5113796875523,-1761.5113796875523,12.247046745324907,-603.4823292133043,104.27690835202104,94.95991,334.5224929012509,75.68131,320.32655057437694,97.34841,348.43168356079974
-54.97518771172775,21.98,137.37198324604395,155.0,593.4156148109495,593.4156148109495,10.710727601052033,-1761.5113796875512,-1761.5113796875512,12.247046745324907,-603.4823292133041,104.27690835202104,94.95991,334.5224929012509,75.68131,320.32655057437694,97.34841,348.43168356079974
-56.238068329993006,21.98,136.10910262777867,155.0,654.208353593482,679.073167470422,27.00284990853318,-1726.954409135007,-1726.954409135007,12.259924691430884,-603.4823292133041,85.56932335217103,94.95991,334.52249290125087,-147.51741836522146,97.12782220915545,97.34841,348.43168356079974
-56.23806832999301,21.98,136.10910262777867,155.0,654.208353593482,679.0731674704222,27.00284990853318,-1726.9544091350078,-1726.9544091350078,12.259924691430884,-603.4823292133042,85.56932335217103,94.95991,334.52249290125087,-147.5174183652214,97.1278222091555,97.34841,348.43168356079974
-56.23806832999301,21.98,136.10910262777867,155.0,325.3982348623739,654.208353593482,27.00284990853318,-1726.9544091350078,-1726.9544091350078,12.259924691430884,-603.4823292133042,105.09731489817067,94.95991,334.52249290125087,75.68131,320.3265505743769,97.34841,348.43168356079974
-56.23806832999301,21.98,136.10910262777867,155.0,654.208353593482,679.0731674704222,27.00284990853318,-1726.9544091350078,-1726.9544091350078,12.259924691430884,-603.4823292133042,104.60275079817066,94.95991,334.52249290125087,-147.5174183652214,97.1278222091555,97.34841,348.43168356079974
-56.238068329993006,21.98,136.10910262777867,155.0,654.208353593482,654.208353593482,27.00284990853318,-1726.954409135007,-1726.954409135007,12.259924691430884,-603.4823292133041,104.60275079817066,94.95991,334.52249290125087,-147.51741836522146,97.12782220915545,97.34841,348.43168356079974
-55.19841738524879,21.98,137.1487535725229,155.0,86.55,654.208353593482,10.432150001454795,-1776.9905275141525,-1776.9905275141525,11.928510693289317,-603.4823292133041,85.40693049308166,94.95991,334.52249290125087,-452.0186629139912,-207.37342233961425,97.34841,348.43168356079974
-55.41584103055917,21.98,136.9313299272125,155.0,654.208353593482,785.0206540673782,10.160817986087501,-1792.06707488204,-1792.06707488204,11.618259513399344,-603.4823292133042,104.76047425972175,94.95991,334.52249290125087,75.68131,320.3265505743769,97.34841,348.43168356079974
-54.54390099996968,21.98,137.803269957802,155.0,335.67766744409874,508.1065494567204,0.0,-1808.4909647527043,-1808.4909647527043,11.71986769326022,-603.4823292133041,85.3046954230674,94.95991,334.52249290125087,75.68131,320.3265505743769,97.34841,348.43168356079974
-54.76085439536028,21.98,137.58631656241138,155.0,654.208353593482,519.8642383025517,0.0,-1808.1898894350347,-1808.1898894350347,11.71986769326022,-603.4823292133041,104.5572579,94.95991,334.52249290125087,75.68131,320.3265505743769,97.34841,348.43168356079974
-54.54390099996968,21.98,137.803269957802,155.0,86.55,537.1983291395052,0.0,1143.6207551248765,1143.6207551248765,11.71986769326022,-603.4823292133041,104.06269379999999,94.95991,334.52249290125087,-450.6266711338401,-205.98143055946318,97.34841,348.43168356079974
-54.54390099996968,21.98,137.803269957802,155.0,654.208353593482,520.4567271776937,0.0,-1808.4909647527043,-1808.4909647527043,11.71986769326022,-603.4823292133041,104.06269379999999,94.95991,334.52249290125087,-143.9143504350163,100.73089013936061,97.34841,348.43168356079974
-54.54390099996968,21.98,137.803269957802,155.0,654.208353593482,335.67766744409874,0.0,-1808.4909647527043,-1808.4909647527043,11.71986769326022,-603.4823292133041,85.3046954230674,94.95991,334.52249290125087,-143.9143504350163,100.73089013936061,97.34841,348.43168356079974
-54.54390099996968,21.98,137.803269957802,155.0,86.55,335.67766744409874,0.0,-1808.4909647527043,-1808.4909647527043,11.71986769326022,-603.4823292133041,104.5572579,94.95991,334.52249290125087,-450.6266711338401,-205.98143055946318,97.34841,348.43168356079974
-54.54390099996968,21.98,137.803269957802,155.0,654.208353593482,520.4567271776937,0.0,-1808.4909647527043,-1808.4909647527043,11.71986769326022,-603.4823292133041,104.5572579,94.95991,334.52249290125087,75.68131,320.3265505743769,97.34841,348.43168356079974
-90.05000556620985,21.98,102.29716539156182,155.0,654.208353593482,462.8900054008156,0.0,-1759.2176556521674,-1759.2176556521674,11.71986769326022,-603.4823292133042,56.149660246134786,94.95991,334.52249290125087,75.68131,320.3265505743769,97.34841,348.43168356079974
-54.543900999969686,21.98,137.803269957802,155.0,86.55,427.6857092519965,0.0,-1808.4909647527052,-1808.4909647527052,11.71986769326022,-603.4823292133042,-126.54394583497903,94.95991,334.52249290125087,-114.6245296678269,130.02071090655,97.34841,348.43168356079974
-55.41584103055917,21.98,136.93132992721252,155.0,86.55,654.208353593482,10.160817986087501,-1792.0670748820394,-1792.0670748820394,11.618259513399346,-603.4823292133041,104.76047425972175,94.95991,334.52249290125087,-451.9824583027623,-207.33721772838544,97.34841,348.43168356079974
-55.41537078063939,21.98,136.9318001771323,155.0,86.55,592.9680608617103,10.432150001454795,-1776.689452196483,-1776.689452196483,11.928510693289317,-603.4823292133041,85.40693049308166,94.95991,334.52249290125087,-452.0186629139912,-207.37342233961425,97.34841,348.43168356079974
-55.19841738524879,21.98,137.1487535725229,155.0,654.208353593482,728.1007029897305,10.432150001454795,-1776.9905275141534,-1776.9905275141534,11.928510693289317,-603.4823292133042,104.27133680002908,94.95991,334.52249290125087,-145.30634221516732,99.33889835920958,97.34841,348.43168356079974
-55.19841738524879,21.98,137.1487535725229,155.0,331.7063613417564,180.89476076479104,10.432150001454795,-1776.9905275141525,-1776.9905275141525,11.928510693289317,-603.4823292133041,-126.50252199720973,94.95991,334.52249290125087,-114.9030377951954,129.7422027791815,97.34841,348.43168356079974
-55.198417385248796,21.98,137.14875357252288,155.0,654.208353593482,654.208353593482,10.432150001454803,-1776.9905275141534,-1776.9905275141534,11.928510693289317,-603.4823292133042,104.27133680002908,94.95991,334.52249290125087,75.68131,320.3265505743769,97.34841,348.43168356079974
-55.198417385248796,21.98,137.14875357252288,155.0,654.208353593482,754.967989153986,10.432150001454795,-1776.9905275141534,-1776.9905275141534,11.928510693289317,-603.4823292133042,85.40693049308166,94.95991,334.52249290125087,75.68131,320.3265505743769,97.34841,348.43168356079974
-55.1984173852488,21.98,137.14875357252288,155.0,654.208353593482,654.2083535934821,10.432150001454797,-1776.9905275141543,-1776.9905275141543,11.928510693289317,-603.4823292133043,85.40693049308166,94.95991,334.52249290125087,-145.30634221516726,99.33889835920962,97.34841,348.43168356079974
-55.19841738524879,21.98,137.1487535725229,155.0,654.208353593482,654.2083535934821,10.432150001454795,-1776.9905275141525,-1776.9905275141525,11.928510693289317,-603.4823292133041,104.27133680002908,94.95991,334.52249290125087,-145.30634221516738,99.33889835920952,97.34841,348.43168356079974
-55.198417385248796,21.98,137.14875357252288,155.0,654.208353593482,728.1007029897305,10.432150001454795,-1776.9905275141534,-1776.9905275141534,11.928510693289317,-603.4823292133042,104.27133680002908,94.95991,334.52249290125087,-145.30634221516732,99.33889835920958,97.34841,348.43168356079974
-55.1984173852488,21.98,137.14875357252288,155.0,654.208353593482,784.2247968954307,10.432150001454803,-1776.9905275141543,-1776.9905275141543,11.928510693289317,-603.4823292133043,104.27133680002908,94.95991,334.52249290125087,-145.30634221516726,99.33889835920962,97.34841,348.43168356079974
-55.1984173852488,21.98,137.14875357252288,155.0,654.208353593482,654.208353593482,10.432150001454799,-1776.9905275141543,-1776.9905275141543,11.928510693289317,-603.4823292133043,20.438437643443436,94.95991,334.52249290125087,38.16046183048498,282.80570240486185,97.34841,348.43168356079974
-89.19133022379769,21.98,103.15584073397399,155.0,654.208353593482,784.2247968954308,10.432150001454795,-1729.8171379806236,-1729.8171379806236,11.928510693289317,-603.4823292133041,104.27133680002908,94.95991,334.52249290125087,75.68131,320.3265505743769,97.34841,348.43168356079974
-55.1984173852488,21.98,137.14875357252288,155.0,654.208353593482,331.70636134175635,10.432150001454797,-1776.9905275141543,-1776.9905275141543,11.928510693289317,-603.4823292133043,104.7659009000291,94.95991,334.52249290125087,75.68131,320.3265505743769,97.34841,348.43168356079974
-55.1984173852488,21.98,137.14875357252288,155.0,592.96806086171,465.58053388416226,10.432150001454795,-1776.9905275141543,-1776.9905275141543,11.928510693289317,-603.4823292133043,104.7659009000291,94.95991,334.52249290125087,75.68131,320.3265505743769,97.34841,348.43168356079974
-55.41584103055917,21.98,136.93132992721252,155.0,654.208353593482,426.2695510013403,10.160817986087501,-1792.0670748820394,-1792.0670748820394,11.618259513399346,-603.4823292133041,-126.55753661527866,94.95991,334.52249290125087,-114.9583291297847,129.6869114445922,97.34841,348.43168356079974
-55.632794425949776,21.98,136.71437653182193,155.0,330.5672668156018,592.5321474386349,10.160817986087501,-1791.7659995643696,-1791.7659995643696,11.618259513399346,-603.4823292133041,104.26591015972174,94.95991,334.52249290125087,75.68131,320.3265505743769,97.34841,348.43168356079974
-55.41584103055917,21.98,136.9313299272125,155.0,331.1643854762014,654.208353593482,10.160817986087501,-1792.06707488204,-1792.06707488204,11.618259513399344,-603.4823292133042,104.26591015972174,94.95991,334.52249290125087,-319.81449958114894,-75.16925900677201,97.34841,348.43168356079974
-55.14317178657792,21.98,137.20399917119377,155.0,654.208353593482,654.208353593482,6.983371761231339,-1797.2030813471142,-1797.2030813471142,11.650033975647906,-603.4823292133041,104.20236123522461,94.95991,334.52249290125087,-144.84616181503077,99.79907875934614,97.34841,348.43168356079974
-89.75979732499128,21.98,102.5873736327804,155.0,654.208353593482,587.4273629603255,6.983371761231339,-1749.1641395648721,-1749.1641395648721,11.650033975647906,-603.4823292133041,85.37522747785584,94.95991,334.52249290125087,-144.84616181503077,99.79907875934614,97.34841,348.43168356079974
-55.14317178657793,21.98,137.20399917119377,155.0,654.208353593482,426.7124057688901,6.983371761231339,-1797.2030813471151,-1797.2030813471151,11.650033975647906,-603.4823292133042,-126.55328656635396,94.95991,334.52249290125087,-114.85394483299787,129.79129574137903,97.34841,348.43168356079974
-55.14317178657792,21.98,137.20399917119377,155.0,654.208353593482,654.208353593482,6.983371761231339,-1797.2030813471151,-1797.2030813471151,11.650033975647906,-603.4823292133042,104.69692533522462,94.95991,334.52249290125087,-144.8461618150307,99.79907875934619,97.34841,348.43168356079974
-55.2152796891336,21.98,137.1318912686381,155.0,588.7773329692454,654.208353593482,7.823653486491034,-1795.844854624139,-1795.844854624139,11.64163115839531,-603.4823292133042,85.38371432328097,94.95991,334.52249290125087,-180.31141409915276,64.33382647522414,97.34841,348.43168356079974
-55.632794425949776,21.98,136.71437653182193,155.0,330.5672668156018,784.2536346046883,10.160817986087501,-1791.7659995643696,-1791.7659995643696,11.618259513399346,-603.4823292133041,104.26591015972174,94.95991,334.52249290125087,75.68131,320.3265505743769,97.34841,348.43168356079974
-55.41584103055918,21.98,136.9313299272125,155.0,654.208353593482,654.208353593482,10.160817986087501,-1792.067074882041,-1792.067074882041,11.618259513399346,-603.4823292133043,85.40731968472689,94.95991,334.52249290125087,-145.27013760393845,99.37510297043845,97.34841,348.43168356079974
-55.41584103055917,21.98,136.9313299272125,155.0,654.208353593482,654.208353593482,10.160817986087501,-1792.06707488204,-1792.06707488204,11.618259513399346,-603.4823292133042,104.26591015972174,94.95991,334.52249290125087,-145.2701376039385,99.3751029704384,97.34841,348.43168356079974
-89.19133022379769,21.98,103.15584073397399,155.0,238.14800726534662,86.4192,10.432150001454795,-1729.8171379806236,-1729.8171379806236,11.928510693289317,-603.4823292133041,104.7659009000291,94.95991,334.52249290125087,-370.1085204359866,-125.4632798616097,97.34841,348.43168356079974
-55.19841738524879,21.98,137.1487535725229,155.0,86.55,654.208353593482,10.432150001454797,-1776.9905275141534,-1776.9905275141534,11.928510693289317,-603.4823292133042,104.27133680002908,94.95991,334.52249290125087,-452.01866291399114,-207.37342233961422,97.34841,348.43168356079974
-55.41537078063939,21.98,136.9318001771323,155.0,654.208353593482,539.5689578361188,10.432150001454795,-1776.689452196483,-1776.689452196483,11.928510693289317,-603.4823292133041,104.7659009000291,94.95991,334.52249290125087,-145.30634221516738,99.33889835920952,97.34841,348.43168356079974
-55.19841738524879,21.98,137.1487535725229,155.0,654.208353593482,784.2247968954308,10.432150001454795,-1776.9905275141525,-1776.9905275141525,11.928510693289317,-603.4823292133041,104.27133680002908,94.95991,334.52249290125087,75.68131,320.3265505743769,97.34841,348.43168356079974
-89.19133022379769,21.98,103.15584073397399,155.0,86.55,414.1888749950818,10.432150001454795,-1729.8171379806245,-1729.8171379806245,11.928510693289317,-603.4823292133042,-134.32297740485134,94.95991,334.52249290125087,-452.01866291399114,-207.37342233961422,97.34841,348.43168356079974
-55.19841738524879,21.98,137.1487535725229,155.0,654.208353593482,426.3176192867933,10.432150001454797,-1776.9905275141525,-1776.9905275141525,11.928510693289317,-603.4823292133041,-126.50252199720973,94.95991,334.52249290125087,-145.30634221516738,99.33889835920952,97.34841,348.43168356079974
-55.198417385248796,21.98,137.14875357252288,155.0,331.70636134175635,654.208353593482,10.432150001454795,-1776.9905275141534,-1776.9905275141534,11.928510693289317,-603.4823292133042,104.27133680002908,94.95991,334.52249290125087,-319.557868414599,-74.91262784022211,97.34841,348.43168356079974
-55.41537078063939,21.98,136.9318001771323,155.0,654.208353593482,784.2247968954307,10.432150001454799,-1776.6894521964837,-1776.6894521964837,11.928510693289317,-603.4823292133042,104.27133680002908,94.95991,334.52249290125087,75.68131,320.3265505743769,97.34841,348.43168356079974
-89.19133022379769,21.98,103.15584073397399,155.0,86.55,465.58053388416226,10.432150001454799,-1729.8171379806236,-1729.8171379806236,11.928510693289317,-603.4823292133041,104.7659009000291,94.95991,334.52249290125087,75.68131,320.3265505743769,97.34841,348.43168356079974
-55.19841738524879,21.98,137.1487535725229,155.0,654.208353593482,654.208353593482,10.432150001454795,-1776.9905275141525,-1776.9905275141525,11.928510693289317,-603.4823292133041,104.27133680002908,94.95991,334.52249290125087,-145.30634221516738,99.33889835920952,97.34841,348.43168356079974
-55.1984173852488,21.98,137.14875357252288,155.0,86.55,539.5689578361188,10.432150001454797,1144.93171060711,1144.93171060711,11.928510693289317,-603.4823292133043,104.7659009000291,94.95991,334.52249290125087,75.68131,320.3265505743769,97.34841,348.43168356079974
-55.198417385248796,21.98,137.14875357252288,155.0,654.208353593482,784.2247968954307,10.432150001454795,-1776.9905275141534,-1776.9905275141534,11.928510693289317,-603.4823292133042,104.27133680002908,94.95991,334.52249290125087,-145.30634221516732,99.33889835920958,97.34841,348.43168356079974
-89.19133022379769,21.98,103.15584073397399,155.0,654.208353593482,784.2247968954308,10.432150001454795,-1729.8171379806236,-1729.8171379806236,11.928510693289317,-603.4823292133041,104.27133680002908,94.95991,334.52249290125087,75.68131,320.3265505743769,97.34841,348.43168356079974
-55.41584103055917,21.98,136.93132992721252,155.0,654.208353593482,755.0058466370187,10.160817986087501,-1792.0670748820394,-1792.0670748820394,11.618259513399344,-603.4823292133041,85.40731968472689,94.95991,334.52249290125087,-145.27013760393857,99.37510297043835,97.34841,348.43168356079974
-55.41584103055918,21.98,136.9313299272125,155.0,654.208353593482,654.208353593482,10.160817986087501,-1792.067074882041,-1792.067074882041,11.618259513399346,-603.4823292133043,104.26591015972174,94.95991,334.52249290125087,-145.27013760393845,99.37510297043845,97.34841,348.43168356079974
-55.38358562505031,21.98,136.96358533272138,155.0,86.55,785.0606029171805,9.784942016473579,-1792.67463871582,-1792.67463871582,11.622018273095485,-603.4823292133042,104.75295674032947,94.95991,334.52249290125087,75.68131,320.3265505743769,97.34841,348.43168356079974
-55.14317178657792,21.98,137.20399917119377,155.0,654.208353593482,587.4273629603252,6.983371761231339,-1797.2030813471151,-1797.2030813471151,11.650033975647906,-603.4823292133042,85.37522747785584,94.95991,334.52249290125087,75.68131,320.3265505743769,97.34841,348.43168356079974
-55.36012518196853,21.98,136.98704577580315,155.0,654.208353593482,654.208353593482,6.983371761231339,-1796.9020060294454,-1796.9020060294454,11.650033975647906,-603.4823292133042,104.20236123522461,94.95991,334.52249290125087,-144.8461618150307,99.79907875934619,97.34841,348.43168356079974
-55.215279689133595,21.98,137.1318912686381,155.0,654.208353593482,464.412541554185,7.823653486491034,-1795.8448546241384,-1795.8448546241384,11.64163115839531,-603.4823292133041,104.2191668697298,94.95991,334.52249290125087,75.68131,320.3265505743769,97.34841,348.43168356079974
-55.215279689133595,21.98,137.1318912686381,155.0,654.208353593482,654.208353593482,7.823653486491034,-1795.8448546241384,-1795.8448546241384,11.64163115839531,-603.4823292133041,104.2191668697298,94.95991,334.52249290125087,-144.9582830224913,99.6869575518856,97.34841,348.43168356079974
-89.72487770593713,21.98,102.62229325183455,155.0,654.208353593482,654.208353593482,7.823653486491034,-1747.9544394183542,-1747.9544394183542,11.64163115839531,-603.4823292133042,85.38371432328097,94.95991,334.52249290125087,-144.95828302249126,99.68695755188565,97.34841,348.43168356079974
-55.38358562505031,21.98,136.96358533272138,155.0,331.3313439079091,654.208353593482,9.784942016473579,-1792.6746387158194,-1792.6746387158194,11.622018273095485,-603.4823292133041,104.25839264032946,94.95991,334.52249290125087,75.68131,320.3265505743769,97.34841,348.43168356079974
-55.41584103055917,21.98,136.93132992721252,155.0,654.208353593482,784.2536346046883,10.160817986087501,-1792.0670748820394,-1792.0670748820394,11.618259513399346,-603.4823292133041,104.26591015972174,94.95991,334.52249290125087,75.68131,320.3265505743769,97.34841,348.43168356079974
-55.41584103055917,21.98,136.93132992721252,155.0,654.208353593482,654.208353593482,10.160817986087501,-1792.0670748820394,-1792.0670748820394,11.618259513399344,-603.4823292133041,104.26591015972174,94.95991,334.52249290125087,-145.27013760393857,99.37510297043835,97.34841,348.43168356079974
-55.19841738524879,21.98,137.1487535725229,155.0,331.7063613417564,654.208353593482,10.432150001454795,-1776.9905275141525,-1776.9905275141525,11.928510693289317,-603.4823292133041,85.40693049308166,94.95991,334.52249290125087,-319.55786841459906,-74.91262784022217,97.34841,348.43168356079974
-55.4153707806394,21.98,136.93180017713226,155.0,86.55,784.2247968954308,10.432150001454795,-1776.689452196483,-1776.689452196483,11.928510693289317,-603.4823292133041,104.27133680002908,94.95991,334.52249290125087,75.68131,320.3265505743769,97.34841,348.43168356079974
-55.198417385248796,21.98,137.14875357252288,155.0,654.208353593482,728.1007029897305,10.432150001454797,-1776.9905275141534,-1776.9905275141534,11.928510693289317,-603.4823292133042,104.27133680002908,94.95991,334.52249290125087,-145.30634221516732,99.33889835920958,97.34841,348.43168356079974
-55.19841738524879,21.98,137.1487535725229,155.0,654.208353593482,654.208353593482,10.432150001454797,-1776.9905275141525,-1776.9905275141525,11.928510693289317,-603.4823292133041,104.27133680002908,94.95991,334.52249290125087,-145.30634221516738,99.33889835920952,97.34841,348.43168356079974
-55.19841738524879,21.98,137.1487535725229,155.0,654.208353593482,426.3176192867933,10.432150001454795,-1776.9905275141525,-1776.9905275141525,11.928510693289317,-603.4823292133041,-126.50252199720973,94.95991,334.52249290125087,-145.30634221516738,99.33889835920952,97.34841,348.43168356079974
-55.198417385248796,21.98,137.14875357252288,155.0,654.208353593482,654.208353593482,10.432150001454795,-1776.9905275141525,-1776.9905275141525,11.928510693289317,-603.4823292133041,104.27133680002908,94.95991,334.52249290125087,-145.30634221516738,99.33889835920952,97.34841,348.43168356079974
-89.19133022379772,21.98,103.15584073397396,155.0,654.208353593482,754.9679891539859,10.432150001454795,1130.8522669390559,1130.8522669390559,11.928510693289317,-603.4823292133043,85.40693049308166,94.95991,334.52249290125087,-145.30634221516726,99.33889835920962,97.34841,348.43168356079974
-55.19841738524879,21.98,137.1487535725229,155.0,654.208353593482,784.2247968954308,10.432150001454795,-1776.9905275141525,-1776.9905275141525,11.928510693289317,-603.4823292133041,104.27133680002908,94.95991,334.52249290125087,-145.30634221516738,99.33889835920952,97.34841,348.43168356079974
-55.19841738524879,21.98,137.1487535725229,155.0,654.208353593482,654.2083535934822,10.432150001454795,-1776.9905275141534,-1776.9905275141534,11.928510693289317,-603.4823292133042,85.40693049308166,94.95991,334.52249290125087,-145.30634221516732,99.33889835920958,97.34841,348.43168356079974
-55.19841738524879,21.98,137.1487535725229,155.0,654.208353593482,784.2247968954308,10.432150001454795,-1776.9905275141525,-1776.9905275141525,11.928510693289317,-603.4823292133041,104.27133680002908,94.95991,334.52249290125087,75.68131,320.3265505743769,97.34841,348.43168356079974
-55.19841738524879,21.98,137.1487535725229,155.0,654.208353593482,426.3176192867932,10.432150001454795,-1776.9905275141534,-1776.9905275141534,11.928510693289317,-603.4823292133042,-126.50252199720973,94.95991,334.52249290125087,-114.9030377951954,129.7422027791815,97.34841,348.43168356079974
-55.198417385248796,21.98,137.14875357252288,155.0,654.208353593482,784.2247968954308,10.432150001454795,-1776.9905275141525,-1776.9905275141525,11.928510693289317,-603.4823292133041,104.27133680002908,94.95991,334.52249290125087,-145.30634221516738,99.33889835920952,97.34841,348.43168356079974
-55.198417385248796,21.98,137.14875357252288,155.0,654.208353593482,86.4192,10.432150001454795,-1776.9905275141534,-1776.9905275141534,11.928510693289317,-603.4823292133042,104.27133680002908,94.95991,334.52249290125087,-145.30634221516732,99.33889835920958,97.34841,348.43168356079974
-55.63279442594978,21.98,136.7143765318219,155.0,654.208353593482,426.1921415640139,10.160817986087501,-1791.7659995643705,-1791.7659995643705,11.618259513399346,-603.4823292133042,-126.60744920624278,94.95991,334.52249290125087,-115.01032141203898,129.63491916233792,97.34841,348.43168356079974
-55.41584103055917,21.98,136.9313299272125,155.0,86.55,654.208353593482,10.160817986087501,-1792.06707488204,-1792.06707488204,11.618259513399346,-603.4823292133042,104.76047425972175,94.95991,334.52249290125087,-451.98245830276227,-207.33721772838538,97.34841,348.43168356079974
-55.41584103055917,21.98,136.93132992721252,155.0,654.208353593482,784.2536346046883,10.160817986087501,-1792.0670748820394,-1792.0670748820394,11.618259513399344,-603.4823292133041,104.26591015972174,94.95991,334.52249290125087,75.68131,320.3265505743769,97.34841,348.43168356079974
-55.41584103055917,21.98,136.93132992721252,155.0,654.208353593482,764.7251750825446,10.160817986087501,-1792.0670748820394,-1792.0670748820394,11.618259513399346,-603.4823292133041,91.67421532308252,94.95991,334.52249290125087,-145.27013760393857,99.37510297043835,97.34841,348.43168356079974
-55.41584103055918,21.98,136.9313299272125,155.0,654.208353593482,728.9034898421593,10.160817986087501,-1792.067074882041,-1792.067074882041,11.618259513399346,-603.4823292133043,104.26591015972174,94.95991,334.52249290125087,-145.27013760393845,99.37510297043845,97.34841,348.43168356079974
-55.41584103055917,21.98,136.93132992721252,155.0,654.208353593482,654.208353593482,10.160817986087501,-1792.0670748820394,-1792.0670748820394,11.618259513399346,-603.4823292133041,104.26591015972174,94.95991,334.52249290125087,-145.27013760393857,99.37510297043835,97.34841,348.43168356079974
-55.41584103055917,21.98,136.9313299272125,155.0,654.208353593482,784.2536346046883,10.160817986087501,-1792.06707488204,-1792.06707488204,11.618259513399344,-603.4823292133042,104.26591015972174,94.95991,334.52249290125087,75.68131,320.3265505743769,97.34841,348.43168356079974
-55.41584103055917,21.98,136.93132992721252,155.0,86.55,426.2695510013403,10.160817986087501,-1792.0670748820394,-1792.0670748820394,11.618259513399346,-603.4823292133041,-126.55753661527866,94.95991,334.52249290125087,-451.9824583027623,-207.33721772838544,97.34841,348.43168356079974
-55.41584103055917,21.98,136.93132992721252,155.0,654.208353593482,654.208353593482,10.160817986087501,-1792.0670748820394,-1792.0670748820394,11.618259513399346,-603.4823292133041,85.40731968472689,94.95991,334.52249290125087,-145.27013760393857,99.37510297043835,97.34841,348.43168356079974
-55.41584103055918,21.98,136.9313299272125,155.0,654.208353593482,592.5321474386345,10.160817986087501,-1792.067074882041,-1792.067074882041,11.618259513399346,-603.4823292133043,85.40731968472689,94.95991,334.52249290125087,-145.27013760393845,99.37510297043845,97.34841,348.43168356079974
-55.24609995148769,21.98,137.101071006284,155.0,86.55,784.9981406747783,10.372644942669611,-1780.2969225821648,-1780.2969225821648,11.860470382334729,-603.4823292133043,104.76471079885339,94.95991,334.52249290125087,-452.01072298284595,-207.36548240846906,97.34841,348.43168356079974
-55.198417385248796,21.98,137.14875357252288,155.0,654.208353593482,654.208353593482,10.432150001454795,-1776.9905275141534,-1776.9905275141534,11.928510693289317,-603.4823292133042,104.27133680002908,94.95991,334.52249290125087,-145.30634221516732,99.33889835920958,97.34841,348.43168356079974
-55.198417385248796,21.98,137.14875357252288,155.0,654.208353593482,426.3176192867932,10.432150001454795,-1776.9905275141534,-1776.9905275141534,11.928510693289317,-603.4823292133042,-126.50252199720973,94.95991,334.52249290125087,-114.9030377951954,129.7422027791815,97.34841,348.43168356079974
-55.19841738524879,21.98,137.1487535725229,155.0,654.208353593482,654.208353593482,10.432150001454795,-1776.9905275141525,-1776.9905275141525,11.928510693289317,-603.4823292133041,85.40693049308166,94.95991,334.52249290125087,-145.30634221516738,99.33889835920952,97.34841,348.43168356079974
-55.198417385248796,21.98,137.14875357252288,155.0,331.70636134175635,654.208353593482,10.432150001454795,-1776.9905275141525,-1776.9905275141525,11.928510693289317,-603.4823292133041,104.7659009000291,94.95991,334.52249290125087,-319.55786841459906,-74.91262784022217,97.34841,348.43168356079974
-55.19841738524879,21.98,137.1487535725229,155.0,654.208353593482,654.208353593482,10.432150001454795,-1776.9905275141525,-1776.9905275141525,11.928510693289317,-603.4823292133041,104.27133680002908,94.95991,334.52249290125087,-145.30634221516738,99.33889835920952,97.34841,348.43168356079974
-55.19841738524879,21.98,137.1487535725229,155.0,654.208353593482,728.1007029897305,10.432150001454795,-1776.9905275141525,-1776.9905275141525,11.928510693289317,-603.4823292133041,104.27133680002908,94.95991,334.52249290125087,-145.30634221516738,99.33889835920952,97.34841,348.43168356079974
-55.198417385248796,21.98,137.14875357252288,155.0,654.208353593482,784.2247968954307,10.432150001454795,-1776.9905275141534,-1776.9905275141534,11.928510693289317,-603.4823292133042,104.27133680002908,94.95991,334.52249290125087,-145.30634221516732,99.33889835920958,97.34841,348.43168356079974
-89.19133022379772,21.98,103.15584073397396,155.0,86.55,238.1480072653465,10.432150001454795,-1729.8171379806254,-1729.8171379806254,11.928510693289317,-603.4823292133043,104.7659009000291,94.95991,334.52249290125087,75.68131,320.3265505743769,97.34841,348.43168356079974
-89.19133022379772,21.98,103.15584073397396,155.0,654.208353593482,784.2247968954307,10.432150001454797,-1729.8171379806254,-1729.8171379806254,11.928510693289317,-603.4823292133043,104.27133680002908,94.95991,334.52249290125087,75.68131,320.3265505743769,97.34841,348.43168356079974
-55.41537078063939,21.98,136.9318001771323,155.0,515.4374528298057,677.084337936667,10.432150001454797,-1776.689452196483,-1776.689452196483,11.928510693289317,-603.4823292133041,104.7659009000291,94.95991,334.52249290125087,-220.28585189604473,24.359388678332152,97.34841,348.43168356079974
-55.19841738524879,21.98,137.1487535725229,155.0,654.208353593482,784.2247968954308,10.432150001454797,-1776.9905275141525,-1776.9905275141525,11.928510693289317,-603.4823292133041,104.27133680002908,94.95991,334.52249290125087,-145.30634221516738,99.33889835920952,97.34841,348.43168356079974
-55.19841738524879,21.98,137.1487535725229,155.0,86.55,654.208353593482,10.432150001454797,-1776.9905275141525,-1776.9905275141525,11.928510693289317,-603.4823292133041,85.40693049308166,94.95991,334.52249290125087,-452.0186629139912,-207.37342233961425,97.34841,348.43168356079974
-55.198417385248796,21.98,137.14875357252288,155.0,86.55,784.9918163581208,10.432150001454795,-1776.9905275141525,-1776.9905275141525,11.928510693289317,-603.4823292133041,104.7659009000291,94.95991,334.52249290125087,-452.0186629139912,-207.37342233961425,97.34841,348.43168356079974
-58.261843678741734,21.98,134.08532727902994,155.0,654.208353593482,654.208353593482,0.0,-2034.5872661211977,-2034.5872661211977,6.885855426298148,-603.4823292133042,104.5572579,94.95991,334.52249290125087,75.68131,320.3265505743769,97.34841,348.43168356079974
-58.261843678741734,21.98,134.08532727902994,155.0,86.55,654.208353593482,0.0,-2034.5872661211986,-2034.5872661211986,6.885855426298148,-603.4823292133043,104.06269379999999,94.95991,334.52249290125087,75.68131,320.3265505743769,97.34841,348.43168356079974
-58.26184367874172,21.98,134.08532727902997,155.0,86.55,654.208353593482,0.0,-2034.587266121197,-2034.587266121197,6.885855426298148,-603.4823292133041,104.06269379999999,94.95991,334.52249290125087,75.68131,320.3265505743769,97.34841,348.43168356079974
-58.26184367874172,21.98,134.08532727902997,155.0,654.208353593482,654.208353593482,0.0,-2034.587266121197,-2034.587266121197,6.885855426298148,-603.4823292133041,104.06269379999999,94.95991,334.52249290125087,-143.9143504350163,100.73089013936061,97.34841,348.43168356079974
-96.61676134263577,21.98,95.73040961513591,155.0,654.208353593482,654.208353593482,0.0,-1981.3605397127012,-1981.3605397127012,6.885855426298148,-603.4823292133042,104.06269379999999,94.95991,334.52249290125087,-143.91435043501625,100.73089013936065,97.34841,348.43168356079974
-58.26184367874172,21.98,134.08532727902997,155.0,325.44481098874127,654.208353593482,0.0,-2034.587266121197,-2034.587266121197,6.885855426298148,-603.4823292133041,104.5572579,94.95991,334.52249290125087,75.68131,320.3265505743769,97.34841,348.43168356079974
-58.26184367874172,21.98,134.08532727902997,155.0,654.208353593482,654.208353593482,0.0,-2034.587266121197,-2034.587266121197,6.885855426298148,-603.4823292133041,104.06269379999999,94.95991,334.52249290125087,75.68131,320.3265505743769,97.34841,348.43168356079974
-58.261843678741734,21.98,134.08532727902994,155.0,625.3800906339698,654.208353593482,0.0,-2034.5872661211977,-2034.5872661211977,6.885855426298148,-603.4823292133042,104.06269379999999,94.95991,334.52249290125087,-159.49059163371447,85.15464894066243,97.34841,348.43168356079974
-58.26184367874172,21.98,134.08532727902997,155.0,654.208353593482,654.208353593482,0.0,-2034.5872661211977,-2034.5872661211977,6.885855426298148,-603.4823292133042,104.5572579,94.95991,334.52249290125087,75.68131,320.3265505743769,97.34841,348.43168356079974
-58.26184367874172,21.98,134.08532727902997,155.0,654.208353593482,654.208353593482,0.0,-2034.587266121197,-2034.587266121197,6.885855426298148,-603.4823292133041,104.06269379999999,94.95991,334.52249290125087,-143.9143504350163,100.73089013936061,97.34841,348.43168356079974
-58.47879707413232,21.98,133.86837388363935,155.0,654.208353593482,654.208353593482,0.0,-2034.286190803528,-2034.286190803528,6.885855426298148,-603.4823292133042,85.35303554573703,94.95991,334.52249290125087,-143.91435043501625,100.73089013936065,97.34841,348.43168356079974
-58.77414067288732,21.98,133.57303028488437,155.0,654.208353593482,585.7990807994903,5.969856102160945,-2024.9376238089485,-2024.9376238089485,6.8261568652765385,-603.4823292133041,85.41333109236885,94.95991,334.52249290125087,-144.71092550551793,99.93431506885898,97.34841,348.43168356079974
-58.887545319185,21.98,133.4596256385867,155.0,321.6483395804993,592.2302122240517,9.972880001280542,-2004.4736193154922,-2004.4736193154922,7.085313026323759,-603.4823292133042,104.2621514000256,94.95991,334.52249290125087,-324.93105124207403,-80.2858106676971,97.34841,348.43168356079974
-73.55814997375218,21.98,118.78902098401949,155.0,86.55,654.208353593482,9.972880001280542,-1984.114606501578,-1984.114606501578,7.085313026323759,-603.4823292133042,104.7567155000256,94.95991,334.52249290125087,-451.9573811968932,-207.3121406225163,97.34841,348.43168356079974
-82.57185832851184,21.98,109.77531262925984,155.0,86.55,654.208353593482,9.972880001280542,-1971.60590572091,-1971.60590572091,7.085313026323759,-603.4823292133041,104.7567155000256,94.95991,334.52249290125087,-451.95738119689327,-207.31214062251635,97.34841,348.43168356079974
-95.79588873739708,21.98,96.55128222037459,155.0,86.55,592.2302122240519,9.972880001280542,-1953.254364602782,-1953.254364602782,7.085313026323759,-603.4823292133041,85.45076976974957,94.95991,334.52249290125087,-451.95738119689327,-207.31214062251635,97.34841,348.43168356079974
-82.57185832851184,21.98,109.77531262925984,155.0,86.55,654.208353593482,9.972880001280542,-1971.60590572091,-1971.60590572091,7.085313026323759,-603.4823292133041,85.45076976974957,94.95991,334.52249290125087,-451.95738119689327,-207.31214062251635,97.34841,348.43168356079974
-95.79588873739709,21.98,96.55128222037459,155.0,592.2302122240516,654.208353593482,9.972880001280542,-1953.2543646027837,-1953.2543646027837,7.085313026323759,-603.4823292133043,85.45076976974957,94.95991,334.52249290125087,-178.73256130146825,65.91267927290865,97.34841,348.43168356079974
-95.79588873739708,21.98,96.55128222037459,155.0,654.208353593482,654.208353593482,9.972880001280542,-1953.254364602782,-1953.254364602782,7.085313026323759,-603.4823292133041,104.7567155000256,94.95991,334.52249290125087,-145.24506049806945,99.40018007630745,97.34841,348.43168356079974
-59.993554780894875,21.98,132.3536161768768,155.0,86.55,592.2302122240519,9.972880001280542,-2002.9387636409335,-2002.9387636409335,7.085313026323759,-603.4823292133041,85.45076976974957,94.95991,334.52249290125087,-451.95738119689327,-207.31214062251635,97.34841,348.43168356079974
-58.88754531918499,21.98,133.4596256385867,155.0,86.55,592.2302122240519,9.972880001280542,-2004.473619315492,-2004.473619315492,7.085313026323759,-603.4823292133041,85.45076976974957,94.95991,334.52249290125087,-451.95738119689327,-207.31214062251635,97.34841,348.43168356079974
-58.88754531918499,21.98,133.4596256385867,155.0,654.208353593482,654.208353593482,9.972880001280542,-2004.473619315492,-2004.473619315492,7.085313026323759,-603.4823292133041,104.2621514000256,94.95991,334.52249290125087,-145.24506049806945,99.40018007630745,97.34841,348.43168356079974
-95.79588873739708,21.98,96.55128222037459,155.0,654.208353593482,654.208353593482,9.972880001280542,-1953.2543646027827,-1953.2543646027827,7.085313026323759,-603.4823292133042,104.7567155000256,94.95991,334.52249290125087,-145.2450604980694,99.40018007630749,97.34841,348.43168356079974
-96.11225784304614,21.98,96.23491311472554,155.0,654.208353593482,654.208353593482,6.1292736893935835,-1964.0866489621255,-1964.0866489621255,7.00844090008602,-603.4823292133041,104.67984337378788,94.95991,334.52249290125087,-144.73219705270705,99.91304352166986,97.34841,348.43168356079974
-96.61676134263577,21.98,95.73040961513591,155.0,654.208353593482,654.208353593482,0.0,-1981.3605397127005,-1981.3605397127005,6.885855426298148,-603.4823292133041,104.06269379999999,94.95991,334.52249290125087,75.68131,320.3265505743769,97.34841,348.43168356079974
-96.61676134263577,21.98,95.73040961513591,155.0,86.55,412.67402234123557,0.0,-1981.3605397127005,-1981.3605397127005,6.885855426298148,-603.4823292133041,-136.22328487086844,94.95991,334.52249290125087,-450.6266711338401,-205.98143055946318,97.34841,348.43168356079974
-58.26184367874172,21.98,134.08532727902997,155.0,654.208353593482,654.208353593482,0.0,-2034.587266121197,-2034.587266121197,6.885855426298148,-603.4823292133041,104.5572579,94.95991,334.52249290125087,75.68131,320.3265505743769,97.34841,348.43168356079974
-95.17018709695381,21.98,97.17698386081787,155.0,654.208353593482,654.208353593482,0.0,-1983.368011408487,-1983.368011408487,6.885855426298148,-603.4823292133041,85.35303554573703,94.95991,334.52249290125087,-143.9143504350163,100.73089013936061,97.34841,348.43168356079974
-58.47879707413234,21.98,133.86837388363932,155.0,654.208353593482,654.208353593482,0.0,-2034.286190803528,-2034.286190803528,6.885855426298148,-603.4823292133042,85.35303554573703,94.95991,334.52249290125087,-143.91435043501625,100.73089013936065,97.34841,348.43168356079974
-58.26184367874172,21.98,134.08532727902997,155.0,654.208353593482,654.208353593482,0.0,-2034.587266121197,-2034.587266121197,6.885855426298148,-603.4823292133041,85.35303554573703,94.95991,334.52249290125087,-143.9143504350163,100.73089013936061,97.34841,348.43168356079974
-96.61676134263577,21.98,95.73040961513591,155.0,654.208353593482,654.208353593482,0.0,-1981.3605397127005,-1981.3605397127005,6.885855426298148,-603.4823292133041,104.5572579,94.95991,334.52249290125087,75.68131,320.3265505743769,97.34841,348.43168356079974
-58.47879707413234,21.98,133.86837388363932,155.0,654.208353593482,426.2817298835718,0.0,-2034.2861908035288,-2034.2861908035288,6.885855426298148,-603.4823292133043,-127.44921333670356,94.95991,334.52249290125087,-115.66822523768502,128.9770153366919,97.34841,348.43168356079974
-58.26184367874172,21.98,134.08532727902997,155.0,654.208353593482,426.3591393208983,0.0,-2034.587266121197,-2034.587266121197,6.885855426298148,-603.4823292133041,-127.39930074573945,94.95991,334.52249290125087,-115.61623295543073,129.02900761894617,97.34841,348.43168356079974
-96.3686718095317,21.98,95.97849914823998,155.0,654.208353593482,585.7990807994901,5.969856102160945,-1972.7661176464012,-1972.7661176464012,6.8261568652765385,-603.4823292133042,104.67665502204322,94.95991,334.52249290125087,75.68131,320.3265505743769,97.34841,348.43168356079974
-58.77414067288732,21.98,133.57303028488437,155.0,654.208353593482,585.7990807994901,5.969856102160945,-2024.9376238089492,-2024.9376238089492,6.8261568652765385,-603.4823292133042,104.67665502204322,94.95991,334.52249290125087,-144.71092550551788,99.93431506885904,97.34841,348.43168356079974
-58.64639624547139,21.98,133.70077471230027,155.0,323.111521877463,654.208353593482,6.1292736893935835,-2016.0795950137335,-2016.0795950137335,7.00844090008602,-603.4823292133041,85.4131024278931,94.95991,334.52249290125087,-323.6276136158399,-78.98237304146298,97.34841,348.43168356079974
-63.489209972204414,21.98,128.85796098556725,155.0,654.208353593482,710.0633568357297,83.31750054308664,-1783.0055982613128,-1783.0055982613128,8.552205437159877,-603.4823292133041,106.22360791086173,94.95991,334.52249290125087,-155.03164417432578,89.61359640005112,97.34841,348.43168356079974
-95.38862542331574,21.98,96.95854553445592,155.0,654.208353593482,714.8202727231203,14.92077098258103,-1939.309918231487,-1939.309918231487,7.184270845949769,-603.4823292133041,85.49925910136632,94.95991,334.52249290125087,-145.9052718230689,98.73996875130803,97.34841,348.43168356079974
-95.7580860002236,21.98,96.58908495754807,155.0,220.07439100944737,784.9918163581208,10.432150001454797,-1951.9600220411585,-1951.9600220411585,7.094498426327244,-603.4823292133042,104.7659009000291,94.95991,334.52249290125087,75.68131,320.3265505743769,97.34841,348.43168356079974
-58.916360064020836,21.98,133.43081089375085,155.0,654.208353593482,784.9918163581208,10.432150001454797,-2003.0868288826452,-2003.0868288826452,7.094498426327244,-603.4823292133041,104.7659009000291,94.95991,334.52249290125087,-145.30634221516738,99.33889835920952,97.34841,348.43168356079974
-95.10700792557604,21.98,97.24016303219564,155.0,221.86634668351908,654.208353593482,10.432150001454797,-1952.8635503671344,-1952.8635503671344,7.094498426327244,-603.4823292133041,85.45527061575127,94.95991,334.52249290125087,-158.21204133054127,86.43319924383563,97.34841,348.43168356079974
-58.916360064020836,21.98,133.43081089375085,155.0,86.55,654.208353593482,10.432150001454797,-2003.0868288826462,-2003.0868288826462,7.094498426327244,-603.4823292133042,104.27133680002908,94.95991,334.52249290125087,-452.01866291399114,-207.37342233961422,97.34841,348.43168356079974
-95.7580860002236,21.98,96.58908495754807,155.0,86.55,654.208353593482,10.432150001454797,-1951.9600220411578,-1951.9600220411578,7.094498426327244,-603.4823292133041,104.7659009000291,94.95991,334.52249290125087,-452.0186629139912,-207.37342233961425,97.34841,348.43168356079974
-95.10700792557606,21.98,97.24016303219562,155.0,592.96806086171,654.208353593482,10.432150001454797,-1952.863550367136,-1952.863550367136,7.094498426327244,-603.4823292133043,104.7659009000291,94.95991,334.52249290125087,-178.39517493494145,66.25006563943545,97.34841,348.43168356079974
-59.56743813866841,21.98,132.7797328191033,155.0,654.208353593482,654.208353593482,10.432150001454797,-2002.1833005566698,-2002.1833005566698,7.094498426327244,-603.4823292133043,56.55513213151709,94.95991,334.52249290125087,75.68131,320.3265505743769,97.34841,348.43168356079974
-95.75808600022363,21.98,96.58908495754805,155.0,220.07439100944728,654.208353593482,10.432150001454797,-1951.9600220411594,-1951.9600220411594,7.094498426327244,-603.4823292133043,104.7659009000291,94.95991,334.52249290125087,-379.8739026419826,-135.22866206760574,97.34841,348.43168356079974
-58.916360064020836,21.98,133.43081089375085,155.0,86.55,424.99104935569477,10.432150001454799,-2003.0868288826462,-2003.0868288826462,7.094498426327244,-603.4823292133042,-127.35787690797015,94.95991,334.52249290125087,-452.01866291399114,-207.37342233961422,97.34841,348.43168356079974
-95.7580860002236,21.98,96.58908495754807,155.0,654.208353593482,411.8458424336572,10.432150001454797,-1951.9600220411585,-1951.9600220411585,7.094498426327244,-603.4823292133042,-135.83373410188182,94.95991,334.52249290125087,-145.30634221516732,99.33889835920958,97.34841,348.43168356079974
-96.26102686674321,21.98,96.08614409102847,155.0,654.208353593482,585.7990807994901,5.969856102160945,-1972.9155010440993,-1972.9155010440993,6.8261568652765385,-603.4823292133042,104.67665502204322,94.95991,334.52249290125087,-144.71092550551788,99.93431506885904,97.34841,348.43168356079974
-58.77414067288732,21.98,133.57303028488437,155.0,86.55,585.7990807994901,5.969856102160945,-2024.9376238089492,-2024.9376238089492,6.8261568652765385,-603.4823292133042,85.41333109236885,94.95991,334.52249290125087,-451.4232462043417,-206.77800562996475,97.34841,348.43168356079974
-58.26184367874172,21.98,134.08532727902997,155.0,654.208353593482,654.208353593482,0.0,-2034.587266121197,-2034.587266121197,6.885855426298148,-603.4823292133041,85.35303554573703,94.95991,334.52249290125087,-143.9143504350163,100.73089013936061,97.34841,348.43168356079974
-96.61676134263577,21.98,95.73040961513591,155.0,654.208353593482,576.2080990451315,0.0,-1981.3605397127005,-1981.3605397127005,6.885855426298148,-603.4823292133041,104.5572579,94.95991,334.52249290125087,-143.9143504350163,100.73089013936061,97.34841,348.43168356079974
-58.26184367874175,21.98,134.08532727902994,155.0,654.208353593482,654.208353593482,0.0,-2034.5872661211986,-2034.5872661211986,6.885855426298148,-603.4823292133043,104.5572579,94.95991,334.52249290125087,-143.9143504350162,100.73089013936071,97.34841,348.43168356079974
-58.26184367874172,21.98,134.08532727902997,155.0,86.55,654.208353593482,0.0,-2034.587266121197,-2034.587266121197,6.885855426298148,-603.4823292133041,85.35303554573703,94.95991,334.52249290125087,-450.6266711338401,-205.98143055946318,97.34841,348.43168356079974
-58.26184367874172,21.98,134.08532727902997,155.0,86.55,576.2080990451315,0.0,-2034.587266121197,-2034.587266121197,6.885855426298148,-603.4823292133041,104.5572579,94.95991,334.52249290125087,-450.6266711338401,-205.98143055946318,97.34841,348.43168356079974
-58.261843678741734,21.98,134.08532727902994,155.0,654.208353593482,654.208353593482,0.0,-2034.5872661211977,-2034.5872661211977,6.885855426298148,-603.4823292133042,85.35303554573703,94.95991,334.52249290125087,-143.91435043501625,100.73089013936065,97.34841,348.43168356079974
-96.61676134263577,21.98,95.73040961513591,155.0,86.55,654.208353593482,0.0,-1981.3605397127005,-1981.3605397127005,6.885855426298148,-603.4823292133041,104.5572579,94.95991,334.52249290125087,-450.6266711338401,-205.98143055946318,97.34841,348.43168356079974
-96.61676134263577,21.98,95.73040961513591,155.0,654.208353593482,654.208353593482,0.0,1126.1946972297515,1126.1946972297515,6.885855426298148,-603.4823292133041,85.35303554573703,94.95991,334.52249290125087,-143.9143504350163,100.73089013936061,97.34841,348.43168356079974
-95.96568326798821,21.98,96.38148768978346,155.0,86.55,654.208353593482,0.0,-1982.2640680386783,-1982.2640680386783,6.885855426298148,-603.4823292133042,104.5572579,94.95991,334.52249290125087,-450.62667113384003,-205.98143055946315,97.34841,348.43168356079974
-58.6463962454714,21.98,133.70077471230027,155.0,86.55,654.208353593482,6.129273689393583,-2016.079595013735,-2016.079595013735,7.008440900086018,-603.4823292133042,85.4131024278931,94.95991,334.52249290125087,-451.4445177515308,-206.79927717715387,97.34841,348.43168356079974
-59.840840267849416,21.98,132.50633068992227,155.0,654.208353593482,684.504353407945,25.16717631497081,-1958.5936255130064,-1958.5936255130064,7.389198952597564,-603.4823292133042,85.59967387362374,94.95991,334.52249290125087,-147.27247915777875,97.37276141659817,97.34841,348.43168356079974
-95.01540275760667,21.98,97.33176820016502,155.0,654.208353593482,411.1295352231781,19.455098032991295,-1926.5310028060424,-1926.5310028060424,7.274957386957973,-603.4823292133041,-135.49680486450302,94.95991,334.52249290125087,-146.51030012325708,98.13494045111983,97.34841,348.43168356079974
-59.48246267271982,21.98,132.86470828505185,155.0,654.208353593482,423.80776454319,19.455098032991295,-1975.841552680281,-1975.841552680281,7.274957386957973,-603.4823292133041,-127.32204871000452,94.95991,334.52249290125087,-146.51030012325708,98.13494045111983,97.34841,348.43168356079974
-59.956011008765074,21.98,132.3911599490066,155.0,315.16537840701636,654.208353593482,27.00284990853318,-1953.0507105035013,-1953.0507105035013,7.42591242446881,-603.4823292133043,85.61766347484065,94.95991,334.52249290125087,-330.70622740465313,-86.06098683027625,97.34841,348.43168356079974
-59.95601100876506,21.98,132.3911599490066,155.0,654.208353593482,782.4636297679068,27.00284990853318,-1953.0507105035006,-1953.0507105035006,7.42591242446881,-603.4823292133042,104.60275079817066,94.95991,334.52249290125087,-147.5174183652214,97.1278222091555,97.34841,348.43168356079974
-59.95601100876506,21.98,132.3911599490066,155.0,86.55,422.8179394736371,27.00284990853318,-1953.0507105035006,-1953.0507105035006,7.4259124244688115,-603.4823292133042,-127.29207820064913,94.95991,334.52249290125087,-454.2297390640452,-209.5844984896683,97.34841,348.43168356079974
14.058029999999999,21.98,206.40520095777168,155.0,654.2083535934819,759.843172627088,146.42962497854435,3458.9123351019075,3458.9123351019075,117.76870702223708,-603.4823292133041,100.59013817085348,94.95991,334.52249290125087,-163.4528764639092,81.19236411046766,97.34841,348.4316835607997
14.058029999999999,21.98,206.40520095777168,155.0,654.2083535934819,769.7707132599157,146.42962497854435,3458.9123351019066,3458.9123351019066,117.76870702223708,-603.4823292133042,106.99128629957087,94.95991,334.52249290125087,-163.45287646390915,81.19236411046774,97.34841,348.4316835607997
14.058029999999999,21.98,206.40520095777168,155.0,654.2083535934819,762.851914219951,218.7449606200886,3670.976069381119,3670.976069381119,119.21501373506798,-603.4823292133041,108.93215711240175,94.95991,334.52249290125087,-173.10211969544432,71.54312087893258,97.34841,348.4316835607997
14.058029999999999,21.98,206.40520095777168,155.0,654.2083535934819,762.851914219951,218.7449606200886,3670.976069381119,3670.976069381119,119.21501373506798,-603.4823292133041,108.93215711240175,94.95991,334.52249290125087,-173.10211969544432,71.54312087893258,97.34841,348.4316835607997
14.058029999999999,21.98,206.40520095777168,155.0,654.2083535934819,752.8144018602989,313.1872213947453,3947.9267094627644,3947.9267094627644,121.1038589505611,-603.4823292133042,110.82100232789489,94.95991,334.52249290125087,75.68131,320.3265505743769,97.34841,348.4316835607997
14.058029999999999,21.98,206.40520095777168,155.0,654.2083535934819,759.8431726270877,146.42962497854435,3458.9123351019066,3458.9123351019066,117.76870702223708,-603.4823292133042,100.59013817085344,94.95991,334.52249290125087,-163.45287646390915,81.19236411046774,97.34841,348.4316835607997
14.058029999999999,21.98,206.40520095777168,155.0,654.2083535934819,736.16345315391,99.56336809478577,3178.5863703141213,3178.5863703141213,113.84448084171834,-603.4823292133041,85.27908297253067,94.95991,334.52249290125087,-157.19937700890296,87.44586356547393,97.34841,348.4316835607997
14.058029999999999,21.98,206.40520095777168,155.0,654.2083535934819,736.1634531539098,99.56336809478577,3178.5863703141204,3178.5863703141204,113.84448084171834,-603.4823292133042,85.27908297253067,94.95991,334.52249290125087,-157.19937700890287,87.445863565474,97.34841,348.4316835607997
14.058029999999999,21.98,206.40520095777168,155.0,654.2083535934819,701.3179077059403,77.87394177186061,3146.1106441744546,3146.1106441744546,114.0613751049476,-603.4823292133042,105.6201726354372,94.95991,334.52249290125087,75.68131,320.3265505743769,97.34841,348.4316835607997
14.058029999999999,21.98,206.40520095777168,155.0,592.9680608617099,705.1658366916926,10.432150001454797,2434.646916261084,2434.646916261084,101.97468546031892,-603.4823292133042,104.27133680002909,94.95991,334.52249290125087,-178.39517493494148,66.25006563943539,97.34841,348.4316835607997
14.058029999999999,21.98,206.40520095777168,155.0,592.9680608617099,705.1658366916926,10.432150001454797,3045.129588830028,3045.129588830028,114.73579302265165,-603.4823292133042,104.27133680002909,94.95991,334.52249290125087,-178.39517493494148,66.25006563943539,97.34841,348.4316835607997
14.058029999999999,21.98,206.40520095777168,155.0,86.55,635.0823534762335,36.64596973255192,3084.3797201145935,3084.3797201145935,114.47365482534069,-603.4823292133042,104.79561319465104,94.95991,334.52249290125087,-455.516448278174,-210.87120770379713,97.34841,348.4316835607997
14.058029999999999,21.98,206.40520095777168,155.0,592.96806086171,705.1658366916927,10.432150001454797,2434.646916261083,2434.646916261083,101.9746854603189,-603.4823292133041,104.27133680002909,94.95991,334.52249290125087,-178.39517493494148,66.2500656394354,97.34841,348.4316835607997
14.058029999999999,21.98,206.40520095777168,155.0,654.2083535934819,701.3179077059405,77.87394177186061,3146.110644174455,3146.110644174455,114.0613751049476,-603.4823292133041,105.6201726354372,94.95991,334.52249290125087,-154.30529447045265,90.33994610392422,97.34841,348.4316835607997
14.058029999999999,21.98,206.40520095777168,155.0,654.2083535934819,701.3179077059405,77.87394177186061,2895.6068964714445,2895.6068964714445,108.8250180176061,-603.4823292133041,85.11238333754255,94.95991,334.52249290125087,-154.30529447045265,90.33994610392422,97.34841,348.4316835607997
14.058029999999999,21.98,206.40520095777168,155.0,654.2083535934819,736.16345315391,99.56336809478577,3178.5863703141213,3178.5863703141213,113.84448084171834,-603.4823292133041,85.27908297253067,94.95991,334.52249290125087,-157.19937700890296,87.44586356547393,97.34841,348.4316835607997
14.058029999999999,21.98,206.40520095777168,155.0,654.2083535934819,736.16345315391,99.56336809478577,3178.5863703141213,3178.5863703141213,113.84448084171834,-603.4823292133041,85.27908297253067,94.95991,334.52249290125087,-157.19937700890296,87.44586356547393,97.34841,348.4316835607997
14.058029999999999,21.98,206.40520095777168,155.0,654.2083535934819,740.4348620757655,102.22208409175605,3329.2743251198654,3329.2743251198654,116.88455620450131,-603.4823292133041,92.27414393088591,94.95991,334.52249290125087,-157.55413713150688,87.09110344287,97.34841,348.4316835607997
8.223119385169934,21.98,200.5702903429416,155.0,654.2083535934819,758.0734006584133,263.7056647989504,3810.9200703899214,3810.9200703899214,120.11422781864522,-603.4823292133041,109.83137119597899,94.95991,334.52249290125087,-179.10135577219282,65.54388480218405,97.34841,348.4316835607997
8.223119385141363,21.98,200.570290342913,155.0,654.2083535934819,654.2083535934819,263.7056647989504,3810.9200703899605,3810.9200703899605,120.11422781864522,-603.4823292133042,109.83137119597899,94.95991,334.52249290125087,-179.10135577219276,65.54388480218412,97.34841,348.4316835607997
8.223119385141374,21.98,200.57029034291304,155.0,654.2083535934819,758.0734006584133,263.7056647989504,3810.9200703899614,3810.9200703899614,120.11422781864522,-603.4823292133041,109.83137119597899,94.95991,334.52249290125087,-179.10135577219282,65.54388480218405,97.34841,348.4316835607997
8.223119385141374,21.98,200.57029034291304,155.0,654.2083535934819,757.3063811957235,263.7056647989504,3810.9200703899614,3810.9200703899614,120.11422781864522,-603.4823292133041,109.33680709597901,94.95991,334.52249290125087,-179.10135577219282,65.54388480218405,97.34841,348.4316835607997
13.00219734229689,21.98,205.3493683000686,155.0,654.2083535934819,758.0734006584133,263.7056647989504,3804.2879436535804,3804.2879436535804,120.11422781864522,-603.4823292133041,109.83137119597899,94.95991,334.52249290125087,-179.10135577219282,65.54388480218405,97.34841,348.4316835607997
8.223119385141363,21.98,200.570290342913,155.0,625.1527883042779,654.2083535934819,263.7056647989504,3810.9200703899605,3810.9200703899605,120.11422781864522,-603.4823292133042,109.83137119597899,94.95991,334.52249290125087,-194.80041102726594,49.84482954711096,97.34841,348.4316835607997
8.223119385141363,21.98,200.570290342913,155.0,654.2083535934819,757.3063811957234,263.7056647989504,3810.9200703899605,3810.9200703899605,120.11422781864522,-603.4823292133042,109.33680709597901,94.95991,334.52249290125087,-179.10135577219276,65.54388480218412,97.34841,348.4316835607997
8.223119385141363,21.98,200.570290342913,155.0,654.2083535934819,758.0734006584133,263.7056647989504,3810.9200703899614,3810.9200703899614,120.11422781864522,-603.4823292133041,109.83137119597899,94.95991,334.52249290125087,-179.10135577219282,65.54388480218405,97.34841,348.4316835607997
8.223119385141363,21.98,200.570290342913,155.0,625.152788304278,654.2083535934819,263.7056647989504,3810.9200703899614,3810.9200703899614,120.11422781864522,-603.4823292133041,109.83137119597899,94.95991,334.52249290125087,-194.800411027266,49.84482954711089,97.34841,348.4316835607997
8.223119385141363,21.98,200.570290342913,155.0,654.2083535934819,758.0734006584132,263.7056647989504,3810.9200703899605,3810.9200703899605,120.11422781864522,-603.4823292133042,109.83137119597899,94.95991,334.52249290125087,-179.10135577219276,65.54388480218412,97.34841,348.4316835607997
8.223119385141363,21.98,200.570290342913,155.0,654.2083535934819,757.3063811957234,263.7056647989504,3810.9200703899605,3810.9200703899605,120.11422781864522,-603.4823292133042,109.33680709597901,94.95991,334.52249290125087,-179.10135577219276,65.54388480218412,97.34841,348.4316835607997
14.058029999999999,21.98,206.40520095777168,155.0,654.2083535934819,740.4348620757655,102.22208409175605,3329.2743251198654,3329.2743251198654,116.88455620450131,-603.4823292133041,92.27414393088591,94.95991,334.52249290125087,-157.55413713150688,87.09110344287,97.34841,348.4316835607997
-32.37068533617195,21.98,159.97648562159972,155.0,649.7225103268897,649.7225103268897,45.75865829248598,193.52976344574515,193.52976344574515,52.32216222699758,-603.4823292133041,104.97786696584973,94.95991,334.52249290125087,-152.44381240339155,92.20142817098532,97.34841,348.4316835607997
-32.37068533617195,21.98,159.97648562159972,155.0,649.7225103268897,654.2083535934819,45.75865829248598,193.52976344574515,193.52976344574515,52.32216222699758,-603.4823292133041,104.97786696584973,94.95991,334.52249290125087,-152.44381240339155,92.20142817098532,97.34841,348.4316835607997
-33.857836261772576,21.98,158.48933469599908,155.0,592.2302122240519,685.3337568235656,9.97288000128054,142.01125490173843,142.01125490173843,52.680020009909626,-603.4823292133041,104.26215140002562,94.95991,334.52249290125087,-178.7325613014681,65.91267927290878,97.34841,348.4316835607997
-33.8578362617726,21.98,158.48933469599908,155.0,592.2302122240517,706.6745072436752,9.97288000128054,142.01125490173774,142.01125490173774,52.680020009909626,-603.4823292133042,104.26215140002562,94.95991,334.52249290125087,-178.73256130146814,65.91267927290875,97.34841,348.4316835607997
-33.857836261772576,21.98,158.48933469599908,155.0,592.2302122240519,685.3337568235656,9.97288000128054,142.01125490173843,142.01125490173843,52.680020009909626,-603.4823292133041,104.26215140002562,94.95991,334.52249290125087,-178.7325613014681,65.91267927290878,97.34841,348.4316835607997
-33.857836261772576,21.98,158.48933469599908,155.0,592.2302122240519,784.2736090295894,9.97288000128054,142.01125490173843,142.01125490173843,52.680020009909626,-603.4823292133041,104.26215140002562,94.95991,334.52249290125087,75.68131,320.3265505743769,97.34841,348.4316835607997
-33.857836261772576,21.98,158.48933469599908,155.0,592.2302122240517,685.3337568235655,9.97288000128054,142.01125490173771,142.01125490173771,52.680020009909626,-603.4823292133042,104.26215140002562,94.95991,334.52249290125087,75.68131,320.3265505743769,97.34841,348.4316835607997
-33.857836261772576,21.98,158.48933469599908,155.0,592.2302122240519,784.2736090295894,9.97288000128054,142.01125490173843,142.01125490173843,52.680020009909626,-603.4823292133041,104.26215140002562,94.95991,334.52249290125087,-178.7325613014681,65.91267927290878,97.34841,348.4316835607997
-33.857836261772576,21.98,158.48933469599908,155.0,592.2302122240519,706.6745072436753,9.97288000128054,142.01125490173843,142.01125490173843,52.680020009909626,-603.4823292133041,104.26215140002562,94.95991,334.52249290125087,-178.7325613014681,65.91267927290878,97.34841,348.4316835607997
-33.857836261772576,21.98,158.48933469599908,155.0,592.2302122240519,754.3919089485859,9.97288000128054,142.01125490173843,142.01125490173843,52.680020009909626,-603.4823292133041,84.99482269991371,94.95991,334.52249290125087,-178.7325613014681,65.91267927290878,97.34841,348.4316835607997
-33.857836261772576,21.98,158.48933469599908,155.0,574.4261970341488,754.3919089485858,9.97288000128054,142.01125490173771,142.01125490173771,52.680020009909626,-603.4823292133042,84.99482269991371,94.95991,334.52249290125087,-188.35227495860704,56.29296561576983,97.34841,348.4316835607997
-30.40528468445674,21.98,161.94188627331494,155.0,651.6856213085972,685.3617818127157,46.98058638843295,260.0574711304051,260.0574711304051,53.7193605376911,-603.4823292133041,105.49686962776865,94.95991,334.52249290125087,-151.5461663993155,93.09907417506139,97.34841,348.4316835607997
-30.40528468445674,21.98,161.94188627331494,155.0,651.6856213085972,651.6856213085972,46.98058638843295,260.0574711304051,260.0574711304051,53.7193605376911,-603.4823292133041,105.49686962776865,94.95991,334.52249290125087,-151.5461663993155,93.09907417506139,97.34841,348.4316835607997
-30.40528468445675,21.98,161.94188627331494,155.0,651.685621308597,651.685621308597,46.98058638843295,260.05747113040434,260.05747113040434,53.7193605376911,-603.4823292133042,105.49686962776865,94.95991,334.52249290125087,-151.54616639931552,93.09907417506136,97.34841,348.4316835607997
-30.405284684456767,21.98,161.9418862733149,155.0,654.2083535934819,654.2083535934819,46.98058638843295,260.0574711304044,260.0574711304044,53.7193605376911,-603.4823292133042,105.00230552776866,94.95991,334.52249290125087,75.68131,320.3265505743769,97.34841,348.4316835607997
-30.40528468445674,21.98,161.94188627331494,155.0,654.2083535934819,651.6856213085972,46.98058638843295,260.0574711304051,260.0574711304051,53.7193605376911,-603.4823292133041,105.49686962776865,94.95991,334.52249290125087,75.68131,320.3265505743769,97.34841,348.4316835607997
-30.40528468445674,21.98,161.94188627331494,155.0,86.55,749.8685842477427,46.98058638843295,260.0574711304051,260.0574711304051,53.7193605376911,-603.4823292133041,85.35450635850742,94.95991,334.52249290125087,-456.89542590349504,-212.25018532911818,97.34841,348.4316835607997
-30.40528468445675,21.98,161.94188627331494,155.0,651.6856213085972,471.1986864286956,46.98058638843295,260.0574711304051,260.0574711304051,53.7193605376911,-603.4823292133041,105.49686962776865,94.95991,334.52249290125087,75.68131,320.3265505743769,97.34841,348.4316835607997
-30.40528468445675,21.98,161.94188627331494,155.0,651.685621308597,780.3403559793499,46.98058638843295,260.05747113040434,260.05747113040434,53.7193605376911,-603.4823292133042,105.00230552776866,94.95991,334.52249290125087,-151.54616639931552,93.09907417506136,97.34841,348.4316835607997
-30.40528468445674,21.98,161.94188627331494,155.0,651.6856213085972,780.34035597935,46.98058638843295,260.0574711304051,260.0574711304051,53.7193605376911,-603.4823292133041,105.00230552776866,94.95991,334.52249290125087,-151.5461663993155,93.09907417506139,97.34841,348.4316835607997
-30.40528468445674,21.98,161.94188627331494,155.0,651.6856213085972,651.6856213085972,46.98058638843295,260.0574711304051,260.0574711304051,53.7193605376911,-603.4823292133041,105.49686962776865,94.95991,334.52249290125087,-151.5461663993155,93.09907417506139,97.34841,348.4316835607997
-30.405284684456767,21.98,161.9418862733149,155.0,651.685621308597,651.6856213085972,46.98058638843295,1160.743333470375,1160.743333470375,53.7193605376911,-603.4823292133042,105.00230552776866,94.95991,334.52249290125087,-151.54616639931552,93.09907417506136,97.34841,348.4316835607997
-30.40528468445674,21.98,161.94188627331494,155.0,651.6856213085972,651.6856213085972,46.98058638843295,260.0574711304051,260.0574711304051,53.7193605376911,-603.4823292133041,105.49686962776865,94.95991,334.52249290125087,-151.5461663993155,93.09907417506139,97.34841,348.4316835607997
-30.40528468445675,21.98,161.94188627331494,155.0,651.6856213085972,437.6551281816654,46.98058638843295,260.0574711304051,260.0574711304051,53.7193605376911,-603.4823292133041,-115.95663947041604,94.95991,334.52249290125087,-151.5461663993155,93.09907417506139,97.34841,348.4316835607997
-32.37068533617195,21.98,159.97648562159972,155.0,649.7225103268897,654.2083535934819,45.75865829248598,193.52976344574515,193.52976344574515,52.32216222699758,-603.4823292133041,105.4724310658497,94.95991,334.52249290125087,-152.44381240339155,92.20142817098532,97.34841,348.4316835607997
-34.27227960862731,21.98,158.07489134914437,155.0,576.2080990451311,785.3335466618853,0.0,127.6539339745977,127.6539339745977,52.77974880992244,-603.4823292133042,104.06269379999999,94.95991,334.52249290125087,-186.05878279680292,58.586457777573955,97.34841,348.4316835607997
-34.272279608627294,21.98,158.07489134914437,155.0,576.2080990451311,730.290938729676,0.0,127.65393397459769,127.65393397459769,52.77974880992244,-603.4823292133042,104.55725789999998,94.95991,334.52249290125087,-186.05878279680292,58.586457777573955,97.34841,348.4316835607997
-34.272279608627294,21.98,158.07489134914437,155.0,576.2080990451311,654.2083535934819,0.0,127.65393397459769,127.65393397459769,52.77974880992244,-603.4823292133042,104.06269379999999,94.95991,334.52249290125087,29.029158915232216,273.6743994896091,97.34841,348.4316835607997
-34.272279608627294,21.98,158.07489134914437,155.0,576.2080990451312,576.2080990451312,0.0,1152.017009744041,1152.017009744041,52.77974880992244,-603.4823292133041,104.55725789999998,94.95991,334.52249290125087,-186.0587827968029,58.586457777573976,97.34841,348.4316835607997
-34.272279608627294,21.98,158.07489134914437,155.0,576.2080990451312,576.2080990451312,0.0,127.65393397459842,127.65393397459842,52.77974880992244,-603.4823292133041,104.06269379999999,94.95991,334.52249290125087,75.68131,320.3265505743769,97.34841,348.4316835607997
-34.272279608627294,21.98,158.07489134914437,155.0,576.2080990451311,730.290938729676,0.0,127.65393397459769,127.65393397459769,52.77974880992244,-603.4823292133042,104.06269379999999,94.95991,334.52249290125087,-186.05878279680292,58.586457777573955,97.34841,348.4316835607997
-34.272279608627294,21.98,158.07489134914437,155.0,576.2080990451311,686.4643404068416,0.0,127.65393397459769,127.65393397459769,52.77974880992244,-603.4823292133042,104.06269379999999,94.95991,334.52249290125087,-135.4252369355141,109.22000363886276,97.34841,348.4316835607997
-34.272279608627294,21.98,158.07489134914437,155.0,576.2080990451312,785.3335466618854,0.0,127.65393397459842,127.65393397459842,52.77974880992244,-603.4823292133041,104.06269379999999,94.95991,334.52249290125087,75.68131,320.3265505743769,97.34841,348.4316835607997
-34.27227960862731,21.98,158.07489134914437,155.0,576.2080990451311,730.290938729676,0.0,127.6539339745977,127.6539339745977,52.77974880992244,-603.4823292133042,104.55725789999998,94.95991,334.52249290125087,-186.05878279680292,58.586457777573955,97.34841,348.4316835607997
-32.97169186638886,21.98,159.3754790913828,155.0,626.4879844948676,626.4879844948676,31.296450004364388,172.70944216633018,172.70944216633018,52.4667843098788,-603.4823292133042,104.68862280008727,94.95991,334.52249290125087,-163.06795921121852,81.57728136315835,97.34841,348.4316835607997
-30.40528468445674,21.98,161.94188627331494,155.0,651.6856213085972,651.6856213085972,46.98058638843295,260.0574711304051,260.0574711304051,53.7193605376911,-603.4823292133041,105.49686962776865,94.95991,334.52249290125087,-151.5461663993155,93.09907417506139,97.34841,348.4316835607997
-27.862437571596438,21.98,164.48473338617524,155.0,654.2083535934819,701.3179077059405,77.87394177186061,1166.4815636797546,1166.4815636797546,54.337227645359654,-603.4823292133041,105.6201726354372,94.95991,334.52249290125087,-154.30529447045265,90.33994610392422,97.34841,348.4316835607997
-27.862437571596438,21.98,164.48473338617524,155.0,654.2083535934819,777.0569483824884,77.87394177186061,347.12299844328425,347.12299844328425,54.337227645359654,-603.4823292133041,105.6201726354372,94.95991,334.52249290125087,-154.30529447045265,90.33994610392422,97.34841,348.4316835607997
-27.862437571596438,21.98,164.48473338617524,155.0,573.6203624591286,86.4192,77.87394177186061,347.12299844328425,347.12299844328425,54.337227645359654,-603.4823292133041,105.6201726354372,94.95991,334.52249290125087,-197.84791059651548,46.79732997786141,97.34841,348.4316835607997
-27.862437571596438,21.98,164.48473338617524,155.0,654.2083535934819,701.3179077059405,77.87394177186061,347.12299844328425,347.12299844328425,54.337227645359654,-603.4823292133041,85.65726124126502,94.95991,334.52249290125087,-154.30529447045265,90.33994610392422,97.34841,348.4316835607997
-27.862437571596438,21.98,164.48473338617524,155.0,654.2083535934819,701.3179077059405,77.87394177186061,347.12299844328425,347.12299844328425,54.337227645359654,-603.4823292133041,85.65726124126502,94.95991,334.52249290125087,-154.30529447045265,90.33994610392422,97.34841,348.4316835607997
-27.862437571596438,21.98,164.48473338617524,155.0,654.2083535934819,701.3179077059405,77.87394177186061,347.12299844328425,347.12299844328425,54.337227645359654,-603.4823292133041,105.6201726354372,94.95991,334.52249290125087,-154.30529447045265,90.33994610392422,97.34841,348.4316835607997
-27.862437571596438,21.98,164.48473338617524,155.0,654.2083535934819,777.0569483824884,77.87394177186061,347.12299844328425,347.12299844328425,54.337227645359654,-603.4823292133041,105.6201726354372,94.95991,334.52249290125087,-154.30529447045265,90.33994610392422,97.34841,348.4316835607997
-27.862437571596438,21.98,164.48473338617524,155.0,573.6203624591286,701.3179077059405,77.87394177186061,347.12299844328425,347.12299844328425,54.337227645359654,-603.4823292133041,105.6201726354372,94.95991,334.52249290125087,-197.84791059651548,46.79732997786141,97.34841,348.4316835607997
-27.862437571596438,21.98,164.48473338617524,155.0,654.2083535934819,442.0408587948158,77.87394177186061,347.12299844328356,347.12299844328356,54.337227645359654,-603.4823292133042,-110.39381252651556,94.95991,334.52249290125087,-99.34717315287938,145.2980674214975,97.34841,348.4316835607997
-27.862437571596438,21.98,164.48473338617524,155.0,654.2083535934819,777.0569483824884,77.87394177186061,347.12299844328425,347.12299844328425,54.337227645359654,-603.4823292133041,105.6201726354372,94.95991,334.52249290125087,-154.30529447045265,90.33994610392422,97.34841,348.4316835607997
-27.862437571596438,21.98,164.48473338617524,155.0,654.2083535934819,701.3179077059405,77.87394177186061,347.12299844328425,347.12299844328425,54.337227645359654,-603.4823292133041,105.6201726354372,94.95991,334.52249290125087,-154.30529447045265,90.33994610392422,97.34841,348.4316835607997
-30.40528468445675,21.98,161.94188627331494,155.0,651.6856213085972,651.6856213085972,46.98058638843295,260.0574711304051,260.0574711304051,53.7193605376911,-603.4823292133041,105.00230552776866,94.95991,334.52249290125087,-151.5461663993155,93.09907417506139,97.34841,348.4316835607997
-32.37068533617195,21.98,159.97648562159972,155.0,649.7225103268897,649.7225103268897,45.75865829248598,193.52976344574515,193.52976344574515,52.32216222699758,-603.4823292133041,104.97786696584973,94.95991,334.52249290125087,-152.44381240339155,92.20142817098532,97.34841,348.4316835607997
-33.8578362617726,21.98,158.48933469599908,155.0,592.2302122240517,654.2083535934819,9.97288000128054,142.01125490173774,142.01125490173774,52.680020009909626,-603.4823292133042,104.26215140002562,94.95991,334.52249290125087,-178.73256130146814,65.91267927290875,97.34841,348.4316835607997
-33.857836261772576,21.98,158.48933469599908,155.0,283.47418784555725,654.2083535934819,9.97288000128054,142.01125490173843,142.01125490173843,52.680020009909626,-603.4823292133041,104.26215140002562,94.95991,334.52249290125087,-345.55698336341806,-100.91174278904118,97.34841,348.4316835607997
-33.857836261772576,21.98,158.48933469599908,155.0,592.2302122240519,654.2083535934819,9.97288000128054,142.01125490173843,142.01125490173843,52.680020009909626,-603.4823292133041,104.26215140002562,94.95991,334.52249290125087,-178.7325613014681,65.91267927290878,97.34841,348.4316835607997
-33.857836261772576,21.98,158.48933469599908,155.0,592.2302122240517,654.2083535934819,9.97288000128054,142.01125490173771,142.01125490173771,52.680020009909626,-603.4823292133042,104.26215140002562,94.95991,334.52249290125087,-178.73256130146814,65.91267927290875,97.34841,348.4316835607997
-33.857836261772576,21.98,158.48933469599908,155.0,592.2302122240517,539.498359770232,9.97288000128054,142.01125490173771,142.01125490173771,52.680020009909626,-603.4823292133042,104.7567155000256,94.95991,334.52249290125087,-178.73256130146814,65.91267927290875,97.34841,348.4316835607997
-33.857836261772576,21.98,158.48933469599908,155.0,592.2302122240519,706.6745072436753,9.97288000128054,142.01125490173843,142.01125490173843,52.680020009909626,-603.4823292133041,104.26215140002562,94.95991,334.52249290125087,-178.7325613014681,65.91267927290878,97.34841,348.4316835607997
-33.857836261772576,21.98,158.48933469599908,155.0,592.2302122240519,685.3337568235656,9.97288000128054,1153.7010662670402,1153.7010662670402,52.680020009909626,-603.4823292133041,104.26215140002562,94.95991,334.52249290125087,-178.7325613014681,65.91267927290878,97.34841,348.4316835607997
-23.819676712613685,21.98,168.52749424515798,155.0,592.2302122240519,539.498359770232,9.97288000128054,128.0808802715542,128.0808802715542,52.680020009909626,-603.4823292133041,104.7567155000256,94.95991,334.52249290125087,-178.7325613014681,65.91267927290878,97.34841,348.4316835607997
-23.819676712613678,21.98,168.52749424515798,155.0,592.2302122240519,538.731340307542,9.97288000128054,128.0808802715542,128.0808802715542,52.680020009909626,-603.4823292133041,104.26215140002562,94.95991,334.52249290125087,-178.7325613014681,65.91267927290878,97.34841,348.4316835607997
-32.37068533617195,21.98,159.97648562159972,155.0,649.7225103268897,654.2083535934819,45.75865829248598,193.52976344574515,193.52976344574515,52.32216222699758,-603.4823292133041,104.97786696584973,94.95991,334.52249290125087,-152.44381240339155,92.20142817098532,97.34841,348.4316835607997
-72.35284439623798,21.98,119.9943265615337,155.0,654.2083535934819,743.0309642009662,103.83801419264677,3540.776330910846,3540.776330910846,118.73227115160188,-603.4823292133041,106.63401818385292,94.95991,334.52249290125087,-157.76975533268552,86.87548524169138,97.34841,348.4316835607997
14.058029999999999,21.98,206.40520095777168,155.0,654.2083535934819,399.445513231078,484.7327556497467,4537.828967761305,4537.828967761305,126.35016598074388,-603.4823292133041,-101.83983123713789,94.95991,334.52249290125087,-101.6508443614744,142.9943962129025,97.34841,348.4316835607997
14.058029999999999,21.98,206.40520095777168,155.0,654.2083535934819,499.334753634219,484.7327556497467,4537.828967761303,4537.828967761303,126.35016598074385,-603.4823292133042,89.00571999669003,94.95991,334.52249290125087,75.68131,320.3265505743769,97.34841,348.4316835607997
14.058029999999999,21.98,206.40520095777168,155.0,654.2083535934819,734.5821993886088,484.7327556497467,4537.828967761304,4537.828967761304,126.35016598074385,-603.4823292133041,114.25191301299492,94.95991,334.52249290125087,-208.5936362332781,36.051604341098795,97.34841,348.4316835607997
14.058029999999999,21.98,206.40520095777168,155.0,654.2083535934819,654.2083535934819,484.7327556497467,4537.828967761305,4537.828967761305,126.35016598074388,-603.4823292133041,114.25191301299492,94.95991,334.52249290125087,-208.5936362332781,36.051604341098795,97.34841,348.4316835607997
7.6687094150983555,21.98,200.01588037287001,155.0,654.2083535934819,734.5821993886088,484.7327556497467,4546.695695665373,4546.695695665373,126.35016598074385,-603.4823292133041,114.25191301299492,94.95991,334.52249290125087,-208.5936362332781,36.051604341098795,97.34841,348.4316835607997
-4.2479297618043885,21.98,188.09924119596727,155.0,535.1751226511751,733.8151799259189,484.7327556497467,4563.232915187939,4563.232915187939,126.35016598074388,-603.4823292133042,113.75734891299491,94.95991,334.52249290125087,-272.9086564764914,-28.263415902114495,97.34841,348.4316835607997
-4.2479297618043885,21.98,188.09924119596727,155.0,654.2083535934819,733.8151799259189,484.7327556497467,4563.232915187939,4563.232915187939,126.35016598074388,-603.4823292133042,113.75734891299491,94.95991,334.52249290125087,75.68131,320.3265505743769,97.34841,348.4316835607997
14.058029999999999,21.98,206.40520095777168,155.0,654.2083535934819,734.5821993886088,484.7327556497467,4537.828967761304,4537.828967761304,126.35016598074385,-603.4823292133041,114.25191301299492,94.95991,334.52249290125087,-208.5936362332781,36.051604341098795,97.34841,348.4316835607997
-4.247929761804377,21.98,188.0992411959673,155.0,654.2083535934819,612.4774983351629,484.7327556497467,4563.232915187939,4563.232915187939,126.35016598074385,-603.4823292133041,114.25191301299492,94.95991,334.52249290125087,-208.5936362332781,36.051604341098795,97.34841,348.4316835607997
-4.247929761804843,21.98,188.0992411959668,155.0,654.2083535934819,734.5821993886088,484.7327556497467,4563.232915187939,4563.232915187939,126.35016598074385,-603.4823292133042,114.25191301299492,94.95991,334.52249290125087,-208.59363623327803,36.051604341098844,97.34841,348.4316835607997
-9.728019030186063,21.98,182.61915192758562,155.0,654.2083535934819,654.2083535934819,484.7327556497467,4570.837864695025,4570.837864695025,126.35016598074388,-603.4823292133041,89.00571999669003,94.95991,334.52249290125087,75.68131,320.3265505743769,97.34841,348.4316835607997
-72.352844396238,21.98,119.99432656153368,155.0,654.2083535934819,775.0644543001523,103.83801419264677,3540.776330910845,3540.776330910845,118.73227115160186,-603.4823292133041,106.63401818385292,94.95991,334.52249290125087,-157.76975533268552,86.87548524169138,97.34841,348.4316835607997
14.058029999999999,21.98,206.40520095777168,155.0,654.2083535934819,553.5119673375335,101.13726912488033,3267.7903046801334,3267.7903046801334,115.64413817650014,-603.4823292133042,106.5800032824976,94.95991,334.52249290125087,-157.40938715027906,87.23585342409783,97.34841,348.4316835607997
14.058029999999999,21.98,206.40520095777168,155.0,654.2083535934819,746.6902526702654,101.13726912488033,3267.7903046801334,3267.7903046801334,115.64413817650014,-603.4823292133042,88.09960982245542,94.95991,334.52249290125087,-157.40938715027906,87.23585342409783,97.34841,348.4316835607997
14.058029999999999,21.98,206.40520095777168,155.0,592.9680608617099,705.1658366916926,10.432150001454797,3131.97691043629,3131.97691043629,116.55118936773441,-603.4823292133042,104.27133680002909,94.95991,334.52249290125087,75.68131,320.3265505743769,97.34841,348.4316835607997
14.058029999999999,21.98,206.40520095777168,155.0,654.2083535934819,705.1658366916927,10.432150001454797,3131.9769104362904,3131.9769104362904,116.55118936773441,-603.4823292133041,104.27133680002909,94.95991,334.52249290125087,75.68131,320.3265505743769,97.34841,348.4316835607997
14.058029999999999,21.98,206.40520095777168,155.0,592.96806086171,592.96806086171,10.432150001454797,2434.6469162610833,2434.6469162610833,101.9746854603189,-603.4823292133041,104.27133680002909,94.95991,334.52249290125087,-178.39517493494148,66.2500656394354,97.34841,348.4316835607997
14.058029999999999,21.98,206.40520095777168,155.0,654.2083535934819,705.1658366916927,10.432150001454797,2434.6469162610833,2434.6469162610833,101.9746854603189,-603.4823292133041,104.27133680002909,94.95991,334.52249290125087,75.68131,320.3265505743769,97.34841,348.4316835607997
14.058029999999999,21.98,206.40520095777168,155.0,592.96806086171,654.2083535934819,10.432150001454797,2985.124999343369,2985.124999343369,113.48149858469378,-603.4823292133041,104.27133680002909,94.95991,334.52249290125087,-178.39517493494148,66.2500656394354,97.34841,348.4316835607997
14.058029999999999,21.98,206.40520095777168,155.0,592.96806086171,705.1658366916927,10.432150001454797,2434.6469162610833,2434.6469162610833,101.9746854603189,-603.4823292133041,104.27133680002909,94.95991,334.52249290125087,-178.39517493494148,66.2500656394354,97.34841,348.4316835607997
14.058029999999999,21.98,206.40520095777168,155.0,592.96806086171,705.1658366916927,10.432150001454797,3131.9769104362904,3131.9769104362904,116.55118936773441,-603.4823292133041,104.27133680002909,94.95991,334.52249290125087,-178.39517493494148,66.2500656394354,97.34841,348.4316835607997
14.058029999999999,21.98,206.40520095777168,155.0,592.2302122240519,592.2302122240519,9.97288000128054,2431.5078375884373,2431.5078375884373,101.9280355693212,-603.4823292133041,104.26215140002562,94.95991,334.52249290125087,-178.7325613014681,65.91267927290878,97.34841,348.4316835607997
14.058029999999999,21.98,206.40520095777168,155.0,654.2083535934819,701.3179077059403,77.8739417718606,2895.606896471444,2895.606896471444,108.8250180176061,-603.4823292133042,105.6201726354372,94.95991,334.52249290125087,-154.3052944704526,90.33994610392429,97.34841,348.4316835607997
14.058029999999999,21.98,206.40520095777168,155.0,654.2083535934819,467.3120010817795,103.83801419264677,3420.860339680933,3420.860339680933,118.73227115160188,-603.4823292133042,98.49249040377407,94.95991,334.52249290125087,-157.76975533268543,86.87548524169144,97.34841,348.4316835607997
14.058029999999999,21.98,206.40520095777168,155.0,654.2083535934819,774.2974348374623,103.83801419264677,3420.860339680933,3420.860339680933,118.73227115160188,-603.4823292133042,106.13945408385293,94.95991,334.52249290125087,-157.76975533268543,86.87548524169144,97.34841,348.4316835607997
14.058029999999999,21.98,206.40520095777168,155.0,654.2083535934819,774.2974348374623,103.83801419264677,3420.860339680934,3420.860339680934,118.73227115160188,-603.4823292133041,106.13945408385293,94.95991,334.52249290125087,-157.76975533268552,86.87548524169138,97.34841,348.4316835607997
14.058029999999999,21.98,206.40520095777168,155.0,654.2083535934819,743.0309642009662,103.83801419264677,3420.860339680934,3420.860339680934,118.73227115160188,-603.4823292133041,106.13945408385293,94.95991,334.52249290125087,-157.76975533268552,86.87548524169138,97.34841,348.4316835607997
14.058029999999999,21.98,206.40520095777168,155.0,654.2083535934819,502.8917691639349,103.83801419264677,3420.860339680934,3420.860339680934,118.73227115160188,-603.4823292133041,106.63401818385292,94.95991,334.52249290125087,-157.76975533268552,86.87548524169138,97.34841,348.4316835607997
14.058029999999999,21.98,206.40520095777168,155.0,654.2083535934819,743.0309642009661,103.83801419264677,3420.860339680933,3420.860339680933,118.73227115160188,-603.4823292133042,106.13945408385293,94.95991,334.52249290125087,-157.76975533268543,86.87548524169144,97.34841,348.4316835607997
14.058029999999999,21.98,206.40520095777168,155.0,654.2083535934819,743.0309642009662,103.83801419264677,3420.860339680934,3420.860339680934,118.73227115160188,-603.4823292133041,106.13945408385293,94.95991,334.52249290125087,-157.76975533268552,86.87548524169138,97.34841,348.4316835607997
14.058029999999999,21.98,206.40520095777168,155.0,654.2083535934819,743.0309642009661,103.83801419264677,3420.860339680933,3420.860339680933,118.73227115160188,-603.4823292133042,98.49249040377407,94.95991,334.52249290125087,-157.76975533268543,86.87548524169144,97.34841,348.4316835607997
14.058029999999999,21.98,206.40520095777168,155.0,654.2083535934819,743.0309642009662,103.83801419264677,3420.860339680934,3420.860339680934,118.73227115160188,-603.4823292133041,106.13945408385293,94.95991,334.52249290125087,-157.76975533268552,86.87548524169138,97.34841,348.4316835607997
14.058029999999999,21.98,206.40520095777168,155.0,654.2083535934819,743.0309642009662,103.83801419264677,3420.860339680934,3420.860339680934,118.73227115160188,-603.4823292133041,98.49249040377411,94.95991,334.52249290125087,-157.76975533268552,86.87548524169138,97.34841,348.4316835607997
14.058029999999999,21.98,206.40520095777168,155.0,654.2083535934819,743.0309642009661,103.83801419264677,3420.8603396809326,3420.8603396809326,118.73227115160186,-603.4823292133042,98.49249040377401,94.95991,334.52249290125087,-157.76975533268543,86.87548524169144,97.34841,348.4316835607997
14.058029999999999,21.98,206.40520095777168,155.0,654.2083535934819,741.7754708284009,409.83492814855214,4318.192111368441,4318.192111368441,124.85220943071998,-603.4823292133041,112.25939236297104,94.95991,334.52249290125087,-198.59980368502127,46.045436889355614,97.34841,348.4316835607997
14.058029999999999,21.98,206.40520095777168,155.0,654.2083535934819,762.4377588660279,103.83801419264677,3420.8603396809326,3420.8603396809326,118.73227115160186,-603.4823292133042,98.49249040377401,94.95991,334.52249290125087,-157.76975533268543,86.87548524169144,97.34841,348.4316835607997
14.058029999999999,21.98,206.40520095777168,155.0,654.2083535934819,738.692032704988,101.13726912488033,3267.790304680134,3267.790304680134,115.64413817650014,-603.4823292133041,88.09960982245548,94.95991,334.52249290125087,-157.40938715027912,87.23585342409775,97.34841,348.4316835607997
14.058029999999999,21.98,206.40520095777168,155.0,654.2083535934819,745.0704114969809,79.34116942657319,2905.6352959686405,2905.6352959686405,108.97405019940587,-603.4823292133042,85.12556529227169,94.95991,334.52249290125087,-154.50107087653242,90.14416969784445,97.34841,348.4316835607997
14.058029999999999,21.98,206.40520095777168,155.0,592.2302122240519,654.2083535934819,9.97288000128054,2431.5078375884373,2431.5078375884373,101.9280355693212,-603.4823292133041,104.26215140002562,94.95991,334.52249290125087,-178.7325613014681,65.91267927290878,97.34841,348.4316835607997
14.058029999999999,21.98,206.40520095777168,155.0,654.2083535934819,705.1658366916926,10.432150001454797,3131.97691043629,3131.97691043629,116.55118936773441,-603.4823292133042,104.27133680002909,94.95991,334.52249290125087,-145.30634221516738,99.33889835920951,97.34841,348.4316835607997
14.058029999999999,21.98,206.40520095777168,155.0,654.2083535934819,784.2736090295892,9.97288000128054,2533.503825413442,2533.503825413442,104.06008915584503,-603.4823292133042,104.26215140002562,94.95991,334.52249290125087,75.68131,320.3265505743769,97.34841,348.4316835607997
14.058029999999999,21.98,206.40520095777168,155.0,654.2083535934819,701.3179077059405,77.8739417718606,2895.606896471444,2895.606896471444,108.82501801760607,-603.4823292133041,105.6201726354372,94.95991,334.52249290125087,-154.30529447045265,90.33994610392422,97.34841,348.4316835607997
14.058029999999999,21.98,206.40520095777168,155.0,654.2083535934819,703.6751091903691,79.34116942657319,2905.6352959686415,2905.6352959686415,108.97405019940587,-603.4823292133041,105.64951718853146,94.95991,334.52249290125087,-127.77361533832337,116.8716252360535,97.34841,348.4316835607997
14.058029999999999,21.98,206.40520095777168,155.0,654.2083535934819,703.6751091903691,79.34116942657319,2905.6352959686415,2905.6352959686415,108.97405019940587,-603.4823292133041,105.64951718853146,94.95991,334.52249290125087,-154.5010708765325,90.14416969784439,97.34841,348.4316835607997
14.058029999999999,21.98,206.40520095777168,155.0,654.2083535934819,774.5844754247548,101.13726912488033,3267.790304680134,3267.790304680134,115.64413817650014,-603.4823292133041,106.0854391824976,94.95991,334.52249290125087,-157.40938715027912,87.23585342409775,97.34841,348.4316835607997
14.058029999999999,21.98,206.40520095777168,155.0,654.2083535934819,774.5844754247548,101.13726912488033,3267.7903046801334,3267.7903046801334,115.64413817650014,-603.4823292133042,106.0854391824976,94.95991,334.52249290125087,-157.40938715027906,87.23585342409783,97.34841,348.4316835607997
14.058029999999999,21.98,206.40520095777168,155.0,654.2083535934819,738.6920327049879,101.13726912488033,3267.7903046801334,3267.7903046801334,115.64413817650014,-603.4823292133042,106.0854391824976,94.95991,334.52249290125087,-157.40938715027906,87.23585342409783,97.34841,348.4316835607997
14.058029999999999,21.98,206.40520095777168,155.0,654.2083535934819,774.2974348374623,103.83801419264677,3420.860339680933,3420.860339680933,118.73227115160188,-603.4823292133042,106.13945408385293,94.95991,334.52249290125087,-157.76975533268543,86.87548524169144,97.34841,348.4316835607997
3.888688894196618,21.98,196.23585985196829,155.0,654.2083535934819,748.3656190821041,355.0455113986494,4171.635315689974,4171.635315689974,123.75642109572193,-603.4823292133041,111.65816812797298,94.95991,334.52249290125087,-191.28909422009778,53.35614635427911,97.34841,348.4316835607997
3.8886888941966067,21.98,196.23585985196829,155.0,654.2083535934819,748.3656190821041,355.0455113986494,4171.635315689974,4171.635315689974,123.75642109572193,-603.4823292133042,111.65816812797298,94.95991,334.52249290125087,-191.2890942200977,53.356146354279176,97.34841,348.4316835607997
3.888688894196618,21.98,196.23585985196829,155.0,590.2066941653087,748.3656190821041,355.0455113986494,4171.635315689974,4171.635315689974,123.75642109572193,-603.4823292133041,111.65816812797298,94.95991,334.52249290125087,-225.8699250447041,18.775315529672785,97.34841,348.4316835607997
-1.0656013321855322,21.98,191.28156962558612,155.0,654.2083535934819,748.3656190821041,355.0455113986494,4178.51059183419,4178.51059183419,123.75642109572193,-603.4823292133041,111.65816812797298,94.95991,334.52249290125087,-191.28909422009778,53.35614635427911,97.34841,348.4316835607997
-13.98336784274162,21.98,178.36380311503004,155.0,654.2083535934819,748.3656190821041,355.0455113986494,4196.437117707389,4196.437117707389,123.75642109572193,-603.4823292133041,111.65816812797298,94.95991,334.52249290125087,-191.28909422009778,53.35614635427911,97.34841,348.4316835607997
-1.0678328205300476,21.98,191.2793381372416,155.0,654.2083535934819,748.3656190821041,355.0455113986494,4178.51368856407,4178.51368856407,123.75642109572193,-603.4823292133041,111.65816812797298,94.95991,334.52249290125087,-191.28909422009778,53.35614635427911,97.34841,348.4316835607997
3.8886888941963584,21.98,196.23585985196803,155.0,654.2083535934819,481.4510356829409,355.0455113986494,4171.635315689974,4171.635315689974,123.75642109572193,-603.4823292133042,87.73478500302927,94.95991,334.52249290125087,75.68131,320.3265505743769,97.34841,348.4316835607997
3.4187494694912623,21.98,195.76592042726293,155.0,654.2083535934819,747.598599619414,355.0455113986494,4172.287470321267,4172.287470321267,123.75642109572193,-603.4823292133041,111.16360402797298,94.95991,334.52249290125087,-191.28909422009778,53.35614635427911,97.34841,348.4316835607997
3.8886888941966005,21.98,196.23585985196829,155.0,654.2083535934819,748.3656190821041,355.0455113986494,4171.635315689974,4171.635315689974,123.75642109572193,-603.4823292133041,111.65816812797298,94.95991,334.52249290125087,-191.28909422009778,53.35614635427911,97.34841,348.4316835607997
3.8886888941966116,21.98,196.23585985196829,155.0,654.2083535934819,748.3656190821041,355.0455113986494,4171.635315689974,4171.635315689974,123.75642109572193,-603.4823292133041,111.65816812797298,94.95991,334.52249290125087,-191.28909422009778,53.35614635427911,97.34841,348.4316835607997
14.058029999999999,21.98,206.40520095777168,155.0,86.55,655.9880039024835,767.7868258778299,5367.881163509029,5367.881163509029,132.01124738530555,-603.4823292133041,119.91299441755659,94.95991,334.52249290125087,-553.0746756565117,-308.42943508213483,97.34841,348.4316835607997
-1.7028076991662144,21.98,190.64436325860547,155.0,654.2083535934819,748.3656190821041,355.0455113986494,4179.3948698101785,4179.3948698101785,123.75642109572193,-603.4823292133041,111.65816812797298,94.95991,334.52249290125087,-191.28909422009778,53.35614635427911,97.34841,348.4316835607997
14.058029999999999,21.98,206.40520095777168,155.0,654.2083535934819,743.0309642009661,103.83801419264677,3420.860339680933,3420.860339680933,118.73227115160188,-603.4823292133042,106.13945408385293,94.95991,334.52249290125087,-157.76975533268543,86.87548524169144,97.34841,348.4316835607997
14.058029999999999,21.98,206.40520095777168,155.0,654.2083535934819,738.6920327049879,101.13726912488033,3267.7903046801334,3267.7903046801334,115.64413817650014,-603.4823292133042,88.09960982245542,94.95991,334.52249290125087,-157.40938715027906,87.23585342409783,97.34841,348.4316835607997
14.058029999999999,21.98,206.40520095777168,155.0,654.2083535934819,774.5844754247548,101.13726912488033,3267.7903046801353,3267.7903046801353,115.64413817650015,-603.4823292133041,106.0854391824976,94.95991,334.52249290125087,-157.40938715027912,87.23585342409775,97.34841,348.4316835607997
14.058029999999999,21.98,206.40520095777168,155.0,654.2083535934819,746.639221612587,83.31750054308665,3241.10864350024,3241.10864350024,115.82233586231808,-603.4823292133041,86.4891350762057,94.95991,334.52249290125087,-155.03164417432575,89.61359640005114,97.34841,348.4316835607997
14.058029999999999,21.98,206.40520095777168,155.0,654.2083535934819,746.6236327142037,77.8739417718606,3232.9579657807153,3232.9579657807153,115.87677145003033,-603.4823292133042,85.99716943195237,94.95991,334.52249290125087,-154.3052944704526,90.33994610392429,97.34841,348.4316835607997
14.058029999999999,21.98,206.40520095777168,155.0,654.2083535934819,746.6392216125869,83.31750054308665,3241.1086435002403,3241.1086435002403,115.8223358623181,-603.4823292133042,86.48913507620574,94.95991,334.52249290125087,-155.03164417432566,89.61359640005121,97.34841,348.4316835607997
14.058029999999999,21.98,206.40520095777168,155.0,654.2083535934819,710.0633568357296,83.31750054308665,2932.8132440133463,2932.8132440133463,109.3779420562346,-603.4823292133041,105.72904381086173,94.95991,334.52249290125087,-155.03164417432575,89.61359640005114,97.34841,348.4316835607997
14.058029999999999,21.98,206.40520095777168,155.0,654.2083535934819,746.6902526702655,101.13726912488033,3267.790304680134,3267.790304680134,115.64413817650014,-603.4823292133041,88.09960982245548,94.95991,334.52249290125087,-157.40938715027912,87.23585342409775,97.34841,348.4316835607997
14.058029999999999,21.98,206.40520095777168,155.0,654.2083535934819,746.6902526702654,101.13726912488033,3267.7903046801334,3267.7903046801334,115.64413817650014,-603.4823292133042,88.09960982245542,94.95991,334.52249290125087,-157.40938715027906,87.23585342409783,97.34841,348.4316835607997
14.058029999999999,21.98,206.40520095777168,155.0,654.2083535934819,738.692032704988,101.13726912488033,3267.790304680134,3267.790304680134,115.64413817650014,-603.4823292133041,88.09960982245548,94.95991,334.52249290125087,75.68131,320.3265505743769,97.34841,348.4316835607997
14.058029999999999,21.98,206.40520095777168,155.0,654.2083535934819,738.692032704988,101.13726912488033,3267.790304680134,3267.790304680134,115.64413817650014,-603.4823292133041,88.09960982245548,94.95991,334.52249290125087,-157.40938715027912,87.23585342409775,97.34841,348.4316835607997
14.058029999999999,21.98,206.40520095777168,155.0,654.2083535934819,762.4377588660282,103.83801419264677,3420.860339680934,3420.860339680934,118.73227115160188,-603.4823292133041,98.49249040377411,94.95991,334.52249290125087,-157.76975533268552,86.87548524169138,97.34841,348.4316835607997
14.058029999999999,21.98,206.40520095777168,155.0,654.2083535934819,765.6850050267133,124.86343831834449,3482.517108820483,3482.517108820483,119.15277963411584,-603.4823292133042,102.44763702389368,94.95991,334.52249290125087,-160.57523814812424,84.07000242625263,97.34841,348.4316835607997
14.058029999999999,21.98,206.40520095777168,155.0,654.2083535934819,762.4377588660284,103.83801419264677,3420.8603396809344,3420.8603396809344,118.7322711516019,-603.4823292133041,98.49249040377417,94.95991,334.52249290125087,-157.76975533268552,86.87548524169138,97.34841,348.4316835607997
14.058029999999999,21.98,206.40520095777168,155.0,654.2083535934819,762.4377588660282,103.83801419264677,3420.860339680934,3420.860339680934,118.73227115160188,-603.4823292133041,98.49249040377411,94.95991,334.52249290125087,-157.76975533268552,86.87548524169138,97.34841,348.4316835607997
14.058029999999999,21.98,206.40520095777168,155.0,654.2083535934819,774.2974348374623,103.83801419264677,3420.860339680934,3420.860339680934,118.73227115160188,-603.4823292133041,106.13945408385293,94.95991,334.52249290125087,-157.76975533268552,86.87548524169138,97.34841,348.4316835607997
14.058029999999999,21.98,206.40520095777168,155.0,654.2083535934819,762.4377588660282,103.83801419264677,3420.860339680934,3420.860339680934,118.73227115160188,-603.4823292133041,98.49249040377411,94.95991,334.52249290125087,-157.76975533268552,86.87548524169138,97.34841,348.4316835607997
14.058029999999999,21.98,206.40520095777168,155.0,654.2083535934819,762.4377588660282,103.83801419264677,3420.860339680934,3420.860339680934,118.73227115160188,-603.4823292133041,98.49249040377411,94.95991,334.52249290125087,-157.76975533268552,86.87548524169138,97.34841,348.4316835607997
